,TF,Target,Label
0,945,752,0
1,120,580,0
2,1130,376,1
3,918,435,1
4,836,1141,0
5,500,304,0
6,381,1205,1
7,953,684,1
8,211,648,0
9,120,697,0
10,1045,381,1
11,722,966,0
12,1274,290,1
13,421,294,0
14,209,917,1
15,1124,491,1
16,142,229,1
17,896,856,0
18,627,1205,1
19,355,1377,1
20,576,1025,0
21,66,573,1
22,403,787,1
23,977,167,0
24,143,288,1
25,854,475,1
26,1102,705,0
27,220,877,0
28,789,919,0
29,179,1294,0
30,1022,467,0
31,1413,491,1
32,880,1225,1
33,829,720,0
34,1085,1047,0
35,545,1217,1
36,944,1416,0
37,789,122,1
38,1149,483,0
39,1190,529,0
40,121,1254,1
41,607,56,1
42,445,899,0
43,854,52,1
44,590,1296,0
45,643,1103,0
46,546,309,0
47,336,624,1
48,593,26,0
49,77,712,1
50,105,115,1
51,920,1436,0
52,603,209,1
53,323,77,0
54,111,800,1
55,953,238,1
56,868,1349,0
57,707,1000,0
58,121,955,0
59,1168,1224,0
60,121,774,1
61,168,1222,0
62,314,344,0
63,607,1419,1
64,1086,1071,0
65,664,1350,1
66,732,447,0
67,706,1282,0
68,1130,1352,0
69,322,754,0
70,491,910,1
71,355,817,1
72,476,1442,1
73,1441,988,0
74,702,1388,0
75,854,1070,1
76,334,632,1
77,202,897,0
78,397,820,0
79,908,645,0
80,1361,883,1
81,1333,452,0
82,76,163,0
83,264,1407,0
84,40,1221,0
85,293,491,1
86,292,97,0
87,495,1408,1
88,181,1032,1
89,209,607,1
90,1329,950,0
91,215,667,0
92,601,1446,0
93,438,842,0
94,487,1352,0
95,1216,435,1
96,27,1223,0
97,1218,417,0
98,428,1161,1
99,535,450,1
100,722,1163,0
101,54,627,1
102,1117,150,1
103,702,382,0
104,1066,520,0
105,40,1099,0
106,407,792,0
107,743,318,0
108,1085,1318,0
109,546,1030,0
110,996,1188,0
111,590,989,0
112,40,94,0
113,1134,1240,0
114,880,313,0
115,1255,1326,1
116,712,1022,0
117,593,1272,0
118,885,1257,1
119,108,1262,0
120,702,334,1
121,1194,54,0
122,1094,383,0
123,1297,545,1
124,11,814,0
125,827,649,1
126,268,204,1
127,1392,63,1
128,216,912,1
129,661,604,0
130,616,857,1
131,1425,922,1
132,1297,752,0
133,983,1369,1
134,209,862,1
135,1403,232,1
136,570,105,1
137,627,381,1
138,1260,1343,1
139,474,793,1
140,256,1026,0
141,1134,1358,0
142,1326,324,0
143,882,744,0
144,1294,207,1
145,1351,451,1
146,970,370,0
147,1361,816,1
148,1183,627,1
149,590,139,0
150,64,955,0
151,1257,1102,0
152,491,884,1
153,535,710,0
154,339,336,1
155,626,403,1
156,1280,77,1
157,1257,788,0
158,1313,1087,0
159,1394,904,1
160,693,231,1
161,1361,258,1
162,381,296,1
163,287,1307,0
164,1361,355,1
165,113,207,1
166,649,224,0
167,697,815,1
168,1294,1108,1
169,461,1083,1
170,591,789,1
171,1190,833,0
172,883,1075,1
173,1392,673,1
174,535,907,0
175,355,1361,1
176,441,1424,1
177,250,1437,0
178,503,800,1
179,28,318,0
180,658,1086,0
181,1168,525,1
182,789,1163,1
183,146,589,1
184,12,1414,0
185,999,810,1
186,1216,692,0
187,58,787,0
188,987,837,1
189,1230,212,0
190,917,824,0
191,1294,655,0
192,121,423,0
193,437,1193,0
194,1138,823,0
195,550,476,0
196,155,540,0
197,886,738,1
198,1206,1163,1
199,45,857,0
200,65,1224,0
201,58,1374,0
202,113,359,0
203,1069,896,0
204,1248,91,1
205,235,1059,1
206,1206,1185,0
207,334,787,1
208,1249,1181,1
209,1431,1319,1
210,854,1009,1
211,801,1287,0
212,491,1419,1
213,1115,112,0
214,331,348,0
215,697,311,1
216,573,749,1
217,825,749,1
218,296,752,1
219,1447,621,1
220,474,268,0
221,545,1149,1
222,1331,1025,0
223,376,922,1
224,707,1355,1
225,1294,406,1
226,491,1403,1
227,236,656,0
228,194,1149,0
229,1032,1079,0
230,448,171,1
231,1085,1174,0
232,1167,247,0
233,1218,1362,0
234,590,937,0
235,908,1214,1
236,235,1114,0
237,40,828,0
238,855,1192,0
239,28,110,0
240,1386,1094,1
241,487,236,0
242,249,922,1
243,603,1174,0
244,1160,1043,1
245,878,599,0
246,903,259,1
247,602,1136,0
248,1247,5,0
249,1167,1118,0
250,506,293,1
251,627,589,1
252,953,835,1
253,406,475,1
254,638,608,1
255,953,107,1
256,508,986,0
257,1069,1014,0
258,1256,918,1
259,1161,583,0
260,627,874,1
261,589,274,1
262,11,1265,0
263,490,1041,0
264,48,207,1
265,1103,539,0
266,241,675,0
267,550,788,1
268,313,823,1
269,381,860,0
270,1294,1353,1
271,1257,941,0
272,1108,1408,1
273,1167,1014,0
274,1368,1252,0
275,143,702,1
276,626,1240,0
277,1149,1096,1
278,125,602,1
279,1392,717,1
280,541,1008,0
281,945,1418,0
282,881,790,1
283,786,567,0
284,194,132,0
285,86,557,0
286,25,1409,0
287,224,1326,1
288,881,1140,1
289,825,105,1
290,518,204,1
291,638,1368,1
292,29,518,1
293,1333,790,0
294,29,1183,1
295,1042,315,0
296,1257,892,1
297,493,286,0
298,1032,98,0
299,1380,1125,0
300,1218,1246,0
301,633,1160,1
302,76,1409,1
303,296,600,0
304,722,215,1
305,608,373,1
306,334,204,1
307,1032,764,0
308,1230,548,0
309,280,629,1
310,869,197,0
311,1084,1284,0
312,217,1391,0
313,119,473,1
314,787,1297,1
315,195,57,0
316,212,940,0
317,822,796,0
318,602,508,1
319,236,1369,1
320,68,1297,1
321,601,684,0
322,1070,330,1
323,181,939,0
324,147,1159,1
325,1107,873,0
326,212,491,1
327,693,1114,1
328,495,190,1
329,546,1395,0
330,987,638,1
331,66,924,0
332,1161,587,0
333,190,111,1
334,1084,728,0
335,603,1337,1
336,1086,859,0
337,119,206,1
338,1216,334,1
339,209,957,1
340,535,1058,0
341,1294,1146,0
342,576,118,0
343,1370,84,1
344,293,506,1
345,261,915,1
346,1351,537,0
347,576,918,0
348,76,136,0
349,367,235,0
350,501,94,0
351,1117,434,0
352,886,626,1
353,857,105,1
354,627,908,0
355,591,1321,1
356,977,535,0
357,1130,1075,0
358,1130,666,1
359,493,498,1
360,272,907,0
361,1251,929,0
362,608,1260,1
363,855,240,0
364,793,480,0
365,501,525,0
366,1447,308,0
367,292,20,0
368,1325,795,0
369,1152,1181,0
370,40,702,1
371,603,361,0
372,768,129,0
373,429,1234,0
374,458,642,1
375,565,1004,1
376,787,415,0
377,1191,109,0
378,458,1075,1
379,985,54,1
380,987,32,0
381,367,889,0
382,607,1441,1
383,108,885,1
384,1441,418,1
385,589,901,0
386,111,989,0
387,702,798,0
388,491,243,0
389,1202,591,1
390,1191,1167,0
391,367,1122,0
392,125,1368,1
393,108,54,1
394,1094,881,1
395,565,408,1
396,491,107,1
397,1229,1153,0
398,697,119,1
399,896,601,0
400,854,618,1
401,439,1097,1
402,1390,932,0
403,1306,759,0
404,855,1213,1
405,1313,862,0
406,1411,1343,0
407,65,334,1
408,618,433,1
409,664,705,0
410,996,958,0
411,1386,987,1
412,749,428,1
413,1356,341,1
414,1115,397,0
415,66,487,0
416,1346,652,1
417,373,421,1
418,697,551,1
419,882,741,0
420,650,1414,0
421,731,627,1
422,895,1078,1
423,495,820,0
424,355,730,1
425,1289,204,1
426,671,793,1
427,1010,4,0
428,855,971,0
429,790,605,0
430,814,1237,0
431,1130,455,1
432,1325,959,0
433,793,693,1
434,1202,766,1
435,1370,464,0
436,1378,100,1
437,1287,776,0
438,168,86,0
439,570,1241,1
440,602,255,0
441,376,1254,1
442,985,860,0
443,883,482,1
444,1206,1186,0
445,1156,165,0
446,1386,1305,0
447,1127,616,0
448,100,1006,0
449,983,1305,0
450,315,968,0
451,885,466,1
452,355,27,0
453,202,326,0
454,543,1361,1
455,625,922,0
456,448,1179,1
457,589,494,0
458,790,125,1
459,1201,1232,0
460,381,751,1
461,157,107,0
462,624,876,1
463,168,1216,0
464,1200,735,0
465,1076,1270,0
466,65,223,1
467,195,334,1
468,892,466,1
469,885,1413,1
470,473,1043,1
471,837,461,1
472,1331,757,0
473,146,760,0
474,1386,746,0
475,56,1319,1
476,1257,548,0
477,142,784,0
478,590,1393,1
479,1202,251,1
480,643,871,0
481,836,815,1
482,1230,1138,1
483,327,606,0
484,1384,24,0
485,816,1205,1
486,465,1124,0
487,336,728,1
488,336,1254,1
489,1294,360,0
490,464,1161,0
491,878,491,0
492,590,603,0
493,1201,907,0
494,1361,817,1
495,1102,56,1
496,498,885,1
497,827,1241,1
498,1183,1216,1
499,1070,420,1
500,185,965,0
501,236,48,0
502,1439,1152,0
503,1066,1343,1
504,1421,326,0
505,308,299,1
506,355,1337,1
507,1441,1124,1
508,697,107,1
509,629,959,0
510,1241,98,0
511,336,339,1
512,1255,642,1
513,1168,722,1
514,579,1064,0
515,474,951,0
516,495,7,1
517,361,932,1
518,671,700,1
519,495,816,1
520,428,275,0
521,777,313,0
522,272,1408,1
523,437,582,0
524,381,565,1
525,1270,1444,0
526,1313,677,0
527,200,945,1
528,473,54,0
529,113,48,1
530,487,1332,0
531,953,727,0
532,1229,491,0
533,593,566,0
534,402,1231,0
535,458,381,1
536,1138,1368,1
537,172,1091,0
538,355,516,1
539,573,156,0
540,156,546,1
541,142,1290,0
542,469,1341,1
543,356,266,1
544,770,39,0
545,703,117,0
546,236,73,0
547,1070,57,1
548,1138,1241,1
549,698,136,0
550,495,406,1
551,1392,212,1
552,1168,367,1
553,816,466,1
554,1206,883,1
555,589,1206,1
556,624,85,0
557,573,795,0
558,749,789,1
559,54,352,1
560,652,177,1
561,209,419,0
562,848,306,0
563,540,352,0
564,356,456,1
565,0,107,1
566,147,785,0
567,143,933,0
568,1206,258,1
569,697,666,1
570,196,1200,0
571,0,966,0
572,1117,243,0
573,495,1361,1
574,45,732,0
575,607,1412,1
576,1306,716,0
577,1331,582,0
578,68,1024,0
579,1280,1328,0
580,376,1066,1
581,142,887,0
582,1202,1350,1
583,1403,550,0
584,60,1447,0
585,945,362,1
586,627,143,1
587,48,2,0
588,1206,1246,0
589,407,931,0
590,649,608,1
591,28,347,0
592,376,113,1
593,1124,547,0
594,589,49,0
595,731,854,1
596,1392,943,0
597,1306,376,1
598,1431,502,1
599,250,1064,0
600,20,557,0
601,403,157,1
602,493,274,1
603,448,84,0
604,790,404,0
605,480,388,0
606,883,540,0
607,100,1334,0
608,816,1208,0
609,1325,1196,1
610,1241,105,1
611,1138,837,1
612,1032,353,0
613,1436,1298,0
614,84,881,1
615,770,404,1
616,416,961,0
617,314,299,0
618,770,258,1
619,731,1059,0
620,1337,828,0
621,1161,1344,0
622,627,1248,1
623,1130,1443,0
624,272,213,1
625,487,794,0
626,448,663,0
627,608,835,0
628,352,213,1
629,697,188,0
630,979,119,0
631,532,341,0
632,428,626,1
633,403,944,0
634,1190,1073,0
635,708,1222,0
636,903,1299,0
637,1411,1375,0
638,28,198,0
639,885,1064,1
640,1241,712,1
641,1094,84,1
642,707,487,1
643,895,828,1
644,807,995,0
645,945,512,0
646,922,1277,0
647,397,705,0
648,474,1361,0
649,602,461,0
650,625,88,0
651,336,635,1
652,999,1376,0
653,675,115,0
654,1370,373,1
655,918,495,1
656,626,565,0
657,1070,1208,0
658,491,485,1
659,156,1220,0
660,1022,382,0
661,520,448,1
662,1326,1230,0
663,1411,466,0
664,506,788,0
665,1032,1188,0
666,854,110,0
667,881,1343,1
668,593,709,0
669,473,728,1
670,1306,1257,1
671,1390,181,0
672,272,428,1
673,25,268,1
674,498,789,0
675,1287,1400,0
676,607,1083,1
677,801,251,0
678,494,681,0
679,1326,381,1
680,179,1415,0
681,1064,945,0
682,624,188,0
683,498,798,1
684,236,56,1
685,922,327,1
686,638,991,1
687,397,1085,0
688,1348,884,1
689,787,545,1
690,1386,461,1
691,918,930,1
692,1280,189,0
693,627,808,0
694,106,583,0
695,5,274,1
696,341,1075,1
697,1210,644,1
698,143,492,1
699,1294,475,1
700,495,1082,1
701,1156,970,0
702,1064,78,0
703,1384,1363,0
704,642,627,1
705,143,403,1
706,919,792,0
707,1010,210,1
708,1249,1138,1
709,822,731,0
710,1258,918,0
711,892,213,1
712,633,899,1
713,1130,1110,0
714,712,495,1
715,1117,222,0
716,743,1144,0
717,1240,342,0
718,209,29,1
719,597,306,1
720,712,603,1
721,1337,199,0
722,5,583,1
723,491,714,1
724,903,493,1
725,602,1297,1
726,381,1302,1
727,1046,871,0
728,550,1386,1
729,1022,1243,0
730,1378,474,0
731,1206,642,1
732,793,215,1
733,503,998,0
734,1260,215,1
735,1046,1146,0
736,223,208,0
737,1441,460,0
738,607,714,0
739,155,467,0
740,671,285,0
741,1156,1165,0
742,111,1172,0
743,334,381,1
744,652,566,1
745,495,150,1
746,12,306,0
747,1289,608,1
748,908,557,0
749,493,579,1
750,945,243,1
751,406,146,0
752,816,883,1
753,202,222,0
754,65,466,1
755,314,1077,0
756,1151,628,0
757,179,1368,0
758,376,799,0
759,166,515,0
760,836,933,0
761,1251,1196,0
762,702,281,0
763,439,434,0
764,296,380,1
765,1256,559,0
766,494,358,0
767,503,344,0
768,1408,624,1
769,789,953,1
770,105,339,0
771,591,140,1
772,618,516,1
773,932,424,0
774,1425,217,0
775,1191,1204,0
776,1441,340,0
777,367,1378,1
778,211,883,1
779,334,122,1
780,494,129,0
781,1152,1206,0
782,1306,119,1
783,748,1421,0
784,1202,1253,1
785,56,1440,1
786,603,1413,1
787,573,182,0
788,428,1138,1
789,314,393,1
790,280,46,0
791,147,358,0
792,1221,310,0
793,624,119,1
794,1361,493,1
795,1331,923,0
796,1210,904,1
797,352,1130,1
798,1206,151,1
799,1241,881,0
800,473,1041,0
801,535,512,0
802,84,1010,1
803,45,229,0
804,429,1320,0
805,1094,334,1
806,383,1108,1
807,5,961,0
808,945,748,0
809,518,29,1
810,886,993,0
811,886,1296,0
812,173,234,0
813,980,589,0
814,1289,403,1
815,895,935,1
816,29,966,0
817,381,876,1
818,1083,447,0
819,748,107,1
820,535,720,1
821,1431,123,0
822,945,248,1
823,86,622,0
824,464,1083,0
825,814,63,0
826,712,484,0
827,143,99,1
828,768,19,0
829,407,965,0
830,202,1257,0
831,1083,1094,1
832,697,1350,1
833,702,597,0
834,1201,1330,0
835,1306,1393,0
836,1127,706,0
837,314,1395,1
838,77,61,1
839,442,1388,0
840,224,990,0
841,698,495,1
842,1343,1010,1
843,1067,564,0
844,441,274,1
845,113,381,1
846,1313,276,0
847,16,296,1
848,566,101,1
849,896,546,0
850,1326,274,1
851,408,215,1
852,261,251,1
853,1351,794,0
854,352,466,1
855,816,702,1
856,113,591,0
857,236,1440,1
858,881,177,1
859,1356,977,0
860,570,525,1
861,638,545,0
862,1439,571,1
863,918,5,1
864,751,498,1
865,892,486,0
866,491,29,1
867,84,609,1
868,200,57,1
869,314,908,1
870,341,224,1
871,1403,625,0
872,570,830,0
873,1331,717,0
874,5,80,0
875,1392,1038,1
876,618,1216,1
877,48,116,1
878,1158,1297,1
879,671,99,1
880,491,204,1
881,867,1315,0
882,1127,146,0
883,886,1249,1
884,335,1253,1
885,836,1140,0
886,2,1338,1
887,627,492,1
888,892,372,1
889,855,151,0
890,979,1184,0
891,743,1411,0
892,448,708,1
893,1257,296,1
894,945,288,1
895,250,300,0
896,590,1441,1
897,1294,761,0
898,387,1222,0
899,166,107,0
900,5,211,1
901,543,881,0
902,1108,358,0
903,1447,45,0
904,293,1191,1
905,1138,453,0
906,498,108,1
907,672,543,0
908,1441,451,1
909,664,905,0
910,119,1161,1
911,261,336,1
912,1257,1425,0
913,235,915,1
914,1046,1221,0
915,498,731,1
916,1395,125,1
917,816,76,1
918,407,527,0
919,591,1029,1
920,627,1361,1
921,490,355,0
922,181,444,0
923,255,852,0
924,355,1306,1
925,1236,787,0
926,1298,1315,1
927,816,1294,1
928,1346,676,0
929,454,576,0
930,790,133,0
931,885,305,0
932,862,1140,0
933,105,568,1
934,403,1241,1
935,837,442,1
936,302,1294,1
937,712,508,1
938,593,641,0
939,146,918,1
940,495,1247,0
941,892,899,1
942,373,259,1
943,979,116,0
944,1255,381,1
945,918,93,0
946,550,757,0
947,473,1267,1
948,20,593,0
949,498,464,1
950,334,862,1
951,508,1292,0
952,1425,685,0
953,111,1032,1
954,1326,883,1
955,1280,879,0
956,770,1216,1
957,625,226,0
958,1216,253,0
959,1206,211,1
960,837,846,1
961,1343,1235,0
962,999,222,1
963,76,885,1
964,403,1190,1
965,597,261,0
966,1258,1304,0
967,731,1005,0
968,629,647,0
969,293,1161,1
970,428,367,0
971,336,1253,1
972,1116,1255,0
973,54,731,1
974,200,454,0
975,185,148,0
976,671,590,0
977,448,1313,1
978,1251,977,0
979,287,236,0
980,58,1331,0
981,892,418,0
982,403,1289,1
983,352,59,0
984,807,1408,0
985,1241,506,1
986,1152,179,0
987,625,485,0
988,1149,1331,1
989,121,491,1
990,1216,1441,1
991,970,712,1
992,334,249,1
993,491,1059,1
994,493,1121,1
995,1392,62,1
996,1394,683,0
997,793,369,0
998,918,464,1
999,1045,842,1
1000,1130,541,0
1001,108,842,1
1002,235,1234,0
1003,810,219,0
1004,416,131,0
1005,1216,603,1
1006,697,510,1
1007,54,874,1
1008,573,653,0
1009,58,186,0
1010,172,1291,0
1011,1361,1356,1
1012,1103,1325,0
1013,406,1331,1
1014,220,294,0
1015,570,951,0
1016,211,30,1
1017,58,1058,0
1018,498,1360,0
1019,473,836,1
1020,5,159,0
1021,473,1225,1
1022,19,983,1
1023,816,441,1
1024,108,793,1
1025,1297,491,1
1026,1152,1182,0
1027,376,885,1
1028,314,1212,1
1029,290,351,0
1030,829,842,0
1031,751,381,1
1032,1046,953,0
1033,25,1342,0
1034,327,986,0
1035,793,789,1
1036,256,1334,0
1037,433,1376,1
1038,630,1057,0
1039,120,597,0
1040,1149,819,1
1041,373,142,1
1042,1403,491,1
1043,489,1119,0
1044,105,293,1
1045,1156,1397,0
1046,56,249,1
1047,1326,248,0
1048,878,1361,1
1049,439,709,0
1050,458,408,1
1051,220,314,0
1052,314,725,1
1053,60,418,0
1054,540,437,0
1055,1084,1174,0
1056,1032,800,1
1057,381,231,1
1058,0,188,0
1059,590,451,1
1060,1260,512,0
1061,1200,439,0
1062,1329,231,0
1063,119,58,0
1064,121,317,0
1065,789,1029,1
1066,589,249,0
1067,695,251,1
1068,327,1408,0
1069,441,1108,1
1070,119,284,1
1071,1107,1176,1
1072,520,835,0
1073,105,666,1
1074,383,1115,0
1075,428,1289,1
1076,439,380,1
1077,236,16,0
1078,255,1229,0
1079,731,251,0
1080,223,1230,0
1081,642,1424,1
1082,428,29,1
1083,1358,1107,0
1084,895,487,1
1085,636,36,0
1086,1408,591,1
1087,335,756,1
1088,113,377,1
1089,491,640,1
1090,500,698,0
1091,953,1059,1
1092,697,939,0
1093,1117,365,0
1094,731,361,0
1095,383,618,0
1096,491,685,1
1097,503,659,0
1098,625,758,0
1099,1216,545,1
1100,494,780,0
1101,627,884,0
1102,605,135,0
1103,1325,766,0
1104,1257,1372,0
1105,1216,885,1
1106,807,596,0
1107,626,1085,0
1108,979,550,0
1109,1221,811,0
1110,500,439,0
1111,209,518,1
1112,700,404,1
1113,540,339,0
1114,816,837,1
1115,503,365,0
1116,1370,567,1
1117,1216,1331,1
1118,1326,5,1
1119,498,1141,0
1120,200,581,0
1121,895,1355,1
1122,147,518,0
1123,1045,1144,0
1124,541,693,0
1125,381,403,1
1126,857,202,1
1127,358,1395,0
1128,355,751,1
1129,77,308,1
1130,373,239,0
1131,1370,101,1
1132,1306,473,1
1133,1386,940,0
1134,498,260,0
1135,1249,19,1
1136,48,239,0
1137,403,272,1
1138,293,403,1
1139,629,1234,0
1140,105,916,0
1141,627,91,1
1142,335,1059,1
1143,908,158,1
1144,292,733,0
1145,1325,295,0
1146,650,474,0
1147,903,1320,1
1148,190,886,1
1149,1067,108,0
1150,408,1361,1
1151,932,609,0
1152,5,1216,1
1153,793,61,1
1154,867,909,0
1155,605,1051,0
1156,1176,462,0
1157,707,1298,0
1158,1216,54,1
1159,341,73,1
1160,352,1043,1
1161,408,1195,1
1162,408,1306,1
1163,627,231,1
1164,540,1309,0
1165,642,211,1
1166,339,1251,0
1167,625,237,0
1168,498,1121,1
1169,735,90,0
1170,770,1392,0
1171,376,108,1
1172,770,52,1
1173,696,653,0
1174,7,403,1
1175,100,858,0
1176,448,937,0
1177,608,1056,1
1178,1218,336,1
1179,179,182,0
1180,825,262,0
1181,408,404,1
1182,1268,700,1
1183,1241,334,1
1184,508,163,0
1185,1445,241,0
1186,336,1374,1
1187,867,16,0
1188,953,510,1
1189,508,376,1
1190,1156,1346,0
1191,748,209,1
1192,649,62,0
1193,1124,573,1
1194,658,932,1
1195,119,474,0
1196,957,1368,1
1197,1358,824,0
1198,1358,190,0
1199,224,1216,1
1200,20,396,0
1201,706,532,1
1202,953,1143,1
1203,789,1438,0
1204,179,855,0
1205,495,327,1
1206,1085,224,0
1207,194,264,0
1208,829,1071,0
1209,878,1087,0
1210,1287,44,0
1211,1083,1330,0
1212,695,567,0
1213,1240,1317,0
1214,293,115,1
1215,1179,138,0
1216,332,1004,0
1217,1439,1399,0
1218,730,854,1
1219,64,945,0
1220,867,539,0
1221,917,403,1
1222,953,56,1
1223,642,314,1
1224,1441,697,0
1225,473,1311,0
1226,922,901,0
1227,355,341,1
1228,1408,127,0
1229,465,593,1
1230,545,801,1
1231,491,1124,1
1232,626,695,0
1233,506,570,1
1234,493,381,1
1235,625,1175,0
1236,458,532,0
1237,1413,1056,1
1238,209,1315,1
1239,1236,708,0
1240,143,269,0
1241,421,220,0
1242,429,1157,0
1243,987,739,0
1244,1199,1138,1
1245,84,1370,1
1246,920,43,1
1247,816,885,1
1248,924,416,0
1249,487,1009,1
1250,185,1011,0
1251,1149,447,1
1252,241,638,0
1253,120,852,1
1254,1210,453,1
1255,1102,238,0
1256,1160,1099,0
1257,408,54,1
1258,643,408,0
1259,1115,1126,1
1260,406,495,1
1261,1160,242,0
1262,261,624,1
1263,181,442,1
1264,945,1030,1
1265,1098,68,0
1266,1431,728,0
1267,922,487,1
1268,932,428,1
1269,171,278,0
1270,1069,463,0
1271,649,466,0
1272,590,494,1
1273,1130,380,1
1274,381,985,1
1275,28,316,0
1276,862,579,0
1277,664,126,0
1278,1230,563,0
1279,476,319,0
1280,334,408,1
1281,590,361,1
1282,757,589,0
1283,1229,754,0
1284,1179,215,0
1285,442,177,0
1286,464,918,1
1287,403,1321,1
1288,885,1299,0
1289,566,652,1
1290,105,1286,0
1291,988,787,1
1292,862,1138,1
1293,108,1433,0
1294,627,1055,0
1295,881,110,0
1296,1216,1398,0
1297,236,738,1
1298,5,258,1
1299,1395,987,1
1300,1266,250,1
1301,194,1012,0
1302,119,273,1
1303,627,1043,1
1304,1431,1014,0
1305,885,816,1
1306,1221,1398,0
1307,1445,967,0
1308,332,357,0
1309,602,1333,0
1310,1102,1058,0
1311,290,871,0
1312,272,896,0
1313,336,1419,1
1314,1376,339,0
1315,132,1086,0
1316,3,590,0
1317,712,1216,1
1318,352,644,1
1319,953,284,1
1320,241,1418,0
1321,953,178,1
1322,1439,719,0
1323,649,244,0
1324,387,837,1
1325,1216,787,1
1326,1046,583,0
1327,335,1307,1
1328,1160,876,1
1329,17,920,0
1330,355,498,1
1331,1325,1323,0
1332,983,263,0
1333,724,1395,1
1334,883,1424,1
1335,988,1110,0
1336,454,161,0
1337,999,209,0
1338,895,916,0
1339,1062,332,0
1340,215,1158,0
1341,671,697,0
1342,573,495,1
1343,335,1072,1
1344,474,400,0
1345,408,447,0
1346,20,199,0
1347,296,589,0
1348,618,739,0
1349,146,1176,1
1350,1266,59,0
1351,487,330,1
1352,789,201,0
1353,296,885,1
1354,495,630,0
1355,920,491,1
1356,1181,1395,1
1357,1202,1133,0
1358,480,1012,0
1359,498,589,1
1360,724,545,1
1361,862,1241,1
1362,602,699,0
1363,985,352,1
1364,352,751,1
1365,1306,1246,1
1366,1441,403,1
1367,355,714,0
1368,770,1075,1
1369,1218,1284,1
1370,335,1225,1
1371,3,341,0
1372,885,311,1
1373,944,1372,0
1374,697,178,1
1375,672,987,1
1376,892,67,1
1377,408,91,1
1378,1216,730,1
1379,341,464,1
1380,211,423,0
1381,869,1287,0
1382,636,1178,0
1383,1392,80,1
1384,255,956,0
1385,1183,779,1
1386,495,1337,1
1387,1094,210,1
1388,632,773,0
1389,355,143,1
1390,428,825,1
1391,358,329,0
1392,626,275,0
1393,1070,243,1
1394,983,569,0
1395,381,150,1
1396,336,107,1
1397,334,825,1
1398,591,458,0
1399,852,474,0
1400,408,854,1
1401,892,396,0
1402,608,953,1
1403,1079,1142,0
1404,506,10,1
1405,1306,1402,1
1406,209,491,1
1407,1202,1059,1
1408,1241,749,1
1409,223,773,0
1410,255,818,0
1411,1358,1063,0
1412,695,1442,1
1413,837,1094,1
1414,1421,1117,1
1415,827,1260,1
1416,573,808,0
1417,1368,637,1
1418,68,551,0
1419,1289,530,1
1420,633,91,1
1421,355,466,1
1422,1206,1320,1
1423,201,1439,0
1424,1161,428,1
1425,334,1289,1
1426,209,793,1
1427,290,491,1
1428,996,920,0
1429,693,790,1
1430,1306,485,0
1431,837,1441,1
1432,387,676,0
1433,696,545,1
1434,1351,1424,0
1435,336,261,1
1436,1149,689,0
1437,111,718,0
1438,302,1165,1
1439,0,1289,1
1440,113,1023,0
1441,1241,264,0
1442,339,473,1
1443,474,881,0
1444,814,82,1
1445,108,455,0
1446,105,33,0
1447,197,318,0
1448,85,1012,0
1449,1117,816,1
1450,1149,1365,1
1451,19,903,0
1452,862,324,0
1453,601,1174,0
1454,1130,65,1
1455,601,727,0
1456,215,65,1
1457,1280,1284,0
1458,142,167,0
1459,1394,1308,1
1460,1134,887,0
1461,1194,209,1
1462,403,658,1
1463,1086,398,0
1464,387,461,1
1465,1161,209,1
1466,629,1347,0
1467,473,1279,1
1468,546,322,1
1469,1216,918,1
1470,491,1159,1
1471,86,1387,0
1472,1117,1216,1
1473,416,828,0
1474,518,1423,0
1475,658,710,0
1476,883,77,0
1477,1413,453,1
1478,341,441,1
1479,181,79,0
1480,1206,755,0
1481,827,607,1
1482,1151,464,0
1483,1255,769,1
1484,1138,1094,1
1485,498,215,1
1486,658,819,0
1487,919,389,0
1488,996,753,0
1489,977,1419,1
1490,697,261,1
1491,0,748,1
1492,793,791,0
1493,1266,1181,1
1494,381,589,1
1495,1149,1214,1
1496,1361,589,1
1497,219,1383,0
1498,1216,1257,1
1499,724,56,1
1500,1094,667,0
1501,700,724,0
1502,837,355,1
1503,58,237,0
1504,334,143,1
1505,825,403,1
1506,84,1260,1
1507,132,807,0
1508,341,408,1
1509,5,441,1
1510,816,341,1
1511,381,1326,1
1512,1258,393,0
1513,103,513,0
1514,1411,140,0
1515,789,987,1
1516,357,604,0
1517,608,1093,0
1518,573,724,0
1519,1179,1176,0
1520,382,776,0
1521,573,702,1
1522,111,1277,0
1523,464,642,1
1524,172,1359,0
1525,1251,573,1
1526,1117,52,1
1527,918,1121,1
1528,1138,373,1
1529,441,5,1
1530,1202,140,1
1531,883,151,1
1532,65,191,1
1533,119,522,1
1534,1348,1216,1
1535,261,615,0
1536,1149,484,0
1537,642,1075,1
1538,290,1342,0
1539,19,1336,0
1540,1378,1038,0
1541,1255,30,1
1542,731,505,0
1543,1199,471,0
1544,602,942,1
1545,652,317,1
1546,810,495,0
1547,351,1260,0
1548,316,1328,1
1549,491,1395,1
1550,473,1374,1
1551,672,972,0
1552,121,973,0
1553,625,490,0
1554,56,957,1
1555,774,1118,0
1556,922,1380,0
1557,1294,234,0
1558,76,380,1
1559,498,1361,1
1560,119,514,1
1561,381,1213,1
1562,1149,1413,1
1563,1117,169,1
1564,970,166,1
1565,171,555,0
1566,501,220,0
1567,1130,381,1
1568,1380,138,0
1569,885,1442,0
1570,814,863,0
1571,532,316,1
1572,441,232,0
1573,814,1091,1
1574,296,824,0
1575,241,408,0
1576,376,1064,1
1577,327,355,1
1578,1251,1061,0
1579,650,899,0
1580,408,464,1
1581,825,1307,1
1582,722,19,0
1583,1392,1203,0
1584,1094,486,1
1585,335,794,0
1586,1216,1270,0
1587,1151,864,0
1588,185,916,0
1589,224,1240,0
1590,953,125,1
1591,28,94,0
1592,1372,1364,0
1593,589,684,0
1594,852,460,0
1595,441,498,1
1596,1306,384,1
1597,147,542,0
1598,1066,712,1
1599,1447,718,1
1600,748,939,0
1601,1079,275,0
1602,323,795,0
1603,895,1070,1
1604,451,1314,0
1605,789,482,1
1606,1098,1049,0
1607,473,911,0
1608,630,58,0
1609,1192,1432,0
1610,1230,491,1
1611,336,842,0
1612,3,492,0
1613,1241,143,1
1614,1168,410,0
1615,589,930,1
1616,495,311,1
1617,903,1257,0
1618,376,794,0
1619,703,522,0
1620,814,1062,0
1621,367,570,1
1622,924,615,0
1623,697,294,1
1624,172,1277,0
1625,895,1036,1
1626,1221,1388,0
1627,618,622,0
1628,113,854,1
1629,1032,1286,0
1630,1066,886,1
1631,125,403,1
1632,918,565,1
1633,407,1372,0
1634,1306,408,1
1635,757,880,0
1636,357,1360,0
1637,1408,770,0
1638,814,1087,1
1639,1395,870,0
1640,573,428,1
1641,173,497,0
1642,235,343,0
1643,985,816,1
1644,327,874,1
1645,341,579,1
1646,980,1297,0
1647,476,1423,0
1648,376,144,0
1649,29,115,1
1650,493,1362,0
1651,464,212,0
1652,886,1445,0
1653,1361,627,1
1654,336,805,1
1655,493,987,0
1656,624,1059,1
1657,54,1230,0
1658,157,1011,0
1659,327,712,1
1660,367,635,1
1661,1201,1167,1
1662,1221,591,0
1663,1425,1424,0
1664,428,1124,1
1665,1294,48,1
1666,119,62,1
1667,111,382,0
1668,367,787,0
1669,336,1307,1
1670,1439,1284,0
1671,816,376,1
1672,1169,207,0
1673,1392,277,1
1674,855,901,0
1675,76,1082,1
1676,672,1079,0
1677,334,1297,1
1678,793,77,1
1679,837,627,1
1680,241,973,0
1681,495,492,1
1682,314,1297,1
1683,1284,843,0
1684,171,940,0
1685,658,827,1
1686,1218,1417,1
1687,235,238,1
1688,892,904,1
1689,1126,1120,0
1690,473,624,1
1691,1206,1216,1
1692,1216,985,1
1693,220,8,0
1694,296,376,1
1695,770,498,1
1696,493,1256,1
1697,448,1101,1
1698,697,117,0
1699,829,335,0
1700,1413,240,1
1701,698,376,0
1702,675,176,0
1703,707,243,1
1704,642,913,0
1705,1441,627,1
1706,702,1216,1
1707,500,1384,1
1708,642,986,0
1709,1085,145,0
1710,299,1349,0
1711,402,1328,0
1712,857,1398,0
1713,918,947,1
1714,671,80,0
1715,770,491,1
1716,498,1195,1
1717,403,1260,1
1718,408,1213,1
1719,352,1318,0
1720,461,382,0
1721,570,1016,0
1722,1094,209,1
1723,491,1237,1
1724,885,1279,1
1725,1266,1328,0
1726,977,835,1
1727,143,693,1
1728,85,1096,1
1729,249,1408,1
1730,1287,391,0
1731,535,1286,1
1732,1066,1311,0
1733,1210,1286,1
1734,1394,899,1
1735,816,498,1
1736,103,1233,1
1737,1098,798,0
1738,264,890,0
1739,132,1428,0
1740,236,626,1
1741,1372,968,0
1742,428,495,1
1743,428,209,1
1744,868,971,0
1745,1218,1242,0
1746,1333,314,0
1747,1161,119,1
1748,429,342,0
1749,356,446,0
1750,1315,545,1
1751,696,1084,0
1752,1368,1218,0
1753,119,765,1
1754,352,91,1
1755,697,683,0
1756,643,668,0
1757,264,1158,1
1758,535,268,0
1759,249,475,1
1760,1294,355,1
1761,1079,61,0
1762,125,209,1
1763,1257,694,0
1764,421,848,1
1765,885,355,1
1766,29,1064,0
1767,85,1269,0
1768,1169,251,1
1769,3,837,1
1770,1107,1084,0
1771,1117,327,1
1772,540,565,0
1773,1394,639,0
1774,503,204,0
1775,209,219,1
1776,132,1232,0
1777,142,721,0
1778,1117,675,0
1779,173,793,1
1780,408,341,1
1781,438,196,1
1782,983,1,0
1783,908,234,0
1784,212,953,1
1785,999,960,0
1786,155,251,0
1787,323,1210,0
1788,535,1394,1
1789,402,1089,0
1790,358,69,0
1791,5,237,1
1792,1358,973,0
1793,236,807,1
1794,1216,562,1
1795,1069,293,1
1796,822,378,0
1797,1436,602,0
1798,120,1205,0
1799,439,1130,1
1800,358,139,0
1801,632,1067,0
1802,867,1195,0
1803,827,491,1
1804,1408,122,1
1805,1151,632,0
1806,1337,854,1
1807,1441,865,0
1808,403,635,1
1809,357,183,0
1810,1098,1297,1
1811,908,1389,0
1812,903,455,0
1813,64,835,0
1814,403,1258,0
1815,565,441,1
1816,287,344,0
1817,367,925,0
1818,216,661,0
1819,749,403,1
1820,679,468,0
1821,579,341,1
1822,474,821,0
1823,814,766,1
1824,367,707,0
1825,125,654,0
1826,1257,644,1
1827,1403,452,0
1828,261,561,1
1829,883,381,1
1830,491,1289,1
1831,695,107,1
1832,236,219,0
1833,1368,1066,1
1834,491,525,1
1835,355,816,1
1836,1062,1444,0
1837,1218,1370,1
1838,156,986,0
1839,724,1288,0
1840,408,466,1
1841,1194,1306,0
1842,1247,559,0
1843,1160,1225,1
1844,1257,1295,0
1845,751,885,1
1846,1200,787,0
1847,1413,91,1
1848,376,213,1
1849,1394,347,0
1850,408,143,1
1851,494,1184,1
1852,341,769,1
1853,421,1395,1
1854,636,1374,0
1855,402,21,0
1856,474,308,1
1857,119,1279,1
1858,881,84,1
1859,1436,1159,0
1860,458,487,0
1861,624,231,1
1862,48,778,0
1863,1439,566,1
1864,1284,837,1
1865,261,836,1
1866,1241,825,1
1867,550,958,0
1868,770,495,1
1869,487,547,0
1870,495,1353,1
1871,774,440,0
1872,724,31,0
1873,748,835,1
1874,885,1216,1
1875,1169,813,0
1876,454,311,0
1877,908,1139,1
1878,607,461,1
1879,638,148,0
1880,219,357,0
1881,489,884,0
1882,1124,518,0
1883,236,528,0
1884,895,511,0
1885,356,1282,0
1886,438,1190,1
1887,883,1326,1
1888,0,1359,0
1889,217,1352,0
1890,848,424,0
1891,624,518,0
1892,700,1282,0
1893,696,787,0
1894,616,1003,0
1895,66,68,0
1896,1343,881,1
1897,341,360,1
1898,697,1218,1
1899,448,950,1
1900,299,1045,1
1901,355,702,1
1902,220,254,0
1903,341,357,1
1904,627,1213,1
1905,334,355,1
1906,445,108,1
1907,1257,562,1
1908,546,1386,0
1909,1202,178,1
1910,624,812,1
1911,1268,1318,0
1912,168,755,0
1913,1251,1241,1
1914,296,528,0
1915,1441,1297,1
1916,566,1439,1
1917,618,1117,1
1918,473,238,1
1919,48,330,1
1920,429,439,0
1921,224,1191,0
1922,1079,20,0
1923,546,1067,0
1924,1206,597,1
1925,1152,561,0
1926,7,249,1
1927,331,111,0
1928,633,1417,1
1929,334,1441,1
1930,816,1115,1
1931,264,6,1
1932,403,573,1
1933,235,101,0
1934,525,912,1
1935,296,879,1
1936,649,1068,0
1937,1368,774,0
1938,520,336,0
1939,355,627,1
1940,1289,107,1
1941,314,1094,1
1942,7,475,1
1943,195,747,0
1944,201,313,1
1945,1313,1169,0
1946,1294,1091,1
1947,957,1429,0
1948,501,994,0
1949,106,1176,0
1950,986,1272,0
1951,712,491,1
1952,473,307,1
1953,626,143,1
1954,361,428,1
1955,793,492,1
1956,801,1052,0
1957,917,792,0
1958,693,1306,1
1959,751,796,0
1960,1333,69,0
1961,473,551,1
1962,433,1038,0
1963,638,607,1
1964,441,900,0
1965,336,350,1
1966,387,648,0
1967,495,215,1
1968,1210,633,1
1969,603,776,0
1970,886,770,1
1971,643,628,1
1972,703,458,0
1973,314,55,1
1974,56,970,1
1975,302,1119,0
1976,541,1087,0
1977,171,1324,0
1978,464,1121,1
1979,1236,1348,0
1980,896,678,0
1981,1115,355,1
1982,702,503,0
1983,525,74,0
1984,1194,240,0
1985,908,489,0
1986,1210,803,0
1987,85,419,1
1988,633,1376,0
1989,142,655,0
1990,264,162,0
1991,407,367,0
1992,200,1070,1
1993,355,493,1
1994,451,491,1
1995,40,1336,0
1996,65,1130,1
1997,1192,624,0
1998,495,579,1
1999,1392,689,1
2000,367,475,0
2001,108,627,1
2002,1394,231,1
2003,125,379,0
2004,132,678,0
2005,607,987,1
2006,1408,209,1
2007,1168,974,0
2008,1343,400,0
2009,16,886,0
2010,197,367,0
2011,922,169,1
2012,816,854,1
2013,624,233,1
2014,495,1195,1
2015,1248,1213,1
2016,1380,598,0
2017,437,503,0
2018,336,16,0
2019,892,251,1
2020,421,1141,0
2021,121,1160,1
2022,953,285,0
2023,1107,1413,1
2024,624,238,1
2025,862,1408,0
2026,590,491,1
2027,1216,1066,1
2028,119,1225,1
2029,142,1128,0
2030,664,1191,0
2031,1168,491,1
2032,624,1417,1
2033,302,381,1
2034,376,985,1
2035,658,595,0
2036,357,1320,1
2037,1216,618,1
2038,336,1118,1
2039,895,420,1
2040,996,581,0
2041,111,495,1
2042,917,125,1
2043,108,846,0
2044,296,1409,1
2045,603,1049,0
2046,399,228,0
2047,1368,1077,0
2048,1280,1293,0
2049,458,464,1
2050,406,1110,0
2051,403,240,0
2052,1160,693,1
2053,332,381,0
2054,922,1425,1
2055,20,582,0
2056,730,1106,0
2057,355,590,1
2058,518,449,0
2059,0,1253,1
2060,3,85,0
2061,56,1264,1
2062,19,693,0
2063,2,334,1
2064,945,1068,1
2065,1348,334,0
2066,693,752,1
2067,1356,1196,0
2068,1042,566,0
2069,749,573,1
2070,855,635,0
2071,196,1131,0
2072,335,815,1
2073,156,1029,0
2074,1115,1067,0
2075,196,1090,0
2076,627,408,1
2077,518,822,0
2078,1067,127,0
2079,825,570,1
2080,854,249,1
2081,373,228,0
2082,632,334,1
2083,573,658,1
2084,461,1029,0
2085,179,761,0
2086,458,1086,1
2087,896,448,1
2088,439,718,1
2089,143,1369,0
2090,264,1045,0
2091,293,407,0
2092,770,458,1
2093,1116,565,0
2094,768,745,1
2095,1266,1125,0
2096,695,335,1
2097,1331,355,1
2098,235,429,0
2099,1251,590,1
2100,489,855,0
2101,355,428,1
2102,880,975,0
2103,1404,545,1
2104,329,405,1
2105,54,816,1
2106,1070,491,1
2107,1403,345,1
2108,202,549,0
2109,474,458,0
2110,869,425,0
2111,837,1305,0
2112,1329,1130,0
2113,608,603,1
2114,1441,739,0
2115,1251,389,0
2116,1161,897,0
2117,215,764,0
2118,695,871,1
2119,101,438,0
2120,408,698,1
2121,493,560,0
2122,895,1009,1
2123,173,468,1
2124,970,388,0
2125,249,683,0
2126,1346,84,0
2127,1161,555,0
2128,642,988,1
2129,695,1143,1
2130,1084,886,0
2131,1445,1297,1
2132,119,538,0
2133,451,826,0
2134,1098,24,0
2135,589,918,1
2136,473,288,1
2137,591,677,1
2138,296,1009,1
2139,953,600,0
2140,86,1195,0
2141,892,675,0
2142,790,697,0
2143,3,1274,1
2144,1331,376,1
2145,1149,103,1
2146,215,1060,1
2147,698,1323,0
2148,461,1383,0
2149,403,1009,1
2150,357,341,1
2151,702,1235,0
2152,854,828,1
2153,120,58,0
2154,334,827,1
2155,1103,1268,0
2156,490,599,0
2157,7,140,0
2158,454,980,1
2159,1168,1350,1
2160,495,377,1
2161,168,939,0
2162,454,1190,0
2163,630,607,1
2164,1390,905,0
2165,1218,215,1
2166,381,1294,1
2167,408,150,1
2168,1421,355,1
2169,220,730,1
2170,650,214,0
2171,1025,645,0
2172,565,609,0
2173,1249,72,0
2174,361,1161,1
2175,408,1413,1
2176,1255,435,1
2177,816,1045,1
2178,724,184,0
2179,540,383,0
2180,381,54,1
2181,617,1201,0
2182,626,991,0
2183,1067,1185,1
2184,953,952,0
2185,1378,1323,0
2186,5,1305,1
2187,76,379,0
2188,1241,862,1
2189,1138,491,1
2190,749,109,0
2191,196,347,0
2192,495,1348,1
2193,983,1315,1
2194,1130,453,0
2195,451,801,0
2196,748,116,0
2197,1067,899,0
2198,602,426,0
2199,1194,848,1
2200,827,101,0
2201,627,1255,1
2202,195,411,0
2203,1138,1124,1
2204,1062,518,1
2205,999,615,1
2206,983,649,1
2207,706,1297,1
2208,408,815,0
2209,1176,880,0
2210,589,883,1
2211,1331,117,0
2212,1202,1259,0
2213,329,535,1
2214,1392,1419,1
2215,190,581,0
2216,179,997,0
2217,272,607,1
2218,355,113,1
2219,1138,1251,1
2220,1325,1238,1
2221,1069,204,0
2222,498,1424,1
2223,215,95,0
2224,857,1288,0
2225,697,336,1
2226,601,996,0
2227,525,1378,1
2228,341,1029,1
2229,506,259,1
2230,487,1068,1
2231,829,826,0
2232,290,1071,0
2233,1216,589,1
2234,428,915,1
2235,706,815,0
2236,1130,1170,0
2237,308,386,0
2238,1251,147,0
2239,171,118,0
2240,272,666,0
2241,491,1168,1
2242,857,293,1
2243,1199,47,0
2244,474,523,0
2245,892,1225,1
2246,919,1332,0
2247,1256,341,1
2248,293,143,1
2249,1176,344,0
2250,980,1300,1
2251,1194,79,0
2252,1266,190,0
2253,106,422,0
2254,854,8,0
2255,1325,38,0
2256,224,458,1
2257,862,403,1
2258,837,1422,1
2259,403,1043,1
2260,545,473,0
2261,48,441,0
2262,336,125,0
2263,1240,1294,0
2264,103,298,0
2265,100,1333,0
2266,1161,272,1
2267,194,978,0
2268,495,885,1
2269,627,407,0
2270,1032,886,1
2271,607,1361,1
2272,1046,930,0
2273,280,323,0
2274,445,217,0
2275,801,343,0
2276,498,1130,1
2277,886,983,1
2278,302,607,1
2279,698,527,0
2280,125,419,1
2281,1260,571,0
2282,341,158,0
2283,650,1203,0
2284,1167,512,0
2285,86,316,0
2286,84,373,1
2287,373,201,0
2288,1151,878,0
2289,1260,311,0
2290,603,366,0
2291,957,625,1
2292,597,369,0
2293,1289,857,1
2294,827,932,1
2295,1431,1407,0
2296,1149,76,0
2297,1266,228,0
2298,1431,410,0
2299,336,1373,1
2300,793,692,0
2301,1413,94,1
2302,261,686,0
2303,743,830,0
2304,211,1205,0
2305,357,495,1
2306,402,1401,0
2307,334,626,1
2308,543,692,0
2309,777,849,0
2310,381,91,1
2311,316,485,0
2312,722,915,1
2313,1439,1050,0
2314,816,54,1
2315,76,408,1
2316,336,206,1
2317,437,1423,0
2318,1394,1306,1
2319,76,455,1
2320,793,1237,0
2321,535,107,1
2322,335,1321,1
2323,358,104,0
2324,495,618,1
2325,334,506,1
2326,1255,342,0
2327,1202,63,1
2328,579,422,0
2329,406,490,0
2330,591,877,1
2331,546,1207,0
2332,1190,294,0
2333,1115,314,1
2334,885,492,1
2335,1326,762,1
2336,1390,886,0
2337,857,1241,1
2338,272,1251,1
2339,103,78,0
2340,27,228,0
2341,1436,1212,1
2342,355,684,0
2343,339,350,1
2344,643,192,0
2345,671,1086,0
2346,373,1386,1
2347,327,408,1
2348,565,642,1
2349,0,987,1
2350,1394,91,1
2351,751,1060,1
2352,1343,892,1
2353,48,1053,1
2354,1098,1309,0
2355,209,869,0
2356,1403,532,1
2357,287,61,0
2358,1221,526,0
2359,1138,468,1
2360,209,216,1
2361,1298,1244,0
2362,698,627,1
2363,675,416,0
2364,535,119,1
2365,76,65,1
2366,272,753,0
2367,1337,1271,0
2368,77,1265,0
2369,299,586,0
2370,352,1281,0
2371,1115,1249,1
2372,607,77,1
2373,40,1418,0
2374,837,987,1
2375,125,20,1
2376,854,918,0
2377,458,770,1
2378,202,288,0
2379,335,1218,0
2380,983,12,0
2381,591,1163,1
2382,987,181,1
2383,1384,946,0
2384,209,259,1
2385,1216,1294,1
2386,491,105,1
2387,56,732,0
2388,751,495,1
2389,649,909,0
2390,451,724,1
2391,703,1410,1
2392,986,1161,0
2393,5,1206,1
2394,1394,344,1
2395,1218,448,1
2396,352,108,1
2397,352,495,1
2398,108,1241,1
2399,885,1082,1
2400,200,1153,1
2401,29,1109,0
2402,56,1189,0
2403,1083,1090,0
2404,498,327,1
2405,209,1161,1
2406,209,1370,1
2407,712,661,0
2408,1356,1305,1
2409,491,451,1
2410,473,335,1
2411,999,1001,0
2412,146,292,0
2413,1103,1217,0
2414,358,833,1
2415,627,1424,1
2416,949,777,0
2417,358,1427,0
2418,642,565,1
2419,1085,1287,0
2420,1218,119,1
2421,2,378,0
2422,329,155,0
2423,476,522,0
2424,1390,1243,0
2425,917,508,0
2426,1202,336,1
2427,1257,408,1
2428,1183,1379,0
2429,607,264,1
2430,316,1301,0
2431,77,571,1
2432,603,608,1
2433,1085,1081,0
2434,1076,1065,0
2435,428,445,0
2436,357,1214,0
2437,999,730,1
2438,211,274,1
2439,1298,603,0
2440,878,651,0
2441,1425,199,0
2442,770,211,1
2443,1413,1350,1
2444,1158,264,1
2445,885,113,1
2446,1431,862,1
2447,1241,1163,0
2448,86,820,0
2449,895,248,1
2450,1284,287,0
2451,261,876,1
2452,1168,760,0
2453,1042,227,0
2454,17,837,1
2455,638,56,1
2456,814,943,1
2457,236,1249,1
2458,1260,1120,0
2459,1066,1384,0
2460,618,495,1
2461,883,1255,1
2462,825,676,0
2463,697,1059,1
2464,287,602,0
2465,1326,918,1
2466,506,837,1
2467,336,233,1
2468,757,1178,0
2469,724,541,1
2470,1306,644,1
2471,1230,479,0
2472,421,407,0
2473,473,294,1
2474,493,1216,1
2475,708,721,0
2476,565,1265,0
2477,1126,616,0
2478,1045,352,1
2479,383,1001,0
2480,381,1115,1
2481,593,30,0
2482,801,1239,0
2483,1326,770,1
2484,1025,1133,0
2485,355,1147,0
2486,441,1115,0
2487,376,1043,1
2488,1190,345,0
2489,76,499,0
2490,892,780,1
2491,373,287,0
2492,223,1262,0
2493,608,2,1
2494,113,1038,0
2495,215,842,0
2496,697,161,1
2497,314,302,0
2498,491,1378,1
2499,1403,882,1
2500,642,770,1
2501,1202,107,1
2502,209,85,1
2503,1426,568,0
2504,924,209,1
2505,1255,211,1
2506,816,80,0
2507,437,127,0
2508,597,769,1
2509,1183,1032,0
2510,1413,1159,1
2511,179,1157,0
2512,64,720,0
2513,624,771,0
2514,76,751,1
2515,1183,258,1
2516,579,274,1
2517,837,565,0
2518,624,1225,1
2519,1241,1251,1
2520,643,835,1
2521,190,1032,1
2522,590,1297,1
2523,1045,885,1
2524,1094,837,1
2525,458,1216,1
2526,293,568,1
2527,402,1350,0
2528,1066,355,1
2529,355,158,0
2530,48,761,0
2531,445,835,1
2532,296,668,1
2533,1010,278,0
2534,642,435,1
2535,589,1320,1
2536,1169,1253,1
2537,816,231,1
2538,331,1432,0
2539,1183,16,1
2540,185,728,0
2541,355,1066,1
2542,697,1253,1
2543,896,482,0
2544,1191,550,1
2545,367,1072,0
2546,1372,784,0
2547,441,1326,1
2548,1167,225,0
2549,261,91,1
2550,627,817,1
2551,1248,1306,1
2552,1169,591,1
2553,1403,1196,1
2554,1138,825,1
2555,296,1307,0
2556,1248,908,0
2557,570,66,1
2558,429,31,0
2559,852,412,0
2560,268,996,1
2561,867,1016,0
2562,125,751,0
2563,748,213,1
2564,810,899,1
2565,211,589,1
2566,868,1283,1
2567,3,437,0
2568,748,1289,1
2569,308,87,0
2570,383,674,0
2571,1361,1206,1
2572,201,436,0
2573,202,124,0
2574,77,283,1
2575,672,742,0
2576,627,1011,0
2577,1294,229,1
2578,428,837,1
2579,608,1350,1
2580,945,1294,1
2581,335,1118,1
2582,1167,574,0
2583,119,307,1
2584,1298,1203,0
2585,498,712,1
2586,1368,1360,0
2587,418,192,0
2588,120,209,0
2589,224,589,1
2590,418,43,0
2591,464,5,1
2592,361,377,0
2593,591,766,1
2594,885,678,0
2595,814,48,1
2596,272,573,1
2597,376,7,1
2598,1403,240,0
2599,953,1123,1
2600,1124,1178,0
2601,1270,168,0
2602,837,314,1
2603,76,137,0
2604,185,1255,0
2605,1169,107,1
2606,292,420,0
2607,605,944,0
2608,1392,1381,0
2609,852,87,0
2610,490,614,0
2611,837,334,1
2612,314,1259,0
2613,1294,79,0
2614,793,288,1
2615,217,1025,0
2616,16,1202,0
2617,565,1199,0
2618,1436,826,0
2619,487,1353,1
2620,1032,1293,0
2621,999,148,0
2622,749,1241,1
2623,113,875,0
2624,1042,848,0
2625,108,138,0
2626,693,376,1
2627,491,212,1
2628,5,14,0
2629,953,581,0
2630,579,770,1
2631,816,1066,1
2632,461,1386,1
2633,608,320,0
2634,445,386,0
2635,376,433,0
2636,76,1279,1
2637,892,215,1
2638,607,454,1
2639,1392,560,1
2640,292,170,0
2641,500,914,0
2642,675,898,0
2643,953,1159,1
2644,1032,740,0
2645,1076,1439,0
2646,825,658,1
2647,1045,245,0
2648,376,1213,1
2649,85,862,1
2650,1216,1255,1
2651,649,249,0
2652,491,508,1
2653,732,778,0
2654,1333,1204,0
2655,643,877,0
2656,1361,1091,0
2657,1067,1350,1
2658,1107,1256,1
2659,119,343,1
2660,895,383,0
2661,957,445,1
2662,810,808,0
2663,1076,232,0
2664,403,693,1
2665,1297,495,0
2666,445,638,1
2667,1431,213,0
2668,983,1124,0
2669,448,491,1
2670,945,1029,0
2671,695,560,1
2672,1066,408,1
2673,1116,20,0
2674,770,1206,1
2675,132,1255,1
2676,1337,779,0
2677,695,673,1
2678,1394,1113,0
2679,822,1120,0
2680,11,1262,0
2681,1134,1355,0
2682,881,1003,0
2683,0,433,0
2684,837,957,1
2685,590,48,0
2686,408,283,1
2687,113,1030,1
2688,503,512,0
2689,1413,213,1
2690,119,1350,1
2691,878,917,0
2692,292,454,0
2693,573,1289,1
2694,707,1263,0
2695,336,485,0
2696,589,770,1
2697,100,862,1
2698,11,845,0
2699,822,1338,1
2700,1076,655,0
2701,1343,210,1
2702,1045,863,0
2703,886,1432,1
2704,355,5,1
2705,212,602,0
2706,814,1353,1
2707,341,1356,1
2708,1426,1369,1
2709,920,209,1
2710,590,627,1
2711,381,428,1
2712,633,1413,1
2713,625,941,0
2714,693,1209,1
2715,643,29,1
2716,428,1441,1
2717,381,1007,0
2718,1408,285,0
2719,2,792,0
2720,11,1284,0
2721,814,1233,0
2722,7,1216,1
2723,1094,132,0
2724,1421,1294,1
2725,469,314,0
2726,250,590,1
2727,697,703,1
2728,223,751,1
2729,953,1279,1
2730,381,404,1
2731,1413,621,1
2732,996,99,1
2733,855,1043,0
2734,816,534,0
2735,986,932,0
2736,837,1370,1
2737,1337,508,1
2738,650,1183,0
2739,1216,1279,1
2740,1306,1286,1
2741,168,803,0
2742,408,1433,0
2743,299,955,0
2744,532,1384,0
2745,1152,1332,0
2746,196,1256,0
2747,480,321,0
2748,608,262,1
2749,45,955,0
2750,20,175,0
2751,939,1391,1
2752,642,493,1
2753,352,1045,1
2754,1392,1202,1
2755,882,607,1
2756,629,86,0
2757,1384,1174,0
2758,255,787,0
2759,445,858,0
2760,1064,20,0
2761,498,17,0
2762,261,373,0
2763,197,437,1
2764,1325,92,0
2765,1294,169,1
2766,1403,607,1
2767,770,883,1
2768,313,451,1
2769,3,1094,1
2770,1216,311,1
2771,1138,1297,1
2772,1260,1059,0
2773,854,1331,1
2774,774,276,0
2775,121,231,1
2776,1064,1254,0
2777,793,1183,1
2778,1160,431,0
2779,770,1305,1
2780,589,211,1
2781,1025,1418,0
2782,1297,157,1
2783,29,490,1
2784,1337,277,0
2785,146,652,0
2786,495,94,1
2787,627,404,1
2788,314,1087,1
2789,331,51,0
2790,387,1094,1
2791,3,951,0
2792,302,1273,1
2793,224,1050,1
2794,250,426,0
2795,56,664,0
2796,357,30,1
2797,757,769,0
2798,908,1013,1
2799,407,1352,0
2800,500,1248,0
2801,132,445,0
2802,636,719,0
2803,103,1121,0
2804,296,693,1
2805,1085,677,0
2806,707,1006,1
2807,461,1445,0
2808,299,842,1
2809,810,266,0
2810,367,347,0
2811,700,253,0
2812,1346,618,0
2813,255,1161,0
2814,418,640,0
2815,314,1366,0
2816,1176,867,0
2817,408,837,1
2818,1255,850,0
2819,601,352,0
2820,770,1326,1
2821,1260,317,1
2822,402,814,0
2823,1247,1385,0
2824,28,324,0
2825,383,226,0
2826,869,448,1
2827,1268,237,0
2828,698,623,0
2829,1386,1061,0
2830,1160,376,1
2831,381,787,1
2832,335,251,1
2833,624,551,1
2834,1408,1070,1
2835,1079,499,0
2836,376,1160,1
2837,292,64,0
2838,264,1330,0
2839,748,29,1
2840,1206,1194,0
2841,627,980,0
2842,565,599,0
2843,1152,107,0
2844,790,882,0
2845,383,484,0
2846,855,259,0
2847,816,1107,1
2848,589,1326,1
2849,416,1119,0
2850,408,428,1
2851,1348,1297,1
2852,299,1388,0
2853,825,568,1
2854,1247,367,0
2855,1372,713,0
2856,48,398,0
2857,816,404,1
2858,987,334,0
2859,1079,29,1
2860,355,603,1
2861,1161,62,1
2862,1070,1197,0
2863,142,1346,0
2864,84,218,0
2865,953,704,1
2866,495,470,0
2867,854,1030,1
2868,1392,766,1
2869,1325,1046,0
2870,1257,592,0
2871,179,1341,0
2872,883,274,1
2873,493,276,0
2874,147,451,1
2875,383,909,0
2876,626,3,0
2877,429,1301,0
2878,1260,265,0
2879,1022,1052,0
2880,1403,1358,1
2881,1192,537,0
2882,625,421,0
2883,1356,559,0
2884,1421,731,1
2885,314,1149,1
2886,589,458,1
2887,625,1396,0
2888,143,626,1
2889,1390,541,1
2890,335,1237,1
2891,212,1123,1
2892,1255,1299,0
2893,814,1436,1
2894,1294,828,1
2895,503,712,0
2896,525,168,0
2897,1210,705,0
2898,1337,61,0
2899,1413,239,0
2900,1025,594,0
2901,1117,680,0
2902,1255,227,0
2903,1130,1388,0
2904,16,956,0
2905,28,486,1
2906,607,1149,1
2907,632,8,0
2908,60,807,0
2909,987,1193,0
2910,751,352,1
2911,1070,288,1
2912,441,1439,0
2913,1160,466,1
2914,142,861,0
2915,217,1177,1
2916,125,410,0
2917,235,756,1
2918,464,498,1
2919,1348,1386,0
2920,1190,1019,0
2921,627,1119,0
2922,1218,334,1
2923,919,1326,0
2924,1240,255,0
2925,807,626,1
2926,216,1138,1
2927,403,1230,1
2928,441,464,1
2929,603,844,0
2930,1130,816,1
2931,166,970,1
2932,816,1279,1
2933,878,86,0
2934,1329,491,1
2935,212,276,0
2936,602,529,0
2937,908,823,1
2938,589,493,1
2939,406,1284,0
2940,801,411,0
2941,314,438,0
2942,355,213,1
2943,1287,1172,0
2944,172,427,0
2945,16,718,1
2946,980,1361,0
2947,403,408,1
2948,597,5,1
2949,703,537,0
2950,903,343,0
2951,908,1209,0
2952,1130,751,1
2953,108,278,0
2954,506,750,0
2955,1413,102,1
2956,334,403,1
2957,886,1115,1
2958,429,847,0
2959,1032,476,1
2960,498,1060,1
2961,336,1101,0
2962,236,1432,1
2963,1124,317,0
2964,793,1091,1
2965,290,970,0
2966,1426,983,1
2967,702,627,1
2968,1257,752,1
2969,495,516,1
2970,1134,566,1
2971,918,1216,1
2972,12,1003,0
2973,473,140,1
2974,356,1365,0
2975,357,313,0
2976,1249,1364,0
2977,236,271,0
2978,261,213,1
2979,403,866,0
2980,334,835,1
2981,5,1255,1
2982,327,166,1
2983,541,660,0
2984,1206,747,0
2985,1010,544,0
2986,331,507,0
2987,196,61,0
2988,679,155,0
2989,45,1313,0
2990,1094,1132,0
2991,77,706,0
2992,1079,489,0
2993,939,124,0
2994,1248,79,0
2995,535,876,1
2996,1408,215,1
2997,1348,407,1
2998,68,662,0
2999,1130,238,0
3000,355,854,1
3001,867,878,0
3002,498,1206,1
3003,1306,876,1
3004,399,1143,0
3005,418,1424,0
3006,1160,1089,0
3007,518,466,0
3008,315,632,0
3009,314,983,0
3010,908,71,1
3011,1384,992,1
3012,397,478,0
3013,156,805,0
3014,438,451,1
3015,749,539,0
3016,489,895,0
3017,1098,897,0
3018,66,491,1
3019,768,1408,0
3020,249,301,0
3021,1403,762,0
3022,1408,922,1
3023,179,798,0
3024,807,444,0
3025,862,157,1
3026,48,387,0
3027,922,1353,1
3028,48,874,0
3029,105,454,0
3030,518,428,1
3031,986,711,0
3032,0,344,1
3033,1236,87,1
3034,387,1005,0
3035,1216,876,1
3036,215,627,1
3037,7,24,0
3038,810,1056,1
3039,822,1130,1
3040,29,666,1
3041,1201,606,0
3042,1181,619,0
3043,329,466,1
3044,945,42,0
3045,1370,945,0
3046,40,668,0
3047,743,745,0
3048,697,314,0
3049,441,627,1
3050,119,1307,1
3051,469,500,0
3052,495,590,1
3053,988,60,0
3054,215,495,1
3055,535,812,1
3056,1378,491,1
3057,1138,209,1
3058,1069,1414,0
3059,28,218,1
3060,1083,607,1
3061,630,715,0
3062,1270,1400,0
3063,880,712,0
3064,627,922,1
3065,287,485,0
3066,428,137,0
3067,1370,837,1
3068,1404,298,0
3069,1103,573,0
3070,1206,381,1
3071,358,321,0
3072,807,236,1
3073,1216,1096,1
3074,1326,417,0
3075,1202,304,0
3076,448,939,0
3077,493,1206,1
3078,290,754,0
3079,630,825,0
3080,625,1115,0
3081,1216,113,1
3082,1126,100,0
3083,1378,1105,0
3084,1201,21,0
3085,1094,1403,1
3086,985,408,1
3087,1257,1209,1
3088,1181,1266,1
3089,1289,1170,0
3090,212,115,0
3091,56,837,1
3092,545,440,0
3093,498,352,1
3094,56,272,1
3095,491,811,1
3096,1421,283,1
3097,491,290,1
3098,724,215,0
3099,999,869,0
3100,573,1349,0
3101,862,683,0
3102,387,1036,0
3103,293,451,1
3104,406,828,1
3105,996,1102,0
3106,1361,1245,0
3107,953,0,1
3108,76,1019,0
3109,1298,1265,0
3110,376,854,1
3111,439,829,0
3112,597,360,1
3113,40,1309,0
3114,896,599,0
3115,5,1163,1
3116,468,625,0
3117,84,26,0
3118,1183,427,1
3119,373,428,1
3120,464,816,1
3121,1066,837,1
3122,1331,854,1
3123,1257,844,0
3124,48,246,1
3125,1124,1222,0
3126,532,125,1
3127,518,1431,1
3128,1202,1163,1
3129,155,125,1
3130,196,39,0
3131,649,983,1
3132,827,500,0
3133,751,223,1
3134,908,1177,1
3135,1160,160,0
3136,7,922,1
3137,1421,986,0
3138,1045,299,1
3139,630,784,0
3140,535,530,1
3141,627,918,1
3142,983,873,0
3143,770,930,1
3144,590,1097,0
3145,60,657,0
3146,461,953,0
3147,1378,510,0
3148,751,1199,0
3149,1130,1348,1
3150,626,1186,1
3151,1064,993,0
3152,627,283,1
3153,1348,1018,0
3154,220,357,0
3155,697,378,0
3156,1306,627,1
3157,0,326,0
3158,836,343,1
3159,816,143,1
3160,566,1134,1
3161,801,76,0
3162,908,642,1
3163,1230,1059,0
3164,601,931,0
3165,491,466,1
3166,1194,607,1
3167,996,1092,0
3168,491,334,1
3169,334,1199,1
3170,1326,1150,0
3171,143,361,0
3172,495,552,0
3173,1392,251,1
3174,862,209,1
3175,1045,824,0
3176,988,491,1
3177,1181,727,0
3178,1306,885,1
3179,1098,1040,0
3180,1337,679,0
3181,591,946,1
3182,525,367,1
3183,617,1061,0
3184,458,240,0
3185,1413,191,1
3186,661,1089,0
3187,48,1355,1
3188,1064,791,1
3189,868,1107,0
3190,949,628,0
3191,712,1129,0
3192,1183,99,1
3193,1098,133,0
3194,143,1111,0
3195,1413,751,1
3196,617,293,1
3197,816,991,0
3198,535,1336,1
3199,1403,1139,1
3200,695,1025,0
3201,376,498,1
3202,945,377,1
3203,608,220,0
3204,215,408,1
3205,19,886,1
3206,1376,1117,1
3207,525,325,0
3208,605,43,0
3209,545,421,1
3210,624,697,1
3211,473,251,1
3212,454,199,0
3213,1070,828,1
3214,695,1419,1
3215,707,1009,1
3216,200,682,1
3217,1441,1277,0
3218,488,27,0
3219,987,876,0
3220,48,989,0
3221,953,756,1
3222,249,209,1
3223,3,259,0
3224,590,820,0
3225,1138,983,1
3226,403,1319,1
3227,200,41,0
3228,1179,503,0
3229,314,943,1
3230,1240,1169,0
3231,1361,357,1
3232,1346,373,1
3233,1306,28,1
3234,1351,79,0
3235,261,1355,0
3236,1343,1175,0
3237,892,79,1
3238,125,1184,1
3239,1130,1338,1
3240,1167,173,0
3241,1190,334,1
3242,465,175,0
3243,697,1205,1
3244,869,23,0
3245,672,1263,0
3246,1413,376,1
3247,501,480,0
3248,1070,950,0
3249,1274,452,0
3250,892,1174,0
3251,1358,232,0
3252,1284,430,0
3253,408,1146,0
3254,605,830,0
3255,399,1180,0
3256,1202,55,1
3257,589,817,1
3258,200,1355,1
3259,280,897,0
3260,1067,244,0
3261,1206,817,1
3262,854,243,1
3263,1046,336,0
3264,268,314,1
3265,29,664,1
3266,1108,495,1
3267,980,123,0
3268,1117,1068,1
3269,749,496,0
3270,490,1149,1
3271,1390,675,0
3272,751,76,1
3273,495,854,1
3274,40,1069,0
3275,624,118,0
3276,712,288,1
3277,793,108,1
3278,495,947,1
3279,627,65,1
3280,932,46,0
3281,816,493,1
3282,1130,621,1
3283,493,435,1
3284,16,1068,0
3285,341,351,1
3286,341,817,1
3287,381,495,1
3288,323,907,0
3289,120,405,0
3290,624,836,1
3291,68,1066,0
3292,535,1123,1
3293,125,642,1
3294,157,302,0
3295,939,1104,0
3296,235,1168,0
3297,1149,951,1
3298,743,1147,0
3299,465,1295,0
3300,125,1403,0
3301,1251,293,1
3302,1408,673,1
3303,336,101,1
3304,1337,516,1
3305,590,492,0
3306,119,336,1
3307,854,814,1
3308,488,1144,0
3309,334,915,1
3310,1256,603,0
3311,579,464,1
3312,336,1193,0
3313,1107,816,1
3314,2,107,0
3315,406,57,1
3316,880,837,0
3317,329,800,0
3318,983,820,0
3319,1306,352,1
3320,1257,876,1
3321,787,334,1
3322,387,463,0
3323,999,493,1
3324,603,1301,0
3325,209,634,0
3326,1413,1306,1
3327,168,85,0
3328,922,1062,0
3329,724,421,1
3330,451,590,1
3331,1161,80,1
3332,706,313,1
3333,1236,1311,1
3334,793,248,0
3335,1413,837,1
3336,543,769,0
3337,987,1097,0
3338,1183,1222,0
3339,172,189,0
3340,65,400,0
3341,508,54,1
3342,1378,775,0
3343,406,1353,1
3344,1070,635,0
3345,376,151,0
3346,627,579,1
3347,607,643,1
3348,703,1263,0
3349,1248,231,1
3350,591,673,1
3351,1086,753,0
3352,241,174,0
3353,1083,392,0
3354,1403,1094,1
3355,579,816,1
3356,314,1377,0
3357,119,785,1
3358,84,606,1
3359,825,1157,0
3360,29,1000,0
3361,429,361,0
3362,1372,431,0
3363,1216,1130,1
3364,27,410,0
3365,642,918,1
3366,48,52,1
3367,335,119,1
3368,1306,693,1
3369,491,25,1
3370,774,830,0
3371,918,274,1
3372,540,1261,0
3373,698,933,0
3374,570,177,0
3375,396,954,0
3376,1161,361,1
3377,1158,66,1
3378,807,1369,1
3379,1127,1131,0
3380,607,837,1
3381,1070,895,1
3382,469,724,0
3383,607,753,1
3384,111,1216,1
3385,249,56,1
3386,608,1289,1
3387,664,709,0
3388,40,910,0
3389,445,427,0
3390,339,143,0
3391,465,937,0
3392,473,1321,1
3393,642,1326,1
3394,111,80,0
3395,1206,355,1
3396,1116,1197,0
3397,296,1088,0
3398,418,460,0
3399,848,997,0
3400,589,525,0
3401,280,27,0
3402,810,1306,1
3403,1403,1051,1
3404,624,1410,1
3405,280,350,0
3406,1200,46,0
3407,695,62,1
3408,1255,274,1
3409,381,854,1
3410,1368,314,1
3411,448,979,1
3412,302,1173,1
3413,848,363,0
3414,722,525,1
3415,120,65,0
3416,473,785,1
3417,28,1299,0
3418,608,495,0
3419,649,967,0
3420,302,765,1
3421,491,17,0
3422,735,266,0
3423,506,1441,1
3424,593,879,0
3425,543,1223,1
3426,922,1237,0
3427,1210,1306,1
3428,731,436,0
3429,367,675,0
3430,406,548,1
3431,264,270,0
3432,920,1438,1
3433,506,288,0
3434,215,1432,0
3435,197,872,0
3436,1138,862,1
3437,550,1411,1
3438,1108,475,1
3439,336,666,1
3440,1297,403,1
3441,147,1190,0
3442,381,627,1
3443,1107,638,1
3444,494,767,0
3445,545,442,1
3446,837,479,0
3447,223,1216,1
3448,671,712,1
3449,408,1441,1
3450,1384,995,0
3451,101,323,0
3452,896,866,0
3453,589,951,0
3454,939,1201,0
3455,506,973,0
3456,195,918,1
3457,1325,310,0
3458,816,922,1
3459,1183,376,1
3460,1343,28,1
3461,1298,62,0
3462,1260,633,0
3463,1221,1145,0
3464,1229,1054,0
3465,1313,164,0
3466,1094,511,0
3467,1067,432,0
3468,836,350,1
3469,1158,491,1
3470,1134,550,0
3471,922,1030,1
3472,624,110,0
3473,5,918,1
3474,919,391,0
3475,1032,1287,0
3476,932,434,0
3477,518,707,1
3478,179,601,0
3479,113,816,1
3480,650,201,0
3481,885,381,1
3482,1098,624,0
3483,439,481,0
3484,406,280,0
3485,695,1237,1
3486,1149,988,1
3487,119,231,1
3488,1200,537,0
3489,1411,1386,1
3490,999,175,0
3491,1287,470,0
3492,722,709,0
3493,607,451,1
3494,406,229,1
3495,421,500,0
3496,313,201,1
3497,12,294,0
3498,1257,540,0
3499,506,1191,0
3500,381,143,1
3501,632,233,0
3502,155,1332,0
3503,922,756,0
3504,351,235,0
3505,1390,10,0
3506,1045,816,1
3507,451,975,0
3508,491,904,1
3509,491,1045,1
3510,885,876,1
3511,156,729,0
3512,489,702,0
3513,1368,889,0
3514,1306,1413,1
3515,3,290,1
3516,491,1201,1
3517,862,1431,1
3518,1161,704,1
3519,1248,381,1
3520,970,853,0
3521,341,482,1
3522,1306,169,0
3523,465,599,0
3524,209,272,1
3525,749,485,1
3526,1256,195,1
3527,1216,239,0
3528,903,1394,0
3529,957,1005,0
3530,1284,249,0
3531,355,403,1
3532,1395,130,0
3533,695,1279,1
3534,855,685,0
3535,1257,355,1
3536,922,1216,1
3537,880,1036,0
3538,376,1294,1
3539,179,805,0
3540,882,1431,1
3541,629,292,0
3542,652,1327,0
3543,495,464,1
3544,697,398,1
3545,1431,1302,0
3546,608,1386,1
3547,356,652,0
3548,373,1368,1
3549,495,589,1
3550,220,22,1
3551,16,1082,1
3552,697,251,1
3553,352,1413,1
3554,1425,284,0
3555,217,663,0
3556,896,567,0
3557,1149,1370,0
3558,1408,1370,1
3559,302,28,0
3560,1124,209,1
3561,607,94,0
3562,194,772,0
3563,339,644,1
3564,357,904,0
3565,428,82,0
3566,491,100,1
3567,336,231,1
3568,1257,381,1
3569,545,507,0
3570,408,885,1
3571,464,1017,0
3572,707,162,0
3573,825,115,1
3574,383,432,0
3575,352,407,0
3576,209,1249,1
3577,336,1350,1
3578,428,1216,1
3579,356,806,0
3580,731,1387,0
3581,200,895,1
3582,40,1184,0
3583,579,930,1
3584,336,178,1
3585,25,150,0
3586,814,283,0
3587,848,707,0
3588,1199,17,0
3589,712,565,0
3590,215,892,1
3591,1168,1378,1
3592,1413,215,1
3593,1421,433,1
3594,1289,1252,0
3595,261,551,1
3596,495,642,1
3597,999,234,0
3598,624,1205,1
3599,573,506,1
3600,195,458,1
3601,814,330,1
3602,56,91,0
3603,1206,1193,1
3604,880,1128,0
3605,1378,1066,0
3606,113,372,0
3607,703,99,0
3608,382,544,0
3609,76,822,1
3610,895,57,1
3611,119,398,1
3612,339,765,1
3613,671,1000,0
3614,980,1225,0
3615,1392,107,1
3616,28,1418,0
3617,535,695,1
3618,339,683,0
3619,469,460,0
3620,438,1296,0
3621,16,636,1
3622,491,62,1
3623,636,793,1
3624,1413,1197,1
3625,814,109,0
3626,1297,864,1
3627,108,299,1
3628,1368,997,0
3629,869,851,0
3630,280,1255,1
3631,1045,491,1
3632,616,19,0
3633,1392,697,1
3634,593,1024,0
3635,441,642,1
3636,357,930,1
3637,829,1400,0
3638,1183,752,1
3639,626,495,1
3640,1351,85,1
3641,1325,596,1
3642,1086,525,0
3643,749,1060,0
3644,1138,1108,1
3645,957,1138,1
3646,633,240,1
3647,1191,381,0
3648,1138,794,0
3649,1206,106,0
3650,607,71,0
3651,1236,1127,0
3652,498,408,1
3653,1138,570,1
3654,403,1242,1
3655,1346,317,1
3656,476,886,1
3657,314,158,0
3658,1248,1043,1
3659,160,746,0
3660,408,1254,1
3661,1331,236,0
3662,1266,846,0
3663,215,1375,0
3664,1408,1427,0
3665,730,197,0
3666,464,408,1
3667,1167,1295,0
3668,355,985,1
3669,20,530,0
3670,255,1214,0
3671,65,76,1
3672,836,364,0
3673,7,734,0
3674,143,712,1
3675,1066,1234,0
3676,352,816,1
3677,885,231,1
3678,106,746,0
3679,825,293,1
3680,862,1306,0
3681,314,1389,1
3682,111,816,1
3683,922,138,0
3684,1216,492,1
3685,480,734,0
3686,383,508,0
3687,334,953,1
3688,566,510,0
3689,1413,666,1
3690,487,113,1
3691,1284,157,0
3692,1447,1097,1
3693,618,854,1
3694,476,1377,0
3695,351,951,0
3696,381,334,1
3697,250,18,0
3698,1403,1120,0
3699,768,823,0
3700,1149,193,1
3701,397,682,0
3702,20,1373,0
3703,296,1216,1
3704,308,1029,1
3705,895,1162,1
3706,1083,380,0
3707,491,147,1
3708,638,771,0
3709,1326,254,0
3710,908,66,0
3711,852,63,0
3712,983,1101,0
3713,495,355,1
3714,1161,140,1
3715,495,702,1
3716,1126,812,0
3717,336,836,1
3718,480,237,0
3719,313,568,0
3720,1306,812,1
3721,816,787,1
3722,125,1399,0
3723,491,1138,1
3724,697,27,0
3725,1183,29,1
3726,1326,408,1
3727,1313,240,0
3728,313,1238,0
3729,1251,658,1
3730,1086,572,0
3731,451,787,1
3732,336,756,1
3733,1426,341,0
3734,408,770,1
3735,1255,428,1
3736,1241,1425,0
3737,1045,1081,0
3738,789,891,1
3739,5,700,1
3740,181,197,0
3741,1240,1094,0
3742,121,1306,1
3743,945,1009,1
3744,903,236,0
3745,68,354,0
3746,1297,1098,1
3747,113,487,1
3748,143,1187,0
3749,625,966,0
3750,1045,951,0
3751,408,108,1
3752,535,91,1
3753,1138,157,1
3754,1447,1328,0
3755,487,826,0
3756,883,589,1
3757,1241,522,0
3758,261,1307,1
3759,202,281,0
3760,223,356,0
3761,416,1293,0
3762,671,319,0
3763,493,341,1
3764,209,632,1
3765,700,318,1
3766,250,898,0
3767,12,1154,1
3768,438,233,0
3769,589,751,0
3770,5,495,1
3771,1445,349,0
3772,649,317,1
3773,603,1079,0
3774,341,280,1
3775,249,918,0
3776,868,727,0
3777,837,403,1
3778,76,376,1
3779,494,263,1
3780,697,1417,1
3781,698,258,0
3782,458,224,1
3783,896,300,0
3784,944,791,0
3785,1200,287,0
3786,190,937,0
3787,919,812,0
3788,1067,88,1
3789,1084,242,0
3790,627,327,1
3791,119,41,0
3792,341,700,1
3793,517,607,1
3794,751,447,0
3795,881,1005,0
3796,103,851,0
3797,944,1031,0
3798,1130,355,1
3799,1070,203,0
3800,1084,976,0
3801,334,566,1
3802,302,626,0
3803,108,712,1
3804,707,311,0
3805,490,64,1
3806,172,1217,0
3807,1268,1177,0
3808,5,435,1
3809,121,1205,1
3810,314,877,1
3811,816,111,1
3812,565,589,1
3813,264,545,1
3814,1337,1309,0
3815,751,408,1
3816,77,1280,1
3817,143,231,1
3818,355,495,1
3819,428,451,1
3820,373,608,1
3821,697,1374,1
3822,2,234,0
3823,535,780,1
3824,636,1049,0
3825,920,55,0
3826,708,323,0
3827,1274,227,0
3828,1116,1242,0
3829,495,545,1
3830,19,837,1
3831,458,441,1
3832,428,477,0
3833,590,355,1
3834,885,751,1
3835,1156,1339,0
3836,1258,140,0
3837,272,261,1
3838,421,799,0
3839,566,1320,0
3840,76,668,1
3841,315,1284,0
3842,376,355,1
3843,1358,729,0
3844,1390,35,0
3845,1216,441,1
3846,1289,643,1
3847,883,770,1
3848,743,1301,0
3849,469,96,0
3850,807,1209,0
3851,500,646,0
3852,1202,832,1
3853,77,733,1
3854,119,724,0
3855,1274,782,0
3856,608,518,1
3857,837,986,1
3858,339,398,1
3859,920,1042,0
3860,977,69,0
3861,60,616,0
3862,837,603,1
3863,1337,472,0
3864,108,99,1
3865,608,451,1
3866,408,301,1
3867,64,965,0
3868,7,125,0
3869,848,277,0
3870,1260,373,1
3871,520,1058,0
3872,932,871,0
3873,697,535,1
3874,323,771,0
3875,76,115,1
3876,1206,306,1
3877,807,830,0
3878,1156,254,0
3879,250,294,0
3880,308,1232,0
3881,268,1334,0
3882,464,211,1
3883,473,206,1
3884,264,967,0
3885,922,352,1
3886,837,607,1
3887,1108,561,1
3888,103,333,1
3889,314,1436,1
3890,854,376,1
3891,697,1173,0
3892,1138,682,0
3893,1216,94,1
3894,487,895,1
3895,591,334,1
3896,143,108,1
3897,428,485,1
3898,421,333,0
3899,868,1428,0
3900,1255,770,1
3901,473,119,1
3902,261,272,1
3903,1386,789,0
3904,1394,753,1
3905,302,160,0
3906,953,2,1
3907,732,1314,0
3908,1190,194,1
3909,498,985,1
3910,616,1049,0
3911,209,373,1
3912,1149,665,1
3913,693,911,0
3914,1297,643,1
3915,1270,689,0
3916,1067,694,1
3917,1348,56,1
3918,19,626,0
3919,917,1297,1
3920,1408,854,1
3921,627,274,1
3922,1333,1284,1
3923,1124,1138,1
3924,1161,755,0
3925,985,508,1
3926,1333,1117,0
3927,987,924,0
3928,627,883,1
3929,197,930,0
3930,1258,1316,0
3931,608,1096,1
3932,857,748,0
3933,2,982,0
3934,1268,96,0
3935,508,1105,0
3936,1130,408,1
3937,743,1215,0
3938,143,1009,1
3939,100,1447,1
3940,918,579,1
3941,643,607,1
3942,624,343,1
3943,11,301,0
3944,408,565,1
3945,1257,1072,0
3946,84,1045,0
3947,469,1354,0
3948,76,691,1
3949,810,405,1
3950,397,1130,0
3951,280,791,0
3952,327,516,1
3953,84,59,0
3954,1337,858,0
3955,768,869,0
3956,495,1425,1
3957,65,465,0
3958,264,1427,0
3959,1337,1216,1
3960,433,334,0
3961,1216,1254,1
3962,695,1336,1
3963,29,1338,1
3964,1046,282,0
3965,1392,836,1
3966,1403,529,1
3967,1395,661,0
3968,408,211,1
3969,1194,1308,0
3970,881,1315,0
3971,1372,325,0
3972,2,724,1
3973,1370,827,1
3974,617,1093,0
3975,627,698,1
3976,608,204,1
3977,217,29,0
3978,219,929,0
3979,45,1063,0
3980,1257,91,1
3981,54,355,1
3982,1010,606,1
3983,697,284,1
3984,980,462,0
3985,339,352,0
3986,590,314,0
3987,878,642,1
3988,108,376,1
3989,335,618,0
3990,627,837,1
3991,329,808,0
3992,190,117,0
3993,217,1139,1
3994,658,1251,1
3995,885,1331,1
3996,1384,31,0
3997,625,1229,0
3998,195,1307,0
3999,200,52,1
4000,361,1263,0
4001,1086,1242,0
4002,607,823,1
4003,185,270,0
4004,249,1108,1
4005,881,1380,0
4006,1441,837,1
4007,86,1324,0
4008,1439,382,0
4009,209,868,1
4010,1343,810,1
4011,822,1348,1
4012,1403,754,1
4013,473,339,1
4014,1230,1276,0
4015,1010,84,1
4016,816,1378,0
4017,827,599,0
4018,403,2,1
4019,1083,421,0
4020,810,861,1
4021,1284,223,0
4022,341,30,1
4023,1266,852,0
4024,261,392,0
4025,491,827,1
4026,106,1052,0
4027,1138,74,0
4028,1079,530,0
4029,825,1235,0
4030,1413,495,1
4031,418,1447,0
4032,293,7,1
4033,408,258,1
4034,590,823,1
4035,1260,84,1
4036,406,24,0
4037,383,341,1
4038,789,491,1
4039,28,1205,1
4040,793,296,1
4041,703,1218,1
4042,643,209,1
4043,608,1186,0
4044,416,283,0
4045,1326,83,0
4046,428,1255,1
4047,408,113,1
4048,593,790,0
4049,862,1090,0
4050,86,723,0
4051,983,19,1
4052,545,504,1
4053,535,1373,1
4054,626,816,1
4055,197,311,0
4056,403,209,1
4057,1046,39,0
4058,806,874,0
4059,498,751,1
4060,591,1202,1
4061,339,1148,0
4062,236,692,0
4063,748,1386,0
4064,219,499,0
4065,545,408,1
4066,1062,574,0
4067,603,456,1
4068,825,485,1
4069,1361,356,0
4070,707,475,1
4071,627,565,1
4072,579,1075,1
4073,1064,458,0
4074,373,1184,0
4075,1337,1117,1
4076,464,757,0
4077,1130,1207,0
4078,194,360,0
4079,768,453,0
4080,1280,738,0
4081,573,1216,1
4082,1297,939,1
4083,1261,15,0
4084,77,288,1
4085,215,1413,1
4086,979,1240,0
4087,1230,425,0
4088,787,1216,1
4089,119,876,1
4090,1390,585,0
4091,924,258,0
4092,1392,832,1
4093,355,108,1
4094,5,10,0
4095,700,565,1
4096,1066,1216,1
4097,1183,660,0
4098,703,698,0
4099,396,1310,0
4100,209,448,1
4101,16,76,1
4102,223,1130,1
4103,458,1121,1
4104,476,49,0
4105,986,845,0
4106,376,562,1
4107,1169,983,0
4108,1116,997,0
4109,855,776,0
4110,1413,753,1
4111,94,181,1
4112,100,980,0
4113,1158,752,0
4114,1306,1043,1
4115,119,80,1
4116,120,72,0
4117,272,1161,1
4118,220,957,0
4119,1206,318,1
4120,1441,67,0
4121,589,1075,1
4122,988,1403,1
4123,16,411,0
4124,488,1162,0
4125,632,403,1
4126,949,737,0
4127,464,355,1
4128,814,893,0
4129,829,714,0
4130,885,854,1
4131,816,192,0
4132,195,981,0
4133,652,1443,0
4134,886,1368,1
4135,119,289,0
4136,627,311,1
4137,999,591,0
4138,508,985,1
4139,922,1377,1
4140,356,701,0
4141,1248,495,1
4142,1439,383,0
4143,1297,251,0
4144,627,1115,1
4145,617,1107,0
4146,816,1206,1
4147,608,1413,1
4148,1098,654,0
4149,1083,344,0
4150,224,341,1
4151,495,1331,1
4152,1236,1096,1
4153,895,866,1
4154,125,1395,1
4155,573,1138,1
4156,616,585,0
4157,1376,1068,0
4158,77,1296,0
4159,327,495,1
4160,119,450,1
4161,458,498,1
4162,132,60,1
4163,458,357,1
4164,361,352,0
4165,2,1132,0
4166,1108,7,1
4167,382,245,0
4168,1138,259,1
4169,172,1126,0
4170,77,1241,1
4171,113,815,0
4172,1149,3,0
4173,977,611,0
4174,143,1183,1
4175,25,1343,1
4176,428,313,1
4177,770,579,1
4178,195,771,0
4179,624,908,0
4180,160,446,0
4181,351,1069,0
4182,406,1305,1
4183,618,1421,1
4184,1372,514,0
4185,535,505,0
4186,105,825,1
4187,786,1373,0
4188,867,1270,0
4189,882,991,0
4190,358,420,0
4191,341,435,1
4192,597,1154,0
4193,1010,1343,1
4194,64,1281,0
4195,903,1194,0
4196,1084,46,0
4197,1392,273,1
4198,770,878,0
4199,361,209,1
4200,292,786,0
4201,895,1198,0
4202,1236,1430,0
4203,5,355,1
4204,220,1076,0
4205,983,807,1
4206,1241,857,1
4207,607,517,1
4208,883,600,0
4209,361,403,1
4210,1025,56,1
4211,1134,1444,0
4212,883,458,1
4213,1158,235,0
4214,7,522,0
4215,698,731,1
4216,918,493,1
4217,125,1386,1
4218,329,983,0
4219,1378,66,1
4220,1356,1192,0
4221,1210,1060,1
4222,854,1378,0
4223,0,1059,1
4224,491,425,1
4225,335,273,1
4226,732,770,0
4227,397,1245,0
4228,287,656,0
4229,16,1097,1
4230,881,444,1
4231,1337,89,0
4232,396,112,0
4233,341,18,0
4234,1395,607,1
4235,508,1376,0
4236,703,104,0
4237,1315,156,1
4238,625,544,0
4239,323,1149,0
4240,491,535,1
4241,5,464,1
4242,1297,1051,1
4243,591,306,1
4244,355,274,1
4245,944,345,0
4246,1403,1177,1
4247,195,1385,0
4248,335,131,0
4249,1249,852,1
4250,66,570,1
4251,1294,436,1
4252,793,403,1
4253,387,1291,0
4254,697,899,1
4255,355,562,1
4256,315,487,0
4257,632,1229,0
4258,1067,1125,1
4259,1441,836,0
4260,566,1114,1
4261,406,383,0
4262,1062,1081,0
4263,1168,130,0
4264,506,1241,1
4265,442,961,0
4266,476,190,1
4267,503,996,0
4268,790,1249,1
4269,672,476,1
4270,535,294,1
4271,299,308,1
4272,525,1409,0
4273,280,337,0
4274,334,570,1
4275,458,211,1
4276,1202,649,0
4277,1294,420,1
4278,618,1355,0
4279,241,4,0
4280,1084,506,0
4281,491,232,1
4282,85,60,0
4283,1268,650,0
4284,806,1398,0
4285,1084,546,1
4286,535,685,1
4287,565,211,1
4288,373,1125,0
4289,334,2,1
4290,1183,977,0
4291,570,831,0
4292,697,32,0
4293,520,1217,0
4294,1206,627,1
4295,730,341,1
4296,1221,1265,1
4297,438,547,0
4298,790,1064,0
4299,895,116,1
4300,292,1147,0
4301,535,772,0
4302,408,493,1
4303,261,1197,1
4304,1102,1149,1
4305,983,691,0
4306,1107,1242,0
4307,1361,701,0
4308,65,119,1
4309,223,215,1
4310,132,1247,0
4311,1115,209,1
4312,171,523,0
4313,1084,966,0
4314,1394,582,0
4315,103,272,0
4316,603,1106,0
4317,1115,1324,0
4318,852,1203,0
4319,540,448,1
4320,1160,65,1
4321,314,250,1
4322,376,790,1
4323,1392,1059,1
4324,626,236,1
4325,314,640,1
4326,806,1176,0
4327,487,707,1
4328,501,1079,0
4329,1085,1160,0
4330,970,197,0
4331,807,1100,0
4332,211,1326,1
4333,190,987,1
4334,837,1369,1
4335,731,712,1
4336,219,681,0
4337,1261,969,0
4338,917,1340,0
4339,1176,280,1
4340,932,573,1
4341,224,1361,1
4342,1326,7,0
4343,787,806,0
4344,829,48,0
4345,487,475,1
4346,837,1411,1
4347,695,679,0
4348,1179,935,0
4349,895,945,1
4350,185,1347,0
4351,272,1213,1
4352,103,177,0
4353,702,573,1
4354,892,52,0
4355,636,1423,1
4356,632,1400,0
4357,1266,724,1
4358,638,813,0
4359,166,290,0
4360,451,6,1
4361,147,151,0
4362,215,939,0
4363,157,284,0
4364,1160,535,1
4365,156,576,0
4366,1331,864,0
4367,361,293,1
4368,1348,816,1
4369,1255,1320,1
4370,1413,352,1
4371,381,458,1
4372,84,28,1
4373,1124,1094,1
4374,985,767,0
4375,212,856,0
4376,341,404,1
4377,1403,587,0
4378,451,951,0
4379,1216,1378,0
4380,895,243,1
4381,1130,1447,1
4382,209,608,1
4383,490,689,0
4384,1210,65,0
4385,249,376,1
4386,1431,518,1
4387,111,1254,0
4388,1431,607,1
4389,953,465,0
4390,806,325,0
4391,1333,81,0
4392,17,67,0
4393,314,638,1
4394,16,492,1
4395,1370,1138,1
4396,1294,1271,0
4397,495,1279,1
4398,732,370,0
4399,200,243,1
4400,908,310,1
4401,922,1408,1
4402,464,627,1
4403,1337,447,1
4404,1066,376,1
4405,693,1254,1
4406,1202,1417,1
4407,787,546,1
4408,215,793,1
4409,789,229,1
4410,445,890,0
4411,1376,775,0
4412,406,1092,1
4413,1117,730,1
4414,702,483,0
4415,495,111,1
4416,1248,327,0
4417,883,998,0
4418,1256,493,1
4419,1326,642,1
4420,627,573,1
4421,822,668,1
4422,28,1102,0
4423,624,1202,1
4424,1070,640,0
4425,125,320,0
4426,308,1114,1
4427,932,260,0
4428,498,1225,0
4429,125,917,1
4430,211,341,1
4431,352,223,1
4432,336,899,1
4433,458,607,1
4434,166,665,0
4435,672,111,1
4436,0,432,0
4437,494,1197,0
4438,1289,29,1
4439,988,642,1
4440,1216,1206,1
4441,332,1038,0
4442,212,756,1
4443,706,982,0
4444,743,1114,0
4445,125,1297,1
4446,1169,140,1
4447,181,1135,0
4448,702,403,1
4449,185,448,1
4450,506,1350,0
4451,1216,874,1
4452,693,534,0
4453,491,397,1
4454,591,88,0
4455,403,1115,1
4456,429,1396,0
4457,313,724,1
4458,314,976,0
4459,546,1315,1
4460,703,1334,0
4461,924,576,0
4462,1392,1350,1
4463,1216,880,0
4464,862,275,0
4465,743,339,0
4466,86,1008,0
4467,179,259,0
4468,1183,979,0
4469,185,1322,0
4470,1289,5,0
4471,235,870,0
4472,142,699,0
4473,329,1445,0
4474,1117,436,1
4475,1032,501,0
4476,1098,825,0
4477,113,355,1
4478,886,1102,1
4479,403,689,1
4480,1216,223,1
4481,693,885,1
4482,1130,296,1
4483,381,817,1
4484,924,862,1
4485,1260,1167,0
4486,1115,799,0
4487,474,719,0
4488,458,1424,1
4489,1102,1085,0
4490,314,82,1
4491,986,683,0
4492,465,1272,0
4493,1445,917,0
4494,1241,256,0
4495,1436,814,1
4496,0,756,1
4497,695,510,1
4498,988,981,0
4499,908,1057,1
4500,591,871,1
4501,1216,406,1
4502,918,627,1
4503,730,589,1
4504,908,118,0
4505,441,1361,1
4506,143,562,1
4507,172,370,0
4508,302,1424,0
4509,1294,1355,1
4510,565,918,1
4511,693,1397,0
4512,1216,947,1
4513,160,54,0
4514,241,166,0
4515,1127,1117,0
4516,1251,415,0
4517,633,324,0
4518,1229,1094,1
4519,1069,632,0
4520,854,516,1
4521,675,717,0
4522,60,1348,1
4523,786,419,0
4524,357,565,1
4525,1368,413,0
4526,1117,1172,0
4527,335,915,1
4528,922,1009,1
4529,1392,306,1
4530,357,1326,1
4531,1392,1417,1
4532,376,1183,1
4533,908,1422,1
4534,1216,1117,1
4535,650,935,0
4536,223,187,0
4537,1326,404,1
4538,1151,1252,0
4539,1441,209,1
4540,1086,147,0
4541,565,93,0
4542,712,381,1
4543,1274,837,1
4544,287,603,0
4545,857,1313,0
4546,429,372,0
4547,495,1118,0
4548,1190,118,0
4549,770,12,0
4550,451,1297,1
4551,590,264,1
4552,624,339,1
4553,387,1095,0
4554,156,1315,1
4555,84,210,1
4556,801,348,0
4557,589,218,0
4558,111,672,1
4559,590,681,0
4560,445,708,0
4561,770,493,1
4562,591,273,1
4563,5,722,0
4564,255,161,0
4565,953,890,0
4566,439,1154,0
4567,376,296,1
4568,636,60,1
4569,315,506,0
4570,280,458,1
4571,576,1310,0
4572,1426,1220,0
4573,146,73,1
4574,219,1138,1
4575,94,111,1
4576,48,1153,1
4577,327,456,1
4578,1216,974,0
4579,885,249,1
4580,454,1306,0
4581,1241,1233,0
4582,194,214,0
4583,1395,638,1
4584,1064,904,1
4585,770,48,1
4586,1230,209,1
4587,957,870,1
4588,970,1097,0
4589,1010,1170,0
4590,881,494,0
4591,341,493,1
4592,1083,565,0
4593,1260,649,1
4594,358,1185,0
4595,408,334,1
4596,957,99,0
4597,986,1254,0
4598,1297,630,1
4599,1258,883,0
4600,147,25,0
4601,836,398,1
4602,143,671,1
4603,381,441,1
4604,757,459,0
4605,867,82,0
4606,48,682,1
4607,356,529,0
4608,376,644,1
4609,1361,381,1
4610,357,1441,0
4611,983,231,0
4612,566,912,1
4613,1025,33,0
4614,223,376,1
4615,56,643,0
4616,1070,629,0
4617,293,824,0
4618,1191,921,0
4619,1326,175,0
4620,86,317,0
4621,0,282,0
4622,143,334,1
4623,403,891,1
4624,331,513,0
4625,1134,906,0
4626,730,495,1
4627,493,606,0
4628,120,883,0
4629,264,1312,0
4630,1441,428,1
4631,591,717,1
4632,493,904,0
4633,722,1273,1
4634,1447,309,1
4635,487,280,0
4636,658,1168,0
4637,1156,1363,0
4638,918,999,1
4639,313,513,0
4640,336,251,1
4641,1130,752,1
4642,468,485,0
4643,336,1197,1
4644,465,1105,0
4645,757,1421,0
4646,1256,146,1
4647,2,379,0
4648,1160,870,1
4649,1190,577,0
4650,1085,1195,0
4651,881,996,0
4652,1447,1413,1
4653,1202,1398,0
4654,1326,246,0
4655,1206,329,0
4656,1348,455,1
4657,827,791,0
4658,1326,627,1
4659,590,1351,1
4660,501,985,0
4661,498,926,0
4662,143,787,1
4663,29,607,1
4664,355,545,1
4665,693,1110,0
4666,142,1328,0
4667,355,435,1
4668,1274,314,1
4669,458,337,0
4670,697,1260,0
4671,624,510,1
4672,605,237,0
4673,1161,1267,1
4674,64,1212,0
4675,209,417,0
4676,202,268,0
4677,261,1373,1
4678,988,1336,1
4679,416,1320,0
4680,334,561,1
4681,627,376,1
4682,0,157,0
4683,212,238,1
4684,261,339,1
4685,1378,525,1
4686,895,1294,1
4687,314,957,1
4688,1395,110,0
4689,565,1424,1
4690,355,1183,1
4691,939,425,1
4692,1156,1443,0
4693,1441,355,1
4694,608,1220,0
4695,1161,238,1
4696,1274,1312,0
4697,1255,930,1
4698,545,508,0
4699,854,1216,1
4700,999,1176,1
4701,1218,812,1
4702,1169,403,1
4703,12,1179,0
4704,1403,1270,0
4705,314,837,1
4706,1337,1004,0
4707,94,1385,0
4708,1376,355,1
4709,336,765,1
4710,836,765,1
4711,212,155,0
4712,790,1322,0
4713,272,899,0
4714,217,1381,0
4715,1151,666,1
4716,1042,487,0
4717,439,572,0
4718,0,953,1
4719,272,132,0
4720,256,283,0
4721,45,204,0
4722,5,628,0
4723,1260,886,0
4724,441,1075,1
4725,837,736,0
4726,383,1430,0
4727,664,835,1
4728,65,403,1
4729,171,448,1
4730,520,1435,0
4731,806,102,0
4732,250,1227,0
4733,406,1070,1
4734,1348,451,1
4735,855,654,0
4736,878,69,0
4737,1289,979,0
4738,816,1257,1
4739,1255,1434,0
4740,1413,65,1
4741,1149,882,1
4742,68,1394,0
4743,433,213,0
4744,983,1097,0
4745,261,633,1
4746,490,563,0
4747,589,482,1
4748,1248,660,0
4749,852,1249,1
4750,489,43,0
4751,313,1437,0
4752,5,1195,0
4753,1216,433,1
4754,196,160,0
4755,1149,1102,1
4756,1294,150,1
4757,217,834,0
4758,1257,704,0
4759,579,408,1
4760,953,491,1
4761,1408,832,1
4762,357,743,0
4763,314,1403,1
4764,403,1371,0
4765,633,1210,1
4766,1151,1196,0
4767,878,721,0
4768,1115,627,1
4769,1066,373,1
4770,535,1205,1
4771,308,143,1
4772,381,511,0
4773,1326,464,1
4774,1289,466,1
4775,501,1115,0
4776,980,1196,0
4777,546,1368,0
4778,157,1261,0
4779,201,117,0
4780,491,327,0
4781,603,355,1
4782,5,1167,0
4783,200,250,0
4784,696,430,0
4785,493,547,0
4786,590,1266,1
4787,1394,984,1
4788,1062,1137,0
4789,77,299,1
4790,658,1031,0
4791,1107,17,1
4792,249,1199,0
4793,16,140,1
4794,827,1370,1
4795,770,1391,1
4796,626,1228,0
4797,793,386,0
4798,438,1123,0
4799,501,548,0
4800,495,1070,1
4801,642,947,1
4802,895,201,0
4803,652,827,1
4804,495,603,1
4805,495,334,1
4806,793,30,1
4807,671,1241,1
4808,493,475,0
4809,287,1131,0
4810,1156,1067,0
4811,624,178,1
4812,322,402,1
4813,814,362,1
4814,535,915,1
4815,1289,1022,1
4816,76,884,1
4817,987,429,0
4818,1098,109,0
4819,1202,191,0
4820,988,1096,1
4821,296,816,1
4822,597,482,1
4823,696,150,0
4824,1102,626,1
4825,146,195,1
4826,1176,383,1
4827,341,195,1
4828,94,832,0
4829,56,491,1
4830,86,400,0
4831,627,545,1
4832,1149,175,1
4833,60,584,1
4834,1411,987,1
4835,814,169,1
4836,883,122,0
4837,58,51,0
4838,543,144,0
4839,468,325,0
4840,1045,1125,0
4841,1070,803,0
4842,573,825,1
4843,1149,1429,0
4844,299,231,1
4845,336,62,1
4846,970,108,1
4847,1372,1243,1
4848,1326,1255,1
4849,506,209,1
4850,334,658,1
4851,1361,5,1
4852,1206,495,1
4853,1326,244,0
4854,1070,854,1
4855,698,54,1
4856,465,629,0
4857,336,1417,1
4858,918,1063,0
4859,1447,1309,1
4860,181,111,1
4861,111,355,1
4862,381,435,1
4863,810,1233,0
4864,16,1130,1
4865,922,1331,1
4866,603,1416,0
4867,1216,1361,1
4868,632,367,0
4869,789,1320,1
4870,886,1369,1
4871,421,545,1
4872,1117,1425,1
4873,672,1433,0
4874,827,402,0
4875,54,1066,1
4876,491,125,1
4877,917,1138,1
4878,1268,72,0
4879,618,1430,0
4880,261,703,1
4881,327,894,0
4882,335,953,1
4883,241,1199,0
4884,473,697,1
4885,458,341,1
4886,428,1251,1
4887,40,1002,0
4888,216,638,1
4889,381,626,1
4890,827,334,1
4891,408,579,1
4892,1117,239,0
4893,66,533,0
4894,735,788,0
4895,433,1312,0
4896,696,1395,0
4897,883,769,1
4898,1167,137,0
4899,373,977,0
4900,693,1183,1
4901,1025,1022,0
4902,986,612,0
4903,1392,591,1
4904,1284,1308,0
4905,814,1068,1
4906,1108,522,0
4907,45,1133,0
4908,895,1302,1
4909,373,702,1
4910,12,900,0
4911,814,1142,0
4912,532,1403,1
4913,495,108,1
4914,0,1073,0
4915,1426,1005,0
4916,626,573,1
4917,441,1181,0
4918,355,731,1
4919,707,1294,1
4920,1117,408,1
4921,1183,1130,1
4922,7,334,1
4923,356,1257,0
4924,20,571,0
4925,540,1154,0
4926,27,211,0
4927,143,929,0
4928,357,589,1
4929,28,1257,0
4930,1413,1307,1
4931,473,1254,1
4932,314,423,0
4933,185,398,0
4934,633,1043,1
4935,1115,860,0
4936,1241,970,1
4937,194,387,0
4938,903,151,1
4939,7,1076,0
4940,649,765,0
4941,439,1447,1
4942,1447,1177,0
4943,17,456,0
4944,1376,913,0
4945,352,1368,0
4946,650,87,0
4947,1138,102,0
4948,1062,225,0
4949,494,589,0
4950,579,5,1
4951,1167,1277,0
4952,1169,284,1
4953,786,818,0
4954,1260,363,0
4955,1070,363,0
4956,617,34,0
4957,5,565,1
4958,1392,1273,0
4959,664,500,0
4960,458,146,1
4961,787,816,1
4962,591,1240,0
4963,977,1230,1
4964,1313,1266,0
4965,461,387,1
4966,491,1056,1
4967,545,193,0
4968,1126,746,0
4969,1331,922,1
4970,1194,1129,0
4971,1152,93,0
4972,357,482,1
4973,155,1315,1
4974,546,907,1
4975,60,119,0
4976,1255,565,1
4977,748,125,1
4978,816,562,1
4979,827,45,1
4980,108,569,0
4981,194,1190,1
4982,473,1152,0
4983,658,587,0
4984,607,637,1
4985,451,1315,1
4986,361,886,0
4987,119,695,1
4988,565,883,1
4989,700,745,0
4990,1130,864,1
4991,194,1269,0
4992,355,1060,1
4993,495,874,1
4994,1392,915,1
4995,293,1233,0
4996,27,996,0
4997,1168,66,1
4998,429,153,0
4999,643,1350,1
5000,829,718,0
5001,272,590,1
5002,837,753,1
5003,751,466,1
5004,101,557,0
5005,697,624,1
5006,1025,784,0
5007,125,653,0
5008,1216,5,1
5009,607,920,1
5010,7,661,0
5011,706,1199,0
5012,695,1417,1
5013,442,58,0
5014,1102,1369,1
5015,543,557,0
5016,883,565,1
5017,970,56,1
5018,335,233,1
5019,272,545,1
5020,316,1438,0
5021,748,646,0
5022,986,1439,0
5023,29,628,1
5024,335,785,1
5025,249,1442,0
5026,1102,886,1
5027,650,391,0
5028,1138,1370,1
5029,1348,418,1
5030,1138,1199,1
5031,464,435,1
5032,825,678,0
5033,406,1122,1
5034,408,352,1
5035,999,280,1
5036,837,493,0
5037,1370,1346,1
5038,1436,810,0
5039,1368,1343,1
5040,1206,30,1
5041,790,615,1
5042,618,678,0
5043,1439,1226,0
5044,793,768,0
5045,473,510,1
5046,5,498,1
5047,922,1376,1
5048,1294,1030,1
5049,882,1118,0
5050,358,1388,0
5051,565,5,1
5052,789,1305,1
5053,658,334,1
5054,885,644,1
5055,121,887,0
5056,597,249,0
5057,1079,823,1
5058,1390,1237,0
5059,1169,178,1
5060,546,1298,1
5061,1241,827,1
5062,896,288,0
5063,77,912,1
5064,980,1021,0
5065,168,9,0
5066,1343,837,1
5067,837,24,0
5068,633,405,1
5069,108,1066,1
5070,789,1059,1
5071,407,718,0
5072,1149,842,0
5073,458,884,1
5074,535,284,1
5075,695,1159,1
5076,336,1410,1
5077,1306,1373,0
5078,601,1015,0
5079,1266,1429,0
5080,565,464,1
5081,373,737,0
5082,406,376,1
5083,576,327,0
5084,76,979,0
5085,313,545,1
5086,438,348,0
5087,579,238,0
5088,506,467,0
5089,630,239,0
5090,358,1272,0
5091,1441,1094,1
5092,1086,338,0
5093,624,261,1
5094,1069,56,1
5095,341,1279,0
5096,209,920,1
5097,68,806,0
5098,376,495,1
5099,986,621,1
5100,789,689,1
5101,1411,397,0
5102,880,780,0
5103,1289,518,1
5104,1306,359,0
5105,235,1253,1
5106,403,627,1
5107,29,428,1
5108,1103,488,0
5109,428,827,1
5110,1413,1210,1
5111,1249,117,0
5112,316,915,0
5113,1022,1400,0
5114,351,1135,0
5115,664,674,0
5116,1042,1411,0
5117,1315,740,0
5118,857,864,0
5119,1064,376,1
5120,1251,1447,0
5121,852,86,0
5122,488,1311,0
5123,1127,889,0
5124,837,1395,1
5125,84,444,1
5126,774,892,0
5127,732,1281,0
5128,735,1413,1
5129,356,230,0
5130,211,930,1
5131,535,350,1
5132,1230,403,1
5133,1206,5,1
5134,352,1257,1
5135,373,629,0
5136,985,265,1
5137,416,1258,0
5138,810,972,0
5139,1447,844,1
5140,1210,102,1
5141,495,623,0
5142,458,947,1
5143,448,1289,1
5144,155,65,0
5145,255,1242,0
5146,1251,1138,1
5147,1441,6,1
5148,1394,871,0
5149,953,1417,1
5150,403,208,0
5151,1260,1066,1
5152,0,614,0
5153,1315,1074,0
5154,1372,812,0
5155,854,1408,1
5156,703,366,0
5157,20,125,1
5158,373,675,0
5159,261,466,1
5160,1392,0,1
5161,381,642,1
5162,1294,302,1
5163,292,471,1
5164,351,1397,0
5165,261,284,1
5166,241,105,0
5167,101,1141,0
5168,837,573,1
5169,625,232,0
5170,217,1051,1
5171,748,756,0
5172,545,815,1
5173,29,753,1
5174,597,1206,1
5175,441,930,1
5176,1248,468,0
5177,757,625,1
5178,293,556,0
5179,146,1437,0
5180,293,512,0
5181,335,62,1
5182,1201,593,0
5183,1066,108,1
5184,546,259,0
5185,212,1392,1
5186,408,642,1
5187,40,939,0
5188,487,52,1
5189,84,254,0
5190,1094,826,0
5191,428,599,0
5192,698,355,1
5193,355,111,1
5194,202,665,0
5195,944,628,0
5196,216,121,0
5197,280,146,1
5198,633,119,1
5199,339,1350,1
5200,65,495,1
5201,642,1234,0
5202,224,821,0
5203,1202,450,1
5204,579,493,1
5205,209,1241,1
5206,603,408,1
5207,1413,438,1
5208,810,67,1
5209,1161,959,0
5210,1094,1138,1
5211,120,835,0
5212,215,1279,1
5213,264,1019,0
5214,532,88,0
5215,495,1114,0
5216,403,361,1
5217,1149,827,0
5218,1368,781,0
5219,607,308,1
5220,712,985,1
5221,491,209,1
5222,570,579,0
5223,1361,1375,0
5224,1094,346,0
5225,922,259,0
5226,1169,1444,1
5227,491,1329,1
5228,550,254,0
5229,194,1396,0
5230,1447,868,0
5231,1287,373,0
5232,119,1123,1
5233,2,1340,0
5234,1348,60,1
5235,1086,458,1
5236,493,355,1
5237,448,451,1
5238,903,769,1
5239,1255,165,1
5240,1216,712,1
5241,868,491,1
5242,381,918,1
5243,770,589,1
5244,195,1099,0
5245,703,1436,0
5246,1094,1124,1
5247,1124,506,1
5248,105,1396,0
5249,1124,837,1
5250,977,477,0
5251,1315,1366,0
5252,697,473,1
5253,793,636,1
5254,445,1156,0
5255,1168,659,0
5256,302,304,0
5257,1249,253,0
5258,1294,792,1
5259,493,627,1
5260,535,329,1
5261,399,472,0
5262,541,1390,1
5263,403,1441,1
5264,147,587,0
5265,7,311,0
5266,181,1047,0
5267,1408,685,0
5268,1168,997,0
5269,1202,1444,1
5270,1083,461,1
5271,671,849,0
5272,996,912,1
5273,573,272,1
5274,589,280,1
5275,545,607,1
5276,589,1176,1
5277,476,1239,0
5278,498,404,1
5279,442,753,0
5280,1294,1251,0
5281,441,165,1
5282,355,311,1
5283,1255,132,1
5284,579,315,0
5285,883,935,0
5286,1241,428,1
5287,495,1143,0
5288,1268,627,0
5289,1102,858,0
5290,272,294,1
5291,1201,553,0
5292,987,188,0
5293,143,308,1
5294,334,635,1
5295,0,334,1
5296,357,883,1
5297,171,562,0
5298,1194,893,0
5299,664,133,0
5300,707,431,0
5301,464,434,0
5302,1431,209,1
5303,1413,1254,1
5304,1395,421,1
5305,616,1419,1
5306,327,1117,1
5307,1248,1144,1
5308,749,800,0
5309,209,157,1
5310,1306,486,1
5311,1248,382,0
5312,579,441,1
5313,892,789,0
5314,480,1184,0
5315,1413,597,0
5316,627,1096,1
5317,1206,583,1
5318,352,215,1
5319,1069,950,0
5320,1241,458,1
5321,624,756,1
5322,1152,711,0
5323,1117,1421,1
5324,491,1230,1
5325,12,1126,0
5326,882,1415,0
5327,111,609,0
5328,1216,1045,1
5329,822,1163,0
5330,1372,277,0
5331,408,65,1
5332,1117,80,0
5333,121,377,0
5334,1022,1366,0
5335,1408,355,1
5336,977,473,1
5337,1394,405,1
5338,157,935,0
5339,597,259,1
5340,945,36,0
5341,896,669,0
5342,235,124,0
5343,550,1190,0
5344,125,263,1
5345,125,939,1
5346,334,259,1
5347,200,246,1
5348,712,241,0
5349,1370,317,1
5350,335,510,1
5351,121,1234,1
5352,1358,911,0
5353,520,1227,0
5354,437,753,0
5355,1297,209,1
5356,1326,1075,1
5357,11,851,0
5358,268,491,1
5359,1216,475,1
5360,1287,806,0
5361,261,1205,1
5362,495,730,1
5363,546,396,0
5364,922,1421,1
5365,508,1352,0
5366,649,535,0
5367,27,922,0
5368,629,280,1
5369,816,1273,1
5370,957,1431,1
5371,27,1105,0
5372,810,780,1
5373,608,534,0
5374,490,1035,0
5375,160,917,0
5376,731,874,1
5377,280,128,0
5378,707,1153,1
5379,373,652,1
5380,1436,1279,0
5381,1287,155,0
5382,589,498,1
5383,473,272,1
5384,896,1001,0
5385,25,491,1
5386,751,1028,0
5387,1194,1117,0
5388,1404,229,0
5389,302,307,1
5390,268,195,0
5391,179,263,0
5392,735,907,0
5393,173,1110,0
5394,1431,275,0
5395,408,922,1
5396,1358,784,0
5397,793,165,0
5398,693,207,0
5399,590,272,1
5400,1333,718,0
5401,624,567,0
5402,1386,837,1
5403,407,1162,0
5404,525,1215,0
5405,212,284,1
5406,1206,408,1
5407,408,1205,1
5408,1161,107,1
5409,408,1216,1
5410,787,400,0
5411,816,215,1
5412,627,113,1
5413,339,1364,0
5414,535,992,0
5415,1297,743,0
5416,1138,1319,1
5417,589,408,1
5418,438,366,0
5419,292,468,0
5420,793,122,1
5421,945,813,0
5422,816,603,1
5423,624,835,1
5424,770,565,1
5425,202,1154,0
5426,157,125,1
5427,113,776,1
5428,480,365,0
5429,793,571,1
5430,381,224,1
5431,155,995,0
5432,633,876,1
5433,650,578,0
5434,1158,217,0
5435,903,1305,1
5436,261,1218,1
5437,464,274,1
5438,1042,148,0
5439,103,455,0
5440,1183,355,1
5441,636,381,1
5442,224,816,1
5443,223,190,0
5444,836,473,1
5445,953,848,0
5446,731,495,1
5447,64,1418,0
5448,256,520,0
5449,1256,1382,0
5450,316,661,0
5451,1176,493,1
5452,607,428,1
5453,1256,1166,0
5454,749,874,0
5455,1284,881,0
5456,60,1064,0
5457,489,257,0
5458,1258,78,0
5459,1116,743,0
5460,878,1005,0
5461,495,883,1
5462,1447,860,0
5463,880,590,0
5464,58,907,0
5465,707,201,0
5466,185,858,0
5467,1431,1336,1
5468,697,343,1
5469,5,404,1
5470,293,827,1
5471,1325,169,0
5472,108,1308,0
5473,336,1276,0
5474,1445,860,0
5475,173,542,0
5476,172,86,0
5477,495,1205,1
5478,1370,389,0
5479,945,682,1
5480,60,73,0
5481,1115,203,0
5482,3,46,0
5483,1206,1305,1
5484,155,313,1
5485,336,1187,0
5486,885,99,0
5487,1392,1267,1
5488,957,1149,1
5489,593,328,0
5490,451,313,1
5491,589,1256,1
5492,883,404,1
5493,212,743,0
5494,173,1137,0
5495,387,1146,0
5496,918,76,0
5497,1115,787,1
5498,313,532,1
5499,722,903,0
5500,697,756,1
5501,787,1431,1
5502,331,946,0
5503,491,988,1
5504,308,1268,0
5505,296,1257,1
5506,458,816,1
5507,465,1342,0
5508,590,702,1
5509,827,608,1
5510,917,98,0
5511,76,495,1
5512,590,194,1
5513,518,334,1
5514,448,396,1
5515,85,74,0
5516,331,465,0
5517,658,37,0
5518,299,882,0
5519,980,454,1
5520,837,1333,1
5521,454,215,0
5522,212,915,1
5523,1257,403,1
5524,1403,1039,1
5525,1343,1066,1
5526,1329,1194,1
5527,280,1256,1
5528,789,769,1
5529,293,545,0
5530,473,915,1
5531,1392,756,1
5532,892,527,1
5533,1361,1284,0
5534,979,218,0
5535,1258,162,0
5536,224,823,0
5537,7,117,0
5538,156,124,0
5539,1103,1123,0
5540,29,304,0
5541,532,939,1
5542,490,626,0
5543,774,779,0
5544,119,551,1
5545,1376,618,1
5546,520,840,0
5547,474,1442,0
5548,211,1424,1
5549,381,1361,1
5550,944,1283,0
5551,707,641,1
5552,957,1183,1
5553,77,1114,1
5554,816,1117,1
5555,1206,1016,0
5556,1083,387,1
5557,1116,953,0
5558,387,608,0
5559,922,52,1
5560,696,40,0
5561,313,706,1
5562,146,743,0
5563,5,947,1
5564,308,855,0
5565,953,695,1
5566,787,472,0
5567,503,370,0
5568,777,1151,0
5569,403,506,1
5570,335,512,1
5571,854,464,0
5572,1160,780,1
5573,693,1140,0
5574,953,322,0
5575,40,135,0
5576,603,874,1
5577,355,787,1
5578,65,633,1
5579,546,1363,0
5580,125,790,1
5581,517,113,0
5582,20,42,0
5583,1445,595,0
5584,706,939,1
5585,212,1307,1
5586,335,904,0
5587,987,608,0
5588,299,1105,0
5589,272,1047,0
5590,590,1251,1
5591,215,76,1
5592,473,753,1
5593,1191,1021,0
5594,64,748,0
5595,357,704,0
5596,1216,816,1
5597,335,225,0
5598,576,898,0
5599,1306,150,0
5600,1408,912,1
5601,1392,1128,0
5602,1280,602,1
5603,1329,1071,0
5604,825,576,0
5605,607,576,0
5606,215,494,0
5607,19,1249,1
5608,458,383,1
5609,1102,943,0
5610,579,822,0
5611,1255,458,1
5612,545,627,1
5613,383,589,1
5614,777,667,0
5615,1168,403,0
5616,119,1043,1
5617,1408,796,0
5618,103,1403,1
5619,381,562,1
5620,1160,125,1
5621,852,52,0
5622,579,1123,0
5623,329,1189,0
5624,406,1053,1
5625,1010,881,1
5626,1255,151,1
5627,495,1413,1
5628,490,607,1
5629,211,381,1
5630,589,224,1
5631,607,642,1
5632,1216,632,0
5633,487,193,0
5634,1149,923,1
5635,469,1336,0
5636,712,77,1
5637,261,118,0
5638,197,575,0
5639,545,495,1
5640,76,296,1
5641,448,1055,1
5642,454,519,0
5643,1421,327,1
5644,1380,104,0
5645,1216,751,1
5646,932,1155,0
5647,707,314,0
5648,1394,311,1
5649,1294,682,1
5650,65,376,1
5651,508,201,0
5652,491,693,1
5653,429,1066,0
5654,1130,352,1
5655,211,863,0
5656,416,1389,0
5657,1192,260,0
5658,829,1044,0
5659,56,760,0
5660,1085,828,0
5661,885,352,1
5662,215,414,1
5663,1192,927,0
5664,1183,319,0
5665,633,1253,1
5666,535,264,0
5667,945,583,0
5668,441,860,0
5669,250,208,0
5670,854,940,0
5671,302,551,1
5672,196,1342,0
5673,601,616,0
5674,1270,454,0
5675,11,971,0
5676,121,1194,0
5677,428,1197,0
5678,406,925,0
5679,381,211,1
5680,1306,1355,0
5681,351,683,0
5682,358,1019,0
5683,65,214,0
5684,1156,84,1
5685,194,1226,0
5686,1161,1370,0
5687,1257,774,0
5688,113,1331,1
5689,473,336,1
5690,643,605,0
5691,416,304,0
5692,491,837,1
5693,296,495,1
5694,1229,830,0
5695,332,437,1
5696,675,29,0
5697,693,296,1
5698,352,381,1
5699,341,5,1
5700,1218,528,0
5701,589,579,1
5702,816,1329,0
5703,5,393,0
5704,768,1078,0
5705,836,79,0
5706,698,1327,0
5707,331,1149,1
5708,381,341,1
5709,895,169,1
5710,1098,713,0
5711,638,378,0
5712,642,154,1
5713,697,238,1
5714,1413,1373,1
5715,58,57,0
5716,1130,691,1
5717,313,155,1
5718,712,355,1
5719,693,476,0
5720,671,934,0
5721,1152,483,0
5722,125,436,0
5723,1256,804,0
5724,695,1118,1
5725,903,1288,0
5726,45,376,0
5727,822,755,0
5728,261,812,1
5729,1408,892,0
5730,827,1382,0
5731,822,884,1
5732,1421,1337,1
5733,1149,1403,1
5734,408,1424,1
5735,626,321,0
5736,793,699,0
5737,339,1422,0
5738,1348,1338,1
5739,649,282,0
5740,469,939,0
5741,355,885,1
5742,113,243,1
5743,1315,352,0
5744,1194,434,0
5745,1447,873,1
5746,1425,1245,0
5747,1403,1017,1
5748,103,746,1
5749,235,186,0
5750,7,1331,1
5751,1107,458,1
5752,1160,1306,1
5753,356,913,1
5754,491,1125,0
5755,299,531,0
5756,387,754,0
5757,500,415,0
5758,1425,1421,1
5759,473,1072,1
5760,743,1338,0
5761,335,1417,1
5762,314,325,1
5763,76,621,1
5764,624,1159,1
5765,892,1157,0
5766,545,1443,0
5767,642,1361,1
5768,1413,511,1
5769,1216,1316,0
5770,119,1253,1
5771,777,706,0
5772,1083,84,0
5773,495,1115,1
5774,589,464,1
5775,749,658,1
5776,814,377,1
5777,1216,1195,1
5778,1394,1065,1
5779,1161,473,1
5780,7,1415,0
5781,56,816,1
5782,885,475,1
5783,1102,236,1
5784,29,1289,1
5785,60,1423,1
5786,880,810,1
5787,448,1041,0
5788,1280,1439,1
5789,1191,784,0
5790,473,876,1
5791,1289,0,1
5792,103,1447,0
5793,105,1251,1
5794,491,920,1
5795,1169,756,1
5796,565,181,0
5797,1403,915,0
5798,314,608,1
5799,341,816,1
5800,1066,66,0
5801,119,1059,1
5802,1289,978,0
5803,215,722,1
5804,624,1374,1
5805,757,593,0
5806,1408,17,0
5807,1306,355,1
5808,334,1408,1
5809,77,220,0
5810,1333,279,0
5811,313,1125,0
5812,407,1056,0
5813,854,1388,0
5814,381,261,1
5815,1127,553,0
5816,616,231,0
5817,1256,280,1
5818,11,742,0
5819,1083,349,0
5820,883,947,1
5821,1102,515,0
5822,1169,342,0
5823,334,573,1
5824,679,6,0
5825,314,1177,1
5826,428,702,1
5827,848,996,0
5828,724,1157,0
5829,211,1206,1
5830,1176,1256,1
5831,45,1351,0
5832,0,904,0
5833,101,1390,0
5834,949,943,0
5835,508,571,0
5836,886,1274,0
5837,223,698,1
5838,627,1060,1
5839,1160,633,1
5840,373,753,1
5841,143,1308,1
5842,953,212,1
5843,702,456,0
5844,236,665,0
5845,493,441,1
5846,988,466,0
5847,105,541,0
5848,675,33,0
5849,143,566,1
5850,532,706,1
5851,156,1252,0
5852,1408,101,1
5853,702,290,1
5854,848,1227,0
5855,402,1217,0
5856,707,1353,1
5857,473,628,1
5858,987,643,1
5859,949,1087,1
5860,1378,1063,0
5861,787,355,1
5862,836,1392,1
5863,806,848,1
5864,627,1183,1
5865,65,414,1
5866,603,1045,1
5867,476,181,1
5868,1183,692,1
5869,1306,1394,1
5870,498,603,1
5871,1255,280,1
5872,490,1218,0
5873,881,210,1
5874,1010,609,1
5875,658,573,1
5876,886,1395,1
5877,155,546,1
5878,1069,937,0
5879,642,608,1
5880,748,1117,0
5881,1236,413,0
5882,1241,74,1
5883,892,321,0
5884,341,762,1
5885,1378,940,0
5886,373,1194,1
5887,918,441,1
5888,1436,1090,0
5889,1032,111,1
5890,1258,1065,0
5891,1403,158,1
5892,702,428,1
5893,1158,1168,1
5894,508,1429,0
5895,268,107,0
5896,339,1117,0
5897,1094,444,1
5898,201,284,0
5899,629,1097,0
5900,335,1392,1
5901,296,555,0
5902,707,425,1
5903,381,492,1
5904,731,516,1
5905,591,832,1
5906,1331,553,1
5907,608,1338,1
5908,491,140,1
5909,627,1082,1
5910,579,346,0
5911,272,293,1
5912,999,130,0
5913,101,616,0
5914,1333,488,0
5915,473,666,1
5916,987,1298,1
5917,827,573,1
5918,433,1117,1
5919,1413,1097,1
5920,731,1337,1
5921,545,816,1
5922,100,1340,0
5923,1439,861,0
5924,1169,560,1
5925,332,1001,0
5926,1331,706,0
5927,77,414,0
5928,119,623,0
5929,1138,1249,1
5930,1348,1092,0
5931,886,1186,1
5932,1331,1186,0
5933,19,765,0
5934,1266,71,0
5935,1425,1438,0
5936,352,1060,1
5937,1167,20,0
5938,624,350,1
5939,1395,724,1
5940,793,1193,0
5941,76,906,0
5942,100,1378,1
5943,293,617,1
5944,1413,79,1
5945,918,458,1
5946,1368,638,1
5947,543,1019,0
5948,848,354,0
5949,155,907,1
5950,545,494,1
5951,336,514,1
5952,376,54,1
5953,816,435,1
5954,1378,387,0
5955,1378,746,0
5956,406,1068,1
5957,381,579,1
5958,1161,1123,1
5959,1394,491,1
5960,125,837,1
5961,852,350,0
5962,550,194,0
5963,308,73,1
5964,706,1149,0
5965,361,573,1
5966,236,1357,0
5967,1280,193,0
5968,642,908,1
5969,607,1395,1
5970,1260,753,1
5971,810,515,1
5972,1270,1402,0
5973,908,1051,1
5974,1156,351,0
5975,1134,193,0
5976,352,1004,0
5977,16,1183,1
5978,675,120,0
5979,1439,1275,0
5980,290,181,0
5981,195,146,1
5982,445,32,0
5983,1358,1083,0
5984,101,1369,0
5985,111,656,0
5986,1351,419,1
5987,579,435,1
5988,1403,71,1
5989,125,314,1
5990,403,1124,1
5991,532,1297,1
5992,437,1343,0
5993,181,1067,0
5994,697,836,1
5995,201,1266,1
5996,810,75,0
5997,1258,979,0
5998,625,768,0
5999,857,598,0
6000,383,1255,1
6001,608,207,0
6002,334,627,1
6003,65,491,1
6004,987,442,1
6005,439,1408,0
6006,698,760,0
6007,488,810,0
6008,355,1130,1
6009,65,352,1
6010,1168,83,0
6011,172,1089,0
6012,624,272,1
6013,335,1336,1
6014,1270,839,0
6015,624,450,1
6016,903,1029,1
6017,1257,471,0
6018,76,439,1
6019,1183,1082,1
6020,591,1151,0
6021,146,1256,1
6022,702,143,1
6023,1411,286,0
6024,919,41,0
6025,121,789,1
6026,1306,780,1
6027,939,1385,0
6028,695,140,1
6029,999,519,1
6030,103,479,0
6031,439,1262,0
6032,1361,954,0
6033,382,1081,0
6034,658,137,0
6035,892,65,1
6036,147,902,0
6037,957,109,0
6038,355,712,1
6039,627,344,0
6040,272,867,1
6041,1200,1343,0
6042,329,1391,0
6043,707,48,1
6044,94,3,0
6045,712,143,1
6046,56,525,1
6047,65,107,1
6048,1108,1070,1
6049,661,648,0
6050,480,1129,0
6051,608,314,1
6052,249,403,1
6053,1431,1378,0
6054,517,22,0
6055,1045,327,1
6056,543,963,0
6057,735,153,0
6058,895,1353,1
6059,200,362,1
6060,970,1311,0
6061,854,1421,1
6062,608,837,1
6063,629,998,1
6064,408,327,1
6065,696,590,1
6066,402,693,0
6067,1439,733,1
6068,869,1128,0
6069,1356,37,0
6070,357,1212,0
6071,25,1021,0
6072,801,545,1
6073,895,1016,1
6074,1394,366,0
6075,751,252,0
6076,1124,1191,0
6077,1201,1114,0
6078,774,895,0
6079,768,136,0
6080,418,1297,1
6081,1392,140,1
6082,649,280,0
6083,1083,1163,0
6084,591,186,0
6085,249,7,1
6086,194,590,1
6087,358,1290,0
6088,458,280,1
6089,924,482,0
6090,143,547,0
6091,1210,1067,0
6092,1270,927,0
6093,2,608,1
6094,617,399,0
6095,837,517,0
6096,101,325,0
6097,202,713,0
6098,770,1424,1
6099,495,1376,1
6100,399,171,0
6101,1436,968,0
6102,1343,444,1
6103,1343,84,1
6104,1260,731,0
6105,355,1254,1
6106,1127,597,0
6107,1216,1424,1
6108,94,1168,0
6109,383,749,1
6110,451,147,1
6111,201,50,0
6112,5,1361,1
6113,314,468,1
6114,1158,939,1
6115,518,0,1
6116,1117,387,0
6117,403,793,1
6118,58,597,0
6119,1210,535,1
6120,1070,495,1
6121,48,487,1
6122,491,442,1
6123,272,1107,0
6124,816,196,0
6125,1221,176,0
6126,209,84,1
6127,983,1345,0
6128,1108,406,1
6129,1240,362,0
6130,1199,1422,0
6131,1361,461,0
6132,195,99,0
6133,1370,703,1
6134,1257,832,0
6135,903,1016,0
6136,19,89,0
6137,787,1441,1
6138,403,862,1
6139,702,451,1
6140,605,958,0
6141,1260,147,0
6142,111,1039,0
6143,1297,1240,0
6144,469,471,0
6145,157,109,0
6146,7,355,1
6147,730,165,0
6148,1160,1297,1
6149,261,415,0
6150,540,1010,0
6151,793,1304,1
6152,54,249,0
6153,1348,787,1
6154,987,421,0
6155,465,890,0
6156,29,638,1
6157,341,211,1
6158,1372,675,0
6159,383,1410,0
6160,108,352,1
6161,878,1319,0
6162,878,114,0
6163,200,48,1
6164,1160,644,1
6165,474,961,0
6166,1069,1419,0
6167,1255,1057,0
6168,1372,381,0
6169,607,1350,1
6170,1045,1346,0
6171,702,626,1
6172,732,738,0
6173,896,308,0
6174,316,724,1
6175,576,554,0
6176,1425,495,1
6177,579,381,1
6178,1045,495,1
6179,1179,1262,0
6180,1199,498,0
6181,829,865,0
6182,770,1266,0
6183,1306,231,1
6184,999,883,1
6185,1161,560,1
6186,373,1346,1
6187,1046,639,0
6188,1413,440,0
6189,939,719,0
6190,1257,873,1
6191,730,516,1
6192,999,260,0
6193,970,749,1
6194,944,996,0
6195,957,1386,1
6196,491,1441,1
6197,565,274,1
6198,1046,1323,0
6199,970,271,0
6200,373,294,0
6201,464,839,0
6202,1436,325,1
6203,433,922,1
6204,403,788,0
6205,787,403,1
6206,731,978,0
6207,406,355,1
6208,255,653,0
6209,1358,1403,1
6210,476,321,0
6211,1394,1286,1
6212,939,313,1
6213,1315,1292,0
6214,1431,738,0
6215,357,1230,0
6216,790,376,1
6217,590,724,1
6218,774,144,0
6219,903,306,1
6220,428,506,1
6221,793,5,1
6222,12,1162,0
6223,418,1165,0
6224,1248,1015,1
6225,1191,259,1
6226,541,309,0
6227,224,993,0
6228,355,1348,1
6229,1413,1107,1
6230,491,1368,1
6231,1183,1004,1
6232,999,1256,1
6233,1010,1156,1
6234,464,947,1
6235,66,898,0
6236,1161,1310,1
6237,675,182,0
6238,695,344,1
6239,200,1075,1
6240,1169,1419,1
6241,922,1070,1
6242,495,698,1
6243,543,550,0
6244,1045,408,1
6245,608,1237,1
6246,1032,190,1
6247,939,720,0
6248,1025,37,0
6249,495,54,1
6250,439,568,1
6251,235,107,1
6252,336,511,0
6253,616,481,0
6254,335,1143,1
6255,16,464,0
6256,314,125,1
6257,607,41,0
6258,987,607,1
6259,1230,853,0
6260,1230,914,0
6261,406,325,0
6262,1064,684,0
6263,1358,928,0
6264,814,8,0
6265,697,272,1
6266,892,967,0
6267,85,1351,1
6268,1062,147,0
6269,712,498,1
6270,261,1056,1
6271,702,355,1
6272,428,1423,0
6273,441,458,1
6274,442,1242,0
6275,573,816,1
6276,825,971,0
6277,1268,1164,0
6278,1392,704,1
6279,624,1056,1
6280,264,1348,1
6281,1447,470,0
6282,892,788,0
6283,693,562,1
6284,629,189,0
6285,854,1376,1
6286,593,47,0
6287,632,1033,0
6288,985,740,0
6289,697,1338,0
6290,120,1373,0
6291,1025,427,0
6292,1248,731,0
6293,157,862,1
6294,1413,1419,1
6295,953,1253,1
6296,624,765,1
6297,418,545,1
6298,408,17,0
6299,215,816,1
6300,500,1073,0
6301,697,1442,1
6302,442,28,1
6303,94,408,1
6304,241,252,0
6305,296,1082,1
6306,816,770,1
6307,643,573,0
6308,565,1193,1
6309,1176,458,1
6310,1124,787,0
6311,332,962,0
6312,1045,497,0
6313,12,851,0
6314,272,912,1
6315,886,987,1
6316,1268,694,0
6317,28,1279,0
6318,190,1207,0
6319,399,482,0
6320,698,456,1
6321,1306,1132,1
6322,883,1216,1
6323,675,446,0
6324,494,846,0
6325,314,461,1
6326,314,387,1
6327,671,142,1
6328,1199,179,0
6329,261,169,1
6330,16,439,1
6331,829,1156,0
6332,896,3,0
6333,518,1289,1
6334,296,1315,0
6335,336,238,1
6336,601,904,0
6337,896,85,0
6338,541,1374,0
6339,209,1124,1
6340,1270,105,0
6341,290,394,0
6342,702,980,0
6343,675,1126,0
6344,806,858,0
6345,498,341,1
6346,1413,607,1
6347,895,406,1
6348,1160,1350,0
6349,1426,725,0
6350,3,313,1
6351,1248,675,0
6352,608,523,0
6353,970,496,0
6354,396,249,0
6355,1356,113,0
6356,1413,1241,1
6357,1358,1305,0
6358,712,874,1
6359,979,1040,0
6360,565,355,1
6361,1431,571,0
6362,474,595,0
6363,1439,1004,1
6364,66,1168,1
6365,491,803,0
6366,113,548,1
6367,94,781,0
6368,573,334,1
6369,160,1170,0
6370,84,177,1
6371,883,524,0
6372,489,192,0
6373,287,322,0
6374,1403,478,1
6375,814,52,1
6376,1403,303,1
6377,190,672,1
6378,867,353,0
6379,1394,988,0
6380,45,401,0
6381,570,209,1
6382,468,695,1
6383,256,980,0
6384,629,73,1
6385,825,1354,0
6386,1086,55,0
6387,517,506,0
6388,352,231,1
6389,1216,627,1
6390,1392,904,0
6391,7,259,0
6392,1289,1375,0
6393,700,847,0
6394,735,401,0
6395,361,334,1
6396,1202,514,1
6397,212,107,1
6398,1042,23,0
6399,428,64,0
6400,1076,689,0
6401,458,1326,1
6402,1255,678,0
6403,597,779,0
6404,1403,1233,1
6405,593,255,0
6406,1337,826,0
6407,493,464,1
6408,579,899,0
6409,1229,882,0
6410,1094,662,0
6411,1361,510,0
6412,708,288,0
6413,1248,1259,0
6414,5,642,1
6415,119,91,1
6416,1199,132,0
6417,707,248,1
6418,917,1241,0
6419,675,769,0
6420,1094,1140,1
6421,748,404,0
6422,1206,903,1
6423,54,508,1
6424,100,411,0
6425,945,289,0
6426,474,926,0
6427,381,590,1
6428,181,94,1
6429,293,209,1
6430,143,428,1
6431,652,925,0
6432,224,817,1
6433,1084,210,0
6434,1083,234,0
6435,1411,532,0
6436,493,642,1
6437,296,1217,0
6438,334,470,0
6439,886,236,1
6440,418,593,0
6441,630,1007,0
6442,491,1160,1
6443,341,883,1
6444,335,344,1
6445,597,643,1
6446,94,1185,0
6447,381,1296,0
6448,119,1336,1
6449,664,757,0
6450,697,1161,1
6451,1124,778,0
6452,1158,1366,0
6453,418,120,0
6454,473,1442,1
6455,64,969,0
6456,1256,103,0
6457,211,918,1
6458,949,216,0
6459,1280,313,0
6460,406,116,1
6461,236,1236,0
6462,983,1432,1
6463,146,750,0
6464,1392,336,1
6465,908,832,0
6466,495,403,1
6467,195,642,1
6468,633,466,1
6469,125,258,0
6470,565,1173,0
6471,314,71,1
6472,1289,1350,1
6473,985,538,0
6474,355,1421,1
6475,1268,216,0
6476,825,966,0
6477,491,216,1
6478,945,420,1
6479,658,749,1
6480,5,259,1
6481,19,386,0
6482,591,689,1
6483,465,777,0
6484,642,878,1
6485,408,1060,1
6486,525,1120,0
6487,25,338,0
6488,27,828,0
6489,495,922,1
6490,953,1020,0
6491,1392,871,1
6492,272,1103,0
6493,886,1098,0
6494,789,1321,1
6495,854,1337,1
6496,1294,249,1
6497,454,607,1
6498,54,1216,1
6499,1439,99,1
6500,895,377,1
6501,1130,215,1
6502,770,1361,1
6503,224,1255,1
6504,1176,551,0
6505,352,377,0
6506,428,405,0
6507,498,223,1
6508,579,1424,1
6509,464,140,0
6510,1297,418,1
6511,60,716,1
6512,603,322,0
6513,607,571,0
6514,793,1181,0
6515,999,195,1
6516,886,701,0
6517,679,245,0
6518,816,108,1
6519,448,273,1
6520,473,805,1
6521,464,1255,1
6522,1287,401,0
6523,495,352,1
6524,862,780,1
6525,403,789,1
6526,1447,115,1
6527,461,837,1
6528,382,810,0
6529,355,103,0
6530,473,40,0
6531,185,407,0
6532,58,1438,0
6533,608,827,1
6534,357,165,1
6535,535,1056,1
6536,1085,1317,0
6537,1331,113,1
6538,1413,1174,0
6539,1394,908,0
6540,1161,571,0
6541,1289,835,1
6542,854,885,1
6543,406,48,1
6544,1249,85,1
6545,1183,1350,0
6546,508,1409,0
6547,1372,180,0
6548,1274,1221,0
6549,1408,1321,1
6550,703,373,1
6551,730,146,1
6552,476,111,1
6553,1070,207,1
6554,468,109,0
6555,3,611,0
6556,155,819,1
6557,438,255,0
6558,1403,853,1
6559,493,458,1
6560,624,335,1
6561,868,617,0
6562,399,919,0
6563,827,1247,0
6564,17,823,0
6565,576,175,0
6566,980,897,0
6567,827,1161,1
6568,322,1299,0
6569,540,1239,0
6570,1348,779,1
6571,439,621,1
6572,296,1209,0
6573,355,94,1
6574,633,178,1
6575,1181,770,1
6576,506,838,0
6577,957,638,1
6578,707,602,0
6579,143,1400,0
6580,280,314,1
6581,837,155,1
6582,1156,1044,0
6583,627,223,1
6584,579,1380,0
6585,1179,448,1
6586,1046,78,0
6587,697,876,1
6588,493,999,1
6589,408,816,1
6590,1138,272,1
6591,1372,767,0
6592,607,25,0
6593,106,1273,0
6594,489,86,0
6595,85,890,0
6596,445,1284,0
6597,357,642,1
6598,280,808,0
6599,627,1062,0
6600,461,1411,1
6601,68,104,0
6602,209,403,1
6603,696,896,0
6604,428,813,0
6605,1331,1149,1
6606,217,811,0
6607,441,1382,0
6608,703,175,0
6609,607,696,0
6610,579,1326,1
6611,883,165,1
6612,1378,40,0
6613,119,265,0
6614,918,642,1
6615,1045,603,1
6616,1094,1055,0
6617,996,330,0
6618,1255,883,1
6619,732,470,0
6620,1368,410,0
6621,517,148,0
6622,215,373,1
6623,200,288,1
6624,878,690,0
6625,985,235,0
6626,1392,411,0
6627,28,1343,1
6628,125,741,0
6629,381,111,1
6630,722,1168,1
6631,399,30,0
6632,1413,1031,1
6633,1413,231,1
6634,576,393,0
6635,816,464,1
6636,48,1206,0
6637,194,147,0
6638,789,121,1
6639,591,32,0
6640,979,1074,0
6641,626,807,1
6642,731,3,0
6643,1255,798,1
6644,454,17,0
6645,903,1128,0
6646,403,1094,1
6647,125,532,1
6648,48,229,1
6649,1315,787,0
6650,787,495,1
6651,1333,1300,0
6652,292,690,0
6653,327,1182,0
6654,1394,861,1
6655,1413,408,1
6656,1108,249,1
6657,357,1206,1
6658,503,690,0
6659,1202,1279,1
6660,1408,789,1
6661,573,912,1
6662,1149,1017,1
6663,334,1124,1
6664,922,166,0
6665,473,343,1
6666,643,1062,1
6667,125,1168,0
6668,1216,579,1
6669,25,1010,1
6670,816,274,1
6671,339,1077,0
6672,1115,889,0
6673,1206,360,1
6674,451,428,1
6675,290,1064,0
6676,367,45,0
6677,885,562,1
6678,65,816,1
6679,953,608,1
6680,983,996,0
6681,355,947,1
6682,1268,850,0
6683,406,922,1
6684,1408,717,1
6685,261,644,1
6686,698,685,0
6687,787,590,1
6688,1392,514,1
6689,854,327,1
6690,322,1279,0
6691,299,1376,0
6692,142,566,1
6693,854,330,1
6694,518,209,1
6695,1218,538,0
6696,454,14,0
6697,996,1383,0
6698,827,652,1
6699,27,972,0
6700,1083,144,0
6701,707,1289,1
6702,1421,1249,0
6703,428,1395,0
6704,416,849,0
6705,730,493,1
6706,624,1118,1
6707,793,209,1
6708,1169,811,0
6709,1230,535,0
6710,1368,618,1
6711,790,119,0
6712,924,953,0
6713,945,151,0
6714,1083,745,0
6715,695,94,0
6716,2,571,0
6717,403,216,1
6718,1216,573,1
6719,491,403,1
6720,54,211,0
6721,280,732,0
6722,1070,1075,1
6723,495,428,1
6724,1176,1099,0
6725,487,563,0
6726,261,334,1
6727,693,1307,0
6728,1413,1149,1
6729,503,687,0
6730,816,627,1
6731,376,91,1
6732,495,456,1
6733,1149,725,1
6734,546,533,0
6735,341,730,1
6736,495,275,0
6737,211,495,1
6738,361,1171,0
6739,1229,1177,0
6740,5,769,1
6741,932,272,1
6742,1094,314,1
6743,550,814,0
6744,724,106,0
6745,314,268,1
6746,918,1176,1
6747,836,339,1
6748,335,178,1
6749,608,213,1
6750,630,696,0
6751,493,335,0
6752,1161,677,0
6753,491,919,1
6754,1199,830,0
6755,627,211,1
6756,1117,922,1
6757,1070,1030,1
6758,339,1043,1
6759,100,1065,0
6760,624,466,1
6761,1216,1213,1
6762,1411,1232,0
6763,695,915,1
6764,1436,1026,0
6765,280,333,0
6766,403,85,1
6767,464,883,1
6768,633,1311,0
6769,336,1043,1
6770,202,1333,0
6771,403,1173,0
6772,658,737,0
6773,543,776,1
6774,438,722,0
6775,793,310,0
6776,822,1035,0
6777,1098,125,1
6778,20,935,0
6779,2,403,1
6780,1361,770,1
6781,1268,514,0
6782,314,217,1
6783,624,1408,1
6784,1403,1408,0
6785,121,899,1
6786,264,1005,0
6787,867,143,1
6788,355,874,1
6789,1248,816,1
6790,626,850,0
6791,256,558,0
6792,357,1163,1
6793,1240,1208,0
6794,1298,1031,0
6795,490,491,1
6796,119,1205,1
6797,85,1386,0
6798,56,90,0
6799,793,1241,1
6800,1394,910,0
6801,1149,1319,0
6802,1107,701,0
6803,1191,450,0
6804,724,702,1
6805,1326,1121,1
6806,361,787,0
6807,441,408,1
6808,76,1130,1
6809,1413,1127,0
6810,113,2,0
6811,1025,206,0
6812,433,325,0
6813,749,142,0
6814,495,341,1
6815,416,1168,0
6816,980,812,0
6817,777,1256,0
6818,1116,974,0
6819,77,1062,0
6820,918,1096,0
6821,105,794,0
6822,1294,866,1
6823,836,1374,1
6824,313,1139,0
6825,376,1279,1
6826,697,466,1
6827,428,204,1
6828,157,1052,0
6829,630,492,0
6830,335,560,1
6831,1240,289,0
6832,591,76,0
6833,314,867,0
6834,693,91,1
6835,29,1056,1
6836,428,1410,0
6837,1392,350,1
6838,357,1309,0
6839,1200,536,0
6840,822,692,1
6841,408,603,1
6842,437,672,0
6843,983,474,0
6844,743,891,0
6845,65,215,1
6846,679,935,0
6847,323,874,0
6848,296,977,0
6849,868,121,0
6850,491,66,1
6851,272,932,1
6852,885,1213,1
6853,1161,723,0
6854,1152,1387,0
6855,748,816,0
6856,341,930,1
6857,261,161,1
6858,1230,763,0
6859,953,191,0
6860,957,574,0
6861,1413,107,1
6862,224,770,1
6863,697,1408,1
6864,957,713,0
6865,352,1248,1
6866,217,601,0
6867,155,837,1
6868,1124,428,1
6869,508,732,0
6870,953,1031,1
6871,626,428,1
6872,111,363,0
6873,1447,100,1
6874,854,150,1
6875,1134,1447,0
6876,1249,989,0
6877,113,1122,1
6878,1326,498,1
6879,465,358,0
6880,945,169,1
6881,65,597,0
6882,1156,818,0
6883,624,856,0
6884,5,770,1
6885,403,702,1
6886,1169,1336,1
6887,591,1307,1
6888,367,306,0
6889,1240,1375,0
6890,1260,703,1
6891,774,421,0
6892,334,891,1
6893,570,1289,1
6894,236,908,1
6895,1241,491,1
6896,642,5,1
6897,1161,12,0
6898,408,231,1
6899,1258,1295,0
6900,1206,1361,1
6901,352,914,0
6902,608,1395,1
6903,706,169,0
6904,1202,1097,0
6905,1210,90,0
6906,1202,1442,1
6907,29,835,1
6908,1294,627,1
6909,1066,985,1
6910,770,357,1
6911,1070,169,1
6912,770,425,1
6913,573,827,1
6914,624,1267,1
6915,111,476,1
6916,219,620,0
6917,76,140,1
6918,1126,840,0
6919,101,1370,1
6920,1032,992,0
6921,1115,1343,0
6922,103,959,0
6923,1289,780,1
6924,381,1273,1
6925,1294,1377,1
6926,268,987,1
6927,1411,249,0
6928,590,1315,1
6929,495,751,1
6930,335,140,1
6931,256,947,0
6932,867,642,0
6933,334,702,1
6934,579,1255,1
6935,675,291,0
6936,1368,433,1
6937,1130,533,0
6938,999,288,0
6939,335,1031,1
6940,1022,1012,0
6941,1421,83,0
6942,19,1349,0
6943,1160,272,1
6944,1394,331,0
6945,1168,1158,1
6946,629,559,0
6947,1216,888,0
6948,106,593,0
6949,1191,290,1
6950,672,434,0
6951,28,754,0
6952,589,627,1
6953,157,988,0
6954,626,787,1
6955,1216,698,1
6956,730,999,1
6957,335,277,1
6958,476,249,0
6959,403,293,1
6960,814,926,0
6961,816,428,1
6962,25,1320,1
6963,1117,111,0
6964,1376,433,1
6965,957,56,1
6966,724,313,1
6967,970,288,1
6968,671,491,1
6969,495,1159,0
6970,786,1173,0
6971,882,1403,1
6972,56,121,1
6973,1083,591,0
6974,280,1050,0
6975,1392,240,1
6976,1337,618,1
6977,878,1349,0
6978,299,793,1
6979,433,355,1
6980,1062,273,0
6981,695,1350,1
6982,1183,1162,0
6983,302,169,0
6984,743,588,0
6985,381,311,1
6986,816,458,1
6987,464,441,1
6988,1297,1445,1
6989,1108,357,0
6990,119,800,1
6991,94,1442,1
6992,545,819,1
6993,1413,1160,1
6994,1248,1205,1
6995,589,1121,1
6996,495,1273,1
6997,777,218,0
6998,209,204,1
6999,1216,1016,0
7000,498,357,1
7001,108,820,0
7002,749,452,0
7003,1255,1124,0
7004,1447,1442,0
7005,999,918,1
7006,545,1387,0
7007,579,716,0
7008,381,482,0
7009,1218,1260,1
7010,293,272,1
7011,334,1383,0
7012,428,284,1
7013,1361,45,0
7014,570,645,0
7015,302,615,0
7016,535,624,1
7017,1294,816,1
7018,1370,753,1
7019,327,854,1
7020,543,1017,0
7021,1167,309,0
7022,1025,1243,0
7023,917,56,0
7024,268,481,0
7025,361,418,1
7026,1361,274,1
7027,1108,524,0
7028,355,76,1
7029,361,1051,0
7030,868,533,0
7031,1261,909,0
7032,236,363,0
7033,166,1288,0
7034,700,341,1
7035,932,123,0
7036,589,151,1
7037,1333,319,0
7038,355,475,1
7039,816,1424,1
7040,627,854,1
7041,458,5,1
7042,201,223,0
7043,1168,359,0
7044,125,770,1
7045,381,885,1
7046,1325,139,0
7047,650,1015,1
7048,1394,356,0
7049,837,84,1
7050,1280,561,0
7051,1266,1151,0
7052,1130,1132,1
7053,352,218,0
7054,171,1130,0
7055,697,65,1
7056,336,703,1
7057,1441,1216,1
7058,1394,1056,1
7059,209,1103,1
7060,535,771,0
7061,986,267,0
7062,1294,1350,0
7063,1361,543,1
7064,590,250,1
7065,816,1082,1
7066,602,386,0
7067,546,480,1
7068,331,1263,0
7069,535,1043,1
7070,209,983,1
7071,491,1233,1
7072,986,630,0
7073,1151,712,0
7074,215,1218,1
7075,480,1207,0
7076,545,660,0
7077,493,224,1
7078,696,656,0
7079,336,161,1
7080,590,645,0
7081,1413,311,1
7082,608,251,1
7083,878,1202,0
7084,335,466,1
7085,810,1059,0
7086,160,860,0
7087,65,751,1
7088,607,1289,1
7089,20,253,0
7090,703,649,1
7091,473,953,1
7092,27,584,0
7093,334,56,1
7094,1361,1159,1
7095,506,428,1
7096,487,229,1
7097,65,624,1
7098,113,408,1
7099,217,71,1
7100,147,428,1
7101,1289,272,1
7102,1337,296,0
7103,1255,464,1
7104,593,457,0
7105,473,261,1
7106,1386,957,1
7107,590,301,0
7108,1413,522,1
7109,1351,922,0
7110,293,334,1
7111,1241,666,1
7112,314,307,1
7113,473,1265,0
7114,1167,1218,1
7115,852,1144,0
7116,351,620,0
7117,60,1424,1
7118,979,1029,0
7119,608,607,1
7120,1257,779,1
7121,147,651,1
7122,1361,436,0
7123,111,1237,0
7124,217,703,0
7125,397,830,0
7126,787,1147,0
7127,1230,525,0
7128,58,789,0
7129,1421,1164,0
7130,480,546,1
7131,1169,717,1
7132,1439,308,1
7133,76,887,0
7134,56,334,1
7135,220,814,0
7136,1394,1160,1
7137,56,204,0
7138,86,775,0
7139,565,404,1
7140,1413,498,1
7141,565,700,1
7142,355,770,1
7143,1358,1149,1
7144,822,1044,0
7145,885,108,1
7146,945,48,1
7147,570,22,0
7148,749,588,0
7149,1069,149,0
7150,1115,543,0
7151,121,527,1
7152,1149,754,1
7153,195,271,0
7154,589,113,0
7155,607,236,1
7156,86,59,0
7157,869,786,0
7158,806,590,0
7159,987,748,0
7160,1326,537,0
7161,731,408,1
7162,924,182,0
7163,108,370,0
7164,1386,491,1
7165,924,810,0
7166,357,498,1
7167,314,51,0
7168,590,819,1
7169,473,1214,0
7170,1130,627,1
7171,570,32,0
7172,1411,837,1
7173,1127,1296,0
7174,624,862,0
7175,642,798,1
7176,224,627,1
7177,617,525,0
7178,1306,1217,0
7179,919,491,1
7180,336,697,1
7181,1447,281,0
7182,1216,1115,1
7183,223,914,0
7184,880,1216,0
7185,1194,285,0
7186,1010,937,0
7187,299,1114,1
7188,880,1076,0
7189,770,341,1
7190,607,314,1
7191,491,108,1
7192,986,993,0
7193,190,800,1
7194,703,697,1
7195,570,766,1
7196,748,643,1
7197,1045,68,0
7198,506,116,0
7199,1086,273,1
7200,181,538,0
7201,1425,1276,0
7202,589,441,1
7203,119,335,1
7204,313,125,1
7205,590,607,1
7206,895,1053,1
7207,1413,1014,1
7208,494,24,0
7209,157,666,0
7210,638,1395,1
7211,1181,837,1
7212,217,485,0
7213,1370,1129,0
7214,546,401,0
7215,627,985,1
7216,498,274,1
7217,1368,696,0
7218,1192,222,0
7219,589,495,1
7220,402,58,0
7221,1421,27,0
7222,190,364,0
7223,1130,140,1
7224,999,880,0
7225,633,624,1
7226,895,242,1
7227,816,224,1
7228,1351,223,0
7229,1161,232,0
7230,28,1264,1
7231,313,1137,0
7232,406,377,1
7233,1070,922,1
7234,491,215,1
7235,545,787,1
7236,1216,493,1
7237,103,209,0
7238,1216,590,1
7239,712,1241,1
7240,517,1084,0
7241,106,764,0
7242,280,341,1
7243,953,277,1
7244,100,1369,0
7245,1199,73,0
7246,837,1403,1
7247,373,1066,1
7248,626,408,1
7249,119,510,1
7250,1151,72,0
7251,367,525,1
7252,1158,745,0
7253,335,575,0
7254,408,172,0
7255,335,1067,0
7256,535,1413,1
7257,60,1168,0
7258,881,739,0
7259,439,873,1
7260,403,492,1
7261,1298,22,0
7262,256,309,0
7263,664,293,0
7264,339,561,1
7265,487,57,1
7266,790,445,0
7267,299,712,1
7268,1361,650,0
7269,465,337,0
7270,85,204,1
7271,113,932,0
7272,142,426,0
7273,579,1262,0
7274,1094,229,0
7275,1127,796,0
7276,945,1053,1
7277,807,330,0
7278,1010,1045,0
7279,810,535,1
7280,495,221,0
7281,1395,56,1
7282,607,370,0
7283,1216,296,1
7284,751,957,0
7285,751,879,0
7286,224,1206,1
7287,903,612,0
7288,1297,1411,0
7289,219,1282,0
7290,322,925,0
7291,922,1294,1
7292,358,408,0
7293,1010,177,1
7294,461,1274,1
7295,730,355,1
7296,45,625,0
7297,712,341,0
7298,573,918,0
7299,197,152,0
7300,292,211,0
7301,1370,98,0
7302,970,1103,0
7303,1230,1125,0
7304,387,710,0
7305,671,108,1
7306,408,702,1
7307,882,354,0
7308,570,850,0
7309,1117,854,1
7310,917,712,0
7311,814,895,1
7312,406,345,0
7313,292,853,0
7314,1167,1066,0
7315,323,1253,0
7316,837,373,1
7317,60,1091,1
7318,697,246,0
7319,357,1216,1
7320,94,1312,0
7321,77,793,1
7322,119,835,1
7323,1240,1195,0
7324,219,44,0
7325,550,115,0
7326,1403,215,0
7327,1378,312,1
7328,732,409,1
7329,335,473,1
7330,1378,892,0
7331,261,800,1
7332,1257,712,0
7333,636,1074,0
7334,461,1393,0
7335,77,1279,0
7336,601,185,0
7337,545,194,1
7338,361,1162,0
7339,1199,259,0
7340,255,249,0
7341,977,643,0
7342,953,677,1
7343,807,375,0
7344,1413,568,1
7345,1149,68,1
7346,341,1324,0
7347,693,943,0
7348,20,363,0
7349,1431,957,1
7350,1255,357,1
7351,113,819,0
7352,1070,200,1
7353,491,1019,1
7354,1343,486,1
7355,408,223,1
7356,40,1107,1
7357,168,1386,1
7358,495,573,1
7359,334,251,1
7360,977,912,1
7361,85,697,0
7362,672,978,0
7363,1064,1151,0
7364,491,590,1
7365,880,1122,0
7366,66,525,1
7367,1176,589,1
7368,494,319,0
7369,181,466,0
7370,215,466,1
7371,1181,603,1
7372,1102,842,0
7373,829,574,0
7374,1117,1162,0
7375,1394,350,0
7376,25,304,0
7377,1149,957,1
7378,695,1225,1
7379,197,215,0
7380,48,475,1
7381,1176,918,1
7382,1216,1075,1
7383,76,1348,1
7384,535,240,1
7385,1257,1158,0
7386,329,1225,1
7387,491,502,1
7388,996,1187,0
7389,1395,310,1
7390,171,854,0
7391,1218,658,0
7392,1216,100,0
7393,327,731,1
7394,1236,1231,0
7395,922,618,1
7396,327,1066,1
7397,302,495,1
7398,211,947,1
7399,1070,157,0
7400,216,209,1
7401,642,404,1
7402,223,76,1
7403,1413,76,1
7404,0,132,0
7405,1168,715,0
7406,627,5,1
7407,566,998,0
7408,649,1010,0
7409,408,441,1
7410,1241,573,1
7411,200,377,1
7412,209,1289,1
7413,439,1300,0
7414,451,1361,0
7415,1274,1018,0
7416,617,571,0
7417,327,381,1
7418,1392,1097,1
7419,627,947,1
7420,336,294,1
7421,545,1315,1
7422,65,697,1
7423,1411,822,0
7424,56,293,1
7425,1064,1442,0
7426,590,1313,0
7427,1390,1300,0
7428,1413,904,1
7429,700,940,0
7430,1413,1216,1
7431,731,922,1
7432,885,712,1
7433,793,1439,1
7434,895,475,1
7435,264,1168,1
7436,334,1321,1
7437,1066,456,1
7438,570,1382,0
7439,250,314,1
7440,20,746,0
7441,697,307,1
7442,335,847,0
7443,862,85,1
7444,730,1421,1
7445,143,969,0
7446,1079,356,0
7447,408,589,1
7448,173,215,0
7449,1116,1303,0
7450,1298,543,0
7451,1167,1201,1
7452,573,932,1
7453,1130,495,1
7454,103,53,0
7455,679,1348,0
7456,1156,1229,0
7457,1361,404,1
7458,1085,590,0
7459,1361,762,1
7460,787,69,0
7461,1329,915,0
7462,155,1238,0
7463,636,1010,0
7464,698,381,1
7465,661,1033,0
7466,1395,287,1
7467,5,694,0
7468,292,798,0
7469,1287,1152,0
7470,650,772,0
7471,211,642,1
7472,920,1263,0
7473,381,436,1
7474,1216,80,0
7475,1149,314,1
7476,212,277,1
7477,416,629,0
7478,1255,1206,1
7479,790,339,0
7480,1138,573,1
7481,313,428,1
7482,854,1108,1
7483,1216,597,0
7484,76,1447,1
7485,494,222,0
7486,693,940,1
7487,730,1248,0
7488,731,1045,1
7489,1297,194,1
7490,892,303,0
7491,212,1152,0
7492,979,952,0
7493,1421,466,0
7494,1392,1246,0
7495,437,1139,0
7496,408,6,0
7497,418,1266,0
7498,403,673,1
7499,518,75,0
7500,848,1070,0
7501,264,302,0
7502,408,456,1
7503,1289,20,1
7504,1348,486,0
7505,543,1262,0
7506,1260,209,1
7507,649,171,0
7508,491,462,1
7509,730,5,1
7510,451,696,1
7511,679,570,0
7512,977,370,0
7513,442,181,1
7514,642,395,0
7515,999,341,1
7516,56,1013,0
7517,1421,495,1
7518,1206,770,1
7519,816,204,0
7520,535,756,1
7521,922,627,1
7522,1266,421,1
7523,1386,125,1
7524,173,292,0
7525,2,1328,1
7526,1413,861,1
7527,106,731,0
7528,406,330,1
7529,491,121,1
7530,418,490,1
7531,589,518,0
7532,56,83,0
7533,381,644,1
7534,408,1253,0
7535,2,884,1
7536,1413,1246,1
7537,1268,1407,0
7538,473,1039,0
7539,618,1376,1
7540,290,1223,0
7541,573,445,0
7542,698,712,1
7543,602,490,0
7544,1221,1278,0
7545,957,521,0
7546,29,930,0
7547,836,1342,0
7548,867,148,0
7549,1115,816,1
7550,918,1206,1
7551,264,229,1
7552,1161,1417,1
7553,1210,91,1
7554,111,94,1
7555,1372,611,0
7556,421,887,0
7557,837,364,1
7558,387,1335,0
7559,642,408,1
7560,616,1113,0
7561,469,1077,0
7562,28,1120,0
7563,200,707,1
7564,12,625,1
7565,29,997,0
7566,1270,1396,0
7567,1149,1051,1
7568,334,1230,1
7569,1376,1421,1
7570,356,817,0
7571,56,912,1
7572,625,427,0
7573,924,788,0
7574,1194,918,0
7575,608,1094,1
7576,1426,272,0
7577,441,883,1
7578,334,569,0
7579,816,1254,1
7580,367,722,1
7581,352,1306,1
7582,261,32,0
7583,491,545,1
7584,355,334,1
7585,1083,445,0
7586,642,381,1
7587,1297,1289,1
7588,986,1358,0
7589,1103,1297,1
7590,451,1404,1
7591,652,131,0
7592,664,96,0
7593,76,1413,1
7594,1046,1172,0
7595,695,785,1
7596,335,835,1
7597,1045,472,0
7598,461,1186,0
7599,355,381,1
7600,1216,428,1
7601,60,1302,1
7602,329,892,1
7603,86,1322,0
7604,793,1004,1
7605,132,1050,0
7606,999,1361,0
7607,638,1107,1
7608,119,1056,1
7609,223,858,0
7610,11,73,0
7611,48,1377,1
7612,675,426,0
7613,1251,97,0
7614,652,1371,0
7615,1392,1253,1
7616,108,448,0
7617,448,265,0
7618,1421,612,0
7619,351,1338,0
7620,381,1279,1
7621,885,91,1
7622,172,805,1
7623,1067,1150,0
7624,607,651,1
7625,334,816,1
7626,200,1144,0
7627,77,1254,0
7628,748,1350,1
7629,121,1325,0
7630,983,1422,1
7631,903,897,0
7632,132,1010,0
7633,1413,295,0
7634,1297,787,1
7635,627,1121,1
7636,235,697,1
7637,373,215,1
7638,922,731,1
7639,433,1337,1
7640,0,1419,1
7641,219,209,1
7642,16,668,1
7643,397,1049,0
7644,868,135,0
7645,473,1056,1
7646,293,570,1
7647,816,334,1
7648,829,784,0
7649,501,381,0
7650,172,833,0
7651,77,143,1
7652,1206,1255,1
7653,932,1397,0
7654,488,965,0
7655,1138,917,1
7656,261,815,1
7657,108,143,1
7658,806,780,0
7659,607,827,1
7660,566,142,1
7661,56,7,1
7662,848,866,0
7663,810,892,1
7664,1408,406,1
7665,487,1006,1
7666,120,886,1
7667,495,5,1
7668,1183,380,1
7669,732,1244,0
7670,627,296,1
7671,979,1044,0
7672,490,29,1
7673,1266,18,0
7674,939,448,0
7675,626,943,0
7676,882,275,0
7677,624,644,1
7678,1183,381,1
7679,491,1348,0
7680,12,152,0
7681,698,1243,0
7682,565,1216,1
7683,855,15,0
7684,932,827,1
7685,1294,1331,1
7686,316,1131,0
7687,987,250,0
7688,1032,745,0
7689,1280,904,0
7690,1315,650,0
7691,854,922,1
7692,1376,103,0
7693,387,1181,0
7694,732,190,0
7695,341,498,1
7696,806,67,0
7697,1149,637,1
7698,113,475,1
7699,627,1326,1
7700,451,448,1
7701,1325,314,0
7702,703,336,1
7703,1445,417,0
7704,197,1371,1
7705,85,690,0
7706,399,319,0
7707,837,381,1
7708,638,314,1
7709,829,877,1
7710,406,1009,1
7711,1441,397,0
7712,883,435,1
7713,735,367,0
7714,339,343,1
7715,1413,387,1
7716,408,1082,1
7717,1404,679,0
7718,1326,1324,0
7719,1167,345,0
7720,1258,95,0
7721,1331,1216,1
7722,1218,1114,1
7723,408,545,1
7724,837,71,0
7725,679,494,0
7726,601,1040,0
7727,54,495,1
7728,1191,491,1
7729,642,338,0
7730,545,1348,1
7731,1249,236,1
7732,166,193,0
7733,1218,373,1
7734,712,1045,1
7735,357,381,1
7736,1297,607,1
7737,1370,443,0
7738,396,189,0
7739,770,627,1
7740,1294,1007,0
7741,156,544,0
7742,1066,381,1
7743,885,1294,1
7744,957,1269,1
7745,121,876,1
7746,458,589,1
7747,76,816,1
7748,517,710,0
7749,1169,891,1
7750,1260,1218,1
7751,200,1353,1
7752,1046,1255,0
7753,468,368,0
7754,1169,71,0
7755,45,905,0
7756,1297,5,0
7757,707,1348,0
7758,988,231,0
7759,94,503,0
7760,1169,704,1
7761,810,1328,0
7762,1445,602,1
7763,501,840,0
7764,60,154,0
7765,977,1117,0
7766,1076,1408,0
7767,1258,396,0
7768,280,918,1
7769,608,1149,1
7770,408,194,0
7771,1343,452,0
7772,1240,818,0
7773,1247,708,0
7774,445,592,0
7775,814,828,1
7776,1392,1336,1
7777,695,583,0
7778,16,864,1
7779,143,573,1
7780,1361,567,1
7781,491,1431,1
7782,113,922,1
7783,261,398,1
7784,65,450,1
7785,442,987,1
7786,181,476,1
7787,381,702,1
7788,589,258,1
7789,132,770,0
7790,64,1318,0
7791,854,1377,1
7792,1306,311,1
7793,1229,1064,0
7794,1134,1092,0
7795,603,327,1
7796,357,151,1
7797,491,1350,1
7798,451,494,1
7799,64,1297,0
7800,373,1115,0
7801,143,321,0
7802,66,1378,1
7803,403,1292,0
7804,48,362,1
7805,268,1303,0
7806,7,56,1
7807,476,1282,0
7808,367,438,0
7809,45,488,0
7810,1348,1130,1
7811,591,122,1
7812,196,92,0
7813,1386,577,0
7814,627,563,0
7815,1158,507,0
7816,335,660,0
7817,570,960,0
7818,200,487,1
7819,816,549,0
7820,579,458,1
7821,1094,1241,1
7822,1436,1377,0
7823,403,1072,1
7824,1190,859,0
7825,1066,29,0
7826,908,821,1
7827,1337,835,0
7828,535,1253,1
7829,545,6,1
7830,334,1138,1
7831,787,143,1
7832,749,952,0
7833,883,17,0
7834,1392,1307,1
7835,373,703,1
7836,241,886,0
7837,1255,355,1
7838,1042,1117,0
7839,1337,5,0
7840,1287,315,1
7841,957,314,1
7842,1025,575,0
7843,883,464,1
7844,125,994,0
7845,458,762,1
7846,649,652,1
7847,493,880,0
7848,918,266,0
7849,105,570,1
7850,125,155,1
7851,1421,147,0
7852,810,1343,1
7853,920,241,0
7854,1408,1294,1
7855,1255,1273,0
7856,1426,973,0
7857,1210,1065,1
7858,970,1154,0
7859,679,203,0
7860,770,224,1
7861,493,1424,1
7862,1315,1298,1
7863,1181,133,0
7864,1240,448,1
7865,495,1108,1
7866,451,272,1
7867,491,753,1
7868,387,1083,1
7869,822,1095,0
7870,1103,209,1
7871,695,580,0
7872,624,815,1
7873,816,258,1
7874,287,876,0
7875,108,1114,0
7876,535,344,1
7877,642,258,1
7878,1333,601,0
7879,918,258,1
7880,308,1439,1
7881,211,55,1
7882,323,411,0
7883,132,421,0
7884,693,250,0
7885,707,417,0
7886,702,71,0
7887,1289,862,1
7888,215,189,0
7889,1103,565,0
7890,361,1236,0
7891,1260,1408,1
7892,883,258,1
7893,113,406,1
7894,855,1413,1
7895,987,886,1
7896,597,237,1
7897,1115,456,0
7898,314,1258,0
7899,535,1267,1
7900,1191,1282,0
7901,355,1165,1
7902,707,1075,1
7903,1411,195,0
7904,299,407,0
7905,632,826,0
7906,810,466,1
7907,1403,988,1
7908,829,1314,0
7909,473,1307,1
7910,316,515,0
7911,1045,54,1
7912,1181,1121,0
7913,1216,642,1
7914,68,644,0
7915,697,849,0
7916,790,1052,0
7917,1199,302,0
7918,355,1279,1
7919,810,385,1
7920,591,206,1
7921,836,1004,0
7922,591,1444,1
7923,224,71,0
7924,1076,615,0
7925,1247,412,0
7926,451,293,1
7927,630,1104,0
7928,106,794,0
7929,1441,564,0
7930,922,484,0
7931,883,999,1
7932,1167,506,0
7933,64,149,0
7934,1326,421,0
7935,895,1119,0
7936,590,418,1
7937,1115,1399,0
7938,1394,1159,1
7939,918,1424,1
7940,1216,1121,1
7941,66,107,0
7942,546,156,1
7943,1201,594,1
7944,642,121,1
7945,672,911,0
7946,1202,365,0
7947,814,443,0
7948,397,582,0
7949,387,334,0
7950,722,206,1
7951,827,499,0
7952,1192,564,0
7953,624,581,0
7954,837,143,1
7955,418,264,1
7956,429,805,0
7957,1358,158,1
7958,885,790,1
7959,487,1205,0
7960,491,877,1
7961,220,1042,0
7962,525,305,0
7963,1258,136,0
7964,1127,516,0
7965,445,3,1
7966,535,1059,1
7967,649,606,0
7968,983,795,0
7969,693,873,1
7970,1168,253,0
7971,94,1216,1
7972,249,662,0
7973,105,370,0
7974,816,1255,1
7975,315,970,1
7976,1270,670,0
7977,438,1412,0
7978,185,259,0
7979,1408,1169,1
7980,357,798,1
7981,696,916,0
7982,1126,154,0
7983,1306,388,0
7984,814,314,1
7985,428,56,1
7986,1076,1306,0
7987,672,882,0
7988,1421,516,1
7989,468,314,1
7990,1436,393,1
7991,314,280,1
7992,722,1046,0
7993,196,438,1
7994,919,958,0
7995,196,972,0
7996,1130,1082,1
7997,1394,1254,1
7998,1107,868,0
7999,1149,881,1
8000,880,445,0
8001,1280,299,1
8002,565,498,1
8003,696,270,0
8004,357,408,1
8005,724,87,0
8006,76,1132,1
8007,357,918,1
8008,810,904,1
8009,854,716,1
8010,172,24,0
8011,892,1187,0
8012,535,1442,1
8013,408,76,1
8014,1386,217,0
8015,576,553,0
8016,1160,915,0
8017,1138,658,1
8018,1116,1271,0
8019,261,107,1
8020,579,1405,0
8021,335,1159,1
8022,458,495,1
8023,1268,989,0
8024,996,100,1
8025,327,1366,0
8026,675,51,0
8027,1045,376,1
8028,334,1190,1
8029,1326,49,0
8030,895,1030,1
8031,970,1221,0
8032,143,204,1
8033,822,428,0
8034,862,334,1
8035,855,1404,0
8036,356,1413,0
8037,789,1242,1
8038,313,1076,0
8039,106,103,0
8040,249,1331,1
8041,299,265,1
8042,816,1216,1
8043,579,498,1
8044,658,1044,0
8045,854,730,1
8046,1297,1158,1
8047,1022,875,0
8048,627,475,1
8049,1251,827,1
8050,854,420,1
8051,700,488,0
8052,293,213,0
8053,256,1292,0
8054,402,135,0
8055,878,709,0
8056,985,97,0
8057,381,1363,0
8058,985,885,1
8059,293,592,0
8060,748,308,0
8061,264,167,0
8062,441,770,1
8063,429,1110,0
8064,827,1114,1
8065,672,367,0
8066,255,21,0
8067,335,115,1
8068,793,562,1
8069,1098,467,0
8070,695,972,0
8071,652,608,1
8072,573,325,0
8073,1372,1370,0
8074,29,748,1
8075,202,913,1
8076,854,229,1
8077,1248,876,1
8078,442,837,1
8079,495,1060,1
8080,1284,594,1
8081,381,223,1
8082,1445,1037,0
8083,589,435,1
8084,1392,1444,1
8085,382,1355,0
8086,1206,839,0
8087,1294,770,1
8088,119,697,1
8089,535,1060,1
8090,106,1133,0
8091,355,72,0
8092,1045,1126,0
8093,224,566,0
8094,1426,886,1
8095,84,1152,0
8096,626,1422,1
8097,867,1220,0
8098,1216,357,1
8099,68,125,1
8100,1149,348,1
8101,703,494,0
8102,296,309,1
8103,649,863,0
8104,201,104,0
8105,1067,274,0
8106,573,626,1
8107,25,802,0
8108,607,608,1
8109,403,912,1
8110,491,1394,1
8111,1413,405,1
8112,1315,727,0
8113,706,125,1
8114,508,190,0
8115,334,748,1
8116,119,1352,0
8117,272,658,1
8118,64,849,1
8119,468,1115,1
8120,339,836,1
8121,1066,627,1
8122,60,579,0
8123,1289,570,1
8124,751,778,0
8125,1361,435,1
8126,1202,129,0
8127,707,406,1
8128,827,294,1
8129,789,717,1
8130,1358,1039,1
8131,837,209,1
8132,506,485,1
8133,1266,714,0
8134,190,1138,0
8135,731,1276,0
8136,19,1256,0
8137,1315,983,1
8138,987,1395,1
8139,892,1257,1
8140,565,1361,1
8141,429,170,0
8142,1127,1013,0
8143,445,831,0
8144,1411,995,0
8145,626,334,1
8146,789,1408,1
8147,121,1265,1
8148,418,1228,0
8149,495,798,1
8150,649,1298,0
8151,29,1057,0
8152,439,1162,0
8153,903,90,0
8154,1183,844,1
8155,56,72,0
8156,352,1216,1
8157,0,178,1
8158,535,233,1
8159,1368,1319,1
8160,1390,578,0
8161,1413,685,1
8162,535,641,0
8163,1403,812,0
8164,339,876,1
8165,1380,806,0
8166,892,491,1
8167,608,1370,1
8168,56,1350,1
8169,896,553,0
8170,160,1083,0
8171,314,1056,1
8172,202,388,0
8173,601,520,0
8174,1194,1311,0
8175,829,1368,0
8176,1210,213,1
8177,810,1028,0
8178,473,213,1
8179,697,1427,0
8180,493,1255,1
8181,408,296,1
8182,589,797,0
8183,1191,473,0
8184,1070,249,1
8185,724,696,1
8186,789,673,1
8187,652,1370,1
8188,607,462,1
8189,1032,1371,0
8190,125,1098,1
8191,48,814,1
8192,448,466,0
8193,491,1391,1
8194,627,94,1
8195,383,730,1
8196,308,733,1
8197,1408,100,0
8198,625,12,1
8199,408,1066,1
8200,1045,1410,0
8201,373,907,0
8202,1152,1236,1
8203,56,1446,0
8204,707,828,1
8205,1280,592,0
8206,111,934,0
8207,886,628,0
8208,697,1279,1
8209,1361,553,0
8210,335,1279,1
8211,535,1210,1
8212,308,1221,0
8213,65,133,0
8214,314,229,0
8215,408,381,1
8216,381,666,0
8217,196,589,0
8218,697,722,0
8219,196,1118,0
8220,892,810,1
8221,1297,263,1
8222,1160,91,1
8223,627,601,0
8224,1368,1370,1
8225,48,945,1
8226,949,275,0
8227,209,1115,1
8228,1230,1388,0
8229,722,1366,0
8230,825,1241,1
8231,774,1433,0
8232,869,962,0
8233,854,495,1
8234,1206,1075,1
8235,358,1198,0
8236,355,258,1
8237,1313,981,0
8238,16,839,0
8239,608,0,1
8240,790,1442,1
8241,54,408,1
8242,697,1398,0
8243,334,1061,0
8244,7,495,1
8245,1408,768,0
8246,335,1043,1
8247,313,730,0
8248,1289,213,1
8249,1368,1260,1
8250,1426,274,0
8251,27,877,0
8252,336,1143,1
8253,433,618,1
8254,441,967,0
8255,625,684,0
8256,535,466,1
8257,448,1336,0
8258,1403,837,1
8259,885,1188,0
8260,451,1184,1
8261,406,169,1
8262,695,953,1
8263,882,1445,0
8264,94,1032,1
8265,1126,1115,1
8266,607,458,1
8267,837,1297,1
8268,383,217,0
8269,241,636,0
8270,1236,1186,0
8271,1202,1029,1
8272,1070,393,0
8273,308,77,1
8274,56,1056,1
8275,451,373,1
8276,837,319,0
8277,696,1369,0
8278,299,1280,1
8279,545,672,0
8280,1408,102,0
8281,1045,525,0
8282,120,1214,0
8283,406,1144,0
8284,1070,455,0
8285,376,352,1
8286,625,189,0
8287,84,770,0
8288,945,330,1
8289,261,1159,1
8290,908,278,0
8291,790,358,0
8292,786,172,0
8293,500,870,0
8294,357,404,1
8295,439,1409,1
8296,125,1080,0
8297,1392,457,0
8298,892,863,0
8299,1270,563,0
8300,439,309,1
8301,336,530,1
8302,488,672,0
8303,56,607,1
8304,351,729,0
8305,777,154,0
8306,5,1267,0
8307,607,1096,1
8308,1284,422,0
8309,280,357,1
8310,573,674,0
8311,376,751,1
8312,1372,1163,0
8313,352,712,1
8314,652,1288,0
8315,381,1206,1
8316,881,150,0
8317,1380,114,0
8318,1202,840,0
8319,1158,88,0
8320,20,673,0
8321,64,1079,1
8322,76,950,0
8323,491,1386,1
8324,627,435,1
8325,197,1335,0
8326,1260,1344,0
8327,908,1271,1
8328,437,910,0
8329,1042,1447,0
8330,287,101,0
8331,816,1441,1
8332,793,607,1
8333,1156,25,1
8334,1117,527,0
8335,119,107,1
8336,493,280,1
8337,65,436,0
8338,86,1110,0
8339,143,1251,0
8340,212,1059,1
8341,299,651,0
8342,790,693,1
8343,1069,1145,0
8344,16,1132,1
8345,120,1087,0
8346,1010,1162,0
8347,642,1216,1
8348,939,749,0
8349,1408,795,0
8350,171,621,0
8351,1149,1019,0
8352,702,724,1
8353,1183,495,1
8354,146,1332,0
8355,1151,75,0
8356,1221,1191,0
8357,94,563,0
8358,649,1346,1
8359,299,733,1
8360,1257,1154,0
8361,7,113,1
8362,489,1066,0
8363,428,1413,1
8364,1230,1242,0
8365,250,1245,0
8366,45,787,0
8367,1297,862,1
8368,327,201,0
8369,27,772,0
8370,166,315,1
8371,603,1181,1
8372,518,573,1
8373,570,825,1
8374,488,1069,0
8375,1326,574,0
8376,476,58,0
8377,970,1395,0
8378,143,1280,1
8379,474,121,0
8380,1161,697,1
8381,339,1398,0
8382,671,1371,0
8383,983,764,0
8384,1441,506,1
8385,202,720,0
8386,268,319,0
8387,908,295,1
8388,712,538,0
8389,313,421,1
8390,1376,516,1
8391,19,661,0
8392,1206,341,1
8393,1202,1341,0
8394,608,638,1
8395,408,213,1
8396,1343,820,0
8397,302,853,0
8398,181,1014,0
8399,626,390,0
8400,7,901,0
8401,1022,939,0
8402,1181,557,1
8403,56,419,0
8404,1218,405,1
8405,179,1092,0
8406,1395,228,0
8407,179,1401,0
8408,573,1210,0
8409,837,910,1
8410,261,206,1
8411,408,207,0
8412,1256,1176,1
8413,920,70,0
8414,535,140,1
8415,143,77,1
8416,1256,458,1
8417,397,491,1
8418,341,458,1
8419,498,725,0
8420,979,377,0
8421,1025,118,0
8422,837,886,1
8423,827,753,1
8424,399,1022,0
8425,1436,192,1
8426,473,812,1
8427,143,365,0
8428,636,1351,0
8429,977,311,0
8430,593,465,1
8431,490,908,0
8432,433,662,0
8433,403,428,1
8434,697,1116,0
8435,919,849,0
8436,355,1376,1
8437,593,1400,0
8438,48,516,1
8439,494,784,0
8440,903,979,0
8441,441,520,0
8442,1380,855,0
8443,500,94,0
8444,953,1257,0
8445,469,869,0
8446,810,880,1
8447,1394,1205,1
8448,323,662,0
8449,1251,1319,0
8450,1256,197,0
8451,625,574,0
8452,212,562,0
8453,451,578,0
8454,957,49,0
8455,1343,1370,1
8456,68,182,0
8457,490,1190,0
8458,703,240,1
8459,376,514,0
8460,48,1007,0
8461,627,357,1
8462,1325,1235,1
8463,768,1273,0
8464,491,405,1
8465,202,500,0
8466,1384,754,0
8467,712,627,1
8468,1102,983,1
8469,0,1270,0
8470,474,277,0
8471,707,169,1
8472,790,1297,1
8473,261,65,1
8474,351,992,0
8475,361,294,1
8476,693,1077,0
8477,532,955,1
8478,356,958,0
8479,506,581,0
8480,261,350,1
8481,1280,1242,1
8482,356,567,1
8483,48,895,1
8484,1206,1029,1
8485,1108,355,1
8486,892,800,1
8487,147,1315,0
8488,1167,1411,0
8489,579,883,1
8490,1236,1140,0
8491,570,1138,1
8492,60,135,0
8493,697,1254,1
8494,1447,568,1
8495,217,294,0
8496,241,1270,1
8497,491,1297,1
8498,1083,326,0
8499,1022,284,0
8500,1241,570,1
8501,381,1413,1
8502,19,833,0
8503,352,772,0
8504,100,647,0
8505,1108,922,1
8506,854,1117,1
8507,695,494,0
8508,658,1138,1
8509,1380,367,0
8510,322,262,0
8511,355,327,1
8512,168,1198,0
8513,1346,1114,1
8514,119,277,0
8515,793,1280,1
8516,996,1225,0
8517,1176,361,0
8518,403,259,1
8519,1022,271,0
8520,731,507,0
8521,491,335,1
8522,624,1285,0
8523,1439,230,1
8524,2,494,0
8525,322,519,0
8526,45,827,1
8527,1370,348,0
8528,1247,464,0
8529,1404,82,0
8530,1161,331,0
8531,695,173,0
8532,932,117,0
8533,1241,51,0
8534,883,139,0
8535,1190,413,0
8536,703,173,0
8537,636,1063,0
8538,5,2,0
8539,439,666,1
8540,770,435,1
8541,331,725,1
8542,1394,466,1
8543,1408,1108,1
8544,119,213,1
8545,642,1255,1
8546,1297,451,1
8547,268,711,0
8548,629,115,0
8549,495,458,1
8550,1098,783,0
8551,113,248,1
8552,433,1421,1
8553,1255,816,1
8554,882,1112,0
8555,1255,749,1
8556,1257,492,1
8557,885,1043,1
8558,1395,491,1
8559,607,545,1
8560,373,1218,1
8561,880,861,1
8562,1313,448,1
8563,1064,1345,0
8564,1408,977,1
8565,495,770,1
8566,1356,634,0
8567,983,886,1
8568,979,448,1
8569,106,743,0
8570,525,1328,0
8571,810,372,1
8572,1216,565,1
8573,408,5,1
8574,489,1177,0
8575,454,702,0
8576,922,924,0
8577,441,468,0
8578,40,100,0
8579,201,538,0
8580,215,491,1
8581,1069,1156,0
8582,1094,428,1
8583,1289,155,1
8584,708,695,0
8585,1294,1070,1
8586,618,826,0
8587,256,61,0
8588,491,419,1
8589,125,1365,1
8590,399,624,0
8591,1229,981,0
8592,1183,693,1
8593,983,1426,1
8594,1094,1145,0
8595,361,135,0
8596,296,16,1
8597,712,327,1
8598,336,785,1
8599,816,1043,1
8600,120,1147,0
8601,1255,493,1
8602,160,789,0
8603,1216,1248,1
8604,25,28,1
8605,573,1241,1
8606,1191,355,0
8607,1289,535,1
8608,108,556,0
8609,488,294,0
8610,1384,295,0
8611,579,1121,1
8612,113,1070,1
8613,1176,999,1
8614,45,159,0
8615,1107,746,0
8616,493,59,0
8617,264,425,1
8618,945,200,1
8619,473,644,1
8620,406,248,1
8621,236,1135,0
8622,272,925,1
8623,1160,531,1
8624,731,603,1
8625,108,671,1
8626,730,116,1
8627,1169,677,1
8628,545,1184,1
8629,591,1061,0
8630,3,333,0
8631,566,403,1
8632,339,697,1
8633,498,76,1
8634,1289,292,0
8635,1070,181,0
8636,607,590,1
8637,1156,1193,0
8638,837,428,1
8639,308,584,0
8640,1179,901,0
8641,1076,251,0
8642,743,930,0
8643,454,1047,0
8644,40,802,0
8645,508,602,1
8646,355,1043,1
8647,1408,945,0
8648,649,753,1
8649,632,418,0
8650,988,1149,1
8651,352,430,0
8652,2,1116,0
8653,1413,482,0
8654,209,603,1
8655,445,1336,0
8656,1284,1094,1
8657,1392,884,0
8658,451,1268,0
8659,28,1043,1
8660,1218,1033,0
8661,1010,1201,0
8662,1297,790,1
8663,882,608,1
8664,825,1369,0
8665,84,779,0
8666,428,1215,0
8667,985,842,1
8668,1202,877,1
8669,121,283,0
8670,111,1284,0
8671,16,621,1
8672,1255,404,1
8673,789,104,0
8674,224,47,0
8675,28,213,1
8676,579,642,1
8677,836,213,1
8678,352,406,0
8679,589,836,0
8680,985,1198,0
8681,1127,826,0
8682,101,728,0
8683,429,1296,0
8684,1326,1206,1
8685,86,989,0
8686,376,215,1
8687,748,1062,1
8688,142,76,0
8689,464,579,1
8690,241,293,1
8691,334,491,1
8692,1306,1180,0
8693,209,1350,1
8694,883,642,1
8695,1045,108,1
8696,1070,406,1
8697,1160,491,1
8698,209,361,1
8699,999,487,0
8700,636,1435,0
8701,957,837,1
8702,219,535,0
8703,355,283,1
8704,314,333,1
8705,1368,1269,1
8706,1130,884,1
8707,1394,1059,1
8708,633,107,1
8709,40,437,0
8710,607,1114,1
8711,373,84,1
8712,525,169,0
8713,1202,697,1
8714,886,468,1
8715,290,837,1
8716,441,341,1
8717,1361,1223,1
8718,11,888,0
8719,403,827,1
8720,837,125,1
8721,315,274,0
8722,1372,897,0
8723,977,1142,0
8724,381,1254,1
8725,1094,293,0
8726,17,1045,0
8727,241,644,0
8728,977,328,0
8729,1210,1254,1
8730,491,428,1
8731,58,2,0
8732,1386,608,1
8733,373,1260,1
8734,881,373,1
8735,1176,762,1
8736,280,395,0
8737,806,1194,1
8738,1179,1315,0
8739,1306,531,1
8740,200,1053,1
8741,491,458,1
8742,945,116,1
8743,1257,1434,0
8744,565,817,1
8745,724,544,0
8746,1270,241,1
8747,1161,1213,1
8748,441,1029,1
8749,565,816,1
8750,406,739,0
8751,903,5,1
8752,885,495,1
8753,1098,581,0
8754,525,66,1
8755,56,810,1
8756,194,1297,1
8757,54,1129,1
8758,336,1159,1
8759,77,1103,0
8760,19,1415,0
8761,500,1004,0
8762,143,816,1
8763,223,934,0
8764,54,1030,0
8765,730,1305,1
8766,1107,317,1
8767,999,1283,0
8768,650,1060,0
8769,336,876,1
8770,76,1216,1
8771,918,1075,1
8772,624,738,0
8773,1064,1049,0
8774,0,489,0
8775,403,570,1
8776,922,828,1
8777,355,464,1
8778,836,336,1
8779,1413,1043,1
8780,506,1138,1
8781,1130,1270,0
8782,215,352,1
8783,29,1079,1
8784,316,1338,1
8785,525,722,1
8786,730,884,1
8787,143,741,0
8788,1249,886,1
8789,428,627,1
8790,491,48,0
8791,607,29,1
8792,293,1300,0
8793,1070,707,1
8794,643,597,1
8795,105,533,0
8796,1241,1289,1
8797,1255,1361,1
8798,146,902,0
8799,437,0,0
8800,695,160,0
8801,822,1268,0
8802,535,1225,1
8803,793,591,1
8804,616,314,1
8805,908,928,1
8806,517,1202,0
8807,166,1412,0
8808,215,671,1
8809,157,1103,1
8810,953,660,0
8811,589,1361,1
8812,1348,76,1
8813,793,299,1
8814,1270,406,0
8815,697,235,1
8816,607,882,1
8817,601,483,0
8818,1070,355,1
8819,1426,1196,0
8820,1107,433,0
8821,570,367,1
8822,793,413,0
8823,672,1220,0
8824,1392,1072,1
8825,209,707,1
8826,5,1256,1
8827,1199,106,0
8828,518,490,0
8829,108,288,1
8830,816,589,1
8831,825,666,1
8832,1268,1217,0
8833,56,209,1
8834,1257,311,1
8835,1431,1333,0
8836,591,1059,1
8837,1206,237,1
8838,355,918,1
8839,649,827,1
8840,1010,159,0
8841,1331,447,0
8842,590,110,0
8843,1126,871,0
8844,1183,309,1
8845,367,1158,1
8846,1294,1153,1
8847,335,568,1
8848,918,1255,1
8849,445,870,0
8850,86,1172,0
8851,1161,1350,1
8852,60,1346,0
8853,532,1407,0
8854,945,1353,1
8855,220,540,0
8856,442,1317,0
8857,20,956,0
8858,1257,1082,1
8859,790,554,0
8860,565,435,1
8861,264,778,0
8862,953,1392,1
8863,64,209,1
8864,437,943,0
8865,1260,827,1
8866,816,798,1
8867,334,1072,1
8868,495,441,1
8869,1408,403,1
8870,1297,1160,1
8871,224,488,0
8872,1206,116,1
8873,1261,1163,0
8874,922,885,1
8875,86,198,0
8876,86,310,0
8877,19,933,0
8878,216,491,1
8879,292,840,0
8880,693,403,1
8881,793,590,0
8882,707,52,1
8883,100,491,1
8884,308,230,1
8885,337,778,0
8886,48,1068,1
8887,650,1248,1
8888,816,860,0
8889,1169,1400,0
8890,697,1277,0
8891,381,874,1
8892,590,323,0
8893,29,466,1
8894,1070,395,0
8895,885,376,1
8896,1294,1068,1
8897,249,459,0
8898,532,1057,1
8899,224,1171,0
8900,1070,248,1
8901,749,1073,0
8902,68,432,0
8903,1294,720,0
8904,1151,163,0
8905,695,1123,1
8906,892,511,1
8907,211,1361,1
8908,883,341,1
8909,793,717,1
8910,1230,1210,0
8911,1138,219,1
8912,1404,30,0
8913,157,1138,1
8914,1256,999,1
8915,236,1048,1
8916,155,297,0
8917,618,1037,0
8918,987,111,1
8919,1183,174,0
8920,1199,334,1
8921,48,255,0
8922,473,1218,1
8923,20,1359,0
8924,1270,46,0
8925,314,368,0
8926,918,1288,0
8927,441,211,1
8928,895,288,1
8929,1306,450,1
8930,357,274,1
8931,402,545,0
8932,264,697,0
8933,373,1228,0
8934,712,970,1
8935,1202,1267,1
8936,1108,441,1
8937,236,484,0
8938,442,414,0
8939,664,607,1
8940,0,789,1
8941,1441,607,1
8942,535,453,1
8943,308,498,1
8944,700,5,1
8945,264,418,1
8946,498,493,1
8947,224,408,1
8948,1066,716,0
8949,1361,495,1
8950,501,665,0
8951,543,242,1
8952,421,307,0
8953,172,512,0
8954,506,755,0
8955,979,70,0
8956,1102,612,0
8957,1117,188,0
8958,474,1242,0
8959,695,362,0
8960,458,435,1
8961,473,1306,1
8962,498,1443,0
8963,146,236,0
8964,597,1163,1
8965,495,930,1
8966,48,57,1
8967,945,161,0
8968,296,642,0
8969,1194,595,0
8970,16,666,1
8971,591,1283,0
8972,236,1186,1
8973,217,1305,0
8974,1370,784,0
8975,1248,894,1
8976,336,1408,1
8977,173,495,0
8978,1206,930,1
8979,299,351,0
8980,1447,380,1
8981,827,293,1
8982,1126,788,0
8983,695,1307,1
8984,190,1162,0
8985,837,408,1
8986,473,398,1
8987,327,931,0
8988,209,296,1
8989,335,1014,1
8990,1370,259,1
8991,77,1148,0
8992,0,1350,1
8993,290,1446,0
8994,591,415,0
8995,56,440,0
8996,895,48,1
8997,1240,550,0
8998,119,1419,1
8999,0,18,0
9000,693,1024,0
9001,428,1307,1
9002,211,565,1
9003,85,1051,0
9004,1380,1078,0
9005,695,473,1
9006,712,933,0
9007,355,589,1
9008,355,248,0
9009,636,606,1
9010,1343,177,1
9011,922,1337,1
9012,908,1432,1
9013,60,993,0
9014,406,243,1
9015,493,589,1
9016,495,1441,1
9017,501,545,0
9018,155,1066,1
9019,1116,1294,0
9020,770,886,1
9021,280,579,1
9022,339,948,0
9023,607,1403,1
9024,854,1052,0
9025,1241,485,1
9026,1160,213,1
9027,418,957,0
9028,1274,1435,0
9029,1413,733,0
9030,236,1397,0
9031,643,287,0
9032,1216,516,1
9033,461,811,0
9034,627,1254,1
9035,491,1213,1
9036,85,403,1
9037,1413,835,1
9038,451,1348,1
9039,607,1213,1
9040,1045,114,0
9041,1325,131,0
9042,616,583,0
9043,1158,1306,0
9044,953,335,1
9045,1218,1223,0
9046,573,837,1
9047,816,590,1
9048,1202,805,1
9049,1083,871,0
9050,119,65,1
9051,408,1294,1
9052,1361,1255,1
9053,836,1350,1
9054,883,224,1
9055,1210,1064,1
9056,829,776,0
9057,616,72,0
9058,1010,1342,0
9059,1346,649,1
9060,1313,1216,0
9061,290,87,0
9062,1266,545,1
9063,1067,454,0
9064,293,78,0
9065,397,1208,0
9066,1376,495,1
9067,919,561,0
9068,495,1421,1
9069,1411,256,0
9070,336,80,1
9071,296,76,1
9072,407,279,0
9073,48,1075,1
9074,848,1194,1
9075,211,1121,1
9076,1411,1022,0
9077,922,381,1
9078,1107,27,0
9079,1149,1233,1
9080,108,356,0
9081,532,785,0
9082,1346,965,0
9083,881,991,1
9084,1386,995,0
9085,1216,768,0
9086,143,837,1
9087,702,381,1
9088,816,1291,0
9089,806,813,0
9090,643,156,1
9091,473,756,1
9092,355,1265,0
9093,957,55,1
9094,1206,798,1
9095,698,335,0
9096,473,977,1
9097,573,403,1
9098,209,753,1
9099,1426,690,0
9100,86,253,0
9101,1202,1307,1
9102,848,1393,0
9103,58,1128,0
9104,334,917,1
9105,16,692,1
9106,1297,706,1
9107,618,43,0
9108,1138,597,1
9109,105,55,0
9110,355,698,1
9111,1161,235,1
9112,590,1184,1
9113,287,311,0
9114,1216,274,1
9115,1161,1159,1
9116,697,1410,1
9117,1257,810,1
9118,84,1343,1
9119,25,836,0
9120,84,1066,1
9121,399,162,0
9122,1337,1421,1
9123,854,381,1
9124,236,1118,0
9125,601,809,0
9126,468,1125,0
9127,1257,143,1
9128,624,91,1
9129,357,493,1
9130,11,1002,0
9131,334,272,1
9132,953,206,1
9133,1297,615,0
9134,224,381,1
9135,495,376,1
9136,40,1026,0
9137,579,357,1
9138,602,866,0
9139,985,381,1
9140,172,1398,0
9141,566,815,0
9142,495,357,1
9143,1179,912,0
9144,1447,766,0
9145,649,1260,1
9146,724,964,0
9147,608,1274,1
9148,882,905,0
9149,1130,498,1
9150,56,214,0
9151,433,1059,0
9152,491,364,1
9153,367,1001,0
9154,1045,698,1
9155,1152,600,0
9156,1042,323,0
9157,195,341,1
9158,922,229,1
9159,241,1238,0
9160,381,883,1
9161,1236,896,0
9162,892,256,0
9163,1348,308,0
9164,886,189,0
9165,1210,1205,1
9166,439,82,0
9167,381,493,1
9168,543,1169,0
9169,1216,798,1
9170,403,204,1
9171,491,651,1
9172,179,1134,0
9173,1306,1248,1
9174,25,606,1
9175,64,1155,0
9176,1183,689,0
9177,113,1353,1
9178,381,947,1
9179,211,734,0
9180,1331,494,0
9181,250,614,0
9182,869,351,0
9183,627,428,1
9184,355,54,1
9185,671,702,0
9186,160,1131,0
9187,429,1197,0
9188,1436,265,0
9189,172,1053,0
9190,1315,1006,0
9191,367,1374,0
9192,1134,736,0
9193,626,327,0
9194,922,7,1
9195,439,575,0
9196,881,188,1
9197,421,948,0
9198,608,725,0
9199,1284,1201,1
9200,886,588,0
9201,885,1379,0
9202,1116,423,0
9203,525,1168,1
9204,883,716,0
9205,702,333,0
9206,1348,499,0
9207,1348,822,1
9208,314,607,1
9209,1294,1325,0
9210,603,927,0
9211,155,725,0
9212,1370,707,0
9213,501,353,0
9214,428,774,0
9215,1130,309,1
9216,1115,403,1
9217,1284,1143,0
9218,287,618,0
9219,429,736,0
9220,1066,698,1
9221,216,113,0
9222,1094,491,1
9223,464,799,0
9224,774,121,1
9225,698,577,0
9226,223,408,1
9227,290,702,1
9228,27,170,0
9229,0,643,1
9230,469,1089,0
9231,573,491,1
9232,608,545,1
9233,397,1285,0
9234,1331,78,0
9235,428,166,0
9236,329,683,0
9237,837,608,1
9238,922,433,1
9239,76,627,1
9240,1343,1156,1
9241,885,566,0
9242,1326,224,1
9243,1298,414,0
9244,591,419,0
9245,589,73,1
9246,735,702,0
9247,1094,1390,0
9248,807,1116,0
9249,464,357,1
9250,608,29,1
9251,793,173,1
9252,550,1191,1
9253,217,1430,0
9254,790,1022,0
9255,731,602,0
9256,60,231,0
9257,1331,885,1
9258,316,5,0
9259,473,178,1
9260,322,941,0
9261,381,391,0
9262,132,477,0
9263,837,204,1
9264,323,314,0
9265,125,1103,1
9266,7,209,1
9267,1066,1045,1
9268,1149,234,0
9269,1216,770,1
9270,441,769,1
9271,146,802,0
9272,1257,495,1
9273,249,275,0
9274,201,1435,0
9275,315,1259,0
9276,1176,485,0
9277,545,264,1
9278,573,1223,0
9279,1370,1260,1
9280,498,1045,1
9281,790,842,0
9282,387,571,0
9283,428,34,0
9284,1134,446,0
9285,403,668,1
9286,996,180,0
9287,535,835,1
9288,642,125,1
9289,988,243,0
9290,816,579,1
9291,1386,18,0
9292,121,263,0
9293,143,209,1
9294,27,615,0
9295,501,248,0
9296,396,610,0
9297,703,261,1
9298,886,181,1
9299,774,1396,1
9300,693,392,0
9301,1076,644,0
9302,695,1031,1
9303,1022,518,1
9304,1386,1326,0
9305,793,1169,1
9306,545,491,1
9307,616,1082,0
9308,1103,369,0
9309,624,677,0
9310,1130,888,0
9311,868,1136,0
9312,1266,619,0
9313,403,442,0
9314,498,308,1
9315,1067,251,0
9316,211,5,1
9317,1326,930,1
9318,671,171,0
9319,731,698,1
9320,1394,352,0
9321,793,259,1
9322,235,1307,1
9323,1331,275,0
9324,633,65,1
9325,155,361,0
9326,429,912,1
9327,100,242,0
9328,451,418,1
9329,566,920,1
9330,429,597,0
9331,211,91,0
9332,261,1059,1
9333,1247,825,0
9334,464,248,0
9335,730,220,1
9336,1361,1398,0
9337,573,381,1
9338,48,1294,1
9339,476,854,0
9340,448,547,1
9341,448,1218,1
9342,495,627,1
9343,376,1088,0
9344,5,1351,0
9345,652,554,0
9346,700,1121,1
9347,1297,301,0
9348,406,113,1
9349,268,837,1
9350,495,817,1
9351,433,1216,1
9352,1108,1011,0
9353,922,1117,1
9354,361,1408,1
9355,869,1031,0
9356,1230,1300,0
9357,315,727,0
9358,1160,553,0
9359,5,730,1
9360,1413,153,0
9361,603,712,1
9362,250,940,0
9363,261,1392,1
9364,1380,333,0
9365,695,206,1
9366,351,700,1
9367,1436,766,1
9368,836,680,0
9369,212,1017,0
9370,1200,800,1
9371,1194,273,0
9372,493,816,1
9373,837,232,0
9374,351,232,0
9375,695,644,1
9376,1380,36,0
9377,1076,866,0
9378,1439,1114,1
9379,816,1195,1
9380,1069,1445,0
9381,498,816,1
9382,1390,237,0
9383,638,251,1
9384,211,498,1
9385,883,1121,1
9386,1138,419,0
9387,5,360,1
9388,86,217,0
9389,27,881,0
9390,1176,206,0
9391,643,20,0
9392,1284,259,0
9393,643,608,1
9394,1261,359,0
9395,1248,1257,1
9396,886,42,1
9397,1284,1333,1
9398,293,11,0
9399,448,540,1
9400,541,1022,0
9401,1010,275,0
9402,86,612,0
9403,566,316,0
9404,707,1053,1
9405,5,903,1
9406,661,1419,0
9407,868,127,0
9408,469,795,1
9409,1069,76,0
9410,675,116,1
9411,256,1230,0
9412,790,305,0
9413,491,915,0
9414,1167,794,0
9415,1062,1289,1
9416,944,276,0
9417,25,769,1
9418,1255,224,1
9419,194,421,1
9420,468,637,1
9421,748,991,0
9422,355,1115,1
9423,708,144,0
9424,217,1290,0
9425,500,981,0
9426,957,517,0
9427,986,837,1
9428,550,586,0
9429,896,1304,0
9430,633,251,0
9431,546,849,0
9432,334,1218,1
9433,1183,491,1
9434,790,896,0
9435,236,1164,0
9436,517,488,0
9437,633,350,1
9438,1289,658,0
9439,408,1255,1
9440,302,288,0
9441,1251,334,1
9442,264,1183,0
9443,287,899,0
9444,790,361,0
9445,29,69,1
9446,249,1070,1
9447,607,490,1
9448,602,761,0
9449,28,25,1
9450,200,1009,1
9451,1361,341,1
9452,579,404,1
9453,464,990,0
9454,441,306,1
9455,376,1103,0
9456,608,628,1
9457,1076,725,0
9458,920,1289,0
9459,706,1146,0
9460,1294,248,1
9461,236,1102,1
9462,396,1009,0
9463,1201,419,0
9464,1256,867,0
9465,880,431,1
9466,918,113,0
9467,209,1297,1
9468,1403,608,1
9469,980,670,0
9470,1070,7,1
9471,1126,942,0
9472,953,877,1
9473,108,495,1
9474,293,1374,0
9475,816,985,1
9476,1158,662,0
9477,777,963,0
9478,381,1109,0
9479,1247,1390,0
9480,335,1444,1
9481,336,445,0
9482,996,347,0
9483,1256,1262,0
9484,996,491,1
9485,618,628,0
9486,1337,603,1
9487,922,573,0
9488,724,99,0
9489,626,42,1
9490,535,1289,1
9491,883,498,1
9492,590,694,0
9493,16,276,0
9494,1067,18,1
9495,181,570,0
9496,1022,262,0
9497,1062,65,0
9498,290,254,0
9499,480,84,0
9500,493,730,1
9501,493,222,0
9502,402,1390,1
9503,488,493,0
9504,1370,970,0
9505,493,947,1
9506,357,441,1
9507,381,169,1
9508,1202,677,1
9509,649,373,1
9510,1229,833,0
9511,381,352,1
9512,770,817,1
9513,308,404,0
9514,487,1030,1
9515,469,1306,0
9516,12,757,1
9517,495,658,0
9518,361,658,1
9519,314,585,0
9520,464,495,1
9521,671,1047,0
9522,464,580,0
9523,495,1257,1
9524,491,65,1
9525,953,62,1
9526,261,514,1
9527,376,1060,1
9528,341,386,0
9529,335,1265,1
9530,1326,211,1
9531,406,52,1
9532,339,450,1
9533,881,232,1
9534,355,721,0
9535,1138,776,0
9536,399,977,0
9537,119,1417,1
9538,748,608,1
9539,1025,1155,0
9540,1042,622,0
9541,172,1196,0
9542,498,579,1
9543,1115,1216,1
9544,1045,1066,1
9545,224,209,0
9546,220,697,0
9547,323,970,0
9548,454,1092,0
9549,406,827,0
9550,441,817,1
9551,212,1336,1
9552,428,143,1
9553,60,1411,0
9554,770,273,1
9555,223,627,1
9556,451,438,1
9557,1179,1364,0
9558,119,1321,1
9559,451,516,0
9560,403,749,1
9561,235,1219,0
9562,1236,688,1
9563,957,29,1
9564,774,1189,0
9565,607,1060,0
9566,1413,532,0
9567,261,307,1
9568,268,638,1
9569,590,543,0
9570,313,76,0
9571,790,396,0
9572,697,633,1
9573,100,249,0
9574,787,408,1
9575,197,275,0
9576,545,1296,0
9577,1297,419,1
9578,1117,1377,1
9579,591,55,1
9580,501,1387,0
9581,261,190,0
9582,814,325,1
9583,886,190,1
9584,68,158,1
9585,1161,293,1
9586,591,1242,1
9587,565,493,1
9588,209,0,1
9589,209,1441,1
9590,814,192,1
9591,12,1289,0
9592,68,923,1
9593,829,1037,0
9594,1294,246,1
9595,94,1258,0
9596,428,334,1
9597,1325,201,0
9598,287,1395,1
9599,487,856,0
9600,464,386,0
9601,441,357,1
9602,408,376,1
9603,996,1407,0
9604,1138,1122,0
9605,119,1118,1
9606,437,332,1
9607,636,385,1
9608,468,791,0
9609,1289,125,1
9610,724,1292,0
9611,591,803,0
9612,589,730,1
9613,1441,1138,1
9614,429,900,0
9615,806,247,0
9616,617,1382,0
9617,565,1240,0
9618,1247,806,0
9619,125,993,0
9620,535,213,1
9621,892,1165,0
9622,591,1253,1
9623,103,420,0
9624,1202,277,1
9625,731,1444,0
9626,1294,814,1
9627,881,113,0
9628,985,43,0
9629,1408,1430,0
9630,12,787,0
9631,697,635,1
9632,77,1305,1
9633,633,1373,1
9634,272,216,0
9635,1181,195,0
9636,1370,176,0
9637,867,1192,0
9638,316,182,0
9639,1372,298,0
9640,1294,96,0
9641,1411,920,1
9642,111,886,1
9643,1045,861,0
9644,315,270,0
9645,1216,1337,1
9646,1176,145,0
9647,550,1076,0
9648,1230,506,1
9649,895,255,0
9650,448,869,1
9651,5,458,1
9652,1138,868,1
9653,493,495,1
9654,603,545,1
9655,707,362,1
9656,458,299,0
9657,1169,80,1
9658,1284,1114,0
9659,445,668,0
9660,885,1251,0
9661,383,146,1
9662,748,510,0
9663,1326,495,1
9664,1268,1032,0
9665,1390,581,0
9666,983,1319,1
9667,335,1310,1
9668,768,376,0
9669,1216,258,1
9670,597,954,0
9671,695,756,1
9672,1403,534,0
9673,1066,793,0
9674,64,1179,0
9675,852,213,0
9676,341,695,0
9677,1138,436,0
9678,597,1029,1
9679,603,1117,1
9680,953,1056,1
9681,664,1253,1
9682,999,383,1
9683,1325,1068,0
9684,1274,1079,0
9685,751,1223,0
9686,979,53,0
9687,147,343,0
9688,418,787,1
9689,1425,516,1
9690,793,283,1
9691,201,124,0
9692,920,690,0
9693,376,1248,1
9694,355,302,1
9695,1045,791,0
9696,816,573,1
9697,541,211,0
9698,147,545,1
9699,160,448,1
9700,1103,1318,0
9701,1241,793,1
9702,700,1164,0
9703,7,372,0
9704,903,482,1
9705,5,151,1
9706,491,767,0
9707,590,688,0
9708,1134,870,0
9709,1130,223,1
9710,988,502,1
9711,1138,495,0
9712,999,950,0
9713,732,795,0
9714,473,60,0
9715,334,793,1
9716,1199,481,0
9717,339,728,1
9718,751,1279,1
9719,697,835,1
9720,103,579,0
9721,1169,689,1
9722,56,1025,1
9723,458,1209,0
9724,473,65,1
9725,27,75,0
9726,327,877,0
9727,730,828,1
9728,17,1107,1
9729,293,262,0
9730,836,697,1
9731,373,1413,1
9732,810,882,0
9733,590,816,1
9734,1413,899,1
9735,352,658,0
9736,603,1066,1
9737,661,1073,0
9738,1280,143,1
9739,1102,1331,1
9740,1094,957,1
9741,1386,123,0
9742,1411,141,0
9743,1083,85,0
9744,1067,1276,1
9745,1326,1380,0
9746,1161,1086,0
9747,1294,362,1
9748,589,165,1
9749,27,1038,0
9750,200,1006,1
9751,652,1229,0
9752,1294,57,1
9753,1395,25,0
9754,869,301,0
9755,854,866,1
9756,607,748,1
9757,1378,367,1
9758,125,748,1
9759,1348,495,1
9760,77,624,0
9761,215,119,1
9762,624,292,0
9763,1115,1253,0
9764,121,810,1
9765,1261,790,0
9766,1116,102,0
9767,903,318,1
9768,816,1121,1
9769,624,1307,1
9770,988,154,0
9771,179,437,0
9772,433,220,0
9773,862,211,0
9774,491,1057,1
9775,441,435,1
9776,292,924,0
9777,223,352,1
9778,712,909,0
9779,953,607,1
9780,608,606,0
9781,545,1137,0
9782,1403,746,1
9783,1392,743,0
9784,918,146,1
9785,418,1348,1
9786,235,401,0
9787,1200,151,0
9788,327,1421,1
9789,1326,262,0
9790,211,817,1
9791,979,660,0
9792,1392,55,1
9793,730,1091,1
9794,1261,1201,1
9795,1130,1216,1
9796,428,147,1
9797,132,1025,0
9798,323,1345,0
9799,1306,213,1
9800,700,1304,0
9801,495,562,1
9802,381,1424,1
9803,25,1156,1
9804,461,875,0
9805,28,442,1
9806,209,643,1
9807,1368,1316,0
9808,373,881,1
9809,56,953,1
9810,119,238,1
9811,493,1176,1
9812,1085,386,0
9813,1083,1332,0
9814,1084,507,0
9815,356,1213,0
9816,903,55,0
9817,1200,1257,0
9818,573,636,0
9819,264,451,1
9820,724,1242,0
9821,1351,834,0
9822,261,610,1
9823,376,816,1
9824,862,1194,1
9825,597,1022,0
9826,121,999,1
9827,652,35,0
9828,1331,1252,1
9829,1086,815,0
9830,224,154,0
9831,1161,673,1
9832,503,394,0
9833,76,498,1
9834,924,1023,0
9835,977,1061,0
9836,1241,288,1
9837,1441,495,1
9838,986,999,0
9839,608,748,1
9840,702,780,0
9841,334,1189,0
9842,200,420,1
9843,1190,628,0
9844,108,951,0
9845,566,294,1
9846,1260,1374,0
9847,627,1066,1
9848,125,1289,1
9849,693,1036,0
9850,503,1044,0
9851,498,1326,1
9852,1289,240,0
9853,996,1213,1
9854,20,1294,0
9855,458,360,0
9856,836,466,1
9857,249,1227,0
9858,1274,608,1
9859,272,259,1
9860,1241,5,0
9861,335,946,1
9862,217,1096,1
9863,25,84,1
9864,367,887,0
9865,299,1347,0
9866,885,693,1
9867,630,1297,1
9868,816,545,1
9869,895,200,1
9870,428,666,0
9871,236,1422,1
9872,1370,349,0
9873,1348,1382,0
9874,829,469,0
9875,862,293,0
9876,1421,730,1
9877,290,1274,1
9878,886,413,0
9879,1284,541,0
9880,280,493,1
9881,439,76,1
9882,664,212,1
9883,66,722,1
9884,296,1130,1
9885,495,1306,1
9886,171,1246,0
9887,852,116,0
9888,919,649,0
9889,94,607,0
9890,1138,739,0
9891,56,236,1
9892,293,1138,1
9893,1261,1048,0
9894,403,350,0
9895,1130,1409,1
9896,520,423,0
9897,607,953,1
9898,111,331,0
9899,408,1117,1
9900,339,624,1
9901,1258,854,0
9902,1431,608,1
9903,868,209,1
9904,451,923,0
9905,700,258,1
9906,1361,947,1
9907,355,223,1
9908,1130,637,0
9909,172,566,1
9910,810,527,1
9911,406,814,1
9912,1126,1146,0
9913,649,168,0
9914,703,514,1
9915,1343,1419,0
9916,356,951,0
9917,1249,1422,1
9918,336,450,1
9919,697,561,1
9920,296,1309,1
9921,498,565,1
9922,355,618,1
9923,627,751,1
9924,441,947,1
9925,146,280,1
9926,550,1097,0
9927,593,444,0
9928,732,1245,0
9929,494,545,1
9930,627,258,1
9931,293,241,1
9932,7,233,0
9933,111,1400,0
9934,1169,1164,0
9935,638,125,1
9936,40,168,0
9937,1191,657,0
9938,540,856,0
9939,566,445,1
9940,336,1218,1
9941,337,33,0
9942,473,835,1
9943,566,987,0
9944,616,811,0
9945,473,484,0
9946,1274,1002,0
9947,1376,958,0
9948,590,504,1
9949,268,959,0
9950,143,451,1
9951,632,1204,0
9952,249,506,1
9953,327,1386,0
9954,919,959,0
9955,1376,422,0
9956,156,490,0
9957,854,153,0
9958,94,987,1
9959,638,957,1
9960,945,1006,1
9961,25,1050,0
9962,1404,117,0
9963,441,503,0
9964,983,1431,1
9965,1280,1100,0
9966,693,793,1
9967,358,390,0
9968,40,622,0
9969,707,318,0
9970,1010,444,1
9971,299,623,0
9972,1236,1329,0
9973,121,642,1
9974,939,1158,1
9975,361,6,1
9976,724,195,0
9977,827,403,1
9978,629,830,0
9979,627,1206,1
9980,608,884,1
9981,855,1202,0
9982,1032,1078,0
9983,355,1441,1
9984,695,1091,0
9985,287,1147,0
9986,878,349,0
9987,777,1170,0
9988,476,82,0
9989,1149,40,0
9990,438,297,0
9991,642,181,0
9992,722,367,1
9993,837,1282,0
9994,506,931,0
9995,1268,846,0
9996,693,1205,1
9997,381,1377,1
9998,20,344,0
9999,1425,464,0
10000,473,514,1
10001,1240,504,0
10002,108,415,0
10003,68,1149,1
10004,1408,561,1
10005,1176,809,0
10006,1117,355,1
10007,120,1342,0
10008,518,20,1
10009,1326,638,0
10010,1158,134,0
10011,970,99,1
10012,339,1374,1
10013,945,291,0
10014,642,491,1
10015,76,926,0
10016,84,1094,1
10017,250,451,1
10018,881,990,0
10019,545,272,1
10020,142,888,0
10021,1103,935,0
10022,939,1148,1
10023,27,1269,0
10024,920,312,1
10025,1094,673,0
10026,1117,72,0
10027,627,731,1
10028,707,420,1
10029,25,1424,0
10030,495,1424,1
10031,770,280,1
10032,293,1241,1
10033,491,299,1
10034,219,1115,0
10035,1257,372,1
10036,789,0,1
10037,854,1341,0
10038,988,190,0
10039,473,537,0
10040,886,557,1
10041,216,56,1
10042,1160,121,1
10043,627,1441,1
10044,627,619,0
10045,441,790,0
10046,649,713,0
10047,493,383,1
10048,892,240,1
10049,1294,1117,1
10050,1194,566,0
10051,113,249,1
10052,209,249,1
10053,672,785,0
10054,786,770,0
10055,1181,666,1
10056,1413,1205,1
10057,503,960,0
10058,836,236,0
10059,535,373,1
10060,806,92,0
10061,1241,1441,1
10062,702,194,1
10063,627,851,0
10064,334,495,1
10065,1441,408,1
10066,1108,978,0
10067,945,1000,0
10068,160,163,0
10069,351,115,0
10070,387,1274,1
10071,332,387,0
10072,160,1172,0
10073,932,334,1
10074,837,387,1
10075,5,940,0
10076,546,1190,0
10077,77,1304,1
10078,335,1005,0
10079,264,1104,0
10080,408,1110,0
10081,498,435,1
10082,970,843,0
10083,111,564,0
10084,261,635,1
10085,1280,231,1
10086,451,607,1
10087,1169,1069,0
10088,351,341,1
10089,1169,766,1
10090,491,1442,1
10091,1370,209,1
10092,498,495,1
10093,1257,1213,1
10094,932,453,0
10095,334,1283,1
10096,373,1160,1
10097,261,1118,1
10098,211,357,1
10099,749,808,0
10100,111,503,0
10101,624,206,1
10102,190,1290,0
10103,1289,825,1
10104,1297,532,1
10105,119,161,1
10106,1202,560,1
10107,7,1294,1
10108,1183,793,1
10109,1306,1213,1
10110,256,1069,0
10111,503,448,1
10112,264,196,0
10113,1183,1114,1
10114,376,381,1
10115,473,635,1
10116,1411,868,0
10117,1183,1409,1
10118,793,231,1
10119,473,1419,1
10120,209,293,1
10121,1216,817,1
10122,76,1338,1
10123,1248,644,1
10124,403,355,1
10125,458,894,0
10126,261,1225,1
10127,355,642,1
10128,458,1241,1
10129,1236,1009,0
10130,807,146,0
10131,498,466,1
10132,983,419,0
10133,94,627,1
10134,1370,269,0
10135,473,899,1
10136,381,731,1
10137,703,1370,1
10138,1313,1347,0
10139,697,915,1
10140,693,1284,0
10141,403,825,1
10142,1161,915,1
10143,1384,500,1
10144,1394,1279,1
10145,1158,635,1
10146,293,56,1
10147,500,1291,0
10148,895,975,1
10149,1315,546,1
10150,454,769,0
10151,1368,886,1
10152,1297,1103,1
10153,1392,877,1
10154,428,953,1
10155,627,562,1
10156,488,158,0
10157,643,868,0
10158,987,1032,1
10159,770,1255,1
10160,29,491,1
10161,261,881,0
10162,1130,1254,0
10163,1094,609,1
10164,945,1340,0
10165,1348,1368,1
10166,707,104,0
10167,638,1372,0
10168,1368,957,1
10169,822,241,0
10170,119,1159,1
10171,1408,336,1
10172,441,1275,0
10173,249,956,0
10174,125,629,0
10175,501,684,0
10176,1411,845,0
10177,1249,209,1
10178,749,1139,0
10179,626,19,0
10180,376,289,0
10181,85,152,0
10182,985,299,1
10183,1042,361,0
10184,770,939,1
10185,1124,494,0
10186,1210,780,1
10187,408,1056,0
10188,65,592,0
10189,101,566,1
10190,403,1199,1
10191,3,972,0
10192,1108,1439,0
10193,1160,899,0
10194,789,712,0
10195,1441,1132,0
10196,458,1410,0
10197,1216,381,1
10198,518,857,0
10199,985,1045,1
10200,693,1160,1
10201,816,403,1
10202,403,932,1
10203,66,937,0
10204,892,720,1
10205,506,249,1
10206,94,495,1
10207,1413,984,1
10208,633,1205,1
10209,147,1058,0
10210,1390,351,0
10211,944,1307,0
10212,1413,485,1
10213,945,1295,0
10214,215,1008,0
10215,498,1216,1
10216,406,266,0
10217,458,999,1
10218,546,439,0
10219,922,330,1
10220,146,1007,0
10221,1229,1373,0
10222,1138,888,0
10223,1070,923,0
10224,341,381,1
10225,1169,505,1
10226,491,293,1
10227,357,258,1
10228,672,582,0
10229,939,770,1
10230,264,847,1
10231,85,566,0
10232,597,493,0
10233,712,214,0
10234,565,738,0
10235,156,548,0
10236,458,1049,0
10237,695,178,1
10238,3,694,0
10239,168,1395,0
10240,918,52,0
10241,730,1345,0
10242,985,491,1
10243,381,1082,1
10244,591,1124,0
10245,1441,176,0
10246,171,1152,0
10247,316,114,0
10248,355,211,1
10249,361,506,0
10250,770,1353,1
10251,336,272,1
10252,630,739,0
10253,852,756,0
10254,545,1051,1
10255,885,213,1
10256,829,1419,0
10257,40,421,0
10258,495,1126,0
10259,421,194,1
10260,1343,1065,0
10261,336,466,1
10262,341,258,1
10263,1085,34,0
10264,579,1074,0
10265,464,1206,1
10266,119,350,1
10267,627,464,1
10268,626,1194,0
10269,220,679,0
10270,166,159,0
10271,327,603,1
10272,491,1191,1
10273,607,1214,1
10274,468,993,0
10275,1161,1429,0
10276,1206,1094,0
10277,299,1435,0
10278,488,894,0
10279,494,303,1
10280,1326,1424,1
10281,217,95,1
10282,1218,213,1
10283,202,1183,0
10284,445,1237,0
10285,65,1160,1
10286,125,638,1
10287,627,215,1
10288,332,389,0
10289,1447,439,1
10290,1010,894,0
10291,293,1225,0
10292,464,1201,0
10293,280,780,0
10294,546,946,0
10295,5,793,1
10296,1169,238,1
10297,236,268,0
10298,27,332,0
10299,836,876,1
10300,468,886,1
10301,854,433,1
10302,1116,279,0
10303,19,1369,1
10304,1258,163,0
10305,603,495,1
10306,1361,930,1
10307,878,884,0
10308,7,1373,0
10309,525,293,1
10310,658,825,1
10311,1158,1159,0
10312,408,798,1
10313,1094,1386,1
10314,1380,1362,0
10315,1411,1096,0
10316,335,1442,1
10317,280,404,0
10318,627,456,1
10319,495,258,1
10320,1294,52,1
10321,1069,704,0
10322,1289,251,1
10323,448,903,0
10324,25,482,1
10325,632,648,0
10326,1445,1001,0
10327,65,473,1
10328,249,1138,1
10329,638,753,1
10330,125,864,1
10331,1194,1329,1
10332,570,876,0
10333,1404,1086,0
10334,473,450,1
10335,1351,1096,1
10336,525,635,1
10337,355,573,1
10338,1210,311,1
10339,642,495,1
10340,1083,543,1
10341,211,165,1
10342,1084,197,0
10343,65,621,0
10344,357,1029,1
10345,1361,937,0
10346,545,724,1
10347,643,0,1
10348,949,927,0
10349,679,57,0
10350,987,1411,1
10351,920,1411,1
10352,1138,125,1
10353,376,1257,1
10354,591,1408,1
10355,816,965,0
10356,1130,167,0
10357,1010,767,0
10358,724,473,0
10359,209,1194,1
10360,1085,1369,0
10361,421,451,1
10362,407,1348,1
10363,2,1224,0
10364,636,733,0
10365,1169,1123,1
10366,357,579,1
10367,143,1115,1
10368,1289,1197,0
10369,1190,1116,0
10370,1436,1403,0
10371,983,1186,1
10372,0,518,1
10373,381,5,1
10374,672,190,1
10375,355,404,1
10376,1326,1364,0
10377,883,627,1
10378,1138,1408,1
10379,341,383,1
10380,985,660,0
10381,168,1176,0
10382,1289,1297,1
10383,76,864,1
10384,1158,1078,0
10385,458,73,1
10386,54,327,1
10387,751,944,0
10388,190,256,0
10389,1306,861,1
10390,624,473,1
10391,441,1206,1
10392,1103,441,0
10393,626,833,0
10394,334,400,0
10395,7,560,0
10396,1138,1366,0
10397,498,258,1
10398,341,507,0
10399,445,1095,0
10400,361,807,0
10401,406,39,0
10402,837,1183,1
10403,56,1102,1
10404,1333,1080,0
10405,429,1208,0
10406,1115,495,1
10407,1064,1091,1
10408,636,676,1
10409,264,544,0
10410,1248,408,1
10411,1297,1404,0
10412,1255,482,1
10413,495,918,1
10414,814,1411,0
10415,287,264,0
10416,433,960,0
10417,20,203,0
10418,920,1027,0
10419,464,88,0
10420,1191,453,0
10421,60,636,1
10422,708,1363,0
10423,1445,292,0
10424,293,791,0
10425,464,1326,1
10426,816,1130,1
10427,1192,864,0
10428,816,1096,1
10429,970,793,1
10430,1257,899,1
10431,652,259,1
10432,272,791,0
10433,236,42,1
10434,1094,1083,1
10435,495,979,0
10436,1084,773,0
10437,1085,487,0
10438,196,1315,0
10439,751,215,1
10440,573,1124,1
10441,215,299,0
10442,566,1408,1
10443,867,919,0
10444,16,380,1
10445,1294,339,0
10446,857,348,0
10447,125,706,1
10448,94,476,1
10449,1248,352,1
10450,883,1108,1
10451,341,495,1
10452,602,125,1
10453,495,113,1
10454,367,211,0
10455,146,341,1
10456,337,595,0
10457,1216,355,1
10458,355,1331,1
10459,1441,201,0
10460,215,1216,1
10461,113,87,0
10462,1094,1441,1
10463,358,216,0
10464,642,274,1
10465,1249,1432,1
10466,194,560,0
10467,1032,128,0
10468,525,680,0
10469,768,141,0
10470,1370,1368,1
10471,197,114,0
10472,895,1380,0
10473,749,827,1
10474,495,540,0
10475,292,928,0
10476,1421,243,0
10477,880,899,1
10478,428,607,1
10479,731,327,1
10480,546,787,1
10481,643,334,1
10482,1306,1210,1
10483,852,1324,0
10484,241,426,0
10485,1079,423,0
10486,5,627,1
10487,1241,99,1
10488,565,521,0
10489,1116,838,0
10490,1372,546,0
10491,68,1423,0
10492,220,1095,0
10493,451,1063,0
10494,1331,1360,0
10495,1294,414,0
10496,837,626,1
10497,1257,515,1
10498,703,617,0
10499,633,904,1
10500,495,1216,1
10501,970,1285,0
10502,1229,1108,0
10503,272,451,1
10504,1236,246,1
10505,535,527,1
10506,336,1055,0
10507,854,816,1
10508,54,456,1
10509,626,1115,1
10510,476,53,0
10511,361,47,0
10512,1439,783,0
10513,624,307,1
10514,125,457,0
10515,836,161,1
10516,638,1269,1
10517,1315,627,0
10518,336,1306,1
10519,1266,346,0
10520,814,945,1
10521,403,125,1
10522,236,133,0
10523,212,1325,0
10524,1241,959,0
10525,491,810,1
10526,867,810,0
10527,671,154,0
10528,1032,1227,0
10529,1045,810,0
10530,697,937,0
10531,454,599,0
10532,142,1112,0
10533,441,1320,1
10534,886,817,0
10535,837,1241,1
10536,28,581,1
10537,1384,739,0
10538,1108,987,0
10539,1337,355,1
10540,1066,111,1
10541,488,868,0
10542,495,837,1
10543,316,532,1
10544,261,381,1
10545,356,1091,1
10546,101,336,1
10547,461,1088,0
10548,508,1210,0
10549,862,924,1
10550,1108,1331,0
10551,1431,780,1
10552,854,518,0
10553,979,860,0
10554,119,1392,1
10555,1358,300,0
10556,381,376,1
10557,535,431,0
10558,731,986,0
10559,589,947,1
10560,1431,1217,0
10561,566,1065,0
10562,195,941,0
10563,589,565,1
10564,1255,213,0
10565,1270,717,0
10566,1158,1378,1
10567,1431,1289,1
10568,570,334,1
10569,695,1037,0
10570,983,485,0
10571,56,147,1
10572,1274,1057,0
10573,396,448,1
10574,445,1238,0
10575,1022,683,0
10576,908,1200,0
10577,211,579,1
10578,125,753,1
10579,895,330,1
10580,979,1260,0
10581,494,206,0
10582,1289,485,1
10583,643,1289,1
10584,642,882,0
10585,518,899,1
10586,29,568,1
10587,1356,334,0
10588,793,891,1
10589,565,1206,1
10590,920,59,0
10591,1384,424,0
10592,341,1424,1
10593,201,36,0
10594,113,1355,1
10595,448,1076,0
10596,1306,662,0
10597,576,982,0
10598,1117,828,0
10599,985,627,1
10600,1160,720,1
10601,1202,1246,1
10602,11,582,0
10603,219,403,0
10604,408,751,1
10605,1126,1018,0
10606,642,458,1
10607,408,787,1
10608,837,1181,1
10609,999,954,0
10610,807,239,0
10611,1257,1183,1
10612,113,1213,0
10613,625,255,0
10614,1066,816,1
10615,1358,68,1
10616,491,367,1
10617,143,867,1
10618,0,277,1
10619,1256,730,1
10620,1294,938,0
10621,1413,381,1
10622,64,103,0
10623,793,334,1
10624,810,800,1
10625,1394,1043,1
10626,626,837,1
10627,383,774,0
10628,1160,527,1
10629,503,993,0
10630,491,251,1
10631,17,814,0
10632,1022,1289,1
10633,712,456,1
10634,60,427,1
10635,1331,128,0
10636,1297,239,0
10637,296,1114,1
10638,1210,345,0
10639,862,1374,0
10640,565,381,1
10641,977,493,0
10642,403,837,1
10643,68,1017,1
10644,703,1110,0
10645,352,1405,0
10646,1201,491,1
10647,428,1350,1
10648,607,1194,1
10649,334,518,1
10650,48,624,0
10651,65,350,1
10652,605,238,0
10653,45,716,0
10654,5,519,0
10655,541,724,1
10656,352,498,1
10657,749,519,0
10658,1361,498,1
10659,1346,199,0
10660,816,230,0
10661,215,1370,1
10662,590,938,0
10663,474,1385,0
10664,316,310,0
10665,1294,408,1
10666,603,816,1
10667,1022,54,0
10668,235,48,0
10669,461,352,0
10670,1169,1294,0
10671,381,636,1
10672,607,577,0
10673,816,712,1
10674,957,1410,0
10675,918,160,0
10676,1392,1275,0
10677,143,408,1
10678,624,1373,1
10679,787,789,0
10680,1216,352,1
10681,1216,1421,1
10682,1392,1084,0
10683,999,5,1
10684,1333,883,0
10685,1201,723,0
10686,1064,1140,0
10687,1280,1134,0
10688,617,1445,0
10689,633,473,1
10690,65,915,0
10691,1108,350,0
10692,1103,256,0
10693,331,1310,0
10694,786,1370,0
10695,334,1094,1
10696,48,1353,1
10697,1395,314,1
10698,464,1327,0
10699,408,883,1
10700,403,868,1
10701,5,817,1
10702,1280,799,0
10703,1116,25,0
10704,287,276,0
10705,428,361,1
10706,383,458,1
10707,885,1160,1
10708,1426,130,0
10709,296,143,1
10710,272,361,1
10711,121,353,0
10712,1447,16,1
10713,1210,565,0
10714,489,808,0
10715,264,629,0
10716,1210,981,0
10717,341,355,1
10718,202,564,0
10719,748,1155,0
10720,672,886,1
10721,1439,77,1
10722,373,415,0
10723,626,381,1
10724,313,1266,1
10725,113,774,0
10726,1289,628,1
10727,1149,304,0
10728,886,229,0
10729,445,1313,0
10730,810,876,1
10731,607,988,1
10732,892,956,0
10733,65,1413,1
10734,421,373,1
10735,1115,408,1
10736,54,1045,1
10737,1270,1350,0
10738,983,791,0
10739,1067,1262,1
10740,816,565,1
10741,822,264,0
10742,535,800,1
10743,383,209,0
10744,886,1422,1
10745,195,73,1
10746,1274,180,0
10747,1431,585,0
10748,895,1075,1
10749,1294,1421,1
10750,121,311,1
10751,939,706,1
10752,895,229,1
10753,624,1043,1
10754,166,1133,0
10755,381,113,1
10756,495,716,1
10757,5,493,1
10758,1216,143,1
10759,65,261,1
10760,883,1029,1
10761,445,530,0
10762,707,330,1
10763,85,209,1
10764,895,742,0
10765,1094,1284,1
10766,215,381,1
10767,708,448,1
10768,1378,1113,0
10769,1127,169,0
10770,408,1096,1
10771,0,608,1
10772,1138,643,1
10773,1421,1425,1
10774,1085,1424,0
10775,48,866,1
10776,495,223,1
10777,1329,659,0
10778,357,306,1
10779,329,344,1
10780,94,1413,1
10781,314,1382,1
10782,987,849,0
10783,464,381,1
10784,1270,648,0
10785,103,1149,1
10786,296,276,0
10787,428,272,1
10788,381,355,1
10789,352,1254,1
10790,918,1326,1
10791,1378,1381,0
10792,119,1442,1
10793,361,631,0
10794,1191,23,0
10795,1108,552,0
10796,837,1216,1
10797,48,243,1
10798,895,1245,0
10799,1257,676,0
10800,983,974,0
10801,355,1248,1
10802,146,1315,0
10803,543,650,0
10804,986,768,0
10805,464,541,0
10806,1411,128,0
10807,545,250,1
10808,1280,1361,0
10809,535,231,1
10810,120,593,0
10811,491,314,1
10812,143,627,1
10813,816,94,1
10814,693,1009,1
10815,1042,448,1
10816,543,312,0
10817,498,627,1
10818,748,109,0
10819,94,963,0
10820,367,736,0
10821,223,816,1
10822,1083,382,0
10823,698,603,1
10824,464,1361,1
10825,119,815,1
10826,60,85,0
10827,142,963,0
10828,919,805,0
10829,29,815,1
10830,464,1291,0
10831,438,421,0
10832,1206,816,1
10833,421,1360,0
10834,397,288,0
10835,438,582,0
10836,441,672,1
10837,816,1248,1
10838,302,519,0
10839,525,922,0
10840,1257,1043,1
10841,403,381,1
10842,1066,94,1
10843,356,460,0
10844,381,1195,1
10845,822,1094,0
10846,679,907,0
10847,626,867,0
10848,712,1066,1
10849,488,925,0
10850,787,428,1
10851,627,493,1
10852,373,451,1
10853,249,1217,0
10854,1297,1407,0
10855,272,403,1
10856,1298,1015,0
10857,194,481,0
10858,406,1241,0
10859,698,1216,1
10860,1337,731,1
10861,355,798,1
10862,541,595,0
10863,825,626,0
10864,1117,1294,1
10865,672,320,0
