,TF,Target,Label
0,1116,407,1
1,1257,1116,0
2,1301,1250,0
3,1571,78,1
4,332,382,1
5,470,1161,1
6,1096,1395,1
7,1305,1093,1
8,1156,929,1
9,423,368,0
10,1161,1602,1
11,478,858,1
12,125,685,0
13,412,1474,0
14,1513,848,1
15,979,371,1
16,493,1343,1
17,1162,254,1
18,427,1300,0
19,294,579,1
20,687,1340,1
21,288,9,0
22,611,248,0
23,421,649,1
24,493,1071,0
25,61,1465,0
26,1009,1277,0
27,187,1311,0
28,21,1436,0
29,355,1468,1
30,603,1101,1
31,1524,1533,0
32,602,754,1
33,1028,742,1
34,415,1581,0
35,1355,1290,0
36,1001,1146,1
37,1013,873,1
38,890,1263,0
39,1301,1605,1
40,885,1317,1
41,1533,1525,0
42,141,855,0
43,49,898,0
44,847,268,1
45,1013,963,1
46,250,1460,1
47,233,336,1
48,79,429,1
49,963,68,1
50,579,584,0
51,392,1362,0
52,967,834,1
53,1577,73,1
54,1372,6,0
55,1408,117,0
56,1517,1473,1
57,1301,1329,1
58,107,1193,0
59,754,1513,1
60,665,863,0
61,445,1473,1
62,79,1268,1
63,581,687,1
64,313,1608,0
65,1180,1571,1
66,1062,830,0
67,1029,519,0
68,1513,1204,1
69,886,1525,0
70,169,1175,0
71,573,810,0
72,1324,717,1
73,27,528,1
74,817,225,0
75,1355,1317,0
76,680,1450,0
77,193,227,1
78,1256,312,0
79,581,27,1
80,1418,1446,0
81,918,476,1
82,1070,359,0
83,417,1070,1
84,598,403,1
85,561,417,1
86,493,776,1
87,1323,507,0
88,727,34,0
89,414,1283,0
90,1571,891,0
91,131,493,1
92,815,646,0
93,326,346,0
94,608,1422,1
95,27,817,1
96,379,210,1
97,1523,624,1
98,940,1575,0
99,762,493,1
100,412,1530,0
101,360,673,1
102,993,614,0
103,429,963,1
104,1162,1140,1
105,1527,1245,0
106,1261,299,1
107,182,1103,0
108,712,1395,1
109,727,1305,1
110,131,929,1
111,1028,1286,1
112,598,906,0
113,315,360,1
114,754,1205,1
115,1492,448,0
116,1305,576,1
117,1343,1280,1
118,347,1006,0
119,730,1470,1
120,576,493,1
121,730,1565,1
122,754,1460,1
123,370,1418,0
124,1468,1517,1
125,278,517,1
126,1599,137,0
127,1513,786,1
128,1161,1091,1
129,179,1147,1
130,1235,732,0
131,1221,927,0
132,1611,826,0
133,1142,368,0
134,238,356,0
135,1491,924,0
136,1093,26,1
137,180,1460,1
138,1389,916,1
139,1180,556,0
140,748,1186,0
141,1382,759,0
142,370,452,0
143,1151,1451,0
144,491,1343,1
145,680,785,0
146,478,491,1
147,1256,831,0
148,348,191,1
149,1367,1261,0
150,1337,663,0
151,381,1353,0
152,1449,804,1
153,1579,219,0
154,335,218,0
155,1147,739,0
156,1382,1140,1
157,443,1190,0
158,542,996,0
159,82,89,1
160,1288,834,0
161,542,1005,0
162,291,760,0
163,1458,1126,0
164,1081,1095,0
165,1458,73,1
166,1484,77,0
167,727,976,1
168,1402,692,0
169,547,577,0
170,927,1491,1
171,776,300,1
172,1220,193,1
173,1101,846,0
174,576,1113,1
175,1165,5,0
176,480,1182,0
177,1340,940,0
178,1523,1533,0
179,652,761,0
180,999,1086,0
181,1392,662,0
182,1446,24,0
183,767,1239,0
184,561,1093,1
185,494,196,1
186,322,317,0
187,351,663,0
188,76,517,1
189,360,628,1
190,674,1144,0
191,1392,1232,0
192,1181,1066,0
193,1168,318,0
194,1446,1346,0
195,625,911,1
196,1145,616,0
197,377,1024,0
198,377,1265,0
199,381,658,1
200,1470,493,1
201,373,655,0
202,278,173,1
203,1161,290,1
204,1374,923,0
205,355,76,1
206,1286,105,0
207,698,631,1
208,1088,887,1
209,1256,1193,0
210,493,658,1
211,1552,493,1
212,233,73,1
213,740,516,0
214,626,360,1
215,1305,1133,1
216,1408,749,0
217,639,817,1
218,294,233,1
219,1207,442,0
220,1125,329,1
221,1509,922,0
222,258,798,0
223,1286,359,1
224,1175,885,0
225,573,560,0
226,1136,1327,1
227,1090,171,1
228,1258,1468,1
229,1268,667,0
230,1278,524,0
231,687,381,1
232,1165,1125,1
233,1181,1477,1
234,559,547,1
235,1065,355,1
236,576,217,1
237,1206,493,1
238,1511,516,0
239,489,571,1
240,775,863,0
241,627,464,0
242,747,1513,1
243,699,353,0
244,649,49,1
245,627,1393,1
246,347,1290,1
247,1345,1137,0
248,849,1116,1
249,45,646,1
250,641,1354,0
251,566,1257,0
252,1070,257,0
253,303,591,0
254,916,1552,1
255,1317,1542,0
256,173,445,1
257,624,618,0
258,1261,1157,1
259,887,329,1
260,1022,343,0
261,576,1070,1
262,1513,983,1
263,704,874,1
264,1348,283,0
265,819,41,0
266,108,775,1
267,652,341,0
268,27,773,1
269,848,1436,0
270,267,965,0
271,1470,417,1
272,383,904,0
273,164,1125,1
274,1419,1011,0
275,1093,1301,1
276,1206,1317,1
277,360,1227,1
278,1310,1204,1
279,740,1492,0
280,63,801,0
281,517,1055,0
282,349,285,0
283,1048,1337,0
284,1491,223,0
285,1418,1457,1
286,1311,1496,1
287,309,1421,0
288,182,605,0
289,776,580,0
290,61,1019,0
291,309,721,0
292,815,910,1
293,1395,136,1
294,329,890,1
295,1268,1438,1
296,1060,540,1
297,1188,196,1
298,1156,33,1
299,631,169,1
300,15,89,0
301,817,658,1
302,576,1303,1
303,1509,1019,0
304,1367,1276,0
305,1006,53,0
306,75,1349,0
307,1151,508,0
308,398,572,0
309,351,1154,1
310,448,1127,0
311,415,914,0
312,1577,1114,0
313,1329,9,1
314,21,651,0
315,624,885,1
316,520,576,1
317,92,1319,0
318,217,1162,1
319,528,285,0
320,1614,962,0
321,1505,600,0
322,94,149,0
323,466,1321,0
324,27,611,1
325,1329,1113,1
326,1332,76,1
327,73,817,1
328,1345,1565,0
329,491,858,1
330,394,146,0
331,1291,842,0
332,208,956,0
333,571,1461,0
334,1395,382,1
335,303,734,0
336,209,1222,0
337,1513,619,0
338,744,1272,1
339,1050,475,0
340,602,752,0
341,1261,774,1
342,1408,1606,0
343,1028,1473,1
344,219,1444,0
345,740,851,0
346,427,342,0
347,79,492,0
348,741,1456,0
349,741,145,1
350,1059,660,0
351,562,1108,0
352,493,1422,1
353,1000,1382,1
354,186,338,0
355,73,845,1
356,1101,1008,0
357,1172,110,0
358,1111,281,1
359,146,154,0
360,19,946,0
361,347,844,1
362,995,1158,0
363,1261,1278,1
364,890,1081,0
365,1116,836,0
366,45,520,1
367,1305,459,0
368,665,1015,0
369,520,651,0
370,940,1470,1
371,712,1107,0
372,350,237,0
373,1619,963,0
374,173,1471,0
375,1261,250,1
376,561,485,0
377,1589,576,1
378,1283,1401,0
379,1506,116,1
380,1156,754,1
381,940,665,1
382,3,76,1
383,254,1140,1
384,185,1152,0
385,9,373,0
386,15,416,0
387,817,89,1
388,1287,285,0
389,1206,1261,1
390,646,126,0
391,219,1351,0
392,1280,1332,1
393,1280,341,0
394,929,1156,1
395,1481,264,0
396,233,1204,1
397,342,819,0
398,1059,1544,0
399,1050,880,0
400,478,848,1
401,360,530,1
402,817,1233,1
403,729,493,1
404,818,146,0
405,1257,373,1
406,1366,1552,0
407,955,677,0
408,1425,267,1
409,1422,428,1
410,493,1280,1
411,1253,1502,0
412,1188,1120,1
413,554,1000,0
414,561,581,1
415,1093,669,1
416,776,1527,1
417,1595,814,0
418,223,403,0
419,611,467,1
420,123,1481,0
421,1078,217,1
422,19,131,0
423,493,417,1
424,186,1131,0
425,493,328,0
426,528,1300,0
427,1111,164,1
428,709,935,0
429,907,525,0
430,335,1073,0
431,300,834,1
432,187,882,0
433,291,329,0
434,1422,608,1
435,1392,604,0
436,709,552,0
437,1495,1381,0
438,929,1590,0
439,21,82,0
440,1566,1395,1
441,500,1450,0
442,633,1228,1
443,1154,738,0
444,429,389,1
445,1348,467,0
446,701,889,0
447,1380,1605,1
448,1062,1250,0
449,1269,1265,0
450,1280,1506,1
451,1162,389,0
452,1261,1156,1
453,911,1261,1
454,335,606,1
455,1048,906,0
456,517,76,1
457,1303,620,1
458,963,573,1
459,687,27,1
460,561,1343,1
461,1075,572,0
462,1303,153,0
463,1250,584,0
464,379,1053,0
465,552,580,0
466,794,856,1
467,493,455,0
468,767,1223,0
469,1503,345,0
470,1070,467,0
471,657,381,0
472,1236,266,0
473,24,1260,0
474,802,1130,0
475,1152,904,1
476,1306,1100,0
477,625,526,0
478,741,102,1
479,427,865,1
480,1589,1593,0
481,1329,1589,1
482,1396,550,1
483,849,196,1
484,108,730,1
485,1515,1205,0
486,173,1280,1
487,360,61,1
488,1445,70,0
489,1329,205,1
490,429,1199,0
491,125,917,0
492,333,870,0
493,466,357,0
494,778,932,0
495,1170,877,0
496,413,481,0
497,1372,295,0
498,1329,268,0
499,185,122,0
500,1161,260,1
501,82,1261,1
502,704,801,0
503,209,852,0
504,778,1562,0
505,983,209,1
506,990,313,1
507,341,745,0
508,934,1228,1
509,533,36,0
510,861,767,0
511,1329,520,1
512,1070,544,0
513,173,955,1
514,734,689,0
515,639,108,1
516,1342,835,0
517,652,1101,1
518,573,1494,0
519,1262,1388,0
520,1332,73,1
521,1311,230,0
522,713,776,0
523,847,619,1
524,1521,575,0
525,528,652,0
526,916,122,0
527,322,1299,0
528,856,1116,1
529,389,1161,0
530,216,1470,1
531,349,219,1
532,554,1221,0
533,52,1432,1
534,423,156,0
535,493,478,1
536,1340,1062,1
537,1364,1097,0
538,1571,299,1
539,493,554,1
540,113,1289,0
541,495,38,0
542,581,1116,1
543,1425,1566,0
544,1577,955,1
545,1208,307,0
546,1468,300,1
547,126,1307,0
548,863,157,1
549,1215,1081,0
550,721,1538,1
551,912,570,0
552,76,82,1
553,1380,1301,1
554,406,778,0
555,209,1161,1
556,1169,26,1
557,412,260,0
558,848,1463,0
559,902,1294,0
560,1364,1454,0
561,347,734,0
562,730,417,1
563,27,169,1
564,823,789,0
565,1249,1489,0
566,1395,866,0
567,1072,1544,0
568,1093,1133,1
569,1163,146,0
570,417,161,1
571,161,1502,0
572,3,1098,0
573,883,1492,0
574,383,929,1
575,799,1173,0
576,360,658,1
577,885,466,0
578,1155,1093,1
579,155,1161,0
580,1511,1271,1
581,390,1093,1
582,1006,806,0
583,1250,399,0
584,254,1457,1
585,1158,1457,1
586,82,373,1
587,727,520,1
588,611,762,1
589,161,65,0
590,1188,358,1
591,550,300,1
592,36,1509,0
593,107,1146,0
594,207,262,0
595,1258,905,1
596,495,498,0
597,1496,665,1
598,995,27,1
599,1614,294,1
600,873,1395,1
601,27,1086,1
602,26,1320,0
603,581,1140,1
604,1136,949,0
605,1093,290,0
606,1111,294,1
607,641,844,0
608,631,611,1
609,1145,1146,1
610,82,1206,1
611,1577,1022,1
612,73,730,1
613,1477,193,1
614,193,1088,1
615,379,665,1
616,975,960,0
617,1504,1222,0
618,89,294,1
619,754,1208,1
620,1609,76,0
621,581,357,0
622,754,1365,0
623,1565,1473,1
624,1093,1149,0
625,623,144,0
626,1207,493,1
627,63,700,0
628,3,854,1
629,475,805,1
630,1389,221,0
631,911,1496,1
632,1571,470,1
633,138,1024,0
634,961,1191,0
635,934,551,1
636,1378,1408,0
637,1332,1280,1
638,1034,639,1
639,348,843,0
640,1517,1280,1
641,1457,275,1
642,157,296,0
643,858,302,0
644,609,365,0
645,76,236,0
646,1269,904,1
647,1373,727,1
648,1162,1574,0
649,598,1063,1
650,19,1536,0
651,815,89,1
652,217,45,1
653,355,1125,1
654,108,687,1
655,983,530,1
656,1571,1085,1
657,961,967,1
658,1382,687,1
659,281,598,0
660,1402,652,1
661,157,530,0
662,1325,1028,0
663,874,373,0
664,1402,1302,0
665,348,114,0
666,197,275,1
667,193,1230,1
668,409,1497,0
669,1457,254,1
670,1133,1066,0
671,309,308,0
672,373,475,1
673,131,794,1
674,27,1344,0
675,1086,1169,1
676,734,754,1
677,550,1613,0
678,1291,1510,0
679,1325,306,0
680,918,505,0
681,1085,470,1
682,1275,1406,1
683,625,1276,0
684,1481,817,1
685,495,925,0
686,389,1120,0
687,1372,1539,0
688,995,1302,0
689,1155,417,1
690,1332,822,0
691,1332,1250,1
692,445,745,0
693,169,1257,1
694,407,1222,1
695,836,37,0
696,1037,479,1
697,990,965,0
698,559,1437,1
699,61,911,1
700,940,14,0
701,9,51,0
702,1515,1473,0
703,12,639,1
704,355,1370,0
705,73,517,1
706,313,1052,0
707,776,83,1
708,141,1424,0
709,1034,669,0
710,360,483,1
711,740,285,0
712,205,1428,0
713,1040,1469,0
714,972,85,0
715,874,1382,0
716,809,192,0
717,836,140,1
718,1133,287,1
719,1111,1389,1
720,699,1477,0
721,1133,739,0
722,836,1389,1
723,1481,1147,1
724,197,1051,0
725,493,1088,1
726,1156,1424,0
727,26,717,1
728,858,478,1
729,107,396,0
730,833,1128,1
731,1280,494,1
732,173,355,1
733,1404,1599,0
734,1432,1339,0
735,1539,1114,0
736,122,834,1
737,687,417,1
738,1269,619,0
739,520,1579,0
740,576,512,0
741,1083,1136,0
742,961,390,1
743,552,713,1
744,3,687,0
745,794,1022,1
746,294,73,1
747,350,1261,1
748,1083,1336,0
749,130,1555,0
750,704,1458,1
751,633,1128,1
752,466,1028,0
753,1506,493,1
754,76,730,1
755,1173,254,0
756,805,329,1
757,82,665,1
758,709,278,0
759,49,1237,0
760,372,1086,1
761,493,1513,1
762,1169,641,1
763,122,417,1
764,1125,1119,0
765,602,551,0
766,1477,983,1
767,1599,239,0
768,1116,1329,1
769,730,3,1
770,1116,1204,1
771,440,169,0
772,1345,101,0
773,1571,1057,0
774,347,1345,1
775,515,1185,0
776,390,447,0
777,456,1124,0
778,493,480,1
779,581,409,1
780,45,413,1
781,309,1613,0
782,12,102,1
783,1343,632,0
784,1014,632,0
785,371,1304,1
786,168,1290,1
787,955,294,1
788,233,89,1
789,1566,655,1
790,474,298,0
791,856,817,1
792,373,82,1
793,1269,994,0
794,1133,1373,1
795,1125,326,0
796,1521,520,0
797,1081,673,0
798,961,134,0
799,817,1072,1
800,1319,157,1
801,407,856,1
802,1406,575,0
803,1527,1195,0
804,1272,1233,1
805,52,210,1
806,389,1354,1
807,593,958,0
808,326,582,0
809,799,804,0
810,1014,645,1
811,1310,730,1
812,547,910,1
813,1329,96,1
814,912,355,0
815,1317,415,1
816,1571,1317,1
817,76,1477,1
818,727,275,1
819,1378,755,0
820,191,1309,0
821,502,786,1
822,326,624,0
823,658,1571,1
824,1175,645,1
825,342,355,1
826,1065,33,1
827,1258,90,0
828,528,355,1
829,1549,1212,0
830,1565,1023,0
831,778,471,0
832,775,757,0
833,1116,1342,1
834,963,757,1
835,233,261,1
836,775,445,1
837,1470,730,1
838,1056,623,1
839,3,552,0
840,581,1470,1
841,1303,1170,1
842,910,881,0
843,89,668,0
844,1215,1092,0
845,1221,1261,1
846,1066,999,1
847,1258,409,0
848,1505,911,1
849,686,568,0
850,1072,443,0
851,1155,795,0
852,983,54,1
853,164,300,1
854,817,1565,1
855,1382,116,1
856,267,1170,1
857,658,174,1
858,452,60,1
859,1418,662,0
860,625,1522,0
861,1505,1283,1
862,1114,838,0
863,1237,641,0
864,774,826,0
865,379,1092,1
866,82,1015,0
867,41,1537,0
868,665,635,1
869,300,1307,0
870,1373,1305,1
871,687,448,0
872,417,1162,1
873,381,27,1
874,1324,1602,0
875,1283,467,1
876,674,1272,1
877,347,236,1
878,886,1317,1
879,21,1416,0
880,24,342,0
881,494,559,0
882,1142,1291,0
883,809,599,0
884,1524,1021,0
885,233,460,0
886,162,598,1
887,1156,946,0
888,1468,805,1
889,172,409,0
890,131,689,0
891,1152,967,1
892,15,821,0
893,921,500,0
894,300,174,1
895,495,670,0
896,1340,726,0
897,390,1113,1
898,1028,392,0
899,1470,581,1
900,701,136,1
901,1279,553,0
902,267,102,0
903,1143,186,0
904,89,209,0
905,569,364,0
906,258,709,0
907,1048,1438,1
908,191,577,0
909,1267,975,0
910,412,762,1
911,885,482,0
912,972,967,1
913,530,1235,1
914,1311,911,1
915,294,1473,1
916,648,376,0
917,1422,943,0
918,1406,1037,0
919,1286,708,1
920,817,1280,1
921,1116,1287,1
922,967,885,0
923,394,1194,0
924,493,1001,1
925,368,688,0
926,581,817,1
927,550,1091,0
928,1329,1303,1
929,1329,122,1
930,1505,1146,1
931,1470,1155,1
932,89,730,1
933,581,9,1
934,1422,985,0
935,626,1445,0
936,281,49,0
937,1213,1322,1
938,374,307,0
939,823,149,0
940,493,389,1
941,949,915,0
942,1261,1425,1
943,180,397,1
944,1170,815,1
945,1496,946,1
946,1188,1287,0
947,1208,1128,1
948,643,24,0
949,542,243,0
950,1340,312,1
951,1541,138,0
952,172,1044,0
953,27,191,1
954,1565,852,0
955,92,1433,0
956,1140,390,1
957,1017,358,1
958,1116,1290,1
959,1088,1044,1
960,740,969,0
961,528,1086,1
962,127,1408,1
963,1402,626,1
964,576,1093,1
965,561,528,1
966,762,655,0
967,623,1339,0
968,528,1093,1
969,417,547,1
970,1506,1093,1
971,807,748,0
972,631,395,0
973,1267,1139,0
974,1342,119,0
975,45,1093,1
976,291,863,1
977,163,884,0
978,309,195,0
979,643,566,0
980,1310,232,0
981,658,359,1
982,146,370,0
983,374,1437,0
984,275,417,1
985,1457,631,1
986,417,1140,1
987,669,217,1
988,818,1468,1
989,49,1593,0
990,1181,1161,1
991,1195,818,0
992,533,463,0
993,1188,1275,1
994,1396,1459,0
995,1481,603,1
996,1042,1421,0
997,169,603,1
998,382,1576,0
999,692,27,1
1000,1268,470,1
1001,994,257,0
1002,398,1328,0
1003,1468,1073,0
1004,475,467,1
1005,1609,1289,0
1006,281,1389,1
1007,686,738,0
1008,1161,983,1
1009,754,49,1
1010,1392,945,0
1011,689,129,0
1012,904,1152,1
1013,918,658,0
1014,547,417,1
1015,1354,1281,0
1016,1301,252,0
1017,309,741,0
1018,1237,494,0
1019,623,267,1
1020,93,1057,0
1021,1101,1261,1
1022,1449,168,0
1023,687,1155,1
1024,603,215,0
1025,639,172,1
1026,360,123,1
1027,1477,1327,0
1028,741,1034,1
1029,379,730,1
1030,1226,587,0
1031,347,1105,1
1032,332,464,0
1033,1093,1413,0
1034,254,138,0
1035,1261,76,1
1036,45,581,1
1037,547,1140,1
1038,1315,1513,1
1039,1235,122,0
1040,1207,881,1
1041,355,805,1
1042,1469,362,0
1043,1181,819,1
1044,1387,1232,1
1045,963,347,0
1046,550,896,0
1047,61,357,1
1048,1140,1457,1
1049,390,1187,0
1050,1111,539,0
1051,1334,45,1
1052,362,93,1
1053,209,373,1
1054,995,269,0
1055,963,1116,1
1056,76,1152,0
1057,389,611,1
1058,1136,854,1
1059,838,1259,0
1060,1269,266,0
1061,379,1374,1
1062,1306,1448,0
1063,1337,169,0
1064,1319,387,0
1065,210,1116,1
1066,741,639,1
1067,156,309,0
1068,1013,1031,1
1069,1169,1140,1
1070,547,1591,1
1071,432,465,0
1072,1163,1120,0
1073,73,576,1
1074,1355,987,0
1075,1056,1329,1
1076,73,1206,1
1077,1092,437,0
1078,809,677,0
1079,1470,1329,1
1080,1286,915,0
1081,658,1088,1
1082,1158,427,1
1083,122,1298,1
1084,1477,1181,1
1085,276,543,0
1086,1611,1105,0
1087,1457,184,0
1088,1013,761,0
1089,1257,486,0
1090,1147,818,1
1091,1279,507,0
1092,1059,1262,0
1093,833,749,1
1094,313,990,1
1095,1408,460,1
1096,1087,1389,0
1097,303,54,0
1098,817,1310,1
1099,392,480,1
1100,1605,1436,0
1101,89,1387,1
1102,1269,417,1
1103,489,1554,0
1104,108,1458,1
1105,669,1457,1
1106,342,442,0
1107,1367,754,1
1108,1544,1043,0
1109,598,815,1
1110,1078,969,0
1111,665,61,1
1112,131,27,1
1113,41,223,0
1114,904,623,1
1115,940,397,1
1116,1152,855,0
1117,1351,591,0
1118,56,493,1
1119,575,1289,0
1120,873,872,0
1121,1141,414,0
1122,1037,389,0
1123,493,1589,1
1124,1257,360,1
1125,1533,1113,0
1126,489,384,1
1127,963,1473,1
1128,341,389,1
1129,1228,256,0
1130,815,1006,0
1131,573,1499,1
1132,1133,1305,1
1133,1142,1234,0
1134,193,11,0
1135,1280,1093,1
1136,775,33,1
1137,82,886,1
1138,905,1342,1
1139,360,726,1
1140,1111,1293,0
1141,1257,1458,0
1142,1065,136,0
1143,234,1342,0
1144,550,1418,0
1145,233,186,1
1146,571,1050,0
1147,1083,384,1
1148,799,1511,0
1149,26,474,1
1150,347,295,0
1151,474,817,1
1152,140,817,1
1153,173,576,1
1154,818,916,0
1155,657,1549,0
1156,33,76,0
1157,961,1152,1
1158,1351,1390,0
1159,360,456,0
1160,951,465,0
1161,1151,1004,0
1162,554,1125,1
1163,571,403,1
1164,1533,27,0
1165,208,1242,0
1166,754,506,1
1167,814,1130,0
1168,373,970,0
1169,380,999,1
1170,1284,1349,0
1171,19,27,0
1172,9,381,0
1173,1530,998,0
1174,1375,1116,1
1175,806,378,0
1176,833,1171,0
1177,1373,197,1
1178,127,724,0
1179,1075,1393,0
1180,1380,1329,1
1181,414,1235,1
1182,1237,547,0
1183,1599,639,0
1184,1207,1421,0
1185,528,1158,1
1186,423,1340,0
1187,1609,780,0
1188,193,963,1
1189,665,628,1
1190,848,1055,0
1191,1342,939,0
1192,360,268,1
1193,911,776,1
1194,1112,361,1
1195,561,773,1
1196,414,1415,0
1197,494,687,1
1198,1261,883,1
1199,702,729,1
1200,911,936,1
1201,1589,26,1
1202,631,360,1
1203,911,377,1
1204,390,1437,1
1205,1523,426,0
1206,1583,267,0
1207,911,33,1
1208,97,1005,0
1209,754,300,1
1210,1351,907,0
1211,1342,1341,1
1212,1125,73,1
1213,639,1473,1
1214,365,180,0
1215,294,140,1
1216,1250,401,0
1217,1382,581,1
1218,322,1069,0
1219,1579,919,0
1220,598,1319,1
1221,300,631,1
1222,1165,300,1
1223,1332,539,0
1224,955,1609,0
1225,783,1507,0
1226,1387,951,0
1227,547,967,1
1228,1111,681,0
1229,1284,120,0
1230,817,116,1
1231,93,695,0
1232,1140,583,0
1233,950,1284,0
1234,983,493,1
1235,1156,355,1
1236,1168,765,0
1237,1515,866,0
1238,269,1445,1
1239,603,904,0
1240,1595,636,0
1241,1113,561,1
1242,4,261,0
1243,942,157,1
1244,292,73,0
1245,1341,1268,0
1246,775,650,0
1247,856,963,1
1248,82,2,0
1249,162,1128,1
1250,1323,877,0
1251,573,407,1
1252,754,786,1
1253,875,1413,0
1254,54,353,0
1255,1544,1454,0
1256,179,673,1
1257,1612,1457,1
1258,1609,74,1
1259,494,329,1
1260,1081,336,0
1261,547,1010,0
1262,1237,1257,0
1263,329,1389,1
1264,1547,1012,0
1265,886,181,0
1266,1470,1024,0
1267,89,445,1
1268,1140,1305,1
1269,1022,108,1
1270,611,360,1
1271,687,73,1
1272,1228,384,1
1273,1111,140,1
1274,833,950,0
1275,173,108,1
1276,269,1483,0
1277,300,164,1
1278,1152,1070,1
1279,390,1458,1
1280,450,773,1
1281,907,870,0
1282,904,1170,1
1283,288,981,0
1284,1403,66,0
1285,192,1267,0
1286,1096,1188,0
1287,89,1204,1
1288,1056,1026,0
1289,303,774,0
1290,169,964,0
1291,475,715,1
1292,1056,1113,1
1293,1169,42,0
1294,669,421,1
1295,561,275,1
1296,332,187,0
1297,833,708,1
1298,863,1390,0
1299,559,1284,1
1300,815,864,0
1301,1133,520,1
1302,849,1220,0
1303,1329,1605,1
1304,227,1249,1
1305,254,614,0
1306,863,284,0
1307,934,421,0
1308,1114,1462,0
1309,754,33,1
1310,1170,230,0
1311,641,1158,1
1312,1096,1544,0
1313,1165,1436,0
1314,1063,742,1
1315,626,19,0
1316,197,1482,0
1317,273,1296,0
1318,1261,1332,0
1319,552,785,0
1320,489,1604,1
1321,576,1305,1
1322,15,703,0
1323,1029,10,0
1324,1261,673,1
1325,1269,713,0
1326,1001,559,0
1327,141,652,0
1328,1058,52,1
1329,1240,1046,0
1330,1028,1365,1
1331,794,12,1
1332,856,1406,1
1333,740,549,0
1334,643,1446,0
1335,174,544,1
1336,905,213,0
1337,704,1202,0
1338,1230,342,1
1339,26,641,1
1340,1408,51,0
1341,480,383,1
1342,82,1473,1
1343,741,955,1
1344,456,1247,0
1345,162,1298,1
1346,1256,1481,0
1347,817,576,1
1348,326,45,1
1349,1288,567,0
1350,1166,1051,0
1351,1312,154,0
1352,174,169,1
1353,333,704,0
1354,300,1234,1
1355,1180,1210,0
1356,73,1111,1
1357,383,765,0
1358,1495,1193,0
1359,125,447,0
1360,171,1531,0
1361,450,609,0
1362,863,1459,0
1363,1154,828,0
1364,1253,1092,1
1365,1509,1190,0
1366,474,391,0
1367,1418,1329,1
1368,1055,337,0
1369,360,373,1
1370,208,1447,0
1371,1031,1553,0
1372,834,859,1
1373,702,619,0
1374,1253,1565,0
1375,1169,27,1
1376,825,209,1
1377,443,1217,0
1378,1589,294,1
1379,767,588,0
1380,197,1264,0
1381,123,867,0
1382,1565,294,1
1383,1515,1436,0
1384,979,742,1
1385,417,116,1
1386,272,212,0
1387,1262,173,0
1388,1140,217,1
1389,530,260,0
1390,520,751,0
1391,576,730,1
1392,288,1040,0
1393,412,244,0
1394,1329,1382,1
1395,581,294,1
1396,581,641,1
1397,1078,45,1
1398,1458,394,0
1399,1477,790,0
1400,1249,227,1
1401,689,533,0
1402,581,254,1
1403,1552,1268,1
1404,817,1221,1
1405,1228,387,0
1406,680,1272,0
1407,332,817,1
1408,182,549,0
1409,776,631,1
1410,500,1456,0
1411,130,960,0
1412,1432,733,0
1413,745,265,0
1414,1116,841,0
1415,41,47,0
1416,4,1093,1
1417,1014,1434,0
1418,1220,432,0
1419,26,1086,1
1420,687,1473,1
1421,89,1473,1
1422,24,1087,0
1423,1162,1233,0
1424,1022,1577,1
1425,1221,912,0
1426,1159,1332,1
1427,1589,1571,1
1428,1279,646,1
1429,833,1208,1
1430,1125,76,1
1431,702,886,1
1432,1083,949,1
1433,110,1284,0
1434,1158,1335,0
1435,1151,362,1
1436,493,275,1
1437,1062,1012,0
1438,1449,373,1
1439,730,1473,1
1440,1287,185,0
1441,576,624,1
1442,174,1268,1
1443,780,904,0
1444,636,1088,0
1445,1211,547,0
1446,1286,384,1
1447,1187,1614,0
1448,942,1315,1
1449,715,1387,0
1450,1175,1506,0
1451,1294,809,0
1452,1332,140,1
1453,576,1457,1
1454,561,26,1
1455,475,921,1
1456,1006,278,1
1457,1395,841,1
1458,1511,335,0
1459,721,85,0
1460,474,1533,1
1461,730,911,1
1462,1301,961,1
1463,1509,1093,0
1464,315,1088,1
1465,223,1133,1
1466,27,834,1
1467,1470,547,1
1468,195,629,0
1469,394,251,0
1470,741,1142,1
1471,1257,1115,1
1472,1524,866,1
1473,907,861,0
1474,815,665,1
1475,1140,1382,1
1476,515,1502,0
1477,480,500,0
1478,721,1145,1
1479,918,978,0
1480,1419,894,0
1481,372,1100,0
1482,1055,390,0
1483,713,674,0
1484,1325,1463,0
1485,1062,1583,0
1486,350,893,0
1487,1577,390,1
1488,82,73,1
1489,676,161,0
1490,15,1204,0
1491,90,903,0
1492,547,1170,1
1493,999,1168,0
1494,300,116,1
1495,631,277,0
1496,779,1214,0
1497,946,998,0
1498,1085,1070,1
1499,54,123,0
1500,979,1591,1
1501,379,581,0
1502,278,742,0
1503,267,725,0
1504,927,1071,0
1505,532,1474,0
1506,1589,687,1
1507,817,1375,0
1508,575,45,0
1509,1583,1103,0
1510,1093,1473,1
1511,1058,1091,0
1512,1446,675,0
1513,390,176,0
1514,1113,806,0
1515,1088,127,0
1516,1329,217,1
1517,163,704,0
1518,530,911,1
1519,385,574,0
1520,1236,789,0
1521,1070,755,0
1522,1438,337,0
1523,929,299,1
1524,834,1284,1
1525,1261,489,1
1526,1116,576,1
1527,27,804,1
1528,1609,225,0
1529,107,1105,1
1530,1513,209,1
1531,341,1239,0
1532,550,647,0
1533,1477,847,0
1534,934,1090,1
1535,1235,892,0
1536,1070,1303,0
1537,779,1055,0
1538,392,948,0
1539,406,1061,0
1540,1085,262,0
1541,1249,834,0
1542,571,515,0
1543,1491,1123,0
1544,302,1188,1
1545,1090,435,0
1546,1397,348,0
1547,741,940,1
1548,1261,1571,1
1549,700,951,0
1550,1228,924,0
1551,1133,319,0
1552,1070,966,0
1553,3,1081,0
1554,1206,1332,1
1555,302,113,0
1556,779,778,0
1557,1070,961,1
1558,979,729,1
1559,1450,1536,0
1560,193,625,1
1561,205,1218,0
1562,1346,707,0
1563,1101,300,1
1564,1329,754,1
1565,1172,1511,1
1566,1158,680,0
1567,1087,289,0
1568,37,856,0
1569,1159,702,1
1570,1261,360,1
1571,1392,1296,0
1572,883,111,0
1573,61,748,0
1574,1212,365,0
1575,348,493,1
1576,350,108,0
1577,1208,384,1
1578,173,1204,1
1579,848,1019,0
1580,90,259,0
1581,1093,1204,1
1582,1531,902,0
1583,466,1278,0
1584,267,371,1
1585,1306,1302,0
1586,713,1227,0
1587,1280,381,1
1588,1172,1439,0
1589,82,819,0
1590,1380,108,0
1591,291,398,0
1592,983,825,1
1593,807,975,0
1594,480,773,1
1595,1048,91,0
1596,1605,1084,0
1597,918,159,0
1598,15,627,0
1599,1088,322,1
1600,370,504,1
1601,821,1200,0
1602,1165,1068,0
1603,1088,193,1
1604,709,55,0
1605,1256,23,0
1606,639,1022,1
1607,1300,1599,0
1608,161,1283,0
1609,1090,633,1
1610,126,1326,0
1611,1049,1086,0
1612,107,1091,1
1613,609,19,0
1614,559,427,0
1615,1419,628,0
1616,1081,345,0
1617,90,690,0
1618,1611,1428,0
1619,946,173,0
1620,335,120,0
1621,1337,24,0
1622,161,1310,1
1623,788,800,0
1624,360,1234,1
1625,762,191,1
1626,911,1387,1
1627,805,164,1
1628,1280,281,1
1629,1470,1571,1
1630,686,346,0
1631,108,1565,1
1632,406,394,0
1633,1387,708,1
1634,610,54,0
1635,665,1473,1
1636,275,942,0
1637,309,337,0
1638,173,1565,1
1639,916,493,1
1640,350,467,1
1641,1006,145,1
1642,940,144,0
1643,1188,360,1
1644,246,1605,0
1645,1470,1093,1
1646,1550,975,0
1647,794,725,0
1648,489,1128,1
1649,631,300,1
1650,1029,1541,0
1651,1162,1547,0
1652,940,152,0
1653,805,910,0
1654,927,1128,1
1655,963,1071,1
1656,875,1324,1
1657,1406,188,0
1658,475,44,0
1659,1101,882,0
1660,355,1280,1
1661,1009,1275,0
1662,1517,197,0
1663,1284,834,1
1664,1261,910,1
1665,967,86,0
1666,360,1093,0
1667,122,623,1
1668,1145,1163,0
1669,1468,164,1
1670,1387,417,1
1671,1371,1352,0
1672,1589,93,0
1673,1311,1327,1
1674,581,94,0
1675,1006,173,1
1676,141,473,0
1677,1319,1315,1
1678,217,754,1
1679,1154,858,0
1680,1062,1617,0
1681,1395,1345,1
1682,647,503,0
1683,417,122,1
1684,961,148,0
1685,371,729,1
1686,1093,1506,1
1687,1403,79,0
1688,847,938,1
1689,1211,593,0
1690,276,328,0
1691,1111,1280,1
1692,734,782,0
1693,475,130,1
1694,161,817,1
1695,1280,3,0
1696,547,275,1
1697,699,1192,0
1698,873,475,1
1699,552,773,1
1700,61,428,1
1701,125,623,0
1702,302,1270,0
1703,631,1538,1
1704,1155,1470,1
1705,329,887,1
1706,1571,1470,1
1707,1481,1033,0
1708,1086,561,1
1709,332,609,0
1710,360,359,1
1711,1258,761,0
1712,699,1116,0
1713,227,1133,0
1714,1294,302,1
1715,1258,530,1
1716,405,871,0
1717,961,1177,0
1718,1406,1188,1
1719,1284,18,1
1720,955,1022,1
1721,157,234,0
1722,530,524,0
1723,45,1457,1
1724,315,1375,0
1725,1549,831,0
1726,674,650,1
1727,1226,1281,0
1728,1374,902,0
1729,41,444,0
1730,333,357,0
1731,1158,641,1
1732,173,161,1
1733,566,401,0
1734,598,291,1
1735,210,521,0
1736,1491,528,0
1737,107,96,1
1738,445,817,1
1739,1509,1460,0
1740,1236,1092,1
1741,92,735,0
1742,233,1065,1
1743,489,403,1
1744,1583,820,0
1745,949,1083,1
1746,1090,727,0
1747,1614,972,0
1748,1345,1543,1
1749,1505,89,0
1750,530,193,1
1751,368,1230,1
1752,146,735,0
1753,380,86,0
1754,528,547,1
1755,963,856,1
1756,52,1408,1
1757,576,666,0
1758,1484,312,0
1759,847,274,0
1760,493,196,1
1761,593,265,0
1762,341,1002,0
1763,1496,1255,1
1764,916,723,0
1765,41,652,0
1766,1142,1366,0
1767,528,294,1
1768,1220,927,1
1769,329,1332,1
1770,275,9,1
1771,1063,1507,1
1772,1552,131,1
1773,489,317,0
1774,1382,817,1
1775,776,848,0
1776,1269,1450,0
1777,275,197,1
1778,322,279,0
1779,421,1356,0
1780,665,1396,1
1781,1125,1499,0
1782,1547,266,0
1783,940,1591,1
1784,335,1492,0
1785,1345,665,1
1786,1181,1480,0
1787,281,233,1
1788,1226,1198,0
1789,1173,26,0
1790,1387,238,0
1791,1619,1317,0
1792,1389,1412,0
1793,480,1272,1
1794,861,288,0
1795,432,1515,1
1796,210,88,0
1797,281,694,0
1798,347,83,1
1799,1142,1591,1
1800,673,1395,1
1801,904,486,1
1802,911,1247,0
1803,470,1181,1
1804,1211,398,0
1805,227,1053,0
1806,254,1492,0
1807,333,1324,0
1808,1355,932,0
1809,559,1152,0
1810,493,1389,1
1811,825,754,0
1812,1014,579,0
1813,704,371,1
1814,1571,775,1
1815,161,1280,1
1816,470,300,1
1817,972,1177,0
1818,856,159,1
1819,1237,130,1
1820,1175,1260,0
1821,417,1457,1
1822,1371,360,1
1823,963,658,1
1824,1426,1400,0
1825,27,389,1
1826,1301,573,0
1827,186,233,1
1828,1571,1378,1
1829,390,1269,1
1830,951,468,0
1831,794,1194,0
1832,76,300,1
1833,1305,283,0
1834,702,1354,0
1835,1395,1449,0
1836,392,299,1
1837,1147,137,0
1838,107,721,0
1839,1085,1342,0
1840,910,1170,1
1841,489,926,0
1842,982,1231,0
1843,1571,1589,1
1844,89,650,1
1845,1491,934,1
1846,254,314,0
1847,817,1028,1
1848,560,1327,0
1849,979,1180,1
1850,729,979,1
1851,456,794,0
1852,394,650,1
1853,341,611,1
1854,355,1577,1
1855,1367,880,0
1856,1491,926,0
1857,754,1211,0
1858,82,164,1
1859,1161,1546,1
1860,186,318,0
1861,108,424,0
1862,611,1011,0
1863,1364,476,0
1864,417,581,1
1865,745,1057,0
1866,946,243,0
1867,1152,1232,0
1868,1283,183,0
1869,754,638,1
1870,1169,817,1
1871,1291,1006,0
1872,1230,579,1
1873,1398,1017,0
1874,982,370,0
1875,136,59,0
1876,360,1513,1
1877,955,1577,1
1878,689,1071,0
1879,392,995,1
1880,355,1471,0
1881,1371,76,1
1882,1049,136,0
1883,493,817,1
1884,273,1538,0
1885,704,911,1
1886,466,191,0
1887,1389,355,1
1888,432,1015,0
1889,1355,1240,0
1890,1311,1229,0
1891,1086,311,0
1892,1303,1193,0
1893,389,349,1
1894,180,773,1
1895,1419,250,0
1896,493,267,1
1897,1372,985,0
1898,1515,1154,1
1899,704,1261,1
1900,955,517,1
1901,856,530,1
1902,754,217,1
1903,834,357,0
1904,1230,923,0
1905,715,551,0
1906,1269,576,1
1907,1509,1039,0
1908,1070,58,0
1909,131,502,1
1910,1288,493,1
1911,1261,1005,1
1912,288,1300,1
1913,927,1083,1
1914,278,1599,0
1915,1614,390,0
1916,423,1423,0
1917,741,360,0
1918,1389,1111,1
1919,348,1368,0
1920,786,33,1
1921,1169,729,1
1922,905,889,0
1923,351,922,0
1924,1467,250,1
1925,1283,707,0
1926,493,27,1
1927,197,956,0
1928,350,879,0
1929,581,1280,1
1930,907,1393,0
1931,1291,1461,0
1932,1481,174,1
1933,1093,409,1
1934,1317,1206,1
1935,687,1280,1
1936,180,1244,1
1937,1614,270,0
1938,1395,956,0
1939,554,415,1
1940,1389,368,1
1941,1170,417,1
1942,49,864,0
1943,502,775,1
1944,1088,58,0
1945,581,1301,1
1946,136,88,0
1947,342,452,0
1948,445,437,0
1949,1614,1082,0
1950,905,1112,1
1951,89,804,1
1952,754,1016,1
1953,1022,1458,1
1954,858,1429,0
1955,1220,1474,0
1956,390,581,1
1957,950,1312,0
1958,1329,1140,1
1959,1303,799,0
1960,885,116,0
1961,1432,268,0
1962,1511,488,0
1963,326,646,1
1964,639,12,1
1965,347,348,0
1966,703,1004,0
1967,79,1552,1
1968,288,604,0
1969,955,780,0
1970,649,328,0
1971,415,1064,0
1972,495,72,0
1973,1261,1218,1
1974,1143,494,1
1975,1450,1098,0
1976,1491,1464,0
1977,776,958,0
1978,302,582,1
1979,1133,672,0
1980,89,1490,0
1981,530,884,0
1982,856,975,0
1983,1334,1407,0
1984,1311,1232,1
1985,41,593,0
1986,1168,1371,1
1987,561,910,1
1988,1425,417,0
1989,131,815,0
1990,180,1113,0
1991,470,493,1
1992,1155,478,1
1993,1203,1063,0
1994,272,629,0
1995,494,164,1
1996,995,480,1
1997,658,300,1
1998,108,182,1
1999,217,976,1
2000,1311,300,1
2001,715,1450,1
2002,515,1074,0
2003,360,350,1
2004,921,555,0
2005,1530,530,0
2006,97,597,0
2007,173,1513,1
2008,1048,1333,0
2009,886,1367,0
2010,658,1184,0
2011,49,653,0
2012,372,875,1
2013,210,379,1
2014,90,95,0
2015,817,1116,1
2016,1457,1202,0
2017,131,1156,1
2018,1001,114,0
2019,180,523,0
2020,1283,1505,1
2021,611,627,0
2022,362,697,0
2023,1468,140,1
2024,1329,561,1
2025,92,133,0
2026,141,834,0
2027,1470,1140,1
2028,1371,448,1
2029,983,1184,0
2030,60,452,1
2031,817,332,1
2032,983,521,0
2033,528,561,1
2034,1577,859,1
2035,1589,165,0
2036,355,164,1
2037,489,1304,1
2038,267,122,1
2039,910,815,1
2040,179,475,1
2041,307,186,0
2042,350,1101,1
2043,3,483,0
2044,1161,1543,1
2045,858,351,0
2046,1446,464,0
2047,856,1003,0
2048,389,300,1
2049,1517,805,1
2050,164,79,1
2051,1130,825,0
2052,834,1093,1
2053,1303,1329,1
2054,963,620,0
2055,502,929,1
2056,1310,687,1
2057,885,1093,1
2058,562,1344,0
2059,1594,1393,0
2060,602,1280,0
2061,1093,1343,1
2062,1531,128,0
2063,576,390,1
2064,1060,218,1
2065,1258,81,0
2066,1085,1571,1
2067,1351,1333,0
2068,1275,1615,0
2069,1173,362,0
2070,1028,1481,0
2071,60,1495,0
2072,709,1190,0
2073,347,264,0
2074,1006,968,0
2075,819,657,0
2076,972,995,1
2077,1364,1354,0
2078,174,606,0
2079,456,1321,0
2080,1367,1327,0
2081,833,1534,0
2082,641,183,0
2083,452,377,1
2084,848,1563,0
2085,1066,493,1
2086,3,96,1
2087,1143,414,0
2088,885,351,0
2089,104,1395,1
2090,140,1111,1
2091,1375,185,1
2092,205,1301,1
2093,794,173,1
2094,887,602,0
2095,730,576,1
2096,1188,883,1
2097,1155,1170,1
2098,834,719,1
2099,1468,73,1
2100,1311,517,0
2101,421,520,1
2102,1152,1258,0
2103,54,362,0
2104,1566,1261,1
2105,626,491,0
2106,493,547,1
2107,1329,108,1
2108,730,76,1
2109,1513,54,1
2110,125,1337,0
2111,1087,298,0
2112,1547,12,0
2113,631,788,1
2114,450,972,1
2115,475,1389,0
2116,223,538,0
2117,990,496,0
2118,234,1406,0
2119,561,1212,0
2120,355,1379,0
2121,407,553,1
2122,561,815,1
2123,162,1088,0
2124,1261,283,1
2125,1156,299,1
2126,1155,765,0
2127,415,294,1
2128,415,257,0
2129,1006,803,0
2130,1284,1490,0
2131,783,1181,0
2132,1511,1172,1
2133,93,1475,0
2134,1125,180,0
2135,955,116,0
2136,1211,250,1
2137,155,979,0
2138,382,1395,1
2139,355,108,1
2140,4,1500,0
2141,529,486,0
2142,1325,1263,0
2143,1261,350,1
2144,1547,174,1
2145,1034,1577,1
2146,1445,1136,0
2147,377,543,0
2148,1092,1473,1
2149,381,1513,1
2150,1389,625,0
2151,412,422,0
2152,27,56,1
2153,162,742,1
2154,1372,1072,0
2155,1589,108,1
2156,423,470,0
2157,1550,715,0
2158,272,747,0
2159,1152,543,0
2160,1577,1142,1
2161,171,301,0
2162,665,467,1
2163,56,1587,0
2164,940,921,0
2165,502,383,1
2166,303,1519,0
2167,1169,1522,1
2168,528,808,0
2169,1114,1153,0
2170,1088,1116,1
2171,423,1443,0
2172,172,1085,0
2173,1161,67,0
2174,1141,221,0
2175,378,293,0
2176,348,1085,0
2177,674,1140,0
2178,983,168,1
2179,1549,1055,0
2180,859,36,0
2181,963,1261,1
2182,686,1550,0
2183,542,960,0
2184,171,1228,1
2185,727,984,0
2186,1402,368,1
2187,833,1016,1
2188,730,1230,1
2189,1093,1605,1
2190,1438,1048,1
2191,413,1334,1
2192,1207,812,0
2193,1206,440,0
2194,566,704,0
2195,885,1605,1
2196,350,1284,0
2197,383,174,0
2198,950,528,0
2199,1319,76,1
2200,674,346,0
2201,488,1282,0
2202,281,1248,0
2203,673,179,1
2204,754,833,1
2205,1072,1313,0
2206,1583,1261,0
2207,1389,1516,1
2208,1491,310,0
2209,75,381,1
2210,673,479,1
2211,875,131,0
2212,1258,755,0
2213,1257,653,1
2214,754,1383,1
2215,561,432,0
2216,727,1418,1
2217,239,650,0
2218,1329,623,1
2219,686,443,0
2220,883,1524,1
2221,624,1605,1
2222,999,1295,0
2223,1065,817,1
2224,940,708,1
2225,373,385,0
2226,1351,1155,0
2227,1515,362,1
2228,603,1547,1
2229,1092,817,1
2230,1155,581,1
2231,45,1140,1
2232,754,749,1
2233,292,960,0
2234,90,1619,0
2235,624,697,0
2236,1093,817,1
2237,581,73,1
2238,163,511,0
2239,1403,1259,0
2240,1028,98,0
2241,1081,670,0
2242,669,1387,0
2243,1130,241,0
2244,1257,397,0
2245,494,894,0
2246,1332,321,0
2247,1354,1529,1
2248,874,911,1
2249,333,1597,0
2250,1366,1023,0
2251,1168,428,0
2252,610,266,1
2253,833,598,1
2254,1332,1125,1
2255,350,954,0
2256,1170,1470,1
2257,12,1577,1
2258,162,473,0
2259,1484,1208,0
2260,161,581,1
2261,1550,398,0
2262,1237,413,0
2263,817,161,1
2264,1577,794,1
2265,82,300,1
2266,1206,1339,0
2267,550,665,1
2268,1470,73,1
2269,1397,911,1
2270,294,1506,1
2271,1515,1521,0
2272,1411,505,0
2273,140,380,0
2274,169,1481,1
2275,730,552,0
2276,372,1158,1
2277,26,1473,1
2278,1317,1095,0
2279,463,45,1
2280,1342,845,0
2281,1133,307,0
2282,1065,586,0
2283,817,1382,1
2284,927,384,1
2285,646,166,0
2286,409,528,1
2287,581,18,1
2288,427,1522,1
2289,995,1225,0
2290,905,1094,0
2291,1342,1326,0
2292,1152,1089,0
2293,1268,189,0
2294,592,359,0
2295,849,193,0
2296,489,1075,0
2297,1086,563,1
2298,27,164,1
2299,373,1407,0
2300,1275,992,0
2301,1055,128,0
2302,1310,1513,1
2303,794,9,0
2304,858,30,0
2305,1345,1220,1
2306,529,1291,0
2307,581,1305,1
2308,371,1385,0
2309,1611,652,1
2310,1533,886,1
2311,452,541,0
2312,912,658,0
2313,1162,520,1
2314,1152,294,0
2315,209,193,1
2316,783,1381,0
2317,90,1190,0
2318,611,730,1
2319,1380,165,0
2320,1143,599,0
2321,641,1473,1
2322,1408,1510,0
2323,983,904,0
2324,848,491,1
2325,1283,639,1
2326,1141,1147,1
2327,1280,86,0
2328,1034,108,1
2329,780,672,0
2330,1147,179,1
2331,552,644,0
2332,1083,171,1
2333,805,73,1
2334,794,1347,0
2335,1418,874,0
2336,1085,623,0
2337,1175,77,0
2338,1170,493,1
2339,1180,502,1
2340,890,1088,1
2341,382,1616,0
2342,1595,382,0
2343,389,355,1
2344,56,1230,1
2345,1605,673,0
2346,233,1517,1
2347,303,360,1
2348,554,73,1
2349,1300,148,1
2350,381,294,1
2351,372,641,1
2352,379,963,1
2353,623,1470,1
2354,576,967,1
2355,1343,1403,0
2356,940,1232,1
2357,687,491,1
2358,1165,233,1
2359,979,749,1
2360,21,1230,1
2361,1449,434,0
2362,1354,348,1
2363,712,891,0
2364,542,432,0
2365,815,547,1
2366,489,742,1
2367,1165,1389,1
2368,1092,805,1
2369,502,1180,1
2370,1619,526,0
2371,1090,1245,1
2372,355,456,1
2373,94,1024,0
2374,1034,856,1
2375,1279,1533,0
2376,946,1406,0
2377,1602,1452,0
2378,631,493,1
2379,849,553,0
2380,704,1412,0
2381,703,196,0
2382,1086,581,1
2383,191,324,0
2384,1088,315,1
2385,982,245,0
2386,1268,658,1
2387,658,269,1
2388,633,441,0
2389,254,487,0
2390,122,866,1
2391,1404,80,0
2392,627,974,0
2393,1418,1468,0
2394,75,383,1
2395,1050,1262,0
2396,1329,1116,1
2397,1112,1258,1
2398,1317,356,0
2399,233,1111,1
2400,288,351,0
2401,1343,478,1
2402,1521,436,0
2403,445,962,0
2404,961,9,1
2405,385,568,0
2406,1457,9,1
2407,1125,47,0
2408,652,1576,0
2409,273,1342,1
2410,1196,631,0
2411,1090,46,0
2412,179,1101,1
2413,1213,1437,0
2414,611,1024,0
2415,348,1354,1
2416,1173,1579,0
2417,1397,1255,1
2418,1445,269,1
2419,1612,493,1
2420,961,379,0
2421,1101,227,1
2422,1136,650,0
2423,1075,1261,1
2424,415,1261,1
2425,341,30,0
2426,1258,1112,1
2427,817,1161,1
2428,294,415,1
2429,180,371,1
2430,624,1297,0
2431,912,1040,0
2432,641,1086,1
2433,1140,1280,1
2434,360,76,1
2435,104,741,0
2436,818,1147,1
2437,1404,1155,0
2438,1343,73,0
2439,658,1161,1
2440,754,678,0
2441,704,1006,0
2442,1395,991,1
2443,581,390,1
2444,474,925,0
2445,377,204,0
2446,394,888,0
2447,754,1133,1
2448,1506,836,1
2449,9,961,1
2450,547,815,1
2451,633,940,0
2452,450,967,1
2453,927,1362,1
2454,623,1329,1
2455,1513,581,1
2456,1280,687,1
2457,417,398,0
2458,788,779,0
2459,130,1499,0
2460,1457,1261,1
2461,838,861,0
2462,1087,1499,0
2463,390,547,1
2464,1612,1160,0
2465,1101,1566,1
2466,1515,432,1
2467,390,1436,1
2468,1513,1125,1
2469,130,1492,0
2470,910,1015,0
2471,1579,875,1
2472,1565,597,0
2473,1468,1522,0
2474,1319,1280,1
2475,417,1473,1
2476,313,20,0
2477,815,122,1
2478,1085,1308,1
2479,856,881,0
2480,623,659,0
2481,1477,652,0
2482,157,664,0
2483,1329,161,1
2484,907,410,0
2485,494,747,1
2486,79,240,0
2487,562,847,0
2488,171,1506,0
2489,955,794,1
2490,351,885,0
2491,528,729,1
2492,258,560,0
2493,75,870,0
2494,300,983,1
2495,817,56,1
2496,1072,429,0
2497,1151,1515,1
2498,493,1066,1
2499,350,1038,0
2500,972,1458,1
2501,61,1051,0
2502,770,758,0
2503,209,489,0
2504,1236,287,0
2505,1506,730,1
2506,162,1068,0
2507,500,404,0
2508,1571,142,1
2509,754,982,1
2510,809,641,0
2511,775,108,1
2512,1228,169,1
2513,234,388,0
2514,381,817,1
2515,192,216,0
2516,1577,639,1
2517,381,1116,1
2518,468,699,0
2519,979,1304,1
2520,1042,764,0
2521,1458,1022,1
2522,1268,1552,1
2523,1286,749,1
2524,162,878,1
2525,429,995,0
2526,1113,1437,1
2527,205,478,0
2528,79,916,1
2529,1491,759,0
2530,963,1112,1
2531,963,625,1
2532,730,741,1
2533,847,439,0
2534,1418,45,1
2535,911,775,1
2536,452,1017,0
2537,1101,467,1
2538,300,380,1
2539,1408,52,1
2540,520,1305,1
2541,1544,835,0
2542,1161,658,1
2543,1278,1255,0
2544,373,338,0
2545,934,1438,1
2546,332,438,0
2547,278,1183,1
2548,687,1382,1
2549,1324,967,0
2550,275,1170,1
2551,76,27,1
2552,874,79,0
2553,1257,1300,0
2554,49,1502,0
2555,744,945,0
2556,624,248,0
2557,275,976,1
2558,643,213,0
2559,37,932,0
2560,1491,1228,1
2561,641,18,1
2562,254,45,1
2563,744,868,0
2564,52,459,0
2565,673,394,0
2566,1158,528,1
2567,92,806,0
2568,342,873,0
2569,838,1582,1
2570,754,294,1
2571,741,794,1
2572,1329,967,1
2573,1262,909,0
2574,409,1473,1
2575,1364,1455,0
2576,1310,910,0
2577,333,1488,0
2578,744,1584,0
2579,542,593,0
2580,1403,954,0
2581,489,180,1
2582,665,652,1
2583,1595,1491,0
2584,493,563,1
2585,37,775,0
2586,210,602,0
2587,550,1523,0
2588,625,302,1
2589,1072,1328,0
2590,164,916,1
2591,1279,541,0
2592,278,33,0
2593,910,494,1
2594,156,64,0
2595,355,294,1
2596,747,494,1
2597,315,1358,0
2598,790,1375,0
2599,450,834,1
2600,1517,89,1
2601,1206,898,0
2602,744,674,1
2603,1166,1502,0
2604,294,1589,1
2605,1389,116,0
2606,754,14,1
2607,54,356,0
2608,1470,940,1
2609,1503,1154,1
2610,874,1261,1
2611,152,1567,0
2612,219,1345,1
2613,665,936,1
2614,379,1261,1
2615,302,303,0
2616,1165,1063,0
2617,1168,979,0
2618,1258,1188,1
2619,470,1510,0
2620,1213,94,0
2621,502,754,1
2622,33,910,0
2623,15,1305,0
2624,975,75,0
2625,1220,545,0
2626,994,1541,0
2627,9,967,1
2628,704,1473,1
2629,1438,1268,1
2630,1346,1421,0
2631,1085,967,1
2632,646,463,1
2633,161,1093,1
2634,1533,1206,1
2635,56,389,0
2636,1527,1072,0
2637,370,351,1
2638,417,390,1
2639,56,1081,0
2640,1188,1057,0
2641,618,131,1
2642,627,105,0
2643,1203,1582,0
2644,291,285,0
2645,470,1438,1
2646,89,1477,1
2647,1192,802,0
2648,627,576,1
2649,794,281,0
2650,951,225,0
2651,500,948,0
2652,1090,1491,1
2653,9,390,1
2654,1142,1034,1
2655,901,1079,0
2656,300,1533,1
2657,1187,1276,0
2658,730,89,1
2659,373,57,0
2660,36,921,0
2661,1509,1089,0
2662,1113,1093,1
2663,703,1027,0
2664,983,300,1
2665,1228,1102,1
2666,1168,303,0
2667,423,193,1
2668,963,342,0
2669,1162,976,1
2670,1315,1254,0
2671,234,219,0
2672,1311,162,0
2673,173,1473,1
2674,576,1550,0
2675,994,1351,0
2676,104,901,0
2677,1319,132,0
2678,1343,1224,0
2679,1253,994,0
2680,692,487,0
2681,1083,1228,1
2682,818,1615,0
2683,465,1173,0
2684,875,1522,1
2685,1374,1460,1
2686,949,999,1
2687,921,1066,0
2688,1060,826,0
2689,1310,1382,1
2690,598,571,1
2691,1212,661,0
2692,1093,1305,1
2693,625,1432,1
2694,1517,355,1
2695,905,1199,1
2696,233,659,0
2697,1524,858,0
2698,41,228,0
2699,665,209,1
2700,1142,1227,0
2701,927,273,1
2702,701,364,0
2703,833,319,0
2704,146,1437,0
2705,730,294,1
2706,172,1040,0
2707,1143,534,0
2708,623,946,0
2709,1449,1558,0
2710,182,1401,0
2711,1395,1566,1
2712,658,1085,1
2713,1387,1304,1
2714,423,1553,0
2715,329,132,0
2716,1530,571,0
2717,1230,493,1
2718,1300,370,0
2719,658,1438,1
2720,1206,294,1
2721,754,498,1
2722,113,244,0
2723,1269,390,1
2724,776,1188,1
2725,1272,507,0
2726,1389,860,1
2727,1506,374,0
2728,687,290,0
2729,191,1441,0
2730,162,395,0
2731,1088,1261,1
2732,146,89,0
2733,1279,1528,0
2734,1085,972,1
2735,1058,1116,1
2736,528,18,1
2737,1319,961,0
2738,1145,1387,0
2739,294,417,1
2740,1075,1025,0
2741,598,630,0
2742,1286,742,1
2743,493,1408,1
2744,1050,220,0
2745,530,1007,0
2746,602,1387,1
2747,1114,139,0
2748,1351,736,0
2749,1170,144,0
2750,1261,1013,1
2751,1001,1524,1
2752,1513,26,1
2753,934,1206,0
2754,1496,756,0
2755,385,1059,0
2756,1067,1261,1
2757,611,374,0
2758,1589,1594,1
2759,658,1050,1
2760,475,411,0
2761,1086,624,1
2762,398,498,0
2763,475,1174,1
2764,1593,519,0
2765,1240,784,0
2766,1040,1219,0
2767,152,1106,0
2768,946,911,1
2769,1437,990,0
2770,1397,1538,0
2771,1397,297,0
2772,886,702,1
2773,1566,256,0
2774,1166,1105,1
2775,780,1016,0
2776,1468,277,0
2777,1158,581,1
2778,312,715,1
2779,1345,1101,1
2780,979,1298,1
2781,1278,115,0
2782,1235,530,1
2783,1253,608,0
2784,379,1142,1
2785,775,1183,1
2786,315,1390,0
2787,995,845,0
2788,425,77,0
2789,730,540,0
2790,1050,1076,0
2791,817,371,1
2792,961,987,0
2793,856,1212,0
2794,76,1116,1
2795,1184,252,0
2796,780,693,0
2797,1317,142,1
2798,1101,350,1
2799,500,1339,0
2800,26,1470,1
2801,658,1290,1
2802,288,1225,0
2803,972,450,1
2804,1395,440,0
2805,300,1125,1
2806,75,859,1
2807,687,950,0
2808,1579,1144,0
2809,209,1116,0
2810,1156,142,1
2811,362,1508,0
2812,649,1305,1
2813,967,581,1
2814,627,723,0
2815,392,1336,1
2816,294,381,1
2817,380,1085,0
2818,858,754,1
2819,347,375,1
2820,171,384,1
2821,576,669,1
2822,834,381,1
2823,1188,467,1
2824,474,386,0
2825,1092,1073,0
2826,1571,1600,0
2827,576,1470,1
2828,173,851,0
2829,309,118,0
2830,493,730,1
2831,1395,87,0
2832,983,227,1
2833,982,267,0
2834,1367,1508,0
2835,1086,110,0
2836,1152,773,0
2837,193,961,1
2838,1055,953,0
2839,1261,373,1
2840,1141,631,1
2841,741,173,1
2842,140,281,1
2843,1111,1165,1
2844,1387,598,1
2845,1404,1107,0
2846,1162,727,1
2847,1305,1418,1
2848,355,886,1
2849,1579,320,0
2850,581,45,1
2851,269,129,0
2852,1158,372,1
2853,1142,379,1
2854,530,658,1
2855,990,972,1
2856,491,687,1
2857,108,1013,0
2858,94,521,0
2859,1060,127,0
2860,1101,1145,0
2861,1116,302,1
2862,502,1241,0
2863,26,1506,1
2864,729,1332,1
2865,110,1189,0
2866,885,1453,0
2867,1477,168,1
2868,1437,1085,1
2869,1136,123,0
2870,1341,144,0
2871,468,529,0
2872,27,825,1
2873,754,410,1
2874,979,598,1
2875,377,739,0
2876,911,1591,1
2877,1340,494,1
2878,641,875,1
2879,360,883,1
2880,443,1261,1
2881,1220,467,1
2882,1203,1617,0
2883,108,445,1
2884,368,580,0
2885,786,724,0
2886,744,1365,1
2887,1159,259,0
2888,863,942,1
2889,131,307,1
2890,1269,924,0
2891,1351,268,1
2892,1034,1181,1
2893,61,1230,0
2894,571,1515,0
2895,841,471,1
2896,961,61,1
2897,748,585,0
2898,192,120,0
2899,1159,210,0
2900,963,431,0
2901,300,1161,1
2902,1236,577,0
2903,994,1109,0
2904,647,548,0
2905,740,1188,1
2906,475,658,1
2907,209,1228,1
2908,9,754,1
2909,1468,1376,0
2910,33,1317,1
2911,1345,347,1
2912,1154,263,0
2913,674,1537,0
2914,191,963,0
2915,412,76,1
2916,1268,493,1
2917,1373,1133,1
2918,63,881,0
2919,834,122,1
2920,388,1413,0
2921,223,626,0
2922,961,1093,1
2923,113,66,0
2924,474,300,1
2925,1269,581,1
2926,814,1506,0
2927,1050,658,1
2928,1170,547,1
2929,817,1506,1
2930,347,1510,1
2931,493,1396,1
2932,1467,1170,0
2933,754,232,0
2934,1524,493,1
2935,626,882,0
2936,729,1614,1
2937,180,1591,1
2938,1215,271,0
2939,963,1145,1
2940,281,1165,1
2941,1311,905,0
2942,1504,889,0
2943,1006,924,0
2944,1228,620,1
2945,1133,217,1
2946,1165,817,1
2947,445,73,1
2948,75,967,1
2949,1589,1092,1
2950,381,390,1
2951,162,1483,0
2952,1173,696,0
2953,82,355,1
2954,1261,162,1
2955,673,1230,1
2956,1203,167,0
2957,281,1125,1
2958,488,7,0
2959,544,169,1
2960,1009,1168,0
2961,1257,1220,1
2962,561,267,1
2963,493,773,1
2964,421,205,0
2965,209,1261,1
2966,421,754,1
2967,107,617,0
2968,1152,530,0
2969,1305,1370,0
2970,602,571,1
2971,576,581,1
2972,1469,8,0
2973,1387,845,1
2974,849,357,1
2975,0,210,0
2976,275,623,1
2977,1550,389,0
2978,73,1513,1
2979,817,409,1
2980,406,1284,0
2981,1257,1390,0
2982,217,445,0
2983,355,1006,1
2984,1140,1329,1
2985,929,911,1
2986,1286,1614,0
2987,90,1111,0
2988,1345,1193,0
2989,1589,1345,1
2990,1181,653,0
2991,532,417,1
2992,76,1166,1
2993,1034,1441,0
2994,93,370,1
2995,1594,1088,0
2996,1170,576,1
2997,1605,1371,0
2998,983,874,1
2999,701,35,0
3000,1256,1404,0
3001,1022,969,0
3002,493,858,1
3003,788,923,0
3004,817,730,1
3005,775,300,1
3006,530,1402,1
3007,1491,332,0
3008,1346,1542,0
3009,636,1074,0
3010,1056,793,0
3011,122,250,1
3012,836,355,1
3013,1088,209,1
3014,1187,73,0
3015,192,96,0
3016,355,82,1
3017,1446,1415,0
3018,1343,1329,1
3019,1230,1465,0
3020,559,623,1
3021,179,1332,0
3022,45,1162,1
3023,417,1093,1
3024,1345,375,1
3025,146,804,0
3026,639,794,1
3027,37,701,0
3028,1083,145,1
3029,1366,954,0
3030,1136,1142,0
3031,491,663,0
3032,856,1342,1
3033,1116,1470,1
3034,946,471,0
3035,300,704,1
3036,182,815,0
3037,729,1591,1
3038,576,1382,1
3039,602,1000,0
3040,1072,355,1
3041,180,602,1
3042,1060,441,1
3043,669,581,1
3044,1418,727,1
3045,1378,1340,1
3046,489,1610,1
3047,1166,1309,0
3048,208,1269,0
3049,36,1495,0
3050,652,83,0
3051,1055,26,0
3052,817,836,1
3053,896,1302,0
3054,805,281,1
3055,1605,581,1
3056,911,1146,1
3057,975,1316,0
3058,475,104,1
3059,63,178,0
3060,934,973,0
3061,817,1169,1
3062,901,119,0
3063,1161,174,1
3064,1288,1304,0
3065,1404,727,0
3066,598,889,0
3067,571,1460,1
3068,313,1005,0
3069,465,917,0
3070,355,528,1
3071,1093,217,1
3072,381,972,1
3073,1162,202,0
3074,1140,26,1
3075,1515,1503,1
3076,273,107,0
3077,983,1147,1
3078,179,811,0
3079,859,1497,0
3080,721,315,1
3081,611,660,0
3082,180,598,1
3083,1582,1144,0
3084,949,1536,0
3085,1086,1579,1
3086,1279,197,1
3087,493,692,1
3088,1000,670,0
3089,450,754,0
3090,162,1063,1
3091,1156,685,0
3092,1269,605,0
3093,315,238,1
3094,687,1059,0
3095,1387,911,1
3096,1085,547,0
3097,767,1547,0
3098,1048,395,0
3099,665,45,1
3100,833,192,0
3101,547,122,1
3102,809,971,0
3103,1329,527,0
3104,1058,1408,1
3105,294,1261,1
3106,470,1571,1
3107,704,227,1
3108,788,877,0
3109,721,569,1
3110,805,729,1
3111,1355,843,0
3112,794,517,1
3113,1511,877,0
3114,382,1340,1
3115,9,1162,1
3116,907,1391,0
3117,963,1013,1
3118,75,559,1
3119,500,1192,0
3120,1477,74,1
3121,1203,1002,0
3122,0,1520,0
3123,609,1158,0
3124,267,379,1
3125,983,1491,1
3126,302,68,1
3127,1547,755,0
3128,940,1507,1
3129,1143,1187,0
3130,1605,1158,1
3131,1602,906,0
3132,94,668,0
3133,561,1070,1
3134,1611,380,0
3135,994,219,0
3136,1258,589,0
3137,825,794,0
3138,1133,996,0
3139,136,1254,0
3140,1101,89,1
3141,294,493,1
3142,1614,665,0
3143,378,128,0
3144,1418,1269,0
3145,1602,1431,0
3146,107,255,1
3147,489,1307,0
3148,1159,173,0
3149,887,239,0
3150,1513,730,1
3151,652,188,0
3152,1577,998,0
3153,489,250,1
3154,517,0,0
3155,1348,36,1
3156,1300,652,0
3157,1301,1429,0
3158,1029,1027,0
3159,1006,1160,0
3160,1156,705,0
3161,322,23,0
3162,407,1116,1
3163,687,1513,1
3164,371,737,1
3165,1113,532,1
3166,1156,786,1
3167,185,1375,1
3168,415,1434,0
3169,174,580,0
3170,1090,950,0
3171,193,1316,0
3172,388,399,0
3173,1278,921,0
3174,856,573,1
3175,905,1471,0
3176,836,164,1
3177,1029,272,0
3178,1467,727,0
3179,27,519,0
3180,1303,417,1
3181,626,1552,1
3182,233,1506,1
3183,774,123,0
3184,1158,729,1
3185,409,1270,0
3186,1207,710,0
3187,233,329,1
3188,1481,546,0
3189,73,1127,0
3190,849,649,0
3191,649,275,1
3192,1188,1173,0
3193,963,1342,1
3194,294,805,1
3195,972,313,1
3196,1086,887,0
3197,1445,1392,0
3198,1549,1346,0
3199,390,1577,1
3200,528,1533,1
3201,187,1211,0
3202,983,986,0
3203,275,520,1
3204,649,474,0
3205,775,817,1
3206,883,552,0
3207,754,197,1
3208,911,929,1
3209,470,1377,0
3210,254,744,0
3211,1022,730,1
3212,45,196,0
3213,1272,481,1
3214,329,140,1
3215,1387,397,1
3216,238,170,0
3217,45,638,0
3218,916,1590,0
3219,474,363,0
3220,1112,1199,1
3221,1162,1072,0
3222,1090,620,1
3223,432,824,0
3224,162,754,1
3225,440,894,0
3226,1506,1065,1
3227,79,1376,0
3228,1583,171,0
3229,493,415,1
3230,874,314,0
3231,45,283,0
3232,1261,467,1
3233,1133,1329,1
3234,1279,542,0
3235,45,1142,0
3236,1063,397,1
3237,173,1589,1
3238,302,432,1
3239,631,766,0
3240,233,64,0
3241,250,371,1
3242,1468,293,0
3243,1387,602,1
3244,427,1413,0
3245,1253,586,0
3246,144,622,0
3247,27,131,1
3248,1541,882,0
3249,890,381,0
3250,1165,1517,1
3251,1329,1269,1
3252,108,1589,1
3253,300,173,1
3254,1387,882,1
3255,1006,1588,0
3256,1481,381,1
3257,748,247,0
3258,1397,1234,1
3259,157,323,0
3260,355,73,1
3261,1582,668,0
3262,825,1045,0
3263,41,1070,0
3264,164,1468,1
3265,1060,26,1
3266,372,1540,0
3267,502,364,0
3268,1322,503,0
3269,990,1380,0
3270,1000,1531,0
3271,1272,674,1
3272,609,770,0
3273,9,1070,1
3274,940,158,0
3275,1481,1547,1
3276,1278,1261,1
3277,261,233,1
3278,355,1454,0
3279,713,552,1
3280,294,775,1
3281,886,528,1
3282,1141,530,1
3283,37,432,0
3284,520,96,1
3285,383,480,1
3286,561,1591,1
3287,1470,1382,1
3288,740,533,1
3289,432,302,1
3290,157,1315,1
3291,778,1247,0
3292,156,1462,0
3293,1258,1199,1
3294,234,103,0
3295,1418,287,1
3296,821,724,0
3297,1114,702,0
3298,380,1261,1
3299,217,1025,0
3300,45,649,1
3301,709,387,0
3302,741,1037,0
3303,1552,740,0
3304,381,1402,0
3305,209,169,1
3306,360,68,1
3307,1272,804,1
3308,171,187,0
3309,1006,1470,0
3310,108,1036,0
3311,848,478,1
3312,1602,1148,0
3313,1317,1261,1
3314,209,1583,0
3315,269,429,1
3316,381,678,0
3317,443,976,1
3318,1141,804,1
3319,89,815,1
3320,303,149,0
3321,174,383,0
3322,27,309,0
3323,205,1140,1
3324,355,1353,0
3325,767,1187,0
3326,874,1255,1
3327,665,1083,1
3328,874,1387,1
3329,1081,101,0
3330,1345,988,1
3331,1133,669,1
3332,575,601,0
3333,652,665,1
3334,1152,1460,0
3335,33,911,1
3336,341,1171,0
3337,73,834,1
3338,108,1577,1
3339,1014,536,0
3340,104,475,1
3341,300,1280,1
3342,1527,182,1
3343,1028,1570,1
3344,1577,381,1
3345,799,1202,0
3346,1354,762,1
3347,89,173,1
3348,1240,977,0
3349,61,182,1
3350,569,1013,1
3351,1058,1476,0
3352,1395,312,1
3353,1550,1016,0
3354,775,278,1
3355,272,196,1
3356,1065,671,0
3357,1300,1073,0
3358,1170,644,0
3359,258,973,0
3360,788,1450,1
3361,157,603,0
3362,1404,701,0
3363,1605,1169,1
3364,799,40,0
3365,371,1261,1
3366,1029,171,0
3367,131,618,1
3368,390,637,0
3369,911,946,1
3370,26,108,1
3371,233,1332,1
3372,1371,1308,0
3373,1275,1222,0
3374,1220,1593,0
3375,157,453,0
3376,901,1441,0
3377,1552,255,0
3378,709,579,0
3379,1419,481,0
3380,474,560,1
3381,9,1301,1
3382,136,1619,0
3383,1458,1577,1
3384,517,955,1
3385,281,1434,0
3386,1395,467,1
3387,82,1395,1
3388,300,355,1
3389,140,729,1
3390,294,1107,0
3391,169,631,1
3392,1042,236,0
3393,704,61,1
3394,623,581,1
3395,1140,1116,1
3396,1192,74,0
3397,1125,169,0
3398,1373,669,1
3399,1088,379,1
3400,1083,1362,1
3401,1253,1402,0
3402,1379,1106,0
3403,1173,544,0
3404,4,1329,1
3405,1315,218,0
3406,493,983,1
3407,493,1329,1
3408,1181,741,1
3409,494,1513,1
3410,1257,193,1
3411,1028,531,0
3412,1565,657,0
3413,729,371,1
3414,1213,95,0
3415,312,475,1
3416,1513,1315,1
3417,560,665,1
3418,371,1204,0
3419,1458,834,1
3420,1275,1388,0
3421,1275,856,1
3422,1332,1159,1
3423,1589,1382,1
3424,491,215,0
3425,390,559,1
3426,754,929,1
3427,794,294,1
3428,209,825,1
3429,1303,299,1
3430,427,151,0
3431,652,475,1
3432,474,232,0
3433,1006,384,1
3434,169,1261,1
3435,349,1199,0
3436,1364,237,0
3437,131,363,0
3438,1181,316,0
3439,300,1159,1
3440,1468,1280,1
3441,624,705,0
3442,581,116,1
3443,581,904,1
3444,294,741,1
3445,470,174,1
3446,360,714,1
3447,1404,951,0
3448,15,580,0
3449,658,1146,1
3450,1170,390,1
3451,1081,1560,0
3452,1571,1596,0
3453,1213,865,0
3454,108,116,1
3455,1261,790,1
3456,1389,674,0
3457,1058,1432,1
3458,554,1578,0
3459,209,610,1
3460,624,875,1
3461,465,1437,0
3462,581,649,1
3463,417,217,1
3464,576,559,1
3465,579,1435,0
3466,1364,854,0
3467,1374,815,1
3468,172,1034,1
3469,362,1515,1
3470,1303,1116,0
3471,168,1379,0
3472,775,82,1
3473,1346,859,0
3474,291,1376,0
3475,108,955,1
3476,633,769,0
3477,1257,1546,1
3478,491,1374,0
3479,643,1599,0
3480,673,1128,0
3481,841,991,1
3482,1048,983,0
3483,775,635,0
3484,713,123,0
3485,1060,1122,0
3486,983,1188,1
3487,1303,1135,0
3488,1457,1361,0
3489,1345,1546,1
3490,1470,1310,1
3491,468,1051,1
3492,82,102,0
3493,475,1188,1
3494,627,340,0
3495,669,413,1
3496,398,542,0
3497,665,565,0
3498,814,251,0
3499,874,510,0
3500,658,530,1
3501,530,856,1
3502,278,786,0
3503,946,559,1
3504,886,140,1
3505,1088,1190,0
3506,1280,261,0
3507,817,1507,1
3508,520,1373,1
3509,1142,77,0
3510,12,2,0
3511,833,489,1
3512,1088,360,1
3513,390,576,1
3514,624,1086,1
3515,715,898,0
3516,1458,874,1
3517,180,281,0
3518,859,1261,1
3519,1203,1281,0
3520,902,944,1
3521,491,1304,0
3522,73,285,0
3523,169,191,1
3524,216,1080,0
3525,1212,974,0
3526,216,290,0
3527,1067,1617,0
3528,1565,445,1
3529,1294,621,0
3530,174,179,1
3531,122,1329,1
3532,1006,940,1
3533,1093,1162,1
3534,1056,989,0
3535,641,372,1
3536,250,887,1
3537,1257,493,1
3538,547,1048,0
3539,625,811,0
3540,1481,130,0
3541,940,1261,1
3542,1040,648,0
3543,1196,483,0
3544,195,581,1
3545,275,727,1
3546,250,131,0
3547,517,730,1
3548,350,524,0
3549,1524,472,0
3550,1406,508,0
3551,217,421,1
3552,1065,836,1
3553,1170,1070,1
3554,26,1300,0
3555,131,1022,1
3556,849,405,0
3557,775,210,0
3558,423,437,0
3559,275,1457,1
3560,1322,1142,0
3561,478,1080,0
3562,1142,348,0
3563,990,554,0
3564,278,1034,1
3565,1083,62,0
3566,576,1310,1
3567,942,493,0
3568,1438,1575,0
3569,1457,475,1
3570,130,1532,0
3571,291,213,0
3572,123,355,0
3573,140,116,1
3574,1056,1070,1
3575,674,665,0
3576,934,633,1
3577,517,1034,1
3578,389,1181,1
3579,1212,1302,0
3580,33,142,1
3581,1212,1513,1
3582,109,153,0
3583,1116,1188,1
3584,754,363,1
3585,368,1445,1
3586,1477,1290,1
3587,269,1289,0
3588,623,1591,1
3589,1325,666,0
3590,833,1604,1
3591,1524,380,0
3592,569,542,0
3593,1419,1246,0
3594,156,402,0
3595,141,368,1
3596,576,773,1
3597,1240,754,1
3598,272,674,0
3599,26,1382,1
3600,1158,1473,1
3601,730,493,1
3602,1408,1562,0
3603,1517,329,1
3604,246,40,0
3605,665,553,1
3606,875,600,0
3607,884,356,0
3608,61,910,1
3609,847,1205,0
3610,1158,471,0
3611,1070,339,0
3612,1042,18,0
3613,209,1188,1
3614,639,173,1
3615,1577,1006,1
3616,856,123,1
3617,278,1512,0
3618,1450,965,0
3619,1305,1090,0
3620,547,1329,1
3621,1301,1070,1
3622,946,874,1
3623,999,644,0
3624,1159,36,0
3625,383,1330,0
3626,641,1324,1
3627,1262,397,1
3628,611,1105,0
3629,902,184,0
3630,1151,1338,0
3631,1258,1058,1
3632,26,1170,1
3633,475,991,1
3634,1161,300,1
3635,886,161,0
3636,1306,1195,0
3637,104,77,0
3638,82,63,0
3639,963,590,1
3640,809,273,0
3641,665,1088,1
3642,140,1517,1
3643,1188,193,1
3644,73,256,0
3645,108,152,0
3646,762,1354,1
3647,110,790,0
3648,1165,1513,1
3649,848,634,0
3650,123,780,0
3651,841,227,0
3652,1571,1261,1
3653,49,649,1
3654,82,1533,1
3655,155,866,0
3656,0,20,0
3657,1059,797,0
3658,547,1056,1
3659,741,410,0
3660,1163,291,0
3661,1505,1032,0
3662,609,670,0
3663,480,392,1
3664,1505,249,0
3665,27,409,1
3666,1261,1232,1
3667,63,1012,0
3668,412,1123,0
3669,712,588,0
3670,1492,917,0
3671,294,445,1
3672,1056,1345,0
3673,108,300,1
3674,180,708,1
3675,817,300,1
3676,362,594,0
3677,1378,1101,1
3678,122,1551,0
3679,174,1438,1
3680,780,989,0
3681,1228,1128,1
3682,360,665,1
3683,729,641,1
3684,1112,975,0
3685,610,209,1
3686,1509,1212,0
3687,300,381,1
3688,579,108,1
3689,1261,1257,1
3690,770,38,0
3691,1083,1441,0
3692,1515,874,0
3693,371,250,1
3694,122,83,0
3695,1496,936,1
3696,1527,1422,1
3697,378,576,0
3698,912,1109,0
3699,833,1232,1
3700,197,3,1
3701,179,1183,0
3702,1261,612,0
3703,1552,28,0
3704,887,270,0
3705,1158,1228,0
3706,817,1577,1
3707,239,128,0
3708,1140,417,1
3709,1450,1507,0
3710,669,649,1
3711,1101,665,1
3712,381,116,1
3713,631,27,1
3714,332,688,0
3715,1303,561,1
3716,233,111,0
3717,581,727,1
3718,1619,315,0
3719,474,1056,0
3720,1213,500,0
3721,76,729,1
3722,1457,1612,1
3723,1050,1271,0
3724,4,423,0
3725,41,835,0
3726,858,1313,0
3727,603,1481,1
3728,475,332,1
3729,355,74,1
3730,1481,88,0
3731,658,493,1
3732,1165,1539,0
3733,910,1527,1
3734,1208,688,0
3735,649,669,1
3736,886,1413,0
3737,412,1064,0
3738,368,700,0
3739,1374,625,0
3740,210,1188,1
3741,1594,304,0
3742,209,295,0
3743,37,739,0
3744,734,432,0
3745,560,394,0
3746,126,1077,0
3747,727,793,0
3748,1303,834,1
3749,1565,909,0
3750,542,1385,0
3751,838,7,0
3752,1215,51,0
3753,1589,1101,1
3754,776,253,0
3755,1317,493,1
3756,1305,851,0
3757,1378,817,0
3758,1169,478,0
3759,1437,88,0
3760,1332,881,0
3761,238,241,0
3762,1418,1162,1
3763,692,961,1
3764,983,1087,0
3765,171,620,1
3766,173,327,0
3767,1303,402,0
3768,307,992,0
3769,480,834,1
3770,581,1380,1
3771,836,1087,0
3772,475,730,1
3773,1000,756,0
3774,1261,1508,1
3775,407,432,0
3776,456,1159,0
3777,1418,1140,1
3778,544,522,0
3779,904,1382,1
3780,1236,685,0
3781,834,773,1
3782,381,1505,0
3783,817,294,1
3784,313,477,0
3785,730,1589,1
3786,1397,1504,0
3787,373,611,1
3788,347,68,0
3789,1605,1220,0
3790,470,775,0
3791,182,1261,1
3792,140,233,1
3793,1009,1198,0
3794,530,1427,0
3795,463,326,1
3796,1258,1578,1
3797,1311,1472,0
3798,1426,526,0
3799,1284,1577,1
3800,734,394,0
3801,741,384,1
3802,1397,164,0
3803,554,161,1
3804,1373,217,1
3805,1389,911,1
3806,1387,749,1
3807,815,196,1
3808,1221,379,1
3809,748,1223,0
3810,1078,611,0
3811,665,174,1
3812,911,940,1
3813,631,776,1
3814,1517,1389,1
3815,747,105,0
3816,1275,1014,0
3817,786,142,1
3818,489,379,1
3819,429,755,0
3820,179,1481,1
3821,415,886,1
3822,940,489,1
3823,1090,628,0
3824,75,698,0
3825,1203,1134,0
3826,161,987,0
3827,730,1458,1
3828,73,164,1
3829,904,488,0
3830,456,757,0
3831,355,955,1
3832,1513,1048,0
3833,1142,1460,1
3834,470,910,0
3835,774,132,0
3836,164,1112,0
3837,833,173,0
3838,146,1384,0
3839,182,644,0
3840,294,164,1
3841,217,131,0
3842,415,515,0
3843,805,76,1
3844,1366,598,0
3845,560,1547,0
3846,417,45,1
3847,168,1598,0
3848,741,1006,1
3849,73,1140,1
3850,227,1426,1
3851,1063,833,1
3852,955,1143,0
3853,1280,1513,1
3854,360,553,1
3855,734,1042,0
3856,836,1473,1
3857,174,377,1
3858,995,1224,0
3859,598,971,0
3860,1418,212,0
3861,1329,1513,1
3862,1343,581,1
3863,1156,1571,1
3864,817,834,1
3865,967,1085,1
3866,1063,162,1
3867,1470,108,1
3868,502,136,1
3869,1140,1506,1
3870,26,1310,1
3871,233,140,1
3872,665,360,1
3873,788,1127,0
3874,355,281,1
3875,131,955,1
3876,193,1161,1
3877,1306,1566,0
3878,108,576,1
3879,951,447,0
3880,136,952,0
3881,1477,802,0
3882,727,649,1
3883,1086,493,1
3884,530,1088,1
3885,130,271,0
3886,480,217,0
3887,1371,382,0
3888,172,612,0
3889,1037,193,1
3890,1230,1004,0
3891,571,729,1
3892,1028,817,1
3893,136,574,0
3894,689,1228,0
3895,342,368,1
3896,641,26,1
3897,332,910,1
3898,911,1283,1
3899,715,512,0
3900,227,704,1
3901,1262,1318,0
3902,1589,173,1
3903,533,793,0
3904,1166,1000,0
3905,63,546,0
3906,1042,165,0
3907,1031,290,0
3908,123,1106,0
3909,1152,469,0
3910,884,1342,0
3911,193,1491,1
3912,61,1587,0
3913,833,1119,0
3914,1571,480,1
3915,576,804,0
3916,63,449,0
3917,1268,995,0
3918,300,73,1
3919,351,190,0
3920,233,805,1
3921,805,294,1
3922,278,294,1
3923,1389,1065,1
3924,1609,804,0
3925,502,668,0
3926,1337,1378,0
3927,1513,116,1
3928,774,773,1
3929,1291,179,0
3930,963,942,0
3931,1506,1333,0
3932,902,206,0
3933,1332,164,1
3934,1315,692,0
3935,341,377,0
3936,368,1378,0
3937,368,98,0
3938,1378,1016,0
3939,1458,730,1
3940,313,657,1
3941,1468,189,0
3942,1418,649,1
3943,530,1157,1
3944,1151,659,0
3945,1387,878,1
3946,873,1434,0
3947,818,154,0
3948,1022,131,1
3949,174,603,1
3950,623,1170,1
3951,52,689,0
3952,379,371,1
3953,1481,1161,1
3954,227,674,1
3955,1116,1535,0
3956,834,1336,1
3957,89,560,1
3958,417,730,1
3959,54,1261,1
3960,122,67,0
3961,1169,576,1
3962,61,379,1
3963,0,148,0
3964,1458,639,1
3965,1310,1470,1
3966,1305,417,1
3967,1158,1033,0
3968,1351,366,1
3969,790,924,0
3970,748,638,0
3971,303,82,0
3972,1449,849,0
3973,300,74,1
3974,1496,1232,1
3975,1491,1220,1
3976,1037,1564,0
3977,921,1150,0
3978,104,991,1
3979,542,1384,0
3980,1140,1162,1
3981,1345,1395,1
3982,1037,209,1
3983,1261,1317,1
3984,886,294,1
3985,1468,273,0
3986,979,1128,1
3987,942,1603,0
3988,97,1048,0
3989,611,658,1
3990,452,1600,0
3991,233,1449,1
3992,815,1211,1
3993,164,1165,1
3994,1468,857,0
3995,1513,33,1
3996,294,1093,1
3997,379,360,1
3998,1402,1477,1
3999,700,930,0
4000,1288,1297,0
4001,1382,1470,1
4002,371,85,0
4003,1158,624,1
4004,1136,100,1
4005,478,1513,1
4006,902,1505,0
4007,1577,20,0
4008,254,365,0
4009,1382,1338,0
4010,729,1143,0
4011,412,456,0
4012,1220,1210,0
4013,809,965,0
4014,1373,1379,0
4015,838,135,0
4016,374,566,0
4017,727,1423,0
4018,421,45,1
4019,673,360,1
4020,1155,1280,1
4021,817,639,1
4022,790,1156,0
4023,1022,97,0
4024,1017,397,0
4025,1261,51,1
4026,1329,1301,1
4027,254,1407,0
4028,905,414,0
4029,1028,628,1
4030,911,1360,0
4031,427,1169,1
4032,1070,286,0
4033,79,101,0
4034,702,711,0
4035,1284,972,1
4036,1438,529,1
4037,1009,525,0
4038,624,1329,1
4039,875,717,1
4040,480,27,1
4041,544,1226,0
4042,233,1468,1
4043,990,1336,1
4044,941,983,0
4045,1269,596,0
4046,1145,1261,1
4047,108,1006,1
4048,1533,1378,1
4049,1496,1261,1
4050,817,344,1
4051,1261,658,1
4052,350,940,0
4053,131,1034,1
4054,1211,68,0
4055,254,1133,1
4056,1172,1208,0
4057,1065,19,0
4058,624,1278,0
4059,1402,17,0
4060,833,1387,1
4061,859,276,0
4062,383,1556,0
4063,26,409,1
4064,883,409,0
4065,990,773,1
4066,529,539,0
4067,1310,970,0
4068,1396,443,0
4069,566,196,0
4070,561,278,0
4071,921,475,1
4072,1310,1280,1
4073,576,1116,1
4074,748,554,0
4075,41,1448,0
4076,999,1188,1
4077,307,755,0
4078,108,1022,1
4079,576,96,1
4080,1221,963,1
4081,1172,1206,0
4082,1547,603,1
4083,360,940,1
4084,381,581,1
4085,1371,1283,1
4086,1325,1250,0
4087,1130,870,0
4088,475,873,1
4089,530,849,1
4090,715,208,0
4091,1556,123,0
4092,156,416,0
4093,1438,56,1
4094,52,1368,0
4095,1262,1304,1
4096,799,1190,0
4097,378,844,0
4098,627,781,0
4099,994,215,0
4100,1345,553,1
4101,581,754,1
4102,180,749,1
4103,778,1374,0
4104,581,1056,1
4105,1345,201,1
4106,1583,522,0
4107,859,834,1
4108,1040,1276,0
4109,73,278,1
4110,169,767,1
4111,1228,209,1
4112,633,797,0
4113,1284,381,1
4114,633,247,0
4115,754,588,1
4116,1215,235,0
4117,646,649,1
4118,896,1010,0
4119,1280,140,1
4120,669,326,1
4121,347,789,1
4122,1408,1616,0
4123,1387,899,0
4124,1258,1342,1
4125,625,1036,0
4126,1324,427,1
4127,131,1438,1
4128,648,940,0
4129,445,540,0
4130,1206,175,0
4131,1034,268,0
4132,611,1523,0
4133,1517,390,0
4134,313,27,1
4135,1602,1540,0
4136,1208,1610,0
4137,1565,1253,0
4138,1235,698,0
4139,940,371,1
4140,740,476,0
4141,1419,983,0
4142,191,169,1
4143,1261,1200,1
4144,809,1017,0
4145,1506,710,0
4146,576,254,1
4147,1398,1058,1
4148,49,1114,0
4149,673,475,1
4150,698,1387,0
4151,390,1261,1
4152,1116,417,1
4153,1406,454,0
4154,463,279,0
4155,377,1456,0
4156,1261,832,1
4157,754,464,1
4158,841,475,1
4159,341,52,0
4160,776,285,0
4161,355,1156,1
4162,1527,868,0
4163,1116,360,1
4164,1166,76,1
4165,291,1280,1
4166,73,300,1
4167,1329,669,1
4168,1491,209,1
4169,1203,518,0
4170,859,1577,1
4171,1001,322,1
4172,942,161,0
4173,355,719,0
4174,197,1564,0
4175,530,76,1
4176,1133,727,1
4177,1101,1092,1
4178,729,1159,1
4179,108,355,1
4180,1301,576,1
4181,1396,322,1
4182,1549,1545,0
4183,233,1471,0
4184,4,886,0
4185,598,613,0
4186,456,355,1
4187,1060,1124,0
4188,1151,93,1
4189,489,1447,0
4190,579,1592,0
4191,1458,173,1
4192,193,927,1
4193,329,36,0
4194,1230,1395,1
4195,786,212,0
4196,26,73,1
4197,884,1099,0
4198,347,1004,1
4199,123,772,0
4200,1165,1169,0
4201,90,1307,0
4202,1111,1066,0
4203,27,1261,1
4204,1013,533,1
4205,1272,1350,0
4206,1396,665,1
4207,979,112,1
4208,571,1063,1
4209,254,96,1
4210,1113,581,1
4211,566,671,0
4212,349,1618,0
4213,1230,429,1
4214,911,714,1
4215,379,1221,1
4216,1101,312,1
4217,1140,1470,1
4218,745,48,0
4219,603,97,0
4220,858,1513,1
4221,1531,1206,0
4222,26,1513,1
4223,45,1373,1
4224,300,1380,0
4225,856,1034,1
4226,1346,994,0
4227,1269,486,1
4228,520,410,0
4229,963,5,1
4230,602,1196,0
4231,489,882,1
4232,1116,1140,1
4233,776,478,0
4234,1513,478,1
4235,379,1389,1
4236,1116,653,0
4237,1445,554,0
4238,144,509,0
4239,113,1169,0
4240,1406,725,0
4241,1577,1181,1
4242,562,1343,0
4243,715,1371,1
4244,1192,1467,0
4245,533,776,1
4246,778,3,0
4247,108,1329,1
4248,1284,559,1
4249,581,559,1
4250,294,554,1
4251,383,131,1
4252,281,886,1
4253,1280,848,1
4254,1249,1610,0
4255,1496,628,1
4256,1294,1218,0
4257,1151,1114,0
4258,794,817,1
4259,730,940,1
4260,462,681,0
4261,26,687,1
4262,1343,1140,1
4263,195,1360,0
4264,355,554,1
4265,1155,1341,0
4266,940,1034,1
4267,1228,171,1
4268,1181,300,1
4269,381,1204,1
4270,254,806,0
4271,1509,815,0
4272,1506,1140,1
4273,1395,1378,1
4274,1203,228,0
4275,1060,123,0
4276,1345,1004,1
4277,611,532,0
4278,1093,729,1
4279,1092,772,0
4280,417,1152,1
4281,294,281,1
4282,559,1070,1
4283,389,1077,0
4284,429,79,1
4285,1236,942,0
4286,1257,124,0
4287,1467,1195,0
4288,1172,395,0
4289,1380,1039,0
4290,783,385,0
4291,929,142,1
4292,779,308,0
4293,762,648,1
4294,141,1268,0
4295,1319,291,1
4296,1317,554,1
4297,1055,77,0
4298,379,1591,1
4299,336,233,1
4300,975,660,0
4301,520,9,1
4302,1404,1474,0
4303,1169,1586,0
4304,955,102,1
4305,27,1158,1
4306,1162,651,0
4307,1230,16,1
4308,1090,145,1
4309,1257,1261,1
4310,480,1426,1
4311,1457,217,1
4312,1445,79,1
4313,1145,133,0
4314,699,571,0
4315,692,826,0
4316,355,591,0
4317,946,1288,0
4318,967,1329,1
4319,1329,53,0
4320,1158,1522,1
4321,417,9,1
4322,174,1009,0
4323,41,663,0
4324,1188,619,1
4325,884,1282,0
4326,174,1161,1
4327,786,911,1
4328,1503,1139,0
4329,686,1351,0
4330,1169,1170,1
4331,1367,462,0
4332,394,1427,0
4333,1092,1165,0
4334,955,73,1
4335,12,178,0
4336,1593,1609,0
4337,73,1577,1
4338,1161,522,0
4339,1181,56,1
4340,602,329,0
4341,1392,1199,0
4342,647,84,0
4343,205,581,1
4344,406,93,1
4345,1334,413,1
4346,182,63,1
4347,847,1546,1
4348,700,1137,0
4349,1380,1158,1
4350,1481,672,0
4351,1422,204,1
4352,1395,1571,1
4353,233,304,0
4354,747,799,0
4355,1398,210,1
4356,1066,238,0
4357,967,1170,1
4358,927,984,0
4359,646,110,1
4360,1523,26,1
4361,360,303,1
4362,267,474,0
4363,1208,281,0
4364,276,1147,0
4365,874,936,1
4366,1142,489,1
4367,1397,709,0
4368,164,76,1
4369,73,1006,1
4370,817,963,1
4371,674,804,1
4372,1371,1505,1
4373,979,162,1
4374,1317,929,1
4375,747,46,0
4376,1291,1024,0
4377,1380,26,1
4378,963,782,0
4379,275,217,1
4380,1170,559,1
4381,1589,179,1
4382,1387,254,0
4383,493,528,1
4384,385,520,0
4385,1539,827,0
4386,355,1159,1
4387,131,233,1
4388,949,861,0
4389,581,1541,0
4390,1093,96,1
4391,415,592,0
4392,468,1316,1
4393,680,567,0
4394,33,502,1
4395,1582,838,1
4396,1093,624,1
4397,267,1374,1
4398,1257,1089,0
4399,1175,1250,0
4400,796,1540,0
4401,79,468,0
4402,1093,254,1
4403,332,767,0
4404,856,741,1
4405,1062,396,0
4406,576,1513,1
4407,576,649,1
4408,9,976,1
4409,312,1362,0
4410,1337,1247,0
4411,475,1268,1
4412,669,1329,1
4413,1161,375,1
4414,1207,1166,1
4415,383,1156,1
4416,955,355,1
4417,1096,154,0
4418,155,912,0
4419,1168,479,1
4420,1063,882,1
4421,82,172,1
4422,1133,1146,1
4423,805,1111,1
4424,702,1159,1
4425,73,836,1
4426,82,474,1
4427,715,99,0
4428,1387,874,1
4429,1332,148,0
4430,571,108,0
4431,778,265,0
4432,1496,223,0
4433,1256,1115,1
4434,174,665,1
4435,370,1366,0
4436,1332,281,1
4437,1303,346,0
4438,371,574,0
4439,647,1592,0
4440,940,403,1
4441,342,373,0
4442,715,179,1
4443,1527,910,1
4444,209,911,1
4445,303,18,0
4446,946,936,1
4447,82,1133,0
4448,1467,1481,0
4449,73,1378,1
4450,665,718,0
4451,1404,241,0
4452,1513,1067,0
4453,210,1408,1
4454,275,136,0
4455,762,907,0
4456,1511,740,1
4457,169,85,0
4458,1406,407,1
4459,136,647,0
4460,1438,658,1
4461,1329,1170,1
4462,1389,494,1
4463,448,1450,0
4464,390,450,1
4465,940,1304,1
4466,1195,281,0
4467,1527,867,0
4468,1140,1070,1
4469,9,776,0
4470,972,384,0
4471,910,1425,1
4472,381,1161,1
4473,1034,732,0
4474,275,45,1
4475,972,754,1
4476,1141,1578,0
4477,1275,1619,0
4478,576,985,0
4479,901,530,0
4480,1034,1344,0
4481,823,1333,0
4482,598,1035,0
4483,1034,940,1
4484,1523,1301,0
4485,1088,104,0
4486,1151,1505,0
4487,999,700,0
4488,1170,623,1
4489,350,772,0
4490,1323,1434,0
4491,494,281,1
4492,858,130,0
4493,579,730,1
4494,209,665,1
4495,861,851,0
4496,502,78,1
4497,1261,475,1
4498,360,1236,0
4499,778,643,0
4500,392,450,1
4501,89,360,1
4502,130,460,0
4503,294,955,1
4504,729,279,0
4505,1371,1337,0
4506,1329,929,0
4507,1278,123,1
4508,774,1160,0
4509,1329,409,1
4510,493,246,0
4511,1310,581,1
4512,500,491,0
4513,674,1308,0
4514,1267,112,0
4515,1280,581,1
4516,1158,981,0
4517,674,236,0
4518,1366,1184,0
4519,1345,1589,1
4520,624,26,1
4521,373,1290,1
4522,1378,300,1
4523,494,1468,1
4524,362,351,1
4525,1345,277,1
4526,1294,483,0
4527,1392,613,0
4528,1056,417,1
4529,1168,522,0
4530,315,590,1
4531,144,1064,0
4532,1371,1447,0
4533,381,108,1
4534,463,607,1
4535,4,1248,0
4536,1029,579,0
4537,834,1436,1
4538,1595,811,0
4539,1319,932,0
4540,1329,1470,1
4541,341,885,0
4542,219,1372,0
4543,1418,216,0
4544,581,563,1
4545,1188,714,1
4546,205,1361,0
4547,41,1046,0
4548,1280,417,1
4549,193,467,1
4550,1467,43,0
4551,593,216,0
4552,1208,260,0
4553,1513,300,1
4554,1188,1258,1
4555,76,805,1
4556,1261,1395,1
4557,1212,94,0
4558,1571,383,1
4559,73,381,1
4560,1389,1125,1
4561,886,76,1
4562,972,773,1
4563,1070,1170,1
4564,770,1600,0
4565,1162,360,1
4566,1287,1525,0
4567,161,1329,1
4568,1322,735,0
4569,491,1416,0
4570,1425,1591,1
4571,169,877,0
4572,1058,936,0
4573,874,1311,1
4574,329,281,1
4575,1477,691,1
4576,674,116,1
4577,993,598,0
4578,1256,479,1
4579,658,377,1
4580,478,803,0
4581,1172,1330,0
4582,961,498,0
4583,727,884,0
4584,164,27,1
4585,52,1162,0
4586,576,1155,1
4587,1470,1264,0
4588,905,1432,1
4589,786,1317,1
4590,649,45,1
4591,648,493,1
4592,912,929,0
4593,730,639,1
4594,1066,658,1
4595,350,1034,0
4596,463,212,0
4597,573,856,1
4598,174,209,1
4599,729,871,0
4600,174,788,1
4601,440,329,0
4602,300,1310,0
4603,1589,1204,1
4604,1312,1412,0
4605,916,1250,0
4606,1382,1257,0
4607,575,1164,0
4608,1230,368,1
4609,1112,1071,1
4610,209,946,1
4611,1078,3,0
4612,636,1332,0
4613,910,940,1
4614,1207,1192,0
4615,859,1044,0
4616,495,909,0
4617,1133,703,0
4618,33,510,0
4619,1085,1336,1
4620,1470,381,1
4621,1192,1548,0
4622,1611,495,1
4623,1577,1458,1
4624,754,628,1
4625,250,940,1
4626,754,417,1
4627,82,93,0
4628,445,294,1
4629,740,1271,0
4630,890,740,0
4631,649,1162,1
4632,1257,672,1
4633,649,520,1
4634,125,809,0
4635,825,847,0
4636,1213,726,1
4637,152,428,0
4638,1521,202,0
4639,61,1148,0
4640,275,122,1
4641,1268,790,0
4642,1180,588,0
4643,794,1006,1
4644,581,561,1
4645,313,1085,1
4646,967,390,1
4647,1310,543,0
4648,883,193,0
4649,1301,758,0
4650,1075,1268,1
4651,515,373,0
4652,744,1128,1
4653,409,1329,1
4654,623,561,1
4655,1550,409,0
4656,4,576,1
4657,493,1013,1
4658,1158,480,0
4659,1268,475,1
4660,450,313,1
4661,1145,1271,1
4662,73,1332,1
4663,674,704,1
4664,1093,79,0
4665,347,308,0
4666,489,1016,1
4667,775,116,1
4668,1261,697,1
4669,1325,485,0
4670,745,136,1
4671,89,355,1
4672,520,333,0
4673,480,481,1
4674,1220,983,1
4675,355,131,1
4676,1396,392,1
4677,1583,1397,0
4678,1351,360,1
4679,550,861,0
4680,1310,385,0
4681,93,1151,1
4682,1382,161,1
4683,1196,120,0
4684,639,360,1
4685,1187,1111,0
4686,463,649,1
4687,921,451,0
4688,474,428,0
4689,783,626,0
4690,300,493,1
4691,300,730,1
4692,581,417,1
4693,821,1218,0
4694,1161,1510,1
4695,1093,1116,1
4696,1261,1211,1
4697,1181,376,0
4698,618,400,0
4699,1284,1322,0
4700,300,1449,1
4701,108,493,1
4702,1154,1515,1
4703,407,159,1
4704,355,1473,1
4705,1366,630,0
4706,1261,408,1
4707,349,974,0
4708,258,300,0
4709,1418,254,1
4710,448,1210,0
4711,745,266,0
4712,1549,1425,0
4713,452,568,0
4714,834,754,1
4715,164,488,0
4716,1070,1437,1
4717,300,973,0
4718,903,1304,1
4719,886,493,1
4720,180,1490,0
4721,1324,875,1
4722,1373,1418,1
4723,1284,702,0
4724,754,96,1
4725,417,1470,1
4726,463,1240,1
4727,61,188,0
4728,313,329,0
4729,858,1025,0
4730,934,659,0
4731,144,1412,0
4732,631,106,0
4733,1083,509,0
4734,89,1609,0
4735,1092,900,0
4736,1319,1201,0
4737,1322,1306,0
4738,1300,288,1
4739,239,46,0
4740,1513,1280,1
4741,94,447,0
4742,581,1133,1
4743,775,383,1
4744,983,946,1
4745,754,1478,1
4746,0,1200,0
4747,1387,307,0
4748,360,776,1
4749,180,89,1
4750,652,1359,0
4751,12,1512,0
4752,575,67,0
4753,576,173,1
4754,754,1162,1
4755,1372,1280,1
4756,1325,999,0
4757,254,576,1
4758,1058,1188,1
4759,360,3,1
4760,1067,1450,0
4761,905,1071,1
4762,1371,323,0
4763,60,1501,1
4764,1404,266,0
4765,254,417,1
4766,730,173,1
4767,1170,1110,0
4768,995,479,0
4769,916,846,0
4770,1029,123,0
4771,33,729,1
4772,1261,209,1
4773,560,89,1
4774,182,1365,0
4775,494,1060,0
4776,1457,687,1
4777,12,817,1
4778,75,851,0
4779,1140,754,1
4780,1372,286,0
4781,886,554,1
4782,799,1538,0
4783,1040,1461,0
4784,1180,274,0
4785,107,1140,0
4786,665,1095,1
4787,347,1283,0
4788,440,161,0
4789,1303,642,0
4790,903,1396,0
4791,1028,238,0
4792,495,154,0
4793,995,891,0
4794,156,697,0
4795,180,404,0
4796,554,1172,0
4797,849,759,0
4798,1404,1362,0
4799,517,1018,0
4800,493,409,1
4801,961,963,1
4802,1470,1169,1
4803,1484,1250,0
4804,552,1332,0
4805,456,843,0
4806,734,814,0
4807,1317,1510,0
4808,1049,1239,0
4809,571,1286,1
4810,767,538,0
4811,863,1315,1
4812,1220,758,0
4813,365,656,0
4814,1341,1409,0
4815,383,775,1
4816,1312,1316,0
4817,901,1445,0
4818,1140,1605,1
4819,834,142,1
4820,141,818,0
4821,371,379,1
4822,754,275,1
4823,754,421,1
4824,1301,639,0
4825,1380,1619,0
4826,807,215,0
4827,775,327,0
4828,530,890,1
4829,210,817,1
4830,1403,1288,0
4831,493,648,1
4832,847,143,1
4833,1337,619,0
4834,350,1477,1
4835,905,1185,0
4836,26,1329,1
4837,294,1513,1
4838,440,225,0
4839,75,233,1
4840,636,1117,0
4841,817,1533,1
4842,75,1458,1
4843,1305,9,1
4844,1058,1360,0
4845,371,1608,0
4846,1450,757,0
4847,838,33,0
4848,1340,841,1
4849,532,1113,1
4850,1387,1454,0
4851,463,683,0
4852,528,300,1
4853,704,1234,1
4854,1513,1319,1
4855,940,730,1
4856,1468,103,0
4857,417,1301,1
4858,1317,33,1
4859,547,528,1
4860,1078,225,0
4861,1449,402,0
4862,1343,898,0
4863,1312,1526,0
4864,307,1342,0
4865,164,840,0
4866,12,16,0
4867,1346,112,0
4868,788,65,0
4869,138,198,0
4870,687,817,1
4871,520,1256,0
4872,1565,517,1
4873,373,1116,1
4874,1425,868,0
4875,1060,1086,1
4876,834,294,1
4877,699,1353,1
4878,407,567,0
4879,1151,1142,0
4880,1470,161,1
4881,365,32,0
4882,623,872,0
4883,627,26,1
4884,942,1251,0
4885,210,631,1
4886,778,1081,0
4887,205,961,1
4888,405,1400,0
4889,1329,649,1
4890,1072,882,0
4891,335,1457,0
4892,169,1443,0
4893,815,209,1
4894,1329,1158,1
4895,500,383,0
4896,533,478,0
4897,1450,1216,0
4898,921,1369,0
4899,886,474,1
4900,611,412,1
4901,1261,1036,1
4902,1595,1125,0
4903,300,1473,1
4904,1346,90,0
4905,581,275,1
4906,1221,445,0
4907,355,455,0
4908,569,1145,1
4909,161,26,1
4910,417,294,1
4911,904,221,0
4912,1235,1214,0
4913,355,1072,1
4914,122,996,0
4915,126,630,0
4916,1250,617,0
4917,1382,381,1
4918,611,678,0
4919,517,563,0
4920,1521,1003,0
4921,566,1501,0
4922,1341,340,0
4923,576,1380,1
4924,294,1577,1
4925,858,808,0
4926,901,1390,0
4927,45,421,1
4928,250,267,1
4929,269,173,0
4930,164,702,1
4931,1517,713,0
4932,730,467,1
4933,417,381,1
4934,775,1438,0
4935,300,1387,0
4936,657,1113,1
4937,1449,355,1
4938,1240,45,1
4939,27,355,1
4940,381,1481,1
4941,140,1165,1
4942,754,397,1
4943,131,1552,1
4944,1090,886,0
4945,456,374,0
4946,1116,1013,1
4947,927,890,0
4948,329,164,1
4949,1070,1295,0
4950,49,986,0
4951,250,379,1
4952,817,775,1
4953,1269,1249,0
4954,1125,1332,1
4955,1065,87,0
4956,355,1517,1
4957,1236,1055,0
4958,754,292,0
4959,639,1101,1
4960,1378,355,1
4961,1261,123,1
4962,658,475,1
4963,1595,1475,0
4964,817,729,1
4965,223,1285,0
4966,19,1008,0
4967,1404,107,0
4968,1387,833,1
4969,1438,379,0
4970,1449,1516,0
4971,302,449,0
4972,1188,1058,1
4973,631,1551,0
4974,1343,789,0
4975,1348,601,0
4976,1438,403,0
4977,1372,584,0
4978,1087,568,0
4979,381,1551,0
4980,552,180,0
4981,9,489,0
4982,373,412,0
4983,730,475,1
4984,15,261,0
4985,155,1144,0
4986,1378,80,0
4987,1168,1395,1
4988,1468,1482,0
4989,1300,1004,0
4990,152,1452,1
4991,1049,977,1
4992,417,976,1
4993,427,881,0
4994,658,916,1
4995,26,1380,1
4996,162,992,0
4997,762,1120,1
4998,1261,1496,1
4999,963,209,1
5000,754,216,1
5001,1565,1576,0
5002,1341,214,0
5003,108,1095,0
5004,61,151,0
5005,373,1449,1
5006,858,1343,1
5007,1367,792,0
5008,300,139,0
5009,1013,360,1
5010,493,1158,1
5011,1158,547,1
5012,1402,1173,0
5013,817,174,1
5014,210,300,1
5015,1310,80,0
5016,238,644,0
5017,1143,1250,0
5018,778,1052,0
5019,1432,1283,0
5020,1093,267,1
5021,658,295,0
5022,1170,37,0
5023,1345,1161,1
5024,130,1531,0
5025,174,381,1
5026,1125,1517,1
5027,625,1515,1
5028,475,1183,1
5029,1425,1311,0
5030,125,696,0
5031,1165,545,0
5032,576,1506,1
5033,542,662,0
5034,1211,22,0
5035,611,1354,1
5036,107,881,1
5037,624,308,0
5038,414,765,0
5039,990,299,1
5040,896,793,0
5041,1515,302,1
5042,1364,587,0
5043,1445,1230,1
5044,833,1244,1
5045,1374,1550,0
5046,73,1189,0
5047,608,397,0
5048,417,96,1
5049,1056,1510,0
5050,1093,45,1
5051,859,967,1
5052,817,1281,1
5053,89,73,1
5054,365,1593,0
5055,1432,1539,0
5056,3,1271,1
5057,972,804,1
5058,250,1611,0
5059,164,494,1
5060,1048,1404,1
5061,571,180,1
5062,754,18,1
5063,379,815,1
5064,631,1457,1
5065,639,730,1
5066,754,856,1
5067,394,1232,0
5068,1070,1140,1
5069,488,949,0
5070,856,79,1
5071,381,75,1
5072,836,1280,1
5073,934,1245,1
5074,1228,741,0
5075,417,1303,1
5076,1140,561,1
5077,942,872,0
5078,658,381,1
5079,377,174,1
5080,417,1522,0
5081,1317,1368,0
5082,859,61,1
5083,1269,205,1
5084,1305,93,0
5085,493,1288,1
5086,1469,196,0
5087,217,1457,1
5088,911,403,1
5089,576,1522,0
5090,641,493,1
5091,76,665,1
5092,1322,1249,0
5093,377,6,0
5094,1070,462,0
5095,646,1345,0
5096,373,983,1
5097,1324,1038,0
5098,1449,740,0
5099,1319,942,1
5100,207,1272,0
5101,33,1513,1
5102,727,286,0
5103,347,360,0
5104,76,1013,1
5105,1253,894,0
5106,1258,493,1
5107,559,390,1
5108,168,862,0
5109,97,1033,0
5110,1565,108,1
5111,1250,1332,1
5112,701,1074,0
5113,573,1204,0
5114,1287,1563,0
5115,838,197,0
5116,1113,1056,1
5117,1286,1604,1
5118,833,1591,1
5119,520,581,1
5120,1034,278,1
5121,1329,1093,1
5122,173,1490,0
5123,1147,1481,1
5124,1530,1189,0
5125,700,25,0
5126,794,730,1
5127,1275,1520,0
5128,1491,551,1
5129,1006,1034,1
5130,1060,160,1
5131,417,1280,1
5132,1275,1188,1
5133,1288,291,1
5134,1142,940,1
5135,1140,1155,1
5136,489,162,1
5137,1261,407,1
5138,886,233,1
5139,1457,576,1
5140,641,427,1
5141,173,1329,1
5142,45,96,1
5143,54,1513,1
5144,1009,382,1
5145,1311,874,1
5146,1432,210,1
5147,370,431,0
5148,3,1044,1
5149,748,358,0
5150,1156,837,0
5151,136,754,1
5152,1112,1563,0
5153,61,1278,1
5154,1206,1033,0
5155,520,287,1
5156,1517,494,1
5157,1325,61,0
5158,929,1318,0
5159,233,1266,0
5160,421,1464,0
5161,1521,348,1
5162,1437,390,1
5163,468,181,0
5164,1484,884,0
5165,1162,1096,1
5166,990,1278,0
5167,152,562,0
5168,1093,73,1
5169,1230,27,0
5170,427,875,1
5171,373,467,1
5172,886,817,1
5173,1083,1102,1
5174,494,355,1
5175,709,244,0
5176,1220,1228,1
5177,162,1387,1
5178,1317,1155,0
5179,275,547,1
5180,500,411,0
5181,1280,771,0
5182,1063,112,1
5183,1275,963,1
5184,1212,632,0
5185,657,390,1
5186,972,142,1
5187,886,805,1
5188,1211,815,1
5189,702,810,0
5190,374,1083,0
5191,788,631,1
5192,834,607,0
5193,1284,1551,0
5194,745,1072,0
5195,576,122,1
5196,1151,750,0
5197,1228,1220,1
5198,1212,558,0
5199,1212,385,0
5200,1411,1366,0
5201,336,843,0
5202,1261,265,1
5203,89,300,1
5204,474,1188,1
5205,500,191,0
5206,1253,510,0
5207,267,397,1
5208,1158,1169,1
5209,1517,73,1
5210,1207,360,1
5211,288,1547,0
5212,502,740,0
5213,1432,1408,1
5214,250,76,1
5215,911,611,1
5216,233,1513,1
5217,360,315,1
5218,639,522,0
5219,873,1013,1
5220,1180,907,0
5221,754,972,1
5222,639,1181,1
5223,300,609,1
5224,999,293,0
5225,97,545,0
5226,729,528,1
5227,269,164,1
5228,421,1377,0
5229,1013,1271,1
5230,874,1458,1
5231,1310,576,1
5232,9,287,1
5233,665,883,1
5234,24,1007,0
5235,379,460,0
5236,779,632,0
5237,26,116,1
5238,929,663,0
5239,730,1292,0
5240,1305,581,1
5241,873,1052,0
5242,164,498,0
5243,1517,496,0
5244,179,1230,1
5245,73,1204,1
5246,704,89,1
5247,300,1378,1
5248,1155,1513,1
5249,918,895,0
5250,1220,1532,0
5251,1565,615,0
5252,493,631,1
5253,172,1400,0
5254,322,1196,0
5255,875,1607,0
5256,633,1168,0
5257,1195,273,0
5258,1375,1161,1
5259,581,885,1
5260,1261,775,1
5261,185,407,1
5262,351,13,0
5263,127,1097,0
5264,193,1362,1
5265,1261,355,1
5266,73,1267,0
5267,171,404,0
5268,911,96,1
5269,1329,1473,1
5270,911,300,1
5271,1181,1312,0
5272,817,1473,1
5273,1457,669,1
5274,342,885,0
5275,1594,1261,1
5276,1006,1142,1
5277,349,441,0
5278,532,963,0
5279,1261,236,1
5280,641,528,1
5281,581,1386,0
5282,1093,1152,1
5283,669,1093,1
5284,261,469,0
5285,312,514,0
5286,886,361,0
5287,547,26,1
5288,1312,1020,0
5289,1411,1121,0
5290,1371,1589,1
5291,633,1207,0
5292,275,1329,1
5293,618,612,0
5294,1340,1015,0
5295,1324,1564,1
5296,1408,802,0
5297,727,1373,1
5298,1070,1301,1
5299,1261,1513,1
5300,427,372,1
5301,1059,1256,0
5302,1048,718,0
5303,302,1116,1
5304,547,623,1
5305,302,542,0
5306,1468,347,0
5307,1111,1468,1
5308,815,1046,0
5309,1340,475,1
5310,372,1169,1
5311,407,1481,0
5312,1125,164,1
5313,123,856,1
5314,281,1111,1
5315,475,1306,1
5316,1166,1389,1
5317,1419,1589,1
5318,1215,815,0
5319,429,236,0
5320,858,491,1
5321,168,903,0
5322,1067,212,0
5323,1523,1526,0
5324,573,60,0
5325,729,886,1
5326,754,976,1
5327,1133,813,0
5328,1506,41,0
5329,341,361,0
5330,547,1470,1
5331,322,883,1
5332,1468,1332,1
5333,425,903,0
5334,1346,774,0
5335,495,1578,0
5336,927,620,1
5337,1334,599,0
5338,313,687,0
5339,227,209,1
5340,571,708,1
5341,911,1280,0
5342,883,513,0
5343,413,1305,1
5344,647,959,0
5345,1116,323,0
5346,193,360,1
5347,291,1071,0
5348,631,1116,1
5349,1156,1403,0
5350,1492,1589,1
5351,371,1374,1
5352,1523,310,0
5353,967,9,1
5354,273,951,1
5355,1437,1056,1
5356,1305,1457,1
5357,1237,1362,0
5358,815,1425,1
5359,209,1270,0
5360,89,833,1
5361,1159,76,1
5362,807,1577,1
5363,658,911,1
5364,1458,881,0
5365,1013,1044,0
5366,480,1603,0
5367,1389,1513,1
5368,470,151,0
5369,427,717,1
5370,365,1252,0
5371,238,975,0
5372,312,1069,0
5373,1161,1181,1
5374,631,1102,0
5375,405,1188,1
5376,815,76,1
5377,1521,521,1
5378,1067,785,0
5379,883,116,0
5380,193,845,0
5381,618,26,0
5382,79,141,1
5383,833,180,1
5384,52,1420,0
5385,168,533,0
5386,254,727,1
5387,946,1309,0
5388,576,961,1
5389,381,173,1
5390,1269,1140,1
5391,254,631,0
5392,168,759,0
5393,278,108,1
5394,1589,1303,0
5395,1334,1503,0
5396,875,1036,1
5397,1513,914,0
5398,1310,404,0
5399,347,691,0
5400,131,817,1
5401,12,794,1
5402,1396,1449,0
5403,1481,74,1
5404,110,872,0
5405,73,1473,1
5406,1111,494,1
5407,1114,386,0
5408,313,1393,0
5409,450,1336,1
5410,669,727,1
5411,754,1086,1
5412,1373,576,1
5413,633,228,0
5414,208,1531,0
5415,990,1579,0
5416,1086,528,1
5417,841,1340,1
5418,1323,122,0
5419,533,561,1
5420,834,392,1
5421,1220,658,1
5422,73,45,1
5423,394,643,0
5424,975,872,0
5425,618,877,0
5426,554,1206,1
5427,657,754,1
5428,1374,461,0
5429,1142,1261,1
5430,1301,1449,0
5431,172,1577,1
5432,778,1375,0
5433,1116,493,1
5434,610,1258,0
5435,500,171,0
5436,1288,1513,1
5437,414,31,0
5438,641,839,0
5439,979,420,0
5440,1213,426,0
5441,1458,967,1
5442,90,82,0
5443,786,502,1
5444,559,1093,1
5445,1589,1473,1
5446,1523,334,0
5447,493,1382,1
5448,1513,108,1
5449,373,545,0
5450,162,422,0
5451,1371,1101,1
5452,972,392,1
5453,350,373,1
5454,1457,1158,1
5455,669,45,1
5456,374,707,0
5457,173,116,1
5458,608,785,0
5459,754,1199,1
5460,1093,4,1
5461,875,372,1
5462,377,1230,1
5463,1343,858,1
5464,748,1551,0
5465,1351,347,0
5466,1111,719,1
5467,883,1146,1
5468,1332,1468,1
5469,172,1566,0
5470,322,881,0
5471,979,571,1
5472,60,1190,0
5473,427,566,0
5474,1506,127,0
5475,1034,1167,0
5476,1093,108,1
5477,859,1458,1
5478,219,408,0
5479,1342,1116,1
5480,1396,156,0
5481,1112,486,0
5482,1402,1486,0
5483,382,1528,0
5484,639,882,0
5485,493,291,1
5486,1450,1230,1
5487,171,1328,0
5488,727,9,1
5489,1345,1290,1
5490,1006,294,1
5491,409,20,0
5492,940,384,1
5493,712,765,0
5494,1577,834,1
5495,92,167,0
5496,1342,1137,0
5497,624,627,1
5498,911,360,1
5499,1374,397,1
5500,544,1204,0
5501,1549,1012,0
5502,834,313,1
5503,910,171,0
5504,1280,329,1
5505,1142,1437,0
5506,1446,608,0
5507,169,1078,0
5508,413,864,0
5509,1515,1363,0
5510,1220,1313,0
5511,409,493,1
5512,1329,687,1
5513,89,233,1
5514,729,1169,1
5515,702,1027,0
5516,161,1506,1
5517,1156,860,0
5518,322,1261,1
5519,517,108,1
5520,414,1060,0
5521,26,624,1
5522,360,911,1
5523,665,300,0
5524,73,886,1
5525,1092,1236,1
5526,1286,1085,0
5527,1599,1362,0
5528,1275,616,0
5529,1212,162,0
5530,275,561,1
5531,927,770,1
5532,875,1242,0
5533,312,1373,0
5534,1280,1329,1
5535,641,581,1
5536,1065,754,1
5537,1181,87,0
5538,161,668,0
5539,273,1044,1
5540,1088,658,1
5541,217,417,1
5542,1595,1338,0
5543,1345,1199,1
5544,26,730,1
5545,21,911,0
5546,911,834,0
5547,1305,520,1
5548,1468,601,0
5549,131,56,1
5550,1278,827,0
5551,861,1481,0
5552,689,1203,0
5553,1313,149,0
5554,704,267,0
5555,405,1526,0
5556,554,1174,0
5557,1169,722,0
5558,173,1470,1
5559,409,18,1
5560,1340,620,1
5561,887,1261,1
5562,730,1313,0
5563,195,1051,0
5564,703,366,0
5565,1158,409,1
5566,1267,835,0
5567,329,355,1
5568,73,161,1
5569,1056,96,0
5570,961,1479,0
5571,948,1261,1
5572,1001,1319,1
5573,342,392,0
5574,107,665,1
5575,463,1465,0
5576,1577,173,1
5577,806,987,0
5578,307,131,1
5579,491,134,0
5580,603,1317,0
5581,625,1342,1
5582,379,397,1
5583,704,817,1
5584,1332,294,1
5585,542,930,0
5586,269,309,0
5587,623,858,0
5588,704,1099,0
5589,1329,576,1
5590,692,670,0
5591,281,805,1
5592,1371,616,0
5593,542,748,0
5594,1438,831,0
5595,1261,704,1
5596,355,502,1
5597,1163,234,0
5598,1141,1467,0
5599,901,111,0
5600,1565,240,0
5601,141,1230,1
5602,1571,1180,1
5603,825,803,1
5604,692,682,0
5605,1506,1338,0
5606,322,180,0
5607,294,76,1
5608,701,981,0
5609,136,510,0
5610,1515,625,1
5611,1556,973,0
5612,269,832,0
5613,1147,1101,1
5614,1213,1490,0
5615,995,1253,0
5616,56,912,0
5617,33,1169,0
5618,961,193,1
5619,687,173,1
5620,1544,392,0
5621,1324,1086,1
5622,56,1233,0
5623,1162,45,1
5624,581,65,0
5625,775,786,1
5626,1506,1329,1
5627,380,1014,0
5628,171,994,0
5629,1325,1467,0
5630,373,209,1
5631,1426,6,0
5632,1470,1113,1
5633,955,173,1
5634,173,831,0
5635,741,775,1
5636,608,1252,0
5637,1162,1221,0
5638,1112,290,1
5639,210,497,0
5640,1311,1128,1
5641,1181,44,0
5642,26,460,0
5643,1395,665,1
5644,963,1258,1
5645,1093,161,1
5646,45,1418,1
5647,209,1051,0
5648,1513,1393,0
5649,164,1065,1
5650,493,191,1
5651,1151,1371,0
5652,1163,166,0
5653,307,476,0
5654,417,561,1
5655,130,279,0
5656,1614,50,0
5657,579,475,1
5658,123,1176,0
5659,715,1101,1
5660,495,1339,0
5661,927,1303,1
5662,1317,355,1
5663,571,845,1
5664,669,9,1
5665,1188,210,1
5666,833,780,0
5667,1258,1341,1
5668,1140,1169,1
5669,1257,553,1
5670,138,596,0
5671,1220,54,1
5672,863,598,1
5673,838,553,0
5674,1220,250,0
5675,1083,620,1
5676,1151,1,0
5677,1013,300,1
5678,1042,362,0
5679,1009,942,0
5680,27,450,1
5681,841,174,0
5682,1140,1373,1
5683,940,911,1
5684,1280,1310,1
5685,1230,983,1
5686,1280,1476,0
5687,1506,108,1
5688,912,1382,1
5689,1340,1513,1
5690,817,1359,1
5691,721,1141,1
5692,12,1034,1
5693,806,1381,0
5694,173,381,1
5695,73,1470,1
5696,1398,573,0
5697,836,294,1
5698,377,1609,0
5699,1070,882,0
5700,669,96,1
5701,26,952,0
5702,360,653,1
5703,152,1162,0
5704,164,829,0
5705,140,494,1
5706,1257,28,0
5707,27,392,1
5708,805,1517,1
5709,910,1468,1
5710,990,834,1
5711,1422,533,1
5712,730,1617,0
5713,699,912,0
5714,680,216,0
5715,302,1261,1
5716,1066,1543,0
5717,1101,873,1
5718,1582,539,0
5719,197,754,1
5720,179,878,0
5721,1140,727,1
5722,1125,233,1
5723,873,530,1
5724,626,157,1
5725,333,779,0
5726,631,1248,0
5727,625,1247,0
5728,193,899,0
5729,767,1257,1
5730,1161,236,1
5731,4,551,0
5732,452,691,0
5733,494,140,1
5734,493,1593,0
5735,1432,625,1
5736,704,481,1
5737,1112,963,1
5738,911,1232,1
5739,1317,1140,0
5740,1142,943,0
5741,1511,1539,0
5742,861,1484,0
5743,93,406,1
5744,929,985,0
5745,576,904,1
5746,1169,1470,1
5747,533,1553,0
5748,611,1546,1
5749,1188,999,1
5750,157,942,1
5751,834,995,1
5752,940,22,0
5753,1513,294,1
5754,1170,1425,1
5755,704,1257,0
5756,1286,180,1
5757,1287,1499,0
5758,208,289,0
5759,205,1338,0
5760,493,1207,1
5761,1147,1345,1
5762,475,479,1
5763,9,576,1
5764,1147,1065,0
5765,93,1080,0
5766,1066,759,0
5767,1419,473,0
5768,448,274,0
5769,1152,390,1
5770,1065,156,0
5771,1533,34,0
5772,1422,776,1
5773,884,580,0
5774,1389,804,1
5775,41,623,0
5776,197,976,1
5777,636,772,0
5778,125,242,0
5779,802,1535,0
5780,961,453,0
5781,73,754,1
5782,33,786,1
5783,9,684,0
5784,814,279,0
5785,1517,1533,1
5786,1111,1336,1
5787,205,1260,0
5788,646,326,1
5789,1367,1129,0
5790,927,1341,0
5791,429,880,0
5792,161,73,1
5793,875,1579,1
5794,1301,22,0
5795,940,1416,0
5796,904,1552,0
5797,1354,191,1
5798,770,447,0
5799,168,467,1
5800,1373,520,1
5801,972,1522,1
5802,390,623,1
5803,566,1423,0
5804,360,1071,1
5805,643,224,0
5806,1066,633,0
5807,1062,1108,0
5808,1060,168,0
5809,1067,650,1
5810,205,1444,0
5811,45,754,1
5812,1286,1321,0
5813,815,598,1
5814,300,209,1
5815,1206,300,1
5816,1142,371,1
5817,1395,1535,0
5818,849,1147,0
5819,474,269,0
5820,639,355,1
5821,390,1170,1
5822,427,1564,1
5823,967,1436,1
5824,480,1242,0
5825,1571,1395,1
5826,1491,927,1
5827,1577,102,1
5828,1116,1261,1
5829,581,520,1
5830,1050,690,0
5831,1408,201,0
5832,1605,1093,1
5833,82,1183,0
5834,233,836,1
5835,383,754,1
5836,673,1261,1
5837,1060,1114,0
5838,372,1529,0
5839,786,754,1
5840,371,1095,1
5841,109,1431,0
5842,1392,1291,0
5843,598,708,1
5844,1261,1604,1
5845,1329,727,1
5846,169,131,1
5847,227,863,0
5848,1491,145,1
5849,1345,689,1
5850,405,1546,1
5851,624,576,1
5852,1125,1468,1
5853,1267,1054,0
5854,61,112,0
5855,955,401,0
5856,1280,817,1
5857,429,1307,0
5858,92,1292,0
5859,372,1205,0
5860,336,148,0
5861,351,93,1
5862,1355,1179,0
5863,488,701,0
5864,1060,875,1
5865,322,1059,0
5866,127,1192,0
5867,709,1572,0
5868,841,1101,1
5869,911,169,1
5870,1589,116,1
5871,1261,1367,0
5872,326,1096,0
5873,1422,83,1
5874,1408,1569,0
5875,744,1238,0
5876,636,1042,0
5877,576,918,0
5878,399,37,0
5879,1165,195,0
5880,815,1571,1
5881,355,233,1
5882,1395,1379,1
5883,1343,386,0
5884,809,1195,0
5885,281,300,1
5886,979,397,1
5887,734,207,0
5888,687,1152,0
5889,1345,236,1
5890,774,703,0
5891,409,563,1
5892,1402,401,0
5893,673,312,1
5894,233,281,1
5895,571,489,1
5896,625,1112,1
5897,1114,502,0
5898,61,1516,1
5899,579,294,1
5900,727,512,0
5901,1258,272,0
5902,961,300,1
5903,15,1051,0
5904,1162,1329,1
5905,351,1537,0
5906,979,1113,0
5907,1258,210,1
5908,1517,1165,1
5909,1140,520,1
5910,1093,1140,1
5911,302,911,1
5912,1262,552,0
5913,1395,168,1
5914,370,653,0
5915,489,1387,1
5916,480,313,1
5917,494,300,1
5918,76,355,1
5919,495,534,0
5920,911,673,1
5921,355,1206,1
5922,1085,450,1
5923,1111,644,0
5924,1425,910,1
5925,560,653,1
5926,169,1485,0
5927,1496,1397,1
5928,721,717,0
5929,182,901,0
5930,417,1359,0
5931,368,1389,1
5932,448,1241,0
5933,1083,1453,0
5934,1481,834,1
5935,294,794,1
5936,26,171,0
5937,1258,52,1
5938,1438,1552,1
5939,223,165,0
5940,1261,371,1
5941,155,661,0
5942,1175,404,0
5943,611,348,1
5944,493,348,1
5945,1533,155,0
5946,1014,679,0
5947,967,1140,1
5948,652,364,0
5949,381,1181,1
5950,687,1140,1
5951,734,592,0
5952,1582,492,0
5953,1589,475,1
5954,417,1357,0
5955,1286,671,0
5956,779,1336,0
5957,488,1477,0
5958,561,1140,1
5959,414,799,0
5960,163,358,0
5961,940,108,1
5962,817,737,1
5963,365,322,0
5964,1566,334,0
5965,836,1005,0
5966,734,1115,0
5967,979,1244,1
5968,967,1335,0
5969,162,1336,0
5970,1422,1463,0
5971,1437,1126,0
5972,390,1330,0
5973,1230,1371,1
5974,1140,9,1
5975,1484,352,0
5976,233,494,1
5977,493,1058,1
5978,559,1056,1
5979,377,813,0
5980,19,584,0
5981,1093,976,1
5982,423,117,0
5983,1220,1475,0
5984,1345,267,0
5985,995,450,1
5986,381,559,1
5987,185,1047,0
5988,1317,299,1
5989,429,993,0
5990,174,1473,1
5991,475,652,1
5992,82,850,0
5993,465,1265,0
5994,911,996,0
5995,1261,967,1
5996,92,115,0
5997,351,610,0
5998,470,1219,0
5999,658,228,1
6000,275,1418,1
6001,598,942,1
6002,636,385,0
6003,841,1508,0
6004,1029,1052,0
6005,1155,962,0
6006,1261,182,1
6007,1303,276,0
6008,1269,164,0
6009,1158,18,1
6010,12,1181,1
6011,493,1310,1
6012,1261,89,1
6013,210,1134,0
6014,288,1203,0
6015,75,268,0
6016,1521,791,0
6017,1329,287,1
6018,1067,1102,1
6019,89,1262,0
6020,990,450,1
6021,1125,805,1
6022,1552,146,0
6023,1215,991,0
6024,108,1513,1
6025,209,672,0
6026,238,315,1
6027,552,348,0
6028,276,907,0
6029,309,711,0
6030,82,578,1
6031,533,767,1
6032,1181,794,1
6033,1028,294,1
6034,665,482,0
6035,362,1510,0
6036,1310,493,1
6037,126,873,0
6038,581,26,1
6039,93,837,0
6040,1470,1280,1
6041,136,502,1
6042,3,1389,1
6043,686,1525,0
6044,1188,1290,1
6045,125,353,0
6046,502,729,1
6047,779,366,0
6048,883,553,1
6049,187,834,0
6050,847,524,0
6051,45,340,0
6052,1571,131,1
6053,381,1436,1
6054,1378,382,1
6055,161,1382,1
6056,1066,1116,1
6057,979,1249,0
6058,999,1066,1
6059,1577,856,1
6060,529,1438,1
6061,1034,102,1
6062,63,1068,0
6063,817,417,1
6064,1022,846,0
6065,1513,1166,1
6066,407,177,0
6067,1319,591,0
6068,623,230,0
6069,730,817,1
6070,1378,841,1
6071,407,185,1
6072,1458,794,1
6073,979,833,1
6074,1093,972,1
6075,581,4,1
6076,73,1303,1
6077,1256,445,0
6078,1207,76,1
6079,180,332,0
6080,1329,493,1
6081,799,1605,0
6082,544,297,0
6083,833,384,1
6084,701,730,0
6085,370,93,1
6086,1256,473,0
6087,1437,262,0
6088,1513,754,1
6089,371,1258,0
6090,379,1431,0
6091,754,657,1
6092,1322,462,0
6093,1090,1128,1
6094,355,1518,1
6095,1306,1340,1
6096,1093,520,1
6097,1279,1598,0
6098,1425,815,1
6099,360,193,1
6100,463,754,1
6101,579,55,0
6102,36,1044,0
6103,834,1303,1
6104,561,474,1
6105,533,1425,1
6106,217,1329,1
6107,762,1245,0
6108,1503,93,1
6109,963,193,1
6110,1269,1553,0
6111,52,372,0
6112,624,1380,1
6113,1165,836,1
6114,73,421,0
6115,276,1589,1
6116,1511,1064,1
6117,1088,1226,0
6118,1093,754,1
6119,15,348,0
6120,929,860,0
6121,373,730,1
6122,360,859,1
6123,140,1280,1
6124,300,804,1
6125,918,904,0
6126,164,73,1
6127,517,173,1
6128,1211,1374,1
6129,1158,717,1
6130,450,995,1
6131,754,1614,1
6132,27,1329,1
6133,741,403,0
6134,856,1275,1
6135,173,794,1
6136,983,298,0
6137,734,766,0
6138,550,925,0
6139,168,1216,0
6140,754,934,0
6141,347,810,1
6142,267,547,1
6143,1169,1144,0
6144,559,1261,1
6145,234,1501,0
6146,713,1050,0
6147,1101,993,1
6148,382,1378,1
6149,1161,1345,1
6150,1418,976,1
6151,1142,303,0
6152,152,1429,0
6153,636,322,0
6154,92,151,0
6155,141,1315,0
6156,269,79,1
6157,294,89,1
6158,1230,76,0
6159,193,1261,1
6160,1406,1317,0
6161,1503,1550,0
6162,1184,306,0
6163,905,567,0
6164,500,1295,0
6165,347,1463,0
6166,754,196,1
6167,429,51,0
6168,169,1547,1
6169,360,938,1
6170,180,1128,1
6171,1235,414,1
6172,125,1128,0
6173,686,1194,0
6174,300,775,1
6175,730,1571,1
6176,82,743,0
6177,336,1015,0
6178,1262,871,0
6179,122,1373,1
6180,1090,1484,0
6181,1301,193,0
6182,817,528,1
6183,380,977,0
6184,493,1169,1
6185,131,355,1
6186,1278,963,1
6187,639,1395,1
6188,1389,886,1
6189,713,351,0
6190,1491,99,0
6191,294,1280,1
6192,75,972,1
6193,360,1290,1
6194,805,165,0
6195,281,329,1
6196,332,417,0
6197,209,423,1
6198,1389,836,1
6199,1395,360,1
6200,715,1287,0
6201,1579,444,0
6202,217,1418,1
6203,715,770,0
6204,1112,1464,1
6205,1426,449,0
6206,1496,704,1
6207,1145,1201,0
6208,692,493,1
6209,883,1120,1
6210,155,97,0
6211,1093,1310,1
6212,786,128,0
6213,1261,530,1
6214,665,776,1
6215,1161,817,1
6216,1063,1128,1
6217,581,108,1
6218,294,1311,1
6219,1577,172,1
6220,278,1577,1
6221,1261,1594,1
6222,1136,16,1
6223,315,1271,1
6224,1056,485,1
6225,1140,493,1
6226,45,1334,1
6227,727,497,0
6228,417,195,1
6229,1513,1340,1
6230,636,1114,0
6231,972,27,1
6232,1319,703,0
6233,0,1234,1
6234,859,559,1
6235,875,691,0
6236,861,375,0
6237,979,1353,0
6238,1504,1546,0
6239,836,300,1
6240,533,1390,0
6241,123,96,1
6242,1086,875,1
6243,1056,1437,1
6244,443,1234,0
6245,1422,1279,0
6246,171,1610,0
6247,1579,595,0
6248,1468,643,0
6249,333,996,0
6250,466,1352,0
6251,377,76,1
6252,948,1006,1
6253,1001,558,0
6254,963,317,1
6255,500,1477,0
6256,1096,1034,0
6257,82,58,0
6258,73,281,1
6259,972,75,1
6260,73,1458,1
6261,1257,1491,1
6262,1116,1093,1
6263,1343,1327,0
6264,1387,1286,1
6265,702,73,1
6266,1221,165,0
6267,689,655,0
6268,1261,1426,1
6269,1116,553,1
6270,1544,1051,0
6271,1170,1446,0
6272,874,193,1
6273,1469,54,0
6274,1152,890,0
6275,886,1378,1
6276,747,646,0
6277,1449,801,0
6278,1513,355,1
6279,576,1064,0
6280,967,1269,1
6281,1458,126,1
6282,223,239,0
6283,817,628,1
6284,1513,562,1
6285,273,552,0
6286,1013,315,1
6287,741,294,1
6288,528,261,0
6289,495,746,0
6290,223,1420,0
6291,946,193,1
6292,1013,264,0
6293,326,68,0
6294,1143,719,0
6295,1477,308,0
6296,342,1175,0
6297,272,1288,1
6298,776,543,0
6299,999,721,1
6300,665,1232,1
6301,1395,1261,1
6302,817,1441,0
6303,1332,300,1
6304,1161,1481,1
6305,770,1517,0
6306,1301,1152,1
6307,208,1295,0
6308,1141,555,0
6309,278,1545,0
6310,123,170,0
6311,1226,747,0
6312,754,26,1
6313,164,1159,1
6314,210,360,1
6315,569,1146,1
6316,491,478,1
6317,972,1093,1
6318,1181,1282,0
6319,916,1230,1
6320,157,626,1
6321,388,433,0
6322,825,328,0
6323,351,239,0
6324,162,833,1
6325,173,730,1
6326,1342,1335,0
6327,841,64,0
6328,754,326,1
6329,1230,148,0
6330,1389,1305,0
6331,972,389,0
6332,817,704,1
6333,1278,889,0
6334,1188,48,1
6335,848,493,1
6336,673,911,1
6337,873,811,0
6338,350,470,0
6339,1354,611,1
6340,412,736,0
6341,1449,82,1
6342,1159,729,1
6343,658,1181,1
6344,1374,267,1
6345,355,786,1
6346,355,342,1
6347,727,254,1
6348,1469,1544,0
6349,1524,756,0
6350,1513,1288,1
6351,1329,1280,1
6352,559,908,0
6353,775,964,0
6354,122,533,1
6355,520,45,1
6356,1090,384,1
6357,164,294,1
6358,1524,482,0
6359,1426,1261,1
6360,1565,268,0
6361,1378,366,0
6362,890,1044,0
6363,1101,1306,1
6364,1169,372,1
6365,533,815,1
6366,76,493,1
6367,278,355,1
6368,1184,1272,0
6369,1539,623,1
6370,1096,641,0
6371,1450,715,1
6372,1378,89,0
6373,216,456,0
6374,890,632,0
6375,702,294,1
6376,1291,150,0
6377,1228,753,0
6378,1070,417,1
6379,1364,536,0
6380,474,561,1
6381,838,802,0
6382,631,687,1
6383,859,1249,0
6384,741,73,1
6385,452,243,0
6386,19,290,0
6387,562,157,0
6388,1343,417,1
6389,623,356,0
6390,93,1587,0
6391,1422,1527,1
6392,1230,1571,1
6393,152,1403,0
6394,407,1431,0
6395,1165,1300,0
6396,392,1012,0
6397,1397,1253,0
6398,786,96,0
6399,414,177,0
6400,1113,559,1
6401,475,1379,1
6402,390,525,0
6403,1256,126,0
6404,480,674,1
6405,1325,248,0
6406,379,1304,1
6407,372,491,0
6408,990,1188,0
6409,912,1292,0
6410,1170,1155,1
6411,836,1111,1
6412,1283,519,0
6413,1152,486,1
6414,608,700,0
6415,849,863,1
6416,687,332,1
6417,233,1230,0
6418,874,668,0
6419,52,981,0
6420,689,1345,1
6421,1180,922,0
6422,1093,275,1
6423,849,1087,0
6424,1345,658,1
6425,1031,766,0
6426,1156,1111,0
6427,1211,940,1
6428,993,999,0
6429,1155,299,0
6430,1329,173,1
6431,1531,411,0
6432,409,1169,1
6433,1116,300,1
6434,146,918,0
6435,1437,1422,0
6436,171,1491,1
6437,1240,463,1
6438,1159,164,1
6439,658,1065,1
6440,413,754,1
6441,983,1228,1
6442,195,621,0
6443,847,1046,0
6444,571,602,1
6445,581,217,1
6446,1380,1523,1
6447,45,1175,0
6448,269,1138,0
6449,754,598,0
6450,658,1395,1
6451,409,129,0
6452,1524,1001,1
6453,1250,414,1
6454,1317,331,0
6455,217,649,1
6456,1323,427,0
6457,626,1397,0
6458,1523,363,0
6459,608,1164,0
6460,818,1154,0
6461,1017,1116,0
6462,1116,631,1
6463,1093,773,1
6464,1206,415,1
6465,1602,1161,1
6466,233,1165,1
6467,817,27,1
6468,1101,715,1
6469,905,1428,0
6470,89,883,0
6471,658,1345,1
6472,1396,1185,0
6473,1577,1226,0
6474,491,48,0
6475,1188,1504,0
6476,4,581,1
6477,303,300,0
6478,195,1140,1
6479,1418,275,1
6480,472,494,0
6481,579,775,1
6482,179,169,0
6483,429,269,1
6484,1013,493,1
6485,1291,271,0
6486,1158,1170,1
6487,729,292,0
6488,1511,76,0
6489,1212,390,0
6490,136,234,0
6491,1351,335,1
6492,975,136,1
6493,372,717,1
6494,1389,379,1
6495,1040,328,0
6496,92,935,0
6497,1037,837,0
6498,300,384,0
6499,727,1457,1
6500,1156,1065,1
6501,1063,1311,1
6502,131,554,1
6503,250,1261,1
6504,1261,380,1
6505,1013,1460,0
6506,963,1278,1
6507,796,362,0
6508,721,469,0
6509,409,1158,1
6510,1158,875,1
6511,886,1206,1
6512,1387,1365,1
6513,254,9,1
6514,848,754,1
6515,371,940,1
6516,581,730,1
6517,1133,1140,1
6518,1364,1536,0
6519,210,1398,1
6520,1279,994,0
6521,493,383,1
6522,412,66,0
6523,805,886,1
6524,1306,1396,1
6525,63,818,0
6526,983,467,1
6527,1155,1118,0
6528,1577,579,1
6529,817,1140,1
6530,712,840,0
6531,554,1353,0
6532,815,1324,0
6533,294,834,1
6534,1341,408,0
6535,294,1165,1
6536,313,232,0
6537,530,1547,0
6538,75,977,0
6539,1280,1389,1
6540,1065,801,0
6541,1517,779,0
6542,1058,498,0
6543,700,1065,0
6544,921,479,0
6545,579,355,1
6546,573,1162,0
6547,730,445,1
6548,466,1144,0
6549,174,400,0
6550,581,1473,1
6551,713,721,0
6552,1269,1242,0
6553,1286,1335,0
6554,576,520,1
6555,210,1375,1
6556,1280,1125,1
6557,1055,807,0
6558,817,73,1
6559,573,1219,0
6560,995,773,1
6561,886,1332,1
6562,300,1517,1
6563,602,1300,0
6564,1294,619,0
6565,641,1576,0
6566,1250,1131,0
6567,480,912,0
6568,910,547,1
6569,747,29,0
6570,475,1488,1
6571,1301,967,1
6572,12,1417,0
6573,1310,1140,1
6574,741,1174,0
6575,658,1502,1
6576,841,673,1
6577,1142,1577,1
6578,1257,1339,0
6579,1445,1388,0
6580,1408,127,1
6581,500,416,0
6582,669,275,1
6583,329,294,1
6584,775,73,1
6585,1261,880,0
6586,627,1365,1
6587,1408,210,1
6588,1513,1473,1
6589,1221,640,0
6590,1481,1085,1
6591,972,990,1
6592,216,1480,0
6593,1062,1395,1
6594,1395,1358,1
6595,729,116,1
6596,1056,1216,0
6597,1141,434,0
6598,1261,227,1
6599,1319,646,0
6600,1481,1181,1
6601,1158,1060,1
6602,657,98,0
6603,982,754,1
6604,1256,1422,0
6605,809,1234,0
6606,1280,161,1
6607,1337,469,0
6608,821,1588,0
6609,579,1613,0
6610,950,882,0
6611,1445,688,0
6612,530,443,1
6613,1517,1125,1
6614,774,1298,1
6615,754,1373,1
6616,89,1518,1
6617,1034,741,1
6618,859,1051,0
6619,122,815,1
6620,1013,68,1
6621,140,62,0
6622,875,1169,1
6623,834,470,1
6624,778,951,0
6625,1116,68,1
6626,581,1591,1
6627,1566,760,0
6628,963,45,1
6629,12,807,0
6630,1187,1058,0
6631,123,1133,1
6632,647,521,0
6633,649,646,1
6634,493,716,0
6635,673,611,1
6636,1426,481,1
6637,1261,742,1
6638,1022,130,0
6639,1477,1402,1
6640,1257,658,1
6641,517,1274,0
6642,3,405,1
6643,300,729,1
6644,1062,832,0
6645,863,810,0
6646,371,1211,1
6647,1411,1183,0
6648,465,1213,0
6649,825,90,0
6650,1093,1523,1
6651,1093,559,1
6652,910,101,0
6653,90,468,0
6654,1257,169,1
6655,648,1354,1
6656,836,329,1
6657,1577,142,0
6658,254,649,1
6659,276,933,0
6660,1552,916,1
6661,687,1310,1
6662,1595,1134,0
6663,807,1458,1
6664,1237,1482,0
6665,1221,660,0
6666,754,437,1
6667,802,862,0
6668,559,1066,0
6669,104,500,0
6670,1014,259,0
6671,168,691,1
6672,598,379,1
6673,1085,480,1
6674,999,758,0
6675,874,628,1
6676,76,1125,1
6677,37,1010,0
6678,1523,581,1
6679,429,823,0
6680,927,866,1
6681,163,1111,0
6682,466,255,0
6683,300,193,1
6684,162,708,1
6685,347,543,0
6686,1373,754,1
6687,195,417,1
6688,903,754,1
6689,389,191,1
6690,131,623,0
6691,26,1116,1
6692,472,1407,0
6693,417,205,1
6694,267,561,1
6695,1457,702,0
6696,885,1119,0
6697,1291,263,0
6698,1402,1261,1
6699,775,1571,1
6700,593,545,0
6701,883,584,0
6702,1345,209,1
6703,517,294,1
6704,500,1007,0
6705,131,169,1
6706,1382,1000,1
6707,963,687,1
6708,1206,509,0
6709,1382,417,1
6710,278,1006,1
6711,443,530,1
6712,27,1336,1
6713,392,27,1
6714,1303,888,0
6715,180,1387,1
6716,778,859,0
6717,381,1284,1
6718,1523,611,0
6719,1334,601,0
6720,1140,55,0
6721,1509,1238,0
6722,911,383,1
6723,979,1575,0
6724,303,406,0
6725,73,1165,1
6726,547,94,0
6727,1230,1445,1
6728,1055,772,0
6729,389,435,0
6730,1096,1384,0
6731,916,453,0
6732,994,228,0
6733,1437,1050,0
6734,187,1027,0
6735,1042,1471,0
6736,61,169,1
6737,1301,566,0
6738,1116,1058,1
6739,1136,1553,1
6740,1063,1286,1
6741,1142,1473,1
6742,1161,1171,1
6743,625,1169,0
6744,171,1243,0
6745,1140,642,0
6746,1513,51,0
6747,122,1170,1
6748,1552,631,1
6749,1066,1400,0
6750,1449,1072,1
6751,1286,1506,0
6752,332,213,0
6753,93,1069,0
6754,76,3,1
6755,1158,1605,1
6756,1351,1600,1
6757,676,1412,0
6758,1505,1593,0
6759,294,53,0
6760,494,1332,1
6761,347,290,1
6762,983,1037,1
6763,423,359,0
6764,1477,553,0
6765,1506,1473,1
6766,1513,381,1
6767,1374,940,1
6768,1088,493,1
6769,1319,329,0
6770,347,1161,1
6771,727,669,1
6772,967,1284,1
6773,300,1261,1
6774,152,681,0
6775,686,493,0
6776,721,1271,1
6777,1367,1600,0
6778,1133,1093,1
6779,598,180,1
6780,834,650,1
6781,1261,554,1
6782,1468,1125,1
6783,817,1460,1
6784,488,147,0
6785,1422,321,0
6786,1310,381,1
6787,875,464,1
6788,990,71,0
6789,61,1366,0
6790,1031,1333,0
6791,1547,203,0
6792,689,910,0
6793,790,411,0
6794,377,530,1
6795,550,350,0
6796,421,350,0
6797,94,239,0
6798,1056,1124,0
6799,575,542,0
6800,1513,576,1
6801,415,73,1
6802,815,1186,0
6803,1396,1192,0
6804,712,1450,0
6805,379,136,1
6806,754,162,1
6807,687,596,0
6808,26,294,1
6809,794,1142,1
6810,294,729,1
6811,658,79,1
6812,107,871,1
6813,307,457,0
6814,1261,1457,1
6815,322,1001,1
6816,1346,1089,0
6817,1261,911,1
6818,754,136,1
6819,463,125,0
6820,1280,1204,1
6821,450,1085,1
6822,609,630,0
6823,886,1125,1
6824,967,576,1
6825,658,1066,1
6826,371,485,1
6827,1029,1500,0
6828,836,359,0
6829,79,279,0
6830,1524,883,1
6831,1533,817,1
6832,1180,965,0
6833,79,1389,1
6834,278,1443,0
6835,1269,187,0
6836,1527,1480,0
6837,836,1094,0
6838,1208,833,1
6839,1468,93,0
6840,994,258,0
6841,269,1051,0
6842,97,662,0
6843,1422,176,0
6844,875,1086,1
6845,1579,158,0
6846,73,1589,1
6847,1162,417,1
6848,234,1220,0
6849,1425,547,1
6850,979,276,0
6851,904,281,0
6852,1283,911,1
6853,815,1582,0
6854,209,983,1
6855,1374,379,1
6856,300,1246,0
6857,1392,1139,1
6858,727,367,0
6859,1156,383,1
6860,748,811,0
6861,1136,361,0
6862,649,326,1
6863,885,673,0
6864,1269,1513,0
6865,834,450,1
6866,1268,890,0
6867,452,234,0
6868,182,1527,1
6869,474,547,1
6870,373,335,0
6871,1096,1429,0
6872,623,762,0
6873,1457,45,1
6874,1517,110,0
6875,9,96,1
6876,1418,825,0
6877,1382,912,1
6878,429,532,0
6879,89,475,1
6880,1206,85,0
6881,963,278,0
6882,949,1066,1
6883,1147,631,1
6884,633,1090,1
6885,303,744,0
6886,975,114,0
6887,979,1460,1
6888,371,704,1
6889,639,294,1
6890,875,781,0
6891,273,334,0
6892,1422,279,0
6893,911,625,1
6894,515,1335,0
6895,1605,876,0
6896,972,1440,0
6897,209,300,1
6898,3,1327,1
6899,1517,1206,1
6900,729,1473,1
6901,687,1561,0
6902,1147,962,0
6903,1212,1220,0
6904,1072,1341,0
6905,631,613,0
6906,423,1561,0
6907,1206,406,0
6908,1392,527,0
6909,1310,116,1
6910,929,754,1
6911,1049,1015,1
6912,161,1536,0
6913,1342,1199,1
6914,463,915,1
6915,848,1159,0
6916,93,1084,0
6917,209,658,1
6918,355,671,0
6919,169,174,1
6920,1324,1579,1
6921,741,1313,0
6922,347,1266,0
6923,598,925,0
6924,9,1457,1
6925,1425,174,0
6926,1354,1564,0
6927,417,1113,1
6928,1187,1616,0
6929,1111,233,1
6930,355,27,1
6931,863,1303,0
6932,569,699,0
6933,1614,467,0
6934,579,60,0
6935,169,193,1
6936,1070,623,1
6937,1083,633,1
6938,1469,1526,0
6939,934,1102,1
6940,515,247,0
6941,1341,1500,0
6942,848,652,0
6943,371,1273,1
6944,669,958,0
6945,246,508,0
6946,1028,1280,0
6947,1065,1473,1
6948,123,1479,0
6949,1066,1454,0
6950,1287,1375,0
6951,405,1368,1
6952,250,56,0
6953,193,423,1
6954,1517,1332,1
6955,355,493,1
6956,1577,766,0
6957,281,73,1
6958,819,1169,0
6959,776,608,1
6960,1279,1140,0
6961,1373,1093,1
6962,1267,940,0
6963,19,1583,0
6964,1170,1158,1
6965,729,300,1
6966,673,489,0
6967,1116,76,1
6968,1387,410,1
6969,1395,1147,1
6970,609,1363,0
6971,1166,178,0
6972,542,1436,0
6973,885,1380,1
6974,1101,1589,1
6975,303,245,0
6976,1275,1517,0
6977,762,412,1
6978,819,666,0
6979,1006,794,1
6980,379,1035,0
6981,673,1062,1
6982,1188,1403,0
6983,1395,181,0
6984,528,942,0
6985,1172,560,0
6986,1491,193,1
6987,173,1608,0
6988,1278,469,0
6989,478,1300,0
6990,348,385,0
6991,379,61,1
6992,1549,1262,0
6993,649,1606,0
6994,168,471,0
6995,329,805,1
6996,1329,1305,1
6997,554,61,1
6998,303,1133,1
6999,1477,1522,0
7000,250,317,0
7001,1530,45,0
7002,335,795,0
7003,817,102,1
7004,639,131,1
7005,432,1259,0
7006,1116,1066,1
7007,163,317,0
7008,562,1513,1
7009,73,579,1
7010,1113,804,0
7011,1418,1231,0
7012,161,1348,0
7013,817,1329,1
7014,967,1057,1
7015,9,669,1
7016,1125,294,1
7017,676,1138,0
7018,1101,841,1
7019,983,423,1
7020,1067,657,0
7021,1549,1426,0
7022,233,1088,0
7023,576,267,1
7024,633,737,0
7025,1345,260,1
7026,494,993,0
7027,1093,390,1
7028,1527,493,1
7029,182,608,0
7030,593,1512,0
7031,676,774,0
7032,1207,704,0
7033,1165,140,1
7034,76,963,1
7035,550,1189,0
7036,368,1406,1
7037,0,1421,0
7038,1579,971,0
7039,848,105,0
7040,805,1280,1
7041,425,1382,0
7042,360,621,0
7043,940,815,1
7044,1056,1170,1
7045,790,1589,1
7046,360,16,1
7047,73,122,1
7048,713,918,0
7049,1280,76,1
7050,300,329,1
7051,12,11,0
7052,162,749,1
7053,421,217,1
7054,1215,566,0
7055,1612,1267,0
7056,1491,692,0
7057,533,1495,0
7058,443,485,0
7059,626,1022,0
7060,1034,1006,1
7061,581,359,0
7062,778,212,0
7063,995,1419,0
7064,940,1142,1
7065,1533,1313,0
7066,1154,1151,1
7067,61,897,0
7068,1140,111,0
7069,1093,627,1
7070,1589,276,1
7071,131,361,0
7072,382,1042,0
7073,291,1319,1
7074,598,1079,0
7075,780,1132,0
7076,381,1382,1
7077,141,1177,0
7078,1280,1288,1
7079,493,1093,1
7080,322,1524,1
7081,571,1244,1
7082,1288,272,1
7083,373,350,1
7084,754,523,1
7085,1317,1156,1
7086,1125,1151,0
7087,205,211,0
7088,1230,377,1
7089,687,1589,1
7090,1101,1345,1
7091,1147,909,0
7092,1228,1362,1
7093,122,1132,0
7094,633,551,1
7095,1070,1082,0
7096,631,1473,1
7097,1116,940,1
7098,1116,116,1
7099,576,1390,0
7100,1056,670,0
7101,576,1036,0
7102,1577,75,1
7103,665,730,1
7104,815,193,1
7105,658,209,1
7106,409,1093,1
7107,778,1032,0
7108,450,1516,0
7109,1306,907,0
7110,581,122,1
7111,665,794,0
7112,275,1140,1
7113,450,869,0
7114,1329,1343,1
7115,76,1207,1
7116,1133,223,1
7117,1140,669,1
7118,1582,330,0
7119,294,730,1
7120,1060,717,1
7121,351,406,1
7122,940,773,1
7123,1116,961,1
7124,1170,533,1
7125,1577,1436,1
7126,187,61,0
7127,1226,961,0
7128,633,927,1
7129,185,856,1
7130,1303,204,1
7131,73,26,1
7132,1458,1446,0
7133,921,1056,0
7134,633,934,1
7135,940,1473,1
7136,1530,1193,0
7137,979,403,1
7138,786,1182,0
7139,350,22,0
7140,1457,96,1
7141,1583,684,0
7142,1261,82,1
7143,191,493,1
7144,209,228,1
7145,776,911,1
7146,1517,391,0
7147,1158,1380,1
7148,76,164,1
7149,75,493,0
7150,1303,267,1
7151,123,102,1
7152,963,1222,1
7153,1288,1206,0
7154,907,500,0
7155,859,75,1
7156,164,289,0
7157,136,1276,0
7158,1612,327,0
7159,89,116,1
7160,417,559,1
7161,1101,906,0
7162,905,290,1
7163,1188,483,1
7164,123,1420,0
7165,762,1173,0
7166,281,294,1
7167,1155,576,1
7168,82,808,1
7169,291,493,1
7170,665,129,1
7171,814,798,0
7172,300,108,1
7173,807,82,1
7174,41,385,0
7175,658,1505,1
7176,1065,300,1
7177,489,1142,1
7178,1492,1345,1
7179,729,929,1
7180,625,1484,0
7181,161,116,1
7182,362,1503,1
7183,494,1360,0
7184,462,1282,0
7185,834,174,1
7186,983,1230,1
7187,918,603,0
7188,1140,547,1
7189,216,1404,0
7190,1373,110,0
7191,1133,303,1
7192,532,1247,0
7193,432,255,0
7194,1060,1036,1
7195,1398,1085,0
7196,1168,1566,0
7197,239,1494,0
7198,1457,976,1
7199,874,704,1
7200,658,553,1
7201,493,161,1
7202,1547,647,0
7203,833,1215,0
7204,833,773,1
7205,1492,1191,0
7206,631,537,0
7207,209,1257,1
7208,373,360,1
7209,1549,765,0
7210,385,1099,0
7211,859,1409,0
7212,1042,603,0
7213,809,981,0
7214,1505,1371,1
7215,576,448,0
7216,1605,1427,0
7217,76,1513,1
7218,475,1378,1
7219,1450,658,1
7220,37,1405,0
7221,901,35,0
7222,1288,1461,0
7223,379,1453,0
7224,267,866,1
7225,562,1485,0
7226,171,1245,1
7227,371,1274,0
7228,547,1086,1
7229,836,1604,0
7230,1329,4,1
7231,300,502,1
7232,602,180,1
7233,833,602,1
7234,294,1389,1
7235,1481,357,0
7236,1207,377,1
7237,1533,73,1
7238,576,754,1
7239,1162,754,1
7240,1140,195,1
7241,360,302,1
7242,141,963,1
7243,821,676,0
7244,520,1093,1
7245,856,1268,1
7246,267,1349,0
7247,730,1234,1
7248,834,410,0
7249,701,198,0
7250,110,698,0
7251,848,1155,1
7252,1048,1365,0
7253,730,611,1
7254,1280,233,1
7255,502,131,1
7256,847,1276,0
7257,171,1128,1
7258,1261,665,1
7259,205,573,0
7260,859,423,0
7261,169,389,1
7262,575,1358,0
7263,140,73,1
7264,1101,1518,1
7265,406,160,0
7266,1565,730,1
7267,990,122,0
7268,1379,1526,0
7269,123,360,1
7270,1524,877,0
7271,49,754,1
7272,1506,1513,1
7273,573,973,0
7274,1151,259,0
7275,1351,1395,0
7276,967,717,1
7277,963,141,1
7278,79,164,1
7279,21,952,0
7280,1303,1578,0
7281,1212,427,0
7282,807,457,0
7283,1093,1470,1
7284,1196,142,0
7285,1140,205,1
7286,1207,1261,1
7287,1395,152,0
7288,1114,1435,0
7289,169,1402,1
7290,131,1577,1
7291,581,173,1
7292,60,696,0
7293,423,1140,0
7294,1511,530,1
7295,205,554,0
7296,1495,1079,0
7297,302,480,0
7298,355,1111,1
7299,1101,1477,1
7300,704,1102,1
7301,1426,227,1
7302,468,1093,0
7303,371,979,1
7304,180,1386,0
7305,652,1611,1
7306,294,886,1
7307,1093,1158,1
7308,946,350,0
7309,1240,1418,0
7310,9,289,0
7311,1180,1604,1
7312,414,81,0
7313,704,1545,0
7314,1258,248,0
7315,1379,283,0
7316,515,1468,0
7317,1145,1168,0
7318,805,1165,1
7319,665,1116,1
7320,45,1576,0
7321,122,910,1
7322,162,845,1
7323,472,1534,0
7324,1547,992,0
7325,493,373,0
7326,1593,223,0
7327,559,402,0
7328,480,193,0
7329,427,992,0
7330,348,762,1
7331,1283,983,0
7332,776,1315,0
7333,56,1431,0
7334,1539,330,0
7335,729,834,1
7336,1070,1269,1
7337,1142,1470,1
7338,625,963,1
7339,1269,1301,1
7340,1066,341,0
7341,493,116,1
7342,205,576,1
7343,847,232,0
7344,108,1506,1
7345,448,1371,1
7346,394,1513,1
7347,1374,411,0
7348,360,1361,0
7349,674,861,0
7350,609,859,0
7351,291,779,0
7352,294,1159,1
7353,819,795,0
7354,1188,530,1
7355,488,1182,0
7356,657,350,0
7357,1322,1347,0
7358,390,1085,1
7359,836,73,1
7360,575,1019,0
7361,1515,994,0
7362,493,108,1
7363,702,300,1
7364,1317,885,1
7365,1345,1091,1
7366,414,116,0
7367,341,904,0
7368,883,1319,1
7369,219,287,0
7370,967,1458,1
7371,1078,1120,0
7372,730,708,1
7373,995,313,1
7374,407,269,1
7375,715,1048,0
7376,1230,1164,0
7377,1261,1188,1
7378,207,556,0
7379,474,1034,0
7380,799,820,0
7381,1169,528,1
7382,1496,1234,1
7383,493,1170,1
7384,776,826,0
7385,1556,1421,0
7386,294,639,1
7387,727,30,0
7388,1392,787,0
7389,1070,576,1
7390,61,471,0
7391,315,1190,0
7392,1125,1111,1
7393,278,741,1
7394,579,517,1
7395,1449,1320,0
7396,665,1261,1
7397,1397,1305,0
7398,624,1260,0
7399,561,1138,0
7400,342,143,0
7401,1513,910,1
7402,54,221,0
7403,390,1284,1
7404,669,1305,1
7405,1093,1607,0
7406,1261,169,1
7407,409,1110,0
7408,1093,1442,0
7409,1261,611,1
7410,1425,50,0
7411,208,607,0
7412,108,1063,0
7413,641,639,0
7414,1495,1587,0
7415,49,927,0
7416,1550,392,0
7417,532,1610,0
7418,1031,169,0
7419,9,649,1
7420,729,1086,1
7421,1389,3,1
7422,79,81,0
7423,1583,364,0
7424,1154,351,1
7425,1256,1448,1
7426,329,1517,1
7427,489,1374,1
7428,983,1161,1
7429,552,16,0
7430,1595,458,0
7431,294,1517,1
7432,561,533,1
7433,332,1467,0
7434,164,731,0
7435,834,1019,0
7436,1397,1496,1
7437,1168,1177,0
7438,727,633,0
7439,1398,884,0
7440,783,1073,0
7441,254,249,0
7442,1310,173,1
7443,261,1261,1
7444,1111,51,0
7445,493,1116,1
7446,227,1098,0
7447,649,1184,0
7448,1258,1311,0
7449,1228,429,0
7450,172,131,1
7451,1140,773,1
7452,372,256,0
7453,52,75,1
7454,687,294,1
7455,905,625,1
7456,647,919,0
7457,744,151,0
7458,1111,131,0
7459,581,1343,1
7460,834,1413,0
7461,983,1088,1
7462,1373,1595,0
7463,658,1257,1
7464,1332,118,0
7465,1418,1436,0
7466,911,628,1
7467,443,889,0
7468,26,563,1
7469,405,1564,0
7470,1031,1571,0
7471,1517,301,0
7472,1300,1533,0
7473,1364,613,0
7474,979,164,0
7475,1013,76,1
7476,1268,626,1
7477,815,438,0
7478,1411,1139,0
7479,955,797,0
7480,1324,601,0
7481,625,193,1
7482,1056,549,0
7483,1521,281,1
7484,1457,1162,1
7485,1589,30,0
7486,1378,639,1
7487,1261,168,1
7488,1072,233,1
7489,1332,494,1
7490,701,1510,0
7491,916,130,0
7492,767,639,0
7493,475,620,1
7494,904,403,0
7495,883,1286,0
7496,1147,517,0
7497,1303,1093,1
7498,790,1261,1
7499,1374,5,0
7500,1445,916,1
7501,561,1170,1
7502,1063,598,1
7503,1337,809,0
7504,1072,286,0
7505,300,754,1
7506,1517,1085,0
7507,674,738,0
7508,370,956,0
7509,886,836,1
7510,1305,1162,1
7511,1112,291,0
7512,673,1216,0
7513,1284,201,0
7514,191,499,0
7515,144,1603,0
7516,955,639,1
7517,858,734,0
7518,833,979,1
7519,273,1602,0
7520,1547,39,0
7521,207,327,0
7522,24,1582,0
7523,250,122,1
7524,639,73,1
7525,122,1425,1
7526,911,1188,1
7527,1468,147,0
7528,788,551,0
7529,754,734,1
7530,470,609,0
7531,1067,1426,0
7532,1196,1294,0
7533,250,117,0
7534,1406,856,1
7535,1267,882,0
7536,1165,1523,0
7537,665,82,1
7538,730,1135,0
7539,625,1614,0
7540,1269,9,1
7541,721,963,1
7542,210,407,1
7543,326,1493,0
7544,300,1311,1
7545,250,139,0
7546,775,1565,1
7547,905,1615,0
7548,407,1275,1
7549,673,1234,1
7550,983,961,1
7551,817,619,0
7552,1280,1165,1
7553,1445,841,0
7554,1351,373,1
7555,130,1491,0
7556,275,126,0
7557,940,794,1
7558,373,1092,0
7559,780,953,0
7560,9,217,1
7561,814,678,0
7562,1450,268,0
7563,1208,1461,0
7564,1022,1197,0
7565,171,551,1
7566,727,1140,1
7567,942,863,1
7568,1599,308,0
7569,347,201,1
7570,76,1280,1
7571,1017,1448,1
7572,26,1070,0
7573,1257,1066,0
7574,1332,355,1
7575,179,28,0
7576,1170,528,1
7577,1345,1502,1
7578,193,169,1
7579,292,209,0
7580,815,379,1
7581,1092,1491,0
7582,1523,797,0
7583,157,863,1
7584,468,65,0
7585,1101,1168,1
7586,955,1006,1
7587,805,1332,1
7588,863,849,1
7589,1287,1169,0
7590,254,1003,0
7591,61,1100,1
7592,73,1028,1
7593,1609,936,0
7594,552,1462,0
7595,382,1103,0
7596,1086,1324,1
7597,122,267,1
7598,93,1515,1
7599,1346,984,0
7600,554,493,1
7601,73,702,1
7602,1541,645,0
7603,1063,384,1
7604,1161,272,0
7605,1235,1174,0
7606,883,665,1
7607,554,545,0
7608,355,1513,1
7609,500,1380,0
7610,278,672,0
7611,1067,703,0
7612,1272,744,1
7613,608,1016,0
7614,193,1367,0
7615,1065,1330,0
7616,1438,5,0
7617,904,561,1
7618,1070,1093,1
7619,466,34,0
7620,1539,1483,0
7621,1257,209,1
7622,575,1467,0
7623,463,789,0
7624,1530,835,0
7625,1533,528,1
7626,216,165,0
7627,911,530,1
7628,818,1534,0
7629,1322,397,0
7630,372,1060,1
7631,838,325,0
7632,704,1232,1
7633,227,836,0
7634,1283,797,0
7635,1070,547,1
7636,1280,1468,1
7637,474,355,1
7638,1125,1586,0
7639,603,288,0
7640,1220,1298,0
7641,1457,1308,0
7642,730,1022,1
7643,186,1106,0
7644,858,493,1
7645,168,1131,0
7646,300,546,0
7647,1001,1546,0
7648,417,784,0
7649,1425,438,0
7650,1022,1346,0
7651,136,1571,1
7652,1058,1258,1
7653,392,1124,0
7654,173,817,1
7655,1161,411,1
7656,493,623,1
7657,1342,368,0
7658,1048,1017,0
7659,417,1155,1
7660,1280,478,1
7661,1065,1389,1
7662,162,489,1
7663,1589,730,1
7664,1530,1545,0
7665,740,1379,1
7666,110,862,0
7667,1257,691,1
7668,489,628,1
7669,1395,479,1
7670,1458,814,0
7671,1215,568,0
7672,1432,1058,1
7673,389,412,1
7674,727,581,1
7675,140,414,0
7676,1438,280,0
7677,700,1505,1
7678,648,1372,0
7679,1373,58,0
7680,1371,405,0
7681,786,1513,1
7682,1060,277,1
7683,1140,108,1
7684,456,1494,0
7685,1050,142,0
7686,500,1066,0
7687,1169,132,0
7688,1172,740,1
7689,193,530,1
7690,904,3,0
7691,1261,963,1
7692,1286,1387,1
7693,712,155,0
7694,1014,27,0
7695,1373,1140,1
7696,1207,227,0
7697,126,3,0
7698,141,1445,1
7699,983,1257,1
7700,1147,244,0
7701,37,99,0
7702,1404,1303,0
7703,195,1394,0
7704,360,691,1
7705,315,916,0
7706,380,1013,1
7707,576,1269,1
7708,1261,262,1
7709,544,1481,1
7710,890,530,1
7711,52,84,0
7712,1533,300,1
7713,775,1518,1
7714,1113,1470,1
7715,639,1234,1
7716,770,927,1
7717,547,532,1
7718,1058,873,0
7719,648,191,1
7720,1215,1313,0
7721,281,558,0
7722,1220,1171,0
7723,73,233,1
7724,309,1385,0
7725,649,934,0
7726,1373,976,1
7727,674,1077,0
7728,1367,1487,0
7729,754,287,1
7730,493,131,1
7731,302,1515,1
7732,1395,104,1
7733,329,1165,1
7734,56,715,1
7735,389,426,0
7736,470,1486,0
7737,1395,179,1
7738,26,817,1
7739,1049,596,0
7740,1450,309,0
7741,949,635,0
7742,848,1020,0
7743,174,1481,1
7744,1093,967,1
7745,1188,16,1
7746,730,161,1
7747,703,1465,0
7748,636,1511,0
7749,1395,712,1
7750,1544,655,0
7751,26,880,0
7752,687,116,1
7753,770,495,1
7754,495,186,0
7755,1280,355,1
7756,1268,690,0
7757,1188,159,1
7758,1531,372,0
7759,61,1122,0
7760,1332,1533,1
7761,1235,876,0
7762,1513,1220,0
7763,1257,467,1
7764,1221,1440,0
7765,45,378,0
7766,1207,720,0
7767,1589,560,1
7768,1154,48,0
7769,495,273,1
7770,942,598,1
7771,1240,1475,0
7772,1609,1565,0
7773,520,389,0
7774,1220,163,0
7775,136,469,0
7776,1395,1174,1
7777,156,1512,0
7778,529,1455,0
7779,1261,815,1
7780,1236,960,0
7781,951,273,1
7782,1477,1395,1
7783,351,573,0
7784,278,1460,0
7785,598,30,0
7786,911,61,1
7787,1449,1362,0
7788,885,26,1
7789,745,644,0
7790,1136,96,1
7791,1192,1169,0
7792,674,986,0
7793,886,778,0
7794,1093,122,1
7795,223,1562,0
7796,417,1605,1
7797,1389,1332,1
7798,961,1301,1
7799,1086,62,0
7800,1173,1619,0
7801,1426,674,1
7802,1373,417,1
7803,307,1089,0
7804,1133,1406,0
7805,573,890,0
7806,1513,784,0
7807,1467,890,0
7808,144,501,0
7809,1286,541,0
7810,1354,661,0
7811,1169,875,1
7812,1081,958,0
7813,92,1578,0
7814,1169,624,1
7815,1395,1594,0
7816,300,76,1
7817,347,411,1
7818,542,1294,0
7819,1595,650,1
7820,994,90,0
7821,193,493,1
7822,1491,171,1
7823,480,1085,1
7824,164,1280,1
7825,1305,754,1
7826,955,741,1
7827,776,48,1
7828,569,1111,0
7829,300,389,1
7830,123,633,0
7831,1133,581,1
7832,417,499,0
7833,883,360,1
7834,169,1244,0
7835,979,602,1
7836,579,135,0
7837,562,1445,0
7838,1136,1091,1
7839,1022,741,1
7840,278,1556,0
7841,294,1614,1
7842,1056,1093,1
7843,63,754,1
7844,493,73,1
7845,45,1305,1
7846,1014,80,0
7847,1437,107,0
7848,45,463,1
7849,1086,754,1
7850,754,1327,0
7851,355,729,1
7852,1283,966,0
7853,267,1140,1
7854,1387,628,1
7855,474,26,1
7856,927,870,0
7857,1504,544,0
7858,665,940,1
7859,520,669,1
7860,1228,572,0
7861,631,494,1
7862,1049,1510,0
7863,1170,1292,0
7864,209,1230,1
7865,136,1395,1
7866,767,533,1
7867,571,1128,1
7868,126,1408,0
7869,814,1082,0
7870,1155,687,1
7871,341,242,0
7872,1305,451,0
7873,1323,1031,0
7874,489,1408,0
7875,9,1133,1
7876,631,131,1
7877,475,471,1
7878,1006,375,0
7879,780,455,0
7880,205,932,0
7881,1425,533,1
7882,417,1329,1
7883,414,251,0
7884,861,152,0
7885,107,204,0
7886,502,900,0
7887,833,660,0
7888,1301,386,0
7889,217,1305,1
7890,1380,1140,1
7891,838,477,0
7892,573,587,1
7893,817,530,0
7894,1549,511,0
7895,729,1329,1
7896,836,58,0
7897,1140,73,1
7898,1571,115,0
7899,610,898,0
7900,592,821,0
7901,425,1310,0
7902,1230,193,1
7903,140,294,1
7904,883,322,1
7905,1165,312,0
7906,890,1017,0
7907,1261,268,0
7908,515,1161,0
7909,1049,1149,1
7910,1395,1237,1
7911,1457,1373,1
7912,641,818,0
7913,138,605,0
7914,1513,858,1
7915,1329,1373,1
7916,1513,570,0
7917,392,313,1
7918,927,1102,1
7919,1237,603,0
7920,1085,390,1
7921,1261,322,1
7922,409,263,0
7923,412,816,0
7924,172,1458,1
7925,26,581,1
7926,727,1162,1
7927,911,1571,1
7928,73,1468,1
7929,571,1365,1
7930,360,1232,1
7931,1169,1457,1
7932,533,65,0
7933,45,254,1
7934,217,581,1
7935,741,1208,0
7936,1375,792,0
7937,783,630,0
7938,1484,91,0
7939,162,979,1
7940,721,1435,0
7941,355,1101,1
7942,817,379,1
7943,687,1116,1
7944,1577,862,0
7945,383,33,1
7946,1577,131,1
7947,156,810,0
7948,1140,173,1
7949,1595,826,0
7950,360,1188,1
7951,1207,1575,0
7952,470,1567,0
7953,1169,1528,0
7954,73,729,1
7955,1049,6,1
7956,1188,553,1
7957,1311,617,0
7958,699,798,1
7959,1092,1101,1
7960,49,191,0
7961,1042,1028,0
7962,1589,272,0
7963,581,1162,1
7964,774,1591,1
7965,639,938,0
7966,36,1348,1
7967,417,1418,1
7968,1188,1222,1
7969,312,1395,1
7970,1166,1049,0
7971,1159,886,1
7972,1389,970,0
7973,21,1412,0
7974,1093,18,1
7975,275,254,1
7976,1162,1328,0
7977,833,742,1
7978,1175,948,0
7979,579,955,0
7980,776,533,1
7981,883,493,1
7982,1169,427,1
7983,1530,1236,0
7984,886,730,1
7985,1237,382,1
7986,995,295,0
7987,1022,1034,1
7988,1605,885,1
7989,841,1395,1
7990,1181,74,1
7991,1374,1304,1
7992,1470,737,0
7993,910,298,0
7994,217,303,0
7995,1211,473,0
7996,1513,193,1
7997,76,250,1
7998,730,1011,0
7999,747,80,0
8000,1375,210,1
8001,379,628,1
8002,983,1486,0
8003,934,171,1
8004,886,348,0
8005,173,1506,1
8006,1093,493,1
8007,967,1093,1
8008,646,1213,0
8009,836,878,0
8010,448,470,1
8011,874,294,1
8012,54,1453,0
8013,1170,561,1
8014,381,862,0
8015,193,1561,0
8016,701,754,0
8017,423,1597,0
8018,1378,394,0
8019,349,392,0
8020,174,74,1
8021,440,324,0
8022,569,1031,1
8023,815,1261,1
8024,625,291,0
8025,392,1085,1
8026,740,1511,1
8027,1511,213,0
8028,1301,26,1
8029,307,282,0
8030,193,1354,1
8031,794,1473,1
8032,1249,30,0
8033,1323,530,0
8034,474,82,1
8035,1458,704,1
8036,1278,488,0
8037,502,299,1
8038,179,174,1
8039,472,1445,0
8040,1195,508,0
8041,1001,1395,0
8042,127,1126,0
8043,1506,381,1
8044,1398,991,0
8045,1268,174,1
8046,856,1088,1
8047,1031,1116,1
8048,631,1481,1
8049,73,228,0
8050,1380,1187,0
8051,494,1165,1
8052,291,1288,1
8053,49,935,0
8054,902,98,0
8055,1372,1473,0
8056,1048,1137,0
8057,1579,945,0
8058,1354,360,1
8059,1162,1370,0
8060,1028,58,0
8061,300,946,1
8062,592,434,0
8063,559,381,1
8064,1503,1515,1
8065,1515,1287,1
8066,409,1410,0
8067,561,894,0
8068,641,1512,0
8069,1172,833,0
8070,273,1128,0
8071,195,1289,0
8072,1269,1202,0
8073,1078,635,0
8074,1034,817,1
8075,1571,730,1
8076,108,1157,1
8077,179,1009,0
8078,778,437,0
8079,963,774,0
8080,649,1373,1
8081,967,961,1
8082,26,528,1
8083,581,96,1
8084,326,413,1
8085,1101,475,1
8086,1028,515,0
8087,1306,1101,1
8088,1152,205,1
8089,1371,285,0
8090,1152,581,1
8091,1354,389,1
8092,1599,1457,0
8093,817,1273,1
8094,127,563,0
8095,1513,1155,1
8096,73,82,1
8097,979,1604,1
8098,109,1403,0
8099,1140,1591,1
8100,413,394,0
8101,360,856,1
8102,185,139,0
8103,169,807,0
8104,45,1329,1
8105,1374,1555,0
8106,1085,174,1
8107,576,1056,1
8108,1275,823,0
8109,1531,1524,0
8110,1062,1340,1
8111,1166,61,0
8112,1345,844,1
8113,0,176,0
8114,360,987,0
8115,108,26,1
8116,859,421,0
8117,390,1152,1
8118,1301,581,1
8119,445,572,0
8120,559,377,0
8121,1009,1230,1
8122,26,938,0
8123,140,300,1
8124,104,382,1
8125,1170,665,0
8126,674,728,0
8127,1449,189,0
8128,381,493,1
8129,729,140,1
8130,56,1241,0
8131,581,161,1
8132,1437,1482,0
8133,927,1090,1
8134,1389,530,1
8135,392,1396,1
8136,754,1109,1
8137,33,1571,1
8138,474,1329,1
8139,1506,817,1
8140,494,910,1
8141,576,547,1
8142,417,254,1
8143,1511,728,0
8144,631,1098,0
8145,233,1389,1
8146,417,649,1
8147,554,886,1
8148,1389,73,1
8149,994,1080,0
8150,392,692,0
8151,1329,82,0
8152,382,1322,0
8153,834,559,1
8154,1130,909,0
8155,814,69,0
8156,169,1389,1
8157,1088,963,1
8158,1505,933,0
8159,1372,564,0
8160,1207,203,1
8161,817,579,1
8162,362,729,0
8163,480,995,1
8164,639,741,1
8165,1188,856,1
8166,1541,1187,0
8167,665,611,1
8168,520,421,1
8169,1305,727,1
8170,49,1032,0
8171,1571,658,1
8172,144,399,0
8173,60,1182,0
8174,360,1261,1
8175,1130,1037,0
8176,456,639,0
8177,300,528,1
8178,1228,551,1
8179,56,1438,1
8180,21,336,0
8181,60,341,0
8182,649,1240,1
8183,294,108,1
8184,624,1301,1
8185,1280,805,1
8186,1261,1566,1
8187,82,384,1
8188,910,61,1
8189,532,581,1
8190,1093,1155,1
8191,349,202,0
8192,561,605,0
8193,618,309,0
8194,934,1425,0
8195,730,1329,1
8196,999,817,0
8197,1096,541,0
8198,1375,428,0
8199,890,541,0
8200,89,379,1
8201,1395,1371,1
8202,1055,1153,0
8203,1513,687,1
8204,520,254,1
8205,54,209,1
8206,1092,1253,1
8207,775,96,0
8208,429,1538,0
8209,1161,1329,0
8210,450,1261,1
8211,875,1457,1
8212,658,763,1
8213,1145,721,1
8214,73,639,1
8215,136,304,0
8216,1524,116,0
8217,754,691,1
8218,649,727,1
8219,73,329,1
8220,990,1036,0
8221,786,299,1
8222,598,1304,1
8223,649,1032,0
8224,623,576,1
8225,963,961,1
8226,465,1001,1
8227,1506,1116,1
8228,946,1261,1
8229,1517,877,0
8230,643,546,0
8231,219,650,0
8232,794,131,1
8233,559,335,0
8234,1517,1057,0
8235,1230,348,1
8236,406,351,1
8237,368,189,0
8238,754,21,0
8239,911,1395,1
8240,817,108,1
8241,609,300,1
8242,624,604,0
8243,566,1449,0
8244,234,44,0
8245,815,1374,1
8246,1343,493,1
8247,1371,1168,1
8248,1140,161,1
8249,972,559,1
8250,1577,817,1
8251,125,66,0
8252,217,1093,1
8253,381,26,1
8254,1481,631,1
8255,623,275,1
8256,1379,1101,1
8257,1168,293,0
8258,626,1345,1
8259,561,559,1
8260,1184,372,0
8261,874,1232,1
8262,776,765,0
8263,494,1517,1
8264,1605,624,1
8265,916,1274,0
8266,1547,825,1
8267,326,754,1
8268,1180,1404,0
8269,1166,308,0
8270,1101,1371,1
8271,254,1305,1
8272,554,300,1
8273,665,639,1
8274,90,648,0
8275,60,1041,0
8276,161,1140,1
8277,911,1497,0
8278,1207,968,0
8279,754,349,1
8280,576,1204,1
8281,1589,790,1
8282,1531,40,0
8283,493,1481,1
8284,665,1053,1
8285,109,463,0
8286,494,1389,1
8287,432,490,0
8288,814,1346,0
8289,191,177,0
8290,547,742,0
8291,1457,828,0
8292,1140,1152,1
8293,856,210,1
8294,205,1269,1
8295,1354,1553,0
8296,940,1557,0
8297,517,278,1
8298,360,1162,1
8299,625,1371,0
8300,1151,1522,0
8301,1070,581,1
8302,1086,1522,1
8303,1022,1115,0
8304,1028,73,1
8305,775,929,1
8306,1371,1230,1
8307,474,73,1
8308,374,302,0
8309,389,1123,0
8310,517,1592,0
8311,1593,317,0
8312,1457,754,1
8313,1426,480,1
8314,805,1389,1
8315,1093,687,1
8316,108,294,1
8317,1513,1564,0
8318,238,308,0
8319,754,1334,1
8320,156,1357,0
8321,292,1045,0
8322,1145,238,1
8323,412,455,0
8324,1291,1528,0
8325,475,163,0
8326,528,817,1
8327,1230,522,0
8328,73,76,1
8329,140,115,0
8330,1329,641,1
8331,729,233,1
8332,834,651,0
8333,1310,161,1
8334,673,658,1
8335,581,1204,1
8336,979,773,1
8337,1382,576,1
8338,300,27,1
8339,217,960,0
8340,775,1156,1
8341,990,1384,0
8342,627,1169,1
8343,107,1592,0
8344,1544,650,0
8345,1351,1524,0
8346,269,1268,1
8347,141,664,0
8348,834,990,1
8349,478,313,0
8350,1060,386,1
8351,1017,406,0
8352,729,409,1
8353,963,538,0
8354,1533,294,1
8355,1017,474,0
8356,429,1256,0
8357,884,912,0
8358,281,451,0
8359,209,467,1
8360,983,84,0
8361,381,859,1
8362,1096,186,0
8363,1188,405,1
8364,1378,475,1
8365,382,981,0
8366,1294,657,0
8367,1213,262,0
8368,1159,294,1
8369,1280,84,0
8370,687,1531,0
8371,1226,62,0
8372,1093,885,1
8373,547,493,1
8374,579,82,1
8375,929,131,1
8376,1589,1093,1
8377,1116,573,0
8378,576,817,1
8379,1173,165,0
8380,489,340,0
8381,157,291,1
8382,1470,624,1
8383,1387,1182,0
8384,427,52,0
8385,1342,1258,1
8386,918,1186,0
8387,307,4,0
8388,417,817,1
8389,1058,1204,0
8390,1155,602,0
8391,1184,642,0
8392,1163,985,0
8393,649,417,1
8394,848,687,1
8395,528,641,1
8396,1152,1301,1
8397,1403,20,0
8398,456,1368,0
8399,1188,765,0
8400,727,1133,1
8401,834,972,1
8402,427,1086,1
8403,942,1330,0
8404,825,27,1
8405,191,27,1
8406,1284,390,1
8407,209,342,1
8408,729,1158,1
8409,1605,1570,0
8410,1374,1211,1
8411,445,650,1
8412,741,730,1
8413,1312,563,0
8414,294,874,1
8415,1111,507,0
8416,470,834,1
8417,227,1118,0
8418,873,563,0
8419,1114,1584,0
8420,157,780,0
8421,110,1450,0
8422,429,1120,0
8423,1258,433,0
8424,624,1395,0
8425,1468,1165,1
8426,417,576,1
8427,786,1228,0
8428,1329,88,0
8429,45,1133,1
8430,979,404,1
8431,1206,355,1
8432,847,532,0
8433,1402,388,0
8434,90,1506,0
8435,26,18,1
8436,598,177,0
8437,1470,1513,1
8438,680,1552,0
8439,1523,1083,0
8440,493,269,1
8441,946,209,1
8442,1280,1338,0
8443,786,1571,1
8444,1006,1294,0
8445,56,131,1
8446,1154,1503,1
8447,210,1194,0
8448,1093,904,1
8449,786,827,0
8450,1170,773,1
8451,417,108,1
8452,1272,1421,0
8453,1389,269,1
8454,1093,641,1
8455,1491,1362,1
8456,313,1336,1
8457,1406,1574,0
8458,1343,1097,0
8459,1145,1152,0
8460,1340,687,1
8461,1408,1566,0
8462,164,233,1
8463,1220,38,0
8464,1530,1051,0
8465,561,1086,1
8466,1565,73,1
8467,1014,357,0
8468,173,264,0
8469,1093,561,1
8470,1267,690,0
8471,1371,715,1
8472,566,411,0
8473,780,1096,0
8474,413,669,1
8475,1418,96,1
8476,665,658,1
8477,1280,80,0
8478,715,312,1
8479,905,937,1
8480,1286,979,1
8481,108,992,0
8482,1432,52,1
8483,123,283,0
8484,227,193,1
8485,1513,1261,1
8486,665,373,1
8487,1170,1440,0
8488,174,493,1
8489,833,1286,1
8490,163,732,0
8491,475,27,0
8492,1212,1488,0
8493,355,702,1
8494,1541,1460,0
8495,180,571,1
8496,658,467,1
8497,1450,1101,1
8498,390,1140,1
8499,371,489,1
8500,665,815,1
8501,823,560,0
8502,1006,799,0
8503,1329,730,1
8504,1396,182,0
8505,1577,517,1
8506,360,1116,1
8507,1571,27,1
8508,873,893,0
8509,493,641,1
8510,983,1220,1
8511,294,329,1
8512,1140,1473,1
8513,754,123,1
8514,89,579,1
8515,450,1578,0
8516,918,122,0
8517,643,1236,0
8518,90,172,0
8519,381,889,0
8520,1408,493,1
8521,1605,1174,0
8522,979,928,0
8523,186,1177,0
8524,1541,243,0
8525,27,300,1
8526,312,1027,0
8527,946,1311,1
8528,1169,1093,1
8529,834,830,0
8530,1206,528,1
8531,26,330,0
8532,579,89,1
8533,593,313,0
8534,1343,561,1
8535,347,673,0
8536,1116,1513,1
8537,146,406,0
8538,412,1563,0
8539,355,308,0
8540,54,1220,1
8541,636,414,0
8542,790,1566,0
8543,794,384,1
8544,12,131,1
8545,703,440,0
8546,1380,576,1
8547,1063,1387,1
8548,413,1571,0
8549,834,300,1
8550,775,730,1
8551,1579,143,0
8552,1063,1365,1
8553,1577,807,1
8554,856,1552,1
8555,398,1180,0
8556,26,1442,0
8557,1571,608,1
8558,1226,842,0
8559,227,1463,0
8560,581,205,1
8561,26,1280,1
8562,300,233,1
8563,907,449,0
8564,9,581,1
8565,475,1589,1
8566,754,576,1
8567,1458,381,1
8568,1515,1115,0
8569,631,1612,1
8570,754,858,1
8571,493,355,1
8572,1086,27,1
8573,674,480,1
8574,1341,1228,0
8575,674,744,1
8576,1372,1224,0
8577,1165,164,1
8578,1280,26,1
8579,542,1469,0
8580,1355,550,0
8581,1086,641,1
8582,1438,470,1
8583,967,1577,1
8584,581,624,1
8585,1329,1591,1
8586,552,19,0
8587,741,12,1
8588,571,1591,1
8589,466,322,0
8590,73,474,1
8591,639,130,0
8592,1034,73,1
8593,126,1549,0
8594,27,76,1
8595,1152,917,0
8596,217,1443,0
8597,474,1473,1
8598,415,1206,1
8599,788,268,0
8600,817,1034,1
8601,562,649,0
8602,1354,1430,0
8603,1395,1518,1
8604,916,1051,0
8605,1111,805,1
8606,573,527,0
8607,529,1412,0
8608,1305,976,1
8609,1133,1457,1
8610,1426,1094,0
8611,730,73,1
8612,463,535,0
8613,648,1361,0
8614,927,282,0
8615,713,762,0
8616,89,1157,1
8617,335,538,0
8618,730,775,1
8619,294,634,0
8620,27,692,1
8621,904,576,1
8622,1395,673,1
8623,450,1437,1
8624,463,1480,1
8625,704,472,0
8626,790,261,0
8627,110,646,1
8628,730,687,1
8629,1272,1403,0
8630,1228,1266,0
8631,291,1166,0
8632,180,1304,1
8633,193,1513,1
8634,300,921,0
8635,351,622,0
8636,1334,491,0
8637,834,1207,0
8638,1392,1053,0
8639,54,105,0
8640,125,1242,0
8641,863,546,0
8642,161,649,0
8643,195,576,1
8644,75,3,0
8645,54,983,1
8646,631,426,0
8647,1078,322,0
8648,1288,863,1
8649,1009,1124,0
8650,405,1591,0
8651,1230,798,0
8652,623,1539,1
8653,1288,98,0
8654,1396,1096,0
8655,1343,1395,0
8656,576,195,1
8657,1258,1408,1
8658,1611,515,0
8659,238,220,0
8660,60,1115,0
8661,1364,1259,0
8662,3,639,0
8663,901,1529,0
8664,817,493,1
8665,530,963,1
8666,82,266,0
8667,940,507,0
8668,744,1176,0
8669,161,576,1
8670,36,1583,0
8671,1162,581,1
8672,1515,462,0
8673,1169,1380,1
8674,885,1509,0
8675,478,1343,1
8676,56,381,1
8677,1170,1267,0
8678,191,611,1
8679,1577,1503,0
8680,1458,390,1
8681,123,1071,1
8682,1145,1324,0
8683,1324,631,0
8684,193,95,0
8685,1172,1534,0
8686,1170,1140,1
8687,1343,1513,1
8688,817,1165,1
8689,52,493,1
8690,466,1393,0
8691,108,581,1
8692,542,974,0
8693,1278,763,0
8694,754,1140,1
8695,700,721,0
8696,1187,164,0
8697,348,1502,0
8698,140,836,1
8699,415,1308,1
8700,1310,1093,1
8701,1513,836,1
8702,1156,1043,0
8703,1280,45,0
8704,12,1337,0
8705,122,1476,0
8706,494,1143,1
8707,216,814,0
8708,417,1310,1
8709,1549,1395,0
8710,1170,1093,1
8711,161,81,0
8712,300,1204,1
8713,1552,856,1
8714,161,108,1
8715,1158,373,0
8716,648,611,1
8717,649,1140,1
8718,146,311,0
8719,528,76,1
8720,576,300,0
8721,381,1001,0
8722,1272,499,0
8723,302,1302,0
8724,1211,379,1
8725,610,1509,0
8726,1491,169,1
8727,294,687,1
8728,1378,131,0
8729,1188,1380,0
8730,770,1617,0
8731,421,831,0
8732,910,1422,1
8733,529,793,0
8734,1101,1378,1
8735,776,360,1
8736,1143,552,0
8737,360,407,1
8738,547,1064,0
8739,689,847,0
8740,794,639,1
8741,1203,1049,0
8742,562,238,0
8743,636,1111,0
8744,1161,1004,1
8745,1228,983,1
8746,1169,1473,1
8747,1492,1422,0
8748,1065,604,0
8749,1085,665,1
8750,1168,1101,1
8751,332,219,0
8752,1589,73,1
8753,250,815,1
8754,1437,463,0
8755,1253,962,0
8756,859,211,0
8757,333,338,0
8758,825,1012,0
8759,294,161,1
8760,624,1095,0
8761,579,1306,1
8762,108,173,1
8763,886,281,1
8764,12,776,0
8765,254,520,1
8766,1206,1351,0
8767,294,919,0
8768,1188,475,1
8769,1081,264,0
8770,529,643,0
8771,1022,1373,0
8772,371,1142,1
8773,1382,1589,1
8774,1594,243,0
8775,1114,1343,0
8776,1345,358,1
8777,1067,1110,0
8778,1579,1538,0
8779,841,104,1
8780,983,1379,0
8781,1577,108,1
8782,699,754,1
8783,1481,500,0
8784,1230,149,0
8785,1609,963,0
8786,27,381,1
8787,1208,771,0
8788,79,1330,0
8789,1372,915,0
8790,1397,638,0
8791,312,1345,1
8792,407,102,1
8793,27,26,1
8794,63,182,1
8795,217,1049,0
8796,1343,1093,1
8797,269,407,1
8798,1151,637,0
8799,205,1329,1
8800,814,521,0
8801,1506,294,1
8802,1582,385,0
8803,1261,1128,1
8804,429,263,0
8805,1085,658,1
8806,1212,471,0
8807,554,1317,1
8808,1093,270,0
8809,727,1146,0
8810,702,1332,1
8811,462,1445,0
8812,905,652,1
8813,861,697,0
8814,1085,313,1
8815,417,787,0
8816,624,918,0
8817,698,910,1
8818,360,573,1
8819,1184,974,0
8820,173,1577,1
8821,385,1466,0
8822,916,269,1
8823,73,805,1
8824,929,1571,1
8825,1605,925,0
8826,961,983,1
8827,163,424,0
8828,1364,1428,0
8829,712,1008,0
8830,1055,393,0
8831,1050,1440,0
8832,1605,1380,1
8833,592,1264,0
8834,493,576,1
8835,1228,1146,1
8836,1288,1319,1
8837,1083,1353,0
8838,495,454,0
8839,478,886,0
8840,174,1472,0
8841,886,807,0
8842,362,1068,0
8843,1060,1324,1
8844,205,1093,1
8845,608,1332,0
8846,776,548,0
8847,515,842,0
8848,1240,485,0
8849,440,321,0
8850,388,124,0
8851,1195,1287,0
8852,1009,877,0
8853,207,241,0
8854,383,299,1
8855,45,73,1
8856,322,1088,1
8857,1329,1418,1
8858,754,652,0
8859,1257,1068,1
8860,123,347,0
8861,1445,1153,0
8862,1351,589,0
8863,552,240,0
8864,450,866,0
8865,1437,806,0
8866,1492,506,0
8867,76,73,1
8868,1457,875,1
8869,1470,258,0
8870,1300,1504,0
8871,1188,740,1
8872,652,1486,0
8873,475,841,1
8874,734,582,0
8875,126,1458,1
8876,146,631,0
8877,1078,748,0
8878,856,167,0
8879,381,1280,1
8880,1056,1140,1
8881,665,379,1
8882,79,229,0
8883,409,26,1
8884,778,1617,1
8885,294,1458,1
8886,73,955,1
8887,1116,1448,0
8888,649,581,1
8889,413,1023,0
8890,883,1261,1
8891,807,22,0
8892,1250,1104,0
8893,466,539,0
8894,382,104,1
8895,1470,675,1
8896,140,1439,0
8897,3,364,0
8898,157,1216,0
8899,934,1491,1
8900,491,1619,0
8901,856,269,1
8902,704,1397,1
8903,1184,1210,0
8904,494,294,1
8905,1503,374,0
8906,1329,417,1
8907,517,639,1
8908,1392,1546,0
8909,673,467,1
8910,1491,960,0
8911,1425,1289,0
8912,1313,814,0
8913,559,1558,0
8914,1093,294,1
8915,1367,1378,0
8916,1565,699,0
8917,528,1576,0
8918,1013,408,0
8919,500,1562,0
8920,1165,355,1
8921,807,1021,0
8922,559,595,0
8923,1067,708,1
8924,209,1513,1
8925,33,775,1
8926,223,433,0
8927,875,196,0
8928,729,502,1
8929,701,881,0
8930,1367,1002,0
8931,874,1097,0
8932,173,1126,0
8933,1147,1141,1
8934,886,322,0
8935,1595,1364,0
8936,209,1500,0
8937,904,673,0
8938,1468,1258,1
8939,1152,417,1
8940,168,983,1
8941,348,27,1
8942,1303,866,1
8943,373,665,1
8944,227,481,1
8945,863,947,0
8946,278,775,1
8947,834,390,1
8948,1481,988,0
8949,269,1128,1
8950,560,108,1
8951,223,863,0
8952,164,1570,0
8953,1286,1028,1
8954,658,1473,1
8955,1329,961,1
8956,1345,83,1
8957,233,456,1
8958,833,786,0
8959,1093,1329,1
8960,108,940,1
8961,652,1147,1
8962,76,360,1
8963,423,983,1
8964,818,40,0
8965,405,764,0
8966,1527,1161,0
8967,164,805,1
8968,1523,885,1
8969,949,469,0
8970,649,1254,0
8971,326,1445,0
8972,173,1093,1
8973,530,1261,1
8974,1111,836,1
8975,1188,512,0
8976,425,394,0
8977,745,414,0
8978,1549,989,0
8979,421,1011,0
8980,940,1128,1
8981,825,1547,1
8982,559,1329,1
8983,27,992,0
8984,999,380,1
8985,478,1280,1
8986,1142,741,1
8987,687,1329,1
8988,1408,939,0
8989,1425,866,1
8990,1168,1391,0
8991,56,1181,1
8992,834,73,1
8993,456,518,0
8994,1491,935,0
8995,861,646,0
8996,1261,946,1
8997,407,210,1
8998,774,1016,0
8999,191,1265,0
9000,493,1204,1
9001,1513,398,0
9002,405,22,1
9003,559,268,0
9004,41,1521,0
9005,300,1116,1
9006,381,1577,1
9007,1208,628,1
9008,602,1467,0
9009,566,1048,0
9010,379,1473,1
9011,1228,54,1
9012,1116,26,1
9013,754,1240,1
9014,1208,1016,1
9015,73,804,1
9016,1268,79,1
9017,856,102,1
9018,379,979,1
9019,1432,1095,0
9020,1287,625,1
9021,841,1014,0
9022,1378,1395,1
9023,1060,1108,0
9024,561,576,1
9025,1166,1343,0
9026,1226,1389,0
9027,1382,1605,0
9028,1161,1029,0
9029,649,976,1
9030,475,1518,1
9031,779,971,0
9032,1163,261,0
9033,493,1140,1
9034,1550,1245,0
9035,1382,383,0
9036,1049,813,0
9037,1140,1269,1
9038,754,602,1
9039,1566,911,1
9040,1031,17,0
9041,1582,595,0
9042,1303,146,0
9043,480,19,0
9044,246,1280,0
9045,647,1189,0
9046,209,815,1
9047,432,1035,0
9048,1083,934,1
9049,94,487,0
9050,1571,929,1
9051,689,1332,0
9052,1230,1271,1
9053,905,826,0
9054,223,1094,0
9055,281,399,0
9056,993,1444,0
9057,493,1457,1
9058,849,96,1
9059,1188,983,1
9060,905,1103,0
9061,372,474,0
9062,209,901,0
9063,1228,328,0
9064,1208,733,0
9065,1354,197,0
9066,1513,173,1
9067,741,517,1
9068,1408,1208,0
9069,355,300,1
9070,1566,92,0
9071,1067,915,0
9072,300,54,0
9073,3,1370,0
9074,1203,1588,0
9075,961,1140,1
9076,576,1591,1
9077,905,277,1
9078,886,1517,1
9079,1324,1158,1
9080,192,1341,0
9081,377,911,1
9082,1230,1555,0
9083,624,1251,0
9084,848,1241,0
9085,1492,1101,1
9086,1392,931,0
9087,73,1310,1
9088,294,80,0
9089,341,1006,0
9090,927,633,1
9091,1093,581,1
9092,1111,475,0
9093,233,1183,1
9094,1085,300,1
9095,79,1618,0
9096,292,864,0
9097,398,1335,0
9098,692,217,0
9099,462,1225,0
9100,1477,1199,0
9101,463,646,1
9102,456,836,1
9103,1329,26,1
9104,825,964,1
9105,669,576,1
9106,1375,519,0
9107,569,122,0
9108,136,334,0
9109,1445,1578,0
9110,729,164,1
9111,219,1273,0
9112,1589,1419,1
9113,1111,204,0
9114,233,27,1
9115,611,631,1
9116,355,293,0
9117,360,1354,1
9118,1468,284,0
9119,1056,547,1
9120,258,1291,0
9121,1066,110,0
9122,1322,726,1
9123,1521,1263,0
9124,33,131,1
9125,961,417,1
9126,1382,1404,0
9127,210,638,0
9128,341,1234,0
9129,817,641,1
9130,179,1450,1
9131,554,223,0
9132,108,183,0
9133,329,985,0
9134,902,241,0
9135,581,287,1
9136,76,294,1
9137,520,1133,1
9138,493,886,1
9139,1373,1301,0
9140,788,658,1
9141,1070,1085,1
9142,1063,1180,1
9143,234,68,0
9144,1306,579,1
9145,1267,1282,0
9146,727,1566,0
9147,1140,287,1
9148,520,1140,1
9149,392,738,0
9150,1221,1293,1
9151,972,480,1
9152,415,807,0
9153,886,1389,1
9154,569,885,0
9155,1404,1438,1
9156,856,1222,1
9157,1162,275,1
9158,1017,791,0
9159,1163,1074,0
9160,389,1261,1
9161,341,1004,0
9162,1396,1027,0
9163,1230,673,1
9164,754,298,1
9165,1506,626,0
9166,1579,1086,1
9167,1013,88,0
9168,1230,209,1
9169,1213,833,0
9170,1088,85,0
9171,1280,1473,1
9172,665,1395,1
9173,219,349,1
9174,300,886,1
9175,576,1301,1
9176,45,168,0
9177,217,254,1
9178,1226,379,0
9179,205,414,0
9180,1261,1102,1
9181,665,429,0
9182,858,1531,0
9183,786,1180,1
9184,360,1120,1
9185,89,1183,1
9186,618,321,0
9187,1317,1094,0
9188,1262,579,0
9189,107,484,0
9190,1477,350,1
9191,649,287,1
9192,669,632,0
9193,1113,417,1
9194,1449,542,0
9195,1329,1204,1
9196,355,1218,0
9197,1312,1047,0
9198,704,936,1
9199,802,423,0
9200,108,560,1
9201,729,754,1
9202,530,582,0
9203,1001,884,0
9204,1418,1305,1
9205,1116,885,0
9206,1565,579,1
9207,1533,957,0
9208,624,729,1
9209,1379,475,1
9210,500,1352,0
9211,817,563,1
9212,559,859,1
9213,1250,392,0
9214,417,676,0
9215,528,563,1
9216,818,1034,0
9217,27,729,1
9218,168,350,1
9219,383,1261,1
9220,333,1125,0
9221,1354,27,1
9222,1389,79,1
9223,1014,552,0
9224,520,727,1
9225,1070,1261,1
9226,164,804,1
9227,1468,355,1
9228,1477,967,0
9229,350,508,0
9230,163,294,0
9231,1133,213,0
9232,1029,1177,0
9233,573,1415,0
9234,774,1261,1
9235,223,148,0
9236,566,869,0
9237,1345,290,1
9238,233,550,1
9239,805,140,1
9240,152,1312,0
9241,1261,1234,1
9242,1151,977,0
9243,197,1279,1
9244,702,1368,0
9245,322,1148,0
9246,754,1329,1
9247,1329,200,0
9248,817,1002,1
9249,547,1495,0
9250,1058,350,0
9251,136,379,1
9252,1342,273,1
9253,1092,908,0
9254,415,804,1
9255,910,786,0
9256,1188,23,0
9257,875,1158,1
9258,1300,13,0
9259,1300,1215,0
9260,1513,1343,1
9261,1468,471,0
9262,162,1460,1
9263,300,817,1
9264,665,862,0
9265,1159,1097,0
9266,445,579,1
9267,303,1251,0
9268,1325,1461,0
9269,144,414,0
9270,1329,19,0
9271,1140,1310,1
9272,657,1574,0
9273,530,1188,1
9274,267,250,1
9275,1154,1228,0
9276,1329,18,1
9277,315,530,1
9278,383,75,1
9279,300,208,0
9280,0,547,0
9281,598,162,1
9282,312,764,0
9283,360,196,1
9284,368,1275,1
9285,15,739,0
9286,1470,173,1
9287,1392,796,0
9288,1159,1242,0
9289,1065,1117,0
9290,208,204,0
9291,1125,494,1
9292,56,817,1
9293,657,878,0
9294,1257,926,0
9295,1513,140,1
9296,1169,627,1
9297,191,762,1
9298,1524,465,1
9299,1169,493,1
9300,979,845,1
9301,610,509,0
9302,680,752,0
9303,1172,1372,0
9304,1022,310,0
9305,1009,1531,0
9306,963,665,1
9307,267,623,1
9308,1530,433,0
9309,273,1051,0
9310,817,856,1
9311,979,1564,0
9312,874,371,1
9313,994,1487,0
9314,1188,209,1
9315,76,1088,1
9316,171,633,1
9317,195,311,0
9318,385,390,0
9319,144,1246,0
9320,294,1470,1
9321,1257,1077,1
9322,961,444,0
9323,1085,485,1
9324,1070,967,1
9325,652,1345,1
9326,475,827,0
9327,440,1247,0
9328,1161,381,1
9329,1470,1063,0
9330,1088,665,1
9331,131,936,1
9332,493,210,1
9333,26,754,1
9334,445,173,1
9335,169,61,1
9336,180,882,1
9337,649,1093,1
9338,309,481,1
9339,1162,369,0
9340,560,1617,0
9341,1503,1151,1
9342,1286,882,1
9343,267,1093,1
9344,140,889,0
9345,1340,1488,0
9346,916,856,1
9347,37,1044,0
9348,371,1272,0
9349,1275,973,0
9350,1513,1212,1
9351,131,1255,1
9352,949,192,0
9353,417,4,1
9354,1395,988,0
9355,560,1217,0
9356,1125,40,0
9357,169,782,0
9358,680,529,0
9359,75,1436,1
9360,712,337,0
9361,955,131,1
9362,388,58,0
9363,1056,576,1
9364,1582,1314,0
9365,171,993,0
9366,294,234,0
9367,1203,707,0
9368,1403,212,0
9369,1180,742,1
9370,916,1445,1
9371,1145,315,1
9372,1346,862,0
9373,1317,770,0
9374,195,695,0
9375,927,1245,1
9376,1437,1400,0
9377,995,719,1
9378,1169,1390,0
9379,1337,51,0
9380,1037,1174,1
9381,1101,688,0
9382,734,1164,0
9383,1261,1116,1
9384,1315,1319,1
9385,269,493,1
9386,1040,1575,0
9387,351,1503,1
9388,465,652,0
9389,180,878,1
9390,415,360,1
9391,1402,799,0
9392,1113,1236,0
9393,193,54,1
9394,172,829,0
9395,417,1613,0
9396,1040,307,0
9397,1380,1476,0
9398,52,255,0
9399,1192,887,0
9400,528,612,0
9401,1142,955,0
9402,1373,45,1
9403,1006,642,0
9404,856,481,0
9405,162,354,0
9406,995,834,1
9407,730,794,1
9408,1206,716,0
9409,423,242,0
9410,1063,628,1
9411,309,714,0
9412,1116,1375,1
9413,130,475,1
9414,480,990,1
9415,1550,394,0
9416,1305,1140,1
9417,1612,1120,0
9418,533,122,1
9419,76,1389,1
9420,432,1373,0
9421,776,493,1
9422,192,359,1
9423,210,625,1
9424,1382,1424,0
9425,1211,1142,1
9426,1408,630,0
9427,394,18,0
9428,1315,942,1
9429,1034,868,0
9430,887,256,1
9431,36,1029,0
9432,579,585,0
9433,489,1211,1
9434,1060,464,1
9435,1140,579,0
9436,571,979,1
9437,818,977,1
9438,267,275,1
9439,1395,1096,1
9440,164,790,0
9441,528,409,1
9442,82,76,1
9443,1006,1566,0
9444,1237,632,0
9445,834,1365,0
9446,1311,1063,1
9447,269,141,1
9448,833,1460,1
9449,162,1261,1
9450,1168,1132,0
9451,603,1001,0
9452,790,467,0
9453,1147,1395,1
9454,547,1093,1
9455,1230,141,1
9456,388,1602,0
9457,1049,1529,1
9458,1389,329,1
9459,713,53,0
9460,73,1511,0
9461,942,1288,1
9462,390,657,1
9463,197,133,0
9464,1355,928,0
9465,1101,355,1
9466,174,1027,0
9467,136,1307,1
9468,1006,1022,1
9469,704,352,0
9470,76,817,1
9471,1284,859,1
9472,1432,1511,0
9473,1619,344,0
9474,1579,156,0
9475,379,122,1
9476,161,934,0
9477,1180,1258,0
9478,478,1041,0
9479,532,1170,1
9480,1145,422,0
9481,528,471,0
9482,1402,131,1
9483,291,1412,0
9484,239,1040,0
9485,288,911,0
9486,294,116,1
9487,1284,795,0
9488,383,895,0
9489,1345,1505,1
9490,1404,1048,1
9491,1142,397,1
9492,488,231,0
9493,1240,1213,0
9494,1181,389,1
9495,1395,1183,1
9496,1161,193,1
9497,173,294,1
9498,1086,817,1
9499,1492,6,0
9500,581,474,1
9501,1373,649,1
9502,1261,1146,1
9503,579,1577,1
9504,770,1344,0
9505,1422,606,0
9506,911,131,1
9507,896,22,0
9508,1140,254,1
9509,300,1332,1
9510,687,1457,1
9511,1571,786,1
9512,79,1445,1
9513,1457,649,1
9514,641,717,1
9515,967,413,0
9516,1332,1517,1
9517,1595,306,0
9518,1457,287,1
9519,390,967,1
9520,417,1589,1
9521,1395,106,0
9522,1457,493,1
9523,1589,1230,1
9524,417,532,1
9525,1389,233,1
9526,355,1378,1
9527,817,381,1
9528,493,581,1
9529,815,983,1
9530,1345,1371,1
9531,193,1477,1
9532,1468,294,1
9533,1158,827,0
9534,1092,66,0
9535,173,26,1
9536,1288,243,0
9537,1006,108,1
9538,440,704,0
9539,417,669,1
9540,730,581,1
9541,1161,810,1
9542,313,1373,0
9543,493,169,1
9544,1425,1303,1
9545,754,871,1
9546,941,1468,1
9547,639,1577,1
9548,1437,450,1
9549,267,1303,1
9550,778,1387,0
9551,332,1395,1
9552,633,171,1
9553,472,1313,0
9554,1341,1342,1
9555,300,1101,1
9556,1156,131,1
9557,559,834,1
9558,162,1180,1
9559,1154,109,0
9560,470,1362,0
9561,1342,625,1
9562,949,1610,1
9563,381,1458,1
9564,799,1318,0
9565,1173,352,0
9566,1162,649,1
9567,625,736,0
9568,576,1169,1
9569,794,1467,0
9570,350,71,0
9571,1341,147,1
9572,856,1560,0
9573,687,1506,1
9574,1491,384,1
9575,425,706,0
9576,126,679,0
9577,819,1216,0
9578,1269,577,0
9579,1469,467,0
9580,1088,76,1
9581,1503,558,0
9582,593,264,0
9583,942,929,0
9584,494,1522,0
9585,1034,145,1
9586,1432,737,0
9587,347,553,1
9588,60,105,0
9589,1101,652,1
9590,873,427,0
9591,495,1592,0
9592,1513,493,1
9593,904,581,1
9594,1438,268,0
9595,975,364,0
9596,721,465,0
9597,1566,34,0
9598,371,635,0
9599,440,1094,0
9600,355,579,1
9601,79,720,0
9602,1034,1022,1
9603,762,341,1
9604,360,639,1
9605,1155,858,1
9606,547,1303,1
9607,1577,355,1
9608,1006,955,1
9609,409,729,1
9610,1188,302,1
9611,916,913,0
9612,1539,1059,0
9613,1323,698,0
9614,972,1284,1
9615,1049,1598,0
9616,365,340,0
9617,294,1206,1
9618,182,332,1
9619,480,1402,0
9620,627,1093,1
9621,405,1250,0
9622,874,540,0
9623,394,942,0
9624,107,1560,0
9625,963,1275,1
9626,788,179,1
9627,1220,1257,1
9628,967,1261,1
9629,1539,844,0
9630,1315,1288,1
9631,371,874,1
9632,312,1341,0
9633,394,140,0
9634,774,696,0
9635,415,730,0
9636,126,1467,0
9637,1136,1599,0
9638,1093,1303,1
9639,790,1235,0
9640,1324,291,0
9641,49,1087,0
9642,1034,517,1
9643,730,1261,1
9644,805,203,0
9645,561,1299,0
9646,1087,180,0
9647,611,648,1
9648,313,335,0
9649,227,1101,1
9650,946,300,1
9651,1195,307,0
9652,1418,1523,0
9653,1211,371,1
9654,1387,1591,1
9655,110,1415,0
9656,692,582,0
9657,15,157,0
9658,1272,480,1
9659,1404,947,0
9660,946,704,1
9661,963,429,1
9662,1595,772,0
9663,238,411,0
9664,560,1589,1
9665,164,1332,1
9666,162,1591,1
9667,3,484,0
9668,593,1491,0
9669,21,994,0
9670,1418,217,1
9671,1395,471,1
9672,665,1496,1
9673,475,1242,0
9674,885,225,0
9675,186,1411,0
9676,1151,351,1
9677,108,1093,1
9678,315,721,1
9679,347,1199,1
9680,1503,94,0
9681,692,1415,0
9682,1261,1272,1
9683,300,294,1
9684,489,833,1
9685,780,1188,0
9686,990,995,1
9687,896,1170,0
9688,1619,857,0
9689,445,1524,0
9690,703,619,0
9691,967,205,1
9692,1181,381,1
9693,841,638,0
9694,1565,506,0
9695,1140,961,1
9696,1329,976,1
9697,1280,836,1
9698,1031,1086,0
9699,576,381,1
9700,886,329,1
9701,294,1125,1
9702,603,1193,0
9703,1078,95,0
9704,623,773,1
9705,703,1146,0
9706,967,460,0
9707,1188,776,1
9708,432,360,1
9709,110,284,0
9710,1093,9,1
9711,1090,1071,0
9712,180,489,1
9713,602,403,1
9714,382,432,1
9715,1213,221,0
9716,1140,4,1
9717,814,856,0
9718,383,502,1
9719,180,73,0
9720,373,1409,0
9721,1261,874,1
9722,547,267,1
9723,916,1389,1
9724,300,554,1
9725,19,1092,1
9726,1087,1441,0
9727,417,1380,1
9728,179,788,1
9729,623,417,1
9730,169,1228,1
9731,1101,805,1
9732,776,1235,1
9733,1470,1343,1
9734,140,89,1
9735,291,233,0
9736,1081,1459,0
9737,967,1056,1
9738,1450,1416,0
9739,1211,773,1
9740,1380,1093,1
9741,884,1434,0
9742,1083,1262,0
9743,1342,407,1
9744,887,530,1
9745,9,520,1
9746,390,381,1
9747,1208,754,1
9748,652,190,0
9749,676,615,0
9750,856,658,1
9751,191,183,0
9752,1272,227,1
9753,610,271,0
9754,1300,260,0
9755,210,1172,0
9756,1181,355,1
9757,967,1301,1
9758,1034,794,1
9759,849,1160,0
9760,349,1190,0
9761,1467,225,0
9762,927,1220,1
9763,389,348,1
9764,730,1006,1
9765,61,927,0
9766,611,911,1
9767,929,383,1
9768,576,532,1
9769,61,1261,1
9770,848,1145,0
9771,1062,1244,0
9772,1301,390,1
9773,817,26,1
9774,912,1578,0
9775,294,1310,1
9776,1506,173,1
9777,721,1258,0
9778,1348,667,0
9779,450,27,1
9780,911,665,1
9781,940,742,1
9782,1240,1390,0
9783,355,1463,0
9784,807,442,0
9785,1492,871,0
9786,1477,143,0
9787,445,730,1
9788,12,1064,0
9789,1422,290,0
9790,427,791,0
9791,665,1465,0
9792,1170,904,1
9793,963,714,1
9794,309,1586,0
9795,1207,1063,0
9796,530,360,1
9797,680,1615,0
9798,631,744,0
9799,1577,521,0
9800,493,173,1
9801,45,963,1
9802,27,233,1
9803,611,66,0
9804,261,821,0
9805,12,440,0
9806,1484,1454,0
9807,478,589,0
9808,836,1165,1
9809,581,279,0
9810,415,1528,0
9811,502,824,0
9812,173,417,1
9813,360,655,1
9814,197,27,0
9815,360,554,1
9816,533,1422,1
9817,1086,1093,1
9818,291,1315,1
9819,1602,296,0
9820,623,1070,1
9821,1162,1373,1
9822,1323,26,0
9823,1550,1105,0
9824,1111,465,0
9825,1375,523,0
9826,1589,1140,1
9827,1458,294,1
9828,1382,1093,1
9829,838,466,0
9830,26,27,1
9831,494,1276,0
9832,1432,1309,0
9833,300,140,1
9834,1180,786,1
9835,493,961,1
9836,929,1180,1
9837,61,262,1
9838,1096,1162,1
9839,27,1093,1
9840,155,1043,0
9841,1594,1589,1
9842,355,278,1
9843,611,169,1
9844,315,953,0
9845,161,173,1
9846,125,1311,0
9847,1162,9,1
9848,905,1124,0
9849,1013,569,1
9850,1088,883,1
9851,1467,155,0
9852,1611,968,0
9853,1213,498,0
9854,414,278,0
9855,1491,1128,1
9856,1078,619,0
9857,550,1470,0
9858,858,950,0
9859,838,128,0
9860,1288,741,0
9861,934,1362,1
9862,561,1329,1
9863,836,817,1
9864,281,164,1
9865,1605,1140,1
9866,641,409,1
9867,258,323,0
9868,315,731,0
9869,465,928,0
9870,961,1329,1
9871,603,174,1
9872,1468,330,0
9873,210,220,0
9874,1577,889,0
9875,1531,669,0
9876,941,43,0
9877,1411,255,0
9878,1163,973,0
9879,122,581,1
9880,1086,1158,1
9881,60,489,0
9882,1188,312,1
9883,1286,943,1
9884,365,954,0
9885,462,1129,0
9886,275,669,1
9887,1329,116,1
9888,1101,1230,1
9889,747,778,0
9890,1280,173,1
9891,1506,576,1
9892,1090,551,1
9893,138,414,0
9894,1345,1472,0
9895,1395,757,0
9896,89,82,1
9897,1140,1301,1
9898,916,79,1
9899,1269,1309,0
9900,131,172,1
9901,814,1453,0
9902,379,773,1
9903,1425,773,1
9904,847,280,0
9905,1006,869,0
9906,1611,197,0
9907,1395,620,1
9908,533,1076,0
9909,1142,684,0
9910,1341,1564,0
9911,1175,1578,0
9912,26,1122,0
9913,967,1384,0
9914,940,1604,1
9915,1355,1191,0
9916,1170,1591,1
9917,1086,1170,1
9918,73,433,0
9919,1034,710,0
9920,1165,886,1
9921,161,902,1
9922,1378,738,0
9923,571,833,1
9924,1481,470,1
9925,1345,1510,1
9926,713,773,1
9927,1513,233,1
9928,205,1221,0
9929,1158,280,0
9930,805,1125,1
9931,1469,1286,0
9932,744,1261,1
9933,157,73,0
9934,1445,1273,0
9935,687,1204,1
9936,495,92,0
9937,730,108,1
9938,1022,1559,0
9939,686,1331,0
9940,754,1304,1
9941,838,499,0
9942,1085,74,0
9943,754,1354,1
9944,126,931,0
9945,173,839,0
9946,1556,1036,1
9947,171,1102,1
9948,1240,971,0
9949,698,1312,0
9950,786,327,0
9951,963,379,1
9952,161,1358,0
9953,390,1548,0
9954,1253,1095,0
9955,378,346,0
9956,579,78,1
9957,300,1232,1
9958,491,1155,1
9959,1188,87,0
9960,1013,1501,0
9961,1140,1170,1
9962,1380,1470,1
9963,863,833,0
9964,1305,1329,1
9965,381,300,1
9966,1028,461,0
9967,254,287,1
9968,73,1425,1
9969,674,776,0
9970,432,1325,0
9971,61,961,1
9972,1136,107,1
9973,12,660,0
9974,1211,1278,0
9975,462,725,0
9976,778,1109,0
9977,1034,12,1
9978,833,754,1
9979,1571,502,1
9980,544,1051,0
9981,1230,1181,0
9982,475,1237,1
9983,409,1196,0
9984,3,1261,1
9985,475,1147,1
9986,122,561,1
9987,1599,654,0
9988,1418,1486,0
9989,1086,409,1
9990,1101,289,0
9991,979,909,0
9992,161,494,1
9993,1116,210,1
9994,1395,1521,1
9995,794,73,1
9996,313,299,1
9997,1319,493,1
9998,1403,256,0
9999,1158,563,1
10000,1253,227,0
10001,254,1093,1
10002,9,1373,1
10003,639,665,1
10004,633,1083,1
10005,1511,259,0
10006,417,727,1
10007,639,1261,1
10008,762,81,0
10009,1168,1340,1
10010,329,233,1
10011,836,233,1
10012,1275,216,0
10013,26,161,1
10014,1395,881,0
10015,258,435,0
10016,73,554,1
10017,415,1071,0
10018,910,1261,1
10019,1116,193,1
10020,365,1605,0
10021,593,1348,0
10022,1180,128,0
10023,559,967,1
10024,131,12,1
10025,581,195,1
10026,528,640,0
10027,1261,856,1
10028,963,661,0
10029,814,316,0
10030,362,1539,0
10031,1261,73,1
10032,1313,1009,0
10033,294,946,1
10034,136,1073,0
10035,217,727,1
10036,1163,322,0
10037,1425,901,0
10038,1378,1206,1
10039,886,1473,1
10040,468,24,0
10041,1040,1537,0
10042,1397,406,0
10043,1484,506,0
10044,1261,389,1
10045,1437,851,0
10046,673,715,1
10047,399,666,0
10048,779,21,0
10049,1481,1347,0
10050,794,145,1
10051,1438,934,1
10052,322,1377,0
10053,355,741,1
10054,355,1181,1
10055,1329,557,0
10056,669,1418,1
10057,1056,728,0
10058,745,929,0
10059,1173,634,0
10060,533,843,0
10061,1188,1271,1
10062,45,753,0
10063,643,1539,0
10064,1325,633,0
10065,573,352,0
10066,480,1535,0
10067,581,1093,1
10068,1206,886,1
10069,474,294,1
10070,552,670,0
10071,475,665,1
10072,1425,1170,1
10073,82,775,1
10074,1406,777,0
10075,125,221,0
10076,1541,20,0
10077,559,1113,1
10078,1375,963,1
10079,598,1387,1
10080,821,1156,0
10081,1169,717,1
10082,275,493,1
10083,1278,83,0
10084,392,1156,1
10085,1028,71,0
10086,350,820,0
10087,329,1516,0
10088,1547,460,0
10089,61,360,1
10090,52,237,0
10091,1206,1448,0
10092,1317,738,0
10093,993,1101,1
10094,883,189,0
10095,633,1362,1
10096,210,856,1
10097,1140,904,1
10098,223,295,0
10099,9,205,1
10100,874,300,1
10101,168,1147,0
10102,1261,1010,1
10103,1272,1426,1
10104,530,1511,1
10105,1506,1310,1
10106,1192,1102,0
10107,1469,714,0
10108,729,76,1
10109,360,1088,1
10110,185,613,0
10111,1101,479,1
10112,721,1187,0
10113,1228,1083,1
10114,1305,96,1
10115,288,399,0
10116,774,924,0
10117,1340,1358,1
10118,805,1101,1
10119,1261,653,1
10120,1315,863,1
10121,1340,1395,1
10122,911,1505,1
10123,1156,1610,0
10124,730,116,1
10125,1286,833,1
10126,961,581,1
10127,27,348,1
10128,1261,302,1
10129,1065,658,1
10130,1166,859,0
10131,1324,641,1
10132,1181,1481,1
10133,216,1131,0
10134,1162,217,1
10135,217,576,1
10136,1619,1613,0
10137,692,1341,0
10138,575,909,0
10139,1188,432,1
10140,313,972,1
10141,576,287,1
10142,1125,281,1
10143,918,580,0
10144,819,1181,1
10145,27,990,1
10146,623,248,0
10147,1152,576,1
10148,1141,1561,0
10149,517,1006,1
10150,273,360,1
10151,1577,319,0
10152,140,355,1
10153,1332,338,0
10154,692,202,0
10155,1517,1401,0
10156,559,972,1
10157,730,278,1
10158,1261,1142,1
10159,1517,300,1
10160,836,986,0
10161,687,493,1
10162,1332,290,0
10163,1145,59,0
10164,144,464,0
10165,122,379,1
10166,1206,82,1
10167,819,825,0
10168,1392,776,0
10169,611,373,1
10170,131,490,0
10171,709,920,0
10172,1496,692,0
10173,205,1520,0
10174,562,995,0
10175,250,1374,1
10176,1523,683,0
10177,1101,1379,1
10178,1256,115,0
10179,1395,715,1
10180,794,1034,1
10181,360,1422,1
10182,762,348,1
10183,452,1120,0
10184,859,1049,0
10185,173,579,1
10186,921,1200,0
10187,27,1195,0
10188,916,344,0
10189,1113,390,1
10190,191,744,0
10191,1072,817,1
10192,140,1513,1
10193,164,355,1
10194,814,188,0
10195,1544,1384,0
10196,157,46,0
10197,381,687,1
10198,1049,151,0
10199,332,1169,0
10200,775,294,1
10201,912,380,0
10202,1305,738,0
10203,946,790,0
10204,649,9,1
10205,360,379,1
10206,73,959,0
10207,172,359,0
10208,528,82,1
10209,904,1140,1
10210,1133,254,1
10211,963,462,0
10212,1261,886,1
10213,949,1533,0
10214,246,279,0
10215,1594,767,0
10216,329,1111,1
10217,1147,1410,0
10218,1392,587,1
10219,162,602,1
10220,520,1457,1
10221,452,483,0
10222,544,1165,0
10223,275,754,1
10224,1037,967,0
10225,951,1028,0
10226,1116,309,0
10227,1072,1473,1
10228,1165,805,1
10229,193,1188,1
10230,349,97,0
10231,1312,240,0
10232,480,299,1
10233,1180,528,0
