,TF,Target
0,46,478
1,46,886
2,46,797
3,46,706
4,46,976
5,46,1064
6,46,318
7,46,622
8,46,165
9,46,1110
10,46,726
11,46,702
12,46,289
13,46,418
14,46,1097
15,46,673
16,46,711
17,46,101
18,46,420
19,46,423
20,46,121
21,46,236
22,46,1032
23,46,575
24,46,663
25,46,750
26,46,210
27,46,687
28,46,28
29,46,187
30,46,658
31,46,77
32,46,571
33,46,1094
34,46,90
35,46,484
36,46,249
37,46,597
38,46,540
39,46,926
40,46,516
41,46,119
42,46,183
43,46,433
44,46,892
45,46,432
46,46,232
47,46,559
48,46,724
49,46,990
50,46,562
51,46,1041
52,46,765
53,46,719
54,46,573
55,46,1029
56,46,78
57,46,276
58,46,1062
59,46,982
60,46,440
61,46,685
62,46,929
63,46,199
64,46,356
65,46,947
66,46,247
67,46,147
68,46,978
69,46,163
70,46,878
71,46,1117
72,51,668
73,51,744
74,51,409
75,51,328
76,51,281
77,51,934
78,51,765
79,51,852
80,51,404
81,51,577
82,51,90
83,51,615
84,51,568
85,51,860
86,51,104
87,51,935
88,51,316
89,51,521
90,51,670
91,51,290
92,51,277
93,51,132
94,51,58
95,51,701
96,51,1000
97,51,697
98,51,851
99,51,790
100,51,459
101,51,181
102,51,308
103,51,445
104,51,720
105,51,997
106,51,154
107,51,228
108,51,66
109,51,532
110,51,829
111,51,919
112,51,575
113,51,299
114,51,943
115,51,584
116,51,243
117,51,1017
118,51,372
119,51,167
120,51,453
121,51,778
122,51,410
123,51,1118
124,51,346
125,51,939
126,51,441
127,51,729
128,51,117
129,51,866
130,51,766
131,51,212
132,51,703
133,51,610
134,51,125
135,51,503
136,51,542
137,51,800
138,51,880
139,51,689
140,51,751
141,51,381
142,51,310
143,51,34
144,51,44
145,51,742
146,51,239
147,51,513
148,51,504
149,51,273
150,51,47
151,51,642
152,51,711
153,51,499
154,51,399
155,51,732
156,51,317
157,51,88
158,51,822
159,51,990
160,51,945
161,51,533
162,51,618
163,51,148
164,51,416
165,51,434
166,51,379
167,51,287
168,51,60
169,51,93
170,51,1022
171,51,687
172,51,828
173,51,427
174,51,5
175,51,283
176,51,853
177,51,149
178,51,1089
179,51,804
180,51,112
181,51,355
182,51,240
183,51,94
184,51,433
185,51,653
186,51,986
187,51,62
188,51,318
189,51,128
190,51,944
191,51,1105
192,51,197
193,51,183
194,51,887
195,51,178
196,51,1106
197,51,177
198,51,759
199,51,136
200,51,199
201,51,950
202,51,59
203,51,534
204,51,1054
205,51,845
206,51,811
207,51,247
208,51,753
209,51,634
210,51,871
211,51,891
212,51,1020
213,51,103
214,51,785
215,51,233
216,51,755
217,51,13
218,51,664
219,51,411
220,51,221
221,51,119
222,51,739
223,51,133
224,51,40
225,51,1057
226,51,295
227,51,392
228,51,520
229,51,750
230,51,679
231,51,805
232,51,157
233,51,85
234,51,814
235,51,274
236,51,307
237,51,574
238,51,171
239,51,296
240,51,578
241,51,477
242,51,812
243,51,551
244,51,735
245,51,506
246,51,472
247,51,86
248,51,699
249,51,539
250,51,827
251,51,856
252,51,481
253,51,276
254,51,1059
255,51,486
256,51,270
257,51,692
258,51,269
259,51,507
260,51,916
261,51,333
262,51,502
263,51,225
264,51,1080
265,51,20
266,51,695
267,51,723
268,51,165
269,51,298
270,51,156
271,51,993
272,51,73
273,51,1119
274,51,631
275,51,892
276,51,36
277,51,131
278,51,594
279,51,673
280,51,359
281,51,508
282,51,858
283,51,637
284,51,374
285,51,550
286,51,1024
287,51,405
288,51,1110
289,51,380
290,51,1034
291,51,494
292,51,29
293,51,46
294,51,176
295,51,870
296,51,9
297,51,666
298,51,474
299,51,561
300,51,115
301,51,992
302,51,331
303,51,601
304,51,1039
305,51,1013
306,51,562
307,51,421
308,51,622
309,51,467
310,51,1063
311,51,130
312,51,268
313,51,53
314,51,962
315,51,97
316,51,930
317,51,763
318,51,8
319,51,1101
320,51,915
321,51,1087
322,51,912
323,51,250
324,51,581
325,51,611
326,51,425
327,51,487
328,51,905
329,51,358
330,51,236
331,51,989
332,51,23
333,51,690
334,51,617
335,51,1107
336,51,123
337,51,801
338,51,798
339,51,971
340,51,76
341,51,1036
342,51,869
343,51,959
344,51,886
345,51,42
346,51,312
347,51,126
348,51,899
349,51,1071
350,51,224
351,51,1042
352,51,865
353,51,526
354,51,124
355,51,152
356,51,967
357,51,999
358,51,969
359,51,647
360,51,1076
361,51,25
362,51,168
363,51,592
364,51,540
365,51,868
366,51,1072
367,51,302
368,51,230
369,51,559
370,51,810
371,51,914
372,51,369
373,51,669
374,51,1108
375,51,663
376,51,208
377,51,38
378,51,444
379,51,254
380,51,867
381,51,656
382,51,896
383,51,193
384,51,624
385,51,952
386,51,153
387,51,875
388,51,908
389,51,4
390,51,363
391,51,252
392,51,772
393,51,781
394,51,1084
395,51,442
396,51,546
397,51,87
398,51,261
399,51,740
400,51,99
401,51,170
402,51,402
403,51,795
404,51,114
405,51,84
406,51,79
407,51,158
408,51,981
409,51,498
410,51,597
411,51,1012
412,51,357
413,51,163
414,51,304
415,51,260
416,51,1097
417,51,536
418,51,696
419,51,571
420,51,644
421,51,19
422,51,901
423,51,545
424,51,350
425,51,323
426,51,384
427,51,645
428,51,466
429,51,924
430,51,161
431,51,913
432,51,461
433,51,1073
434,51,855
435,51,1109
436,51,929
437,51,691
438,51,677
439,51,1027
440,51,712
441,51,602
442,51,773
443,51,162
444,51,175
445,51,213
446,51,884
447,51,549
448,51,194
449,51,777
450,51,1040
451,51,538
452,51,1115
453,51,754
454,51,1060
455,51,510
456,51,45
457,51,237
458,51,3
459,51,2
460,51,251
461,51,368
462,51,121
463,51,661
464,51,662
465,51,378
466,51,976
467,51,255
468,51,957
469,51,352
470,51,324
471,51,1041
472,51,787
473,51,134
474,51,495
475,51,1048
476,51,187
477,51,1116
478,51,733
479,51,1085
480,51,217
481,51,927
482,51,1058
483,51,947
484,51,96
485,51,50
486,51,293
487,51,769
488,51,672
489,51,635
490,51,282
491,51,70
492,51,1065
493,51,377
494,51,573
495,51,911
496,51,796
497,51,593
498,51,771
499,51,726
500,51,159
501,51,1082
502,51,334
503,51,588
504,51,932
505,51,749
506,51,120
507,51,1016
508,51,848
509,51,737
510,51,879
511,51,643
512,51,207
513,51,137
514,51,658
515,51,639
516,51,160
517,51,815
518,51,580
519,51,674
520,51,1064
521,51,724
522,51,1083
523,51,305
524,51,110
525,51,923
526,51,174
527,51,996
528,51,745
529,51,1033
530,51,736
531,51,789
532,51,192
533,51,473
534,51,106
535,51,864
536,51,1096
537,51,612
538,51,198
539,51,143
540,51,105
541,51,272
542,51,417
543,51,439
544,51,570
545,51,420
546,51,303
547,51,440
548,51,146
549,51,725
550,51,616
551,51,339
552,51,35
553,51,1111
554,51,408
555,51,816
556,51,403
557,51,806
558,51,262
559,51,849
560,51,366
561,51,1062
562,51,511
563,51,948
564,51,493
565,51,426
566,51,910
567,51,842
568,51,294
569,51,817
570,51,802
571,51,983
572,51,267
573,51,95
574,51,994
575,51,552
576,51,657
577,51,451
578,51,65
579,51,586
580,51,249
581,51,253
582,51,1075
583,51,564
584,51,979
585,51,591
586,51,180
587,51,235
588,51,32
589,51,576
590,51,1053
591,51,356
592,51,101
593,51,648
594,51,920
595,51,776
596,51,1112
597,51,300
598,51,995
599,51,327
600,51,926
601,51,682
602,51,142
603,51,974
604,51,982
605,51,893
606,51,432
607,51,833
608,51,447
609,51,978
610,51,383
611,51,824
612,51,709
613,51,774
614,51,424
615,51,554
616,51,344
617,51,1030
618,51,626
619,51,311
620,51,786
621,51,72
622,51,147
623,51,497
624,51,118
625,51,878
626,51,314
627,51,320
628,51,813
629,51,329
630,51,888
631,51,24
632,51,438
633,51,361
634,51,1005
635,51,1068
636,51,784
637,51,75
638,51,246
639,51,746
640,51,1102
641,51,437
642,51,756
643,51,630
644,51,951
645,51,797
646,51,271
647,51,64
648,51,365
649,51,757
650,51,942
651,51,431
652,51,77
653,51,671
654,51,43
655,51,1104
656,51,10
657,51,322
658,51,428
659,51,226
660,51,22
661,51,760
662,51,946
663,51,770
664,51,21
665,51,448
666,51,854
667,57,187
668,80,375
669,80,70
670,80,262
671,80,119
672,80,95
673,80,438
674,80,1016
675,80,121
676,80,239
677,80,183
678,80,63
679,80,947
680,80,477
681,80,236
682,80,51
683,80,897
684,80,447
685,80,1057
686,80,622
687,80,752
688,80,316
689,80,779
690,80,352
691,80,473
692,80,1042
693,80,480
694,80,668
695,80,762
696,80,801
697,80,491
698,80,990
699,80,259
700,80,777
701,80,84
702,80,295
703,80,608
704,80,65
705,80,250
706,80,136
707,80,634
708,80,878
709,80,1019
710,80,771
711,80,950
712,80,1033
713,80,936
714,80,1011
715,80,734
716,80,1039
717,80,713
718,80,737
719,80,733
720,80,81
721,80,708
722,80,191
723,80,252
724,80,848
725,80,1010
726,80,726
727,80,299
728,80,1078
729,80,755
730,80,706
731,80,215
732,80,719
733,80,69
734,80,317
735,80,9
736,80,78
737,80,909
738,80,740
739,80,609
740,80,409
741,80,548
742,80,40
743,80,168
744,80,559
745,80,509
746,80,210
747,80,865
748,80,42
749,80,23
750,80,543
751,80,307
752,80,652
753,80,544
754,80,644
755,80,1064
756,80,346
757,80,1067
758,80,667
759,80,538
760,80,175
761,80,832
762,80,677
763,80,996
764,80,494
765,80,574
766,80,92
767,80,208
768,80,876
769,80,577
770,80,504
771,80,302
772,80,601
773,80,249
774,80,71
775,80,483
776,80,507
777,80,818
778,80,6
779,80,1
780,80,663
781,80,986
782,80,420
783,80,283
784,80,849
785,80,423
786,80,45
787,80,15
788,80,703
789,80,1066
790,80,489
791,80,545
792,80,980
793,80,402
794,80,171
795,80,371
796,80,1021
797,80,1029
798,80,812
799,80,691
800,80,261
801,80,1111
802,80,883
803,80,1082
804,80,96
805,80,920
806,80,281
807,80,383
808,93,1007
809,93,188
810,93,1077
811,93,743
812,93,552
813,93,272
814,93,1111
815,93,157
816,93,22
817,93,497
818,93,840
819,93,721
820,93,149
821,93,47
822,93,809
823,93,523
824,93,1092
825,93,787
826,93,142
827,93,836
828,93,1104
829,93,858
830,93,974
831,93,464
832,93,537
833,93,731
834,93,921
835,93,970
836,93,546
837,93,792
838,93,290
839,93,1017
840,93,842
841,93,1008
842,93,539
843,93,55
844,93,785
845,93,650
846,125,187
847,125,266
848,126,453
849,126,1044
850,126,1016
851,126,713
852,126,246
853,126,958
854,126,297
855,126,371
856,126,619
857,126,6
858,126,933
859,126,812
860,126,369
861,126,171
862,126,822
863,126,481
864,126,536
865,126,417
866,126,169
867,126,115
868,126,799
869,126,419
870,126,646
871,126,449
872,126,207
873,148,334
874,148,366
875,148,726
876,148,609
877,148,302
878,148,386
879,148,961
880,148,937
881,148,357
882,148,340
883,148,722
884,148,49
885,148,664
886,148,625
887,148,554
888,148,460
889,148,104
890,148,446
891,148,971
892,148,453
893,148,133
894,148,738
895,148,759
896,148,799
897,148,218
898,148,158
899,148,983
900,148,1115
901,148,546
902,148,46
903,148,1015
904,148,810
905,148,299
906,148,275
907,148,411
908,148,379
909,148,1052
910,148,771
911,148,500
912,148,723
913,148,1050
914,148,199
915,148,1070
916,148,24
917,148,856
918,148,421
919,148,253
920,148,821
921,148,349
922,148,489
923,148,687
924,148,1075
925,148,8
926,148,389
927,148,174
928,148,639
929,148,266
930,148,1101
931,148,1084
932,148,330
933,148,1092
934,148,970
935,148,880
936,148,566
937,148,692
938,148,268
939,148,132
940,148,445
941,148,997
942,148,192
943,148,944
944,148,1053
945,148,635
946,148,1018
947,148,666
948,148,787
949,148,191
950,148,487
951,148,805
952,148,900
953,148,252
954,148,205
955,148,83
956,148,978
957,148,42
958,148,259
959,148,504
960,148,685
961,148,173
962,148,255
963,148,737
964,148,159
965,148,603
966,148,973
967,148,622
968,148,873
969,148,145
970,148,352
971,148,925
972,148,374
973,148,974
974,148,169
975,148,276
976,148,75
977,148,990
978,148,812
979,148,375
980,148,344
981,148,93
982,148,858
983,148,13
984,148,984
985,148,457
986,148,967
987,148,402
988,148,361
989,148,1073
990,148,175
991,148,532
992,148,1097
993,148,831
994,148,315
995,148,134
996,148,233
997,148,968
998,148,926
999,148,478
1000,148,896
1001,148,480
1002,148,543
1003,148,885
1004,148,69
1005,148,105
1006,148,342
1007,148,1076
1008,148,936
1009,148,274
1010,148,769
1011,148,591
1012,148,539
1013,148,627
1014,148,17
1015,148,754
1016,148,932
1017,148,293
1018,148,914
1019,148,536
1020,148,277
1021,148,327
1022,148,269
1023,148,1032
1024,148,817
1025,148,100
1026,148,877
1027,148,310
1028,148,488
1029,148,563
1030,148,696
1031,148,409
1032,148,1060
1033,148,584
1034,148,843
1035,148,853
1036,148,168
1037,148,178
1038,148,125
1039,148,568
1040,148,403
1041,148,740
1042,148,814
1043,148,45
1044,148,34
1045,148,473
1046,148,1099
1047,148,10
1048,148,57
1049,148,5
1050,148,260
1051,148,298
1052,148,441
1053,148,778
1054,148,272
1055,148,624
1056,148,44
1057,148,679
1058,148,221
1059,148,865
1060,148,329
1061,148,410
1062,148,37
1063,148,420
1064,148,802
1065,148,998
1066,148,295
1067,148,300
1068,148,965
1069,148,222
1070,148,471
1071,148,194
1072,148,1068
1073,148,626
1074,148,559
1075,148,1016
1076,148,689
1077,148,819
1078,148,800
1079,148,491
1080,148,121
1081,148,152
1082,148,510
1083,148,751
1084,148,92
1085,148,750
1086,148,839
1087,148,661
1088,148,818
1089,148,248
1090,148,384
1091,148,746
1092,148,544
1093,148,1112
1094,148,1057
1095,148,387
1096,148,189
1097,148,542
1098,148,852
1099,148,947
1100,148,521
1101,148,598
1102,148,739
1103,148,619
1104,148,9
1105,148,388
1106,148,1002
1107,148,571
1108,148,674
1109,148,250
1110,148,151
1111,148,363
1112,148,1082
1113,148,251
1114,148,1021
1115,148,930
1116,148,911
1117,148,931
1118,148,1005
1119,148,469
1120,148,512
1121,148,699
1122,148,289
1123,148,280
1124,148,232
1125,148,951
1126,148,927
1127,148,833
1128,148,101
1129,148,915
1130,148,596
1131,148,462
1132,148,428
1133,148,41
1134,148,35
1135,148,359
1136,148,316
1137,148,27
1138,148,553
1139,148,905
1140,148,505
1141,148,1044
1142,148,790
1143,148,287
1144,148,466
1145,148,479
1146,148,433
1147,148,304
1148,148,617
1149,148,0
1150,148,249
1151,148,170
1152,148,755
1153,148,47
1154,148,215
1155,148,976
1156,148,886
1157,148,70
1158,148,859
1159,148,114
1160,148,118
1161,148,672
1162,148,156
1163,148,986
1164,148,208
1165,148,892
1166,148,28
1167,148,734
1168,148,452
1169,148,154
1170,148,962
1171,148,752
1172,148,891
1173,148,602
1174,148,311
1175,148,1094
1176,148,86
1177,148,381
1178,148,724
1179,148,981
1180,148,89
1181,148,795
1182,148,703
1183,148,844
1184,148,320
1185,148,644
1186,148,297
1187,148,322
1188,148,465
1189,148,377
1190,148,982
1191,148,358
1192,148,1000
1193,148,423
1194,148,871
1195,148,1119
1196,148,1111
1197,148,630
1198,148,127
1199,148,437
1200,148,71
1201,148,565
1202,148,586
1203,148,575
1204,148,399
1205,148,605
1206,148,789
1207,148,848
1208,148,878
1209,148,22
1210,148,975
1211,148,537
1212,148,2
1213,148,916
1214,148,1047
1215,148,731
1216,148,494
1217,148,385
1218,148,77
1219,148,477
1220,148,165
1221,148,305
1222,148,254
1223,148,382
1224,148,1026
1225,148,669
1226,148,642
1227,148,1038
1228,148,562
1229,148,126
1230,148,776
1231,148,918
1232,148,801
1233,148,869
1234,148,78
1235,148,122
1236,148,1029
1237,148,611
1238,148,806
1239,148,440
1240,148,147
1241,148,574
1242,148,841
1243,148,610
1244,148,1108
1245,148,141
1246,148,866
1247,148,788
1248,148,552
1249,148,514
1250,148,621
1251,148,419
1252,148,313
1253,148,1001
1254,148,506
1255,148,19
1256,148,476
1257,148,1102
1258,148,681
1259,148,261
1260,148,308
1261,148,61
1262,148,933
1263,148,758
1264,148,668
1265,148,735
1266,148,874
1267,148,713
1268,148,513
1269,148,172
1270,148,747
1271,148,1079
1272,148,1027
1273,148,618
1274,148,87
1275,148,761
1276,148,183
1277,148,461
1278,148,262
1279,148,1104
1280,148,306
1281,148,585
1282,148,1028
1283,148,601
1284,148,857
1285,148,682
1286,148,1011
1287,148,343
1288,148,827
1289,148,11
1290,148,1055
1291,148,638
1292,148,467
1293,148,545
1294,148,999
1295,148,985
1296,148,1014
1297,148,730
1298,148,318
1299,148,237
1300,148,96
1301,148,91
1302,148,20
1303,148,956
1304,148,675
1305,148,557
1306,148,1066
1307,148,435
1308,148,140
1309,148,443
1310,148,561
1311,148,749
1312,148,1030
1313,148,832
1314,148,356
1315,148,1041
1316,148,744
1317,148,526
1318,148,265
1319,148,523
1320,148,120
1321,148,785
1322,148,398
1323,148,1083
1324,148,499
1325,148,753
1326,148,102
1327,148,97
1328,148,756
1329,148,94
1330,148,15
1331,148,637
1332,148,1058
1333,148,283
1334,148,888
1335,148,560
1336,148,88
1337,148,439
1338,148,278
1339,148,745
1340,148,72
1341,148,684
1342,148,989
1343,148,623
1344,148,380
1345,148,1067
1346,148,573
1347,148,29
1348,148,910
1349,148,992
1350,148,570
1351,148,181
1352,148,202
1353,148,163
1354,148,339
1355,148,436
1356,148,109
1357,148,162
1358,148,143
1359,148,106
1360,148,550
1361,148,23
1362,148,481
1363,148,645
1364,148,901
1365,148,223
1366,148,207
1367,148,418
1368,148,837
1369,148,130
1370,148,1040
1371,148,1037
1372,148,59
1373,148,876
1374,148,780
1375,148,875
1376,148,518
1377,148,1045
1378,148,99
1379,148,160
1380,148,935
1381,148,659
1382,148,980
1383,148,292
1384,148,414
1385,148,1042
1386,148,652
1387,148,119
1388,148,281
1389,148,784
1390,148,412
1391,148,40
1392,148,820
1393,148,142
1394,148,1107
1395,148,231
1396,148,1086
1397,148,829
1398,148,43
1399,148,3
1400,148,495
1401,148,372
1402,148,576
1403,148,74
1404,148,312
1405,148,286
1406,148,991
1407,148,309
1408,148,271
1409,148,395
1410,148,63
1411,148,226
1412,148,773
1413,148,509
1414,148,775
1415,148,854
1416,148,84
1417,148,757
1418,148,66
1419,148,210
1420,148,371
1421,148,912
1422,148,80
1423,148,328
1424,148,296
1425,148,887
1426,148,225
1427,148,783
1428,148,796
1429,148,56
1430,148,200
1431,148,919
1432,148,197
1433,148,1062
1434,148,549
1435,148,680
1436,148,30
1437,148,110
1438,148,149
1439,148,535
1440,148,157
1441,148,908
1442,148,368
1443,148,187
1444,148,677
1445,148,236
1446,148,850
1447,151,187
1448,159,221
1449,159,230
1450,159,852
1451,159,512
1452,159,1088
1453,159,629
1454,159,495
1455,159,745
1456,159,548
1457,159,493
1458,159,25
1459,159,27
1460,159,929
1461,159,886
1462,159,780
1463,159,1034
1464,159,857
1465,159,618
1466,159,638
1467,159,612
1468,159,756
1469,159,87
1470,159,1029
1471,159,223
1472,159,766
1473,159,2
1474,159,909
1475,159,984
1476,159,1077
1477,159,317
1478,159,124
1479,159,752
1480,159,126
1481,159,61
1482,159,653
1483,159,1055
1484,159,759
1485,159,793
1486,159,867
1487,159,339
1488,159,656
1489,159,598
1490,159,235
1491,159,562
1492,159,325
1493,159,789
1494,159,758
1495,159,15
1496,159,178
1497,159,145
1498,159,935
1499,159,198
1500,159,356
1501,159,326
1502,159,575
1503,159,37
1504,159,868
1505,159,1058
1506,159,471
1507,159,156
1508,159,217
1509,159,310
1510,159,1002
1511,159,899
1512,159,747
1513,159,1079
1514,159,883
1515,159,1036
1516,159,1016
1517,159,405
1518,159,571
1519,159,995
1520,159,273
1521,159,432
1522,159,340
1523,159,111
1524,159,469
1525,159,578
1526,159,125
1527,159,479
1528,159,706
1529,159,225
1530,159,673
1531,159,724
1532,159,306
1533,159,799
1534,159,1044
1535,159,342
1536,159,722
1537,159,850
1538,159,420
1539,159,252
1540,159,433
1541,159,414
1542,159,446
1543,159,312
1544,159,559
1545,159,1099
1546,159,539
1547,159,1072
1548,159,652
1549,159,147
1550,159,281
1551,159,723
1552,159,323
1553,159,171
1554,159,303
1555,159,173
1556,159,864
1557,159,1064
1558,159,45
1559,159,560
1560,159,101
1561,159,540
1562,159,720
1563,159,318
1564,159,993
1565,159,644
1566,159,672
1567,159,387
1568,159,293
1569,159,210
1570,159,450
1571,159,741
1572,159,117
1573,159,259
1574,159,923
1575,159,684
1576,159,729
1577,159,187
1578,159,750
1579,159,851
1580,159,336
1581,159,472
1582,159,797
1583,159,236
1584,159,715
1585,159,877
1586,159,43
1587,159,795
1588,159,10
1589,172,790
1590,172,111
1591,172,746
1592,172,59
1593,172,540
1594,172,198
1595,172,143
1596,172,931
1597,172,723
1598,172,734
1599,172,271
1600,172,473
1601,172,278
1602,172,749
1603,172,1080
1604,172,288
1605,172,485
1606,172,465
1607,172,957
1608,172,389
1609,172,658
1610,172,310
1611,172,275
1612,172,1021
1613,172,586
1614,172,990
1615,172,728
1616,172,631
1617,172,795
1618,172,949
1619,172,307
1620,172,187
1621,172,173
1622,172,662
1623,172,1084
1624,172,87
1625,172,299
1626,172,2
1627,172,825
1628,172,511
1629,172,758
1630,172,373
1631,172,1109
1632,172,1110
1633,172,160
1634,172,750
1635,172,142
1636,172,542
1637,172,1115
1638,172,255
1639,172,869
1640,172,100
1641,172,1101
1642,172,512
1643,172,457
1644,172,323
1645,172,839
1646,172,94
1647,172,711
1648,172,1065
1649,172,783
1650,172,72
1651,172,724
1652,172,952
1653,172,994
1654,172,1017
1655,172,25
1656,172,169
1657,172,789
1658,172,1024
1659,172,495
1660,172,934
1661,172,213
1662,172,754
1663,172,1107
1664,172,695
1665,172,927
1666,172,82
1667,172,477
1668,172,722
1669,172,431
1670,172,740
1671,172,958
1672,172,819
1673,172,156
1674,173,440
1675,173,219
1676,173,588
1677,173,20
1678,173,727
1679,173,175
1680,173,708
1681,173,9
1682,173,502
1683,173,926
1684,173,117
1685,173,914
1686,173,920
1687,173,664
1688,173,19
1689,173,289
1690,173,646
1691,173,557
1692,173,749
1693,173,1079
1694,173,545
1695,173,793
1696,173,603
1697,173,947
1698,173,46
1699,173,848
1700,173,716
1701,173,1038
1702,173,251
1703,173,426
1704,173,912
1705,173,34
1706,173,61
1707,173,11
1708,173,549
1709,173,447
1710,173,361
1711,173,187
1712,173,239
1713,173,341
1714,173,110
1715,173,777
1716,173,877
1717,173,547
1718,173,984
1719,173,438
1720,173,1082
1721,173,698
1722,173,1065
1723,173,275
1724,173,59
1725,173,800
1726,173,151
1727,173,131
1728,173,535
1729,173,336
1730,173,431
1731,173,41
1732,173,937
1733,173,682
1734,173,616
1735,173,383
1736,173,285
1737,173,976
1738,173,504
1739,173,536
1740,173,136
1741,173,930
1742,173,295
1743,173,772
1744,173,434
1745,173,941
1746,173,1012
1747,173,714
1748,173,423
1749,173,312
1750,173,236
1751,173,576
1752,173,253
1753,173,1089
1754,173,212
1755,173,550
1756,173,856
1757,173,813
1758,173,835
1759,173,637
1760,173,57
1761,173,667
1762,173,723
1763,173,226
1764,173,270
1765,173,161
1766,173,465
1767,173,711
1768,173,258
1769,173,22
1770,173,818
1771,173,1031
1772,173,518
1773,173,662
1774,173,1034
1775,173,350
1776,173,180
1777,173,1000
1778,173,759
1779,173,500
1780,173,123
1781,173,1057
1782,173,213
1783,173,971
1784,173,1099
1785,173,610
1786,173,42
1787,173,507
1788,173,474
1789,173,473
1790,173,630
1791,173,812
1792,173,517
1793,173,1016
1794,173,726
1795,173,884
1796,173,754
1797,173,978
1798,173,451
1799,173,534
1800,173,919
1801,173,1109
1802,173,540
1803,173,69
1804,173,826
1805,173,584
1806,173,675
1807,173,1074
1808,173,334
1809,173,76
1810,173,177
1811,173,799
1812,173,17
1813,173,590
1814,173,1073
1815,173,571
1816,173,559
1817,173,386
1818,173,461
1819,173,1096
1820,173,767
1821,173,357
1822,173,96
1823,173,1054
1824,173,561
1825,173,460
1826,173,282
1827,173,875
1828,173,435
1829,173,358
1830,173,970
1831,173,871
1832,173,516
1833,173,1107
1834,173,587
1835,173,487
1836,173,844
1837,173,645
1838,173,883
1839,173,1067
1840,173,320
1841,173,775
1842,173,724
1843,173,748
1844,173,1027
1845,173,672
1846,173,779
1847,173,916
1848,173,265
1849,173,205
1850,173,873
1851,173,429
1852,173,689
1853,173,1086
1854,173,725
1855,173,760
1856,173,598
1857,173,478
1858,173,477
1859,173,687
1860,173,421
1861,173,508
1862,173,1011
1863,173,132
1864,173,575
1865,173,462
1866,173,699
1867,173,673
1868,173,121
1869,173,163
1870,173,210
1871,173,1037
1872,173,636
1873,173,389
1874,173,631
1875,173,235
1876,173,200
1877,173,581
1878,173,951
1879,173,738
1880,173,746
1881,173,215
1882,173,395
1883,173,849
1884,173,910
1885,173,957
1886,173,484
1887,173,997
1888,173,171
1889,173,25
1890,173,491
1891,173,656
1892,173,377
1893,173,1064
1894,173,208
1895,173,437
1896,173,77
1897,173,441
1898,173,990
1899,173,436
1900,173,72
1901,173,1092
1902,173,299
1903,173,538
1904,173,899
1905,173,125
1906,173,288
1907,173,677
1908,173,1059
1909,173,706
1910,173,1052
1911,173,593
1912,173,797
1913,173,296
1914,173,404
1915,173,469
1916,173,191
1917,173,392
1918,173,809
1919,173,126
1920,173,23
1921,173,1029
1922,173,62
1923,173,669
1924,173,302
1925,173,948
1926,173,1051
1927,173,327
1928,173,701
1929,173,629
1930,173,968
1931,173,1026
1932,173,1060
1933,173,880
1934,173,939
1935,173,38
1936,173,1046
1937,173,318
1938,173,45
1939,173,729
1940,173,577
1941,173,621
1942,173,815
1943,173,1021
1944,173,1010
1945,173,490
1946,173,71
1947,173,735
1948,173,349
1949,173,596
1950,173,1084
1951,173,133
1952,173,804
1953,173,634
1954,173,218
1955,173,829
1956,173,183
1957,173,90
1958,173,122
1959,173,720
1960,173,89
1961,173,92
1962,173,867
1963,173,994
1964,173,1042
1965,173,255
1966,173,807
1967,173,260
1968,173,259
1969,173,443
1970,173,635
1971,173,382
1972,173,563
1973,173,718
1974,173,869
1975,173,744
1976,173,103
1977,173,1050
1978,173,494
1979,173,1117
1980,173,1028
1981,173,207
1982,173,262
1983,173,408
1984,173,996
1985,173,91
1986,173,403
1987,173,622
1988,173,481
1989,173,586
1990,173,565
1991,173,105
1992,173,156
1993,173,573
1994,173,733
1995,173,1018
1996,173,83
1997,173,459
1998,173,233
1999,173,670
2000,173,836
2001,173,417
2002,173,405
2003,173,891
2004,173,521
2005,173,515
2006,173,715
2007,173,1078
2008,173,147
2009,173,340
2010,173,495
2011,173,638
2012,173,1097
2013,173,330
2014,173,388
2015,173,198
2016,173,432
2017,173,611
2018,173,986
2019,173,140
2020,173,852
2021,173,897
2022,173,267
2023,173,732
2024,173,1070
2025,173,927
2026,173,240
2027,173,780
2028,173,747
2029,173,1112
2030,173,822
2031,173,10
2032,173,643
2033,173,189
2034,173,356
2035,173,1014
2036,173,5
2037,173,696
2038,173,100
2039,173,457
2040,173,833
2041,173,284
2042,173,1002
2043,173,1062
2044,173,1110
2045,173,661
2046,173,513
2047,173,410
2048,173,1048
2049,173,297
2050,173,511
2051,173,752
2052,173,757
2053,173,980
2054,173,702
2055,173,433
2056,173,510
2057,173,658
2058,173,120
2059,173,681
2060,173,170
2061,173,765
2062,173,352
2063,173,784
2064,173,29
2065,173,758
2066,173,160
2067,173,486
2068,173,958
2069,173,998
2070,173,993
2071,173,1004
2072,173,854
2073,173,783
2074,173,0
2075,173,985
2076,173,261
2077,173,44
2078,173,913
2079,173,888
2080,173,237
2081,173,685
2082,173,918
2083,173,1094
2084,173,174
2085,173,106
2086,173,739
2087,173,911
2088,173,740
2089,173,1068
2090,173,411
2091,173,317
2092,173,266
2093,173,168
2094,173,915
2095,173,87
2096,173,908
2097,173,298
2098,173,734
2099,173,1108
2100,173,781
2101,173,489
2102,173,306
2103,173,1055
2104,175,1
2105,175,1029
2106,175,363
2107,175,910
2108,175,534
2109,175,558
2110,175,480
2111,175,1045
2112,175,275
2113,175,912
2114,175,502
2115,175,996
2116,175,280
2117,175,776
2118,175,61
2119,175,1085
2120,175,949
2121,175,147
2122,175,851
2123,175,413
2124,175,921
2125,175,974
2126,175,235
2127,175,289
2128,175,24
2129,175,110
2130,175,995
2131,175,535
2132,175,855
2133,175,798
2134,175,0
2135,175,379
2136,175,551
2137,175,365
2138,175,525
2139,175,1109
2140,175,990
2141,175,178
2142,175,650
2143,175,217
2144,175,462
2145,175,591
2146,175,399
2147,175,1044
2148,175,1106
2149,175,839
2150,175,592
2151,175,948
2152,175,615
2153,175,841
2154,175,92
2155,175,412
2156,175,273
2157,175,774
2158,175,1027
2159,175,81
2160,175,463
2161,175,326
2162,175,721
2163,175,734
2164,175,587
2165,175,460
2166,175,1020
2167,175,253
2168,175,210
2169,175,775
2170,175,416
2171,175,740
2172,175,1024
2173,175,1066
2174,175,500
2175,175,658
2176,175,1011
2177,175,342
2178,175,1055
2179,175,981
2180,175,819
2181,175,290
2182,175,1019
2183,175,225
2184,175,588
2185,175,384
2186,175,316
2187,175,992
2188,175,5
2189,175,268
2190,175,172
2191,175,435
2192,175,831
2193,175,277
2194,175,720
2195,175,356
2196,175,173
2197,175,176
2198,175,306
2199,175,97
2200,175,853
2201,175,884
2202,175,149
2203,175,116
2204,175,646
2205,175,941
2206,175,495
2207,175,647
2208,175,1005
2209,175,919
2210,175,957
2211,175,752
2212,175,661
2213,175,878
2214,175,730
2215,175,417
2216,175,389
2217,175,805
2218,175,57
2219,175,298
2220,175,795
2221,175,177
2222,175,157
2223,175,975
2224,175,1063
2225,175,127
2226,175,1087
2227,175,378
2228,175,1038
2229,175,735
2230,175,132
2231,175,656
2232,175,1031
2233,175,512
2234,175,14
2235,175,361
2236,175,727
2237,175,743
2238,175,50
2239,175,355
2240,175,793
2241,175,597
2242,175,668
2243,175,699
2244,175,958
2245,175,371
2246,175,1110
2247,175,590
2248,175,55
2249,175,1096
2250,175,833
2251,175,731
2252,175,537
2253,175,978
2254,175,243
2255,175,452
2256,175,267
2257,175,612
2258,175,134
2259,175,221
2260,175,511
2261,175,732
2262,175,719
2263,175,865
2264,175,653
2265,175,652
2266,175,459
2267,175,750
2268,175,766
2269,175,787
2270,175,334
2271,175,333
2272,175,419
2273,175,608
2274,175,986
2275,175,559
2276,175,1089
2277,175,204
2278,175,780
2279,175,1039
2280,175,21
2281,175,742
2282,175,815
2283,175,915
2284,175,724
2285,175,159
2286,175,691
2287,175,677
2288,175,789
2289,175,53
2290,175,523
2291,175,942
2292,175,959
2293,175,880
2294,175,663
2295,175,961
2296,175,533
2297,175,441
2298,175,286
2299,175,118
2300,175,45
2301,175,448
2302,175,17
2303,175,330
2304,175,411
2305,175,745
2306,175,905
2307,175,135
2308,175,284
2309,175,126
2310,175,1068
2311,175,162
2312,175,403
2313,175,49
2314,175,105
2315,175,761
2316,175,550
2317,175,779
2318,175,255
2319,175,313
2320,175,295
2321,175,1012
2322,175,474
2323,175,873
2324,175,1118
2325,175,300
2326,175,630
2327,175,271
2328,175,681
2329,175,596
2330,175,625
2331,175,570
2332,175,43
2333,175,260
2334,175,835
2335,175,1064
2336,175,488
2337,175,645
2338,175,111
2339,175,420
2340,175,548
2341,175,165
2342,175,827
2343,175,980
2344,175,857
2345,175,15
2346,175,670
2347,175,1094
2348,175,982
2349,175,129
2350,175,1033
2351,175,66
2352,175,736
2353,175,42
2354,175,72
2355,175,842
2356,175,483
2357,175,674
2358,175,844
2359,175,426
2360,175,785
2361,175,577
2362,175,836
2363,175,687
2364,175,979
2365,175,370
2366,175,272
2367,175,168
2368,175,349
2369,175,892
2370,175,875
2371,175,1076
2372,175,712
2373,175,692
2374,175,121
2375,175,436
2376,175,816
2377,175,296
2378,175,934
2379,175,611
2380,175,572
2381,175,843
2382,175,698
2383,175,520
2384,175,922
2385,175,999
2386,175,32
2387,175,197
2388,175,491
2389,175,202
2390,175,617
2391,175,814
2392,175,46
2393,175,885
2394,175,239
2395,175,429
2396,175,395
2397,175,806
2398,175,34
2399,175,180
2400,175,993
2401,175,562
2402,175,71
2403,175,1008
2404,175,359
2405,175,856
2406,175,1080
2407,175,796
2408,175,231
2409,175,259
2410,175,191
2411,175,494
2412,175,438
2413,175,1046
2414,175,733
2415,175,428
2416,175,84
2417,175,897
2418,175,85
2419,175,870
2420,175,840
2421,175,510
2422,175,233
2423,175,1007
2424,175,1010
2425,175,1070
2426,175,1017
2427,175,786
2428,175,1115
2429,175,382
2430,175,13
2431,175,810
2432,175,916
2433,175,252
2434,175,939
2435,175,666
2436,175,568
2437,175,310
2438,175,390
2439,175,187
2440,175,1014
2441,175,181
2442,175,703
2443,175,29
2444,175,1015
2445,175,156
2446,175,9
2447,175,446
2448,175,544
2449,175,585
2450,175,869
2451,175,756
2452,175,931
2453,175,287
2454,175,850
2455,175,956
2456,175,285
2457,175,709
2458,175,518
2459,175,714
2460,175,602
2461,175,142
2462,175,708
2463,175,315
2464,175,314
2465,175,578
2466,175,824
2467,175,307
2468,175,554
2469,175,471
2470,175,642
2471,175,886
2472,175,386
2473,175,1053
2474,175,605
2475,175,825
2476,175,20
2477,175,887
2478,175,560
2479,175,67
2480,175,900
2481,175,637
2482,175,261
2483,175,56
2484,175,621
2485,175,1000
2486,175,800
2487,175,432
2488,175,648
2489,175,638
2490,175,863
2491,175,862
2492,175,115
2493,175,336
2494,175,325
2495,175,297
2496,175,1083
2497,175,631
2498,175,402
2499,175,932
2500,175,40
2501,175,723
2502,175,760
2503,175,896
2504,175,64
2505,175,237
2506,175,329
2507,175,222
2508,175,163
2509,175,505
2510,175,220
2511,175,263
2512,175,899
2513,175,563
2514,175,475
2515,175,130
2516,175,945
2517,175,497
2518,175,1062
2519,175,1051
2520,175,443
2521,175,457
2522,175,924
2523,175,96
2524,175,302
2525,175,41
2526,175,112
2527,175,926
2528,175,77
2529,175,431
2530,175,78
2531,175,673
2532,175,859
2533,175,594
2534,175,547
2535,175,820
2536,175,392
2537,175,984
2538,175,669
2539,175,262
2540,175,702
2541,175,1111
2542,175,444
2543,175,968
2544,175,440
2545,175,1104
2546,175,521
2547,175,324
2548,175,397
2549,175,385
2550,175,207
2551,175,1021
2552,175,575
2553,175,86
2554,175,659
2555,175,304
2556,178,548
2557,178,851
2558,178,282
2559,178,526
2560,178,664
2561,178,666
2562,178,983
2563,178,802
2564,178,962
2565,178,240
2566,178,1057
2567,178,256
2568,178,593
2569,178,655
2570,178,1089
2571,178,503
2572,178,136
2573,178,869
2574,178,82
2575,178,249
2576,178,723
2577,178,187
2578,178,316
2579,178,191
2580,178,636
2581,178,615
2582,178,218
2583,178,998
2584,178,602
2585,178,411
2586,178,538
2587,178,248
2588,178,434
2589,178,673
2590,178,429
2591,178,605
2592,178,711
2593,178,1096
2594,178,217
2595,178,318
2596,178,325
2597,178,609
2598,178,1020
2599,178,508
2600,178,574
2601,178,386
2602,178,879
2603,178,314
2604,178,990
2605,178,559
2606,178,359
2607,178,1064
2608,178,663
2609,178,570
2610,178,973
2611,178,127
2612,178,143
2613,178,134
2614,178,425
2615,178,1086
2616,178,1027
2617,178,536
2618,178,682
2619,178,975
2620,178,751
2621,178,596
2622,178,617
2623,178,544
2624,178,41
2625,178,238
2626,178,812
2627,178,1022
2628,178,708
2629,178,354
2630,178,552
2631,178,818
2632,178,452
2633,178,623
2634,178,40
2635,178,194
2636,178,465
2637,178,831
2638,178,122
2639,178,38
2640,178,760
2641,178,696
2642,178,1012
2643,178,995
2644,178,330
2645,178,384
2646,178,210
2647,178,888
2648,178,1071
2649,178,1104
2650,178,986
2651,178,202
2652,178,1087
2653,178,979
2654,178,691
2655,178,612
2656,178,469
2657,178,1016
2658,178,732
2659,178,712
2660,178,1003
2661,178,34
2662,178,232
2663,178,25
2664,178,758
2665,178,840
2666,178,44
2667,178,784
2668,178,629
2669,178,959
2670,178,834
2671,178,798
2672,178,810
2673,178,154
2674,178,475
2675,178,437
2676,178,1014
2677,178,598
2678,178,833
2679,178,1063
2680,178,1033
2681,178,985
2682,178,627
2683,178,277
2684,178,709
2685,178,308
2686,178,566
2687,178,148
2688,178,392
2689,178,934
2690,178,580
2691,178,747
2692,178,226
2693,178,1040
2694,178,988
2695,178,97
2696,178,45
2697,178,35
2698,178,739
2699,178,626
2700,178,864
2701,178,239
2702,178,906
2703,178,669
2704,178,91
2705,178,946
2706,178,443
2707,178,767
2708,178,921
2709,178,328
2710,178,625
2711,178,967
2712,178,67
2713,178,146
2714,178,554
2715,178,75
2716,178,1029
2717,178,436
2718,178,169
2719,178,980
2720,178,438
2721,178,1073
2722,178,258
2723,178,294
2724,178,163
2725,178,372
2726,178,551
2727,178,839
2728,178,1094
2729,178,1026
2730,178,343
2731,178,478
2732,178,974
2733,178,59
2734,178,454
2735,178,689
2736,178,137
2737,178,981
2738,178,380
2739,178,591
2740,178,484
2741,178,42
2742,178,777
2743,178,151
2744,178,375
2745,178,275
2746,178,844
2747,178,783
2748,178,499
2749,178,467
2750,178,738
2751,178,750
2752,178,912
2753,178,891
2754,178,480
2755,178,80
2756,178,220
2757,178,483
2758,178,125
2759,178,564
2760,178,843
2761,178,1041
2762,178,913
2763,178,8
2764,178,899
2765,178,498
2766,178,884
2767,178,640
2768,178,652
2769,178,276
2770,178,504
2771,178,1058
2772,178,692
2773,178,772
2774,178,0
2775,178,662
2776,178,926
2777,178,1059
2778,178,1032
2779,178,745
2780,178,225
2781,178,746
2782,178,117
2783,178,404
2784,178,1018
2785,178,730
2786,178,743
2787,178,289
2788,178,131
2789,178,461
2790,178,950
2791,178,724
2792,178,252
2793,178,645
2794,178,545
2795,178,736
2796,178,671
2797,178,690
2798,178,71
2799,178,472
2800,178,698
2801,178,936
2802,178,32
2803,178,572
2804,178,267
2805,178,892
2806,178,199
2807,178,98
2808,178,168
2809,178,680
2810,178,761
2811,178,493
2812,178,883
2813,178,488
2814,178,502
2815,178,432
2816,178,744
2817,178,200
2818,178,299
2819,178,494
2820,178,857
2821,178,247
2822,178,654
2823,178,695
2824,178,870
2825,178,428
2826,178,215
2827,178,93
2828,178,159
2829,178,373
2830,178,1062
2831,178,567
2832,178,621
2833,178,305
2834,178,1028
2835,178,489
2836,178,231
2837,178,24
2838,178,837
2839,178,265
2840,178,78
2841,178,193
2842,178,29
2843,178,69
2844,178,877
2845,178,167
2846,178,293
2847,178,235
2848,178,433
2849,178,819
2850,178,1090
2851,178,410
2852,178,793
2853,178,865
2854,178,868
2855,178,426
2856,178,992
2857,178,1115
2858,178,827
2859,178,997
2860,178,440
2861,178,1119
2862,178,161
2863,178,141
2864,178,505
2865,178,860
2866,178,1085
2867,178,688
2868,178,534
2869,178,1117
2870,178,547
2871,178,250
2872,178,923
2873,178,937
2874,178,779
2875,178,111
2876,178,1031
2877,178,213
2878,178,164
2879,178,31
2880,178,875
2881,178,685
2882,178,37
2883,178,115
2884,178,852
2885,178,561
2886,178,88
2887,178,405
2888,178,769
2889,178,13
2890,178,27
2891,178,255
2892,178,571
2893,178,795
2894,178,1111
2895,178,427
2896,178,307
2897,178,94
2898,178,642
2899,178,836
2900,178,741
2901,178,274
2902,178,186
2903,178,192
2904,178,919
2905,178,1075
2906,178,383
2907,178,886
2908,178,221
2909,178,646
2910,178,160
2911,178,1112
2912,178,1039
2913,178,389
2914,178,477
2915,178,584
2916,178,748
2917,178,1007
2918,178,72
2919,178,378
2920,178,656
2921,178,366
2922,178,715
2923,178,442
2924,178,978
2925,178,849
2926,178,905
2927,178,776
2928,178,546
2929,178,468
2930,178,17
2931,178,714
2932,178,338
2933,178,490
2934,178,771
2935,178,471
2936,178,780
2937,178,1045
2938,178,174
2939,178,96
2940,178,638
2941,178,511
2942,178,120
2943,178,1052
2944,178,43
2945,178,1065
2946,178,205
2947,178,770
2948,178,756
2949,178,945
2950,178,224
2951,178,270
2952,178,55
2953,178,651
2954,178,955
2955,178,611
2956,178,101
2957,178,577
2958,178,138
2959,178,214
2960,178,820
2961,178,941
2962,178,1082
2963,178,379
2964,178,479
2965,178,358
2966,178,786
2967,178,896
2968,178,549
2969,178,775
2970,178,824
2971,178,557
2972,178,156
2973,178,304
2974,178,822
2975,178,581
2976,178,3
2977,178,263
2978,178,219
2979,178,1024
2980,178,848
2981,178,22
2982,178,825
2983,178,153
2984,178,18
2985,178,801
2986,178,677
2987,178,130
2988,178,845
2989,178,603
2990,178,95
2991,178,592
2992,178,563
2993,178,334
2994,178,118
2995,178,173
2996,178,542
2997,178,684
2998,178,460
2999,178,51
3000,178,742
3001,178,535
3002,178,735
3003,178,858
3004,178,2
3005,178,924
3006,178,523
3007,178,727
3008,178,927
3009,178,46
3010,178,278
3011,178,915
3012,178,11
3013,178,643
3014,178,152
3015,178,874
3016,178,1078
3017,178,661
3018,178,1070
3019,178,271
3020,178,787
3021,178,53
3022,178,57
3023,178,806
3024,178,165
3025,178,61
3026,178,631
3027,178,805
3028,178,929
3029,178,938
3030,178,961
3031,178,928
3032,178,435
3033,178,792
3034,178,622
3035,178,106
3036,178,398
3037,178,516
3038,178,64
3039,178,679
3040,178,123
3041,178,368
3042,178,323
3043,178,295
3044,178,639
3045,178,607
3046,178,110
3047,178,464
3048,178,85
3049,178,578
3050,178,124
3051,178,491
3052,178,421
3053,178,660
3054,178,817
3055,178,703
3056,178,23
3057,178,1008
3058,178,463
3059,178,697
3060,178,466
3061,178,1109
3062,178,1108
3063,178,58
3064,178,500
3065,178,62
3066,178,789
3067,178,963
3068,178,922
3069,178,374
3070,178,630
3071,178,1074
3072,178,445
3073,178,180
3074,178,681
3075,178,841
3076,178,871
3077,178,419
3078,178,344
3079,178,129
3080,178,765
3081,178,230
3082,178,699
3083,178,908
3084,178,313
3085,178,476
3086,178,707
3087,178,773
3088,178,722
3089,178,1068
3090,178,223
3091,178,513
3092,178,1004
3093,178,19
3094,178,1110
3095,178,920
3096,178,311
3097,178,594
3098,178,766
3099,178,77
3100,178,863
3101,178,414
3102,178,1042
3103,178,377
3104,178,347
3105,178,309
3106,178,811
3107,178,261
3108,178,145
3109,178,799
3110,178,268
3111,178,121
3112,178,413
3113,178,197
3114,178,634
3115,178,737
3116,178,788
3117,178,755
3118,178,6
3119,178,930
3120,178,446
3121,178,74
3122,178,109
3123,178,1010
3124,178,674
3125,178,1083
3126,178,815
3127,178,944
3128,178,994
3129,178,916
3130,178,719
3131,178,931
3132,178,112
3133,178,272
3134,178,361
3135,178,246
3136,178,329
3137,178,81
3138,178,900
3139,178,650
3140,178,73
3141,178,828
3142,178,63
3143,178,9
3144,178,867
3145,178,79
3146,178,181
3147,178,140
3148,178,658
3149,178,431
3150,178,521
3151,178,876
3152,178,752
3153,178,76
3154,178,958
3155,178,302
3156,178,341
3157,178,1080
3158,178,757
3159,178,506
3160,178,204
3161,178,670
3162,178,87
3163,178,991
3164,178,355
3165,178,346
3166,178,222
3167,178,778
3168,178,633
3169,178,510
3170,178,854
3171,178,104
3172,178,306
3173,181,629
3174,181,976
3175,181,343
3176,181,268
3177,181,124
3178,181,1072
3179,181,1058
3180,181,96
3181,181,1041
3182,181,766
3183,181,1096
3184,181,418
3185,181,957
3186,181,31
3187,181,975
3188,181,359
3189,181,727
3190,181,680
3191,181,601
3192,181,1079
3193,181,306
3194,181,607
3195,181,1045
3196,181,188
3197,181,635
3198,181,968
3199,181,87
3200,181,1044
3201,181,866
3202,181,495
3203,181,273
3204,181,713
3205,181,638
3206,181,970
3207,181,280
3208,181,24
3209,181,50
3210,181,1038
3211,181,579
3212,181,1062
3213,181,240
3214,181,148
3215,181,562
3216,181,423
3217,181,535
3218,181,567
3219,181,225
3220,181,160
3221,181,405
3222,181,550
3223,181,716
3224,181,474
3225,181,921
3226,181,814
3227,181,801
3228,181,1048
3229,181,274
3230,181,272
3231,181,874
3232,181,609
3233,181,786
3234,181,1024
3235,181,981
3236,181,392
3237,181,883
3238,181,25
3239,181,517
3240,181,611
3241,181,958
3242,181,730
3243,181,503
3244,181,1036
3245,181,186
3246,181,518
3247,181,793
3248,181,1055
3249,181,386
3250,181,574
3251,181,578
3252,181,470
3253,181,472
3254,181,153
3255,181,873
3256,181,719
3257,181,97
3258,181,594
3259,181,459
3260,181,744
3261,181,119
3262,181,852
3263,181,984
3264,181,721
3265,181,598
3266,181,858
3267,181,1064
3268,181,121
3269,181,299
3270,181,928
3271,181,438
3272,181,428
3273,181,417
3274,181,439
3275,181,1110
3276,181,1050
3277,181,462
3278,181,290
3279,181,909
3280,181,275
3281,181,61
3282,181,393
3283,181,749
3284,181,949
3285,181,103
3286,181,741
3287,181,996
3288,181,1097
3289,181,660
3290,181,1026
3291,181,117
3292,181,314
3293,181,592
3294,181,599
3295,181,1005
3296,181,56
3297,181,512
3298,181,584
3299,181,1007
3300,181,287
3301,181,372
3302,181,156
3303,181,414
3304,181,59
3305,181,653
3306,181,895
3307,181,788
3308,181,86
3309,181,317
3310,181,111
3311,181,985
3312,181,152
3313,181,1039
3314,181,694
3315,181,588
3316,181,886
3317,181,540
3318,181,164
3319,181,460
3320,181,46
3321,181,586
3322,194,933
3323,194,513
3324,194,943
3325,194,119
3326,194,198
3327,194,652
3328,194,135
3329,194,1030
3330,194,103
3331,194,388
3332,194,329
3333,194,616
3334,194,929
3335,194,371
3336,194,581
3337,194,748
3338,194,74
3339,194,618
3340,194,561
3341,194,416
3342,194,669
3343,194,1072
3344,194,1036
3345,194,352
3346,194,499
3347,194,453
3348,194,425
3349,194,1086
3350,194,536
3351,194,236
3352,194,967
3353,194,417
3354,194,219
3355,194,1002
3356,194,94
3357,194,449
3358,194,792
3359,194,975
3360,194,928
3361,194,724
3362,194,682
3363,194,253
3364,194,101
3365,194,419
3366,194,647
3367,194,762
3368,194,409
3369,194,714
3370,194,346
3371,194,207
3372,194,217
3373,194,851
3374,194,269
3375,194,297
3376,194,1057
3377,194,763
3378,194,313
3379,194,1028
3380,194,454
3381,194,13
3382,194,578
3383,194,273
3384,194,719
3385,194,798
3386,194,366
3387,194,571
3388,194,304
3389,194,481
3390,194,958
3391,194,102
3392,194,45
3393,194,120
3394,194,868
3395,194,111
3396,194,931
3397,194,82
3398,194,369
3399,194,664
3400,194,971
3401,194,866
3402,194,1090
3403,194,726
3404,194,701
3405,194,643
3406,194,812
3407,194,231
3408,194,869
3409,194,799
3410,194,495
3411,194,169
3412,194,115
3413,194,375
3414,194,845
3415,194,73
3416,194,1078
3417,194,344
3418,194,485
3419,194,944
3420,194,646
3421,194,1074
3422,194,586
3423,194,1083
3424,194,427
3425,194,1000
3426,194,114
3427,205,70
3428,205,1055
3429,205,436
3430,205,742
3431,205,141
3432,205,714
3433,205,494
3434,205,594
3435,205,617
3436,205,543
3437,205,957
3438,205,708
3439,205,1003
3440,205,298
3441,205,35
3442,205,25
3443,205,733
3444,205,254
3445,205,76
3446,205,1031
3447,205,990
3448,205,215
3449,205,13
3450,205,703
3451,205,1000
3452,205,461
3453,205,627
3454,205,72
3455,205,1097
3456,205,867
3457,205,1071
3458,205,937
3459,205,621
3460,205,578
3461,205,77
3462,205,643
3463,205,466
3464,205,363
3465,205,833
3466,205,842
3467,205,445
3468,205,635
3469,205,713
3470,205,218
3471,205,485
3472,205,820
3473,205,187
3474,205,459
3475,205,601
3476,205,869
3477,205,475
3478,205,692
3479,205,439
3480,205,6
3481,205,230
3482,205,45
3483,205,697
3484,205,884
3485,205,104
3486,205,417
3487,205,928
3488,205,397
3489,205,633
3490,205,34
3491,205,609
3492,205,997
3493,205,526
3494,205,147
3495,205,981
3496,205,968
3497,205,87
3498,205,138
3499,205,495
3500,205,1068
3501,205,687
3502,205,534
3503,205,667
3504,205,699
3505,205,92
3506,205,788
3507,205,489
3508,205,508
3509,205,887
3510,205,581
3511,205,410
3512,205,17
3513,205,670
3514,205,789
3515,205,502
3516,205,602
3517,205,646
3518,205,9
3519,205,58
3520,205,453
3521,205,1011
3522,205,295
3523,205,910
3524,205,237
3525,205,781
3526,205,723
3527,205,273
3528,205,465
3529,205,85
3530,205,736
3531,205,73
3532,205,933
3533,205,189
3534,205,137
3535,205,42
3536,205,513
3537,205,375
3538,205,69
3539,205,106
3540,205,919
3541,205,1024
3542,205,885
3543,205,618
3544,205,1021
3545,205,318
3546,205,419
3547,205,870
3548,205,143
3549,205,575
3550,205,739
3551,205,822
3552,205,1073
3553,205,110
3554,205,1014
3555,205,818
3556,205,309
3557,205,219
3558,205,664
3559,205,948
3560,205,752
3561,205,498
3562,205,339
3563,205,1084
3564,205,729
3565,205,346
3566,205,944
3567,205,763
3568,205,202
3569,205,102
3570,205,816
3571,205,1086
3572,205,161
3573,205,538
3574,205,514
3575,205,843
3576,205,888
3577,205,1058
3578,205,864
3579,205,251
3580,205,765
3581,205,26
3582,205,564
3583,205,374
3584,205,304
3585,205,238
3586,205,772
3587,205,862
3588,205,866
3589,205,727
3590,205,19
3591,205,431
3592,205,191
3593,205,302
3594,205,565
3595,205,267
3596,205,473
3597,205,63
3598,205,989
3599,205,738
3600,205,451
3601,205,571
3602,205,496
3603,205,420
3604,205,177
3605,205,1116
3606,205,511
3607,205,486
3608,205,263
3609,205,361
3610,205,536
3611,205,1074
3612,205,399
3613,205,93
3614,205,30
3615,205,163
3616,205,175
3617,205,992
3618,205,1044
3619,205,547
3620,205,975
3621,205,1034
3622,205,829
3623,205,913
3624,205,637
3625,205,112
3626,205,292
3627,205,71
3628,205,460
3629,205,934
3630,205,140
3631,205,971
3632,205,873
3633,205,835
3634,205,755
3635,205,967
3636,205,280
3637,205,652
3638,205,192
3639,205,315
3640,205,131
3641,205,169
3642,205,1110
3643,205,457
3644,205,260
3645,205,721
3646,205,839
3647,205,656
3648,205,896
3649,205,509
3650,205,3
3651,205,624
3652,205,371
3653,205,542
3654,205,405
3655,205,597
3656,205,395
3657,205,409
3658,205,659
3659,205,462
3660,205,774
3661,205,516
3662,205,36
3663,205,158
3664,205,929
3665,205,350
3666,205,1042
3667,205,905
3668,205,288
3669,205,358
3670,205,984
3671,205,204
3672,205,1072
3673,205,418
3674,205,262
3675,205,124
3676,205,695
3677,205,148
3678,205,84
3679,205,226
3680,205,1063
3681,205,208
3682,205,78
3683,205,636
3684,205,281
3685,205,250
3686,205,878
3687,205,119
3688,205,806
3689,205,773
3690,205,886
3691,205,672
3692,205,559
3693,205,580
3694,205,340
3695,205,553
3696,205,377
3697,205,135
3698,205,719
3699,205,994
3700,205,645
3701,205,750
3702,205,1050
3703,205,385
3704,205,2
3705,205,1119
3706,205,27
3707,205,95
3708,205,434
3709,205,679
3710,205,521
3711,205,734
3712,205,271
3713,205,329
3714,205,1027
3715,205,634
3716,205,505
3717,205,327
3718,205,1013
3719,205,151
3720,205,369
3721,205,168
3722,205,145
3723,205,120
3724,205,171
3725,205,222
3726,205,154
3727,205,958
3728,205,97
3729,205,1005
3730,205,868
3731,205,945
3732,205,911
3733,205,317
3734,205,480
3735,205,591
3736,205,1065
3737,205,210
3738,205,213
3739,205,349
3740,205,126
3741,205,354
3742,205,915
3743,205,398
3744,205,101
3745,205,440
3746,205,1083
3747,220,356
3748,220,812
3749,220,926
3750,220,446
3751,220,651
3752,220,78
3753,220,714
3754,220,540
3755,220,745
3756,220,970
3757,220,892
3758,220,153
3759,220,236
3760,220,684
3761,220,636
3762,220,711
3763,220,532
3764,220,990
3765,220,685
3766,220,418
3767,220,630
3768,220,992
3769,220,1094
3770,220,673
3771,220,562
3772,220,730
3773,220,30
3774,220,388
3775,220,797
3776,220,79
3777,220,249
3778,220,747
3779,220,664
3780,220,27
3781,220,536
3782,220,284
3783,220,271
3784,220,909
3785,220,423
3786,220,751
3787,220,127
3788,220,507
3789,220,726
3790,220,568
3791,220,432
3792,220,295
3793,220,1045
3794,220,329
3795,220,548
3796,220,165
3797,220,793
3798,220,586
3799,220,498
3800,220,96
3801,220,574
3802,220,193
3803,220,1062
3804,220,828
3805,220,923
3806,220,876
3807,220,299
3808,220,32
3809,220,73
3810,220,905
3811,220,1002
3812,220,1101
3813,220,983
3814,220,72
3815,220,417
3816,220,739
3817,220,281
3818,220,187
3819,220,251
3820,220,117
3821,220,754
3822,220,899
3823,220,140
3824,220,429
3825,220,587
3826,220,985
3827,220,877
3828,220,45
3829,220,789
3830,220,848
3831,220,225
3832,220,440
3833,220,339
3834,220,547
3835,220,1057
3836,220,1063
3837,220,31
3838,220,901
3839,220,1041
3840,220,543
3841,220,596
3842,220,643
3843,220,1039
3844,220,333
3845,220,156
3846,220,317
3847,220,387
3848,220,340
3849,235,162
3850,235,1097
3851,235,727
3852,235,619
3853,235,137
3854,235,640
3855,235,154
3856,235,53
3857,235,976
3858,235,1011
3859,235,765
3860,235,542
3861,235,580
3862,235,761
3863,235,60
3864,235,412
3865,235,341
3866,235,397
3867,235,82
3868,235,769
3869,235,424
3870,235,438
3871,235,835
3872,235,503
3873,235,963
3874,235,219
3875,235,86
3876,235,352
3877,235,489
3878,235,349
3879,235,61
3880,235,46
3881,235,109
3882,235,237
3883,235,297
3884,235,690
3885,235,106
3886,235,934
3887,235,340
3888,235,615
3889,235,124
3890,235,721
3891,235,657
3892,235,246
3893,235,677
3894,235,457
3895,235,357
3896,235,298
3897,235,692
3898,235,1083
3899,235,488
3900,235,1028
3901,235,621
3902,235,167
3903,235,878
3904,235,982
3905,235,968
3906,235,126
3907,235,1029
3908,235,183
3909,235,563
3910,235,626
3911,235,114
3912,235,313
3913,235,796
3914,235,762
3915,235,1005
3916,235,597
3917,235,925
3918,235,865
3919,235,932
3920,235,148
3921,235,1117
3922,235,88
3923,235,544
3924,235,1037
3925,235,779
3926,235,816
3927,235,950
3928,235,1052
3929,235,115
3930,235,369
3931,235,57
3932,235,948
3933,235,354
3934,235,691
3935,235,974
3936,235,1057
3937,235,493
3938,235,916
3939,235,668
3940,235,618
3941,235,4
3942,235,377
3943,235,999
3944,235,15
3945,235,361
3946,235,491
3947,235,123
3948,235,518
3949,235,992
3950,235,1110
3951,235,272
3952,235,603
3953,235,103
3954,235,110
3955,235,943
3956,235,663
3957,235,719
3958,235,831
3959,235,521
3960,235,19
3961,235,230
3962,235,781
3963,235,1024
3964,235,480
3965,235,843
3966,235,1002
3967,235,741
3968,235,983
3969,235,775
3970,235,708
3971,235,753
3972,235,94
3973,235,980
3974,235,451
3975,235,294
3976,235,911
3977,235,914
3978,235,421
3979,235,871
3980,235,1
3981,235,316
3982,235,170
3983,235,1044
3984,235,581
3985,235,260
3986,235,908
3987,235,635
3988,235,486
3989,235,763
3990,235,933
3991,235,624
3992,235,453
3993,235,837
3994,235,534
3995,235,481
3996,235,104
3997,235,699
3998,235,440
3999,235,605
4000,235,792
4001,235,1033
4002,235,222
4003,235,329
4004,235,34
4005,235,752
4006,235,733
4007,235,648
4008,235,912
4009,235,962
4010,235,667
4011,235,1055
4012,235,1050
4013,235,72
4014,235,509
4015,235,250
4016,235,445
4017,235,226
4018,235,395
4019,235,339
4020,235,712
4021,235,149
4022,235,526
4023,235,173
4024,235,379
4025,235,927
4026,235,47
4027,235,550
4028,235,96
4029,235,586
4030,235,202
4031,235,689
4032,235,869
4033,235,1119
4034,235,737
4035,235,666
4036,235,844
4037,235,375
4038,235,714
4039,235,634
4040,235,557
4041,235,913
4042,235,552
4043,235,795
4044,235,996
4045,235,9
4046,235,827
4047,235,989
4048,235,1014
4049,235,679
4050,235,849
4051,235,726
4052,235,659
4053,235,1010
4054,235,1092
4055,235,213
4056,235,169
4057,235,520
4058,235,171
4059,235,839
4060,235,842
4061,235,777
4062,235,899
4063,235,31
4064,235,822
4065,235,187
4066,235,255
4067,235,743
4068,235,145
4069,235,562
4070,235,6
4071,235,1048
4072,235,210
4073,235,270
4074,235,236
4075,235,900
4076,235,281
4077,235,42
4078,235,112
4079,235,119
4080,235,142
4081,235,180
4082,235,224
4083,235,198
4084,235,378
4085,235,83
4086,235,356
4087,235,538
4088,235,617
4089,235,565
4090,235,929
4091,235,490
4092,235,1102
4093,235,1054
4094,235,627
4095,235,669
4096,235,439
4097,235,231
4098,235,591
4099,235,975
4100,235,73
4101,235,460
4102,235,85
4103,235,698
4104,235,612
4105,240,979
4106,240,119
4107,240,906
4108,240,157
4109,240,848
4110,240,540
4111,240,758
4112,240,1106
4113,240,440
4114,240,550
4115,240,123
4116,240,566
4117,240,286
4118,240,862
4119,240,143
4120,240,217
4121,240,53
4122,240,666
4123,240,899
4124,240,115
4125,240,562
4126,240,723
4127,240,299
4128,240,43
4129,240,1055
4130,240,397
4131,240,715
4132,240,744
4133,240,651
4134,240,976
4135,240,478
4136,240,631
4137,240,799
4138,240,1058
4139,240,517
4140,240,1029
4141,240,101
4142,240,878
4143,240,795
4144,240,9
4145,240,559
4146,240,1101
4147,240,462
4148,240,1088
4149,240,1024
4150,240,983
4151,240,833
4152,240,326
4153,240,1109
4154,240,1104
4155,240,325
4156,240,8
4157,240,720
4158,240,923
4159,240,104
4160,240,387
4161,240,1094
4162,240,448
4163,240,650
4164,240,365
4165,240,749
4166,240,874
4167,240,751
4168,240,5
4169,240,386
4170,240,423
4171,240,658
4172,240,729
4173,240,236
4174,240,191
4175,240,892
4176,240,901
4177,240,124
4178,240,249
4179,240,779
4180,240,153
4181,240,358
4182,240,851
4183,240,722
4184,240,1002
4185,240,283
4186,240,876
4187,240,289
4188,240,724
4189,240,928
4190,240,208
4191,240,612
4192,240,126
4193,240,568
4194,240,581
4195,240,797
4196,240,786
4197,240,888
4198,240,495
4199,240,400
4200,240,223
4201,240,929
4202,240,1027
4203,240,507
4204,240,531
4205,240,317
4206,240,432
4207,240,37
4208,240,1048
4209,240,92
4210,240,210
4211,240,323
4212,240,31
4213,240,630
4214,240,147
4215,240,752
4216,240,252
4217,240,32
4218,240,418
4219,240,142
4220,240,259
4221,240,570
4222,247,365
4223,247,131
4224,247,3
4225,247,865
4226,247,329
4227,247,252
4228,247,721
4229,247,908
4230,247,1086
4231,247,436
4232,247,106
4233,247,316
4234,247,42
4235,247,1042
4236,247,862
4237,247,311
4238,247,752
4239,247,807
4240,247,205
4241,247,11
4242,247,975
4243,247,174
4244,247,45
4245,247,635
4246,247,985
4247,247,55
4248,247,804
4249,247,605
4250,247,477
4251,247,995
4252,247,736
4253,247,46
4254,247,1047
4255,247,249
4256,247,666
4257,247,488
4258,247,369
4259,247,297
4260,247,755
4261,247,1068
4262,247,325
4263,247,703
4264,247,959
4265,247,837
4266,247,175
4267,247,1052
4268,247,999
4269,247,523
4270,247,856
4271,247,536
4272,247,1090
4273,247,844
4274,247,119
4275,247,389
4276,247,822
4277,247,202
4278,247,1074
4279,247,253
4280,247,272
4281,247,753
4282,247,873
4283,247,173
4284,247,349
4285,247,1027
4286,247,140
4287,247,198
4288,247,490
4289,247,1016
4290,247,375
4291,247,250
4292,247,663
4293,247,1071
4294,247,842
4295,247,615
4296,247,459
4297,247,798
4298,247,1005
4299,247,94
4300,247,551
4301,247,454
4302,247,246
4303,247,760
4304,247,552
4305,247,621
4306,247,636
4307,247,763
4308,247,930
4309,247,697
4310,247,340
4311,247,213
4312,247,427
4313,247,109
4314,247,1084
4315,247,226
4316,247,1073
4317,247,726
4318,247,1007
4319,247,284
4320,247,934
4321,247,877
4322,247,35
4323,247,1046
4324,247,405
4325,247,382
4326,247,876
4327,247,93
4328,252,1003
4329,252,778
4330,252,737
4331,252,697
4332,252,446
4333,252,105
4334,252,397
4335,252,969
4336,252,1013
4337,252,822
4338,252,811
4339,252,429
4340,252,424
4341,252,547
4342,252,916
4343,252,148
4344,252,423
4345,252,200
4346,252,161
4347,252,168
4348,252,1092
4349,252,333
4350,252,486
4351,252,591
4352,252,1000
4353,252,1018
4354,252,722
4355,252,310
4356,252,515
4357,252,119
4358,252,949
4359,252,959
4360,252,204
4361,252,544
4362,252,771
4363,252,871
4364,252,621
4365,252,986
4366,252,630
4367,252,326
4368,252,228
4369,252,780
4370,252,862
4371,252,624
4372,252,1088
4373,252,295
4374,252,115
4375,252,382
4376,252,117
4377,252,955
4378,252,1037
4379,252,75
4380,252,271
4381,252,827
4382,252,769
4383,252,363
4384,252,134
4385,252,702
4386,252,284
4387,252,175
4388,252,896
4389,252,942
4390,252,86
4391,252,154
4392,252,957
4393,252,909
4394,252,579
4395,252,46
4396,252,1014
4397,252,485
4398,252,806
4399,252,10
4400,252,254
4401,252,315
4402,252,387
4403,252,457
4404,252,1102
4405,252,1054
4406,252,919
4407,252,311
4408,252,23
4409,252,656
4410,252,835
4411,252,374
4412,252,888
4413,252,659
4414,252,609
4415,252,668
4416,252,487
4417,252,237
4418,252,1094
4419,252,268
4420,252,325
4421,252,263
4422,252,4
4423,252,355
4424,252,664
4425,252,711
4426,252,125
4427,252,84
4428,252,73
4429,252,1076
4430,252,513
4431,252,1105
4432,252,874
4433,252,277
4434,252,92
4435,252,633
4436,252,810
4437,252,467
4438,252,784
4439,252,535
4440,252,590
4441,252,497
4442,252,275
4443,252,380
4444,252,939
4445,252,897
4446,252,207
4447,252,617
4448,252,1062
4449,252,947
4450,252,1021
4451,252,499
4452,252,1107
4453,252,853
4454,252,935
4455,252,183
4456,252,1101
4457,252,152
4458,252,792
4459,252,797
4460,252,594
4461,252,357
4462,252,956
4463,252,454
4464,252,322
4465,252,194
4466,252,951
4467,252,828
4468,252,564
4469,252,923
4470,252,837
4471,252,416
4472,252,573
4473,252,798
4474,252,911
4475,252,680
4476,252,1
4477,252,225
4478,252,571
4479,252,1029
4480,252,709
4481,252,297
4482,252,174
4483,252,493
4484,252,101
4485,252,1118
4486,252,97
4487,252,622
4488,252,666
4489,252,269
4490,252,536
4491,252,1011
4492,252,281
4493,252,461
4494,252,883
4495,252,852
4496,252,411
4497,252,877
4498,252,130
4499,252,158
4500,252,814
4501,252,249
4502,252,733
4503,252,948
4504,252,876
4505,252,1002
4506,252,533
4507,252,662
4508,252,945
4509,252,545
4510,252,292
4511,252,103
4512,252,643
4513,252,459
4514,252,439
4515,252,294
4516,252,836
4517,252,466
4518,252,860
4519,252,742
4520,252,320
4521,252,210
4522,252,385
4523,252,1077
4524,252,795
4525,252,627
4526,252,560
4527,252,213
4528,252,323
4529,252,568
4530,252,653
4531,252,191
4532,252,343
4533,252,585
4534,252,1032
4535,252,379
4536,252,1072
4537,252,786
4538,252,44
4539,252,26
4540,252,421
4541,252,176
4542,252,572
4543,252,444
4544,252,652
4545,252,437
4546,252,1075
4547,252,588
4548,252,334
4549,252,488
4550,252,375
4551,252,431
4552,252,469
4553,252,586
4554,252,584
4555,252,1108
4556,252,98
4557,252,762
4558,252,336
4559,252,793
4560,252,712
4561,252,866
4562,252,857
4563,252,110
4564,252,562
4565,252,629
4566,252,260
4567,252,83
4568,252,378
4569,252,449
4570,252,1019
4571,252,368
4572,252,8
4573,252,746
4574,252,1045
4575,252,637
4576,252,642
4577,252,994
4578,252,671
4579,252,167
4580,252,674
4581,252,758
4582,252,819
4583,252,548
4584,252,436
4585,252,186
4586,252,546
4587,252,978
4588,252,873
4589,252,390
4590,252,933
4591,252,708
4592,252,929
4593,252,715
4594,252,802
4595,252,1036
4596,252,899
4597,252,384
4598,252,913
4599,252,842
4600,252,597
4601,252,350
4602,252,383
4603,252,1050
4604,252,851
4605,252,180
4606,252,6
4607,252,389
4608,252,636
4609,252,1068
4610,252,689
4611,252,307
4612,252,495
4613,252,217
4614,252,403
4615,252,418
4616,252,2
4617,252,356
4618,252,506
4619,252,968
4620,252,849
4621,252,1026
4622,252,208
4623,252,1052
4624,252,476
4625,252,178
4626,252,765
4627,252,669
4628,252,525
4629,252,316
4630,252,112
4631,252,739
4632,252,818
4633,252,3
4634,252,1073
4635,252,369
4636,252,293
4637,252,930
4638,252,804
4639,252,478
4640,252,741
4641,252,1097
4642,252,11
4643,252,526
4644,252,775
4645,252,413
4646,252,124
4647,252,720
4648,252,29
4649,252,729
4650,252,480
4651,252,754
4652,252,219
4653,252,638
4654,252,60
4655,252,442
4656,252,135
4657,252,993
4658,252,399
4659,252,832
4660,252,615
4661,252,128
4662,252,667
4663,252,550
4664,252,42
4665,252,845
4666,252,193
4667,252,37
4668,252,177
4669,252,625
4670,252,821
4671,252,87
4672,252,197
4673,252,1042
4674,252,981
4675,252,843
4676,252,365
4677,252,878
4678,252,880
4679,252,69
4680,252,558
4681,252,133
4682,252,616
4683,252,47
4684,252,173
4685,252,96
4686,252,727
4687,252,863
4688,252,534
4689,252,610
4690,252,756
4691,252,800
4692,252,868
4693,252,539
4694,252,146
4695,252,331
4696,252,265
4697,252,817
4698,252,542
4699,252,552
4700,252,551
4701,252,549
4702,252,9
4703,252,854
4704,252,441
4705,252,1020
4706,252,91
4707,252,757
4708,252,554
4709,252,587
4710,252,372
4711,252,631
4712,252,816
4713,252,419
4714,252,483
4715,252,1016
4716,252,248
4717,252,790
4718,252,66
4719,252,285
4720,252,1065
4721,252,848
4722,252,395
4723,252,111
4724,252,503
4725,252,304
4726,252,626
4727,252,61
4728,252,104
4729,252,605
4730,252,346
4731,252,512
4732,252,121
4733,252,371
4734,252,538
4735,252,731
4736,252,288
4737,252,1083
4738,252,788
4739,252,221
4740,252,734
4741,252,49
4742,252,789
4743,252,725
4744,252,1106
4745,252,239
4746,252,505
4747,252,425
4748,252,831
4749,252,639
4750,252,603
4751,252,344
4752,252,963
4753,252,1053
4754,252,623
4755,252,840
4756,252,352
4757,252,887
4758,252,635
4759,252,426
4760,252,703
4761,252,730
4762,252,230
4763,252,224
4764,252,238
4765,252,63
4766,252,484
4767,252,20
4768,252,856
4769,252,74
4770,252,464
4771,252,990
4772,252,267
4773,252,266
4774,252,691
4775,252,1012
4776,252,491
4777,252,1031
4778,252,1008
4779,252,443
4780,252,718
4781,252,980
4782,252,755
4783,252,914
4784,252,900
4785,252,829
4786,252,598
4787,252,1117
4788,252,1078
4789,252,220
4790,252,944
4791,252,251
4792,252,995
4793,252,253
4794,252,273
4795,252,90
4796,252,432
4797,252,100
4798,252,339
4799,252,553
4800,252,223
4801,252,825
4802,252,826
4803,252,645
4804,252,392
4805,252,414
4806,252,869
4807,252,1109
4808,252,341
4809,252,602
4810,252,258
4811,252,1096
4812,252,783
4813,252,126
4814,252,927
4815,252,471
4816,252,752
4817,252,557
4818,252,169
4819,252,920
4820,252,15
4821,252,299
4822,252,156
4823,252,892
4824,252,759
4825,252,928
4826,252,655
4827,252,116
4828,252,634
4829,252,763
4830,252,453
4831,252,596
4832,252,359
4833,252,992
4834,252,165
4835,252,926
4836,252,502
4837,252,1084
4838,252,500
4839,252,567
4840,252,796
4841,252,361
4842,252,507
4843,252,936
4844,252,716
4845,252,366
4846,252,1071
4847,252,531
4848,252,56
4849,252,377
4850,252,607
4851,252,1069
4852,252,118
4853,252,24
4854,252,1074
4855,252,1070
4856,252,724
4857,252,451
4858,252,290
4859,252,259
4860,252,640
4861,252,272
4862,252,78
4863,252,233
4864,252,1034
4865,252,226
4866,252,218
4867,252,812
4868,252,699
4869,252,601
4870,252,855
4871,252,885
4872,252,137
4873,252,714
4874,252,895
4875,252,820
4876,252,131
4877,252,19
4878,252,312
4879,252,136
4880,252,1027
4881,252,445
4882,252,170
4883,252,22
4884,252,329
4885,252,1079
4886,252,1089
4887,252,815
4888,252,511
4889,252,30
4890,252,53
4891,252,989
4892,252,57
4893,252,682
4894,252,508
4895,252,408
4896,252,735
4897,252,157
4898,252,25
4899,252,41
4900,252,663
4901,252,106
4902,252,1058
4903,252,50
4904,252,884
4905,252,120
4906,252,473
4907,252,559
4908,252,1030
4909,252,1046
4910,252,772
4911,252,983
4912,252,779
4913,252,440
4914,252,85
4915,252,34
4916,252,619
4917,252,787
4918,252,490
4919,252,410
4920,273,80
4921,273,978
4922,273,270
4923,273,308
4924,273,773
4925,273,146
4926,273,46
4927,273,24
4928,273,5
4929,273,383
4930,273,534
4931,273,980
4932,273,1075
4933,273,757
4934,273,1117
4935,273,486
4936,273,733
4937,273,1027
4938,273,597
4939,273,538
4940,273,976
4941,273,862
4942,273,385
4943,273,537
4944,273,963
4945,273,392
4946,273,592
4947,273,526
4948,273,390
4949,273,210
4950,273,776
4951,273,151
4952,273,570
4953,273,927
4954,273,440
4955,273,947
4956,273,761
4957,273,269
4958,273,381
4959,273,1110
4960,273,1106
4961,273,340
4962,273,89
4963,273,42
4964,273,60
4965,273,647
4966,273,801
4967,273,621
4968,273,403
4969,273,165
4970,273,69
4971,273,252
4972,273,1012
4973,273,109
4974,273,66
4975,273,233
4976,273,180
4977,273,591
4978,273,1068
4979,273,282
4980,273,575
4981,273,399
4982,273,497
4983,273,309
4984,273,94
4985,273,95
4986,273,926
4987,273,958
4988,273,87
4989,273,11
4990,273,1005
4991,273,667
4992,273,127
4993,273,431
4994,273,8
4995,273,618
4996,273,619
4997,273,131
4998,273,219
4999,273,1011
5000,273,992
5001,273,350
5002,273,985
5003,273,115
5004,273,944
5005,273,213
5006,273,208
5007,273,368
5008,273,962
5009,273,702
5010,273,859
5011,273,699
5012,273,374
5013,273,191
5014,273,312
5015,273,342
5016,273,323
5017,273,467
5018,273,831
5019,273,439
5020,273,533
5021,273,1037
5022,273,668
5023,273,1030
5024,273,57
5025,273,293
5026,273,585
5027,273,32
5028,273,999
5029,273,1042
5030,273,61
5031,273,516
5032,273,1020
5033,273,88
5034,273,919
5035,273,101
5036,273,1094
5037,273,637
5038,273,281
5039,273,714
5040,273,991
5041,273,261
5042,273,565
5043,273,648
5044,273,260
5045,273,371
5046,273,163
5047,273,590
5048,273,193
5049,273,687
5050,273,239
5051,273,795
5052,273,434
5053,273,220
5054,273,512
5055,273,86
5056,273,1077
5057,273,238
5058,273,845
5059,273,1033
5060,273,10
5061,273,103
5062,273,349
5063,273,1065
5064,273,500
5065,273,480
5066,273,96
5067,273,435
5068,273,0
5069,273,441
5070,273,306
5071,273,636
5072,273,784
5073,273,968
5074,273,343
5075,273,38
5076,273,471
5077,273,47
5078,273,45
5079,273,137
5080,273,645
5081,273,951
5082,273,230
5083,273,1054
5084,273,341
5085,273,691
5086,273,453
5087,273,820
5088,273,826
5089,273,1084
5090,273,104
5091,273,697
5092,273,701
5093,273,672
5094,273,186
5095,273,498
5096,273,504
5097,273,254
5098,273,1052
5099,273,974
5100,273,856
5101,273,559
5102,273,145
5103,273,766
5104,273,724
5105,273,536
5106,273,169
5107,273,111
5108,273,369
5109,273,568
5110,273,1089
5111,273,887
5112,273,1004
5113,273,466
5114,273,763
5115,273,454
5116,273,616
5117,273,263
5118,273,770
5119,273,959
5120,273,424
5121,273,989
5122,273,53
5123,273,562
5124,273,949
5125,273,1074
5126,273,759
5127,273,4
5128,273,726
5129,273,839
5130,273,97
5131,273,361
5132,273,932
5133,273,553
5134,273,669
5135,273,377
5136,273,732
5137,273,20
5138,273,912
5139,273,975
5140,273,462
5141,273,695
5142,273,799
5143,273,1078
5144,273,896
5145,273,986
5146,273,1044
5147,273,36
5148,273,506
5149,273,574
5150,273,481
5151,273,177
5152,273,722
5153,273,627
5154,273,19
5155,273,17
5156,273,416
5157,273,877
5158,273,848
5159,273,443
5160,273,106
5161,273,751
5162,273,609
5163,273,1073
5164,273,630
5165,273,682
5166,273,543
5167,273,916
5168,273,222
5169,273,72
5170,273,275
5171,273,952
5172,273,226
5173,273,207
5174,273,696
5175,273,1088
5176,273,956
5177,273,762
5178,273,879
5179,273,788
5180,273,83
5181,273,829
5182,273,873
5183,273,295
5184,273,775
5185,273,542
5186,273,154
5187,273,412
5188,273,212
5189,273,1010
5190,273,294
5191,273,448
5192,273,217
5193,273,573
5194,273,996
5195,273,123
5196,273,258
5197,273,76
5198,273,511
5199,273,853
5200,273,994
5201,273,602
5202,273,777
5203,273,1092
5204,273,1021
5205,273,249
5206,273,344
5207,273,930
5208,273,485
5209,273,740
5210,273,50
5211,273,876
5212,273,491
5213,273,78
5214,273,143
5215,273,355
5216,273,142
5217,273,837
5218,273,938
5219,273,303
5220,273,302
5221,273,663
5222,273,935
5223,273,30
5224,273,93
5225,273,277
5226,273,67
5227,273,1031
5228,273,35
5229,273,878
5230,273,1112
5231,273,832
5232,273,1022
5233,273,639
5234,273,398
5235,273,950
5236,273,910
5237,273,508
5238,273,199
5239,273,296
5240,273,451
5241,273,1053
5242,273,525
5243,273,841
5244,273,375
5245,273,1008
5246,273,554
5247,273,197
5248,273,336
5249,273,285
5250,273,82
5251,273,661
5252,273,318
5253,273,297
5254,273,787
5255,273,298
5256,273,833
5257,273,844
5258,273,465
5259,273,961
5260,273,152
5261,273,120
5262,273,271
5263,273,140
5264,273,601
5265,273,9
5266,273,656
5267,273,358
5268,273,445
5269,273,292
5270,273,495
5271,273,251
5272,273,560
5273,273,1029
5274,273,156
5275,273,789
5276,273,936
5277,273,625
5278,273,421
5279,273,914
5280,273,1013
5281,273,357
5282,273,316
5283,273,749
5284,273,804
5285,273,608
5286,273,1083
5287,273,395
5288,273,857
5289,273,352
5290,273,438
5291,273,124
5292,273,231
5293,273,1028
5294,273,928
5295,273,774
5296,273,664
5297,273,752
5298,273,1003
5299,273,855
5300,273,304
5301,273,1066
5302,273,908
5303,273,939
5304,273,810
5305,273,228
5306,273,92
5307,273,444
5308,273,307
5309,273,1046
5310,273,588
5311,273,670
5312,273,505
5313,273,929
5314,273,581
5315,273,149
5316,273,586
5317,273,411
5318,273,843
5319,273,363
5320,273,114
5321,273,128
5322,273,931
5323,273,202
5324,273,13
5325,273,59
5326,273,423
5327,273,1086
5328,273,866
5329,273,900
5330,273,250
5331,273,1064
5332,273,174
5333,273,723
5334,273,760
5335,273,617
5336,273,259
5337,273,842
5338,273,612
5339,273,821
5340,273,410
5341,273,884
5342,273,995
5343,273,781
5344,273,138
5345,273,805
5346,273,814
5347,273,557
5348,273,73
5349,273,753
5350,273,746
5351,273,1001
5352,273,1059
5353,273,170
5354,273,224
5355,273,518
5356,273,130
5357,273,359
5358,273,1000
5359,273,796
5360,273,1115
5361,273,510
5362,273,71
5363,273,865
5364,273,971
5365,273,488
5366,273,1072
5367,273,432
5368,273,818
5369,273,755
5370,273,167
5371,273,157
5372,273,1063
5373,273,756
5374,273,288
5375,273,739
5376,275,499
5377,275,1007
5378,275,374
5379,275,96
5380,275,486
5381,275,998
5382,275,719
5383,275,755
5384,275,859
5385,275,976
5386,275,827
5387,275,758
5388,275,286
5389,275,975
5390,275,863
5391,275,748
5392,275,1089
5393,275,480
5394,275,753
5395,275,416
5396,275,777
5397,275,988
5398,275,660
5399,275,991
5400,275,545
5401,275,1068
5402,275,181
5403,275,67
5404,275,592
5405,275,1105
5406,275,925
5407,275,1079
5408,275,1067
5409,275,875
5410,275,674
5411,275,272
5412,275,858
5413,275,135
5414,275,506
5415,275,741
5416,275,919
5417,275,1069
5418,275,45
5419,275,420
5420,275,547
5421,275,187
5422,275,218
5423,275,254
5424,275,1020
5425,275,395
5426,275,331
5427,275,797
5428,275,263
5429,275,341
5430,275,215
5431,275,876
5432,275,228
5433,275,1017
5434,275,899
5435,275,75
5436,275,404
5437,275,1071
5438,275,370
5439,275,232
5440,275,584
5441,275,274
5442,275,2
5443,299,611
5444,299,596
5445,299,844
5446,299,468
5447,299,875
5448,299,442
5449,299,1077
5450,299,359
5451,299,744
5452,299,1000
5453,299,866
5454,299,208
5455,299,183
5456,299,660
5457,299,664
5458,299,387
5459,299,951
5460,299,921
5461,299,708
5462,299,194
5463,299,296
5464,299,647
5465,299,1038
5466,299,1052
5467,299,1051
5468,299,122
5469,299,238
5470,299,79
5471,299,81
5472,299,996
5473,299,169
5474,299,648
5475,299,763
5476,299,428
5477,299,215
5478,299,942
5479,299,439
5480,299,385
5481,299,702
5482,299,115
5483,299,172
5484,299,165
5485,299,417
5486,299,748
5487,299,780
5488,299,575
5489,299,41
5490,299,769
5491,299,905
5492,299,441
5493,299,213
5494,299,793
5495,299,616
5496,299,602
5497,299,789
5498,299,202
5499,299,408
5500,299,732
5501,299,605
5502,299,949
5503,299,414
5504,299,973
5505,299,198
5506,299,909
5507,299,333
5508,299,1116
5509,299,162
5510,299,210
5511,299,777
5512,299,636
5513,299,804
5514,299,637
5515,299,66
5516,299,562
5517,299,707
5518,299,892
5519,299,617
5520,299,1064
5521,299,801
5522,299,451
5523,299,826
5524,299,550
5525,299,760
5526,299,476
5527,299,109
5528,299,405
5529,299,157
5530,299,877
5531,299,423
5532,299,350
5533,299,837
5534,299,1031
5535,299,127
5536,299,746
5537,299,950
5538,299,959
5539,299,1105
5540,299,192
5541,299,916
5542,299,888
5543,299,1068
5544,299,437
5545,299,1054
5546,299,612
5547,299,590
5548,299,899
5549,299,832
5550,299,1094
5551,299,759
5552,299,854
5553,299,129
5554,299,1071
5555,299,454
5556,299,459
5557,299,357
5558,299,517
5559,299,51
5560,299,175
5561,299,742
5562,299,85
5563,299,189
5564,299,5
5565,299,339
5566,299,178
5567,299,254
5568,299,388
5569,299,443
5570,299,1024
5571,299,473
5572,299,1086
5573,299,627
5574,299,270
5575,299,1072
5576,299,131
5577,299,369
5578,299,662
5579,299,322
5580,299,402
5581,299,411
5582,299,363
5583,299,638
5584,299,119
5585,299,1026
5586,299,1019
5587,299,645
5588,299,631
5589,299,72
5590,299,845
5591,299,928
5592,299,915
5593,299,836
5594,299,985
5595,299,303
5596,299,515
5597,299,370
5598,299,502
5599,299,629
5600,299,779
5601,299,1097
5602,299,38
5603,299,275
5604,299,1099
5605,299,121
5606,299,404
5607,299,687
5608,299,1050
5609,299,219
5610,299,1108
5611,299,154
5612,299,516
5613,299,699
5614,299,448
5615,299,859
5616,299,358
5617,299,285
5618,299,625
5619,299,580
5620,299,932
5621,299,869
5622,299,343
5623,299,855
5624,299,1003
5625,299,828
5626,299,734
5627,299,552
5628,299,756
5629,299,1005
5630,299,24
5631,299,71
5632,299,514
5633,299,421
5634,299,114
5635,299,153
5636,299,849
5637,299,477
5638,299,971
5639,299,924
5640,299,839
5641,299,758
5642,299,112
5643,299,1070
5644,299,70
5645,299,765
5646,299,27
5647,299,239
5648,299,487
5649,299,634
5650,299,222
5651,299,46
5652,299,355
5653,299,752
5654,299,1104
5655,299,282
5656,299,883
5657,299,1032
5658,299,722
5659,299,15
5660,299,433
5661,299,781
5662,299,31
5663,299,785
5664,299,320
5665,299,1018
5666,299,835
5667,299,381
5668,299,571
5669,299,1039
5670,299,148
5671,299,460
5672,299,893
5673,299,692
5674,299,727
5675,299,644
5676,299,383
5677,299,488
5678,299,224
5679,299,286
5680,299,389
5681,299,302
5682,299,947
5683,299,90
5684,299,570
5685,299,963
5686,299,1014
5687,299,564
5688,299,371
5689,299,991
5690,299,824
5691,299,1090
5692,299,28
5693,299,1110
5694,299,853
5695,299,965
5696,299,1096
5697,299,737
5698,299,1075
5699,299,147
5700,299,661
5701,299,560
5702,299,970
5703,299,508
5704,299,1076
5705,299,247
5706,299,1082
5707,299,373
5708,299,446
5709,299,659
5710,299,1041
5711,299,975
5712,299,329
5713,299,56
5714,299,77
5715,299,619
5716,299,923
5717,299,409
5718,299,1012
5719,299,685
5720,299,440
5721,299,138
5722,299,666
5723,299,110
5724,299,140
5725,299,318
5726,299,536
5727,299,588
5728,299,11
5729,299,624
5730,299,609
5731,299,96
5732,299,730
5733,299,497
5734,299,579
5735,299,82
5736,299,246
5737,299,639
5738,299,466
5739,299,640
5740,299,1021
5741,299,171
5742,299,167
5743,299,429
5744,299,1059
5745,299,489
5746,299,76
5747,299,315
5748,299,1057
5749,299,434
5750,299,255
5751,299,450
5752,299,946
5753,299,709
5754,299,324
5755,299,328
5756,299,240
5757,299,974
5758,299,817
5759,299,538
5760,299,587
5761,299,220
5762,299,549
5763,299,88
5764,299,525
5765,299,957
5766,299,505
5767,299,80
5768,299,703
5769,299,170
5770,299,93
5771,299,998
5772,299,1111
5773,299,1109
5774,299,658
5775,299,432
5776,299,95
5777,299,976
5778,299,694
5779,299,374
5780,299,1010
5781,299,751
5782,299,231
5783,299,568
5784,299,32
5785,299,284
5786,299,304
5787,299,986
5788,299,1037
5789,299,551
5790,299,3
5791,299,771
5792,299,876
5793,299,772
5794,299,910
5795,299,268
5796,299,841
5797,299,403
5798,299,766
5799,299,646
5800,299,544
5801,299,276
5802,299,747
5803,299,745
5804,299,1112
5805,299,53
5806,299,749
5807,299,1048
5808,299,316
5809,299,181
5810,299,997
5811,299,251
5812,299,723
5813,299,30
5814,299,740
5815,299,308
5816,299,691
5817,299,554
5818,299,543
5819,299,591
5820,299,681
5821,299,542
5822,299,622
5823,299,983
5824,299,478
5825,299,97
5826,299,1117
5827,299,87
5828,299,496
5829,299,361
5830,299,103
5831,299,392
5832,299,716
5833,299,615
5834,299,204
5835,299,43
5836,299,1029
5837,299,160
5838,299,471
5839,299,1011
5840,299,1022
5841,299,786
5842,299,281
5843,299,931
5844,299,174
5845,299,677
5846,299,933
5847,299,280
5848,299,961
5849,299,711
5850,299,452
5851,299,1088
5852,299,1063
5853,299,618
5854,299,1080
5855,299,365
5856,299,706
5857,299,10
5858,299,929
5859,299,26
5860,299,102
5861,299,831
5862,299,726
5863,299,995
5864,299,1020
5865,299,523
5866,299,1028
5867,299,901
5868,299,967
5869,299,159
5870,299,1027
5871,299,895
5872,299,342
5873,299,35
5874,299,783
5875,299,490
5876,299,151
5877,299,1044
5878,299,520
5879,299,83
5880,299,867
5881,299,331
5882,299,829
5883,299,132
5884,299,431
5885,299,1016
5886,299,137
5887,299,913
5888,299,621
5889,299,674
5890,299,311
5891,299,814
5892,299,218
5893,299,774
5894,299,559
5895,299,1102
5896,299,1106
5897,299,461
5898,299,261
5899,299,1101
5900,299,816
5901,299,887
5902,299,176
5903,299,577
5904,299,945
5905,299,504
5906,299,698
5907,299,126
5908,299,819
5909,299,436
5910,299,750
5911,299,978
5912,299,177
5913,299,822
5914,299,67
5915,299,630
5916,299,111
5917,299,857
5918,299,657
5919,299,1079
5920,299,233
5921,299,295
5922,299,670
5923,299,272
5924,299,920
5925,299,1073
5926,299,250
5927,299,565
5928,299,810
5929,299,840
5930,299,469
5931,299,465
5932,299,988
5933,299,680
5934,299,714
5935,299,143
5936,299,884
5937,299,399
5938,299,327
5939,299,74
5940,299,21
5941,299,873
5942,299,911
5943,299,267
5944,299,19
5945,299,368
5946,299,1055
5947,299,135
5948,299,37
5949,299,842
5950,299,938
5951,299,736
5952,299,474
5953,299,495
5954,299,557
5955,299,735
5956,299,313
5957,299,105
5958,299,123
5959,299,919
5960,299,91
5961,299,773
5962,299,561
5963,299,500
5964,299,199
5965,299,34
5966,299,163
5967,299,124
5968,299,601
5969,299,297
5970,299,697
5971,299,325
5972,299,44
5973,299,724
5974,299,145
5975,299,799
5976,299,848
5977,299,509
5978,299,851
5979,299,594
5980,299,152
5981,299,197
5982,299,598
5983,299,936
5984,299,981
5985,299,879
5986,299,13
5987,299,125
5988,299,207
5989,299,673
5990,299,852
5991,299,912
5992,299,249
5993,299,217
5994,299,445
5995,299,118
5996,299,790
5997,299,812
5998,299,225
5999,299,563
6000,299,36
6001,299,984
6002,299,874
6003,299,420
6004,299,326
6005,299,17
6006,299,754
6007,299,922
6008,299,63
6009,299,952
6010,299,410
6011,299,346
6012,299,672
6013,299,419
6014,299,23
6015,314,725
6016,314,300
6017,314,361
6018,314,293
6019,314,807
6020,314,996
6021,314,236
6022,314,284
6023,314,789
6024,314,559
6025,314,995
6026,314,961
6027,314,594
6028,314,193
6029,314,682
6030,314,59
6031,314,901
6032,314,568
6033,314,20
6034,314,664
6035,314,127
6036,314,438
6037,314,1118
6038,314,1055
6039,314,1109
6040,314,532
6041,314,816
6042,314,801
6043,314,543
6044,314,413
6045,314,380
6046,314,355
6047,314,183
6048,314,958
6049,314,635
6050,314,1007
6051,314,707
6052,314,299
6053,314,103
6054,314,548
6055,314,13
6056,314,423
6057,314,629
6058,314,653
6059,314,349
6060,314,403
6061,314,340
6062,314,790
6063,314,737
6064,314,990
6065,314,106
6066,314,484
6067,314,668
6068,314,158
6069,314,497
6070,314,622
6071,314,852
6072,314,473
6073,314,285
6074,314,751
6075,314,729
6076,314,346
6077,314,377
6078,314,207
6079,314,289
6080,314,1101
6081,314,51
6082,314,922
6083,314,708
6084,314,720
6085,314,870
6086,314,178
6087,314,617
6088,314,38
6089,314,723
6090,314,304
6091,314,856
6092,314,34
6093,314,920
6094,314,494
6095,314,740
6096,314,593
6097,314,780
6098,314,848
6099,314,899
6100,314,165
6101,314,323
6102,314,714
6103,314,447
6104,314,562
6105,314,225
6106,314,892
6107,314,24
6108,314,975
6109,314,924
6110,314,140
6111,314,908
6112,314,763
6113,314,744
6114,314,517
6115,314,858
6116,314,73
6117,314,176
6118,314,126
6119,314,666
6120,314,905
6121,314,748
6122,314,442
6123,314,199
6124,314,217
6125,314,117
6126,314,276
6127,314,706
6128,314,436
6129,314,22
6130,314,92
6131,314,927
6132,314,451
6133,314,317
6134,314,926
6135,314,243
6136,314,814
6137,314,163
6138,314,752
6139,314,713
6140,314,916
6141,314,843
6142,314,181
6143,314,698
6144,314,89
6145,314,208
6146,314,186
6147,314,721
6148,314,115
6149,314,779
6150,314,99
6151,314,191
6152,314,177
6153,314,1072
6154,314,187
6155,314,1021
6156,314,672
6157,314,724
6158,314,437
6159,314,689
6160,314,270
6161,314,1084
6162,314,1062
6163,314,797
6164,314,295
6165,314,78
6166,314,565
6167,314,124
6168,314,837
6169,314,477
6170,314,1058
6171,314,949
6172,314,81
6173,314,387
6174,314,210
6175,323,647
6176,323,119
6177,323,336
6178,323,475
6179,323,212
6180,323,500
6181,323,226
6182,323,313
6183,323,424
6184,323,377
6185,323,533
6186,323,674
6187,323,752
6188,323,1063
6189,323,708
6190,323,344
6191,323,310
6192,323,539
6193,323,978
6194,323,939
6195,323,222
6196,323,142
6197,323,5
6198,323,568
6199,323,267
6200,323,656
6201,323,494
6202,323,1089
6203,323,605
6204,323,40
6205,323,538
6206,323,399
6207,323,53
6208,323,502
6209,323,148
6210,323,788
6211,323,221
6212,323,177
6213,323,355
6214,323,103
6215,323,270
6216,323,465
6217,323,136
6218,323,735
6219,323,1117
6220,323,726
6221,323,66
6222,323,29
6223,323,175
6224,323,369
6225,326,243
6226,326,779
6227,326,733
6228,326,821
6229,326,228
6230,326,745
6231,326,751
6232,326,127
6233,326,210
6234,326,8
6235,326,85
6236,326,891
6237,326,298
6238,326,462
6239,326,610
6240,326,812
6241,326,157
6242,326,520
6243,326,965
6244,326,57
6245,326,1053
6246,326,837
6247,326,961
6248,326,424
6249,326,815
6250,326,546
6251,326,405
6252,326,283
6253,326,132
6254,326,115
6255,326,630
6256,326,727
6257,326,819
6258,326,897
6259,326,657
6260,326,945
6261,326,781
6262,326,429
6263,326,382
6264,326,792
6265,326,974
6266,326,709
6267,326,786
6268,326,464
6269,326,307
6270,326,402
6271,326,853
6272,326,426
6273,326,1062
6274,326,799
6275,326,867
6276,326,826
6277,326,336
6278,326,172
6279,326,32
6280,326,40
6281,326,488
6282,326,66
6283,326,446
6284,326,441
6285,326,207
6286,326,160
6287,326,859
6288,326,130
6289,326,936
6290,326,308
6291,326,916
6292,326,1010
6293,326,1088
6294,326,1008
6295,326,293
6296,326,225
6297,326,615
6298,326,811
6299,326,248
6300,326,950
6301,326,1001
6302,326,631
6303,326,560
6304,326,832
6305,326,741
6306,326,609
6307,326,976
6308,326,284
6309,326,840
6310,326,28
6311,326,1069
6312,326,44
6313,326,49
6314,326,577
6315,326,653
6316,326,64
6317,326,1106
6318,326,511
6319,326,173
6320,326,732
6321,326,94
6322,326,1077
6323,326,785
6324,326,858
6325,326,1063
6326,326,759
6327,326,603
6328,326,60
6329,326,652
6330,326,588
6331,326,0
6332,326,67
6333,326,116
6334,326,523
6335,326,939
6336,326,1111
6337,326,1021
6338,326,552
6339,326,47
6340,326,787
6341,326,22
6342,326,187
6343,326,20
6344,326,836
6345,326,148
6346,326,55
6347,326,668
6348,326,188
6349,326,918
6350,326,465
6351,326,290
6352,326,914
6353,326,671
6354,326,1045
6355,326,491
6356,326,921
6357,326,355
6358,326,875
6359,326,702
6360,326,306
6361,326,942
6362,326,532
6363,326,1096
6364,326,757
6365,326,612
6366,326,642
6367,326,111
6368,326,268
6369,326,31
6370,326,149
6371,326,503
6372,326,412
6373,326,493
6374,326,978
6375,326,128
6376,326,852
6377,326,934
6378,326,59
6379,326,570
6380,326,605
6381,326,287
6382,326,535
6383,326,99
6384,326,598
6385,326,850
6386,326,746
6387,326,41
6388,326,189
6389,326,1017
6390,326,1019
6391,326,15
6392,326,411
6393,326,341
6394,326,313
6395,326,531
6396,326,142
6397,326,539
6398,326,737
6399,326,1085
6400,326,729
6401,326,159
6402,326,851
6403,326,274
6404,326,25
6405,326,533
6406,326,61
6407,326,276
6408,326,270
6409,326,385
6410,326,924
6411,326,674
6412,326,720
6413,326,905
6414,326,999
6415,326,822
6416,326,1087
6417,326,63
6418,326,647
6419,326,1092
6420,326,551
6421,326,479
6422,326,860
6423,326,680
6424,326,922
6425,326,880
6426,326,1047
6427,326,946
6428,326,443
6429,326,181
6430,327,793
6431,327,356
6432,327,40
6433,327,438
6434,327,230
6435,327,255
6436,327,899
6437,327,1020
6438,327,909
6439,327,313
6440,327,71
6441,327,760
6442,327,621
6443,327,1073
6444,327,1101
6445,327,993
6446,327,263
6447,327,573
6448,327,828
6449,327,602
6450,327,339
6451,327,518
6452,327,983
6453,327,1083
6454,327,1000
6455,327,835
6456,327,888
6457,327,765
6458,327,357
6459,327,916
6460,327,756
6461,327,77
6462,327,368
6463,327,123
6464,327,75
6465,327,504
6466,327,562
6467,327,42
6468,327,874
6469,327,444
6470,327,250
6471,327,270
6472,327,409
6473,327,112
6474,327,682
6475,327,1013
6476,327,9
6477,327,417
6478,327,747
6479,327,145
6480,327,892
6481,327,186
6482,327,17
6483,327,45
6484,327,403
6485,327,663
6486,327,192
6487,327,634
6488,327,418
6489,327,90
6490,327,19
6491,327,959
6492,327,1082
6493,327,967
6494,327,97
6495,327,841
6496,327,471
6497,327,177
6498,327,1070
6499,327,560
6500,327,733
6501,327,788
6502,327,187
6503,327,467
6504,327,378
6505,327,1117
6506,327,691
6507,327,739
6508,327,385
6509,327,85
6510,327,699
6511,327,218
6512,327,565
6513,327,911
6514,327,1066
6515,327,93
6516,327,349
6517,327,818
6518,327,886
6519,327,295
6520,327,460
6521,327,110
6522,327,480
6523,327,275
6524,327,432
6525,327,318
6526,327,286
6527,327,1005
6528,327,667
6529,327,976
6530,327,473
6531,327,831
6532,327,947
6533,327,1011
6534,327,981
6535,327,559
6536,327,1055
6537,327,821
6538,327,873
6539,327,980
6540,327,896
6541,327,251
6542,327,238
6543,327,512
6544,327,820
6545,327,83
6546,327,225
6547,327,395
6548,327,513
6549,327,829
6550,327,137
6551,327,476
6552,327,502
6553,327,617
6554,327,152
6555,327,1075
6556,327,869
6557,327,78
6558,327,151
6559,327,261
6560,327,416
6561,327,1029
6562,327,304
6563,327,1033
6564,327,478
6565,327,912
6566,327,568
6567,327,576
6568,327,280
6569,327,448
6570,327,411
6571,327,1042
6572,327,719
6573,327,308
6574,327,937
6575,327,742
6576,327,648
6577,327,436
6578,327,956
6579,327,490
6580,327,210
6581,327,37
6582,327,646
6583,327,913
6584,327,1106
6585,327,462
6586,327,358
6587,327,491
6588,327,6
6589,327,652
6590,327,724
6591,327,978
6592,327,605
6593,327,330
6594,327,1097
6595,327,126
6596,327,540
6597,327,871
6598,327,389
6599,327,1094
6600,327,498
6601,327,114
6602,327,697
6603,327,171
6604,327,420
6605,327,95
6606,371,213
6607,371,937
6608,371,816
6609,371,142
6610,371,708
6611,371,1063
6612,371,22
6613,371,749
6614,371,421
6615,371,208
6616,371,214
6617,371,706
6618,371,469
6619,371,539
6620,371,834
6621,371,1102
6622,371,323
6623,371,248
6624,371,669
6625,371,998
6626,371,380
6627,371,306
6628,371,1077
6629,371,820
6630,371,581
6631,371,189
6632,371,863
6633,371,682
6634,371,1073
6635,371,340
6636,371,157
6637,371,51
6638,371,947
6639,371,420
6640,371,368
6641,371,1055
6642,371,136
6643,371,991
6644,371,1015
6645,371,842
6646,371,656
6647,371,147
6648,371,575
6649,371,619
6650,371,733
6651,371,140
6652,371,378
6653,371,727
6654,371,280
6655,371,246
6656,371,995
6657,371,53
6658,371,419
6659,371,50
6660,371,542
6661,371,286
6662,371,938
6663,371,877
6664,371,374
6665,371,410
6666,371,839
6667,371,317
6668,371,148
6669,371,316
6670,371,971
6671,371,500
6672,371,226
6673,371,37
6674,371,1083
6675,372,490
6676,372,71
6677,372,480
6678,372,1070
6679,372,516
6680,372,648
6681,372,77
6682,372,670
6683,372,865
6684,372,559
6685,372,663
6686,372,691
6687,372,1096
6688,372,476
6689,372,689
6690,372,952
6691,372,238
6692,372,278
6693,372,23
6694,372,1109
6695,372,282
6696,372,534
6697,372,356
6698,372,643
6699,372,29
6700,372,153
6701,372,597
6702,372,644
6703,372,96
6704,372,672
6705,372,346
6706,372,271
6707,372,844
6708,372,915
6709,372,725
6710,372,79
6711,372,852
6712,372,1102
6713,372,95
6714,372,192
6715,372,123
6716,372,444
6717,372,181
6718,372,1097
6719,372,219
6720,372,328
6721,372,511
6722,372,355
6723,372,208
6724,372,198
6725,372,36
6726,372,853
6727,372,258
6728,372,561
6729,372,398
6730,372,275
6731,372,679
6732,372,727
6733,372,1115
6734,372,499
6735,372,253
6736,372,1034
6737,372,94
6738,372,793
6739,372,276
6740,372,187
6741,372,542
6742,372,42
6743,372,892
6744,372,878
6745,372,635
6746,372,821
6747,372,349
6748,372,451
6749,372,624
6750,372,1107
6751,372,992
6752,372,1005
6753,372,912
6754,372,521
6755,372,250
6756,372,891
6757,372,83
6758,372,673
6759,372,90
6760,372,726
6761,372,602
6762,372,916
6763,372,719
6764,372,434
6765,372,842
6766,372,1082
6767,372,176
6768,372,936
6769,372,1110
6770,372,636
6771,372,369
6772,372,34
6773,372,667
6774,372,471
6775,372,703
6776,372,235
6777,372,1033
6778,372,495
6779,372,1083
6780,372,507
6781,372,961
6782,372,742
6783,372,708
6784,372,621
6785,372,1042
6786,372,714
6787,372,627
6788,372,420
6789,372,494
6790,372,293
6791,372,210
6792,372,588
6793,372,457
6794,372,947
6795,372,983
6796,372,564
6797,372,601
6798,372,772
6799,372,1029
6800,372,104
6801,372,1028
6802,372,87
6803,372,875
6804,372,120
6805,372,151
6806,372,747
6807,372,160
6808,372,403
6809,372,1094
6810,372,626
6811,372,1089
6812,372,432
6813,372,929
6814,372,888
6815,372,500
6816,372,270
6817,372,702
6818,372,986
6819,372,395
6820,372,739
6821,372,581
6822,372,697
6823,372,565
6824,372,466
6825,372,753
6826,372,610
6827,372,452
6828,372,551
6829,372,752
6830,372,886
6831,372,931
6832,372,109
6833,372,512
6834,372,884
6835,372,20
6836,372,723
6837,372,217
6838,372,454
6839,372,426
6840,372,666
6841,372,329
6842,372,575
6843,372,156
6844,372,361
6845,372,247
6846,372,590
6847,372,327
6848,372,110
6849,372,998
6850,405,485
6851,405,404
6852,405,513
6853,405,240
6854,405,50
6855,405,682
6856,405,390
6857,405,888
6858,405,11
6859,405,168
6860,405,162
6861,405,773
6862,405,1070
6863,405,10
6864,405,1020
6865,405,886
6866,405,192
6867,405,755
6868,405,175
6869,405,397
6870,405,722
6871,405,978
6872,405,903
6873,405,395
6874,405,863
6875,405,951
6876,405,156
6877,405,892
6878,405,934
6879,405,132
6880,405,31
6881,405,416
6882,405,538
6883,405,306
6884,405,1068
6885,405,1089
6886,405,862
6887,405,516
6888,405,115
6889,405,512
6890,405,544
6891,405,758
6892,405,187
6893,405,730
6894,405,295
6895,405,748
6896,405,451
6897,405,78
6898,405,440
6899,405,1106
6900,405,502
6901,405,1073
6902,405,1054
6903,405,217
6904,405,267
6905,405,802
6906,405,840
6907,405,656
6908,405,1059
6909,405,180
6910,405,1037
6911,405,739
6912,405,796
6913,405,88
6914,405,548
6915,405,588
6916,405,1015
6917,405,820
6918,405,996
6919,405,486
6920,405,1039
6921,405,1000
6922,405,673
6923,405,272
6924,405,831
6925,405,707
6926,405,643
6927,405,509
6928,405,383
6929,405,344
6930,405,386
6931,405,389
6932,405,727
6933,405,1087
6934,405,1048
6935,405,278
6936,405,419
6937,405,183
6938,405,269
6939,405,191
6940,405,851
6941,405,1066
6942,405,424
6943,405,901
6944,405,55
6945,405,181
6946,405,837
6947,405,740
6948,405,639
6949,405,594
6950,405,900
6951,405,103
6952,405,932
6953,405,122
6954,405,8
6955,405,1094
6956,405,178
6957,405,769
6958,405,577
6959,405,17
6960,405,431
6961,405,81
6962,405,915
6963,405,435
6964,405,542
6965,405,974
6966,405,1067
6967,405,218
6968,405,724
6969,405,926
6970,405,1003
6971,405,981
6972,405,703
6973,405,912
6974,405,1024
6975,405,9
6976,405,933
6977,405,329
6978,405,648
6979,405,581
6980,405,998
6981,405,377
6982,405,280
6983,405,495
6984,405,1080
6985,405,476
6986,405,856
6987,405,460
6988,405,867
6989,405,71
6990,405,173
6991,405,799
6992,405,101
6993,405,0
6994,405,499
6995,405,834
6996,405,999
6997,405,1029
6998,405,752
6999,405,281
7000,405,110
7001,405,326
7002,405,263
7003,405,540
7004,405,910
7005,405,459
7006,405,1074
7007,405,369
7008,405,647
7009,405,699
7010,405,821
7011,405,883
7012,405,421
7013,405,608
7014,405,473
7015,405,177
7016,405,42
7017,405,884
7018,405,491
7019,405,312
7020,405,925
7021,405,957
7022,405,970
7023,405,313
7024,405,949
7025,405,165
7026,405,616
7027,405,991
7028,405,887
7029,405,213
7030,405,120
7031,405,635
7032,405,208
7033,405,975
7034,405,314
7035,405,221
7036,405,135
7037,405,946
7038,405,1088
7039,405,866
7040,405,876
7041,405,96
7042,405,339
7043,405,694
7044,410,187
7045,410,1086
7046,410,763
7047,410,726
7048,410,281
7049,410,309
7050,431,802
7051,431,997
7052,431,1008
7053,431,935
7054,431,480
7055,431,1096
7056,431,711
7057,431,359
7058,431,89
7059,431,748
7060,431,1092
7061,431,511
7062,431,609
7063,431,879
7064,431,642
7065,431,231
7066,431,377
7067,431,1037
7068,431,671
7069,431,498
7070,431,35
7071,431,916
7072,431,862
7073,431,796
7074,431,165
7075,431,863
7076,431,159
7077,431,409
7078,431,56
7079,431,336
7080,431,836
7081,431,1051
7082,431,199
7083,431,423
7084,431,412
7085,431,517
7086,431,771
7087,431,103
7088,431,314
7089,431,122
7090,431,461
7091,431,438
7092,431,937
7093,431,9
7094,431,483
7095,431,50
7096,431,132
7097,431,413
7098,431,892
7099,431,753
7100,431,672
7101,431,543
7102,431,965
7103,431,956
7104,431,46
7105,431,574
7106,431,579
7107,431,587
7108,431,304
7109,431,296
7110,431,787
7111,431,506
7112,431,125
7113,431,578
7114,431,181
7115,431,97
7116,431,69
7117,431,504
7118,431,133
7119,431,247
7120,431,145
7121,431,147
7122,431,432
7123,431,1119
7124,431,533
7125,431,670
7126,431,611
7127,431,224
7128,431,981
7129,431,723
7130,431,869
7131,431,154
7132,431,153
7133,431,572
7134,431,677
7135,431,703
7136,431,253
7137,431,146
7138,431,1071
7139,431,490
7140,431,801
7141,431,959
7142,431,17
7143,431,1015
7144,431,474
7145,431,248
7146,431,982
7147,431,552
7148,431,928
7149,431,931
7150,431,175
7151,431,378
7152,431,363
7153,431,105
7154,431,303
7155,431,624
7156,431,1050
7157,431,402
7158,431,126
7159,431,581
7160,431,667
7161,431,843
7162,431,795
7163,431,664
7164,431,369
7165,431,605
7166,431,627
7167,431,221
7168,431,1107
7169,431,1026
7170,431,1024
7171,431,724
7172,431,1104
7173,431,598
7174,431,287
7175,431,649
7176,431,793
7177,431,834
7178,431,425
7179,431,699
7180,431,829
7181,431,947
7182,431,1027
7183,431,294
7184,431,1060
7185,431,158
7186,431,696
7187,431,226
7188,431,930
7189,431,952
7190,431,807
7191,431,1010
7192,431,1036
7193,431,274
7194,431,592
7195,431,149
7196,431,282
7197,431,657
7198,431,852
7199,431,0
7200,431,315
7201,431,774
7202,431,540
7203,431,232
7204,431,713
7205,431,607
7206,431,120
7207,431,109
7208,431,698
7209,431,662
7210,431,639
7211,431,176
7212,431,588
7213,431,212
7214,431,1033
7215,431,92
7216,431,658
7217,431,47
7218,431,938
7219,431,128
7220,431,818
7221,431,618
7222,431,925
7223,431,330
7224,431,918
7225,431,452
7226,431,123
7227,431,548
7228,431,476
7229,431,502
7230,431,152
7231,431,1111
7232,431,385
7233,431,674
7234,431,302
7235,431,161
7236,431,410
7237,431,28
7238,431,495
7239,431,521
7240,431,183
7241,431,507
7242,431,822
7243,431,726
7244,431,484
7245,431,702
7246,431,812
7247,431,948
7248,431,775
7249,431,322
7250,431,491
7251,431,992
7252,431,460
7253,431,1116
7254,431,1063
7255,431,13
7256,431,102
7257,431,292
7258,431,799
7259,431,210
7260,431,841
7261,431,736
7262,431,949
7263,431,701
7264,431,596
7265,431,172
7266,431,865
7267,431,355
7268,431,489
7269,431,534
7270,431,237
7271,431,932
7272,431,1066
7273,431,769
7274,431,1062
7275,431,329
7276,431,797
7277,431,626
7278,431,562
7279,431,429
7280,431,994
7281,431,381
7282,431,766
7283,431,716
7284,431,509
7285,431,971
7286,431,311
7287,431,433
7288,431,819
7289,431,494
7290,431,339
7291,431,151
7292,431,757
7293,431,313
7294,431,995
7295,431,943
7296,431,173
7297,431,1088
7298,431,944
7299,431,386
7300,431,866
7301,431,100
7302,431,714
7303,431,810
7304,431,23
7305,431,1055
7306,431,469
7307,431,160
7308,431,778
7309,431,343
7310,431,602
7311,431,426
7312,431,276
7313,431,760
7314,431,6
7315,431,334
7316,431,290
7317,431,117
7318,431,19
7319,431,946
7320,431,754
7321,431,870
7322,431,878
7323,431,999
7324,431,374
7325,431,466
7326,431,235
7327,431,1044
7328,431,538
7329,431,738
7330,431,547
7331,431,405
7332,431,813
7333,431,79
7334,431,750
7335,431,67
7336,431,660
7337,431,59
7338,431,5
7339,431,202
7340,431,24
7341,431,631
7342,431,831
7343,431,255
7344,431,1073
7345,431,448
7346,431,324
7347,431,1045
7348,431,327
7349,431,1016
7350,431,962
7351,431,424
7352,431,218
7353,431,485
7354,431,285
7355,431,387
7356,431,968
7357,431,857
7358,431,752
7359,431,715
7360,431,499
7361,431,215
7362,431,576
7363,431,186
7364,431,238
7365,431,286
7366,431,63
7367,431,137
7368,431,636
7369,431,148
7370,431,675
7371,431,300
7372,431,773
7373,431,127
7374,431,37
7375,431,449
7376,431,74
7377,431,138
7378,431,111
7379,431,993
7380,431,720
7381,431,416
7382,431,779
7383,431,467
7384,431,1084
7385,431,263
7386,431,268
7387,431,646
7388,431,398
7389,431,871
7390,431,926
7391,431,312
7392,431,958
7393,431,41
7394,431,43
7395,431,487
7396,431,382
7397,431,254
7398,431,71
7399,431,130
7400,431,590
7401,431,395
7402,431,1032
7403,431,516
7404,431,1029
7405,431,427
7406,431,560
7407,431,441
7408,431,267
7409,431,192
7410,431,883
7411,431,261
7412,431,503
7413,431,765
7414,431,1082
7415,431,119
7416,431,205
7417,431,849
7418,431,633
7419,431,440
7420,431,1005
7421,431,827
7422,431,72
7423,431,121
7424,431,435
7425,431,1046
7426,431,84
7427,431,417
7428,431,735
7429,431,790
7430,431,219
7431,431,488
7432,431,933
7433,431,171
7434,431,29
7435,431,615
7436,431,124
7437,431,233
7438,431,1065
7439,431,564
7440,431,341
7441,431,637
7442,431,1064
7443,431,361
7444,431,194
7445,431,371
7446,431,1007
7447,431,1001
7448,431,784
7449,431,814
7450,431,742
7451,431,388
7452,431,1087
7453,431,1085
7454,431,73
7455,431,305
7456,431,207
7457,431,1058
7458,431,437
7459,431,1030
7460,431,269
7461,431,525
7462,431,418
7463,431,281
7464,431,873
7465,431,390
7466,431,950
7467,431,1072
7468,431,30
7469,431,963
7470,431,1115
7471,431,444
7472,431,816
7473,431,323
7474,431,25
7475,431,905
7476,431,428
7477,431,643
7478,431,1038
7479,431,110
7480,431,325
7481,431,821
7482,431,800
7483,431,941
7484,431,789
7485,431,445
7486,431,571
7487,431,655
7488,431,985
7489,431,188
7490,431,1
7491,431,477
7492,431,22
7493,431,967
7494,431,198
7495,431,535
7496,431,792
7497,431,473
7498,431,326
7499,431,1110
7500,431,53
7501,431,1109
7502,431,895
7503,431,868
7504,431,1020
7505,431,1034
7506,431,783
7507,431,635
7508,431,975
7509,431,744
7510,431,668
7511,431,545
7512,431,984
7513,431,785
7514,431,399
7515,431,854
7516,431,914
7517,431,208
7518,431,333
7519,431,638
7520,431,356
7521,431,1083
7522,431,15
7523,431,275
7524,431,411
7525,431,104
7526,431,358
7527,431,923
7528,431,346
7529,431,887
7530,431,223
7531,431,772
7532,431,746
7533,431,365
7534,431,758
7535,431,739
7536,431,835
7537,431,1079
7538,431,11
7539,431,58
7540,431,404
7541,431,734
7542,431,936
7543,431,593
7544,431,786
7545,431,1048
7546,431,187
7547,431,669
7548,431,421
7549,431,924
7550,431,34
7551,431,856
7552,431,842
7553,431,447
7554,431,252
7555,431,983
7556,431,680
7557,431,357
7558,431,617
7559,431,749
7560,431,514
7561,431,888
7562,431,143
7563,431,840
7564,431,826
7565,431,549
7566,431,1069
7567,431,1086
7568,431,1080
7569,431,844
7570,431,908
7571,431,998
7572,431,647
7573,431,978
7574,431,1097
7575,431,763
7576,431,368
7577,431,112
7578,431,805
7579,431,896
7580,431,539
7581,431,512
7582,431,331
7583,431,4
7584,431,392
7585,431,544
7586,431,912
7587,431,719
7588,431,815
7589,431,837
7590,431,32
7591,431,619
7592,431,403
7593,431,920
7594,431,851
7595,431,265
7596,431,1078
7597,431,565
7598,431,780
7599,431,910
7600,431,316
7601,431,817
7602,431,170
7603,431,384
7604,431,135
7605,431,694
7606,431,616
7607,431,550
7608,431,515
7609,431,877
7610,431,1047
7611,431,82
7612,431,689
7613,431,66
7614,431,1075
7615,431,451
7616,431,546
7617,431,745
7618,431,239
7619,431,558
7620,439,924
7621,439,115
7622,439,91
7623,439,540
7624,439,1001
7625,439,98
7626,439,239
7627,439,284
7628,439,238
7629,439,500
7630,439,935
7631,439,723
7632,439,282
7633,439,403
7634,439,502
7635,439,1010
7636,439,56
7637,439,1105
7638,439,226
7639,439,177
7640,439,402
7641,439,942
7642,439,93
7643,439,1027
7644,439,442
7645,439,508
7646,439,542
7647,439,918
7648,439,545
7649,439,749
7650,439,989
7651,439,31
7652,439,991
7653,439,615
7654,439,404
7655,439,621
7656,439,818
7657,439,283
7658,439,309
7659,439,40
7660,439,112
7661,439,1110
7662,439,43
7663,439,713
7664,439,799
7665,439,912
7666,439,248
7667,439,657
7668,439,374
7669,439,161
7670,439,821
7671,439,577
7672,439,204
7673,439,995
7674,439,836
7675,439,316
7676,439,285
7677,439,446
7678,439,709
7679,439,860
7680,439,1007
7681,439,342
7682,439,1062
7683,439,1119
7684,439,140
7685,439,538
7686,439,237
7687,439,343
7688,439,908
7689,439,630
7690,439,72
7691,439,1069
7692,439,251
7693,439,996
7694,439,1086
7695,439,385
7696,439,952
7697,439,656
7698,439,906
7699,439,486
7700,439,874
7701,439,1005
7702,439,38
7703,439,946
7704,439,357
7705,439,448
7706,439,967
7707,439,588
7708,439,258
7709,439,642
7710,439,128
7711,439,433
7712,439,262
7713,439,757
7714,439,253
7715,439,296
7716,439,267
7717,439,789
7718,439,322
7719,439,165
7720,439,1118
7721,439,884
7722,439,467
7723,439,724
7724,439,636
7725,439,863
7726,439,3
7727,439,948
7728,439,225
7729,439,15
7730,439,858
7731,439,648
7732,439,919
7733,439,886
7734,439,358
7735,439,186
7736,439,949
7737,439,694
7738,439,554
7739,439,1034
7740,439,1048
7741,439,561
7742,439,916
7743,439,287
7744,439,154
7745,439,180
7746,439,627
7747,439,1116
7748,439,539
7749,439,518
7750,439,938
7751,439,232
7752,439,498
7753,439,596
7754,439,366
7755,439,738
7756,439,557
7757,439,339
7758,439,543
7759,439,71
7760,439,1028
7761,439,515
7762,439,880
7763,439,905
7764,439,605
7765,439,820
7766,439,1087
7767,439,479
7768,439,842
7769,439,1038
7770,439,862
7771,439,292
7772,439,855
7773,439,197
7774,439,276
7775,439,770
7776,439,223
7777,439,517
7778,439,69
7779,439,298
7780,439,531
7781,439,722
7782,439,699
7783,439,659
7784,439,893
7785,439,212
7786,439,841
7787,439,9
7788,439,26
7789,439,852
7790,439,365
7791,439,741
7792,439,249
7793,439,552
7794,439,817
7795,439,839
7796,439,719
7797,439,923
7798,439,643
7799,439,205
7800,439,672
7801,439,441
7802,439,883
7803,439,509
7804,439,772
7805,439,668
7806,439,947
7807,439,631
7808,439,731
7809,439,956
7810,439,51
7811,439,359
7812,439,602
7813,439,75
7814,439,210
7815,439,126
7816,439,698
7817,439,424
7818,439,146
7819,439,998
7820,439,42
7821,439,601
7822,439,1082
7823,439,188
7824,439,563
7825,439,280
7826,439,137
7827,439,732
7828,439,873
7829,439,81
7830,439,460
7831,439,340
7832,439,867
7833,439,350
7834,439,547
7835,439,914
7836,439,758
7837,439,380
7838,439,117
7839,439,1078
7840,439,637
7841,439,469
7842,439,462
7843,439,652
7844,439,491
7845,439,1117
7846,439,37
7847,439,834
7848,439,593
7849,439,951
7850,439,611
7851,439,646
7852,439,742
7853,439,888
7854,439,477
7855,439,95
7856,439,97
7857,439,624
7858,439,220
7859,439,399
7860,439,653
7861,439,129
7862,439,27
7863,439,885
7864,439,633
7865,439,327
7866,439,377
7867,439,84
7868,439,23
7869,439,774
7870,439,100
7871,439,937
7872,439,320
7873,439,832
7874,439,804
7875,439,523
7876,439,877
7877,439,933
7878,439,930
7879,439,773
7880,439,1099
7881,439,1070
7882,439,702
7883,439,156
7884,439,736
7885,439,1106
7886,439,1012
7887,439,310
7888,439,363
7889,439,247
7890,439,22
7891,439,378
7892,439,132
7893,439,767
7894,439,356
7895,439,270
7896,439,776
7897,439,1063
7898,439,1041
7899,439,1066
7900,439,193
7901,439,17
7902,439,347
7903,439,568
7904,439,765
7905,439,617
7906,439,143
7907,439,763
7908,439,1115
7909,439,849
7910,439,473
7911,439,336
7912,439,1052
7913,439,691
7914,439,290
7915,439,32
7916,439,187
7917,439,879
7918,439,50
7919,439,570
7920,439,263
7921,439,134
7922,439,159
7923,439,733
7924,439,243
7925,439,324
7926,439,240
7927,439,526
7928,439,619
7929,439,1022
7930,439,269
7931,439,1019
7932,439,594
7933,439,423
7934,439,801
7935,439,1029
7936,439,438
7937,439,372
7938,439,8
7939,439,425
7940,439,943
7941,439,386
7942,439,61
7943,439,679
7944,439,507
7945,439,814
7946,439,592
7947,439,990
7948,439,398
7949,439,299
7950,439,426
7951,439,616
7952,439,1018
7953,439,99
7954,439,405
7955,439,1077
7956,439,203
7957,439,727
7958,439,395
7959,439,565
7960,439,779
7961,439,114
7962,439,845
7963,439,961
7964,439,198
7965,439,312
7966,439,449
7967,439,122
7968,439,162
7969,439,413
7970,439,1071
7971,439,962
7972,439,833
7973,439,979
7974,439,581
7975,439,485
7976,439,191
7977,439,278
7978,439,44
7979,439,119
7980,439,167
7981,439,28
7982,439,1084
7983,439,369
7984,439,297
7985,439,260
7986,439,994
7987,439,1000
7988,439,745
7989,439,680
7990,439,120
7991,439,304
7992,439,928
7993,439,1111
7994,439,695
7995,439,411
7996,439,780
7997,439,597
7998,439,658
7999,439,1059
8000,439,663
8001,439,175
8002,439,1033
8003,439,1053
8004,439,664
8005,439,497
8006,439,844
8007,439,950
8008,439,1097
8009,439,610
8010,439,1102
8011,439,575
8012,439,810
8013,439,172
8014,439,771
8015,439,148
8016,439,124
8017,439,786
8018,439,815
8019,439,870
8020,439,785
8021,439,414
8022,439,443
8023,439,311
8024,439,854
8025,439,294
8026,439,85
8027,439,859
8028,439,1031
8029,439,1067
8030,439,1051
8031,439,381
8032,439,306
8033,439,289
8034,439,936
8035,439,1017
8036,439,131
8037,439,800
8038,439,173
8039,439,375
8040,439,66
8041,439,899
8042,439,891
8043,439,970
8044,439,1080
8045,439,1016
8046,439,626
8047,439,978
8048,439,483
8049,439,145
8050,439,82
8051,439,250
8052,439,1044
8053,439,684
8054,439,437
8055,439,1068
8056,439,778
8057,439,667
8058,439,909
8059,439,955
8060,439,968
8061,439,1032
8062,439,958
8063,439,121
8064,439,452
8065,439,915
8066,439,514
8067,439,74
8068,439,512
8069,439,697
8070,439,410
8071,439,635
8072,439,429
8073,439,1101
8074,439,10
8075,439,661
8076,439,133
8077,439,488
8078,439,941
8079,439,432
8080,439,169
8081,439,516
8082,439,35
8083,439,1112
8084,439,151
8085,439,1085
8086,439,341
8087,439,419
8088,439,454
8089,439,476
8090,439,730
8091,439,1055
8092,439,1057
8093,439,520
8094,439,932
8095,439,992
8096,439,759
8097,439,281
8098,439,587
8099,439,793
8100,439,53
8101,439,1013
8102,439,73
8103,439,609
8104,439,775
8105,439,45
8106,439,920
8107,439,599
8108,439,202
8109,439,331
8110,439,361
8111,439,487
8112,439,549
8113,439,305
8114,439,171
8115,439,136
8116,439,843
8117,439,330
8118,439,475
8119,439,826
8120,439,387
8121,439,65
8122,439,999
8123,439,189
8124,439,178
8125,439,157
8126,439,420
8127,439,499
8128,439,213
8129,439,671
8130,439,59
8131,439,138
8132,439,997
8133,439,13
8134,439,295
8135,439,603
8136,439,762
8137,439,271
8138,439,382
8139,439,141
8140,439,755
8141,439,751
8142,439,690
8143,439,314
8144,439,293
8145,439,687
8146,439,1074
8147,439,689
8148,439,533
8149,439,567
8150,439,1092
8151,439,769
8152,439,708
8153,439,19
8154,439,24
8155,439,608
8156,439,46
8157,439,729
8158,439,431
8159,439,435
8160,439,116
8161,439,622
8162,439,326
8163,439,939
8164,439,302
8165,439,105
8166,439,427
8167,439,777
8168,439,451
8169,439,506
8170,439,384
8171,439,754
8172,439,986
8173,439,101
8174,439,1011
8175,439,215
8176,439,221
8177,439,349
8178,439,965
8179,439,712
8180,439,1076
8181,439,586
8182,439,1108
8183,439,94
8184,439,1030
8185,439,572
8186,439,505
8187,439,222
8188,439,149
8189,439,1024
8190,439,534
8191,439,70
8192,439,634
8193,439,574
8194,439,811
8195,439,925
8196,439,265
8197,439,837
8198,439,1037
8199,439,647
8200,439,1058
8201,439,354
8202,439,87
8203,439,329
8204,439,504
8205,439,303
8206,439,897
8207,439,714
8208,439,308
8209,439,86
8210,439,655
8211,439,887
8212,439,645
8213,439,607
8214,439,392
8215,439,78
8216,439,747
8217,439,481
8218,446,34
8219,446,281
8220,446,1086
8221,446,571
8222,446,232
8223,446,344
8224,446,143
8225,446,512
8226,446,280
8227,446,240
8228,446,285
8229,446,202
8230,446,62
8231,446,927
8232,446,230
8233,446,560
8234,446,661
8235,446,261
8236,446,305
8237,446,701
8238,446,200
8239,446,317
8240,446,133
8241,446,874
8242,446,89
8243,446,329
8244,446,1002
8245,446,735
8246,446,793
8247,446,346
8248,446,1051
8249,446,1000
8250,446,484
8251,446,465
8252,446,258
8253,446,426
8254,446,689
8255,446,958
8256,446,984
8257,446,193
8258,446,267
8259,446,349
8260,446,297
8261,457,281
8262,457,643
8263,457,176
8264,457,100
8265,457,1052
8266,457,726
8267,471,431
8268,471,1105
8269,471,15
8270,471,1014
8271,471,1058
8272,471,971
8273,471,990
8274,471,294
8275,471,143
8276,471,187
8277,471,346
8278,471,1011
8279,471,689
8280,471,1052
8281,471,829
8282,471,101
8283,471,84
8284,471,132
8285,471,1003
8286,471,366
8287,471,80
8288,471,543
8289,471,516
8290,471,845
8291,471,423
8292,471,467
8293,471,887
8294,471,866
8295,471,726
8296,471,758
8297,471,659
8298,471,722
8299,471,323
8300,471,868
8301,471,238
8302,471,329
8303,471,73
8304,471,296
8305,471,233
8306,471,311
8307,471,663
8308,471,672
8309,471,281
8310,471,207
8311,471,930
8312,471,89
8313,471,322
8314,471,631
8315,471,388
8316,471,286
8317,471,1071
8318,471,736
8319,471,542
8320,471,222
8321,471,359
8322,471,1084
8323,471,777
8324,471,975
8325,471,799
8326,471,967
8327,471,405
8328,471,822
8329,471,992
8330,471,208
8331,471,153
8332,471,753
8333,471,490
8334,471,991
8335,471,521
8336,471,627
8337,471,251
8338,471,741
8339,471,45
8340,471,87
8341,471,594
8342,471,312
8343,471,564
8344,471,409
8345,471,3
8346,471,254
8347,471,773
8348,471,586
8349,471,92
8350,471,460
8351,471,568
8352,471,703
8353,471,982
8354,471,262
8355,471,499
8356,471,223
8357,471,682
8358,471,363
8359,471,779
8360,471,812
8361,471,1109
8362,471,459
8363,471,1078
8364,471,1112
8365,471,253
8366,471,636
8367,471,667
8368,471,399
8369,471,706
8370,471,282
8371,471,691
8372,471,712
8373,471,924
8374,471,739
8375,471,445
8376,471,669
8377,471,692
8378,471,213
8379,471,945
8380,471,375
8381,471,349
8382,471,804
8383,471,131
8384,471,981
8385,471,260
8386,471,361
8387,471,840
8388,471,720
8389,471,755
8390,471,249
8391,471,81
8392,471,379
8393,471,202
8394,471,798
8395,471,457
8396,471,334
8397,471,833
8398,471,647
8399,471,727
8400,471,1042
8401,471,1016
8402,471,958
8403,471,432
8404,471,159
8405,471,998
8406,471,1007
8407,471,730
8408,471,124
8409,471,963
8410,471,356
8411,471,509
8412,471,1082
8413,471,38
8414,471,247
8415,471,1097
8416,471,653
8417,471,438
8418,471,947
8419,471,1073
8420,471,752
8421,471,121
8422,471,145
8423,471,995
8424,471,69
8425,471,30
8426,471,1030
8427,471,434
8428,471,910
8429,471,110
8430,471,416
8431,471,119
8432,471,85
8433,471,19
8434,471,831
8435,471,1075
8436,471,374
8437,471,662
8438,471,487
8439,471,616
8440,471,1068
8441,471,175
8442,471,735
8443,471,1055
8444,471,26
8445,471,810
8446,471,11
8447,471,421
8448,471,358
8449,471,701
8450,471,306
8451,471,873
8452,471,816
8453,471,978
8454,471,371
8455,471,553
8456,471,534
8457,471,177
8458,471,147
8459,471,1117
8460,471,702
8461,471,418
8462,471,498
8463,471,933
8464,471,148
8465,471,230
8466,471,122
8467,471,929
8468,471,769
8469,471,983
8470,471,635
8471,471,398
8472,471,742
8473,471,714
8474,471,986
8475,471,20
8476,471,154
8477,471,339
8478,471,697
8479,471,711
8480,471,544
8481,471,867
8482,471,844
8483,471,951
8484,471,174
8485,471,839
8486,471,1050
8487,471,484
8488,486,374
8489,486,423
8490,486,612
8491,486,1020
8492,486,726
8493,486,237
8494,487,480
8495,487,416
8496,487,53
8497,487,998
8498,487,949
8499,487,930
8500,487,948
8501,487,714
8502,487,159
8503,487,202
8504,487,703
8505,487,286
8506,487,136
8507,487,177
8508,487,374
8509,487,737
8510,487,11
8511,487,40
8512,487,469
8513,487,187
8514,487,1068
8515,487,340
8516,487,868
8517,487,752
8518,487,399
8519,487,1020
8520,489,1022
8521,489,957
8522,489,285
8523,489,496
8524,489,601
8525,489,419
8526,489,357
8527,489,1001
8528,489,277
8529,489,755
8530,489,180
8531,489,624
8532,489,1062
8533,489,663
8534,489,198
8535,489,119
8536,489,464
8537,489,864
8538,489,857
8539,489,840
8540,489,947
8541,489,354
8542,489,967
8543,489,303
8544,489,607
8545,489,512
8546,489,92
8547,489,442
8548,489,15
8549,489,668
8550,489,123
8551,489,623
8552,489,488
8553,489,451
8554,489,572
8555,489,177
8556,489,638
8557,489,998
8558,489,845
8559,489,812
8560,489,99
8561,489,866
8562,489,739
8563,489,187
8564,489,1026
8565,489,474
8566,489,165
8567,489,883
8568,489,533
8569,489,878
8570,489,916
8571,489,1017
8572,489,263
8573,489,509
8574,489,777
8575,489,10
8576,489,71
8577,489,85
8578,489,557
8579,489,745
8580,489,577
8581,489,191
8582,489,130
8583,489,933
8584,489,681
8585,489,88
8586,489,824
8587,489,129
8588,489,1070
8589,489,112
8590,489,317
8591,489,753
8592,489,5
8593,489,1034
8594,489,292
8595,489,465
8596,489,800
8597,489,756
8598,489,219
8599,489,104
8600,489,749
8601,489,21
8602,489,382
8603,489,22
8604,489,87
8605,489,828
8606,489,369
8607,489,884
8608,489,93
8609,489,656
8610,489,379
8611,489,862
8612,489,302
8613,489,1108
8614,489,342
8615,489,702
8616,489,1030
8617,489,671
8618,489,684
8619,489,4
8620,489,284
8621,489,675
8622,489,853
8623,489,487
8624,489,236
8625,489,286
8626,489,968
8627,489,261
8628,489,221
8629,489,439
8630,489,999
8631,489,174
8632,489,36
8633,489,716
8634,489,1074
8635,489,413
8636,489,356
8637,489,945
8638,489,1119
8639,489,408
8640,489,265
8641,489,432
8642,489,811
8643,489,304
8644,489,729
8645,489,1111
8646,489,1102
8647,489,400
8648,489,1
8649,489,962
8650,489,462
8651,489,597
8652,489,1075
8653,489,1055
8654,489,1104
8655,489,273
8656,489,734
8657,489,724
8658,489,708
8659,489,1046
8660,489,447
8661,489,416
8662,489,833
8663,489,1028
8664,489,568
8665,489,537
8666,489,1086
8667,489,1020
8668,489,31
8669,489,338
8670,489,900
8671,489,837
8672,489,959
8673,489,473
8674,489,483
8675,489,1002
8676,489,140
8677,489,82
8678,489,84
8679,489,521
8680,489,752
8681,489,976
8682,489,913
8683,489,239
8684,489,743
8685,489,1029
8686,489,829
8687,489,34
8688,489,973
8689,489,252
8690,489,199
8691,489,936
8692,489,689
8693,489,776
8694,489,486
8695,489,262
8696,489,946
8697,489,912
8698,489,157
8699,489,545
8700,489,51
8701,489,1024
8702,489,697
8703,489,210
8704,489,383
8705,489,1037
8706,489,773
8707,489,516
8708,489,996
8709,489,212
8710,489,525
8711,489,452
8712,489,327
8713,489,231
8714,489,65
8715,489,941
8716,489,538
8717,489,441
8718,489,1097
8719,489,1063
8720,489,275
8721,489,989
8722,489,60
8723,489,389
8724,489,581
8725,489,887
8726,489,1076
8727,489,78
8728,489,758
8729,489,593
8730,489,877
8731,489,858
8732,489,461
8733,489,98
8734,489,420
8735,489,574
8736,489,1042
8737,489,896
8738,489,246
8739,489,714
8740,489,965
8741,489,1032
8742,489,818
8743,489,226
8744,489,1015
8745,489,602
8746,489,994
8747,489,1112
8748,489,1077
8749,489,588
8750,489,757
8751,489,405
8752,489,411
8753,489,160
8754,489,296
8755,489,329
8756,489,719
8757,489,1021
8758,489,110
8759,489,397
8760,489,888
8761,489,608
8762,489,635
8763,489,96
8764,489,534
8765,489,1118
8766,489,125
8767,489,798
8768,489,822
8769,489,920
8770,489,741
8771,489,908
8772,489,759
8773,489,124
8774,489,497
8775,489,128
8776,489,1115
8777,489,434
8778,489,652
8779,489,480
8780,489,254
8781,489,306
8782,489,910
8783,489,926
8784,489,247
8785,489,1008
8786,489,618
8787,489,793
8788,489,860
8789,489,72
8790,489,1059
8791,489,1011
8792,489,9
8793,489,925
8794,489,774
8795,489,784
8796,489,982
8797,489,386
8798,489,779
8799,489,237
8800,489,915
8801,489,930
8802,489,832
8803,489,792
8804,489,923
8805,489,27
8806,489,634
8807,489,506
8808,489,934
8809,489,1078
8810,489,816
8811,489,827
8812,489,1033
8813,489,152
8814,489,762
8815,489,346
8816,489,669
8817,489,281
8818,489,189
8819,489,677
8820,489,726
8821,489,192
8822,489,955
8823,489,1073
8824,489,75
8825,489,948
8826,489,224
8827,489,893
8828,489,481
8829,489,932
8830,489,271
8831,489,975
8832,489,378
8833,489,961
8834,494,296
8835,494,419
8836,494,993
8837,494,540
8838,494,621
8839,494,726
8840,494,9
8841,494,232
8842,494,420
8843,494,574
8844,494,293
8845,494,653
8846,494,178
8847,494,340
8848,494,25
8849,494,659
8850,494,187
8851,494,905
8852,494,262
8853,494,991
8854,494,729
8855,494,339
8856,494,1094
8857,494,864
8858,494,417
8859,494,63
8860,494,295
8861,494,275
8862,494,951
8863,494,616
8864,494,878
8865,494,573
8866,494,1020
8867,494,42
8868,494,151
8869,494,570
8870,494,560
8871,494,1097
8872,494,749
8873,494,998
8874,494,773
8875,494,225
8876,494,82
8877,494,148
8878,494,916
8879,494,911
8880,494,1033
8881,494,1068
8882,494,352
8883,494,369
8884,494,1024
8885,494,936
8886,494,909
8887,494,32
8888,494,263
8889,494,374
8890,495,1112
8891,495,829
8892,495,532
8893,495,734
8894,495,968
8895,495,775
8896,495,92
8897,495,181
8898,495,416
8899,495,849
8900,495,24
8901,495,603
8902,495,666
8903,495,542
8904,495,742
8905,495,671
8906,495,608
8907,495,1105
8908,495,352
8909,495,8
8910,495,859
8911,495,962
8912,495,222
8913,495,1097
8914,495,805
8915,495,298
8916,495,1062
8917,495,792
8918,495,812
8919,495,254
8920,495,131
8921,495,712
8922,495,1096
8923,495,1071
8924,495,53
8925,495,930
8926,495,297
8927,495,503
8928,495,1085
8929,495,590
8930,495,42
8931,495,610
8932,495,76
8933,495,697
8934,495,844
8935,495,817
8936,495,914
8937,495,670
8938,495,638
8939,495,134
8940,495,343
8941,495,951
8942,495,271
8943,495,1047
8944,495,708
8945,495,189
8946,495,1115
8947,495,995
8948,495,647
8949,495,785
8950,495,464
8951,495,991
8952,495,1039
8953,495,122
8954,495,802
8955,495,130
8956,495,78
8957,495,763
8958,495,1029
8959,495,840
8960,495,557
8961,495,83
8962,495,3
8963,495,661
8964,495,148
8965,495,29
8966,495,413
8967,495,1059
8968,495,218
8969,495,72
8970,495,757
8971,495,310
8972,495,132
8973,495,741
8974,495,799
8975,495,726
8976,495,411
8977,495,755
8978,495,140
8979,495,11
8980,495,779
8981,495,186
8982,495,225
8983,495,60
8984,495,592
8985,495,511
8986,495,537
8987,495,497
8988,495,888
8989,495,586
8990,495,104
8991,495,461
8992,495,577
8993,495,152
8994,495,784
8995,495,646
8996,495,198
8997,495,270
8998,495,1021
8999,495,272
9000,495,100
9001,495,120
9002,495,441
9003,495,452
9004,495,842
9005,495,606
9006,495,294
9007,495,424
9008,495,88
9009,495,1065
9010,495,668
9011,495,681
9012,495,163
9013,495,180
9014,495,167
9015,495,787
9016,495,658
9017,495,517
9018,495,365
9019,495,462
9020,495,85
9021,495,1109
9022,495,891
9023,495,1027
9024,495,357
9025,495,992
9026,495,1089
9027,495,533
9028,495,480
9029,495,334
9030,495,217
9031,495,386
9032,495,20
9033,495,19
9034,495,947
9035,495,277
9036,495,607
9037,495,160
9038,495,498
9039,495,1111
9040,495,657
9041,495,379
9042,495,989
9043,495,1104
9044,495,736
9045,495,1070
9046,495,309
9047,495,815
9048,495,67
9049,495,49
9050,495,659
9051,495,259
9052,495,922
9053,495,999
9054,495,551
9055,495,118
9056,495,230
9057,495,1092
9058,495,187
9059,495,965
9060,495,627
9061,495,653
9062,495,390
9063,495,64
9064,495,247
9065,495,57
9066,495,89
9067,495,41
9068,495,978
9069,495,986
9070,495,813
9071,495,93
9072,495,491
9073,495,525
9074,495,494
9075,495,939
9076,495,886
9077,495,900
9078,495,313
9079,495,237
9080,495,714
9081,495,355
9082,495,959
9083,495,284
9084,495,50
9085,495,905
9086,495,909
9087,495,1066
9088,495,445
9089,495,752
9090,495,732
9091,495,59
9092,495,798
9093,495,821
9094,495,465
9095,495,333
9096,495,325
9097,495,952
9098,495,1005
9099,495,570
9100,495,854
9101,495,490
9102,495,1010
9103,495,766
9104,495,73
9105,495,202
9106,495,635
9107,495,597
9108,495,554
9109,495,489
9110,495,98
9111,495,149
9112,495,961
9113,495,863
9114,495,776
9115,495,566
9116,495,753
9117,495,684
9118,495,980
9119,495,475
9120,495,207
9121,495,444
9122,495,336
9123,495,368
9124,495,856
9125,495,701
9126,495,457
9127,495,1084
9128,495,1076
9129,495,826
9130,495,733
9131,495,811
9132,495,709
9133,495,950
9134,495,224
9135,495,1068
9136,495,1034
9137,495,535
9138,495,574
9139,495,735
9140,495,520
9141,495,171
9142,495,1011
9143,495,552
9144,495,71
9145,495,40
9146,495,936
9147,495,1052
9148,495,976
9149,495,359
9150,495,448
9151,495,469
9152,495,471
9153,495,563
9154,495,605
9155,495,467
9156,495,945
9157,495,1063
9158,495,640
9159,495,702
9160,495,918
9161,495,774
9162,495,188
9163,495,796
9164,495,326
9165,495,307
9166,495,47
9167,495,303
9168,495,81
9169,495,512
9170,495,831
9171,495,858
9172,495,925
9173,495,1036
9174,495,576
9175,495,177
9176,495,1007
9177,495,615
9178,495,860
9179,495,975
9180,495,176
9181,495,212
9182,495,1016
9183,495,111
9184,495,637
9185,495,786
9186,495,853
9187,495,1087
9188,495,172
9189,495,382
9190,495,231
9191,495,381
9192,495,667
9193,495,119
9194,495,862
9195,495,341
9196,495,737
9197,495,852
9198,495,378
9199,495,121
9200,495,609
9201,495,330
9202,495,916
9203,495,825
9204,495,248
9205,500,94
9206,500,126
9207,500,469
9208,500,663
9209,500,537
9210,500,645
9211,500,588
9212,500,896
9213,500,834
9214,500,417
9215,500,947
9216,500,386
9217,500,1037
9218,500,980
9219,500,952
9220,500,866
9221,500,120
9222,500,141
9223,500,21
9224,500,937
9225,500,1092
9226,500,347
9227,500,931
9228,500,739
9229,500,1024
9230,500,930
9231,500,668
9232,500,125
9233,500,729
9234,500,1003
9235,500,261
9236,500,1108
9237,500,72
9238,500,429
9239,500,411
9240,500,346
9241,500,946
9242,500,736
9243,500,298
9244,500,260
9245,500,317
9246,500,883
9247,500,608
9248,500,307
9249,500,597
9250,500,290
9251,500,836
9252,500,1088
9253,500,4
9254,500,29
9255,500,571
9256,500,515
9257,500,1083
9258,500,659
9259,500,968
9260,500,602
9261,500,83
9262,500,137
9263,500,891
9264,500,243
9265,500,568
9266,500,34
9267,500,615
9268,500,146
9269,500,169
9270,500,610
9271,500,158
9272,500,871
9273,500,765
9274,500,38
9275,500,239
9276,500,105
9277,500,90
9278,500,658
9279,500,664
9280,500,995
9281,500,741
9282,500,540
9283,500,1067
9284,500,491
9285,500,949
9286,500,42
9287,500,763
9288,500,453
9289,500,1065
9290,500,221
9291,500,349
9292,500,913
9293,500,254
9294,500,677
9295,500,789
9296,500,884
9297,500,75
9298,500,593
9299,500,601
9300,500,440
9301,500,361
9302,500,886
9303,500,986
9304,500,612
9305,500,432
9306,500,377
9307,500,1060
9308,500,395
9309,500,756
9310,500,132
9311,500,1057
9312,500,703
9313,500,183
9314,500,992
9315,500,410
9316,500,489
9317,500,444
9318,500,533
9319,500,35
9320,500,744
9321,500,426
9322,500,733
9323,500,513
9324,500,1022
9325,500,357
9326,500,371
9327,500,208
9328,500,694
9329,500,813
9330,500,586
9331,500,428
9332,500,542
9333,500,740
9334,500,210
9335,500,217
9336,500,50
9337,500,252
9338,500,464
9339,500,368
9340,500,637
9341,500,441
9342,500,93
9343,500,592
9344,500,862
9345,500,818
9346,500,843
9347,500,175
9348,500,333
9349,500,692
9350,500,1042
9351,500,488
9352,500,443
9353,500,852
9354,500,350
9355,500,1026
9356,500,1001
9357,500,366
9358,500,480
9359,500,574
9360,500,920
9361,500,892
9362,500,640
9363,500,734
9364,500,577
9365,500,1041
9366,500,994
9367,500,874
9368,500,657
9369,500,189
9370,500,516
9371,500,1084
9372,500,19
9373,500,1089
9374,500,418
9375,500,682
9376,500,548
9377,500,1029
9378,500,594
9379,500,462
9380,500,944
9381,500,403
9382,500,152
9383,500,521
9384,500,26
9385,500,293
9386,500,814
9387,500,236
9388,500,40
9389,500,642
9390,500,442
9391,500,888
9392,500,198
9393,500,187
9394,500,1106
9395,500,299
9396,500,1077
9397,500,223
9398,500,86
9399,500,143
9400,500,1031
9401,500,170
9402,500,915
9403,500,270
9404,500,477
9405,500,660
9406,500,691
9407,500,140
9408,500,638
9409,500,824
9410,500,1094
9411,500,978
9412,500,517
9413,500,502
9414,500,849
9415,500,454
9416,500,596
9417,500,839
9418,500,478
9419,500,1068
9420,500,933
9421,500,918
9422,500,885
9423,500,975
9424,500,28
9425,500,102
9426,500,388
9427,500,900
9428,500,424
9429,500,790
9430,500,481
9431,500,467
9432,500,97
9433,500,757
9434,500,1048
9435,500,624
9436,500,746
9437,500,971
9438,500,437
9439,500,1028
9440,500,636
9441,500,199
9442,500,679
9443,500,15
9444,500,932
9445,500,81
9446,500,526
9447,500,1072
9448,500,496
9449,500,273
9450,500,194
9451,500,603
9452,500,722
9453,500,232
9454,500,230
9455,500,878
9456,500,752
9457,500,941
9458,500,461
9459,500,842
9460,500,910
9461,500,578
9462,500,497
9463,500,812
9464,500,77
9465,500,101
9466,500,165
9467,500,983
9468,500,928
9469,500,504
9470,500,354
9471,500,142
9472,500,506
9473,500,681
9474,500,561
9475,500,989
9476,500,447
9477,500,535
9478,500,369
9479,500,895
9480,500,277
9481,500,174
9482,500,713
9483,500,460
9484,500,363
9485,500,119
9486,500,385
9487,500,934
9488,500,1055
9489,500,698
9490,500,625
9491,500,448
9492,500,580
9493,500,274
9494,500,222
9495,500,985
9496,500,708
9497,500,798
9498,500,951
9499,500,769
9500,500,1078
9501,500,237
9502,500,327
9503,500,9
9504,500,1110
9505,500,8
9506,500,957
9507,500,675
9508,500,246
9509,500,352
9510,500,323
9511,500,520
9512,500,639
9513,500,365
9514,500,31
9515,500,581
9516,500,667
9517,500,292
9518,500,104
9519,500,793
9520,500,1115
9521,500,547
9522,500,835
9523,500,398
9524,500,1063
9525,500,149
9526,500,63
9527,500,499
9528,500,706
9529,500,129
9530,500,61
9531,500,566
9532,500,550
9533,500,630
9534,500,936
9535,500,564
9536,500,959
9537,500,942
9538,500,727
9539,500,820
9540,500,762
9541,500,863
9542,500,5
9543,500,864
9544,500,800
9545,500,653
9546,500,549
9547,500,552
9548,500,44
9549,500,652
9550,500,619
9551,500,262
9552,500,799
9553,500,666
9554,500,122
9555,500,485
9556,500,25
9557,500,848
9558,500,266
9559,500,60
9560,500,65
9561,500,938
9562,500,1082
9563,500,509
9564,500,1052
9565,500,784
9566,500,359
9567,500,779
9568,500,1020
9569,500,490
9570,500,766
9571,500,829
9572,500,69
9573,500,1034
9574,500,929
9575,500,974
9576,500,486
9577,500,1102
9578,500,379
9579,500,792
9580,500,215
9581,500,976
9582,500,45
9583,500,286
9584,500,487
9585,500,689
9586,500,128
9587,500,1000
9588,500,3
9589,500,993
9590,500,88
9591,500,131
9592,500,563
9593,500,134
9594,500,57
9595,500,340
9596,500,919
9597,500,726
9598,500,816
9599,500,730
9600,500,621
9601,500,611
9602,500,553
9603,500,1116
9604,500,59
9605,500,1087
9606,500,905
9607,500,1027
9608,500,807
9609,500,405
9610,500,805
9611,500,64
9612,500,342
9613,500,304
9614,500,235
9615,500,755
9616,500,397
9617,500,877
9618,500,631
9619,500,13
9620,500,24
9621,500,233
9622,500,231
9623,500,543
9624,500,106
9625,500,616
9626,500,911
9627,500,674
9628,500,465
9629,500,73
9630,500,880
9631,500,6
9632,500,923
9633,500,438
9634,500,590
9635,500,699
9636,500,844
9637,500,109
9638,500,263
9639,500,380
9640,500,390
9641,500,268
9642,500,383
9643,500,251
9644,500,212
9645,500,193
9646,500,887
9647,500,1058
9648,500,297
9649,500,870
9650,500,723
9651,500,314
9652,500,47
9653,500,384
9654,500,22
9655,500,473
9656,500,280
9657,500,508
9658,500,1111
9659,500,1066
9660,500,213
9661,500,316
9662,500,51
9663,500,749
9664,500,859
9665,500,857
9666,500,53
9667,500,627
9668,500,687
9669,500,224
9670,500,544
9671,500,825
9672,500,867
9673,500,605
9674,500,575
9675,500,1075
9676,500,112
9677,500,399
9678,500,518
9679,500,145
9680,500,1085
9681,500,445
9682,500,240
9683,500,1062
9684,500,343
9685,500,296
9686,500,11
9687,500,253
9688,500,534
9689,500,20
9690,500,1015
9691,500,375
9692,500,771
9693,500,833
9694,500,1008
9695,500,546
9696,500,924
9697,500,378
9698,500,1118
9699,500,925
9700,500,753
9701,500,435
9702,500,787
9703,500,475
9704,500,922
9705,500,148
9706,500,503
9707,500,302
9708,500,661
9709,500,655
9710,500,1112
9711,500,238
9712,500,1071
9713,500,774
9714,500,402
9715,500,416
9716,500,1101
9717,500,696
9718,500,777
9719,500,151
9720,500,1013
9721,500,303
9722,500,828
9723,500,121
9724,500,680
9725,500,865
9726,500,584
9727,500,912
9728,500,219
9729,500,856
9730,500,738
9731,500,135
9732,500,259
9733,500,510
9734,500,1053
9735,500,724
9736,500,479
9737,500,312
9738,500,626
9739,500,180
9740,500,811
9741,500,545
9742,500,1005
9743,500,439
9744,500,1012
9745,500,702
9746,500,358
9747,500,493
9748,500,130
9749,500,420
9750,500,1004
9751,502,187
9752,538,968
9753,538,747
9754,538,883
9755,538,793
9756,538,656
9757,538,118
9758,538,436
9759,538,1068
9760,538,178
9761,538,901
9762,538,1033
9763,538,858
9764,538,159
9765,538,736
9766,538,691
9767,538,133
9768,538,929
9769,538,726
9770,538,1005
9771,538,19
9772,538,1105
9773,538,162
9774,538,810
9775,538,1021
9776,538,161
9777,538,1015
9778,538,908
9779,538,986
9780,538,1071
9781,538,624
9782,538,1102
9783,538,580
9784,538,777
9785,538,829
9786,538,341
9787,538,22
9788,538,17
9789,538,536
9790,538,757
9791,538,198
9792,538,445
9793,538,729
9794,538,356
9795,538,342
9796,538,326
9797,538,212
9798,538,125
9799,538,770
9800,538,543
9801,538,331
9802,538,839
9803,538,452
9804,538,260
9805,538,887
9806,538,896
9807,538,61
9808,538,431
9809,538,947
9810,538,878
9811,538,383
9812,538,1078
9813,538,981
9814,538,502
9815,538,591
9816,538,261
9817,538,443
9818,538,521
9819,538,837
9820,538,286
9821,538,329
9822,538,374
9823,538,1032
9824,538,428
9825,538,266
9826,538,357
9827,538,432
9828,538,504
9829,538,181
9830,538,315
9831,538,237
9832,538,435
9833,538,1042
9834,538,639
9835,538,587
9836,538,542
9837,538,724
9838,538,557
9839,538,46
9840,538,487
9841,538,559
9842,538,963
9843,538,630
9844,538,1107
9845,538,385
9846,538,148
9847,538,798
9848,538,586
9849,538,574
9850,538,892
9851,538,379
9852,538,780
9853,538,597
9854,538,985
9855,538,3
9856,538,910
9857,538,499
9858,538,453
9859,538,158
9860,538,344
9861,538,653
9862,538,194
9863,538,303
9864,538,489
9865,538,867
9866,538,723
9867,538,173
9868,538,1037
9869,538,1062
9870,538,638
9871,538,517
9872,538,951
9873,538,433
9874,538,498
9875,538,127
9876,538,477
9877,538,45
9878,538,979
9879,538,381
9880,538,69
9881,538,268
9882,538,670
9883,538,43
9884,538,540
9885,538,411
9886,538,1084
9887,538,320
9888,538,742
9889,538,183
9890,538,707
9891,538,627
9892,538,714
9893,538,147
9894,538,622
9895,538,672
9896,538,317
9897,538,151
9898,538,53
9899,538,31
9900,538,193
9901,538,697
9902,538,773
9903,538,35
9904,538,177
9905,538,862
9906,538,571
9907,538,96
9908,538,711
9909,538,369
9910,538,608
9911,538,884
9912,538,299
9913,538,744
9914,538,635
9915,538,507
9916,538,560
9917,538,973
9918,538,909
9919,538,1086
9920,538,395
9921,538,59
9922,538,573
9923,538,119
9924,538,532
9925,538,679
9926,538,27
9927,538,32
9928,538,160
9929,538,998
9930,538,238
9931,538,666
9932,538,372
9933,538,377
9934,538,938
9935,538,90
9936,538,818
9937,538,732
9938,538,207
9939,538,418
9940,538,491
9941,538,405
9942,538,459
9943,538,252
9944,538,346
9945,538,590
9946,538,86
9947,538,720
9948,538,856
9949,538,174
9950,538,295
9951,538,156
9952,538,420
9953,538,852
9954,538,547
9955,538,534
9956,538,551
9957,538,478
9958,538,727
9959,538,1082
9960,538,97
9961,538,1064
9962,538,844
9963,538,483
9964,538,913
9965,538,424
9966,538,135
9967,538,225
9968,538,255
9969,538,465
9970,538,419
9971,538,816
9972,538,832
9973,538,123
9974,538,349
9975,538,152
9976,538,132
9977,538,926
9978,538,99
9979,538,695
9980,538,1052
9981,538,596
9982,538,169
9983,538,545
9984,538,442
9985,538,42
9986,538,355
9987,538,531
9988,538,750
9989,538,751
9990,538,703
9991,538,250
9992,538,588
9993,538,215
9994,538,952
9995,538,758
9996,538,202
9997,538,513
9998,538,937
9999,538,799
10000,538,932
10001,538,765
10002,538,333
10003,538,191
10004,538,594
10005,538,696
10006,538,857
10007,538,34
10008,538,935
10009,538,814
10010,538,446
10011,538,663
10012,538,601
10013,538,106
10014,538,781
10015,538,318
10016,538,873
10017,538,984
10018,538,812
10019,538,983
10020,538,247
10021,538,475
10022,538,553
10023,538,725
10024,538,495
10025,538,854
10026,538,991
10027,538,165
10028,538,1000
10029,538,1073
10030,538,471
10031,538,270
10032,538,941
10033,538,621
10034,538,708
10035,538,490
10036,538,975
10037,538,480
10038,538,81
10039,538,1055
10040,538,313
10041,538,575
10042,538,253
10043,538,210
10044,538,865
10045,538,281
10046,538,358
10047,538,659
10048,538,568
10049,538,163
10050,538,982
10051,538,739
10052,544,102
10053,544,548
10054,544,89
10055,544,1014
10056,544,827
10057,544,933
10058,544,502
10059,544,946
10060,544,645
10061,544,388
10062,544,901
10063,544,200
10064,544,767
10065,544,233
10066,544,451
10067,544,619
10068,544,1053
10069,544,57
10070,544,927
10071,544,835
10072,544,783
10073,544,951
10074,544,694
10075,544,633
10076,544,284
10077,544,983
10078,544,1039
10079,544,736
10080,544,339
10081,544,253
10082,544,395
10083,544,931
10084,544,73
10085,544,580
10086,544,941
10087,544,867
10088,544,849
10089,544,864
10090,544,1085
10091,544,165
10092,544,26
10093,544,127
10094,544,761
10095,544,723
10096,544,260
10097,544,1108
10098,544,42
10099,544,247
10100,544,1041
10101,544,674
10102,544,295
10103,544,622
10104,544,1089
10105,544,1042
10106,544,75
10107,544,915
10108,544,784
10109,544,738
10110,544,551
10111,544,280
10112,544,444
10113,544,326
10114,544,1044
10115,544,814
10116,544,520
10117,544,753
10118,544,513
10119,544,763
10120,544,802
10121,544,690
10122,544,698
10123,544,714
10124,544,779
10125,544,866
10126,544,843
10127,544,609
10128,544,1088
10129,544,507
10130,544,508
10131,544,361
10132,544,862
10133,544,621
10134,544,424
10135,544,402
10136,544,98
10137,544,893
10138,544,398
10139,544,20
10140,544,95
10141,544,262
10142,544,350
10143,544,352
10144,544,81
10145,544,35
10146,544,969
10147,544,275
10148,544,518
10149,544,1067
10150,544,1003
10151,544,481
10152,544,615
10153,544,659
10154,544,235
10155,544,795
10156,544,930
10157,544,871
10158,544,386
10159,544,368
10160,544,1094
10161,544,1000
10162,544,910
10163,544,354
10164,544,1082
10165,544,737
10166,544,271
10167,544,175
10168,544,87
10169,544,265
10170,544,427
10171,544,834
10172,544,490
10173,544,630
10174,544,82
10175,544,1030
10176,544,420
10177,544,276
10178,544,163
10179,544,84
10180,544,263
10181,544,109
10182,544,514
10183,544,1068
10184,544,1102
10185,544,269
10186,544,986
10187,544,944
10188,544,1008
10189,544,697
10190,544,788
10191,544,992
10192,544,431
10193,544,572
10194,544,413
10195,544,238
10196,544,15
10197,544,820
10198,544,133
10199,544,884
10200,544,21
10201,544,359
10202,544,928
10203,544,682
10204,544,608
10205,544,404
10206,544,627
10207,544,587
10208,544,1029
10209,544,499
10210,544,365
10211,544,465
10212,544,477
10213,544,756
10214,544,660
10215,544,525
10216,544,550
10217,544,886
10218,544,46
10219,544,730
10220,544,935
10221,544,797
10222,544,445
10223,544,765
10224,544,1055
10225,544,959
10226,544,66
10227,544,1036
10228,544,726
10229,544,440
10230,544,97
10231,544,899
10232,544,302
10233,544,978
10234,544,292
10235,544,752
10236,544,78
10237,544,909
10238,544,598
10239,544,636
10240,544,434
10241,544,180
10242,544,1096
10243,544,605
10244,544,392
10245,544,79
10246,544,1054
10247,544,994
10248,544,1115
10249,544,342
10250,544,296
10251,544,230
10252,544,152
10253,544,708
10254,544,327
10255,544,58
10256,544,474
10257,544,801
10258,544,491
10259,544,176
10260,544,329
10261,544,926
10262,544,755
10263,544,123
10264,544,187
10265,544,848
10266,544,437
10267,544,162
10268,544,489
10269,544,1097
10270,544,807
10271,544,436
10272,544,618
10273,544,669
10274,544,251
10275,544,1013
10276,544,483
10277,544,877
10278,544,194
10279,544,536
10280,544,467
10281,544,637
10282,544,559
10283,544,357
10284,544,720
10285,544,982
10286,544,675
10287,544,776
10288,544,1064
10289,544,168
10290,544,118
10291,544,25
10292,544,435
10293,544,692
10294,544,648
10295,544,769
10296,544,937
10297,544,1027
10298,544,790
10299,544,19
10300,544,990
10301,544,426
10302,544,103
10303,544,3
10304,544,340
10305,544,74
10306,544,476
10307,544,1107
10308,544,568
10309,544,72
10310,544,418
10311,544,17
10312,544,485
10313,544,177
10314,544,453
10315,544,773
10316,544,1011
10317,544,976
10318,544,207
10319,544,735
10320,544,469
10321,544,193
10322,544,962
10323,544,679
10324,544,1075
10325,544,384
10326,544,27
10327,544,516
10328,544,540
10329,544,1033
10330,544,1058
10331,544,219
10332,544,732
10333,544,448
10334,544,505
10335,544,594
10336,544,306
10337,544,432
10338,544,1022
10339,544,237
10340,544,979
10341,544,1062
10342,544,1059
10343,544,812
10344,544,71
10345,544,1078
10346,544,652
10347,544,1028
10348,544,379
10349,544,626
10350,544,425
10351,544,34
10352,544,148
10353,544,781
10354,544,341
10355,544,231
10356,544,757
10357,544,208
10358,544,687
10359,544,104
10360,544,875
10361,544,844
10362,544,706
10363,544,822
10364,544,793
10365,544,913
10366,544,61
10367,544,571
10368,544,1037
10369,544,1024
10370,544,114
10371,544,617
10372,544,460
10373,544,90
10374,544,624
10375,544,298
10376,544,958
10377,544,702
10378,544,510
10379,544,86
10380,544,433
10381,544,567
10382,544,403
10383,544,47
10384,544,69
10385,544,146
10386,544,145
10387,544,661
10388,544,76
10389,544,880
10390,544,119
10391,544,45
10392,544,38
10393,544,888
10394,544,845
10395,544,742
10396,544,1110
10397,544,696
10398,544,565
10399,544,487
10400,544,515
10401,544,759
10402,544,137
10403,544,586
10404,544,210
10405,544,475
10406,544,896
10407,544,785
10408,544,671
10409,544,511
10410,544,816
10411,544,545
10412,544,221
10413,544,1118
10414,544,857
10415,544,772
10416,544,478
10417,544,498
10418,544,250
10419,544,484
10420,544,672
10421,544,647
10422,544,651
10423,544,750
10424,544,703
10425,544,369
10426,544,1076
10427,544,597
10428,544,585
10429,544,804
10430,544,1086
10431,544,562
10432,544,638
10433,544,883
10434,544,378
10435,544,878
10436,544,956
10437,544,423
10438,544,411
10439,544,101
10440,544,224
10441,544,722
10442,544,239
10443,544,385
10444,544,183
10445,544,171
10446,544,965
10447,544,218
10448,544,547
10449,544,85
10450,544,294
10451,544,363
10452,544,853
10453,544,957
10454,544,777
10455,544,258
10456,559,136
10457,559,352
10458,559,187
10459,559,494
10460,559,976
10461,559,399
10462,575,1018
10463,575,246
10464,575,981
10465,575,892
10466,575,379
10467,575,416
10468,575,879
10469,575,250
10470,575,476
10471,575,1038
10472,575,914
10473,575,1004
10474,575,848
10475,575,13
10476,575,816
10477,575,1096
10478,575,43
10479,575,990
10480,575,752
10481,575,513
10482,575,534
10483,575,358
10484,575,900
10485,575,118
10486,575,570
10487,575,533
10488,575,263
10489,575,887
10490,575,777
10491,575,315
10492,575,666
10493,575,975
10494,575,828
10495,575,87
10496,575,751
10497,575,1021
10498,575,59
10499,575,998
10500,575,320
10501,575,732
10502,575,651
10503,575,580
10504,575,1046
10505,575,789
10506,575,187
10507,575,255
10508,575,1102
10509,575,280
10510,575,1084
10511,575,896
10512,575,67
10513,575,327
10514,575,910
10515,575,559
10516,575,444
10517,575,597
10518,575,357
10519,575,274
10520,575,266
10521,575,205
10522,575,983
10523,575,460
10524,575,32
10525,575,965
10526,575,886
10527,575,1011
10528,575,149
10529,575,681
10530,575,716
10531,575,316
10532,575,560
10533,575,980
10534,575,761
10535,575,448
10536,575,623
10537,575,748
10538,575,592
10539,575,80
10540,575,1039
10541,575,72
10542,575,421
10543,575,1047
10544,575,14
10545,575,653
10546,575,60
10547,575,937
10548,575,374
10549,575,76
10550,575,759
10551,575,800
10552,575,1112
10553,575,668
10554,575,648
10555,575,317
10556,575,5
10557,575,323
10558,575,1007
10559,575,711
10560,575,307
10561,575,544
10562,575,634
10563,575,169
10564,575,472
10565,575,721
10566,575,285
10567,575,304
10568,575,785
10569,575,913
10570,575,1080
10571,575,737
10572,575,912
10573,575,844
10574,575,510
10575,575,1059
10576,575,596
10577,575,672
10578,575,191
10579,575,462
10580,575,238
10581,575,968
10582,575,377
10583,575,79
10584,575,609
10585,575,57
10586,575,399
10587,575,725
10588,575,671
10589,575,809
10590,575,684
10591,575,135
10592,575,233
10593,575,948
10594,575,885
10595,575,712
10596,575,495
10597,575,866
10598,575,594
10599,575,697
10600,575,507
10601,575,1040
10602,575,952
10603,575,995
10604,575,790
10605,575,658
10606,575,630
10607,575,994
10608,575,835
10609,575,1013
10610,575,141
10611,575,446
10612,575,261
10613,575,571
10614,575,69
10615,575,381
10616,575,378
10617,575,833
10618,575,532
10619,575,6
10620,575,167
10621,575,707
10622,575,523
10623,575,1082
10624,575,797
10625,575,286
10626,575,282
10627,575,807
10628,575,493
10629,575,918
10630,575,1073
10631,575,865
10632,575,629
10633,575,2
10634,575,100
10635,575,438
10636,575,587
10637,575,142
10638,575,440
10639,575,156
10640,575,1033
10641,575,652
10642,575,870
10643,575,874
10644,575,219
10645,575,295
10646,575,563
10647,575,801
10648,575,978
10649,575,236
10650,575,961
10651,575,508
10652,575,841
10653,575,251
10654,575,397
10655,575,515
10656,575,303
10657,575,389
10658,575,695
10659,575,306
10660,575,920
10661,575,853
10662,575,1053
10663,575,538
10664,575,1012
10665,575,760
10666,575,253
10667,575,90
10668,575,355
10669,575,1066
10670,575,479
10671,575,181
10672,575,117
10673,575,473
10674,575,193
10675,575,1071
10676,575,503
10677,575,863
10678,575,305
10679,575,1017
10680,575,496
10681,575,949
10682,575,15
10683,575,101
10684,575,664
10685,575,659
10686,575,441
10687,575,911
10688,575,85
10689,575,843
10690,575,343
10691,575,950
10692,575,598
10693,575,804
10694,575,928
10695,575,670
10696,575,814
10697,575,568
10698,575,982
10699,575,45
10700,575,921
10701,575,607
10702,575,762
10703,575,1068
10704,575,267
10705,575,873
10706,575,221
10707,575,129
10708,575,486
10709,575,922
10710,575,706
10711,575,112
10712,575,252
10713,575,287
10714,575,1064
10715,575,140
10716,575,864
10717,575,49
10718,575,859
10719,575,171
10720,575,128
10721,575,380
10722,575,774
10723,575,502
10724,575,44
10725,575,1058
10726,575,1070
10727,575,165
10728,575,71
10729,575,548
10730,575,272
10731,575,537
10732,575,724
10733,575,175
10734,575,875
10735,575,412
10736,575,923
10737,575,631
10738,575,647
10739,575,738
10740,575,669
10741,575,130
10742,575,657
10743,575,64
10744,575,753
10745,575,300
10746,575,387
10747,575,943
10748,575,499
10749,575,858
10750,575,1003
10751,575,89
10752,575,691
10753,575,490
10754,575,1015
10755,575,375
10756,575,152
10757,575,485
10758,575,199
10759,575,574
10760,575,1054
10761,575,123
10762,575,915
10763,575,636
10764,575,1092
10765,575,464
10766,575,38
10767,575,786
10768,575,1078
10769,575,110
10770,575,888
10771,575,730
10772,575,891
10773,575,1045
10774,575,661
10775,575,9
10776,575,696
10777,575,576
10778,575,1086
10779,575,970
10780,575,204
10781,575,224
10782,575,539
10783,575,58
10784,575,78
10785,575,744
10786,575,136
10787,575,225
10788,575,218
10789,575,333
10790,575,699
10791,575,489
10792,575,1088
10793,575,618
10794,575,318
10795,575,566
10796,575,773
10797,575,798
10798,575,56
10799,575,188
10800,575,1083
10801,575,403
10802,575,498
10803,575,942
10804,575,243
10805,575,1044
10806,575,720
10807,575,702
10808,575,1106
10809,575,743
10810,575,491
10811,575,1067
10812,575,1034
10813,575,779
10814,575,277
10815,575,83
10816,575,1077
10817,575,901
10818,575,388
10819,575,656
10820,575,778
10821,575,383
10822,575,10
10823,575,212
10824,575,134
10825,575,106
10826,575,783
10827,575,442
10828,575,36
10829,575,701
10830,575,4
10831,575,265
10832,575,0
10833,575,173
10834,575,694
10835,575,986
10836,575,677
10837,575,75
10838,575,963
10839,575,31
10840,575,810
10841,575,871
10842,575,650
10843,575,474
10844,575,663
10845,575,1060
10846,575,437
10847,575,298
10848,575,336
10849,575,1087
10850,575,213
10851,575,111
10852,575,906
10853,575,247
10854,575,754
10855,575,735
10856,575,585
10857,575,1109
10858,575,411
10859,575,622
10860,575,1117
10861,575,813
10862,575,178
10863,575,63
10864,575,837
10865,575,66
10866,575,434
10867,575,802
10868,575,431
10869,575,158
10870,575,207
10871,575,1089
10872,575,971
10873,575,849
10874,575,34
10875,575,223
10876,575,817
10877,575,35
10878,575,459
10879,575,313
10880,575,465
10881,575,418
10882,575,788
10883,575,428
10884,575,73
10885,575,736
10886,575,692
10887,575,685
10888,575,157
10889,575,562
10890,575,550
10891,575,161
10892,575,860
10893,575,269
10894,575,25
10895,575,934
10896,575,24
10897,575,930
10898,575,308
10899,575,878
10900,575,488
10901,575,153
10902,575,19
10903,575,453
10904,575,567
10905,575,626
10906,575,447
10907,575,687
10908,575,202
10909,575,640
10910,575,339
10911,575,271
10912,575,577
10913,575,854
10914,575,230
10915,575,739
10916,575,480
10917,575,825
10918,575,714
10919,575,260
10920,575,660
10921,575,708
10922,575,127
10923,575,688
10924,575,390
10925,575,831
10926,575,956
10927,575,958
10928,575,1050
10929,575,46
10930,575,520
10931,575,639
10932,575,125
10933,575,646
10934,575,96
10935,575,420
10936,575,792
10937,575,757
10938,575,834
10939,575,546
10940,575,1024
10941,575,547
10942,575,365
10943,575,172
10944,575,103
10945,575,1111
10946,575,1042
10947,575,929
10948,575,350
10949,575,215
10950,575,423
10951,575,1101
10952,575,945
10953,575,28
10954,575,734
10955,575,259
10956,575,504
10957,575,514
10958,575,826
10959,575,1028
10960,575,1019
10961,575,726
10962,575,772
10963,575,226
10964,575,424
10965,575,50
10966,575,565
10967,575,812
10968,575,713
10969,575,132
10970,575,905
10971,575,475
10972,575,469
10973,575,781
10974,575,402
10975,575,1119
10976,575,1104
10977,575,645
10978,575,543
10979,575,189
10980,575,329
10981,575,1075
10982,575,509
10983,575,827
10984,575,86
10985,575,310
10986,575,359
10987,575,432
10988,575,819
10989,575,993
10990,575,770
10991,575,292
10992,575,248
10993,575,719
10994,575,435
10995,575,457
10996,575,976
10997,575,131
10998,575,621
10999,575,386
11000,575,1069
11001,575,884
11002,575,93
11003,575,77
11004,575,283
11005,575,957
11006,575,322
11007,575,1014
11008,575,822
11009,575,926
11010,575,356
11011,575,557
11012,575,197
11013,575,755
11014,575,325
11015,575,22
11016,575,1041
11017,575,398
11018,575,210
11019,575,518
11020,575,341
11021,575,805
11022,575,941
11023,575,342
11024,575,384
11025,575,340
11026,575,581
11027,575,551
11028,575,115
11029,575,1076
11030,575,572
11031,575,1000
11032,575,452
11033,575,1105
11034,575,94
11035,575,552
11036,575,168
11037,575,932
11038,575,605
11039,575,471
11040,575,935
11041,575,1010
11042,575,836
11043,575,281
11044,575,177
11045,575,297
11046,575,793
11047,575,346
11048,575,643
11049,575,842
11050,575,1032
11051,575,494
11052,588,187
11053,611,1106
11054,611,210
11055,611,460
11056,611,910
11057,611,1040
11058,611,958
11059,617,744
11060,617,906
11061,617,970
11062,617,1077
11063,617,8
11064,617,514
11065,617,724
11066,617,159
11067,617,856
11068,617,924
11069,617,1080
11070,617,240
11071,617,750
11072,617,559
11073,617,314
11074,617,712
11075,617,493
11076,617,223
11077,617,775
11078,617,290
11079,617,790
11080,617,719
11081,617,723
11082,617,67
11083,617,994
11084,617,867
11085,617,418
11086,617,289
11087,617,225
11088,617,32
11089,617,358
11090,617,61
11091,617,756
11092,617,995
11093,617,878
11094,617,123
11095,617,517
11096,617,299
11097,617,864
11098,617,716
11099,617,438
11100,617,147
11101,617,793
11102,617,749
11103,617,722
11104,617,531
11105,617,1106
11106,617,766
11107,617,949
11108,617,326
11109,617,786
11110,617,303
11111,617,672
11112,617,404
11113,617,386
11114,617,692
11115,617,874
11116,617,733
11117,617,752
11118,617,306
11119,617,883
11120,617,178
11121,617,355
11122,617,562
11123,617,899
11124,617,540
11125,617,720
11126,617,574
11127,617,288
11128,617,173
11129,617,758
11130,617,408
11131,617,1109
11132,617,755
11133,617,1058
11134,644,41
11135,644,329
11136,644,554
11137,644,1073
11138,644,876
11139,644,413
11140,644,1016
11141,644,925
11142,644,1015
11143,644,572
11144,644,1029
11145,644,42
11146,644,322
11147,644,69
11148,644,24
11149,644,885
11150,644,888
11151,644,859
11152,644,1019
11153,644,612
11154,644,962
11155,644,677
11156,644,286
11157,644,788
11158,644,878
11159,644,976
11160,644,103
11161,644,439
11162,644,608
11163,644,1010
11164,644,110
11165,644,506
11166,644,1028
11167,644,270
11168,644,231
11169,644,913
11170,644,616
11171,644,951
11172,644,863
11173,644,1104
11174,644,655
11175,644,989
11176,644,681
11177,644,795
11178,644,1
11179,644,869
11180,644,397
11181,644,1070
11182,644,1037
11183,644,1110
11184,644,860
11185,644,49
11186,644,763
11187,644,991
11188,644,313
11189,644,647
11190,644,377
11191,644,490
11192,644,1075
11193,644,624
11194,644,820
11195,644,414
11196,644,243
11197,644,57
11198,644,213
11199,644,559
11200,644,491
11201,644,706
11202,644,565
11203,644,493
11204,644,1050
11205,644,837
11206,644,834
11207,644,157
11208,644,22
11209,644,323
11210,644,188
11211,644,884
11212,644,756
11213,644,674
11214,644,248
11215,644,510
11216,644,642
11217,644,189
11218,644,998
11219,644,814
11220,644,835
11221,644,15
11222,644,5
11223,644,489
11224,644,411
11225,644,708
11226,644,81
11227,644,488
11228,644,352
11229,644,761
11230,644,997
11231,644,131
11232,644,453
11233,644,836
11234,644,112
11235,644,550
11236,644,191
11237,644,713
11238,644,627
11239,644,82
11240,644,119
11241,644,691
11242,644,309
11243,644,399
11244,644,1005
11245,644,425
11246,644,568
11247,644,551
11248,644,210
11249,644,509
11250,644,938
11251,644,480
11252,644,247
11253,644,523
11254,644,862
11255,644,909
11256,644,521
11257,644,799
11258,644,742
11259,644,739
11260,644,137
11261,644,777
11262,644,158
11263,644,285
11264,644,1111
11265,644,237
11266,644,910
11267,644,324
11268,644,911
11269,644,781
11270,644,922
11271,644,427
11272,644,864
11273,644,639
11274,644,948
11275,644,303
11276,644,85
11277,644,557
11278,644,86
11279,644,207
11280,644,105
11281,644,183
11282,644,132
11283,644,343
11284,644,818
11285,644,697
11286,644,544
11287,644,580
11288,644,442
11289,644,467
11290,644,980
11291,644,593
11292,644,941
11293,644,561
11294,644,483
11295,644,460
11296,644,801
11297,644,1024
11298,644,194
11299,644,773
11300,644,293
11301,644,431
11302,644,193
11303,644,956
11304,644,500
11305,644,451
11306,644,520
11307,644,630
11308,644,1083
11309,644,186
11310,644,931
11311,644,31
11312,644,787
11313,644,163
11314,644,366
11315,644,816
11316,644,765
11317,644,770
11318,644,143
11319,644,967
11320,644,398
11321,644,682
11322,644,271
11323,644,1036
11324,644,848
11325,644,1097
11326,644,503
11327,644,1001
11328,644,908
11329,644,268
11330,644,168
11331,644,167
11332,644,199
11333,644,646
11334,644,900
11335,644,992
11336,644,334
11337,644,947
11338,644,317
11339,644,192
11340,644,56
11341,644,1062
11342,644,1087
11343,644,9
11344,644,778
11345,644,208
11346,644,726
11347,644,359
11348,644,485
11349,644,212
11350,644,315
11351,644,712
11352,644,880
11353,644,342
11354,644,887
11355,644,1119
11356,644,1034
11357,644,975
11358,644,72
11359,644,330
11360,644,905
11361,644,1030
11362,644,634
11363,644,259
11364,644,441
11365,644,734
11366,644,471
11367,644,1063
11368,644,432
11369,644,590
11370,644,1094
11371,644,221
11372,644,1039
11373,644,452
11374,644,776
11375,644,331
11376,644,670
11377,644,365
11378,644,385
11379,644,714
11380,644,440
11381,644,597
11382,644,339
11383,644,379
11384,644,534
11385,644,130
11386,644,233
11387,644,575
11388,644,617
11389,644,1065
11390,644,771
11391,644,180
11392,644,513
11393,644,932
11394,644,774
11395,644,336
11396,644,673
11397,644,807
11398,644,296
11399,644,879
11400,644,134
11401,651,843
11402,651,816
11403,651,860
11404,651,259
11405,651,378
11406,651,1034
11407,651,656
11408,651,334
11409,651,271
11410,651,546
11411,651,602
11412,651,714
11413,651,624
11414,651,911
11415,651,798
11416,651,913
11417,651,916
11418,651,82
11419,651,213
11420,651,996
11421,651,448
11422,651,438
11423,651,349
11424,651,818
11425,651,187
11426,651,105
11427,651,112
11428,651,191
11429,651,548
11430,651,123
11431,651,829
11432,651,770
11433,651,435
11434,651,533
11435,651,742
11436,651,836
11437,651,841
11438,651,793
11439,651,255
11440,651,233
11441,651,1050
11442,651,568
11443,651,630
11444,651,258
11445,651,612
11446,651,115
11447,651,137
11448,651,805
11449,651,777
11450,651,510
11451,651,163
11452,651,488
11453,651,471
11454,651,34
11455,651,350
11456,651,765
11457,651,597
11458,651,199
11459,651,260
11460,651,912
11461,651,380
11462,651,1005
11463,651,103
11464,651,383
11465,651,131
11466,651,508
11467,651,951
11468,651,366
11469,651,75
11470,651,1014
11471,651,807
11472,651,56
11473,651,941
11474,651,689
11475,651,580
11476,651,1087
11477,651,377
11478,651,494
11479,651,186
11480,651,962
11481,651,590
11482,651,539
11483,651,130
11484,651,565
11485,651,989
11486,651,561
11487,651,70
11488,651,63
11489,651,760
11490,651,639
11491,651,1073
11492,651,440
11493,651,1097
11494,651,489
11495,651,642
11496,651,417
11497,651,312
11498,651,15
11499,651,773
11500,651,888
11501,651,243
11502,651,221
11503,651,342
11504,651,168
11505,651,511
11506,651,485
11507,651,761
11508,651,905
11509,651,726
11510,651,306
11511,651,462
11512,651,143
11513,651,330
11514,651,72
11515,651,833
11516,651,423
11517,651,585
11518,651,93
11519,651,980
11520,651,663
11521,651,296
11522,651,635
11523,651,413
11524,651,605
11525,651,896
11526,651,1012
11527,651,739
11528,651,431
11529,651,459
11530,651,835
11531,651,617
11532,651,1111
11533,651,239
11534,651,859
11535,651,871
11536,651,339
11537,651,732
11538,651,78
11539,651,1
11540,651,734
11541,651,893
11542,651,224
11543,651,547
11544,651,134
11545,651,712
11546,651,755
11547,651,315
11548,651,880
11549,651,212
11550,651,776
11551,651,1041
11552,651,322
11553,651,132
11554,651,1001
11555,651,222
11556,651,559
11557,651,285
11558,651,801
11559,651,551
11560,651,303
11561,651,616
11562,651,429
11563,651,180
11564,651,513
11565,651,634
11566,651,1074
11567,651,820
11568,651,60
11569,651,379
11570,651,737
11571,651,282
11572,651,1033
11573,651,774
11574,651,574
11575,651,452
11576,651,503
11577,651,399
11578,651,323
11579,651,67
11580,651,837
11581,651,748
11582,651,1011
11583,651,790
11584,651,900
11585,651,493
11586,651,441
11587,651,610
11588,651,729
11589,651,627
11590,651,932
11591,651,20
11592,651,1070
11593,651,672
11594,651,1083
11595,651,645
11596,651,1029
11597,651,781
11598,651,25
11599,651,682
11600,651,1000
11601,651,931
11602,651,121
11603,651,799
11604,651,110
11605,651,397
11606,651,57
11607,651,341
11608,651,873
11609,651,956
11610,651,795
11611,651,787
11612,651,1039
11613,651,85
11614,651,490
11615,651,592
11616,651,677
11617,651,827
11618,651,608
11619,653,874
11620,653,607
11621,653,926
11622,653,849
11623,653,156
11624,653,333
11625,653,173
11626,653,160
11627,653,970
11628,653,814
11629,653,217
11630,653,867
11631,653,314
11632,653,88
11633,653,488
11634,653,949
11635,653,1090
11636,653,323
11637,691,723
11638,691,747
11639,691,842
11640,691,804
11641,691,368
11642,691,499
11643,691,721
11644,691,892
11645,691,523
11646,691,187
11647,691,793
11648,691,568
11649,691,1101
11650,691,127
11651,691,374
11652,691,726
11653,691,856
11654,691,751
11655,691,926
11656,691,1055
11657,691,744
11658,691,779
11659,691,559
11660,691,617
11661,691,418
11662,691,442
11663,691,673
11664,691,432
11665,691,61
11666,691,0
11667,691,181
11668,691,936
11669,691,763
11670,691,383
11671,691,548
11672,691,178
11673,692,653
11674,692,1068
11675,692,505
11676,692,336
11677,692,93
11678,692,836
11679,692,571
11680,692,236
11681,692,946
11682,692,739
11683,692,112
11684,692,925
11685,692,469
11686,692,64
11687,692,306
11688,692,542
11689,692,449
11690,692,120
11691,692,424
11692,692,230
11693,692,970
11694,692,975
11695,692,10
11696,692,490
11697,692,930
11698,692,822
11699,692,205
11700,692,404
11701,692,146
11702,692,411
11703,692,266
11704,692,766
11705,692,839
11706,692,1044
11707,692,735
11708,692,841
11709,692,511
11710,692,927
11711,692,574
11712,692,586
11713,692,67
11714,692,591
11715,692,857
11716,692,373
11717,692,496
11718,692,849
11719,692,729
11720,692,198
11721,692,143
11722,692,559
11723,692,183
11724,692,419
11725,692,420
11726,692,775
11727,692,453
11728,692,943
11729,692,1022
11730,692,384
11731,692,1007
11732,692,863
11733,692,370
11734,692,1016
11735,692,995
11736,692,349
11737,692,188
11738,692,687
11739,692,138
11740,692,799
11741,692,221
11742,692,516
11743,692,667
11744,692,1065
11745,692,457
11746,692,780
11747,692,647
11748,692,672
11749,692,405
11750,692,109
11751,692,944
11752,692,752
11753,692,783
11754,692,578
11755,692,1086
11756,692,122
11757,692,664
11758,692,549
11759,692,800
11760,692,989
11761,692,256
11762,692,442
11763,692,616
11764,692,55
11765,692,788
11766,692,896
11767,692,427
11768,692,878
11769,692,53
11770,692,72
11771,692,911
11772,692,1014
11773,692,447
11774,692,1059
11775,692,560
11776,692,358
11777,692,316
11778,692,506
11779,692,1047
11780,692,534
11781,692,760
11782,692,263
11783,692,499
11784,692,342
11785,692,762
11786,692,434
11787,692,746
11788,692,826
11789,692,77
11790,692,926
11791,692,547
11792,692,1020
11793,692,339
11794,692,136
11795,692,722
11796,692,728
11797,692,1003
11798,692,267
11799,692,202
11800,692,1082
11801,692,720
11802,692,813
11803,692,701
11804,692,619
11805,692,3
11806,692,329
11807,692,94
11808,692,252
11809,692,101
11810,692,297
11811,692,712
11812,692,312
11813,692,512
11814,692,90
11815,692,2
11816,692,1077
11817,692,274
11818,692,133
11819,692,688
11820,692,178
11821,692,743
11822,692,785
11823,692,293
11824,692,484
11825,692,243
11826,692,921
11827,692,347
11828,692,851
11829,692,1060
11830,692,564
11831,692,993
11832,692,1027
11833,692,395
11834,692,986
11835,692,223
11836,692,871
11837,692,363
11838,692,433
11839,692,135
11840,692,867
11841,692,280
11842,692,495
11843,692,25
11844,692,58
11845,692,1005
11846,692,568
11847,692,874
11848,692,590
11849,692,237
11850,692,968
11851,692,219
11852,692,669
11853,692,47
11854,692,639
11855,692,459
11856,692,59
11857,692,730
11858,692,774
11859,692,980
11860,692,481
11861,692,304
11862,692,862
11863,692,488
11864,692,260
11865,692,213
11866,692,114
11867,692,467
11868,692,18
11869,692,1107
11870,692,845
11871,692,949
11872,692,371
11873,692,191
11874,692,1054
11875,692,36
11876,692,956
11877,692,974
11878,692,286
11879,692,454
11880,692,475
11881,692,51
11882,692,344
11883,692,97
11884,692,1072
11885,692,92
11886,692,844
11887,692,607
11888,692,961
11889,692,755
11890,692,1089
11891,692,856
11892,692,355
11893,692,796
11894,692,967
11895,692,716
11896,692,550
11897,692,1097
11898,692,439
11899,692,1119
11900,692,602
11901,692,573
11902,692,689
11903,692,990
11904,692,235
11905,692,132
11906,692,873
11907,692,390
11908,692,567
11909,692,277
11910,692,99
11911,692,915
11912,692,169
11913,692,147
11914,692,792
11915,692,928
11916,692,123
11917,692,1109
11918,692,356
11919,692,661
11920,692,325
11921,692,504
11922,692,379
11923,692,1117
11924,692,581
11925,692,1052
11926,692,314
11927,692,877
11928,692,866
11929,692,226
11930,730,720
11931,730,513
11932,730,751
11933,730,1045
11934,730,9
11935,730,477
11936,730,418
11937,730,157
11938,730,103
11939,730,926
11940,730,104
11941,730,297
11942,730,507
11943,730,668
11944,730,580
11945,730,1058
11946,730,1013
11947,730,1080
11948,730,778
11949,730,749
11950,730,1027
11951,730,924
11952,730,831
11953,730,405
11954,730,596
11955,730,610
11956,730,295
11957,730,177
11958,730,82
11959,730,300
11960,730,612
11961,730,618
11962,730,1077
11963,730,860
11964,730,147
11965,730,615
11966,730,753
11967,730,1017
11968,730,548
11969,730,79
11970,730,375
11971,730,124
11972,730,832
11973,730,969
11974,730,255
11975,730,949
11976,730,443
11977,730,383
11978,730,132
11979,730,1063
11980,730,253
11981,730,230
11982,730,679
11983,730,462
11984,730,126
11985,730,732
11986,730,438
11987,730,543
11988,730,331
11989,730,662
11990,730,409
11991,730,948
11992,730,576
11993,730,461
11994,730,421
11995,730,736
11996,730,636
11997,730,550
11998,730,1094
11999,730,755
12000,730,386
12001,730,1051
12002,730,273
12003,730,866
12004,730,844
12005,730,208
12006,730,588
12007,730,488
12008,730,800
12009,730,505
12010,730,1042
12011,730,699
12012,730,963
12013,730,1057
12014,730,249
12015,730,570
12016,730,616
12017,730,630
12018,730,795
12019,730,1119
12020,730,267
12021,730,1059
12022,730,387
12023,730,564
12024,730,66
12025,730,542
12026,730,774
12027,730,626
12028,730,1071
12029,730,607
12030,730,762
12031,730,888
12032,730,781
12033,730,740
12034,730,146
12035,730,294
12036,730,561
12037,730,754
12038,730,17
12039,730,915
12040,730,433
12041,730,1055
12042,730,381
12043,730,568
12044,730,834
12045,730,3
12046,730,745
12047,730,314
12048,730,441
12049,730,1030
12050,730,61
12051,730,218
12052,730,978
12053,730,971
12054,730,1002
12055,730,995
12056,730,1109
12057,730,1112
12058,730,703
12059,730,1064
12060,730,502
12061,730,646
12062,730,378
12063,730,228
12064,730,1088
12065,730,859
12066,730,19
12067,730,120
12068,730,540
12069,730,221
12070,730,590
12071,730,187
12072,730,1062
12073,730,719
12074,730,296
12075,730,867
12076,730,748
12077,730,212
12078,730,193
12079,730,135
12080,730,511
12081,730,939
12082,730,780
12083,730,993
12084,730,93
12085,730,493
12086,730,143
12087,730,858
12088,730,549
12089,730,397
12090,730,746
12091,730,735
12092,730,152
12093,730,981
12094,730,154
12095,730,169
12096,730,354
12097,730,414
12098,730,627
12099,730,554
12100,730,270
12101,730,950
12102,730,1016
12103,730,327
12104,730,601
12105,730,773
12106,730,210
12107,730,1008
12108,730,691
12109,730,439
12110,730,423
12111,730,1037
12112,730,51
12113,730,99
12114,730,673
12115,730,35
12116,730,827
12117,730,1048
12118,730,602
12119,730,496
12120,730,276
12121,730,767
12122,730,908
12123,730,577
12124,730,842
12125,730,445
12126,730,263
12127,730,369
12128,730,776
12129,730,965
12130,730,738
12131,730,510
12132,730,85
12133,730,379
12134,730,737
12135,730,205
12136,730,837
12137,730,451
12138,730,925
12139,730,226
12140,730,611
12141,730,340
12142,730,127
12143,730,491
12144,730,868
12145,730,1015
12146,730,452
12147,730,1004
12148,730,252
12149,730,45
12150,730,1115
12151,730,32
12152,730,983
12153,730,560
12154,730,892
12155,730,877
12156,730,207
12157,730,750
12158,730,449
12159,730,78
12160,730,828
12161,730,712
12162,730,779
12163,730,756
12164,730,806
12165,730,506
12166,730,929
12167,730,551
12168,730,1026
12169,730,186
12170,730,70
12171,730,323
12172,730,863
12173,730,689
12174,730,836
12175,730,473
12176,730,306
12177,730,1046
12178,730,58
12179,730,797
12180,730,503
12181,730,189
12182,730,326
12183,730,357
12184,730,170
12185,730,763
12186,730,385
12187,730,38
12188,730,839
12189,730,419
12190,730,805
12191,730,29
12192,730,178
12193,730,130
12194,730,223
12195,730,1097
12196,730,931
12197,730,909
12198,730,714
12199,730,28
12200,730,95
12201,730,810
12202,730,545
12203,730,634
12204,730,374
12205,730,84
12206,730,283
12207,730,290
12208,730,891
12209,730,145
12210,730,517
12211,730,110
12212,730,758
12213,730,1083
12214,730,729
12215,730,708
12216,730,160
12217,730,454
12218,730,377
12219,730,1070
12220,730,30
12221,730,1022
12222,730,821
12223,730,240
12224,730,854
12225,730,311
12226,730,156
12227,730,365
12228,730,37
12229,730,1087
12230,730,500
12231,730,667
12232,730,534
12233,730,841
12234,730,1078
12235,730,784
12236,730,711
12237,730,672
12238,730,799
12239,730,339
12240,730,96
12241,730,322
12242,730,761
12243,730,512
12244,730,508
12245,730,961
12246,730,998
12247,730,760
12248,730,933
12249,730,586
12250,730,622
12251,730,652
12252,730,398
12253,730,947
12254,730,436
12255,730,573
12256,730,516
12257,730,47
12258,730,312
12259,730,619
12260,730,403
12261,730,484
12262,730,25
12263,730,4
12264,730,329
12265,730,109
12266,730,137
12267,730,880
12268,730,480
12269,730,905
12270,730,1033
12271,730,945
12272,730,0
12273,730,845
12274,730,723
12275,730,466
12276,730,938
12277,730,117
12278,730,727
12279,730,238
12280,730,968
12281,730,389
12282,730,864
12283,730,474
12284,730,739
12285,730,138
12286,730,514
12287,730,168
12288,730,973
12289,730,90
12290,730,40
12291,730,798
12292,730,996
12293,730,356
12294,730,442
12295,730,713
12296,730,820
12297,730,994
12298,730,299
12299,730,702
12300,730,309
12301,730,447
12302,730,235
12303,730,1050
12304,730,520
12305,730,793
12306,730,358
12307,730,788
12308,730,134
12309,730,1031
12310,730,204
12311,730,871
12312,730,1065
12313,730,1089
12314,730,281
12315,730,151
12316,730,1052
12317,730,1029
12318,730,605
12319,730,532
12320,730,366
12321,730,460
12322,730,114
12323,730,721
12324,730,86
12325,730,320
12326,730,696
12327,730,1060
12328,730,775
12329,730,951
12330,730,685
12331,730,946
12332,730,410
12333,730,286
12334,730,77
12335,730,65
12336,730,692
12337,730,518
12338,730,142
12339,730,467
12340,730,23
12341,730,483
12342,730,448
12343,730,594
12344,730,489
12345,730,659
12346,730,976
12347,730,789
12348,730,265
12349,730,563
12350,730,346
12351,730,1076
12352,730,777
12353,730,247
12354,730,664
12355,730,985
12356,730,726
12357,730,446
12358,730,559
12359,730,526
12360,730,557
12361,730,587
12362,730,63
12363,730,198
12364,730,317
12365,730,162
12366,730,1099
12367,730,515
12368,730,41
12369,730,440
12370,730,392
12371,730,1106
12372,730,380
12373,730,478
12374,730,609
12375,730,22
12376,730,989
12377,730,812
12378,730,288
12379,730,1041
12380,730,487
12381,730,15
12382,730,883
12383,730,509
12384,730,571
12385,730,352
12386,730,878
12387,730,648
12388,730,1086
12389,730,849
12390,730,89
12391,730,341
12392,730,368
12393,730,1066
12394,730,56
12395,730,869
12396,730,416
12397,730,734
12398,730,804
12399,730,434
12400,730,807
12401,730,744
12402,730,243
12403,730,183
12404,730,213
12405,730,591
12406,730,682
12407,730,481
12408,730,943
12409,730,131
12410,730,647
12411,730,643
12412,730,471
12413,730,237
12414,730,305
12415,730,469
12416,730,363
12417,730,53
12418,730,87
12419,730,239
12420,730,1096
12421,730,681
12422,730,937
12423,730,476
12424,730,112
12425,730,1074
12426,730,666
12427,730,250
12428,730,284
12429,730,404
12430,730,625
12431,730,435
12432,730,887
12433,730,217
12434,730,658
12435,730,772
12436,730,598
12437,730,231
12438,730,765
12439,730,640
12440,730,990
12441,730,1005
12442,730,498
12443,730,707
12444,730,140
12445,730,816
12446,730,733
12447,730,912
12448,730,92
12449,730,167
12450,730,639
12451,730,420
12452,730,826
12453,730,225
12454,730,722
12455,730,361
12456,730,102
12457,730,254
12458,730,1068
12459,730,275
12460,730,928
12461,730,900
12462,730,870
12463,730,62
12464,730,136
12465,730,653
12466,730,1117
12467,730,916
12468,730,911
12469,730,655
12470,730,715
12471,730,194
12472,730,533
12473,730,1011
12474,730,1084
12475,730,494
12476,743,260
12477,743,540
12478,743,112
12479,743,169
12480,743,324
12481,743,859
12482,743,1042
12483,743,616
12484,743,526
12485,743,375
12486,743,349
12487,743,163
12488,743,233
12489,743,186
12490,743,923
12491,743,630
12492,743,313
12493,743,1001
12494,743,1071
12495,743,639
12496,743,459
12497,743,5
12498,743,592
12499,743,480
12500,743,635
12501,743,670
12502,743,6
12503,743,753
12504,743,947
12505,743,862
12506,743,329
12507,743,813
12508,743,982
12509,743,1097
12510,743,899
12511,743,837
12512,743,724
12513,743,1059
12514,743,932
12515,743,377
12516,743,103
12517,743,1074
12518,743,817
12519,743,640
12520,743,733
12521,743,316
12522,743,104
12523,743,187
12524,743,448
12525,743,1024
12526,743,488
12527,743,1068
12528,743,124
12529,743,156
12530,743,306
12531,743,512
12532,743,352
12533,743,189
12534,743,168
12535,743,581
12536,743,908
12537,743,913
12538,743,42
12539,743,97
12540,743,726
12541,743,1010
12542,743,784
12543,743,586
12544,743,677
12545,743,467
12546,743,175
12547,743,760
12548,743,812
12549,743,1070
12550,743,78
12551,743,381
12552,743,742
12553,743,71
12554,743,22
12555,743,109
12556,743,956
12557,743,536
12558,743,802
12559,743,858
12560,743,440
12561,743,1102
12562,743,877
12563,743,991
12564,743,963
12565,743,207
12566,743,1086
12567,743,796
12568,743,975
12569,743,101
12570,743,417
12571,743,438
12572,743,379
12573,743,366
12574,743,793
12575,743,755
12576,743,703
12577,743,931
12578,743,983
12579,743,719
12580,743,395
12581,743,359
12582,743,307
12583,743,1017
12584,743,602
12585,743,443
12586,743,930
12587,743,888
12588,743,363
12589,743,1034
12590,743,285
12591,743,843
12592,743,102
12593,743,374
12594,743,419
12595,743,432
12596,743,344
12597,743,487
12598,743,661
12599,743,339
12600,743,820
12601,743,546
12602,743,59
12603,752,610
12604,752,0
12605,752,533
12606,752,50
12607,752,402
12608,752,537
12609,752,57
12610,752,1007
12611,752,413
12612,752,893
12613,752,577
12614,752,316
12615,752,66
12616,752,757
12617,752,875
12618,752,774
12619,752,836
12620,752,488
12621,752,1010
12622,752,922
12623,752,493
12624,752,94
12625,752,592
12626,752,228
12627,752,270
12628,752,1
12629,752,44
12630,752,1087
12631,752,934
12632,752,172
12633,752,648
12634,752,787
12635,752,355
12636,752,341
12637,752,721
12638,752,905
12639,752,510
12640,752,424
12641,752,55
12642,752,1059
12643,752,157
12644,752,343
12645,752,128
12646,752,974
12647,752,188
12648,752,914
12649,752,187
12650,752,1041
12651,752,40
12652,752,860
12653,752,666
12654,752,204
12655,752,674
12656,752,221
12657,752,570
12658,752,799
12659,752,399
12660,752,1053
12661,752,554
12662,752,681
12663,752,1063
12664,752,167
12665,752,290
12666,752,514
12667,752,336
12668,752,378
12669,752,8
12670,752,819
12671,752,939
12672,752,978
12673,752,24
12674,752,792
12675,752,134
12676,752,511
12677,752,709
12678,752,635
12679,752,405
12680,752,832
12681,752,1085
12682,752,551
12683,752,29
12684,752,945
12685,752,520
12686,752,566
12687,752,1021
12688,752,88
12689,752,802
12690,752,22
12691,752,118
12692,752,817
12693,752,785
12694,752,921
12695,752,449
12696,752,741
12697,752,497
12698,752,64
12699,752,942
12700,752,464
12701,752,259
12702,752,1111
12703,752,173
12704,752,671
12705,752,634
12706,752,546
12707,752,552
12708,752,1019
12709,752,1047
12710,752,248
12711,752,612
12712,752,726
12713,752,72
12714,752,999
12715,752,996
12716,752,916
12717,752,63
12718,752,130
12719,752,918
12720,752,503
12721,754,635
12722,758,118
12723,758,965
12724,758,763
12725,758,199
12726,758,636
12727,758,1112
12728,758,998
12729,758,381
12730,758,0
12731,758,359
12732,758,238
12733,758,1037
12734,758,1063
12735,758,1052
12736,758,173
12737,758,260
12738,758,17
12739,758,459
12740,758,892
12741,758,247
12742,758,87
12743,758,669
12744,758,230
12745,758,383
12746,758,388
12747,758,418
12748,758,697
12749,758,500
12750,758,420
12751,758,517
12752,758,647
12753,758,149
12754,758,773
12755,758,993
12756,758,994
12757,758,701
12758,758,887
12759,758,727
12760,758,542
12761,758,9
12762,758,424
12763,758,744
12764,758,488
12765,758,645
12766,758,485
12767,758,180
12768,758,662
12769,758,416
12770,758,96
12771,758,799
12772,758,85
12773,758,511
12774,758,300
12775,758,340
12776,758,255
12777,758,816
12778,758,112
12779,758,1031
12780,758,119
12781,758,559
12782,758,739
12783,758,1058
12784,758,949
12785,758,888
12786,758,798
12787,758,1074
12788,758,480
12789,758,774
12790,758,20
12791,758,1071
12792,758,350
12793,758,985
12794,758,254
12795,758,957
12796,758,172
12797,758,983
12798,758,789
12799,758,490
12800,758,786
12801,758,1033
12802,758,502
12803,758,44
12804,758,692
12805,758,280
12806,758,489
12807,758,35
12808,758,726
12809,758,857
12810,758,817
12811,758,969
12812,758,827
12813,758,472
12814,758,70
12815,758,521
12816,758,1030
12817,758,106
12818,758,15
12819,758,506
12820,758,659
12821,758,526
12822,758,769
12823,758,796
12824,758,746
12825,758,689
12826,758,591
12827,758,1000
12828,758,475
12829,758,323
12830,758,210
12831,758,37
12832,758,1082
12833,758,452
12834,758,145
12835,758,878
12836,758,64
12837,758,941
12838,758,135
12839,758,273
12840,758,152
12841,758,1085
12842,758,446
12843,758,770
12844,758,667
12845,758,757
12846,758,409
12847,758,777
12848,758,785
12849,758,703
12850,758,410
12851,758,578
12852,758,862
12853,758,389
12854,758,807
12855,758,397
12856,758,912
12857,758,1086
12858,758,514
12859,758,445
12860,758,723
12861,758,347
12862,758,691
12863,758,932
12864,758,46
12865,758,157
12866,758,183
12867,758,237
12868,758,653
12869,758,639
12870,758,843
12871,758,516
12872,758,154
12873,758,618
12874,758,828
12875,758,871
12876,758,379
12877,758,385
12878,758,661
12879,758,719
12880,758,53
12881,758,876
12882,758,532
12883,758,1013
12884,758,1068
12885,758,111
12886,758,737
12887,758,1073
12888,758,67
12889,758,930
12890,758,372
12891,758,45
12892,758,832
12893,758,753
12894,758,504
12895,758,952
12896,758,231
12897,758,1060
12898,758,349
12899,758,788
12900,758,121
12901,758,194
12902,758,950
12903,758,1007
12904,758,169
12905,758,1045
12906,758,282
12907,758,320
12908,758,974
12909,758,984
12910,758,366
12911,758,978
12912,758,178
12913,758,202
12914,758,942
12915,758,369
12916,758,79
12917,758,399
12918,758,25
12919,758,103
12920,758,937
12921,758,896
12922,758,390
12923,758,239
12924,758,503
12925,758,34
12926,758,929
12927,758,616
12928,758,733
12929,758,6
12930,758,601
12931,758,848
12932,758,11
12933,758,1012
12934,758,232
12935,758,259
12936,758,934
12937,758,3
12938,758,1070
12939,758,249
12940,758,1004
12941,758,714
12942,758,762
12943,758,938
12944,758,262
12945,758,474
12946,758,83
12947,758,403
12948,758,5
12949,758,543
12950,758,236
12951,758,76
12952,758,833
12953,758,84
12954,758,699
12955,758,311
12956,758,925
12957,758,281
12958,758,326
12959,758,863
12960,758,1020
12961,758,778
12962,758,288
12963,758,331
12964,758,783
12965,758,814
12966,758,175
12967,758,1066
12968,758,126
12969,758,265
12970,758,564
12971,758,581
12972,758,1003
12973,758,765
12974,758,545
12975,758,754
12976,758,771
12977,758,408
12978,758,156
12979,758,355
12980,758,30
12981,758,568
12982,758,866
12983,758,1097
12984,758,277
12985,758,457
12986,758,873
12987,758,772
12988,758,1027
12989,758,1011
12990,758,43
12991,758,137
12992,758,51
12993,758,290
12994,758,138
12995,758,631
12996,758,473
12997,758,849
12998,758,250
12999,758,752
13000,758,213
13001,758,134
13002,758,71
13003,758,233
13004,758,625
13005,758,1117
13006,758,615
13007,758,295
13008,758,981
13009,758,1064
13010,758,204
13011,758,565
13012,758,286
13013,758,1039
13014,758,958
13015,758,251
13016,758,612
13017,758,130
13018,758,933
13019,758,1065
13020,758,109
13021,758,481
13022,758,263
13023,758,1057
13024,758,226
13025,758,413
13026,758,730
13027,758,854
13028,758,736
13029,758,266
13030,758,1014
13031,758,547
13032,758,88
13033,758,101
13034,758,999
13035,758,316
13036,758,392
13037,758,1017
13038,758,453
13039,758,322
13040,758,891
13041,758,375
13042,758,165
13043,758,426
13044,758,926
13045,758,852
13046,758,187
13047,758,159
13048,758,886
13049,758,621
13050,758,8
13051,758,465
13052,758,217
13053,758,844
13054,758,404
13055,758,748
13056,758,677
13057,758,963
13058,758,252
13059,758,329
13060,758,434
13061,758,811
13062,758,513
13063,758,59
13064,758,899
13065,758,431
13066,758,81
13067,758,996
13068,758,454
13069,758,92
13070,758,435
13071,758,951
13072,758,310
13073,758,1062
13074,758,679
13075,758,221
13076,758,986
13077,758,93
13078,758,760
13079,758,1001
13080,758,590
13081,758,235
13082,758,1029
13083,758,80
13084,758,318
13085,758,469
13086,758,305
13087,758,160
13088,758,779
13089,758,177
13090,758,982
13091,758,89
13092,758,1028
13093,758,153
13094,758,104
13095,758,124
13096,758,976
13097,758,110
13098,758,494
13099,758,883
13100,758,198
13101,758,839
13102,758,42
13103,758,313
13104,758,419
13105,758,663
13106,758,570
13107,758,608
13108,758,148
13109,758,467
13110,758,377
13111,761,538
13112,761,429
13113,761,315
13114,761,11
13115,761,419
13116,761,772
13117,761,27
13118,761,947
13119,761,736
13120,761,526
13121,761,42
13122,761,267
13123,761,661
13124,761,886
13125,761,932
13126,761,989
13127,761,930
13128,761,913
13129,761,1068
13130,761,83
13131,761,757
13132,761,1089
13133,761,983
13134,761,783
13135,761,630
13136,761,1118
13137,761,1032
13138,761,741
13139,761,587
13140,761,1057
13141,761,474
13142,761,352
13143,761,355
13144,761,32
13145,761,747
13146,761,397
13147,761,372
13148,761,478
13149,761,1110
13150,761,263
13151,761,1075
13152,761,240
13153,761,663
13154,761,417
13155,761,444
13156,761,714
13157,761,97
13158,761,734
13159,761,672
13160,761,605
13161,761,304
13162,761,440
13163,761,1024
13164,761,642
13165,761,796
13166,761,299
13167,761,199
13168,761,542
13169,761,1013
13170,761,481
13171,761,424
13172,761,280
13173,761,1033
13174,761,254
13175,761,344
13176,761,711
13177,761,1073
13178,761,95
13179,761,288
13180,761,218
13181,761,627
13182,761,112
13183,761,2
13184,761,543
13185,761,270
13186,761,71
13187,761,1094
13188,761,869
13189,761,233
13190,761,383
13191,761,215
13192,761,103
13193,761,152
13194,761,692
13195,761,361
13196,761,271
13197,761,258
13198,761,168
13199,761,1002
13200,761,834
13201,761,9
13202,761,1058
13203,761,616
13204,761,659
13205,761,423
13206,761,445
13207,761,457
13208,761,320
13209,761,887
13210,761,963
13211,761,219
13212,761,17
13213,761,720
13214,761,822
13215,761,28
13216,761,70
13217,761,831
13218,761,163
13219,761,723
13220,761,228
13221,761,996
13222,761,713
13223,761,177
13224,761,807
13225,761,311
13226,761,78
13227,761,591
13228,761,577
13229,761,1101
13230,761,514
13231,761,971
13232,761,1030
13233,761,500
13234,761,253
13235,761,516
13236,761,491
13237,761,278
13238,761,186
13239,761,85
13240,761,79
13241,761,148
13242,761,923
13243,761,716
13244,761,99
13245,761,146
13246,761,1083
13247,761,668
13248,761,888
13249,761,666
13250,761,804
13251,761,759
13252,761,357
13253,761,763
13254,761,358
13255,761,237
13256,761,781
13257,761,507
13258,761,841
13259,761,738
13260,761,920
13261,761,202
13262,761,1029
13263,761,3
13264,761,34
13265,761,1082
13266,761,160
13267,761,580
13268,761,849
13269,761,176
13270,761,326
13271,761,343
13272,761,758
13273,761,547
13274,761,104
13275,761,769
13276,761,293
13277,761,446
13278,761,59
13279,761,143
13280,761,706
13281,761,198
13282,761,47
13283,761,837
13284,761,102
13285,761,610
13286,761,596
13287,761,856
13288,761,159
13289,761,732
13290,761,908
13291,761,1062
13292,761,997
13293,761,58
13294,761,141
13295,761,127
13296,761,477
13297,761,901
13298,761,770
13299,761,858
13300,761,333
13301,761,617
13302,761,259
13303,761,89
13304,761,317
13305,761,662
13306,761,88
13307,761,560
13308,761,459
13309,761,707
13310,761,133
13311,761,126
13312,761,992
13313,761,93
13314,761,765
13315,761,238
13316,761,453
13317,761,30
13318,761,871
13319,761,36
13320,761,1005
13321,761,1096
13322,761,437
13323,761,695
13324,761,494
13325,761,1119
13326,761,719
13327,761,696
13328,761,860
13329,761,586
13330,761,777
13331,761,637
13332,761,389
13333,761,76
13334,761,669
13335,761,1021
13336,761,749
13337,761,511
13338,761,175
13339,761,292
13340,761,934
13341,761,1079
13342,761,236
13343,761,388
13344,761,852
13345,761,892
13346,761,896
13347,761,715
13348,761,378
13349,761,975
13350,761,489
13351,761,327
13352,761,603
13353,761,161
13354,761,472
13355,761,53
13356,761,959
13357,761,496
13358,761,919
13359,761,193
13360,761,634
13361,761,1060
13362,761,701
13363,761,788
13364,761,682
13365,761,13
13366,761,165
13367,761,37
13368,761,612
13369,761,958
13370,761,61
13371,761,136
13372,761,340
13373,761,181
13374,761,832
13375,761,431
13376,761,775
13377,761,281
13378,761,1015
13379,761,853
13380,761,867
13381,761,77
13382,761,462
13383,761,568
13384,761,1074
13385,761,857
13386,761,191
13387,761,403
13388,761,986
13389,761,208
13390,761,1014
13391,761,410
13392,761,609
13393,761,753
13394,761,452
13395,761,657
13396,761,984
13397,761,342
13398,761,574
13399,761,73
13400,761,359
13401,761,448
13402,761,667
13403,761,363
13404,761,135
13405,761,1107
13406,761,564
13407,761,771
13408,761,225
13409,761,497
13410,761,995
13411,761,795
13412,761,933
13413,761,173
13414,761,499
13415,761,427
13416,761,712
13417,761,828
13418,761,532
13419,761,653
13420,761,505
13421,761,968
13422,761,451
13423,761,531
13424,761,69
13425,761,973
13426,761,385
13427,761,689
13428,761,699
13429,761,544
13430,761,38
13431,761,967
13432,761,915
13433,761,588
13434,761,926
13435,761,725
13436,761,466
13437,761,350
13438,761,435
13439,761,96
13440,761,767
13441,761,737
13442,761,334
13443,761,1047
13444,761,31
13445,761,982
13446,761,752
13447,761,848
13448,761,548
13449,761,92
13450,761,398
13451,761,816
13452,761,379
13453,761,708
13454,761,739
13455,761,369
13456,761,147
13457,761,722
13458,761,730
13459,761,313
13460,761,994
13461,761,559
13462,761,735
13463,761,652
13464,761,679
13465,761,381
13466,761,1012
13467,761,1087
13468,761,110
13469,761,597
13470,761,839
13471,761,567
13472,761,29
13473,761,670
13474,761,302
13475,761,251
13476,761,10
13477,761,1048
13478,761,1076
13479,761,800
13480,761,232
13481,761,487
13482,761,545
13483,761,475
13484,761,309
13485,761,1070
13486,761,15
13487,761,395
13488,761,72
13489,761,178
13490,761,793
13491,761,235
13492,761,965
13493,761,854
13494,761,727
13495,761,780
13496,761,392
13497,761,818
13498,761,1112
13499,761,411
13500,761,952
13501,761,571
13502,761,974
13503,761,1011
13504,761,1042
13505,761,685
13506,761,550
13507,761,1072
13508,761,625
13509,761,329
13510,761,51
13511,761,250
13512,761,879
13513,761,296
13514,761,306
13515,761,222
13516,761,20
13517,761,284
13518,761,262
13519,761,648
13520,761,151
13521,761,981
13522,761,123
13523,761,979
13524,761,561
13525,761,442
13526,761,883
13527,761,421
13528,761,170
13529,761,454
13530,761,471
13531,761,106
13532,761,282
13533,761,998
13534,761,386
13535,761,473
13536,761,255
13537,761,664
13538,761,158
13539,761,1054
13540,761,673
13541,761,486
13542,761,910
13543,761,581
13544,761,1045
13545,761,328
13546,761,1105
13547,761,1050
13548,761,298
13549,761,1084
13550,761,154
13551,761,349
13552,761,439
13553,761,779
13554,761,377
13555,761,101
13556,761,1071
13557,761,645
13558,761,916
13559,761,949
13560,761,387
13561,761,405
13562,761,1066
13563,761,341
13564,761,43
13565,761,194
13566,761,970
13567,761,131
13568,761,197
13569,761,261
13570,761,1080
13571,761,153
13572,761,171
13573,761,432
13574,761,827
13575,761,845
13576,761,1018
13577,761,621
13578,761,266
13579,761,1116
13580,761,480
13581,761,810
13582,773,177
13583,773,499
13584,773,922
13585,773,425
13586,773,781
13587,773,646
13588,773,112
13589,773,1074
13590,773,126
13591,773,57
13592,773,1005
13593,773,303
13594,773,1036
13595,773,695
13596,773,341
13597,773,763
13598,773,104
13599,773,292
13600,773,653
13601,773,224
13602,773,259
13603,773,100
13604,773,169
13605,773,817
13606,773,448
13607,773,437
13608,773,920
13609,773,577
13610,773,622
13611,773,832
13612,773,265
13613,773,136
13614,773,389
13615,773,544
13616,773,1071
13617,773,313
13618,773,274
13619,773,165
13620,773,759
13621,773,871
13622,773,82
13623,773,703
13624,773,92
13625,773,420
13626,773,989
13627,773,810
13628,773,788
13629,773,46
13630,773,1048
13631,773,64
13632,773,253
13633,773,516
13634,773,28
13635,773,934
13636,773,285
13637,773,31
13638,773,240
13639,773,980
13640,773,561
13641,773,952
13642,773,480
13643,773,1058
13644,773,323
13645,773,557
13646,773,330
13647,773,525
13648,773,1014
13649,773,477
13650,773,901
13651,773,1064
13652,773,564
13653,773,751
13654,773,390
13655,773,15
13656,773,380
13657,773,231
13658,773,40
13659,773,157
13660,773,777
13661,773,799
13662,773,295
13663,773,752
13664,773,780
13665,773,833
13666,773,102
13667,773,247
13668,773,990
13669,773,853
13670,773,435
13671,773,268
13672,773,93
13673,773,612
13674,773,357
13675,773,801
13676,773,363
13677,773,122
13678,773,1027
13679,773,818
13680,773,143
13681,773,809
13682,773,466
13683,773,670
13684,773,610
13685,773,925
13686,773,368
13687,773,20
13688,773,249
13689,773,784
13690,773,546
13691,773,1094
13692,773,815
13693,773,51
13694,773,834
13695,773,1117
13696,773,1013
13697,773,731
13698,773,397
13699,773,928
13700,773,1003
13701,773,1054
13702,773,287
13703,773,1119
13704,773,489
13705,773,1076
13706,773,175
13707,773,757
13708,773,1060
13709,773,999
13710,773,805
13711,773,89
13712,773,374
13713,773,1038
13714,773,210
13715,773,487
13716,773,645
13717,773,729
13718,773,80
13719,773,350
13720,773,138
13721,773,270
13722,773,60
13723,773,939
13724,773,948
13725,773,327
13726,773,578
13727,773,336
13728,773,386
13729,773,26
13730,773,1072
13731,773,617
13732,773,677
13733,773,839
13734,773,273
13735,773,621
13736,773,344
13737,773,402
13738,773,275
13739,773,309
13740,773,1087
13741,773,123
13742,773,288
13743,773,221
13744,773,1017
13745,773,1107
13746,773,672
13747,773,537
13748,773,96
13749,773,909
13750,773,423
13751,773,639
13752,773,766
13753,773,5
13754,773,722
13755,773,674
13756,773,738
13757,773,965
13758,773,261
13759,773,744
13760,773,223
13761,773,1034
13762,773,1096
13763,773,153
13764,773,725
13765,773,200
13766,773,719
13767,773,78
13768,773,167
13769,773,601
13770,773,927
13771,773,535
13772,773,581
13773,773,359
13774,773,459
13775,773,282
13776,773,56
13777,773,505
13778,773,635
13779,773,941
13780,773,538
13781,773,654
13782,773,488
13783,773,1109
13784,773,453
13785,773,315
13786,773,749
13787,773,116
13788,773,1010
13789,773,238
13790,773,969
13791,773,1037
13792,773,895
13793,773,779
13794,773,914
13795,773,297
13796,773,813
13797,773,255
13798,773,381
13799,773,263
13800,773,1104
13801,773,478
13802,773,820
13803,773,804
13804,773,87
13805,773,792
13806,773,202
13807,773,1110
13808,773,173
13809,773,312
13810,773,125
13811,773,306
13812,773,84
13813,773,981
13814,773,442
13815,773,603
13816,773,584
13817,773,49
13818,773,863
13819,773,299
13820,773,127
13821,773,698
13822,773,170
13823,773,755
13824,773,162
13825,773,1021
13826,773,316
13827,773,727
13828,773,431
13829,773,532
13830,773,417
13831,773,692
13832,773,643
13833,773,550
13834,773,607
13835,773,187
13836,773,114
13837,773,405
13838,773,666
13839,773,69
13840,773,843
13841,773,626
13842,773,553
13843,773,591
13844,773,110
13845,773,1012
13846,773,101
13847,773,1040
13848,773,135
13849,773,741
13850,773,765
13851,773,473
13852,773,35
13853,773,324
13854,773,1102
13855,773,97
13856,773,565
13857,773,267
13858,773,652
13859,773,1055
13860,773,160
13861,773,936
13862,773,365
13863,773,884
13864,773,326
13865,773,1106
13866,773,971
13867,773,790
13868,773,339
13869,773,998
13870,773,518
13871,773,1078
13872,773,509
13873,773,962
13874,773,75
13875,773,194
13876,773,571
13877,773,251
13878,773,829
13879,773,770
13880,773,45
13881,773,814
13882,773,893
13883,773,454
13884,773,434
13885,773,246
13886,773,207
13887,773,682
13888,773,1022
13889,773,3
13890,773,943
13891,773,403
13892,773,836
13893,773,681
13894,773,491
13895,773,318
13896,773,995
13897,773,105
13898,773,949
13899,773,526
13900,773,968
13901,773,212
13902,773,1077
13903,773,536
13904,773,1032
13905,773,974
13906,773,284
13907,773,576
13908,773,985
13909,773,168
13910,773,1045
13911,773,22
13912,773,870
13913,773,346
13914,773,369
13915,773,521
13916,773,236
13917,773,992
13918,773,991
13919,773,142
13920,773,73
13921,773,785
13922,773,849
13923,773,416
13924,773,1112
13925,773,444
13926,773,663
13927,773,329
13928,773,189
13929,773,377
13930,773,77
13931,773,445
13932,773,549
13933,773,793
13934,773,523
13935,773,856
13936,773,534
13937,773,47
13938,773,835
13939,773,858
13940,773,606
13941,773,697
13942,773,1044
13943,773,103
13944,773,163
13945,773,418
13946,773,349
13947,773,859
13948,773,493
13949,773,266
13950,773,215
13951,773,409
13952,773,864
13953,773,552
13954,773,361
13955,773,30
13956,773,841
13957,773,908
13958,773,120
13959,773,293
13960,773,151
13961,773,684
13962,773,429
13963,773,232
13964,773,774
13965,773,32
13966,773,1042
13967,773,696
13968,773,1085
13969,773,1001
13970,773,410
13971,773,25
13972,773,366
13973,773,724
13974,773,572
13975,773,220
13976,773,10
13977,773,333
13978,773,191
13979,773,141
13980,773,713
13981,773,512
13982,773,6
13983,773,566
13984,773,129
13985,773,461
13986,773,688
13987,773,384
13988,773,937
13989,773,691
13990,773,66
13991,773,664
13992,773,840
13993,773,1007
13994,773,385
13995,773,36
13996,773,926
13997,773,822
13998,773,625
13999,773,563
14000,773,702
14001,773,322
14002,773,795
14003,773,542
14004,773,53
14005,773,1052
14006,773,1068
14007,773,789
14008,773,485
14009,773,1084
14010,773,506
14011,773,919
14012,773,375
14013,773,419
14014,773,866
14015,773,978
14016,773,199
14017,773,736
14018,773,778
14019,773,230
14020,773,443
14021,773,745
14022,773,452
14023,773,88
14024,773,709
14025,773,1029
14026,773,923
14027,773,911
14028,773,760
14029,773,945
14030,773,520
14031,773,451
14032,773,300
14033,773,281
14034,773,342
14035,773,851
14036,773,428
14037,773,796
14038,773,811
14039,773,1073
14040,773,567
14041,773,1062
14042,773,629
14043,773,258
14044,773,772
14045,773,956
14046,773,260
14047,773,314
14048,773,1083
14049,773,924
14050,773,457
14051,773,137
14052,773,277
14053,773,90
14054,773,479
14055,773,837
14056,773,887
14057,773,243
14058,773,502
14059,773,58
14060,773,99
14061,773,38
14062,773,41
14063,773,134
14064,773,961
14065,773,131
14066,773,776
14067,773,1020
14068,773,11
14069,773,354
14070,773,61
14071,773,95
14072,773,115
14073,773,1024
14074,773,660
14075,773,388
14076,773,539
14077,773,947
14078,773,690
14079,773,146
14080,773,460
14081,773,43
14082,773,916
14083,773,235
14084,773,490
14085,773,574
14086,773,154
14087,773,1
14088,773,602
14089,773,758
14090,773,1000
14091,773,1028
14092,773,957
14093,773,708
14094,773,580
14095,773,408
14096,773,280
14097,773,855
14098,773,71
14099,773,1041
14100,773,495
14101,773,562
14102,773,543
14103,773,877
14104,773,959
14105,773,771
14106,773,929
14107,773,19
14108,773,976
14109,773,432
14110,773,1002
14111,773,158
14112,773,233
14113,773,827
14114,773,769
14115,773,873
14116,773,383
14117,773,852
14118,773,1116
14119,773,34
14120,773,649
14121,773,1004
14122,773,13
14123,773,533
14124,773,559
14125,773,596
14126,773,239
14127,773,743
14128,773,121
14129,773,594
14130,773,821
14131,773,661
14132,773,447
14133,773,1051
14134,773,732
14135,773,65
14136,773,1065
14137,773,334
14138,773,720
14139,773,667
14140,773,1115
14141,773,723
14142,773,886
14143,773,469
14144,773,1108
14145,773,465
14146,773,734
14147,773,800
14148,773,269
14149,773,1053
14150,773,950
14151,773,411
14152,773,585
14153,773,706
14154,773,694
14155,773,608
14156,773,1046
14157,773,656
14158,773,436
14159,773,819
14160,773,933
14161,773,944
14162,773,117
14163,773,44
14164,773,219
14165,773,787
14166,773,378
14167,773,205
14168,773,618
14169,773,689
14170,773,905
14171,773,106
14172,773,508
14173,773,742
14174,774,727
14175,774,949
14176,774,629
14177,774,571
14178,774,336
14179,774,901
14180,790,28
14181,790,652
14182,790,680
14183,790,160
14184,790,793
14185,790,584
14186,790,984
14187,790,981
14188,790,438
14189,790,323
14190,790,1042
14191,790,619
14192,790,431
14193,790,818
14194,790,958
14195,790,147
14196,790,88
14197,790,485
14198,790,66
14199,790,208
14200,790,466
14201,790,340
14202,790,574
14203,790,457
14204,790,1063
14205,790,1106
14206,790,502
14207,790,97
14208,790,644
14209,790,578
14210,790,945
14211,790,1051
14212,790,188
14213,790,639
14214,790,1024
14215,790,727
14216,790,880
14217,790,1105
14218,790,312
14219,790,992
14220,790,1066
14221,790,597
14222,790,475
14223,790,187
14224,790,509
14225,790,277
14226,790,712
14227,790,611
14228,790,821
14229,790,237
14230,790,439
14231,790,903
14232,790,592
14233,790,178
14234,790,809
14235,790,659
14236,790,767
14237,790,822
14238,790,807
14239,790,1109
14240,790,679
14241,790,238
14242,790,598
14243,790,416
14244,790,77
14245,790,836
14246,790,333
14247,790,217
14248,790,585
14249,790,267
14250,790,308
14251,790,503
14252,790,405
14253,790,441
14254,790,296
14255,790,815
14256,790,991
14257,790,631
14258,790,378
14259,790,538
14260,790,92
14261,790,275
14262,790,46
14263,790,272
14264,790,1010
14265,790,867
14266,790,941
14267,790,111
14268,790,795
14269,790,506
14270,790,825
14271,790,956
14272,790,59
14273,790,31
14274,790,83
14275,805,1078
14276,805,1052
14277,805,559
14278,805,905
14279,805,162
14280,805,983
14281,805,432
14282,805,369
14283,805,883
14284,805,856
14285,805,998
14286,805,793
14287,805,1118
14288,805,990
14289,805,151
14290,805,178
14291,805,423
14292,805,207
14293,805,478
14294,805,976
14295,805,753
14296,805,156
14297,805,572
14298,805,843
14299,805,842
14300,805,673
14301,805,225
14302,805,42
14303,805,570
14304,805,320
14305,805,426
14306,805,752
14307,805,1101
14308,805,395
14309,805,298
14310,805,218
14311,805,494
14312,805,436
14313,805,886
14314,805,149
14315,805,818
14316,805,386
14317,805,442
14318,805,181
14319,805,127
14320,805,222
14321,805,968
14322,805,892
14323,805,621
14324,805,346
14325,805,635
14326,805,45
14327,805,1070
14328,805,721
14329,805,487
14330,805,306
14331,805,117
14332,805,312
14333,805,262
14334,805,352
14335,805,318
14336,805,356
14337,805,776
14338,805,1021
14339,805,577
14340,805,951
14341,805,540
14342,805,123
14343,805,224
14344,805,1072
14345,805,270
14346,805,926
14347,805,361
14348,805,714
14349,805,915
14350,805,210
14351,805,636
14352,805,837
14353,805,97
14354,805,751
14355,805,147
14356,805,1096
14357,805,947
14358,805,750
14359,805,836
14360,805,398
14361,805,317
14362,805,83
14363,805,779
14364,805,440
14365,805,1088
14366,805,187
14367,805,747
14368,805,428
14369,805,250
14370,805,56
14371,805,1068
14372,805,228
14373,805,780
14374,805,295
14375,805,878
14376,805,1055
14377,805,435
14378,805,174
14379,805,1013
14380,805,911
14381,805,163
14382,805,152
14383,805,659
14384,815,787
14385,815,355
14386,815,685
14387,815,1019
14388,815,1083
14389,815,32
14390,815,631
14391,815,656
14392,815,273
14393,815,914
14394,815,880
14395,815,171
14396,815,626
14397,815,864
14398,815,226
14399,815,707
14400,815,314
14401,815,189
14402,815,639
14403,815,61
14404,815,295
14405,815,909
14406,815,96
14407,815,1093
14408,815,854
14409,815,424
14410,815,722
14411,815,265
14412,815,515
14413,815,246
14414,815,1051
14415,815,804
14416,815,59
14417,815,202
14418,815,297
14419,815,489
14420,815,608
14421,815,282
14422,815,307
14423,815,767
14424,815,467
14425,815,267
14426,815,680
14427,815,193
14428,815,571
14429,815,993
14430,815,1107
14431,815,405
14432,815,284
14433,815,758
14434,815,302
14435,815,222
14436,815,990
14437,815,853
14438,815,741
14439,815,835
14440,815,187
14441,815,543
14442,815,506
14443,815,536
14444,815,1045
14445,815,1119
14446,815,358
14447,815,285
14448,815,745
14449,815,735
14450,815,9
14451,815,598
14452,815,760
14453,815,99
14454,815,973
14455,815,324
14456,815,1079
14457,815,661
14458,815,781
14459,815,356
14460,815,629
14461,815,372
14462,815,829
14463,815,3
14464,815,27
14465,815,754
14466,815,145
14467,815,66
14468,815,591
14469,815,844
14470,815,581
14471,815,800
14472,815,606
14473,815,235
14474,815,304
14475,815,594
14476,815,450
14477,815,80
14478,815,447
14479,815,53
14480,815,4
14481,815,906
14482,815,163
14483,815,446
14484,815,398
14485,815,934
14486,815,695
14487,815,625
14488,815,761
14489,815,2
14490,815,1118
14491,815,217
14492,815,959
14493,815,928
14494,815,374
14495,815,112
14496,815,221
14497,815,944
14498,815,437
14499,815,801
14500,815,28
14501,815,361
14502,815,557
14503,815,51
14504,815,723
14505,815,742
14506,815,340
14507,815,897
14508,815,448
14509,815,510
14510,815,103
14511,815,726
14512,815,412
14513,815,173
14514,815,413
14515,815,874
14516,815,34
14517,815,756
14518,815,677
14519,815,268
14520,815,559
14521,815,487
14522,815,922
14523,815,88
14524,815,1071
14525,815,690
14526,815,191
14527,815,378
14528,815,121
14529,815,766
14530,815,644
14531,815,624
14532,815,842
14533,815,737
14534,815,377
14535,815,736
14536,815,894
14537,815,578
14538,815,20
14539,815,263
14540,815,1040
14541,815,859
14542,815,384
14543,815,939
14544,815,1055
14545,815,759
14546,815,633
14547,815,778
14548,815,174
14549,815,392
14550,815,560
14551,815,674
14552,815,720
14553,815,89
14554,815,979
14555,815,826
14556,815,699
14557,815,611
14558,815,400
14559,815,432
14560,815,915
14561,815,87
14562,815,590
14563,815,771
14564,815,774
14565,815,331
14566,815,851
14567,815,1035
14568,815,188
14569,815,126
14570,815,479
14571,815,504
14572,815,995
14573,815,744
14574,815,550
14575,815,316
14576,815,308
14577,815,732
14578,815,667
14579,815,780
14580,815,115
14581,815,1072
14582,815,986
14583,815,410
14584,815,249
14585,815,240
14586,815,848
14587,815,213
14588,815,518
14589,815,462
14590,815,1101
14591,815,29
14592,815,547
14593,815,395
14594,815,46
14595,815,118
14596,815,1084
14597,815,935
14598,815,469
14599,815,158
14600,815,306
14601,815,498
14602,815,116
14603,815,493
14604,815,573
14605,815,1013
14606,815,1089
14607,815,727
14608,815,363
14609,815,1054
14610,815,779
14611,815,526
14612,815,996
14613,815,929
14614,815,131
14615,815,11
14616,815,706
14617,815,120
14618,815,64
14619,815,1044
14620,815,453
14621,815,1027
14622,815,688
14623,815,576
14624,815,554
14625,815,225
14626,815,1068
14627,815,949
14628,815,258
14629,815,818
14630,815,44
14631,815,327
14632,815,933
14633,815,95
14634,815,230
14635,815,607
14636,815,484
14637,815,65
14638,815,165
14639,815,520
14640,815,418
14641,815,733
14642,815,645
14643,815,712
14644,815,277
14645,815,90
14646,815,670
14647,815,383
14648,815,532
14649,815,427
14650,815,523
14651,815,300
14652,815,627
14653,815,946
14654,815,178
14655,815,877
14656,815,326
14657,815,278
14658,815,734
14659,815,507
14660,815,233
14661,815,797
14662,815,243
14663,815,451
14664,815,274
14665,815,725
14666,815,156
14667,815,125
14668,815,834
14669,815,769
14670,815,873
14671,815,220
14672,815,601
14673,815,810
14674,815,259
14675,815,457
14676,815,153
14677,815,549
14678,815,25
14679,815,293
14680,815,886
14681,815,924
14682,815,1000
14683,815,687
14684,815,618
14685,815,110
14686,815,214
14687,815,711
14688,815,521
14689,815,105
14690,815,1112
14691,815,473
14692,815,957
14693,815,757
14694,815,281
14695,815,817
14696,815,159
14697,815,1026
14698,815,592
14699,815,540
14700,815,565
14701,815,299
14702,815,786
14703,815,442
14704,815,435
14705,815,379
14706,815,197
14707,815,72
14708,815,783
14709,815,177
14710,815,1108
14711,815,539
14712,815,491
14713,815,70
14714,815,694
14715,815,1029
14716,815,357
14717,815,168
14718,815,696
14719,815,751
14720,815,210
14721,815,461
14722,815,332
14723,815,616
14724,815,104
14725,815,1024
14726,815,283
14727,815,798
14728,815,947
14729,815,535
14730,815,478
14731,815,530
14732,815,662
14733,815,899
14734,815,403
14735,815,73
14736,815,386
14737,815,763
14738,815,836
14739,815,1109
14740,815,119
14741,815,1070
14742,815,133
14743,815,566
14744,815,1078
14745,815,586
14746,815,74
14747,815,45
14748,815,55
14749,815,336
14750,815,342
14751,815,866
14752,815,719
14753,815,69
14754,815,419
14755,815,724
14756,815,232
14757,815,269
14758,815,1067
14759,815,1034
14760,815,470
14761,815,943
14762,815,983
14763,815,42
14764,815,511
14765,815,564
14766,815,936
14767,815,716
14768,815,350
14769,815,77
14770,815,747
14771,815,795
14772,815,1088
14773,815,436
14774,815,167
14775,815,568
14776,815,684
14777,815,370
14778,815,175
14779,815,824
14780,815,136
14781,815,43
14782,815,382
14783,815,653
14784,815,512
14785,815,682
14786,815,1099
14787,815,858
14788,815,1021
14789,815,1065
14790,815,963
14791,815,807
14792,815,596
14793,815,1116
14794,815,10
14795,815,320
14796,815,169
14797,815,1032
14798,831,267
14799,831,1084
14800,831,1001
14801,831,1044
14802,831,271
14803,831,1094
14804,831,751
14805,831,1082
14806,831,643
14807,831,806
14808,831,70
14809,831,707
14810,831,1045
14811,831,418
14812,831,645
14813,831,174
14814,831,137
14815,831,798
14816,831,336
14817,831,550
14818,831,619
14819,831,208
14820,831,937
14821,831,92
14822,831,726
14823,831,767
14824,831,372
14825,831,502
14826,831,816
14827,831,729
14828,831,232
14829,831,540
14830,831,1119
14831,831,659
14832,831,720
14833,831,288
14834,831,438
14835,831,750
14836,831,1064
14837,831,251
14838,831,1060
14839,831,784
14840,831,516
14841,831,333
14842,831,146
14843,831,793
14844,831,187
14845,831,783
14846,831,1068
14847,831,1101
14848,831,30
14849,831,153
14850,831,138
14851,831,444
14852,831,329
14853,831,180
14854,831,933
14855,831,926
14856,831,346
14857,831,81
14858,831,984
14859,831,951
14860,831,900
14861,831,250
14862,831,914
14863,831,570
14864,831,752
14865,835,798
14866,835,97
14867,835,130
14868,835,64
14869,835,591
14870,835,675
14871,835,80
14872,835,708
14873,835,487
14874,835,268
14875,835,834
14876,835,875
14877,835,746
14878,835,30
14879,835,466
14880,835,542
14881,835,1119
14882,835,743
14883,835,502
14884,835,392
14885,835,1028
14886,835,656
14887,835,874
14888,835,966
14889,835,283
14890,835,729
14891,835,158
14892,835,511
14893,835,375
14894,835,1094
14895,835,809
14896,835,648
14897,835,810
14898,835,670
14899,835,963
14900,835,671
14901,835,739
14902,835,885
14903,835,732
14904,835,265
14905,835,1044
14906,835,980
14907,835,417
14908,835,404
14909,835,341
14910,835,142
14911,835,263
14912,835,183
14913,835,357
14914,835,8
14915,835,1011
14916,835,409
14917,835,975
14918,835,776
14919,835,121
14920,835,619
14921,835,258
14922,835,397
14923,835,304
14924,835,210
14925,835,816
14926,835,491
14927,835,778
14928,835,60
14929,835,687
14930,835,611
14931,835,1086
14932,835,1054
14933,835,790
14934,835,207
14935,835,70
14936,835,459
14937,835,74
14938,835,927
14939,835,841
14940,835,93
14941,835,191
14942,835,147
14943,835,609
14944,835,824
14945,835,186
14946,835,452
14947,835,388
14948,835,141
14949,835,661
14950,835,913
14951,835,436
14952,835,703
14953,835,1058
14954,835,727
14955,835,314
14956,835,560
14957,835,1073
14958,835,267
14959,835,738
14960,835,580
14961,835,1080
14962,835,974
14963,835,59
14964,835,734
14965,835,901
14966,835,243
14967,835,427
14968,835,446
14969,835,325
14970,835,765
14971,835,827
14972,835,374
14973,835,333
14974,835,1024
14975,835,19
14976,835,1083
14977,835,72
14978,835,807
14979,835,350
14980,835,431
14981,835,603
14982,835,969
14983,835,355
14984,835,504
14985,835,193
14986,835,115
14987,835,697
14988,835,636
14989,835,328
14990,835,784
14991,835,536
14992,835,96
14993,835,494
14994,835,664
14995,835,24
14996,835,820
14997,835,630
14998,835,945
14999,835,571
15000,835,812
15001,835,605
15002,835,329
15003,835,1077
15004,835,365
15005,835,47
15006,835,56
15007,835,891
15008,835,73
15009,835,565
15010,835,46
15011,835,156
15012,835,221
15013,835,146
15014,835,66
15015,835,561
15016,835,843
15017,835,157
15018,835,996
15019,835,1013
15020,835,597
15021,835,893
15022,835,1112
15023,835,929
15024,835,225
15025,835,509
15026,835,246
15027,835,255
15028,835,752
15029,835,84
15030,835,34
15031,835,112
15032,835,762
15033,835,508
15034,835,735
15035,835,822
15036,835,1046
15037,835,545
15038,835,356
15039,835,366
15040,835,26
15041,835,516
15042,835,691
15043,835,441
15044,835,389
15045,835,773
15046,835,829
15047,835,562
15048,835,910
15049,835,1085
15050,835,1039
15051,835,390
15052,835,202
15053,835,169
15054,835,132
15055,835,233
15056,835,740
15057,835,873
15058,835,551
15059,835,425
15060,835,982
15061,835,473
15062,835,712
15063,835,343
15064,835,1015
15065,835,465
15066,835,131
15067,835,411
15068,835,634
15069,835,804
15070,835,842
15071,835,956
15072,835,1042
15073,835,237
15074,835,1096
15075,835,461
15076,835,981
15077,835,260
15078,835,98
15079,835,667
15080,835,176
15081,835,951
15082,835,769
15083,835,706
15084,835,914
15085,835,1088
15086,835,978
15087,835,326
15088,835,646
15089,835,420
15090,835,443
15091,835,101
15092,835,1066
15093,835,702
15094,835,368
15095,835,544
15096,835,931
15097,835,554
15098,835,495
15099,835,760
15100,835,833
15101,835,253
15102,835,498
15103,835,228
15104,835,763
15105,835,3
15106,835,721
15107,835,44
15108,835,171
15109,835,445
15110,835,663
15111,835,1065
15112,835,543
15113,835,75
15114,835,1008
15115,835,992
15116,835,574
15117,835,836
15118,835,934
15119,835,1016
15120,835,701
15121,835,306
15122,835,919
15123,835,815
15124,835,622
15125,835,771
15126,835,87
15127,835,410
15128,835,592
15129,835,817
15130,835,224
15131,835,952
15132,835,82
15133,835,616
15134,835,134
15135,835,689
15136,835,499
15137,835,679
15138,835,1004
15139,835,998
15140,835,296
15141,835,1064
15142,835,968
15143,835,100
15144,835,722
15145,835,4
15146,835,85
15147,835,128
15148,835,853
15149,835,949
15150,835,606
15151,835,124
15152,835,1071
15153,835,1017
15154,835,1070
15155,835,1019
15156,835,539
15157,835,117
15158,835,222
15159,835,888
15160,835,31
15161,835,282
15162,835,266
15163,835,116
15164,835,723
15165,835,547
15166,835,106
15167,835,334
15168,835,510
15169,835,316
15170,835,358
15171,835,352
15172,835,659
15173,835,71
15174,835,136
15175,835,828
15176,835,129
15177,835,462
15178,835,416
15179,835,159
15180,835,1
15181,835,1020
15182,835,971
15183,835,285
15184,835,692
15185,835,924
15186,835,17
15187,835,1069
15188,835,935
15189,835,986
15190,835,187
15191,835,736
15192,835,1052
15193,835,347
15194,835,270
15195,835,877
15196,835,503
15197,835,252
15198,835,259
15199,835,958
15200,835,339
15201,835,733
15202,835,681
15203,835,640
15204,835,454
15205,835,309
15206,835,236
15207,835,505
15208,835,198
15209,835,451
15210,835,1040
15211,835,15
15212,835,939
15213,835,313
15214,835,871
15215,835,477
15216,835,818
15217,835,226
15218,835,378
15219,835,506
15220,835,669
15221,835,486
15222,835,119
15223,835,248
15224,835,86
15225,835,652
15226,835,453
15227,835,805
15228,835,761
15229,835,500
15230,835,576
15231,835,867
15232,835,323
15233,835,405
15234,835,908
15235,835,485
15236,835,942
15237,835,585
15238,835,849
15239,835,386
15240,835,596
15241,835,76
15242,835,377
15243,835,135
15244,835,346
15245,835,160
15246,835,1007
15247,835,781
15248,835,1057
15249,835,1005
15250,835,682
15251,835,666
15252,835,272
15253,835,35
15254,835,286
15255,835,713
15256,835,194
15257,835,1059
15258,835,315
15259,835,324
15260,835,13
15261,835,429
15262,835,657
15263,835,475
15264,835,275
15265,835,688
15266,835,557
15267,835,379
15268,835,292
15269,835,1041
15270,835,926
15271,835,895
15272,835,149
15273,835,1001
15274,835,342
15275,835,58
15276,835,573
15277,835,111
15278,835,239
15279,835,855
15280,835,1074
15281,835,359
15282,835,779
15283,835,1012
15284,835,21
15285,835,472
15286,835,254
15287,835,594
15288,835,299
15289,835,518
15290,835,607
15291,835,67
15292,835,624
15293,835,719
15294,835,533
15295,835,627
15296,835,608
15297,835,423
15298,835,381
15299,835,92
15300,835,886
15301,835,653
15302,835,437
15303,835,1000
15304,835,575
15305,835,354
15306,835,36
15307,835,109
15308,835,559
15309,835,731
15310,835,777
15311,835,947
15312,835,1111
15313,835,413
15314,835,457
15315,835,840
15316,835,962
15317,835,645
15318,835,199
15319,835,173
15320,835,197
15321,835,1109
15322,835,564
15323,835,10
15324,835,537
15325,835,610
15326,835,126
15327,835,859
15328,835,896
15329,835,1050
15330,835,521
15331,835,1034
15332,835,280
15333,835,937
15334,835,957
15335,835,621
15336,835,488
15337,835,167
15338,835,1108
15339,835,714
15340,835,496
15341,835,635
15342,835,870
15343,835,1115
15344,835,826
15345,835,587
15346,835,189
15347,835,442
15348,835,383
15349,835,759
15350,835,88
15351,835,276
15352,835,154
15353,835,249
15354,835,1048
15355,835,215
15356,835,349
15357,835,170
15358,835,799
15359,835,1003
15360,835,318
15361,835,261
15362,835,444
15363,835,22
15364,835,372
15365,835,204
15366,835,617
15367,835,742
15368,835,1031
15369,835,745
15370,835,1092
15371,835,548
15372,835,552
15373,835,546
15374,835,756
15375,835,317
15376,835,1027
15377,835,748
15378,835,1087
15379,835,290
15380,835,878
15381,835,95
15382,835,724
15383,835,631
15384,835,755
15385,835,69
15386,835,936
15387,835,489
15388,835,1053
15389,835,45
15390,835,481
15391,835,577
15392,835,439
15393,835,384
15394,835,1026
15395,835,563
15396,835,515
15397,835,497
15398,835,385
15399,835,438
15400,835,90
15401,835,513
15402,835,371
15403,835,1072
15404,835,125
15405,835,6
15406,835,298
15407,835,61
15408,835,726
15409,835,208
15410,835,753
15411,835,912
15412,835,938
15413,835,322
15414,835,408
15415,835,281
15416,835,989
15417,835,995
15418,835,857
15419,835,143
15420,835,53
15421,835,905
15422,835,247
15423,835,819
15424,835,50
15425,842,486
15426,842,877
15427,842,513
15428,842,444
15429,842,59
15430,855,655
15431,855,1078
15432,855,447
15433,855,607
15434,855,490
15435,855,738
15436,855,548
15437,855,982
15438,855,815
15439,855,699
15440,855,865
15441,855,891
15442,855,386
15443,855,1014
15444,855,105
15445,855,532
15446,855,835
15447,855,1026
15448,855,34
15449,855,525
15450,855,436
15451,855,518
15452,855,1068
15453,855,75
15454,855,639
15455,855,313
15456,855,652
15457,855,1034
15458,855,1020
15459,855,1115
15460,855,243
15461,855,298
15462,855,267
15463,855,601
15464,855,143
15465,855,775
15466,855,765
15467,855,788
15468,855,920
15469,855,470
15470,855,573
15471,855,994
15472,855,123
15473,855,878
15474,855,306
15475,855,565
15476,855,996
15477,855,781
15478,855,706
15479,855,568
15480,855,239
15481,855,969
15482,855,22
15483,855,901
15484,855,503
15485,855,56
15486,855,476
15487,855,76
15488,855,1050
15489,855,58
15490,855,849
15491,855,193
15492,855,968
15493,855,933
15494,855,299
15495,855,832
15496,855,711
15497,855,622
15498,855,131
15499,855,778
15500,855,986
15501,855,431
15502,855,1058
15503,855,316
15504,855,903
15505,855,303
15506,855,207
15507,855,592
15508,855,1
15509,855,177
15510,855,534
15511,855,730
15512,855,999
15513,855,372
15514,855,290
15515,855,580
15516,855,268
15517,855,297
15518,855,369
15519,855,852
15520,855,474
15521,855,230
15522,855,591
15523,855,795
15524,855,248
15525,855,739
15526,855,163
15527,855,1076
15528,855,412
15529,855,223
15530,855,35
15531,855,991
15532,855,366
15533,855,1053
15534,855,538
15535,855,780
15536,855,180
15537,855,309
15538,855,346
15539,855,989
15540,855,89
15541,855,1082
15542,855,669
15543,855,1072
15544,855,167
15545,855,744
15546,855,432
15547,855,194
15548,855,280
15549,855,783
15550,855,1110
15551,855,860
15552,855,1019
15553,855,197
15554,855,1097
15555,855,914
15556,855,517
15557,855,147
15558,855,426
15559,855,684
15560,855,509
15561,855,65
15562,855,465
15563,855,535
15564,855,777
15565,855,825
15566,855,104
15567,855,340
15568,855,934
15569,855,724
15570,855,1011
15571,855,15
15572,855,962
15573,855,883
15574,855,1024
15575,855,868
15576,855,265
15577,855,462
15578,855,646
15579,855,749
15580,855,1067
15581,855,259
15582,855,1063
15583,855,801
15584,855,60
15585,855,672
15586,855,5
15587,855,615
15588,855,577
15589,855,1057
15590,855,833
15591,855,574
15592,855,247
15593,855,643
15594,855,842
15595,855,51
15596,855,694
15597,855,551
15598,855,763
15599,855,438
15600,855,477
15601,855,236
15602,855,1085
15603,855,3
15604,855,199
15605,855,913
15606,855,1083
15607,855,810
15608,855,553
15609,855,499
15610,855,612
15611,855,653
15612,855,734
15613,855,21
15614,855,992
15615,855,347
15616,855,188
15617,855,429
15618,855,657
15619,855,767
15620,855,515
15621,855,285
15622,855,698
15623,855,487
15624,855,814
15625,855,975
15626,855,307
15627,855,1102
15628,855,626
15629,855,1065
15630,855,148
15631,855,61
15632,855,929
15633,855,819
15634,855,137
15635,855,695
15636,855,544
15637,855,636
15638,855,349
15639,855,634
15640,855,983
15641,855,959
15642,855,1042
15643,855,816
15644,855,325
15645,855,756
15646,855,134
15647,855,1037
15648,855,397
15649,855,578
15650,855,603
15651,855,326
15652,855,594
15653,855,1084
15654,855,625
15655,855,817
15656,855,1027
15657,855,820
15658,855,1087
15659,855,275
15660,855,502
15661,855,552
15662,855,762
15663,855,785
15664,855,276
15665,855,772
15666,855,736
15667,855,1070
15668,855,722
15669,855,32
15670,855,859
15671,855,507
15672,855,938
15673,855,944
15674,855,978
15675,855,365
15676,855,627
15677,855,390
15678,855,295
15679,855,302
15680,855,618
15681,855,564
15682,855,286
15683,855,647
15684,855,899
15685,855,1022
15686,855,687
15687,855,866
15688,855,746
15689,855,1030
15690,855,949
15691,855,358
15692,855,274
15693,855,493
15694,855,355
15695,855,262
15696,855,1117
15697,855,547
15698,855,897
15699,855,1015
15700,855,238
15701,855,175
15702,855,1052
15703,855,1003
15704,855,333
15705,855,494
15706,855,845
15707,855,318
15708,855,841
15709,855,757
15710,855,317
15711,855,998
15712,855,308
15713,855,250
15714,855,88
15715,855,403
15716,855,877
15717,855,419
15718,855,253
15719,855,217
15720,855,932
15721,855,1007
15722,855,1017
15723,855,287
15724,855,1012
15725,855,1032
15726,855,610
15727,855,445
15728,855,249
15729,855,731
15730,855,183
15731,855,389
15732,855,266
15733,855,667
15734,855,638
15735,855,38
15736,855,981
15737,855,69
15738,855,6
15739,855,480
15740,855,215
15741,855,1104
15742,855,714
15743,855,1074
15744,855,727
15745,855,839
15746,855,895
15747,855,310
15748,855,411
15749,855,231
15750,855,151
15751,855,682
15752,855,905
15753,855,288
15754,855,508
15755,855,359
15756,855,937
15757,855,1081
15758,855,753
15759,855,774
15760,855,281
15761,855,546
15762,855,350
15763,855,1002
15764,855,708
15765,855,805
15766,855,829
15767,855,671
15768,855,679
15769,855,617
15770,855,312
15771,855,416
15772,855,645
15773,855,867
15774,855,270
15775,855,985
15776,855,761
15777,855,554
15778,855,720
15779,855,702
15780,855,974
15781,855,162
15782,855,117
15783,855,444
15784,855,513
15785,855,993
15786,855,220
15787,855,520
15788,855,915
15789,855,922
15790,855,361
15791,855,40
15792,855,590
15793,855,579
15794,855,135
15795,855,255
15796,855,984
15797,855,512
15798,855,691
15799,855,324
15800,855,334
15801,855,341
15802,855,246
15803,855,160
15804,855,1016
15805,855,863
15806,855,909
15807,855,593
15808,855,152
15809,855,169
15810,855,129
15811,855,806
15812,855,90
15813,855,807
15814,855,410
15815,855,424
15816,855,1062
15817,855,526
15818,855,453
15819,855,1108
15820,855,481
15821,855,380
15822,855,675
15823,855,941
15824,855,561
15825,855,950
15826,855,86
15827,855,957
15828,855,101
15829,855,873
15830,855,174
15831,855,723
15832,855,965
15833,855,42
15834,855,875
15835,855,874
15836,855,856
15837,855,451
15838,855,550
15839,855,789
15840,855,78
15841,855,153
15842,855,1041
15843,855,330
15844,855,409
15845,855,674
15846,855,454
15847,855,460
15848,855,737
15849,855,770
15850,855,925
15851,855,787
15852,855,448
15853,855,827
15854,855,485
15855,855,433
15856,855,1101
15857,855,1039
15858,855,1028
15859,855,96
15860,855,586
15861,855,323
15862,855,473
15863,855,740
15864,855,124
15865,855,811
15866,855,36
15867,855,489
15868,855,379
15869,855,118
15870,855,428
15871,855,82
15872,855,1033
15873,855,697
15874,855,677
15875,855,784
15876,855,609
15877,855,584
15878,855,1073
15879,855,157
15880,855,533
15881,855,83
15882,855,760
15883,855,496
15884,855,539
15885,855,916
15886,855,658
15887,855,1109
15888,855,976
15889,855,871
15890,855,132
15891,855,240
15892,855,719
15893,855,261
15894,855,130
15895,855,368
15896,855,1001
15897,855,712
15898,855,339
15899,855,559
15900,855,967
15901,855,459
15902,855,2
15903,855,946
15904,855,371
15905,855,225
15906,855,9
15907,855,352
15908,855,936
15909,855,442
15910,855,843
15911,855,885
15912,855,441
15913,855,119
15914,855,752
15915,855,923
15916,855,1119
15917,855,947
15918,855,642
15919,855,260
15920,855,1059
15921,855,837
15922,855,630
15923,855,237
15924,855,202
15925,855,421
15926,855,142
15927,855,467
15928,855,602
15929,855,1000
15930,855,799
15931,855,423
15932,855,398
15933,855,1066
15934,855,8
15935,855,252
15936,855,945
15937,855,742
15938,855,862
15939,855,205
15940,855,85
15941,855,491
15942,855,572
15943,855,425
15944,855,681
15945,855,156
15946,855,786
15947,855,27
15948,855,892
15949,855,818
15950,855,963
15951,855,417
15952,855,1044
15953,855,1096
15954,855,399
15955,855,821
15956,855,773
15957,855,98
15958,855,1008
15959,855,10
15960,855,943
15961,855,122
15962,855,956
15963,855,666
15964,855,995
15965,855,800
15966,855,111
15967,855,536
15968,855,732
15969,855,452
15970,855,29
15971,855,283
15972,855,28
15973,855,478
15974,855,745
15975,855,1106
15976,855,980
15977,855,44
15978,855,616
15979,855,900
15980,855,293
15981,855,1013
15982,855,611
15983,855,25
15984,855,24
15985,855,378
15986,855,858
15987,855,20
15988,855,504
15989,855,0
15990,855,511
15991,855,344
15992,855,13
15993,855,336
15994,862,217
15995,862,40
15996,862,713
15997,862,963
15998,862,947
15999,862,307
16000,862,629
16001,862,261
16002,862,992
16003,862,497
16004,862,379
16005,862,783
16006,862,215
16007,862,294
16008,862,1094
16009,862,55
16010,862,333
16011,862,740
16012,862,1041
16013,862,180
16014,862,76
16015,862,296
16016,862,115
16017,862,176
16018,862,1004
16019,862,770
16020,862,191
16021,862,32
16022,862,440
16023,862,129
16024,862,135
16025,862,835
16026,862,984
16027,862,945
16028,862,1019
16029,862,41
16030,862,1010
16031,862,1020
16032,862,1000
16033,862,526
16034,862,858
16035,862,539
16036,862,148
16037,862,1068
16038,862,199
16039,862,737
16040,862,562
16041,862,167
16042,862,793
16043,862,392
16044,862,1088
16045,862,576
16046,862,86
16047,862,572
16048,862,481
16049,862,709
16050,862,221
16051,862,254
16052,862,473
16053,862,1065
16054,862,912
16055,862,173
16056,862,112
16057,862,1117
16058,862,451
16059,862,397
16060,862,545
16061,862,251
16062,862,884
16063,862,1102
16064,862,42
16065,862,280
16066,862,986
16067,862,104
16068,862,372
16069,862,787
16070,862,183
16071,862,565
16072,862,119
16073,862,557
16074,862,402
16075,862,575
16076,862,639
16077,862,559
16078,862,998
16079,862,836
16080,862,732
16081,862,741
16082,862,1030
16083,862,64
16084,862,955
16085,862,970
16086,862,536
16087,862,505
16088,862,413
16089,862,124
16090,862,493
16091,862,790
16092,862,640
16093,862,980
16094,862,480
16095,862,403
16096,862,971
16097,862,570
16098,862,896
16099,862,534
16100,862,777
16101,862,1066
16102,862,59
16103,862,478
16104,862,49
16105,862,265
16106,862,287
16107,862,841
16108,862,1077
16109,862,1001
16110,862,136
16111,862,812
16112,862,423
16113,862,1096
16114,862,658
16115,862,462
16116,862,202
16117,862,168
16118,862,116
16119,862,122
16120,862,438
16121,862,548
16122,862,21
16123,862,297
16124,862,513
16125,862,948
16126,862,627
16127,862,837
16128,862,1011
16129,862,694
16130,862,942
16131,862,467
16132,862,869
16133,862,538
16134,862,681
16135,862,83
16136,862,154
16137,862,156
16138,862,566
16139,862,918
16140,862,739
16141,862,159
16142,862,810
16143,862,596
16144,862,448
16145,862,329
16146,862,851
16147,862,719
16148,862,647
16149,862,428
16150,862,941
16151,862,461
16152,862,1005
16153,862,878
16154,862,20
16155,862,975
16156,862,249
16157,862,805
16158,862,5
16159,862,799
16160,862,744
16161,862,827
16162,862,802
16163,862,608
16164,862,417
16165,862,663
16166,862,349
16167,862,611
16168,862,592
16169,862,1046
16170,862,959
16171,862,699
16172,862,989
16173,862,22
16174,862,759
16175,862,271
16176,862,374
16177,862,547
16178,862,962
16179,862,240
16180,862,1059
16181,862,521
16182,862,938
16183,862,691
16184,862,424
16185,862,961
16186,862,172
16187,862,516
16188,862,798
16189,862,188
16190,862,236
16191,862,612
16192,862,773
16193,862,426
16194,862,996
16195,862,743
16196,862,247
16197,862,509
16198,862,163
16199,862,870
16200,862,491
16201,862,274
16202,862,50
16203,862,459
16204,862,72
16205,862,1014
16206,862,322
16207,862,533
16208,862,38
16209,862,258
16210,862,994
16211,862,664
16212,862,1072
16213,862,689
16214,862,238
16215,862,212
16216,862,70
16217,862,915
16218,862,506
16219,862,752
16220,862,187
16221,862,923
16222,862,899
16223,862,921
16224,862,260
16225,862,1078
16226,862,742
16227,862,81
16228,862,1115
16229,862,781
16230,862,795
16231,862,511
16232,862,1074
16233,862,965
16234,862,856
16235,862,553
16236,862,684
16237,862,669
16238,862,577
16239,862,1008
16240,862,31
16241,862,552
16242,862,3
16243,862,588
16244,862,222
16245,862,757
16246,862,0
16247,862,974
16248,862,731
16249,862,605
16250,862,1101
16251,862,546
16252,862,714
16253,862,769
16254,862,925
16255,862,1085
16256,862,71
16257,862,631
16258,862,290
16259,862,1054
16260,862,398
16261,862,324
16262,862,648
16263,862,1084
16264,862,330
16265,862,920
16266,862,344
16267,862,807
16268,862,47
16269,862,198
16270,862,131
16271,862,1038
16272,862,126
16273,862,982
16274,862,537
16275,862,235
16276,862,806
16277,862,314
16278,862,132
16279,862,818
16280,862,445
16281,862,378
16282,862,368
16283,862,727
16284,862,306
16285,862,365
16286,862,1097
16287,862,618
16288,862,409
16289,862,911
16290,862,224
16291,862,371
16292,862,677
16293,862,342
16294,862,634
16295,862,671
16296,862,162
16297,862,880
16298,862,313
16299,862,936
16300,862,1110
16301,862,15
16302,862,204
16303,862,721
16304,862,1106
16305,862,412
16306,862,111
16307,862,679
16308,862,817
16309,862,603
16310,862,866
16311,862,248
16312,862,1033
16313,862,121
16314,862,268
16315,862,563
16316,862,867
16317,862,625
16318,862,682
16319,862,4
16320,862,94
16321,862,512
16322,862,347
16323,862,8
16324,862,11
16325,862,189
16326,862,934
16327,862,597
16328,862,239
16329,862,630
16330,862,1104
16331,862,158
16332,862,316
16333,862,452
16334,862,457
16335,862,334
16336,862,366
16337,862,499
16338,862,809
16339,862,813
16340,862,1012
16341,862,223
16342,862,615
16343,862,574
16344,862,17
16345,862,1116
16346,862,444
16347,862,725
16348,862,464
16349,862,246
16350,862,828
16351,862,147
16352,862,25
16353,862,381
16354,862,981
16355,862,779
16356,862,286
16357,862,543
16358,862,523
16359,862,706
16360,862,930
16361,862,228
16362,862,761
16363,862,369
16364,862,796
16365,862,785
16366,862,735
16367,862,24
16368,862,885
16369,862,474
16370,862,98
16371,862,1029
16372,862,926
16373,862,288
16374,862,186
16375,862,840
16376,862,667
16377,862,535
16378,862,886
16379,862,584
16380,862,674
16381,862,160
16382,862,624
16383,862,165
16384,862,255
16385,862,471
16386,862,893
16387,862,123
16388,862,852
16389,862,382
16390,862,323
16391,862,243
16392,862,551
16393,862,181
16394,862,863
16395,862,1034
16396,862,262
16397,862,317
16398,862,1070
16399,862,259
16400,862,66
16401,862,816
16402,862,466
16403,862,1031
16404,862,617
16405,862,607
16406,862,502
16407,862,429
16408,862,855
16409,862,460
16410,862,792
16411,862,1044
16412,862,327
16413,862,968
16414,862,652
16415,862,210
16416,862,910
16417,862,766
16418,862,275
16419,862,1109
16420,862,751
16421,862,151
16422,862,666
16423,862,494
16424,862,1087
16425,862,1022
16426,862,815
16427,862,661
16428,862,207
16429,862,567
16430,862,431
16431,862,340
16432,862,695
16433,862,1050
16434,862,358
16435,862,1058
16436,862,61
16437,862,63
16438,862,19
16439,862,525
16440,862,875
16441,862,272
16442,862,500
16443,862,28
16444,862,726
16445,862,326
16446,862,96
16447,862,786
16448,862,152
16449,862,697
16450,862,814
16451,862,839
16452,862,544
16453,862,515
16454,862,1039
16455,862,137
16456,862,1111
16457,862,978
16458,862,729
16459,862,518
16460,862,999
16461,862,510
16462,862,883
16463,862,1018
16464,862,355
16465,862,225
16466,862,504
16467,862,905
16468,862,932
16469,862,891
16470,862,263
16471,862,560
16472,862,550
16473,862,93
16474,862,134
16475,862,292
16476,862,220
16477,870,511
16478,899,1068
16479,899,384
16480,899,369
16481,899,714
16482,899,1028
16483,899,162
16484,899,1044
16485,899,13
16486,899,389
16487,899,423
16488,899,454
16489,899,903
16490,899,198
16491,899,71
16492,899,240
16493,899,742
16494,899,215
16495,899,208
16496,899,371
16497,899,612
16498,899,752
16499,899,509
16500,899,314
16501,899,296
16502,899,102
16503,899,659
16504,899,815
16505,899,148
16506,899,231
16507,899,66
16508,899,230
16509,899,327
16510,899,739
16511,899,55
16512,899,266
16513,899,497
16514,899,323
16515,899,653
16516,899,575
16517,899,53
16518,899,34
16519,899,128
16520,899,551
16521,899,893
16522,899,254
16523,899,817
16524,899,116
16525,899,978
16526,899,1110
16527,899,621
16528,899,352
16529,899,759
16530,899,741
16531,899,90
16532,899,197
16533,899,1092
16534,899,1066
16535,899,572
16536,899,680
16537,899,574
16538,899,313
16539,899,1111
16540,899,82
16541,899,277
16542,899,135
16543,899,491
16544,899,380
16545,899,56
16546,899,104
16547,899,645
16548,899,388
16549,899,591
16550,899,143
16551,899,993
16552,899,811
16553,899,821
16554,899,130
16555,899,547
16556,899,668
16557,899,220
16558,899,22
16559,899,592
16560,899,1032
16561,899,624
16562,899,539
16563,899,485
16564,899,317
16565,899,42
16566,899,1097
16567,899,1108
16568,899,652
16569,899,67
16570,899,366
16571,899,1057
16572,899,1117
16573,899,1016
16574,899,503
16575,899,339
16576,899,932
16577,899,239
16578,899,862
16579,899,713
16580,899,998
16581,899,906
16582,899,15
16583,899,1074
16584,899,601
16585,899,464
16586,899,390
16587,899,812
16588,899,255
16589,899,941
16590,899,379
16591,899,186
16592,899,681
16593,899,441
16594,899,204
16595,899,958
16596,899,733
16597,899,609
16598,899,286
16599,899,807
16600,899,532
16601,899,602
16602,899,888
16603,899,727
16604,899,31
16605,899,344
16606,899,957
16607,899,766
16608,899,275
16609,899,363
16610,899,11
16611,899,436
16612,899,948
16613,899,801
16614,899,151
16615,899,965
16616,899,499
16617,899,1037
16618,899,72
16619,899,992
16620,899,428
16621,899,354
16622,899,165
16623,899,1084
16624,899,639
16625,899,749
16626,899,381
16627,899,237
16628,899,121
16629,899,734
16630,899,1011
16631,899,460
16632,899,930
16633,899,146
16634,899,465
16635,899,29
16636,899,357
16637,899,349
16638,899,272
16639,899,248
16640,899,24
16641,899,694
16642,899,562
16643,899,263
16644,899,770
16645,899,545
16646,899,1102
16647,899,679
16648,899,309
16649,899,557
16650,899,926
16651,899,735
16652,899,429
16653,899,702
16654,899,625
16655,899,168
16656,899,561
16657,899,806
16658,899,225
16659,899,375
16660,899,999
16661,899,598
16662,899,467
16663,899,674
16664,899,896
16665,899,398
16666,899,1067
16667,899,9
16668,899,849
16669,899,1026
16670,899,84
16671,899,44
16672,899,78
16673,899,142
16674,899,1050
16675,899,45
16676,899,776
16677,899,4
16678,899,568
16679,899,1027
16680,899,290
16681,899,585
16682,899,147
16683,899,709
16684,899,372
16685,899,1089
16686,899,570
16687,899,605
16688,899,1052
16689,899,691
16690,899,564
16691,899,566
16692,899,76
16693,899,298
16694,899,859
16695,899,304
16696,899,486
16697,899,368
16698,899,915
16699,899,856
16700,899,795
16701,899,418
16702,899,262
16703,899,416
16704,899,473
16705,899,867
16706,899,25
16707,899,1017
16708,899,982
16709,899,129
16710,899,413
16711,899,828
16712,899,885
16713,899,708
16714,899,769
16715,899,661
16716,899,324
16717,899,308
16718,899,945
16719,899,502
16720,899,477
16721,899,224
16722,899,580
16723,899,2
16724,899,787
16725,899,101
16726,899,1077
16727,899,89
16728,899,829
16729,899,87
16730,899,627
16731,899,588
16732,899,355
16733,899,59
16734,899,554
16735,899,1059
16736,899,98
16737,899,852
16738,899,112
16739,899,1022
16740,899,476
16741,899,586
16742,899,944
16743,899,115
16744,899,991
16745,899,1073
16746,899,47
16747,899,740
16748,899,288
16749,899,461
16750,899,417
16751,899,635
16752,899,990
16753,899,1119
16754,899,774
16755,899,648
16756,899,268
16757,899,395
16758,899,1063
16759,899,77
16760,899,97
16761,899,756
16762,899,688
16763,899,864
16764,899,843
16765,899,490
16766,899,163
16767,899,771
16768,899,1034
16769,899,697
16770,899,790
16771,899,334
16772,899,466
16773,899,619
16774,899,265
16775,899,939
16776,899,796
16777,899,656
16778,899,1076
16779,899,63
16780,899,912
16781,899,1029
16782,899,233
16783,899,839
16784,899,853
16785,899,671
16786,899,802
16787,899,489
16788,899,1047
16789,899,567
16790,899,1010
16791,899,93
16792,899,1033
16793,899,119
16794,899,783
16795,899,202
16796,899,1001
16797,899,738
16798,899,374
16799,899,1005
16800,899,576
16801,899,617
16802,899,448
16803,899,350
16804,899,435
16805,899,271
16806,899,28
16807,899,75
16808,899,19
16809,899,789
16810,899,1
16811,899,383
16812,899,6
16813,899,616
16814,899,722
16815,899,515
16816,899,673
16817,899,1000
16818,899,866
16819,899,213
16820,899,1083
16821,899,552
16822,899,777
16823,899,521
16824,899,259
16825,899,775
16826,899,510
16827,899,191
16828,899,526
16829,899,1024
16830,899,159
16831,899,755
16832,899,480
16833,899,537
16834,899,736
16835,899,550
16836,899,189
16837,899,682
16838,899,658
16839,899,626
16840,899,333
16841,899,80
16842,899,820
16843,899,303
16844,899,698
16845,899,863
16846,899,900
16847,899,753
16848,899,174
16849,899,330
16850,899,65
16851,899,933
16852,899,880
16853,899,901
16854,899,69
16855,899,1115
16856,899,905
16857,899,891
16858,899,260
16859,899,511
16860,899,833
16861,899,210
16862,899,760
16863,899,696
16864,899,496
16865,899,326
16866,899,732
16867,899,316
16868,899,378
16869,899,937
16870,899,857
16871,899,310
16872,899,3
16873,899,514
16874,899,322
16875,899,247
16876,899,270
16877,899,615
16878,899,536
16879,899,207
16880,899,951
16881,899,842
16882,899,669
16883,899,1039
16884,899,971
16885,899,546
16886,899,141
16887,899,498
16888,899,873
16889,899,542
16890,899,814
16891,899,534
16892,899,745
16893,899,397
16894,899,985
16895,899,221
16896,899,385
16897,899,88
16898,899,908
16899,899,831
16900,899,508
16901,899,180
16902,899,596
16903,899,594
16904,899,995
16905,899,1075
16906,899,798
16907,899,392
16908,899,914
16909,899,293
16910,899,126
16911,899,746
16912,899,963
16913,899,855
16914,899,909
16915,899,516
16916,899,883
16917,899,1112
16918,899,1087
16919,899,315
16920,899,943
16921,899,531
16922,899,359
16923,899,886
16924,899,925
16925,899,356
16926,899,453
16927,899,657
16928,899,1002
16929,899,911
16930,899,297
16931,899,578
16932,899,952
16933,899,307
16934,899,377
16935,899,187
16936,899,459
16937,899,94
16938,899,20
16939,899,701
16940,899,860
16941,899,103
16942,899,631
16943,899,183
16944,899,386
16945,899,543
16946,899,287
16947,899,962
16948,899,419
16949,899,295
16950,911,135
16951,911,0
16952,911,126
16953,911,706
16954,911,625
16955,911,202
16956,911,698
16957,911,748
16958,911,452
16959,911,677
16960,911,283
16961,911,479
16962,911,354
16963,911,485
16964,911,460
16965,911,132
16966,911,409
16967,911,744
16968,911,94
16969,911,416
16970,911,253
16971,911,53
16972,911,617
16973,911,1065
16974,911,591
16975,911,259
16976,911,365
16977,911,34
16978,911,807
16979,911,306
16980,911,848
16981,911,1094
16982,911,663
16983,911,899
16984,911,237
16985,911,105
16986,911,198
16987,911,92
16988,911,162
16989,911,439
16990,911,263
16991,911,246
16992,911,593
16993,911,770
16994,911,575
16995,911,80
16996,911,660
16997,911,1002
16998,911,920
16999,911,156
17000,911,123
17001,911,117
17002,911,515
17003,911,737
17004,911,121
17005,911,432
17006,911,418
17007,911,701
17008,911,570
17009,911,723
17010,911,205
17011,911,489
17012,911,727
17013,911,789
17014,911,1013
17015,911,1030
17016,911,58
17017,911,1
17018,911,8
17019,911,226
17020,911,428
17021,911,726
17022,911,153
17023,911,800
17024,911,835
17025,911,171
17026,911,346
17027,911,1022
17028,911,1082
17029,911,801
17030,911,792
17031,911,55
17032,911,946
17033,911,324
17034,911,6
17035,911,766
17036,911,996
17037,911,1034
17038,911,340
17039,911,925
17040,911,797
17041,911,1074
17042,911,938
17043,911,361
17044,911,865
17045,911,476
17046,911,313
17047,911,392
17048,911,854
17049,911,355
17050,911,708
17051,911,612
17052,911,884
17053,911,30
17054,911,151
17055,911,332
17056,911,873
17057,911,261
17058,911,947
17059,911,97
17060,911,504
17061,911,473
17062,911,464
17063,911,95
17064,911,1058
17065,911,597
17066,911,1027
17067,911,443
17068,911,662
17069,911,217
17070,911,713
17071,911,421
17072,911,915
17073,911,1062
17074,911,378
17075,911,532
17076,911,174
17077,911,315
17078,911,417
17079,911,28
17080,911,862
17081,911,689
17082,911,213
17083,911,544
17084,911,333
17085,911,630
17086,911,1005
17087,911,990
17088,911,585
17089,911,310
17090,911,511
17091,911,836
17092,911,722
17093,911,874
17094,911,814
17095,911,42
17096,911,918
17097,911,633
17098,911,1068
17099,911,104
17100,911,834
17101,911,760
17102,911,866
17103,911,734
17104,911,667
17105,911,109
17106,911,266
17107,911,11
17108,911,531
17109,911,457
17110,911,25
17111,911,119
17112,911,867
17113,911,159
17114,911,63
17115,911,756
17116,911,267
17117,911,93
17118,911,984
17119,911,863
17120,911,158
17121,911,419
17122,911,719
17123,911,1077
17124,911,795
17125,911,638
17126,911,1070
17127,911,995
17128,911,368
17129,911,799
17130,911,864
17131,911,250
17132,911,694
17133,911,254
17134,911,576
17135,911,851
17136,911,374
17137,911,796
17138,911,232
17139,911,334
17140,911,300
17141,911,921
17142,911,477
17143,911,590
17144,911,265
17145,911,1119
17146,911,812
17147,911,140
17148,911,691
17149,911,746
17150,911,673
17151,911,358
17152,911,493
17153,911,484
17154,911,937
17155,911,720
17156,911,509
17157,911,976
17158,911,77
17159,911,1096
17160,911,186
17161,911,818
17162,911,1086
17163,911,230
17164,911,478
17165,911,610
17166,911,323
17167,911,19
17168,911,1118
17169,911,773
17170,911,525
17171,911,272
17172,911,322
17173,911,296
17174,911,379
17175,911,233
17176,911,905
17177,911,69
17178,911,26
17179,911,754
17180,911,429
17181,911,386
17182,911,523
17183,911,997
17184,911,187
17185,911,621
17186,911,733
17187,911,238
17188,911,176
17189,911,992
17190,911,1067
17191,911,616
17192,911,149
17193,911,1073
17194,911,501
17195,911,605
17196,911,302
17197,911,1089
17198,911,215
17199,911,815
17200,911,404
17201,911,240
17202,911,833
17203,911,317
17204,911,84
17205,911,856
17206,911,160
17207,911,197
17208,911,885
17209,911,70
17210,911,568
17211,911,1045
17212,911,956
17213,911,949
17214,911,1051
17215,911,895
17216,911,288
17217,911,769
17218,911,1011
17219,911,143
17220,911,645
17221,911,619
17222,911,20
17223,911,574
17224,911,15
17225,911,148
17226,911,656
17227,911,252
17228,911,399
17229,911,453
17230,911,256
17231,911,786
17232,911,944
17233,911,729
17234,911,289
17235,911,411
17236,911,1052
17237,911,839
17238,911,298
17239,911,31
17240,911,775
17241,911,1042
17242,911,740
17243,911,1038
17244,911,469
17245,911,24
17246,911,924
17247,911,926
17248,911,447
17249,911,608
17250,911,957
17251,911,397
17252,911,177
17253,911,565
17254,911,696
17255,911,110
17256,911,688
17257,911,659
17258,911,646
17259,911,1072
17260,911,1014
17261,911,168
17262,911,309
17263,911,651
17264,911,849
17265,911,101
17266,911,824
17267,911,9
17268,911,2
17269,911,998
17270,911,285
17271,911,1003
17272,911,363
17273,911,75
17274,911,816
17275,911,1028
17276,911,59
17277,911,320
17278,911,510
17279,911,1054
17280,911,540
17281,911,508
17282,911,550
17283,911,239
17284,911,901
17285,911,880
17286,911,405
17287,911,130
17288,911,923
17289,911,5
17290,911,715
17291,911,281
17292,911,592
17293,911,284
17294,911,980
17295,911,220
17296,911,329
17297,911,945
17298,911,295
17299,911,877
17300,911,377
17301,911,672
17302,911,837
17303,911,989
17304,911,1116
17305,911,896
17306,911,596
17307,911,611
17308,911,745
17309,911,82
17310,911,642
17311,911,516
17312,911,304
17313,911,513
17314,911,303
17315,911,1044
17316,911,494
17317,911,124
17318,911,961
17319,911,480
17320,911,781
17321,911,380
17322,911,1016
17323,926,1038
17324,926,1008
17325,926,218
17326,926,290
17327,926,1059
17328,926,1007
17329,926,642
17330,926,1077
17331,926,731
17332,926,47
17333,926,488
17334,926,22
17335,926,974
17336,926,918
17337,926,774
17338,926,766
17339,926,792
17340,926,263
17341,926,188
17342,926,842
17343,926,149
17344,926,272
17345,926,934
17346,926,1104
17347,926,785
17348,926,88
17349,926,497
17350,926,72
17351,926,539
17352,926,1003
17353,926,650
17354,926,721
17355,926,1047
17356,926,115
17357,926,111
17358,926,537
17359,926,858
17360,926,316
17361,926,546
17362,926,29
17363,926,64
17364,926,978
17365,926,706
17366,926,970
17367,926,921
17368,926,552
17369,926,60
17370,926,129
17371,926,952
17372,926,836
17373,930,90
17374,930,177
17375,930,128
17376,930,770
17377,930,1065
17378,930,607
17379,930,249
17380,930,0
17381,930,115
17382,930,520
17383,930,395
17384,930,590
17385,930,735
17386,930,297
17387,930,71
17388,930,1005
17389,930,711
17390,930,716
17391,930,661
17392,930,247
17393,930,999
17394,930,489
17395,930,564
17396,930,1013
17397,930,32
17398,930,737
17399,930,178
17400,930,1050
17401,930,814
17402,930,692
17403,930,469
17404,930,685
17405,930,5
17406,930,935
17407,930,547
17408,930,363
17409,930,306
17410,930,427
17411,930,1104
17412,930,276
17413,930,110
17414,930,172
17415,930,829
17416,930,474
17417,930,87
17418,930,886
17419,930,852
17420,930,1046
17421,930,103
17422,930,135
17423,930,248
17424,930,542
17425,930,691
17426,930,1077
17427,930,722
17428,930,106
17429,930,925
17430,930,658
17431,930,915
17432,930,644
17433,930,47
17434,930,566
17435,930,774
17436,930,341
17437,930,672
17438,930,916
17439,930,813
17440,930,246
17441,930,818
17442,930,94
17443,930,635
17444,930,11
17445,930,949
17446,930,46
17447,930,441
17448,930,152
17449,930,991
17450,930,975
17451,930,739
17452,930,741
17453,930,398
17454,930,565
17455,930,919
17456,930,86
17457,930,1055
17458,930,630
17459,930,213
17460,930,820
17461,930,267
17462,930,147
17463,930,1088
17464,930,986
17465,930,936
17466,930,70
17467,930,97
17468,930,302
17469,930,622
17470,930,496
17471,930,636
17472,930,1117
17473,930,514
17474,930,277
17475,930,199
17476,930,480
17477,930,416
17478,930,877
17479,930,344
17480,930,799
17481,930,412
17482,930,189
17483,930,156
17484,930,399
17485,930,457
17486,930,571
17487,930,639
17488,930,723
17489,930,371
17490,930,1112
17491,930,405
17492,930,1054
17493,930,884
17494,930,828
17495,930,389
17496,930,254
17497,930,950
17498,930,867
17499,930,419
17500,930,1029
17501,930,379
17502,930,372
17503,930,906
17504,930,982
17505,930,611
17506,930,626
17507,930,797
17508,930,431
17509,930,1102
17510,930,25
17511,930,1083
17512,930,217
17513,930,550
17514,930,1032
17515,930,857
17516,930,438
17517,930,937
17518,930,970
17519,930,559
17520,930,8
17521,930,1082
17522,930,726
17523,930,368
17524,930,1076
17525,930,40
17526,930,324
17527,930,250
17528,930,996
17529,930,502
17530,930,475
17531,930,610
17532,930,983
17533,930,1037
17534,930,570
17535,930,1014
17536,930,517
17537,930,317
17538,930,552
17539,930,952
17540,930,908
17541,930,1064
17542,930,19
17543,930,696
17544,930,432
17545,930,605
17546,930,500
17547,930,340
17548,930,210
17549,930,186
17550,930,670
17551,930,355
17552,930,1020
17553,930,1033
17554,930,1106
17555,930,22
17556,930,887
17557,930,462
17558,930,404
17559,930,238
17560,930,117
17561,930,329
17562,930,543
17563,930,666
17564,930,153
17565,930,9
17566,930,478
17567,930,400
17568,930,36
17569,930,1063
17570,930,656
17571,930,619
17572,930,990
17573,930,142
17574,930,440
17575,930,424
17576,930,638
17577,930,608
17578,930,1101
17579,930,320
17580,930,20
17581,930,752
17582,930,158
17583,930,659
17584,930,976
17585,930,816
17586,930,513
17587,930,208
17588,930,358
17589,930,445
17590,930,839
17591,930,998
17592,930,288
17593,930,539
17594,930,1072
17595,930,1059
17596,930,558
17597,930,627
17598,930,62
17599,930,10
17600,930,592
17601,930,433
17602,930,832
17603,930,284
17604,930,1073
17605,930,72
17606,930,580
17607,930,148
17608,930,674
17609,930,60
17610,930,994
17611,930,114
17612,930,15
17613,930,42
17614,930,403
17615,930,334
17616,930,831
17617,935,789
17618,935,636
17619,935,442
17620,935,751
17621,935,138
17622,935,355
17623,935,329
17624,935,740
17625,935,511
17626,935,937
17627,935,867
17628,935,73
17629,935,208
17630,935,205
17631,935,1097
17632,935,125
17633,935,949
17634,935,96
17635,935,884
17636,935,691
17637,935,982
17638,935,995
17639,935,1055
17640,935,992
17641,935,410
17642,935,153
17643,935,390
17644,935,317
17645,935,361
17646,935,156
17647,935,38
17648,935,908
17649,935,194
17650,935,176
17651,935,349
17652,935,453
17653,935,1109
17654,935,350
17655,935,295
17656,935,465
17657,935,512
17658,935,432
17659,935,259
17660,935,183
17661,935,799
17662,935,346
17663,935,958
17664,935,737
17665,935,1062
17666,935,281
17667,935,1038
17668,935,282
17669,935,994
17670,935,990
17671,935,658
17672,935,377
17673,935,177
17674,935,795
17675,935,284
17676,935,1027
17677,935,82
17678,935,856
17679,935,303
17680,935,265
17681,935,714
17682,935,215
17683,935,747
17684,935,356
17685,935,885
17686,935,78
17687,935,31
17688,935,193
17689,935,507
17690,935,798
17691,935,1094
17692,935,119
17693,935,403
17694,935,752
17695,935,276
17696,935,779
17697,935,673
17698,935,899
17699,935,478
17700,935,127
17701,935,905
17702,935,140
17703,935,617
17704,935,99
17705,935,187
17706,935,299
17707,935,706
17708,935,976
17709,935,542
17710,935,901
17711,935,806
17712,935,477
17713,935,486
17714,935,314
17715,935,1042
17716,935,761
17717,935,429
17718,935,877
17719,935,500
17720,935,1041
17721,935,772
17722,935,1031
17723,935,484
17724,935,280
17725,935,487
17726,935,289
17727,935,175
17728,935,1018
17729,935,372
17730,935,174
17731,935,517
17732,935,326
17733,935,694
17734,935,618
17735,935,1044
17736,935,388
17737,935,778
17738,935,849
17739,935,926
17740,935,1084
17741,935,509
17742,935,596
17743,935,65
17744,935,909
17745,935,165
17746,935,781
17747,935,266
17748,935,729
17749,935,45
17750,935,466
17751,935,984
17752,935,462
17753,935,793
17754,935,440
17755,935,544
17756,935,754
17757,935,883
17758,935,979
17759,935,723
17760,935,744
17761,946,329
17762,946,773
17763,946,878
17764,946,326
17765,946,1059
17766,946,310
17767,946,308
17768,946,381
17769,946,822
17770,946,22
17771,946,814
17772,946,154
17773,946,74
17774,946,306
17775,946,636
17776,946,611
17777,946,723
17778,946,8
17779,946,1060
17780,946,774
17781,946,300
17782,946,720
17783,946,217
17784,946,751
17785,946,662
17786,946,161
17787,946,60
17788,946,707
17789,946,298
17790,946,133
17791,946,1110
17792,946,682
17793,946,349
17794,946,805
17795,946,1042
17796,946,971
17797,946,490
17798,946,775
17799,946,459
17800,946,431
17801,946,117
17802,946,218
17803,946,547
17804,946,957
17805,946,573
17806,946,174
17807,946,466
17808,946,721
17809,946,225
17810,946,434
17811,946,701
17812,946,186
17813,946,771
17814,946,339
17815,946,609
17816,946,255
17817,946,1109
17818,946,706
17819,946,53
17820,946,147
17821,946,1022
17822,946,346
17823,946,395
17824,946,937
17825,946,763
17826,946,194
17827,946,1055
17828,946,160
17829,946,488
17830,946,374
17831,946,265
17832,946,1047
17833,946,266
17834,946,726
17835,946,342
17836,946,970
17837,946,886
17838,946,303
17839,946,82
17840,946,10
17841,946,344
17842,946,320
17843,946,1106
17844,946,51
17845,946,1073
17846,946,762
17847,946,961
17848,946,135
17849,946,4
17850,946,59
17851,946,729
17852,946,995
17853,946,586
17854,946,158
17855,946,746
17856,946,230
17857,946,536
17858,946,998
17859,946,110
17860,946,371
17861,946,377
17862,946,293
17863,946,295
17864,946,410
17865,946,989
17866,946,208
17867,946,634
17868,946,440
17869,946,1014
17870,946,1002
17871,946,1034
17872,946,687
17873,946,516
17874,946,919
17875,946,992
17876,946,833
17877,946,749
17878,946,35
17879,946,892
17880,946,1082
17881,946,140
17882,946,382
17883,946,273
17884,946,929
17885,946,43
17886,946,454
17887,946,673
17888,946,276
17889,946,947
17890,946,1000
17891,946,761
17892,946,559
17893,946,1052
17894,946,877
17895,946,797
17896,946,562
17897,946,750
17898,946,408
17899,946,630
17900,946,20
17901,946,501
17902,946,474
17903,946,515
17904,946,714
17905,946,87
17906,946,323
17907,946,226
17908,946,1044
17909,946,906
17910,946,760
17911,946,124
17912,946,372
17913,946,286
17914,946,442
17915,946,109
17916,946,1024
17917,946,363
17918,946,844
17919,946,236
17920,946,213
17921,946,1054
17922,946,250
17923,946,94
17924,946,621
17925,946,820
17926,946,405
17927,946,417
17928,946,594
17929,946,499
17930,946,496
17931,946,826
17932,946,887
17933,946,514
17934,946,744
17935,946,856
17936,946,736
17937,946,30
17938,946,867
17939,946,1027
17940,946,252
17941,946,493
17942,946,788
17943,946,1064
17944,946,125
17945,946,331
17946,946,783
17947,946,659
17948,946,810
17949,946,967
17950,946,532
17951,946,37
17952,946,738
17953,946,873
17954,946,314
17955,946,924
17956,946,102
17957,946,280
17958,946,198
17959,946,1086
17960,946,313
17961,946,1005
17962,946,131
17963,946,755
17964,946,47
17965,946,232
17966,946,993
17967,946,570
17968,946,1020
17969,946,617
17970,946,871
17971,946,1057
17972,946,507
17973,946,92
17974,946,949
17975,946,498
17976,946,494
17977,946,852
17978,946,240
17979,946,605
17980,946,187
17981,946,11
17982,946,32
17983,946,994
17984,946,38
17985,946,340
17986,946,433
17987,946,831
17988,946,713
17989,946,571
17990,946,202
17991,946,220
17992,946,1029
17993,946,568
17994,946,896
17995,946,3
17996,946,664
17997,946,93
17998,946,233
17999,946,542
18000,946,984
18001,946,356
18002,946,965
18003,946,1013
18004,946,205
18005,946,1084
18006,946,282
18007,946,399
18008,946,457
18009,946,968
18010,946,238
18011,946,58
18012,946,312
18013,946,943
18014,946,712
18015,946,436
18016,946,297
18017,946,703
18018,946,959
18019,946,1003
18020,946,980
18021,946,862
18022,946,219
18023,946,76
18024,946,752
18025,946,1115
18026,946,658
18027,946,413
18028,946,834
18029,946,247
18030,946,489
18031,946,722
18032,946,931
18033,946,447
18034,946,777
18035,946,79
18036,946,237
18037,946,512
18038,946,733
18039,946,592
18040,946,1107
18041,946,672
18042,946,1102
18043,946,857
18044,946,283
18045,946,963
18046,946,153
18047,946,1058
18048,946,926
18049,946,479
18050,946,754
18051,946,170
18052,946,640
18053,946,263
18054,946,177
18055,946,818
18056,946,1015
18057,946,368
18058,946,1018
18059,946,77
18060,946,83
18061,946,379
18062,946,172
18063,949,305
18064,949,327
18065,949,97
18066,949,404
18067,949,329
18068,949,866
18069,949,775
18070,949,35
18071,949,163
18072,949,313
18073,949,4
18074,949,457
18075,949,42
18076,949,974
18077,949,540
18078,949,356
18079,949,1040
18080,949,187
18081,949,74
18082,949,883
18083,949,262
18084,949,1117
18085,949,478
18086,949,852
18087,949,172
18088,949,1039
18089,949,87
18090,949,936
18091,949,475
18092,949,880
18093,949,755
18094,949,292
18095,949,133
18096,949,963
18097,949,61
18098,949,1051
18099,949,696
18100,949,714
18101,949,365
18102,949,93
18103,949,1086
18104,949,383
18105,949,218
18106,949,427
18107,949,670
18108,949,1041
18109,949,289
18110,949,757
18111,949,358
18112,949,290
18113,949,446
18114,949,46
18115,949,423
18116,949,433
18117,949,521
18118,949,318
18119,949,124
18120,949,252
18121,949,334
18122,949,562
18123,949,1088
18124,949,1015
18125,949,432
18126,949,865
18127,949,627
18128,949,868
18129,949,253
18130,949,472
18131,949,679
18132,949,156
18133,949,682
18134,949,869
18135,949,549
18136,949,162
18137,949,1024
18138,949,1108
18139,949,658
18140,949,667
18141,949,266
18142,949,570
18143,949,276
18144,949,453
18145,949,560
18146,949,915
18147,949,1007
18148,949,877
18149,949,380
18150,949,495
18151,949,780
18152,949,310
18153,949,112
18154,949,878
18155,949,829
18156,949,250
18157,949,598
18158,949,747
18159,949,485
18160,949,617
18161,949,685
18162,949,462
18163,949,451
18164,949,980
18165,949,749
18166,949,751
18167,949,1106
18168,949,669
18169,949,137
18170,949,938
18171,949,26
18172,949,779
18173,949,1062
18174,949,1027
18175,949,447
18176,949,389
18177,949,476
18178,949,421
18179,949,1068
18180,949,79
18181,949,471
18182,949,795
18183,949,336
18184,949,468
18185,949,300
18186,949,796
18187,949,368
18188,949,790
18189,949,100
18190,949,1109
18191,949,591
18192,949,198
18193,949,991
18194,949,770
18195,949,1005
18196,949,127
18197,949,53
18198,949,1104
18199,949,341
18200,949,825
18201,949,192
18202,949,330
18203,949,586
18204,949,191
18205,949,895
18206,949,117
18207,949,619
18208,949,985
18209,949,77
18210,949,6
18211,949,874
18212,949,651
18213,949,1077
18214,949,746
18215,949,715
18216,949,121
18217,949,702
18218,949,428
18219,949,249
18220,949,525
18221,949,754
18222,949,490
18223,949,122
18224,949,842
18225,949,502
18226,949,801
18227,949,1112
18228,949,1107
18229,949,43
18230,949,637
18231,949,1028
18232,949,863
18233,949,773
18234,949,581
18235,949,314
18236,949,1080
18237,949,288
18238,949,445
18239,949,145
18240,949,990
18241,949,111
18242,949,34
18243,949,822
18244,949,1020
18245,949,697
18246,949,750
18247,949,59
18248,949,783
18249,949,379
18250,949,286
18251,949,926
18252,949,440
18253,949,377
18254,949,442
18255,949,677
18256,949,1078
18257,949,867
18258,949,983
18259,949,947
18260,949,194
18261,949,1000
18262,949,467
18263,949,862
18264,949,47
18265,949,1118
18266,949,283
18267,949,725
18268,949,994
18269,949,2
18270,949,306
18271,949,497
18272,949,1090
18273,949,103
18274,949,326
18275,949,412
18276,949,5
18277,949,504
18278,949,507
18279,949,99
18280,949,664
18281,949,208
18282,949,824
18283,949,0
18284,949,892
18285,949,147
18286,949,315
18287,949,724
18288,949,489
18289,949,864
18290,949,961
18291,949,484
18292,949,268
18293,949,210
18294,949,766
18295,949,638
18296,949,275
18297,949,1014
18298,949,459
18299,949,370
18300,949,481
18301,949,410
18302,949,910
18303,949,841
18304,949,183
18305,949,89
18306,949,939
18307,949,176
18308,949,672
18309,949,123
18310,949,1071
18311,949,858
18312,949,950
18313,949,309
18314,949,78
18315,949,405
18316,949,995
18317,949,317
18318,949,1036
18319,949,999
18320,949,1034
18321,949,906
18322,949,390
18323,949,101
18324,949,886
18325,949,712
18326,949,287
18327,949,1044
18328,949,1063
18329,949,720
18330,949,28
18331,949,202
18332,949,85
18333,949,1072
18334,949,1002
18335,949,513
18336,949,719
18337,949,31
18338,949,673
18339,949,745
18340,949,371
18341,949,946
18342,949,200
18343,949,927
18344,949,119
18345,949,181
18346,949,1110
18347,949,174
18348,949,984
18349,949,793
18350,949,498
18351,949,24
18352,949,740
18353,949,730
18354,949,565
18355,949,355
18356,949,616
18357,949,1101
18358,949,662
18359,949,597
18360,949,723
18361,949,924
18362,949,900
18363,949,531
18364,949,397
18365,949,1064
18366,949,1065
18367,949,786
18368,949,153
18369,949,493
18370,949,911
18371,949,1045
18372,949,797
18373,949,350
18374,949,587
18375,949,716
18376,949,588
18377,949,789
18378,949,625
18379,949,372
18380,949,27
18381,949,238
18382,949,612
18383,949,517
18384,949,173
18385,949,297
18386,949,1115
18387,949,177
18388,949,729
18389,949,1018
18390,949,828
18391,949,81
18392,949,342
18393,949,217
18394,949,1003
18395,949,418
18396,949,82
18397,949,254
18398,949,548
18399,949,512
18400,949,494
18401,949,295
18402,949,948
18403,949,460
18404,949,382
18405,949,148
18406,957,333
18407,957,646
18408,957,47
18409,957,171
18410,957,289
18411,957,726
18412,957,611
18413,957,1000
18414,957,438
18415,957,911
18416,957,272
18417,957,24
18418,957,539
18419,957,1074
18420,957,210
18421,957,749
18422,957,105
18423,957,99
18424,957,993
18425,957,292
18426,957,101
18427,957,974
18428,957,669
18429,957,795
18430,957,137
18431,957,85
18432,957,793
18433,957,639
18434,957,955
18435,957,851
18436,957,741
18437,957,1051
18438,957,193
18439,957,26
18440,957,719
18441,957,805
18442,957,199
18443,957,999
18444,957,931
18445,957,109
18446,957,833
18447,957,340
18448,957,998
18449,957,176
18450,957,762
18451,957,578
18452,957,970
18453,957,177
18454,957,836
18455,957,295
18456,957,770
18457,957,1021
18458,957,15
18459,957,722
18460,957,506
18461,957,426
18462,957,92
18463,957,937
18464,957,631
18465,957,254
18466,957,462
18467,957,597
18468,957,34
18469,957,450
18470,957,154
18471,957,1007
18472,957,712
18473,957,862
18474,957,65
18475,957,852
18476,957,504
18477,957,149
18478,957,835
18479,957,869
18480,957,950
18481,957,562
18482,957,1070
18483,957,27
18484,957,1003
18485,957,377
18486,957,906
18487,957,607
18488,957,359
18489,957,342
18490,957,507
18491,957,752
18492,957,173
18493,957,90
18494,957,1026
18495,957,486
18496,957,892
18497,957,288
18498,957,990
18499,957,29
18500,957,274
18501,957,521
18502,957,477
18503,957,661
18504,957,487
18505,957,78
18506,957,813
18507,957,732
18508,957,897
18509,957,248
18510,957,440
18511,957,104
18512,957,3
18513,957,831
18514,957,515
18515,957,246
18516,957,560
18517,957,19
18518,957,856
18519,957,344
18520,957,743
18521,957,828
18522,957,495
18523,957,66
18524,957,761
18525,957,561
18526,957,341
18527,957,643
18528,957,253
18529,957,310
18530,957,224
18531,957,124
18532,957,200
18533,957,35
18534,957,720
18535,957,697
18536,957,1119
18537,957,537
18538,957,374
18539,957,243
18540,957,709
18541,957,296
18542,957,138
18543,957,297
18544,957,1045
18545,957,574
18546,957,992
18547,957,832
18548,957,544
18549,957,1020
18550,957,20
18551,957,276
18552,957,716
18553,957,679
18554,957,594
18555,957,449
18556,957,758
18557,957,542
18558,957,1082
18559,957,1110
18560,957,534
18561,957,42
18562,957,941
18563,957,742
18564,957,417
18565,957,944
18566,957,703
18567,957,512
18568,957,167
18569,957,536
18570,957,56
18571,957,314
18572,957,1099
18573,957,483
18574,957,816
18575,957,411
18576,957,592
18577,957,298
18578,957,1107
18579,957,484
18580,957,434
18581,957,1034
18582,957,995
18583,957,330
18584,957,326
18585,957,1108
18586,957,857
18587,957,848
18588,957,370
18589,957,420
18590,957,281
18591,957,125
18592,957,535
18593,957,186
18594,957,773
18595,957,238
18596,957,939
18597,957,714
18598,957,630
18599,957,575
18600,957,158
18601,957,175
18602,957,878
18603,957,1116
18604,957,721
18605,957,566
18606,957,822
18607,957,160
18608,957,570
18609,957,1102
18610,957,605
18611,957,485
18612,957,372
18613,957,114
18614,957,616
18615,957,784
18616,957,891
18617,957,43
18618,957,442
18619,957,431
18620,957,217
18621,957,1096
18622,957,886
18623,957,864
18624,957,117
18625,957,180
18626,957,899
18627,957,204
18628,957,1078
18629,957,792
18630,957,625
18631,957,666
18632,957,1016
18633,957,706
18634,957,1115
18635,957,285
18636,957,1062
18637,957,818
18638,957,707
18639,957,58
18640,957,268
18641,957,796
18642,957,202
18643,957,984
18644,957,621
18645,957,380
18646,957,789
18647,957,273
18648,957,786
18649,957,587
18650,957,774
18651,957,538
18652,957,403
18653,957,423
18654,957,810
18655,957,218
18656,957,755
18657,957,572
18658,957,670
18659,957,87
18660,957,239
18661,957,11
18662,957,352
18663,957,1032
18664,957,472
18665,957,746
18666,957,1002
18667,957,1008
18668,957,432
18669,957,409
18670,957,350
18671,957,883
18672,957,868
18673,957,1059
18674,957,935
18675,957,1027
18676,957,307
18677,957,308
18678,957,546
18679,957,884
18680,957,513
18681,957,363
18682,957,70
18683,957,610
18684,957,1033
18685,957,416
18686,957,361
18687,957,905
18688,957,490
18689,957,118
18690,957,457
18691,957,1037
18692,957,221
18693,957,127
18694,957,501
18695,957,543
18696,957,780
18697,957,262
18698,957,230
18699,957,25
18700,957,699
18701,957,945
18702,957,554
18703,957,985
18704,957,471
18705,957,858
18706,957,509
18707,957,1077
18708,957,284
18709,957,369
18710,957,437
18711,957,949
18712,957,1058
18713,957,32
18714,957,943
18715,957,740
18716,957,771
18717,957,552
18718,957,750
18719,957,189
18720,957,1118
18721,957,645
18722,957,324
18723,957,596
18724,957,849
18725,957,174
18726,957,603
18727,957,358
18728,957,71
18729,957,194
18730,957,1065
18731,957,715
18732,957,859
18733,957,142
18734,957,979
18735,957,924
18736,957,867
18737,957,840
18738,957,168
18739,957,735
18740,957,834
18741,957,84
18742,957,1073
18743,957,702
18744,957,547
18745,957,46
18746,957,30
18747,957,36
18748,957,59
18749,957,1050
18750,957,860
18751,957,986
18752,957,156
18753,957,713
18754,957,386
18755,957,275
18756,957,183
18757,957,53
18758,957,508
18759,957,17
18760,957,98
18761,957,102
18762,957,126
18763,957,129
18764,957,400
18765,957,451
18766,957,304
18767,957,982
18768,957,908
18769,957,651
18770,957,958
18771,957,232
18772,957,1097
18773,957,265
18774,957,1015
18775,957,785
18776,957,131
18777,957,399
18778,957,433
18779,957,763
18780,957,1092
18781,957,465
18782,957,801
18783,957,213
18784,957,1057
18785,957,250
18786,957,837
18787,957,531
18788,957,934
18789,957,382
18790,957,2
18791,957,77
18792,957,564
18793,957,1030
18794,957,331
18795,957,119
18796,957,368
18797,957,69
18798,957,775
18799,957,187
18800,957,1072
18801,957,725
18802,957,557
18803,957,320
18804,957,1031
18805,957,247
18806,957,729
18807,957,634
18808,957,965
18809,957,978
18810,957,550
18811,957,283
18812,957,759
18813,957,991
18814,957,13
18815,957,86
18816,957,959
18817,957,660
18818,957,157
18819,957,1075
18820,957,256
18821,957,418
18822,957,920
18823,957,148
18824,957,38
18825,957,609
18826,957,760
18827,957,459
18828,957,812
18829,957,573
18830,957,460
18831,957,489
18832,957,111
18833,957,739
18834,957,384
18835,957,863
18836,957,349
18837,957,545
18838,957,548
18839,957,842
18840,957,152
18841,957,928
18842,957,727
18843,957,31
18844,957,967
18845,957,980
18846,957,83
18847,957,282
18848,957,691
18849,957,701
18850,957,306
18851,957,577
18852,957,51
18853,957,76
18854,957,951
18855,957,875
18856,957,1094
18857,957,772
18858,957,873
18859,957,618
18860,957,249
18861,957,913
18862,957,910
18863,957,744
18864,957,814
18865,957,695
18866,1003,734
18867,1003,485
18868,1003,449
18869,1003,374
18870,1003,202
18871,1003,518
18872,1003,845
18873,1003,868
18874,1003,1030
18875,1003,943
18876,1003,419
18877,1003,714
18878,1003,543
18879,1003,581
18880,1003,799
18881,1003,304
18882,1003,513
18883,1003,900
18884,1003,929
18885,1003,356
18886,1003,102
18887,1003,784
18888,1003,215
18889,1003,820
18890,1003,115
18891,1003,236
18892,1003,866
18893,1003,983
18894,1003,963
18895,1003,38
18896,1003,1048
18897,1003,656
18898,1003,572
18899,1003,674
18900,1003,269
18901,1003,5
18902,1003,652
18903,1003,1029
18904,1003,254
18905,1003,877
18906,1003,521
18907,1003,643
18908,1003,754
18909,1003,198
18910,1003,959
18911,1003,967
18912,1003,1116
18913,1003,124
18914,1003,235
18915,1003,863
18916,1003,958
18917,1003,423
18918,1003,101
18919,1003,871
18920,1003,851
18921,1003,34
18922,1003,526
18923,1003,487
18924,1003,273
18925,1003,314
18926,1003,995
18927,1003,454
18928,1003,357
18929,1003,89
18930,1003,340
18931,1003,349
18932,1003,346
18933,1003,571
18934,1003,536
18935,1003,752
18936,1003,664
18937,1003,701
18938,1003,82
18939,1003,933
18940,1003,1000
18941,1003,417
18942,1003,944
18943,1003,207
18944,1003,586
18945,1003,133
18946,1003,608
18947,1003,800
18948,1003,804
18949,1003,1057
18950,1003,975
18951,1003,369
18952,1003,416
18953,1003,578
18954,1003,481
18955,1003,154
18956,1003,573
18957,1003,619
18958,1003,240
18959,1003,849
18960,1003,19
18961,1003,3
18962,1003,297
18963,1003,636
18964,1003,294
18965,1003,169
18966,1003,109
18967,1003,224
18968,1003,425
18969,1003,94
18970,1003,479
18971,1003,646
18972,1003,931
18973,1003,312
18974,1003,1115
18975,1003,1072
18976,1003,324
18977,1003,1083
18978,1003,1089
18979,1003,119
18980,1003,168
18981,1003,998
18982,1003,763
18983,1003,992
18984,1003,237
18985,1003,774
18986,1003,408
18987,1003,1078
18988,1003,239
18989,1003,812
18990,1003,788
18991,1003,1058
18992,1003,862
18993,1003,796
18994,1003,221
18995,1003,561
18996,1003,662
18997,1003,344
18998,1003,217
18999,1003,560
19000,1003,339
19001,1003,1054
19002,1003,21
19003,1003,991
19004,1003,170
19005,1003,171
19006,1003,15
19007,1003,187
19008,1003,375
19009,1003,1073
19010,1003,135
19011,1003,457
19012,1003,329
19013,1003,1090
19014,1003,919
19015,1003,713
19016,1003,276
19017,1003,618
19018,1003,366
19019,1003,327
19020,1003,140
19021,1003,114
19022,1005,1068
19023,1005,187
19024,1005,983
19025,1005,254
19026,1005,726
19027,1005,998
19028,1005,991
19029,1005,416
19030,1005,419
19031,1028,868
19032,1028,951
19033,1028,53
19034,1028,1068
19035,1028,706
19036,1028,300
19037,1028,135
19038,1028,949
19039,1028,416
19040,1028,346
19041,1028,178
19042,1028,856
19043,1028,570
19044,1028,741
19045,1028,855
19046,1028,1020
19047,1028,924
19048,1028,653
19049,1028,374
19050,1028,419
19051,1028,597
19052,1028,961
19053,1028,863
19054,1041,568
19055,1041,311
19056,1041,752
19057,1041,78
19058,1041,540
19059,1041,418
19060,1109,559
19061,1109,590
19062,1109,169
19063,1109,92
19064,1109,762
19065,1109,779
19066,1109,53
19067,1109,20
19068,1109,147
19069,1109,490
19070,1109,820
19071,1109,931
19072,1109,1000
19073,1109,854
19074,1109,395
19075,1109,267
19076,1109,138
19077,1109,777
19078,1109,233
19079,1109,1064
19080,1109,1005
19081,1109,156
19082,1109,720
19083,1109,175
19084,1109,186
19085,1109,74
19086,1109,285
19087,1109,1087
19088,1109,295
19089,1109,549
19090,1109,887
19091,1109,432
19092,1109,895
19093,1109,371
19094,1109,489
19095,1109,870
19096,1109,753
19097,1109,560
19098,1109,913
19099,1109,714
19100,1109,410
19101,1109,344
19102,1109,627
19103,1109,670
19104,1109,434
19105,1109,183
19106,1109,588
19107,1109,834
19108,1109,70
19109,1109,708
19110,1109,729
19111,1109,656
19112,1109,673
19113,1109,801
19114,1109,106
19115,1109,303
19116,1109,839
19117,1109,877
19118,1109,481
19119,1109,442
19120,1109,171
19121,1109,630
19122,1109,331
19123,1109,283
19124,1109,911
19125,1109,844
19126,1109,1057
19127,1109,1013
19128,1109,25
19129,1109,178
19130,1109,35
19131,1109,669
19132,1109,494
19133,1109,1022
19134,1109,2
19135,1109,199
19136,1109,61
19137,1109,878
19138,1109,512
19139,1109,852
19140,1109,271
19141,1109,534
19142,1109,568
19143,1109,544
19144,1109,83
19145,1109,473
19146,1109,197
19147,1109,11
19148,1109,573
19149,1109,740
19150,1109,862
19151,1109,816
19152,1109,621
19153,1109,296
19154,1109,886
19155,1109,59
19156,1109,1052
19157,1109,46
19158,1109,217
19159,1109,220
19160,1109,200
19161,1109,358
19162,1109,29
19163,1109,177
19164,1109,807
19165,1109,447
19166,1109,475
19167,1109,963
19168,1109,1082
19169,1109,899
19170,1109,759
19171,1109,1055
19172,1109,102
19173,1109,356
19174,1109,369
19175,1109,246
19176,1109,329
19177,1109,38
19178,1109,1065
19179,1109,317
19180,1118,446
19181,1118,841
19182,1118,334
19183,1118,648
19184,1118,419
19185,1118,50
19186,1118,173
19187,1118,235
19188,1118,607
19189,1118,745
19190,1118,448
19191,1118,270
19192,1118,551
19193,1118,228
19194,1118,352
19195,1118,403
19196,1118,481
19197,1118,738
19198,1118,660
19199,1118,399
19200,1118,363
19201,1118,297
19202,1118,286
19203,1118,1039
19204,1118,30
19205,1118,315
19206,1118,978
19207,1118,328
19208,1118,677
19209,1118,1086
19210,1118,716
19211,1118,790
19212,1118,603
19213,1118,726
19214,1118,1034
19215,1118,504
19216,1118,222
19217,1118,380
19218,1118,405
19219,1118,732
19220,1118,366
19221,1118,971
19222,1118,1094
19223,1118,437
19224,1118,1047
19225,1118,500
19226,1118,941
19227,1118,918
19228,1118,883
19229,1118,921
19230,1118,927
19231,1118,635
19232,1118,913
19233,1118,1037
19234,1118,1022
19235,1118,10
19236,1118,1031
19237,1118,1064
19238,1118,152
19239,1118,162
19240,1118,55
19241,1118,657
19242,1118,702
19243,1118,638
19244,1118,829
19245,1118,157
19246,1118,94
19247,1118,192
19248,1118,936
19249,1118,842
19250,1118,849
19251,1118,581
19252,1118,706
19253,1118,1067
19254,1118,217
19255,1118,346
19256,1118,845
19257,1118,908
19258,1118,26
19259,1118,629
19260,1118,117
19261,1118,454
19262,1118,402
19263,1118,386
19264,1118,788
19265,1118,668
19266,1118,322
19267,1118,546
19268,1118,579
19269,1118,888
19270,1118,461
19271,1118,624
19272,1118,591
19273,1118,298
19274,1118,207
19275,1118,40
19276,1118,965
19277,1118,963
19278,1118,307
19279,1118,592
19280,1118,237
19281,1118,1
19282,1118,571
19283,1118,909
19284,1118,3
19285,1118,817
19286,1118,80
19287,1118,316
19288,1118,495
19289,1118,771
19290,1118,852
19291,1118,333
19292,1118,289
19293,1118,374
19294,1118,129
19295,1118,670
19296,1118,609
19297,1118,553
19298,1118,605
19299,1118,29
19300,1118,955
19301,1118,931
19302,1118,1030
19303,1118,825
19304,1118,191
19305,1118,111
19306,1118,1092
19307,1118,746
19308,1118,280
19309,1118,156
19310,1118,169
19311,1118,32
19312,1118,1019
19313,1118,266
19314,1118,669
19315,1118,721
19316,1118,146
19317,1118,896
19318,1118,537
19319,1118,770
19320,1118,1060
19321,1118,86
19322,1118,951
19323,1118,536
19324,1118,432
19325,1118,306
19326,1118,46
19327,1118,989
19328,1118,956
19329,1118,957
19330,1118,1013
19331,1118,91
19332,1118,310
19333,1118,320
19334,1118,974
19335,1118,101
19336,1118,1089
19337,1118,311
19338,1118,856
19339,1118,35
19340,1118,699
19341,1118,344
19342,1118,99
19343,1118,135
19344,1118,512
19345,1118,801
19346,1118,83
19347,1118,1090
19348,1118,90
19349,1118,147
19350,1118,863
19351,1118,897
19352,1118,281
19353,1118,248
19354,1118,597
19355,1118,435
19356,1118,230
19357,1118,666
19358,1118,858
19359,1118,457
19360,1118,219
19361,1118,2
19362,1118,759
19363,1118,1052
19364,1118,640
19365,1118,475
19366,1118,452
19367,1118,523
19368,1118,698
19369,1118,711
19370,1118,979
19371,1118,661
19372,1118,688
19373,1118,694
19374,1118,548
19375,1118,215
19376,1118,93
19377,1118,671
19378,1118,1096
19379,1118,545
19380,1118,1076
19381,1118,365
19382,1118,1105
19383,1118,731
19384,1118,213
19385,1118,792
19386,1118,744
19387,1118,534
19388,1118,441
19389,1118,627
19390,1118,78
19391,1118,1112
19392,1118,87
19393,1118,818
19394,1118,765
19395,1118,507
19396,1118,780
19397,1118,719
19398,1118,69
19399,1118,762
19400,1118,329
19401,1118,1075
19402,1118,140
19403,1118,145
19404,1118,1102
19405,1118,781
19406,1118,436
19407,1118,60
19408,1118,751
19409,1118,712
19410,1118,593
19411,1118,476
19412,1118,1108
19413,1118,459
19414,1118,1046
19415,1118,63
19416,1118,1101
19417,1118,170
19418,1118,488
19419,1118,584
19420,1118,1033
19421,1118,411
19422,1118,1088
19423,1118,263
19424,1118,995
19425,1118,992
19426,1118,424
19427,1118,709
19428,1118,255
19429,1118,1026
19430,1118,1111
19431,1118,855
19432,1118,247
19433,1118,851
19434,1118,906
19435,1118,212
19436,1118,158
19437,1118,895
19438,1118,760
19439,1118,1021
19440,1118,288
19441,1118,636
19442,1118,1005
19443,1118,1063
19444,1118,271
19445,1118,1066
19446,1118,127
19447,1118,1072
19448,1118,948
19449,1118,1082
19450,1118,73
19451,1118,431
19452,1118,1001
19453,1118,186
19454,1118,544
19455,1118,1044
19456,1118,608
19457,1118,1080
19458,1118,1027
19459,1118,478
19460,1118,715
19461,1118,369
19462,1118,124
19463,1118,950
19464,1118,24
19465,1118,1041
19466,1118,814
19467,1118,543
19468,1118,104
19469,1118,542
19470,1118,220
19471,1118,779
19472,1118,993
19473,1118,246
19474,1118,799
19475,1118,723
19476,1118,118
19477,1118,947
19478,1118,601
19479,1118,239
19480,1118,800
19481,1118,272
19482,1118,656
19483,1118,210
19484,1118,232
19485,1118,1065
19486,1118,433
19487,1118,839
19488,1118,114
19489,1118,493
19490,1118,740
19491,1118,330
19492,1118,576
19493,1118,253
19494,1118,696
19495,1118,265
19496,1118,837
19497,1118,617
19498,1118,526
19499,1118,848
19500,1118,387
19501,1118,377
19502,1118,4
19503,1118,410
19504,1118,13
19505,1118,930
19506,1118,684
19507,1118,105
19508,1118,1107
19509,1118,549
19510,1118,98
19511,1118,853
19512,1118,521
19513,1118,282
19514,1118,1050
19515,1118,730
19516,1118,442
19517,1118,125
19518,1118,939
19519,1118,578
19520,1118,470
19521,1118,233
19522,1118,783
19523,1118,652
19524,1118,15
19525,1118,866
19526,1118,34
19527,1118,122
19528,1118,805
19529,1118,1040
19530,1118,720
19531,1118,983
19532,1118,681
19533,1118,283
19534,1118,750
19535,1118,74
19536,1118,736
19537,1118,440
19538,1118,325
19539,1118,833
19540,1118,336
19541,1118,199
19542,1118,41
19543,1118,165
19544,1118,36
19545,1118,938
19546,1118,1116
19547,1118,674
19548,1118,623
19549,1118,347
19550,1118,1003
19551,1118,290
19552,1118,462
19553,1118,690
19554,1118,708
19555,1118,358
19556,1118,413
19557,1118,967
19558,1118,645
19559,1118,143
19560,1118,610
19561,1118,1004
19562,1118,31
19563,1118,6
19564,1118,240
19565,1118,844
19566,1118,110
19567,1118,5
19568,1118,119
19569,1118,975
19570,1118,630
19571,1118,787
19572,1118,865
19573,1118,836
19574,1118,486
19575,1118,612
19576,1118,381
19577,1118,631
19578,1118,758
19579,1118,483
19580,1118,663
19581,1118,644
19582,1118,45
19583,1118,205
19584,1118,560
19585,1118,42
19586,1118,659
19587,1118,1024
19588,1118,924
19589,1118,533
19590,1118,88
19591,1118,120
19592,1118,131
19593,1118,382
19594,1118,1017
19595,1118,92
19596,1118,854
19597,1118,1036
19598,1118,568
19599,1118,561
19600,1118,0
19601,1118,769
19602,1118,727
19603,1118,324
19604,1118,149
19605,1118,70
19606,1118,1115
19607,1118,59
19608,1118,22
19609,1118,1078
19610,1118,875
19611,1118,231
19612,1118,188
19613,1118,89
19614,1118,1042
19615,1118,429
19616,1118,869
19617,1118,82
19618,1118,412
19619,1118,743
19620,1118,496
19621,1118,326
19622,1118,17
19623,1118,198
19624,1118,416
19625,1118,639
19626,1118,491
19627,1118,1068
19628,1118,809
19629,1118,115
19630,1118,511
19631,1118,722
19632,1118,893
19633,1118,305
19634,1118,797
19635,1118,85
19636,1118,777
19637,1118,397
19638,1118,748
19639,1118,1110
19640,1118,682
19641,1118,737
19642,1118,197
19643,1118,735
19644,1118,341
19645,1118,208
19646,1118,922
19647,1118,102
19648,1118,1106
19649,1118,57
19650,1118,276
19651,1118,43
19652,1118,132
19653,1118,510
19654,1118,1074
19655,1118,423
19656,1118,409
19657,1118,425
19658,1118,572
19659,1118,81
19660,1118,395
19661,1118,294
19662,1118,354
19663,1118,994
19664,1118,749
19665,1118,25
19666,1118,969
19667,1118,550
19668,1118,275
19669,1118,647
19670,1118,1071
19671,1118,672
19672,1118,756
19673,1118,1048
19674,1118,752
19675,1118,580
19676,1118,467
19677,1118,520
19678,1118,1077
19679,1118,516
19680,1118,1008
19681,1118,562
19682,1118,477
19683,1118,622
19684,1118,61
19685,1118,598
19686,1118,250
19687,1118,23
19688,1118,67
19689,1118,691
19690,1118,811
19691,1118,535
19692,1118,774
19693,1118,133
19694,1118,19
19695,1118,189
19696,1118,981
19697,1118,915
19698,1118,864
19699,1118,368
19700,1118,986
19701,1118,961
19702,1118,816
19703,1118,178
19704,1118,138
19705,1118,392
19706,1118,1020
19707,1118,1015
19708,1118,1057
19709,1118,71
19710,1118,718
19711,1118,318
19712,1118,653
19713,1118,379
19714,1118,540
19715,1118,252
19716,1118,901
19717,1118,725
19718,1118,154
19719,1118,874
19720,1118,303
19721,1118,703
19722,1118,662
19723,1118,451
19724,1118,766
19725,1118,269
19726,1118,350
19727,1118,1051
19728,1118,175
19729,1118,285
19730,1118,937
19731,1118,389
19732,1118,390
19733,1118,388
19734,1118,28
19735,1118,153
19736,1118,826
19737,1118,174
19738,1118,421
19739,1118,916
19740,1118,767
19741,1118,784
19742,1118,871
19743,1118,1000
19744,1118,905
19745,1118,658
19746,1118,912
19747,1118,1079
19748,1118,1045
19749,1118,453
19750,1118,952
19751,1118,1007
19752,1118,38
19753,1118,100
19754,1118,616
19755,1118,517
19756,1118,84
19757,1118,177
19758,1118,828
19759,1118,619
19760,1118,566
19761,1118,982
19762,1118,268
19763,1118,1011
19764,1118,21
19765,1118,633
19766,1118,75
19767,1118,996
19768,1118,79
19769,1118,168
19770,1118,342
19771,1118,810
19772,1118,773
19773,1118,586
19774,1118,1109
19775,1118,621
19776,1118,820
19777,1118,193
19778,1118,747
19779,1118,490
19780,1118,161
19781,1118,96
19782,1118,932
19783,1118,997
19784,1118,126
19785,1118,261
19786,1118,753
19787,1118,886
19788,1118,1119
19789,1118,66
19790,1118,763
19791,1118,919
19792,1118,867
19793,1118,642
19794,1118,796
19795,1118,200
19796,1118,757
19797,1118,447
19798,1118,625
19799,1118,900
19800,1118,8
19801,1118,802
19802,1118,414
19803,1118,489
19804,1118,56
