,TF,Target,Label
0,0,615,1
1,0,478,1
2,0,1259,1
3,0,192,1
4,0,678,1
5,0,1071,1
6,0,1152,1
7,0,1205,1
8,0,427,1
9,0,697,1
10,0,280,1
11,0,164,1
12,0,52,1
13,0,1019,1
14,0,1049,1
15,0,916,1
16,0,812,1
17,0,9,1
18,0,87,1
19,0,250,1
20,0,639,1
21,0,217,1
22,0,599,1
23,0,483,1
24,0,712,1
25,0,224,1
26,0,1194,1
27,0,1301,1
28,0,1112,1
29,0,389,1
30,0,559,1
31,0,657,1
32,0,878,1
33,0,853,1
34,0,823,1
35,0,43,1
36,0,1312,1
37,0,568,1
38,0,1141,1
39,0,837,1
40,0,123,1
41,0,50,1
42,0,780,1
43,0,1164,1
44,0,216,1
45,0,406,1
46,0,1192,1
47,0,795,1
48,0,978,1
49,0,904,1
50,0,1106,1
51,0,505,1
52,0,22,1
53,0,182,1
54,0,1111,1
55,0,125,1
56,0,1093,1
57,0,659,1
58,0,1203,1
59,0,302,1
60,0,154,1
61,0,71,1
62,0,972,1
63,0,565,1
64,0,278,1
65,0,518,1
66,0,1128,1
67,0,337,1
68,0,1251,1
69,0,990,1
70,0,567,1
71,0,408,1
72,0,35,1
73,0,469,1
74,0,931,1
75,0,126,1
76,0,332,1
77,0,1096,1
78,0,927,1
79,0,587,1
80,0,286,1
81,0,133,1
82,0,419,1
83,0,191,1
84,0,499,1
85,0,158,1
86,0,21,1
87,0,226,1
88,0,619,1
89,165,32,1
90,165,1248,1
91,213,847,1
92,213,1088,1
93,278,1125,1
94,278,925,1
95,278,268,1
96,278,1089,1
97,278,1205,1
98,278,85,1
99,278,1153,1
100,278,113,1
101,278,1236,1
102,278,454,1
103,278,1299,1
104,278,980,1
105,278,831,1
106,278,713,1
107,278,978,1
108,278,368,1
109,278,112,1
110,278,668,1
111,278,57,1
112,278,1222,1
113,278,1051,1
114,278,340,1
115,278,235,1
116,278,9,1
117,278,1203,1
118,278,599,1
119,278,761,1
120,278,646,1
121,278,446,1
122,278,190,1
123,278,687,1
124,278,1082,1
125,278,1243,1
126,278,161,1
127,278,126,1
128,278,902,1
129,278,576,1
130,278,618,1
131,278,7,1
132,278,58,1
133,278,691,1
134,278,408,1
135,278,451,1
136,278,444,1
137,278,208,1
138,278,185,1
139,278,0,1
140,278,854,1
141,278,960,1
142,278,106,1
143,278,399,1
144,278,1110,1
145,278,542,1
146,278,140,1
147,278,836,1
148,278,956,1
149,278,1116,1
150,278,1021,1
151,278,638,1
152,278,141,1
153,278,264,1
154,278,189,1
155,278,1283,1
156,278,895,1
157,278,147,1
158,278,1098,1
159,278,727,1
160,278,98,1
161,332,681,1
162,332,898,1
163,332,1249,1
164,332,1228,1
165,332,43,1
166,332,869,1
167,332,369,1
168,332,580,1
169,332,365,1
170,332,564,1
171,332,461,1
172,332,282,1
173,332,621,1
174,332,1136,1
175,332,1189,1
176,332,890,1
177,332,126,1
178,332,19,1
179,332,972,1
180,332,773,1
181,332,894,1
182,332,797,1
183,332,359,1
184,332,549,1
185,332,1015,1
186,332,714,1
187,332,691,1
188,332,1010,1
189,332,1299,1
190,332,717,1
191,332,1226,1
192,332,857,1
193,332,1104,1
194,332,933,1
195,332,1163,1
196,332,535,1
197,332,794,1
198,332,844,1
199,332,829,1
200,332,49,1
201,332,1020,1
202,332,795,1
203,332,1044,1
204,332,15,1
205,332,870,1
206,332,127,1
207,332,599,1
208,332,1170,1
209,332,213,1
210,332,1014,1
211,332,1261,1
212,332,190,1
213,332,1239,1
214,332,709,1
215,332,780,1
216,332,66,1
217,332,1135,1
218,332,873,1
219,332,847,1
220,332,1103,1
221,332,1127,1
222,332,1022,1
223,332,373,1
224,332,973,1
225,332,1122,1
226,332,1054,1
227,332,768,1
228,332,1282,1
229,332,196,1
230,332,702,1
231,332,1111,1
232,332,0,1
233,332,843,1
234,332,767,1
235,332,846,1
236,332,24,1
237,332,1285,1
238,332,4,1
239,332,317,1
240,332,1242,1
241,332,971,1
242,332,181,1
243,332,1062,1
244,332,1017,1
245,332,483,1
246,332,27,1
247,332,505,1
248,332,337,1
249,332,1056,1
250,332,140,1
251,332,276,1
252,332,352,1
253,332,183,1
254,332,662,1
255,332,719,1
256,332,579,1
257,332,1108,1
258,332,444,1
259,332,636,1
260,332,283,1
261,332,533,1
262,332,812,1
263,332,508,1
264,332,227,1
265,332,722,1
266,332,522,1
267,332,980,1
268,332,261,1
269,332,730,1
270,332,1043,1
271,332,398,1
272,332,268,1
273,332,1216,1
274,332,67,1
275,332,1294,1
276,332,1222,1
277,332,1096,1
278,332,154,1
279,332,1110,1
280,332,1115,1
281,332,815,1
282,332,766,1
283,332,553,1
284,332,179,1
285,332,761,1
286,332,684,1
287,332,999,1
288,332,945,1
289,332,585,1
290,469,834,1
291,469,1299,1
292,469,1234,1
293,469,711,1
294,469,1089,1
295,469,171,1
296,469,1208,1
297,469,909,1
298,469,1125,1
299,469,1243,1
300,469,278,1
301,469,564,1
302,469,314,1
303,469,50,1
304,469,525,1
305,469,904,1
306,469,895,1
307,469,1264,1
308,469,633,1
309,469,99,1
310,469,755,1
311,469,505,1
312,469,890,1
313,469,656,1
314,469,27,1
315,469,1003,1
316,469,780,1
317,469,641,1
318,469,1111,1
319,469,879,1
320,469,574,1
321,469,320,1
322,469,522,1
323,469,621,1
324,469,1205,1
325,469,1242,1
326,469,1249,1
327,469,826,1
328,469,1015,1
329,469,871,1
330,470,315,1
331,470,478,1
332,470,493,1
333,470,1298,1
334,470,1218,1
335,470,587,1
336,470,557,1
337,470,166,1
338,470,262,1
339,470,1272,1
340,470,116,1
341,470,1015,1
342,470,289,1
343,470,1154,1
344,470,389,1
345,470,1257,1
346,470,1089,1
347,470,156,1
348,470,508,1
349,470,1085,1
350,470,311,1
351,470,973,1
352,470,747,1
353,470,549,1
354,470,686,1
355,470,121,1
356,470,766,1
357,470,928,1
358,470,495,1
359,470,1051,1
360,470,897,1
361,498,320,1
362,498,27,1
363,498,387,1
364,498,538,1
365,498,1038,1
366,498,611,1
367,498,1114,1
368,677,1294,1
369,677,1299,1
370,677,138,1
371,677,102,1
372,677,1036,1
373,677,1185,1
374,677,980,1
375,677,1208,1
376,677,1249,1
377,677,451,1
378,677,336,1
379,677,846,1
380,677,1030,1
381,677,208,1
382,677,933,1
383,677,954,1
384,677,181,1
385,677,85,1
386,677,1010,1
387,677,664,1
388,677,1229,1
389,677,1189,1
390,677,1248,1
391,677,780,1
392,677,567,1
393,677,126,1
394,677,674,1
395,677,873,1
396,677,1,1
397,677,712,1
398,677,359,1
399,677,52,1
400,677,871,1
401,677,43,1
402,677,57,1
403,677,870,1
404,677,618,1
405,677,283,1
406,677,782,1
407,677,555,1
408,677,1037,1
409,677,909,1
410,677,883,1
411,677,665,1
412,677,597,1
413,677,919,1
414,677,1168,1
415,677,515,1
416,677,935,1
417,677,508,1
418,677,27,1
419,677,907,1
420,677,1111,1
421,677,820,1
422,677,695,1
423,677,299,1
424,677,1274,1
425,677,62,1
426,677,656,1
427,677,154,1
428,677,377,1
429,710,1223,1
430,710,1277,1
431,710,1291,1
432,748,320,1
433,766,918,1
434,766,342,1
435,766,790,1
436,766,208,1
437,766,907,1
438,766,1213,1
439,766,1010,1
440,766,940,1
441,801,989,1
442,801,1201,1
443,801,216,1
444,801,436,1
445,801,93,1
446,801,528,1
447,801,74,1
448,801,104,1
449,801,381,1
450,801,788,1
451,801,798,1
452,801,1015,1
453,801,1216,1
454,801,496,1
455,801,484,1
456,801,627,1
457,801,334,1
458,801,1159,1
459,801,845,1
460,801,868,1
461,801,277,1
462,801,353,1
463,801,1289,1
464,801,722,1
465,801,470,1
466,801,86,1
467,801,609,1
468,801,1248,1
469,801,281,1
470,801,1043,1
471,801,79,1
472,801,1318,1
473,801,416,1
474,801,1187,1
475,801,1179,1
476,801,1316,1
477,801,877,1
478,801,91,1
479,801,325,1
480,801,1293,1
481,801,73,1
482,801,34,1
483,801,1219,1
484,801,644,1
485,801,575,1
486,801,928,1
487,801,98,1
488,801,493,1
489,801,520,1
490,801,444,1
491,801,1091,1
492,801,572,1
493,801,1016,1
494,801,1005,1
495,801,954,1
496,801,968,1
497,801,517,1
498,801,165,1
499,801,54,1
500,801,305,1
501,801,956,1
502,801,519,1
503,801,205,1
504,801,1132,1
505,801,1107,1
506,801,437,1
507,801,163,1
508,801,714,1
509,801,170,1
510,801,339,1
511,801,257,1
512,801,1032,1
513,801,619,1
514,801,740,1
515,801,620,1
516,801,1057,1
517,801,771,1
518,801,335,1
519,801,51,1
520,801,1264,1
521,801,1229,1
522,801,235,1
523,801,1151,1
524,801,883,1
525,801,754,1
526,801,591,1
527,801,874,1
528,801,323,1
529,801,750,1
530,801,1041,1
531,801,387,1
532,801,501,1
533,801,1040,1
534,801,1200,1
535,801,415,1
536,801,191,1
537,801,526,1
538,801,209,1
539,801,1062,1
540,801,131,1
541,801,589,1
542,801,47,1
543,801,481,1
544,801,64,1
545,801,58,1
546,801,770,1
547,801,927,1
548,801,119,1
549,801,38,1
550,801,282,1
551,801,27,1
552,801,1060,1
553,801,1024,1
554,801,1186,1
555,801,36,1
556,801,1002,1
557,801,703,1
558,801,748,1
559,801,303,1
560,801,271,1
561,826,1037,1
562,850,731,1
563,879,633,1
564,879,1196,1
565,879,895,1
566,879,1033,1
567,879,1010,1
568,879,707,1
569,879,613,1
570,879,126,1
571,879,6,1
572,879,1098,1
573,879,518,1
574,879,1125,1
575,879,826,1
576,879,7,1
577,879,249,1
578,879,280,1
579,879,26,1
580,879,675,1
581,879,336,1
582,879,200,1
583,879,92,1
584,879,432,1
585,879,1215,1
586,879,196,1
587,879,296,1
588,879,955,1
589,879,980,1
590,879,933,1
591,879,516,1
592,879,1066,1
593,879,831,1
594,879,503,1
595,879,165,1
596,879,833,1
597,879,1242,1
598,879,1099,1
599,879,798,1
600,879,1248,1
601,879,449,1
602,879,1139,1
603,879,1290,1
604,879,9,1
605,879,442,1
606,879,181,1
607,879,1055,1
608,879,854,1
609,879,1250,1
610,879,686,1
611,879,1258,1
612,879,1063,1
613,879,812,1
614,879,545,1
615,879,1249,1
616,879,320,1
617,879,597,1
618,879,687,1
619,879,1121,1
620,879,575,1
621,879,451,1
622,879,68,1
623,879,549,1
624,879,795,1
625,879,863,1
626,879,967,1
627,879,954,1
628,879,562,1
629,879,1137,1
630,879,793,1
631,879,164,1
632,879,1225,1
633,879,322,1
634,879,1285,1
635,879,1096,1
636,879,641,1
637,879,1112,1
638,880,540,1
639,880,714,1
640,1017,575,1
641,1017,1154,1
642,1017,545,1
643,1017,469,1
644,1017,253,1
645,1017,1110,1
646,1017,15,1
647,1017,196,1
648,1017,27,1
649,1017,928,1
650,1017,1264,1
651,1017,783,1
652,1017,337,1
653,1017,498,1
654,1017,1037,1
655,1017,102,1
656,1017,846,1
657,1017,1009,1
658,1017,26,1
659,1017,685,1
660,1017,554,1
661,1017,263,1
662,1017,451,1
663,1017,505,1
664,1017,283,1
665,1017,336,1
666,1017,910,1
667,1017,151,1
668,1017,424,1
669,1017,1090,1
670,1017,92,1
671,1017,967,1
672,1017,343,1
673,1017,1242,1
674,1017,674,1
675,1017,812,1
676,1017,791,1
677,1017,126,1
678,1017,1145,1
679,1017,641,1
680,1017,772,1
681,1017,406,1
682,1017,526,1
683,1017,1294,1
684,1017,870,1
685,1017,518,1
686,1017,200,1
687,1017,138,1
688,1017,950,1
689,1017,798,1
690,1017,1111,1
691,1017,600,1
692,1017,564,1
693,1017,476,1
694,1017,165,1
695,1017,691,1
696,1017,365,1
697,1017,72,1
698,1017,711,1
699,1017,1243,1
700,1017,1215,1
701,1017,831,1
702,1017,1249,1
703,1017,667,1
704,1017,1150,1
705,1017,1121,1
706,1017,280,1
707,1017,50,1
708,1017,1218,1
709,1017,1234,1
710,1017,1139,1
711,1017,793,1
712,1017,829,1
713,1017,1142,1
714,1077,1185,1
715,1077,583,1
716,1077,1220,1
717,1174,1289,1
718,1174,349,1
719,1174,822,1
720,1174,364,1
721,1174,813,1
722,1174,437,1
723,1174,314,1
724,1174,196,1
725,1174,387,1
726,1174,996,1
727,1174,156,1
728,1174,1259,1
729,1174,62,1
730,1174,790,1
731,1174,687,1
732,1174,778,1
733,1174,306,1
734,1174,508,1
735,1174,530,1
736,1174,166,1
737,1174,538,1
738,1174,361,1
739,1174,1316,1
740,1174,787,1
741,1174,1109,1
742,1174,1114,1
743,1174,415,1
744,1174,148,1
745,1174,639,1
746,1174,311,1
747,1174,1277,1
748,1174,733,1
749,1174,636,1
750,1174,830,1
751,1174,602,1
752,1174,169,1
753,1174,1217,1
754,1174,850,1
755,1174,553,1
756,1174,160,1
757,1174,473,1
758,1174,485,1
759,1174,382,1
760,1174,24,1
761,1174,216,1
762,1174,1135,1
763,1174,1091,1
764,1174,27,1
765,1174,1007,1
766,1174,490,1
767,1174,1307,1
768,1174,423,1
769,1174,621,1
770,1174,1293,1
771,1174,513,1
772,1174,671,1
773,1174,1094,1
774,1174,438,1
775,1174,325,1
776,1174,1106,1
777,1174,984,1
778,1174,81,1
779,1174,256,1
780,1174,1268,1
781,1174,287,1
782,1174,877,1
783,1174,7,1
784,1174,195,1
785,1174,714,1
786,1174,728,1
787,1174,66,1
788,1174,859,1
789,1174,1016,1
790,1174,644,1
791,1174,250,1
792,0,428,0
793,0,550,0
794,0,1091,0
795,0,256,0
796,0,1276,0
797,0,1026,0
798,0,533,0
799,0,507,0
800,0,522,0
801,0,875,0
802,0,277,0
803,0,422,0
804,0,607,0
805,0,963,0
806,0,475,0
807,0,864,0
808,0,1095,0
809,0,1257,0
810,0,998,0
811,0,1199,0
812,0,1011,0
813,0,1129,0
814,0,647,0
815,0,928,0
816,0,1146,0
817,0,1308,0
818,0,503,0
819,0,205,0
820,0,541,0
821,0,147,0
822,0,141,0
823,0,97,0
824,0,498,0
825,0,65,0
826,0,1149,0
827,0,16,0
828,0,420,0
829,0,967,0
830,0,26,0
831,0,502,0
832,0,921,0
833,0,1186,0
834,0,95,0
835,0,384,0
836,0,816,0
837,0,1227,0
838,0,551,0
839,0,1197,0
840,0,828,0
841,0,732,0
842,0,538,0
843,0,1290,0
844,0,19,0
845,0,298,0
846,0,1068,0
847,0,270,0
848,0,1150,0
849,0,500,0
850,0,319,0
851,0,186,0
852,0,252,0
853,0,986,0
854,0,177,0
855,0,479,0
856,0,112,0
857,0,142,0
858,0,740,0
859,0,42,0
860,0,718,0
861,0,591,0
862,0,274,0
863,0,939,0
864,0,1311,0
865,0,900,0
866,0,1196,0
867,0,813,0
868,0,956,0
869,0,395,0
870,0,1300,0
871,0,849,0
872,0,1248,0
873,0,826,0
874,0,291,0
875,0,329,0
876,0,1273,0
877,0,333,0
878,0,213,0
879,0,558,0
880,0,667,0
881,0,1108,0
882,0,846,0
883,0,299,0
884,0,759,0
885,0,908,0
886,0,924,0
887,0,983,0
888,0,14,0
889,0,877,0
890,0,588,0
891,0,1151,0
892,0,1254,0
893,0,646,0
894,0,770,0
895,0,387,0
896,0,1317,0
897,0,1314,0
898,0,1056,0
899,0,156,0
900,0,467,0
901,0,711,0
902,0,465,0
903,0,519,0
904,0,473,0
905,0,12,0
906,0,212,0
907,0,1226,0
908,0,359,0
909,0,537,0
910,0,506,0
911,0,994,0
912,0,1233,0
913,0,172,0
914,0,1105,0
915,0,1212,0
916,0,178,0
917,0,399,0
918,0,889,0
919,0,594,0
920,0,184,0
921,0,789,0
922,0,1208,0
923,0,114,0
924,0,248,0
925,0,705,0
926,0,1024,0
927,0,153,0
928,0,674,0
929,0,539,0
930,0,1295,0
931,0,695,0
932,0,417,0
933,0,896,0
934,0,847,0
935,0,735,0
936,0,608,0
937,0,729,0
938,0,139,0
939,0,779,0
940,0,166,0
941,0,1224,0
942,0,596,0
943,0,633,0
944,0,694,0
945,0,1086,0
946,0,906,0
947,0,55,0
948,0,318,0
949,0,38,0
950,0,242,0
951,0,774,0
952,0,134,0
953,0,1094,0
954,0,534,0
955,0,255,0
956,0,1134,0
957,0,1136,0
958,0,1272,0
959,0,938,0
960,0,390,0
961,0,919,0
962,0,666,0
963,0,183,0
964,0,293,0
965,0,328,0
966,0,110,0
967,0,860,0
968,0,1040,0
969,0,582,0
970,0,49,0
971,0,692,0
972,0,709,0
973,0,246,0
974,0,334,0
975,0,778,0
976,0,117,0
977,0,1234,0
978,0,1038,0
979,0,345,0
980,0,1316,0
981,0,652,0
982,0,457,0
983,0,570,0
984,0,57,0
985,0,632,0
986,0,275,0
987,0,448,0
988,0,1075,0
989,0,768,0
990,0,1309,0
991,0,1027,0
992,0,996,0
993,0,1048,0
994,0,1219,0
995,0,1084,0
996,0,1012,0
997,0,1288,0
998,0,738,0
999,0,981,0
1000,0,643,0
1001,0,741,0
1002,0,456,0
1003,0,1004,0
1004,0,751,0
1005,0,196,0
1006,0,970,0
1007,0,1209,0
1008,0,421,0
1009,0,793,0
1010,0,1229,0
1011,0,739,0
1012,0,132,0
1013,0,175,0
1014,0,441,0
1015,0,369,0
1016,0,122,0
1017,0,230,0
1018,0,1239,0
1019,0,947,0
1020,0,987,0
1021,0,452,0
1022,0,625,0
1023,0,544,0
1024,0,470,0
1025,0,749,0
1026,0,949,0
1027,0,1278,0
1028,0,492,0
1029,0,1085,0
1030,0,1177,0
1031,0,879,0
1032,0,686,0
1033,0,489,0
1034,0,1245,0
1035,0,72,0
1036,0,1297,0
1037,0,461,0
1038,0,1090,0
1039,0,1081,0
1040,0,445,0
1041,0,352,0
1042,0,1034,0
1043,0,573,0
1044,0,145,0
1045,0,423,0
1046,0,1269,0
1047,0,556,0
1048,0,597,0
1049,0,260,0
1050,0,861,0
1051,0,890,0
1052,0,669,0
1053,0,437,0
1054,0,868,0
1055,0,745,0
1056,0,672,0
1057,0,765,0
1058,0,1035,0
1059,0,602,0
1060,0,1066,0
1061,0,432,0
1062,0,1174,0
1063,0,644,0
1064,0,871,0
1065,0,1053,0
1066,0,973,0
1067,0,572,0
1068,0,268,0
1069,0,725,0
1070,0,378,0
1071,0,1118,0
1072,0,272,0
1073,0,144,0
1074,0,1072,0
1075,0,429,0
1076,0,992,0
1077,0,109,0
1078,0,219,0
1079,0,233,0
1080,0,757,0
1081,0,151,0
1082,0,193,0
1083,0,96,0
1084,0,641,0
1085,0,1059,0
1086,0,106,0
1087,0,624,0
1088,0,1033,0
1089,0,691,0
1090,0,173,0
1091,0,536,0
1092,0,33,0
1093,0,1178,0
1094,0,865,0
1095,0,1230,0
1096,0,1313,0
1097,0,523,0
1098,0,746,0
1099,0,10,0
1100,0,267,0
1101,0,941,0
1102,0,227,0
1103,0,1079,0
1104,0,368,0
1105,0,703,0
1106,0,926,0
1107,0,140,0
1108,0,915,0
1109,0,648,0
1110,0,410,0
1111,0,436,0
1112,0,1078,0
1113,0,844,0
1114,0,1138,0
1115,0,1064,0
1116,0,862,0
1117,0,426,0
1118,0,1287,0
1119,0,91,0
1120,0,630,0
1121,0,775,0
1122,0,115,0
1123,0,4,0
1124,0,482,0
1125,0,424,0
1126,0,1142,0
1127,0,1320,0
1128,0,103,0
1129,0,58,0
1130,0,1043,0
1131,0,1025,0
1132,0,1168,0
1133,0,902,0
1134,0,459,0
1135,0,521,0
1136,0,90,0
1137,0,714,0
1138,0,68,0
1139,0,952,0
1140,0,734,0
1141,0,1045,0
1142,0,1319,0
1143,0,1060,0
1144,0,44,0
1145,0,710,0
1146,0,531,0
1147,0,119,0
1148,0,571,0
1149,0,685,0
1150,0,400,0
1151,0,773,0
1152,0,381,0
1153,0,817,0
1154,0,1286,0
1155,0,761,0
1156,0,1137,0
1157,0,1080,0
1158,0,1215,0
1159,0,722,0
1160,0,888,0
1161,0,1228,0
1162,0,656,0
1163,0,297,0
1164,0,754,0
1165,0,453,0
1166,0,221,0
1167,0,466,0
1168,0,1310,0
1169,0,304,0
1170,0,63,0
1171,0,606,0
1172,0,1263,0
1173,0,300,0
1174,0,899,0
1175,0,162,0
1176,0,515,0
1177,0,552,0
1178,0,953,0
1179,0,282,0
1180,0,598,0
1181,0,933,0
1182,0,707,0
1183,0,756,0
1184,0,1153,0
1185,0,736,0
1186,0,443,0
1187,0,810,0
1188,0,340,0
1189,0,357,0
1190,0,1252,0
1191,0,1258,0
1192,0,960,0
1193,0,362,0
1194,0,1222,0
1195,0,1015,0
1196,0,30,0
1197,0,211,0
1198,0,200,0
1199,0,351,0
1200,0,1302,0
1201,0,922,0
1202,0,731,0
1203,0,1144,0
1204,0,592,0
1205,0,430,0
1206,0,991,0
1207,0,848,0
1208,0,494,0
1209,0,407,0
1210,0,392,0
1211,0,380,0
1212,0,1268,0
1213,0,842,0
1214,0,914,0
1215,0,651,0
1216,0,882,0
1217,0,32,0
1218,0,1030,0
1219,0,530,0
1220,0,1022,0
1221,0,897,0
1222,0,104,0
1223,0,354,0
1224,0,965,0
1225,0,283,0
1226,0,809,0
1227,0,918,0
1228,0,83,0
1229,0,1271,0
1230,0,346,0
1231,0,514,0
1232,0,367,0
1233,0,843,0
1234,0,447,0
1235,0,1123,0
1236,0,31,0
1237,0,100,0
1238,0,372,0
1239,0,1188,0
1240,0,954,0
1241,0,808,0
1242,0,460,0
1243,0,776,0
1244,0,689,0
1245,0,414,0
1246,0,168,0
1247,0,118,0
1248,0,616,0
1249,0,867,0
1250,0,577,0
1251,0,1201,0
1252,0,360,0
1253,0,1009,0
1254,0,1182,0
1255,0,866,0
1256,0,1260,0
1257,0,137,0
1258,0,321,0
1259,0,84,0
1260,0,516,0
1261,0,870,0
1262,0,680,0
1263,0,675,0
1264,0,628,0
1265,0,161,0
1266,0,1281,0
1267,0,631,0
1268,0,481,0
1269,0,197,0
1270,0,1303,0
1271,0,549,0
1272,0,642,0
1273,0,543,0
1274,0,1213,0
1275,0,1017,0
1276,0,94,0
1277,0,198,0
1278,0,950,0
1279,0,977,0
1280,0,1008,0
1281,0,663,0
1282,0,330,0
1283,0,476,0
1284,0,365,0
1285,0,311,0
1286,0,605,0
1287,0,1055,0
1288,0,1181,0
1289,0,232,0
1290,0,820,0
1291,0,199,0
1292,0,995,0
1293,0,948,0
1294,0,171,0
1295,0,480,0
1296,0,650,0
1297,0,394,0
1298,0,593,0
1299,0,204,0
1300,0,27,0
1301,0,617,0
1302,0,772,0
1303,0,701,0
1304,0,1158,0
1305,0,271,0
1306,0,412,0
1307,0,727,0
1308,0,645,0
1309,0,1113,0
1310,0,2,0
1311,0,1044,0
1312,0,1293,0
1313,0,763,0
1314,0,797,0
1315,0,1210,0
1316,0,540,0
1317,0,1020,0
1318,0,561,0
1319,0,374,0
1320,0,51,0
1321,0,75,0
1322,0,834,0
1323,0,294,0
1324,0,174,0
1325,0,535,0
1326,0,698,0
1327,0,1169,0
1328,0,671,0
1329,0,618,0
1330,0,781,0
1331,0,458,0
1332,0,157,0
1333,0,308,0
1334,0,1237,0
1335,0,782,0
1336,0,1058,0
1337,0,312,0
1338,0,105,0
1339,0,884,0
1340,0,425,0
1341,0,338,0
1342,0,1285,0
1343,0,1211,0
1344,0,690,0
1345,0,261,0
1346,0,396,0
1347,0,207,0
1348,0,792,0
1349,0,1172,0
1350,0,827,0
1351,0,93,0
1352,0,1063,0
1353,0,496,0
1354,0,1109,0
1355,0,343,0
1356,0,76,0
1357,0,116,0
1358,0,120,0
1359,0,288,0
1360,0,1157,0
1361,0,169,0
1362,0,440,0
1363,0,1262,0
1364,0,1223,0
1365,0,411,0
1366,0,136,0
1367,0,28,0
1368,0,485,0
1369,0,81,0
1370,0,1318,0
1371,0,804,0
1372,0,266,0
1373,0,107,0
1374,0,101,0
1375,0,121,0
1376,0,769,0
1377,0,760,0
1378,0,589,0
1379,0,415,0
1380,0,895,0
1381,0,92,0
1382,0,898,0
1383,0,1130,0
1384,0,679,0
1385,0,968,0
1386,0,822,0
1387,0,223,0
1388,0,883,0
1389,0,825,0
1390,0,982,0
1391,0,1135,0
1392,0,1266,0
1393,0,265,0
1394,0,649,0
1395,0,532,0
1396,0,554,0
1397,0,3,0
1398,0,1217,0
1399,0,323,0
1400,0,885,0
1401,0,723,0
1402,0,790,0
1403,0,636,0
1404,0,767,0
1405,0,48,0
1406,0,1284,0
1407,0,716,0
1408,0,553,0
1409,0,355,0
1410,0,401,0
1411,0,560,0
1412,0,285,0
1413,0,944,0
1414,0,148,0
1415,0,491,0
1416,0,1007,0
1417,0,194,0
1418,0,439,0
1419,0,693,0
1420,0,61,0
1421,0,807,0
1422,0,857,0
1423,0,988,0
1424,0,29,0
1425,0,269,0
1426,0,45,0
1427,0,73,0
1428,0,1291,0
1429,0,237,0
1430,0,1023,0
1431,0,673,0
1432,0,585,0
1433,0,327,0
1434,0,764,0
1435,0,612,0
1436,0,497,0
1437,0,413,0
1438,0,863,0
1439,0,69,0
1440,0,1183,0
1441,0,1160,0
1442,0,961,0
1443,0,886,0
1444,0,495,0
1445,0,358,0
1446,0,610,0
1447,0,150,0
1448,0,376,0
1449,0,528,0
1450,0,726,0
1451,0,1036,0
1452,0,315,0
1453,0,614,0
1454,0,189,0
1455,0,258,0
1456,0,218,0
1457,0,353,0
1458,0,1132,0
1459,0,501,0
1460,0,1193,0
1461,0,893,0
1462,0,942,0
1463,0,37,0
1464,0,894,0
1465,0,59,0
1466,0,1089,0
1467,0,584,0
1468,0,289,0
1469,0,1155,0
1470,0,911,0
1471,0,1255,0
1472,0,251,0
1473,0,613,0
1474,0,874,0
1475,0,755,0
1476,0,670,0
1477,0,627,0
1478,0,708,0
1479,0,856,0
1480,0,1282,0
1481,0,721,0
1482,0,1270,0
1483,0,635,0
1484,0,206,0
1485,0,800,0
1486,0,486,0
1487,0,339,0
1488,0,276,0
1489,0,637,0
1490,0,348,0
1491,0,80,0
1492,0,974,0
1493,0,557,0
1494,0,989,0
1495,0,581,0
1496,0,720,0
1497,0,488,0
1498,0,108,0
1499,0,295,0
1500,0,1218,0
1501,0,393,0
1502,0,1190,0
1503,0,409,0
1504,0,1052,0
1505,0,578,0
1506,0,1167,0
1507,0,604,0
1508,0,1102,0
1509,0,1088,0
1510,0,229,0
1511,0,462,0
1512,0,131,0
1513,0,160,0
1514,0,1133,0
1515,0,1031,0
1516,0,1307,0
1517,0,363,0
1518,0,840,0
1519,0,1253,0
1520,0,433,0
1521,0,677,0
1522,0,1220,0
1523,0,85,0
1524,0,1131,0
1525,0,525,0
1526,0,301,0
1527,0,744,0
1528,0,788,0
1529,0,1247,0
1530,0,762,0
1531,0,1154,0
1532,0,127,0
1533,0,342,0
1534,0,907,0
1535,0,74,0
1536,0,1261,0
1537,0,135,0
1538,0,801,0
1539,0,1013,0
1540,0,562,0
1541,0,786,0
1542,0,715,0
1543,0,1010,0
1544,0,929,0
1545,0,1,0
1546,0,1067,0
1547,0,930,0
1548,0,1092,0
1549,0,1122,0
1550,0,1202,0
1551,0,1099,0
1552,0,386,0
1553,0,869,0
1554,0,477,0
1555,0,688,0
1556,0,814,0
1557,0,240,0
1558,0,273,0
1559,0,901,0
1560,0,654,0
1561,0,699,0
1562,0,903,0
1563,0,331,0
1564,0,1140,0
1565,0,203,0
1566,0,586,0
1567,0,750,0
1568,0,70,0
1569,0,388,0
1570,0,234,0
1571,0,909,0
1572,0,737,0
1573,0,349,0
1574,0,771,0
1575,0,510,0
1576,0,1127,0
1577,0,855,0
1578,0,281,0
1579,0,905,0
1580,0,6,0
1581,0,54,0
1582,0,1279,0
1583,0,661,0
1584,0,170,0
1585,0,214,0
1586,0,872,0
1587,165,887,0
1588,165,527,0
1589,165,665,0
1590,165,1050,0
1591,165,440,0
1592,165,601,0
1593,165,792,0
1594,165,65,0
1595,165,480,0
1596,165,1044,0
1597,165,818,0
1598,165,580,0
1599,165,333,0
1600,165,984,0
1601,165,102,0
1602,165,1157,0
1603,165,880,0
1604,165,1259,0
1605,165,899,0
1606,165,967,0
1607,165,1163,0
1608,165,1201,0
1609,165,668,0
1610,165,419,0
1611,165,460,0
1612,165,682,0
1613,165,1116,0
1614,165,0,0
1615,165,1078,0
1616,165,143,0
1617,165,784,0
1618,165,1247,0
1619,165,529,0
1620,165,1315,0
1621,165,589,0
1622,165,455,0
1623,165,34,0
1624,165,941,0
1625,165,551,0
1626,165,1258,0
1627,165,1186,0
1628,165,119,0
1629,165,109,0
1630,165,1099,0
1631,165,633,0
1632,165,846,0
1633,165,503,0
1634,165,944,0
1635,165,1302,0
1636,165,774,0
1637,165,381,0
1638,165,817,0
1639,165,299,0
1640,165,161,0
1641,165,124,0
1642,165,1159,0
1643,165,1264,0
1644,165,886,0
1645,165,650,0
1646,165,317,0
1647,165,737,0
1648,165,476,0
1649,165,1027,0
1650,165,297,0
1651,165,1300,0
1652,165,28,0
1653,165,473,0
1654,165,826,0
1655,165,504,0
1656,165,1067,0
1657,165,1126,0
1658,165,1191,0
1659,165,628,0
1660,165,19,0
1661,165,484,0
1662,165,1237,0
1663,165,72,0
1664,165,707,0
1665,165,296,0
1666,165,1220,0
1667,165,424,0
1668,165,223,0
1669,165,365,0
1670,165,525,0
1671,165,1273,0
1672,165,897,0
1673,165,1169,0
1674,165,314,0
1675,165,90,0
1676,165,785,0
1677,165,371,0
1678,165,269,0
1679,165,10,0
1680,165,828,0
1681,165,619,0
1682,165,674,0
1683,165,854,0
1684,165,198,0
1685,165,713,0
1686,165,190,0
1687,165,1279,0
1688,165,952,0
1689,165,733,0
1690,165,757,0
1691,165,1221,0
1692,165,1228,0
1693,165,231,0
1694,165,596,0
1695,165,721,0
1696,165,172,0
1697,165,494,0
1698,165,1263,0
1699,165,978,0
1700,165,1129,0
1701,165,735,0
1702,165,1246,0
1703,165,1211,0
1704,165,20,0
1705,165,579,0
1706,165,1104,0
1707,165,422,0
1708,165,373,0
1709,165,194,0
1710,165,171,0
1711,165,147,0
1712,165,1127,0
1713,165,341,0
1714,165,683,0
1715,165,1032,0
1716,165,1180,0
1717,165,479,0
1718,165,225,0
1719,165,730,0
1720,165,390,0
1721,165,849,0
1722,165,1108,0
1723,165,1136,0
1724,165,23,0
1725,165,1303,0
1726,165,932,0
1727,165,540,0
1728,165,132,0
1729,165,538,0
1730,165,1287,0
1731,165,1173,0
1732,165,718,0
1733,165,1183,0
1734,165,131,0
1735,165,1292,0
1736,165,151,0
1737,165,677,0
1738,165,648,0
1739,165,1289,0
1740,165,972,0
1741,165,13,0
1742,165,936,0
1743,165,126,0
1744,165,716,0
1745,165,609,0
1746,165,1210,0
1747,165,146,0
1748,165,651,0
1749,165,329,0
1750,165,1158,0
1751,165,44,0
1752,165,497,0
1753,165,193,0
1754,165,416,0
1755,165,173,0
1756,165,203,0
1757,165,995,0
1758,165,758,0
1759,165,481,0
1760,165,863,0
1761,165,726,0
1762,165,1087,0
1763,165,820,0
1764,165,386,0
1765,165,1253,0
1766,165,99,0
1767,165,447,0
1768,165,523,0
1769,165,1060,0
1770,165,506,0
1771,165,179,0
1772,165,895,0
1773,165,1011,0
1774,165,1215,0
1775,165,992,0
1776,165,134,0
1777,165,783,0
1778,165,33,0
1779,165,9,0
1780,165,694,0
1781,165,790,0
1782,165,230,0
1783,165,1257,0
1784,165,772,0
1785,165,1097,0
1786,165,660,0
1787,165,238,0
1788,165,622,0
1789,165,870,0
1790,165,70,0
1791,165,1015,0
1792,165,192,0
1793,165,456,0
1794,165,483,0
1795,165,482,0
1796,165,140,0
1797,165,747,0
1798,165,157,0
1799,165,354,0
1800,165,45,0
1801,165,348,0
1802,165,248,0
1803,165,394,0
1804,165,262,0
1805,165,761,0
1806,165,415,0
1807,165,343,0
1808,165,129,0
1809,165,35,0
1810,165,1098,0
1811,165,108,0
1812,165,403,0
1813,165,842,0
1814,165,336,0
1815,165,464,0
1816,165,463,0
1817,165,871,0
1818,165,433,0
1819,165,324,0
1820,165,959,0
1821,165,330,0
1822,165,486,0
1823,165,54,0
1824,165,421,0
1825,165,860,0
1826,165,12,0
1827,165,901,0
1828,165,1154,0
1829,165,340,0
1830,165,495,0
1831,165,1083,0
1832,165,515,0
1833,165,836,0
1834,165,236,0
1835,165,815,0
1836,165,1318,0
1837,165,41,0
1838,165,923,0
1839,165,514,0
1840,165,578,0
1841,165,496,0
1842,165,251,0
1843,165,1319,0
1844,165,544,0
1845,165,821,0
1846,165,4,0
1847,165,405,0
1848,165,344,0
1849,165,902,0
1850,165,229,0
1851,165,8,0
1852,165,700,0
1853,165,153,0
1854,165,643,0
1855,165,920,0
1856,165,188,0
1857,165,536,0
1858,165,268,0
1859,165,1305,0
1860,165,169,0
1861,165,16,0
1862,165,584,0
1863,165,968,0
1864,165,685,0
1865,165,1190,0
1866,165,1205,0
1867,165,379,0
1868,165,693,0
1869,165,708,0
1870,165,214,0
1871,165,636,0
1872,165,358,0
1873,165,702,0
1874,165,1132,0
1875,165,805,0
1876,165,306,0
1877,165,1008,0
1878,165,1283,0
1879,165,1232,0
1880,165,841,0
1881,165,586,0
1882,165,42,0
1883,165,492,0
1884,165,919,0
1885,165,980,0
1886,165,1256,0
1887,165,705,0
1888,165,1000,0
1889,165,565,0
1890,165,237,0
1891,165,180,0
1892,165,271,0
1893,165,163,0
1894,165,1145,0
1895,165,485,0
1896,165,465,0
1897,165,970,0
1898,165,868,0
1899,165,1217,0
1900,165,304,0
1901,165,127,0
1902,165,392,0
1903,165,958,0
1904,165,216,0
1905,165,116,0
1906,165,1055,0
1907,165,852,0
1908,165,426,0
1909,165,364,0
1910,165,1241,0
1911,165,94,0
1912,165,270,0
1913,165,940,0
1914,165,1013,0
1915,165,559,0
1916,165,363,0
1917,165,661,0
1918,165,825,0
1919,165,569,0
1920,165,754,0
1921,165,594,0
1922,165,74,0
1923,165,647,0
1924,165,22,0
1925,165,1278,0
1926,165,350,0
1927,165,1081,0
1928,165,137,0
1929,165,247,0
1930,165,507,0
1931,165,376,0
1932,165,556,0
1933,165,608,0
1934,165,438,0
1935,165,118,0
1936,165,918,0
1937,165,115,0
1938,165,848,0
1939,165,1308,0
1940,165,298,0
1941,165,903,0
1942,165,1034,0
1943,165,284,0
1944,165,1071,0
1945,165,564,0
1946,165,771,0
1947,165,1119,0
1948,165,1066,0
1949,165,750,0
1950,165,1280,0
1951,165,1061,0
1952,165,1041,0
1953,165,875,0
1954,165,914,0
1955,165,904,0
1956,165,977,0
1957,165,312,0
1958,165,537,0
1959,165,47,0
1960,165,631,0
1961,165,866,0
1962,165,874,0
1963,165,892,0
1964,165,986,0
1965,165,53,0
1966,165,597,0
1967,165,1218,0
1968,165,113,0
1969,165,545,0
1970,165,1234,0
1971,165,830,0
1972,165,557,0
1973,165,516,0
1974,165,908,0
1975,165,425,0
1976,165,493,0
1977,165,1012,0
1978,165,368,0
1979,165,752,0
1980,165,935,0
1981,165,616,0
1982,165,827,0
1983,165,1090,0
1984,165,366,0
1985,165,1076,0
1986,165,18,0
1987,165,352,0
1988,165,1299,0
1989,165,585,0
1990,165,1035,0
1991,165,939,0
1992,165,917,0
1993,165,1042,0
1994,165,1312,0
1995,165,219,0
1996,165,75,0
1997,165,106,0
1998,165,218,0
1999,165,857,0
2000,165,1185,0
2001,165,150,0
2002,165,823,0
2003,165,62,0
2004,165,315,0
2005,165,206,0
2006,165,356,0
2007,165,265,0
2008,165,318,0
2009,165,606,0
2010,165,61,0
2011,165,427,0
2012,165,725,0
2013,165,407,0
2014,165,764,0
2015,165,7,0
2016,165,200,0
2017,165,80,0
2018,165,76,0
2019,165,396,0
2020,165,637,0
2021,165,245,0
2022,165,893,0
2023,165,689,0
2024,165,406,0
2025,165,522,0
2026,165,1086,0
2027,165,753,0
2028,165,1174,0
2029,165,1018,0
2030,165,715,0
2031,165,720,0
2032,165,698,0
2033,165,122,0
2034,165,1010,0
2035,165,759,0
2036,165,953,0
2037,165,457,0
2038,165,1017,0
2039,165,431,0
2040,165,101,0
2041,165,760,0
2042,165,1009,0
2043,165,570,0
2044,165,581,0
2045,165,31,0
2046,165,1208,0
2047,165,675,0
2048,165,316,0
2049,165,1293,0
2050,165,1284,0
2051,165,435,0
2052,165,831,0
2053,165,220,0
2054,165,1111,0
2055,165,614,0
2056,165,829,0
2057,165,1002,0
2058,165,530,0
2059,165,639,0
2060,165,420,0
2061,165,664,0
2062,165,1207,0
2063,165,174,0
2064,165,26,0
2065,165,692,0
2066,165,670,0
2067,165,582,0
2068,165,57,0
2069,165,328,0
2070,165,64,0
2071,165,943,0
2072,165,916,0
2073,165,441,0
2074,165,657,0
2075,165,931,0
2076,165,1165,0
2077,165,1298,0
2078,165,1270,0
2079,165,357,0
2080,165,186,0
2081,165,763,0
2082,165,303,0
2083,165,963,0
2084,165,595,0
2085,165,274,0
2086,165,808,0
2087,165,1054,0
2088,165,385,0
2089,165,1133,0
2090,165,751,0
2091,165,999,0
2092,165,812,0
2093,165,287,0
2094,165,227,0
2095,165,574,0
2096,165,955,0
2097,165,548,0
2098,165,234,0
2099,165,372,0
2100,165,212,0
2101,165,710,0
2102,165,1224,0
2103,165,1239,0
2104,165,1170,0
2105,165,434,0
2106,165,1233,0
2107,165,1064,0
2108,165,409,0
2109,165,983,0
2110,165,467,0
2111,165,242,0
2112,165,1073,0
2113,165,604,0
2114,165,607,0
2115,165,618,0
2116,165,712,0
2117,165,301,0
2118,165,91,0
2119,165,787,0
2120,165,732,0
2121,165,890,0
2122,165,351,0
2123,165,156,0
2124,165,927,0
2125,165,1106,0
2126,165,1166,0
2127,165,205,0
2128,165,128,0
2129,165,635,0
2130,165,625,0
2131,165,690,0
2132,165,638,0
2133,165,1039,0
2134,165,666,0
2135,165,170,0
2136,165,778,0
2137,165,69,0
2138,165,912,0
2139,165,1226,0
2140,165,374,0
2141,165,295,0
2142,165,263,0
2143,165,1314,0
2144,165,162,0
2145,165,49,0
2146,165,806,0
2147,165,389,0
2148,165,1072,0
2149,165,719,0
2150,165,577,0
2151,165,71,0
2152,165,1007,0
2153,165,1026,0
2154,165,191,0
2155,165,644,0
2156,165,723,0
2157,165,1236,0
2158,165,1036,0
2159,165,599,0
2160,165,1160,0
2161,165,355,0
2162,165,1022,0
2163,165,253,0
2164,165,950,0
2165,165,1153,0
2166,165,195,0
2167,165,711,0
2168,165,876,0
2169,165,767,0
2170,165,55,0
2171,165,442,0
2172,165,288,0
2173,165,1048,0
2174,165,1137,0
2175,165,82,0
2176,165,1068,0
2177,165,755,0
2178,165,855,0
2179,165,1062,0
2180,165,1148,0
2181,165,158,0
2182,165,742,0
2183,165,1037,0
2184,165,703,0
2185,165,349,0
2186,165,962,0
2187,165,954,0
2188,165,878,0
2189,165,1004,0
2190,165,680,0
2191,165,1198,0
2192,165,1094,0
2193,165,563,0
2194,165,1214,0
2195,165,432,0
2196,165,1047,0
2197,165,1019,0
2198,165,181,0
2199,165,521,0
2200,165,1143,0
2201,165,1059,0
2202,165,189,0
2203,165,1131,0
2204,165,810,0
2205,165,469,0
2206,165,1091,0
2207,165,397,0
2208,165,138,0
2209,165,95,0
2210,165,294,0
2211,165,1216,0
2212,165,909,0
2213,165,566,0
2214,165,1001,0
2215,165,1141,0
2216,165,283,0
2217,165,347,0
2218,165,290,0
2219,165,436,0
2220,165,717,0
2221,165,1161,0
2222,165,346,0
2223,165,1197,0
2224,165,549,0
2225,165,1020,0
2226,165,654,0
2227,165,576,0
2228,165,331,0
2229,165,1260,0
2230,165,1227,0
2231,165,410,0
2232,165,1124,0
2233,165,1291,0
2234,165,437,0
2235,165,201,0
2236,165,688,0
2237,165,204,0
2238,165,696,0
2239,165,819,0
2240,165,900,0
2241,165,92,0
2242,165,213,0
2243,165,87,0
2244,165,649,0
2245,165,552,0
2246,165,1053,0
2247,165,81,0
2248,165,824,0
2249,165,289,0
2250,165,402,0
2251,165,233,0
2252,165,46,0
2253,165,1196,0
2254,165,510,0
2255,165,1206,0
2256,165,209,0
2257,165,259,0
2258,165,67,0
2259,165,1212,0
2260,165,906,0
2261,165,1188,0
2262,165,239,0
2263,165,387,0
2264,165,107,0
2265,165,975,0
2266,165,1150,0
2267,165,468,0
2268,165,266,0
2269,165,3,0
2270,165,104,0
2271,165,985,0
2272,165,913,0
2273,165,375,0
2274,165,843,0
2275,165,508,0
2276,165,1117,0
2277,165,184,0
2278,165,517,0
2279,165,1243,0
2280,165,1110,0
2281,165,24,0
2282,165,1092,0
2283,165,798,0
2284,165,736,0
2285,165,367,0
2286,165,182,0
2287,165,833,0
2288,165,353,0
2289,165,590,0
2290,165,125,0
2291,165,834,0
2292,165,706,0
2293,165,938,0
2294,165,291,0
2295,165,877,0
2296,165,1045,0
2297,165,1093,0
2298,165,617,0
2299,165,401,0
2300,165,1255,0
2301,165,319,0
2302,165,910,0
2303,165,21,0
2304,165,640,0
2305,165,1105,0
2306,165,885,0
2307,165,58,0
2308,165,1274,0
2309,165,1024,0
2310,165,342,0
2311,165,2,0
2312,165,847,0
2313,165,159,0
2314,165,66,0
2315,165,797,0
2316,165,1031,0
2317,165,1025,0
2318,165,243,0
2319,165,781,0
2320,165,1240,0
2321,165,1023,0
2322,165,246,0
2323,165,891,0
2324,165,575,0
2325,165,709,0
2326,165,398,0
2327,165,1313,0
2328,165,207,0
2329,165,663,0
2330,165,922,0
2331,165,97,0
2332,165,1204,0
2333,165,982,0
2334,165,326,0
2335,165,334,0
2336,165,518,0
2337,165,369,0
2338,165,48,0
2339,165,782,0
2340,165,1307,0
2341,165,1082,0
2342,165,1080,0
2343,165,418,0
2344,165,185,0
2345,165,475,0
2346,165,29,0
2347,165,993,0
2348,165,946,0
2349,165,280,0
2350,165,335,0
2351,165,110,0
2352,165,360,0
2353,165,1140,0
2354,165,1070,0
2355,165,659,0
2356,165,1075,0
2357,165,884,0
2358,165,30,0
2359,165,1113,0
2360,165,175,0
2361,165,167,0
2362,165,749,0
2363,165,361,0
2364,165,1115,0
2365,165,477,0
2366,165,399,0
2367,165,15,0
2368,165,1006,0
2369,165,695,0
2370,165,1262,0
2371,165,686,0
2372,165,811,0
2373,165,89,0
2374,165,86,0
2375,165,359,0
2376,165,1162,0
2377,165,148,0
2378,165,1101,0
2379,165,791,0
2380,165,722,0
2381,165,1030,0
2382,165,1285,0
2383,165,756,0
2384,165,121,0
2385,165,600,0
2386,165,1250,0
2387,165,667,0
2388,165,256,0
2389,165,1275,0
2390,165,1103,0
2391,165,777,0
2392,165,472,0
2393,165,1049,0
2394,165,1213,0
2395,165,378,0
2396,165,511,0
2397,165,1130,0
2398,165,1320,0
2399,165,1317,0
2400,165,404,0
2401,165,39,0
2402,165,414,0
2403,165,862,0
2404,165,117,0
2405,165,976,0
2406,165,445,0
2407,165,973,0
2408,165,583,0
2409,165,40,0
2410,165,226,0
2411,165,739,0
2412,165,770,0
2413,165,502,0
2414,165,1254,0
2415,165,252,0
2416,165,1095,0
2417,165,103,0
2418,165,1058,0
2419,165,957,0
2420,165,809,0
2421,165,313,0
2422,165,894,0
2423,165,1074,0
2424,165,1152,0
2425,165,384,0
2426,165,1267,0
2427,165,1189,0
2428,165,1125,0
2429,165,217,0
2430,165,257,0
2431,165,593,0
2432,165,748,0
2433,165,543,0
2434,165,658,0
2435,165,1268,0
2436,165,300,0
2437,165,612,0
2438,165,1147,0
2439,165,1304,0
2440,165,488,0
2441,165,740,0
2442,165,208,0
2443,165,562,0
2444,165,1244,0
2445,165,337,0
2446,165,981,0
2447,165,1063,0
2448,165,1251,0
2449,165,305,0
2450,165,1286,0
2451,165,258,0
2452,165,1112,0
2453,165,383,0
2454,165,961,0
2455,165,512,0
2456,165,224,0
2457,165,1118,0
2458,165,802,0
2459,165,728,0
2460,165,255,0
2461,165,164,0
2462,165,77,0
2463,165,1171,0
2464,165,942,0
2465,165,1182,0
2466,165,178,0
2467,165,925,0
2468,165,1167,0
2469,213,63,0
2470,213,1252,0
2471,213,884,0
2472,213,894,0
2473,213,690,0
2474,213,122,0
2475,213,632,0
2476,213,259,0
2477,213,1162,0
2478,213,577,0
2479,213,115,0
2480,213,869,0
2481,213,1136,0
2482,213,852,0
2483,213,278,0
2484,213,46,0
2485,213,1312,0
2486,213,943,0
2487,213,854,0
2488,213,616,0
2489,213,1204,0
2490,213,639,0
2491,213,992,0
2492,213,1016,0
2493,213,50,0
2494,213,330,0
2495,213,1014,0
2496,213,208,0
2497,213,1113,0
2498,213,724,0
2499,213,167,0
2500,213,960,0
2501,213,734,0
2502,213,124,0
2503,213,909,0
2504,213,963,0
2505,213,534,0
2506,213,973,0
2507,213,706,0
2508,213,709,0
2509,213,846,0
2510,213,1231,0
2511,213,754,0
2512,213,1085,0
2513,213,812,0
2514,213,1253,0
2515,213,1117,0
2516,213,953,0
2517,213,1181,0
2518,213,971,0
2519,213,310,0
2520,213,77,0
2521,213,473,0
2522,213,383,0
2523,213,596,0
2524,213,202,0
2525,213,436,0
2526,213,982,0
2527,213,201,0
2528,213,1216,0
2529,213,219,0
2530,213,880,0
2531,213,887,0
2532,213,415,0
2533,213,601,0
2534,213,503,0
2535,213,116,0
2536,213,693,0
2537,213,1225,0
2538,213,1170,0
2539,213,906,0
2540,213,685,0
2541,213,1089,0
2542,213,1271,0
2543,213,372,0
2544,213,37,0
2545,213,117,0
2546,213,271,0
2547,213,1234,0
2548,213,1055,0
2549,213,23,0
2550,213,772,0
2551,213,470,0
2552,213,739,0
2553,213,62,0
2554,213,676,0
2555,213,66,0
2556,213,379,0
2557,213,505,0
2558,213,944,0
2559,213,936,0
2560,213,1057,0
2561,213,760,0
2562,213,221,0
2563,213,329,0
2564,213,386,0
2565,213,832,0
2566,213,895,0
2567,213,61,0
2568,213,727,0
2569,213,388,0
2570,213,506,0
2571,213,1053,0
2572,213,427,0
2573,213,244,0
2574,213,20,0
2575,213,865,0
2576,213,681,0
2577,213,355,0
2578,213,974,0
2579,213,1111,0
2580,213,24,0
2581,213,280,0
2582,213,655,0
2583,213,1046,0
2584,213,941,0
2585,213,53,0
2586,213,403,0
2587,213,293,0
2588,213,553,0
2589,213,1182,0
2590,213,796,0
2591,213,176,0
2592,213,584,0
2593,213,191,0
2594,213,617,0
2595,213,667,0
2596,213,5,0
2597,213,958,0
2598,213,337,0
2599,213,432,0
2600,213,1007,0
2601,213,301,0
2602,213,346,0
2603,213,99,0
2604,213,624,0
2605,213,1249,0
2606,213,539,0
2607,213,985,0
2608,213,1233,0
2609,213,1164,0
2610,213,875,0
2611,213,995,0
2612,213,446,0
2613,213,67,0
2614,213,515,0
2615,213,640,0
2616,213,31,0
2617,213,341,0
2618,213,980,0
2619,213,604,0
2620,213,189,0
2621,213,1193,0
2622,213,1272,0
2623,213,805,0
2624,213,102,0
2625,213,1306,0
2626,213,934,0
2627,213,1151,0
2628,213,548,0
2629,213,132,0
2630,213,967,0
2631,213,641,0
2632,213,1097,0
2633,213,1269,0
2634,213,44,0
2635,213,1044,0
2636,213,14,0
2637,213,348,0
2638,213,1260,0
2639,213,447,0
2640,213,554,0
2641,213,1011,0
2642,213,250,0
2643,213,305,0
2644,213,214,0
2645,213,96,0
2646,213,1206,0
2647,213,694,0
2648,213,1280,0
2649,213,930,0
2650,213,611,0
2651,213,204,0
2652,213,523,0
2653,213,1024,0
2654,213,168,0
2655,213,1047,0
2656,213,460,0
2657,213,517,0
2658,213,277,0
2659,213,390,0
2660,213,119,0
2661,213,169,0
2662,213,680,0
2663,213,990,0
2664,213,797,0
2665,213,1279,0
2666,213,474,0
2667,213,438,0
2668,213,643,0
2669,213,393,0
2670,213,519,0
2671,213,720,0
2672,213,615,0
2673,213,127,0
2674,213,43,0
2675,213,235,0
2676,213,563,0
2677,213,433,0
2678,213,402,0
2679,213,140,0
2680,213,200,0
2681,213,439,0
2682,213,583,0
2683,213,969,0
2684,213,69,0
2685,213,811,0
2686,213,487,0
2687,213,1308,0
2688,213,687,0
2689,213,109,0
2690,213,1017,0
2691,213,412,0
2692,213,518,0
2693,213,634,0
2694,213,555,0
2695,213,733,0
2696,213,1086,0
2697,213,321,0
2698,213,166,0
2699,213,308,0
2700,213,18,0
2701,213,1099,0
2702,213,193,0
2703,213,156,0
2704,213,587,0
2705,213,954,0
2706,213,349,0
2707,213,817,0
2708,213,1273,0
2709,213,445,0
2710,213,809,0
2711,213,1188,0
2712,213,711,0
2713,213,536,0
2714,213,1013,0
2715,213,1174,0
2716,213,26,0
2717,213,136,0
2718,213,1254,0
2719,213,0,0
2720,213,344,0
2721,213,929,0
2722,213,834,0
2723,213,738,0
2724,213,510,0
2725,213,1152,0
2726,213,1189,0
2727,213,397,0
2728,213,1190,0
2729,213,363,0
2730,213,256,0
2731,213,572,0
2732,213,845,0
2733,213,942,0
2734,213,1140,0
2735,213,1257,0
2736,213,644,0
2737,213,101,0
2738,213,1283,0
2739,213,157,0
2740,213,1172,0
2741,213,171,0
2742,213,398,0
2743,213,741,0
2744,213,818,0
2745,213,441,0
2746,213,384,0
2747,213,485,0
2748,213,1261,0
2749,213,913,0
2750,213,389,0
2751,213,1309,0
2752,213,316,0
2753,213,878,0
2754,213,914,0
2755,213,1004,0
2756,213,540,0
2757,213,961,0
2758,213,691,0
2759,213,373,0
2760,213,1041,0
2761,213,1127,0
2762,213,789,0
2763,213,1039,0
2764,213,33,0
2765,213,165,0
2766,213,138,0
2767,213,1316,0
2768,213,581,0
2769,213,1021,0
2770,213,1135,0
2771,213,718,0
2772,213,1205,0
2773,213,1315,0
2774,213,765,0
2775,213,933,0
2776,213,863,0
2777,213,708,0
2778,213,999,0
2779,213,1301,0
2780,213,859,0
2781,213,541,0
2782,213,248,0
2783,213,775,0
2784,213,751,0
2785,213,1030,0
2786,213,125,0
2787,213,893,0
2788,213,94,0
2789,213,1121,0
2790,213,768,0
2791,213,288,0
2792,213,816,0
2793,213,467,0
2794,213,421,0
2795,213,937,0
2796,213,174,0
2797,213,774,0
2798,213,659,0
2799,213,295,0
2800,213,29,0
2801,213,317,0
2802,213,286,0
2803,213,87,0
2804,213,476,0
2805,213,238,0
2806,213,1199,0
2807,213,689,0
2808,213,332,0
2809,213,1093,0
2810,213,416,0
2811,213,839,0
2812,213,842,0
2813,213,121,0
2814,213,532,0
2815,213,233,0
2816,213,646,0
2817,213,1217,0
2818,213,234,0
2819,213,281,0
2820,213,922,0
2821,213,561,0
2822,213,269,0
2823,213,948,0
2824,213,589,0
2825,213,1235,0
2826,213,177,0
2827,213,1083,0
2828,213,547,0
2829,213,873,0
2830,213,93,0
2831,213,311,0
2832,213,1207,0
2833,213,870,0
2834,213,1244,0
2835,213,781,0
2836,213,590,0
2837,213,1096,0
2838,213,531,0
2839,213,75,0
2840,213,501,0
2841,213,567,0
2842,213,451,0
2843,213,352,0
2844,213,36,0
2845,213,700,0
2846,213,496,0
2847,213,409,0
2848,213,1220,0
2849,213,994,0
2850,213,804,0
2851,213,592,0
2852,213,919,0
2853,213,598,0
2854,213,1197,0
2855,213,1048,0
2856,213,17,0
2857,213,1037,0
2858,213,752,0
2859,213,677,0
2860,213,1059,0
2861,213,455,0
2862,213,1091,0
2863,213,825,0
2864,213,635,0
2865,213,550,0
2866,213,1109,0
2867,213,591,0
2868,213,521,0
2869,213,1171,0
2870,213,977,0
2871,213,945,0
2872,213,1201,0
2873,213,483,0
2874,213,28,0
2875,213,1028,0
2876,213,1319,0
2877,213,759,0
2878,213,188,0
2879,213,912,0
2880,213,255,0
2881,213,629,0
2882,213,987,0
2883,213,621,0
2884,213,226,0
2885,213,1084,0
2886,213,396,0
2887,213,692,0
2888,213,327,0
2889,213,452,0
2890,213,773,0
2891,213,243,0
2892,213,463,0
2893,213,381,0
2894,213,322,0
2895,213,358,0
2896,213,97,0
2897,213,766,0
2898,213,1187,0
2899,213,333,0
2900,213,105,0
2901,213,1052,0
2902,213,1302,0
2903,213,1243,0
2904,213,823,0
2905,213,827,0
2906,213,626,0
2907,213,1303,0
2908,213,1169,0
2909,213,514,0
2910,213,725,0
2911,213,888,0
2912,213,126,0
2913,213,682,0
2914,213,1241,0
2915,213,1139,0
2916,213,1250,0
2917,213,1196,0
2918,213,129,0
2919,213,594,0
2920,213,1134,0
2921,213,478,0
2922,213,698,0
2923,213,1176,0
2924,213,175,0
2925,213,418,0
2926,213,1292,0
2927,213,631,0
2928,213,459,0
2929,213,703,0
2930,213,83,0
2931,213,426,0
2932,213,1153,0
2933,213,793,0
2934,213,48,0
2935,213,264,0
2936,213,957,0
2937,213,986,0
2938,213,1168,0
2939,213,434,0
2940,213,1191,0
2941,213,324,0
2942,213,947,0
2943,213,307,0
2944,213,91,0
2945,213,1221,0
2946,213,182,0
2947,213,671,0
2948,213,41,0
2949,213,962,0
2950,213,551,0
2951,213,668,0
2952,213,477,0
2953,213,74,0
2954,213,651,0
2955,213,239,0
2956,213,663,0
2957,213,767,0
2958,213,673,0
2959,213,1100,0
2960,213,1061,0
2961,213,806,0
2962,213,1094,0
2963,213,7,0
2964,213,1025,0
2965,213,822,0
2966,213,552,0
2967,213,896,0
2968,213,1104,0
2969,213,1282,0
2970,213,612,0
2971,213,1022,0
2972,213,613,0
2973,213,260,0
2974,213,770,0
2975,213,148,0
2976,213,183,0
2977,213,853,0
2978,213,728,0
2979,213,85,0
2980,213,1215,0
2981,213,736,0
2982,213,84,0
2983,213,717,0
2984,213,1213,0
2985,213,209,0
2986,213,883,0
2987,213,574,0
2988,213,296,0
2989,213,794,0
2990,213,1158,0
2991,213,900,0
2992,213,1265,0
2993,213,803,0
2994,213,107,0
2995,213,798,0
2996,213,1290,0
2997,213,315,0
2998,213,210,0
2999,213,874,0
3000,213,45,0
3001,213,154,0
3002,213,257,0
3003,213,65,0
3004,213,195,0
3005,213,1049,0
3006,213,1266,0
3007,213,1065,0
3008,213,407,0
3009,213,1132,0
3010,213,314,0
3011,213,1287,0
3012,213,152,0
3013,213,287,0
3014,213,1141,0
3015,213,367,0
3016,213,1299,0
3017,213,98,0
3018,213,13,0
3019,213,890,0
3020,213,860,0
3021,213,1080,0
3022,213,841,0
3023,213,359,0
3024,213,1154,0
3025,213,899,0
3026,213,848,0
3027,213,274,0
3028,213,1270,0
3029,213,448,0
3030,213,723,0
3031,213,51,0
3032,213,911,0
3033,213,2,0
3034,213,1078,0
3035,213,1297,0
3036,213,442,0
3037,213,972,0
3038,213,1035,0
3039,213,292,0
3040,213,361,0
3041,213,675,0
3042,213,670,0
3043,213,658,0
3044,213,240,0
3045,213,955,0
3046,213,886,0
3047,213,588,0
3048,213,952,0
3049,213,790,0
3050,213,1063,0
3051,213,998,0
3052,213,72,0
3053,213,170,0
3054,213,966,0
3055,213,302,0
3056,213,369,0
3057,213,491,0
3058,213,54,0
3059,213,762,0
3060,213,130,0
3061,213,215,0
3062,213,411,0
3063,213,187,0
3064,213,1192,0
3065,213,164,0
3066,213,504,0
3067,213,146,0
3068,213,1185,0
3069,213,799,0
3070,213,313,0
3071,213,131,0
3072,213,1082,0
3073,213,1075,0
3074,213,1180,0
3075,213,420,0
3076,213,40,0
3077,213,1102,0
3078,213,493,0
3079,213,82,0
3080,213,1095,0
3081,213,362,0
3082,213,858,0
3083,213,399,0
3084,213,1056,0
3085,213,356,0
3086,213,1165,0
3087,213,903,0
3088,213,637,0
3089,213,1317,0
3090,213,1179,0
3091,213,1073,0
3092,213,1296,0
3093,213,1034,0
3094,213,1240,0
3095,213,618,0
3096,213,331,0
3097,213,562,0
3098,213,525,0
3099,213,1224,0
3100,213,674,0
3101,213,1245,0
3102,213,450,0
3103,213,1138,0
3104,213,285,0
3105,213,252,0
3106,213,647,0
3107,213,465,0
3108,213,227,0
3109,213,289,0
3110,213,270,0
3111,213,684,0
3112,213,1295,0
3113,213,391,0
3114,213,27,0
3115,213,232,0
3116,213,265,0
3117,213,610,0
3118,213,336,0
3119,213,1115,0
3120,213,1002,0
3121,213,569,0
3122,213,697,0
3123,213,810,0
3124,213,1277,0
3125,213,220,0
3126,213,661,0
3127,213,593,0
3128,213,230,0
3129,213,1251,0
3130,213,52,0
3131,213,312,0
3132,213,932,0
3133,213,508,0
3134,213,498,0
3135,213,1186,0
3136,213,522,0
3137,213,1118,0
3138,213,1020,0
3139,213,431,0
3140,213,279,0
3141,213,824,0
3142,213,686,0
3143,213,705,0
3144,213,782,0
3145,213,326,0
3146,213,1298,0
3147,213,730,0
3148,213,283,0
3149,213,642,0
3150,213,1175,0
3151,213,475,0
3152,213,236,0
3153,213,935,0
3154,213,1129,0
3155,213,149,0
3156,213,1067,0
3157,213,575,0
3158,213,876,0
3159,213,294,0
3160,213,1087,0
3161,213,855,0
3162,213,1015,0
3163,213,300,0
3164,213,595,0
3165,213,408,0
3166,213,981,0
3167,213,777,0
3168,213,353,0
3169,213,512,0
3170,213,746,0
3171,213,387,0
3172,213,272,0
3173,213,1133,0
3174,213,530,0
3175,213,276,0
3176,213,484,0
3177,213,16,0
3178,213,757,0
3179,213,345,0
3180,213,198,0
3181,213,1122,0
3182,213,1256,0
3183,213,1285,0
3184,213,490,0
3185,213,1183,0
3186,213,1230,0
3187,213,502,0
3188,213,449,0
3189,213,81,0
3190,213,339,0
3191,213,679,0
3192,213,1227,0
3193,213,997,0
3194,213,297,0
3195,213,840,0
3196,213,86,0
3197,213,628,0
3198,213,1173,0
3199,213,1291,0
3200,213,630,0
3201,213,374,0
3202,213,1198,0
3203,213,889,0
3204,213,664,0
3205,213,472,0
3206,213,394,0
3207,213,877,0
3208,213,619,0
3209,213,223,0
3210,213,843,0
3211,213,139,0
3212,213,1120,0
3213,213,435,0
3214,213,864,0
3215,213,1009,0
3216,213,173,0
3217,213,1155,0
3218,213,338,0
3219,213,39,0
3220,213,916,0
3221,213,80,0
3222,213,457,0
3223,213,740,0
3224,213,306,0
3225,213,70,0
3226,213,597,0
3227,213,1313,0
3228,213,1107,0
3229,213,134,0
3230,213,791,0
3231,213,382,0
3232,213,579,0
3233,213,469,0
3234,213,1081,0
3235,213,1208,0
3236,213,1050,0
3237,213,1098,0
3238,213,538,0
3239,213,1079,0
3240,213,60,0
3241,213,284,0
3242,213,573,0
3243,213,137,0
3244,213,1203,0
3245,213,88,0
3246,213,1156,0
3247,213,12,0
3248,213,755,0
3249,213,135,0
3250,213,623,0
3251,213,654,0
3252,213,1211,0
3253,213,815,0
3254,213,1284,0
3255,213,429,0
3256,213,1116,0
3257,213,1210,0
3258,213,885,0
3259,213,931,0
3260,213,464,0
3261,213,128,0
3262,213,1219,0
3263,213,368,0
3264,213,218,0
3265,213,147,0
3266,213,988,0
3267,213,150,0
3268,213,1238,0
3269,213,19,0
3270,213,1008,0
3271,213,106,0
3272,213,151,0
3273,213,1000,0
3274,213,625,0
3275,213,1018,0
3276,213,650,0
3277,213,1092,0
3278,213,180,0
3279,213,653,0
3280,213,560,0
3281,213,949,0
3282,213,1137,0
3283,213,118,0
3284,213,258,0
3285,213,1150,0
3286,213,1255,0
3287,213,404,0
3288,213,1289,0
3289,213,273,0
3290,213,1184,0
3291,213,32,0
3292,213,565,0
3293,213,1019,0
3294,213,1054,0
3295,213,719,0
3296,213,959,0
3297,213,212,0
3298,213,318,0
3299,213,776,0
3300,213,1268,0
3301,213,422,0
3302,213,1229,0
3303,213,1051,0
3304,213,462,0
3305,213,181,0
3306,213,907,0
3307,213,400,0
3308,213,380,0
3309,213,696,0
3310,213,1003,0
3311,213,342,0
3312,213,1001,0
3313,213,76,0
3314,213,1246,0
3315,213,1074,0
3316,213,95,0
3317,213,672,0
3318,213,261,0
3319,213,769,0
3320,213,580,0
3321,213,325,0
3322,213,1058,0
3323,213,923,0
3324,213,453,0
3325,213,607,0
3326,213,57,0
3327,213,600,0
3328,213,492,0
3329,213,360,0
3330,213,323,0
3331,213,771,0
3332,213,1103,0
3333,213,254,0
3334,213,1126,0
3335,213,735,0
3336,213,1045,0
3337,213,1159,0
3338,213,1062,0
3339,213,783,0
3340,213,1076,0
3341,213,511,0
3342,213,570,0
3343,213,365,0
3344,213,599,0
3345,213,1248,0
3346,213,437,0
3347,213,753,0
3348,213,792,0
3349,213,1160,0
3350,278,790,0
3351,278,1009,0
3352,278,128,0
3353,278,786,0
3354,278,822,0
3355,278,1218,0
3356,278,498,0
3357,278,837,0
3358,278,1285,0
3359,278,758,0
3360,278,20,0
3361,278,770,0
3362,278,150,0
3363,278,280,0
3364,278,1280,0
3365,278,655,0
3366,278,336,0
3367,278,856,0
3368,278,680,0
3369,278,1006,0
3370,278,459,0
3371,278,299,0
3372,278,683,0
3373,278,295,0
3374,278,1304,0
3375,278,555,0
3376,278,136,0
3377,278,1127,0
3378,278,708,0
3379,278,615,0
3380,278,15,0
3381,278,649,0
3382,278,294,0
3383,278,725,0
3384,278,1135,0
3385,278,526,0
3386,278,1048,0
3387,278,62,0
3388,278,146,0
3389,278,1183,0
3390,278,696,0
3391,278,356,0
3392,278,591,0
3393,278,1109,0
3394,278,827,0
3395,278,1293,0
3396,278,844,0
3397,278,502,0
3398,278,339,0
3399,278,1052,0
3400,278,148,0
3401,278,91,0
3402,278,214,0
3403,278,775,0
3404,278,600,0
3405,278,908,0
3406,278,1148,0
3407,278,535,0
3408,278,564,0
3409,278,841,0
3410,278,500,0
3411,278,181,0
3412,278,1274,0
3413,278,11,0
3414,278,414,0
3415,278,783,0
3416,278,207,0
3417,278,383,0
3418,278,1031,0
3419,278,991,0
3420,278,334,0
3421,278,887,0
3422,278,704,0
3423,278,563,0
3424,278,992,0
3425,278,1160,0
3426,278,852,0
3427,278,1046,0
3428,278,834,0
3429,278,667,0
3430,278,630,0
3431,278,859,0
3432,278,1194,0
3433,278,558,0
3434,278,228,0
3435,278,905,0
3436,278,1255,0
3437,278,1228,0
3438,278,1320,0
3439,278,779,0
3440,278,733,0
3441,278,1302,0
3442,278,1141,0
3443,278,846,0
3444,278,93,0
3445,278,968,0
3446,278,791,0
3447,278,155,0
3448,278,1078,0
3449,278,463,0
3450,278,1207,0
3451,278,360,0
3452,278,663,0
3453,278,258,0
3454,278,751,0
3455,278,276,0
3456,278,460,0
3457,278,120,0
3458,278,412,0
3459,278,165,0
3460,278,1043,0
3461,278,884,0
3462,278,955,0
3463,278,260,0
3464,278,575,0
3465,278,425,0
3466,278,753,0
3467,278,452,0
3468,278,419,0
3469,278,757,0
3470,278,249,0
3471,278,70,0
3472,278,257,0
3473,278,1151,0
3474,278,243,0
3475,278,397,0
3476,278,598,0
3477,278,329,0
3478,278,1063,0
3479,278,160,0
3480,278,728,0
3481,278,72,0
3482,278,1070,0
3483,278,682,0
3484,278,326,0
3485,278,428,0
3486,278,1301,0
3487,278,988,0
3488,278,411,0
3489,278,899,0
3490,278,364,0
3491,278,571,0
3492,278,1004,0
3493,278,1313,0
3494,278,1128,0
3495,278,166,0
3496,278,87,0
3497,278,636,0
3498,278,54,0
3499,278,507,0
3500,278,1256,0
3501,278,158,0
3502,278,73,0
3503,278,84,0
3504,278,706,0
3505,278,917,0
3506,278,421,0
3507,278,1162,0
3508,278,1133,0
3509,278,1261,0
3510,278,346,0
3511,278,768,0
3512,278,1198,0
3513,278,1254,0
3514,278,909,0
3515,278,721,0
3516,278,442,0
3517,278,234,0
3518,278,929,0
3519,278,659,0
3520,278,1124,0
3521,278,1180,0
3522,278,772,0
3523,278,804,0
3524,278,373,0
3525,278,1278,0
3526,278,518,0
3527,278,1279,0
3528,278,1095,0
3529,278,701,0
3530,278,1199,0
3531,278,432,0
3532,278,975,0
3533,278,974,0
3534,278,839,0
3535,278,714,0
3536,278,415,0
3537,278,341,0
3538,278,1049,0
3539,278,650,0
3540,278,1069,0
3541,278,167,0
3542,278,1144,0
3543,278,291,0
3544,278,693,0
3545,278,931,0
3546,278,982,0
3547,278,82,0
3548,278,633,0
3549,278,754,0
3550,278,573,0
3551,278,202,0
3552,278,200,0
3553,278,434,0
3554,278,301,0
3555,278,1305,0
3556,278,504,0
3557,278,476,0
3558,278,95,0
3559,278,205,0
3560,278,1201,0
3561,278,292,0
3562,278,426,0
3563,278,777,0
3564,278,1242,0
3565,278,1086,0
3566,278,468,0
3567,278,583,0
3568,278,525,0
3569,278,745,0
3570,278,838,0
3571,278,1053,0
3572,278,977,0
3573,278,597,0
3574,278,324,0
3575,278,539,0
3576,278,1246,0
3577,278,116,0
3578,278,810,0
3579,278,1026,0
3580,278,242,0
3581,278,740,0
3582,278,487,0
3583,278,724,0
3584,278,1235,0
3585,278,560,0
3586,278,6,0
3587,278,281,0
3588,278,1233,0
3589,278,1238,0
3590,278,926,0
3591,278,913,0
3592,278,92,0
3593,278,554,0
3594,278,715,0
3595,278,976,0
3596,278,393,0
3597,278,81,0
3598,278,1157,0
3599,278,224,0
3600,278,290,0
3601,278,1231,0
3602,278,1176,0
3603,278,987,0
3604,278,616,0
3605,278,898,0
3606,278,1087,0
3607,278,702,0
3608,278,720,0
3609,278,1239,0
3610,278,1092,0
3611,278,285,0
3612,278,255,0
3613,278,605,0
3614,278,793,0
3615,278,318,0
3616,278,499,0
3617,278,349,0
3618,278,973,0
3619,278,950,0
3620,278,509,0
3621,278,940,0
3622,278,69,0
3623,278,1038,0
3624,278,266,0
3625,278,707,0
3626,278,470,0
3627,278,1192,0
3628,278,1045,0
3629,278,872,0
3630,278,176,0
3631,278,250,0
3632,278,121,0
3633,278,466,0
3634,278,954,0
3635,278,187,0
3636,278,1229,0
3637,278,1170,0
3638,278,537,0
3639,278,223,0
3640,278,480,0
3641,278,943,0
3642,278,1140,0
3643,278,1024,0
3644,278,794,0
3645,278,1060,0
3646,278,995,0
3647,278,65,0
3648,278,514,0
3649,278,1219,0
3650,278,236,0
3651,278,386,0
3652,278,1263,0
3653,278,1119,0
3654,278,36,0
3655,278,1247,0
3656,278,855,0
3657,278,338,0
3658,278,287,0
3659,278,519,0
3660,278,437,0
3661,278,763,0
3662,278,1197,0
3663,278,175,0
3664,278,880,0
3665,278,35,0
3666,278,350,0
3667,278,536,0
3668,278,759,0
3669,278,782,0
3670,278,1289,0
3671,278,1134,0
3672,278,328,0
3673,278,24,0
3674,278,1118,0
3675,278,949,0
3676,278,858,0
3677,278,722,0
3678,278,723,0
3679,278,623,0
3680,278,938,0
3681,278,469,0
3682,278,431,0
3683,278,709,0
3684,278,608,0
3685,278,1008,0
3686,278,1316,0
3687,278,1120,0
3688,278,656,0
3689,278,1093,0
3690,278,427,0
3691,278,662,0
3692,278,494,0
3693,278,690,0
3694,278,194,0
3695,278,1211,0
3696,278,878,0
3697,278,1190,0
3698,278,1306,0
3699,278,653,0
3700,278,1149,0
3701,278,42,0
3702,278,352,0
3703,278,1,0
3704,278,562,0
3705,278,760,0
3706,278,1015,0
3707,278,10,0
3708,278,13,0
3709,278,595,0
3710,278,508,0
3711,278,712,0
3712,278,1276,0
3713,278,808,0
3714,278,279,0
3715,278,607,0
3716,278,256,0
3717,278,1291,0
3718,278,422,0
3719,278,521,0
3720,278,274,0
3721,278,1259,0
3722,278,717,0
3723,278,1303,0
3724,278,1097,0
3725,278,703,0
3726,278,429,0
3727,278,355,0
3728,278,188,0
3729,278,1240,0
3730,278,216,0
3731,278,1312,0
3732,278,359,0
3733,278,647,0
3734,278,1066,0
3735,278,939,0
3736,278,657,0
3737,278,579,0
3738,278,705,0
3739,278,686,0
3740,278,367,0
3741,278,881,0
3742,278,474,0
3743,278,77,0
3744,278,764,0
3745,278,621,0
3746,278,296,0
3747,278,1172,0
3748,278,353,0
3749,278,387,0
3750,278,684,0
3751,278,969,0
3752,278,1193,0
3753,278,169,0
3754,278,588,0
3755,278,244,0
3756,278,384,0
3757,278,496,0
3758,278,803,0
3759,278,604,0
3760,278,38,0
3761,278,1036,0
3762,278,769,0
3763,278,64,0
3764,278,517,0
3765,278,61,0
3766,278,379,0
3767,278,1292,0
3768,278,552,0
3769,278,1200,0
3770,278,222,0
3771,278,924,0
3772,278,755,0
3773,278,1220,0
3774,278,674,0
3775,278,458,0
3776,278,1025,0
3777,278,330,0
3778,278,211,0
3779,278,1055,0
3780,278,928,0
3781,278,627,0
3782,278,1182,0
3783,278,489,0
3784,278,1310,0
3785,278,1275,0
3786,278,530,0
3787,278,661,0
3788,278,664,0
3789,278,857,0
3790,278,484,0
3791,278,774,0
3792,278,83,0
3793,278,799,0
3794,278,271,0
3795,278,596,0
3796,278,104,0
3797,278,1071,0
3798,278,1113,0
3799,278,1035,0
3800,278,46,0
3801,278,430,0
3802,278,1241,0
3803,278,958,0
3804,278,374,0
3805,278,75,0
3806,278,144,0
3807,278,21,0
3808,278,483,0
3809,278,403,0
3810,278,34,0
3811,278,26,0
3812,278,170,0
3813,278,233,0
3814,278,1188,0
3815,278,546,0
3816,278,911,0
3817,278,634,0
3818,278,417,0
3819,278,512,0
3820,278,626,0
3821,278,337,0
3822,278,139,0
3823,278,819,0
3824,278,406,0
3825,278,174,0
3826,278,1250,0
3827,278,351,0
3828,278,903,0
3829,278,99,0
3830,278,788,0
3831,278,440,0
3832,278,122,0
3833,278,528,0
3834,278,486,0
3835,278,994,0
3836,278,473,0
3837,278,1286,0
3838,278,522,0
3839,278,168,0
3840,278,409,0
3841,278,52,0
3842,278,1091,0
3843,278,413,0
3844,278,1248,0
3845,278,53,0
3846,278,850,0
3847,278,358,0
3848,278,888,0
3849,278,449,0
3850,278,946,0
3851,278,962,0
3852,278,1047,0
3853,278,14,0
3854,278,51,0
3855,278,203,0
3856,278,620,0
3857,278,1195,0
3858,278,645,0
3859,278,1225,0
3860,278,820,0
3861,278,1175,0
3862,278,697,0
3863,278,784,0
3864,278,797,0
3865,278,811,0
3866,278,1163,0
3867,278,306,0
3868,278,404,0
3869,278,778,0
3870,278,248,0
3871,278,847,0
3872,278,840,0
3873,278,923,0
3874,278,921,0
3875,278,215,0
3876,278,123,0
3877,278,1023,0
3878,278,559,0
3879,278,1076,0
3880,278,1288,0
3881,278,677,0
3882,278,1169,0
3883,278,557,0
3884,278,1281,0
3885,278,129,0
3886,278,71,0
3887,278,212,0
3888,278,935,0
3889,278,670,0
3890,278,105,0
3891,278,877,0
3892,278,829,0
3893,278,232,0
3894,278,996,0
3895,278,914,0
3896,278,816,0
3897,278,436,0
3898,278,375,0
3899,278,584,0
3900,278,927,0
3901,278,1010,0
3902,278,433,0
3903,278,641,0
3904,278,2,0
3905,278,1041,0
3906,278,103,0
3907,278,455,0
3908,278,1221,0
3909,278,439,0
3910,278,180,0
3911,278,201,0
3912,278,288,0
3913,278,1072,0
3914,278,665,0
3915,278,472,0
3916,278,1269,0
3917,278,289,0
3918,278,19,0
3919,278,303,0
3920,278,1011,0
3921,278,506,0
3922,278,566,0
3923,278,971,0
3924,278,952,0
3925,278,741,0
3926,278,1244,0
3927,278,658,0
3928,278,28,0
3929,278,475,0
3930,278,698,0
3931,278,363,0
3932,278,366,0
3933,278,965,0
3934,278,97,0
3935,278,1075,0
3936,278,802,0
3937,278,490,0
3938,278,941,0
3939,278,1062,0
3940,278,389,0
3941,278,1061,0
3942,278,916,0
3943,278,752,0
3944,278,817,0
3945,278,860,0
3946,278,286,0
3947,278,1184,0
3948,278,1103,0
3949,278,957,0
3950,278,671,0
3951,278,1150,0
3952,278,133,0
3953,278,416,0
3954,278,1277,0
3955,278,335,0
3956,278,1272,0
3957,278,967,0
3958,278,317,0
3959,278,1154,0
3960,278,1258,0
3961,278,485,0
3962,278,206,0
3963,278,534,0
3964,278,617,0
3965,278,41,0
3966,278,1177,0
3967,278,553,0
3968,278,370,0
3969,278,23,0
3970,278,145,0
3971,278,229,0
3972,278,801,0
3973,278,342,0
3974,278,44,0
3975,278,1314,0
3976,278,614,0
3977,278,947,0
3978,278,1001,0
3979,278,213,0
3980,278,265,0
3981,278,1208,0
3982,278,1132,0
3983,278,1057,0
3984,278,625,0
3985,278,862,0
3986,278,1253,0
3987,278,173,0
3988,278,163,0
3989,278,1234,0
3990,278,1307,0
3991,278,742,0
3992,278,1064,0
3993,278,922,0
3994,278,593,0
3995,278,68,0
3996,278,300,0
3997,278,56,0
3998,278,183,0
3999,278,110,0
4000,278,876,0
4001,278,297,0
4002,278,18,0
4003,278,746,0
4004,278,901,0
4005,278,781,0
4006,278,970,0
4007,278,823,0
4008,278,1227,0
4009,278,813,0
4010,278,1223,0
4011,278,179,0
4012,278,533,0
4013,278,391,0
4014,278,789,0
4015,278,331,0
4016,278,869,0
4017,278,453,0
4018,278,944,0
4019,278,16,0
4020,278,1146,0
4021,278,142,0
4022,278,282,0
4023,278,151,0
4024,278,247,0
4025,278,654,0
4026,278,322,0
4027,278,964,0
4028,278,578,0
4029,278,1050,0
4030,278,1105,0
4031,278,1137,0
4032,278,388,0
4033,278,736,0
4034,278,447,0
4035,278,894,0
4036,278,385,0
4037,278,109,0
4038,278,1138,0
4039,278,1295,0
4040,278,269,0
4041,278,1282,0
4042,278,1260,0
4043,278,874,0
4044,278,78,0
4045,278,1168,0
4046,278,1185,0
4047,278,602,0
4048,278,354,0
4049,278,989,0
4050,278,824,0
4051,278,1083,0
4052,278,50,0
4053,278,178,0
4054,278,998,0
4055,278,679,0
4056,278,1143,0
4057,278,1032,0
4058,278,1056,0
4059,278,1042,0
4060,278,1034,0
4061,278,198,0
4062,278,629,0
4063,278,556,0
4064,278,681,0
4065,278,900,0
4066,278,1155,0
4067,278,934,0
4068,278,726,0
4069,278,1122,0
4070,278,1059,0
4071,278,195,0
4072,278,1297,0
4073,278,828,0
4074,278,541,0
4075,278,217,0
4076,278,315,0
4077,278,523,0
4078,278,632,0
4079,278,1315,0
4080,278,32,0
4081,278,1121,0
4082,278,920,0
4083,278,675,0
4084,278,545,0
4085,278,883,0
4086,278,443,0
4087,278,842,0
4088,278,3,0
4089,278,450,0
4090,278,130,0
4091,278,400,0
4092,278,405,0
4093,278,651,0
4094,278,868,0
4095,278,503,0
4096,278,1102,0
4097,278,1290,0
4098,278,601,0
4099,278,843,0
4100,278,333,0
4101,278,1017,0
4102,278,628,0
4103,278,582,0
4104,278,738,0
4105,278,5,0
4106,278,1264,0
4107,278,1171,0
4108,278,262,0
4109,278,420,0
4110,278,398,0
4111,278,983,0
4112,278,809,0
4113,278,1129,0
4114,278,685,0
4115,278,1018,0
4116,278,17,0
4117,278,418,0
4118,278,305,0
4119,278,833,0
4120,278,544,0
4121,278,177,0
4122,278,879,0
4123,278,1044,0
4124,278,966,0
4125,278,1039,0
4126,278,873,0
4127,278,1084,0
4128,278,465,0
4129,278,581,0
4130,278,491,0
4131,278,1099,0
4132,278,382,0
4133,278,669,0
4134,278,1186,0
4135,278,488,0
4136,278,594,0
4137,278,45,0
4138,278,818,0
4139,278,219,0
4140,278,371,0
4141,278,710,0
4142,278,381,0
4143,278,951,0
4144,278,220,0
4145,278,1294,0
4146,278,323,0
4147,278,906,0
4148,278,304,0
4149,278,1159,0
4150,278,652,0
4151,278,730,0
4152,278,1202,0
4153,278,1019,0
4154,278,849,0
4155,278,1067,0
4156,278,259,0
4157,278,252,0
4158,278,586,0
4159,278,830,0
4160,278,737,0
4161,278,897,0
4162,278,915,0
4163,278,156,0
4164,278,111,0
4165,278,700,0
4166,332,693,0
4167,332,545,0
4168,332,157,0
4169,332,1034,0
4170,332,94,0
4171,332,644,0
4172,332,274,0
4173,332,989,0
4174,332,998,0
4175,332,1180,0
4176,332,649,0
4177,332,1032,0
4178,332,860,0
4179,332,765,0
4180,332,731,0
4181,332,149,0
4182,332,351,0
4183,332,1308,0
4184,332,411,0
4185,332,318,0
4186,332,840,0
4187,332,839,0
4188,332,1190,0
4189,332,464,0
4190,332,465,0
4191,332,1181,0
4192,332,264,0
4193,332,135,0
4194,332,95,0
4195,332,192,0
4196,332,708,0
4197,332,622,0
4198,332,747,0
4199,332,586,0
4200,332,821,0
4201,332,1097,0
4202,332,1116,0
4203,332,39,0
4204,332,674,0
4205,332,58,0
4206,332,554,0
4207,332,1049,0
4208,332,1106,0
4209,332,323,0
4210,332,1013,0
4211,332,218,0
4212,332,575,0
4213,332,703,0
4214,332,170,0
4215,332,1172,0
4216,332,864,0
4217,332,902,0
4218,332,970,0
4219,332,833,0
4220,332,1306,0
4221,332,362,0
4222,332,178,0
4223,332,1123,0
4224,332,514,0
4225,332,648,0
4226,332,582,0
4227,332,774,0
4228,332,738,0
4229,332,615,0
4230,332,269,0
4231,332,442,0
4232,332,148,0
4233,332,1215,0
4234,332,270,0
4235,332,232,0
4236,332,744,0
4237,332,44,0
4238,332,138,0
4239,332,430,0
4240,332,136,0
4241,332,46,0
4242,332,358,0
4243,332,485,0
4244,332,453,0
4245,332,281,0
4246,332,209,0
4247,332,507,0
4248,332,934,0
4249,332,706,0
4250,332,1200,0
4251,332,1052,0
4252,332,143,0
4253,332,861,0
4254,332,637,0
4255,332,992,0
4256,332,23,0
4257,332,886,0
4258,332,990,0
4259,332,848,0
4260,332,512,0
4261,332,50,0
4262,332,664,0
4263,332,331,0
4264,332,724,0
4265,332,536,0
4266,332,947,0
4267,332,1259,0
4268,332,279,0
4269,332,823,0
4270,332,321,0
4271,332,778,0
4272,332,1311,0
4273,332,312,0
4274,332,1055,0
4275,332,96,0
4276,332,1275,0
4277,332,868,0
4278,332,865,0
4279,332,478,0
4280,332,1199,0
4281,332,1085,0
4282,332,397,0
4283,332,60,0
4284,332,685,0
4285,332,1070,0
4286,332,607,0
4287,332,1193,0
4288,332,146,0
4289,332,1210,0
4290,332,379,0
4291,332,954,0
4292,332,1262,0
4293,332,624,0
4294,332,474,0
4295,332,492,0
4296,332,746,0
4297,332,712,0
4298,332,909,0
4299,332,666,0
4300,332,631,0
4301,332,381,0
4302,332,101,0
4303,332,187,0
4304,332,905,0
4305,332,395,0
4306,332,755,0
4307,332,694,0
4308,332,912,0
4309,332,929,0
4310,332,1159,0
4311,332,888,0
4312,332,375,0
4313,332,367,0
4314,332,1254,0
4315,332,413,0
4316,332,1229,0
4317,332,207,0
4318,332,1002,0
4319,332,1290,0
4320,332,1300,0
4321,332,496,0
4322,332,103,0
4323,332,372,0
4324,332,180,0
4325,332,1167,0
4326,332,468,0
4327,332,849,0
4328,332,776,0
4329,332,294,0
4330,332,330,0
4331,332,1081,0
4332,332,1078,0
4333,332,628,0
4334,332,374,0
4335,332,354,0
4336,332,1182,0
4337,332,616,0
4338,332,53,0
4339,332,525,0
4340,332,324,0
4341,332,339,0
4342,332,558,0
4343,332,805,0
4344,332,802,0
4345,332,319,0
4346,332,371,0
4347,332,212,0
4348,332,605,0
4349,332,195,0
4350,332,1021,0
4351,332,680,0
4352,332,880,0
4353,332,532,0
4354,332,33,0
4355,332,727,0
4356,332,255,0
4357,332,166,0
4358,332,557,0
4359,332,499,0
4360,332,131,0
4361,332,953,0
4362,332,116,0
4363,332,75,0
4364,332,874,0
4365,332,20,0
4366,332,448,0
4367,332,997,0
4368,332,1213,0
4369,332,551,0
4370,332,278,0
4371,332,1031,0
4372,332,577,0
4373,332,804,0
4374,332,376,0
4375,332,296,0
4376,332,200,0
4377,332,433,0
4378,332,251,0
4379,332,71,0
4380,332,405,0
4381,332,327,0
4382,332,1284,0
4383,332,1227,0
4384,332,1086,0
4385,332,226,0
4386,332,349,0
4387,332,114,0
4388,332,1197,0
4389,332,451,0
4390,332,673,0
4391,332,749,0
4392,332,79,0
4393,332,570,0
4394,332,638,0
4395,332,1194,0
4396,332,571,0
4397,332,892,0
4398,332,806,0
4399,332,539,0
4400,332,29,0
4401,332,633,0
4402,332,779,0
4403,332,423,0
4404,332,1161,0
4405,332,697,0
4406,332,942,0
4407,332,342,0
4408,332,827,0
4409,332,224,0
4410,332,1118,0
4411,332,825,0
4412,332,458,0
4413,332,115,0
4414,332,78,0
4415,332,895,0
4416,332,906,0
4417,332,434,0
4418,332,803,0
4419,332,424,0
4420,332,432,0
4421,332,1211,0
4422,332,388,0
4423,332,983,0
4424,332,943,0
4425,332,258,0
4426,332,1073,0
4427,332,1166,0
4428,332,1045,0
4429,332,835,0
4430,332,1296,0
4431,332,303,0
4432,332,1257,0
4433,332,632,0
4434,332,493,0
4435,332,1196,0
4436,332,418,0
4437,332,1064,0
4438,332,247,0
4439,332,450,0
4440,332,1151,0
4441,332,994,0
4442,332,1137,0
4443,332,764,0
4444,332,1025,0
4445,332,991,0
4446,332,748,0
4447,332,576,0
4448,332,117,0
4449,332,1041,0
4450,332,229,0
4451,332,259,0
4452,332,55,0
4453,332,1128,0
4454,332,194,0
4455,332,152,0
4456,332,583,0
4457,332,1066,0
4458,332,233,0
4459,332,1109,0
4460,332,1251,0
4461,332,184,0
4462,332,500,0
4463,332,447,0
4464,332,428,0
4465,332,1293,0
4466,332,1288,0
4467,332,237,0
4468,332,64,0
4469,332,202,0
4470,332,1005,0
4471,332,130,0
4472,332,800,0
4473,332,878,0
4474,332,587,0
4475,332,244,0
4476,332,842,0
4477,332,1209,0
4478,332,653,0
4479,332,109,0
4480,332,1202,0
4481,332,736,0
4482,332,1048,0
4483,332,597,0
4484,332,1310,0
4485,332,1090,0
4486,332,449,0
4487,332,965,0
4488,332,1313,0
4489,332,1018,0
4490,332,30,0
4491,332,295,0
4492,332,910,0
4493,332,1059,0
4494,332,17,0
4495,332,986,0
4496,332,1080,0
4497,332,172,0
4498,332,490,0
4499,332,572,0
4500,332,1292,0
4501,332,841,0
4502,332,1188,0
4503,332,651,0
4504,332,922,0
4505,332,789,0
4506,332,1270,0
4507,332,978,0
4508,332,643,0
4509,332,249,0
4510,332,174,0
4511,332,288,0
4512,332,544,0
4513,332,734,0
4514,332,1263,0
4515,332,416,0
4516,332,537,0
4517,332,1077,0
4518,332,491,0
4519,332,816,0
4520,332,1029,0
4521,332,1302,0
4522,332,42,0
4523,332,975,0
4524,332,271,0
4525,332,655,0
4526,332,770,0
4527,332,623,0
4528,332,387,0
4529,332,406,0
4530,332,781,0
4531,332,608,0
4532,332,834,0
4533,332,1067,0
4534,332,221,0
4535,332,72,0
4536,332,203,0
4537,332,1129,0
4538,332,56,0
4539,332,69,0
4540,332,620,0
4541,332,217,0
4542,332,1237,0
4543,332,1203,0
4544,332,1063,0
4545,332,1144,0
4546,332,1304,0
4547,332,716,0
4548,332,1318,0
4549,332,391,0
4550,332,1201,0
4551,332,83,0
4552,332,1112,0
4553,332,657,0
4554,332,645,0
4555,332,74,0
4556,332,613,0
4557,332,1069,0
4558,332,139,0
4559,332,1303,0
4560,332,1028,0
4561,332,437,0
4562,332,394,0
4563,332,513,0
4564,332,771,0
4565,332,604,0
4566,332,1008,0
4567,332,1084,0
4568,332,460,0
4569,332,879,0
4570,332,772,0
4571,332,11,0
4572,332,1076,0
4573,332,967,0
4574,332,1158,0
4575,332,566,0
4576,332,756,0
4577,332,696,0
4578,332,610,0
4579,332,385,0
4580,332,938,0
4581,332,1267,0
4582,332,481,0
4583,332,1165,0
4584,332,753,0
4585,332,739,0
4586,332,733,0
4587,332,556,0
4588,332,787,0
4589,332,1150,0
4590,332,560,0
4591,332,966,0
4592,332,40,0
4593,332,1248,0
4594,332,573,0
4595,332,1221,0
4596,332,1142,0
4597,332,466,0
4598,332,245,0
4599,332,1289,0
4600,332,732,0
4601,332,1207,0
4602,332,754,0
4603,332,335,0
4604,332,1240,0
4605,332,85,0
4606,332,993,0
4607,332,561,0
4608,332,540,0
4609,332,286,0
4610,332,98,0
4611,332,3,0
4612,332,735,0
4613,332,569,0
4614,332,782,0
4615,332,609,0
4616,332,667,0
4617,332,363,0
4618,332,647,0
4619,332,153,0
4620,332,1061,0
4621,332,87,0
4622,332,832,0
4623,332,826,0
4624,332,291,0
4625,332,1000,0
4626,332,1174,0
4627,332,713,0
4628,332,489,0
4629,332,225,0
4630,332,121,0
4631,332,555,0
4632,332,790,0
4633,332,502,0
4634,332,751,0
4635,332,256,0
4636,332,393,0
4637,332,960,0
4638,332,8,0
4639,332,370,0
4640,332,1071,0
4641,332,360,0
4642,332,1291,0
4643,332,1107,0
4644,332,163,0
4645,332,881,0
4646,332,1171,0
4647,332,147,0
4648,332,1244,0
4649,332,678,0
4650,332,679,0
4651,332,594,0
4652,332,526,0
4653,332,223,0
4654,332,946,0
4655,332,353,0
4656,332,426,0
4657,332,25,0
4658,332,1095,0
4659,332,565,0
4660,332,436,0
4661,332,1169,0
4662,332,658,0
4663,332,669,0
4664,332,1,0
4665,332,158,0
4666,332,201,0
4667,332,1234,0
4668,332,277,0
4669,332,908,0
4670,332,92,0
4671,332,162,0
4672,332,1087,0
4673,332,206,0
4674,332,852,0
4675,332,1046,0
4676,332,113,0
4677,332,1183,0
4678,332,650,0
4679,332,634,0
4680,332,18,0
4681,332,81,0
4682,332,26,0
4683,332,969,0
4684,332,1224,0
4685,332,495,0
4686,332,1089,0
4687,332,383,0
4688,332,1100,0
4689,332,635,0
4690,332,777,0
4691,332,963,0
4692,332,618,0
4693,332,443,0
4694,332,1120,0
4695,332,1277,0
4696,332,76,0
4697,332,5,0
4698,332,652,0
4699,332,1057,0
4700,332,310,0
4701,332,1154,0
4702,332,384,0
4703,332,14,0
4704,332,563,0
4705,332,1265,0
4706,332,401,0
4707,332,389,0
4708,332,750,0
4709,332,336,0
4710,332,477,0
4711,332,974,0
4712,332,475,0
4713,332,814,0
4714,332,250,0
4715,332,445,0
4716,332,836,0
4717,332,1258,0
4718,332,654,0
4719,332,1280,0
4720,332,830,0
4721,332,715,0
4722,332,409,0
4723,332,13,0
4724,332,1148,0
4725,332,640,0
4726,332,1315,0
4727,332,601,0
4728,332,977,0
4729,332,600,0
4730,332,260,0
4731,332,122,0
4732,332,1092,0
4733,332,578,0
4734,332,913,0
4735,332,186,0
4736,332,305,0
4737,332,299,0
4738,332,785,0
4739,332,1114,0
4740,332,173,0
4741,332,150,0
4742,332,304,0
4743,332,1314,0
4744,332,985,0
4745,332,91,0
4746,332,1146,0
4747,332,329,0
4748,332,328,0
4749,332,70,0
4750,332,137,0
4751,332,517,0
4752,332,399,0
4753,332,1023,0
4754,332,813,0
4755,332,390,0
4756,332,1143,0
4757,332,1245,0
4758,332,159,0
4759,332,955,0
4760,332,851,0
4761,332,877,0
4762,332,280,0
4763,332,856,0
4764,332,257,0
4765,332,102,0
4766,332,1068,0
4767,332,1238,0
4768,332,125,0
4769,332,676,0
4770,332,345,0
4771,332,144,0
4772,332,333,0
4773,332,818,0
4774,332,511,0
4775,332,1252,0
4776,332,161,0
4777,332,745,0
4778,332,402,0
4779,332,1083,0
4780,332,792,0
4781,332,1260,0
4782,332,1255,0
4783,332,1094,0
4784,332,1098,0
4785,332,315,0
4786,332,595,0
4787,332,132,0
4788,332,272,0
4789,332,1281,0
4790,332,542,0
4791,332,987,0
4792,332,1065,0
4793,332,88,0
4794,332,932,0
4795,332,420,0
4796,332,701,0
4797,332,824,0
4798,332,1241,0
4799,332,1004,0
4800,332,695,0
4801,332,799,0
4802,332,911,0
4803,332,415,0
4804,332,412,0
4805,332,939,0
4806,332,530,0
4807,332,343,0
4808,332,473,0
4809,332,86,0
4810,332,763,0
4811,332,783,0
4812,332,231,0
4813,332,1253,0
4814,332,675,0
4815,332,68,0
4816,332,1139,0
4817,332,311,0
4818,332,548,0
4819,332,165,0
4820,332,711,0
4821,332,189,0
4822,332,438,0
4823,332,156,0
4824,332,807,0
4825,332,705,0
4826,332,1134,0
4827,332,1113,0
4828,332,740,0
4829,332,129,0
4830,332,896,0
4831,332,520,0
4832,332,584,0
4833,332,793,0
4834,332,891,0
4835,332,252,0
4836,332,592,0
4837,332,1298,0
4838,332,900,0
4839,332,872,0
4840,332,1287,0
4841,332,845,0
4842,332,470,0
4843,332,273,0
4844,332,1195,0
4845,332,1149,0
4846,332,1050,0
4847,332,728,0
4848,332,446,0
4849,332,1187,0
4850,332,290,0
4851,332,1317,0
4852,332,421,0
4853,332,1272,0
4854,332,757,0
4855,332,1040,0
4856,332,588,0
4857,332,1198,0
4858,332,1141,0
4859,332,1138,0
4860,332,142,0
4861,332,1269,0
4862,332,176,0
4863,332,692,0
4864,332,1047,0
4865,332,1060,0
4866,332,742,0
4867,332,1037,0
4868,332,124,0
4869,332,547,0
4870,332,205,0
4871,332,348,0
4872,332,1208,0
4873,332,89,0
4874,332,1286,0
4875,332,228,0
4876,332,141,0
4877,332,313,0
4878,332,775,0
4879,332,63,0
4880,332,73,0
4881,332,663,0
4882,332,356,0
4883,332,119,0
4884,332,219,0
4885,332,962,0
4886,332,809,0
4887,332,211,0
4888,332,919,0
4889,332,6,0
4890,332,723,0
4891,332,917,0
4892,332,984,0
4893,332,710,0
4894,332,377,0
4895,332,1247,0
4896,332,1099,0
4897,332,37,0
4898,332,120,0
4899,332,12,0
4900,332,677,0
4901,332,439,0
4902,332,769,0
4903,332,527,0
4904,332,1016,0
4905,332,641,0
4906,332,160,0
4907,332,1026,0
4908,332,1121,0
4909,332,459,0
4910,332,440,0
4911,332,686,0
4912,332,614,0
4913,332,801,0
4914,332,431,0
4915,332,1268,0
4916,332,167,0
4917,332,230,0
4918,332,612,0
4919,332,309,0
4920,332,1019,0
4921,469,533,0
4922,469,1065,0
4923,469,968,0
4924,469,341,0
4925,469,442,0
4926,469,438,0
4927,469,544,0
4928,469,920,0
4929,469,976,0
4930,469,409,0
4931,469,559,0
4932,469,184,0
4933,469,715,0
4934,469,876,0
4935,469,644,0
4936,469,148,0
4937,469,1145,0
4938,469,394,0
4939,469,1274,0
4940,469,974,0
4941,469,1277,0
4942,469,1290,0
4943,469,459,0
4944,469,94,0
4945,469,789,0
4946,469,836,0
4947,469,889,0
4948,469,605,0
4949,469,754,0
4950,469,608,0
4951,469,1074,0
4952,469,388,0
4953,469,1177,0
4954,469,255,0
4955,469,971,0
4956,469,989,0
4957,469,1300,0
4958,469,908,0
4959,469,1021,0
4960,469,178,0
4961,469,1024,0
4962,469,226,0
4963,469,186,0
4964,469,74,0
4965,469,381,0
4966,469,233,0
4967,469,1049,0
4968,469,15,0
4969,469,881,0
4970,469,785,0
4971,469,807,0
4972,469,1183,0
4973,469,1210,0
4974,469,1025,0
4975,469,333,0
4976,469,865,0
4977,469,47,0
4978,469,492,0
4979,469,578,0
4980,469,514,0
4981,469,984,0
4982,469,1078,0
4983,469,576,0
4984,469,1198,0
4985,469,286,0
4986,469,78,0
4987,469,64,0
4988,469,20,0
4989,469,1040,0
4990,469,413,0
4991,469,87,0
4992,469,197,0
4993,469,355,0
4994,469,114,0
4995,469,1129,0
4996,469,41,0
4997,469,1225,0
4998,469,1223,0
4999,469,1036,0
5000,469,658,0
5001,469,51,0
5002,469,527,0
5003,469,54,0
5004,469,427,0
5005,469,1275,0
5006,469,866,0
5007,469,1262,0
5008,469,1239,0
5009,469,1051,0
5010,469,1245,0
5011,469,3,0
5012,469,1165,0
5013,469,230,0
5014,469,806,0
5015,469,196,0
5016,469,1052,0
5017,469,1117,0
5018,469,410,0
5019,469,1190,0
5020,469,1228,0
5021,469,700,0
5022,469,1316,0
5023,469,573,0
5024,469,600,0
5025,469,53,0
5026,469,941,0
5027,469,256,0
5028,469,447,0
5029,469,222,0
5030,469,285,0
5031,469,563,0
5032,469,1202,0
5033,469,735,0
5034,469,198,0
5035,469,385,0
5036,469,218,0
5037,469,835,0
5038,469,29,0
5039,469,373,0
5040,469,437,0
5041,469,1020,0
5042,469,660,0
5043,469,1060,0
5044,469,121,0
5045,469,418,0
5046,469,433,0
5047,469,481,0
5048,469,801,0
5049,469,490,0
5050,469,208,0
5051,469,679,0
5052,469,734,0
5053,469,1188,0
5054,469,0,0
5055,469,619,0
5056,469,61,0
5057,469,1038,0
5058,469,1027,0
5059,469,1310,0
5060,469,1199,0
5061,469,290,0
5062,469,803,0
5063,469,1076,0
5064,469,435,0
5065,469,515,0
5066,469,136,0
5067,469,372,0
5068,469,690,0
5069,469,669,0
5070,469,431,0
5071,469,1271,0
5072,469,1318,0
5073,469,161,0
5074,469,342,0
5075,469,1108,0
5076,469,930,0
5077,469,970,0
5078,469,1010,0
5079,469,85,0
5080,469,1008,0
5081,469,810,0
5082,469,822,0
5083,469,966,0
5084,469,853,0
5085,469,347,0
5086,469,248,0
5087,469,1090,0
5088,469,479,0
5089,469,821,0
5090,469,307,0
5091,469,558,0
5092,469,157,0
5093,469,374,0
5094,469,767,0
5095,469,1302,0
5096,469,434,0
5097,469,696,0
5098,469,1124,0
5099,469,774,0
5100,469,143,0
5101,469,642,0
5102,469,752,0
5103,469,858,0
5104,469,882,0
5105,469,885,0
5106,469,395,0
5107,469,692,0
5108,469,1128,0
5109,469,612,0
5110,469,243,0
5111,469,1104,0
5112,469,70,0
5113,469,961,0
5114,469,771,0
5115,469,346,0
5116,469,455,0
5117,469,918,0
5118,469,488,0
5119,469,1123,0
5120,469,1050,0
5121,469,530,0
5122,469,1029,0
5123,469,1209,0
5124,469,793,0
5125,469,1280,0
5126,469,557,0
5127,469,651,0
5128,469,1095,0
5129,469,84,0
5130,469,722,0
5131,469,83,0
5132,469,366,0
5133,469,1186,0
5134,469,360,0
5135,469,154,0
5136,469,1282,0
5137,469,1077,0
5138,469,571,0
5139,469,428,0
5140,469,127,0
5141,469,153,0
5142,469,1298,0
5143,469,1163,0
5144,469,480,0
5145,469,349,0
5146,469,676,0
5147,469,1178,0
5148,469,404,0
5149,469,287,0
5150,469,891,0
5151,469,841,0
5152,469,1219,0
5153,469,986,0
5154,469,631,0
5155,469,1017,0
5156,469,108,0
5157,469,232,0
5158,469,1232,0
5159,469,1022,0
5160,469,543,0
5161,469,516,0
5162,469,63,0
5163,469,932,0
5164,469,528,0
5165,469,139,0
5166,469,461,0
5167,469,28,0
5168,469,252,0
5169,469,596,0
5170,469,924,0
5171,469,80,0
5172,469,510,0
5173,469,607,0
5174,469,1235,0
5175,469,790,0
5176,469,12,0
5177,469,583,0
5178,469,584,0
5179,469,717,0
5180,469,927,0
5181,469,414,0
5182,469,632,0
5183,469,1018,0
5184,469,124,0
5185,469,501,0
5186,469,191,0
5187,469,96,0
5188,469,915,0
5189,469,623,0
5190,469,119,0
5191,469,100,0
5192,469,491,0
5193,469,933,0
5194,469,513,0
5195,469,504,0
5196,469,213,0
5197,469,1059,0
5198,469,467,0
5199,469,728,0
5200,469,9,0
5201,469,951,0
5202,469,402,0
5203,469,1153,0
5204,469,1114,0
5205,469,830,0
5206,469,180,0
5207,469,473,0
5208,469,731,0
5209,469,323,0
5210,469,1250,0
5211,469,550,0
5212,469,151,0
5213,469,361,0
5214,469,689,0
5215,469,40,0
5216,469,1308,0
5217,469,309,0
5218,469,819,0
5219,469,72,0
5220,469,873,0
5221,469,827,0
5222,469,786,0
5223,469,115,0
5224,469,234,0
5225,469,43,0
5226,469,862,0
5227,469,589,0
5228,469,324,0
5229,469,19,0
5230,469,229,0
5231,469,1179,0
5232,469,111,0
5233,469,1116,0
5234,469,344,0
5235,469,763,0
5236,469,907,0
5237,469,637,0
5238,469,1070,0
5239,469,716,0
5240,469,36,0
5241,469,628,0
5242,469,953,0
5243,469,264,0
5244,469,778,0
5245,469,905,0
5246,469,1281,0
5247,469,103,0
5248,469,800,0
5249,469,439,0
5250,469,110,0
5251,469,762,0
5252,469,46,0
5253,469,599,0
5254,469,58,0
5255,469,79,0
5256,469,964,0
5257,469,117,0
5258,469,1196,0
5259,469,963,0
5260,469,648,0
5261,469,370,0
5262,469,508,0
5263,469,1155,0
5264,469,541,0
5265,469,430,0
5266,469,90,0
5267,469,1034,0
5268,469,824,0
5269,469,350,0
5270,469,141,0
5271,469,1039,0
5272,469,842,0
5273,469,1307,0
5274,469,245,0
5275,469,1211,0
5276,469,1285,0
5277,469,769,0
5278,469,1054,0
5279,469,1170,0
5280,469,88,0
5281,469,750,0
5282,469,959,0
5283,469,560,0
5284,469,1062,0
5285,469,1217,0
5286,469,67,0
5287,469,843,0
5288,469,407,0
5289,469,729,0
5290,469,1197,0
5291,469,8,0
5292,469,1174,0
5293,469,569,0
5294,469,1146,0
5295,469,1237,0
5296,469,1247,0
5297,469,179,0
5298,469,316,0
5299,469,1037,0
5300,469,57,0
5301,469,872,0
5302,469,732,0
5303,469,635,0
5304,469,1248,0
5305,469,101,0
5306,469,586,0
5307,469,1011,0
5308,469,246,0
5309,469,273,0
5310,469,1192,0
5311,469,164,0
5312,469,470,0
5313,469,697,0
5314,469,593,0
5315,469,1256,0
5316,469,1072,0
5317,469,212,0
5318,469,377,0
5319,469,777,0
5320,469,844,0
5321,469,391,0
5322,469,625,0
5323,469,534,0
5324,469,422,0
5325,469,1149,0
5326,469,645,0
5327,469,797,0
5328,469,1014,0
5329,469,987,0
5330,469,657,0
5331,469,921,0
5332,469,18,0
5333,469,411,0
5334,469,408,0
5335,469,548,0
5336,469,999,0
5337,469,1044,0
5338,469,1230,0
5339,469,743,0
5340,469,319,0
5341,469,668,0
5342,469,969,0
5343,469,1043,0
5344,469,265,0
5345,469,1189,0
5346,469,958,0
5347,469,311,0
5348,469,1023,0
5349,469,16,0
5350,469,535,0
5351,469,384,0
5352,469,1144,0
5353,469,11,0
5354,469,1295,0
5355,469,856,0
5356,469,1254,0
5357,469,601,0
5358,469,156,0
5359,469,69,0
5360,469,622,0
5361,469,354,0
5362,469,854,0
5363,469,202,0
5364,469,209,0
5365,469,1085,0
5366,469,634,0
5367,469,1035,0
5368,469,985,0
5369,469,795,0
5370,469,334,0
5371,469,1215,0
5372,469,37,0
5373,469,960,0
5374,469,611,0
5375,469,1130,0
5376,469,880,0
5377,469,647,0
5378,469,34,0
5379,469,304,0
5380,469,943,0
5381,469,838,0
5382,469,401,0
5383,469,328,0
5384,469,796,0
5385,469,68,0
5386,469,609,0
5387,469,1042,0
5388,469,1097,0
5389,469,26,0
5390,469,406,0
5391,469,937,0
5392,469,652,0
5393,469,983,0
5394,469,1,0
5395,469,247,0
5396,469,383,0
5397,469,1252,0
5398,469,56,0
5399,469,900,0
5400,469,1151,0
5401,469,1229,0
5402,469,158,0
5403,469,577,0
5404,469,477,0
5405,469,400,0
5406,469,476,0
5407,469,140,0
5408,469,207,0
5409,469,368,0
5410,469,475,0
5411,469,32,0
5412,469,1006,0
5413,469,1241,0
5414,469,39,0
5415,469,487,0
5416,469,279,0
5417,469,367,0
5418,469,738,0
5419,469,861,0
5420,469,1278,0
5421,469,955,0
5422,469,195,0
5423,469,746,0
5424,469,1283,0
5425,469,1294,0
5426,469,1260,0
5427,469,683,0
5428,469,269,0
5429,469,742,0
5430,469,655,0
5431,469,1291,0
5432,469,95,0
5433,469,1306,0
5434,469,457,0
5435,469,113,0
5436,469,945,0
5437,469,1148,0
5438,469,627,0
5439,469,1238,0
5440,469,808,0
5441,469,1216,0
5442,469,813,0
5443,469,662,0
5444,469,1121,0
5445,469,1206,0
5446,469,25,0
5447,469,845,0
5448,469,1303,0
5449,469,38,0
5450,469,547,0
5451,469,1184,0
5452,469,888,0
5453,469,518,0
5454,469,183,0
5455,469,1272,0
5456,469,828,0
5457,469,724,0
5458,469,759,0
5459,469,398,0
5460,469,859,0
5461,469,429,0
5462,469,75,0
5463,469,506,0
5464,469,753,0
5465,469,898,0
5466,469,521,0
5467,469,585,0
5468,469,897,0
5469,469,1126,0
5470,469,1276,0
5471,469,723,0
5472,469,736,0
5473,469,365,0
5474,469,1221,0
5475,469,1099,0
5476,469,49,0
5477,469,640,0
5478,469,1261,0
5479,469,462,0
5480,469,1172,0
5481,469,1113,0
5482,469,86,0
5483,469,1063,0
5484,469,432,0
5485,469,92,0
5486,469,160,0
5487,469,495,0
5488,469,274,0
5489,469,887,0
5490,469,102,0
5491,469,1084,0
5492,469,1224,0
5493,469,52,0
5494,469,1193,0
5495,469,709,0
5496,469,1160,0
5497,469,1203,0
5498,469,580,0
5499,469,1026,0
5500,469,120,0
5501,469,163,0
5502,469,760,0
5503,469,592,0
5504,469,764,0
5505,469,1181,0
5506,469,751,0
5507,469,671,0
5508,469,1096,0
5509,469,379,0
5510,469,935,0
5511,469,855,0
5512,469,524,0
5513,469,906,0
5514,469,498,0
5515,469,330,0
5516,469,116,0
5517,469,616,0
5518,469,194,0
5519,469,719,0
5520,469,703,0
5521,469,423,0
5522,469,916,0
5523,469,766,0
5524,469,1167,0
5525,469,1053,0
5526,469,947,0
5527,469,981,0
5528,469,1041,0
5529,469,294,0
5530,469,582,0
5531,469,14,0
5532,469,687,0
5533,469,967,0
5534,469,852,0
5535,469,1028,0
5536,469,268,0
5537,469,1091,0
5538,469,639,0
5539,469,1311,0
5540,469,874,0
5541,469,816,0
5542,469,71,0
5543,469,228,0
5544,469,22,0
5545,469,956,0
5546,469,606,0
5547,469,389,0
5548,469,182,0
5549,469,211,0
5550,469,770,0
5551,469,587,0
5552,469,1001,0
5553,469,203,0
5554,469,358,0
5555,469,440,0
5556,469,537,0
5557,469,1109,0
5558,469,66,0
5559,469,867,0
5560,469,851,0
5561,469,449,0
5562,469,146,0
5563,469,727,0
5564,469,654,0
5565,469,189,0
5566,469,2,0
5567,469,483,0
5568,469,1233,0
5569,469,288,0
5570,469,817,0
5571,469,380,0
5572,469,1191,0
5573,469,298,0
5574,469,1068,0
5575,469,1115,0
5576,469,747,0
5577,469,382,0
5578,469,30,0
5579,469,978,0
5580,469,1207,0
5581,469,227,0
5582,469,1313,0
5583,469,714,0
5584,469,688,0
5585,469,357,0
5586,469,257,0
5587,469,598,0
5588,469,699,0
5589,469,1103,0
5590,469,1173,0
5591,469,730,0
5592,469,331,0
5593,469,464,0
5594,469,1093,0
5595,469,995,0
5596,469,317,0
5597,469,145,0
5598,469,185,0
5599,469,277,0
5600,469,818,0
5601,469,814,0
5602,469,259,0
5603,469,1158,0
5604,469,768,0
5605,469,875,0
5606,469,758,0
5607,469,1171,0
5608,469,922,0
5609,469,1266,0
5610,469,566,0
5611,469,454,0
5612,469,81,0
5613,469,1100,0
5614,469,205,0
5615,469,1297,0
5616,469,339,0
5617,469,130,0
5618,469,1317,0
5619,469,1073,0
5620,469,1288,0
5621,469,272,0
5622,469,860,0
5623,469,1007,0
5624,469,166,0
5625,469,779,0
5626,469,603,0
5627,469,1161,0
5628,469,162,0
5629,469,892,0
5630,469,275,0
5631,469,392,0
5632,469,542,0
5633,469,62,0
5634,469,403,0
5635,469,1012,0
5636,469,776,0
5637,469,123,0
5638,469,792,0
5639,469,787,0
5640,469,579,0
5641,469,1194,0
5642,469,138,0
5643,469,551,0
5644,469,1268,0
5645,469,1119,0
5646,469,168,0
5647,469,857,0
5648,469,572,0
5649,469,497,0
5650,469,1304,0
5651,469,744,0
5652,469,306,0
5653,469,343,0
5654,469,877,0
5655,469,135,0
5656,469,310,0
5657,469,952,0
5658,469,523,0
5659,469,914,0
5660,469,511,0
5661,469,512,0
5662,469,610,0
5663,469,1143,0
5664,469,91,0
5665,469,940,0
5666,469,187,0
5667,469,678,0
5668,469,1265,0
5669,469,775,0
5670,469,241,0
5671,469,313,0
5672,469,144,0
5673,469,420,0
5674,469,308,0
5675,469,997,0
5676,469,1305,0
5677,469,276,0
5678,469,240,0
5679,469,1154,0
5680,469,220,0
5681,469,1267,0
5682,469,109,0
5683,469,1004,0
5684,469,1176,0
5685,469,713,0
5686,469,1169,0
5687,469,1222,0
5688,469,1046,0
5689,469,1045,0
5690,469,322,0
5691,469,938,0
5692,469,772,0
5693,469,546,0
5694,469,741,0
5695,469,925,0
5696,469,444,0
5697,469,1132,0
5698,469,1061,0
5699,469,283,0
5700,469,235,0
5701,469,468,0
5702,469,791,0
5703,469,1150,0
5704,469,1067,0
5705,469,10,0
5706,469,950,0
5707,469,1019,0
5708,469,363,0
5709,469,993,0
5710,469,748,0
5711,469,421,0
5712,469,21,0
5713,469,210,0
5714,469,847,0
5715,469,1273,0
5716,469,1055,0
5717,469,416,0
5718,469,1236,0
5719,469,1240,0
5720,469,1030,0
5721,469,258,0
5722,469,460,0
5723,469,910,0
5724,469,441,0
5725,469,1164,0
5726,469,988,0
5727,469,540,0
5728,469,201,0
5729,469,998,0
5730,469,782,0
5731,469,740,0
5732,469,1081,0
5733,469,737,0
5734,469,93,0
5735,469,809,0
5736,469,850,0
5737,469,262,0
5738,469,282,0
5739,469,636,0
5740,469,710,0
5741,469,1204,0
5742,469,1296,0
5743,469,165,0
5744,469,618,0
5745,469,1309,0
5746,469,931,0
5747,469,1231,0
5748,469,59,0
5749,469,944,0
5750,469,351,0
5751,469,332,0
5752,469,244,0
5753,469,1152,0
5754,469,685,0
5755,469,353,0
5756,469,519,0
5757,469,517,0
5758,469,870,0
5759,469,664,0
5760,469,425,0
5761,469,849,0
5762,469,503,0
5763,469,549,0
5764,469,588,0
5765,470,606,0
5766,470,434,0
5767,470,613,0
5768,470,430,0
5769,470,888,0
5770,470,268,0
5771,470,265,0
5772,470,467,0
5773,470,1112,0
5774,470,500,0
5775,470,190,0
5776,470,1316,0
5777,470,158,0
5778,470,1251,0
5779,470,536,0
5780,470,216,0
5781,470,307,0
5782,470,582,0
5783,470,697,0
5784,470,1082,0
5785,470,635,0
5786,470,849,0
5787,470,162,0
5788,470,559,0
5789,470,1146,0
5790,470,709,0
5791,470,8,0
5792,470,1187,0
5793,470,81,0
5794,470,2,0
5795,470,1237,0
5796,470,725,0
5797,470,529,0
5798,470,245,0
5799,470,364,0
5800,470,777,0
5801,470,1140,0
5802,470,65,0
5803,470,367,0
5804,470,912,0
5805,470,1166,0
5806,470,630,0
5807,470,210,0
5808,470,1302,0
5809,470,619,0
5810,470,1137,0
5811,470,1004,0
5812,470,49,0
5813,470,638,0
5814,470,193,0
5815,470,324,0
5816,470,799,0
5817,470,277,0
5818,470,575,0
5819,470,56,0
5820,470,15,0
5821,470,729,0
5822,470,59,0
5823,470,360,0
5824,470,801,0
5825,470,886,0
5826,470,51,0
5827,470,901,0
5828,470,130,0
5829,470,1262,0
5830,470,415,0
5831,470,992,0
5832,470,490,0
5833,470,846,0
5834,470,1011,0
5835,470,856,0
5836,470,1233,0
5837,470,42,0
5838,470,9,0
5839,470,1107,0
5840,470,696,0
5841,470,332,0
5842,470,52,0
5843,470,1150,0
5844,470,1191,0
5845,470,511,0
5846,470,1168,0
5847,470,589,0
5848,470,188,0
5849,470,471,0
5850,470,416,0
5851,470,660,0
5852,470,215,0
5853,470,1101,0
5854,470,820,0
5855,470,791,0
5856,470,84,0
5857,470,1266,0
5858,470,719,0
5859,470,533,0
5860,470,64,0
5861,470,842,0
5862,470,194,0
5863,470,134,0
5864,470,1091,0
5865,470,563,0
5866,470,146,0
5867,470,61,0
5868,470,550,0
5869,470,406,0
5870,470,616,0
5871,470,716,0
5872,470,350,0
5873,470,1306,0
5874,470,1149,0
5875,470,404,0
5876,470,769,0
5877,470,40,0
5878,470,841,0
5879,470,310,0
5880,470,483,0
5881,470,1295,0
5882,470,905,0
5883,470,784,0
5884,470,138,0
5885,470,109,0
5886,470,1123,0
5887,470,313,0
5888,470,969,0
5889,470,1162,0
5890,470,329,0
5891,470,1176,0
5892,470,93,0
5893,470,1052,0
5894,470,187,0
5895,470,383,0
5896,470,114,0
5897,470,214,0
5898,470,641,0
5899,470,1274,0
5900,470,1301,0
5901,470,18,0
5902,470,985,0
5903,470,1114,0
5904,470,163,0
5905,470,526,0
5906,470,599,0
5907,470,867,0
5908,470,223,0
5909,470,3,0
5910,470,649,0
5911,470,379,0
5912,470,375,0
5913,470,384,0
5914,470,1294,0
5915,470,139,0
5916,470,312,0
5917,470,413,0
5918,470,773,0
5919,470,780,0
5920,470,750,0
5921,470,330,0
5922,470,690,0
5923,470,10,0
5924,470,466,0
5925,470,1223,0
5926,470,86,0
5927,470,667,0
5928,470,711,0
5929,470,390,0
5930,470,19,0
5931,470,11,0
5932,470,602,0
5933,470,1029,0
5934,470,347,0
5935,470,1047,0
5936,470,632,0
5937,470,1121,0
5938,470,904,0
5939,470,813,0
5940,470,353,0
5941,470,672,0
5942,470,113,0
5943,470,982,0
5944,470,673,0
5945,470,1053,0
5946,470,440,0
5947,470,715,0
5948,470,633,0
5949,470,1318,0
5950,470,1319,0
5951,470,556,0
5952,470,234,0
5953,470,1221,0
5954,470,1005,0
5955,470,1046,0
5956,470,650,0
5957,470,770,0
5958,470,1309,0
5959,470,73,0
5960,470,1231,0
5961,470,957,0
5962,470,407,0
5963,470,1068,0
5964,470,597,0
5965,470,451,0
5966,470,97,0
5967,470,175,0
5968,470,1308,0
5969,470,590,0
5970,470,1100,0
5971,470,1178,0
5972,470,648,0
5973,470,1016,0
5974,470,355,0
5975,470,167,0
5976,470,608,0
5977,470,678,0
5978,470,1084,0
5979,470,95,0
5980,470,96,0
5981,470,132,0
5982,470,1271,0
5983,470,141,0
5984,470,351,0
5985,470,1304,0
5986,470,532,0
5987,470,911,0
5988,470,474,0
5989,470,205,0
5990,470,818,0
5991,470,5,0
5992,470,0,0
5993,470,932,0
5994,470,603,0
5995,470,482,0
5996,470,1219,0
5997,470,1196,0
5998,470,757,0
5999,470,298,0
6000,470,396,0
6001,470,1113,0
6002,470,848,0
6003,470,907,0
6004,470,206,0
6005,470,625,0
6006,470,475,0
6007,470,1235,0
6008,470,145,0
6009,470,966,0
6010,470,541,0
6011,470,507,0
6012,470,875,0
6013,470,1080,0
6014,470,50,0
6015,470,24,0
6016,470,626,0
6017,470,732,0
6018,470,1277,0
6019,470,161,0
6020,470,759,0
6021,470,480,0
6022,470,914,0
6023,470,1148,0
6024,470,219,0
6025,470,1292,0
6026,470,452,0
6027,470,164,0
6028,470,178,0
6029,470,680,0
6030,470,681,0
6031,470,395,0
6032,470,35,0
6033,470,1160,0
6034,470,561,0
6035,470,670,0
6036,470,1230,0
6037,470,131,0
6038,470,657,0
6039,470,149,0
6040,470,477,0
6041,470,1296,0
6042,470,1214,0
6043,470,302,0
6044,470,741,0
6045,470,198,0
6046,470,763,0
6047,470,1045,0
6048,470,615,0
6049,470,1169,0
6050,470,1261,0
6051,470,876,0
6052,470,707,0
6053,470,691,0
6054,470,88,0
6055,470,519,0
6056,470,971,0
6057,470,823,0
6058,470,226,0
6059,470,103,0
6060,470,819,0
6061,470,682,0
6062,470,637,0
6063,470,520,0
6064,470,884,0
6065,470,397,0
6066,470,34,0
6067,470,405,0
6068,470,150,0
6069,470,209,0
6070,470,82,0
6071,470,1282,0
6072,470,1141,0
6073,470,465,0
6074,470,806,0
6075,470,891,0
6076,470,448,0
6077,470,199,0
6078,470,90,0
6079,470,908,0
6080,470,252,0
6081,470,782,0
6082,470,892,0
6083,470,16,0
6084,470,654,0
6085,470,177,0
6086,470,101,0
6087,470,596,0
6088,470,539,0
6089,470,1115,0
6090,470,32,0
6091,470,929,0
6092,470,1255,0
6093,470,1028,0
6094,470,369,0
6095,470,1008,0
6096,470,571,0
6097,470,240,0
6098,470,1167,0
6099,470,1142,0
6100,470,47,0
6101,470,851,0
6102,470,647,0
6103,470,340,0
6104,470,99,0
6105,470,439,0
6106,470,896,0
6107,470,863,0
6108,470,285,0
6109,470,1147,0
6110,470,946,0
6111,470,860,0
6112,470,986,0
6113,470,423,0
6114,470,666,0
6115,470,1198,0
6116,470,1239,0
6117,470,388,0
6118,470,1036,0
6119,470,1094,0
6120,470,742,0
6121,470,736,0
6122,470,1284,0
6123,470,21,0
6124,470,894,0
6125,470,694,0
6126,470,815,0
6127,470,36,0
6128,470,1248,0
6129,470,1059,0
6130,470,588,0
6131,470,1022,0
6132,470,744,0
6133,470,668,0
6134,470,865,0
6135,470,1062,0
6136,470,106,0
6137,470,669,0
6138,470,417,0
6139,470,538,0
6140,470,87,0
6141,470,827,0
6142,470,237,0
6143,470,249,0
6144,470,457,0
6145,470,1249,0
6146,470,978,0
6147,470,433,0
6148,470,22,0
6149,470,92,0
6150,470,169,0
6151,470,1071,0
6152,470,639,0
6153,470,1192,0
6154,470,1088,0
6155,470,336,0
6156,470,695,0
6157,470,89,0
6158,470,207,0
6159,470,454,0
6160,470,1280,0
6161,470,961,0
6162,470,783,0
6163,470,764,0
6164,470,1048,0
6165,470,893,0
6166,470,485,0
6167,470,428,0
6168,470,317,0
6169,470,251,0
6170,470,1119,0
6171,470,174,0
6172,470,182,0
6173,470,999,0
6174,470,46,0
6175,470,573,0
6176,470,1208,0
6177,470,122,0
6178,470,838,0
6179,470,387,0
6180,470,1120,0
6181,470,491,0
6182,470,788,0
6183,470,1158,0
6184,470,425,0
6185,470,278,0
6186,470,1247,0
6187,470,656,0
6188,470,636,0
6189,470,1156,0
6190,470,1236,0
6191,470,998,0
6192,470,1246,0
6193,470,168,0
6194,470,640,0
6195,470,270,0
6196,470,663,0
6197,470,1283,0
6198,470,1216,0
6199,470,78,0
6200,470,1063,0
6201,470,622,0
6202,470,873,0
6203,470,200,0
6204,470,949,0
6205,470,1086,0
6206,470,255,0
6207,470,968,0
6208,470,749,0
6209,470,1025,0
6210,470,144,0
6211,470,328,0
6212,470,1122,0
6213,470,365,0
6214,470,45,0
6215,470,1102,0
6216,470,435,0
6217,470,74,0
6218,470,708,0
6219,470,380,0
6220,470,768,0
6221,470,1232,0
6222,470,685,0
6223,470,259,0
6224,470,239,0
6225,470,1258,0
6226,470,469,0
6227,470,343,0
6228,470,346,0
6229,470,1242,0
6230,470,693,0
6231,470,438,0
6232,470,843,0
6233,470,1202,0
6234,470,945,0
6235,470,461,0
6236,470,33,0
6237,470,1174,0
6238,470,1229,0
6239,470,989,0
6240,470,305,0
6241,470,826,0
6242,470,839,0
6243,470,111,0
6244,470,1204,0
6245,470,837,0
6246,470,817,0
6247,470,692,0
6248,470,869,0
6249,470,1108,0
6250,470,338,0
6251,470,1207,0
6252,470,349,0
6253,470,1014,0
6254,470,580,0
6255,470,845,0
6256,470,987,0
6257,470,881,0
6258,470,263,0
6259,470,1180,0
6260,470,1226,0
6261,470,1224,0
6262,470,75,0
6263,470,333,0
6264,470,300,0
6265,470,23,0
6266,470,261,0
6267,470,299,0
6268,470,802,0
6269,470,436,0
6270,470,727,0
6271,470,1252,0
6272,470,996,0
6273,470,918,0
6274,470,634,0
6275,470,738,0
6276,470,1238,0
6277,470,722,0
6278,470,974,0
6279,470,939,0
6280,470,661,0
6281,470,797,0
6282,470,643,0
6283,470,810,0
6284,470,291,0
6285,470,1092,0
6286,470,915,0
6287,470,895,0
6288,470,275,0
6289,470,54,0
6290,470,684,0
6291,470,293,0
6292,470,861,0
6293,470,427,0
6294,470,859,0
6295,470,858,0
6296,470,348,0
6297,470,1057,0
6298,470,975,0
6299,470,523,0
6300,470,30,0
6301,470,362,0
6302,470,1200,0
6303,470,936,0
6304,470,403,0
6305,470,1106,0
6306,470,1037,0
6307,470,1314,0
6308,470,737,0
6309,470,269,0
6310,470,1155,0
6311,470,1135,0
6312,470,143,0
6313,470,373,0
6314,470,1145,0
6315,470,830,0
6316,470,135,0
6317,470,1044,0
6318,470,1012,0
6319,470,740,0
6320,470,341,0
6321,470,242,0
6322,470,1193,0
6323,470,972,0
6324,470,94,0
6325,470,710,0
6326,470,574,0
6327,470,1081,0
6328,470,566,0
6329,470,449,0
6330,470,159,0
6331,470,246,0
6332,470,271,0
6333,470,776,0
6334,470,1013,0
6335,470,885,0
6336,470,221,0
6337,470,368,0
6338,470,792,0
6339,470,1131,0
6340,470,1173,0
6341,470,1065,0
6342,470,53,0
6343,470,418,0
6344,470,1254,0
6345,470,1189,0
6346,470,1264,0
6347,470,314,0
6348,470,1276,0
6349,470,990,0
6350,470,1211,0
6351,470,1125,0
6352,470,1227,0
6353,470,1181,0
6354,470,492,0
6355,470,31,0
6356,470,376,0
6357,470,1206,0
6358,470,213,0
6359,470,363,0
6360,470,976,0
6361,470,902,0
6362,470,352,0
6363,470,1077,0
6364,470,756,0
6365,470,1136,0
6366,470,611,0
6367,470,866,0
6368,470,157,0
6369,470,944,0
6370,470,68,0
6371,470,288,0
6372,470,1076,0
6373,470,1172,0
6374,470,280,0
6375,470,171,0
6376,470,1133,0
6377,470,1128,0
6378,470,840,0
6379,470,950,0
6380,470,522,0
6381,470,963,0
6382,470,201,0
6383,470,703,0
6384,470,771,0
6385,470,1055,0
6386,470,874,0
6387,470,935,0
6388,470,624,0
6389,470,1134,0
6390,470,444,0
6391,470,127,0
6392,470,481,0
6393,470,909,0
6394,470,1228,0
6395,470,910,0
6396,470,513,0
6397,470,1320,0
6398,470,110,0
6399,470,463,0
6400,470,835,0
6401,470,244,0
6402,470,181,0
6403,470,1138,0
6404,470,235,0
6405,470,400,0
6406,470,728,0
6407,470,595,0
6408,470,1110,0
6409,470,69,0
6410,470,951,0
6411,470,623,0
6412,470,401,0
6413,470,44,0
6414,470,790,0
6415,470,591,0
6416,470,1244,0
6417,470,831,0
6418,470,853,0
6419,470,152,0
6420,470,276,0
6421,470,284,0
6422,470,816,0
6423,470,7,0
6424,470,323,0
6425,470,548,0
6426,470,512,0
6427,470,382,0
6428,470,1222,0
6429,470,272,0
6430,470,679,0
6431,470,1,0
6432,470,995,0
6433,470,948,0
6434,470,607,0
6435,470,1305,0
6436,470,339,0
6437,470,126,0
6438,470,955,0
6439,470,1203,0
6440,470,100,0
6441,470,1205,0
6442,470,1132,0
6443,470,1259,0
6444,470,762,0
6445,470,154,0
6446,470,447,0
6447,470,1179,0
6448,470,765,0
6449,470,77,0
6450,470,1144,0
6451,470,4,0
6452,470,833,0
6453,470,723,0
6454,470,1281,0
6455,470,1116,0
6456,470,1010,0
6457,470,584,0
6458,470,128,0
6459,470,1293,0
6460,470,878,0
6461,470,62,0
6462,470,248,0
6463,470,943,0
6464,470,43,0
6465,470,107,0
6466,470,628,0
6467,470,222,0
6468,470,279,0
6469,470,555,0
6470,470,72,0
6471,470,499,0
6472,470,620,0
6473,470,805,0
6474,470,1287,0
6475,470,1043,0
6476,470,83,0
6477,470,567,0
6478,470,822,0
6479,470,208,0
6480,470,1003,0
6481,470,112,0
6482,470,919,0
6483,470,256,0
6484,470,604,0
6485,470,938,0
6486,470,253,0
6487,470,60,0
6488,470,185,0
6489,470,318,0
6490,470,292,0
6491,470,1194,0
6492,470,1159,0
6493,470,176,0
6494,470,359,0
6495,470,331,0
6496,470,800,0
6497,470,1078,0
6498,470,422,0
6499,470,443,0
6500,470,17,0
6501,470,534,0
6502,470,282,0
6503,470,1069,0
6504,470,1039,0
6505,470,243,0
6506,470,224,0
6507,470,537,0
6508,470,796,0
6509,470,458,0
6510,470,1163,0
6511,470,39,0
6512,470,502,0
6513,470,1260,0
6514,470,705,0
6515,470,67,0
6516,470,903,0
6517,470,698,0
6518,470,308,0
6519,470,720,0
6520,470,605,0
6521,470,238,0
6522,470,26,0
6523,470,12,0
6524,470,455,0
6525,470,953,0
6526,470,829,0
6527,470,496,0
6528,470,1130,0
6529,470,1072,0
6530,470,947,0
6531,470,1171,0
6532,470,306,0
6533,470,98,0
6534,470,515,0
6535,470,327,0
6536,470,1209,0
6537,470,316,0
6538,470,257,0
6539,470,356,0
6540,470,1103,0
6541,470,320,0
6542,470,1170,0
6543,470,445,0
6544,470,361,0
6545,470,898,0
6546,470,1020,0
6547,470,811,0
6548,470,1234,0
6549,470,506,0
6550,470,142,0
6551,470,712,0
6552,470,761,0
6553,470,6,0
6554,470,437,0
6555,470,510,0
6556,470,900,0
6557,470,260,0
6558,470,1127,0
6559,470,850,0
6560,470,1073,0
6561,470,535,0
6562,470,942,0
6563,470,408,0
6564,470,586,0
6565,470,794,0
6566,470,940,0
6567,470,1124,0
6568,470,598,0
6569,470,1183,0
6570,470,1139,0
6571,470,1286,0
6572,470,921,0
6573,470,994,0
6574,470,229,0
6575,470,688,0
6576,470,102,0
6577,470,118,0
6578,470,1009,0
6579,470,472,0
6580,470,258,0
6581,470,854,0
6582,470,593,0
6583,470,569,0
6584,470,80,0
6585,470,1093,0
6586,470,357,0
6587,470,1245,0
6588,470,191,0
6589,470,746,0
6590,470,751,0
6591,470,583,0
6592,470,27,0
6593,470,671,0
6594,470,1031,0
6595,470,879,0
6596,470,739,0
6597,470,124,0
6598,470,1250,0
6599,470,1243,0
6600,470,203,0
6601,470,883,0
6602,470,1143,0
6603,470,600,0
6604,470,287,0
6605,470,189,0
6606,470,1317,0
6607,470,385,0
6608,470,1152,0
6609,470,983,0
6610,470,464,0
6611,470,202,0
6612,470,41,0
6613,470,1217,0
6614,470,610,0
6615,470,1212,0
6616,470,724,0
6617,498,952,0
6618,498,360,0
6619,498,548,0
6620,498,1141,0
6621,498,436,0
6622,498,1091,0
6623,498,944,0
6624,498,1143,0
6625,498,626,0
6626,498,874,0
6627,498,1161,0
6628,498,351,0
6629,498,136,0
6630,498,110,0
6631,498,231,0
6632,498,929,0
6633,498,862,0
6634,498,1316,0
6635,498,1005,0
6636,498,1101,0
6637,498,347,0
6638,498,1154,0
6639,498,1315,0
6640,498,1044,0
6641,498,923,0
6642,498,1267,0
6643,498,700,0
6644,498,501,0
6645,498,484,0
6646,498,308,0
6647,498,725,0
6648,498,1017,0
6649,498,509,0
6650,498,967,0
6651,498,73,0
6652,498,802,0
6653,498,855,0
6654,498,419,0
6655,498,1014,0
6656,498,757,0
6657,498,306,0
6658,498,762,0
6659,498,218,0
6660,498,571,0
6661,498,491,0
6662,498,746,0
6663,498,1190,0
6664,498,696,0
6665,498,1308,0
6666,498,310,0
6667,498,94,0
6668,498,407,0
6669,498,1146,0
6670,498,156,0
6671,498,429,0
6672,498,603,0
6673,498,179,0
6674,498,274,0
6675,498,56,0
6676,498,1075,0
6677,498,668,0
6678,498,76,0
6679,498,1048,0
6680,498,1015,0
6681,498,600,0
6682,498,846,0
6683,498,54,0
6684,498,772,0
6685,498,807,0
6686,498,277,0
6687,498,180,0
6688,498,1123,0
6689,498,568,0
6690,498,364,0
6691,498,759,0
6692,498,1126,0
6693,498,949,0
6694,498,572,0
6695,498,819,0
6696,498,695,0
6697,498,1196,0
6698,498,50,0
6699,498,23,0
6700,498,701,0
6701,498,777,0
6702,498,890,0
6703,498,1242,0
6704,498,1070,0
6705,498,957,0
6706,498,204,0
6707,498,599,0
6708,498,711,0
6709,498,444,0
6710,498,480,0
6711,498,1056,0
6712,498,450,0
6713,498,1261,0
6714,498,1086,0
6715,498,707,0
6716,498,934,0
6717,498,679,0
6718,498,478,0
6719,498,254,0
6720,498,500,0
6721,498,758,0
6722,498,392,0
6723,498,400,0
6724,498,750,0
6725,498,1060,0
6726,498,659,0
6727,498,171,0
6728,498,365,0
6729,498,871,0
6730,498,1030,0
6731,498,1317,0
6732,498,17,0
6733,498,899,0
6734,498,1016,0
6735,498,421,0
6736,498,669,0
6737,498,152,0
6738,498,268,0
6739,498,334,0
6740,498,313,0
6741,498,779,0
6742,498,185,0
6743,498,137,0
6744,498,936,0
6745,498,1147,0
6746,498,893,0
6747,498,126,0
6748,498,108,0
6749,498,651,0
6750,498,93,0
6751,498,666,0
6752,498,345,0
6753,498,1178,0
6754,498,100,0
6755,498,409,0
6756,498,1128,0
6757,498,633,0
6758,498,245,0
6759,498,42,0
6760,498,1287,0
6761,498,549,0
6762,498,202,0
6763,498,870,0
6764,498,525,0
6765,498,1029,0
6766,498,340,0
6767,498,1173,0
6768,498,805,0
6769,498,943,0
6770,498,211,0
6771,498,523,0
6772,498,355,0
6773,498,201,0
6774,498,177,0
6775,498,1198,0
6776,498,745,0
6777,498,147,0
6778,498,367,0
6779,498,174,0
6780,498,298,0
6781,498,395,0
6782,498,1129,0
6783,498,143,0
6784,498,946,0
6785,498,425,0
6786,498,121,0
6787,498,237,0
6788,498,1296,0
6789,498,561,0
6790,498,1272,0
6791,498,82,0
6792,498,236,0
6793,498,285,0
6794,498,995,0
6795,498,460,0
6796,498,456,0
6797,498,431,0
6798,498,676,0
6799,498,44,0
6800,498,1,0
6801,498,101,0
6802,498,1019,0
6803,498,977,0
6804,498,445,0
6805,498,756,0
6806,498,247,0
6807,498,1280,0
6808,498,584,0
6809,498,788,0
6810,498,555,0
6811,498,804,0
6812,498,1293,0
6813,498,978,0
6814,498,810,0
6815,498,856,0
6816,498,770,0
6817,498,1273,0
6818,498,1011,0
6819,498,864,0
6820,498,597,0
6821,498,920,0
6822,498,794,0
6823,498,443,0
6824,498,606,0
6825,498,181,0
6826,498,502,0
6827,498,737,0
6828,498,32,0
6829,498,142,0
6830,498,739,0
6831,498,658,0
6832,498,322,0
6833,498,537,0
6834,498,966,0
6835,498,820,0
6836,498,839,0
6837,498,250,0
6838,498,104,0
6839,498,1054,0
6840,498,378,0
6841,498,1288,0
6842,498,689,0
6843,498,328,0
6844,498,721,0
6845,498,348,0
6846,498,1021,0
6847,498,299,0
6848,498,29,0
6849,498,960,0
6850,498,1175,0
6851,498,680,0
6852,498,578,0
6853,498,530,0
6854,498,811,0
6855,498,1047,0
6856,498,609,0
6857,498,970,0
6858,498,773,0
6859,498,795,0
6860,498,371,0
6861,498,246,0
6862,498,273,0
6863,498,263,0
6864,498,596,0
6865,498,1241,0
6866,498,1218,0
6867,498,342,0
6868,498,319,0
6869,498,1099,0
6870,498,1102,0
6871,498,1225,0
6872,498,888,0
6873,498,1295,0
6874,498,191,0
6875,498,1210,0
6876,498,588,0
6877,498,1137,0
6878,498,956,0
6879,498,1122,0
6880,498,503,0
6881,498,350,0
6882,498,1250,0
6883,498,1167,0
6884,498,953,0
6885,498,983,0
6886,498,1111,0
6887,498,1008,0
6888,498,463,0
6889,498,641,0
6890,498,379,0
6891,498,422,0
6892,498,31,0
6893,498,719,0
6894,498,1144,0
6895,498,401,0
6896,498,734,0
6897,498,86,0
6898,498,1188,0
6899,498,281,0
6900,498,359,0
6901,498,751,0
6902,498,1307,0
6903,498,823,0
6904,498,95,0
6905,498,968,0
6906,498,830,0
6907,498,77,0
6908,498,629,0
6909,498,1234,0
6910,498,358,0
6911,498,813,0
6912,498,220,0
6913,498,672,0
6914,498,228,0
6915,498,337,0
6916,498,1000,0
6917,498,103,0
6918,498,554,0
6919,498,656,0
6920,498,433,0
6921,498,731,0
6922,498,129,0
6923,498,476,0
6924,498,352,0
6925,498,64,0
6926,498,239,0
6927,498,369,0
6928,498,581,0
6929,498,336,0
6930,498,1289,0
6931,498,1064,0
6932,498,362,0
6933,498,1172,0
6934,498,315,0
6935,498,532,0
6936,498,649,0
6937,498,1089,0
6938,498,169,0
6939,498,495,0
6940,498,1312,0
6941,498,264,0
6942,498,535,0
6943,498,1131,0
6944,498,520,0
6945,498,712,0
6946,498,826,0
6947,498,628,0
6948,498,1206,0
6949,498,703,0
6950,498,922,0
6951,498,1051,0
6952,498,317,0
6953,498,477,0
6954,498,1197,0
6955,498,292,0
6956,498,243,0
6957,498,988,0
6958,498,1195,0
6959,498,262,0
6960,498,1115,0
6961,498,33,0
6962,498,1063,0
6963,498,1171,0
6964,498,1109,0
6965,498,272,0
6966,498,1164,0
6967,498,183,0
6968,498,109,0
6969,498,1004,0
6970,498,381,0
6971,498,1097,0
6972,498,312,0
6973,498,976,0
6974,498,540,0
6975,498,173,0
6976,498,880,0
6977,498,685,0
6978,498,149,0
6979,498,39,0
6980,498,300,0
6981,498,1177,0
6982,498,214,0
6983,498,234,0
6984,498,1236,0
6985,498,1076,0
6986,498,1155,0
6987,498,229,0
6988,498,420,0
6989,498,602,0
6990,498,604,0
6991,498,851,0
6992,498,153,0
6993,498,673,0
6994,498,1263,0
6995,498,582,0
6996,498,69,0
6997,498,291,0
6998,498,414,0
6999,498,947,0
7000,498,316,0
7001,498,432,0
7002,498,1265,0
7003,498,155,0
7004,498,1046,0
7005,498,541,0
7006,498,619,0
7007,498,539,0
7008,498,517,0
7009,498,161,0
7010,498,59,0
7011,498,199,0
7012,498,687,0
7013,498,1007,0
7014,498,454,0
7015,498,1009,0
7016,498,482,0
7017,498,614,0
7018,498,408,0
7019,498,1169,0
7020,498,258,0
7021,498,835,0
7022,498,917,0
7023,498,1187,0
7024,498,13,0
7025,498,527,0
7026,498,399,0
7027,498,157,0
7028,498,15,0
7029,498,130,0
7030,498,665,0
7031,498,134,0
7032,498,1027,0
7033,498,1113,0
7034,498,722,0
7035,498,343,0
7036,498,1290,0
7037,498,677,0
7038,498,524,0
7039,498,1042,0
7040,498,88,0
7041,498,716,0
7042,498,515,0
7043,498,487,0
7044,498,563,0
7045,498,363,0
7046,498,453,0
7047,498,329,0
7048,498,671,0
7049,498,196,0
7050,498,654,0
7051,498,267,0
7052,498,3,0
7053,498,397,0
7054,498,1124,0
7055,498,741,0
7056,498,1222,0
7057,498,290,0
7058,498,448,0
7059,498,46,0
7060,498,784,0
7061,498,418,0
7062,498,1110,0
7063,498,490,0
7064,498,1279,0
7065,498,0,0
7066,498,125,0
7067,498,205,0
7068,498,850,0
7069,498,499,0
7070,498,583,0
7071,498,905,0
7072,498,1072,0
7073,498,1020,0
7074,498,1026,0
7075,498,697,0
7076,498,699,0
7077,498,411,0
7078,498,1065,0
7079,498,686,0
7080,498,1153,0
7081,498,1069,0
7082,498,531,0
7083,498,859,0
7084,498,1297,0
7085,498,1094,0
7086,498,357,0
7087,498,75,0
7088,498,1176,0
7089,498,827,0
7090,498,206,0
7091,498,52,0
7092,498,996,0
7093,498,847,0
7094,498,215,0
7095,498,83,0
7096,498,1082,0
7097,498,980,0
7098,498,1059,0
7099,498,730,0
7100,498,513,0
7101,498,1233,0
7102,498,459,0
7103,498,184,0
7104,498,302,0
7105,498,900,0
7106,498,919,0
7107,498,1078,0
7108,498,1202,0
7109,498,58,0
7110,498,861,0
7111,498,812,0
7112,498,598,0
7113,498,332,0
7114,498,972,0
7115,498,853,0
7116,498,1203,0
7117,498,547,0
7118,498,940,0
7119,498,924,0
7120,498,752,0
7121,498,736,0
7122,498,248,0
7123,498,1140,0
7124,498,693,0
7125,498,154,0
7126,498,663,0
7127,498,834,0
7128,498,831,0
7129,498,836,0
7130,498,280,0
7131,498,630,0
7132,498,18,0
7133,498,354,0
7134,498,112,0
7135,498,301,0
7136,498,557,0
7137,498,488,0
7138,498,9,0
7139,498,1305,0
7140,498,63,0
7141,498,53,0
7142,498,906,0
7143,498,891,0
7144,498,814,0
7145,498,115,0
7146,498,7,0
7147,498,932,0
7148,498,727,0
7149,498,80,0
7150,498,1006,0
7151,498,128,0
7152,498,914,0
7153,498,958,0
7154,498,882,0
7155,498,271,0
7156,498,808,0
7157,498,618,0
7158,498,1085,0
7159,498,441,0
7160,498,817,0
7161,498,941,0
7162,498,62,0
7163,498,1309,0
7164,498,678,0
7165,498,828,0
7166,498,376,0
7167,498,878,0
7168,498,116,0
7169,498,1217,0
7170,498,14,0
7171,498,305,0
7172,498,1191,0
7173,498,1150,0
7174,498,589,0
7175,498,1291,0
7176,498,506,0
7177,498,410,0
7178,498,803,0
7179,498,913,0
7180,498,189,0
7181,498,1244,0
7182,498,138,0
7183,498,1256,0
7184,498,889,0
7185,498,607,0
7186,498,1220,0
7187,498,790,0
7188,498,822,0
7189,498,1158,0
7190,498,1271,0
7191,498,465,0
7192,498,253,0
7193,498,791,0
7194,498,776,0
7195,498,1074,0
7196,498,866,0
7197,498,881,0
7198,498,213,0
7199,498,187,0
7200,498,1226,0
7201,498,423,0
7202,498,30,0
7203,498,197,0
7204,498,85,0
7205,498,150,0
7206,498,639,0
7207,498,1278,0
7208,498,427,0
7209,498,170,0
7210,498,887,0
7211,498,645,0
7212,498,260,0
7213,498,655,0
7214,498,863,0
7215,498,907,0
7216,498,868,0
7217,498,251,0
7218,498,720,0
7219,498,233,0
7220,498,642,0
7221,498,430,0
7222,498,417,0
7223,498,1003,0
7224,498,897,0
7225,498,1151,0
7226,498,1251,0
7227,498,1286,0
7228,498,621,0
7229,498,1145,0
7230,498,1208,0
7231,498,105,0
7232,498,981,0
7233,498,786,0
7234,498,353,0
7235,498,1228,0
7236,498,1276,0
7237,498,1252,0
7238,498,979,0
7239,498,1318,0
7240,498,534,0
7241,498,732,0
7242,498,1319,0
7243,498,221,0
7244,498,266,0
7245,498,840,0
7246,498,1166,0
7247,498,892,0
7248,498,824,0
7249,498,1132,0
7250,498,1081,0
7251,498,544,0
7252,498,710,0
7253,498,1095,0
7254,498,1221,0
7255,498,462,0
7256,498,511,0
7257,498,744,0
7258,498,1090,0
7259,498,383,0
7260,498,1079,0
7261,498,1254,0
7262,498,950,0
7263,498,895,0
7264,498,798,0
7265,498,975,0
7266,498,293,0
7267,498,1249,0
7268,498,1214,0
7269,498,283,0
7270,498,1032,0
7271,498,158,0
7272,498,74,0
7273,498,608,0
7274,498,146,0
7275,498,1052,0
7276,498,219,0
7277,498,738,0
7278,498,838,0
7279,498,19,0
7280,498,586,0
7281,498,458,0
7282,498,1259,0
7283,498,330,0
7284,498,999,0
7285,498,573,0
7286,498,529,0
7287,498,1283,0
7288,498,403,0
7289,498,569,0
7290,498,368,0
7291,498,1205,0
7292,498,1194,0
7293,498,1257,0
7294,498,323,0
7295,498,1239,0
7296,498,1209,0
7297,498,327,0
7298,498,829,0
7299,498,468,0
7300,498,801,0
7301,498,915,0
7302,498,647,0
7303,498,735,0
7304,498,455,0
7305,498,382,0
7306,498,1061,0
7307,498,869,0
7308,498,198,0
7309,498,909,0
7310,498,333,0
7311,498,809,0
7312,498,653,0
7313,498,986,0
7314,498,1098,0
7315,498,800,0
7316,498,1139,0
7317,498,1088,0
7318,498,366,0
7319,498,650,0
7320,498,1285,0
7321,498,1298,0
7322,498,928,0
7323,498,760,0
7324,498,297,0
7325,498,994,0
7326,498,908,0
7327,498,625,0
7328,498,24,0
7329,498,1117,0
7330,498,1112,0
7331,498,740,0
7332,498,90,0
7333,498,377,0
7334,498,475,0
7335,498,102,0
7336,498,768,0
7337,498,49,0
7338,498,35,0
7339,498,47,0
7340,498,1303,0
7341,498,1240,0
7342,498,637,0
7343,498,124,0
7344,498,536,0
7345,498,775,0
7346,498,217,0
7347,498,209,0
7348,498,1073,0
7349,498,933,0
7350,498,904,0
7351,498,434,0
7352,498,612,0
7353,498,61,0
7354,498,287,0
7355,498,955,0
7356,498,1108,0
7357,498,1035,0
7358,498,168,0
7359,498,135,0
7360,498,286,0
7361,498,309,0
7362,498,144,0
7363,498,1262,0
7364,498,304,0
7365,498,1266,0
7366,498,594,0
7367,498,314,0
7368,498,1067,0
7369,498,925,0
7370,498,683,0
7371,498,311,0
7372,498,504,0
7373,498,92,0
7374,498,526,0
7375,498,792,0
7376,498,318,0
7377,498,1179,0
7378,498,726,0
7379,498,1299,0
7380,498,692,0
7381,498,1219,0
7382,498,164,0
7383,498,916,0
7384,498,2,0
7385,498,1247,0
7386,498,1050,0
7387,498,1066,0
7388,498,446,0
7389,498,1311,0
7390,498,372,0
7391,498,964,0
7392,498,122,0
7393,498,216,0
7394,498,1165,0
7395,498,1125,0
7396,498,1104,0
7397,498,1301,0
7398,498,240,0
7399,498,706,0
7400,498,876,0
7401,498,464,0
7402,498,945,0
7403,498,194,0
7404,498,210,0
7405,498,667,0
7406,498,748,0
7407,498,127,0
7408,498,452,0
7409,498,473,0
7410,498,664,0
7411,498,48,0
7412,498,1320,0
7413,498,832,0
7414,498,1292,0
7415,498,755,0
7416,498,284,0
7417,498,145,0
7418,498,1130,0
7419,498,111,0
7420,498,472,0
7421,498,799,0
7422,498,508,0
7423,498,551,0
7424,498,375,0
7425,498,182,0
7426,498,921,0
7427,498,753,0
7428,498,1185,0
7429,498,860,0
7430,498,567,0
7431,498,1116,0
7432,498,841,0
7433,498,1092,0
7434,498,71,0
7435,498,998,0
7436,498,982,0
7437,498,514,0
7438,498,467,0
7439,498,1010,0
7440,498,321,0
7441,498,416,0
7442,498,200,0
7443,498,858,0
7444,498,389,0
7445,498,617,0
7446,498,694,0
7447,498,22,0
7448,498,1230,0
7449,498,623,0
7450,498,1087,0
7451,498,193,0
7452,498,877,0
7453,498,447,0
7454,498,1121,0
7455,498,384,0
7456,498,172,0
7457,498,652,0
7458,498,962,0
7459,498,1174,0
7460,498,785,0
7461,498,451,0
7462,498,87,0
7463,498,702,0
7464,498,797,0
7465,498,937,0
7466,498,41,0
7467,498,505,0
7468,498,391,0
7469,498,903,0
7470,498,528,0
7471,498,1043,0
7472,498,374,0
7473,498,324,0
7474,498,867,0
7475,498,1237,0
7476,498,405,0
7477,498,931,0
7478,498,575,0
7479,498,774,0
7480,498,522,0
7481,498,338,0
7482,498,550,0
7483,498,806,0
7484,498,691,0
7485,498,1246,0
7486,498,781,0
7487,498,883,0
7488,498,984,0
7489,498,295,0
7490,498,276,0
7491,498,761,0
7492,498,1215,0
7493,498,911,0
7494,505,223,0
7495,505,359,0
7496,505,1122,0
7497,505,1027,0
7498,505,1215,0
7499,505,471,0
7500,505,1297,0
7501,505,1238,0
7502,505,489,0
7503,505,322,0
7504,505,952,0
7505,505,1296,0
7506,505,1308,0
7507,505,580,0
7508,505,221,0
7509,505,82,0
7510,505,1292,0
7511,505,791,0
7512,505,334,0
7513,505,416,0
7514,505,124,0
7515,505,1068,0
7516,505,1287,0
7517,505,266,0
7518,505,706,0
7519,505,1116,0
7520,505,350,0
7521,505,512,0
7522,505,559,0
7523,505,159,0
7524,505,366,0
7525,505,111,0
7526,505,42,0
7527,505,975,0
7528,505,179,0
7529,505,1262,0
7530,505,440,0
7531,505,437,0
7532,505,707,0
7533,505,1005,0
7534,505,794,0
7535,505,1270,0
7536,505,256,0
7537,505,207,0
7538,505,763,0
7539,505,627,0
7540,505,455,0
7541,505,776,0
7542,505,899,0
7543,505,785,0
7544,505,1015,0
7545,505,693,0
7546,505,443,0
7547,505,188,0
7548,505,377,0
7549,505,484,0
7550,505,390,0
7551,505,1212,0
7552,505,485,0
7553,505,775,0
7554,505,243,0
7555,505,676,0
7556,505,123,0
7557,505,1273,0
7558,505,770,0
7559,505,805,0
7560,505,858,0
7561,505,1130,0
7562,505,1204,0
7563,505,1237,0
7564,505,307,0
7565,505,388,0
7566,505,984,0
7567,505,340,0
7568,505,713,0
7569,505,976,0
7570,505,755,0
7571,505,211,0
7572,505,956,0
7573,505,677,0
7574,505,514,0
7575,505,702,0
7576,505,280,0
7577,505,940,0
7578,505,293,0
7579,505,1081,0
7580,505,590,0
7581,505,235,0
7582,505,457,0
7583,505,230,0
7584,505,367,0
7585,505,844,0
7586,505,1261,0
7587,505,860,0
7588,505,1255,0
7589,505,99,0
7590,505,1221,0
7591,505,912,0
7592,505,474,0
7593,505,170,0
7594,505,638,0
7595,505,6,0
7596,505,29,0
7597,505,944,0
7598,505,703,0
7599,505,1090,0
7600,505,592,0
7601,505,891,0
7602,505,838,0
7603,505,1144,0
7604,505,578,0
7605,505,572,0
7606,505,1307,0
7607,505,1060,0
7608,505,951,0
7609,505,346,0
7610,505,889,0
7611,505,718,0
7612,505,413,0
7613,505,214,0
7614,505,696,0
7615,505,182,0
7616,505,450,0
7617,505,1112,0
7618,505,135,0
7619,505,1224,0
7620,505,624,0
7621,505,1053,0
7622,505,296,0
7623,505,861,0
7624,505,1198,0
7625,505,216,0
7626,505,156,0
7627,505,423,0
7628,505,479,0
7629,505,837,0
7630,505,372,0
7631,505,1171,0
7632,505,615,0
7633,505,753,0
7634,505,865,0
7635,505,765,0
7636,505,1285,0
7637,505,271,0
7638,505,151,0
7639,505,178,0
7640,505,1269,0
7641,505,1021,0
7642,505,1301,0
7643,505,1026,0
7644,505,759,0
7645,505,996,0
7646,505,1165,0
7647,505,453,0
7648,505,1193,0
7649,505,117,0
7650,505,1085,0
7651,505,535,0
7652,505,1007,0
7653,505,55,0
7654,505,565,0
7655,505,568,0
7656,505,724,0
7657,505,649,0
7658,505,1240,0
7659,505,239,0
7660,505,1162,0
7661,505,548,0
7662,505,748,0
7663,505,313,0
7664,505,267,0
7665,505,275,0
7666,505,1265,0
7667,505,518,0
7668,505,601,0
7669,505,911,0
7670,505,1056,0
7671,505,730,0
7672,505,1012,0
7673,505,204,0
7674,505,815,0
7675,505,1170,0
7676,505,508,0
7677,505,93,0
7678,505,379,0
7679,505,904,0
7680,505,265,0
7681,505,915,0
7682,505,1173,0
7683,505,741,0
7684,505,902,0
7685,505,1235,0
7686,505,773,0
7687,505,1188,0
7688,505,851,0
7689,505,7,0
7690,505,1107,0
7691,505,341,0
7692,505,1019,0
7693,505,19,0
7694,505,937,0
7695,505,305,0
7696,505,1115,0
7697,505,532,0
7698,505,720,0
7699,505,1226,0
7700,505,598,0
7701,505,144,0
7702,505,107,0
7703,505,1148,0
7704,505,1207,0
7705,505,618,0
7706,505,1013,0
7707,505,259,0
7708,505,1093,0
7709,505,625,0
7710,505,424,0
7711,505,18,0
7712,505,885,0
7713,505,37,0
7714,505,867,0
7715,505,793,0
7716,505,174,0
7717,505,955,0
7718,505,1000,0
7719,505,1032,0
7720,505,1039,0
7721,505,1250,0
7722,505,1192,0
7723,505,465,0
7724,505,642,0
7725,505,689,0
7726,505,635,0
7727,505,219,0
7728,505,961,0
7729,505,558,0
7730,505,652,0
7731,505,169,0
7732,505,1184,0
7733,505,462,0
7734,505,1305,0
7735,505,263,0
7736,505,846,0
7737,505,1214,0
7738,505,930,0
7739,505,1110,0
7740,505,509,0
7741,505,1266,0
7742,505,78,0
7743,505,338,0
7744,505,797,0
7745,505,1201,0
7746,505,1236,0
7747,505,1035,0
7748,505,1194,0
7749,505,811,0
7750,505,643,0
7751,505,486,0
7752,505,1199,0
7753,505,297,0
7754,505,50,0
7755,505,699,0
7756,505,1290,0
7757,505,1225,0
7758,505,777,0
7759,505,1051,0
7760,505,1034,0
7761,505,1145,0
7762,505,735,0
7763,505,619,0
7764,505,248,0
7765,505,786,0
7766,505,754,0
7767,505,32,0
7768,505,446,0
7769,505,80,0
7770,505,816,0
7771,505,704,0
7772,505,493,0
7773,505,971,0
7774,505,41,0
7775,505,829,0
7776,505,475,0
7777,505,701,0
7778,505,1029,0
7779,505,864,0
7780,505,61,0
7781,505,634,0
7782,505,938,0
7783,505,28,0
7784,505,300,0
7785,505,1049,0
7786,505,853,0
7787,505,768,0
7788,505,147,0
7789,505,215,0
7790,505,64,0
7791,505,105,0
7792,505,226,0
7793,505,331,0
7794,505,146,0
7795,505,663,0
7796,505,909,0
7797,505,557,0
7798,505,140,0
7799,505,1146,0
7800,505,101,0
7801,505,161,0
7802,505,288,0
7803,505,507,0
7804,505,316,0
7805,505,1281,0
7806,505,1197,0
7807,505,1083,0
7808,505,273,0
7809,505,629,0
7810,505,880,0
7811,505,761,0
7812,505,312,0
7813,505,70,0
7814,505,1022,0
7815,505,1245,0
7816,505,458,0
7817,505,705,0
7818,505,1095,0
7819,505,420,0
7820,505,633,0
7821,505,92,0
7822,505,667,0
7823,505,526,0
7824,505,520,0
7825,505,810,0
7826,505,284,0
7827,505,139,0
7828,505,395,0
7829,505,1054,0
7830,505,1209,0
7831,505,698,0
7832,505,294,0
7833,505,1271,0
7834,505,324,0
7835,505,118,0
7836,505,237,0
7837,505,282,0
7838,505,863,0
7839,505,1300,0
7840,505,245,0
7841,505,244,0
7842,505,290,0
7843,505,1211,0
7844,505,640,0
7845,505,1043,0
7846,505,886,0
7847,505,1163,0
7848,505,1098,0
7849,505,1149,0
7850,505,798,0
7851,505,198,0
7852,505,426,0
7853,505,155,0
7854,505,240,0
7855,505,566,0
7856,505,208,0
7857,505,497,0
7858,505,310,0
7859,505,599,0
7860,505,492,0
7861,505,632,0
7862,505,868,0
7863,505,212,0
7864,505,1168,0
7865,505,766,0
7866,505,1059,0
7867,505,439,0
7868,505,628,0
7869,505,1258,0
7870,505,1046,0
7871,505,847,0
7872,505,250,0
7873,505,285,0
7874,505,611,0
7875,505,1183,0
7876,505,1030,0
7877,505,387,0
7878,505,727,0
7879,505,801,0
7880,505,550,0
7881,505,40,0
7882,505,393,0
7883,505,373,0
7884,505,1312,0
7885,505,959,0
7886,505,872,0
7887,505,363,0
7888,505,990,0
7889,505,289,0
7890,505,352,0
7891,505,992,0
7892,505,942,0
7893,505,963,0
7894,505,1182,0
7895,505,957,0
7896,505,857,0
7897,505,283,0
7898,505,900,0
7899,505,849,0
7900,505,277,0
7901,505,63,0
7902,505,463,0
7903,505,994,0
7904,505,321,0
7905,505,184,0
7906,505,1264,0
7907,505,531,0
7908,505,884,0
7909,505,152,0
7910,505,614,0
7911,505,871,0
7912,505,583,0
7913,505,977,0
7914,505,1120,0
7915,505,145,0
7916,505,278,0
7917,505,1011,0
7918,505,333,0
7919,505,431,0
7920,505,1200,0
7921,505,1004,0
7922,505,414,0
7923,505,499,0
7924,505,1161,0
7925,505,468,0
7926,505,1251,0
7927,505,329,0
7928,505,67,0
7929,505,1127,0
7930,505,1152,0
7931,505,1234,0
7932,505,434,0
7933,505,132,0
7934,505,795,0
7935,505,1216,0
7936,505,966,0
7937,505,39,0
7938,505,193,0
7939,505,674,0
7940,505,1256,0
7941,505,694,0
7942,505,409,0
7943,505,607,0
7944,505,605,0
7945,505,673,0
7946,505,670,0
7947,505,657,0
7948,505,1042,0
7949,505,391,0
7950,505,356,0
7951,505,1069,0
7952,505,606,0
7953,505,232,0
7954,505,133,0
7955,505,680,0
7956,505,1023,0
7957,505,260,0
7958,505,131,0
7959,505,14,0
7960,505,972,0
7961,505,128,0
7962,505,726,0
7963,505,893,0
7964,505,1169,0
7965,505,325,0
7966,505,825,0
7967,505,360,0
7968,505,224,0
7969,505,126,0
7970,505,77,0
7971,505,835,0
7972,505,375,0
7973,505,948,0
7974,505,608,0
7975,505,194,0
7976,505,1174,0
7977,505,36,0
7978,505,648,0
7979,505,553,0
7980,505,106,0
7981,505,923,0
7982,505,1315,0
7983,505,1087,0
7984,505,315,0
7985,505,1033,0
7986,505,149,0
7987,505,1061,0
7988,505,81,0
7989,505,817,0
7990,505,1302,0
7991,505,396,0
7992,505,581,0
7993,505,790,0
7994,505,1268,0
7995,505,192,0
7996,505,187,0
7997,505,594,0
7998,505,246,0
7999,505,392,0
8000,505,862,0
8001,505,970,0
8002,505,1063,0
8003,505,386,0
8004,505,890,0
8005,505,739,0
8006,505,967,0
8007,505,715,0
8008,505,311,0
8009,505,659,0
8010,505,1073,0
8011,505,467,0
8012,505,1176,0
8013,505,425,0
8014,505,998,0
8015,505,301,0
8016,505,784,0
8017,505,498,0
8018,505,251,0
8019,505,270,0
8020,505,364,0
8021,505,697,0
8022,505,110,0
8023,505,757,0
8024,505,30,0
8025,505,729,0
8026,505,758,0
8027,505,800,0
8028,505,1242,0
8029,505,1272,0
8030,505,203,0
8031,505,410,0
8032,505,415,0
8033,505,842,0
8034,505,692,0
8035,505,490,0
8036,505,1180,0
8037,505,186,0
8038,505,405,0
8039,505,834,0
8040,505,1079,0
8041,505,679,0
8042,505,1252,0
8043,505,870,0
8044,505,740,0
8045,505,744,0
8046,505,807,0
8047,505,469,0
8048,505,589,0
8049,505,650,0
8050,505,666,0
8051,505,985,0
8052,505,65,0
8053,505,242,0
8054,505,510,0
8055,505,85,0
8056,505,210,0
8057,505,238,0
8058,505,927,0
8059,505,1117,0
8060,505,381,0
8061,505,1190,0
8062,505,403,0
8063,505,1185,0
8064,505,1100,0
8065,505,58,0
8066,505,1203,0
8067,505,669,0
8068,505,1254,0
8069,505,1040,0
8070,505,511,0
8071,505,87,0
8072,505,924,0
8073,505,1153,0
8074,505,907,0
8075,505,1099,0
8076,505,591,0
8077,505,688,0
8078,505,617,0
8079,505,397,0
8080,505,820,0
8081,505,60,0
8082,505,982,0
8083,505,1228,0
8084,505,109,0
8085,505,1047,0
8086,505,482,0
8087,505,778,0
8088,505,1310,0
8089,505,1159,0
8090,505,983,0
8091,505,353,0
8092,505,1082,0
8093,505,255,0
8094,505,875,0
8095,505,533,0
8096,505,134,0
8097,505,400,0
8098,505,943,0
8099,505,213,0
8100,505,231,0
8101,505,908,0
8102,505,522,0
8103,505,76,0
8104,505,1298,0
8105,505,158,0
8106,505,23,0
8107,505,571,0
8108,505,1246,0
8109,505,157,0
8110,505,602,0
8111,505,544,0
8112,505,195,0
8113,505,832,0
8114,505,1123,0
8115,505,653,0
8116,505,595,0
8117,505,965,0
8118,505,1096,0
8119,505,368,0
8120,505,229,0
8121,505,1319,0
8122,505,258,0
8123,505,564,0
8124,505,222,0
8125,505,45,0
8126,505,852,0
8127,505,686,0
8128,505,445,0
8129,505,96,0
8130,505,163,0
8131,505,502,0
8132,505,191,0
8133,505,733,0
8134,505,803,0
8135,505,1166,0
8136,505,233,0
8137,505,16,0
8138,505,141,0
8139,505,1154,0
8140,505,991,0
8141,505,772,0
8142,505,496,0
8143,505,1141,0
8144,505,1172,0
8145,505,974,0
8146,505,234,0
8147,505,721,0
8148,505,579,0
8149,505,1304,0
8150,505,1139,0
8151,505,1280,0
8152,505,483,0
8153,505,361,0
8154,505,9,0
8155,505,569,0
8156,505,438,0
8157,505,1058,0
8158,505,782,0
8159,505,1037,0
8160,505,734,0
8161,505,477,0
8162,505,593,0
8163,505,552,0
8164,505,1208,0
8165,505,199,0
8166,505,762,0
8167,505,1044,0
8168,505,459,0
8169,505,958,0
8170,505,339,0
8171,505,1284,0
8172,505,1010,0
8173,505,887,0
8174,505,894,0
8175,505,1303,0
8176,505,253,0
8177,505,480,0
8178,505,68,0
8179,505,737,0
8180,505,921,0
8181,505,1103,0
8182,505,48,0
8183,505,447,0
8184,505,882,0
8185,505,464,0
8186,505,925,0
8187,505,309,0
8188,505,354,0
8189,505,357,0
8190,505,678,0
8191,505,419,0
8192,505,626,0
8193,505,72,0
8194,505,622,0
8195,505,1076,0
8196,505,1320,0
8197,505,120,0
8198,505,1114,0
8199,505,236,0
8200,505,349,0
8201,505,850,0
8202,505,371,0
8203,505,600,0
8204,505,89,0
8205,505,183,0
8206,505,821,0
8207,505,62,0
8208,505,1202,0
8209,505,802,0
8210,505,295,0
8211,505,725,0
8212,505,10,0
8213,505,1276,0
8214,505,429,0
8215,505,1253,0
8216,505,826,0
8217,505,1217,0
8218,505,519,0
8219,505,142,0
8220,505,84,0
8221,505,1156,0
8222,505,936,0
8223,505,1018,0
8224,505,241,0
8225,505,731,0
8226,505,254,0
8227,505,799,0
8228,505,345,0
8229,505,478,0
8230,505,398,0
8231,505,1263,0
8232,505,369,0
8233,505,1318,0
8234,505,540,0
8235,505,343,0
8236,505,1151,0
8237,505,165,0
8238,505,269,0
8239,505,749,0
8240,505,587,0
8241,505,384,0
8242,505,292,0
8243,505,1074,0
8244,505,1274,0
8245,505,1179,0
8246,505,637,0
8247,505,883,0
8248,505,94,0
8249,505,22,0
8250,505,523,0
8251,505,574,0
8252,505,796,0
8253,505,407,0
8254,505,160,0
8255,505,969,0
8256,505,814,0
8257,505,1195,0
8258,505,351,0
8259,505,88,0
8260,505,926,0
8261,505,202,0
8262,505,1143,0
8263,505,1299,0
8264,505,358,0
8265,505,631,0
8266,505,53,0
8267,505,1260,0
8268,505,1160,0
8269,505,537,0
8270,505,281,0
8271,505,399,0
8272,505,555,0
8273,505,47,0
8274,505,918,0
8275,505,695,0
8276,505,1158,0
8277,505,745,0
8278,505,530,0
8279,505,831,0
8280,505,841,0
8281,505,1233,0
8282,505,1181,0
8283,505,1084,0
8284,505,119,0
8285,505,780,0
8286,505,521,0
8287,505,1017,0
8288,505,654,0
8289,505,684,0
8290,505,1111,0
8291,505,854,0
8292,505,91,0
8293,505,906,0
8294,505,561,0
8295,505,1092,0
8296,505,576,0
8297,505,1055,0
8298,505,209,0
8299,505,327,0
8300,505,264,0
8301,505,939,0
8302,505,656,0
8303,505,20,0
8304,505,586,0
8305,505,17,0
8306,505,330,0
8307,505,335,0
8308,505,1138,0
8309,505,988,0
8310,505,24,0
8311,505,417,0
8312,505,1147,0
8313,505,646,0
8314,505,500,0
8315,505,336,0
8316,505,709,0
8317,505,181,0
8318,505,945,0
8319,505,524,0
8320,505,185,0
8321,505,922,0
8322,505,337,0
8323,505,910,0
8324,505,978,0
8325,505,451,0
8326,505,1062,0
8327,505,189,0
8328,505,1002,0
8329,505,914,0
8330,505,197,0
8331,505,953,0
8332,505,401,0
8333,505,946,0
8334,505,150,0
8335,505,1140,0
8336,505,365,0
8337,505,813,0
8338,505,711,0
8339,505,487,0
8340,505,1014,0
8341,505,866,0
8342,505,1077,0
8343,505,551,0
8344,505,527,0
8345,505,513,0
8346,505,613,0
8347,505,750,0
8348,505,1134,0
8349,505,1131,0
8350,505,672,0
8351,505,691,0
8352,505,788,0
8353,505,1106,0
8354,505,896,0
8355,505,828,0
8356,505,501,0
8357,505,1278,0
8358,505,620,0
8359,505,491,0
8360,505,476,0
8361,505,164,0
8362,505,585,0
8363,505,54,0
8364,505,647,0
8365,505,964,0
8366,505,355,0
8367,505,879,0
8368,505,461,0
8369,505,570,0
8370,505,1309,0
8371,505,1057,0
8372,505,1317,0
8373,505,916,0
8374,505,503,0
8375,505,1091,0
8376,505,427,0
8377,677,649,0
8378,677,384,0
8379,677,1275,0
8380,677,575,0
8381,677,1022,0
8382,677,1320,0
8383,677,1167,0
8384,677,31,0
8385,677,877,0
8386,677,338,0
8387,677,777,0
8388,677,960,0
8389,677,1179,0
8390,677,163,0
8391,677,608,0
8392,677,972,0
8393,677,148,0
8394,677,1238,0
8395,677,812,0
8396,677,1277,0
8397,677,192,0
8398,677,685,0
8399,677,347,0
8400,677,898,0
8401,677,1224,0
8402,677,367,0
8403,677,1221,0
8404,677,549,0
8405,677,1227,0
8406,677,1223,0
8407,677,117,0
8408,677,779,0
8409,677,1184,0
8410,677,688,0
8411,677,236,0
8412,677,874,0
8413,677,1173,0
8414,677,1196,0
8415,677,99,0
8416,677,305,0
8417,677,372,0
8418,677,1027,0
8419,677,894,0
8420,677,617,0
8421,677,1050,0
8422,677,34,0
8423,677,1237,0
8424,677,29,0
8425,677,1178,0
8426,677,454,0
8427,677,742,0
8428,677,277,0
8429,677,55,0
8430,677,158,0
8431,677,317,0
8432,677,854,0
8433,677,881,0
8434,677,114,0
8435,677,1257,0
8436,677,993,0
8437,677,991,0
8438,677,1003,0
8439,677,1045,0
8440,677,1244,0
8441,677,445,0
8442,677,851,0
8443,677,390,0
8444,677,222,0
8445,677,926,0
8446,677,174,0
8447,677,1278,0
8448,677,802,0
8449,677,366,0
8450,677,551,0
8451,677,109,0
8452,677,1216,0
8453,677,701,0
8454,677,206,0
8455,677,566,0
8456,677,1293,0
8457,677,455,0
8458,677,425,0
8459,677,967,0
8460,677,627,0
8461,677,66,0
8462,677,626,0
8463,677,361,0
8464,677,500,0
8465,677,1169,0
8466,677,543,0
8467,677,889,0
8468,677,161,0
8469,677,1272,0
8470,677,989,0
8471,677,485,0
8472,677,170,0
8473,677,498,0
8474,677,110,0
8475,677,91,0
8476,677,401,0
8477,677,134,0
8478,677,414,0
8479,677,476,0
8480,677,738,0
8481,677,693,0
8482,677,1230,0
8483,677,381,0
8484,677,95,0
8485,677,1307,0
8486,677,502,0
8487,677,247,0
8488,677,507,0
8489,677,261,0
8490,677,252,0
8491,677,1312,0
8492,677,321,0
8493,677,801,0
8494,677,1005,0
8495,677,450,0
8496,677,383,0
8497,677,510,0
8498,677,178,0
8499,677,1148,0
8500,677,70,0
8501,677,769,0
8502,677,319,0
8503,677,460,0
8504,677,1305,0
8505,677,1206,0
8506,677,609,0
8507,677,104,0
8508,677,868,0
8509,677,448,0
8510,677,552,0
8511,677,108,0
8512,677,225,0
8513,677,918,0
8514,677,96,0
8515,677,443,0
8516,677,1011,0
8517,677,834,0
8518,677,1256,0
8519,677,187,0
8520,677,452,0
8521,677,587,0
8522,677,173,0
8523,677,915,0
8524,677,489,0
8525,677,1074,0
8526,677,1138,0
8527,677,447,0
8528,677,22,0
8529,677,948,0
8530,677,484,0
8531,677,385,0
8532,677,296,0
8533,677,128,0
8534,677,421,0
8535,677,316,0
8536,677,431,0
8537,677,511,0
8538,677,833,0
8539,677,1157,0
8540,677,330,0
8541,677,610,0
8542,677,393,0
8543,677,179,0
8544,677,1251,0
8545,677,382,0
8546,677,1311,0
8547,677,1079,0
8548,677,662,0
8549,677,473,0
8550,677,857,0
8551,677,1271,0
8552,677,1090,0
8553,677,686,0
8554,677,922,0
8555,677,129,0
8556,677,457,0
8557,677,160,0
8558,677,342,0
8559,677,195,0
8560,677,1008,0
8561,677,334,0
8562,677,806,0
8563,677,490,0
8564,677,824,0
8565,677,982,0
8566,677,1062,0
8567,677,741,0
8568,677,7,0
8569,677,82,0
8570,677,853,0
8571,677,773,0
8572,677,3,0
8573,677,891,0
8574,677,300,0
8575,677,828,0
8576,677,1000,0
8577,677,263,0
8578,677,1142,0
8579,677,759,0
8580,677,1017,0
8581,677,171,0
8582,677,526,0
8583,677,432,0
8584,677,807,0
8585,677,1141,0
8586,677,1061,0
8587,677,791,0
8588,677,800,0
8589,677,1071,0
8590,677,1122,0
8591,677,230,0
8592,677,5,0
8593,677,239,0
8594,677,1127,0
8595,677,1006,0
8596,677,932,0
8597,677,911,0
8598,677,482,0
8599,677,635,0
8600,677,788,0
8601,677,553,0
8602,677,169,0
8603,677,430,0
8604,677,803,0
8605,677,58,0
8606,677,573,0
8607,677,952,0
8608,677,353,0
8609,677,1156,0
8610,677,446,0
8611,677,243,0
8612,677,215,0
8613,677,817,0
8614,677,699,0
8615,677,1038,0
8616,677,189,0
8617,677,958,0
8618,677,645,0
8619,677,218,0
8620,677,1048,0
8621,677,468,0
8622,677,196,0
8623,677,1088,0
8624,677,422,0
8625,677,715,0
8626,677,1073,0
8627,677,1295,0
8628,677,101,0
8629,677,913,0
8630,677,309,0
8631,677,978,0
8632,677,1075,0
8633,677,1316,0
8634,677,335,0
8635,677,1281,0
8636,677,717,0
8637,677,659,0
8638,677,923,0
8639,677,404,0
8640,677,878,0
8641,677,444,0
8642,677,297,0
8643,677,1025,0
8644,677,719,0
8645,677,696,0
8646,677,130,0
8647,677,1243,0
8648,677,793,0
8649,677,265,0
8650,677,356,0
8651,677,707,0
8652,677,867,0
8653,677,113,0
8654,677,683,0
8655,677,36,0
8656,677,182,0
8657,677,1078,0
8658,677,622,0
8659,677,975,0
8660,677,1258,0
8661,677,858,0
8662,677,328,0
8663,677,351,0
8664,677,1158,0
8665,677,885,0
8666,677,997,0
8667,677,637,0
8668,677,700,0
8669,677,348,0
8670,677,749,0
8671,677,150,0
8672,677,908,0
8673,677,409,0
8674,677,282,0
8675,677,245,0
8676,677,1013,0
8677,677,855,0
8678,677,288,0
8679,677,289,0
8680,677,368,0
8681,677,563,0
8682,677,12,0
8683,677,716,0
8684,677,144,0
8685,677,241,0
8686,677,4,0
8687,677,1147,0
8688,677,619,0
8689,677,1132,0
8690,677,1259,0
8691,677,180,0
8692,677,1254,0
8693,677,17,0
8694,677,1212,0
8695,677,440,0
8696,677,1286,0
8697,677,547,0
8698,677,914,0
8699,677,1164,0
8700,677,1034,0
8701,677,30,0
8702,677,98,0
8703,677,145,0
8704,677,1121,0
8705,677,259,0
8706,677,389,0
8707,677,434,0
8708,677,647,0
8709,677,1152,0
8710,677,487,0
8711,677,1197,0
8712,677,860,0
8713,677,620,0
8714,677,604,0
8715,677,1253,0
8716,677,1300,0
8717,677,255,0
8718,677,602,0
8719,677,771,0
8720,677,794,0
8721,677,93,0
8722,677,1191,0
8723,677,149,0
8724,677,548,0
8725,677,322,0
8726,677,1262,0
8727,677,938,0
8728,677,1203,0
8729,677,51,0
8730,677,796,0
8731,677,207,0
8732,677,49,0
8733,677,33,0
8734,677,118,0
8735,677,162,0
8736,677,1285,0
8737,677,369,0
8738,677,892,0
8739,677,1140,0
8740,677,1161,0
8741,677,426,0
8742,677,295,0
8743,677,1103,0
8744,677,808,0
8745,677,838,0
8746,677,350,0
8747,677,303,0
8748,677,19,0
8749,677,921,0
8750,677,648,0
8751,677,590,0
8752,677,957,0
8753,677,1040,0
8754,677,1186,0
8755,677,429,0
8756,677,579,0
8757,677,18,0
8758,677,411,0
8759,677,63,0
8760,677,1159,0
8761,677,866,0
8762,677,1171,0
8763,677,435,0
8764,677,1280,0
8765,677,323,0
8766,677,103,0
8767,677,1270,0
8768,677,167,0
8769,677,540,0
8770,677,1261,0
8771,677,565,0
8772,677,1290,0
8773,677,849,0
8774,677,902,0
8775,677,287,0
8776,677,418,0
8777,677,53,0
8778,677,675,0
8779,677,270,0
8780,677,784,0
8781,677,740,0
8782,677,1283,0
8783,677,1315,0
8784,677,520,0
8785,677,217,0
8786,677,840,0
8787,677,1095,0
8788,677,521,0
8789,677,1084,0
8790,677,797,0
8791,677,152,0
8792,677,848,0
8793,677,847,0
8794,677,562,0
8795,677,469,0
8796,677,191,0
8797,677,1174,0
8798,677,730,0
8799,677,601,0
8800,677,734,0
8801,677,1153,0
8802,677,465,0
8803,677,105,0
8804,677,721,0
8805,677,1306,0
8806,677,879,0
8807,677,709,0
8808,677,293,0
8809,677,269,0
8810,677,939,0
8811,677,930,0
8812,677,1043,0
8813,677,755,0
8814,677,313,0
8815,677,501,0
8816,677,888,0
8817,677,23,0
8818,677,332,0
8819,677,956,0
8820,677,464,0
8821,677,517,0
8822,677,94,0
8823,677,981,0
8824,677,406,0
8825,677,714,0
8826,677,90,0
8827,677,1143,0
8828,677,596,0
8829,677,731,0
8830,677,386,0
8831,677,175,0
8832,677,262,0
8833,677,912,0
8834,677,67,0
8835,677,643,0
8836,677,750,0
8837,677,456,0
8838,677,120,0
8839,677,1319,0
8840,677,1007,0
8841,677,666,0
8842,677,1298,0
8843,677,865,0
8844,677,792,0
8845,677,1067,0
8846,677,765,0
8847,677,770,0
8848,677,968,0
8849,677,428,0
8850,677,775,0
8851,677,1077,0
8852,677,325,0
8853,677,778,0
8854,677,727,0
8855,677,976,0
8856,677,298,0
8857,677,630,0
8858,677,1139,0
8859,677,1097,0
8860,677,534,0
8861,677,1211,0
8862,677,822,0
8863,677,35,0
8864,677,227,0
8865,677,545,0
8866,677,729,0
8867,677,1225,0
8868,677,613,0
8869,677,1255,0
8870,677,998,0
8871,677,147,0
8872,677,25,0
8873,677,1072,0
8874,677,388,0
8875,677,10,0
8876,677,916,0
8877,677,516,0
8878,677,1065,0
8879,677,1131,0
8880,677,481,0
8881,677,944,0
8882,677,248,0
8883,677,789,0
8884,677,433,0
8885,677,1086,0
8886,677,564,0
8887,677,760,0
8888,677,470,0
8889,677,966,0
8890,677,344,0
8891,677,233,0
8892,677,278,0
8893,677,798,0
8894,677,156,0
8895,677,461,0
8896,677,946,0
8897,677,168,0
8898,677,1151,0
8899,677,1114,0
8900,677,1028,0
8901,677,132,0
8902,677,107,0
8903,677,379,0
8904,677,1250,0
8905,677,496,0
8906,677,746,0
8907,677,571,0
8908,677,314,0
8909,677,312,0
8910,677,405,0
8911,677,950,0
8912,677,121,0
8913,677,906,0
8914,677,87,0
8915,677,439,0
8916,677,204,0
8917,677,1014,0
8918,677,380,0
8919,677,1245,0
8920,677,1228,0
8921,677,711,0
8922,677,1145,0
8923,677,307,0
8924,677,139,0
8925,677,318,0
8926,677,1247,0
8927,677,953,0
8928,677,1195,0
8929,677,1108,0
8930,677,1128,0
8931,677,453,0
8932,677,615,0
8933,677,684,0
8934,677,373,0
8935,677,1110,0
8936,677,424,0
8937,677,959,0
8938,677,1252,0
8939,677,197,0
8940,677,232,0
8941,677,256,0
8942,677,1016,0
8943,677,354,0
8944,677,61,0
8945,677,358,0
8946,677,54,0
8947,677,257,0
8948,677,917,0
8949,677,829,0
8950,677,1240,0
8951,677,827,0
8952,677,201,0
8953,677,544,0
8954,677,463,0
8955,677,766,0
8956,677,1109,0
8957,677,122,0
8958,677,75,0
8959,677,1042,0
8960,677,1053,0
8961,677,459,0
8962,677,420,0
8963,677,65,0
8964,677,123,0
8965,677,937,0
8966,677,984,0
8967,677,529,0
8968,677,333,0
8969,677,80,0
8970,677,392,0
8971,677,274,0
8972,677,11,0
8973,677,1096,0
8974,677,527,0
8975,677,1175,0
8976,677,841,0
8977,677,560,0
8978,677,1310,0
8979,677,724,0
8980,677,39,0
8981,677,324,0
8982,677,505,0
8983,677,340,0
8984,677,533,0
8985,677,720,0
8986,677,928,0
8987,677,999,0
8988,677,893,0
8989,677,1303,0
8990,677,623,0
8991,677,964,0
8992,677,1292,0
8993,677,224,0
8994,677,1092,0
8995,677,375,0
8996,677,899,0
8997,677,272,0
8998,677,726,0
8999,677,757,0
9000,677,458,0
9001,677,925,0
9002,677,751,0
9003,677,988,0
9004,677,1133,0
9005,677,530,0
9006,677,905,0
9007,677,408,0
9008,677,1201,0
9009,677,1296,0
9010,677,164,0
9011,677,1083,0
9012,677,799,0
9013,677,399,0
9014,677,979,0
9015,677,1233,0
9016,677,1200,0
9017,677,671,0
9018,677,306,0
9019,677,294,0
9020,677,212,0
9021,677,48,0
9022,677,266,0
9023,677,438,0
9024,677,713,0
9025,677,326,0
9026,677,237,0
9027,677,1150,0
9028,677,228,0
9029,677,863,0
9030,677,654,0
9031,677,574,0
9032,677,781,0
9033,677,1146,0
9034,677,651,0
9035,677,1113,0
9036,677,783,0
9037,677,268,0
9038,677,811,0
9039,677,1144,0
9040,677,143,0
9041,677,47,0
9042,677,1260,0
9043,677,1192,0
9044,677,250,0
9045,677,772,0
9046,677,1302,0
9047,677,882,0
9048,677,1170,0
9049,677,396,0
9050,677,1041,0
9051,677,1219,0
9052,677,493,0
9053,677,523,0
9054,677,640,0
9055,677,753,0
9056,677,410,0
9057,677,920,0
9058,677,1268,0
9059,677,660,0
9060,677,1051,0
9061,677,72,0
9062,677,244,0
9063,677,814,0
9064,677,115,0
9065,677,462,0
9066,677,531,0
9067,677,639,0
9068,677,831,0
9069,677,371,0
9070,677,1018,0
9071,677,641,0
9072,677,606,0
9073,677,436,0
9074,677,767,0
9075,677,708,0
9076,677,166,0
9077,677,764,0
9078,677,1209,0
9079,677,830,0
9080,677,528,0
9081,677,672,0
9082,677,403,0
9083,677,480,0
9084,677,83,0
9085,677,673,0
9086,677,79,0
9087,677,653,0
9088,677,1134,0
9089,677,1056,0
9090,677,391,0
9091,677,585,0
9092,677,710,0
9093,677,194,0
9094,677,100,0
9095,677,165,0
9096,677,186,0
9097,677,1190,0
9098,677,184,0
9099,677,723,0
9100,677,360,0
9101,677,1029,0
9102,677,45,0
9103,677,569,0
9104,677,188,0
9105,677,349,0
9106,677,931,0
9107,677,234,0
9108,677,676,0
9109,677,513,0
9110,677,703,0
9111,677,497,0
9112,677,607,0
9113,677,810,0
9114,677,1064,0
9115,677,1019,0
9116,677,774,0
9117,677,1276,0
9118,677,198,0
9119,677,397,0
9120,677,1301,0
9121,677,486,0
9122,677,345,0
9123,677,60,0
9124,677,706,0
9125,677,220,0
9126,677,106,0
9127,677,1182,0
9128,677,947,0
9129,677,1198,0
9130,677,901,0
9131,677,895,0
9132,677,621,0
9133,677,550,0
9134,677,315,0
9135,677,327,0
9136,677,68,0
9137,677,214,0
9138,677,986,0
9139,677,583,0
9140,677,1070,0
9141,677,556,0
9142,677,320,0
9143,677,974,0
9144,677,112,0
9145,677,127,0
9146,677,763,0
9147,677,776,0
9148,677,512,0
9149,677,1031,0
9150,677,815,0
9151,677,378,0
9152,677,1226,0
9153,677,475,0
9154,677,370,0
9155,677,6,0
9156,677,279,0
9157,677,748,0
9158,677,310,0
9159,677,492,0
9160,677,1308,0
9161,677,1087,0
9162,677,965,0
9163,677,1107,0
9164,677,210,0
9165,677,1101,0
9166,677,1106,0
9167,677,1194,0
9168,677,202,0
9169,677,229,0
9170,677,538,0
9171,677,1136,0
9172,677,705,0
9173,677,835,0
9174,677,752,0
9175,677,1287,0
9176,677,71,0
9177,677,1273,0
9178,677,1076,0
9179,677,722,0
9180,677,1004,0
9181,677,823,0
9182,677,8,0
9183,677,897,0
9184,677,260,0
9185,677,183,0
9186,677,1039,0
9187,677,1125,0
9188,677,1009,0
9189,677,859,0
9190,677,1163,0
9191,677,739,0
9192,677,146,0
9193,677,474,0
9194,677,652,0
9195,677,249,0
9196,677,971,0
9197,677,423,0
9198,677,612,0
9199,710,718,0
9200,710,373,0
9201,710,296,0
9202,710,915,0
9203,710,1180,0
9204,710,502,0
9205,710,1227,0
9206,710,488,0
9207,710,1252,0
9208,710,616,0
9209,710,333,0
9210,710,924,0
9211,710,232,0
9212,710,336,0
9213,710,631,0
9214,710,456,0
9215,710,44,0
9216,710,21,0
9217,710,81,0
9218,710,462,0
9219,710,1083,0
9220,710,655,0
9221,710,613,0
9222,710,426,0
9223,710,719,0
9224,710,770,0
9225,710,1247,0
9226,710,358,0
9227,710,997,0
9228,710,611,0
9229,710,242,0
9230,710,340,0
9231,710,304,0
9232,710,1309,0
9233,710,67,0
9234,710,388,0
9235,710,478,0
9236,710,341,0
9237,710,160,0
9238,710,926,0
9239,710,819,0
9240,710,538,0
9241,710,700,0
9242,710,409,0
9243,710,42,0
9244,710,1215,0
9245,710,30,0
9246,710,955,0
9247,710,766,0
9248,710,326,0
9249,710,814,0
9250,710,1037,0
9251,710,863,0
9252,710,191,0
9253,710,23,0
9254,710,676,0
9255,710,844,0
9256,710,124,0
9257,710,205,0
9258,710,444,0
9259,710,779,0
9260,710,629,0
9261,710,75,0
9262,710,837,0
9263,710,1014,0
9264,710,619,0
9265,710,73,0
9266,710,975,0
9267,710,705,0
9268,710,473,0
9269,710,425,0
9270,710,828,0
9271,710,790,0
9272,710,786,0
9273,710,1167,0
9274,710,699,0
9275,710,91,0
9276,710,82,0
9277,710,360,0
9278,710,142,0
9279,710,1105,0
9280,710,25,0
9281,710,119,0
9282,710,605,0
9283,710,1239,0
9284,710,156,0
9285,710,208,0
9286,710,911,0
9287,710,633,0
9288,710,193,0
9289,710,558,0
9290,710,96,0
9291,710,1188,0
9292,710,323,0
9293,710,1152,0
9294,710,813,0
9295,710,144,0
9296,710,533,0
9297,710,754,0
9298,710,994,0
9299,710,547,0
9300,710,62,0
9301,710,940,0
9302,710,703,0
9303,710,1203,0
9304,710,273,0
9305,710,557,0
9306,710,951,0
9307,710,1010,0
9308,710,315,0
9309,710,389,0
9310,710,883,0
9311,710,945,0
9312,710,31,0
9313,710,364,0
9314,710,1020,0
9315,710,1284,0
9316,710,615,0
9317,710,90,0
9318,710,684,0
9319,710,407,0
9320,710,8,0
9321,710,57,0
9322,710,466,0
9323,710,181,0
9324,710,167,0
9325,710,1199,0
9326,710,1302,0
9327,710,1077,0
9328,710,941,0
9329,710,40,0
9330,710,151,0
9331,710,1067,0
9332,710,626,0
9333,710,121,0
9334,710,396,0
9335,710,1079,0
9336,710,817,0
9337,710,1011,0
9338,710,673,0
9339,710,658,0
9340,710,394,0
9341,710,763,0
9342,710,672,0
9343,710,575,0
9344,710,671,0
9345,710,290,0
9346,710,1241,0
9347,710,1107,0
9348,710,507,0
9349,710,1073,0
9350,710,1045,0
9351,710,93,0
9352,710,563,0
9353,710,1072,0
9354,710,529,0
9355,710,1156,0
9356,710,759,0
9357,710,1170,0
9358,710,632,0
9359,710,797,0
9360,710,737,0
9361,710,180,0
9362,710,1288,0
9363,710,625,0
9364,710,771,0
9365,710,804,0
9366,710,500,0
9367,710,1012,0
9368,710,722,0
9369,710,1053,0
9370,710,28,0
9371,710,539,0
9372,710,1145,0
9373,710,726,0
9374,710,197,0
9375,710,542,0
9376,710,606,0
9377,710,101,0
9378,710,1295,0
9379,710,850,0
9380,710,1001,0
9381,710,370,0
9382,710,189,0
9383,710,964,0
9384,710,946,0
9385,710,1008,0
9386,710,1085,0
9387,710,645,0
9388,710,698,0
9389,710,207,0
9390,710,508,0
9391,710,1177,0
9392,710,984,0
9393,710,748,0
9394,710,1282,0
9395,710,279,0
9396,710,744,0
9397,710,667,0
9398,710,1219,0
9399,710,869,0
9400,710,646,0
9401,710,131,0
9402,710,506,0
9403,710,489,0
9404,710,145,0
9405,710,568,0
9406,710,803,0
9407,710,554,0
9408,710,257,0
9409,710,1217,0
9410,710,1051,0
9411,710,1290,0
9412,710,662,0
9413,710,685,0
9414,710,441,0
9415,710,847,0
9416,710,874,0
9417,710,905,0
9418,710,1026,0
9419,710,1221,0
9420,710,50,0
9421,710,335,0
9422,710,176,0
9423,710,1181,0
9424,710,203,0
9425,710,297,0
9426,710,467,0
9427,710,392,0
9428,710,1120,0
9429,710,902,0
9430,710,1208,0
9431,710,158,0
9432,710,0,0
9433,710,579,0
9434,710,623,0
9435,710,808,0
9436,710,947,0
9437,710,349,0
9438,710,1040,0
9439,710,1205,0
9440,710,440,0
9441,710,1104,0
9442,710,1144,0
9443,710,809,0
9444,710,463,0
9445,710,424,0
9446,710,295,0
9447,710,974,0
9448,710,692,0
9449,710,1183,0
9450,710,112,0
9451,710,831,0
9452,710,503,0
9453,710,1090,0
9454,710,5,0
9455,710,1213,0
9456,710,472,0
9457,710,1320,0
9458,710,451,0
9459,710,39,0
9460,710,469,0
9461,710,1224,0
9462,710,1281,0
9463,710,141,0
9464,710,1308,0
9465,710,1058,0
9466,710,107,0
9467,710,810,0
9468,710,1286,0
9469,710,531,0
9470,710,291,0
9471,710,1062,0
9472,710,679,0
9473,710,948,0
9474,710,334,0
9475,710,656,0
9476,710,329,0
9477,710,92,0
9478,710,430,0
9479,710,970,0
9480,710,224,0
9481,710,411,0
9482,710,562,0
9483,710,635,0
9484,710,603,0
9485,710,1113,0
9486,710,346,0
9487,710,1212,0
9488,710,721,0
9489,710,1043,0
9490,710,1124,0
9491,710,598,0
9492,710,515,0
9493,710,756,0
9494,710,1101,0
9495,710,163,0
9496,710,178,0
9497,710,247,0
9498,710,996,0
9499,710,1195,0
9500,710,200,0
9501,710,1279,0
9502,710,681,0
9503,710,1034,0
9504,710,1196,0
9505,710,362,0
9506,710,78,0
9507,710,968,0
9508,710,574,0
9509,710,1296,0
9510,710,1136,0
9511,710,54,0
9512,710,986,0
9513,710,299,0
9514,710,477,0
9515,710,706,0
9516,710,712,0
9517,710,512,0
9518,710,1091,0
9519,710,86,0
9520,710,446,0
9521,710,435,0
9522,710,1310,0
9523,710,836,0
9524,710,1225,0
9525,710,134,0
9526,710,765,0
9527,710,822,0
9528,710,642,0
9529,710,499,0
9530,710,1272,0
9531,710,886,0
9532,710,410,0
9533,710,796,0
9534,710,359,0
9535,710,351,0
9536,710,570,0
9537,710,319,0
9538,710,767,0
9539,710,1274,0
9540,710,485,0
9541,710,204,0
9542,710,289,0
9543,710,728,0
9544,710,270,0
9545,710,49,0
9546,710,213,0
9547,710,537,0
9548,710,343,0
9549,710,976,0
9550,710,848,0
9551,710,833,0
9552,710,928,0
9553,710,517,0
9554,710,110,0
9555,710,1314,0
9556,710,324,0
9557,710,1211,0
9558,710,494,0
9559,710,690,0
9560,710,1128,0
9561,710,546,0
9562,710,665,0
9563,710,53,0
9564,710,1036,0
9565,710,136,0
9566,710,733,0
9567,710,858,0
9568,710,638,0
9569,710,834,0
9570,710,35,0
9571,710,608,0
9572,710,461,0
9573,710,14,0
9574,710,612,0
9575,710,43,0
9576,710,390,0
9577,710,437,0
9578,710,375,0
9579,710,922,0
9580,710,237,0
9581,710,1249,0
9582,710,543,0
9583,710,216,0
9584,710,1086,0
9585,710,1089,0
9586,710,591,0
9587,710,644,0
9588,710,1004,0
9589,710,536,0
9590,710,1141,0
9591,710,152,0
9592,710,1159,0
9593,710,9,0
9594,710,549,0
9595,710,123,0
9596,710,1182,0
9597,710,1189,0
9598,710,104,0
9599,710,305,0
9600,710,381,0
9601,710,230,0
9602,710,328,0
9603,710,1220,0
9604,710,1285,0
9605,710,36,0
9606,710,72,0
9607,710,917,0
9608,710,1115,0
9609,710,1244,0
9610,710,105,0
9611,710,787,0
9612,710,18,0
9613,710,954,0
9614,710,1186,0
9615,710,601,0
9616,710,452,0
9617,710,1056,0
9618,710,857,0
9619,710,851,0
9620,710,1088,0
9621,710,250,0
9622,710,1174,0
9623,710,1100,0
9624,710,853,0
9625,710,399,0
9626,710,1133,0
9627,710,510,0
9628,710,897,0
9629,710,12,0
9630,710,1094,0
9631,710,582,0
9632,710,901,0
9633,710,937,0
9634,710,1022,0
9635,710,94,0
9636,710,892,0
9637,710,71,0
9638,710,1162,0
9639,710,1119,0
9640,710,177,0
9641,710,99,0
9642,710,1292,0
9643,710,548,0
9644,710,933,0
9645,710,46,0
9646,710,267,0
9647,710,980,0
9648,710,298,0
9649,710,864,0
9650,710,640,0
9651,710,861,0
9652,710,1206,0
9653,710,60,0
9654,710,785,0
9655,710,1028,0
9656,710,199,0
9657,710,243,0
9658,710,382,0
9659,710,258,0
9660,710,88,0
9661,710,599,0
9662,710,750,0
9663,710,1178,0
9664,710,651,0
9665,710,982,0
9666,710,585,0
9667,710,421,0
9668,710,130,0
9669,710,330,0
9670,710,55,0
9671,710,308,0
9672,710,1151,0
9673,710,1236,0
9674,710,583,0
9675,710,641,0
9676,710,1102,0
9677,710,387,0
9678,710,764,0
9679,710,657,0
9680,710,907,0
9681,710,1166,0
9682,710,1024,0
9683,710,1138,0
9684,710,353,0
9685,710,280,0
9686,710,577,0
9687,710,495,0
9688,710,210,0
9689,710,647,0
9690,710,1061,0
9691,710,927,0
9692,710,1007,0
9693,710,720,0
9694,710,832,0
9695,710,567,0
9696,710,146,0
9697,710,1158,0
9698,710,761,0
9699,710,1081,0
9700,710,192,0
9701,710,989,0
9702,710,285,0
9703,710,957,0
9704,710,1114,0
9705,710,569,0
9706,710,559,0
9707,710,604,0
9708,710,1139,0
9709,710,799,0
9710,710,1226,0
9711,710,1233,0
9712,710,592,0
9713,710,1154,0
9714,710,636,0
9715,710,730,0
9716,710,1055,0
9717,710,1262,0
9718,710,278,0
9719,710,1134,0
9720,710,245,0
9721,710,654,0
9722,710,965,0
9723,710,272,0
9724,710,702,0
9725,710,727,0
9726,710,637,0
9727,710,741,0
9728,710,513,0
9729,710,628,0
9730,710,1305,0
9731,710,885,0
9732,710,493,0
9733,710,663,0
9734,710,24,0
9735,710,900,0
9736,710,235,0
9737,710,223,0
9738,710,802,0
9739,710,914,0
9740,710,194,0
9741,710,120,0
9742,710,368,0
9743,710,480,0
9744,710,890,0
9745,710,1201,0
9746,710,1129,0
9747,710,898,0
9748,710,866,0
9749,710,33,0
9750,710,1194,0
9751,710,1019,0
9752,710,118,0
9753,710,523,0
9754,710,111,0
9755,710,792,0
9756,710,532,0
9757,710,1071,0
9758,710,904,0
9759,710,284,0
9760,710,422,0
9761,710,449,0
9762,710,221,0
9763,710,303,0
9764,710,443,0
9765,710,985,0
9766,710,775,0
9767,710,1317,0
9768,710,482,0
9769,710,887,0
9770,710,379,0
9771,710,709,0
9772,710,148,0
9773,710,95,0
9774,710,1316,0
9775,710,318,0
9776,710,908,0
9777,710,783,0
9778,710,1273,0
9779,710,486,0
9780,710,620,0
9781,710,956,0
9782,710,374,0
9783,710,782,0
9784,710,1025,0
9785,710,116,0
9786,710,413,0
9787,710,1006,0
9788,710,1029,0
9789,710,220,0
9790,710,316,0
9791,710,870,0
9792,710,1299,0
9793,710,708,0
9794,710,691,0
9795,710,186,0
9796,710,820,0
9797,710,755,0
9798,710,222,0
9799,710,841,0
9800,710,275,0
9801,710,735,0
9802,710,70,0
9803,710,594,0
9804,710,1112,0
9805,710,659,0
9806,710,234,0
9807,710,918,0
9808,710,694,0
9809,710,114,0
9810,710,695,0
9811,710,355,0
9812,710,41,0
9813,710,133,0
9814,710,206,0
9815,710,1122,0
9816,710,1013,0
9817,710,135,0
9818,710,660,0
9819,710,460,0
9820,710,609,0
9821,710,1218,0
9822,710,734,0
9823,710,683,0
9824,710,1021,0
9825,710,45,0
9826,710,416,0
9827,710,842,0
9828,710,995,0
9829,710,688,0
9830,710,367,0
9831,710,1095,0
9832,710,829,0
9833,710,930,0
9834,710,174,0
9835,710,747,0
9836,710,762,0
9837,710,1238,0
9838,710,4,0
9839,710,738,0
9840,710,487,0
9841,710,1117,0
9842,710,417,0
9843,710,401,0
9844,710,229,0
9845,710,214,0
9846,710,899,0
9847,710,827,0
9848,710,1027,0
9849,710,760,0
9850,710,1172,0
9851,710,1222,0
9852,710,838,0
9853,710,175,0
9854,710,501,0
9855,710,564,0
9856,710,127,0
9857,710,1132,0
9858,710,1312,0
9859,710,511,0
9860,710,745,0
9861,710,434,0
9862,710,1269,0
9863,710,149,0
9864,710,597,0
9865,710,372,0
9866,710,522,0
9867,710,958,0
9868,710,875,0
9869,710,1137,0
9870,710,61,0
9871,710,520,0
9872,710,459,0
9873,710,934,0
9874,710,65,0
9875,710,749,0
9876,710,283,0
9877,710,313,0
9878,710,527,0
9879,710,1123,0
9880,710,1153,0
9881,710,327,0
9882,710,1047,0
9883,710,1146,0
9884,710,1176,0
9885,710,1092,0
9886,710,893,0
9887,710,839,0
9888,710,1234,0
9889,710,432,0
9890,710,261,0
9891,710,634,0
9892,710,1054,0
9893,710,596,0
9894,710,1237,0
9895,710,678,0
9896,710,265,0
9897,710,357,0
9898,710,1082,0
9899,710,544,0
9900,710,403,0
9901,710,872,0
9902,710,433,0
9903,710,773,0
9904,710,1118,0
9905,710,365,0
9906,710,69,0
9907,710,253,0
9908,710,109,0
9909,710,966,0
9910,710,84,0
9911,710,913,0
9912,710,959,0
9913,710,630,0
9914,710,715,0
9915,710,1060,0
9916,710,59,0
9917,710,1246,0
9918,710,80,0
9919,710,126,0
9920,710,778,0
9921,710,732,0
9922,710,541,0
9923,710,1207,0
9924,710,1015,0
9925,710,170,0
9926,710,1298,0
9927,710,1240,0
9928,710,578,0
9929,710,147,0
9930,710,1048,0
9931,710,491,0
9932,710,921,0
9933,710,622,0
9934,710,724,0
9935,710,132,0
9936,710,1287,0
9937,710,584,0
9938,710,419,0
9939,710,1185,0
9940,710,991,0
9941,710,1164,0
9942,710,1084,0
9943,710,166,0
9944,710,1253,0
9945,710,1000,0
9946,710,386,0
9947,710,704,0
9948,710,1280,0
9949,710,999,0
9950,710,1231,0
9951,710,314,0
9952,710,666,0
9953,710,1032,0
9954,710,218,0
9955,710,27,0
9956,710,1149,0
9957,710,650,0
9958,710,85,0
9959,710,701,0
9960,710,300,0
9961,710,455,0
9962,710,251,0
9963,710,122,0
9964,710,76,0
9965,710,307,0
9966,710,6,0
9967,710,1197,0
9968,710,742,0
9969,710,777,0
9970,710,618,0
9971,710,1033,0
9972,710,891,0
9973,710,800,0
9974,710,1147,0
9975,710,454,0
9976,710,1307,0
9977,710,1078,0
9978,710,751,0
9979,710,535,0
9980,710,1005,0
9981,710,52,0
9982,710,581,0
9983,710,188,0
9984,710,961,0
9985,710,963,0
9986,710,967,0
9987,710,393,0
9988,710,600,0
9989,710,1096,0
9990,710,556,0
9991,710,56,0
9992,710,580,0
9993,710,414,0
9994,710,716,0
9995,710,686,0
9996,710,201,0
9997,710,172,0
9998,710,228,0
9999,710,1042,0
10000,710,184,0
10001,710,154,0
10002,710,1254,0
10003,710,1148,0
10004,710,1173,0
10005,710,1202,0
10006,710,769,0
10007,710,1018,0
10008,710,1313,0
10009,710,896,0
10010,710,1232,0
10011,710,1265,0
10012,710,674,0
10013,710,873,0
10014,710,162,0
10015,710,161,0
10016,710,1263,0
10017,710,1243,0
10018,710,668,0
10019,710,614,0
10020,710,1306,0
10021,710,1161,0
10022,710,825,0
10023,710,1041,0
10024,710,182,0
10025,710,711,0
10026,710,402,0
10027,710,252,0
10028,710,743,0
10029,710,331,0
10030,710,256,0
10031,710,378,0
10032,710,1127,0
10033,710,1266,0
10034,710,752,0
10035,710,1318,0
10036,710,1031,0
10037,710,725,0
10038,710,1057,0
10039,710,1259,0
10040,710,811,0
10041,710,882,0
10042,710,610,0
10043,710,363,0
10044,710,38,0
10045,710,677,0
10046,710,383,0
10047,710,1,0
10048,710,746,0
10049,710,165,0
10050,710,670,0
10051,710,696,0
10052,710,794,0
10053,710,310,0
10054,710,475,0
10055,710,1235,0
10056,710,780,0
10057,710,113,0
10058,710,1256,0
10059,710,1003,0
10060,710,288,0
10061,710,607,0
10062,710,1075,0
10063,710,483,0
10064,710,83,0
10065,710,457,0
10066,710,428,0
10067,710,262,0
10068,710,876,0
10069,710,1070,0
10070,710,1209,0
10071,710,13,0
10072,710,969,0
10073,710,894,0
10074,710,1049,0
10075,710,11,0
10076,710,266,0
10077,710,1261,0
10078,710,1076,0
10079,710,276,0
10080,748,1086,0
10081,748,897,0
10082,748,88,0
10083,748,905,0
10084,748,426,0
10085,748,1319,0
10086,748,13,0
10087,748,846,0
10088,748,712,0
10089,748,83,0
10090,748,223,0
10091,748,70,0
10092,748,456,0
10093,748,251,0
10094,748,416,0
10095,748,1291,0
10096,748,893,0
10097,748,607,0
10098,748,368,0
10099,748,351,0
10100,748,405,0
10101,748,98,0
10102,748,1277,0
10103,748,202,0
10104,748,857,0
10105,748,724,0
10106,748,646,0
10107,748,837,0
10108,748,895,0
10109,748,278,0
10110,748,1287,0
10111,748,681,0
10112,748,1159,0
10113,748,136,0
10114,748,549,0
10115,748,331,0
10116,748,814,0
10117,748,412,0
10118,748,1080,0
10119,748,1048,0
10120,748,550,0
10121,748,537,0
10122,748,1093,0
10123,748,151,0
10124,748,1092,0
10125,748,762,0
10126,748,749,0
10127,748,1123,0
10128,748,842,0
10129,748,254,0
10130,748,771,0
10131,748,1170,0
10132,748,277,0
10133,748,252,0
10134,748,84,0
10135,748,687,0
10136,748,308,0
10137,748,1154,0
10138,748,126,0
10139,748,387,0
10140,748,305,0
10141,748,523,0
10142,748,1318,0
10143,748,157,0
10144,748,635,0
10145,748,176,0
10146,748,645,0
10147,748,545,0
10148,748,469,0
10149,748,951,0
10150,748,1076,0
10151,748,845,0
10152,748,707,0
10153,748,1210,0
10154,748,658,0
10155,748,956,0
10156,748,940,0
10157,748,1304,0
10158,748,54,0
10159,748,1234,0
10160,748,1015,0
10161,748,411,0
10162,748,130,0
10163,748,1290,0
10164,748,1059,0
10165,748,512,0
10166,748,875,0
10167,748,353,0
10168,748,38,0
10169,748,0,0
10170,748,641,0
10171,748,789,0
10172,748,121,0
10173,748,389,0
10174,748,906,0
10175,748,435,0
10176,748,128,0
10177,748,400,0
10178,748,974,0
10179,748,918,0
10180,748,468,0
10181,748,78,0
10182,748,222,0
10183,748,428,0
10184,748,1239,0
10185,748,224,0
10186,748,597,0
10187,748,571,0
10188,748,145,0
10189,748,1065,0
10190,748,50,0
10191,748,189,0
10192,748,1266,0
10193,748,284,0
10194,748,690,0
10195,748,870,0
10196,748,144,0
10197,748,388,0
10198,748,477,0
10199,748,247,0
10200,748,1280,0
10201,748,3,0
10202,748,709,0
10203,748,1193,0
10204,748,877,0
10205,748,334,0
10206,748,434,0
10207,748,173,0
10208,748,261,0
10209,748,184,0
10210,748,721,0
10211,748,149,0
10212,748,727,0
10213,748,315,0
10214,748,449,0
10215,748,258,0
10216,748,1225,0
10217,748,858,0
10218,748,915,0
10219,748,1142,0
10220,748,521,0
10221,748,1081,0
10222,748,928,0
10223,748,91,0
10224,748,269,0
10225,748,1106,0
10226,748,516,0
10227,748,342,0
10228,748,793,0
10229,748,1273,0
10230,748,990,0
10231,748,437,0
10232,748,287,0
10233,748,168,0
10234,748,722,0
10235,748,1146,0
10236,748,815,0
10237,748,967,0
10238,748,1156,0
10239,748,732,0
10240,748,30,0
10241,748,843,0
10242,748,706,0
10243,748,862,0
10244,748,1214,0
10245,748,916,0
10246,748,740,0
10247,748,1027,0
10248,748,1312,0
10249,748,1155,0
10250,748,655,0
10251,748,1194,0
10252,748,590,0
10253,748,28,0
10254,748,798,0
10255,748,127,0
10256,748,366,0
10257,748,628,0
10258,748,631,0
10259,748,1303,0
10260,748,1294,0
10261,748,391,0
10262,748,836,0
10263,748,1252,0
10264,748,1171,0
10265,748,828,0
10266,748,225,0
10267,748,1251,0
10268,748,1249,0
10269,748,1151,0
10270,748,835,0
10271,748,379,0
10272,748,582,0
10273,748,1297,0
10274,748,333,0
10275,748,244,0
10276,748,920,0
10277,748,594,0
10278,748,1317,0
10279,748,352,0
10280,748,123,0
10281,748,950,0
10282,748,1226,0
10283,748,141,0
10284,748,830,0
10285,748,385,0
10286,748,1233,0
10287,748,1185,0
10288,748,188,0
10289,748,666,0
10290,748,290,0
10291,748,867,0
10292,748,1119,0
10293,748,581,0
10294,748,1136,0
10295,748,584,0
10296,748,372,0
10297,748,103,0
10298,748,245,0
10299,748,1299,0
10300,748,904,0
10301,748,467,0
10302,748,937,0
10303,748,557,0
10304,748,227,0
10305,748,313,0
10306,748,580,0
10307,748,1115,0
10308,748,753,0
10309,748,1014,0
10310,748,849,0
10311,748,1211,0
10312,748,652,0
10313,748,968,0
10314,748,686,0
10315,748,226,0
10316,748,755,0
10317,748,8,0
10318,748,1060,0
10319,748,373,0
10320,748,797,0
10321,748,45,0
10322,748,824,0
10323,748,1272,0
10324,748,556,0
10325,748,504,0
10326,748,212,0
10327,748,854,0
10328,748,527,0
10329,748,480,0
10330,748,701,0
10331,748,445,0
10332,748,544,0
10333,748,429,0
10334,748,493,0
10335,748,750,0
10336,748,593,0
10337,748,1099,0
10338,748,1139,0
10339,748,197,0
10340,748,1042,0
10341,748,1055,0
10342,748,1241,0
10343,748,1179,0
10344,748,816,0
10345,748,614,0
10346,748,85,0
10347,748,395,0
10348,748,697,0
10349,748,406,0
10350,748,1208,0
10351,748,306,0
10352,748,648,0
10353,748,311,0
10354,748,7,0
10355,748,382,0
10356,748,460,0
10357,748,326,0
10358,748,856,0
10359,748,374,0
10360,748,378,0
10361,748,1134,0
10362,748,713,0
10363,748,599,0
10364,748,282,0
10365,748,637,0
10366,748,977,0
10367,748,209,0
10368,748,458,0
10369,748,526,0
10370,748,1224,0
10371,748,424,0
10372,748,613,0
10373,748,260,0
10374,748,359,0
10375,748,819,0
10376,748,288,0
10377,748,57,0
10378,748,698,0
10379,748,1061,0
10380,748,337,0
10381,748,799,0
10382,748,496,0
10383,748,1292,0
10384,748,51,0
10385,748,139,0
10386,748,1195,0
10387,748,6,0
10388,748,602,0
10389,748,563,0
10390,748,775,0
10391,748,907,0
10392,748,1260,0
10393,748,1157,0
10394,748,48,0
10395,748,912,0
10396,748,423,0
10397,748,327,0
10398,748,868,0
10399,748,739,0
10400,748,134,0
10401,748,574,0
10402,748,949,0
10403,748,536,0
10404,748,1300,0
10405,748,1308,0
10406,748,465,0
10407,748,585,0
10408,748,767,0
10409,748,587,0
10410,748,146,0
10411,748,159,0
10412,748,546,0
10413,748,932,0
10414,748,286,0
10415,748,1238,0
10416,748,1031,0
10417,748,14,0
10418,748,265,0
10419,748,1298,0
10420,748,1188,0
10421,748,12,0
10422,748,965,0
10423,748,801,0
10424,748,980,0
10425,748,241,0
10426,748,457,0
10427,748,32,0
10428,748,777,0
10429,748,375,0
10430,748,617,0
10431,748,399,0
10432,748,1207,0
10433,748,339,0
10434,748,364,0
10435,748,256,0
10436,748,497,0
10437,748,1089,0
10438,748,314,0
10439,748,1209,0
10440,748,708,0
10441,748,1109,0
10442,748,95,0
10443,748,272,0
10444,748,77,0
10445,748,1050,0
10446,748,790,0
10447,748,879,0
10448,748,1295,0
10449,748,207,0
10450,748,821,0
10451,748,1184,0
10452,748,42,0
10453,748,1152,0
10454,748,1276,0
10455,748,1116,0
10456,748,34,0
10457,748,17,0
10458,748,947,0
10459,748,728,0
10460,748,81,0
10461,748,530,0
10462,748,800,0
10463,748,592,0
10464,748,575,0
10465,748,1253,0
10466,748,274,0
10467,748,1163,0
10468,748,1020,0
10469,748,255,0
10470,748,1236,0
10471,748,476,0
10472,748,18,0
10473,748,716,0
10474,748,992,0
10475,748,170,0
10476,748,996,0
10477,748,766,0
10478,748,419,0
10479,748,551,0
10480,748,237,0
10481,748,731,0
10482,748,997,0
10483,748,501,0
10484,748,1091,0
10485,748,263,0
10486,748,671,0
10487,748,1126,0
10488,748,871,0
10489,748,169,0
10490,748,913,0
10491,748,355,0
10492,748,1043,0
10493,748,661,0
10494,748,239,0
10495,748,822,0
10496,748,360,0
10497,748,105,0
10498,748,714,0
10499,748,785,0
10500,748,969,0
10501,748,1237,0
10502,748,542,0
10503,748,129,0
10504,748,623,0
10505,748,568,0
10506,748,107,0
10507,748,459,0
10508,748,529,0
10509,748,187,0
10510,748,276,0
10511,748,1263,0
10512,748,1035,0
10513,748,559,0
10514,748,502,0
10515,748,629,0
10516,748,1203,0
10517,748,634,0
10518,748,325,0
10519,748,1166,0
10520,748,1137,0
10521,748,172,0
10522,748,1310,0
10523,748,984,0
10524,748,1221,0
10525,748,1110,0
10526,748,371,0
10527,748,218,0
10528,748,421,0
10529,748,994,0
10530,748,1019,0
10531,748,92,0
10532,748,513,0
10533,748,1125,0
10534,748,441,0
10535,748,432,0
10536,748,660,0
10537,748,164,0
10538,748,132,0
10539,748,601,0
10540,748,25,0
10541,748,803,0
10542,748,942,0
10543,748,440,0
10544,748,500,0
10545,748,464,0
10546,748,1113,0
10547,748,490,0
10548,748,682,0
10549,748,216,0
10550,748,498,0
10551,748,365,0
10552,748,691,0
10553,748,211,0
10554,748,1181,0
10555,748,923,0
10556,748,909,0
10557,748,1039,0
10558,748,1047,0
10559,748,1169,0
10560,748,203,0
10561,748,943,0
10562,748,345,0
10563,748,1264,0
10564,748,946,0
10565,748,784,0
10566,748,636,0
10567,748,1005,0
10568,748,643,0
10569,748,695,0
10570,748,515,0
10571,748,67,0
10572,748,324,0
10573,748,647,0
10574,748,999,0
10575,748,470,0
10576,748,503,0
10577,748,831,0
10578,748,1235,0
10579,748,783,0
10580,748,219,0
10581,748,478,0
10582,748,398,0
10583,748,205,0
10584,748,609,0
10585,748,1217,0
10586,748,61,0
10587,748,199,0
10588,748,407,0
10589,748,279,0
10590,748,1018,0
10591,748,670,0
10592,748,640,0
10593,748,161,0
10594,748,29,0
10595,748,812,0
10596,748,787,0
10597,748,90,0
10598,748,267,0
10599,748,507,0
10600,748,810,0
10601,748,312,0
10602,748,573,0
10603,748,774,0
10604,748,140,0
10605,748,346,0
10606,748,492,0
10607,748,1026,0
10608,748,754,0
10609,748,910,0
10610,748,900,0
10611,748,1021,0
10612,748,619,0
10613,748,924,0
10614,748,1230,0
10615,748,62,0
10616,748,117,0
10617,748,1212,0
10618,748,1192,0
10619,748,1223,0
10620,748,1033,0
10621,748,415,0
10622,748,1053,0
10623,748,566,0
10624,748,153,0
10625,748,902,0
10626,748,401,0
10627,748,438,0
10628,748,1301,0
10629,748,509,0
10630,748,420,0
10631,748,1256,0
10632,748,1175,0
10633,748,1213,0
10634,748,680,0
10635,748,115,0
10636,748,89,0
10637,748,1182,0
10638,748,1078,0
10639,748,676,0
10640,748,135,0
10641,748,565,0
10642,748,347,0
10643,748,479,0
10644,748,1231,0
10645,748,589,0
10646,748,514,0
10647,748,1073,0
10648,748,156,0
10649,748,220,0
10650,748,361,0
10651,748,518,0
10652,748,186,0
10653,748,987,0
10654,748,358,0
10655,748,1227,0
10656,748,1095,0
10657,748,250,0
10658,748,217,0
10659,748,651,0
10660,748,152,0
10661,748,700,0
10662,748,234,0
10663,748,669,0
10664,748,63,0
10665,748,717,0
10666,748,933,0
10667,748,1135,0
10668,748,807,0
10669,748,1010,0
10670,748,971,0
10671,748,160,0
10672,748,1247,0
10673,748,1049,0
10674,748,322,0
10675,748,108,0
10676,748,825,0
10677,748,610,0
10678,748,1313,0
10679,748,452,0
10680,748,1149,0
10681,748,1024,0
10682,748,892,0
10683,748,1084,0
10684,748,874,0
10685,748,65,0
10686,748,1289,0
10687,748,1002,0
10688,748,1215,0
10689,748,228,0
10690,748,1307,0
10691,748,396,0
10692,748,710,0
10693,748,193,0
10694,748,1278,0
10695,748,898,0
10696,748,561,0
10697,748,367,0
10698,748,394,0
10699,748,595,0
10700,748,654,0
10701,748,125,0
10702,748,43,0
10703,748,336,0
10704,748,543,0
10705,748,316,0
10706,748,882,0
10707,748,618,0
10708,748,853,0
10709,748,340,0
10710,748,116,0
10711,748,678,0
10712,748,1045,0
10713,748,806,0
10714,748,729,0
10715,748,813,0
10716,748,56,0
10717,748,1158,0
10718,748,896,0
10719,748,1218,0
10720,748,1293,0
10721,748,998,0
10722,748,450,0
10723,748,511,0
10724,748,384,0
10725,748,772,0
10726,748,119,0
10727,748,673,0
10728,748,922,0
10729,748,344,0
10730,748,113,0
10731,748,934,0
10732,748,1262,0
10733,748,829,0
10734,748,743,0
10735,748,953,0
10736,748,76,0
10737,748,1131,0
10738,748,410,0
10739,748,1201,0
10740,748,1268,0
10741,748,328,0
10742,748,1138,0
10743,748,685,0
10744,748,93,0
10745,748,978,0
10746,748,694,0
10747,748,665,0
10748,748,1034,0
10749,748,534,0
10750,748,929,0
10751,748,1164,0
10752,748,487,0
10753,748,499,0
10754,748,832,0
10755,748,1016,0
10756,748,1220,0
10757,748,1306,0
10758,748,704,0
10759,748,1245,0
10760,748,82,0
10761,748,208,0
10762,748,966,0
10763,748,137,0
10764,748,689,0
10765,748,1269,0
10766,748,925,0
10767,748,154,0
10768,748,552,0
10769,748,615,0
10770,748,1022,0
10771,748,1199,0
10772,748,524,0
10773,748,603,0
10774,748,100,0
10775,748,403,0
10776,748,823,0
10777,748,765,0
10778,748,578,0
10779,748,598,0
10780,748,4,0
10781,748,454,0
10782,748,808,0
10783,748,606,0
10784,748,292,0
10785,748,177,0
10786,748,110,0
10787,748,393,0
10788,748,1197,0
10789,748,883,0
10790,748,982,0
10791,748,310,0
10792,748,884,0
10793,748,354,0
10794,748,776,0
10795,748,397,0
10796,748,1244,0
10797,748,376,0
10798,748,768,0
10799,748,49,0
10800,748,299,0
10801,748,86,0
10802,748,165,0
10803,748,1062,0
10804,748,560,0
10805,748,143,0
10806,748,118,0
10807,748,873,0
10808,748,891,0
10809,748,538,0
10810,748,612,0
10811,748,548,0
10812,748,604,0
10813,748,1,0
10814,748,491,0
10815,748,1183,0
10816,748,683,0
10817,748,1102,0
10818,748,811,0
10819,748,510,0
10820,748,171,0
10821,748,338,0
10822,748,349,0
10823,748,1085,0
10824,748,380,0
10825,748,886,0
10826,748,386,0
10827,748,11,0
10828,748,583,0
10829,748,404,0
10830,748,1216,0
10831,748,58,0
10832,748,725,0
10833,748,535,0
10834,748,24,0
10835,748,230,0
10836,748,820,0
10837,748,1248,0
10838,748,751,0
10839,748,1058,0
10840,748,1150,0
10841,748,1040,0
10842,748,976,0
10843,748,570,0
10844,748,506,0
10845,748,880,0
10846,748,962,0
10847,748,44,0
10848,748,667,0
10849,748,639,0
10850,748,439,0
10851,748,1274,0
10852,748,304,0
10853,748,408,0
10854,748,1240,0
10855,748,246,0
10856,748,579,0
10857,748,182,0
10858,748,1279,0
10859,748,973,0
10860,748,757,0
10861,748,1140,0
10862,748,19,0
10863,748,569,0
10864,748,840,0
10865,748,47,0
10866,748,1112,0
10867,748,112,0
10868,748,881,0
10869,748,1162,0
10870,748,1161,0
10871,748,185,0
10872,748,175,0
10873,748,1261,0
10874,748,370,0
10875,748,889,0
10876,748,443,0
10877,748,329,0
10878,748,248,0
10879,748,1305,0
10880,748,627,0
10881,748,795,0
10882,748,979,0
10883,748,954,0
10884,748,1117,0
10885,748,945,0
10886,748,1174,0
10887,748,692,0
10888,748,1202,0
10889,748,847,0
10890,748,699,0
10891,748,547,0
10892,748,1296,0
10893,748,1012,0
10894,748,988,0
10895,748,746,0
10896,748,632,0
10897,748,350,0
10898,748,1285,0
10899,748,262,0
10900,748,851,0
10901,748,232,0
10902,748,1160,0
10903,748,1315,0
10904,748,1190,0
10905,748,834,0
10906,748,213,0
10907,748,675,0
10908,748,190,0
10909,748,921,0
10910,748,475,0
10911,748,818,0
10912,748,1219,0
10913,748,1064,0
10914,748,688,0
10915,748,472,0
10916,748,1167,0
10917,748,718,0
10918,748,238,0
10919,748,642,0
10920,748,448,0
10921,748,674,0
10922,748,72,0
10923,748,1030,0
10924,748,644,0
10925,748,319,0
10926,748,653,0
10927,748,1282,0
10928,748,769,0
10929,748,1128,0
10930,748,1311,0
10931,748,608,0
10932,748,206,0
10933,748,37,0
10934,748,663,0
10935,748,1143,0
10936,748,257,0
10937,748,1121,0
10938,748,1108,0
10939,748,736,0
10940,748,1232,0
10941,748,860,0
10942,748,431,0
10943,748,281,0
10944,748,761,0
10945,748,488,0
10946,748,752,0
10947,748,786,0
10948,748,253,0
10949,748,418,0
10950,748,466,0
10951,748,833,0
10952,748,1072,0
10953,748,427,0
10954,748,677,0
10955,748,1025,0
10956,748,1036,0
10957,748,87,0
10958,748,1198,0
10959,748,174,0
10960,748,859,0
10961,748,985,0
10962,748,1200,0
10963,766,267,0
10964,766,1289,0
10965,766,1045,0
10966,766,205,0
10967,766,1,0
10968,766,1159,0
10969,766,1269,0
10970,766,484,0
10971,766,72,0
10972,766,1183,0
10973,766,860,0
10974,766,1296,0
10975,766,1122,0
10976,766,835,0
10977,766,197,0
10978,766,722,0
10979,766,959,0
10980,766,241,0
10981,766,664,0
10982,766,532,0
10983,766,9,0
10984,766,67,0
10985,766,487,0
10986,766,314,0
10987,766,98,0
10988,766,1138,0
10989,766,578,0
10990,766,837,0
10991,766,1128,0
10992,766,302,0
10993,766,1027,0
10994,766,1195,0
10995,766,163,0
10996,766,1191,0
10997,766,999,0
10998,766,193,0
10999,766,309,0
11000,766,847,0
11001,766,1043,0
11002,766,942,0
11003,766,635,0
11004,766,936,0
11005,766,1107,0
11006,766,327,0
11007,766,670,0
11008,766,574,0
11009,766,19,0
11010,766,892,0
11011,766,124,0
11012,766,240,0
11013,766,1023,0
11014,766,349,0
11015,766,659,0
11016,766,624,0
11017,766,516,0
11018,766,733,0
11019,766,1178,0
11020,766,969,0
11021,766,1126,0
11022,766,336,0
11023,766,905,0
11024,766,473,0
11025,766,1285,0
11026,766,10,0
11027,766,354,0
11028,766,513,0
11029,766,543,0
11030,766,477,0
11031,766,61,0
11032,766,804,0
11033,766,85,0
11034,766,14,0
11035,766,91,0
11036,766,973,0
11037,766,1287,0
11038,766,1000,0
11039,766,1272,0
11040,766,971,0
11041,766,344,0
11042,766,957,0
11043,766,312,0
11044,766,715,0
11045,766,1021,0
11046,766,802,0
11047,766,694,0
11048,766,759,0
11049,766,533,0
11050,766,1295,0
11051,766,598,0
11052,766,341,0
11053,766,782,0
11054,766,854,0
11055,766,394,0
11056,766,736,0
11057,766,548,0
11058,766,1160,0
11059,766,436,0
11060,766,198,0
11061,766,1220,0
11062,766,1280,0
11063,766,1303,0
11064,766,1246,0
11065,766,1069,0
11066,766,673,0
11067,766,51,0
11068,766,896,0
11069,766,943,0
11070,766,535,0
11071,766,134,0
11072,766,297,0
11073,766,367,0
11074,766,509,0
11075,766,630,0
11076,766,234,0
11077,766,68,0
11078,766,485,0
11079,766,1096,0
11080,766,1016,0
11081,766,867,0
11082,766,1028,0
11083,766,1062,0
11084,766,465,0
11085,766,114,0
11086,766,161,0
11087,766,1011,0
11088,766,1267,0
11089,766,672,0
11090,766,446,0
11091,766,939,0
11092,766,823,0
11093,766,188,0
11094,766,980,0
11095,766,230,0
11096,766,401,0
11097,766,560,0
11098,766,988,0
11099,766,591,0
11100,766,1148,0
11101,766,1149,0
11102,766,1301,0
11103,766,1275,0
11104,766,178,0
11105,766,682,0
11106,766,698,0
11107,766,378,0
11108,766,807,0
11109,766,28,0
11110,766,706,0
11111,766,843,0
11112,766,855,0
11113,766,503,0
11114,766,718,0
11115,766,1179,0
11116,766,459,0
11117,766,1185,0
11118,766,174,0
11119,766,888,0
11120,766,831,0
11121,766,476,0
11122,766,1099,0
11123,766,872,0
11124,766,953,0
11125,766,65,0
11126,766,785,0
11127,766,1277,0
11128,766,143,0
11129,766,726,0
11130,766,421,0
11131,766,629,0
11132,766,76,0
11133,766,671,0
11134,766,921,0
11135,766,655,0
11136,766,1142,0
11137,766,498,0
11138,766,115,0
11139,766,15,0
11140,766,1226,0
11141,766,1266,0
11142,766,1095,0
11143,766,245,0
11144,766,184,0
11145,766,1157,0
11146,766,765,0
11147,766,642,0
11148,766,581,0
11149,766,1136,0
11150,766,1245,0
11151,766,902,0
11152,766,725,0
11153,766,1305,0
11154,766,949,0
11155,766,1281,0
11156,766,784,0
11157,766,203,0
11158,766,563,0
11159,766,573,0
11160,766,191,0
11161,766,522,0
11162,766,1196,0
11163,766,583,0
11164,766,518,0
11165,766,1202,0
11166,766,819,0
11167,766,334,0
11168,766,552,0
11169,766,760,0
11170,766,138,0
11171,766,481,0
11172,766,719,0
11173,766,1315,0
11174,766,1147,0
11175,766,415,0
11176,766,211,0
11177,766,1014,0
11178,766,39,0
11179,766,825,0
11180,766,384,0
11181,766,155,0
11182,766,1139,0
11183,766,1003,0
11184,766,70,0
11185,766,813,0
11186,766,285,0
11187,766,720,0
11188,766,33,0
11189,766,1298,0
11190,766,599,0
11191,766,762,0
11192,766,512,0
11193,766,1141,0
11194,766,499,0
11195,766,100,0
11196,766,748,0
11197,766,80,0
11198,766,787,0
11199,766,46,0
11200,766,118,0
11201,766,186,0
11202,766,1308,0
11203,766,974,0
11204,766,419,0
11205,766,502,0
11206,766,105,0
11207,766,910,0
11208,766,1094,0
11209,766,392,0
11210,766,962,0
11211,766,562,0
11212,766,343,0
11213,766,1263,0
11214,766,254,0
11215,766,1174,0
11216,766,886,0
11217,766,817,0
11218,766,1279,0
11219,766,36,0
11220,766,1109,0
11221,766,460,0
11222,766,471,0
11223,766,555,0
11224,766,1239,0
11225,766,1208,0
11226,766,1273,0
11227,766,693,0
11228,766,631,0
11229,766,1081,0
11230,766,580,0
11231,766,558,0
11232,766,474,0
11233,766,289,0
11234,766,179,0
11235,766,126,0
11236,766,566,0
11237,766,291,0
11238,766,904,0
11239,766,431,0
11240,766,570,0
11241,766,491,0
11242,766,1054,0
11243,766,801,0
11244,766,1222,0
11245,766,828,0
11246,766,158,0
11247,766,565,0
11248,766,676,0
11249,766,222,0
11250,766,559,0
11251,766,845,0
11252,766,456,0
11253,766,382,0
11254,766,550,0
11255,766,1242,0
11256,766,22,0
11257,766,37,0
11258,766,352,0
11259,766,12,0
11260,766,756,0
11261,766,169,0
11262,766,915,0
11263,766,797,0
11264,766,1146,0
11265,766,534,0
11266,766,396,0
11267,766,452,0
11268,766,228,0
11269,766,879,0
11270,766,438,0
11271,766,1248,0
11272,766,744,0
11273,766,584,0
11274,766,247,0
11275,766,323,0
11276,766,444,0
11277,766,956,0
11278,766,313,0
11279,766,1137,0
11280,766,592,0
11281,766,859,0
11282,766,897,0
11283,766,1113,0
11284,766,437,0
11285,766,686,0
11286,766,651,0
11287,766,1232,0
11288,766,88,0
11289,766,213,0
11290,766,870,0
11291,766,1251,0
11292,766,1261,0
11293,766,1008,0
11294,766,284,0
11295,766,1163,0
11296,766,793,0
11297,766,878,0
11298,766,202,0
11299,766,292,0
11300,766,890,0
11301,766,1288,0
11302,766,1037,0
11303,766,575,0
11304,766,1012,0
11305,766,1284,0
11306,766,549,0
11307,766,50,0
11308,766,594,0
11309,766,520,0
11310,766,645,0
11311,766,770,0
11312,766,1134,0
11313,766,235,0
11314,766,703,0
11315,766,443,0
11316,766,1243,0
11317,766,1130,0
11318,766,906,0
11319,766,660,0
11320,766,1078,0
11321,766,895,0
11322,766,2,0
11323,766,1150,0
11324,766,89,0
11325,766,665,0
11326,766,483,0
11327,766,862,0
11328,766,122,0
11329,766,732,0
11330,766,738,0
11331,766,7,0
11332,766,1292,0
11333,766,1044,0
11334,766,937,0
11335,766,112,0
11336,766,844,0
11337,766,448,0
11338,766,684,0
11339,766,263,0
11340,766,238,0
11341,766,998,0
11342,766,625,0
11343,766,290,0
11344,766,1085,0
11345,766,328,0
11346,766,1055,0
11347,766,356,0
11348,766,530,0
11349,766,136,0
11350,766,1193,0
11351,766,32,0
11352,766,561,0
11353,766,399,0
11354,766,1186,0
11355,766,609,0
11356,766,697,0
11357,766,4,0
11358,766,375,0
11359,766,449,0
11360,766,708,0
11361,766,166,0
11362,766,49,0
11363,766,390,0
11364,766,641,0
11365,766,20,0
11366,766,506,0
11367,766,305,0
11368,766,714,0
11369,766,1259,0
11370,766,1098,0
11371,766,463,0
11372,766,976,0
11373,766,1118,0
11374,766,966,0
11375,766,990,0
11376,766,95,0
11377,766,830,0
11378,766,674,0
11379,766,1294,0
11380,766,979,0
11381,766,275,0
11382,766,123,0
11383,766,426,0
11384,766,1049,0
11385,766,818,0
11386,766,758,0
11387,766,568,0
11388,766,761,0
11389,766,1223,0
11390,766,1182,0
11391,766,315,0
11392,766,519,0
11393,766,310,0
11394,766,792,0
11395,766,926,0
11396,766,1270,0
11397,766,601,0
11398,766,83,0
11399,766,165,0
11400,766,351,0
11401,766,259,0
11402,766,1092,0
11403,766,833,0
11404,766,265,0
11405,766,332,0
11406,766,924,0
11407,766,724,0
11408,766,1214,0
11409,766,495,0
11410,766,107,0
11411,766,1048,0
11412,766,151,0
11413,766,1124,0
11414,766,386,0
11415,766,1286,0
11416,766,1244,0
11417,766,731,0
11418,766,1017,0
11419,766,59,0
11420,766,984,0
11421,766,935,0
11422,766,527,0
11423,766,311,0
11424,766,613,0
11425,766,1210,0
11426,766,927,0
11427,766,172,0
11428,766,78,0
11429,766,822,0
11430,766,841,0
11431,766,492,0
11432,766,603,0
11433,766,965,0
11434,766,177,0
11435,766,751,0
11436,766,358,0
11437,766,319,0
11438,766,447,0
11439,766,695,0
11440,766,331,0
11441,766,40,0
11442,766,709,0
11443,766,662,0
11444,766,409,0
11445,766,1237,0
11446,766,589,0
11447,766,710,0
11448,766,218,0
11449,766,256,0
11450,766,164,0
11451,766,468,0
11452,766,842,0
11453,766,140,0
11454,766,551,0
11455,766,482,0
11456,766,1013,0
11457,766,154,0
11458,766,293,0
11459,766,968,0
11460,766,997,0
11461,766,187,0
11462,766,531,0
11463,766,278,0
11464,766,803,0
11465,766,1217,0
11466,766,948,0
11467,766,853,0
11468,766,656,0
11469,766,206,0
11470,766,1320,0
11471,766,1086,0
11472,766,132,0
11473,766,261,0
11474,766,633,0
11475,766,786,0
11476,766,538,0
11477,766,104,0
11478,766,700,0
11479,766,1170,0
11480,766,286,0
11481,766,1060,0
11482,766,856,0
11483,766,1216,0
11484,766,201,0
11485,766,789,0
11486,766,374,0
11487,766,1207,0
11488,766,1093,0
11489,766,650,0
11490,766,699,0
11491,766,1283,0
11492,766,1254,0
11493,766,909,0
11494,766,189,0
11495,766,221,0
11496,766,521,0
11497,766,763,0
11498,766,288,0
11499,766,1065,0
11500,766,490,0
11501,766,325,0
11502,766,445,0
11503,766,1235,0
11504,766,152,0
11505,766,1209,0
11506,766,335,0
11507,766,767,0
11508,766,947,0
11509,766,881,0
11510,766,212,0
11511,766,605,0
11512,766,816,0
11513,766,824,0
11514,766,510,0
11515,766,146,0
11516,766,131,0
11517,766,464,0
11518,766,1035,0
11519,766,851,0
11520,766,780,0
11521,766,618,0
11522,766,232,0
11523,766,746,0
11524,766,35,0
11525,766,251,0
11526,766,215,0
11527,766,318,0
11528,766,1061,0
11529,766,423,0
11530,766,93,0
11531,766,90,0
11532,766,1221,0
11533,766,524,0
11534,766,1080,0
11535,766,577,0
11536,766,554,0
11537,766,6,0
11538,766,60,0
11539,766,610,0
11540,766,649,0
11541,766,1036,0
11542,766,514,0
11543,766,366,0
11544,766,1176,0
11545,766,741,0
11546,766,52,0
11547,766,246,0
11548,766,1204,0
11549,766,908,0
11550,766,379,0
11551,766,1022,0
11552,766,871,0
11553,766,388,0
11554,766,1087,0
11555,766,63,0
11556,766,220,0
11557,766,950,0
11558,766,137,0
11559,766,913,0
11560,766,1042,0
11561,766,702,0
11562,766,799,0
11563,766,194,0
11564,766,1276,0
11565,766,1192,0
11566,766,796,0
11567,766,614,0
11568,766,626,0
11569,766,891,0
11570,766,623,0
11571,766,505,0
11572,766,176,0
11573,766,296,0
11574,766,773,0
11575,766,18,0
11576,766,489,0
11577,766,815,0
11578,766,30,0
11579,766,1105,0
11580,766,236,0
11581,766,25,0
11582,766,619,0
11583,766,373,0
11584,766,472,0
11585,766,1310,0
11586,766,219,0
11587,766,753,0
11588,766,729,0
11589,766,406,0
11590,766,812,0
11591,766,345,0
11592,766,1123,0
11593,766,1145,0
11594,766,922,0
11595,766,946,0
11596,766,678,0
11597,766,5,0
11598,766,196,0
11599,766,55,0
11600,766,1151,0
11601,766,393,0
11602,766,1155,0
11603,766,857,0
11604,766,262,0
11605,766,991,0
11606,766,397,0
11607,766,501,0
11608,766,963,0
11609,766,1274,0
11610,766,1161,0
11611,766,776,0
11612,766,62,0
11613,766,324,0
11614,766,690,0
11615,766,839,0
11616,766,865,0
11617,766,480,0
11618,766,391,0
11619,766,970,0
11620,766,1033,0
11621,766,640,0
11622,766,361,0
11623,766,585,0
11624,766,901,0
11625,766,1173,0
11626,766,1032,0
11627,766,547,0
11628,766,587,0
11629,766,893,0
11630,766,788,0
11631,766,1071,0
11632,766,103,0
11633,766,257,0
11634,766,1205,0
11635,766,274,0
11636,766,757,0
11637,766,54,0
11638,766,1302,0
11639,766,330,0
11640,766,620,0
11641,766,1143,0
11642,766,849,0
11643,766,1029,0
11644,766,1309,0
11645,766,1238,0
11646,766,869,0
11647,766,357,0
11648,766,271,0
11649,766,994,0
11650,766,820,0
11651,766,84,0
11652,766,1059,0
11653,766,781,0
11654,766,739,0
11655,766,1169,0
11656,766,239,0
11657,766,451,0
11658,766,928,0
11659,766,346,0
11660,766,458,0
11661,766,701,0
11662,766,995,0
11663,766,329,0
11664,766,680,0
11665,766,175,0
11666,766,145,0
11667,766,420,0
11668,766,542,0
11669,766,48,0
11670,766,411,0
11671,766,1319,0
11672,766,387,0
11673,766,810,0
11674,766,964,0
11675,766,1053,0
11676,766,97,0
11677,766,441,0
11678,766,588,0
11679,766,923,0
11680,766,989,0
11681,766,1233,0
11682,766,632,0
11683,766,298,0
11684,766,372,0
11685,766,429,0
11686,766,280,0
11687,766,383,0
11688,766,874,0
11689,766,894,0
11690,766,500,0
11691,766,1219,0
11692,766,557,0
11693,766,668,0
11694,766,1050,0
11695,766,268,0
11696,766,442,0
11697,766,993,0
11698,766,1190,0
11699,766,663,0
11700,766,157,0
11701,766,1299,0
11702,766,945,0
11703,766,576,0
11704,766,414,0
11705,766,526,0
11706,766,975,0
11707,766,1234,0
11708,766,713,0
11709,766,299,0
11710,766,885,0
11711,766,450,0
11712,766,1154,0
11713,766,952,0
11714,766,774,0
11715,766,1318,0
11716,766,307,0
11717,766,669,0
11718,766,422,0
11719,766,111,0
11720,766,734,0
11721,766,586,0
11722,766,938,0
11723,766,508,0
11724,766,579,0
11725,766,941,0
11726,766,622,0
11727,766,147,0
11728,766,428,0
11729,766,1067,0
11730,766,1034,0
11731,766,829,0
11732,766,1051,0
11733,766,596,0
11734,766,1009,0
11735,766,791,0
11736,766,338,0
11737,766,1002,0
11738,766,353,0
11739,766,1104,0
11740,766,294,0
11741,766,276,0
11742,766,337,0
11743,766,1250,0
11744,766,199,0
11745,766,1175,0
11746,766,433,0
11747,766,370,0
11748,766,1255,0
11749,766,1066,0
11750,766,643,0
11751,766,1079,0
11752,766,424,0
11753,766,593,0
11754,766,1168,0
11755,766,916,0
11756,766,1073,0
11757,766,1253,0
11758,766,750,0
11759,766,369,0
11760,766,210,0
11761,766,389,0
11762,766,675,0
11763,766,582,0
11764,766,1108,0
11765,766,86,0
11766,766,381,0
11767,766,1090,0
11768,766,832,0
11769,766,385,0
11770,766,454,0
11771,766,740,0
11772,766,430,0
11773,766,848,0
11774,766,1194,0
11775,766,42,0
11776,766,986,0
11777,766,229,0
11778,766,537,0
11779,766,371,0
11780,766,1211,0
11781,766,967,0
11782,766,117,0
11783,766,931,0
11784,766,11,0
11785,766,467,0
11786,766,340,0
11787,766,1041,0
11788,766,160,0
11789,766,1300,0
11790,766,523,0
11791,766,8,0
11792,766,707,0
11793,766,1119,0
11794,766,1268,0
11795,766,1068,0
11796,766,1046,0
11797,766,1117,0
11798,766,595,0
11799,766,303,0
11800,766,1290,0
11801,766,768,0
11802,766,149,0
11803,766,653,0
11804,766,873,0
11805,766,517,0
11806,766,814,0
11807,766,272,0
11808,766,168,0
11809,766,983,0
11810,766,868,0
11811,766,1101,0
11812,766,798,0
11813,766,129,0
11814,766,1158,0
11815,766,809,0
11816,766,569,0
11817,766,1097,0
11818,766,688,0
11819,766,806,0
11820,766,360,0
11821,766,119,0
11822,766,75,0
11823,766,470,0
11824,766,139,0
11825,766,911,0
11826,766,838,0
11827,766,347,0
11828,766,69,0
11829,766,266,0
11830,766,270,0
11831,766,1019,0
11832,766,681,0
11833,766,721,0
11834,766,17,0
11835,766,1224,0
11836,766,1228,0
11837,766,930,0
11838,801,857,0
11839,801,1085,0
11840,801,1029,0
11841,801,480,0
11842,801,367,0
11843,801,220,0
11844,801,569,0
11845,801,446,0
11846,801,378,0
11847,801,658,0
11848,801,187,0
11849,801,958,0
11850,801,564,0
11851,801,293,0
11852,801,535,0
11853,801,442,0
11854,801,1281,0
11855,801,738,0
11856,801,635,0
11857,801,663,0
11858,801,758,0
11859,801,355,0
11860,801,626,0
11861,801,111,0
11862,801,210,0
11863,801,1071,0
11864,801,1269,0
11865,801,397,0
11866,801,776,0
11867,801,137,0
11868,801,310,0
11869,801,474,0
11870,801,162,0
11871,801,592,0
11872,801,843,0
11873,801,1004,0
11874,801,639,0
11875,801,1238,0
11876,801,513,0
11877,801,525,0
11878,801,834,0
11879,801,443,0
11880,801,1273,0
11881,801,811,0
11882,801,908,0
11883,801,1018,0
11884,801,518,0
11885,801,485,0
11886,801,1261,0
11887,801,856,0
11888,801,59,0
11889,801,1274,0
11890,801,1313,0
11891,801,1196,0
11892,801,407,0
11893,801,855,0
11894,801,1135,0
11895,801,338,0
11896,801,695,0
11897,801,1117,0
11898,801,464,0
11899,801,1025,0
11900,801,839,0
11901,801,1314,0
11902,801,899,0
11903,801,157,0
11904,801,1193,0
11905,801,396,0
11906,801,823,0
11907,801,402,0
11908,801,1157,0
11909,801,893,0
11910,801,492,0
11911,801,315,0
11912,801,1055,0
11913,801,114,0
11914,801,648,0
11915,801,763,0
11916,801,866,0
11917,801,420,0
11918,801,581,0
11919,801,231,0
11920,801,784,0
11921,801,1305,0
11922,801,1140,0
11923,801,872,0
11924,801,923,0
11925,801,463,0
11926,801,358,0
11927,801,1220,0
11928,801,808,0
11929,801,657,0
11930,801,825,0
11931,801,570,0
11932,801,1285,0
11933,801,359,0
11934,801,1031,0
11935,801,994,0
11936,801,838,0
11937,801,586,0
11938,801,204,0
11939,801,907,0
11940,801,445,0
11941,801,60,0
11942,801,659,0
11943,801,759,0
11944,801,947,0
11945,801,90,0
11946,801,511,0
11947,801,913,0
11948,801,393,0
11949,801,1110,0
11950,801,669,0
11951,801,1104,0
11952,801,807,0
11953,801,294,0
11954,801,685,0
11955,801,207,0
11956,801,1058,0
11957,801,1100,0
11958,801,401,0
11959,801,251,0
11960,801,904,0
11961,801,896,0
11962,801,638,0
11963,801,1230,0
11964,801,757,0
11965,801,902,0
11966,801,319,0
11967,801,1232,0
11968,801,356,0
11969,801,726,0
11970,801,258,0
11971,801,391,0
11972,801,225,0
11973,801,167,0
11974,801,152,0
11975,801,614,0
11976,801,1312,0
11977,801,576,0
11978,801,144,0
11979,801,17,0
11980,801,469,0
11981,801,26,0
11982,801,1247,0
11983,801,100,0
11984,801,247,0
11985,801,1226,0
11986,801,450,0
11987,801,804,0
11988,801,200,0
11989,801,201,0
11990,801,607,0
11991,801,122,0
11992,801,880,0
11993,801,964,0
11994,801,1174,0
11995,801,384,0
11996,801,978,0
11997,801,268,0
11998,801,1290,0
11999,801,138,0
12000,801,181,0
12001,801,1240,0
12002,801,169,0
12003,801,7,0
12004,801,184,0
12005,801,88,0
12006,801,1194,0
12007,801,1075,0
12008,801,955,0
12009,801,421,0
12010,801,1184,0
12011,801,506,0
12012,801,625,0
12013,801,709,0
12014,801,1155,0
12015,801,28,0
12016,801,121,0
12017,801,664,0
12018,801,630,0
12019,801,538,0
12020,801,179,0
12021,801,603,0
12022,801,1042,0
12023,801,307,0
12024,801,1282,0
12025,801,981,0
12026,801,936,0
12027,801,636,0
12028,801,796,0
12029,801,1113,0
12030,801,1082,0
12031,801,196,0
12032,801,1211,0
12033,801,400,0
12034,801,551,0
12035,801,447,0
12036,801,720,0
12037,801,678,0
12038,801,1115,0
12039,801,824,0
12040,801,1165,0
12041,801,97,0
12042,801,497,0
12043,801,313,0
12044,801,77,0
12045,801,255,0
12046,801,814,0
12047,801,134,0
12048,801,1160,0
12049,801,697,0
12050,801,275,0
12051,801,645,0
12052,801,458,0
12053,801,991,0
12054,801,345,0
12055,801,126,0
12056,801,1173,0
12057,801,1089,0
12058,801,284,0
12059,801,721,0
12060,801,601,0
12061,801,301,0
12062,801,710,0
12063,801,398,0
12064,801,1221,0
12065,801,773,0
12066,801,1076,0
12067,801,1252,0
12068,801,1127,0
12069,801,461,0
12070,801,292,0
12071,801,871,0
12072,801,0,0
12073,801,617,0
12074,801,924,0
12075,801,20,0
12076,801,374,0
12077,801,477,0
12078,801,652,0
12079,801,1068,0
12080,801,979,0
12081,801,42,0
12082,801,85,0
12083,801,267,0
12084,801,250,0
12085,801,52,0
12086,801,832,0
12087,801,1046,0
12088,801,12,0
12089,801,1148,0
12090,801,14,0
12091,801,533,0
12092,801,212,0
12093,801,944,0
12094,801,276,0
12095,801,699,0
12096,801,1099,0
12097,801,1294,0
12098,801,105,0
12099,801,780,0
12100,801,158,0
12101,801,1177,0
12102,801,647,0
12103,801,516,0
12104,801,269,0
12105,801,1308,0
12106,801,590,0
12107,801,13,0
12108,801,1246,0
12109,801,228,0
12110,801,655,0
12111,801,441,0
12112,801,999,0
12113,801,340,0
12114,801,115,0
12115,801,414,0
12116,801,1255,0
12117,801,302,0
12118,801,1011,0
12119,801,1276,0
12120,801,324,0
12121,801,786,0
12122,801,1147,0
12123,801,1033,0
12124,801,785,0
12125,801,977,0
12126,801,595,0
12127,801,266,0
12128,801,1170,0
12129,801,385,0
12130,801,1013,0
12131,801,853,0
12132,801,959,0
12133,801,930,0
12134,801,154,0
12135,801,290,0
12136,801,263,0
12137,801,1087,0
12138,801,507,0
12139,801,279,0
12140,801,1258,0
12141,801,577,0
12142,801,698,0
12143,801,494,0
12144,801,541,0
12145,801,425,0
12146,801,418,0
12147,801,1303,0
12148,801,782,0
12149,801,71,0
12150,801,681,0
12151,801,175,0
12152,801,403,0
12153,801,906,0
12154,801,1214,0
12155,801,827,0
12156,801,744,0
12157,801,1311,0
12158,801,300,0
12159,801,55,0
12160,801,9,0
12161,801,717,0
12162,801,942,0
12163,801,1065,0
12164,801,8,0
12165,801,1122,0
12166,801,456,0
12167,801,23,0
12168,801,548,0
12169,801,739,0
12170,801,211,0
12171,801,536,0
12172,801,792,0
12173,801,1203,0
12174,801,529,0
12175,801,373,0
12176,801,63,0
12177,801,706,0
12178,801,61,0
12179,801,559,0
12180,801,1121,0
12181,801,594,0
12182,801,531,0
12183,801,729,0
12184,801,735,0
12185,801,116,0
12186,801,668,0
12187,801,423,0
12188,801,330,0
12189,801,561,0
12190,801,637,0
12191,801,783,0
12192,801,555,0
12193,801,203,0
12194,801,328,0
12195,801,406,0
12196,801,194,0
12197,801,15,0
12198,801,965,0
12199,801,835,0
12200,801,22,0
12201,801,10,0
12202,801,1228,0
12203,801,178,0
12204,801,278,0
12205,801,189,0
12206,801,254,0
12207,801,563,0
12208,801,342,0
12209,801,465,0
12210,801,41,0
12211,801,556,0
12212,801,560,0
12213,801,656,0
12214,801,1126,0
12215,801,224,0
12216,801,1125,0
12217,801,48,0
12218,801,117,0
12219,801,106,0
12220,801,903,0
12221,801,537,0
12222,801,449,0
12223,801,661,0
12224,801,900,0
12225,801,859,0
12226,801,149,0
12227,801,1084,0
12228,801,309,0
12229,801,164,0
12230,801,891,0
12231,801,623,0
12232,801,504,0
12233,801,89,0
12234,801,683,0
12235,801,1069,0
12236,801,440,0
12237,801,998,0
12238,801,692,0
12239,801,1101,0
12240,801,567,0
12241,801,768,0
12242,801,624,0
12243,801,498,0
12244,801,840,0
12245,801,1007,0
12246,801,489,0
12247,801,898,0
12248,801,967,0
12249,801,909,0
12250,801,45,0
12251,801,632,0
12252,801,983,0
12253,801,585,0
12254,801,799,0
12255,801,1156,0
12256,801,431,0
12257,801,468,0
12258,801,289,0
12259,801,410,0
12260,801,264,0
12261,801,641,0
12262,801,217,0
12263,801,993,0
12264,801,272,0
12265,801,1035,0
12266,801,660,0
12267,801,29,0
12268,801,566,0
12269,801,69,0
12270,801,579,0
12271,801,1112,0
12272,801,833,0
12273,801,16,0
12274,801,962,0
12275,801,933,0
12276,801,677,0
12277,801,1239,0
12278,801,102,0
12279,801,252,0
12280,801,462,0
12281,801,419,0
12282,801,878,0
12283,801,602,0
12284,801,259,0
12285,801,1102,0
12286,801,961,0
12287,801,1210,0
12288,801,547,0
12289,801,867,0
12290,801,487,0
12291,801,1171,0
12292,801,562,0
12293,801,1119,0
12294,801,889,0
12295,801,1034,0
12296,801,822,0
12297,801,430,0
12298,801,382,0
12299,801,1227,0
12300,801,532,0
12301,801,1256,0
12302,801,439,0
12303,801,473,0
12304,801,509,0
12305,801,1038,0
12306,801,865,0
12307,801,863,0
12308,801,50,0
12309,801,612,0
12310,801,753,0
12311,801,820,0
12312,801,982,0
12313,801,686,0
12314,801,929,0
12315,801,1212,0
12316,801,1045,0
12317,801,676,0
12318,801,57,0
12319,801,176,0
12320,801,887,0
12321,801,66,0
12322,801,734,0
12323,801,239,0
12324,801,1242,0
12325,801,691,0
12326,801,1138,0
12327,801,432,0
12328,801,372,0
12329,801,344,0
12330,801,642,0
12331,801,120,0
12332,801,842,0
12333,801,472,0
12334,801,125,0
12335,801,249,0
12336,801,500,0
12337,801,280,0
12338,801,1064,0
12339,801,1208,0
12340,801,236,0
12341,801,554,0
12342,801,260,0
12343,801,1123,0
12344,801,821,0
12345,801,185,0
12346,801,1271,0
12347,801,1218,0
12348,801,65,0
12349,801,860,0
12350,801,376,0
12351,801,1222,0
12352,801,35,0
12353,801,1134,0
12354,801,265,0
12355,801,40,0
12356,801,1176,0
12357,801,713,0
12358,801,1291,0
12359,801,1149,0
12360,801,318,0
12361,801,237,0
12362,801,199,0
12363,801,684,0
12364,801,704,0
12365,801,383,0
12366,801,1050,0
12367,801,749,0
12368,801,377,0
12369,801,454,0
12370,801,727,0
12371,801,984,0
12372,801,510,0
12373,801,6,0
12374,801,99,0
12375,801,992,0
12376,801,352,0
12377,801,274,0
12378,801,1198,0
12379,801,92,0
12380,801,466,0
12381,801,914,0
12382,801,1272,0
12383,801,935,0
12384,801,298,0
12385,801,1286,0
12386,801,202,0
12387,801,565,0
12388,801,296,0
12389,801,503,0
12390,801,542,0
12391,801,557,0
12392,801,950,0
12393,801,476,0
12394,801,802,0
12395,801,129,0
12396,801,618,0
12397,801,1077,0
12398,801,530,0
12399,801,911,0
12400,801,87,0
12401,801,616,0
12402,801,629,0
12403,801,1097,0
12404,801,1315,0
12405,801,1267,0
12406,801,1161,0
12407,801,805,0
12408,801,552,0
12409,801,363,0
12410,801,5,0
12411,801,803,0
12412,801,218,0
12413,801,243,0
12414,801,1074,0
12415,801,112,0
12416,801,1166,0
12417,801,674,0
12418,801,598,0
12419,801,540,0
12420,801,1012,0
12421,801,1066,0
12422,801,1059,0
12423,801,775,0
12424,801,24,0
12425,801,62,0
12426,801,543,0
12427,801,596,0
12428,801,346,0
12429,801,392,0
12430,801,1205,0
12431,801,140,0
12432,801,426,0
12433,801,1223,0
12434,801,1061,0
12435,801,44,0
12436,801,996,0
12437,801,118,0
12438,801,937,0
12439,801,667,0
12440,801,960,0
12441,801,32,0
12442,801,1213,0
12443,801,1020,0
12444,801,457,0
12445,801,882,0
12446,801,831,0
12447,801,1009,0
12448,801,687,0
12449,801,1199,0
12450,801,1278,0
12451,801,379,0
12452,801,1178,0
12453,801,1225,0
12454,801,987,0
12455,801,723,0
12456,801,1192,0
12457,801,1047,0
12458,801,817,0
12459,801,198,0
12460,801,790,0
12461,801,895,0
12462,801,948,0
12463,801,321,0
12464,801,810,0
12465,801,141,0
12466,801,354,0
12467,801,1143,0
12468,801,876,0
12469,801,1086,0
12470,801,1167,0
12471,801,96,0
12472,801,756,0
12473,801,986,0
12474,801,841,0
12475,801,1080,0
12476,801,186,0
12477,801,897,0
12478,801,1164,0
12479,801,719,0
12480,801,765,0
12481,801,242,0
12482,801,1067,0
12483,801,716,0
12484,801,675,0
12485,801,453,0
12486,801,1284,0
12487,801,512,0
12488,801,809,0
12489,801,455,0
12490,801,949,0
12491,801,95,0
12492,801,245,0
12493,801,486,0
12494,801,1306,0
12495,801,558,0
12496,801,1136,0
12497,801,161,0
12498,801,957,0
12499,801,297,0
12500,801,662,0
12501,801,422,0
12502,801,3,0
12503,801,836,0
12504,801,688,0
12505,801,1163,0
12506,801,451,0
12507,801,327,0
12508,801,312,0
12509,801,253,0
12510,801,177,0
12511,801,1172,0
12512,801,769,0
12513,801,428,0
12514,801,1081,0
12515,801,233,0
12516,801,1241,0
12517,801,146,0
12518,801,975,0
12519,801,326,0
12520,801,974,0
12521,801,351,0
12522,801,412,0
12523,801,350,0
12524,801,151,0
12525,801,46,0
12526,801,1183,0
12527,801,349,0
12528,801,56,0
12529,801,767,0
12530,801,794,0
12531,801,665,0
12532,801,711,0
12533,801,1095,0
12534,801,515,0
12535,801,728,0
12536,801,78,0
12537,801,192,0
12538,801,1185,0
12539,801,361,0
12540,801,1093,0
12541,801,1128,0
12542,801,270,0
12543,801,1250,0
12544,801,858,0
12545,801,736,0
12546,801,988,0
12547,801,1237,0
12548,801,912,0
12549,801,108,0
12550,801,966,0
12551,801,708,0
12552,801,291,0
12553,801,227,0
12554,801,471,0
12555,801,746,0
12556,801,934,0
12557,801,171,0
12558,801,304,0
12559,801,943,0
12560,801,1270,0
12561,801,226,0
12562,801,621,0
12563,801,549,0
12564,801,1133,0
12565,801,777,0
12566,801,11,0
12567,801,1131,0
12568,801,482,0
12569,801,829,0
12570,801,394,0
12571,801,925,0
12572,801,68,0
12573,801,772,0
12574,801,143,0
12575,801,514,0
12576,801,973,0
12577,801,732,0
12578,801,932,0
12579,801,83,0
12580,801,232,0
12581,801,939,0
12582,801,1130,0
12583,801,388,0
12584,801,1253,0
12585,801,1279,0
12586,801,963,0
12587,801,123,0
12588,801,886,0
12589,801,1052,0
12590,801,915,0
12591,801,604,0
12592,801,671,0
12593,801,545,0
12594,801,1083,0
12595,801,1037,0
12596,801,411,0
12597,801,103,0
12598,801,1106,0
12599,801,920,0
12600,801,1254,0
12601,826,64,0
12602,826,963,0
12603,826,147,0
12604,826,850,0
12605,826,730,0
12606,826,647,0
12607,826,823,0
12608,826,1138,0
12609,826,1052,0
12610,826,478,0
12611,826,607,0
12612,826,234,0
12613,826,361,0
12614,826,623,0
12615,826,268,0
12616,826,421,0
12617,826,828,0
12618,826,464,0
12619,826,381,0
12620,826,1023,0
12621,826,565,0
12622,826,867,0
12623,826,462,0
12624,826,697,0
12625,826,1067,0
12626,826,1212,0
12627,826,631,0
12628,826,56,0
12629,826,125,0
12630,826,1103,0
12631,826,967,0
12632,826,367,0
12633,826,250,0
12634,826,1040,0
12635,826,336,0
12636,826,895,0
12637,826,821,0
12638,826,986,0
12639,826,1106,0
12640,826,932,0
12641,826,973,0
12642,826,2,0
12643,826,1176,0
12644,826,818,0
12645,826,39,0
12646,826,158,0
12647,826,925,0
12648,826,908,0
12649,826,475,0
12650,826,533,0
12651,826,441,0
12652,826,366,0
12653,826,771,0
12654,826,135,0
12655,826,626,0
12656,826,129,0
12657,826,451,0
12658,826,1246,0
12659,826,507,0
12660,826,1319,0
12661,826,914,0
12662,826,1065,0
12663,826,1278,0
12664,826,1076,0
12665,826,624,0
12666,826,670,0
12667,826,1181,0
12668,826,1300,0
12669,826,452,0
12670,826,155,0
12671,826,805,0
12672,826,1163,0
12673,826,300,0
12674,826,423,0
12675,826,851,0
12676,826,573,0
12677,826,46,0
12678,826,609,0
12679,826,926,0
12680,826,675,0
12681,826,849,0
12682,826,302,0
12683,826,429,0
12684,826,229,0
12685,826,790,0
12686,826,55,0
12687,826,547,0
12688,826,38,0
12689,826,735,0
12690,826,247,0
12691,826,383,0
12692,826,701,0
12693,826,120,0
12694,826,1203,0
12695,826,1087,0
12696,826,989,0
12697,826,1073,0
12698,826,928,0
12699,826,371,0
12700,826,1234,0
12701,826,719,0
12702,826,24,0
12703,826,61,0
12704,826,745,0
12705,826,142,0
12706,826,938,0
12707,826,445,0
12708,826,1303,0
12709,826,995,0
12710,826,1136,0
12711,826,414,0
12712,826,457,0
12713,826,1275,0
12714,826,1254,0
12715,826,42,0
12716,826,342,0
12717,826,165,0
12718,826,762,0
12719,826,434,0
12720,826,1162,0
12721,826,813,0
12722,826,651,0
12723,826,767,0
12724,826,418,0
12725,826,246,0
12726,826,974,0
12727,826,667,0
12728,826,374,0
12729,826,1243,0
12730,826,1166,0
12731,826,491,0
12732,826,772,0
12733,826,806,0
12734,826,1314,0
12735,826,460,0
12736,826,802,0
12737,826,331,0
12738,826,820,0
12739,826,746,0
12740,826,249,0
12741,826,1276,0
12742,826,1198,0
12743,826,890,0
12744,826,619,0
12745,826,102,0
12746,826,144,0
12747,826,97,0
12748,826,1272,0
12749,826,483,0
12750,826,86,0
12751,826,226,0
12752,826,1222,0
12753,826,1074,0
12754,826,492,0
12755,826,506,0
12756,826,1273,0
12757,826,370,0
12758,826,1095,0
12759,826,579,0
12760,826,99,0
12761,826,993,0
12762,826,1147,0
12763,826,27,0
12764,826,53,0
12765,826,627,0
12766,826,889,0
12767,826,1216,0
12768,826,208,0
12769,826,515,0
12770,826,880,0
12771,826,1027,0
12772,826,706,0
12773,826,212,0
12774,826,128,0
12775,826,1236,0
12776,826,646,0
12777,826,499,0
12778,826,649,0
12779,826,7,0
12780,826,245,0
12781,826,168,0
12782,826,330,0
12783,826,1115,0
12784,826,572,0
12785,826,32,0
12786,826,747,0
12787,826,373,0
12788,826,498,0
12789,826,1257,0
12790,826,510,0
12791,826,998,0
12792,826,657,0
12793,826,894,0
12794,826,845,0
12795,826,266,0
12796,826,93,0
12797,826,1094,0
12798,826,358,0
12799,826,577,0
12800,826,6,0
12801,826,431,0
12802,826,969,0
12803,826,1188,0
12804,826,699,0
12805,826,185,0
12806,826,765,0
12807,826,708,0
12808,826,578,0
12809,826,166,0
12810,826,721,0
12811,826,1055,0
12812,826,919,0
12813,826,480,0
12814,826,636,0
12815,826,263,0
12816,826,553,0
12817,826,178,0
12818,826,267,0
12819,826,879,0
12820,826,1047,0
12821,826,1039,0
12822,826,606,0
12823,826,1262,0
12824,826,1081,0
12825,826,213,0
12826,826,71,0
12827,826,680,0
12828,826,525,0
12829,826,1057,0
12830,826,1211,0
12831,826,484,0
12832,826,825,0
12833,826,442,0
12834,826,750,0
12835,826,17,0
12836,826,561,0
12837,826,899,0
12838,826,1127,0
12839,826,1113,0
12840,826,281,0
12841,826,1305,0
12842,826,684,0
12843,826,43,0
12844,826,838,0
12845,826,1032,0
12846,826,584,0
12847,826,666,0
12848,826,844,0
12849,826,315,0
12850,826,876,0
12851,826,909,0
12852,826,413,0
12853,826,13,0
12854,826,830,0
12855,826,913,0
12856,826,1118,0
12857,826,323,0
12858,826,264,0
12859,826,83,0
12860,826,1229,0
12861,826,1021,0
12862,826,1227,0
12863,826,107,0
12864,826,603,0
12865,826,481,0
12866,826,1104,0
12867,826,182,0
12868,826,718,0
12869,826,1088,0
12870,826,643,0
12871,826,910,0
12872,826,1219,0
12873,826,509,0
12874,826,1091,0
12875,826,981,0
12876,826,761,0
12877,826,1084,0
12878,826,756,0
12879,826,398,0
12880,826,987,0
12881,826,812,0
12882,826,309,0
12883,826,1121,0
12884,826,858,0
12885,826,1137,0
12886,826,66,0
12887,826,648,0
12888,826,1224,0
12889,826,292,0
12890,826,590,0
12891,826,115,0
12892,826,96,0
12893,826,682,0
12894,826,639,0
12895,826,161,0
12896,826,903,0
12897,826,768,0
12898,826,138,0
12899,826,770,0
12900,826,950,0
12901,826,196,0
12902,826,225,0
12903,826,829,0
12904,826,1218,0
12905,826,258,0
12906,826,788,0
12907,826,653,0
12908,826,1120,0
12909,826,1253,0
12910,826,4,0
12911,826,1237,0
12912,826,424,0
12913,826,1125,0
12914,826,544,0
12915,826,317,0
12916,826,23,0
12917,826,63,0
12918,826,1015,0
12919,826,698,0
12920,826,856,0
12921,826,869,0
12922,826,934,0
12923,826,977,0
12924,826,251,0
12925,826,803,0
12926,826,1077,0
12927,826,368,0
12928,826,843,0
12929,826,419,0
12930,826,594,0
12931,826,59,0
12932,826,163,0
12933,826,743,0
12934,826,1143,0
12935,826,411,0
12936,826,655,0
12937,826,1126,0
12938,826,1061,0
12939,826,881,0
12940,826,523,0
12941,826,527,0
12942,826,265,0
12943,826,271,0
12944,826,1129,0
12945,826,508,0
12946,826,840,0
12947,826,1168,0
12948,826,1083,0
12949,826,276,0
12950,826,1160,0
12951,826,339,0
12952,826,1099,0
12953,826,311,0
12954,826,103,0
12955,826,605,0
12956,826,1269,0
12957,826,199,0
12958,826,960,0
12959,826,800,0
12960,826,345,0
12961,826,101,0
12962,826,588,0
12963,826,1183,0
12964,826,1070,0
12965,826,151,0
12966,826,1042,0
12967,826,1003,0
12968,826,392,0
12969,826,465,0
12970,826,152,0
12971,826,574,0
12972,826,1090,0
12973,826,118,0
12974,826,703,0
12975,826,1230,0
12976,826,485,0
12977,826,852,0
12978,826,656,0
12979,826,663,0
12980,826,1238,0
12981,826,104,0
12982,826,1247,0
12983,826,1217,0
12984,826,1185,0
12985,826,937,0
12986,826,791,0
12987,826,887,0
12988,826,1293,0
12989,826,1089,0
12990,826,233,0
12991,826,1086,0
12992,826,466,0
12993,826,417,0
12994,826,477,0
12995,826,1150,0
12996,826,1069,0
12997,826,1290,0
12998,826,154,0
12999,826,754,0
13000,826,933,0
13001,826,847,0
13002,826,479,0
13003,826,70,0
13004,826,195,0
13005,826,677,0
13006,826,965,0
13007,826,972,0
13008,826,105,0
13009,826,136,0
13010,826,1267,0
13011,826,760,0
13012,826,628,0
13013,826,978,0
13014,826,1180,0
13015,826,430,0
13016,826,755,0
13017,826,513,0
13018,826,288,0
13019,826,130,0
13020,826,221,0
13021,826,784,0
13022,826,364,0
13023,826,33,0
13024,826,793,0
13025,826,931,0
13026,826,1277,0
13027,826,654,0
13028,826,1209,0
13029,826,313,0
13030,826,223,0
13031,826,535,0
13032,826,456,0
13033,826,920,0
13034,826,705,0
13035,826,877,0
13036,826,298,0
13037,826,467,0
13038,826,181,0
13039,826,1132,0
13040,826,690,0
13041,826,1279,0
13042,826,548,0
13043,826,714,0
13044,826,327,0
13045,826,224,0
13046,826,1242,0
13047,826,863,0
13048,826,819,0
13049,826,51,0
13050,826,320,0
13051,826,672,0
13052,826,939,0
13053,826,1259,0
13054,826,795,0
13055,826,1034,0
13056,826,307,0
13057,826,16,0
13058,826,1210,0
13059,826,324,0
13060,826,633,0
13061,826,19,0
13062,826,1046,0
13063,826,678,0
13064,826,194,0
13065,826,874,0
13066,826,380,0
13067,826,495,0
13068,826,810,0
13069,826,873,0
13070,826,391,0
13071,826,942,0
13072,826,124,0
13073,826,400,0
13074,826,285,0
13075,826,68,0
13076,826,1233,0
13077,826,888,0
13078,826,612,0
13079,826,95,0
13080,826,1187,0
13081,826,291,0
13082,826,488,0
13083,826,516,0
13084,826,980,0
13085,826,201,0
13086,826,1146,0
13087,826,9,0
13088,826,882,0
13089,826,999,0
13090,826,792,0
13091,826,239,0
13092,826,69,0
13093,826,1228,0
13094,826,131,0
13095,826,554,0
13096,826,301,0
13097,826,505,0
13098,826,949,0
13099,826,79,0
13100,826,238,0
13101,826,289,0
13102,826,1134,0
13103,826,827,0
13104,826,610,0
13105,826,1287,0
13106,826,471,0
13107,826,779,0
13108,826,1008,0
13109,826,898,0
13110,826,215,0
13111,826,857,0
13112,826,748,0
13113,826,1223,0
13114,826,186,0
13115,826,916,0
13116,826,90,0
13117,826,1310,0
13118,826,1100,0
13119,826,686,0
13120,826,1201,0
13121,826,540,0
13122,826,658,0
13123,826,739,0
13124,826,586,0
13125,826,1191,0
13126,826,753,0
13127,826,1261,0
13128,826,1033,0
13129,826,432,0
13130,826,260,0
13131,826,1020,0
13132,826,776,0
13133,826,1164,0
13134,826,720,0
13135,826,615,0
13136,826,713,0
13137,826,941,0
13138,826,1049,0
13139,826,918,0
13140,826,470,0
13141,826,1045,0
13142,826,1296,0
13143,826,45,0
13144,826,702,0
13145,826,108,0
13146,826,1241,0
13147,826,1056,0
13148,826,1024,0
13149,826,407,0
13150,826,640,0
13151,826,517,0
13152,826,57,0
13153,826,775,0
13154,826,439,0
13155,826,1050,0
13156,826,1174,0
13157,826,717,0
13158,826,190,0
13159,826,179,0
13160,826,25,0
13161,826,82,0
13162,826,1291,0
13163,826,1,0
13164,826,220,0
13165,826,8,0
13166,826,143,0
13167,826,192,0
13168,826,290,0
13169,826,752,0
13170,826,659,0
13171,826,1249,0
13172,826,514,0
13173,826,862,0
13174,826,781,0
13175,826,683,0
13176,826,1110,0
13177,826,0,0
13178,826,1122,0
13179,826,1172,0
13180,826,808,0
13181,826,811,0
13182,826,502,0
13183,826,567,0
13184,826,469,0
13185,826,37,0
13186,826,443,0
13187,826,1177,0
13188,826,961,0
13189,826,402,0
13190,826,815,0
13191,826,915,0
13192,826,122,0
13193,826,22,0
13194,826,581,0
13195,826,329,0
13196,826,1054,0
13197,826,641,0
13198,826,354,0
13199,826,558,0
13200,826,1195,0
13201,826,738,0
13202,826,737,0
13203,826,187,0
13204,826,256,0
13205,826,278,0
13206,826,1141,0
13207,826,715,0
13208,826,1294,0
13209,826,243,0
13210,826,1101,0
13211,826,1194,0
13212,826,975,0
13213,826,556,0
13214,826,956,0
13215,826,230,0
13216,826,809,0
13217,826,180,0
13218,826,551,0
13219,826,897,0
13220,826,709,0
13221,826,446,0
13222,826,1058,0
13223,826,269,0
13224,826,176,0
13225,826,1214,0
13226,826,363,0
13227,826,848,0
13228,826,1124,0
13229,826,524,0
13230,826,1075,0
13231,826,644,0
13232,826,569,0
13233,826,846,0
13234,826,504,0
13235,826,1068,0
13236,826,789,0
13237,826,31,0
13238,826,10,0
13239,826,26,0
13240,826,602,0
13241,826,219,0
13242,826,54,0
13243,826,943,0
13244,826,386,0
13245,826,437,0
13246,826,650,0
13247,826,210,0
13248,826,123,0
13249,826,44,0
13250,826,616,0
13251,826,797,0
13252,826,335,0
13253,826,409,0
13254,826,1297,0
13255,826,149,0
13256,826,197,0
13257,826,170,0
13258,826,679,0
13259,826,50,0
13260,826,954,0
13261,826,351,0
13262,826,77,0
13263,826,162,0
13264,826,865,0
13265,826,145,0
13266,826,1315,0
13267,826,41,0
13268,826,303,0
13269,826,121,0
13270,826,1312,0
13271,826,1169,0
13272,826,946,0
13273,826,376,0
13274,826,953,0
13275,826,1313,0
13276,826,660,0
13277,826,542,0
13278,826,952,0
13279,826,774,0
13280,826,1092,0
13281,826,537,0
13282,826,153,0
13283,826,319,0
13284,826,787,0
13285,826,990,0
13286,826,520,0
13287,826,1226,0
13288,826,486,0
13289,826,21,0
13290,826,133,0
13291,826,228,0
13292,826,740,0
13293,826,474,0
13294,826,1149,0
13295,826,369,0
13296,826,216,0
13297,826,141,0
13298,826,1171,0
13299,826,1193,0
13300,826,362,0
13301,826,780,0
13302,826,900,0
13303,826,583,0
13304,826,587,0
13305,826,334,0
13306,826,564,0
13307,826,314,0
13308,826,1280,0
13309,826,549,0
13310,826,312,0
13311,826,1048,0
13312,826,359,0
13313,826,617,0
13314,826,604,0
13315,826,1044,0
13316,826,1175,0
13317,826,886,0
13318,826,1240,0
13319,826,936,0
13320,826,202,0
13321,826,966,0
13322,826,555,0
13323,826,1018,0
13324,826,785,0
13325,826,1038,0
13326,826,1017,0
13327,826,47,0
13328,826,119,0
13329,826,1189,0
13330,826,687,0
13331,826,1274,0
13332,826,1170,0
13333,826,576,0
13334,826,571,0
13335,826,855,0
13336,826,921,0
13337,826,372,0
13338,826,255,0
13339,826,731,0
13340,826,299,0
13341,826,1179,0
13342,826,48,0
13343,826,729,0
13344,826,1029,0
13345,826,1105,0
13346,826,526,0
13347,826,1248,0
13348,826,832,0
13349,826,1108,0
13350,826,732,0
13351,826,394,0
13352,826,1157,0
13353,826,945,0
13354,826,783,0
13355,826,191,0
13356,826,204,0
13357,826,174,0
13358,826,259,0
13359,826,306,0
13360,826,261,0
13361,826,14,0
13362,826,773,0
13363,826,632,0
13364,826,1030,0
13365,826,1318,0
13366,826,75,0
13367,826,944,0
13368,826,338,0
13369,826,403,0
13370,826,227,0
13371,826,473,0
13372,826,763,0
13373,826,923,0
13374,826,685,0
13375,826,1062,0
13376,826,759,0
13377,826,237,0
13378,826,20,0
13379,826,766,0
13380,826,448,0
13381,826,637,0
13382,826,91,0
13383,826,275,0
13384,826,34,0
13385,826,824,0
13386,826,742,0
13387,826,582,0
13388,826,726,0
13389,826,712,0
13390,826,280,0
13391,826,534,0
13392,826,1301,0
13393,826,458,0
13394,826,591,0
13395,826,559,0
13396,826,600,0
13397,826,1005,0
13398,826,1116,0
13399,826,891,0
13400,826,426,0
13401,826,1186,0
13402,826,611,0
13403,826,273,0
13404,826,629,0
13405,826,490,0
13406,826,1206,0
13407,826,365,0
13408,826,924,0
13409,826,905,0
13410,826,150,0
13411,826,139,0
13412,826,1107,0
13413,826,167,0
13414,826,1016,0
13415,826,1284,0
13416,826,1239,0
13417,826,758,0
13418,826,325,0
13419,826,348,0
13420,826,1215,0
13421,826,807,0
13422,826,146,0
13423,826,175,0
13424,826,799,0
13425,826,539,0
13426,826,669,0
13427,826,106,0
13428,826,30,0
13429,826,595,0
13430,826,340,0
13431,826,1192,0
13432,826,385,0
13433,826,1082,0
13434,826,1202,0
13435,826,1220,0
13436,826,875,0
13437,826,1009,0
13438,826,217,0
13439,826,1281,0
13440,826,964,0
13441,826,321,0
13442,826,816,0
13443,826,906,0
13444,826,716,0
13445,826,455,0
13446,826,630,0
13447,826,1155,0
13448,826,1078,0
13449,826,410,0
13450,826,497,0
13451,826,58,0
13452,826,1288,0
13453,826,613,0
13454,826,257,0
13455,826,1079,0
13456,826,440,0
13457,826,955,0
13458,826,433,0
13459,826,1131,0
13460,826,870,0
13461,826,585,0
13462,826,305,0
13463,826,814,0
13464,826,940,0
13465,826,1148,0
13466,826,1260,0
13467,826,1072,0
13468,826,89,0
13469,826,662,0
13470,826,1080,0
13471,826,205,0
13472,826,316,0
13473,826,668,0
13474,826,173,0
13475,826,601,0
13476,826,1060,0
13477,826,1235,0
13478,826,599,0
13479,826,598,0
13480,826,532,0
13481,826,287,0
13482,826,322,0
13483,826,596,0
13484,850,734,0
13485,850,723,0
13486,850,716,0
13487,850,717,0
13488,850,1291,0
13489,850,219,0
13490,850,284,0
13491,850,434,0
13492,850,399,0
13493,850,134,0
13494,850,347,0
13495,850,527,0
13496,850,891,0
13497,850,600,0
13498,850,586,0
13499,850,1017,0
13500,850,877,0
13501,850,127,0
13502,850,892,0
13503,850,561,0
13504,850,1244,0
13505,850,949,0
13506,850,174,0
13507,850,349,0
13508,850,324,0
13509,850,491,0
13510,850,606,0
13511,850,718,0
13512,850,1120,0
13513,850,1174,0
13514,850,711,0
13515,850,276,0
13516,850,1191,0
13517,850,83,0
13518,850,1313,0
13519,850,548,0
13520,850,1061,0
13521,850,556,0
13522,850,873,0
13523,850,598,0
13524,850,10,0
13525,850,196,0
13526,850,113,0
13527,850,918,0
13528,850,582,0
13529,850,1295,0
13530,850,11,0
13531,850,870,0
13532,850,1251,0
13533,850,1113,0
13534,850,1088,0
13535,850,74,0
13536,850,828,0
13537,850,739,0
13538,850,1292,0
13539,850,40,0
13540,850,151,0
13541,850,841,0
13542,850,858,0
13543,850,290,0
13544,850,247,0
13545,850,798,0
13546,850,1296,0
13547,850,34,0
13548,850,310,0
13549,850,244,0
13550,850,295,0
13551,850,753,0
13552,850,1140,0
13553,850,876,0
13554,850,1262,0
13555,850,1036,0
13556,850,513,0
13557,850,550,0
13558,850,181,0
13559,850,1101,0
13560,850,371,0
13561,850,995,0
13562,850,439,0
13563,850,122,0
13564,850,867,0
13565,850,885,0
13566,850,553,0
13567,850,422,0
13568,850,123,0
13569,850,1266,0
13570,850,490,0
13571,850,1089,0
13572,850,285,0
13573,850,536,0
13574,850,1317,0
13575,850,163,0
13576,850,611,0
13577,850,489,0
13578,850,230,0
13579,850,104,0
13580,850,1222,0
13581,850,1298,0
13582,850,1091,0
13583,850,978,0
13584,850,325,0
13585,850,605,0
13586,850,1281,0
13587,850,257,0
13588,850,171,0
13589,850,904,0
13590,850,783,0
13591,850,361,0
13592,850,218,0
13593,850,9,0
13594,850,1260,0
13595,850,551,0
13596,850,1236,0
13597,850,692,0
13598,850,53,0
13599,850,653,0
13600,850,193,0
13601,850,365,0
13602,850,591,0
13603,850,589,0
13604,850,1225,0
13605,850,764,0
13606,850,557,0
13607,850,960,0
13608,850,427,0
13609,850,961,0
13610,850,584,0
13611,850,107,0
13612,850,792,0
13613,850,1025,0
13614,850,380,0
13615,850,79,0
13616,850,1132,0
13617,850,1312,0
13618,850,1094,0
13619,850,1223,0
13620,850,597,0
13621,850,1090,0
13622,850,765,0
13623,850,937,0
13624,850,432,0
13625,850,991,0
13626,850,1265,0
13627,850,209,0
13628,850,942,0
13629,850,874,0
13630,850,335,0
13631,850,706,0
13632,850,1267,0
13633,850,35,0
13634,850,1255,0
13635,850,49,0
13636,850,745,0
13637,850,70,0
13638,850,498,0
13639,850,944,0
13640,850,1056,0
13641,850,777,0
13642,850,621,0
13643,850,1289,0
13644,850,1261,0
13645,850,1200,0
13646,850,203,0
13647,850,275,0
13648,850,1258,0
13649,850,378,0
13650,850,895,0
13651,850,615,0
13652,850,256,0
13653,850,1085,0
13654,850,496,0
13655,850,1201,0
13656,850,673,0
13657,850,282,0
13658,850,1065,0
13659,850,1051,0
13660,850,48,0
13661,850,364,0
13662,850,25,0
13663,850,1307,0
13664,850,191,0
13665,850,990,0
13666,850,1190,0
13667,850,136,0
13668,850,1182,0
13669,850,879,0
13670,850,274,0
13671,850,39,0
13672,850,197,0
13673,850,607,0
13674,850,1063,0
13675,850,981,0
13676,850,698,0
13677,850,1033,0
13678,850,800,0
13679,850,478,0
13680,850,202,0
13681,850,1152,0
13682,850,1186,0
13683,850,99,0
13684,850,23,0
13685,850,705,0
13686,850,510,0
13687,850,358,0
13688,850,629,0
13689,850,1054,0
13690,850,1208,0
13691,850,912,0
13692,850,520,0
13693,850,542,0
13694,850,869,0
13695,850,321,0
13696,850,587,0
13697,850,773,0
13698,850,1130,0
13699,850,283,0
13700,850,671,0
13701,850,430,0
13702,850,614,0
13703,850,1257,0
13704,850,31,0
13705,850,1047,0
13706,850,1168,0
13707,850,429,0
13708,850,341,0
13709,850,927,0
13710,850,396,0
13711,850,235,0
13712,850,945,0
13713,850,996,0
13714,850,903,0
13715,850,1302,0
13716,850,98,0
13717,850,1270,0
13718,850,666,0
13719,850,153,0
13720,850,441,0
13721,850,947,0
13722,850,563,0
13723,850,152,0
13724,850,129,0
13725,850,894,0
13726,850,57,0
13727,850,986,0
13728,850,1104,0
13729,850,555,0
13730,850,1204,0
13731,850,149,0
13732,850,685,0
13733,850,169,0
13734,850,644,0
13735,850,313,0
13736,850,1253,0
13737,850,1256,0
13738,850,645,0
13739,850,386,0
13740,850,1072,0
13741,850,389,0
13742,850,96,0
13743,850,420,0
13744,850,725,0
13745,850,1163,0
13746,850,576,0
13747,850,248,0
13748,850,533,0
13749,850,245,0
13750,850,250,0
13751,850,353,0
13752,850,306,0
13753,850,554,0
13754,850,18,0
13755,850,921,0
13756,850,1039,0
13757,850,454,0
13758,850,968,0
13759,850,466,0
13760,850,82,0
13761,850,683,0
13762,850,436,0
13763,850,180,0
13764,850,30,0
13765,850,223,0
13766,850,431,0
13767,850,925,0
13768,850,222,0
13769,850,183,0
13770,850,794,0
13771,850,559,0
13772,850,974,0
13773,850,29,0
13774,850,790,0
13775,850,544,0
13776,850,211,0
13777,850,632,0
13778,850,741,0
13779,850,56,0
13780,850,831,0
13781,850,590,0
13782,850,1167,0
13783,850,836,0
13784,850,1118,0
13785,850,453,0
13786,850,954,0
13787,850,966,0
13788,850,1055,0
13789,850,679,0
13790,850,146,0
13791,850,156,0
13792,850,60,0
13793,850,805,0
13794,850,36,0
13795,850,835,0
13796,850,1141,0
13797,850,926,0
13798,850,224,0
13799,850,1010,0
13800,850,791,0
13801,850,641,0
13802,850,1252,0
13803,850,189,0
13804,850,406,0
13805,850,1315,0
13806,850,602,0
13807,850,1301,0
13808,850,1150,0
13809,850,1029,0
13810,850,1102,0
13811,850,682,0
13812,850,881,0
13813,850,252,0
13814,850,298,0
13815,850,1250,0
13816,850,133,0
13817,850,830,0
13818,850,749,0
13819,850,204,0
13820,850,1050,0
13821,850,1031,0
13822,850,13,0
13823,850,856,0
13824,850,969,0
13825,850,695,0
13826,850,260,0
13827,850,766,0
13828,850,713,0
13829,850,367,0
13830,850,66,0
13831,850,560,0
13832,850,658,0
13833,850,619,0
13834,850,906,0
13835,850,526,0
13836,850,37,0
13837,850,225,0
13838,850,208,0
13839,850,519,0
13840,850,178,0
13841,850,271,0
13842,850,1030,0
13843,850,145,0
13844,850,450,0
13845,850,546,0
13846,850,507,0
13847,850,983,0
13848,850,22,0
13849,850,822,0
13850,850,1077,0
13851,850,537,0
13852,850,59,0
13853,850,112,0
13854,850,469,0
13855,850,329,0
13856,850,390,0
13857,850,1117,0
13858,850,938,0
13859,850,287,0
13860,850,676,0
13861,850,416,0
13862,850,1273,0
13863,850,820,0
13864,850,135,0
13865,850,571,0
13866,850,87,0
13867,850,1286,0
13868,850,878,0
13869,850,843,0
13870,850,5,0
13871,850,376,0
13872,850,759,0
13873,850,601,0
13874,850,844,0
13875,850,85,0
13876,850,1038,0
13877,850,242,0
13878,850,1013,0
13879,850,1075,0
13880,850,1153,0
13881,850,1142,0
13882,850,1078,0
13883,850,114,0
13884,850,543,0
13885,850,744,0
13886,850,213,0
13887,850,481,0
13888,850,293,0
13889,850,545,0
13890,850,845,0
13891,850,943,0
13892,850,1308,0
13893,850,715,0
13894,850,1183,0
13895,850,296,0
13896,850,504,0
13897,850,499,0
13898,850,309,0
13899,850,797,0
13900,850,1285,0
13901,850,125,0
13902,850,928,0
13903,850,95,0
13904,850,73,0
13905,850,959,0
13906,850,1229,0
13907,850,810,0
13908,850,568,0
13909,850,1069,0
13910,850,1170,0
13911,850,1205,0
13912,850,150,0
13913,850,1084,0
13914,850,462,0
13915,850,451,0
13916,850,781,0
13917,850,972,0
13918,850,1040,0
13919,850,779,0
13920,850,1116,0
13921,850,851,0
13922,850,338,0
13923,850,807,0
13924,850,578,0
13925,850,121,0
13926,850,516,0
13927,850,170,0
13928,850,588,0
13929,850,577,0
13930,850,54,0
13931,850,1019,0
13932,850,762,0
13933,850,535,0
13934,850,768,0
13935,850,1121,0
13936,850,772,0
13937,850,120,0
13938,850,1259,0
13939,850,316,0
13940,850,1146,0
13941,850,342,0
13942,850,1213,0
13943,850,908,0
13944,850,920,0
13945,850,795,0
13946,850,119,0
13947,850,394,0
13948,850,1184,0
13949,850,639,0
13950,850,976,0
13951,850,467,0
13952,850,687,0
13953,850,251,0
13954,850,27,0
13955,850,1111,0
13956,850,470,0
13957,850,948,0
13958,850,26,0
13959,850,1227,0
13960,850,438,0
13961,850,612,0
13962,850,258,0
13963,850,236,0
13964,850,776,0
13965,850,1043,0
13966,850,177,0
13967,850,24,0
13968,850,915,0
13969,850,384,0
13970,850,760,0
13971,850,14,0
13972,850,229,0
13973,850,743,0
13974,850,680,0
13975,850,722,0
13976,850,1189,0
13977,850,523,0
13978,850,630,0
13979,850,16,0
13980,850,834,0
13981,850,620,0
13982,850,1098,0
13983,850,19,0
13984,850,1210,0
13985,850,214,0
13986,850,319,0
13987,850,603,0
13988,850,677,0
13989,850,268,0
13990,850,971,0
13991,850,670,0
13992,850,786,0
13993,850,360,0
13994,850,1112,0
13995,850,958,0
13996,850,998,0
13997,850,806,0
13998,850,728,0
13999,850,854,0
14000,850,1245,0
14001,850,288,0
14002,850,618,0
14003,850,774,0
14004,850,195,0
14005,850,292,0
14006,850,1188,0
14007,850,1283,0
14008,850,730,0
14009,850,382,0
14010,850,270,0
14011,850,455,0
14012,850,1187,0
14013,850,33,0
14014,850,782,0
14015,850,477,0
14016,850,595,0
14017,850,659,0
14018,850,1159,0
14019,850,269,0
14020,850,483,0
14021,850,742,0
14022,850,1008,0
14023,850,55,0
14024,850,1193,0
14025,850,1319,0
14026,850,952,0
14027,850,1004,0
14028,850,359,0
14029,850,593,0
14030,850,1305,0
14031,850,1293,0
14032,850,1290,0
14033,850,1160,0
14034,850,855,0
14035,850,154,0
14036,850,315,0
14037,850,1194,0
14038,850,199,0
14039,850,1115,0
14040,850,562,0
14041,850,118,0
14042,850,68,0
14043,850,1279,0
14044,850,540,0
14045,850,1107,0
14046,850,889,0
14047,850,1148,0
14048,850,111,0
14049,850,1310,0
14050,850,923,0
14051,850,64,0
14052,850,769,0
14053,850,832,0
14054,850,977,0
14055,850,1180,0
14056,850,1241,0
14057,850,675,0
14058,850,1044,0
14059,850,463,0
14060,850,633,0
14061,850,144,0
14062,850,148,0
14063,850,188,0
14064,850,888,0
14065,850,610,0
14066,850,833,0
14067,850,1009,0
14068,850,1144,0
14069,850,273,0
14070,850,751,0
14071,850,622,0
14072,850,42,0
14073,850,264,0
14074,850,631,0
14075,850,206,0
14076,850,452,0
14077,850,331,0
14078,850,21,0
14079,850,280,0
14080,850,1012,0
14081,850,893,0
14082,850,377,0
14083,850,1114,0
14084,850,626,0
14085,850,76,0
14086,850,346,0
14087,850,369,0
14088,850,532,0
14089,850,914,0
14090,850,165,0
14091,850,524,0
14092,850,327,0
14093,850,446,0
14094,850,304,0
14095,850,640,0
14096,850,58,0
14097,850,291,0
14098,850,7,0
14099,850,201,0
14100,850,811,0
14101,850,787,0
14102,850,1196,0
14103,850,12,0
14104,850,147,0
14105,850,935,0
14106,850,383,0
14107,850,987,0
14108,850,263,0
14109,850,339,0
14110,850,337,0
14111,850,674,0
14112,850,694,0
14113,850,916,0
14114,850,0,0
14115,850,109,0
14116,850,636,0
14117,850,286,0
14118,850,131,0
14119,850,608,0
14120,850,580,0
14121,850,421,0
14122,850,1032,0
14123,850,175,0
14124,850,1211,0
14125,850,681,0
14126,850,410,0
14127,850,896,0
14128,850,278,0
14129,850,190,0
14130,850,1249,0
14131,850,699,0
14132,850,447,0
14133,850,656,0
14134,850,517,0
14135,850,387,0
14136,850,61,0
14137,850,1105,0
14138,850,1058,0
14139,850,1269,0
14140,850,86,0
14141,850,97,0
14142,850,1212,0
14143,850,720,0
14144,850,617,0
14145,850,655,0
14146,850,449,0
14147,850,50,0
14148,850,216,0
14149,850,518,0
14150,850,1134,0
14151,850,1154,0
14152,850,814,0
14153,850,1299,0
14154,850,930,0
14155,850,900,0
14156,850,106,0
14157,850,476,0
14158,850,690,0
14159,850,812,0
14160,850,418,0
14161,850,72,0
14162,850,1275,0
14163,850,1175,0
14164,850,262,0
14165,850,678,0
14166,850,750,0
14167,850,1066,0
14168,850,220,0
14169,850,594,0
14170,850,1052,0
14171,850,1228,0
14172,850,1059,0
14173,850,803,0
14174,850,488,0
14175,850,746,0
14176,850,988,0
14177,850,167,0
14178,850,979,0
14179,850,32,0
14180,850,649,0
14181,850,1171,0
14182,850,771,0
14183,850,312,0
14184,850,1239,0
14185,850,1131,0
14186,850,1220,0
14187,850,704,0
14188,850,1086,0
14189,850,80,0
14190,850,821,0
14191,850,872,0
14192,850,1218,0
14193,850,1318,0
14194,850,62,0
14195,850,817,0
14196,850,866,0
14197,850,848,0
14198,850,691,0
14199,850,726,0
14200,850,575,0
14201,850,1100,0
14202,850,708,0
14203,850,724,0
14204,850,1164,0
14205,850,511,0
14206,850,116,0
14207,850,162,0
14208,850,20,0
14209,850,105,0
14210,850,44,0
14211,850,90,0
14212,850,884,0
14213,850,355,0
14214,850,1165,0
14215,850,1300,0
14216,850,3,0
14217,850,308,0
14218,850,1203,0
14219,850,860,0
14220,850,375,0
14221,850,168,0
14222,850,663,0
14223,850,1234,0
14224,850,198,0
14225,850,103,0
14226,850,1092,0
14227,850,440,0
14228,850,733,0
14229,850,1240,0
14230,850,362,0
14231,850,494,0
14232,850,635,0
14233,850,901,0
14234,850,827,0
14235,850,801,0
14236,850,1181,0
14237,850,566,0
14238,850,425,0
14239,850,1067,0
14240,850,913,0
14241,850,712,0
14242,850,108,0
14243,850,503,0
14244,850,1097,0
14245,850,664,0
14246,850,1136,0
14247,850,330,0
14248,850,1000,0
14249,850,442,0
14250,850,226,0
14251,850,210,0
14252,850,289,0
14253,850,992,0
14254,850,793,0
14255,850,445,0
14256,850,1162,0
14257,850,880,0
14258,850,775,0
14259,850,1042,0
14260,850,1309,0
14261,850,88,0
14262,850,1138,0
14263,850,592,0
14264,850,501,0
14265,850,864,0
14266,850,139,0
14267,850,789,0
14268,850,426,0
14269,850,373,0
14270,850,1278,0
14271,850,1272,0
14272,850,8,0
14273,850,1157,0
14274,850,1021,0
14275,850,15,0
14276,850,616,0
14277,850,829,0
14278,850,415,0
14279,850,564,0
14280,850,352,0
14281,850,767,0
14282,850,846,0
14283,850,609,0
14284,850,1173,0
14285,850,345,0
14286,850,126,0
14287,850,253,0
14288,850,1233,0
14289,850,529,0
14290,850,1172,0
14291,850,623,0
14292,850,192,0
14293,850,1080,0
14294,850,314,0
14295,850,459,0
14296,850,400,0
14297,850,43,0
14298,850,205,0
14299,850,393,0
14300,850,233,0
14301,850,1049,0
14302,850,461,0
14303,850,1002,0
14304,850,579,0
14305,850,1035,0
14306,850,437,0
14307,850,1096,0
14308,850,266,0
14309,850,486,0
14310,850,778,0
14311,850,395,0
14312,850,1246,0
14313,850,989,0
14314,850,696,0
14315,850,1045,0
14316,850,825,0
14317,850,907,0
14318,850,305,0
14319,850,444,0
14320,850,975,0
14321,850,929,0
14322,850,231,0
14323,850,1126,0
14324,850,1274,0
14325,850,940,0
14326,850,604,0
14327,850,78,0
14328,850,38,0
14329,850,840,0
14330,850,172,0
14331,850,1076,0
14332,850,392,0
14333,850,411,0
14334,850,1161,0
14335,850,1237,0
14336,850,770,0
14337,850,241,0
14338,850,861,0
14339,850,933,0
14340,850,1028,0
14341,850,368,0
14342,850,1156,0
14343,850,1176,0
14344,850,212,0
14345,850,115,0
14346,850,756,0
14347,850,808,0
14348,850,1015,0
14349,850,980,0
14350,850,1197,0
14351,850,1103,0
14352,850,1280,0
14353,850,67,0
14354,850,52,0
14355,850,651,0
14356,850,176,0
14357,850,254,0
14358,850,707,0
14359,850,1122,0
14360,850,301,0
14361,850,624,0
14362,850,413,0
14363,850,570,0
14364,850,1064,0
14365,850,81,0
14366,850,646,0
14367,879,948,0
14368,879,495,0
14369,879,767,0
14370,879,1305,0
14371,879,97,0
14372,879,1109,0
14373,879,673,0
14374,879,855,0
14375,879,1235,0
14376,879,703,0
14377,879,1024,0
14378,879,762,0
14379,879,617,0
14380,879,111,0
14381,879,163,0
14382,879,1082,0
14383,879,1184,0
14384,879,234,0
14385,879,635,0
14386,879,759,0
14387,879,489,0
14388,879,349,0
14389,879,614,0
14390,879,173,0
14391,879,1251,0
14392,879,1182,0
14393,879,745,0
14394,879,220,0
14395,879,261,0
14396,879,1042,0
14397,879,464,0
14398,879,461,0
14399,879,896,0
14400,879,308,0
14401,879,587,0
14402,879,572,0
14403,879,751,0
14404,879,274,0
14405,879,327,0
14406,879,361,0
14407,879,512,0
14408,879,904,0
14409,879,627,0
14410,879,1257,0
14411,879,1292,0
14412,879,646,0
14413,879,472,0
14414,879,901,0
14415,879,136,0
14416,879,30,0
14417,879,1130,0
14418,879,1199,0
14419,879,790,0
14420,879,72,0
14421,879,827,0
14422,879,777,0
14423,879,705,0
14424,879,522,0
14425,879,1080,0
14426,879,103,0
14427,879,567,0
14428,879,1143,0
14429,879,653,0
14430,879,621,0
14431,879,1281,0
14432,879,184,0
14433,879,35,0
14434,879,54,0
14435,879,364,0
14436,879,626,0
14437,879,85,0
14438,879,785,0
14439,879,820,0
14440,879,448,0
14441,879,1198,0
14442,879,1123,0
14443,879,262,0
14444,879,737,0
14445,879,1140,0
14446,879,162,0
14447,879,596,0
14448,879,1013,0
14449,879,221,0
14450,879,78,0
14451,879,61,0
14452,879,720,0
14453,879,1076,0
14454,879,1298,0
14455,879,1032,0
14456,879,1000,0
14457,879,1007,0
14458,879,721,0
14459,879,143,0
14460,879,838,0
14461,879,648,0
14462,879,1134,0
14463,879,984,0
14464,879,496,0
14465,879,450,0
14466,879,903,0
14467,879,399,0
14468,879,1114,0
14469,879,634,0
14470,879,105,0
14471,879,215,0
14472,879,294,0
14473,879,209,0
14474,879,1163,0
14475,879,445,0
14476,879,232,0
14477,879,1070,0
14478,879,1,0
14479,879,356,0
14480,879,177,0
14481,879,574,0
14482,879,612,0
14483,879,463,0
14484,879,70,0
14485,879,1081,0
14486,879,712,0
14487,879,982,0
14488,879,110,0
14489,879,89,0
14490,879,981,0
14491,879,270,0
14492,879,1246,0
14493,879,1126,0
14494,879,53,0
14495,879,178,0
14496,879,1237,0
14497,879,593,0
14498,879,976,0
14499,879,1003,0
14500,879,1106,0
14501,879,222,0
14502,879,580,0
14503,879,373,0
14504,879,48,0
14505,879,22,0
14506,879,414,0
14507,879,1287,0
14508,879,764,0
14509,879,392,0
14510,879,180,0
14511,879,1069,0
14512,879,594,0
14513,879,91,0
14514,879,238,0
14515,879,804,0
14516,879,509,0
14517,879,571,0
14518,879,645,0
14519,879,41,0
14520,879,865,0
14521,879,632,0
14522,879,3,0
14523,879,353,0
14524,879,1111,0
14525,879,739,0
14526,879,1205,0
14527,879,258,0
14528,879,845,0
14529,879,8,0
14530,879,1216,0
14531,879,208,0
14532,879,259,0
14533,879,1133,0
14534,879,733,0
14535,879,338,0
14536,879,916,0
14537,879,670,0
14538,879,306,0
14539,879,142,0
14540,879,969,0
14541,879,906,0
14542,879,1060,0
14543,879,122,0
14544,879,231,0
14545,879,1119,0
14546,879,959,0
14547,879,931,0
14548,879,23,0
14549,879,927,0
14550,879,1264,0
14551,879,894,0
14552,879,834,0
14553,879,881,0
14554,879,440,0
14555,879,303,0
14556,879,708,0
14557,879,239,0
14558,879,207,0
14559,879,251,0
14560,879,588,0
14561,879,756,0
14562,879,1183,0
14563,879,486,0
14564,879,370,0
14565,879,782,0
14566,879,5,0
14567,879,176,0
14568,879,1275,0
14569,879,582,0
14570,879,1036,0
14571,879,882,0
14572,879,773,0
14573,879,304,0
14574,879,1155,0
14575,879,490,0
14576,879,992,0
14577,879,501,0
14578,879,603,0
14579,879,649,0
14580,879,276,0
14581,879,149,0
14582,879,500,0
14583,879,150,0
14584,879,1306,0
14585,879,506,0
14586,879,1167,0
14587,879,52,0
14588,879,357,0
14589,879,700,0
14590,879,254,0
14591,879,438,0
14592,879,1004,0
14593,879,990,0
14594,879,447,0
14595,879,96,0
14596,879,991,0
14597,879,324,0
14598,879,1253,0
14599,879,107,0
14600,879,718,0
14601,879,214,0
14602,879,784,0
14603,879,1282,0
14604,879,761,0
14605,879,788,0
14606,879,1312,0
14607,879,898,0
14608,879,849,0
14609,879,255,0
14610,879,835,0
14611,879,810,0
14612,879,860,0
14613,879,1233,0
14614,879,354,0
14615,879,877,0
14616,879,1043,0
14617,879,1309,0
14618,879,1181,0
14619,879,861,0
14620,879,34,0
14621,879,797,0
14622,879,206,0
14623,879,130,0
14624,879,218,0
14625,879,257,0
14626,879,50,0
14627,879,460,0
14628,879,473,0
14629,879,868,0
14630,879,802,0
14631,879,989,0
14632,879,114,0
14633,879,168,0
14634,879,155,0
14635,879,951,0
14636,879,857,0
14637,879,265,0
14638,879,1005,0
14639,879,557,0
14640,879,422,0
14641,879,1259,0
14642,879,669,0
14643,879,796,0
14644,879,736,0
14645,879,1274,0
14646,879,1193,0
14647,879,616,0
14648,879,985,0
14649,879,1131,0
14650,879,1085,0
14651,879,768,0
14652,879,81,0
14653,879,1148,0
14654,879,1288,0
14655,879,757,0
14656,879,775,0
14657,879,250,0
14658,879,1300,0
14659,879,16,0
14660,879,1267,0
14661,879,935,0
14662,879,727,0
14663,879,803,0
14664,879,188,0
14665,879,779,0
14666,879,398,0
14667,879,891,0
14668,879,1035,0
14669,879,69,0
14670,879,829,0
14671,879,488,0
14672,879,841,0
14673,879,684,0
14674,879,11,0
14675,879,808,0
14676,879,1135,0
14677,879,1187,0
14678,879,1153,0
14679,879,581,0
14680,879,341,0
14681,879,847,0
14682,879,770,0
14683,879,771,0
14684,879,832,0
14685,879,316,0
14686,879,622,0
14687,879,1113,0
14688,879,1170,0
14689,879,1315,0
14690,879,1229,0
14691,879,348,0
14692,879,351,0
14693,879,1037,0
14694,879,286,0
14695,879,738,0
14696,879,878,0
14697,879,893,0
14698,879,246,0
14699,879,943,0
14700,879,517,0
14701,879,749,0
14702,879,595,0
14703,879,975,0
14704,879,1263,0
14705,879,591,0
14706,879,671,0
14707,879,333,0
14708,879,577,0
14709,879,541,0
14710,879,1017,0
14711,879,287,0
14712,879,1179,0
14713,879,604,0
14714,879,263,0
14715,879,2,0
14716,879,508,0
14717,879,1100,0
14718,879,643,0
14719,879,1064,0
14720,879,317,0
14721,879,191,0
14722,879,44,0
14723,879,821,0
14724,879,807,0
14725,879,102,0
14726,879,846,0
14727,879,394,0
14728,879,192,0
14729,879,144,0
14730,879,331,0
14731,879,211,0
14732,879,494,0
14733,879,479,0
14734,879,655,0
14735,879,556,0
14736,879,478,0
14737,879,818,0
14738,879,598,0
14739,879,288,0
14740,879,307,0
14741,879,979,0
14742,879,271,0
14743,879,754,0
14744,879,513,0
14745,879,674,0
14746,879,1028,0
14747,879,1088,0
14748,879,554,0
14749,879,1261,0
14750,879,973,0
14751,879,883,0
14752,879,67,0
14753,879,853,0
14754,879,888,0
14755,879,38,0
14756,879,753,0
14757,879,1208,0
14758,879,957,0
14759,879,1171,0
14760,879,278,0
14761,879,830,0
14762,879,780,0
14763,879,39,0
14764,879,565,0
14765,879,789,0
14766,879,843,0
14767,879,966,0
14768,879,971,0
14769,879,900,0
14770,879,1040,0
14771,879,1178,0
14772,879,260,0
14773,879,1093,0
14774,879,874,0
14775,879,433,0
14776,879,947,0
14777,879,227,0
14778,879,1217,0
14779,879,848,0
14780,879,77,0
14781,879,465,0
14782,879,88,0
14783,879,277,0
14784,879,1177,0
14785,879,1057,0
14786,879,248,0
14787,879,467,0
14788,879,477,0
14789,879,1023,0
14790,879,731,0
14791,879,1138,0
14792,879,125,0
14793,879,1015,0
14794,879,1201,0
14795,879,907,0
14796,879,166,0
14797,879,359,0
14798,879,1255,0
14799,879,685,0
14800,879,226,0
14801,879,1314,0
14802,879,101,0
14803,879,892,0
14804,879,405,0
14805,879,323,0
14806,879,24,0
14807,879,340,0
14808,879,428,0
14809,879,131,0
14810,879,141,0
14811,879,1192,0
14812,879,919,0
14813,879,678,0
14814,879,679,0
14815,879,950,0
14816,879,917,0
14817,879,1293,0
14818,879,1176,0
14819,879,1151,0
14820,879,590,0
14821,879,880,0
14822,879,837,0
14823,879,1273,0
14824,879,86,0
14825,879,427,0
14826,879,936,0
14827,879,1132,0
14828,879,631,0
14829,879,1025,0
14830,879,1269,0
14831,879,216,0
14832,879,498,0
14833,879,139,0
14834,879,312,0
14835,879,972,0
14836,879,145,0
14837,879,266,0
14838,879,318,0
14839,879,1107,0
14840,879,25,0
14841,879,914,0
14842,879,1074,0
14843,879,264,0
14844,879,794,0
14845,879,1218,0
14846,879,342,0
14847,879,1086,0
14848,879,805,0
14849,879,417,0
14850,879,610,0
14851,879,814,0
14852,879,272,0
14853,879,279,0
14854,879,301,0
14855,879,1073,0
14856,879,90,0
14857,879,1022,0
14858,879,647,0
14859,879,1234,0
14860,879,1166,0
14861,879,1212,0
14862,879,360,0
14863,879,677,0
14864,879,800,0
14865,879,212,0
14866,879,154,0
14867,879,1297,0
14868,879,1110,0
14869,879,1195,0
14870,879,1048,0
14871,879,293,0
14872,879,706,0
14873,879,153,0
14874,879,1142,0
14875,879,1299,0
14876,879,639,0
14877,879,282,0
14878,879,555,0
14879,879,697,0
14880,879,344,0
14881,879,743,0
14882,879,650,0
14883,879,123,0
14884,879,482,0
14885,879,806,0
14886,879,45,0
14887,879,1120,0
14888,879,1145,0
14889,879,1117,0
14890,879,197,0
14891,879,664,0
14892,879,620,0
14893,879,534,0
14894,879,514,0
14895,879,533,0
14896,879,1209,0
14897,879,134,0
14898,879,787,0
14899,879,547,0
14900,879,397,0
14901,879,983,0
14902,879,436,0
14903,879,106,0
14904,879,578,0
14905,879,116,0
14906,879,909,0
14907,879,544,0
14908,879,1152,0
14909,879,386,0
14910,879,921,0
14911,879,401,0
14912,879,601,0
14913,879,690,0
14914,879,1168,0
14915,879,732,0
14916,879,1058,0
14917,879,443,0
14918,879,540,0
14919,879,532,0
14920,879,922,0
14921,879,1169,0
14922,879,1232,0
14923,879,491,0
14924,879,352,0
14925,879,17,0
14926,879,299,0
14927,879,694,0
14928,879,859,0
14929,879,552,0
14930,879,60,0
14931,879,523,0
14932,879,1165,0
14933,879,851,0
14934,879,419,0
14935,879,1156,0
14936,879,325,0
14937,879,1141,0
14938,879,801,0
14939,879,702,0
14940,879,1220,0
14941,879,435,0
14942,879,326,0
14943,879,550,0
14944,879,934,0
14945,879,267,0
14946,879,772,0
14947,879,1029,0
14948,879,869,0
14949,879,963,0
14950,879,113,0
14951,879,182,0
14952,879,80,0
14953,879,723,0
14954,879,698,0
14955,879,256,0
14956,879,335,0
14957,879,224,0
14958,879,393,0
14959,879,337,0
14960,879,817,0
14961,879,1254,0
14962,879,583,0
14963,879,1094,0
14964,879,152,0
14965,879,1116,0
14966,879,1091,0
14967,879,744,0
14968,879,765,0
14969,879,630,0
14970,879,740,0
14971,879,388,0
14972,879,946,0
14973,879,791,0
14974,879,28,0
14975,879,520,0
14976,879,1014,0
14977,879,368,0
14978,879,696,0
14979,879,268,0
14980,879,840,0
14981,879,298,0
14982,879,1294,0
14983,879,4,0
14984,879,778,0
14985,879,321,0
14986,879,1105,0
14987,879,636,0
14988,879,941,0
14989,879,275,0
14990,879,302,0
14991,879,606,0
14992,879,99,0
14993,879,98,0
14994,879,529,0
14995,879,672,0
14996,879,994,0
14997,879,923,0
14998,879,43,0
14999,879,189,0
15000,879,605,0
15001,879,31,0
15002,879,132,0
15003,879,167,0
15004,879,1256,0
15005,879,1157,0
15006,879,297,0
15007,879,1289,0
15008,879,124,0
15009,879,471,0
15010,879,999,0
15011,879,1238,0
15012,879,245,0
15013,879,37,0
15014,879,402,0
15015,879,75,0
15016,879,875,0
15017,879,366,0
15018,879,729,0
15019,879,1102,0
15020,879,170,0
15021,879,750,0
15022,879,418,0
15023,879,158,0
15024,879,774,0
15025,879,530,0
15026,879,420,0
15027,879,1223,0
15028,879,974,0
15029,879,345,0
15030,879,939,0
15031,879,715,0
15032,879,1221,0
15033,879,157,0
15034,879,692,0
15035,879,623,0
15036,879,585,0
15037,879,570,0
15038,879,1172,0
15039,879,515,0
15040,879,760,0
15041,879,1239,0
15042,879,918,0
15043,879,425,0
15044,879,710,0
15045,879,629,0
15046,879,693,0
15047,879,1011,0
15048,879,734,0
15049,879,137,0
15050,879,1313,0
15051,879,1129,0
15052,879,210,0
15053,879,889,0
15054,879,406,0
15055,879,1045,0
15056,879,403,0
15057,879,988,0
15058,879,1262,0
15059,879,608,0
15060,879,741,0
15061,879,525,0
15062,879,763,0
15063,879,59,0
15064,879,537,0
15065,879,619,0
15066,879,476,0
15067,879,281,0
15068,879,466,0
15069,879,657,0
15070,879,198,0
15071,879,1214,0
15072,879,66,0
15073,879,146,0
15074,879,1039,0
15075,879,194,0
15076,879,748,0
15077,879,380,0
15078,879,1180,0
15079,879,469,0
15080,879,602,0
15081,879,786,0
15082,879,46,0
15083,879,160,0
15084,879,1301,0
15085,879,1006,0
15086,879,701,0
15087,879,1078,0
15088,879,300,0
15089,879,252,0
15090,879,640,0
15091,879,481,0
15092,879,844,0
15093,879,416,0
15094,879,409,0
15095,879,1271,0
15096,879,663,0
15097,879,1118,0
15098,879,0,0
15099,879,858,0
15100,879,57,0
15101,879,1104,0
15102,879,1231,0
15103,879,1092,0
15104,879,332,0
15105,879,199,0
15106,879,866,0
15107,879,1310,0
15108,879,908,0
15109,879,376,0
15110,879,725,0
15111,879,29,0
15112,879,1222,0
15113,879,1087,0
15114,879,396,0
15115,879,201,0
15116,879,682,0
15117,879,1083,0
15118,879,1115,0
15119,879,56,0
15120,879,1252,0
15121,879,1270,0
15122,879,769,0
15123,879,899,0
15124,879,363,0
15125,879,1034,0
15126,879,437,0
15127,879,1278,0
15128,879,819,0
15129,879,884,0
15130,879,1101,0
15131,879,586,0
15132,879,1206,0
15133,879,446,0
15134,879,292,0
15135,879,242,0
15136,879,244,0
15137,879,42,0
15138,879,809,0
15139,879,195,0
15140,879,1243,0
15141,879,1056,0
15142,879,1147,0
15143,879,65,0
15144,879,823,0
15145,879,1203,0
15146,879,379,0
15147,879,502,0
15148,879,887,0
15149,879,175,0
15150,879,956,0
15151,879,681,0
15152,879,185,0
15153,879,912,0
15154,879,1075,0
15155,879,121,0
15156,879,628,0
15157,879,1320,0
15158,879,607,0
15159,879,421,0
15160,879,1317,0
15161,879,15,0
15162,879,343,0
15163,879,1302,0
15164,879,527,0
15165,879,1162,0
15166,879,1268,0
15167,879,1266,0
15168,879,347,0
15169,879,1304,0
15170,879,766,0
15171,879,1202,0
15172,879,382,0
15173,879,410,0
15174,879,1079,0
15175,880,1257,0
15176,880,182,0
15177,880,733,0
15178,880,1186,0
15179,880,502,0
15180,880,339,0
15181,880,1063,0
15182,880,263,0
15183,880,1162,0
15184,880,212,0
15185,880,261,0
15186,880,830,0
15187,880,220,0
15188,880,76,0
15189,880,536,0
15190,880,783,0
15191,880,1025,0
15192,880,841,0
15193,880,1091,0
15194,880,1245,0
15195,880,161,0
15196,880,551,0
15197,880,647,0
15198,880,154,0
15199,880,887,0
15200,880,742,0
15201,880,1143,0
15202,880,592,0
15203,880,707,0
15204,880,1050,0
15205,880,424,0
15206,880,256,0
15207,880,621,0
15208,880,734,0
15209,880,1211,0
15210,880,670,0
15211,880,68,0
15212,880,849,0
15213,880,405,0
15214,880,943,0
15215,880,963,0
15216,880,1171,0
15217,880,1149,0
15218,880,679,0
15219,880,178,0
15220,880,569,0
15221,880,1264,0
15222,880,659,0
15223,880,1176,0
15224,880,732,0
15225,880,20,0
15226,880,419,0
15227,880,641,0
15228,880,132,0
15229,880,1320,0
15230,880,1269,0
15231,880,807,0
15232,880,1052,0
15233,880,840,0
15234,880,940,0
15235,880,439,0
15236,880,774,0
15237,880,330,0
15238,880,876,0
15239,880,890,0
15240,880,3,0
15241,880,310,0
15242,880,1169,0
15243,880,571,0
15244,880,1083,0
15245,880,818,0
15246,880,292,0
15247,880,529,0
15248,880,947,0
15249,880,359,0
15250,880,666,0
15251,880,623,0
15252,880,35,0
15253,880,130,0
15254,880,1045,0
15255,880,885,0
15256,880,855,0
15257,880,138,0
15258,880,82,0
15259,880,834,0
15260,880,1297,0
15261,880,525,0
15262,880,1292,0
15263,880,1208,0
15264,880,250,0
15265,880,966,0
15266,880,299,0
15267,880,1118,0
15268,880,1172,0
15269,880,674,0
15270,880,1249,0
15271,880,1242,0
15272,880,22,0
15273,880,430,0
15274,880,718,0
15275,880,617,0
15276,880,242,0
15277,880,90,0
15278,880,491,0
15279,880,1220,0
15280,880,1005,0
15281,880,192,0
15282,880,1038,0
15283,880,785,0
15284,880,780,0
15285,880,1074,0
15286,880,609,0
15287,880,720,0
15288,880,528,0
15289,880,52,0
15290,880,854,0
15291,880,279,0
15292,880,829,0
15293,880,238,0
15294,880,831,0
15295,880,667,0
15296,880,257,0
15297,880,1062,0
15298,880,762,0
15299,880,341,0
15300,880,497,0
15301,880,1153,0
15302,880,1034,0
15303,880,912,0
15304,880,929,0
15305,880,438,0
15306,880,825,0
15307,880,1316,0
15308,880,1022,0
15309,880,591,0
15310,880,1291,0
15311,880,1314,0
15312,880,1168,0
15313,880,809,0
15314,880,1028,0
15315,880,333,0
15316,880,1315,0
15317,880,459,0
15318,880,109,0
15319,880,507,0
15320,880,652,0
15321,880,587,0
15322,880,1049,0
15323,880,910,0
15324,880,824,0
15325,880,297,0
15326,880,503,0
15327,880,549,0
15328,880,265,0
15329,880,596,0
15330,880,1142,0
15331,880,888,0
15332,880,1255,0
15333,880,1174,0
15334,880,164,0
15335,880,555,0
15336,880,128,0
15337,880,794,0
15338,880,241,0
15339,880,795,0
15340,880,519,0
15341,880,374,0
15342,880,900,0
15343,880,684,0
15344,880,454,0
15345,880,1300,0
15346,880,1051,0
15347,880,757,0
15348,880,275,0
15349,880,383,0
15350,880,88,0
15351,880,1029,0
15352,880,752,0
15353,880,460,0
15354,880,775,0
15355,880,937,0
15356,880,295,0
15357,880,317,0
15358,880,532,0
15359,880,298,0
15360,880,95,0
15361,880,892,0
15362,880,664,0
15363,880,702,0
15364,880,810,0
15365,880,345,0
15366,880,658,0
15367,880,767,0
15368,880,77,0
15369,880,466,0
15370,880,389,0
15371,880,1073,0
15372,880,977,0
15373,880,1230,0
15374,880,508,0
15375,880,543,0
15376,880,171,0
15377,880,537,0
15378,880,713,0
15379,880,326,0
15380,880,385,0
15381,880,193,0
15382,880,388,0
15383,880,748,0
15384,880,909,0
15385,880,417,0
15386,880,283,0
15387,880,1191,0
15388,880,972,0
15389,880,793,0
15390,880,361,0
15391,880,51,0
15392,880,650,0
15393,880,1147,0
15394,880,914,0
15395,880,811,0
15396,880,763,0
15397,880,1121,0
15398,880,773,0
15399,880,376,0
15400,880,1204,0
15401,880,126,0
15402,880,768,0
15403,880,1125,0
15404,880,409,0
15405,880,625,0
15406,880,798,0
15407,880,169,0
15408,880,115,0
15409,880,1158,0
15410,880,980,0
15411,880,1247,0
15412,880,1085,0
15413,880,1167,0
15414,880,498,0
15415,880,319,0
15416,880,758,0
15417,880,895,0
15418,880,962,0
15419,880,327,0
15420,880,1068,0
15421,880,198,0
15422,880,264,0
15423,880,94,0
15424,880,1188,0
15425,880,869,0
15426,880,1165,0
15427,880,1132,0
15428,880,148,0
15429,880,286,0
15430,880,848,0
15431,880,965,0
15432,880,236,0
15433,880,70,0
15434,880,43,0
15435,880,1124,0
15436,880,1304,0
15437,880,772,0
15438,880,393,0
15439,880,1126,0
15440,880,335,0
15441,880,1258,0
15442,880,139,0
15443,880,931,0
15444,880,1,0
15445,880,982,0
15446,880,1048,0
15447,880,1031,0
15448,880,573,0
15449,880,473,0
15450,880,443,0
15451,880,938,0
15452,880,991,0
15453,880,269,0
15454,880,771,0
15455,880,725,0
15456,880,111,0
15457,880,716,0
15458,880,105,0
15459,880,190,0
15460,880,81,0
15461,880,165,0
15462,880,391,0
15463,880,253,0
15464,880,184,0
15465,880,166,0
15466,880,378,0
15467,880,177,0
15468,880,18,0
15469,880,15,0
15470,880,302,0
15471,880,149,0
15472,880,1224,0
15473,880,157,0
15474,880,913,0
15475,880,232,0
15476,880,606,0
15477,880,386,0
15478,880,693,0
15479,880,539,0
15480,880,6,0
15481,880,221,0
15482,880,688,0
15483,880,710,0
15484,880,789,0
15485,880,226,0
15486,880,285,0
15487,880,760,0
15488,880,142,0
15489,880,565,0
15490,880,28,0
15491,880,799,0
15492,880,464,0
15493,880,1192,0
15494,880,797,0
15495,880,964,0
15496,880,1081,0
15497,880,1008,0
15498,880,1227,0
15499,880,213,0
15500,880,954,0
15501,880,1134,0
15502,880,314,0
15503,880,1000,0
15504,880,974,0
15505,880,0,0
15506,880,800,0
15507,880,363,0
15508,880,777,0
15509,880,851,0
15510,880,246,0
15511,880,329,0
15512,880,942,0
15513,880,26,0
15514,880,86,0
15515,880,1254,0
15516,880,476,0
15517,880,1282,0
15518,880,738,0
15519,880,784,0
15520,880,145,0
15521,880,309,0
15522,880,923,0
15523,880,952,0
15524,880,340,0
15525,880,467,0
15526,880,478,0
15527,880,168,0
15528,880,1181,0
15529,880,247,0
15530,880,576,0
15531,880,675,0
15532,880,103,0
15533,880,410,0
15534,880,1229,0
15535,880,1032,0
15536,880,305,0
15537,880,832,0
15538,880,384,0
15539,880,578,0
15540,880,726,0
15541,880,806,0
15542,880,924,0
15543,880,1253,0
15544,880,729,0
15545,880,645,0
15546,880,852,0
15547,880,899,0
15548,880,1009,0
15549,880,1234,0
15550,880,905,0
15551,880,1236,0
15552,880,1156,0
15553,880,104,0
15554,880,819,0
15555,880,10,0
15556,880,629,0
15557,880,673,0
15558,880,1276,0
15559,880,34,0
15560,880,425,0
15561,880,1127,0
15562,880,877,0
15563,880,968,0
15564,880,117,0
15565,880,908,0
15566,880,325,0
15567,880,1001,0
15568,880,782,0
15569,880,382,0
15570,880,446,0
15571,880,515,0
15572,880,922,0
15573,880,1027,0
15574,880,1024,0
15575,880,932,0
15576,880,1097,0
15577,880,107,0
15578,880,978,0
15579,880,24,0
15580,880,512,0
15581,880,14,0
15582,880,1284,0
15583,880,458,0
15584,880,622,0
15585,880,61,0
15586,880,435,0
15587,880,205,0
15588,880,711,0
15589,880,651,0
15590,880,823,0
15591,880,135,0
15592,880,921,0
15593,880,747,0
15594,880,91,0
15595,880,114,0
15596,880,1072,0
15597,880,490,0
15598,880,538,0
15599,880,1057,0
15600,880,1089,0
15601,880,281,0
15602,880,355,0
15603,880,122,0
15604,880,860,0
15605,880,483,0
15606,880,1256,0
15607,880,1298,0
15608,880,1263,0
15609,880,127,0
15610,880,1217,0
15611,880,401,0
15612,880,791,0
15613,880,898,0
15614,880,93,0
15615,880,344,0
15616,880,697,0
15617,880,163,0
15618,880,530,0
15619,880,360,0
15620,880,655,0
15621,880,322,0
15622,880,1277,0
15623,880,1080,0
15624,880,1103,0
15625,880,414,0
15626,880,927,0
15627,880,736,0
15628,880,379,0
15629,880,431,0
15630,880,601,0
15631,880,998,0
15632,880,678,0
15633,880,366,0
15634,880,448,0
15635,880,488,0
15636,880,863,0
15637,880,1116,0
15638,880,208,0
15639,880,1065,0
15640,880,1053,0
15641,880,1281,0
15642,880,196,0
15643,880,353,0
15644,880,1013,0
15645,880,156,0
15646,880,996,0
15647,880,505,0
15648,880,1111,0
15649,880,12,0
15650,880,1140,0
15651,880,644,0
15652,880,687,0
15653,880,481,0
15654,880,1098,0
15655,880,999,0
15656,880,1241,0
15657,880,691,0
15658,880,872,0
15659,880,1090,0
15660,880,108,0
15661,880,84,0
15662,880,209,0
15663,880,27,0
15664,880,646,0
15665,880,21,0
15666,880,418,0
15667,880,230,0
15668,880,599,0
15669,880,663,0
15670,880,229,0
15671,880,437,0
15672,880,1129,0
15673,880,1088,0
15674,880,590,0
15675,880,692,0
15676,880,16,0
15677,880,1115,0
15678,880,23,0
15679,880,1007,0
15680,880,708,0
15681,880,337,0
15682,880,959,0
15683,880,506,0
15684,880,183,0
15685,880,1102,0
15686,880,227,0
15687,880,411,0
15688,880,1033,0
15689,880,1259,0
15690,880,150,0
15691,880,116,0
15692,880,1040,0
15693,880,1252,0
15694,880,960,0
15695,880,217,0
15696,880,493,0
15697,880,358,0
15698,880,1095,0
15699,880,649,0
15700,880,626,0
15701,880,559,0
15702,880,1303,0
15703,880,668,0
15704,880,883,0
15705,880,204,0
15706,880,187,0
15707,880,416,0
15708,880,280,0
15709,880,558,0
15710,880,600,0
15711,880,534,0
15712,880,480,0
15713,880,894,0
15714,880,58,0
15715,880,723,0
15716,880,9,0
15717,880,995,0
15718,880,69,0
15719,880,153,0
15720,880,844,0
15721,880,856,0
15722,880,804,0
15723,880,509,0
15724,880,1003,0
15725,880,993,0
15726,880,1128,0
15727,880,1215,0
15728,880,1295,0
15729,880,489,0
15730,880,846,0
15731,880,1154,0
15732,880,816,0
15733,880,1077,0
15734,880,64,0
15735,880,808,0
15736,880,867,0
15737,880,1265,0
15738,880,632,0
15739,880,399,0
15740,880,181,0
15741,880,141,0
15742,880,770,0
15743,880,354,0
15744,880,520,0
15745,880,1203,0
15746,880,604,0
15747,880,874,0
15748,880,38,0
15749,880,653,0
15750,880,49,0
15751,880,266,0
15752,880,274,0
15753,880,176,0
15754,880,368,0
15755,880,306,0
15756,880,406,0
15757,880,1183,0
15758,880,300,0
15759,880,392,0
15760,880,1317,0
15761,880,101,0
15762,880,568,0
15763,880,1301,0
15764,880,1248,0
15765,880,1270,0
15766,880,1226,0
15767,880,1004,0
15768,880,862,0
15769,880,902,0
15770,880,1133,0
15771,880,449,0
15772,880,985,0
15773,880,352,0
15774,880,92,0
15775,880,180,0
15776,880,74,0
15777,880,1012,0
15778,880,277,0
15779,880,546,0
15780,880,1157,0
15781,880,1061,0
15782,880,878,0
15783,880,1250,0
15784,880,1151,0
15785,880,1213,0
15786,880,769,0
15787,880,843,0
15788,880,1206,0
15789,880,293,0
15790,880,776,0
15791,880,787,0
15792,880,564,0
15793,880,343,0
15794,880,981,0
15795,880,756,0
15796,880,356,0
15797,880,206,0
15798,880,586,0
15799,880,44,0
15800,880,321,0
15801,880,990,0
15802,880,477,0
15803,880,665,0
15804,880,815,0
15805,880,1233,0
15806,880,262,0
15807,880,455,0
15808,880,492,0
15809,880,1137,0
15810,880,746,0
15811,880,46,0
15812,880,677,0
15813,880,868,0
15814,880,682,0
15815,880,504,0
15816,880,1058,0
15817,880,450,0
15818,880,1010,0
15819,880,1075,0
15820,880,461,0
15821,880,706,0
15822,880,779,0
15823,880,700,0
15824,880,513,0
15825,880,260,0
15826,880,151,0
15827,880,1144,0
15828,880,1279,0
15829,880,1273,0
15830,880,550,0
15831,880,911,0
15832,880,1163,0
15833,880,813,0
15834,880,370,0
15835,880,891,0
15836,880,527,0
15837,880,709,0
15838,880,633,0
15839,880,615,0
15840,880,1223,0
15841,880,554,0
15842,880,608,0
15843,880,484,0
15844,880,1185,0
15845,880,865,0
15846,880,500,0
15847,880,858,0
15848,880,919,0
15849,880,83,0
15850,880,598,0
15851,880,1092,0
15852,880,1138,0
15853,880,859,0
15854,880,1041,0
15855,880,420,0
15856,880,1319,0
15857,880,1307,0
15858,880,144,0
15859,880,514,0
15860,880,87,0
15861,880,570,0
15862,880,1150,0
15863,880,896,0
15864,880,1026,0
15865,880,1060,0
15866,880,201,0
15867,880,311,0
15868,880,97,0
15869,880,953,0
15870,880,882,0
15871,880,487,0
15872,880,98,0
15873,880,610,0
15874,880,240,0
15875,880,412,0
15876,880,146,0
15877,880,754,0
15878,880,920,0
15879,880,219,0
15880,880,72,0
15881,880,89,0
15882,880,694,0
15883,880,1262,0
15884,880,1078,0
15885,880,873,0
15886,880,766,0
15887,880,67,0
15888,880,944,0
15889,880,234,0
15890,880,850,0
15891,880,1096,0
15892,880,636,0
15893,880,413,0
15894,880,1239,0
15895,880,421,0
15896,880,1161,0
15897,880,903,0
15898,880,1231,0
15899,880,428,0
15900,880,580,0
15901,880,147,0
15902,880,814,0
15903,880,349,0
15904,880,207,0
15905,880,764,0
15906,880,1222,0
15907,880,19,0
15908,880,60,0
15909,880,696,0
15910,880,215,0
15911,880,731,0
15912,880,372,0
15913,880,861,0
15914,880,78,0
15915,880,37,0
15916,880,561,0
15917,880,1173,0
15918,880,956,0
15919,880,630,0
15920,880,308,0
15921,880,1209,0
15922,880,134,0
15923,880,380,0
15924,880,8,0
15925,880,312,0
15926,880,1175,0
15927,880,162,0
15928,880,1207,0
15929,880,158,0
15930,880,1019,0
15931,880,441,0
15932,880,961,0
15933,880,1131,0
15934,880,516,0
15935,880,469,0
15936,880,214,0
15937,880,155,0
15938,880,1266,0
15939,880,957,0
15940,880,1086,0
15941,880,447,0
15942,880,1283,0
15943,880,1122,0
15944,880,427,0
15945,880,289,0
15946,880,866,0
15947,880,1305,0
15948,880,562,0
15949,880,244,0
15950,880,29,0
15951,880,857,0
15952,880,351,0
15953,880,821,0
15954,880,975,0
15955,880,1104,0
15956,880,614,0
15957,880,833,0
15958,880,654,0
15959,880,1064,0
15960,880,472,0
15961,880,801,0
15962,880,216,0
15963,880,737,0
15964,880,1228,0
15965,880,648,0
15966,880,486,0
15967,880,698,0
15968,880,893,0
15969,880,45,0
15970,880,1293,0
15971,880,199,0
15972,880,1155,0
15973,880,719,0
15974,880,249,0
15975,880,721,0
15976,880,36,0
15977,880,55,0
15978,880,915,0
15979,880,57,0
15980,880,1199,0
15981,880,258,0
15982,880,197,0
15983,880,822,0
15984,880,897,0
15985,880,853,0
15986,880,1123,0
15987,880,179,0
15988,880,123,0
15989,880,740,0
15990,880,259,0
15991,880,602,0
15992,880,99,0
15993,880,423,0
15994,880,1200,0
15995,880,612,0
15996,880,1286,0
15997,880,640,0
15998,880,365,0
15999,880,638,0
16000,880,704,0
16001,880,1179,0
16002,880,1275,0
16003,880,557,0
16004,880,1251,0
16005,880,121,0
16006,880,847,0
16007,880,48,0
16008,880,1119,0
16009,880,17,0
16010,880,581,0
16011,880,879,0
16012,880,137,0
16013,880,1107,0
16014,880,1135,0
16015,880,1087,0
16016,880,1037,0
16017,880,577,0
16018,880,510,0
16019,880,1035,0
16020,880,1309,0
16021,880,597,0
16022,880,916,0
16023,880,62,0
16024,880,118,0
16025,880,1244,0
16026,880,456,0
16027,880,210,0
16028,880,838,0
16029,880,124,0
16030,880,1198,0
16031,880,836,0
16032,880,951,0
16033,880,759,0
16034,880,1272,0
16035,880,1093,0
16036,880,969,0
16037,880,699,0
16038,880,1214,0
16039,880,387,0
16040,880,526,0
16041,880,563,0
16042,880,222,0
16043,880,223,0
16044,880,303,0
16045,880,1015,0
16046,880,955,0
16047,880,986,0
16048,880,992,0
16049,880,2,0
16050,880,741,0
16051,880,80,0
16052,880,983,0
16053,880,761,0
16054,880,583,0
16055,880,739,0
16056,1017,455,0
16057,1017,394,0
16058,1017,1188,0
16059,1017,25,0
16060,1017,282,0
16061,1017,731,0
16062,1017,117,0
16063,1017,741,0
16064,1017,542,0
16065,1017,10,0
16066,1017,278,0
16067,1017,1185,0
16068,1017,589,0
16069,1017,14,0
16070,1017,1255,0
16071,1017,632,0
16072,1017,490,0
16073,1017,123,0
16074,1017,1261,0
16075,1017,605,0
16076,1017,1272,0
16077,1017,1314,0
16078,1017,856,0
16079,1017,643,0
16080,1017,211,0
16081,1017,909,0
16082,1017,1316,0
16083,1017,893,0
16084,1017,458,0
16085,1017,1079,0
16086,1017,177,0
16087,1017,475,0
16088,1017,548,0
16089,1017,34,0
16090,1017,213,0
16091,1017,1120,0
16092,1017,935,0
16093,1017,1049,0
16094,1017,821,0
16095,1017,466,0
16096,1017,315,0
16097,1017,844,0
16098,1017,907,0
16099,1017,131,0
16100,1017,1045,0
16101,1017,779,0
16102,1017,223,0
16103,1017,1014,0
16104,1017,753,0
16105,1017,247,0
16106,1017,1157,0
16107,1017,162,0
16108,1017,864,0
16109,1017,373,0
16110,1017,197,0
16111,1017,1056,0
16112,1017,198,0
16113,1017,1186,0
16114,1017,941,0
16115,1017,380,0
16116,1017,549,0
16117,1017,66,0
16118,1017,403,0
16119,1017,1168,0
16120,1017,8,0
16121,1017,273,0
16122,1017,388,0
16123,1017,686,0
16124,1017,110,0
16125,1017,825,0
16126,1017,786,0
16127,1017,882,0
16128,1017,1182,0
16129,1017,769,0
16130,1017,275,0
16131,1017,627,0
16132,1017,803,0
16133,1017,533,0
16134,1017,143,0
16135,1017,418,0
16136,1017,462,0
16137,1017,358,0
16138,1017,74,0
16139,1017,281,0
16140,1017,68,0
16141,1017,63,0
16142,1017,1167,0
16143,1017,408,0
16144,1017,1265,0
16145,1017,1209,0
16146,1017,885,0
16147,1017,977,0
16148,1017,940,0
16149,1017,1096,0
16150,1017,1005,0
16151,1017,1315,0
16152,1017,271,0
16153,1017,136,0
16154,1017,415,0
16155,1017,989,0
16156,1017,1119,0
16157,1017,726,0
16158,1017,553,0
16159,1017,135,0
16160,1017,996,0
16161,1017,127,0
16162,1017,886,0
16163,1017,960,0
16164,1017,973,0
16165,1017,904,0
16166,1017,172,0
16167,1017,100,0
16168,1017,193,0
16169,1017,1070,0
16170,1017,464,0
16171,1017,688,0
16172,1017,1238,0
16173,1017,1128,0
16174,1017,584,0
16175,1017,222,0
16176,1017,728,0
16177,1017,895,0
16178,1017,582,0
16179,1017,387,0
16180,1017,73,0
16181,1017,456,0
16182,1017,471,0
16183,1017,452,0
16184,1017,541,0
16185,1017,434,0
16186,1017,987,0
16187,1017,232,0
16188,1017,460,0
16189,1017,737,0
16190,1017,338,0
16191,1017,646,0
16192,1017,644,0
16193,1017,320,0
16194,1017,1032,0
16195,1017,180,0
16196,1017,1179,0
16197,1017,495,0
16198,1017,982,0
16199,1017,478,0
16200,1017,112,0
16201,1017,119,0
16202,1017,1048,0
16203,1017,778,0
16204,1017,986,0
16205,1017,414,0
16206,1017,695,0
16207,1017,494,0
16208,1017,237,0
16209,1017,461,0
16210,1017,573,0
16211,1017,163,0
16212,1017,42,0
16213,1017,81,0
16214,1017,463,0
16215,1017,270,0
16216,1017,1057,0
16217,1017,416,0
16218,1017,1087,0
16219,1017,80,0
16220,1017,562,0
16221,1017,866,0
16222,1017,722,0
16223,1017,619,0
16224,1017,258,0
16225,1017,18,0
16226,1017,1043,0
16227,1017,1194,0
16228,1017,913,0
16229,1017,157,0
16230,1017,725,0
16231,1017,192,0
16232,1017,425,0
16233,1017,344,0
16234,1017,437,0
16235,1017,331,0
16236,1017,1232,0
16237,1017,295,0
16238,1017,293,0
16239,1017,307,0
16240,1017,238,0
16241,1017,457,0
16242,1017,167,0
16243,1017,420,0
16244,1017,906,0
16245,1017,1085,0
16246,1017,1159,0
16247,1017,82,0
16248,1017,480,0
16249,1017,799,0
16250,1017,251,0
16251,1017,1276,0
16252,1017,811,0
16253,1017,993,0
16254,1017,851,0
16255,1017,900,0
16256,1017,679,0
16257,1017,391,0
16258,1017,626,0
16259,1017,158,0
16260,1017,590,0
16261,1017,763,0
16262,1017,1028,0
16263,1017,248,0
16264,1017,1271,0
16265,1017,662,0
16266,1017,748,0
16267,1017,1054,0
16268,1017,724,0
16269,1017,1318,0
16270,1017,1144,0
16271,1017,637,0
16272,1017,990,0
16273,1017,727,0
16274,1017,220,0
16275,1017,513,0
16276,1017,949,0
16277,1017,642,0
16278,1017,246,0
16279,1017,716,0
16280,1017,1015,0
16281,1017,199,0
16282,1017,559,0
16283,1017,161,0
16284,1017,328,0
16285,1017,912,0
16286,1017,396,0
16287,1017,1143,0
16288,1017,178,0
16289,1017,867,0
16290,1017,1039,0
16291,1017,351,0
16292,1017,683,0
16293,1017,765,0
16294,1017,1084,0
16295,1017,1126,0
16296,1017,942,0
16297,1017,614,0
16298,1017,1023,0
16299,1017,608,0
16300,1017,1066,0
16301,1017,535,0
16302,1017,666,0
16303,1017,170,0
16304,1017,956,0
16305,1017,146,0
16306,1017,1293,0
16307,1017,297,0
16308,1017,704,0
16309,1017,488,0
16310,1017,818,0
16311,1017,911,0
16312,1017,1176,0
16313,1017,249,0
16314,1017,369,0
16315,1017,764,0
16316,1017,142,0
16317,1017,1281,0
16318,1017,1132,0
16319,1017,84,0
16320,1017,1292,0
16321,1017,330,0
16322,1017,311,0
16323,1017,1097,0
16324,1017,1024,0
16325,1017,847,0
16326,1017,1130,0
16327,1017,372,0
16328,1017,1026,0
16329,1017,65,0
16330,1017,23,0
16331,1017,1038,0
16332,1017,69,0
16333,1017,550,0
16334,1017,1295,0
16335,1017,958,0
16336,1017,445,0
16337,1017,1308,0
16338,1017,566,0
16339,1017,1149,0
16340,1017,266,0
16341,1017,501,0
16342,1017,682,0
16343,1017,822,0
16344,1017,630,0
16345,1017,702,0
16346,1017,53,0
16347,1017,714,0
16348,1017,633,0
16349,1017,930,0
16350,1017,7,0
16351,1017,114,0
16352,1017,789,0
16353,1017,314,0
16354,1017,878,0
16355,1017,1277,0
16356,1017,888,0
16357,1017,326,0
16358,1017,345,0
16359,1017,756,0
16360,1017,1226,0
16361,1017,836,0
16362,1017,1251,0
16363,1017,828,0
16364,1017,1313,0
16365,1017,877,0
16366,1017,1067,0
16367,1017,761,0
16368,1017,712,0
16369,1017,447,0
16370,1017,944,0
16371,1017,1174,0
16372,1017,1206,0
16373,1017,1022,0
16374,1017,546,0
16375,1017,651,0
16376,1017,410,0
16377,1017,264,0
16378,1017,994,0
16379,1017,794,0
16380,1017,607,0
16381,1017,623,0
16382,1017,896,0
16383,1017,675,0
16384,1017,1147,0
16385,1017,382,0
16386,1017,159,0
16387,1017,356,0
16388,1017,609,0
16389,1017,1029,0
16390,1017,1246,0
16391,1017,694,0
16392,1017,390,0
16393,1017,629,0
16394,1017,375,0
16395,1017,486,0
16396,1017,1151,0
16397,1017,204,0
16398,1017,1230,0
16399,1017,1058,0
16400,1017,216,0
16401,1017,874,0
16402,1017,1107,0
16403,1017,421,0
16404,1017,781,0
16405,1017,532,0
16406,1017,970,0
16407,1017,212,0
16408,1017,855,0
16409,1017,1216,0
16410,1017,768,0
16411,1017,544,0
16412,1017,1311,0
16413,1017,938,0
16414,1017,689,0
16415,1017,188,0
16416,1017,1041,0
16417,1017,1288,0
16418,1017,1178,0
16419,1017,723,0
16420,1017,11,0
16421,1017,849,0
16422,1017,433,0
16423,1017,1013,0
16424,1017,428,0
16425,1017,739,0
16426,1017,887,0
16427,1017,684,0
16428,1017,417,0
16429,1017,534,0
16430,1017,522,0
16431,1017,70,0
16432,1017,49,0
16433,1017,1239,0
16434,1017,1224,0
16435,1017,1172,0
16436,1017,922,0
16437,1017,597,0
16438,1017,734,0
16439,1017,1092,0
16440,1017,482,0
16441,1017,218,0
16442,1017,953,0
16443,1017,530,0
16444,1017,1237,0
16445,1017,1095,0
16446,1017,473,0
16447,1017,267,0
16448,1017,1034,0
16449,1017,509,0
16450,1017,133,0
16451,1017,323,0
16452,1017,606,0
16453,1017,484,0
16454,1017,481,0
16455,1017,101,0
16456,1017,470,0
16457,1017,1036,0
16458,1017,1040,0
16459,1017,1082,0
16460,1017,897,0
16461,1017,881,0
16462,1017,747,0
16463,1017,1212,0
16464,1017,785,0
16465,1017,806,0
16466,1017,848,0
16467,1017,1114,0
16468,1017,1187,0
16469,1017,1247,0
16470,1017,1266,0
16471,1017,1296,0
16472,1017,405,0
16473,1017,504,0
16474,1017,943,0
16475,1017,808,0
16476,1017,618,0
16477,1017,809,0
16478,1017,1140,0
16479,1017,800,0
16480,1017,659,0
16481,1017,291,0
16482,1017,916,0
16483,1017,1223,0
16484,1017,51,0
16485,1017,186,0
16486,1017,242,0
16487,1017,865,0
16488,1017,381,0
16489,1017,816,0
16490,1017,225,0
16491,1017,401,0
16492,1017,523,0
16493,1017,1227,0
16494,1017,857,0
16495,1017,775,0
16496,1017,984,0
16497,1017,1018,0
16498,1017,9,0
16499,1017,1012,0
16500,1017,733,0
16501,1017,838,0
16502,1017,611,0
16503,1017,39,0
16504,1017,703,0
16505,1017,889,0
16506,1017,730,0
16507,1017,1282,0
16508,1017,121,0
16509,1017,393,0
16510,1017,1203,0
16511,1017,692,0
16512,1017,969,0
16513,1017,558,0
16514,1017,55,0
16515,1017,1093,0
16516,1017,1104,0
16517,1017,1301,0
16518,1017,1051,0
16519,1017,346,0
16520,1017,334,0
16521,1017,561,0
16522,1017,299,0
16523,1017,41,0
16524,1017,673,0
16525,1017,959,0
16526,1017,527,0
16527,1017,397,0
16528,1017,429,0
16529,1017,229,0
16530,1017,164,0
16531,1017,1078,0
16532,1017,556,0
16533,1017,227,0
16534,1017,939,0
16535,1017,971,0
16536,1017,639,0
16537,1017,988,0
16538,1017,547,0
16539,1017,661,0
16540,1017,992,0
16541,1017,125,0
16542,1017,875,0
16543,1017,321,0
16544,1017,613,0
16545,1017,255,0
16546,1017,835,0
16547,1017,500,0
16548,1017,536,0
16549,1017,625,0
16550,1017,1195,0
16551,1017,709,0
16552,1017,412,0
16553,1017,1283,0
16554,1017,2,0
16555,1017,640,0
16556,1017,1053,0
16557,1017,617,0
16558,1017,1192,0
16559,1017,521,0
16560,1017,649,0
16561,1017,454,0
16562,1017,1003,0
16563,1017,1020,0
16564,1017,352,0
16565,1017,1189,0
16566,1017,972,0
16567,1017,348,0
16568,1017,22,0
16569,1017,277,0
16570,1017,740,0
16571,1017,595,0
16572,1017,905,0
16573,1017,810,0
16574,1017,459,0
16575,1017,1044,0
16576,1017,398,0
16577,1017,60,0
16578,1017,1098,0
16579,1017,1267,0
16580,1017,97,0
16581,1017,528,0
16582,1017,1083,0
16583,1017,860,0
16584,1017,1302,0
16585,1017,750,0
16586,1017,570,0
16587,1017,601,0
16588,1017,1163,0
16589,1017,1200,0
16590,1017,1220,0
16591,1017,438,0
16592,1017,317,0
16593,1017,1181,0
16594,1017,1199,0
16595,1017,33,0
16596,1017,260,0
16597,1017,59,0
16598,1017,832,0
16599,1017,224,0
16600,1017,171,0
16601,1017,592,0
16602,1017,915,0
16603,1017,489,0
16604,1017,145,0
16605,1017,502,0
16606,1017,19,0
16607,1017,560,0
16608,1017,945,0
16609,1017,86,0
16610,1017,160,0
16611,1017,361,0
16612,1017,924,0
16613,1017,377,0
16614,1017,312,0
16615,1017,129,0
16616,1017,1236,0
16617,1017,431,0
16618,1017,1231,0
16619,1017,5,0
16620,1017,1115,0
16621,1017,579,0
16622,1017,118,0
16623,1017,1320,0
16624,1017,507,0
16625,1017,583,0
16626,1017,1123,0
16627,1017,581,0
16628,1017,1298,0
16629,1017,568,0
16630,1017,567,0
16631,1017,234,0
16632,1017,648,0
16633,1017,805,0
16634,1017,1285,0
16635,1017,826,0
16636,1017,104,0
16637,1017,40,0
16638,1017,386,0
16639,1017,98,0
16640,1017,1214,0
16641,1017,1081,0
16642,1017,787,0
16643,1017,932,0
16644,1017,309,0
16645,1017,113,0
16646,1017,154,0
16647,1017,1173,0
16648,1017,43,0
16649,1017,925,0
16650,1017,852,0
16651,1017,752,0
16652,1017,284,0
16653,1017,1129,0
16654,1017,1211,0
16655,1017,1073,0
16656,1017,450,0
16657,1017,1103,0
16658,1017,1317,0
16659,1017,760,0
16660,1017,205,0
16661,1017,128,0
16662,1017,96,0
16663,1017,1300,0
16664,1017,804,0
16665,1017,1268,0
16666,1017,1001,0
16667,1017,374,0
16668,1017,36,0
16669,1017,261,0
16670,1017,1307,0
16671,1017,697,0
16672,1017,46,0
16673,1017,379,0
16674,1017,929,0
16675,1017,537,0
16676,1017,654,0
16677,1017,140,0
16678,1017,1064,0
16679,1017,1109,0
16680,1017,422,0
16681,1017,472,0
16682,1017,634,0
16683,1017,435,0
16684,1017,784,0
16685,1017,1074,0
16686,1017,1062,0
16687,1017,64,0
16688,1017,920,0
16689,1017,757,0
16690,1017,755,0
16691,1017,202,0
16692,1017,1319,0
16693,1017,111,0
16694,1017,604,0
16695,1017,511,0
16696,1017,1100,0
16697,1017,998,0
16698,1017,552,0
16699,1017,1259,0
16700,1017,774,0
16701,1017,1280,0
16702,1017,441,0
16703,1017,923,0
16704,1017,29,0
16705,1017,219,0
16706,1017,274,0
16707,1017,884,0
16708,1017,815,0
16709,1017,531,0
16710,1017,721,0
16711,1017,1102,0
16712,1017,899,0
16713,1017,732,0
16714,1017,1291,0
16715,1017,1177,0
16716,1017,880,0
16717,1017,265,0
16718,1017,1273,0
16719,1017,257,0
16720,1017,61,0
16721,1017,767,0
16722,1017,1286,0
16723,1017,1269,0
16724,1017,587,0
16725,1017,32,0
16726,1017,132,0
16727,1017,259,0
16728,1017,506,0
16729,1017,1279,0
16730,1017,191,0
16731,1017,807,0
16732,1017,706,0
16733,1017,400,0
16734,1017,493,0
16735,1017,520,0
16736,1017,443,0
16737,1017,37,0
16738,1017,540,0
16739,1017,983,0
16740,1017,155,0
16741,1017,485,0
16742,1017,744,0
16743,1017,690,0
16744,1017,1171,0
16745,1017,402,0
16746,1017,38,0
16747,1017,1202,0
16748,1017,660,0
16749,1017,286,0
16750,1017,981,0
16751,1017,71,0
16752,1017,107,0
16753,1017,650,0
16754,1017,985,0
16755,1017,122,0
16756,1017,801,0
16757,1017,235,0
16758,1017,139,0
16759,1017,668,0
16760,1017,571,0
16761,1017,902,0
16762,1017,1263,0
16763,1017,474,0
16764,1017,1299,0
16765,1017,1253,0
16766,1017,708,0
16767,1017,499,0
16768,1017,937,0
16769,1017,919,0
16770,1017,439,0
16771,1017,487,0
16772,1017,833,0
16773,1017,1303,0
16774,1017,230,0
16775,1017,1309,0
16776,1017,90,0
16777,1017,1210,0
16778,1017,166,0
16779,1017,715,0
16780,1017,664,0
16781,1017,555,0
16782,1017,839,0
16783,1017,239,0
16784,1017,1191,0
16785,1017,1229,0
16786,1017,1004,0
16787,1017,28,0
16788,1017,773,0
16789,1017,997,0
16790,1017,858,0
16791,1017,16,0
16792,1017,175,0
16793,1017,1089,0
16794,1017,1155,0
16795,1017,921,0
16796,1017,30,0
16797,1017,67,0
16798,1017,1071,0
16799,1017,1304,0
16800,1017,687,0
16801,1017,185,0
16802,1017,285,0
16803,1017,517,0
16804,1017,699,0
16805,1017,1262,0
16806,1017,256,0
16807,1017,631,0
16808,1017,1106,0
16809,1017,1164,0
16810,1017,1011,0
16811,1017,854,0
16812,1017,294,0
16813,1017,933,0
16814,1017,1221,0
16815,1017,150,0
16816,1017,751,0
16817,1017,419,0
16818,1017,56,0
16819,1017,1050,0
16820,1017,362,0
16821,1017,802,0
16822,1017,187,0
16823,1017,598,0
16824,1017,329,0
16825,1017,742,0
16826,1017,813,0
16827,1017,354,0
16828,1017,759,0
16829,1017,1046,0
16830,1017,407,0
16831,1017,980,0
16832,1017,108,0
16833,1017,353,0
16834,1017,301,0
16835,1017,1069,0
16836,1017,610,0
16837,1017,6,0
16838,1017,231,0
16839,1017,355,0
16840,1017,350,0
16841,1017,979,0
16842,1017,1233,0
16843,1017,409,0
16844,1017,1035,0
16845,1017,1270,0
16846,1017,322,0
16847,1017,206,0
16848,1017,153,0
16849,1017,183,0
16850,1017,413,0
16851,1017,497,0
16852,1017,749,0
16853,1017,436,0
16854,1017,1235,0
16855,1017,1006,0
16856,1017,87,0
16857,1017,1042,0
16858,1017,1021,0
16859,1017,182,0
16860,1017,1146,0
16861,1017,1134,0
16862,1017,966,0
16863,1017,184,0
16864,1017,1287,0
16865,1017,399,0
16866,1077,1265,0
16867,1077,295,0
16868,1077,844,0
16869,1077,860,0
16870,1077,1254,0
16871,1077,251,0
16872,1077,313,0
16873,1077,769,0
16874,1077,955,0
16875,1077,819,0
16876,1077,6,0
16877,1077,1033,0
16878,1077,1073,0
16879,1077,970,0
16880,1077,1249,0
16881,1077,557,0
16882,1077,1043,0
16883,1077,447,0
16884,1077,420,0
16885,1077,150,0
16886,1077,709,0
16887,1077,969,0
16888,1077,77,0
16889,1077,738,0
16890,1077,1234,0
16891,1077,931,0
16892,1077,715,0
16893,1077,139,0
16894,1077,1309,0
16895,1077,1230,0
16896,1077,787,0
16897,1077,145,0
16898,1077,797,0
16899,1077,737,0
16900,1077,799,0
16901,1077,442,0
16902,1077,877,0
16903,1077,459,0
16904,1077,944,0
16905,1077,80,0
16906,1077,225,0
16907,1077,1211,0
16908,1077,670,0
16909,1077,686,0
16910,1077,651,0
16911,1077,1186,0
16912,1077,555,0
16913,1077,503,0
16914,1077,1096,0
16915,1077,92,0
16916,1077,428,0
16917,1077,1097,0
16918,1077,791,0
16919,1077,274,0
16920,1077,1158,0
16921,1077,775,0
16922,1077,782,0
16923,1077,1275,0
16924,1077,514,0
16925,1077,115,0
16926,1077,789,0
16927,1077,33,0
16928,1077,460,0
16929,1077,1020,0
16930,1077,278,0
16931,1077,521,0
16932,1077,137,0
16933,1077,378,0
16934,1077,1002,0
16935,1077,660,0
16936,1077,456,0
16937,1077,266,0
16938,1077,280,0
16939,1077,120,0
16940,1077,623,0
16941,1077,1216,0
16942,1077,164,0
16943,1077,550,0
16944,1077,1274,0
16945,1077,1180,0
16946,1077,1252,0
16947,1077,78,0
16948,1077,1187,0
16949,1077,431,0
16950,1077,626,0
16951,1077,464,0
16952,1077,1312,0
16953,1077,219,0
16954,1077,756,0
16955,1077,588,0
16956,1077,963,0
16957,1077,1068,0
16958,1077,1290,0
16959,1077,527,0
16960,1077,443,0
16961,1077,569,0
16962,1077,1278,0
16963,1077,100,0
16964,1077,858,0
16965,1077,172,0
16966,1077,894,0
16967,1077,720,0
16968,1077,804,0
16969,1077,1253,0
16970,1077,932,0
16971,1077,907,0
16972,1077,862,0
16973,1077,1315,0
16974,1077,995,0
16975,1077,587,0
16976,1077,155,0
16977,1077,856,0
16978,1077,792,0
16979,1077,542,0
16980,1077,652,0
16981,1077,299,0
16982,1077,217,0
16983,1077,1038,0
16984,1077,389,0
16985,1077,1226,0
16986,1077,1074,0
16987,1077,624,0
16988,1077,614,0
16989,1077,448,0
16990,1077,748,0
16991,1077,610,0
16992,1077,628,0
16993,1077,463,0
16994,1077,307,0
16995,1077,673,0
16996,1077,577,0
16997,1077,230,0
16998,1077,1169,0
16999,1077,84,0
17000,1077,159,0
17001,1077,950,0
17002,1077,501,0
17003,1077,727,0
17004,1077,691,0
17005,1077,1286,0
17006,1077,914,0
17007,1077,581,0
17008,1077,215,0
17009,1077,783,0
17010,1077,435,0
17011,1077,1063,0
17012,1077,1194,0
17013,1077,891,0
17014,1077,156,0
17015,1077,74,0
17016,1077,606,0
17017,1077,1167,0
17018,1077,1201,0
17019,1077,638,0
17020,1077,71,0
17021,1077,561,0
17022,1077,387,0
17023,1077,977,0
17024,1077,221,0
17025,1077,1131,0
17026,1077,1135,0
17027,1077,467,0
17028,1077,309,0
17029,1077,369,0
17030,1077,494,0
17031,1077,572,0
17032,1077,495,0
17033,1077,99,0
17034,1077,434,0
17035,1077,622,0
17036,1077,937,0
17037,1077,1090,0
17038,1077,416,0
17039,1077,1101,0
17040,1077,158,0
17041,1077,5,0
17042,1077,654,0
17043,1077,847,0
17044,1077,699,0
17045,1077,755,0
17046,1077,615,0
17047,1077,246,0
17048,1077,904,0
17049,1077,1084,0
17050,1077,66,0
17051,1077,2,0
17052,1077,704,0
17053,1077,826,0
17054,1077,754,0
17055,1077,1210,0
17056,1077,1299,0
17057,1077,801,0
17058,1077,316,0
17059,1077,938,0
17060,1077,643,0
17061,1077,784,0
17062,1077,645,0
17063,1077,363,0
17064,1077,538,0
17065,1077,98,0
17066,1077,54,0
17067,1077,986,0
17068,1077,351,0
17069,1077,1164,0
17070,1077,165,0
17071,1077,90,0
17072,1077,823,0
17073,1077,757,0
17074,1077,558,0
17075,1077,517,0
17076,1077,595,0
17077,1077,679,0
17078,1077,1081,0
17079,1077,317,0
17080,1077,593,0
17081,1077,817,0
17082,1077,38,0
17083,1077,1036,0
17084,1077,282,0
17085,1077,890,0
17086,1077,598,0
17087,1077,988,0
17088,1077,367,0
17089,1077,193,0
17090,1077,50,0
17091,1077,981,0
17092,1077,853,0
17093,1077,774,0
17094,1077,1188,0
17095,1077,865,0
17096,1077,573,0
17097,1077,1272,0
17098,1077,982,0
17099,1077,375,0
17100,1077,612,0
17101,1077,949,0
17102,1077,1114,0
17103,1077,55,0
17104,1077,354,0
17105,1077,398,0
17106,1077,1144,0
17107,1077,148,0
17108,1077,973,0
17109,1077,1153,0
17110,1077,21,0
17111,1077,560,0
17112,1077,308,0
17113,1077,1062,0
17114,1077,67,0
17115,1077,1170,0
17116,1077,271,0
17117,1077,388,0
17118,1077,107,0
17119,1077,81,0
17120,1077,1221,0
17121,1077,815,0
17122,1077,1146,0
17123,1077,1014,0
17124,1077,1109,0
17125,1077,1313,0
17126,1077,125,0
17127,1077,1283,0
17128,1077,519,0
17129,1077,40,0
17130,1077,1030,0
17131,1077,214,0
17132,1077,1093,0
17133,1077,1217,0
17134,1077,186,0
17135,1077,498,0
17136,1077,478,0
17137,1077,1285,0
17138,1077,761,0
17139,1077,846,0
17140,1077,1246,0
17141,1077,30,0
17142,1077,1078,0
17143,1077,1026,0
17144,1077,213,0
17145,1077,1266,0
17146,1077,637,0
17147,1077,957,0
17148,1077,1112,0
17149,1077,939,0
17150,1077,10,0
17151,1077,599,0
17152,1077,535,0
17153,1077,1060,0
17154,1077,286,0
17155,1077,425,0
17156,1077,758,0
17157,1077,469,0
17158,1077,1008,0
17159,1077,182,0
17160,1077,1292,0
17161,1077,418,0
17162,1077,391,0
17163,1077,32,0
17164,1077,1041,0
17165,1077,1102,0
17166,1077,895,0
17167,1077,1092,0
17168,1077,153,0
17169,1077,202,0
17170,1077,912,0
17171,1077,8,0
17172,1077,947,0
17173,1077,109,0
17174,1077,809,0
17175,1077,400,0
17176,1077,685,0
17177,1077,22,0
17178,1077,681,0
17179,1077,666,0
17180,1077,633,0
17181,1077,291,0
17182,1077,281,0
17183,1077,1138,0
17184,1077,808,0
17185,1077,911,0
17186,1077,597,0
17187,1077,702,0
17188,1077,1261,0
17189,1077,1307,0
17190,1077,653,0
17191,1077,873,0
17192,1077,1303,0
17193,1077,814,0
17194,1077,1260,0
17195,1077,465,0
17196,1077,167,0
17197,1077,235,0
17198,1077,725,0
17199,1077,788,0
17200,1077,644,0
17201,1077,83,0
17202,1077,440,0
17203,1077,361,0
17204,1077,879,0
17205,1077,962,0
17206,1077,1145,0
17207,1077,959,0
17208,1077,372,0
17209,1077,386,0
17210,1077,790,0
17211,1077,1051,0
17212,1077,1085,0
17213,1077,806,0
17214,1077,839,0
17215,1077,933,0
17216,1077,600,0
17217,1077,1190,0
17218,1077,1055,0
17219,1077,922,0
17220,1077,1240,0
17221,1077,838,0
17222,1077,481,0
17223,1077,1108,0
17224,1077,113,0
17225,1077,580,0
17226,1077,102,0
17227,1077,276,0
17228,1077,532,0
17229,1077,468,0
17230,1077,408,0
17231,1077,119,0
17232,1077,208,0
17233,1077,177,0
17234,1077,118,0
17235,1077,619,0
17236,1077,930,0
17237,1077,14,0
17238,1077,692,0
17239,1077,916,0
17240,1077,325,0
17241,1077,1205,0
17242,1077,260,0
17243,1077,656,0
17244,1077,1047,0
17245,1077,717,0
17246,1077,446,0
17247,1077,222,0
17248,1077,209,0
17249,1077,575,0
17250,1077,1082,0
17251,1077,381,0
17252,1077,82,0
17253,1077,331,0
17254,1077,1130,0
17255,1077,1161,0
17256,1077,393,0
17257,1077,306,0
17258,1077,1016,0
17259,1077,48,0
17260,1077,64,0
17261,1077,133,0
17262,1077,616,0
17263,1077,874,0
17264,1077,1301,0
17265,1077,529,0
17266,1077,486,0
17267,1077,1248,0
17268,1077,330,0
17269,1077,272,0
17270,1077,111,0
17271,1077,1103,0
17272,1077,661,0
17273,1077,324,0
17274,1077,1237,0
17275,1077,594,0
17276,1077,523,0
17277,1077,285,0
17278,1077,641,0
17279,1077,696,0
17280,1077,333,0
17281,1077,357,0
17282,1077,680,0
17283,1077,693,0
17284,1077,608,0
17285,1077,277,0
17286,1077,117,0
17287,1077,1225,0
17288,1077,585,0
17289,1077,1256,0
17290,1077,835,0
17291,1077,46,0
17292,1077,1279,0
17293,1077,368,0
17294,1077,1012,0
17295,1077,1228,0
17296,1077,1271,0
17297,1077,1042,0
17298,1077,439,0
17299,1077,1046,0
17300,1077,471,0
17301,1077,211,0
17302,1077,207,0
17303,1077,1018,0
17304,1077,590,0
17305,1077,132,0
17306,1077,1227,0
17307,1077,827,0
17308,1077,766,0
17309,1077,1075,0
17310,1077,301,0
17311,1077,358,0
17312,1077,882,0
17313,1077,236,0
17314,1077,828,0
17315,1077,289,0
17316,1077,28,0
17317,1077,1106,0
17318,1077,1302,0
17319,1077,453,0
17320,1077,902,0
17321,1077,1212,0
17322,1077,359,0
17323,1077,1184,0
17324,1077,578,0
17325,1077,179,0
17326,1077,992,0
17327,1077,454,0
17328,1077,284,0
17329,1077,1023,0
17330,1077,1115,0
17331,1077,473,0
17332,1077,1276,0
17333,1077,749,0
17334,1077,345,0
17335,1077,771,0
17336,1077,556,0
17337,1077,1087,0
17338,1077,903,0
17339,1077,978,0
17340,1077,445,0
17341,1077,1207,0
17342,1077,1191,0
17343,1077,1178,0
17344,1077,1152,0
17345,1077,897,0
17346,1077,1255,0
17347,1077,742,0
17348,1077,390,0
17349,1077,747,0
17350,1077,417,0
17351,1077,267,0
17352,1077,1028,0
17353,1077,305,0
17354,1077,505,0
17355,1077,722,0
17356,1077,984,0
17357,1077,171,0
17358,1077,452,0
17359,1077,554,0
17360,1077,968,0
17361,1077,627,0
17362,1077,918,0
17363,1077,886,0
17364,1077,499,0
17365,1077,1273,0
17366,1077,794,0
17367,1077,194,0
17368,1077,807,0
17369,1077,1159,0
17370,1077,258,0
17371,1077,712,0
17372,1077,371,0
17373,1077,62,0
17374,1077,326,0
17375,1077,143,0
17376,1077,541,0
17377,1077,721,0
17378,1077,283,0
17379,1077,591,0
17380,1077,4,0
17381,1077,476,0
17382,1077,1067,0
17383,1077,1289,0
17384,1077,25,0
17385,1077,813,0
17386,1077,216,0
17387,1077,151,0
17388,1077,85,0
17389,1077,121,0
17390,1077,530,0
17391,1077,834,0
17392,1077,507,0
17393,1077,546,0
17394,1077,892,0
17395,1077,579,0
17396,1077,1143,0
17397,1077,302,0
17398,1077,79,0
17399,1077,829,0
17400,1077,318,0
17401,1077,708,0
17402,1077,88,0
17403,1077,1320,0
17404,1077,461,0
17405,1077,871,0
17406,1077,94,0
17407,1077,189,0
17408,1077,649,0
17409,1077,1295,0
17410,1077,76,0
17411,1077,1022,0
17412,1077,985,0
17413,1077,974,0
17414,1077,810,0
17415,1077,776,0
17416,1077,711,0
17417,1077,1154,0
17418,1077,718,0
17419,1077,537,0
17420,1077,663,0
17421,1077,399,0
17422,1077,646,0
17423,1077,586,0
17424,1077,353,0
17425,1077,1182,0
17426,1077,1034,0
17427,1077,183,0
17428,1077,241,0
17429,1077,203,0
17430,1077,20,0
17431,1077,396,0
17432,1077,1304,0
17433,1077,675,0
17434,1077,1110,0
17435,1077,1070,0
17436,1077,73,0
17437,1077,793,0
17438,1077,232,0
17439,1077,958,0
17440,1077,1174,0
17441,1077,228,0
17442,1077,364,0
17443,1077,1222,0
17444,1077,565,0
17445,1077,1137,0
17446,1077,716,0
17447,1077,287,0
17448,1077,1010,0
17449,1077,589,0
17450,1077,379,0
17451,1077,867,0
17452,1077,1263,0
17453,1077,423,0
17454,1077,778,0
17455,1077,1236,0
17456,1077,1015,0
17457,1077,1245,0
17458,1077,176,0
17459,1077,1076,0
17460,1077,658,0
17461,1077,231,0
17462,1077,805,0
17463,1077,571,0
17464,1077,524,0
17465,1077,767,0
17466,1077,234,0
17467,1077,802,0
17468,1077,909,0
17469,1077,870,0
17470,1077,344,0
17471,1077,298,0
17472,1077,994,0
17473,1077,1166,0
17474,1077,733,0
17475,1077,338,0
17476,1077,134,0
17477,1077,885,0
17478,1077,1232,0
17479,1077,568,0
17480,1077,723,0
17481,1077,1134,0
17482,1077,1113,0
17483,1077,347,0
17484,1077,1282,0
17485,1077,921,0
17486,1077,124,0
17487,1077,753,0
17488,1077,1072,0
17489,1077,564,0
17490,1077,451,0
17491,1077,1223,0
17492,1077,1064,0
17493,1077,489,0
17494,1077,647,0
17495,1077,63,0
17496,1077,1262,0
17497,1077,458,0
17498,1077,1088,0
17499,1077,210,0
17500,1077,837,0
17501,1077,609,0
17502,1077,377,0
17503,1077,1224,0
17504,1077,1173,0
17505,1077,334,0
17506,1077,917,0
17507,1077,327,0
17508,1077,205,0
17509,1077,866,0
17510,1077,1305,0
17511,1077,339,0
17512,1077,1116,0
17513,1077,69,0
17514,1077,976,0
17515,1077,341,0
17516,1077,934,0
17517,1077,409,0
17518,1077,103,0
17519,1077,613,0
17520,1077,765,0
17521,1077,744,0
17522,1077,743,0
17523,1077,185,0
17524,1077,96,0
17525,1077,899,0
17526,1077,695,0
17527,1077,1125,0
17528,1077,166,0
17529,1077,493,0
17530,1077,1126,0
17531,1077,1208,0
17532,1077,999,0
17533,1077,657,0
17534,1077,700,0
17535,1077,1165,0
17536,1077,141,0
17537,1077,0,0
17538,1077,1058,0
17539,1077,512,0
17540,1077,135,0
17541,1077,488,0
17542,1077,415,0
17543,1077,997,0
17544,1077,394,0
17545,1077,1104,0
17546,1077,114,0
17547,1077,998,0
17548,1077,196,0
17549,1077,1204,0
17550,1077,920,0
17551,1077,487,0
17552,1077,825,0
17553,1077,212,0
17554,1077,764,0
17555,1077,1083,0
17556,1077,525,0
17557,1077,1141,0
17558,1077,149,0
17559,1077,152,0
17560,1077,1059,0
17561,1077,15,0
17562,1077,1196,0
17563,1077,51,0
17564,1077,803,0
17565,1077,840,0
17566,1077,1057,0
17567,1077,23,0
17568,1077,852,0
17569,1077,192,0
17570,1077,682,0
17571,1077,1264,0
17572,1077,1214,0
17573,1077,1243,0
17574,1077,57,0
17575,1077,1000,0
17576,1077,648,0
17577,1077,1281,0
17578,1077,60,0
17579,1077,1039,0
17580,1077,772,0
17581,1077,1250,0
17582,1077,1308,0
17583,1077,168,0
17584,1077,116,0
17585,1077,122,0
17586,1077,513,0
17587,1077,896,0
17588,1077,1296,0
17589,1077,449,0
17590,1077,662,0
17591,1077,1080,0
17592,1077,1009,0
17593,1077,629,0
17594,1077,290,0
17595,1077,859,0
17596,1077,964,0
17597,1077,144,0
17598,1077,161,0
17599,1077,1189,0
17600,1077,900,0
17601,1077,223,0
17602,1077,1139,0
17603,1077,915,0
17604,1077,1150,0
17605,1077,257,0
17606,1077,516,0
17607,1077,1045,0
17608,1077,105,0
17609,1077,1048,0
17610,1077,262,0
17611,1077,1155,0
17612,1077,536,0
17613,1077,450,0
17614,1077,238,0
17615,1077,582,0
17616,1077,11,0
17617,1077,713,0
17618,1077,732,0
17619,1077,424,0
17620,1077,779,0
17621,1077,385,0
17622,1077,707,0
17623,1077,356,0
17624,1077,960,0
17625,1077,436,0
17626,1077,206,0
17627,1077,87,0
17628,1077,1251,0
17629,1077,941,0
17630,1077,259,0
17631,1077,1310,0
17632,1077,304,0
17633,1077,410,0
17634,1077,108,0
17635,1077,472,0
17636,1077,800,0
17637,1077,952,0
17638,1077,553,0
17639,1077,1259,0
17640,1077,752,0
17641,1077,1157,0
17642,1077,1277,0
17643,1077,857,0
17644,1077,237,0
17645,1077,218,0
17646,1077,1193,0
17647,1077,543,0
17648,1077,1037,0
17649,1077,926,0
17650,1077,883,0
17651,1077,559,0
17652,1077,1027,0
17653,1077,689,0
17654,1077,672,0
17655,1077,441,0
17656,1077,383,0
17657,1077,365,0
17658,1077,68,0
17659,1077,250,0
17660,1077,1151,0
17661,1077,928,0
17662,1077,518,0
17663,1077,1017,0
17664,1077,1142,0
17665,1077,496,0
17666,1077,786,0
17667,1077,1053,0
17668,1077,248,0
17669,1077,9,0
17670,1077,41,0
17671,1077,510,0
17672,1077,19,0
17673,1077,923,0
17674,1077,204,0
17675,1077,872,0
17676,1077,965,0
17677,1077,49,0
17678,1077,490,0
17679,1077,138,0
17680,1077,625,0
17681,1077,491,0
17682,1077,1197,0
17683,1077,86,0
17684,1077,170,0
17685,1077,227,0
17686,1077,1280,0
17687,1077,887,0
17688,1077,1107,0
17689,1077,1195,0
17690,1077,821,0
17691,1077,312,0
17692,1077,43,0
17693,1077,184,0
17694,1077,740,0
17695,1077,1219,0
17696,1077,397,0
17697,1077,1311,0
17698,1077,1206,0
17699,1077,528,0
17700,1077,279,0
17701,1077,296,0
17702,1077,457,0
17703,1077,684,0
17704,1077,123,0
17705,1077,91,0
17706,1077,875,0
17707,1077,405,0
17708,1077,1052,0
17709,1077,760,0
17710,1077,763,0
17711,1077,1160,0
17712,1077,239,0
17713,1077,154,0
17714,1077,1218,0
17715,1077,759,0
17716,1077,901,0
17717,1077,642,0
17718,1077,650,0
17719,1077,636,0
17720,1077,300,0
17721,1077,242,0
17722,1077,889,0
17723,1077,226,0
17724,1077,224,0
17725,1077,373,0
17726,1077,664,0
17727,1077,18,0
17728,1077,35,0
17729,1077,780,0
17730,1077,288,0
17731,1077,816,0
17732,1077,824,0
17733,1077,698,0
17734,1077,1040,0
17735,1077,340,0
17736,1077,500,0
17737,1077,617,0
17738,1077,427,0
17739,1077,506,0
17740,1077,924,0
17741,1077,247,0
17742,1077,13,0
17743,1077,552,0
17744,1077,169,0
17745,1077,24,0
17746,1077,946,0
17747,1174,1315,0
17748,1174,154,0
17749,1174,1138,0
17750,1174,608,0
17751,1174,543,0
17752,1174,185,0
17753,1174,10,0
17754,1174,823,0
17755,1174,819,0
17756,1174,1089,0
17757,1174,128,0
17758,1174,1231,0
17759,1174,770,0
17760,1174,988,0
17761,1174,391,0
17762,1174,145,0
17763,1174,982,0
17764,1174,1139,0
17765,1174,1081,0
17766,1174,219,0
17767,1174,44,0
17768,1174,756,0
17769,1174,1296,0
17770,1174,780,0
17771,1174,394,0
17772,1174,637,0
17773,1174,957,0
17774,1174,399,0
17775,1174,446,0
17776,1174,579,0
17777,1174,1221,0
17778,1174,1172,0
17779,1174,324,0
17780,1174,718,0
17781,1174,666,0
17782,1174,1014,0
17783,1174,880,0
17784,1174,588,0
17785,1174,672,0
17786,1174,19,0
17787,1174,937,0
17788,1174,259,0
17789,1174,167,0
17790,1174,1257,0
17791,1174,516,0
17792,1174,1120,0
17793,1174,1001,0
17794,1174,150,0
17795,1174,426,0
17796,1174,542,0
17797,1174,386,0
17798,1174,974,0
17799,1174,412,0
17800,1174,739,0
17801,1174,248,0
17802,1174,310,0
17803,1174,1286,0
17804,1174,290,0
17805,1174,788,0
17806,1174,524,0
17807,1174,1066,0
17808,1174,1229,0
17809,1174,835,0
17810,1174,700,0
17811,1174,609,0
17812,1174,971,0
17813,1174,843,0
17814,1174,1023,0
17815,1174,379,0
17816,1174,1276,0
17817,1174,1258,0
17818,1174,45,0
17819,1174,188,0
17820,1174,53,0
17821,1174,764,0
17822,1174,78,0
17823,1174,1233,0
17824,1174,54,0
17825,1174,1050,0
17826,1174,286,0
17827,1174,511,0
17828,1174,547,0
17829,1174,802,0
17830,1174,539,0
17831,1174,341,0
17832,1174,291,0
17833,1174,669,0
17834,1174,582,0
17835,1174,765,0
17836,1174,887,0
17837,1174,255,0
17838,1174,692,0
17839,1174,190,0
17840,1174,171,0
17841,1174,1049,0
17842,1174,977,0
17843,1174,1248,0
17844,1174,1237,0
17845,1174,1176,0
17846,1174,77,0
17847,1174,1179,0
17848,1174,1215,0
17849,1174,440,0
17850,1174,88,0
17851,1174,131,0
17852,1174,339,0
17853,1174,14,0
17854,1174,130,0
17855,1174,225,0
17856,1174,552,0
17857,1174,1201,0
17858,1174,882,0
17859,1174,1199,0
17860,1174,337,0
17861,1174,727,0
17862,1174,1267,0
17863,1174,792,0
17864,1174,1255,0
17865,1174,203,0
17866,1174,460,0
17867,1174,776,0
17868,1174,376,0
17869,1174,488,0
17870,1174,897,0
17871,1174,8,0
17872,1174,263,0
17873,1174,403,0
17874,1174,1261,0
17875,1174,198,0
17876,1174,544,0
17877,1174,20,0
17878,1174,592,0
17879,1174,501,0
17880,1174,554,0
17881,1174,1170,0
17882,1174,1033,0
17883,1174,1204,0
17884,1174,741,0
17885,1174,810,0
17886,1174,220,0
17887,1174,1246,0
17888,1174,768,0
17889,1174,18,0
17890,1174,948,0
17891,1174,515,0
17892,1174,927,0
17893,1174,1087,0
17894,1174,29,0
17895,1174,368,0
17896,1174,699,0
17897,1174,986,0
17898,1174,429,0
17899,1174,173,0
17900,1174,1218,0
17901,1174,162,0
17902,1174,48,0
17903,1174,656,0
17904,1174,1108,0
17905,1174,928,0
17906,1174,811,0
17907,1174,296,0
17908,1174,895,0
17909,1174,960,0
17910,1174,1017,0
17911,1174,873,0
17912,1174,626,0
17913,1174,972,0
17914,1174,854,0
17915,1174,244,0
17916,1174,657,0
17917,1174,754,0
17918,1174,79,0
17919,1174,481,0
17920,1174,632,0
17921,1174,117,0
17922,1174,108,0
17923,1174,1236,0
17924,1174,528,0
17925,1174,979,0
17926,1174,853,0
17927,1174,326,0
17928,1174,1167,0
17929,1174,1090,0
17930,1174,962,0
17931,1174,1084,0
17932,1174,844,0
17933,1174,75,0
17934,1174,774,0
17935,1174,1318,0
17936,1174,384,0
17937,1174,400,0
17938,1174,959,0
17939,1174,662,0
17940,1174,375,0
17941,1174,1149,0
17942,1174,456,0
17943,1174,12,0
17944,1174,710,0
17945,1174,625,0
17946,1174,1010,0
17947,1174,1071,0
17948,1174,398,0
17949,1174,1273,0
17950,1174,373,0
17951,1174,572,0
17952,1174,943,0
17953,1174,585,0
17954,1174,374,0
17955,1174,144,0
17956,1174,451,0
17957,1174,658,0
17958,1174,431,0
17959,1174,753,0
17960,1174,908,0
17961,1174,309,0
17962,1174,599,0
17963,1174,483,0
17964,1174,480,0
17965,1174,84,0
17966,1174,58,0
17967,1174,249,0
17968,1174,207,0
17969,1174,535,0
17970,1174,837,0
17971,1174,1024,0
17972,1174,180,0
17973,1174,616,0
17974,1174,1121,0
17975,1174,492,0
17976,1174,640,0
17977,1174,1303,0
17978,1174,1188,0
17979,1174,1212,0
17980,1174,504,0
17981,1174,104,0
17982,1174,690,0
17983,1174,342,0
17984,1174,121,0
17985,1174,1166,0
17986,1174,532,0
17987,1174,685,0
17988,1174,556,0
17989,1174,805,0
17990,1174,113,0
17991,1174,1058,0
17992,1174,15,0
17993,1174,238,0
17994,1174,1026,0
17995,1174,992,0
17996,1174,357,0
17997,1174,466,0
17998,1174,901,0
17999,1174,744,0
18000,1174,406,0
18001,1174,729,0
18002,1174,1117,0
18003,1174,737,0
18004,1174,793,0
18005,1174,105,0
18006,1174,436,0
18007,1174,124,0
18008,1174,193,0
18009,1174,1076,0
18010,1174,138,0
18011,1174,1209,0
18012,1174,170,0
18013,1174,519,0
18014,1174,800,0
18015,1174,1169,0
18016,1174,1048,0
18017,1174,691,0
18018,1174,266,0
18019,1174,527,0
18020,1174,199,0
18021,1174,275,0
18022,1174,270,0
18023,1174,319,0
18024,1174,1086,0
18025,1174,502,0
18026,1174,41,0
18027,1174,742,0
18028,1174,1150,0
18029,1174,667,0
18030,1174,1133,0
18031,1174,749,0
18032,1174,1057,0
18033,1174,1060,0
18034,1174,575,0
18035,1174,605,0
18036,1174,9,0
18037,1174,435,0
18038,1174,1314,0
18039,1174,734,0
18040,1174,773,0
18041,1174,968,0
18042,1174,990,0
18043,1174,1130,0
18044,1174,420,0
18045,1174,1155,0
18046,1174,1250,0
18047,1174,1119,0
18048,1174,434,0
18049,1174,1211,0
18050,1174,985,0
18051,1174,106,0
18052,1174,396,0
18053,1174,651,0
18054,1174,389,0
18055,1174,1077,0
18056,1174,47,0
18057,1174,1061,0
18058,1174,1152,0
18059,1174,509,0
18060,1174,1190,0
18061,1174,755,0
18062,1174,965,0
18063,1174,1320,0
18064,1174,236,0
18065,1174,214,0
18066,1174,95,0
18067,1174,1312,0
18068,1174,561,0
18069,1174,449,0
18070,1174,836,0
18071,1174,280,0
18072,1174,1285,0
18073,1174,970,0
18074,1174,422,0
18075,1174,697,0
18076,1174,628,0
18077,1174,550,0
18078,1174,1225,0
18079,1174,1262,0
18080,1174,335,0
18081,1174,1214,0
18082,1174,821,0
18083,1174,679,0
18084,1174,274,0
18085,1174,362,0
18086,1174,845,0
18087,1174,328,0
18088,1174,808,0
18089,1174,1045,0
18090,1174,239,0
18091,1174,866,0
18092,1174,907,0
18093,1174,110,0
18094,1174,578,0
18095,1174,809,0
18096,1174,1242,0
18097,1174,1160,0
18098,1174,736,0
18099,1174,186,0
18100,1174,1192,0
18101,1174,333,0
18102,1174,518,0
18103,1174,900,0
18104,1174,476,0
18105,1174,234,0
18106,1174,1019,0
18107,1174,781,0
18108,1174,612,0
18109,1174,693,0
18110,1174,885,0
18111,1174,172,0
18112,1174,815,0
18113,1174,159,0
18114,1174,1154,0
18115,1174,355,0
18116,1174,445,0
18117,1174,292,0
18118,1174,801,0
18119,1174,254,0
18120,1174,1182,0
18121,1174,549,0
18122,1174,285,0
18123,1174,245,0
18124,1174,168,0
18125,1174,305,0
18126,1174,919,0
18127,1174,86,0
18128,1174,152,0
18129,1174,534,0
18130,1174,522,0
18131,1174,674,0
18132,1174,586,0
18133,1174,1208,0
18134,1174,1131,0
18135,1174,470,0
18136,1174,698,0
18137,1174,1096,0
18138,1174,646,0
18139,1174,317,0
18140,1174,331,0
18141,1174,1051,0
18142,1174,558,0
18143,1174,1042,0
18144,1174,123,0
18145,1174,370,0
18146,1174,1002,0
18147,1174,1100,0
18148,1174,916,0
18149,1174,247,0
18150,1174,1157,0
18151,1174,395,0
18152,1174,831,0
18153,1174,265,0
18154,1174,1032,0
18155,1174,998,0
18156,1174,139,0
18157,1174,784,0
18158,1174,681,0
18159,1174,991,0
18160,1174,641,0
18161,1174,1271,0
18162,1174,905,0
18163,1174,469,0
18164,1174,1260,0
18165,1174,953,0
18166,1174,51,0
18167,1174,1046,0
18168,1174,875,0
18169,1174,163,0
18170,1174,576,0
18171,1174,686,0
18172,1174,268,0
18173,1174,517,0
18174,1174,514,0
18175,1174,336,0
18176,1174,448,0
18177,1174,164,0
18178,1174,1104,0
18179,1174,1222,0
18180,1174,964,0
18181,1174,1213,0
18182,1174,1241,0
18183,1174,924,0
18184,1174,192,0
18185,1174,1269,0
18186,1174,421,0
18187,1174,567,0
18188,1174,952,0
18189,1174,1127,0
18190,1174,574,0
18191,1174,680,0
18192,1174,629,0
18193,1174,789,0
18194,1174,409,0
18195,1174,1295,0
18196,1174,1064,0
18197,1174,645,0
18198,1174,879,0
18199,1174,746,0
18200,1174,914,0
18201,1174,1205,0
18202,1174,869,0
18203,1174,462,0
18204,1174,304,0
18205,1174,258,0
18206,1174,1110,0
18207,1174,183,0
18208,1174,1015,0
18209,1174,1147,0
18210,1174,273,0
18211,1174,618,0
18212,1174,233,0
18213,1174,1103,0
18214,1174,1068,0
18215,1174,42,0
18216,1174,231,0
18217,1174,855,0
18218,1174,563,0
18219,1174,1185,0
18220,1174,345,0
18221,1174,961,0
18222,1174,722,0
18223,1174,1075,0
18224,1174,282,0
18225,1174,351,0
18226,1174,849,0
18227,1174,1028,0
18228,1174,1036,0
18229,1174,80,0
18230,1174,909,0
18231,1174,205,0
18232,1174,980,0
18233,1174,913,0
18234,1174,1196,0
18235,1174,1183,0
18236,1174,889,0
18237,1174,562,0
18238,1174,883,0
18239,1174,165,0
18240,1174,1140,0
18241,1174,1163,0
18242,1174,0,0
18243,1174,946,0
18244,1174,424,0
18245,1174,479,0
18246,1174,453,0
18247,1174,930,0
18248,1174,37,0
18249,1174,1123,0
18250,1174,487,0
18251,1174,702,0
18252,1174,1137,0
18253,1174,25,0
18254,1174,615,0
18255,1174,43,0
18256,1174,1291,0
18257,1174,863,0
18258,1174,730,0
18259,1174,842,0
18260,1174,99,0
18261,1174,783,0
18262,1174,1305,0
18263,1174,100,0
18264,1174,1142,0
18265,1174,1202,0
18266,1174,751,0
18267,1174,467,0
18268,1174,458,0
18269,1174,1288,0
18270,1174,759,0
18271,1174,1041,0
18272,1174,1238,0
18273,1174,617,0
18274,1174,782,0
18275,1174,725,0
18276,1174,648,0
18277,1174,61,0
18278,1174,934,0
18279,1174,762,0
18280,1174,1245,0
18281,1174,910,0
18282,1174,834,0
18283,1174,101,0
18284,1174,1128,0
18285,1174,293,0
18286,1174,1012,0
18287,1174,63,0
18288,1174,31,0
18289,1174,1125,0
18290,1174,1282,0
18291,1174,135,0
18292,1174,551,0
18293,1174,463,0
18294,1174,891,0
18295,1174,70,0
18296,1174,772,0
18297,1174,1124,0
18298,1174,536,0
18299,1174,806,0
18300,1174,597,0
18301,1174,82,0
18302,1174,720,0
18303,1174,1177,0
18304,1174,997,0
18305,1174,890,0
18306,1174,1153,0
18307,1174,1206,0
18308,1174,868,0
18309,1174,1280,0
18310,1174,411,0
18311,1174,302,0
18312,1174,912,0
18313,1174,343,0
18314,1174,888,0
18315,1174,1052,0
18316,1174,28,0
18317,1174,114,0
18318,1174,366,0
18319,1174,1308,0
18320,1174,312,0
18321,1174,975,0
18322,1174,26,0
18323,1174,701,0
18324,1174,474,0
18325,1174,712,0
18326,1174,348,0
18327,1174,1062,0
18328,1174,652,0
18329,1174,69,0
18330,1174,278,0
18331,1174,1191,0
18332,1174,976,0
18333,1174,858,0
18334,1174,818,0
18335,1174,931,0
18336,1174,133,0
18337,1174,791,0
18338,1174,1073,0
18339,1174,862,0
18340,1174,46,0
18341,1174,316,0
18342,1174,332,0
18343,1174,1278,0
18344,1174,413,0
18345,1174,107,0
18346,1174,709,0
18347,1174,949,0
18348,1174,1302,0
18349,1174,623,0
18350,1174,747,0
18351,1174,675,0
18352,1174,817,0
18353,1174,942,0
18354,1174,494,0
18355,1174,1178,0
18356,1174,1053,0
18357,1174,673,0
18358,1174,1082,0
18359,1174,541,0
18360,1174,589,0
18361,1174,1180,0
18362,1174,269,0
18363,1174,750,0
18364,1174,122,0
18365,1174,1301,0
18366,1174,1113,0
18367,1174,1009,0
18368,1174,486,0
18369,1174,83,0
18370,1174,1189,0
18371,1174,653,0
18372,1174,760,0
18373,1174,1165,0
18374,1174,497,0
18375,1174,443,0
18376,1174,878,0
18377,1174,590,0
18378,1174,228,0
18379,1174,281,0
18380,1174,684,0
18381,1174,851,0
18382,1174,257,0
18383,1174,454,0
18384,1174,1247,0
18385,1174,740,0
18386,1174,264,0
18387,1174,670,0
18388,1174,1101,0
18389,1174,738,0
18390,1174,568,0
18391,1174,34,0
18392,1174,371,0
18393,1174,1085,0
18394,1174,1095,0
18395,1174,601,0
18396,1174,209,0
18397,1174,267,0
18398,1174,484,0
18399,1174,1244,0
18400,1174,807,0
18401,1174,631,0
18402,1174,1021,0
18403,1174,627,0
18404,1174,899,0
18405,1174,735,0
18406,1174,594,0
18407,1174,241,0
18408,1174,194,0
18409,1174,300,0
18410,1174,211,0
18411,1174,380,0
18412,1174,1252,0
18413,1174,365,0
18414,1174,1134,0
18415,1174,786,0
18416,1174,864,0
18417,1174,1148,0
18418,1174,598,0
18419,1174,92,0
18420,1174,1145,0
18421,1174,523,0
18422,1174,427,0
18423,1174,1220,0
18424,1174,229,0
18425,1174,603,0
18426,1174,308,0
18427,1174,614,0
18428,1174,512,0
18429,1174,358,0
18430,1174,938,0
18431,1174,102,0
18432,1174,444,0
18433,1174,1224,0
18434,1174,1098,0
18435,1174,98,0
18436,1174,327,0
18437,1174,464,0
18438,1174,918,0
18439,1174,298,0
18440,1174,137,0
18441,1174,537,0
18442,1174,634,0
18443,1174,1184,0
18444,1174,1254,0
18445,1174,995,0
18446,1174,981,0
18447,1174,624,0
18448,1174,1022,0
18449,1174,329,0
18450,1174,816,0
18451,1174,1143,0
18452,1174,650,0
18453,1174,340,0
18454,1174,442,0
18455,1174,425,0
18456,1174,1272,0
18457,1174,1039,0
18458,1174,595,0
18459,1174,743,0
18460,1174,1207,0
18461,1174,1311,0
18462,1174,450,0
18463,1174,840,0
18464,1174,1319,0
18465,1174,989,0
18466,1174,1018,0
18467,1174,103,0
18468,1174,1195,0
18469,1174,140,0
18470,1174,865,0
18471,1174,5,0
18472,1174,978,0
18473,1174,432,0
18474,1174,1279,0
18475,1174,820,0
18476,1174,13,0
18477,1174,1251,0
18478,1174,1054,0
18479,1174,230,0
18480,1174,1240,0
18481,1174,767,0
18482,1174,915,0
18483,1174,940,0
18484,1174,279,0
18485,1174,477,0
18486,1174,696,0
18487,1174,766,0
18488,1174,174,0
18489,1174,682,0
18490,1174,253,0
18491,1174,944,0
18492,1174,921,0
18493,1174,1034,0
18494,1174,1107,0
18495,1174,622,0
18496,1174,717,0
18497,1174,1234,0
18498,1174,22,0
18499,1174,49,0
18500,1174,713,0
18501,1174,347,0
18502,1174,338,0
18503,1174,757,0
18504,1174,498,0
18505,1174,708,0
18506,1174,2,0
18507,1174,1105,0
18508,1174,272,0
18509,1174,1264,0
18510,1174,1310,0
18511,1174,428,0
18512,1174,452,0
18513,1174,6,0
18514,1174,1216,0
18515,1174,705,0
18516,1174,74,0
18517,1174,401,0
18518,1174,1270,0
18519,1174,1056,0
18520,1174,803,0
18521,1174,178,0
18522,1174,799,0
18523,1174,1067,0
18524,1174,416,0
18525,1174,120,0
18526,1174,707,0
18527,1174,604,0
18528,1174,796,0
18529,1174,1099,0
18530,1174,1025,0
18531,1174,118,0
18532,1174,1129,0
18533,1174,555,0
18534,1174,861,0
18535,1174,353,0
18536,1174,1198,0
18537,1174,388,0
18538,1174,584,0
18539,1174,457,0
18540,1174,557,0
18541,1174,439,0
18542,1174,785,0
18543,1174,372,0
18544,1174,496,0
18545,1174,1037,0
18546,1174,475,0
18547,1174,1304,0
18548,1174,417,0
18549,1174,580,0
18550,1174,633,0
18551,1174,134,0
18552,1174,71,0
18553,1174,1000,0
18554,1174,301,0
18555,1174,630,0
