,TF,Target,Label
0,416,556,0
1,9,216,1
2,731,1519,1
3,253,38,0
4,1132,971,1
5,121,1326,1
6,1181,138,0
7,1199,1576,1
8,1269,400,0
9,1054,201,0
10,1210,168,1
11,1053,1043,1
12,1199,1295,1
13,1053,1433,1
14,2,886,0
15,928,500,0
16,538,1185,1
17,1168,58,0
18,1548,877,0
19,1219,765,1
20,9,13,1
21,530,474,1
22,557,1277,0
23,1439,582,0
24,1447,919,1
25,1199,1141,1
26,1191,374,1
27,1359,309,1
28,1436,45,0
29,1168,697,0
30,1057,1112,0
31,664,545,0
32,494,1132,1
33,638,1542,1
34,530,364,1
35,834,1218,1
36,733,1386,1
37,48,1288,1
38,1060,1234,1
39,1496,467,1
40,192,1330,1
41,48,254,1
42,1273,243,0
43,494,1281,1
44,723,748,1
45,454,1438,1
46,1534,506,0
47,1224,465,1
48,306,267,1
49,504,84,0
50,1615,55,1
51,544,559,1
52,1408,1439,1
53,401,1407,0
54,1454,76,1
55,1364,616,1
56,1262,155,1
57,1408,1028,1
58,923,371,1
59,248,723,1
60,553,455,0
61,1061,992,0
62,1301,1307,0
63,867,261,0
64,520,693,0
65,1400,374,0
66,575,247,1
67,1058,495,0
68,645,113,0
69,1542,1331,1
70,510,425,0
71,192,1071,1
72,108,965,0
73,187,1312,0
74,762,979,0
75,1363,1308,1
76,675,522,0
77,384,1359,1
78,1219,379,1
79,627,1190,0
80,1072,1127,0
81,731,1544,0
82,492,153,0
83,593,403,0
84,1438,48,1
85,229,200,0
86,1060,678,1
87,566,1578,1
88,192,1289,1
89,1115,541,0
90,1214,248,1
91,1497,682,0
92,960,379,0
93,1468,1238,0
94,541,723,1
95,1063,1339,0
96,1147,1615,0
97,1185,1119,1
98,1454,527,1
99,275,505,1
100,1519,501,1
101,1283,466,0
102,669,1056,0
103,1222,691,0
104,91,1219,1
105,733,796,1
106,192,730,1
107,1541,1130,1
108,1053,266,0
109,1235,1394,0
110,647,1496,0
111,1551,1044,0
112,192,1111,1
113,530,200,1
114,1424,1055,0
115,1468,602,0
116,1454,719,1
117,1129,454,1
118,1060,1042,1
119,1274,391,0
120,923,154,0
121,1439,950,0
122,88,1241,1
123,360,601,1
124,1219,337,1
125,1308,1168,1
126,582,986,0
127,584,1305,0
128,1219,1117,1
129,884,170,0
130,614,1177,0
131,242,1167,0
132,1551,689,0
133,563,467,1
134,1199,120,1
135,814,1066,0
136,1339,151,1
137,1129,467,1
138,653,1029,1
139,336,765,0
140,1185,369,1
141,1580,1573,1
142,1191,957,1
143,416,1359,0
144,50,1578,1
145,1390,467,0
146,660,1057,1
147,867,588,1
148,16,914,0
149,566,803,0
150,559,258,0
151,1318,385,0
152,1064,1338,0
153,1219,773,1
154,637,1353,0
155,438,1526,0
156,1264,374,1
157,48,260,1
158,1339,545,0
159,1079,1242,0
160,458,1161,1
161,347,425,0
162,119,1054,1
163,254,566,1
164,1454,890,1
165,1149,1069,0
166,1169,1318,1
167,923,499,1
168,963,995,0
169,494,1,1
170,1219,652,1
171,2,843,0
172,1576,1057,1
173,490,1,1
174,1063,905,1
175,530,723,1
176,1169,520,0
177,566,381,0
178,1219,1054,1
179,71,91,0
180,1214,1494,0
181,1363,194,0
182,600,883,1
183,814,317,1
184,1308,830,1
185,878,798,0
186,1237,63,0
187,1057,1472,1
188,35,469,1
189,289,1102,0
190,897,764,0
191,1129,572,1
192,176,1133,0
193,1177,1014,0
194,98,716,1
195,9,920,1
196,1385,263,1
197,1233,490,1
198,1576,1419,1
199,1264,980,1
200,1224,818,1
201,1079,1223,1
202,1501,1479,0
203,1264,439,1
204,1169,1056,1
205,945,142,0
206,1078,675,1
207,368,453,0
208,1248,321,0
209,909,1343,0
210,192,1101,1
211,275,428,0
212,481,112,0
213,589,664,1
214,1471,144,0
215,491,1598,0
216,1210,384,1
217,48,175,1
218,1185,1303,1
219,1573,1231,1
220,254,1111,1
221,927,946,0
222,878,190,1
223,1315,884,0
224,1370,1355,1
225,985,1257,0
226,1062,1206,0
227,1519,166,1
228,274,1097,0
229,314,48,1
230,1585,326,0
231,544,333,1
232,773,492,1
233,191,484,0
234,8,138,0
235,647,1135,0
236,231,207,0
237,9,1203,1
238,773,414,1
239,748,512,0
240,1177,1451,0
241,1229,1157,1
242,59,586,0
243,1011,1373,0
244,1087,1002,0
245,48,1332,1
246,234,355,1
247,1439,919,0
248,1517,1370,1
249,1202,1314,0
250,64,190,1
251,190,64,1
252,1291,410,0
253,155,17,1
254,1495,48,1
255,1264,1067,1
256,247,366,1
257,374,1268,1
258,566,677,1
259,485,1561,1
260,742,273,0
261,669,970,0
262,1370,1003,1
263,566,278,1
264,120,32,0
265,1264,1148,1
266,211,1288,0
267,813,771,0
268,1149,455,1
269,1407,965,0
270,311,530,1
271,538,544,1
272,898,1221,1
273,254,668,1
274,1423,1477,0
275,1219,405,1
276,1078,1560,0
277,566,533,1
278,1312,1191,1
279,254,150,0
280,494,376,1
281,198,372,0
282,254,119,1
283,130,1592,0
284,1134,931,0
285,968,1492,1
286,1199,716,1
287,809,651,0
288,187,433,0
289,265,1567,0
290,382,616,0
291,267,276,0
292,951,1159,1
293,590,44,1
294,800,113,0
295,485,452,0
296,431,1222,1
297,192,604,1
298,454,1494,0
299,1488,917,0
300,887,152,0
301,1168,793,0
302,618,465,0
303,1494,1488,0
304,951,1438,1
305,1331,1439,1
306,1453,714,1
307,908,718,0
308,708,593,1
309,1495,1058,0
310,898,1519,0
311,945,649,1
312,1185,719,1
313,796,873,0
314,1423,958,0
315,1031,1238,0
316,904,1187,0
317,291,183,0
318,571,1605,0
319,986,473,0
320,21,919,1
321,9,1476,1
322,185,624,0
323,269,1436,0
324,1528,1014,0
325,1364,1575,1
326,864,660,1
327,1132,656,1
328,1331,1149,1
329,1149,1085,0
330,1087,287,0
331,524,429,0
332,70,955,1
333,1454,235,1
334,9,1419,1
335,1500,1379,0
336,1219,1027,1
337,1210,360,1
338,47,1034,0
339,160,1142,0
340,676,708,0
341,733,1315,1
342,278,571,0
343,1454,618,1
344,660,1513,0
345,614,1495,1
346,538,1338,1
347,676,1215,0
348,48,546,0
349,849,155,1
350,795,1105,0
351,1318,1293,0
352,872,324,1
353,306,575,1
354,723,534,1
355,151,48,1
356,649,616,1
357,830,501,0
358,723,136,0
359,151,716,1
360,1195,505,1
361,800,348,0
362,1057,478,1
363,908,472,0
364,1370,1162,1
365,80,731,1
366,762,234,1
367,1060,111,0
368,1221,80,1
369,788,1243,0
370,673,48,1
371,923,1536,1
372,1533,983,0
373,1161,1193,0
374,1005,145,1
375,614,1615,1
376,1219,566,1
377,584,152,1
378,923,1585,1
379,280,7,0
380,1400,451,1
381,1053,311,1
382,459,158,0
383,1519,1005,1
384,379,1273,1
385,1264,1323,1
386,566,1510,1
387,427,1308,1
388,1231,1028,1
389,145,444,0
390,1315,786,1
391,151,1107,0
392,1219,723,1
393,1078,342,0
394,1404,653,0
395,48,1370,1
396,1315,1543,1
397,1505,732,0
398,1367,222,1
399,1062,905,0
400,1273,869,0
401,1404,1003,1
402,767,1578,0
403,649,566,1
404,987,905,1
405,425,765,0
406,1510,631,0
407,160,1096,0
408,1316,993,0
409,432,334,0
410,1366,1578,0
411,582,177,0
412,765,834,0
413,1613,798,0
414,48,1600,1
415,1308,185,1
416,478,82,0
417,557,1045,0
418,1317,770,0
419,995,590,1
420,1575,1235,0
421,516,1545,0
422,48,708,1
423,1289,230,0
424,904,589,0
425,681,280,0
426,16,870,0
427,1215,1173,1
428,681,983,0
429,1402,951,0
430,1548,832,0
431,730,705,0
432,1063,1038,0
433,192,713,1
434,1445,269,0
435,1308,80,1
436,684,258,0
437,48,919,1
438,626,471,0
439,1573,1095,0
440,1029,1219,1
441,1544,1052,1
442,538,1557,0
443,1534,1354,0
444,306,559,1
445,638,1331,1
446,1274,845,0
447,429,734,0
448,615,992,0
449,590,1191,1
450,1229,566,1
451,765,1436,1
452,447,80,1
453,21,1199,1
454,896,206,1
455,64,1542,1
456,578,779,0
457,905,104,0
458,374,1191,1
459,1454,659,1
460,304,983,0
461,425,1428,0
462,1129,415,1
463,501,1028,0
464,405,566,1
465,745,751,0
466,682,1368,0
467,788,450,0
468,1038,723,1
469,324,1061,0
470,1328,1219,1
471,98,69,0
472,442,566,0
473,638,455,1
474,818,1061,1
475,566,388,0
476,766,120,0
477,709,1523,0
478,1518,1053,1
479,1199,83,0
480,833,123,1
481,1568,708,0
482,48,1003,1
483,1301,117,0
484,649,86,0
485,556,471,0
486,1468,514,0
487,723,525,1
488,1445,455,1
489,1423,589,1
490,1454,1590,1
491,284,1123,1
492,1454,290,1
493,31,1451,0
494,578,1119,1
495,311,751,1
496,808,447,1
497,58,244,1
498,494,595,1
499,161,468,0
500,588,192,1
501,1318,1177,0
502,566,453,1
503,136,621,0
504,1468,217,0
505,1185,281,1
506,538,1352,0
507,1580,1483,1
508,590,934,1
509,560,1619,0
510,731,588,0
511,71,653,0
512,44,1141,1
513,1264,800,1
514,9,1049,1
515,48,1456,1
516,1173,1483,1
517,244,58,1
518,157,1354,0
519,1199,760,1
520,16,409,0
521,934,1617,0
522,192,825,1
523,945,1053,1
524,1129,575,1
525,1199,1066,1
526,254,317,1
527,1092,970,0
528,1454,498,1
529,9,275,1
530,957,1117,0
531,98,676,1
532,1215,1350,0
533,1264,833,1
534,1254,520,1
535,743,1317,0
536,454,714,1
537,1464,928,0
538,1494,1394,0
539,1615,1423,0
540,317,714,1
541,151,1467,0
542,627,282,1
543,1454,626,1
544,658,758,0
545,1029,1068,0
546,1331,1093,0
547,301,1483,1
548,1199,277,1
549,1423,960,0
550,640,1180,0
551,765,368,1
552,1185,929,1
553,609,944,0
554,21,872,1
555,1517,692,0
556,266,198,0
557,1131,368,0
558,454,1375,0
559,9,527,1
560,426,1297,0
561,649,333,0
562,1091,1519,0
563,1049,1199,1
564,21,1404,1
565,1585,145,1
566,762,1201,0
567,77,895,0
568,438,324,1
569,1210,1003,0
570,48,1047,1
571,951,1447,1
572,1308,392,1
573,1314,256,0
574,492,1519,1
575,69,808,1
576,254,438,1
577,1027,72,0
578,9,1292,1
579,478,1319,0
580,140,1044,0
581,1407,364,0
582,164,1062,0
583,1359,716,1
584,619,1454,0
585,1542,1057,1
586,599,1058,0
587,142,1095,1
588,306,1204,0
589,1454,966,1
590,234,45,0
591,151,128,1
592,485,462,1
593,923,980,1
594,1215,993,0
595,773,1129,1
596,1262,390,0
597,538,716,1
598,1219,204,1
599,566,759,1
600,1142,1525,0
601,530,1404,1
602,556,1389,0
603,48,530,1
604,130,409,0
605,235,413,0
606,926,716,1
607,868,1003,0
608,743,809,0
609,1031,1254,1
610,2,835,0
611,192,182,1
612,1157,671,0
613,1060,1598,1
614,818,1312,1
615,781,481,0
616,545,603,0
617,1169,894,0
618,1219,385,1
619,1427,1469,0
620,1191,1199,1
621,1291,77,1
622,1213,1199,0
623,723,336,1
624,260,1086,0
625,1226,128,0
626,9,1180,1
627,1544,718,0
628,1125,1057,1
629,1258,413,1
630,1519,494,1
631,609,38,0
632,1036,650,0
633,653,319,1
634,588,385,0
635,245,483,0
636,975,1451,1
637,1222,171,1
638,89,1346,0
639,1591,932,0
640,78,128,0
641,9,547,1
642,1454,277,1
643,9,1336,1
644,1331,411,1
645,541,881,0
646,1202,340,1
647,864,765,1
648,723,1173,1
649,499,263,0
650,145,1005,1
651,1264,353,1
652,254,1219,1
653,1199,374,1
654,1301,1492,0
655,1305,667,0
656,9,584,1
657,1257,1531,0
658,1125,879,1
659,1355,360,0
660,1291,1599,1
661,1239,493,0
662,1312,1598,0
663,192,199,1
664,259,601,1
665,1210,630,1
666,1079,547,1
667,1181,208,0
668,566,555,1
669,151,821,0
670,1219,1017,1
671,833,1296,1
672,538,145,1
673,1014,1138,0
674,1221,1590,1
675,455,64,1
676,21,350,0
677,1592,1584,0
678,21,59,0
679,697,1549,0
680,968,1387,1
681,1483,1434,0
682,192,411,1
683,1454,1497,1
684,324,389,1
685,846,1610,1
686,1504,1463,0
687,336,769,0
688,1453,191,1
689,1042,1225,0
690,1222,473,1
691,9,1329,1
692,566,588,1
693,1326,138,0
694,588,601,1
695,566,231,1
696,289,430,0
697,1539,789,1
698,1129,136,1
699,9,27,1
700,91,714,0
701,867,1424,0
702,145,1355,1
703,340,1399,0
704,306,1205,1
705,818,557,1
706,762,1343,1
707,698,578,0
708,1390,1147,0
709,384,1173,0
710,9,606,1
711,1060,841,1
712,1048,1271,0
713,18,1237,1
714,1308,743,1
715,676,395,0
716,800,115,0
717,577,566,1
718,731,773,1
719,1254,162,0
720,1370,536,0
721,149,1210,1
722,773,838,1
723,1258,77,1
724,547,145,1
725,1057,220,0
726,1264,384,1
727,1510,796,0
728,1123,649,0
729,58,1008,0
730,987,559,1
731,455,1173,1
732,1291,1463,0
733,731,488,0
734,1060,191,1
735,509,850,0
736,50,206,1
737,306,460,1
738,1454,1360,1
739,1250,1338,0
740,745,254,1
741,800,935,0
742,1453,231,1
743,9,259,1
744,1510,300,0
745,459,278,1
746,455,473,0
747,319,549,0
748,89,126,0
749,646,1604,0
750,269,447,0
751,1222,145,1
752,731,903,1
753,459,18,1
754,284,107,1
755,557,441,0
756,347,1070,0
757,192,1107,1
758,599,117,0
759,1187,161,0
760,860,1057,1
761,347,15,0
762,336,660,0
763,1199,206,1
764,1115,706,1
765,813,364,0
766,77,562,0
767,1250,799,0
768,1049,1204,0
769,176,1045,0
770,1505,1605,0
771,1214,819,0
772,1062,1434,0
773,1317,624,0
774,235,1211,1
775,723,441,0
776,91,1038,1
777,1123,989,0
778,1273,622,1
779,21,144,1
780,1445,697,0
781,259,491,1
782,1205,866,0
783,1314,445,0
784,229,648,0
785,9,1576,1
786,1264,419,1
787,9,1351,1
788,1043,1150,0
789,411,1217,1
790,1323,875,0
791,1315,636,1
792,9,516,1
793,186,410,0
794,192,1157,1
795,189,1053,1
796,1264,1189,1
797,530,514,1
798,232,1056,0
799,2,1053,0
800,682,122,0
801,1338,499,0
802,1210,149,1
803,1119,29,1
804,1211,1231,1
805,1496,547,1
806,742,884,1
807,157,1149,0
808,723,1048,1
809,1370,691,0
810,536,534,0
811,987,716,1
812,1107,1052,1
813,324,549,1
814,1390,956,0
815,21,1247,1
816,276,151,1
817,1542,975,1
818,702,281,0
819,530,1329,1
820,1223,616,0
821,1199,319,1
822,1316,1057,1
823,192,421,1
824,1599,1038,0
825,427,490,0
826,1223,533,0
827,202,48,0
828,541,979,0
829,1048,715,0
830,1214,231,1
831,1187,1526,0
832,301,314,1
833,0,621,0
834,340,693,0
835,108,1293,0
836,1219,416,1
837,1354,84,0
838,1210,356,1
839,590,601,1
840,1326,1366,0
841,389,1301,0
842,710,646,0
843,696,557,1
844,736,467,1
845,455,1331,1
846,460,911,0
847,751,1338,1
848,48,1004,1
849,710,424,0
850,986,1544,0
851,784,209,0
852,1149,1445,1
853,300,557,1
854,684,451,0
855,1072,86,0
856,561,707,0
857,1217,302,1
858,1215,1451,1
859,733,324,0
860,43,1575,1
861,192,1074,1
862,121,47,1
863,544,1339,1
864,9,1575,1
865,9,529,0
866,743,885,1
867,1185,927,0
868,1033,580,0
869,1505,1151,0
870,1483,1417,0
871,1219,1513,1
872,572,120,0
873,198,543,1
874,458,1055,0
875,987,1326,1
876,590,1289,0
877,926,664,1
878,868,638,0
879,601,1381,0
880,1568,1482,0
881,1036,689,0
882,830,429,0
883,896,1249,1
884,1497,1436,0
885,248,1264,0
886,1308,571,0
887,165,715,0
888,708,1087,1
889,1060,12,1
890,255,1027,0
891,1332,132,0
892,64,1173,1
893,698,996,1
894,926,80,1
895,745,889,0
896,640,246,0
897,809,610,0
898,1476,1146,0
899,374,1215,0
900,80,637,0
901,1231,1403,0
902,27,165,0
903,566,1507,1
904,1414,92,0
905,926,354,1
906,614,1447,0
907,672,1277,1
908,474,136,1
909,660,925,0
910,80,1367,1
911,274,1276,0
912,64,1445,1
913,1400,91,1
914,1519,98,1
915,955,90,0
916,431,1199,1
917,1053,945,1
918,538,1132,1
919,524,538,1
920,135,189,0
921,971,926,1
922,1476,1056,1
923,48,649,1
924,1428,676,1
925,656,261,1
926,1199,324,1
927,1003,1548,0
928,547,1049,1
929,1256,368,1
930,1315,1268,1
931,438,189,1
932,1258,1146,1
933,733,1460,1
934,673,1450,1
935,1078,444,0
936,1038,91,1
937,538,818,1
938,1519,1427,1
939,653,2,1
940,1505,753,0
941,945,863,0
942,1592,693,0
943,323,1141,1
944,773,544,1
945,1027,401,0
946,1205,557,1
947,9,224,1
948,309,460,0
949,1264,1496,1
950,1199,1000,1
951,1199,563,1
952,553,542,0
953,796,934,1
954,996,1064,1
955,773,695,1
956,145,242,0
957,280,1473,0
958,1002,169,0
959,864,401,1
960,1069,824,0
961,48,832,0
962,1314,577,1
963,1419,214,0
964,1425,747,0
965,575,1065,1
966,1133,1470,0
967,563,119,1
968,714,316,0
969,1424,649,1
970,17,509,1
971,1231,190,1
972,314,220,0
973,1314,887,1
974,523,22,0
975,974,289,0
976,48,926,1
977,1130,1438,0
978,194,622,0
979,1402,603,0
980,823,130,0
981,314,1580,1
982,566,225,1
983,557,775,0
984,673,1219,0
985,926,130,1
986,814,493,0
987,494,1390,0
988,1177,601,1
989,474,1132,1
990,1042,727,0
991,538,765,1
992,156,1180,0
993,70,1088,1
994,9,499,1
995,773,245,1
996,926,1118,1
997,649,1125,1
998,864,368,1
999,879,18,1
1000,17,1249,1
1001,588,1419,0
1002,1500,1164,0
1003,601,77,1
1004,47,1206,0
1005,1057,65,0
1006,846,987,1
1007,927,622,0
1008,1130,1558,0
1009,1185,475,1
1010,1072,1606,0
1011,773,1420,0
1012,157,733,1
1013,590,962,1
1014,1272,662,0
1015,1038,926,1
1016,1147,129,0
1017,1520,146,0
1018,384,538,1
1019,9,960,1
1020,355,1315,0
1021,145,1139,0
1022,1205,1314,0
1023,575,66,1
1024,498,1564,0
1025,1199,916,1
1026,1281,57,0
1027,1085,950,0
1028,391,978,0
1029,733,1,1
1030,566,1124,1
1031,1312,926,1
1032,480,1555,0
1033,1454,658,1
1034,1213,243,0
1035,161,776,0
1036,846,564,1
1037,1445,608,0
1038,566,797,1
1039,9,963,1
1040,926,192,1
1041,1506,203,0
1042,1281,919,1
1043,1591,1442,0
1044,391,384,0
1045,1118,773,1
1046,59,193,0
1047,731,1110,0
1048,198,125,0
1049,557,1386,0
1050,588,1343,1
1051,1132,524,1
1052,560,688,1
1053,1350,23,0
1054,1149,771,0
1055,1451,1483,1
1056,1510,279,1
1057,1585,354,1
1058,454,249,0
1059,190,1217,1
1060,1132,474,1
1061,1131,1034,0
1062,727,1398,0
1063,1275,1009,0
1064,453,154,0
1065,1454,165,1
1066,1188,362,0
1067,1451,1573,1
1068,453,303,0
1069,1258,754,0
1070,494,897,1
1071,563,1461,1
1072,1064,77,0
1073,1245,234,1
1074,71,691,0
1075,234,1547,0
1076,1314,695,1
1077,1367,107,0
1078,887,1485,0
1079,88,300,1
1080,192,734,1
1081,9,703,1
1082,469,557,1
1083,1129,723,1
1084,1087,972,0
1085,192,1191,1
1086,1027,28,0
1087,846,1590,1
1088,427,1413,0
1089,48,1548,1
1090,70,1547,0
1091,366,375,0
1092,1015,705,0
1093,773,1544,1
1094,192,246,1
1095,311,312,0
1096,699,845,1
1097,198,1175,0
1098,723,1467,1
1099,494,945,1
1100,284,64,1
1101,1038,1122,0
1102,1063,1099,0
1103,1224,291,0
1104,1221,809,1
1105,1063,529,1
1106,1364,1145,0
1107,1177,1390,0
1108,1543,1599,1
1109,192,196,1
1110,1199,1137,1
1111,1419,499,1
1112,1257,464,0
1113,957,1370,0
1114,508,279,0
1115,31,144,0
1116,975,208,0
1117,219,430,0
1118,1451,1491,0
1119,304,761,0
1120,492,1585,1
1121,389,1536,0
1122,926,1158,1
1123,1222,447,1
1124,601,1144,1
1125,1544,287,1
1126,391,563,1
1127,771,1030,0
1128,601,851,1
1129,566,1028,0
1130,878,1078,1
1131,614,716,1
1132,1231,1451,1
1133,1199,35,1
1134,1394,421,0
1135,672,1237,1
1136,653,1053,1
1137,454,919,0
1138,1264,176,1
1139,474,338,1
1140,218,411,0
1141,723,1328,1
1142,190,1407,0
1143,1314,1017,1
1144,1031,1095,0
1145,431,765,1
1146,1439,1250,0
1147,1210,160,1
1148,1488,1209,0
1149,1060,1587,1
1150,1063,377,1
1151,276,733,0
1152,773,1599,1
1153,1338,357,0
1154,575,1313,0
1155,1395,1236,0
1156,773,596,1
1157,577,254,1
1158,288,1608,0
1159,427,788,1
1160,699,15,0
1161,1038,599,1
1162,192,1454,1
1163,94,859,0
1164,904,1535,0
1165,748,163,0
1166,9,453,1
1167,1219,305,0
1168,202,132,0
1169,624,1007,0
1170,1476,1208,0
1171,1318,1384,0
1172,1315,2,1
1173,887,1232,0
1174,44,298,0
1175,1550,1557,1
1176,823,199,0
1177,21,1486,1
1178,9,1224,1
1179,366,321,1
1180,1436,504,1
1181,816,1260,0
1182,578,897,1
1183,1370,1040,1
1184,355,1114,0
1185,566,434,1
1186,142,1391,0
1187,1590,926,1
1188,896,94,1
1189,1191,1056,1
1190,945,467,0
1191,1326,231,1
1192,1199,418,1
1193,1210,1581,1
1194,360,1027,1
1195,571,1268,0
1196,1056,480,0
1197,1326,520,1
1198,985,770,0
1199,442,1564,0
1200,530,311,1
1201,47,544,0
1202,1258,391,1
1203,1590,473,0
1204,547,1559,0
1205,156,1258,0
1206,1312,185,1
1207,401,1296,1
1208,391,73,0
1209,674,266,0
1210,1451,455,1
1211,1181,780,0
1212,1483,1215,1
1213,674,1558,0
1214,1363,520,1
1215,374,1003,1
1216,141,1145,0
1217,1281,619,0
1218,323,567,0
1219,1191,347,1
1220,813,132,1
1221,1264,1269,1
1222,1599,712,0
1223,566,1118,1
1224,1281,1057,1
1225,202,1217,0
1226,485,459,1
1227,1222,1092,1
1228,9,740,1
1229,773,760,1
1230,1581,1454,1
1231,452,1259,0
1232,674,1155,0
1233,1513,419,0
1234,764,539,0
1235,88,716,1
1236,155,688,1
1237,1519,1326,1
1238,1003,1079,1
1239,275,1332,1
1240,1205,1092,0
1241,1078,878,1
1242,571,1100,0
1243,156,454,0
1244,1585,649,1
1245,6,539,0
1246,1355,623,0
1247,697,1157,0
1248,121,1600,0
1249,265,1320,0
1250,879,647,0
1251,908,761,0
1252,1613,349,0
1253,1454,1024,1
1254,1210,1544,1
1255,1219,295,1
1256,534,723,1
1257,658,748,1
1258,1129,404,1
1259,1201,1159,0
1260,1060,374,1
1261,896,1142,0
1262,1403,986,0
1263,192,1544,1
1264,105,590,1
1265,530,1178,1
1266,58,1273,1
1267,545,304,1
1268,1199,381,0
1269,1219,1459,1
1270,1369,222,1
1271,1317,909,1
1272,1199,749,1
1273,588,1191,1
1274,1054,1385,1
1275,48,1227,0
1276,254,1471,1
1277,566,1132,1
1278,494,192,1
1279,1308,1185,1
1280,58,1380,0
1281,59,432,1
1282,1054,58,1
1283,1258,584,1
1284,9,288,1
1285,926,808,1
1286,1296,98,0
1287,499,1249,1
1288,48,606,1
1289,234,1500,1
1290,334,1493,0
1291,1408,1215,1
1292,1366,814,0
1293,1573,799,0
1294,1364,773,1
1295,427,557,1
1296,1451,524,0
1297,638,1044,0
1298,145,524,1
1299,9,1022,1
1300,1425,903,1
1301,1400,636,1
1302,1301,1170,0
1303,176,18,0
1304,816,323,1
1305,1265,1502,0
1306,69,1535,0
1307,141,506,0
1308,649,248,1
1309,538,751,1
1310,1215,1355,0
1311,530,255,1
1312,1510,548,0
1313,1053,1532,0
1314,573,529,0
1315,192,1232,1
1316,544,1221,0
1317,530,99,0
1318,566,1613,1
1319,1107,658,0
1320,1312,261,1
1321,192,1056,1
1322,157,1284,0
1323,317,284,1
1324,1599,9,1
1325,1607,229,0
1326,424,665,0
1327,968,94,1
1328,145,1585,1
1329,151,853,0
1330,319,953,1
1331,599,601,1
1332,1563,516,1
1333,458,689,0
1334,1003,740,1
1335,1219,1187,1
1336,619,1475,0
1337,664,989,0
1338,141,409,0
1339,714,161,0
1340,382,90,0
1341,190,168,0
1342,1453,1078,1
1343,773,936,1
1344,1576,469,0
1345,1483,1408,1
1346,968,1342,1
1347,530,313,1
1348,601,610,1
1349,589,647,0
1350,9,564,1
1351,980,1038,0
1352,653,1189,0
1353,1403,566,1
1354,211,1158,0
1355,1053,678,1
1356,1496,1588,1
1357,1315,591,1
1358,599,1053,1
1359,1219,161,1
1360,1400,1590,0
1361,1231,1078,1
1362,664,589,1
1363,1264,1359,1
1364,927,948,0
1365,192,1574,1
1366,672,1210,1
1367,723,9,1
1368,242,417,0
1369,1520,788,0
1370,21,567,1
1371,516,1340,0
1372,1614,1535,0
1373,1191,1312,1
1374,878,411,1
1375,192,47,1
1376,636,555,0
1377,485,751,0
1378,64,452,0
1379,1187,1221,1
1380,723,17,1
1381,317,114,0
1382,254,808,1
1383,678,387,0
1384,795,1227,0
1385,185,594,0
1386,9,1089,1
1387,326,1003,0
1388,926,112,1
1389,1281,870,0
1390,578,1455,1
1391,490,909,1
1392,192,68,1
1393,765,327,0
1394,896,1251,1
1395,1210,353,1
1396,846,884,1
1397,9,1587,1
1398,814,1231,0
1399,582,1448,0
1400,926,1447,1
1401,909,77,0
1402,1130,413,0
1403,1575,248,1
1404,1447,1446,0
1405,788,952,0
1406,904,1204,0
1407,1495,1209,0
1408,1273,599,1
1409,955,185,0
1410,1214,1219,1
1411,1199,252,1
1412,1187,254,1
1413,1576,64,1
1414,415,1533,0
1415,668,580,0
1416,1231,1331,1
1417,919,1555,1
1418,733,24,1
1419,1224,47,1
1420,1454,222,1
1421,714,201,0
1422,130,1343,0
1423,192,1092,1
1424,814,1340,0
1425,1538,338,0
1426,846,135,0
1427,48,408,1
1428,119,1218,1
1429,676,557,0
1430,1219,938,1
1431,1001,153,0
1432,1283,1258,0
1433,1003,59,0
1434,1326,83,0
1435,1541,315,0
1436,1219,618,1
1437,796,606,0
1438,1544,382,1
1439,91,987,0
1440,590,1340,0
1441,1002,310,0
1442,530,728,1
1443,1087,1032,0
1444,534,428,0
1445,1293,1202,0
1446,712,537,0
1447,1063,861,1
1448,544,590,1
1449,1314,485,1
1450,735,684,0
1451,775,311,0
1452,1453,170,1
1453,566,69,1
1454,1370,1318,1
1455,264,90,0
1456,498,538,1
1457,1219,639,1
1458,1354,357,0
1459,474,676,1
1460,1436,828,0
1461,282,1371,1
1462,194,1520,0
1463,411,1541,0
1464,1350,1189,0
1465,1002,1334,0
1466,186,1521,0
1467,1085,696,0
1468,1385,1139,1
1469,1408,1211,1
1470,157,1315,1
1471,926,48,1
1472,9,804,0
1473,145,503,0
1474,306,1437,1
1475,808,1420,0
1476,593,37,0
1477,849,896,1
1478,1224,1544,1
1479,1475,494,0
1480,656,714,1
1481,1326,532,0
1482,615,821,0
1483,620,1241,0
1484,1151,300,0
1485,1054,1585,1
1486,668,853,0
1487,1580,1532,0
1488,1129,883,1
1489,1454,1034,1
1490,872,818,0
1491,538,408,1
1492,160,837,0
1493,1454,1133,1
1494,1415,312,0
1495,1438,762,1
1496,960,1219,1
1497,284,1265,0
1498,1543,1084,0
1499,860,512,0
1500,442,908,0
1501,1249,192,1
1502,1199,915,1
1503,978,1321,0
1504,1395,360,0
1505,1613,429,0
1506,1215,1053,1
1507,245,123,1
1508,1289,161,0
1509,672,793,1
1510,1093,218,0
1511,788,573,0
1512,919,1281,1
1513,773,703,1
1514,1229,57,0
1515,955,1448,0
1516,1054,996,1
1517,1219,1237,1
1518,1115,796,0
1519,1317,1350,1
1520,818,431,1
1521,48,743,1
1522,566,248,1
1523,1312,206,1
1524,1615,509,1
1525,405,336,0
1526,157,29,0
1527,48,74,1
1528,538,604,1
1529,245,1257,0
1530,1580,632,0
1531,157,1440,0
1532,427,465,0
1533,379,738,0
1534,1092,83,0
1535,1060,611,0
1536,458,1447,1
1537,1057,975,1
1538,1423,1169,1
1539,723,424,1
1540,773,1296,1
1541,1087,1305,0
1542,928,1047,0
1543,589,629,0
1544,1395,1312,1
1545,255,720,0
1546,1264,1289,1
1547,1312,415,0
1548,1237,1223,0
1549,577,1187,1
1550,366,978,0
1551,474,145,1
1552,1350,86,0
1553,17,429,0
1554,186,903,1
1555,714,721,0
1556,846,1409,1
1557,934,1061,0
1558,730,709,0
1559,868,1044,0
1560,1248,1378,0
1561,523,849,0
1562,524,925,0
1563,9,847,1
1564,1054,601,1
1565,21,730,0
1566,324,739,1
1567,1199,458,1
1568,9,713,1
1569,119,69,1
1570,773,65,1
1571,1501,690,0
1572,971,716,1
1573,1003,559,1
1574,156,193,0
1575,773,469,1
1576,1338,1406,0
1577,771,1326,0
1578,1001,485,1
1579,232,151,0
1580,813,520,0
1581,1404,1550,0
1582,58,255,1
1583,1291,74,1
1584,505,347,0
1585,1093,1152,0
1586,1408,1231,1
1587,1054,193,1
1588,751,311,1
1589,1402,1055,0
1590,538,338,1
1591,190,798,0
1592,530,1261,1
1593,1191,461,1
1594,672,1126,1
1595,518,851,0
1596,1591,1074,0
1597,438,1207,0
1598,1187,926,1
1599,658,1542,1
1600,723,1054,1
1601,1161,830,0
1602,1265,208,0
1603,1272,1338,1
1604,94,688,1
1605,480,1292,0
1606,1454,8,0
1607,1400,61,0
1608,1314,1557,1
1609,985,1454,1
1610,1038,653,1
1611,210,422,0
1612,244,1496,0
1613,1,1560,0
1614,432,261,1
1615,1,1343,0
1616,1370,716,1
1617,580,1226,0
1618,192,418,1
1619,1115,868,0
1620,614,997,0
1621,733,1004,1
1622,1060,354,1
1623,773,1332,1
1624,544,225,0
1625,155,129,1
1626,192,1319,1
1627,232,698,0
1628,1454,1568,1
1629,192,994,0
1630,69,668,1
1631,1056,1191,1
1632,773,1500,1
1633,282,377,0
1634,1210,774,1
1635,197,1087,0
1636,814,909,0
1637,1258,136,0
1638,1131,591,0
1639,646,1272,1
1640,10,435,0
1641,287,495,0
1642,995,1130,0
1643,1219,459,1
1644,35,1523,0
1645,441,190,0
1646,736,209,1
1647,816,194,0
1648,547,468,1
1649,1308,1358,1
1650,9,497,1
1651,1454,810,1
1652,626,1037,0
1653,1199,115,1
1654,1573,1331,1
1655,787,410,0
1656,578,245,1
1657,1249,1423,0
1658,478,549,0
1659,1314,1303,1
1660,323,170,0
1661,52,7,0
1662,995,1435,0
1663,985,367,0
1664,48,1527,1
1665,1370,136,1
1666,1264,824,1
1667,851,565,0
1668,317,1444,1
1669,1054,80,1
1670,198,527,0
1671,1,1472,0
1672,1038,254,1
1673,481,337,0
1674,1454,1054,1
1675,1195,796,0
1676,135,29,0
1677,987,538,1
1678,762,912,0
1679,1533,68,0
1680,156,252,0
1681,1273,614,1
1682,291,272,0
1683,1334,285,0
1684,98,1004,0
1685,447,1222,1
1686,186,83,0
1687,1048,1008,0
1688,928,1230,0
1689,94,518,0
1690,454,845,1
1691,672,1117,1
1692,1131,1054,0
1693,9,830,1
1694,714,1126,0
1695,1129,1240,1
1696,1265,385,0
1697,1061,1269,0
1698,1195,1130,1
1699,896,1589,1
1700,1199,1204,1
1701,1257,1331,0
1702,1390,1173,0
1703,391,1079,1
1704,1053,1599,1
1705,1220,1151,0
1706,482,994,0
1707,197,432,1
1708,523,858,0
1709,9,801,1
1710,1150,408,0
1711,773,1564,1
1712,1475,378,0
1713,593,562,1
1714,1510,664,1
1715,1308,1091,0
1716,18,557,1
1717,77,723,1
1718,1199,281,1
1719,427,1580,0
1720,590,1052,1
1721,145,1222,1
1722,152,846,0
1723,9,137,1
1724,571,1074,0
1725,1454,1097,1
1726,1326,261,1
1727,1264,893,1
1728,309,510,0
1729,598,1004,1
1730,336,1348,0
1731,156,689,0
1732,669,1219,1
1733,9,171,1
1734,368,1118,1
1735,185,1312,1
1736,1517,1371,1
1737,1015,978,0
1738,1542,626,0
1739,1308,1,1
1740,559,1454,0
1741,1519,1480,1
1742,1169,540,0
1743,566,1472,1
1744,1063,382,1
1745,733,1421,1
1746,723,1609,0
1747,1029,1415,1
1748,1060,980,1
1749,455,492,1
1750,1254,16,0
1751,1049,700,0
1752,192,1249,1
1753,1542,1408,1
1754,44,1607,0
1755,1085,176,0
1756,1568,1557,0
1757,411,878,1
1758,544,742,0
1759,1249,499,1
1760,1134,165,0
1761,1454,1272,1
1762,254,1241,1
1763,1428,692,0
1764,1314,829,1
1765,9,356,1
1766,1131,1003,0
1767,1454,545,1
1768,48,469,1
1769,765,716,1
1770,9,374,1
1771,1210,227,1
1772,709,337,0
1773,455,1028,1
1774,360,1155,1
1775,1169,52,0
1776,1210,905,1
1777,1028,961,0
1778,1054,189,1
1779,723,275,1
1780,155,72,1
1781,1038,231,1
1782,896,22,1
1783,1269,582,0
1784,1231,1576,1
1785,672,846,1
1786,1316,789,0
1787,1483,1580,1
1788,306,278,1
1789,391,1407,0
1790,1054,1221,1
1791,1142,1000,0
1792,879,1476,1
1793,937,147,0
1794,1072,35,1
1795,1328,1450,0
1796,9,659,1
1797,275,538,1
1798,145,426,1
1799,1519,322,1
1800,1518,1232,1
1801,1369,743,0
1802,845,1246,1
1803,1187,69,1
1804,566,784,1
1805,813,898,0
1806,553,829,0
1807,1191,903,1
1808,1496,175,1
1809,1433,311,0
1810,509,1101,0
1811,573,169,0
1812,9,1474,1
1813,1454,1507,1
1814,1454,88,1
1815,764,371,1
1816,21,739,1
1817,647,93,0
1818,577,1155,0
1819,573,1147,0
1820,1419,9,1
1821,1308,895,1
1822,31,292,0
1823,1301,559,0
1824,1369,154,0
1825,1233,809,0
1826,191,1250,0
1827,234,1449,0
1828,1291,155,1
1829,1544,191,1
1830,636,206,0
1831,1093,1011,1
1832,69,1471,1
1833,505,773,1
1834,1291,140,0
1835,1259,1194,0
1836,16,1555,0
1837,985,306,0
1838,563,179,1
1839,530,1500,1
1840,64,879,0
1841,1132,1021,0
1842,590,1343,1
1843,1195,1423,0
1844,864,1351,1
1845,1049,890,1
1846,559,1024,0
1847,708,1198,0
1848,1423,1568,0
1849,1476,865,0
1850,360,1078,0
1851,773,1552,1
1852,1185,80,1
1853,1048,75,0
1854,1315,1022,1
1855,255,272,0
1856,309,1064,1
1857,664,1109,0
1858,1177,661,0
1859,88,940,0
1860,872,544,1
1861,1359,478,0
1862,575,1492,0
1863,452,375,0
1864,1505,851,0
1865,192,926,1
1866,554,1431,0
1867,658,1335,0
1868,1219,209,0
1869,1235,970,0
1870,649,1199,1
1871,510,832,1
1872,1015,499,0
1873,1445,966,1
1874,1460,706,0
1875,834,1359,1
1876,697,1288,0
1877,1138,192,0
1878,1221,926,1
1879,432,396,0
1880,846,388,0
1881,151,432,1
1882,723,590,1
1883,987,1447,1
1884,1439,1175,0
1885,142,1085,0
1886,698,1360,0
1887,1520,220,0
1888,893,644,0
1889,70,146,0
1890,1123,1218,0
1891,1519,905,1
1892,16,254,0
1893,1177,627,0
1894,416,446,0
1895,1054,1158,1
1896,16,860,1
1897,1367,69,1
1898,1003,1314,1
1899,292,760,0
1900,44,857,1
1901,306,137,1
1902,494,1415,0
1903,566,739,1
1904,566,130,0
1905,1269,577,0
1906,566,1251,1
1907,1235,567,1
1908,762,773,1
1909,192,366,1
1910,1544,948,1
1911,1085,27,1
1912,518,1166,0
1913,350,1514,0
1914,1199,157,1
1915,284,1173,1
1916,748,226,0
1917,6,653,0
1918,1249,1455,1
1919,9,101,1
1920,1211,929,1
1921,311,1338,1
1922,405,332,0
1923,70,882,0
1924,432,151,1
1925,324,1460,0
1926,1332,1097,0
1927,368,1433,0
1928,1289,1340,0
1929,1424,408,0
1930,474,1390,0
1931,231,1219,1
1932,601,896,1
1933,926,1308,1
1934,1054,596,0
1935,135,818,0
1936,1454,1297,1
1937,578,1602,0
1938,1210,35,1
1939,536,1221,0
1940,192,1211,1
1941,248,1054,1
1942,538,987,1
1943,566,963,1
1944,292,1053,1
1945,864,384,1
1946,544,1183,1
1947,1419,1002,0
1948,1613,996,1
1949,91,600,0
1950,601,1219,1
1951,360,800,1
1952,485,544,1
1953,1483,1309,0
1954,923,650,0
1955,818,960,1
1956,601,324,1
1957,0,242,0
1958,1036,258,0
1959,1123,1219,1
1960,601,1029,1
1961,1291,63,0
1962,1199,1571,0
1963,1048,280,0
1964,1210,1478,1
1965,1607,1065,0
1966,1312,773,1
1967,846,1110,1
1968,1054,444,0
1969,47,1611,0
1970,781,586,0
1971,460,909,1
1972,1371,1517,1
1973,455,242,0
1974,1454,120,1
1975,533,1134,0
1976,1328,723,1
1977,1001,912,0
1978,872,86,0
1979,140,1546,0
1980,845,867,1
1981,210,378,0
1982,723,77,1
1983,88,1177,0
1984,289,543,0
1985,311,1608,0
1986,566,735,0
1987,672,1296,1
1988,1317,953,0
1989,442,706,1
1990,485,538,1
1991,668,189,1
1992,52,1488,0
1993,398,1423,0
1994,1129,1088,1
1995,1049,1370,1
1996,317,1587,0
1997,773,230,1
1998,426,1428,0
1999,1580,1419,1
2000,1394,323,1
2001,176,1322,0
2002,264,853,0
2003,733,234,1
2004,1061,521,0
2005,1404,1299,0
2006,379,419,0
2007,696,1192,0
2008,590,1535,1
2009,1291,896,1
2010,775,123,1
2011,1054,898,1
2012,289,49,0
2013,1070,114,0
2014,1119,1427,0
2015,1249,864,0
2016,255,1143,0
2017,1221,1057,1
2018,1496,532,0
2019,210,94,1
2020,1054,765,1
2021,847,1033,0
2022,155,1050,0
2023,455,1149,1
2024,879,1117,0
2025,44,1525,1
2026,1211,1331,1
2027,896,276,0
2028,1003,1312,1
2029,494,560,1
2030,723,248,1
2031,494,866,1
2032,818,1241,1
2033,9,1590,1
2034,945,966,1
2035,767,1601,0
2036,1272,646,1
2037,1063,1377,1
2038,1566,310,0
2039,566,653,1
2040,84,1227,0
2041,48,1495,1
2042,415,575,0
2043,1483,1186,0
2044,1129,829,1
2045,70,530,1
2046,453,1603,0
2047,145,1590,1
2048,160,749,0
2049,304,782,1
2050,1439,1455,0
2051,560,1206,0
2052,210,1124,0
2053,192,1409,1
2054,823,1105,0
2055,1085,1598,0
2056,1060,365,1
2057,265,1231,0
2058,1049,919,1
2059,1315,1317,0
2060,1445,975,1
2061,1215,1408,1
2062,808,1158,1
2063,453,532,0
2064,765,863,0
2065,609,1518,0
2066,723,1057,1
2067,474,202,0
2068,681,1024,0
2069,1199,879,1
2070,582,266,1
2071,1248,1316,0
2072,678,945,0
2073,254,1092,1
2074,975,1580,1
2075,1226,840,0
2076,340,679,0
2077,593,509,0
2078,69,1256,1
2079,1328,797,0
2080,1328,730,0
2081,425,903,1
2082,1585,1343,1
2083,478,653,0
2084,1185,918,1
2085,1328,1388,0
2086,1615,19,0
2087,773,949,1
2088,1496,801,1
2089,447,926,1
2090,1542,1255,0
2091,300,335,0
2092,1454,1541,1
2093,1590,145,1
2094,165,680,0
2095,9,815,1
2096,846,922,1
2097,1402,602,0
2098,1370,606,0
2099,530,812,1
2100,1210,144,1
2101,190,1601,1
2102,1493,1059,0
2103,1350,1207,0
2104,590,821,0
2105,847,1454,1
2106,1079,676,1
2107,1550,459,1
2108,696,666,0
2109,914,945,0
2110,909,582,1
2111,510,192,1
2112,355,151,1
2113,1576,1299,0
2114,702,1053,1
2115,1533,1349,0
2116,192,321,1
2117,1061,360,0
2118,441,885,0
2119,1291,1517,1
2120,481,287,0
2121,1527,643,0
2122,1054,926,1
2123,1385,997,0
2124,1219,553,1
2125,43,942,0
2126,9,777,1
2127,232,1593,0
2128,18,879,1
2129,788,517,0
2130,1061,1373,0
2131,1308,1022,1
2132,908,1122,0
2133,18,485,1
2134,1211,64,1
2135,727,1343,0
2136,1091,1443,1
2137,566,1029,1
2138,80,1054,1
2139,530,1290,1
2140,438,1365,0
2141,1318,1036,0
2142,709,318,0
2143,554,1383,0
2144,544,1373,0
2145,68,374,1
2146,898,1278,0
2147,545,612,0
2148,1063,1534,0
2149,1409,1079,0
2150,119,1205,0
2151,80,898,1
2152,538,776,1
2153,838,1132,1
2154,887,901,0
2155,590,649,1
2156,582,460,1
2157,909,643,0
2158,189,1482,0
2159,808,708,0
2160,1078,873,0
2161,1488,1256,0
2162,1332,152,0
2163,70,873,0
2164,845,467,0
2165,1229,544,1
2166,1314,551,0
2167,1185,408,1
2168,1436,1424,0
2169,543,662,0
2170,152,770,0
2171,673,17,0
2172,773,151,1
2173,789,1299,0
2174,1053,292,1
2175,336,870,0
2176,501,159,0
2177,9,1582,1
2178,198,427,1
2179,1550,104,0
2180,525,161,0
2181,723,530,1
2182,286,1164,0
2183,1169,1118,1
2184,1199,810,1
2185,1092,1367,1
2186,21,277,1
2187,184,1172,0
2188,544,1229,1
2189,1573,1518,1
2190,441,682,0
2191,923,1043,1
2192,1248,302,1
2193,1447,951,1
2194,1454,730,1
2195,43,817,0
2196,317,182,1
2197,773,100,1
2198,1195,199,0
2199,968,1141,1
2200,649,91,1
2201,978,1454,0
2202,10,565,0
2203,1518,1118,0
2204,1464,649,1
2205,518,1217,0
2206,1454,1128,1
2207,766,498,0
2208,442,516,0
2209,1439,539,0
2210,1237,110,0
2211,1291,1043,1
2212,821,1241,1
2213,986,1503,0
2214,1191,601,1
2215,1314,900,1
2216,459,434,0
2217,541,1144,0
2218,91,723,1
2219,649,1038,1
2220,510,1052,1
2221,427,875,1
2222,1215,1483,1
2223,773,485,1
2224,1063,951,1
2225,742,667,0
2226,919,102,1
2227,1129,1500,1
2228,509,1439,0
2229,317,231,1
2230,1613,1319,0
2231,1231,195,0
2232,708,1177,0
2233,1199,815,1
2234,571,617,0
2235,301,1580,1
2236,864,397,0
2237,1527,426,0
2238,1091,461,1
2239,71,1399,0
2240,317,69,1
2241,723,314,1
2242,427,485,1
2243,926,408,1
2244,1056,1240,0
2245,431,504,1
2246,1254,588,1
2247,1038,922,0
2248,1403,1067,0
2249,627,696,0
2250,185,389,1
2251,1541,515,0
2252,1217,1231,1
2253,640,963,0
2254,354,662,0
2255,1054,808,1
2256,820,1247,1
2257,1219,574,1
2258,890,168,0
2259,1454,653,1
2260,309,990,0
2261,926,368,1
2262,588,1202,0
2263,91,1208,0
2264,1210,490,1
2265,909,501,0
2266,494,249,1
2267,1308,157,1
2268,454,867,1
2269,897,448,0
2270,1576,247,1
2271,300,824,0
2272,996,1529,0
2273,1369,1285,0
2274,43,999,0
2275,192,1068,1
2276,1519,380,1
2277,184,485,0
2278,1460,1130,0
2279,518,1160,0
2280,306,1369,0
2281,530,33,1
2282,723,408,1
2283,996,1224,1
2284,1219,1229,1
2285,809,803,0
2286,366,1582,0
2287,1501,1049,1
2288,468,703,0
2289,1199,938,1
2290,975,483,0
2291,1187,933,0
2292,600,818,1
2293,212,818,0
2294,658,1063,0
2295,1085,1251,0
2296,547,641,0
2297,968,814,1
2298,1053,1560,1
2299,306,17,1
2300,751,1132,1
2301,454,191,1
2302,1264,538,1
2303,1495,688,1
2304,52,983,0
2305,1364,1206,0
2306,1168,913,0
2307,593,1393,0
2308,398,1535,0
2309,1115,461,0
2310,1451,975,1
2311,1544,1097,0
2312,702,53,0
2313,48,393,1
2314,1312,818,1
2315,192,27,1
2316,161,136,1
2317,1500,748,0
2318,879,892,0
2319,1091,1384,1
2320,1419,931,0
2321,706,406,0
2322,192,1327,1
2323,773,1046,0
2324,1439,1337,0
2325,1219,824,1
2326,1331,1262,0
2327,9,668,1
2328,192,509,1
2329,814,158,0
2330,904,88,0
2331,1454,681,1
2332,709,219,0
2333,1,73,0
2334,1129,91,1
2335,1501,547,1
2336,653,919,1
2337,1454,893,1
2338,846,661,1
2339,52,1151,0
2340,306,958,1
2341,1598,1117,0
2342,228,957,0
2343,494,575,1
2344,48,1585,1
2345,1312,906,0
2346,198,576,0
2347,614,206,1
2348,575,1323,0
2349,287,158,0
2350,121,866,1
2351,21,557,1
2352,897,1487,0
2353,646,530,1
2354,192,100,1
2355,658,2,1
2356,1424,1373,0
2357,1057,675,1
2358,1291,1241,1
2359,1199,397,1
2360,1614,152,1
2361,498,391,1
2362,832,375,0
2363,1245,1104,0
2364,1305,630,0
2365,149,1046,0
2366,1131,256,0
2367,615,1282,0
2368,624,111,0
2369,119,668,1
2370,1142,264,0
2371,1506,293,0
2372,235,346,0
2373,1199,223,1
2374,1501,1338,0
2375,676,790,0
2376,1315,712,1
2377,1326,1447,1
2378,94,145,1
2379,1451,1445,1
2380,282,1312,1
2381,1056,1291,1
2382,530,467,1
2383,21,914,1
2384,424,1108,0
2385,734,1610,0
2386,1132,530,1
2387,219,399,0
2388,1439,455,1
2389,733,1070,0
2390,937,1437,0
2391,9,1282,1
2392,1219,486,1
2393,708,1438,1
2394,1350,1195,0
2395,1199,139,1
2396,723,232,1
2397,896,1422,1
2398,1027,1216,0
2399,838,685,0
2400,8,1479,1
2401,1220,621,0
2402,1264,525,1
2403,9,1219,0
2404,638,1213,0
2405,734,984,0
2406,469,178,0
2407,570,308,0
2408,138,846,0
2409,1423,971,1
2410,185,1013,0
2411,1029,1288,0
2412,189,882,0
2413,1199,154,1
2414,1199,872,1
2415,1199,559,1
2416,971,558,0
2417,1615,1366,0
2418,995,86,0
2419,620,1238,0
2420,1060,1248,1
2421,1233,780,0
2422,699,215,0
2423,864,716,1
2424,1125,75,0
2425,566,941,1
2426,88,1558,0
2427,44,1435,0
2428,570,191,0
2429,926,244,1
2430,1262,1427,0
2431,712,541,0
2432,577,1219,1
2433,1395,114,0
2434,996,357,1
2435,538,1129,1
2436,1219,1506,0
2437,580,1489,0
2438,838,1038,1
2439,151,317,1
2440,1054,1334,0
2441,1250,760,0
2442,1061,1420,0
2443,229,1554,0
2444,566,864,1
2445,1195,33,0
2446,138,159,0
2447,914,1347,0
2448,530,1277,1
2449,382,474,0
2450,618,1219,1
2451,48,1435,1
2452,563,1513,0
2453,674,987,0
2454,1551,1369,1
2455,43,105,1
2456,354,1585,1
2457,808,1226,0
2458,459,1164,0
2459,1366,1336,0
2460,710,706,0
2461,1049,926,1
2462,1064,1507,1
2463,192,567,1
2464,1150,1071,0
2465,1293,264,0
2466,1014,1448,0
2467,1157,890,1
2468,192,945,1
2469,588,1133,1
2470,773,69,1
2471,1043,1013,0
2472,185,1348,0
2473,1,1519,0
2474,813,873,0
2475,35,615,0
2476,1454,1435,1
2477,355,91,1
2478,571,1362,0
2479,1061,1163,0
2480,879,459,1
2481,288,1274,0
2482,1451,705,0
2483,1130,48,1
2484,9,712,1
2485,773,985,1
2486,255,124,0
2487,474,1272,1
2488,974,1232,0
2489,1308,1476,1
2490,742,1049,0
2491,978,900,0
2492,1454,1264,1
2493,1355,1297,0
2494,31,25,0
2495,1328,1612,0
2496,880,1197,0
2497,1131,95,0
2498,69,447,1
2499,1057,389,1
2500,152,658,1
2501,649,1020,0
2502,192,1338,1
2503,360,1118,1
2504,1370,563,1
2505,1454,1180,1
2506,191,552,0
2507,664,543,1
2508,1436,890,1
2509,1210,257,1
2510,1575,1161,1
2511,723,1359,1
2512,1161,1095,1
2513,898,1187,1
2514,1613,508,1
2515,1573,1215,1
2516,1005,222,0
2517,987,1599,1
2518,336,1540,0
2519,1234,737,0
2520,926,214,0
2521,1003,1370,1
2522,1454,281,1
2523,530,1608,1
2524,197,152,0
2525,455,1580,1
2526,1359,1274,0
2527,9,1422,1
2528,1534,1117,0
2529,250,1210,1
2530,192,1342,1
2531,267,85,0
2532,84,1541,0
2533,427,352,1
2534,653,255,1
2535,1085,769,0
2536,306,1119,1
2537,1614,555,0
2538,1237,14,0
2539,668,254,1
2540,573,1596,0
2541,525,723,1
2542,1210,225,1
2543,1590,1221,1
2544,543,193,0
2545,1363,372,0
2546,1541,1363,1
2547,397,1438,1
2548,164,773,1
2549,1520,673,0
2550,864,1423,1
2551,1544,802,1
2552,601,128,1
2553,441,670,0
2554,189,324,1
2555,733,100,1
2556,311,380,0
2557,64,1580,1
2558,52,581,0
2559,1605,1451,0
2560,292,1307,0
2561,1256,336,0
2562,896,1077,1
2563,1221,254,1
2564,145,538,1
2565,1001,1041,0
2566,281,1251,0
2567,276,381,0
2568,752,1363,0
2569,149,969,1
2570,71,814,0
2571,1355,1574,1
2572,1308,926,1
2573,1445,1078,0
2574,1454,154,1
2575,664,1467,0
2576,926,1249,1
2577,1447,593,1
2578,242,673,0
2579,909,1233,1
2580,588,604,0
2581,1291,189,1
2582,590,1455,1
2583,530,424,1
2584,723,1043,1
2585,80,1105,0
2586,681,1350,0
2587,88,482,0
2588,1033,48,1
2589,1062,528,0
2590,1314,773,1
2591,69,12,0
2592,601,382,1
2593,708,1014,1
2594,494,410,0
2595,566,214,1
2596,1221,1054,1
2597,978,568,0
2598,1257,900,0
2599,426,808,1
2600,192,121,1
2601,9,1458,1
2602,244,1440,1
2603,919,1018,0
2604,1464,846,0
2605,1541,1292,0
2606,1550,338,1
2607,319,716,1
2608,1367,1180,0
2609,1054,244,1
2610,1527,1569,0
2611,1224,1247,1
2612,733,1308,1
2613,960,662,0
2614,509,1251,1
2615,267,829,0
2616,637,186,0
2617,324,601,1
2618,1002,865,0
2619,8,1130,1
2620,730,7,0
2621,1264,810,1
2622,575,1064,0
2623,1544,895,0
2624,259,1193,0
2625,589,1417,0
2626,926,1555,1
2627,447,1187,1
2628,1,1256,0
2629,1544,1307,1
2630,985,1202,0
2631,773,1496,1
2632,723,1555,1
2633,872,1229,0
2634,530,507,1
2635,566,973,1
2636,184,854,0
2637,601,706,1
2638,590,637,1
2639,614,72,1
2640,189,1197,0
2641,816,1141,1
2642,538,1581,1
2643,291,808,0
2644,427,398,0
2645,951,764,0
2646,904,524,0
2647,284,601,1
2648,566,1401,1
2649,1257,1436,1
2650,566,1354,1
2651,9,1101,1
2652,9,779,1
2653,800,137,0
2654,649,212,0
2655,1191,573,1
2656,1219,866,1
2657,1501,957,1
2658,723,388,1
2659,524,655,0
2660,505,1326,0
2661,21,1141,1
2662,211,1474,0
2663,235,1297,0
2664,708,137,1
2665,1199,235,1
2666,1338,136,1
2667,1201,765,0
2668,868,391,0
2669,1575,1053,0
2670,1210,745,1
2671,1436,176,0
2672,1,1524,0
2673,590,881,0
2674,1369,1075,1
2675,98,1609,1
2676,926,176,1
2677,1334,993,0
2678,140,145,1
2679,1496,631,1
2680,1048,425,0
2681,1061,403,0
2682,834,836,0
2683,1265,1044,0
2684,192,105,1
2685,675,966,1
2686,987,1528,0
2687,289,668,0
2688,50,733,0
2689,823,603,0
2690,78,300,0
2691,773,1151,1
2692,530,1064,1
2693,1354,1328,1
2694,731,1305,0
2695,1063,900,0
2696,1221,564,1
2697,284,1188,1
2698,1390,135,0
2699,1543,1518,1
2700,1214,466,0
2701,1185,532,1
2702,1496,732,1
2703,609,770,0
2704,816,1093,0
2705,192,439,1
2706,1027,513,0
2707,846,1369,1
2708,672,637,1
2709,1354,616,1
2710,155,101,1
2711,580,1469,0
2712,937,148,0
2713,951,1475,1
2714,773,612,1
2715,627,393,0
2716,926,1221,1
2717,1058,1260,0
2718,78,1041,0
2719,1367,1599,0
2720,1293,716,1
2721,306,716,1
2722,808,909,0
2723,845,312,0
2724,765,1500,1
2725,493,893,0
2726,538,1224,1
2727,1231,1542,1
2728,1005,612,0
2729,77,620,0
2730,647,1241,1
2731,492,977,0
2732,573,940,0
2733,846,170,1
2734,727,441,0
2735,742,1052,0
2736,1233,1274,0
2737,812,467,1
2738,601,1266,1
2739,1497,627,0
2740,699,181,0
2741,441,466,0
2742,1476,879,1
2743,317,1054,1
2744,646,639,0
2745,590,801,1
2746,189,1471,1
2747,225,710,0
2748,91,1464,1
2749,145,140,1
2750,816,819,0
2751,485,1306,0
2752,627,566,0
2753,319,723,1
2754,646,311,1
2755,771,397,0
2756,427,329,0
2757,544,538,1
2758,1544,1110,1
2759,266,594,0
2760,1056,1052,0
2761,1085,1113,0
2762,590,299,0
2763,873,1327,0
2764,566,1496,0
2765,1453,332,0
2766,733,500,0
2767,1210,1007,1
2768,368,952,0
2769,192,1043,1
2770,1054,317,1
2771,340,1070,0
2772,570,314,0
2773,411,675,1
2774,706,1115,1
2775,142,1370,0
2776,1421,502,0
2777,556,1599,1
2778,1454,835,1
2779,1210,757,1
2780,809,1445,1
2781,1199,1391,1
2782,566,1103,1
2783,354,533,0
2784,846,541,1
2785,198,274,1
2786,164,233,0
2787,145,317,1
2788,231,43,1
2789,987,201,0
2790,494,1241,1
2791,975,832,0
2792,1233,195,0
2793,98,421,1
2794,317,103,0
2795,1370,1222,0
2796,276,45,0
2797,1199,1601,1
2798,504,890,1
2799,1210,1079,1
2800,1453,327,0
2801,1187,1092,1
2802,1258,123,1
2803,1042,498,0
2804,538,55,1
2805,69,601,1
2806,561,181,0
2807,145,1370,1
2808,987,824,0
2809,1599,1557,1
2810,197,804,0
2811,1250,1079,0
2812,1078,1211,1
2813,566,451,1
2814,560,776,0
2815,945,1292,0
2816,494,563,0
2817,1031,1541,1
2818,1614,1207,0
2819,664,427,1
2820,492,1443,0
2821,21,1510,0
2822,1173,965,0
2823,47,890,1
2824,1038,1054,1
2825,9,893,1
2826,1560,1388,0
2827,1454,534,1
2828,2,1438,1
2829,1215,1573,1
2830,1435,454,0
2831,1355,1237,1
2832,151,300,1
2833,438,389,1
2834,668,505,0
2835,176,880,0
2836,191,757,0
2837,1454,748,1
2838,1210,333,1
2839,849,1567,0
2840,541,1211,0
2841,326,566,0
2842,1188,284,1
2843,1334,76,0
2844,48,757,1
2845,1187,282,0
2846,454,1332,1
2847,1370,1097,1
2848,17,510,1
2849,890,1574,0
2850,508,878,0
2851,1423,957,0
2852,1314,1332,1
2853,733,875,1
2854,987,469,1
2855,197,358,0
2856,155,1589,1
2857,2,1019,0
2858,764,461,0
2859,1060,848,1
2860,563,1494,1
2861,157,1217,0
2862,292,1388,0
2863,1185,646,1
2864,560,55,1
2865,1332,1598,0
2866,566,1064,1
2867,1132,646,1
2868,69,324,1
2869,1394,1134,0
2870,1091,1064,1
2871,1424,791,0
2872,1072,712,1
2873,9,863,0
2874,161,1085,0
2875,538,1191,1
2876,1289,152,0
2877,1496,1609,1
2878,1029,317,1
2879,490,880,0
2880,1215,404,0
2881,397,1127,0
2882,1488,59,0
2883,879,723,1
2884,1220,1382,0
2885,27,344,0
2886,1269,1170,0
2887,1054,588,1
2888,1003,48,0
2889,708,1443,1
2890,1014,635,0
2891,904,1419,1
2892,1585,223,0
2893,1573,566,1
2894,48,197,1
2895,1130,1095,0
2896,771,1619,0
2897,723,879,1
2898,267,1592,0
2899,545,1149,1
2900,1454,691,1
2901,566,1339,1
2902,896,254,0
2903,384,469,1
2904,368,317,1
2905,289,362,0
2906,808,426,1
2907,130,926,1
2908,566,420,1
2909,247,1387,0
2910,723,0,1
2911,896,155,1
2912,317,196,1
2913,244,1281,1
2914,1177,1079,1
2915,723,1607,1
2916,1177,1456,0
2917,1091,612,1
2918,1185,748,1
2919,442,1047,0
2920,600,1446,0
2921,187,926,0
2922,566,124,1
2923,21,857,1
2924,1131,1023,0
2925,520,1085,0
2926,1500,1295,0
2927,1436,408,0
2928,397,1199,1
2929,1239,1579,0
2930,563,765,0
2931,544,730,1
2932,1222,431,1
2933,697,643,0
2934,653,18,0
2935,1237,1001,1
2936,1058,48,1
2937,286,1038,1
2938,1129,596,1
2939,626,1560,0
2940,518,1220,0
2941,1541,1616,0
2942,1544,894,1
2943,48,951,1
2944,138,172,0
2945,951,672,0
2946,533,1311,0
2947,1289,609,0
2948,1268,573,0
2949,282,764,0
2950,959,693,0
2951,960,566,1
2952,309,996,1
2953,860,1596,0
2954,1015,577,0
2955,878,880,0
2956,1454,1409,1
2957,1093,317,1
2958,1315,895,1
2959,1591,1438,1
2960,530,676,1
2961,530,1590,1
2962,1133,941,0
2963,530,1353,1
2964,454,1459,1
2965,800,1552,0
2966,493,763,0
2967,334,1203,0
2968,1149,1231,1
2969,927,569,0
2970,1436,128,0
2971,520,992,0
2972,1428,364,0
2973,1119,1253,0
2974,578,294,1
2975,909,735,0
2976,1210,1458,1
2977,588,723,1
2978,1500,1052,1
2979,745,1548,0
2980,723,166,1
2981,485,1057,0
2982,975,702,0
2983,590,995,1
2984,751,1272,1
2985,1439,956,0
2986,261,656,1
2987,815,92,0
2988,1028,1030,0
2989,1233,532,0
2990,619,1536,0
2991,119,1043,1
2992,723,405,1
2993,1573,298,0
2994,192,1373,1
2995,1519,838,1
2996,584,328,0
2997,966,675,1
2998,1224,996,1
2999,136,1132,1
3000,573,1065,0
3001,649,1464,1
3002,1070,317,1
3003,566,2,1
3004,1495,1467,1
3005,890,312,0
3006,762,110,0
3007,306,620,1
3008,161,642,0
3009,1264,1467,1
3010,1390,312,0
3011,538,1498,0
3012,78,663,0
3013,145,112,1
3014,849,1023,0
3015,1221,1544,1
3016,987,676,1
3017,742,13,0
3018,538,186,1
3019,1314,1564,1
3020,1326,987,1
3021,248,1038,1
3022,1268,1188,0
3023,1415,1029,1
3024,909,269,0
3025,1354,1370,0
3026,1501,966,1
3027,601,255,1
3028,47,1454,1
3029,1312,588,1
3030,712,1428,0
3031,1496,1264,1
3032,192,658,1
3033,672,1213,1
3034,411,346,0
3035,416,723,1
3036,638,975,1
3037,415,376,0
3038,530,42,1
3039,820,835,0
3040,914,1455,1
3041,156,719,0
3042,1173,1231,1
3043,1454,863,1
3044,1249,48,1
3045,773,1254,1
3046,1264,1199,1
3047,244,1355,1
3048,1293,1096,0
3049,1092,258,0
3050,198,638,0
3051,1199,574,1
3052,9,858,1
3053,1224,943,1
3054,926,1367,1
3055,656,1474,0
3056,538,66,0
3057,544,872,1
3058,1328,1055,0
3059,368,164,1
3060,1029,227,0
3061,812,1273,0
3062,723,615,1
3063,698,160,0
3064,723,1468,1
3065,566,1368,1
3066,1439,1167,0
3067,658,915,0
3068,751,474,1
3069,264,1589,0
3070,155,1273,1
3071,1265,610,0
3072,1036,900,0
3073,1129,1222,1
3074,751,1219,1
3075,1057,669,1
3076,242,758,0
3077,2,723,1
3078,1185,637,1
3079,640,565,0
3080,1419,1451,1
3081,864,538,1
3082,58,653,1
3083,1058,98,0
3084,1015,853,0
3085,1400,145,0
3086,733,485,1
3087,1029,411,0
3088,48,157,1
3089,1585,957,0
3090,846,1075,1
3091,1464,91,1
3092,1496,1525,0
3093,879,987,0
3094,35,1210,1
3095,480,242,0
3096,261,1111,0
3097,21,771,1
3098,649,723,1
3099,919,1054,1
3100,570,344,0
3101,1199,1077,1
3102,242,431,0
3103,424,1336,0
3104,1395,903,1
3105,1599,723,1
3106,108,1161,0
3107,530,649,1
3108,478,1303,0
3109,1454,1047,1
3110,1323,1199,0
3111,309,825,0
3112,156,896,0
3113,21,380,1
3114,846,841,1
3115,696,206,1
3116,1519,1332,1
3117,1185,468,1
3118,1219,1123,1
3119,1264,1525,1
3120,288,1315,0
3121,58,98,0
3122,469,141,0
3123,1585,351,0
3124,966,1408,1
3125,530,448,1
3126,1274,873,0
3127,278,237,0
3128,1370,630,0
3129,192,124,1
3130,1419,904,1
3131,1568,815,0
3132,764,7,0
3133,1454,975,1
3134,1363,1113,0
3135,427,234,1
3136,1314,397,1
3137,35,1548,1
3138,696,544,1
3139,9,352,1
3140,1400,707,0
3141,1130,743,0
3142,192,60,1
3143,920,1157,0
3144,64,544,0
3145,846,1311,1
3146,723,259,1
3147,731,1557,1
3148,192,211,1
3149,9,241,1
3150,1053,452,1
3151,1359,1544,1
3152,2,1038,1
3153,9,1257,1
3154,926,902,0
3155,1060,521,1
3156,554,1609,1
3157,1093,431,0
3158,650,402,0
3159,1211,1451,1
3160,1328,566,1
3161,69,1187,1
3162,561,89,0
3163,43,1434,0
3164,21,899,1
3165,447,1367,1
3166,653,819,0
3167,76,306,0
3168,152,492,1
3169,1129,588,1
3170,723,542,1
3171,287,626,0
3172,1395,416,0
3173,543,722,0
3174,1454,854,1
3175,9,699,1
3176,323,1250,0
3177,1038,649,1
3178,248,1214,1
3179,1188,1501,0
3180,145,303,1
3181,620,380,0
3182,505,1040,0
3183,509,1467,1
3184,975,1231,1
3185,1087,456,0
3186,601,1341,1
3187,64,3,0
3188,1056,1251,1
3189,1093,89,0
3190,1031,1520,1
3191,751,552,0
3192,1132,161,1
3193,231,52,0
3194,1205,157,0
3195,1199,1047,1
3196,1468,1229,0
3197,559,590,1
3198,232,544,0
3199,1404,987,1
3200,653,1266,1
3201,1093,198,1
3202,1187,723,1
3203,360,1264,1
3204,1107,745,0
3205,1249,365,0
3206,424,723,1
3207,47,440,0
3208,1408,534,0
3209,743,1161,0
3210,1118,390,0
3211,1367,577,1
3212,1312,1157,1
3213,748,869,0
3214,492,275,1
3215,194,1573,0
3216,1079,1003,1
3217,668,678,1
3218,50,1233,0
3219,1607,1062,0
3220,742,1448,0
3221,697,1370,0
3222,534,460,0
3223,1551,1427,0
3224,656,1518,0
3225,1510,625,0
3226,919,566,1
3227,336,564,0
3228,678,263,0
3229,234,340,1
3230,1471,69,1
3231,354,1195,0
3232,815,1463,0
3233,823,887,0
3234,1149,1331,1
3235,260,1215,1
3236,1199,1563,1
3237,48,467,1
3238,860,742,0
3239,384,113,0
3240,281,607,0
3241,1451,165,0
3242,773,1320,1
3243,360,304,0
3244,9,239,0
3245,1312,890,1
3246,710,711,0
3247,846,234,1
3248,360,1613,0
3249,575,298,0
3250,1119,1083,0
3251,1273,908,0
3252,914,338,1
3253,781,1248,1
3254,1325,1417,0
3255,382,752,0
3256,510,1249,1
3257,192,1239,1
3258,192,69,1
3259,192,426,1
3260,609,190,0
3261,1249,1486,0
3262,764,580,0
3263,773,338,1
3264,1501,516,0
3265,1607,31,0
3266,1339,1455,1
3267,1079,1066,0
3268,2,317,1
3269,723,255,1
3270,6,1613,0
3271,878,1217,1
3272,228,397,0
3273,773,335,1
3274,1497,1152,0
3275,493,1255,0
3276,509,903,1
3277,145,751,1
3278,136,575,1
3279,1130,725,0
3280,653,459,0
3281,1199,1493,1
3282,1185,397,1
3283,545,1100,0
3284,1264,1063,1
3285,846,1260,0
3286,834,676,1
3287,1496,509,1
3288,702,1201,0
3289,1191,437,0
3290,192,275,1
3291,1222,290,1
3292,1053,723,1
3293,1063,1224,0
3294,94,974,0
3295,1087,1207,0
3296,47,317,0
3297,1188,287,0
3298,1199,192,1
3299,590,1592,0
3300,723,1444,1
3301,306,363,1
3302,1543,52,1
3303,1305,45,0
3304,649,590,1
3305,18,1277,0
3306,577,601,1
3307,615,140,0
3308,1453,451,1
3309,155,614,1
3310,1548,1604,0
3311,765,1245,1
3312,1015,479,0
3313,1214,1089,0
3314,48,796,1
3315,261,1309,0
3316,1576,1501,0
3317,1476,1493,0
3318,1250,491,0
3319,516,1165,0
3320,570,761,0
3321,1249,191,0
3322,289,329,0
3323,1107,1157,0
3324,1331,638,1
3325,1237,261,0
3326,1475,1249,1
3327,1036,1100,0
3328,9,1371,1
3329,1551,1332,1
3330,849,331,0
3331,1064,939,0
3332,1318,1093,1
3333,1233,263,0
3334,1550,427,0
3335,1205,136,1
3336,136,1053,1
3337,94,1545,1
3338,309,1315,1
3339,1488,1270,0
3340,266,1146,0
3341,599,284,1
3342,1063,1544,1
3343,637,341,0
3344,1185,491,1
3345,1132,136,1
3346,1129,754,1
3347,1551,1498,0
3348,1296,227,0
3349,627,1376,0
3350,1500,1069,0
3351,1370,1202,1
3352,1254,256,0
3353,864,1133,1
3354,192,254,1
3355,530,814,1
3356,1518,107,1
3357,1048,723,1
3358,588,82,0
3359,560,787,0
3360,1161,370,0
3361,1005,399,0
3362,575,296,0
3363,928,926,1
3364,957,857,0
3365,1,320,0
3366,1541,634,0
3367,582,1317,1
3368,619,597,0
3369,77,1056,1
3370,846,430,1
3371,69,747,0
3372,1314,1547,0
3373,1119,531,0
3374,1133,1346,0
3375,426,244,1
3376,782,48,0
3377,650,377,0
3378,499,1300,0
3379,165,1,0
3380,544,1531,1
3381,560,1077,1
3382,1517,1373,0
3383,152,1614,1
3384,638,1483,1
3385,927,1537,0
3386,1258,48,1
3387,1219,270,1
3388,1364,557,1
3389,482,1020,0
3390,1249,440,0
3391,566,1148,1
3392,48,632,0
3393,957,9,0
3394,455,61,0
3395,975,575,0
3396,751,688,0
3397,1027,409,0
3398,31,1036,0
3399,509,1252,0
3400,1237,1355,1
3401,306,1312,1
3402,1062,98,0
3403,431,1159,0
3404,1125,1306,0
3405,1215,48,1
3406,1544,1527,1
3407,1359,1579,0
3408,232,1473,0
3409,48,198,1
3410,1005,1500,1
3411,1079,1301,1
3412,968,637,0
3413,743,1108,0
3414,697,773,0
3415,547,999,0
3416,306,812,1
3417,1249,673,1
3418,1005,1175,0
3419,919,298,0
3420,1433,1317,0
3421,1528,776,0
3422,160,1089,0
3423,9,751,1
3424,614,1321,0
3425,405,231,0
3426,1219,107,1
3427,510,575,0
3428,563,18,1
3429,289,1556,0
3430,48,132,1
3431,1199,995,1
3432,286,653,1
3433,69,984,0
3434,228,328,0
3435,17,206,1
3436,1580,1173,1
3437,1505,1541,0
3438,31,919,0
3439,266,582,1
3440,1063,1249,1
3441,1211,1576,1
3442,675,190,1
3443,559,1599,1
3444,151,1148,0
3445,189,1043,1
3446,1370,538,1
3447,94,1077,1
3448,773,1201,1
3449,1125,1037,0
3450,563,590,1
3451,265,60,0
3452,48,601,1
3453,447,171,1
3454,1199,24,1
3455,709,1194,0
3456,192,1201,1
3457,108,611,0
3458,1053,361,0
3459,211,1416,0
3460,1317,1514,0
3461,9,317,1
3462,1409,934,1
3463,1248,1129,0
3464,570,247,1
3465,426,1358,0
3466,1202,321,0
3467,1199,37,1
3468,525,1372,0
3469,893,455,0
3470,1453,4,1
3471,1312,495,0
3472,1308,263,1
3473,1199,485,1
3474,432,557,1
3475,1447,1215,0
3476,416,410,0
3477,773,463,1
3478,219,272,0
3479,1028,368,0
3480,47,881,0
3481,664,661,0
3482,192,1139,1
3483,1338,676,1
3484,98,957,1
3485,194,1268,0
3486,1454,728,1
3487,1274,491,0
3488,773,255,1
3489,864,333,1
3490,896,688,1
3491,1468,1581,0
3492,1168,977,0
3493,1575,360,0
3494,627,1132,1
3495,21,478,1
3496,1069,506,0
3497,590,1357,1
3498,1580,1462,0
3499,1433,1397,0
3500,254,601,1
3501,1543,723,1
3502,1424,867,0
3503,1191,1095,1
3504,267,299,0
3505,1132,566,1
3506,301,594,0
3507,261,192,1
3508,919,829,0
3509,469,1349,0
3510,326,48,1
3511,474,1206,0
3512,723,628,1
3513,192,1127,1
3514,1454,346,1
3515,218,1242,0
3516,1471,119,1
3517,566,1468,1
3518,920,1370,1
3519,1615,1077,1
3520,189,1567,0
3521,235,1310,0
3522,743,219,0
3523,847,1201,0
3524,1425,339,0
3525,1407,1124,0
3526,250,491,0
3527,914,768,0
3528,672,217,0
3529,391,285,0
3530,91,601,1
3531,846,552,1
3532,1591,1526,0
3533,286,1092,1
3534,530,739,1
3535,851,1111,0
3536,553,656,1
3537,645,939,0
3538,490,1233,1
3539,1264,196,1
3540,723,926,1
3541,52,1053,1
3542,247,1267,0
3543,1057,123,1
3544,275,1281,1
3545,301,1445,0
3546,120,1249,1
3547,530,1452,1
3548,658,1119,0
3549,192,1343,1
3550,1201,218,0
3551,192,1038,1
3552,1575,1400,1
3553,261,941,0
3554,494,194,1
3555,681,926,1
3556,431,56,0
3557,554,663,0
3558,845,1459,1
3559,44,593,1
3560,588,88,0
3561,516,525,0
3562,1002,759,0
3563,48,329,1
3564,1475,1612,0
3565,518,650,0
3566,773,1514,1
3567,743,1359,0
3568,306,951,1
3569,136,1129,1
3570,91,1214,1
3571,1476,326,1
3572,723,669,1
3573,1168,1132,1
3574,468,1230,0
3575,530,85,1
3576,1199,673,1
3577,723,1301,1
3578,884,1246,0
3579,289,80,0
3580,1199,1076,1
3581,432,659,0
3582,1445,1057,1
3583,1476,1199,1
3584,518,600,0
3585,1003,1218,1
3586,286,84,0
3587,1367,808,1
3588,9,1199,1
3589,590,879,1
3590,244,1259,0
3591,119,566,0
3592,389,189,1
3593,1091,789,0
3594,589,217,0
3595,398,892,0
3596,1614,1172,0
3597,360,1406,1
3598,164,338,1
3599,660,1184,0
3600,1056,392,0
3601,978,914,0
3602,280,718,0
3603,723,1053,1
3604,1314,1403,1
3605,1519,1364,1
3606,1366,734,0
3607,1199,501,1
3608,926,1191,1
3609,1185,1535,1
3610,1580,1204,0
3611,1605,1235,0
3612,1318,934,1
3613,672,797,1
3614,1042,601,1
3615,773,1557,1
3616,1367,112,1
3617,454,1120,0
3618,1217,878,1
3619,708,309,1
3620,1314,985,1
3621,1427,30,0
3622,1312,960,1
3623,530,511,1
3624,896,1467,1
3625,1407,800,0
3626,589,12,0
3627,80,106,0
3628,35,557,1
3629,1331,1542,1
3630,1063,1206,0
3631,145,136,1
3632,733,1576,1
3633,77,158,0
3634,821,923,0
3635,1249,986,0
3636,160,776,0
3637,645,530,1
3638,530,102,1
3639,1125,601,1
3640,269,59,0
3641,509,896,1
3642,1454,693,1
3643,309,1600,1
3644,289,1443,0
3645,846,1366,1
3646,1464,788,0
3647,508,112,0
3648,1072,48,1
3649,926,557,1
3650,218,1252,0
3651,1314,820,0
3652,766,311,0
3653,1423,1319,0
3654,1615,1467,1
3655,1199,1240,1
3656,578,560,1
3657,601,58,1
3658,165,1078,0
3659,818,1126,0
3660,1237,822,0
3661,909,1376,0
3662,682,1361,0
3663,523,475,0
3664,615,1416,0
3665,764,305,0
3666,1464,1214,1
3667,190,1211,1
3668,185,1185,0
3669,9,956,1
3670,1188,248,1
3671,1119,1057,1
3672,1483,1576,1
3673,1191,884,1
3674,69,577,1
3675,1370,776,1
3676,1370,773,0
3677,274,915,0
3678,1254,773,1
3679,1291,601,1
3680,1296,1008,0
3681,202,858,0
3682,672,1539,1
3683,518,566,1
3684,384,830,1
3685,151,1218,1
3686,1580,1570,0
3687,1224,593,1
3688,1257,1386,0
3689,98,1585,1
3690,374,186,0
3691,1506,1393,0
3692,996,1054,1
3693,926,723,1
3694,1454,422,1
3695,1256,69,1
3696,914,557,1
3697,1249,668,0
3698,1454,1576,1
3699,1519,1612,1
3700,455,1483,1
3701,119,863,0
3702,1599,649,1
3703,735,945,0
3704,1219,120,1
3705,334,1112,0
3706,1560,1143,0
3707,868,647,0
3708,1363,1469,0
3709,559,1455,1
3710,1575,91,1
3711,2,538,1
3712,733,157,1
3713,618,459,1
3714,1210,74,1
3715,1134,1476,0
3716,1364,820,1
3717,78,1230,0
3718,1015,1228,0
3719,1615,152,0
3720,234,492,0
3721,751,338,1
3722,1185,288,1
3723,554,470,0
3724,730,723,1
3725,525,671,0
3726,1064,1600,1
3727,398,326,0
3728,742,1581,0
3729,787,1422,0
3730,1369,361,0
3731,244,109,0
3732,297,691,0
3733,368,551,0
3734,1447,234,1
3735,575,494,1
3736,1534,311,0
3737,94,560,1
3738,566,9,1
3739,845,433,0
3740,723,832,1
3741,504,1006,0
3742,297,972,0
3743,712,335,0
3744,1323,304,0
3745,69,1222,1
3746,1581,533,0
3747,1199,960,1
3748,1314,979,1
3749,121,361,0
3750,1063,418,0
3751,360,723,1
3752,723,601,1
3753,282,759,0
3754,723,788,1
3755,291,1599,0
3756,1254,1476,0
3757,1544,473,1
3758,253,760,0
3759,1543,1517,0
3760,9,225,1
3761,1454,1355,1
3762,424,1294,0
3763,1328,1578,0
3764,311,94,0
3765,1476,707,0
3766,1129,494,1
3767,880,378,0
3768,266,832,0
3769,702,743,0
3770,710,1102,0
3771,1454,1589,1
3772,48,974,1
3773,1326,1003,1
3774,248,1464,1
3775,867,1152,0
3776,1364,1464,1
3777,16,828,0
3778,636,458,0
3779,748,1004,0
3780,425,569,0
3781,1219,182,1
3782,493,118,0
3783,17,155,1
3784,1221,619,0
3785,382,768,0
3786,599,1485,1
3787,1219,1477,1
3788,896,1056,1
3789,259,124,0
3790,192,588,1
3791,1185,1453,1
3792,832,872,0
3793,1123,1568,0
3794,192,577,1
3795,1371,1391,0
3796,723,1158,1
3797,274,1525,0
3798,323,21,0
3799,229,136,0
3800,135,1212,0
3801,832,17,1
3802,1053,570,0
3803,509,1181,0
3804,1520,607,0
3805,674,418,0
3806,1063,478,1
3807,1541,447,1
3808,566,1054,1
3809,1199,711,1
3810,538,412,0
3811,9,222,1
3812,813,1410,0
3813,1054,1043,1
3814,1060,68,1
3815,108,984,0
3816,723,1564,1
3817,1454,1207,0
3818,1454,221,1
3819,1199,1352,1
3820,438,1291,1
3821,1548,585,0
3822,1233,620,0
3823,98,152,0
3824,1331,490,0
3825,1199,663,1
3826,334,1443,0
3827,1057,748,1
3828,868,443,0
3829,1129,1347,1
3830,1308,905,1
3831,572,1394,0
3832,1185,966,1
3833,781,1252,0
3834,9,667,1
3835,58,230,0
3836,1191,1079,1
3837,1129,556,0
3838,504,1436,1
3839,530,1265,1
3840,235,749,0
3841,795,245,1
3842,155,1291,1
3843,1217,64,1
3844,706,260,0
3845,214,1158,0
3846,1063,802,1
3847,192,572,1
3848,795,1174,0
3849,145,473,1
3850,1338,1543,0
3851,1614,492,1
3852,1056,776,0
3853,664,733,1
3854,228,247,0
3855,192,934,1
3856,1369,1093,1
3857,1542,1483,1
3858,1072,1135,0
3859,898,447,1
3860,723,1239,0
3861,10,676,1
3862,492,69,0
3863,1245,1477,0
3864,923,14,0
3865,1003,590,1
3866,1003,627,0
3867,1483,975,1
3868,884,1496,1
3869,1272,402,0
3870,672,1468,1
3871,1599,1551,1
3872,649,145,1
3873,1592,398,0
3874,1414,816,0
3875,682,1615,0
3876,1454,1150,1
3877,1427,1303,0
3878,508,59,0
3879,1495,614,1
3880,959,17,0
3881,1132,336,0
3882,88,1349,0
3883,1205,1312,1
3884,429,205,0
3885,1543,1110,0
3886,21,1210,1
3887,198,561,1
3888,1056,1248,1
3889,960,1329,0
3890,94,849,1
3891,818,254,0
3892,1454,502,1
3893,505,1447,1
3894,234,440,0
3895,1107,975,0
3896,1264,674,1
3897,1053,317,1
3898,494,377,1
3899,996,1507,1
3900,1308,156,1
3901,1002,1039,0
3902,1454,295,1
3903,530,1444,1
3904,192,1340,1
3905,1001,641,0
3906,573,484,0
3907,80,1187,1
3908,1543,174,0
3909,520,657,0
3910,9,456,1
3911,391,1003,1
3912,1187,1038,1
3913,1408,1513,0
3914,1355,1517,1
3915,808,900,0
3916,1237,18,1
3917,873,1517,0
3918,1027,23,0
3919,723,1435,1
3920,1219,926,1
3921,384,172,0
3922,21,1301,1
3923,1219,1076,1
3924,762,120,1
3925,1191,1481,0
3926,1219,1056,1
3927,282,1491,0
3928,923,830,1
3929,554,1175,0
3930,302,552,0
3931,274,1158,0
3932,847,1482,0
3933,1132,1542,1
3934,1220,244,1
3935,1054,723,1
3936,640,218,0
3937,968,385,0
3938,1548,653,0
3939,773,465,1
3940,192,4,1
3941,588,1056,1
3942,44,983,1
3943,864,543,1
3944,808,254,1
3945,545,797,0
3946,69,1463,0
3947,1224,846,1
3948,1064,357,1
3949,1400,423,0
3950,1219,138,1
3951,1350,1317,1
3952,647,1162,1
3953,1219,789,1
3954,1451,800,0
3955,416,226,0
3956,784,1583,0
3957,771,809,1
3958,893,1286,0
3959,306,309,1
3960,919,480,0
3961,254,447,1
3962,572,833,0
3963,70,30,0
3964,486,582,0
3965,773,829,1
3966,1541,1217,0
3967,1264,570,1
3968,1054,819,0
3969,231,723,1
3970,155,1578,1
3971,945,1315,1
3972,1258,1570,0
3973,674,1502,0
3974,192,297,1
3975,573,510,0
3976,879,618,1
3977,1445,1386,0
3978,1219,65,1
3979,1219,1486,1
3980,923,609,0
3981,94,1098,0
3982,656,216,0
3983,1133,935,0
3984,1063,500,0
3985,898,1054,1
3986,232,505,0
3987,192,760,0
3988,274,358,0
3989,733,385,1
3990,1264,382,1
3991,878,1231,1
3992,1147,930,0
3993,1367,1221,1
3994,672,1004,1
3995,733,456,1
3996,1072,398,0
3997,284,263,1
3998,1118,1469,0
3999,1231,302,1
4000,151,759,0
4001,530,1515,1
4002,9,616,1
4003,547,676,1
4004,360,1257,0
4005,1003,1447,1
4006,1202,538,1
4007,1315,357,1
4008,601,1053,1
4009,920,1257,0
4010,1138,1144,0
4011,164,284,1
4012,1054,577,1
4013,59,1187,0
4014,1185,46,0
4015,460,120,0
4016,1011,223,0
4017,923,1418,1
4018,847,1384,0
4019,192,918,1
4020,864,499,1
4021,165,1436,0
4022,189,1224,0
4023,1048,471,0
4024,573,291,0
4025,458,1291,1
4026,192,1388,1
4027,447,145,1
4028,192,48,1
4029,88,230,0
4030,136,474,1
4031,773,722,1
4032,1328,1273,0
4033,1054,1053,1
4034,119,1216,0
4035,538,555,1
4036,1027,1178,0
4037,454,173,0
4038,1560,1053,1
4039,1014,676,1
4040,1293,1076,0
4041,845,878,0
4042,474,895,0
4043,536,1395,0
4044,584,130,0
4045,1053,1533,1
4046,789,1514,0
4047,1177,1327,0
4048,530,1159,1
4049,1363,716,1
4050,50,1332,0
4051,1061,1271,0
4052,192,1363,1
4053,708,1519,0
4054,1273,930,0
4055,1354,393,0
4056,1187,566,1
4057,884,1289,0
4058,884,1520,1
4059,751,676,1
4060,21,295,1
4061,284,1323,0
4062,192,101,1
4063,646,686,0
4064,1185,418,1
4065,1500,91,1
4066,1408,1149,1
4067,1544,340,0
4068,1229,1219,1
4069,572,441,0
4070,1494,1465,0
4071,1043,406,0
4072,1254,1078,0
4073,460,1014,0
4074,190,1173,0
4075,1003,469,1
4076,1132,1129,1
4077,281,1501,0
4078,544,723,1
4079,733,864,1
4080,1168,136,1
4081,590,128,1
4082,573,340,0
4083,566,1575,1
4084,966,543,0
4085,530,888,1
4086,360,1612,1
4087,501,341,0
4088,934,723,1
4089,80,734,0
4090,1264,654,1
4091,1199,90,0
4092,300,1103,0
4093,1367,171,1
4094,1423,1447,1
4095,820,217,0
4096,1011,1301,0
4097,1435,16,0
4098,192,570,1
4099,48,771,1
4100,1301,793,0
4101,1264,360,1
4102,547,461,1
4103,1219,75,1
4104,1615,896,1
4105,1476,12,0
4106,326,723,1
4107,442,1295,0
4108,76,1328,0
4109,192,1002,1
4110,1015,283,0
4111,818,765,1
4112,1054,1241,1
4113,1233,1208,0
4114,1312,660,0
4115,192,1387,1
4116,1199,119,1
4117,1258,876,0
4118,242,560,0
4119,554,0,0
4120,1599,755,0
4121,10,1184,0
4122,647,1442,0
4123,649,601,1
4124,47,338,1
4125,309,300,1
4126,1518,663,0
4127,1131,442,0
4128,553,136,1
4129,676,454,0
4130,1038,972,0
4131,88,72,0
4132,1028,48,1
4133,723,1395,1
4134,1513,204,0
4135,1199,198,1
4136,9,769,1
4137,530,329,1
4138,530,314,1
4139,261,1619,1
4140,1118,590,1
4141,1541,175,0
4142,1423,716,1
4143,21,1458,1
4144,615,1490,0
4145,864,450,0
4146,1519,1585,1
4147,821,687,0
4148,727,960,1
4149,6,866,0
4150,767,1545,0
4151,1119,257,0
4152,1315,465,1
4153,1541,334,0
4154,1423,736,0
4155,9,1037,1
4156,1199,1294,1
4157,1468,566,1
4158,1314,230,1
4159,47,1413,0
4160,48,1014,1
4161,1581,1507,0
4162,21,5,1
4163,733,1547,0
4164,867,894,0
4165,276,605,0
4166,1219,430,1
4167,160,1227,0
4168,48,425,1
4169,192,838,1
4170,1191,955,1
4171,254,1326,1
4172,368,866,0
4173,914,74,0
4174,733,851,1
4175,566,1291,1
4176,1407,986,1
4177,1202,1265,0
4178,1092,926,1
4179,986,1136,0
4180,21,863,1
4181,530,625,1
4182,1249,149,1
4183,1265,893,0
4184,319,775,0
4185,145,961,0
4186,1518,1509,0
4187,1038,371,1
4188,411,1182,0
4189,1576,1099,0
4190,1063,737,0
4191,766,1057,1
4192,1049,186,0
4193,1265,1063,0
4194,588,1267,0
4195,1576,1019,0
4196,438,908,0
4197,1454,211,1
4198,566,1181,1
4199,245,678,1
4200,189,391,0
4201,21,696,1
4202,846,979,0
4203,614,460,0
4204,1421,688,0
4205,878,807,0
4206,1056,404,1
4207,1038,1001,0
4208,1249,155,1
4209,84,490,0
4210,646,638,0
4211,1332,1325,0
4212,884,841,0
4213,1215,778,0
4214,573,1377,0
4215,452,1053,1
4216,78,1134,0
4217,543,889,0
4218,190,1611,0
4219,1506,548,0
4220,864,490,1
4221,247,570,1
4222,1265,172,0
4223,731,485,0
4224,1118,775,0
4225,1210,228,1
4226,416,1353,0
4227,504,130,0
4228,1326,47,1
4229,926,714,0
4230,289,711,0
4231,966,1247,1
4232,1133,146,0
4233,987,601,1
4234,1454,698,1
4235,1573,1445,1
4236,389,1569,0
4237,566,1144,1
4238,1439,1150,0
4239,572,1491,1
4240,1219,467,1
4241,1312,828,0
4242,260,423,0
4243,1199,527,1
4244,368,1256,1
4245,447,898,1
4246,1575,1409,0
4247,1454,65,1
4248,234,91,1
4249,1134,113,0
4250,501,853,0
4251,47,141,0
4252,1454,1366,1
4253,1210,340,1
4254,975,68,0
4255,723,1135,1
4256,708,1245,1
4257,1312,277,1
4258,68,768,0
4259,1118,1054,1
4260,1454,645,1
4261,723,69,1
4262,974,580,0
4263,1264,1007,1
4264,379,973,0
4265,1454,43,1
4266,458,1352,1
4267,389,254,1
4268,1566,669,0
4269,995,798,0
4270,773,1183,1
4271,319,1580,0
4272,1185,563,1
4273,278,996,0
4274,959,1399,0
4275,808,1484,1
4276,48,1058,1
4277,538,311,1
4278,601,286,1
4279,684,791,0
4280,773,1207,1
4281,311,136,1
4282,194,1154,0
4283,920,467,1
4284,699,1548,1
4285,1258,1572,1
4286,1003,899,0
4287,1510,194,0
4288,896,393,0
4289,192,598,1
4290,1308,1315,1
4291,730,1076,0
4292,218,1191,1
4293,524,1281,1
4294,1289,1465,0
4295,1454,115,1
4296,788,50,0
4297,1115,1412,0
4298,432,59,1
4299,1334,424,0
4300,773,145,1
4301,1427,1557,1
4302,192,220,1
4303,1191,841,1
4304,571,557,0
4305,1214,941,0
4306,1483,867,0
4307,1385,926,1
4308,145,1456,0
4309,1447,559,1
4310,637,26,0
4311,1331,1032,0
4312,566,1193,1
4313,1199,712,1
4314,708,509,1
4315,429,817,0
4316,530,485,1
4317,302,1217,1
4318,566,16,1
4319,545,107,0
4320,1091,544,1
4321,108,19,0
4322,58,50,0
4323,1107,1472,0
4324,323,568,0
4325,571,1604,0
4326,1011,607,0
4327,919,653,1
4328,317,145,1
4329,77,430,0
4330,1501,549,0
4331,69,309,0
4332,1517,1151,0
4333,775,756,0
4334,192,374,1
4335,91,248,1
4336,1219,1521,0
4337,389,248,0
4338,16,1590,0
4339,119,1291,1
4340,247,1061,1
4341,1149,64,1
4342,499,904,1
4343,1308,1460,1
4344,334,1439,0
4345,1060,951,0
4346,1199,684,1
4347,1390,545,0
4348,926,969,1
4349,292,1359,0
4350,1224,1063,1
4351,1254,373,0
4352,1272,1387,0
4353,578,194,1
4354,275,830,1
4355,192,1515,1
4356,1454,961,1
4357,218,1133,0
4358,1566,1110,0
4359,636,1192,0
4360,1568,784,0
4361,846,959,1
4362,486,685,0
4363,647,1057,1
4364,326,786,0
4365,31,533,0
4366,1544,260,1
4367,566,1600,1
4368,957,964,0
4369,48,101,1
4370,266,392,0
4371,192,534,1
4372,1053,257,1
4373,1014,1039,0
4374,391,1449,0
4375,773,214,0
4376,1350,1191,1
4377,816,968,0
4378,1199,145,1
4379,212,1266,0
4380,846,1234,1
4381,1056,84,0
4382,1221,211,0
4383,653,1543,1
4384,733,958,1
4385,1590,1368,0
4386,1331,1078,1
4387,601,1444,1
4388,9,1159,1
4389,509,1056,1
4390,589,467,1
4391,733,287,0
4392,1169,1423,1
4393,275,723,1
4394,360,448,1
4395,735,689,0
4396,1063,1510,1
4397,712,1183,0
4398,1199,1249,1
4399,789,1539,1
4400,164,863,0
4401,578,460,1
4402,646,406,0
4403,1199,336,1
4404,491,259,1
4405,1364,79,1
4406,590,1128,0
4407,987,1404,1
4408,276,404,0
4409,474,925,0
4410,1454,312,1
4411,673,471,0
4412,1264,233,0
4413,389,119,1
4414,119,1150,0
4415,1495,1589,1
4416,672,408,1
4417,136,573,0
4418,1063,848,1
4419,35,1159,0
4420,1264,743,1
4421,0,449,0
4422,21,1067,1
4423,1395,229,1
4424,1219,352,1
4425,1308,269,1
4426,9,1178,1
4427,1542,455,1
4428,35,1555,0
4429,1264,809,0
4430,708,951,1
4431,1057,1084,0
4432,69,254,1
4433,723,219,1
4434,682,774,0
4435,1069,1151,0
4436,21,1187,0
4437,21,1496,1
4438,1056,496,0
4439,1331,675,1
4440,319,1132,1
4441,1054,1440,0
4442,1371,382,0
4443,1425,1612,0
4444,1560,1395,1
4445,745,1,0
4446,1129,986,1
4447,1185,263,1
4448,649,1054,1
4449,1445,1219,1
4450,678,1614,0
4451,192,2,1
4452,1339,408,1
4453,0,723,1
4454,566,583,1
4455,245,125,0
4456,1289,992,0
4457,614,1273,1
4458,1161,8,0
4459,1308,371,1
4460,1222,1367,1
4461,1308,1576,1
4462,306,4,1
4463,1471,1054,1
4464,1187,1219,1
4465,300,944,0
4466,64,638,1
4467,748,1573,0
4468,1188,1329,0
4469,800,412,0
4470,1093,659,0
4471,566,1266,1
4472,1173,1580,1
4473,1419,1580,1
4474,145,547,1
4475,723,649,1
4476,267,18,0
4477,145,1050,0
4478,1291,254,1
4479,102,80,0
4480,102,348,0
4481,1202,1012,0
4482,1185,223,1
4483,1326,1249,1
4484,896,1081,1
4485,317,976,0
4486,1495,1615,1
4487,1249,1562,0
4488,1520,247,0
4489,1199,1564,1
4490,1614,69,0
4491,773,1203,1
4492,1173,228,0
4493,1199,341,1
4494,1049,1568,0
4495,1107,339,0
4496,573,1476,0
4497,1560,689,0
4498,1215,566,1
4499,710,1596,0
4500,1510,1461,0
4501,1454,119,1
4502,1436,1516,0
4503,706,91,1
4504,566,1261,1
4505,649,716,1
4506,505,1136,0
4507,438,1326,0
4508,9,599,1
4509,1132,338,1
4510,306,1047,1
4511,1224,1600,1
4512,743,945,0
4513,773,629,0
4514,682,1537,0
4515,872,477,0
4516,1210,1124,1
4517,1338,1386,0
4518,590,1118,1
4519,1254,442,0
4520,1168,264,0
4521,1314,612,1
4522,1224,504,0
4523,1433,1053,1
4524,151,801,1
4525,108,389,0
4526,485,184,0
4527,247,1542,1
4528,709,1233,0
4529,573,900,0
4530,578,474,0
4531,1199,1360,1
4532,530,797,1
4533,254,1221,1
4534,9,838,1
4535,197,738,0
4536,510,114,0
4537,556,1593,0
4538,1057,1221,1
4539,1289,439,0
4540,745,666,0
4541,91,540,0
4542,1312,15,0
4543,516,1364,1
4544,601,1364,1
4545,781,467,0
4546,191,417,0
4547,1205,355,0
4548,712,469,1
4549,350,35,0
4550,846,627,1
4551,1091,1327,1
4552,119,1471,1
4553,530,843,1
4554,317,765,1
4555,1003,1177,1
4556,197,1526,0
4557,287,1015,0
4558,723,645,1
4559,897,197,0
4560,1085,264,0
4561,658,37,0
4562,821,585,0
4563,1312,996,1
4564,264,1579,0
4565,1317,1607,0
4566,1318,601,0
4567,218,1016,0
4568,48,1312,1
4569,1057,723,1
4570,300,44,0
4571,1219,1047,1
4572,17,585,0
4573,136,646,1
4574,682,901,0
4575,627,159,0
4576,1079,1343,1
4577,48,1129,1
4578,1326,1254,1
4579,58,1054,1
4580,1528,90,0
4581,849,244,1
4582,985,1059,0
4583,1221,1360,0
4584,908,723,1
4585,135,752,0
4586,1453,639,1
4587,864,537,1
4588,1394,1347,0
4589,192,1133,1
4590,192,368,1
4591,1500,1269,0
4592,1056,588,1
4593,575,151,0
4594,1314,1500,1
4595,1575,723,1
4596,120,1291,0
4597,996,678,1
4598,1231,975,1
4599,1092,80,1
4600,1454,448,1
4601,317,1607,1
4602,1403,900,0
4603,584,601,0
4604,1296,1066,0
4605,609,973,0
4606,815,374,0
4607,1219,627,0
4608,675,64,1
4609,360,675,1
4610,566,728,1
4611,1264,712,0
4612,996,1566,0
4613,1038,123,1
4614,1560,1245,0
4615,1053,534,1
4616,530,143,1
4617,909,1317,1
4618,1355,626,0
4619,766,658,0
4620,1003,1199,1
4621,530,1186,1
4622,566,1482,1
4623,1451,1331,1
4624,723,1147,1
4625,1451,638,1
4626,530,742,1
4627,879,374,0
4628,1369,1590,1
4629,1454,1095,1
4630,1029,1479,0
4631,1224,1168,1
4632,781,1363,0
4633,1538,705,0
4634,1400,336,0
4635,1132,494,1
4636,401,623,0
4637,276,1285,1
4638,1237,1166,0
4639,897,1172,0
4640,699,239,0
4641,1217,966,1
4642,1219,1093,1
4643,102,926,1
4644,920,733,0
4645,1147,1011,0
4646,155,1471,0
4647,510,557,1
4648,1130,717,0
4649,1308,313,0
4650,1334,1061,0
4651,336,157,0
4652,9,915,1
4653,1239,761,0
4654,192,639,1
4655,306,800,1
4656,1427,883,0
4657,9,248,1
4658,1326,716,1
4659,1328,1188,0
4660,382,738,0
4661,619,792,0
4662,21,773,1
4663,1394,408,0
4664,1060,991,1
4665,1219,102,1
4666,1049,1536,0
4667,1363,1478,0
4668,808,80,1
4669,274,256,0
4670,1060,279,1
4671,1591,1228,0
4672,1061,211,0
4673,1053,1029,1
4674,1119,178,0
4675,192,141,1
4676,1433,399,0
4677,1125,361,0
4678,261,278,1
4679,235,973,0
4680,909,1508,0
4681,566,577,1
4682,887,1278,0
4683,543,370,0
4684,851,601,1
4685,708,830,1
4686,1500,1548,0
4687,1402,1461,0
4688,1314,786,1
4689,1315,241,1
4690,311,399,0
4691,1315,1247,1
4692,1505,40,0
4693,638,1231,1
4694,650,20,0
4695,121,1101,0
4696,2,653,1
4697,1414,323,0
4698,306,218,0
4699,834,368,1
4700,1219,143,1
4701,460,582,1
4702,1215,1219,1
4703,834,611,0
4704,1264,557,1
4705,538,1599,1
4706,232,820,0
4707,773,620,1
4708,1132,1312,1
4709,284,1573,1
4710,69,1043,1
4711,1338,311,1
4712,773,530,1
4713,1056,124,0
4714,879,706,1
4715,306,775,1
4716,1199,488,1
4717,1296,868,0
4718,389,1272,1
4719,1395,673,0
4720,709,952,1
4721,951,1551,1
4722,248,649,1
4723,94,509,1
4724,1308,678,1
4725,650,1037,0
4726,743,243,0
4727,1331,1211,1
4728,48,762,1
4729,559,11,0
4730,1308,536,1
4731,427,743,1
4732,17,6,0
4733,1058,1443,0
4734,1506,503,0
4735,1005,765,1
4736,1249,649,1
4737,1072,1210,1
4738,135,295,0
4739,1291,128,1
4740,706,502,0
4741,986,972,0
4742,1291,1353,0
4743,1408,1542,1
4744,1533,393,0
4745,1232,1210,1
4746,1245,736,1
4747,566,847,1
4748,1447,676,1
4749,1181,1001,0
4750,235,115,0
4751,926,171,1
4752,1062,612,0
4753,1195,433,0
4754,1132,1281,1
4755,684,668,1
4756,681,853,0
4757,1528,1376,0
4758,1314,430,1
4759,860,16,1
4760,77,1249,1
4761,1036,1057,1
4762,1331,1549,0
4763,638,1580,1
4764,48,1501,1
4765,1257,1598,0
4766,1264,138,1
4767,1447,1599,1
4768,458,94,0
4769,672,1072,1
4770,675,295,0
4771,1011,479,0
4772,1283,1108,0
4773,1308,1017,0
4774,105,782,0
4775,1326,1455,0
4776,890,1244,0
4777,765,1005,1
4778,1211,759,0
4779,1258,300,1
4780,94,1579,0
4781,194,842,0
4782,742,642,0
4783,566,1098,1
4784,1199,143,1
4785,155,1005,0
4786,1325,733,0
4787,937,590,1
4788,672,67,0
4789,601,1077,1
4790,1221,1591,0
4791,391,498,1
4792,830,196,0
4793,304,344,0
4794,1219,853,1
4795,598,720,0
4796,185,561,0
4797,919,808,1
4798,1331,302,1
4799,1273,1241,1
4800,1454,1619,1
4801,708,899,1
4802,570,262,0
4803,672,1567,0
4804,1575,224,0
4805,1370,48,1
4806,1157,919,1
4807,244,814,0
4808,1220,544,1
4809,9,652,1
4810,530,766,1
4811,189,1054,1
4812,102,919,1
4813,808,259,0
4814,1223,717,0
4815,492,710,0
4816,1078,653,0
4817,649,48,1
4818,1130,27,0
4819,334,1134,0
4820,1496,430,1
4821,1181,56,0
4822,43,1033,0
4823,301,374,0
4824,69,1367,1
4825,730,944,0
4826,782,507,0
4827,1454,1433,1
4828,658,244,0
4829,1575,678,1
4830,1575,566,1
4831,1231,455,1
4832,311,1557,0
4833,919,926,1
4834,845,191,1
4835,927,1234,0
4836,868,1140,0
4837,1188,994,0
4838,649,1504,0
4839,1219,1585,1
4840,561,664,1
4841,401,317,1
4842,1314,879,1
4843,1264,1314,1
4844,442,1521,0
4845,491,17,0
4846,1543,1450,0
4847,1214,609,0
4848,1496,1304,1
4849,1354,50,0
4850,818,1504,0
4851,185,1038,0
4852,326,1135,0
4853,1573,343,0
4854,896,190,0
4855,1496,1254,1
4856,890,285,0
4857,1249,557,1
4858,1312,1001,1
4859,360,332,1
4860,1331,975,1
4861,191,180,0
4862,887,1481,0
4863,229,448,0
4864,959,696,0
4865,1151,1250,0
4866,64,675,1
4867,9,96,1
4868,504,376,0
4869,98,1130,1
4870,896,1615,1
4871,658,740,0
4872,996,1312,1
4873,884,510,0
4874,136,635,1
4875,620,1451,0
4876,533,997,0
4877,447,306,1
4878,289,9,0
4879,70,6,0
4880,926,447,1
4881,1056,368,0
4882,1133,1300,0
4883,1181,393,0
4884,1615,155,1
4885,1495,952,0
4886,1058,1306,0
4887,736,1519,1
4888,1454,158,1
4889,1258,833,1
4890,1219,591,1
4891,1454,742,0
4892,1454,1484,1
4893,1129,1502,1
4894,1390,591,0
4895,577,69,1
4896,1043,1134,0
4897,1123,447,0
4898,48,1341,1
4899,317,723,1
4900,1001,618,1
4901,588,1094,0
4902,50,284,1
4903,1316,1259,0
4904,846,964,1
4905,966,945,1
4906,818,1057,0
4907,164,1575,0
4908,1233,1365,0
4909,1445,724,0
4910,425,182,0
4911,645,1045,0
4912,1400,828,0
4913,945,1273,1
4914,1454,712,1
4915,1408,490,0
4916,1053,1518,1
4917,674,310,0
4918,796,1015,0
4919,1369,286,0
4920,773,454,1
4921,1454,785,0
4922,923,306,1
4923,1433,683,0
4924,1061,1435,0
4925,1317,1,1
4926,1316,1375,0
4927,578,598,0
4928,1317,1233,1
4929,884,69,0
4930,864,422,1
4931,1219,791,1
4932,1029,1355,0
4933,1550,1249,1
4934,1264,120,1
4935,927,1367,0
4936,231,971,0
4937,254,807,0
4938,808,996,0
4939,151,328,0
4940,816,170,0
4941,1219,1421,1
4942,668,1053,1
4943,926,432,1
4944,808,919,1
4945,909,1,1
4946,646,328,0
4947,1519,593,1
4948,773,979,1
4949,1177,463,0
4950,1199,417,1
4951,960,1229,1
4952,566,1214,1
4953,559,240,0
4954,846,1345,1
4955,142,309,0
4956,1580,695,0
4957,447,40,0
4958,593,1227,0
4959,482,1389,0
4960,702,107,0
4961,427,1074,1
4962,1289,39,0
4963,1132,601,1
4964,478,1088,0
4965,1092,1055,0
4966,893,657,0
4967,1400,577,1
4968,1195,557,1
4969,1129,1285,1
4970,1257,500,0
4971,192,1254,1
4972,1063,699,1
4973,1454,1542,1
4974,140,217,0
4975,9,563,1
4976,1312,772,0
4977,971,1061,1
4978,1054,755,0
4979,784,930,0
4980,415,365,0
4981,971,100,0
4982,530,1027,1
4983,1191,505,1
4984,1123,1188,1
4985,699,641,0
4986,1092,447,1
4987,165,1556,0
4988,1421,1603,0
4989,333,1072,0
4990,368,1284,0
4991,1395,105,0
4992,733,402,1
4993,190,449,0
4994,91,314,0
4995,1314,1231,1
4996,1191,1457,1
4997,1308,598,1
4998,1147,1398,0
4999,723,1040,1
5000,1107,584,0
5001,68,1079,0
5002,1056,77,1
5003,996,1315,1
5004,846,789,1
5005,317,1003,1
5006,1500,1202,1
5007,1534,59,0
5008,1129,1056,1
5009,1385,216,0
5010,48,1613,1
5011,415,1447,1
5012,1447,1326,1
5013,601,1111,1
5014,1542,1231,1
5015,1544,532,1
5016,1318,278,0
5017,1370,674,0
5018,9,463,1
5019,1134,369,0
5020,846,36,1
5021,27,723,1
5022,773,681,1
5023,192,120,1
5024,1421,1555,0
5025,1002,1402,0
5026,1543,626,0
5027,1390,206,0
5028,653,1444,1
5029,734,694,0
5030,887,1473,1
5031,1157,383,0
5032,192,301,1
5033,566,1395,1
5034,1132,553,1
5035,300,12,0
5036,743,1500,1
5037,267,731,1
5038,481,842,0
5039,1185,502,1
5040,94,22,1
5041,1505,469,1
5042,317,866,1
5043,1191,469,1
5044,789,1051,0
5045,1519,1548,1
5046,48,872,1
5047,1544,1078,1
5048,1123,551,0
5049,509,688,1
5050,1454,938,1
5051,672,1149,0
5052,427,1386,1
5053,1211,190,1
5054,1269,841,0
5055,618,485,1
5056,1053,119,1
5057,1476,69,0
5058,244,618,1
5059,1576,9,1
5060,673,36,0
5061,360,1340,1
5062,64,996,1
5063,317,1042,1
5064,1281,1113,0
5065,614,1371,0
5066,1195,810,0
5067,714,70,0
5068,1435,972,0
5069,48,664,1
5070,1219,74,1
5071,1129,1281,1
5072,1201,895,0
5073,669,677,0
5074,846,893,1
5075,9,168,1
5076,292,400,0
5077,1129,1312,1
5078,1219,97,1
5079,1185,376,1
5080,614,101,1
5081,601,363,1
5082,832,287,0
5083,1291,1579,0
5084,578,225,1
5085,723,991,0
5086,242,191,0
5087,254,500,0
5088,1199,1374,1
5089,809,1539,0
5090,1224,641,1
5091,525,1501,0
5092,773,1585,1
5093,575,972,0
5094,317,208,0
5095,192,9,1
5096,98,326,0
5097,1543,6,0
5098,1548,244,0
5099,1454,379,1
5100,250,1578,0
5101,6,1276,0
5102,669,723,1
5103,669,765,0
5104,560,186,0
5105,1072,971,0
5106,566,872,1
5107,48,1249,1
5108,1419,1601,1
5109,192,504,1
5110,192,28,1
5111,360,1444,0
5112,494,1494,1
5113,210,598,0
5114,492,389,0
5115,723,400,1
5116,427,1455,1
5117,523,640,0
5118,59,938,0
5119,48,1078,1
5120,570,536,0
5121,1264,307,1
5122,192,984,1
5123,1454,1468,1
5124,878,420,0
5125,594,299,0
5126,538,275,1
5127,615,53,0
5128,1590,1354,0
5129,560,460,0
5130,601,1043,1
5131,415,1316,0
5132,1483,459,0
5133,1312,1047,0
5134,1185,1281,1
5135,1316,328,0
5136,1185,1145,0
5137,1454,531,1
5138,1272,401,0
5139,314,723,1
5140,1054,678,1
5141,291,370,0
5142,887,809,0
5143,1305,576,0
5144,980,1615,0
5145,105,507,0
5146,155,326,0
5147,1129,643,1
5148,1219,407,1
5149,594,122,0
5150,9,959,1
5151,1048,926,0
5152,626,902,0
5153,934,430,0
5154,1519,731,1
5155,530,1056,1
5156,823,743,0
5157,48,1421,1
5158,864,1613,1
5159,1312,1367,1
5160,459,731,0
5161,306,432,1
5162,1332,179,0
5163,184,35,0
5164,968,1262,1
5165,923,165,1
5166,368,161,0
5167,926,1437,0
5168,978,1602,0
5169,1093,1369,1
5170,292,1374,0
5171,185,326,0
5172,919,930,0
5173,593,1270,0
5174,1615,67,0
5175,1210,1409,1
5176,1125,995,0
5177,1054,668,1
5178,192,1271,1
5179,235,608,0
5180,609,1458,0
5181,121,1578,1
5182,1015,1536,0
5183,1011,807,0
5184,102,601,0
5185,1291,1471,1
5186,192,1527,1
5187,1301,537,0
5188,1542,36,0
5189,538,986,1
5190,235,546,0
5191,1199,1303,1
5192,1580,496,0
5193,48,144,1
5194,563,1602,0
5195,1496,1219,1
5196,1210,1321,0
5197,9,392,1
5198,1447,1003,1
5199,1435,723,1
5200,94,1022,0
5201,851,870,0
5202,1199,1355,1
5203,48,890,1
5204,9,301,1
5205,1056,1495,1
5206,1219,1354,1
5207,1454,983,1
5208,1169,1291,1
5209,723,540,1
5210,1538,637,0
5211,1395,511,1
5212,664,1308,1
5213,1215,1093,0
5214,1257,886,0
5215,845,833,1
5216,176,510,0
5217,459,879,1
5218,520,1150,0
5219,264,303,0
5220,1539,103,0
5221,1468,1469,0
5222,653,554,0
5223,1151,92,0
5224,650,759,0
5225,1427,260,0
5226,966,1419,1
5227,963,529,0
5228,1590,1335,0
5229,9,1014,1
5230,1613,952,0
5231,1527,139,0
5232,280,851,0
5233,304,1405,0
5234,192,1195,1
5235,427,309,1
5236,1475,48,1
5237,1315,996,1
5238,1129,789,0
5239,1221,1222,1
5240,254,653,1
5241,155,716,1
5242,244,926,1
5243,923,1343,0
5244,1445,1149,1
5245,0,1550,0
5246,164,1455,1
5247,141,1319,0
5248,1157,1247,1
5249,818,518,1
5250,1460,973,0
5251,559,1601,0
5252,494,654,0
5253,9,898,1
5254,1338,751,1
5255,1264,841,1
5256,566,1615,1
5257,1133,588,1
5258,1317,582,1
5259,1187,1520,0
5260,1548,326,0
5261,1079,1445,0
5262,64,1030,0
5263,594,1559,0
5264,614,793,0
5265,1219,91,1
5266,559,637,1
5267,904,1279,0
5268,474,311,1
5269,582,234,0
5270,1036,1360,0
5271,1005,65,0
5272,155,814,0
5273,872,1347,0
5274,245,980,1
5275,1438,750,0
5276,664,1199,1
5277,1544,743,0
5278,1224,537,0
5279,752,206,0
5280,306,1470,1
5281,733,664,1
5282,795,699,0
5283,192,1591,1
5284,880,1566,0
5285,78,485,0
5286,1031,822,0
5287,347,386,0
5288,192,323,1
5289,923,504,1
5290,1245,1134,0
5291,261,1199,1
5292,934,1244,0
5293,192,155,1
5294,1505,250,0
5295,43,231,1
5296,723,1619,0
5297,538,1005,1
5298,818,1322,0
5299,868,1274,1
5300,566,1421,1
5301,1129,960,1
5302,219,1253,0
5303,560,817,0
5304,265,123,0
5305,1291,1280,0
5306,1488,1223,0
5307,1199,645,1
5308,773,1017,1
5309,485,596,1
5310,808,218,0
5311,1048,334,0
5312,745,567,0
5313,1060,393,1
5314,1314,1057,1
5315,959,1548,1
5316,9,1379,1
5317,974,1286,0
5318,530,245,1
5319,1301,256,0
5320,161,1133,0
5321,653,1054,1
5322,1001,1179,0
5323,1264,1396,1
5324,16,1213,0
5325,1054,413,0
5326,773,430,1
5327,88,338,0
5328,1517,1355,1
5329,1541,48,1
5330,764,1446,0
5331,136,311,1
5332,534,146,0
5333,743,105,0
5334,1249,926,1
5335,618,1577,0
5336,21,485,1
5337,524,1016,0
5338,1053,248,1
5339,618,1281,1
5340,1129,120,1
5341,431,818,1
5342,297,186,0
5343,636,1411,0
5344,48,231,1
5345,136,1205,1
5346,255,676,0
5347,1215,64,1
5348,509,17,1
5349,1053,1038,1
5350,1070,232,0
5351,971,354,0
5352,743,1536,1
5353,1199,983,1
5354,1229,745,0
5355,1519,736,1
5356,1501,1457,1
5357,1199,304,1
5358,658,245,1
5359,317,1029,1
5360,235,58,1
5361,1185,945,1
5362,773,1568,1
5363,1331,1445,1
5364,214,869,0
5365,17,245,0
5366,88,1279,0
5367,374,623,0
5368,192,952,1
5369,823,1070,0
5370,16,1570,0
5371,1005,56,0
5372,151,589,0
5373,1560,353,0
5374,520,235,0
5375,1519,937,1
5376,275,850,0
5377,1528,1175,0
5378,21,1159,1
5379,926,672,1
5380,1063,59,0
5381,627,442,0
5382,709,1597,0
5383,1210,141,1
5384,1580,1576,1
5385,1544,771,1
5386,1494,151,1
5387,1129,74,1
5388,1483,1573,1
5389,986,975,0
5390,1460,233,0
5391,1534,367,0
5392,845,714,1
5393,590,559,1
5394,656,1132,1
5395,1093,336,0
5396,1107,979,0
5397,1233,512,0
5398,1281,244,1
5399,846,15,1
5400,1129,1349,0
5401,926,222,1
5402,1605,159,0
5403,1219,529,1
5404,578,1247,1
5405,8,163,0
5406,1354,723,1
5407,1454,1374,1
5408,1591,977,0
5409,1129,208,1
5410,1132,1205,1
5411,398,1053,1
5412,1539,1476,0
5413,544,391,1
5414,645,336,1
5415,324,79,1
5416,538,1500,1
5417,192,759,1
5418,1157,1143,0
5419,102,618,0
5420,192,557,1
5421,530,988,0
5422,1274,46,0
5423,157,1570,0
5424,77,1291,1
5425,374,1501,1
5426,1445,664,0
5427,1527,1520,1
5428,1592,267,0
5429,482,87,0
5430,1283,1616,0
5431,1210,98,1
5432,966,379,0
5433,259,960,0
5434,71,304,0
5435,714,1554,0
5436,1454,491,1
5437,1054,254,1
5438,10,1481,0
5439,893,871,0
5440,577,926,1
5441,1232,773,1
5442,646,538,1
5443,1053,79,1
5444,1580,1451,1
5445,601,821,1
5446,1224,694,1
5447,1332,1392,0
5448,682,900,0
5449,1308,883,0
5450,191,1519,0
5451,1573,1408,1
5452,1063,857,1
5453,577,317,1
5454,1239,66,0
5455,1592,568,0
5456,254,527,0
5457,773,1548,1
5458,1425,606,0
5459,782,1397,0
5460,530,890,1
5461,499,1071,0
5462,1269,586,0
5463,905,789,0
5464,69,1181,0
5465,1187,1499,0
5466,1210,1612,1
5467,1605,1478,0
5468,723,516,1
5469,192,235,1
5470,1219,400,1
5471,846,673,1
5472,1214,1187,0
5473,202,1031,0
5474,1264,1130,1
5475,733,1525,1
5476,676,1454,1
5477,563,1096,0
5478,18,1001,1
5479,926,1092,1
5480,1447,1061,1
5481,554,832,0
5482,898,577,1
5483,1091,1016,0
5484,88,868,1
5485,1544,1367,0
5486,1119,1019,0
5487,1615,688,1
5488,923,861,0
5489,135,1327,0
5490,914,47,0
5491,588,903,1
5492,455,1542,1
5493,1029,601,1
5494,304,1057,1
5495,1219,1137,1
5496,996,1392,0
5497,723,286,1
5498,426,926,1
5499,1315,1600,1
5500,674,767,0
5501,1408,966,1
5502,260,1100,0
5503,530,1472,1
5504,1308,851,1
5505,1199,1500,1
5506,781,1012,0
5507,1169,557,1
5508,1506,684,0
5509,1268,31,0
5510,458,666,0
5511,1195,996,1
5512,157,920,0
5513,192,1151,1
5514,530,1502,1
5515,1201,114,0
5516,80,1616,0
5517,966,1231,1
5518,1308,1254,1
5519,788,461,0
5520,411,546,0
5521,1233,74,0
5522,458,767,0
5523,1355,244,1
5524,538,733,1
5525,723,317,1
5526,818,1505,0
5527,1454,708,1
5528,781,1020,0
5529,192,1323,1
5530,838,811,0
5531,1436,926,0
5532,566,91,1
5533,571,815,0
5534,615,1417,0
5535,491,1360,0
5536,1057,627,1
5537,9,704,1
5538,1254,924,0
5539,1057,1542,1
5540,752,1554,0
5541,1199,1509,1
5542,191,1471,0
5543,1231,1211,1
5544,896,262,1
5545,1495,206,1
5546,1291,1177,0
5547,190,1020,0
5548,951,1546,0
5549,1239,968,0
5550,212,327,0
5551,76,132,0
5552,530,336,1
5553,908,1249,0
5554,78,893,0
5555,1534,292,0
5556,1500,908,0
5557,302,1574,0
5558,1092,478,0
5559,1495,262,1
5560,534,1151,0
5561,1219,438,1
5562,280,752,0
5563,590,902,0
5564,985,511,1
5565,1185,872,1
5566,1447,716,1
5567,165,94,0
5568,520,58,0
5569,986,125,0
5570,1226,237,0
5571,1191,48,1
5572,136,983,0
5573,538,1247,1
5574,1510,1155,0
5575,1367,288,0
5576,21,1592,1
5577,846,290,1
5578,530,881,1
5579,1395,1560,1
5580,1445,566,1
5581,1585,955,0
5582,1454,1346,1
5583,274,1359,0
5584,1201,1324,0
5585,155,1130,0
5586,1369,112,1
5587,563,1183,1
5588,767,923,0
5589,1483,1590,0
5590,672,1461,1
5591,1054,289,0
5592,1395,1115,0
5593,1517,1281,1
5594,138,38,0
5595,845,1213,1
5596,1354,566,1
5597,849,954,0
5598,1308,1505,1
5599,570,29,0
5600,474,751,1
5601,1364,475,0
5602,1395,1251,1
5603,58,1295,0
5604,1224,775,1
5605,1533,1560,0
5606,1079,508,1
5607,1367,254,1
5608,1001,879,1
5609,1497,669,0
5610,598,1541,0
5611,1355,1591,1
5612,968,1541,0
5613,682,541,0
5614,1199,491,1
5615,1445,876,0
5616,646,145,1
5617,309,1474,0
5618,1551,909,0
5619,1308,681,1
5620,9,1069,1
5621,1199,1573,1
5622,453,723,1
5623,1367,564,1
5624,808,503,0
5625,1002,1551,1
5626,1301,467,1
5627,775,448,0
5628,1057,1281,1
5629,1315,1380,0
5630,986,1517,1
5631,494,862,0
5632,584,938,0
5633,1069,2,0
5634,17,979,0
5635,1053,1232,1
5636,48,21,1
5637,1445,1439,1
5638,927,198,0
5639,441,228,0
5640,311,538,1
5641,323,975,1
5642,1195,48,1
5643,524,136,1
5644,664,372,0
5645,6,473,0
5646,0,196,0
5647,300,39,0
5648,1291,1522,0
5649,538,469,0
5650,808,1092,1
5651,486,1249,1
5652,530,94,1
5653,808,202,0
5654,1447,1403,0
5655,2,658,1
5656,846,18,1
5657,336,101,0
5658,1222,1054,1
5659,1264,1318,1
5660,1599,1070,0
5661,219,1402,0
5662,1234,632,0
5663,1219,1352,1
5664,459,1089,0
5665,773,197,1
5666,1195,106,0
5667,509,614,1
5668,1053,1328,1
5669,923,872,1
5670,234,981,0
5671,533,345,0
5672,800,907,0
5673,959,338,0
5674,145,649,1
5675,1221,112,1
5676,69,1053,1
5677,91,1451,0
5678,191,736,0
5679,1421,1455,0
5680,269,34,0
5681,244,849,1
5682,1314,98,1
5683,578,1241,1
5684,211,1149,1
5685,748,658,1
5686,708,1588,1
5687,21,1600,1
5688,1224,1514,1
5689,504,849,0
5690,1518,251,0
5691,909,1170,0
5692,319,46,0
5693,441,673,0
5694,480,441,0
5695,1134,13,0
5696,647,257,0
5697,588,803,0
5698,1518,1063,0
5699,102,1097,0
5700,1217,272,0
5701,742,560,0
5702,1056,1249,1
5703,1072,1517,0
5704,615,1438,0
5705,6,936,0
5706,845,874,1
5707,70,1494,1
5708,723,1038,1
5709,248,1364,1
5710,447,290,1
5711,21,830,1
5712,156,1312,0
5713,1281,593,1
5714,1454,132,1
5715,1573,1580,1
5716,615,977,0
5717,601,1191,1
5718,311,1579,0
5719,1325,562,0
5720,1454,488,1
5721,864,881,1
5722,1316,232,0
5723,530,1009,1
5724,1199,1559,1
5725,723,486,1
5726,1495,101,1
5727,1273,1445,1
5728,1248,1479,0
5729,1262,4,0
5730,501,491,0
5731,135,262,1
5732,1510,280,1
5733,575,97,0
5734,35,1332,1
5735,192,107,1
5736,317,267,0
5737,1038,616,1
5738,1264,717,1
5739,1199,1218,1
5740,447,564,1
5741,219,7,0
5742,44,1540,0
5743,1328,786,0
5744,202,1296,1
5745,1519,1014,1
5746,1436,1068,0
5747,411,871,0
5748,98,1591,0
5749,1404,603,0
5750,1002,564,0
5751,1326,192,1
5752,231,566,1
5753,1091,385,1
5754,684,1053,1
5755,1063,1214,1
5756,1496,1213,1
5757,681,338,0
5758,58,1352,0
5759,578,1396,1
5760,751,558,0
5761,1308,1421,1
5762,566,1079,1
5763,306,830,1
5764,1063,1269,0
5765,48,1422,0
5766,151,71,0
5767,1248,1032,0
5768,1408,597,0
5769,669,1417,0
5770,478,131,0
5771,767,693,0
5772,70,803,0
5773,545,525,0
5774,1205,154,0
5775,80,447,1
5776,1615,1320,0
5777,1312,992,0
5778,1053,518,0
5779,44,339,0
5780,878,1211,1
5781,742,1175,0
5782,987,14,0
5783,706,915,0
5784,923,581,1
5785,727,368,0
5786,1447,256,0
5787,425,572,0
5788,905,331,0
5789,9,1161,1
5790,751,469,0
5791,706,1507,0
5792,649,1509,0
5793,1454,1566,1
5794,1063,1427,1
5795,190,726,0
5796,601,1511,0
5797,398,846,0
5798,261,432,1
5799,816,566,0
5800,160,937,0
5801,48,505,1
5802,1231,1173,1
5803,231,919,1
5804,155,94,1
5805,620,1199,0
5806,538,646,1
5807,350,898,0
5808,259,555,0
5809,588,1009,0
5810,1264,128,1
5811,9,1544,1
5812,1064,404,0
5813,192,1566,1
5814,712,1072,1
5815,1219,1600,1
5816,619,1130,0
5817,1085,1348,0
5818,1231,1580,1
5819,1219,745,1
5820,424,1581,0
5821,1199,78,1
5822,1129,955,1
5823,712,1548,1
5824,1063,1247,1
5825,231,1464,1
5826,48,677,1
5827,927,159,0
5828,1308,225,1
5829,1613,296,0
5830,1433,1005,0
5831,1062,601,1
5832,762,355,1
5833,1339,422,0
5834,1201,731,0
5835,69,926,1
5836,575,1132,1
5837,494,460,1
5838,389,112,0
5839,1518,217,0
5840,192,1507,1
5841,1590,127,0
5842,926,928,1
5843,482,650,0
5844,1210,1237,1
5845,1325,515,0
5846,326,53,0
5847,17,896,1
5848,762,1199,1
5849,1363,1312,0
5850,1131,1035,0
5851,864,1416,1
5852,1201,247,0
5853,893,977,0
5854,1520,532,0
5855,1060,57,0
5856,530,698,1
5857,1232,573,0
5858,773,830,1
5859,1385,534,0
5860,808,493,0
5861,727,1553,0
5862,864,15,1
5863,751,1218,0
5864,751,171,0
5865,1107,411,0
5866,1258,847,1
5867,1575,616,1
5868,697,770,0
5869,108,246,0
5870,909,1540,0
5871,69,1119,0
5872,1254,363,0
5873,1003,1379,0
5874,254,284,1
5875,699,904,0
5876,533,1019,0
5877,645,659,0
5878,155,560,1
5879,1231,1483,1
5880,1224,160,1
5881,1147,723,1
5882,731,909,0
5883,481,555,0
5884,405,235,0
5885,140,1034,0
5886,191,601,1
5887,156,1377,0
5888,986,538,1
5889,1454,1579,1
5890,415,300,0
5891,1237,1175,0
5892,485,684,0
5893,868,920,0
5894,431,538,1
5895,1254,1264,1
5896,1272,389,1
5897,1205,849,0
5898,1438,1249,1
5899,1199,1095,1
5900,1056,614,1
5901,980,245,1
5902,355,443,0
5903,1211,247,0
5904,1581,1370,1
5905,340,938,0
5906,1199,498,1
5907,986,13,0
5908,1057,141,1
5909,326,853,0
5910,926,600,1
5911,1185,600,1
5912,1138,131,0
5913,9,5,1
5914,1258,1271,0
5915,1219,558,1
5916,1576,1231,1
5917,544,1057,1
5918,682,1238,0
5919,987,949,0
5920,636,1350,0
5921,1445,1580,1
5922,674,1365,0
5923,189,1291,1
5924,355,936,0
5925,415,167,0
5926,849,614,1
5927,509,872,0
5928,890,839,0
5929,292,1043,1
5930,706,1057,1
5931,1460,585,0
5932,317,1575,1
5933,1079,1589,0
5934,1210,250,1
5935,781,187,0
5936,742,258,0
5937,1264,304,1
5938,544,1159,0
5939,1265,1474,0
5940,347,1422,0
5941,530,1399,0
5942,926,601,1
5943,872,697,0
5944,306,590,1
5945,1219,1152,1
5946,468,308,0
5947,1053,1553,1
5948,914,1199,1
5949,492,308,0
5950,1272,1286,0
5951,164,1361,0
5952,1049,1600,1
5953,88,1118,0
5954,493,550,0
5955,1613,1451,0
5956,284,1053,1
5957,1053,1471,1
5958,626,1347,0
5959,566,1135,1
5960,485,338,0
5961,1264,75,1
5962,1315,639,1
5963,723,1510,1
5964,1334,858,0
5965,813,462,0
5966,767,810,0
5967,333,1021,0
5968,1161,175,0
5969,1447,1177,1
5970,1061,214,0
5971,9,884,1
5972,541,254,0
5973,157,1359,1
5974,884,1589,0
5975,1219,960,1
5976,1505,1340,0
5977,1543,566,1
5978,1185,137,1
5979,1331,166,0
5980,141,1057,1
5981,563,1447,1
5982,766,1574,0
5983,847,1228,0
5984,1002,929,0
5985,566,1052,1
5986,1439,64,1
5987,1355,524,1
5988,742,277,0
5989,494,1358,0
5990,1232,588,0
5991,530,1406,1
5992,1291,1312,1
5993,808,1054,1
5994,846,1017,1
5995,668,716,1
5996,1060,874,1
5997,1264,951,1
5998,1232,1217,0
5999,1173,64,1
6000,1308,875,1
6001,355,1562,0
6002,10,1437,0
6003,1331,1217,1
6004,1364,1051,0
6005,47,1401,0
6006,269,1612,0
6007,121,1235,0
6008,192,102,1
6009,454,688,0
6010,1268,36,0
6011,723,371,1
6012,1053,751,1
6013,192,1144,1
6014,1262,601,0
6015,289,147,0
6016,314,442,0
6017,781,1062,0
6018,350,1282,0
6019,1130,826,0
6020,879,1135,1
6021,1496,771,1
6022,1575,698,0
6023,1533,576,0
6024,1513,1127,0
6025,1150,1232,0
6026,530,1459,1
6027,1272,1206,0
6028,985,1121,0
6029,1187,80,1
6030,336,1199,1
6031,1454,923,1
6032,971,1267,0
6033,1338,1132,1
6034,609,333,0
6035,447,1054,1
6036,846,1604,0
6037,589,545,0
6038,582,490,1
6039,566,755,1
6040,1257,1058,0
6041,1454,13,1
6042,520,1363,1
6043,1359,649,1
6044,1157,1397,0
6045,647,252,0
6046,832,1023,0
6047,1301,609,0
6048,35,613,0
6049,951,967,0
6050,966,1576,1
6051,1331,190,1
6052,1471,635,0
6053,1177,1003,1
6054,48,1037,1
6055,523,341,0
6056,1419,64,1
6057,649,58,1
6058,314,1451,1
6059,1053,1573,1
6060,557,371,0
6061,44,590,1
6062,570,500,0
6063,1264,767,1
6064,1215,1231,1
6065,566,751,1
6066,1213,467,1
6067,164,368,1
6068,190,1200,0
6069,289,1032,0
6070,1239,338,0
6071,547,1501,1
6072,1314,497,1
6073,360,620,1
6074,590,1318,1
6075,735,1275,0
6076,389,739,1
6077,317,871,1
6078,530,289,1
6079,668,188,0
6080,1249,1326,1
6081,1085,794,0
6082,960,1495,0
6083,884,420,0
6084,1518,1215,1
6085,649,971,0
6086,1057,1576,1
6087,867,230,0
6088,846,249,1
6089,1053,775,0
6090,614,17,1
6091,231,1389,0
6092,1291,389,1
6093,9,510,0
6094,1544,1473,0
6095,823,104,0
6096,1454,858,1
6097,636,76,0
6098,1544,1081,1
6099,136,1338,1
6100,1093,1222,0
6101,1188,1468,0
6102,1291,1434,0
6103,590,104,0
6104,47,658,0
6105,71,734,0
6106,545,1075,0
6107,9,1213,1
6108,368,1053,0
6109,1005,431,1
6110,478,1038,1
6111,566,1445,1
6112,1436,431,1
6113,578,602,1
6114,1001,1318,1
6115,1331,455,1
6116,80,566,1
6117,796,784,0
6118,438,1471,0
6119,664,538,0
6120,896,1495,1
6121,155,268,0
6122,1085,1063,1
6123,1551,674,0
6124,849,784,0
6125,17,832,1
6126,192,1004,1
6127,601,1476,1
6128,454,1101,0
6129,1187,1412,0
6130,70,1471,0
6131,904,966,1
6132,317,1420,1
6133,289,340,0
6134,1043,652,0
6135,1364,601,1
6136,696,192,1
6137,1057,1316,1
6138,765,723,1
6139,516,544,1
6140,478,255,1
6141,573,549,0
6142,928,699,0
6143,1249,1129,1
6144,250,1307,0
6145,89,1105,0
6146,543,664,1
6147,1308,1386,1
6148,846,665,1
6149,1199,737,1
6150,50,1142,0
6151,1,582,1
6152,1054,290,1
6153,1157,995,1
6154,601,1129,1
6155,905,987,1
6156,91,678,1
6157,368,1042,0
6158,1210,1585,1
6159,1149,211,1
6160,1231,675,1
6161,762,1107,0
6162,1585,400,0
6163,1129,1526,1
6164,601,478,1
6165,959,1551,0
6166,509,55,1
6167,141,190,0
6168,1454,1217,1
6169,995,471,0
6170,1049,512,0
6171,1219,121,1
6172,1269,1258,0
6173,1053,488,0
6174,919,1125,1
6175,1496,267,0
6176,160,820,0
6177,788,604,0
6178,1053,1409,0
6179,1435,1295,0
6180,9,676,1
6181,1359,1247,1
6182,1264,627,1
6183,2,1219,1
6184,926,653,1
6185,304,512,0
6186,1129,1561,1
6187,566,1573,1
6188,1221,1518,0
6189,1541,213,0
6190,292,1580,0
6191,968,508,1
6192,260,960,0
6193,762,1558,0
6194,1420,507,0
6195,71,720,0
6196,1438,349,0
6197,302,675,1
6198,397,1162,0
6199,846,382,1
6200,1199,625,1
6201,194,666,0
6202,231,926,1
6203,873,1225,0
6204,575,555,1
6205,301,1168,0
6206,566,1358,0
6207,304,430,0
6208,426,1484,1
6209,1281,516,1
6210,453,1280,0
6211,919,1049,1
6212,1519,552,1
6213,1062,767,0
6214,1369,173,0
6215,1057,544,1
6216,538,1056,1
6217,1366,518,1
6218,830,950,0
6219,626,1463,0
6220,800,1251,0
6221,653,1125,1
6222,1161,947,0
6223,708,460,1
6224,1191,1171,1
6225,1576,929,1
6226,1249,628,1
6227,1369,465,0
6228,619,981,0
6229,485,1531,1
6230,1506,601,1
6231,601,1038,1
6232,1439,1149,1
6233,814,1603,0
6234,1542,656,1
6235,77,1292,0
6236,35,768,0
6237,1129,983,1
6238,47,983,1
6239,429,669,0
6240,284,1215,1
6241,1496,774,1
6242,1221,1564,0
6243,48,168,1
6244,773,719,1
6245,1308,1455,1
6246,846,1281,1
6247,1308,658,1
6248,566,919,1
6249,833,69,0
6250,518,1457,0
6251,614,896,1
6252,1323,557,1
6253,1093,902,0
6254,145,1157,1
6255,1315,1507,1
6256,530,1148,1
6257,264,207,0
6258,773,289,1
6259,235,237,0
6260,1301,1509,0
6261,1527,624,0
6262,781,618,0
6263,838,889,0
6264,614,129,1
6265,190,1572,1
6266,1370,422,1
6267,192,171,1
6268,9,1256,1
6269,192,1292,1
6270,510,1089,0
6271,730,945,0
6272,504,1500,1
6273,1419,1424,0
6274,897,1098,0
6275,1205,43,0
6276,775,367,0
6277,1219,184,1
6278,1454,1004,1
6279,1195,217,0
6280,1064,1097,0
6281,1495,1291,1
6282,333,1514,0
6283,1191,1608,1
6284,601,996,1
6285,355,762,1
6286,44,1553,1
6287,21,1138,1
6288,269,1480,0
6289,442,1344,0
6290,9,412,1
6291,485,1219,1
6292,851,896,0
6293,98,509,1
6294,618,879,1
6295,9,1599,1
6296,986,467,1
6297,1315,943,1
6298,253,59,0
6299,570,528,0
6300,1483,1445,1
6301,966,64,1
6302,566,1012,1
6303,1001,26,0
6304,1281,849,1
6305,324,69,1
6306,1087,213,0
6307,1599,637,1
6308,247,520,0
6309,1130,6,0
6310,1219,983,1
6311,225,566,1
6312,491,785,0
6313,1264,41,1
6314,584,1047,0
6315,1585,557,1
6316,1408,22,0
6317,1573,260,1
6318,1249,389,1
6319,492,152,1
6320,58,649,1
6321,1454,1352,1
6322,957,121,0
6323,326,1547,0
6324,1134,1314,1
6325,577,447,1
6326,584,1265,0
6327,1264,1084,1
6328,427,958,1
6329,1599,1210,0
6330,1454,1029,1
6331,557,600,0
6332,813,1152,0
6333,492,426,0
6334,709,725,0
6335,1312,1512,0
6336,1454,1003,1
6337,1264,817,1
6338,599,1399,0
6339,1419,1211,1
6340,957,92,0
6341,847,85,0
6342,1513,1051,0
6343,427,385,1
6344,1069,882,0
6345,1573,1483,1
6346,267,783,0
6347,334,1061,1
6348,1460,899,0
6349,1001,459,1
6350,1031,265,0
6351,563,965,0
6352,960,1570,0
6353,730,13,0
6354,1407,1460,0
6355,474,321,0
6356,157,1199,1
6357,796,1142,0
6358,21,342,1
6359,1544,317,1
6360,98,741,0
6361,978,249,0
6362,1150,1420,0
6363,1107,1522,0
6364,672,678,1
6365,653,588,1
6366,48,684,1
6367,289,787,0
6368,1264,479,1
6369,197,48,1
6370,288,1175,0
6371,478,675,0
6372,1454,1232,1
6373,923,1573,1
6374,1119,138,0
6375,846,525,1
6376,1181,1519,0
6377,1014,154,0
6378,1213,418,0
6379,1149,1301,0
6380,58,346,0
6381,1607,568,0
6382,69,1173,0
6383,736,309,1
6384,1118,1447,1
6385,530,1566,1
6386,1027,1236,1
6387,1003,1599,1
6388,560,626,0
6389,1221,898,1
6390,1015,1354,0
6391,818,876,0
6392,1191,1036,0
6393,880,365,0
6394,1315,1224,1
6395,1591,1587,0
6396,192,1220,1
6397,566,143,1
6398,1464,503,0
6399,405,1475,0
6400,1454,219,1
6401,1501,1191,1
6402,530,601,1
6403,708,958,1
6404,1229,1390,1
6405,1506,340,0
6406,1215,101,1
6407,748,607,0
6408,427,796,1
6409,48,366,1
6410,649,1151,0
6411,1326,295,0
6412,1038,248,1
6413,1599,945,1
6414,1464,62,0
6415,1161,479,0
6416,1354,1249,0
6417,577,1096,0
6418,21,700,1
6419,141,343,0
6420,727,835,0
6421,1232,161,0
6422,141,724,0
6423,846,660,1
6424,9,1433,1
6425,599,1391,0
6426,696,391,0
6427,1363,1195,0
6428,21,1613,1
6429,1544,1221,1
6430,1027,899,0
6431,21,652,1
6432,1053,1291,1
6433,317,577,1
6434,1544,302,1
6435,1221,1525,0
6436,9,996,1
6437,80,563,0
6438,1560,1406,0
6439,47,192,1
6440,164,1572,0
6441,1390,173,0
6442,614,688,1
6443,9,992,1
6444,1219,1148,0
6445,1475,644,0
6446,813,422,0
6447,1063,740,0
6448,1454,319,1
6449,16,812,0
6450,121,817,0
6451,820,551,0
6452,48,1130,1
6453,987,1085,1
6454,1339,1254,1
6455,1575,471,0
6456,1551,447,1
6457,533,1076,0
6458,1325,441,0
6459,1129,1314,1
6460,582,1,1
6461,1264,1213,1
6462,1199,420,1
6463,1504,396,0
6464,411,1066,0
6465,1048,66,0
6466,499,538,1
6467,1161,1093,1
6468,1181,781,0
6469,284,929,1
6470,601,254,1
6471,566,960,1
6472,1451,1320,0
6473,18,773,0
6474,516,655,0
6475,1447,340,1
6476,1400,1194,0
6477,1219,610,1
6478,538,1308,1
6479,1219,593,1
6480,1544,1239,1
6481,887,896,0
6482,669,796,1
6483,706,318,0
6484,1538,667,0
6485,1210,1026,1
6486,248,616,1
6487,1157,709,1
6488,1369,1211,0
6489,1420,918,0
6490,1061,290,0
6491,518,1588,0
6492,235,702,0
6493,782,901,0
6494,1291,1111,1
6495,324,1571,0
6496,155,1056,1
6497,534,1053,1
6498,773,1550,1
6499,432,705,0
6500,1054,658,0
6501,284,1285,0
6502,1173,1613,0
6503,1199,1149,1
6504,494,1129,1
6505,58,747,0
6506,1199,137,1
6507,1308,788,1
6508,1454,418,1
6509,276,1408,0
6510,975,1005,0
6511,1544,49,1
6512,1249,773,1
6513,334,1512,0
6514,1599,1325,0
6515,16,1050,0
6516,44,1291,1
6517,253,324,0
6518,1464,1309,0
6519,1390,697,0
6520,1054,653,1
6521,1219,979,1
6522,192,360,1
6523,452,195,0
6524,818,926,1
6525,21,79,1
6526,1460,1305,0
6527,88,541,0
6528,1249,17,1
6529,544,696,1
6530,1364,450,0
6531,1199,874,1
6532,978,88,0
6533,534,1067,0
6534,614,1056,1
6535,276,158,0
6536,821,601,1
6537,1563,922,0
6538,1614,273,0
6539,1001,789,0
6540,355,491,0
6541,884,886,0
6542,80,1496,0
6543,1585,1545,0
6544,590,1332,1
6545,1419,924,0
6546,1011,898,0
6547,1528,793,0
6548,485,127,0
6549,1043,1233,0
6550,530,346,1
6551,474,1410,0
6552,69,1092,1
6553,818,1608,0
6554,429,401,0
6555,1085,271,0
6556,1219,691,1
6557,1185,673,1
6558,48,1085,1
6559,1027,268,0
6560,795,720,0
6561,504,1173,0
6562,975,638,1
6563,1519,965,1
6564,455,1175,0
6565,1408,152,1
6566,1063,989,0
6567,1580,1408,1
6568,191,33,0
6569,566,229,1
6570,1254,902,0
6571,959,505,1
6572,1425,674,0
6573,1123,156,0
6574,164,1506,0
6575,968,1309,0
6576,1157,547,1
6577,120,815,0
6578,9,1591,1
6579,192,250,1
6580,1318,1169,1
6581,577,879,1
6582,1129,1199,1
6583,1061,944,0
6584,1107,1076,0
6585,833,938,0
6586,48,1588,1
6587,1367,1222,1
6588,1029,653,1
6589,1568,1161,0
6590,1370,1517,1
6591,280,694,0
6592,1454,1550,1
6593,482,806,0
6594,864,1240,1
6595,1533,1053,1
6596,676,600,1
6597,1058,1010,0
6598,600,1585,1
6599,1002,1485,0
6600,1001,18,1
6601,1118,538,1
6602,265,1256,0
6603,509,1081,1
6604,1199,1385,1
6605,1211,326,0
6606,9,1221,1
6607,1445,390,0
6608,684,1534,0
6609,368,926,1
6610,905,1409,0
6611,1091,428,0
6612,278,430,0
6613,577,749,0
6614,1027,666,0
6615,505,0,0
6616,1199,649,1
6617,411,64,1
6618,1407,465,0
6619,975,1408,1
6620,919,347,0
6621,820,613,0
6622,1107,729,0
6623,1123,154,0
6624,1219,550,1
6625,823,532,0
6626,1585,48,1
6627,1038,1535,1
6628,254,1596,0
6629,1568,955,0
6630,384,1522,0
6631,1364,632,0
6632,649,547,1
6633,530,1011,1
6634,577,1414,0
6635,1445,1273,1
6636,926,1219,1
6637,563,1001,1
6638,47,1218,0
6639,192,849,1
6640,1219,2,1
6641,184,543,0
6642,1293,1473,0
6643,709,536,1
6644,1439,887,0
6645,1221,808,1
6646,1069,1125,1
6647,908,251,0
6648,494,1231,0
6649,1460,571,0
6650,1408,1173,1
6651,1219,1143,1
6652,832,148,0
6653,1296,228,1
6654,121,1077,1
6655,156,1527,0
6656,1087,483,0
6657,926,1478,1
6658,1229,1277,0
6659,21,48,1
6660,851,723,1
6661,919,317,1
6662,35,505,1
6663,1056,48,1
6664,1541,1031,1
6665,578,1359,0
6666,1542,247,1
6667,1338,1501,0
6668,1264,1078,1
6669,1215,1,0
6670,714,885,0
6671,1451,1173,1
6672,1592,459,0
6673,52,424,0
6674,1147,485,0
6675,68,722,0
6676,880,561,0
6677,1226,1551,1
6678,1001,1355,1
6679,660,1291,1
6680,69,1555,1
6681,544,228,1
6682,1199,557,1
6683,1451,1179,0
6684,1087,1069,0
6685,1063,762,1
6686,64,411,1
6687,1033,776,0
6688,1421,830,0
6689,650,1218,1
6690,1057,1517,0
6691,1161,801,1
6692,1476,813,1
6693,795,693,0
6694,975,1483,1
6695,1138,536,0
6696,789,190,1
6697,1308,385,1
6698,1315,1472,1
6699,1544,59,1
6700,219,649,0
6701,566,1137,1
6702,560,1389,0
6703,1185,530,1
6704,524,8,0
6705,1063,501,1
6706,398,816,0
6707,136,415,0
6708,624,1574,0
6709,1436,66,0
6710,1423,858,1
6711,244,1054,1
6712,245,68,1
6713,957,1045,0
6714,1239,728,0
6715,649,306,0
6716,493,192,0
6717,192,1317,1
6718,326,286,0
6719,1566,647,0
6720,1232,306,0
6721,1575,1165,0
6722,834,1305,0
6723,27,18,0
6724,578,1201,1
6725,1211,284,1
6726,566,926,1
6727,563,1003,1
6728,846,1519,1
6729,1219,366,1
6730,69,719,0
6731,898,254,1
6732,1510,238,0
6733,480,269,0
6734,590,986,0
6735,480,1475,0
6736,1134,670,0
6737,324,438,1
6738,1107,177,0
6739,493,877,0
6740,235,44,0
6741,1091,191,1
6742,530,27,1
6743,142,1172,0
6744,743,33,0
6745,1544,1373,1
6746,649,636,1
6747,1471,1043,1
6748,920,1595,0
6749,214,1146,0
6750,1493,723,1
6751,966,1445,1
6752,1370,374,1
6753,9,1273,1
6754,1199,1455,1
6755,996,309,1
6756,636,480,0
6757,78,776,0
6758,282,654,0
6759,1394,867,0
6760,242,1409,0
6761,1454,560,1
6762,664,416,0
6763,1334,817,0
6764,192,373,1
6765,264,1210,1
6766,1364,879,0
6767,21,322,1
6768,1054,1256,1
6769,905,1218,1
6770,80,725,0
6771,867,471,0
6772,1060,552,1
6773,752,643,0
6774,1454,1157,1
6775,730,1161,0
6776,1211,1601,1
6777,561,734,0
6778,1063,152,1
6779,254,1291,1
6780,1078,683,0
6781,1014,974,0
6782,1312,544,1
6783,453,1182,0
6784,459,1237,1
6785,136,145,1
6786,723,1423,1
6787,1339,1210,1
6788,590,996,1
6789,1199,1186,1
6790,389,1591,0
6791,1328,1359,1
6792,926,898,1
6793,48,585,1
6794,968,972,0
6795,1129,250,1
6796,9,983,1
6797,494,395,0
6798,1015,1552,0
6799,1447,1404,1
6800,192,1482,1
6801,536,734,0
6802,697,734,0
6803,1385,903,1
6804,1338,338,1
6805,566,294,1
6806,846,1080,1
6807,1129,1038,0
6808,136,1370,1
6809,1454,327,1
6810,1219,649,1
6811,601,5,1
6812,88,424,0
6813,401,1402,0
6814,1367,898,1
6815,673,1515,0
6816,1447,132,0
6817,751,136,1
6818,52,1543,1
6819,1454,397,1
6820,765,442,1
6821,559,1551,1
6822,1257,1149,0
6823,59,1293,0
6824,1275,850,0
6825,509,1615,1
6826,765,1026,0
6827,306,1087,1
6828,986,692,0
6829,1476,588,1
6830,284,165,0
6831,1445,1173,1
6832,267,280,0
6833,764,1001,0
6834,1048,1215,0
6835,1423,1080,0
6836,1262,1424,0
6837,614,94,1
6838,957,1039,0
6839,765,1229,0
6840,530,769,1
6841,893,1391,0
6842,391,1549,0
6843,261,347,1
6844,250,1617,0
6845,751,1524,0
6846,324,58,1
6847,1191,1359,1
6848,1237,618,1
6849,1476,170,0
6850,697,72,0
6851,560,976,0
6852,544,1381,0
6853,601,107,1
6854,731,257,1
6855,1447,557,1
6856,675,1217,1
6857,350,1054,0
6858,669,1562,0
6859,1185,98,1
6860,1433,199,0
6861,1138,629,0
6862,1063,1315,0
6863,518,707,0
6864,1221,1181,0
6865,626,998,0
6866,157,1218,0
6867,48,787,1
6868,544,1527,1
6869,599,1006,0
6870,818,1462,1
6871,1275,611,0
6872,354,1291,1
6873,119,705,0
6874,1544,467,1
6875,44,119,1
6876,624,83,0
6877,818,48,1
6878,1187,949,0
6879,1312,786,1
6880,1355,18,1
6881,259,1156,0
6882,478,879,1
6883,566,80,1
6884,987,1199,1
6885,368,1201,0
6886,675,411,1
6887,427,773,1
6888,9,50,1
6889,1258,1440,0
6890,1256,926,1
6891,1369,1413,0
6892,751,1486,0
6893,1173,1408,1
6894,1001,1114,0
6895,94,210,1
6896,1332,36,0
6897,98,1539,0
6898,773,349,1
6899,416,90,0
6900,1054,919,1
6901,868,702,0
6902,766,466,0
6903,1202,860,0
6904,192,1058,1
6905,1191,590,1
6906,1428,203,0
6907,832,1339,0
6908,600,1567,0
6909,398,566,1
6910,432,672,1
6911,928,195,0
6912,773,393,1
6913,1454,929,1
6914,1488,867,0
6915,192,463,1
6916,1,1317,1
6917,601,971,1
6918,1575,1464,1
6919,664,48,1
6920,8,945,0
6921,509,729,0
6922,538,731,1
6923,490,166,0
6924,48,1195,1
6925,1060,730,1
6926,192,132,1
6927,649,1359,1
6928,1454,563,1
6929,566,754,1
6930,1217,416,0
6931,492,455,1
6932,735,949,0
6933,986,1366,0
6934,818,1599,1
6935,1550,1495,0
6936,893,1013,0
6937,773,1314,1
6938,191,1190,0
6939,897,1211,0
6940,1199,582,1
6941,1222,808,1
6942,544,462,1
6943,533,1496,0
6944,485,1046,0
6945,675,878,1
6946,78,1402,0
6947,765,504,1
6948,589,866,0
6949,1058,141,0
6950,1056,155,1
6951,152,282,0
6952,1614,637,0
6953,781,489,0
6954,1132,676,1
6955,809,1306,0
6956,996,1600,1
6957,520,487,0
6958,1056,1054,1
6959,1566,839,0
6960,767,715,0
6961,317,636,1
6962,1219,1381,1
6963,1231,1343,0
6964,9,857,1
6965,966,1050,0
6966,1323,628,0
6967,879,577,1
6968,192,72,1
6969,300,1075,0
6970,1308,402,1
6971,543,523,0
6972,64,975,1
6973,6,1477,0
6974,1249,1130,1
6975,478,1444,1
6976,1091,733,1
6977,1433,233,0
6978,1091,114,0
6979,566,1453,1
6980,1005,1199,1
6981,160,261,1
6982,192,1302,1
6983,1505,985,0
6984,366,151,0
6985,1222,1277,0
6986,1027,32,0
6987,937,1517,0
6988,723,653,1
6989,1291,509,1
6990,1576,1580,1
6991,1005,1436,1
6992,764,248,0
6993,1454,1555,1
6994,572,660,0
6995,782,1195,0
6996,192,1134,1
6997,1539,205,0
6998,960,818,1
6999,302,494,0
7000,1003,628,1
7001,214,1570,0
7002,748,1057,1
7003,1580,71,0
7004,9,864,1
7005,1226,996,0
7006,566,1126,1
7007,1003,427,0
7008,275,1576,0
7009,1599,1291,1
7010,64,1601,1
7011,1219,1468,1
7012,326,775,0
7013,229,930,0
7014,120,532,0
7015,598,805,0
7016,733,695,0
7017,814,1033,0
7018,1314,813,0
7019,1544,112,1
7020,1062,1032,0
7021,1248,906,0
7022,317,1400,1
7023,1070,601,0
7024,508,1503,1
7025,1107,125,0
7026,619,1354,0
7027,1510,753,0
7028,1221,577,1
7029,1187,1005,0
7030,1199,1024,1
7031,905,6,0
7032,1219,458,1
7033,1407,1370,1
7034,102,241,0
7035,864,1307,0
7036,730,1521,0
7037,186,1359,1
7038,1199,107,1
7039,306,1065,0
7040,228,1577,0
7041,1211,719,0
7042,210,433,0
7043,1447,926,1
7044,494,1149,0
7045,192,160,1
7046,198,733,1
7047,1454,385,1
7048,192,1199,1
7049,1149,1273,1
7050,1119,796,1
7051,1403,1219,1
7052,1138,206,0
7053,904,925,0
7054,317,826,0
7055,323,885,0
7056,1202,431,1
7057,1447,1355,0
7058,1576,1454,1
7059,130,108,0
7060,731,1128,0
7061,600,1111,0
7062,1129,346,1
7063,229,1395,1
7064,1129,1529,1
7065,1211,1483,1
7066,254,745,1
7067,1331,1231,1
7068,493,246,0
7069,601,251,0
7070,530,805,1
7071,1370,1397,0
7072,192,956,1
7073,280,451,0
7074,834,117,0
7075,354,275,1
7076,1185,949,0
7077,1371,1473,0
7078,64,302,1
7079,1224,1268,1
7080,1541,1573,0
7081,1501,122,0
7082,138,226,0
7083,1020,1417,0
7084,1533,723,1
7085,864,805,1
7086,1339,852,0
7087,864,1610,1
7088,225,320,0
7089,492,1045,0
7090,601,1422,1
7091,1454,915,1
7092,235,929,1
7093,945,1599,1
7094,566,649,1
7095,1550,1074,0
7096,1316,379,0
7097,1591,1501,0
7098,1517,1291,1
7099,1454,1397,1
7100,275,1388,0
7101,1199,1312,1
7102,48,151,1
7103,1438,602,0
7104,1264,490,1
7105,1454,889,1
7106,1573,64,1
7107,192,797,1
7108,306,166,0
7109,1233,1518,0
7110,578,1173,0
7111,1447,1040,0
7112,494,1239,0
7113,1428,1033,0
7114,1454,1057,1
7115,284,1385,1
7116,1132,145,1
7117,1219,991,1
7118,140,547,0
7119,214,685,0
7120,1254,1339,1
7121,823,1512,0
7122,426,105,0
7123,242,1332,0
7124,1354,42,0
7125,297,776,0
7126,264,115,0
7127,590,192,1
7128,1420,733,0
7129,1338,530,1
7130,494,245,1
7131,736,1098,0
7132,508,144,1
7133,1308,319,1
7134,1011,1339,0
7135,658,820,0
7136,926,566,1
7137,781,1343,0
7138,309,879,0
7139,1191,1475,0
7140,664,251,0
7141,1185,1513,1
7142,192,14,1
7143,1402,1099,0
7144,1454,328,1
7145,1291,1251,0
7146,1222,1500,1
7147,735,986,0
7148,879,1355,1
7149,1214,1576,0
7150,986,723,1
7151,1454,341,1
7152,1063,1335,0
7153,21,1063,1
7154,1315,1168,1
7155,317,1093,1
7156,275,1228,0
7157,192,74,1
7158,1454,872,1
7159,278,901,0
7160,84,418,0
7161,1249,1052,1
7162,415,287,0
7163,524,1355,1
7164,966,101,1
7165,43,114,0
7166,649,820,1
7167,846,322,1
7168,382,601,1
7169,1011,82,0
7170,867,299,0
7171,1560,269,0
7172,1454,857,1
7173,971,1574,1
7174,306,1421,1
7175,560,850,0
7176,1538,387,0
7177,1314,465,1
7178,160,1092,0
7179,730,911,0
7180,269,300,0
7181,6,1037,0
7182,152,930,0
7183,1273,1341,1
7184,1354,1081,0
7185,880,1483,0
7186,198,1578,0
7187,1187,77,0
7188,190,1416,0
7189,1281,86,0
7190,494,1455,1
7191,319,351,0
7192,311,585,0
7193,89,1388,0
7194,149,48,0
7195,1185,211,1
7196,275,911,0
7197,646,419,0
7198,1488,1521,0
7199,909,266,1
7200,1454,1490,1
7201,1493,516,0
7202,192,1174,1
7203,914,956,0
7204,846,1069,0
7205,845,288,0
7206,9,111,1
7207,1451,1576,1
7208,588,995,0
7209,923,1352,0
7210,89,1107,0
7211,1257,1145,0
7212,833,713,0
7213,454,1214,0
7214,455,175,0
7215,556,912,0
7216,1020,964,0
7217,1056,796,0
7218,773,396,0
7219,1269,1112,0
7220,429,543,0
7221,668,482,0
7222,1518,1561,0
7223,278,974,0
7224,1210,432,1
7225,773,355,1
7226,978,458,0
7227,192,108,1
7228,9,1109,1
7229,121,566,1
7230,1223,1454,1
7231,80,1092,1
7232,334,812,0
7233,1454,1074,1
7234,814,337,0
7235,1056,1174,1
7236,1185,446,0
7237,291,1335,0
7238,9,1363,1
7239,1219,890,1
7240,492,48,1
7241,254,50,1
7242,1118,557,1
7243,1454,1275,1
7244,530,1434,1
7245,1390,1225,0
7246,530,1392,1
7247,1445,1542,1
7248,1293,1333,0
7249,347,231,0
7250,1038,266,0
7251,1119,739,0
7252,398,678,1
7253,468,609,0
7254,968,812,1
7255,1191,1335,0
7256,151,684,0
7257,742,787,0
7258,673,372,0
7259,530,493,1
7260,276,897,0
7261,389,546,0
7262,192,88,1
7263,317,568,0
7264,1219,1550,1
7265,225,786,0
7266,1421,698,0
7267,668,689,0
7268,524,221,0
7269,281,1261,0
7270,459,643,0
7271,898,80,1
7272,176,1187,1
7273,48,417,1
7274,48,927,1
7275,1057,706,1
7276,44,276,0
7277,708,314,1
7278,1219,311,1
7279,189,389,1
7280,734,340,0
7281,1043,798,0
7282,1519,317,0
7283,566,1454,1
7284,1060,855,0
7285,187,451,0
7286,1219,857,1
7287,833,1395,0
7288,1005,955,0
7289,1338,145,1
7290,44,1520,1
7291,9,1046,1
7292,706,269,0
7293,1483,1211,1
7294,151,970,0
7295,52,1042,0
7296,1454,1204,1
7297,311,520,0
7298,1385,645,0
7299,306,1318,1
7300,530,110,1
7301,1488,1178,0
7302,1079,1218,1
7303,1281,618,1
7304,1231,457,0
7305,485,590,1
7306,1366,56,0
7307,368,170,0
7308,1011,362,0
7309,1249,883,0
7310,879,1237,1
7311,1060,431,1
7312,706,1088,0
7313,9,391,1
7314,1438,983,1
7315,1518,1543,1
7316,18,796,0
7317,1256,1423,1
7318,1202,706,0
7319,1199,1079,1
7320,560,1578,1
7321,490,1358,0
7322,975,1606,0
7323,360,591,0
7324,845,244,1
7325,672,1199,1
7326,879,1001,1
7327,149,65,0
7328,284,1485,1
7329,1029,169,0
7330,566,459,1
7331,590,878,0
7332,624,330,0
7333,1232,609,0
7334,1301,723,1
7335,578,66,1
7336,879,1444,1
7337,897,233,0
7338,560,625,0
7339,1308,1551,1
7340,1015,1261,0
7341,76,1044,0
7342,1291,945,1
7343,572,559,0
7344,9,190,1
7345,102,149,0
7346,1453,905,1
7347,787,673,0
7348,284,566,1
7349,494,101,1
7350,192,699,1
7351,1215,107,1
7352,789,1327,0
7353,1436,790,0
7354,1551,1074,1
7355,927,101,0
7356,733,536,1
7357,1020,371,0
7358,192,252,1
7359,1563,844,0
7360,765,1473,0
7361,1259,737,0
7362,773,1291,0
7363,1519,39,1
7364,1454,901,1
7365,566,1549,1
7366,538,1447,1
7367,1133,690,0
7368,1123,284,1
7369,553,737,0
7370,1134,1562,0
7371,145,1129,1
7372,155,1241,1
7373,723,1533,1
7374,140,194,0
7375,530,277,1
7376,231,1054,1
7377,1451,64,1
7378,504,1064,0
7379,1454,541,0
7380,590,1615,1
7381,411,316,0
7382,1312,1003,1
7383,1438,1003,1
7384,1501,461,1
7385,975,1291,0
7386,960,228,0
7387,1439,1445,1
7388,668,605,0
7389,880,1517,0
7390,1249,567,1
7391,1265,953,0
7392,668,320,0
7393,1231,631,0
7394,1575,23,0
7395,1445,1231,1
7396,808,1445,0
7397,194,463,0
7398,1291,438,1
7399,265,179,0
7400,1191,830,1
7401,714,739,0
7402,1314,380,0
7403,980,901,0
7404,50,917,0
7405,668,391,0
7406,459,663,0
7407,1272,92,0
7408,1264,1005,1
7409,314,1112,0
7410,1264,421,1
7411,1231,601,1
7412,1132,627,1
7413,624,447,0
7414,765,1509,0
7415,1038,169,0
7416,1454,1427,1
7417,520,1366,0
7418,1091,1183,1
7419,59,178,0
7420,1355,538,1
7421,566,1278,1
7422,1315,1595,0
7423,1495,72,1
7424,1199,315,1
7425,745,448,0
7426,494,1433,0
7427,1211,1217,1
7428,1483,314,1
7429,1510,1447,1
7430,1211,1408,1
7431,232,382,0
7432,714,317,1
7433,1038,478,1
7434,1454,646,1
7435,1614,203,0
7436,1296,1553,0
7437,350,1440,0
7438,653,69,1
7439,47,1199,1
7440,821,1012,0
7441,333,1088,0
7442,923,908,0
7443,1447,467,1
7444,600,685,0
7445,458,1409,1
7446,176,406,0
7447,1316,883,0
7448,530,79,1
7449,1107,351,0
7450,1063,601,0
7451,1063,864,0
7452,1036,378,0
7453,771,726,0
7454,1614,1597,0
7455,192,549,1
7456,566,411,1
7457,996,1613,1
7458,1488,1193,0
7459,1185,485,1
7460,1020,329,0
7461,765,818,1
7462,1129,1520,0
7463,254,1054,1
7464,1249,1495,1
7465,530,225,1
7466,735,420,0
7467,706,1169,0
7468,1060,650,1
7469,975,1365,0
7470,9,873,1
7471,190,1331,1
7472,864,71,1
7473,1424,919,1
7474,48,1241,1
7475,1201,1341,0
7476,264,310,0
7477,951,519,0
7478,818,813,0
7479,1592,48,1
7480,1205,409,0
7481,426,136,1
7482,1191,1161,1
7483,1210,2,1
7484,142,764,0
7485,1408,338,0
7486,1427,799,0
7487,1305,1437,0
7488,248,1451,0
7489,1447,415,1
7490,914,150,0
7491,1118,368,1
7492,664,327,0
7493,504,1396,0
7494,764,1181,1
7495,509,1580,0
7496,1185,404,1
7497,1281,524,1
7498,1370,349,1
7499,880,1462,0
7500,646,142,0
7501,530,390,1
7502,76,400,0
7503,140,206,0
7504,963,34,0
7505,987,1192,0
7506,673,716,1
7507,1323,1338,0
7508,48,499,1
7509,259,1538,0
7510,1414,459,0
7511,959,157,0
7512,1370,346,1
7513,250,1211,0
7514,1224,1234,1
7515,1131,1053,1
7516,187,1452,0
7517,1053,371,1
7518,58,324,1
7519,560,578,0
7520,1149,354,0
7521,1291,1495,1
7522,896,1291,1
7523,43,798,0
7524,920,631,0
7525,530,691,1
7526,138,946,0
7527,48,1363,1
7528,1217,44,0
7529,544,280,1
7530,1211,1122,0
7531,234,396,0
7532,1354,1220,0
7533,723,99,0
7534,1264,559,1
7535,730,1525,0
7536,813,1482,0
7537,119,189,1
7538,9,942,1
7539,1187,1054,1
7540,1385,1054,1
7541,1092,898,1
7542,21,1129,1
7543,334,1173,0
7544,267,1005,0
7545,1222,193,1
7546,494,165,1
7547,698,75,0
7548,317,1410,1
7549,1447,469,1
7550,1057,860,1
7551,416,648,0
7552,9,1241,1
7553,21,332,0
7554,1001,575,1
7555,2,1057,1
7556,1433,644,0
7557,762,1438,1
7558,1460,1298,0
7559,105,1088,0
7560,319,920,0
7561,9,1574,1
7562,1407,334,0
7563,1223,595,0
7564,1078,317,1
7565,578,494,1
7566,455,638,1
7567,211,1601,0
7568,1063,841,1
7569,1085,513,0
7570,447,893,1
7571,864,1531,0
7572,1014,334,0
7573,1460,562,0
7574,509,505,0
7575,1219,131,1
7576,21,33,1
7577,518,432,0
7578,76,22,0
7579,248,1575,1
7580,192,399,1
7581,1419,786,0
7582,1605,413,0
7583,1130,142,0
7584,1191,1343,1
7585,192,719,0
7586,1493,1460,0
7587,904,774,0
7588,1495,129,1
7589,995,1380,0
7590,1199,1497,1
7591,896,903,1
7592,368,1054,1
7593,1191,773,1
7594,1054,1249,1
7595,1062,62,0
7596,504,309,0
7597,796,945,0
7598,1394,572,0
7599,1424,1281,1
7600,1510,472,0
7601,452,1020,0
7602,1454,1600,1
7603,1308,96,0
7604,1063,592,0
7605,120,518,0
7606,708,531,1
7607,119,563,1
7608,1191,667,0
7609,510,1165,0
7610,189,710,0
7611,1599,741,0
7612,43,662,0
7613,530,674,1
7614,668,69,1
7615,389,1150,0
7616,192,626,1
7617,649,1424,1
7618,1580,975,1
7619,9,1284,1
7620,968,793,1
7621,1063,1517,1
7622,9,904,1
7623,1544,1381,0
7624,600,926,1
7625,787,1143,0
7626,458,1228,0
7627,627,1602,0
7628,788,1103,0
7629,926,765,1
7630,1505,1059,0
7631,1042,1281,0
7632,1363,799,0
7633,905,428,0
7634,773,1600,1
7635,21,741,1
7636,714,656,1
7637,1495,1249,1
7638,311,1403,0
7639,536,43,0
7640,136,1168,1
7641,119,604,0
7642,1273,945,1
7643,653,263,0
7644,242,903,1
7645,566,1092,1
7646,35,519,0
7647,1219,669,1
7648,887,943,0
7649,185,1179,0
7650,9,1600,1
7651,1092,1221,1
7652,187,624,0
7653,424,1002,0
7654,192,530,1
7655,324,119,1
7656,1370,467,1
7657,493,254,0
7658,1202,1177,0
7659,1326,1549,0
7660,286,1381,0
7661,987,391,1
7662,530,3,1
7663,751,1090,0
7664,926,1038,1
7665,494,987,1
7666,1495,903,1
7667,490,1252,0
7668,1188,182,0
7669,945,499,0
7670,138,1220,0
7671,1091,197,1
7672,1454,557,1
7673,447,1551,1
7674,851,1285,0
7675,9,1463,1
7676,454,666,0
7677,1191,697,1
7678,1254,722,0
7679,442,260,0
7680,1229,1342,0
7681,672,467,1
7682,1528,654,0
7683,1118,398,0
7684,1281,355,0
7685,1129,535,1
7686,1542,802,0
7687,78,1590,0
7688,1312,1030,0
7689,1011,519,0
7690,1590,1586,0
7691,781,1490,0
7692,570,1369,0
7693,620,912,0
7694,1210,428,1
7695,1131,465,0
7696,1222,1124,0
7697,656,1473,1
7698,1613,1365,0
7699,9,537,1
7700,355,1438,1
7701,468,694,0
7702,485,333,1
7703,601,1042,1
7704,1496,620,1
7705,547,565,0
7706,1283,308,0
7707,1364,1254,1
7708,1264,415,1
7709,1453,1213,1
7710,164,372,0
7711,1544,706,1
7712,1423,303,0
7713,1454,919,1
7714,1221,14,0
7715,427,933,0
7716,1331,539,0
7717,368,1526,0
7718,192,1149,1
7719,1580,222,0
7720,696,1358,0
7721,1454,151,1
7722,1494,320,0
7723,1598,243,0
7724,1364,1214,1
7725,590,481,1
7726,1454,1058,1
7727,1460,1030,0
7728,846,573,1
7729,401,273,0
7730,1254,966,0
7731,530,1609,1
7732,1454,127,1
7733,1057,1163,0
7734,244,1238,0
7735,1185,1346,1
7736,1150,1157,0
7737,429,1011,0
7738,864,734,1
7739,560,966,0
7740,681,1555,0
7741,618,1138,0
7742,309,1268,1
7743,44,551,0
7744,1224,487,0
7745,908,745,0
7746,1232,307,0
7747,254,903,1
7748,890,1500,1
7749,1296,202,1
7750,94,1495,1
7751,937,1350,0
7752,192,242,1
7753,682,32,0
7754,1274,868,1
7755,1454,231,1
7756,306,1554,0
7757,884,694,0
7758,577,535,0
7759,945,1613,0
7760,1581,627,0
7761,748,811,0
7762,136,45,0
7763,1027,468,1
7764,1471,189,1
7765,1038,1144,1
7766,1210,1427,1
7767,247,887,1
7768,1318,1370,1
7769,1199,1321,1
7770,1506,40,0
7771,580,1447,0
7772,1254,716,1
7773,904,776,0
7774,566,98,1
7775,1585,715,0
7776,192,1266,1
7777,664,519,0
7778,228,544,1
7779,1400,528,0
7780,192,1600,1
7781,1454,1559,1
7782,708,995,1
7783,1157,121,1
7784,145,646,1
7785,478,1508,0
7786,508,974,1
7787,1264,995,1
7788,459,411,0
7789,494,1247,1
7790,1326,129,0
7791,311,1175,0
7792,1369,13,1
7793,723,1129,1
7794,1233,55,0
7795,431,781,1
7796,553,1503,1
7797,71,943,0
7798,590,317,1
7799,510,858,0
7800,1364,868,1
7801,1308,557,1
7802,594,1078,0
7803,27,36,0
7804,601,668,1
7805,1315,212,0
7806,1539,1042,0
7807,1219,398,1
7808,723,225,1
7809,21,1312,1
7810,834,195,0
7811,1053,1107,1
7812,980,647,0
7813,360,93,0
7814,9,500,1
7815,493,1325,0
7816,676,1378,0
7817,184,212,0
7818,275,557,1
7819,1414,106,0
7820,145,1545,1
7821,1364,758,0
7822,1231,1439,1
7823,231,248,1
7824,1528,1248,1
7825,1219,620,1
7826,145,474,1
7827,234,522,0
7828,164,1359,1
7829,813,2,1
7830,47,1455,1
7831,534,335,0
7832,896,946,0
7833,668,76,0
7834,1454,439,1
7835,773,505,1
7836,474,96,0
7837,1385,929,1
7838,231,317,1
7839,9,962,1
7840,48,903,1
7841,1245,1521,0
7842,1092,566,1
7843,1445,1358,0
7844,194,584,0
7845,926,1484,1
7846,1185,1095,1
7847,88,1102,0
7848,253,1598,0
7849,1224,335,1
7850,706,1219,1
7851,1224,1501,0
7852,674,1264,1
7853,1053,129,0
7854,525,1041,0
7855,1262,1268,0
7856,926,290,1
7857,541,182,0
7858,1027,557,1
7859,43,649,1
7860,192,733,1
7861,1331,1028,1
7862,161,553,1
7863,1264,315,1
7864,1222,1331,0
7865,1312,1072,0
7866,847,133,0
7867,723,1251,1
7868,1239,1288,0
7869,1079,1090,0
7870,498,887,0
7871,1217,411,1
7872,9,1125,1
7873,684,1573,0
7874,218,315,0
7875,1445,1483,1
7876,317,919,1
7877,69,723,1
7878,1219,764,0
7879,1264,676,0
7880,1544,1504,1
7881,455,50,0
7882,1385,1340,0
7883,518,458,0
7884,578,108,1
7885,485,1116,1
7886,1060,833,1
7887,838,723,1
7888,94,101,1
7889,1505,635,0
7890,302,1211,1
7891,530,1092,1
7892,864,663,1
7893,588,321,0
7894,360,124,0
7895,566,599,1
7896,923,620,1
7897,1519,1190,1
7898,974,1497,0
7899,1273,262,1
7900,702,269,0
7901,391,1134,0
7902,834,147,0
7903,1454,22,1
7904,50,441,0
7905,640,444,0
7906,368,140,1
7907,864,306,1
7908,1269,1316,0
7909,261,124,0
7910,955,956,0
7911,1468,1462,0
7912,1264,59,1
7913,743,7,0
7914,1187,1500,0
7915,893,190,0
7916,244,1002,0
7917,452,307,0
7918,27,1229,0
7919,1590,906,0
7920,1177,829,0
7921,1093,1275,0
7922,1,1198,0
7923,1542,314,1
7924,1312,1395,1
7925,490,496,0
7926,157,1226,0
7927,1468,849,0
7928,664,1063,0
7929,1054,188,0
7930,245,1168,0
7931,1221,171,1
7932,1544,1301,1
7933,192,1141,0
7934,1305,730,0
7935,1235,520,0
7936,244,1028,0
7937,1063,508,1
7938,845,1318,1
7939,192,1357,1
7940,44,680,0
7941,1125,759,0
7942,668,1423,1
7943,1454,1223,1
7944,708,1455,1
7945,481,590,1
7946,59,76,0
7947,1568,1262,0
7948,91,1054,1
7949,697,247,1
7950,1605,187,0
7951,578,1315,1
7952,458,718,0
7953,247,575,1
7954,9,749,1
7955,1232,1598,0
7956,284,50,1
7957,1510,1199,0
7958,1219,1308,1
7959,1005,1222,1
7960,1033,69,0
7961,1504,945,0
7962,151,834,1
7963,561,1206,0
7964,1219,1302,1
7965,405,1575,0
7966,561,862,0
7967,1428,97,0
7968,1219,1171,1
7969,427,1576,1
7970,1199,646,1
7971,1054,442,0
7972,498,1158,0
7973,765,1132,0
7974,84,92,0
7975,788,1459,0
7976,955,686,0
7977,1038,317,1
7978,194,1517,0
7979,723,368,1
7980,1308,1508,1
7981,186,1137,0
7982,145,1338,1
7983,157,1191,1
7984,323,1286,0
7985,47,254,1
7986,1542,1580,1
7987,1590,458,0
7988,1575,231,1
7989,1219,1272,1
7990,164,695,0
7991,1226,1094,0
7992,1133,953,0
7993,1125,1547,0
7994,18,315,0
7995,1054,649,1
7996,9,269,1
7997,653,926,1
7998,1576,966,1
7999,48,1608,1
8000,578,1398,0
8001,675,1211,1
8002,573,564,0
8003,21,1049,1
8004,119,324,1
8005,1028,858,0
8006,795,589,0
8007,1542,601,0
8008,1308,198,1
8009,254,1187,1
8010,1325,367,0
8011,681,817,0
8012,706,879,1
8013,192,1546,1
8014,1205,1558,0
8015,94,72,1
8016,1367,1054,1
8017,1447,151,1
8018,21,1087,1
8019,286,723,1
8020,149,1580,0
8021,486,723,1
8022,1003,903,1
8023,71,336,0
8024,1598,227,0
8025,1614,1382,0
8026,192,346,1
8027,9,723,1
8028,800,109,0
8029,276,1052,1
8030,48,1049,1
8031,1038,1057,1
8032,198,1132,1
8033,928,1350,0
8034,160,1122,0
8035,1273,58,1
8036,928,514,0
8037,1027,1039,0
8038,1199,1474,1
8039,1315,577,1
8040,9,1499,1
8041,1219,408,1
8042,84,801,1
8043,846,442,1
8044,566,625,1
8045,447,1092,1
8046,601,743,0
8047,355,103,0
8048,1038,1092,1
8049,9,469,1
8050,161,1505,0
8051,1495,1077,1
8052,1161,1194,0
8053,1338,671,0
8054,1130,306,0
8055,1210,823,1
8056,1185,371,1
8057,767,339,0
8058,1364,1424,1
8059,1185,145,1
8060,76,1244,0
8061,1315,1339,1
8062,244,544,0
8063,259,1192,0
8064,501,483,0
8065,510,1196,0
8066,254,324,1
8067,653,1476,1
8068,1454,171,1
8069,890,172,0
8070,1222,1590,1
8071,1003,676,1
8072,91,317,1
8073,1234,1173,0
8074,545,1419,0
8075,1385,1341,1
8076,1599,1438,1
8077,620,1069,0
8078,192,1422,1
8079,192,251,1
8080,48,55,1
8081,468,547,1
8082,398,742,1
8083,1520,786,0
8084,773,577,1
8085,494,1316,1
8086,478,306,0
8087,1519,1609,1
8088,731,267,1
8089,1092,577,1
8090,734,1477,0
8091,1544,1391,0
8092,1129,335,1
8093,566,576,1
8094,664,1517,0
8095,879,319,0
8096,264,160,0
8097,1283,660,0
8098,192,571,1
8099,570,268,0
8100,319,907,0
8101,1199,53,0
8102,1433,1432,0
8103,1029,469,0
8104,708,656,1
8105,424,264,0
8106,508,1591,0
8107,672,21,1
8108,813,1142,0
8109,1598,97,0
8110,530,1073,1
8111,287,1606,0
8112,1014,670,0
8113,9,491,1
8114,1214,1464,1
8115,324,1379,0
8116,926,1385,1
8117,1305,1074,1
8118,149,1379,0
8119,379,1149,1
8120,708,812,1
8121,733,1172,0
8122,1063,1364,1
8123,1350,680,0
8124,1433,184,0
8125,9,1287,1
8126,1409,1480,0
8127,1551,1548,1
8128,1132,406,1
8129,1147,1403,0
8130,919,910,0
8131,192,1590,1
8132,35,587,0
8133,494,1541,1
8134,1001,1118,1
8135,1219,681,1
8136,1058,464,0
8137,1497,104,0
8138,658,172,0
8139,653,286,1
8140,560,155,1
8141,588,68,0
8142,846,1071,1
8143,68,1589,0
8144,923,813,1
8145,160,1496,0
8146,9,48,1
8147,347,869,0
8148,6,1099,0
8149,426,668,1
8150,1369,893,1
8151,536,1198,0
8152,1199,360,1
8153,1219,1052,1
8154,1476,1599,0
8155,1395,116,0
8156,1211,1350,0
8157,447,1075,1
8158,35,1455,1
8159,712,797,0
8160,442,663,0
8161,384,1399,0
8162,1395,1494,0
8163,164,371,1
8164,397,1309,0
8165,1447,1079,1
8166,1072,1552,0
8167,951,67,0
8168,1129,1538,0
8169,536,372,0
8170,192,1223,1
8171,1015,1482,0
8172,668,1471,1
8173,161,27,0
8174,494,1333,0
8175,21,1589,0
8176,314,301,1
8177,557,921,0
8178,846,167,0
8179,300,1291,1
8180,743,964,0
8181,431,1436,1
8182,210,600,0
8183,846,637,1
8184,347,807,0
8185,897,358,0
8186,64,1439,1
8187,627,520,0
8188,302,539,0
8189,1191,557,1
8190,1453,363,1
8191,1367,533,0
8192,1222,69,1
8193,563,1500,1
8194,261,1326,1
8195,1315,959,1
8196,923,1157,1
8197,1308,456,1
8198,1085,878,0
8199,566,879,1
8200,748,875,0
8201,538,1202,1
8202,660,235,0
8203,1249,462,0
8204,951,544,1
8205,1053,1173,1
8206,905,1501,0
8207,1061,247,1
8208,64,1303,0
8209,59,1026,0
8210,1132,547,1
8211,382,1136,0
8212,1093,1043,0
8213,896,933,0
8214,1223,1617,0
8215,1185,1221,0
8216,556,1534,0
8217,966,1079,0
8218,1219,879,1
8219,1219,320,1
8220,1395,1452,0
8221,185,632,0
8222,709,1054,1
8223,1454,1250,1
8224,1544,229,0
8225,1210,79,1
8226,1308,766,1
8227,1517,950,0
8228,1079,1150,0
8229,427,901,0
8230,309,1224,1
8231,91,649,1
8232,1483,992,0
8233,682,62,0
8234,1419,1036,0
8235,601,1231,1
8236,317,1078,1
8237,735,1429,0
8238,980,576,0
8239,1560,566,1
8240,618,1237,1
8241,1173,1445,1
8242,773,771,1
8243,1312,538,1
8244,1308,1307,1
8245,1129,1517,1
8246,573,252,0
8247,1312,211,0
8248,945,845,0
8249,697,179,0
8250,242,722,0
8251,1199,890,1
8252,94,717,0
8253,1219,1595,1
8254,1291,688,1
8255,1453,590,1
8256,1199,1121,0
8257,767,309,0
8258,1005,1072,0
8259,656,136,1
8260,1199,190,1
8261,469,998,0
8262,1093,447,1
8263,1325,905,0
8264,1423,70,0
8265,280,953,1
8266,1219,254,1
8267,88,164,0
8268,1233,189,0
8269,1199,921,1
8270,454,1331,0
8271,416,55,0
8272,1454,604,1
8273,1005,400,0
8274,319,1162,1
8275,1454,1231,1
8276,833,1409,0
8277,21,698,1
8278,1454,1408,1
8279,360,1543,1
8280,593,199,0
8281,926,393,0
8282,821,620,0
8283,1226,1434,1
8284,530,1395,1
8285,764,965,0
8286,966,1425,0
8287,1054,1056,1
8288,401,1315,0
8289,140,531,0
8290,1454,731,1
8291,336,780,0
8292,1550,273,0
8293,566,1218,1
8294,1107,1053,1
8295,267,136,1
8296,887,247,1
8297,10,615,0
8298,955,244,0
8299,1129,864,1
8300,573,148,0
8301,646,474,1
8302,1210,1536,1
8303,47,811,0
8304,1214,1575,1
8305,505,1337,0
8306,130,784,0
8307,1224,577,1
8308,105,265,0
8309,253,647,0
8310,896,1463,0
8311,426,144,0
8312,366,48,1
8313,1219,945,1
8314,723,1111,1
8315,1513,1034,0
8316,1219,1029,1
8317,1058,610,0
8318,1428,83,0
8319,397,467,0
8320,1048,255,1
8321,584,1545,0
8322,1563,668,1
8323,8,716,1
8324,98,34,0
8325,890,1005,1
8326,675,445,0
8327,165,263,0
8328,1264,998,1
8329,1404,335,0
8330,538,498,1
8331,1054,709,1
8332,21,1479,1
8333,566,1256,1
8334,1550,1147,0
8335,1070,1262,0
8336,1188,1403,0
8337,773,1236,1
8338,656,1542,1
8339,879,411,0
8340,708,276,1
8341,192,511,1
8342,1496,1058,0
8343,1264,77,1
8344,1003,462,0
8345,211,995,0
8346,58,601,1
8347,1173,1053,1
8348,1325,488,0
8349,17,1495,1
8350,1293,317,0
8351,1210,1491,1
8352,1423,342,0
8353,658,482,0
8354,284,1061,0
8355,660,515,0
8356,486,678,1
8357,996,1091,0
8358,1129,1073,1
8359,1274,256,0
8360,1222,1187,1
8361,560,1394,0
8362,709,292,0
8363,9,1028,1
8364,0,1556,0
8365,1091,470,0
8366,1265,1496,0
8367,152,581,0
8368,1283,588,0
8369,751,1343,0
8370,1038,1543,0
8371,1185,294,1
8372,68,271,0
8373,957,98,1
8374,1142,1098,0
8375,1185,1142,1
8376,563,195,0
8377,764,976,0
8378,734,1441,0
8379,908,1347,0
8380,1419,600,0
8381,649,926,1
8382,1544,395,0
8383,987,962,0
8384,1339,1183,1
8385,509,1475,0
8386,516,622,0
8387,292,1333,0
8388,1424,1608,0
8389,818,25,0
8390,140,368,1
8391,1060,396,0
8392,577,1222,1
8393,649,1364,1
8394,893,896,0
8395,672,823,0
8396,1355,1001,1
8397,538,1312,1
8398,1129,94,0
8399,1323,1264,1
8400,27,1085,1
8401,1425,858,0
8402,1003,563,1
8403,105,1130,0
8404,1580,1304,0
8405,1129,1539,0
8406,31,142,0
8407,1003,1129,1
8408,1211,966,1
8409,1199,12,1
8410,1256,1485,0
8411,538,937,0
8412,1233,909,1
8413,311,474,1
8414,566,868,1
8415,9,1020,0
8416,441,897,0
8417,1173,284,1
8418,926,1054,1
8419,1132,1119,1
8420,261,317,1
8421,1580,1027,0
8422,867,1501,0
8423,1454,1293,1
8424,9,919,1
8425,1468,649,0
8426,454,1213,1
8427,405,1497,0
8428,1420,1009,0
8429,1219,1231,1
8430,135,1070,0
8431,1092,808,1
8432,192,538,1
8433,232,740,0
8434,225,1253,0
8435,452,827,0
8436,455,903,1
8437,1224,934,1
8438,1199,630,1
8439,849,976,0
8440,1550,596,1
8441,43,317,1
8442,580,519,0
8443,1064,178,0
8444,578,1056,0
8445,1425,487,0
8446,228,1254,0
8447,1138,346,0
8448,317,408,1
8449,1202,436,0
8450,1339,50,0
8451,538,1388,0
8452,1221,1119,0
8453,820,1114,0
8454,1060,480,1
8455,1551,57,0
8456,525,155,0
8457,1494,1218,1
8458,788,140,0
8459,1219,1455,0
8460,260,463,0
8461,192,820,1
8462,735,771,0
8463,1326,1600,0
8464,1454,1323,1
8465,242,389,0
8466,360,543,1
8467,1181,1186,0
8468,397,159,0
8469,1599,1447,1
8470,1091,335,1
8471,570,1594,0
8472,1483,1542,1
8473,1404,463,0
8474,723,491,1
8475,1199,1014,1
8476,425,455,0
8477,733,557,1
8478,9,1117,1
8479,493,898,0
8480,1576,1483,1
8481,1249,510,1
8482,1210,492,1
8483,192,823,1
8484,1518,1308,0
8485,68,245,1
8486,708,461,1
8487,1224,1577,0
8488,429,773,0
8489,1326,545,0
8490,1222,1075,1
8491,255,588,0
8492,494,392,1
8493,1605,745,0
8494,1407,1197,0
8495,1264,1463,1
8496,566,1391,1
8497,1264,442,1
8498,379,443,0
8499,620,862,0
8500,590,971,1
8501,509,1291,1
8502,136,161,1
8503,723,453,1
8504,478,259,0
8505,1510,723,1
8506,926,286,0
8507,306,1455,1
8508,80,808,1
8509,1370,145,1
8510,432,78,0
8511,405,1343,0
8512,340,234,1
8513,44,800,0
8514,43,556,0
8515,1423,1256,1
8516,1551,1222,1
8517,1551,1484,1
8518,575,136,1
8519,1015,1263,0
8520,923,885,1
8521,919,752,0
8522,516,723,1
8523,846,824,1
8524,1091,1403,1
8525,1476,1070,1
8526,734,842,0
8527,1210,319,1
8528,1445,1331,1
8529,615,723,1
8530,43,261,1
8531,1527,1506,0
8532,70,1141,0
8533,509,1077,1
8534,1517,1057,0
8535,649,1241,1
8536,191,1352,0
8537,69,112,0
8538,9,1533,1
8539,1237,403,0
8540,64,1483,1
8541,1219,515,1
8542,447,193,1
8543,588,345,0
8544,1415,85,0
8545,919,681,1
8546,1590,1249,0
8547,1506,811,0
8548,1049,1027,1
8549,189,69,1
8550,292,1311,0
8551,194,484,0
8552,538,499,1
8553,1493,943,0
8554,708,559,1
8555,1072,1196,0
8556,813,444,0
8557,1464,147,0
8558,317,2,1
8559,1350,1537,0
8560,773,266,1
8561,192,262,1
8562,198,1199,1
8563,1214,1364,1
8564,1219,616,1
8565,1316,336,0
8566,723,776,1
8567,21,941,1
8568,1367,1187,1
8569,355,1068,0
8570,733,1143,1
8571,534,1207,0
8572,773,1303,1
8573,69,566,1
8574,1517,244,1
8575,155,903,1
8576,429,402,0
8577,1575,67,0
8578,1415,1462,0
8579,232,498,0
8580,1568,261,1
8581,1259,926,1
8582,389,185,1
8583,1020,1000,0
8584,304,826,0
8585,541,790,0
8586,864,748,1
8587,1454,562,0
8588,1436,1366,0
8589,485,887,0
8590,192,1129,1
8591,192,1539,1
8592,1217,1331,1
8593,1468,1455,0
8594,593,44,1
8595,9,1496,1
8596,1181,194,0
8597,21,151,1
8598,1199,403,0
8599,284,1461,0
8600,1185,601,0
8601,1370,1006,0
8602,9,1226,1
8603,1316,650,0
8604,1249,1054,1
8605,281,1414,1
8606,751,379,0
8607,48,1549,1
8608,1118,1455,1
8609,893,1541,1
8610,872,596,0
8611,485,1307,1
8612,584,1282,0
8613,152,1408,1
8614,955,456,0
8615,1538,1486,0
8616,1092,1187,1
8617,0,994,0
8618,893,1431,0
8619,1370,219,0
8620,411,1231,1
8621,1195,611,0
8622,1419,456,0
8623,1454,465,1
8624,618,908,0
8625,1173,107,1
8626,235,263,1
8627,474,1185,0
8628,1305,1313,0
8629,653,1534,0
8630,1043,608,0
8631,1415,24,0
8632,1496,1188,1
8633,1057,823,0
8634,646,136,1
8635,458,757,0
8636,1231,1149,1
8637,494,1467,1
8638,923,15,1
8639,1056,489,0
8640,192,1241,1
8641,1118,1199,1
8642,1257,1500,1
8643,1027,486,0
8644,1355,301,0
8645,867,1103,0
8646,197,200,0
8647,960,31,0
8648,1315,269,1
8649,1219,361,1
8650,105,491,0
8651,504,173,0
8652,544,1312,1
8653,1371,282,1
8654,767,1450,0
8655,379,899,0
8656,812,1493,0
8657,735,967,0
8658,864,1004,1
8659,1420,317,1
8660,504,1005,1
8661,1129,1079,1
8662,1003,918,0
8663,228,513,0
8664,1291,614,1
8665,427,1199,1
8666,1129,969,1
8667,317,557,1
8668,709,1421,0
8669,1054,547,1
8670,278,577,0
8671,919,709,1
8672,1147,1190,0
8673,1527,1407,0
8674,1264,231,1
8675,350,1567,0
8676,1590,177,0
8677,1272,751,1
8678,447,13,1
8679,1087,1564,0
8680,1211,720,0
8681,1185,538,1
8682,1354,205,0
8683,311,646,1
8684,879,751,0
8685,1191,1038,0
8686,1070,1140,0
8687,601,829,0
8688,145,492,1
8689,773,5,1
8690,142,1576,0
8691,1314,463,0
8692,192,65,1
8693,1331,4,0
8694,575,776,1
8695,573,1492,0
8696,198,1348,0
8697,214,1402,0
8698,1213,1369,0
8699,354,746,0
8700,1338,804,0
8701,1370,1186,1
8702,64,1331,1
8703,1573,488,0
8704,731,509,1
8705,302,64,1
8706,176,723,1
8707,923,1189,1
8708,1318,1393,1
8709,1219,1564,1
8710,1438,557,1
8711,1258,1424,1
8712,1157,544,1
8713,1093,723,1
8714,1149,1408,1
8715,1168,419,0
8716,849,1077,1
8717,447,1541,1
8718,742,598,0
8719,89,1077,0
8720,267,762,0
8721,138,1201,0
8722,1468,1546,0
8723,1424,1347,0
8724,735,120,0
8725,672,1195,1
8726,276,1500,1
8727,1191,986,1
8728,745,13,0
8729,389,274,0
8730,696,764,0
8731,136,939,0
8732,282,379,0
8733,1585,600,1
8734,211,887,0
8735,1129,48,1
8736,742,972,0
8737,1519,272,0
8738,580,1327,0
8739,1581,1318,1
8740,1053,599,1
8741,1424,576,0
8742,1338,670,0
8743,1002,138,0
8744,614,844,0
8745,509,206,1
8746,416,1427,0
8747,1359,128,1
8748,311,1132,1
8749,1500,751,0
8750,566,79,1
8751,773,955,1
8752,525,962,0
8753,77,601,1
8754,151,1053,0
8755,668,1494,1
8756,192,1589,1
8757,119,1053,1
8758,1326,557,1
8759,559,1070,0
8760,1161,248,1
8761,478,1308,0
8762,459,201,0
8763,538,1343,1
8764,960,1135,0
8765,553,84,0
8766,306,206,0
8767,232,264,0
8768,926,1056,1
8769,1543,1579,0
8770,773,1403,1
8771,1315,945,1
8772,1219,743,0
8773,800,336,0
8774,1615,903,1
8775,1421,1175,0
8776,1272,1399,0
8777,816,709,0
8778,432,983,1
8779,813,99,0
8780,800,35,0
8781,1211,235,1
8782,960,1012,0
8783,1054,1471,1
8784,494,1519,1
8785,287,307,0
8786,696,1474,0
8787,416,862,0
8788,427,864,1
8789,1015,292,0
8790,1454,280,1
8791,1091,1592,1
8792,572,449,0
8793,645,483,0
8794,1033,938,0
8795,1367,1312,1
8796,1,456,0
8797,192,1326,1
8798,1494,1184,0
8799,269,1544,1
8800,1048,260,0
8801,1420,536,0
8802,58,263,1
8803,459,604,0
8804,668,876,0
8805,1581,890,1
8806,538,1565,0
8807,1328,271,0
8808,752,1121,0
8809,1408,648,0
8810,192,276,1
8811,745,368,0
8812,684,1286,0
8813,1210,369,1
8814,1519,771,1
8815,577,1367,1
8816,1385,1256,0
8817,1363,872,0
8818,833,1020,0
8819,708,523,1
8820,1211,632,0
8821,425,899,0
8822,1501,1529,0
8823,601,649,1
8824,89,1435,0
8825,504,1395,0
8826,926,971,1
8827,441,1461,0
8828,1210,1202,0
8829,1119,306,1
8830,1058,78,0
8831,459,485,1
8832,530,808,1
8833,1315,535,1
8834,773,1518,1
8835,1289,1101,1
8836,1607,1617,0
8837,261,1051,0
8838,1488,1454,0
8839,1308,338,1
8840,847,506,0
8841,1056,688,1
8842,578,866,1
8843,524,618,1
8844,76,1257,0
8845,10,828,0
8846,1318,223,0
8847,447,473,1
8848,538,590,1
8849,945,801,0
8850,530,4,1
8851,1308,1526,1
8852,960,832,0
8853,1370,1132,1
8854,505,22,0
8855,1500,557,1
8856,723,27,1
8857,1036,1452,0
8858,1091,4,1
8859,211,2,0
8860,672,981,1
8861,566,284,1
8862,1219,779,1
8863,1314,145,1
8864,306,336,1
8865,864,1282,1
8866,920,1519,0
8867,288,984,0
8868,89,1569,0
8869,1363,1236,0
8870,1615,22,1
8871,499,926,1
8872,1118,1001,1
8873,1454,1543,1
8874,846,1168,1
8875,1219,674,1
8876,748,1367,0
8877,1369,1073,0
8878,1079,467,1
8879,697,1191,1
8880,1510,1557,1
8881,1560,1224,0
8882,405,605,0
8883,48,509,1
8884,265,978,0
8885,1234,745,0
8886,326,1090,0
8887,1091,1282,1
8888,1454,376,1
8889,425,1330,0
8890,1359,599,0
8891,190,675,1
8892,498,1619,0
8893,304,695,0
8894,1475,1253,0
8895,1199,1435,1
8896,812,557,1
8897,48,575,1
8898,588,724,0
8899,1014,151,0
8900,1258,757,1
8901,1331,104,0
8902,618,1197,0
8903,1199,1157,1
8904,1301,1079,1
8905,306,21,1
8906,228,459,0
8907,1598,272,0
8908,71,807,0
8909,530,366,1
8910,590,538,1
8911,1061,877,0
8912,818,1137,0
8913,1091,757,0
8914,1453,627,0
8915,1315,669,0
8916,1092,965,0
8917,736,397,0
8918,834,379,0
8919,1339,241,1
8920,1079,1210,1
8921,1370,708,1
8922,1219,243,1
8923,904,433,0
8924,1033,31,0
8925,1210,1012,1
8926,1177,974,0
8927,1214,1517,1
8928,1339,1475,1
8929,1316,282,0
8930,276,877,0
8931,530,1172,1
8932,516,1,0
8933,752,1251,1
8934,47,121,1
8935,1314,936,1
8936,1130,1041,0
8937,733,185,1
8938,1325,259,0
8939,219,723,1
8940,1181,1310,0
8941,8,1163,0
8942,1199,1003,1
8943,494,837,0
8944,1264,1544,1
8945,64,1451,1
8946,1061,14,0
8947,1544,1516,1
8948,1057,1254,1
8949,733,1199,1
8950,995,1157,1
8951,708,514,1
8952,426,1242,0
8953,1447,588,1
8954,43,1564,0
8955,1424,773,0
8956,1454,1271,1
8957,773,887,1
8958,818,1366,1
8959,1494,371,0
8960,1468,610,0
8961,1199,1138,1
8962,1435,467,1
8963,1591,159,0
8964,105,409,0
8965,1185,815,1
8966,287,237,0
8967,1607,125,0
8968,1291,1053,1
8969,1371,1306,0
8970,52,275,0
8971,1331,1215,1
8972,48,1339,1
8973,1147,303,0
8974,745,896,0
8975,560,1217,0
8976,1454,1294,1
8977,468,193,0
8978,1454,1439,1
8979,1173,737,0
8980,1454,1136,1
8981,1239,716,1
8982,1091,1518,1
8983,1199,956,1
8984,573,716,1
8985,723,1493,1
8986,808,551,0
8987,1061,678,0
8988,890,1312,1
8989,664,1,0
8990,1464,248,1
8991,600,680,0
8992,1091,393,1
8993,919,1157,1
8994,1091,1526,0
8995,248,91,1
8996,1585,773,1
8997,1248,1533,0
8998,1129,952,1
8999,21,1455,1
9000,1188,1123,1
9001,1308,1619,1
9002,570,257,1
9003,176,88,0
9004,1224,887,1
9005,563,391,1
9006,8,41,0
9007,1464,723,1
9008,762,50,0
9009,474,229,0
9010,1123,1038,0
9011,553,1314,0
9012,1454,530,1
9013,553,909,0
9014,530,716,1
9015,1454,374,1
9016,366,274,0
9017,1226,1509,0
9018,1132,623,0
9019,1454,547,1
9020,673,781,0
9021,1435,1115,0
9022,1129,538,1
9023,1538,498,0
9024,765,538,1
9025,934,1111,0
9026,480,682,0
9027,1281,497,0
9028,676,485,0
9029,884,430,1
9030,1191,1501,1
9031,1453,1063,1
9032,1264,1615,1
9033,879,1038,1
9034,748,1257,0
9035,442,1158,0
9036,119,1002,0
9037,1060,201,0
9038,152,1044,0
9039,78,1049,0
9040,9,660,1
9041,563,1260,1
9042,601,1054,1
9043,486,566,1
9044,849,1285,0
9045,284,1601,1
9046,1447,1086,0
9047,1054,1590,1
9048,846,1213,1
9049,1031,136,1
9050,646,982,0
9051,812,738,0
9052,668,128,1
9053,1249,896,1
9054,1447,1423,1
9055,416,1075,0
9056,1118,1557,0
9057,600,255,0
9058,864,1107,1
9059,919,623,0
9060,708,538,1
9061,649,79,1
9062,736,440,1
9063,1043,926,0
9064,573,1165,0
9065,165,3,0
9066,1115,1083,0
9067,919,649,1
9068,1331,414,0
9069,530,793,1
9070,590,1218,1
9071,1580,790,0
9072,1042,320,0
9073,601,1062,1
9074,155,509,1
9075,1312,1241,1
9076,1191,1600,1
9077,566,1326,1
9078,486,1054,0
9079,1029,816,0
9080,9,1450,1
9081,1264,49,1
9082,1551,1469,0
9083,1581,538,1
9084,52,1459,0
9085,1420,16,0
9086,317,242,0
9087,590,723,1
9088,1219,601,1
9089,1161,300,1
9090,1147,321,0
9091,441,1347,0
9092,1513,306,0
9093,593,781,1
9094,820,461,0
9095,1003,716,1
9096,324,1391,1
9097,1219,1453,1
9098,832,723,1
9099,773,683,1
9100,1264,1265,1
9101,1250,61,0
9102,10,1046,0
9103,1308,874,1
9104,846,1219,1
9105,360,744,0
9106,1210,260,1
9107,782,304,1
9108,735,416,0
9109,1400,393,0
9110,504,1257,1
9111,1528,1412,0
9112,678,749,0
9113,1213,362,0
9114,1210,230,1
9115,136,267,1
9116,121,1562,0
9117,1264,1003,1
9118,1038,638,0
9119,1354,710,0
9120,1219,474,1
9121,904,640,0
9122,624,874,0
9123,391,1569,0
9124,731,1146,1
9125,1506,872,0
9126,1118,463,0
9127,453,79,0
9128,47,1111,1
9129,649,1210,1
9130,1201,198,0
9131,1500,793,0
9132,1453,970,0
9133,425,568,0
9134,474,701,0
9135,302,1105,0
9136,429,977,0
9137,708,317,1
9138,723,1266,1
9139,846,191,1
9140,228,297,0
9141,427,1575,0
9142,71,1577,0
9143,1544,1402,1
9144,1355,485,1
9145,1223,912,0
9146,559,1381,0
9147,1187,909,0
9148,391,417,0
9149,809,1302,0
9150,864,68,1
9151,832,357,0
9152,589,208,1
9153,1355,583,0
9154,955,280,0
9155,577,256,0
9156,1483,301,1
9157,745,1161,0
9158,538,48,1
9159,1129,1004,1
9160,773,1214,1
9161,1132,740,0
9162,1199,211,1
9163,192,520,1
9164,1395,1490,0
9165,192,497,1
9166,424,366,0
9167,706,1476,1
9168,192,1496,1
9169,350,1411,0
9170,1064,1315,1
9171,228,1542,0
9172,601,131,1
9173,966,904,1
9174,879,566,1
9175,1033,789,0
9176,1060,963,0
9177,1314,1327,1
9178,734,239,0
9179,736,590,0
9180,1202,1211,0
9181,494,699,1
9182,851,1212,0
9183,1257,1417,0
9184,1054,566,1
9185,1390,1229,1
9186,347,261,1
9187,18,278,1
9188,1245,1144,0
9189,572,1312,1
9190,505,216,0
9191,1054,222,1
9192,218,408,0
9193,927,658,1
9194,1245,79,0
9195,355,234,1
9196,1177,723,1
9197,426,530,0
9198,9,467,1
9199,1060,627,1
9200,1496,469,1
9201,765,1199,1
9202,968,456,1
9203,1199,833,1
9204,788,1356,0
9205,155,1467,1
9206,645,824,0
9207,1355,17,0
9208,1476,1583,0
9209,1518,1508,0
9210,1488,411,0
9211,306,1099,0
9212,1191,157,1
9213,1533,850,0
9214,656,724,0
9215,1224,986,1
9216,727,1561,0
9217,9,1309,1
9218,1447,1218,1
9219,706,442,1
9220,1219,751,1
9221,516,601,1
9222,1129,21,1
9223,1129,192,1
9224,1188,1219,1
9225,1590,1222,1
9226,1585,1519,1
9227,119,228,0
9228,723,588,1
9229,566,1328,1
9230,247,1116,0
9231,570,578,0
9232,48,88,1
9233,1454,349,0
9234,733,319,1
9235,851,383,0
9236,566,1043,1
9237,1447,1494,1
9238,818,1342,0
9239,530,751,1
9240,1061,818,1
9241,905,85,0
9242,1150,1597,0
9243,762,1317,0
9244,1359,504,0
9245,951,1496,1
9246,733,675,0
9247,1359,102,0
9248,960,998,0
9249,1119,847,0
9250,1308,1004,1
9251,647,1469,1
9252,1199,4,1
9253,1256,745,0
9254,1264,108,1
9255,1048,690,0
9256,319,1431,0
9257,898,926,1
9258,374,973,0
9259,566,1296,0
9260,1215,284,1
9261,660,507,0
9262,1363,48,1
9263,48,885,0
9264,614,155,1
9265,566,806,1
9266,1317,894,0
9267,1580,1331,1
9268,530,132,1
9269,896,509,1
9270,864,1381,0
9271,1132,1219,1
9272,1191,468,1
9273,1029,723,1
9274,1091,1307,0
9275,1191,1268,1
9276,1551,1075,0
9277,845,1028,1
9278,1063,1445,1
9279,1308,473,1
9280,1020,1199,0
9281,350,413,0
9282,1125,451,0
9283,192,234,1
9284,823,584,0
9285,366,971,0
9286,1395,942,0
9287,427,21,1
9288,1063,574,1
9289,575,1129,1
9290,846,1,1
9291,1259,295,0
9292,1250,364,0
9293,808,1555,1
9294,266,567,0
9295,588,618,0
9296,247,671,0
9297,1129,1447,1
9298,415,151,0
9299,314,762,0
9300,525,702,0
9301,864,1563,1
9302,105,762,1
9303,1394,698,0
9304,1534,546,0
9305,1538,454,0
9306,530,964,1
9307,340,989,0
9308,184,232,0
9309,712,389,0
9310,1605,514,0
9311,192,851,1
9312,712,341,0
9313,1476,1507,0
9314,374,1575,0
9315,575,1057,1
9316,1305,488,0
9317,823,739,0
9318,48,1256,1
9319,1195,1375,0
9320,1222,254,1
9321,1312,1244,0
9322,1020,1072,1
9323,618,1001,1
9324,1060,1213,1
9325,1445,375,0
9326,282,57,0
9327,1049,1191,1
9328,971,1253,0
9329,937,1590,0
9330,374,1054,0
9331,1436,1005,1
9332,601,760,1
9333,9,567,1
9334,1031,1404,0
9335,920,58,0
9336,743,512,0
9337,673,72,0
9338,1451,1542,1
9339,1210,500,1
9340,764,1534,0
9341,1053,1210,0
9342,538,427,1
9343,1454,1037,1
9344,1291,69,1
9345,1185,143,1
9346,1254,1364,1
9347,1093,637,1
9348,149,780,0
9349,637,303,0
9350,9,1275,1
9351,98,404,1
9352,1435,756,0
9353,818,538,1
9354,494,1201,1
9355,1173,260,1
9356,1219,286,1
9357,309,98,0
9358,1107,1262,0
9359,229,42,0
9360,577,80,1
9361,1219,364,1
9362,317,616,1
9363,192,510,1
9364,1424,187,0
9365,530,1585,1
9366,864,1027,1
9367,712,1507,0
9368,1199,577,1
9369,145,13,1
9370,618,177,0
9371,766,272,0
9372,1517,919,0
9373,1264,593,1
9374,1063,91,1
9375,538,136,1
9376,986,75,0
9377,762,1359,1
9378,504,153,0
9379,21,732,1
9380,1257,920,0
9381,1093,43,1
9382,1265,527,0
9383,1316,1218,0
9384,1435,407,0
9385,453,888,0
9386,1029,984,0
9387,52,748,0
9388,186,498,0
9389,48,1056,1
9390,1015,711,0
9391,261,43,1
9392,908,1609,1
9393,1199,1113,1
9394,987,380,0
9395,897,1538,0
9396,192,1288,1
9397,1283,1057,1
9398,121,557,1
9399,960,727,1
9400,276,692,0
9401,427,658,1
9402,795,744,0
9403,1191,1074,1
9404,599,238,0
9405,1237,979,0
9406,1199,338,1
9407,161,1220,0
9408,482,1536,0
9409,1129,1254,1
9410,1199,1291,1
9411,58,235,1
9412,184,1032,0
9413,995,544,0
9414,1315,645,0
9415,1551,1277,0
9416,509,94,1
9417,1219,24,1
9418,649,1214,1
9419,18,723,1
9420,91,1400,1
9421,21,532,1
9422,1289,1054,0
9423,1366,1514,0
9424,292,117,0
9425,1599,1053,1
9426,499,1230,0
9427,1001,744,0
9428,1248,781,1
9429,58,593,0
9430,1305,1072,0
9431,1454,815,1
9432,518,818,1
9433,1599,1423,1
9434,21,1540,0
9435,68,641,0
9436,389,494,0
9437,1133,639,0
9438,454,1028,1
9439,98,1314,1
9440,860,442,0
9441,530,667,1
9442,17,268,0
9443,1210,93,0
9444,814,802,0
9445,743,738,0
9446,1199,503,1
9447,538,1355,1
9448,156,105,1
9449,121,766,0
9450,1364,1094,0
9451,94,155,1
9452,192,1007,1
9453,773,1015,1
9454,498,562,0
9455,538,1303,1
9456,821,1171,0
9457,593,920,0
9458,1202,572,0
9459,354,674,1
9460,1224,1166,0
9461,1250,179,0
9462,212,993,0
9463,1590,705,0
9464,306,557,1
9465,530,515,1
9466,1191,1128,0
9467,624,730,0
9468,1454,1039,1
9469,192,8,1
9470,1439,1507,0
9471,1256,319,0
9472,254,672,0
9473,155,206,1
9474,355,105,0
9475,1187,1222,1
9476,438,119,1
9477,897,1576,0
9478,1219,86,1
9479,145,1132,1
9480,35,256,0
9481,974,1290,0
9482,350,112,0
9483,815,186,0
9484,920,1116,0
9485,151,955,0
9486,1454,911,1
9487,70,162,0
9488,1005,818,1
9489,80,1103,0
9490,505,422,0
9491,1195,325,0
9492,1219,996,1
9493,566,888,1
9494,1132,750,0
9495,1495,860,0
9496,1199,1581,1
9497,350,811,0
9498,416,1565,0
9499,1210,590,1
9500,1454,315,1
9501,1369,290,1
9502,64,1149,1
9503,64,1419,1
9504,1129,557,1
9505,334,180,0
9506,284,1118,1
9507,9,1561,1
9508,1221,13,1
9509,17,129,1
9510,1069,983,0
9511,530,962,1
9512,682,554,0
9513,219,560,0
9514,773,900,1
9515,566,1053,1
9516,1599,592,0
9517,1495,1111,1
9518,84,1529,0
9519,1233,1175,0
9520,1085,23,0
9521,306,454,1
9522,518,513,0
9523,306,1001,1
9524,714,910,0
9525,391,541,0
9526,1199,728,1
9527,1598,502,0
9528,1568,1076,0
9529,1454,582,0
9530,1219,583,1
9531,98,1379,1
9532,1150,1601,1
9533,864,829,1
9534,926,1590,1
9535,1063,1085,1
9536,1328,1458,0
9537,1129,1132,1
9538,1363,1254,1
9539,636,60,0
9540,978,1166,0
9541,723,2,1
9542,1366,119,0
9543,71,1034,0
9544,1199,1308,1
9545,397,647,0
9546,1169,1292,0
9547,594,202,0
9548,1060,733,0
9549,1031,1481,0
9550,708,598,0
9551,1191,895,1
9552,508,801,1
9553,556,508,0
9554,194,6,0
9555,1273,414,0
9556,518,981,0
9557,800,158,0
9558,896,642,0
9559,556,1581,1
9560,494,1396,1
9561,192,668,1
9562,499,795,0
9563,928,1001,0
9564,674,354,1
9565,1191,890,1
9566,1580,1211,1
9567,218,1076,0
9568,47,987,1
9569,250,1262,0
9570,1224,2,1
9571,1027,736,0
9572,1566,1500,0
9573,545,573,0
9574,681,919,1
9575,557,495,0
9576,1213,824,0
9577,275,1476,0
9578,658,91,0
9579,8,294,0
9580,1259,1551,1
9581,563,1004,1
9582,773,1364,1
9583,317,1500,1
9584,1293,467,1
9585,1092,69,1
9586,1123,344,0
9587,878,64,1
9588,649,479,0
9589,1544,775,1
9590,1325,776,0
9591,823,262,1
9592,818,1124,0
9593,284,1518,1
9594,1566,2,0
9595,58,37,0
9596,1493,1353,0
9597,1053,136,1
9598,485,1001,1
9599,1064,1160,0
9600,389,557,1
9601,1281,1618,0
9602,379,821,0
9603,1142,316,0
9604,494,297,0
9605,646,338,1
9606,1118,1446,0
9607,975,1445,1
9608,926,1052,1
9609,1427,417,0
9610,274,198,1
9611,520,1254,1
9612,189,1248,0
9613,232,723,1
9614,1131,925,0
9615,455,966,1
9616,398,623,0
9617,1568,1197,0
9618,186,325,0
9619,1053,398,1
9620,368,834,1
9621,1258,1222,1
9622,937,1074,0
9623,834,1454,0
9624,64,1078,1
9625,544,1315,0
9626,389,1599,1
9627,48,406,1
9628,1607,1516,0
9629,1132,267,1
9630,566,81,0
9631,733,1063,0
9632,589,1423,1
9633,1219,1362,0
9634,184,1470,0
9635,554,1430,0
9636,1060,493,1
9637,575,955,0
9638,245,795,1
9639,1214,566,1
9640,1254,860,0
9641,708,696,1
9642,1054,1052,1
9643,1273,929,1
9644,1408,1580,1
9645,1505,1411,0
9646,908,564,0
9647,1551,1132,1
9648,509,1589,1
9649,1402,1096,0
9650,21,1048,1
9651,1056,1361,0
9652,1580,638,1
9653,1510,1502,1
9654,560,1275,0
9655,91,566,1
9656,427,1460,1
9657,1257,1292,0
9658,21,1074,1
9659,1314,197,1
9660,860,720,0
9661,499,1331,0
9662,493,1389,0
9663,1011,1093,1
9664,846,1089,1
9665,1219,1007,1
9666,1003,769,1
9667,520,1045,0
9668,509,1495,1
9669,1364,1218,1
9670,69,1452,0
9671,1544,1359,1
9672,8,1382,0
9673,618,244,1
9674,809,936,0
9675,1256,1054,1
9676,21,1029,1
9677,1173,1451,1
9678,1232,94,0
9679,788,973,0
9680,627,239,0
9681,1421,856,0
9682,795,1038,0
9683,1585,1564,0
9684,276,549,0
9685,1408,975,1
9686,945,526,0
9687,1202,1500,1
9688,1119,798,0
9689,846,542,1
9690,589,1579,0
9691,723,1003,1
9692,192,98,1
9693,1232,770,0
9694,145,1075,1
9695,455,1484,0
9696,1326,121,1
9697,88,1427,0
9698,324,254,1
9699,9,1071,1
9700,1566,1096,0
9701,702,144,0
9702,1223,987,1
9703,1438,467,1
9704,530,868,1
9705,142,558,0
9706,469,232,0
9707,1293,316,0
9708,192,420,1
9709,1291,44,1
9710,614,849,1
9711,1494,1447,1
9712,1615,1051,0
9713,486,490,0
9714,69,28,0
9715,1254,1289,0
9716,391,649,1
9717,509,262,1
9718,614,22,1
9719,649,43,1
9720,864,161,1
9721,864,585,1
9722,1517,402,0
9723,1427,1220,0
9724,247,505,0
9725,1202,1423,1
9726,971,1504,0
9727,530,681,1
9728,530,893,1
9729,1395,95,0
9730,1028,775,0
9731,21,189,1
