,TF,Target,Label
0,43,186,1
1,43,405,1
2,43,58,1
3,43,366,1
4,43,889,1
5,43,91,1
6,43,119,1
7,43,899,1
8,43,300,1
9,43,858,1
10,43,534,1
11,43,380,1
12,43,105,1
13,43,655,1
14,43,211,1
15,43,612,1
16,43,132,1
17,43,117,1
18,43,47,1
19,43,219,1
20,43,498,1
21,43,592,1
22,43,856,1
23,43,157,1
24,43,85,1
25,43,94,1
26,43,525,1
27,43,815,1
28,43,340,1
29,43,120,1
30,43,905,1
31,43,741,1
32,43,423,1
33,43,620,1
34,43,548,1
35,43,828,1
36,43,515,1
37,43,57,1
38,43,38,1
39,43,697,1
40,43,136,1
41,43,249,1
42,43,37,1
43,43,571,1
44,43,173,1
45,43,618,1
46,43,163,1
47,43,435,1
48,43,357,1
49,43,305,1
50,43,296,1
51,43,869,1
52,43,185,1
53,43,632,1
54,43,406,1
55,43,728,1
56,43,8,1
57,43,594,1
58,43,384,1
59,43,16,1
60,43,402,1
61,43,583,1
62,43,182,1
63,43,499,1
64,43,270,1
65,43,373,1
66,43,519,1
67,43,336,1
68,43,39,1
69,43,165,1
70,43,333,1
71,43,79,1
72,43,567,1
73,43,685,1
74,43,312,1
75,43,716,1
76,43,495,1
77,43,225,1
78,43,191,1
79,43,809,1
80,43,721,1
81,43,590,1
82,43,455,1
83,43,408,1
84,43,205,1
85,43,30,1
86,43,833,1
87,43,576,1
88,43,284,1
89,43,894,1
90,43,636,1
91,43,661,1
92,43,483,1
93,43,295,1
94,43,41,1
95,43,144,1
96,43,25,1
97,43,166,1
98,43,562,1
99,43,607,1
100,43,631,1
101,43,722,1
102,43,429,1
103,43,866,1
104,43,591,1
105,43,293,1
106,43,135,1
107,43,209,1
108,43,842,1
109,43,468,1
110,43,900,1
111,43,263,1
112,43,749,1
113,43,779,1
114,43,276,1
115,43,177,1
116,43,374,1
117,43,236,1
118,43,829,1
119,43,812,1
120,43,610,1
121,43,517,1
122,43,746,1
123,43,824,1
124,43,4,1
125,43,425,1
126,43,84,1
127,43,45,1
128,43,124,1
129,43,801,1
130,43,723,1
131,43,839,1
132,43,376,1
133,43,7,1
134,43,550,1
135,43,399,1
136,43,142,1
137,43,174,1
138,43,850,1
139,43,907,1
140,43,581,1
141,43,638,1
142,43,743,1
143,43,901,1
144,43,49,1
145,43,491,1
146,43,585,1
147,43,69,1
148,43,582,1
149,43,489,1
150,43,226,1
151,43,717,1
152,43,542,1
153,43,264,1
154,43,777,1
155,43,168,1
156,43,641,1
157,43,539,1
158,43,212,1
159,43,175,1
160,43,167,1
161,43,909,1
162,43,727,1
163,43,237,1
164,43,450,1
165,43,771,1
166,43,235,1
167,43,208,1
168,43,145,1
169,43,840,1
170,43,338,1
171,43,827,1
172,43,202,1
173,43,323,1
174,43,651,1
175,43,744,1
176,43,169,1
177,43,692,1
178,43,864,1
179,43,183,1
180,43,601,1
181,43,526,1
182,43,403,1
183,43,656,1
184,43,643,1
185,43,382,1
186,43,569,1
187,43,701,1
188,43,476,1
189,43,204,1
190,43,153,1
191,43,108,1
192,43,86,1
193,43,114,1
194,43,760,1
195,43,649,1
196,43,155,1
197,43,107,1
198,43,20,1
199,43,770,1
200,43,447,1
201,43,754,1
202,43,627,1
203,43,361,1
204,43,383,1
205,43,896,1
206,43,439,1
207,43,691,1
208,43,193,1
209,43,417,1
210,43,317,1
211,43,897,1
212,43,392,1
213,43,502,1
214,43,490,1
215,43,885,1
216,43,279,1
217,43,487,1
218,43,577,1
219,43,364,1
220,43,325,1
221,43,845,1
222,43,753,1
223,43,260,1
224,43,401,1
225,43,246,1
226,43,412,1
227,43,814,1
228,43,803,1
229,43,625,1
230,43,269,1
231,43,189,1
232,43,381,1
233,43,742,1
234,43,230,1
235,43,248,1
236,43,420,1
237,43,288,1
238,43,33,1
239,43,665,1
240,43,710,1
241,43,88,1
242,43,804,1
243,43,528,1
244,43,740,1
245,43,888,1
246,43,102,1
247,43,122,1
248,43,411,1
249,43,469,1
250,43,190,1
251,43,634,1
252,43,699,1
253,43,65,1
254,43,349,1
255,43,874,1
256,43,123,1
257,43,558,1
258,43,605,1
259,43,231,1
260,43,471,1
261,43,438,1
262,43,698,1
263,43,836,1
264,43,817,1
265,43,679,1
266,43,400,1
267,43,472,1
268,43,232,1
269,43,546,1
270,43,184,1
271,43,370,1
272,43,767,1
273,43,253,1
274,43,761,1
275,43,372,1
276,43,535,1
277,43,171,1
278,43,834,1
279,43,311,1
280,43,71,1
281,43,156,1
282,43,481,1
283,43,404,1
284,43,268,1
285,43,530,1
286,43,521,1
287,43,463,1
288,43,315,1
289,43,321,1
290,43,377,1
291,43,597,1
292,43,445,1
293,43,602,1
294,43,24,1
295,43,368,1
296,43,500,1
297,43,427,1
298,43,867,1
299,43,891,1
300,43,255,1
301,43,467,1
302,43,671,1
303,43,385,1
304,43,73,1
305,43,431,1
306,43,574,1
307,43,422,1
308,43,884,1
309,43,331,1
310,43,787,1
311,43,683,1
312,43,494,1
313,43,267,1
314,43,63,1
315,43,564,1
316,43,371,1
317,43,838,1
318,43,437,1
319,43,652,1
320,43,77,1
321,43,23,1
322,43,857,1
323,43,188,1
324,43,44,1
325,43,170,1
326,43,522,1
327,43,13,1
328,43,675,1
329,43,159,1
330,43,363,1
331,43,297,1
332,43,224,1
333,43,22,1
334,43,290,1
335,43,790,1
336,43,265,1
337,43,442,1
338,43,553,1
339,43,21,1
340,43,464,1
341,43,648,1
342,43,221,1
343,43,292,1
344,43,811,1
345,43,718,1
346,43,310,1
347,43,410,1
348,43,563,1
349,43,285,1
350,43,904,1
351,43,793,1
352,43,763,1
353,43,782,1
354,43,452,1
355,43,341,1
356,43,36,1
357,43,589,1
358,43,121,1
359,43,358,1
360,43,503,1
361,43,540,1
362,43,860,1
363,43,389,1
364,43,101,1
365,43,565,1
366,43,762,1
367,43,886,1
368,43,659,1
369,43,684,1
370,43,434,1
371,43,133,1
372,43,566,1
373,43,516,1
374,43,0,1
375,43,658,1
376,43,419,1
377,43,800,1
378,43,653,1
379,43,457,1
380,43,750,1
381,43,876,1
382,43,251,1
383,43,223,1
384,43,391,1
385,43,60,1
386,43,282,1
387,43,734,1
388,43,677,1
389,43,690,1
390,43,506,1
391,43,737,1
392,43,892,1
393,43,908,1
394,43,210,1
395,43,222,1
396,43,12,1
397,43,673,1
398,43,529,1
399,43,67,1
400,43,378,1
401,43,151,1
402,43,451,1
403,43,216,1
404,43,111,1
405,43,291,1
406,43,785,1
407,43,281,1
408,43,719,1
409,43,523,1
410,43,593,1
411,43,220,1
412,43,841,1
413,43,250,1
414,43,141,1
415,43,696,1
416,43,440,1
417,43,510,1
418,43,806,1
419,43,756,1
420,43,504,1
421,43,501,1
422,43,207,1
423,43,116,1
424,43,365,1
425,43,578,1
426,43,11,1
427,43,843,1
428,43,848,1
429,43,229,1
430,43,680,1
431,43,479,1
432,43,507,1
433,43,454,1
434,43,306,1
435,43,868,1
436,43,470,1
437,43,775,1
438,43,509,1
439,43,192,1
440,43,497,1
441,43,228,1
442,43,496,1
443,43,178,1
444,43,664,1
445,43,200,1
446,43,629,1
447,43,797,1
448,43,466,1
449,43,887,1
450,43,322,1
451,43,274,1
452,43,448,1
453,43,329,1
454,43,446,1
455,43,549,1
456,43,3,1
457,43,559,1
458,43,273,1
459,43,335,1
460,43,639,1
461,43,227,1
462,43,613,1
463,43,109,1
464,43,706,1
465,43,78,1
466,43,879,1
467,43,238,1
468,43,459,1
469,43,736,1
470,43,512,1
471,43,294,1
472,43,50,1
473,43,152,1
474,43,789,1
475,43,456,1
476,43,906,1
477,43,319,1
478,43,345,1
479,43,527,1
480,43,873,1
481,43,660,1
482,43,82,1
483,49,373,1
484,49,28,1
485,49,805,1
486,49,311,1
487,49,664,1
488,49,626,1
489,49,840,1
490,49,378,1
491,49,115,1
492,49,304,1
493,49,766,1
494,49,376,1
495,49,502,1
496,49,215,1
497,49,306,1
498,49,732,1
499,56,226,1
500,56,173,1
501,56,839,1
502,56,680,1
503,56,602,1
504,56,68,1
505,56,675,1
506,56,782,1
507,56,359,1
508,56,799,1
509,56,110,1
510,56,290,1
511,56,621,1
512,56,604,1
513,56,397,1
514,56,64,1
515,56,578,1
516,56,626,1
517,56,641,1
518,56,862,1
519,56,6,1
520,56,885,1
521,56,666,1
522,56,270,1
523,56,343,1
524,56,141,1
525,56,7,1
526,56,498,1
527,56,548,1
528,56,298,1
529,56,496,1
530,56,744,1
531,56,146,1
532,56,84,1
533,56,468,1
534,56,464,1
535,56,215,1
536,56,888,1
537,56,692,1
538,56,856,1
539,56,790,1
540,56,83,1
541,56,817,1
542,56,452,1
543,56,312,1
544,56,503,1
545,56,385,1
546,56,328,1
547,56,20,1
548,56,509,1
549,56,795,1
550,56,773,1
551,56,381,1
552,56,388,1
553,56,665,1
554,56,188,1
555,56,759,1
556,56,184,1
557,56,237,1
558,56,865,1
559,56,152,1
560,56,532,1
561,56,787,1
562,56,345,1
563,56,550,1
564,56,535,1
565,56,866,1
566,56,87,1
567,56,119,1
568,56,28,1
569,56,656,1
570,56,73,1
571,56,267,1
572,56,422,1
573,56,126,1
574,56,172,1
575,56,462,1
576,56,115,1
577,56,655,1
578,56,757,1
579,56,891,1
580,56,252,1
581,56,507,1
582,56,635,1
583,56,560,1
584,56,116,1
585,56,715,1
586,56,446,1
587,56,251,1
588,56,569,1
589,56,210,1
590,56,794,1
591,56,896,1
592,56,282,1
593,56,302,1
594,56,874,1
595,56,750,1
596,56,693,1
597,56,21,1
598,56,785,1
599,56,506,1
600,56,754,1
601,56,33,1
602,56,339,1
603,56,461,1
604,56,660,1
605,56,284,1
606,56,858,1
607,56,784,1
608,56,624,1
609,56,165,1
610,56,894,1
611,56,404,1
612,56,547,1
613,56,597,1
614,56,281,1
615,56,610,1
616,56,178,1
617,56,644,1
618,56,434,1
619,56,433,1
620,56,474,1
621,56,411,1
622,56,76,1
623,56,307,1
624,56,684,1
625,56,622,1
626,56,22,1
627,56,156,1
628,56,792,1
629,56,803,1
630,56,123,1
631,56,192,1
632,56,761,1
633,56,576,1
634,56,804,1
635,56,424,1
636,56,471,1
637,56,70,1
638,56,303,1
639,56,0,1
640,56,319,1
641,56,43,1
642,56,777,1
643,56,49,1
644,56,886,1
645,56,365,1
646,56,450,1
647,56,419,1
648,56,102,1
649,56,708,1
650,56,589,1
651,56,558,1
652,56,231,1
653,56,62,1
654,56,579,1
655,56,577,1
656,56,494,1
657,56,243,1
658,56,500,1
659,56,843,1
660,56,727,1
661,56,512,1
662,56,823,1
663,56,566,1
664,56,294,1
665,56,402,1
666,56,398,1
667,56,467,1
668,56,65,1
669,62,585,1
670,62,894,1
671,62,841,1
672,62,104,1
673,62,590,1
674,62,69,1
675,62,258,1
676,62,872,1
677,62,368,1
678,62,823,1
679,62,621,1
680,62,519,1
681,62,495,1
682,62,180,1
683,62,862,1
684,62,44,1
685,62,860,1
686,62,76,1
687,62,92,1
688,62,272,1
689,62,564,1
690,62,30,1
691,62,592,1
692,62,424,1
693,62,680,1
694,62,119,1
695,62,770,1
696,62,661,1
697,62,716,1
698,62,152,1
699,62,450,1
700,62,418,1
701,62,779,1
702,62,815,1
703,62,719,1
704,62,33,1
705,62,821,1
706,62,115,1
707,62,106,1
708,62,238,1
709,62,231,1
710,62,122,1
711,62,95,1
712,62,343,1
713,62,423,1
714,62,510,1
715,62,852,1
716,62,327,1
717,62,226,1
718,62,597,1
719,62,329,1
720,62,859,1
721,62,591,1
722,62,883,1
723,62,417,1
724,62,328,1
725,62,223,1
726,62,546,1
727,62,276,1
728,62,471,1
729,62,9,1
730,62,41,1
731,62,694,1
732,62,288,1
733,62,61,1
734,62,299,1
735,62,68,1
736,62,411,1
737,62,593,1
738,62,451,1
739,62,387,1
740,62,239,1
741,62,160,1
742,62,63,1
743,62,494,1
744,62,868,1
745,62,652,1
746,62,629,1
747,62,167,1
748,62,508,1
749,62,375,1
750,62,586,1
751,62,605,1
752,62,134,1
753,62,489,1
754,62,791,1
755,62,602,1
756,62,525,1
757,62,237,1
758,62,561,1
759,62,159,1
760,62,674,1
761,62,730,1
762,62,438,1
763,62,511,1
764,62,764,1
765,62,558,1
766,62,668,1
767,62,330,1
768,62,269,1
769,62,720,1
770,62,644,1
771,62,47,1
772,62,384,1
773,62,85,1
774,62,891,1
775,62,812,1
776,62,322,1
777,62,874,1
778,62,88,1
779,62,204,1
780,62,575,1
781,62,589,1
782,62,666,1
783,62,799,1
784,62,817,1
785,62,805,1
786,62,463,1
787,62,45,1
788,62,135,1
789,62,155,1
790,62,306,1
791,62,654,1
792,62,530,1
793,62,784,1
794,62,263,1
795,62,236,1
796,62,446,1
797,62,294,1
798,62,25,1
799,62,737,1
800,62,221,1
801,62,502,1
802,62,83,1
803,62,596,1
804,62,252,1
805,62,571,1
806,62,175,1
807,62,696,1
808,62,165,1
809,62,395,1
810,62,127,1
811,62,679,1
812,62,715,1
813,62,43,1
814,62,797,1
815,62,539,1
816,62,537,1
817,62,402,1
818,62,98,1
819,62,114,1
820,62,320,1
821,62,35,1
822,62,505,1
823,62,865,1
824,62,660,1
825,62,843,1
826,62,96,1
827,62,0,1
828,62,192,1
829,62,110,1
830,62,785,1
831,62,781,1
832,62,839,1
833,62,312,1
834,62,234,1
835,62,613,1
836,62,569,1
837,62,151,1
838,62,608,1
839,62,65,1
840,62,796,1
841,62,190,1
842,62,163,1
843,62,24,1
844,62,717,1
845,62,49,1
846,62,64,1
847,62,724,1
848,62,426,1
849,62,632,1
850,62,672,1
851,62,46,1
852,62,634,1
853,62,55,1
854,62,486,1
855,62,647,1
856,62,641,1
857,62,811,1
858,62,906,1
859,62,707,1
860,62,534,1
861,62,516,1
862,62,504,1
863,62,401,1
864,62,130,1
865,62,316,1
866,62,731,1
867,62,684,1
868,62,339,1
869,62,624,1
870,62,419,1
871,62,498,1
872,62,293,1
873,62,385,1
874,62,277,1
875,62,390,1
876,62,346,1
877,62,858,1
878,62,7,1
879,62,398,1
880,62,547,1
881,62,445,1
882,62,376,1
883,62,757,1
884,62,73,1
885,62,82,1
886,62,18,1
887,62,603,1
888,62,435,1
889,62,193,1
890,62,333,1
891,62,744,1
892,62,467,1
893,62,800,1
894,62,20,1
895,62,742,1
896,62,12,1
897,62,264,1
898,62,673,1
899,62,831,1
900,110,723,1
901,110,159,1
902,110,694,1
903,110,143,1
904,110,539,1
905,110,33,1
906,110,63,1
907,110,381,1
908,110,79,1
909,110,282,1
910,110,859,1
911,110,230,1
912,110,481,1
913,110,221,1
914,110,879,1
915,110,782,1
916,110,709,1
917,110,503,1
918,110,535,1
919,110,85,1
920,110,881,1
921,110,899,1
922,110,384,1
923,110,800,1
924,110,160,1
925,110,444,1
926,110,35,1
927,110,537,1
928,110,468,1
929,110,672,1
930,110,500,1
931,110,687,1
932,110,599,1
933,110,435,1
934,110,555,1
935,110,419,1
936,110,263,1
937,110,153,1
938,110,9,1
939,110,288,1
940,110,318,1
941,110,489,1
942,110,327,1
943,110,876,1
944,110,551,1
945,110,453,1
946,110,652,1
947,110,30,1
948,110,156,1
949,110,602,1
950,110,264,1
951,110,24,1
952,110,785,1
953,110,660,1
954,110,572,1
955,110,882,1
956,110,169,1
957,110,525,1
958,110,239,1
959,110,28,1
960,110,545,1
961,110,656,1
962,110,346,1
963,110,251,1
964,110,644,1
965,110,184,1
966,110,138,1
967,110,576,1
968,110,120,1
969,110,55,1
970,110,450,1
971,110,73,1
972,110,92,1
973,110,810,1
974,110,811,1
975,110,165,1
976,110,684,1
977,110,738,1
978,110,325,1
979,110,205,1
980,110,506,1
981,110,622,1
982,110,645,1
983,110,114,1
984,110,717,1
985,110,117,1
986,110,527,1
987,110,374,1
988,110,46,1
989,110,607,1
990,110,208,1
991,110,504,1
992,110,231,1
993,110,17,1
994,110,760,1
995,110,666,1
996,110,339,1
997,110,68,1
998,110,241,1
999,110,426,1
1000,110,701,1
1001,110,355,1
1002,110,480,1
1003,110,459,1
1004,110,815,1
1005,110,787,1
1006,110,862,1
1007,110,119,1
1008,110,842,1
1009,110,76,1
1010,110,843,1
1011,110,634,1
1012,110,283,1
1013,110,91,1
1014,110,6,1
1015,110,894,1
1016,110,109,1
1017,110,204,1
1018,110,908,1
1019,110,462,1
1020,110,852,1
1021,110,302,1
1022,110,791,1
1023,110,627,1
1024,110,848,1
1025,110,456,1
1026,110,417,1
1027,110,200,1
1028,110,613,1
1029,110,340,1
1030,110,675,1
1031,110,190,1
1032,110,396,1
1033,110,376,1
1034,110,604,1
1035,110,821,1
1036,110,86,1
1037,110,667,1
1038,110,885,1
1039,110,442,1
1040,110,467,1
1041,110,298,1
1042,110,60,1
1043,110,831,1
1044,110,174,1
1045,110,771,1
1046,110,328,1
1047,110,764,1
1048,110,624,1
1049,110,516,1
1050,110,424,1
1051,110,823,1
1052,110,432,1
1053,110,566,1
1054,110,707,1
1055,110,828,1
1056,110,445,1
1057,110,310,1
1058,110,58,1
1059,110,166,1
1060,110,64,1
1061,110,715,1
1062,110,583,1
1063,110,905,1
1064,110,578,1
1065,110,736,1
1066,110,25,1
1067,110,236,1
1068,110,838,1
1069,110,560,1
1070,110,490,1
1071,110,494,1
1072,110,440,1
1073,110,182,1
1074,110,238,1
1075,110,364,1
1076,110,647,1
1077,110,638,1
1078,110,11,1
1079,110,387,1
1080,110,651,1
1081,110,892,1
1082,110,115,1
1083,110,804,1
1084,110,639,1
1085,110,632,1
1086,110,766,1
1087,110,47,1
1088,110,294,1
1089,110,530,1
1090,110,907,1
1091,110,304,1
1092,110,344,1
1093,110,385,1
1094,110,252,1
1095,110,49,1
1096,110,391,1
1097,110,410,1
1098,110,186,1
1099,110,146,1
1100,110,495,1
1101,110,587,1
1102,110,269,1
1103,110,744,1
1104,110,558,1
1105,110,679,1
1106,110,258,1
1107,110,7,1
1108,110,278,1
1109,110,517,1
1110,110,82,1
1111,110,31,1
1112,110,59,1
1113,110,301,1
1114,110,358,1
1115,110,219,1
1116,110,330,1
1117,110,180,1
1118,110,211,1
1119,110,375,1
1120,110,792,1
1121,110,178,1
1122,110,888,1
1123,110,285,1
1124,110,511,1
1125,110,36,1
1126,110,98,1
1127,175,801,1
1128,175,662,1
1129,175,237,1
1130,175,684,1
1131,175,495,1
1132,175,405,1
1133,175,589,1
1134,175,83,1
1135,175,376,1
1136,175,280,1
1137,175,503,1
1138,175,859,1
1139,175,806,1
1140,175,167,1
1141,175,289,1
1142,175,435,1
1143,175,136,1
1144,175,639,1
1145,175,290,1
1146,175,831,1
1147,175,843,1
1148,175,753,1
1149,175,640,1
1150,175,320,1
1151,175,339,1
1152,175,431,1
1153,175,599,1
1154,175,438,1
1155,175,114,1
1156,175,93,1
1157,175,577,1
1158,175,527,1
1159,175,906,1
1160,175,560,1
1161,175,433,1
1162,175,309,1
1163,175,236,1
1164,175,509,1
1165,175,434,1
1166,175,755,1
1167,175,765,1
1168,175,235,1
1169,175,891,1
1170,175,159,1
1171,175,585,1
1172,175,894,1
1173,175,795,1
1174,175,724,1
1175,175,87,1
1176,175,448,1
1177,175,814,1
1178,175,328,1
1179,175,569,1
1180,175,731,1
1181,175,909,1
1182,175,567,1
1183,175,689,1
1184,175,334,1
1185,175,707,1
1186,175,32,1
1187,175,155,1
1188,175,344,1
1189,175,418,1
1190,175,306,1
1191,175,839,1
1192,175,665,1
1193,175,716,1
1194,175,232,1
1195,175,710,1
1196,175,194,1
1197,175,841,1
1198,175,124,1
1199,175,610,1
1200,175,468,1
1201,175,323,1
1202,175,508,1
1203,175,664,1
1204,175,345,1
1205,175,319,1
1206,175,694,1
1207,175,373,1
1208,175,446,1
1209,175,40,1
1210,175,396,1
1211,175,330,1
1212,175,605,1
1213,175,483,1
1214,175,494,1
1215,175,661,1
1216,175,678,1
1217,175,770,1
1218,175,763,1
1219,175,776,1
1220,175,619,1
1221,175,784,1
1222,175,603,1
1223,175,202,1
1224,175,263,1
1225,175,188,1
1226,175,349,1
1227,175,857,1
1228,175,493,1
1229,175,502,1
1230,175,576,1
1231,175,460,1
1232,175,91,1
1233,175,497,1
1234,175,723,1
1235,175,406,1
1236,175,471,1
1237,175,549,1
1238,175,11,1
1239,175,702,1
1240,175,19,1
1241,175,791,1
1242,175,624,1
1243,175,501,1
1244,175,185,1
1245,175,636,1
1246,175,558,1
1247,175,241,1
1248,175,58,1
1249,175,86,1
1250,175,69,1
1251,175,115,1
1252,175,675,1
1253,175,64,1
1254,175,24,1
1255,175,102,1
1256,175,655,1
1257,175,395,1
1258,175,626,1
1259,175,333,1
1260,175,308,1
1261,175,85,1
1262,175,793,1
1263,175,463,1
1264,175,75,1
1265,175,587,1
1266,175,514,1
1267,175,500,1
1268,175,398,1
1269,175,767,1
1270,175,897,1
1271,175,805,1
1272,175,359,1
1273,175,315,1
1274,175,575,1
1275,175,822,1
1276,175,551,1
1277,175,276,1
1278,175,411,1
1279,175,174,1
1280,175,340,1
1281,175,96,1
1282,175,666,1
1283,175,154,1
1284,175,785,1
1285,175,885,1
1286,175,808,1
1287,175,861,1
1288,175,343,1
1289,175,899,1
1290,175,526,1
1291,175,761,1
1292,175,677,1
1293,175,355,1
1294,175,888,1
1295,175,22,1
1296,175,559,1
1297,175,522,1
1298,175,465,1
1299,175,439,1
1300,175,275,1
1301,175,507,1
1302,175,760,1
1303,175,131,1
1304,175,592,1
1305,175,462,1
1306,175,122,1
1307,175,563,1
1308,175,719,1
1309,175,474,1
1310,175,840,1
1311,175,417,1
1312,175,523,1
1313,175,190,1
1314,175,151,1
1315,175,860,1
1316,175,901,1
1317,175,81,1
1318,175,71,1
1319,175,498,1
1320,175,532,1
1321,175,59,1
1322,175,519,1
1323,175,12,1
1324,175,632,1
1325,175,538,1
1326,175,134,1
1327,175,219,1
1328,175,380,1
1329,175,293,1
1330,175,692,1
1331,175,892,1
1332,175,480,1
1333,175,868,1
1334,175,440,1
1335,175,564,1
1336,175,736,1
1337,175,789,1
1338,175,803,1
1339,175,749,1
1340,175,856,1
1341,175,388,1
1342,175,436,1
1343,175,368,1
1344,175,312,1
1345,175,177,1
1346,175,869,1
1347,175,809,1
1348,175,90,1
1349,175,748,1
1350,175,384,1
1351,175,224,1
1352,175,413,1
1353,175,442,1
1354,175,472,1
1355,175,759,1
1356,175,52,1
1357,175,127,1
1358,175,50,1
1359,175,104,1
1360,175,209,1
1361,175,212,1
1362,175,566,1
1363,175,455,1
1364,175,580,1
1365,175,287,1
1366,175,105,1
1367,175,375,1
1368,175,742,1
1369,175,693,1
1370,175,825,1
1371,175,737,1
1372,175,445,1
1373,175,61,1
1374,175,410,1
1375,175,644,1
1376,175,282,1
1377,175,733,1
1378,175,423,1
1379,175,0,1
1380,175,464,1
1381,175,865,1
1382,175,540,1
1383,175,358,1
1384,175,162,1
1385,175,121,1
1386,175,166,1
1387,175,203,1
1388,175,499,1
1389,175,732,1
1390,175,555,1
1391,175,374,1
1392,175,511,1
1393,175,556,1
1394,175,667,1
1395,175,581,1
1396,175,371,1
1397,175,590,1
1398,175,230,1
1399,175,842,1
1400,175,858,1
1401,175,612,1
1402,175,229,1
1403,187,273,1
1404,187,658,1
1405,259,432,1
1406,259,631,1
1407,259,827,1
1408,259,515,1
1409,259,138,1
1410,259,256,1
1411,259,190,1
1412,259,231,1
1413,259,892,1
1414,259,143,1
1415,259,65,1
1416,259,452,1
1417,259,184,1
1418,259,601,1
1419,259,831,1
1420,259,901,1
1421,259,470,1
1422,259,285,1
1423,259,770,1
1424,259,467,1
1425,259,513,1
1426,259,385,1
1427,259,891,1
1428,259,287,1
1429,259,97,1
1430,259,449,1
1431,259,152,1
1432,259,630,1
1433,259,383,1
1434,259,578,1
1435,297,410,1
1436,297,231,1
1437,297,299,1
1438,297,424,1
1439,297,511,1
1440,297,796,1
1441,297,433,1
1442,297,151,1
1443,297,83,1
1444,297,767,1
1445,305,375,1
1446,305,73,1
1447,305,759,1
1448,305,251,1
1449,305,735,1
1450,305,65,1
1451,305,874,1
1452,305,856,1
1453,305,110,1
1454,305,86,1
1455,305,273,1
1456,305,791,1
1457,305,579,1
1458,305,785,1
1459,305,645,1
1460,355,58,1
1461,355,424,1
1462,355,110,1
1463,355,608,1
1464,355,385,1
1465,355,20,1
1466,355,165,1
1467,355,629,1
1468,355,346,1
1469,355,168,1
1470,355,7,1
1471,355,312,1
1472,355,804,1
1473,355,356,1
1474,355,622,1
1475,355,238,1
1476,355,272,1
1477,355,155,1
1478,355,221,1
1479,355,61,1
1480,355,97,1
1481,355,358,1
1482,355,644,1
1483,355,744,1
1484,355,827,1
1485,355,33,1
1486,355,259,1
1487,355,322,1
1488,355,748,1
1489,355,812,1
1490,355,578,1
1491,355,16,1
1492,355,576,1
1493,355,680,1
1494,355,138,1
1495,355,130,1
1496,355,335,1
1497,355,105,1
1498,355,755,1
1499,355,765,1
1500,355,131,1
1501,355,468,1
1502,355,316,1
1503,355,231,1
1504,355,805,1
1505,355,159,1
1506,355,76,1
1507,355,707,1
1508,355,561,1
1509,355,410,1
1510,355,558,1
1511,355,860,1
1512,355,852,1
1513,355,190,1
1514,355,248,1
1515,374,684,1
1516,374,694,1
1517,399,313,1
1518,399,866,1
1519,399,271,1
1520,399,13,1
1521,399,80,1
1522,399,267,1
1523,399,309,1
1524,399,603,1
1525,399,480,1
1526,399,182,1
1527,399,424,1
1528,399,462,1
1529,399,300,1
1530,399,186,1
1531,399,130,1
1532,399,398,1
1533,399,735,1
1534,399,736,1
1535,399,30,1
1536,399,231,1
1537,399,563,1
1538,399,694,1
1539,399,841,1
1540,399,452,1
1541,399,687,1
1542,399,834,1
1543,399,701,1
1544,399,629,1
1545,399,500,1
1546,399,811,1
1547,399,219,1
1548,399,900,1
1549,399,233,1
1550,399,221,1
1551,399,334,1
1552,399,575,1
1553,399,586,1
1554,399,675,1
1555,399,44,1
1556,399,555,1
1557,399,335,1
1558,399,146,1
1559,399,385,1
1560,399,540,1
1561,399,780,1
1562,399,450,1
1563,399,519,1
1564,399,879,1
1565,399,11,1
1566,399,391,1
1567,399,791,1
1568,399,792,1
1569,399,210,1
1570,399,852,1
1571,399,380,1
1572,399,79,1
1573,399,609,1
1574,399,496,1
1575,399,225,1
1576,399,446,1
1577,399,707,1
1578,399,514,1
1579,399,158,1
1580,399,556,1
1581,399,376,1
1582,399,448,1
1583,399,165,1
1584,399,672,1
1585,399,777,1
1586,399,908,1
1587,399,757,1
1588,399,377,1
1589,399,693,1
1590,399,548,1
1591,399,387,1
1592,399,647,1
1593,399,648,1
1594,399,234,1
1595,399,804,1
1596,399,547,1
1597,399,59,1
1598,399,230,1
1599,399,831,1
1600,399,91,1
1601,399,433,1
1602,399,656,1
1603,399,440,1
1604,399,184,1
1605,399,585,1
1606,399,49,1
1607,399,95,1
1608,399,525,1
1609,399,645,1
1610,399,19,1
1611,399,83,1
1612,399,684,1
1613,399,726,1
1614,399,378,1
1615,399,413,1
1616,399,373,1
1617,399,754,1
1618,399,104,1
1619,399,516,1
1620,399,488,1
1621,399,644,1
1622,399,175,1
1623,399,143,1
1624,399,390,1
1625,399,903,1
1626,399,731,1
1627,399,358,1
1628,399,138,1
1629,399,65,1
1630,399,270,1
1631,399,28,1
1632,399,515,1
1633,399,349,1
1634,399,765,1
1635,399,441,1
1636,399,363,1
1637,399,388,1
1638,399,381,1
1639,399,573,1
1640,399,155,1
1641,399,509,1
1642,399,741,1
1643,399,128,1
1644,399,505,1
1645,399,664,1
1646,399,671,1
1647,399,906,1
1648,399,860,1
1649,399,211,1
1650,399,665,1
1651,399,288,1
1652,399,836,1
1653,399,468,1
1654,399,62,1
1655,399,208,1
1656,399,469,1
1657,399,715,1
1658,399,204,1
1659,399,892,1
1660,399,443,1
1661,399,18,1
1662,399,710,1
1663,399,119,1
1664,399,311,1
1665,399,577,1
1666,399,827,1
1667,399,323,1
1668,399,753,1
1669,399,152,1
1670,399,498,1
1671,399,718,1
1672,399,798,1
1673,399,601,1
1674,399,229,1
1675,399,61,1
1676,399,785,1
1677,399,98,1
1678,399,816,1
1679,399,45,1
1680,399,318,1
1681,399,307,1
1682,399,132,1
1683,399,368,1
1684,399,97,1
1685,399,799,1
1686,399,103,1
1687,399,503,1
1688,399,206,1
1689,399,340,1
1690,399,487,1
1691,399,117,1
1692,399,73,1
1693,399,766,1
1694,399,889,1
1695,399,290,1
1696,399,763,1
1697,399,68,1
1698,399,661,1
1699,399,110,1
1700,399,801,1
1701,399,241,1
1702,399,558,1
1703,399,345,1
1704,399,891,1
1705,399,511,1
1706,399,371,1
1707,399,366,1
1708,399,0,1
1709,399,418,1
1710,399,84,1
1711,399,329,1
1712,399,386,1
1713,399,595,1
1714,399,88,1
1715,399,55,1
1716,399,192,1
1717,399,237,1
1718,407,622,1
1719,407,322,1
1720,407,55,1
1721,407,662,1
1722,407,604,1
1723,407,62,1
1724,407,188,1
1725,407,645,1
1726,407,439,1
1727,407,666,1
1728,407,687,1
1729,407,705,1
1730,407,70,1
1731,407,433,1
1732,407,231,1
1733,407,78,1
1734,407,452,1
1735,407,440,1
1736,407,487,1
1737,407,72,1
1738,407,98,1
1739,407,569,1
1740,407,902,1
1741,407,909,1
1742,407,417,1
1743,407,24,1
1744,407,60,1
1745,407,585,1
1746,407,146,1
1747,407,33,1
1748,407,668,1
1749,407,743,1
1750,407,68,1
1751,407,88,1
1752,407,894,1
1753,407,899,1
1754,407,747,1
1755,407,76,1
1756,407,694,1
1757,407,536,1
1758,407,424,1
1759,407,481,1
1760,407,774,1
1761,407,65,1
1762,407,715,1
1763,407,589,1
1764,407,901,1
1765,407,441,1
1766,407,891,1
1767,407,614,1
1768,407,373,1
1769,407,234,1
1770,407,881,1
1771,407,217,1
1772,407,525,1
1773,407,184,1
1774,407,290,1
1775,407,629,1
1776,407,334,1
1777,407,550,1
1778,407,96,1
1779,407,671,1
1780,407,385,1
1781,407,240,1
1782,407,301,1
1783,407,601,1
1784,407,356,1
1785,407,744,1
1786,407,325,1
1787,407,476,1
1788,407,566,1
1789,443,810,1
1790,443,891,1
1791,443,799,1
1792,443,820,1
1793,443,151,1
1794,443,849,1
1795,443,320,1
1796,443,550,1
1797,443,358,1
1798,443,208,1
1799,443,795,1
1800,443,31,1
1801,443,892,1
1802,443,424,1
1803,443,509,1
1804,443,80,1
1805,443,859,1
1806,443,581,1
1807,443,122,1
1808,443,728,1
1809,443,455,1
1810,443,101,1
1811,443,223,1
1812,443,293,1
1813,443,135,1
1814,443,161,1
1815,443,43,1
1816,443,79,1
1817,443,485,1
1818,443,328,1
1819,443,251,1
1820,443,587,1
1821,443,640,1
1822,443,336,1
1823,443,190,1
1824,443,115,1
1825,443,94,1
1826,443,8,1
1827,443,716,1
1828,443,503,1
1829,443,660,1
1830,443,69,1
1831,443,165,1
1832,443,906,1
1833,443,666,1
1834,443,626,1
1835,443,417,1
1836,443,146,1
1837,443,504,1
1838,443,186,1
1839,443,451,1
1840,443,605,1
1841,443,377,1
1842,443,310,1
1843,443,732,1
1844,443,787,1
1845,443,276,1
1846,443,49,1
1847,443,355,1
1848,443,840,1
1849,443,263,1
1850,443,838,1
1851,443,493,1
1852,443,431,1
1853,443,257,1
1854,443,398,1
1855,443,668,1
1856,443,519,1
1857,443,858,1
1858,443,885,1
1859,443,707,1
1860,443,754,1
1861,443,56,1
1862,443,752,1
1863,443,846,1
1864,443,381,1
1865,443,831,1
1866,443,375,1
1867,443,791,1
1868,443,175,1
1869,443,753,1
1870,443,822,1
1871,443,781,1
1872,443,864,1
1873,443,429,1
1874,443,240,1
1875,443,204,1
1876,443,380,1
1877,443,65,1
1878,443,132,1
1879,443,159,1
1880,443,12,1
1881,443,866,1
1882,443,674,1
1883,443,564,1
1884,443,902,1
1885,443,131,1
1886,443,97,1
1887,443,621,1
1888,443,40,1
1889,443,327,1
1890,443,193,1
1891,443,61,1
1892,443,459,1
1893,443,334,1
1894,443,446,1
1895,443,435,1
1896,443,809,1
1897,443,442,1
1898,443,896,1
1899,443,823,1
1900,443,312,1
1901,443,525,1
1902,443,64,1
1903,443,384,1
1904,443,843,1
1905,443,899,1
1906,443,580,1
1907,443,294,1
1908,443,35,1
1909,443,800,1
1910,443,603,1
1911,443,457,1
1912,443,330,1
1913,443,18,1
1914,443,905,1
1915,443,639,1
1916,443,530,1
1917,443,529,1
1918,443,450,1
1919,443,763,1
1920,443,11,1
1921,443,589,1
1922,443,192,1
1923,443,867,1
1924,443,179,1
1925,443,577,1
1926,443,499,1
1927,443,87,1
1928,443,253,1
1929,443,86,1
1930,443,750,1
1931,443,755,1
1932,443,586,1
1933,443,908,1
1934,443,869,1
1935,443,224,1
1936,443,544,1
1937,443,368,1
1938,443,770,1
1939,443,546,1
1940,443,568,1
1941,443,730,1
1942,443,819,1
1943,443,742,1
1944,443,47,1
1945,443,333,1
1946,443,138,1
1947,443,325,1
1948,443,497,1
1949,443,804,1
1950,443,1,1
1951,443,574,1
1952,443,736,1
1953,443,78,1
1954,443,673,1
1955,443,30,1
1956,443,496,1
1957,454,892,1
1958,454,206,1
1959,454,182,1
1960,454,655,1
1961,454,366,1
1962,454,754,1
1963,454,381,1
1964,454,715,1
1965,454,128,1
1966,454,909,1
1967,454,749,1
1968,454,566,1
1969,454,388,1
1970,454,487,1
1971,454,801,1
1972,454,696,1
1973,454,322,1
1974,454,127,1
1975,454,210,1
1976,454,694,1
1977,454,812,1
1978,454,72,1
1979,454,795,1
1980,454,495,1
1981,454,604,1
1982,454,488,1
1983,454,302,1
1984,454,744,1
1985,454,279,1
1986,454,481,1
1987,454,811,1
1988,454,453,1
1989,454,474,1
1990,454,639,1
1991,454,122,1
1992,454,452,1
1993,454,609,1
1994,454,834,1
1995,454,163,1
1996,454,417,1
1997,454,585,1
1998,454,336,1
1999,454,248,1
2000,454,83,1
2001,454,578,1
2002,454,24,1
2003,454,101,1
2004,454,743,1
2005,454,902,1
2006,454,580,1
2007,454,62,1
2008,454,680,1
2009,454,306,1
2010,454,184,1
2011,454,507,1
2012,454,424,1
2013,454,440,1
2014,454,443,1
2015,454,441,1
2016,454,110,1
2017,454,462,1
2018,454,263,1
2019,454,853,1
2020,454,162,1
2021,454,71,1
2022,454,76,1
2023,454,741,1
2024,454,687,1
2025,454,84,1
2026,454,145,1
2027,454,817,1
2028,454,644,1
2029,454,68,1
2030,454,496,1
2031,454,908,1
2032,454,805,1
2033,454,472,1
2034,454,526,1
2035,454,298,1
2036,454,46,1
2037,454,209,1
2038,454,656,1
2039,454,211,1
2040,454,355,1
2041,454,738,1
2042,454,497,1
2043,454,562,1
2044,454,7,1
2045,454,208,1
2046,454,230,1
2047,454,292,1
2048,454,236,1
2049,454,635,1
2050,454,235,1
2051,454,431,1
2052,454,141,1
2053,454,899,1
2054,454,860,1
2055,454,620,1
2056,454,736,1
2057,454,905,1
2058,454,259,1
2059,454,601,1
2060,454,130,1
2061,515,630,1
2062,515,371,1
2063,515,97,1
2064,515,467,1
2065,515,461,1
2066,515,383,1
2067,515,452,1
2068,515,645,1
2069,515,241,1
2070,515,578,1
2071,515,424,1
2072,515,385,1
2073,515,500,1
2074,515,903,1
2075,516,810,1
2076,516,323,1
2077,516,312,1
2078,516,117,1
2079,516,406,1
2080,516,708,1
2081,516,381,1
2082,516,905,1
2083,516,577,1
2084,516,294,1
2085,516,664,1
2086,516,860,1
2087,516,97,1
2088,516,365,1
2089,516,31,1
2090,516,906,1
2091,516,341,1
2092,516,579,1
2093,516,586,1
2094,516,290,1
2095,516,253,1
2096,516,785,1
2097,516,602,1
2098,516,230,1
2099,516,766,1
2100,516,839,1
2101,516,405,1
2102,516,87,1
2103,532,483,1
2104,532,406,1
2105,532,841,1
2106,532,190,1
2107,532,24,1
2108,532,376,1
2109,532,308,1
2110,532,636,1
2111,532,173,1
2112,532,161,1
2113,532,500,1
2114,532,83,1
2115,532,440,1
2116,532,193,1
2117,532,256,1
2118,532,230,1
2119,532,707,1
2120,532,25,1
2121,532,909,1
2122,532,106,1
2123,532,50,1
2124,532,905,1
2125,532,843,1
2126,532,214,1
2127,532,267,1
2128,532,606,1
2129,532,810,1
2130,532,68,1
2131,532,108,1
2132,532,84,1
2133,532,76,1
2134,532,413,1
2135,532,575,1
2136,532,249,1
2137,532,12,1
2138,532,499,1
2139,532,696,1
2140,532,908,1
2141,532,874,1
2142,532,248,1
2143,532,444,1
2144,532,560,1
2145,532,202,1
2146,532,461,1
2147,532,801,1
2148,532,48,1
2149,532,882,1
2150,532,336,1
2151,532,546,1
2152,532,805,1
2153,532,751,1
2154,532,719,1
2155,558,463,1
2156,558,763,1
2157,558,494,1
2158,558,714,1
2159,558,250,1
2160,558,264,1
2161,558,287,1
2162,558,423,1
2163,558,672,1
2164,558,461,1
2165,558,909,1
2166,558,797,1
2167,558,592,1
2168,558,432,1
2169,558,577,1
2170,558,248,1
2171,558,227,1
2172,558,493,1
2173,558,380,1
2174,558,720,1
2175,558,502,1
2176,558,540,1
2177,558,823,1
2178,558,822,1
2179,558,621,1
2180,558,671,1
2181,558,856,1
2182,558,597,1
2183,558,330,1
2184,558,744,1
2185,558,460,1
2186,558,866,1
2187,558,224,1
2188,558,192,1
2189,558,98,1
2190,558,465,1
2191,558,749,1
2192,558,102,1
2193,558,527,1
2194,558,48,1
2195,558,722,1
2196,558,781,1
2197,558,899,1
2198,558,405,1
2199,558,549,1
2200,558,190,1
2201,558,626,1
2202,558,791,1
2203,558,329,1
2204,558,565,1
2205,558,635,1
2206,558,11,1
2207,558,643,1
2208,558,551,1
2209,558,275,1
2210,558,252,1
2211,558,680,1
2212,558,580,1
2213,558,556,1
2214,558,443,1
2215,558,474,1
2216,558,128,1
2217,558,522,1
2218,558,403,1
2219,558,736,1
2220,558,905,1
2221,558,513,1
2222,558,534,1
2223,558,223,1
2224,558,495,1
2225,558,206,1
2226,558,117,1
2227,558,583,1
2228,558,345,1
2229,558,840,1
2230,558,357,1
2231,558,366,1
2232,558,476,1
2233,558,732,1
2234,558,177,1
2235,558,79,1
2236,558,848,1
2237,558,33,1
2238,558,486,1
2239,558,696,1
2240,558,178,1
2241,558,472,1
2242,558,401,1
2243,558,640,1
2244,558,141,1
2245,558,559,1
2246,558,516,1
2247,558,398,1
2248,558,545,1
2249,558,466,1
2250,558,355,1
2251,558,45,1
2252,558,65,1
2253,558,92,1
2254,558,459,1
2255,558,323,1
2256,558,467,1
2257,558,0,1
2258,558,874,1
2259,558,69,1
2260,558,609,1
2261,558,892,1
2262,558,843,1
2263,558,306,1
2264,558,73,1
2265,558,255,1
2266,558,288,1
2267,558,681,1
2268,558,24,1
2269,558,854,1
2270,558,145,1
2271,558,440,1
2272,558,47,1
2273,558,772,1
2274,558,624,1
2275,558,78,1
2276,558,496,1
2277,558,757,1
2278,558,61,1
2279,558,636,1
2280,558,415,1
2281,558,902,1
2282,558,49,1
2283,558,127,1
2284,558,253,1
2285,558,869,1
2286,558,448,1
2287,558,813,1
2288,558,488,1
2289,558,184,1
2290,558,828,1
2291,558,333,1
2292,558,648,1
2293,558,860,1
2294,558,376,1
2295,558,374,1
2296,558,431,1
2297,558,55,1
2298,558,131,1
2299,558,868,1
2300,558,605,1
2301,558,165,1
2302,558,114,1
2303,558,390,1
2304,558,89,1
2305,558,575,1
2306,558,22,1
2307,558,156,1
2308,558,276,1
2309,558,146,1
2310,558,167,1
2311,558,115,1
2312,558,52,1
2313,558,896,1
2314,558,608,1
2315,558,424,1
2316,558,652,1
2317,558,602,1
2318,558,906,1
2319,558,237,1
2320,558,310,1
2321,558,728,1
2322,558,359,1
2323,558,891,1
2324,558,229,1
2325,558,267,1
2326,558,519,1
2327,558,743,1
2328,558,834,1
2329,558,239,1
2330,558,468,1
2331,558,302,1
2332,558,855,1
2333,558,838,1
2334,558,651,1
2335,558,799,1
2336,558,814,1
2337,558,180,1
2338,558,716,1
2339,558,76,1
2340,558,135,1
2341,558,143,1
2342,558,446,1
2343,558,280,1
2344,558,290,1
2345,558,612,1
2346,558,586,1
2347,558,4,1
2348,558,485,1
2349,584,322,1
2350,584,846,1
2351,584,205,1
2352,584,50,1
2353,584,770,1
2354,584,166,1
2355,618,451,1
2356,618,722,1
2357,618,803,1
2358,618,273,1
2359,618,372,1
2360,618,901,1
2361,618,449,1
2362,618,895,1
2363,618,629,1
2364,618,538,1
2365,618,644,1
2366,618,555,1
2367,618,17,1
2368,618,857,1
2369,618,45,1
2370,618,140,1
2371,618,205,1
2372,618,568,1
2373,618,467,1
2374,618,284,1
2375,618,679,1
2376,618,846,1
2377,618,570,1
2378,618,903,1
2379,618,908,1
2380,618,450,1
2381,618,385,1
2382,618,635,1
2383,618,204,1
2384,618,143,1
2385,618,24,1
2386,618,25,1
2387,618,770,1
2388,618,715,1
2389,618,383,1
2390,618,470,1
2391,618,11,1
2392,618,309,1
2393,618,515,1
2394,618,596,1
2395,618,33,1
2396,618,741,1
2397,618,879,1
2398,618,872,1
2399,624,82,1
2400,624,631,1
2401,624,258,1
2402,624,31,1
2403,624,869,1
2404,624,120,1
2405,624,621,1
2406,624,707,1
2407,624,251,1
2408,624,390,1
2409,624,405,1
2410,624,184,1
2411,624,534,1
2412,624,888,1
2413,624,329,1
2414,624,412,1
2415,624,559,1
2416,624,577,1
2417,624,446,1
2418,624,497,1
2419,654,404,1
2420,654,459,1
2421,654,632,1
2422,654,7,1
2423,654,791,1
2424,654,151,1
2425,654,376,1
2426,654,172,1
2427,654,175,1
2428,654,186,1
2429,654,806,1
2430,654,246,1
2431,654,19,1
2432,654,549,1
2433,654,235,1
2434,654,843,1
2435,654,468,1
2436,654,79,1
2437,654,674,1
2438,654,28,1
2439,654,69,1
2440,654,263,1
2441,740,154,1
2442,740,581,1
2443,740,595,1
2444,740,447,1
2445,740,340,1
2446,740,398,1
2447,740,320,1
2448,740,153,1
2449,740,24,1
2450,740,388,1
2451,740,411,1
2452,740,648,1
2453,740,641,1
2454,740,361,1
2455,740,823,1
2456,740,125,1
2457,740,794,1
2458,740,453,1
2459,740,806,1
2460,740,210,1
2461,740,157,1
2462,740,206,1
2463,740,2,1
2464,740,498,1
2465,740,91,1
2466,740,4,1
2467,740,375,1
2468,740,576,1
2469,740,67,1
2470,740,619,1
2471,740,207,1
2472,740,755,1
2473,740,462,1
2474,740,211,1
2475,740,43,1
2476,740,258,1
2477,740,53,1
2478,740,124,1
2479,740,718,1
2480,740,574,1
2481,740,770,1
2482,740,801,1
2483,740,229,1
2484,740,167,1
2485,740,355,1
2486,740,442,1
2487,740,515,1
2488,740,730,1
2489,740,237,1
2490,740,706,1
2491,740,667,1
2492,740,227,1
2493,740,500,1
2494,740,450,1
2495,740,468,1
2496,740,609,1
2497,740,624,1
2498,740,669,1
2499,740,723,1
2500,740,440,1
2501,740,892,1
2502,740,183,1
2503,740,546,1
2504,740,516,1
2505,740,234,1
2506,740,168,1
2507,740,408,1
2508,740,155,1
2509,740,128,1
2510,740,151,1
2511,740,559,1
2512,740,634,1
2513,740,446,1
2514,740,906,1
2515,740,432,1
2516,740,889,1
2517,740,791,1
2518,740,89,1
2519,740,534,1
2520,740,417,1
2521,740,772,1
2522,740,240,1
2523,740,591,1
2524,740,493,1
2525,740,50,1
2526,740,221,1
2527,740,873,1
2528,740,733,1
2529,740,334,1
2530,740,583,1
2531,740,127,1
2532,740,721,1
2533,740,868,1
2534,740,159,1
2535,740,817,1
2536,740,549,1
2537,740,162,1
2538,740,395,1
2539,740,752,1
2540,740,485,1
2541,740,76,1
2542,740,413,1
2543,740,143,1
2544,740,205,1
2545,740,223,1
2546,740,869,1
2547,740,626,1
2548,740,565,1
2549,740,548,1
2550,740,235,1
2551,740,86,1
2552,740,804,1
2553,740,312,1
2554,740,820,1
2555,740,519,1
2556,740,512,1
2557,740,443,1
2558,740,556,1
2559,740,644,1
2560,740,857,1
2561,740,631,1
2562,740,865,1
2563,740,7,1
2564,740,290,1
2565,740,184,1
2566,740,136,1
2567,740,101,1
2568,740,288,1
2569,740,831,1
2570,740,651,1
2571,740,580,1
2572,740,567,1
2573,740,568,1
2574,740,797,1
2575,740,800,1
2576,740,717,1
2577,740,694,1
2578,740,640,1
2579,740,371,1
2580,740,518,1
2581,740,163,1
2582,740,345,1
2583,740,888,1
2584,740,587,1
2585,740,424,1
2586,740,335,1
2587,740,204,1
2588,740,22,1
2589,740,434,1
2590,740,20,1
2591,740,366,1
2592,740,275,1
2593,740,784,1
2594,740,6,1
2595,740,401,1
2596,740,285,1
2597,740,841,1
2598,740,665,1
2599,740,122,1
2600,740,708,1
2601,740,344,1
2602,740,358,1
2603,740,46,1
2604,740,45,1
2605,740,333,1
2606,740,267,1
2607,740,292,1
2608,740,709,1
2609,740,41,1
2610,740,842,1
2611,740,470,1
2612,740,256,1
2613,740,376,1
2614,740,108,1
2615,740,880,1
2616,740,56,1
2617,740,673,1
2618,793,639,1
2619,793,311,1
2620,793,826,1
2621,793,292,1
2622,793,305,1
2623,793,166,1
2624,793,909,1
2625,793,614,1
2626,793,208,1
2627,793,687,1
2628,793,816,1
2629,793,638,1
2630,793,298,1
2631,793,383,1
2632,793,475,1
2633,793,492,1
2634,793,633,1
2635,793,669,1
2636,793,284,1
2637,793,321,1
2638,793,15,1
2639,793,507,1
2640,793,45,1
2641,793,461,1
2642,793,493,1
2643,793,778,1
2644,793,550,1
2645,793,486,1
2646,793,670,1
2647,793,247,1
2648,793,313,1
2649,793,467,1
2650,793,540,1
2651,793,338,1
2652,793,882,1
2653,793,821,1
2654,793,473,1
2655,793,370,1
2656,793,648,1
2657,793,110,1
2658,793,174,1
2659,793,382,1
2660,793,463,1
2661,793,201,1
2662,793,16,1
2663,793,616,1
2664,793,187,1
2665,793,500,1
2666,793,107,1
2667,793,708,1
2668,793,21,1
2669,793,850,1
2670,793,439,1
2671,793,420,1
2672,793,797,1
2673,793,119,1
2674,793,429,1
2675,793,443,1
2676,793,133,1
2677,793,359,1
2678,793,349,1
2679,793,780,1
2680,793,470,1
2681,793,902,1
2682,793,678,1
2683,793,23,1
2684,793,153,1
2685,793,833,1
2686,793,726,1
2687,793,649,1
2688,793,794,1
2689,793,17,1
2690,793,309,1
2691,793,220,1
2692,793,213,1
2693,793,48,1
2694,793,487,1
2695,805,433,1
2696,805,345,1
2697,805,823,1
2698,805,629,1
2699,805,146,1
2700,805,792,1
2701,805,147,1
2702,805,496,1
2703,805,468,1
2704,805,3,1
2705,873,158,1
2706,873,388,1
2707,873,671,1
2708,873,680,1
2709,873,576,1
2710,873,243,1
2711,873,322,1
2712,873,229,1
2713,873,408,1
2714,873,583,1
2715,873,20,1
2716,873,568,1
2717,873,578,1
2718,873,355,1
2719,873,504,1
2720,873,768,1
2721,873,33,1
2722,873,597,1
2723,873,564,1
2724,873,498,1
2725,882,424,1
2726,895,671,1
2727,895,905,1
2728,895,575,1
2729,895,558,1
2730,895,68,1
2731,895,483,1
2732,895,7,1
2733,895,138,1
2734,895,62,1
2735,895,752,1
2736,895,20,1
2737,895,86,1
2738,895,238,1
2739,895,626,1
2740,895,680,1
2741,895,433,1
2742,895,748,1
2743,895,516,1
2744,895,388,1
2745,895,330,1
2746,895,579,1
2747,895,343,1
2748,895,70,1
2749,895,792,1
2750,895,281,1
2751,895,576,1
2752,895,624,1
2753,895,346,1
2754,895,407,1
2755,895,61,1
2756,895,666,1
2757,895,76,1
2758,895,168,1
2759,895,363,1
2760,895,481,1
2761,895,795,1
2762,895,312,1
2763,895,547,1
2764,895,474,1
2765,895,755,1
2766,895,706,1
2767,895,110,1
2768,895,18,1
2769,895,190,1
2770,895,83,1
2771,895,55,1
2772,895,732,1
2773,895,165,1
2774,895,128,1
2775,895,546,1
2776,895,620,1
2777,895,255,1
2778,895,424,1
2779,895,184,1
2780,895,504,1
2781,895,872,1
2782,895,852,1
2783,895,727,1
2784,900,401,1
2785,900,495,1
2786,900,162,1
2787,900,486,1
2788,900,236,1
2789,900,530,1
2790,900,583,1
2791,900,469,1
2792,900,121,1
2793,900,853,1
2794,900,325,1
2795,900,707,1
2796,900,799,1
2797,900,288,1
2798,900,336,1
2799,900,651,1
2800,900,420,1
2801,900,430,1
2802,900,395,1
2803,900,586,1
2804,900,390,1
2805,900,130,1
2806,900,772,1
2807,900,474,1
2808,900,639,1
2809,900,843,1
2810,900,829,1
2811,900,153,1
2812,900,849,1
2813,900,360,1
2814,900,880,1
2815,900,638,1
2816,908,211,1
2817,908,690,1
2818,908,799,1
2819,908,460,1
2820,908,95,1
2821,908,853,1
2822,908,102,1
2823,908,212,1
2824,908,902,1
2825,908,728,1
2826,908,335,1
2827,908,824,1
2828,908,160,1
2829,908,239,1
2830,908,636,1
2831,908,182,1
2832,908,4,1
2833,908,860,1
2834,908,375,1
2835,908,534,1
2836,908,655,1
2837,908,130,1
2838,908,568,1
2839,908,461,1
2840,908,258,1
2841,908,622,1
2842,908,302,1
2843,908,836,1
2844,908,202,1
2845,908,391,1
2846,908,743,1
2847,908,131,1
2848,908,716,1
2849,908,240,1
2850,908,471,1
2851,908,906,1
2852,908,319,1
2853,908,192,1
2854,908,585,1
2855,908,357,1
2856,908,535,1
2857,908,325,1
2858,908,575,1
2859,908,25,1
2860,908,151,1
2861,908,548,1
2862,908,330,1
2863,908,885,1
2864,908,255,1
2865,908,867,1
2866,908,90,1
2867,908,489,1
2868,908,665,1
2869,908,252,1
2870,908,565,1
2871,908,432,1
2872,908,340,1
2873,908,68,1
2874,908,842,1
2875,908,213,1
2876,908,96,1
2877,908,787,1
2878,908,909,1
2879,908,511,1
2880,908,81,1
2881,908,91,1
2882,908,503,1
2883,908,386,1
2884,908,287,1
2885,908,831,1
2886,908,159,1
2887,908,771,1
2888,908,634,1
2889,908,359,1
2890,908,721,1
2891,908,753,1
2892,908,390,1
2893,908,167,1
2894,908,749,1
2895,908,894,1
2896,908,785,1
2897,908,809,1
2898,908,736,1
2899,908,417,1
2900,908,71,1
2901,908,426,1
2902,908,437,1
2903,908,900,1
2904,908,561,1
2905,908,43,1
2906,908,879,1
2907,908,65,1
2908,908,336,1
2909,908,581,1
2910,908,280,1
2911,908,731,1
2912,908,333,1
2913,908,223,1
2914,908,702,1
2915,908,705,1
2916,908,320,1
2917,908,896,1
2918,908,445,1
2919,908,671,1
2920,908,380,1
2921,908,204,1
2922,908,680,1
2923,908,815,1
2924,908,504,1
2925,908,678,1
2926,908,724,1
2927,908,500,1
2928,908,840,1
2929,908,31,1
2930,908,668,1
2931,908,493,1
2932,908,620,1
2933,908,886,1
2934,908,578,1
2935,908,559,1
2936,908,414,1
2937,908,145,1
2938,908,800,1
2939,908,104,1
2940,908,366,1
2941,908,891,1
2942,908,727,1
2943,908,485,1
2944,908,811,1
2945,908,560,1
2946,908,376,1
2947,908,499,1
2948,908,672,1
2949,908,50,1
2950,908,533,1
2951,908,384,1
2952,908,46,1
2953,908,790,1
2954,908,329,1
2955,908,438,1
2956,908,235,1
2957,908,513,1
2958,908,465,1
2959,908,61,1
2960,908,288,1
2961,908,431,1
2962,908,224,1
2963,908,339,1
2964,908,117,1
2965,908,86,1
2966,908,22,1
2967,908,770,1
2968,908,12,1
2969,908,89,1
2970,908,838,1
2971,908,101,1
2972,908,105,1
2973,908,206,1
2974,908,791,1
2975,908,486,1
2976,908,381,1
2977,908,430,1
2978,908,251,1
2979,908,707,1
2980,908,411,1
2981,908,162,1
2982,908,722,1
2983,908,638,1
2984,908,415,1
2985,908,632,1
2986,908,610,1
2987,908,577,1
2988,908,732,1
2989,908,735,1
2990,908,641,1
2991,908,152,1
2992,908,263,1
2993,908,899,1
2994,908,797,1
2995,908,141,1
2996,908,801,1
2997,908,777,1
2998,908,639,1
2999,908,30,1
3000,908,846,1
3001,908,547,1
3002,908,270,1
3003,908,356,1
3004,908,208,1
3005,908,312,1
3006,908,429,1
3007,908,236,1
3008,908,602,1
3009,908,447,1
3010,908,849,1
3011,908,871,1
3012,908,823,1
3013,908,355,1
3014,908,822,1
3015,908,882,1
3016,908,433,1
3017,908,128,1
3018,908,887,1
3019,908,135,1
3020,908,607,1
3021,908,760,1
3022,908,814,1
3023,908,134,1
3024,908,11,1
3025,908,772,1
3026,908,593,1
3027,908,248,1
3028,908,674,1
3029,908,859,1
3030,43,647,0
3031,43,421,0
3032,43,257,0
3033,43,890,0
3034,43,663,0
3035,43,110,0
3036,43,640,0
3037,43,139,0
3038,43,352,0
3039,43,645,0
3040,43,2,0
3041,43,327,0
3042,43,865,0
3043,43,688,0
3044,43,524,0
3045,43,805,0
3046,43,415,0
3047,43,573,0
3048,43,536,0
3049,43,113,0
3050,43,62,0
3051,43,218,0
3052,43,304,0
3053,43,745,0
3054,43,199,0
3055,43,242,0
3056,43,646,0
3057,43,347,0
3058,43,54,0
3059,43,615,0
3060,43,10,0
3061,43,158,0
3062,43,852,0
3063,43,813,0
3064,43,277,0
3065,43,118,0
3066,43,520,0
3067,43,802,0
3068,43,588,0
3069,43,821,0
3070,43,367,0
3071,43,595,0
3072,43,314,0
3073,43,181,0
3074,43,600,0
3075,43,788,0
3076,43,369,0
3077,43,187,0
3078,43,818,0
3079,43,543,0
3080,43,140,0
3081,43,633,0
3082,43,354,0
3083,43,161,0
3084,43,150,0
3085,43,441,0
3086,43,103,0
3087,43,309,0
3088,43,878,0
3089,43,798,0
3090,43,837,0
3091,43,348,0
3092,43,893,0
3093,43,617,0
3094,43,262,0
3095,43,616,0
3096,43,461,0
3097,43,689,0
3098,43,725,0
3099,43,324,0
3100,43,233,0
3101,43,97,0
3102,43,75,0
3103,43,682,0
3104,43,847,0
3105,43,409,0
3106,43,492,0
3107,43,247,0
3108,43,855,0
3109,43,598,0
3110,43,674,0
3111,43,623,0
3112,43,611,0
3113,43,99,0
3114,43,676,0
3115,43,201,0
3116,43,26,0
3117,43,254,0
3118,43,880,0
3119,43,428,0
3120,43,819,0
3121,43,393,0
3122,43,64,0
3123,43,286,0
3124,43,794,0
3125,43,172,0
3126,43,863,0
3127,43,657,0
3128,43,350,0
3129,43,774,0
3130,43,808,0
3131,43,783,0
3132,43,700,0
3133,43,642,0
3134,43,179,0
3135,43,353,0
3136,43,832,0
3137,43,266,0
3138,43,630,0
3139,43,477,0
3140,43,773,0
3141,43,596,0
3142,43,283,0
3143,43,769,0
3144,43,362,0
3145,43,351,0
3146,43,42,0
3147,43,195,0
3148,43,460,0
3149,43,482,0
3150,43,695,0
3151,43,729,0
3152,43,872,0
3153,43,816,0
3154,43,826,0
3155,49,833,0
3156,49,282,0
3157,49,723,0
3158,49,300,0
3159,49,680,0
3160,49,746,0
3161,49,743,0
3162,49,909,0
3163,49,546,0
3164,49,493,0
3165,49,268,0
3166,49,29,0
3167,49,478,0
3168,49,701,0
3169,49,136,0
3170,49,668,0
3171,49,647,0
3172,49,35,0
3173,49,651,0
3174,49,211,0
3175,49,635,0
3176,49,420,0
3177,49,883,0
3178,49,467,0
3179,49,328,0
3180,49,876,0
3181,49,545,0
3182,49,389,0
3183,49,470,0
3184,49,6,0
3185,49,530,0
3186,49,72,0
3187,49,623,0
3188,49,452,0
3189,49,395,0
3190,49,349,0
3191,49,443,0
3192,49,279,0
3193,49,212,0
3194,49,873,0
3195,49,899,0
3196,49,451,0
3197,49,547,0
3198,49,429,0
3199,49,407,0
3200,49,2,0
3201,49,600,0
3202,49,21,0
3203,49,362,0
3204,49,628,0
3205,49,51,0
3206,49,107,0
3207,49,245,0
3208,49,167,0
3209,49,16,0
3210,49,149,0
3211,49,878,0
3212,49,459,0
3213,49,323,0
3214,49,292,0
3215,49,187,0
3216,49,153,0
3217,49,670,0
3218,49,316,0
3219,49,641,0
3220,49,66,0
3221,49,841,0
3222,49,454,0
3223,49,579,0
3224,49,406,0
3225,49,250,0
3226,49,321,0
3227,49,657,0
3228,49,457,0
3229,49,335,0
3230,49,301,0
3231,49,585,0
3232,49,715,0
3233,49,8,0
3234,49,296,0
3235,49,717,0
3236,49,428,0
3237,49,618,0
3238,49,3,0
3239,49,845,0
3240,49,198,0
3241,49,434,0
3242,49,293,0
3243,49,239,0
3244,49,102,0
3245,49,343,0
3246,49,310,0
3247,49,313,0
3248,49,494,0
3249,49,768,0
3250,49,33,0
3251,49,89,0
3252,49,65,0
3253,49,818,0
3254,49,128,0
3255,49,906,0
3256,49,595,0
3257,49,695,0
3258,49,241,0
3259,49,589,0
3260,49,704,0
3261,49,834,0
3262,49,566,0
3263,49,616,0
3264,49,697,0
3265,49,423,0
3266,49,120,0
3267,49,529,0
3268,49,54,0
3269,49,430,0
3270,49,795,0
3271,49,413,0
3272,49,575,0
3273,49,34,0
3274,49,718,0
3275,49,104,0
3276,49,495,0
3277,49,884,0
3278,49,226,0
3279,49,325,0
3280,49,759,0
3281,49,806,0
3282,49,162,0
3283,49,426,0
3284,49,272,0
3285,49,501,0
3286,49,141,0
3287,49,97,0
3288,49,48,0
3289,49,194,0
3290,49,720,0
3291,49,77,0
3292,49,237,0
3293,49,437,0
3294,49,576,0
3295,49,410,0
3296,49,217,0
3297,49,461,0
3298,49,608,0
3299,49,489,0
3300,49,13,0
3301,49,528,0
3302,49,230,0
3303,49,139,0
3304,49,712,0
3305,49,796,0
3306,49,370,0
3307,49,794,0
3308,49,319,0
3309,49,601,0
3310,49,182,0
3311,49,91,0
3312,49,138,0
3313,49,247,0
3314,49,682,0
3315,49,751,0
3316,49,26,0
3317,49,867,0
3318,49,199,0
3319,49,448,0
3320,49,248,0
3321,49,330,0
3322,49,838,0
3323,49,86,0
3324,49,633,0
3325,49,874,0
3326,49,125,0
3327,49,161,0
3328,49,709,0
3329,49,517,0
3330,49,178,0
3331,49,778,0
3332,49,15,0
3333,49,79,0
3334,49,84,0
3335,49,460,0
3336,49,364,0
3337,49,619,0
3338,49,798,0
3339,49,791,0
3340,49,573,0
3341,49,329,0
3342,49,638,0
3343,49,857,0
3344,49,135,0
3345,49,815,0
3346,49,514,0
3347,49,469,0
3348,49,811,0
3349,49,231,0
3350,49,258,0
3351,49,386,0
3352,49,894,0
3353,49,365,0
3354,49,130,0
3355,49,571,0
3356,49,92,0
3357,49,645,0
3358,49,503,0
3359,49,81,0
3360,49,289,0
3361,49,210,0
3362,49,122,0
3363,49,699,0
3364,49,358,0
3365,49,560,0
3366,49,390,0
3367,49,228,0
3368,49,764,0
3369,49,705,0
3370,49,594,0
3371,49,238,0
3372,49,509,0
3373,49,762,0
3374,49,175,0
3375,49,724,0
3376,49,577,0
3377,49,850,0
3378,49,339,0
3379,49,776,0
3380,49,76,0
3381,49,402,0
3382,49,779,0
3383,49,446,0
3384,49,392,0
3385,49,864,0
3386,49,160,0
3387,49,775,0
3388,49,98,0
3389,49,581,0
3390,49,124,0
3391,49,491,0
3392,49,790,0
3393,49,73,0
3394,49,486,0
3395,49,780,0
3396,49,603,0
3397,49,687,0
3398,49,754,0
3399,49,771,0
3400,49,624,0
3401,49,694,0
3402,49,810,0
3403,49,593,0
3404,49,431,0
3405,49,56,0
3406,49,692,0
3407,49,885,0
3408,49,338,0
3409,49,219,0
3410,49,320,0
3411,49,742,0
3412,49,518,0
3413,49,557,0
3414,49,267,0
3415,49,150,0
3416,49,254,0
3417,49,169,0
3418,49,774,0
3419,49,563,0
3420,49,347,0
3421,49,690,0
3422,49,812,0
3423,49,543,0
3424,49,631,0
3425,49,476,0
3426,49,667,0
3427,49,487,0
3428,49,642,0
3429,49,298,0
3430,49,802,0
3431,49,322,0
3432,49,640,0
3433,49,148,0
3434,49,745,0
3435,49,286,0
3436,49,235,0
3437,49,590,0
3438,49,436,0
3439,49,500,0
3440,49,569,0
3441,49,80,0
3442,49,484,0
3443,49,536,0
3444,49,83,0
3445,49,105,0
3446,49,75,0
3447,49,342,0
3448,49,45,0
3449,49,666,0
3450,49,400,0
3451,49,408,0
3452,49,674,0
3453,49,145,0
3454,49,542,0
3455,49,825,0
3456,49,456,0
3457,49,799,0
3458,49,903,0
3459,49,154,0
3460,49,907,0
3461,49,816,0
3462,49,341,0
3463,49,177,0
3464,49,47,0
3465,49,200,0
3466,49,466,0
3467,49,627,0
3468,49,630,0
3469,49,371,0
3470,49,729,0
3471,49,441,0
3472,49,735,0
3473,49,686,0
3474,49,348,0
3475,49,828,0
3476,49,888,0
3477,49,652,0
3478,49,556,0
3479,49,831,0
3480,49,572,0
3481,49,661,0
3482,49,59,0
3483,49,108,0
3484,49,415,0
3485,49,94,0
3486,49,123,0
3487,49,592,0
3488,49,207,0
3489,49,801,0
3490,49,539,0
3491,49,739,0
3492,49,803,0
3493,49,269,0
3494,49,19,0
3495,49,201,0
3496,49,725,0
3497,49,656,0
3498,49,202,0
3499,49,800,0
3500,49,597,0
3501,49,458,0
3502,49,367,0
3503,49,901,0
3504,49,797,0
3505,49,856,0
3506,49,190,0
3507,49,663,0
3508,49,860,0
3509,49,830,0
3510,49,151,0
3511,49,450,0
3512,49,143,0
3513,49,891,0
3514,49,822,0
3515,49,409,0
3516,49,111,0
3517,49,740,0
3518,49,262,0
3519,49,752,0
3520,49,596,0
3521,49,835,0
3522,49,58,0
3523,49,317,0
3524,49,411,0
3525,49,361,0
3526,49,37,0
3527,49,848,0
3528,49,855,0
3529,49,158,0
3530,49,772,0
3531,49,63,0
3532,49,591,0
3533,49,399,0
3534,49,360,0
3535,49,703,0
3536,49,393,0
3537,49,490,0
3538,49,681,0
3539,49,379,0
3540,49,533,0
3541,49,808,0
3542,49,129,0
3543,49,324,0
3544,49,405,0
3545,49,480,0
3546,49,195,0
3547,49,281,0
3548,49,261,0
3549,49,233,0
3550,49,714,0
3551,49,350,0
3552,49,648,0
3553,49,669,0
3554,49,629,0
3555,49,412,0
3556,49,510,0
3557,49,179,0
3558,49,221,0
3559,49,614,0
3560,49,551,0
3561,49,854,0
3562,49,869,0
3563,49,427,0
3564,49,439,0
3565,49,265,0
3566,49,309,0
3567,49,257,0
3568,49,78,0
3569,49,747,0
3570,49,383,0
3571,49,584,0
3572,49,93,0
3573,49,763,0
3574,49,173,0
3575,49,832,0
3576,49,255,0
3577,49,767,0
3578,49,357,0
3579,49,464,0
3580,49,809,0
3581,49,710,0
3582,49,41,0
3583,49,482,0
3584,49,691,0
3585,49,821,0
3586,49,463,0
3587,49,508,0
3588,49,734,0
3589,49,442,0
3590,49,184,0
3591,49,345,0
3592,49,277,0
3593,49,455,0
3594,49,846,0
3595,49,679,0
3596,49,506,0
3597,49,191,0
3598,49,114,0
3599,49,777,0
3600,49,372,0
3601,49,672,0
3602,49,346,0
3603,49,875,0
3604,49,568,0
3605,49,793,0
3606,49,826,0
3607,49,183,0
3608,49,756,0
3609,49,524,0
3610,49,785,0
3611,49,297,0
3612,49,295,0
3613,49,882,0
3614,49,236,0
3615,49,419,0
3616,49,887,0
3617,49,784,0
3618,49,132,0
3619,49,155,0
3620,49,82,0
3621,49,713,0
3622,49,908,0
3623,49,819,0
3624,49,38,0
3625,49,535,0
3626,49,881,0
3627,49,334,0
3628,49,730,0
3629,49,60,0
3630,49,520,0
3631,49,216,0
3632,49,39,0
3633,49,553,0
3634,49,142,0
3635,49,67,0
3636,49,276,0
3637,49,877,0
3638,49,74,0
3639,49,468,0
3640,49,62,0
3641,49,133,0
3642,49,110,0
3643,49,865,0
3644,49,283,0
3645,49,559,0
3646,49,354,0
3647,49,447,0
3648,49,40,0
3649,49,274,0
3650,49,485,0
3651,49,677,0
3652,49,31,0
3653,49,788,0
3654,49,472,0
3655,49,544,0
3656,49,769,0
3657,49,156,0
3658,49,636,0
3659,49,374,0
3660,49,109,0
3661,49,900,0
3662,49,612,0
3663,49,337,0
3664,49,847,0
3665,49,259,0
3666,49,368,0
3667,49,886,0
3668,49,836,0
3669,49,225,0
3670,49,305,0
3671,49,44,0
3672,49,57,0
3673,49,307,0
3674,49,180,0
3675,49,163,0
3676,49,765,0
3677,49,892,0
3678,49,222,0
3679,49,655,0
3680,49,340,0
3681,49,203,0
3682,49,650,0
3683,49,208,0
3684,49,152,0
3685,49,291,0
3686,49,387,0
3687,49,505,0
3688,49,453,0
3689,49,474,0
3690,49,662,0
3691,49,615,0
3692,49,353,0
3693,49,693,0
3694,49,773,0
3695,49,849,0
3696,49,288,0
3697,49,4,0
3698,49,599,0
3699,49,314,0
3700,49,204,0
3701,49,223,0
3702,49,786,0
3703,49,893,0
3704,49,197,0
3705,49,165,0
3706,49,757,0
3707,49,424,0
3708,49,523,0
3709,49,363,0
3710,49,95,0
3711,49,24,0
3712,49,146,0
3713,49,278,0
3714,49,707,0
3715,49,895,0
3716,49,7,0
3717,49,186,0
3718,49,126,0
3719,49,70,0
3720,49,159,0
3721,49,605,0
3722,49,649,0
3723,49,897,0
3724,49,101,0
3725,49,549,0
3726,49,147,0
3727,49,761,0
3728,49,554,0
3729,49,513,0
3730,49,702,0
3731,49,562,0
3732,49,574,0
3733,49,391,0
3734,49,234,0
3735,49,685,0
3736,49,755,0
3737,49,721,0
3738,49,522,0
3739,49,519,0
3740,49,613,0
3741,49,249,0
3742,49,42,0
3743,49,256,0
3744,49,118,0
3745,49,632,0
3746,49,498,0
3747,56,890,0
3748,56,671,0
3749,56,169,0
3750,56,3,0
3751,56,691,0
3752,56,57,0
3753,56,834,0
3754,56,104,0
3755,56,842,0
3756,56,197,0
3757,56,372,0
3758,56,309,0
3759,56,162,0
3760,56,645,0
3761,56,265,0
3762,56,732,0
3763,56,81,0
3764,56,103,0
3765,56,426,0
3766,56,753,0
3767,56,407,0
3768,56,706,0
3769,56,218,0
3770,56,898,0
3771,56,595,0
3772,56,455,0
3773,56,438,0
3774,56,181,0
3775,56,278,0
3776,56,473,0
3777,56,905,0
3778,56,603,0
3779,56,863,0
3780,56,180,0
3781,56,553,0
3782,56,272,0
3783,56,783,0
3784,56,157,0
3785,56,224,0
3786,56,661,0
3787,56,431,0
3788,56,349,0
3789,56,812,0
3790,56,142,0
3791,56,844,0
3792,56,167,0
3793,56,854,0
3794,56,1,0
3795,56,164,0
3796,56,818,0
3797,56,629,0
3798,56,69,0
3799,56,320,0
3800,56,674,0
3801,56,17,0
3802,56,786,0
3803,56,269,0
3804,56,449,0
3805,56,729,0
3806,56,533,0
3807,56,878,0
3808,56,120,0
3809,56,877,0
3810,56,520,0
3811,56,336,0
3812,56,201,0
3813,56,310,0
3814,56,198,0
3815,56,59,0
3816,56,149,0
3817,56,400,0
3818,56,796,0
3819,56,868,0
3820,56,649,0
3821,56,36,0
3822,56,444,0
3823,56,54,0
3824,56,869,0
3825,56,564,0
3826,56,699,0
3827,56,235,0
3828,56,583,0
3829,56,704,0
3830,56,575,0
3831,56,620,0
3832,56,305,0
3833,56,580,0
3834,56,821,0
3835,56,394,0
3836,56,429,0
3837,56,806,0
3838,56,31,0
3839,56,658,0
3840,56,279,0
3841,56,746,0
3842,56,331,0
3843,56,425,0
3844,56,417,0
3845,56,386,0
3846,56,261,0
3847,56,362,0
3848,56,78,0
3849,56,752,0
3850,56,831,0
3851,56,491,0
3852,56,352,0
3853,56,380,0
3854,56,390,0
3855,56,114,0
3856,56,66,0
3857,56,598,0
3858,56,852,0
3859,56,740,0
3860,56,107,0
3861,56,695,0
3862,56,751,0
3863,56,221,0
3864,56,893,0
3865,56,565,0
3866,56,882,0
3867,56,628,0
3868,56,266,0
3869,56,194,0
3870,56,712,0
3871,56,897,0
3872,56,41,0
3873,56,453,0
3874,56,809,0
3875,56,571,0
3876,56,758,0
3877,56,30,0
3878,56,52,0
3879,56,716,0
3880,56,714,0
3881,56,347,0
3882,56,538,0
3883,56,242,0
3884,56,34,0
3885,56,640,0
3886,56,421,0
3887,56,247,0
3888,56,600,0
3889,56,47,0
3890,56,829,0
3891,56,376,0
3892,56,524,0
3893,56,428,0
3894,56,788,0
3895,56,196,0
3896,56,113,0
3897,56,688,0
3898,56,613,0
3899,56,718,0
3900,56,213,0
3901,56,18,0
3902,56,442,0
3903,56,906,0
3904,56,513,0
3905,56,599,0
3906,56,907,0
3907,56,85,0
3908,56,129,0
3909,56,828,0
3910,56,543,0
3911,56,889,0
3912,56,340,0
3913,56,148,0
3914,56,682,0
3915,56,286,0
3916,56,161,0
3917,56,465,0
3918,56,273,0
3919,56,327,0
3920,56,662,0
3921,56,739,0
3922,56,848,0
3923,56,472,0
3924,56,106,0
3925,56,416,0
3926,56,811,0
3927,56,139,0
3928,56,9,0
3929,56,573,0
3930,56,335,0
3931,56,711,0
3932,56,60,0
3933,56,208,0
3934,56,625,0
3935,56,825,0
3936,56,276,0
3937,56,117,0
3938,56,776,0
3939,56,475,0
3940,56,584,0
3941,56,466,0
3942,56,659,0
3943,56,490,0
3944,56,174,0
3945,56,304,0
3946,56,223,0
3947,56,23,0
3948,56,720,0
3949,56,519,0
3950,56,249,0
3951,56,827,0
3952,56,61,0
3953,56,358,0
3954,56,211,0
3955,56,484,0
3956,56,738,0
3957,56,255,0
3958,56,678,0
3959,56,544,0
3960,56,377,0
3961,56,98,0
3962,56,260,0
3963,56,685,0
3964,56,189,0
3965,56,324,0
3966,56,730,0
3967,56,476,0
3968,56,582,0
3969,56,8,0
3970,56,690,0
3971,56,587,0
3972,56,559,0
3973,56,67,0
3974,56,233,0
3975,56,633,0
3976,56,637,0
3977,56,338,0
3978,56,713,0
3979,56,859,0
3980,56,430,0
3981,56,733,0
3982,56,58,0
3983,56,594,0
3984,56,296,0
3985,56,892,0
3986,56,677,0
3987,56,451,0
3988,56,895,0
3989,56,121,0
3990,56,50,0
3991,56,228,0
3992,56,166,0
3993,56,479,0
3994,56,697,0
3995,56,556,0
3996,56,454,0
3997,56,332,0
3998,56,396,0
3999,56,413,0
4000,56,669,0
4001,56,227,0
4002,56,537,0
4003,56,82,0
4004,56,546,0
4005,56,541,0
4006,56,457,0
4007,56,289,0
4008,56,353,0
4009,56,154,0
4010,56,415,0
4011,56,619,0
4012,56,268,0
4013,56,469,0
4014,56,832,0
4015,56,836,0
4016,56,592,0
4017,56,643,0
4018,56,867,0
4019,56,241,0
4020,56,845,0
4021,56,766,0
4022,56,557,0
4023,56,292,0
4024,56,14,0
4025,56,721,0
4026,56,482,0
4027,56,236,0
4028,56,280,0
4029,56,606,0
4030,56,864,0
4031,56,800,0
4032,56,904,0
4033,56,379,0
4034,56,348,0
4035,56,132,0
4036,56,617,0
4037,56,861,0
4038,56,187,0
4039,56,159,0
4040,56,728,0
4041,56,642,0
4042,56,679,0
4043,56,673,0
4044,56,561,0
4045,56,492,0
4046,56,423,0
4047,56,833,0
4048,56,109,0
4049,56,420,0
4050,56,463,0
4051,56,657,0
4052,56,259,0
4053,56,901,0
4054,56,96,0
4055,56,258,0
4056,56,737,0
4057,56,368,0
4058,56,427,0
4059,56,762,0
4060,56,816,0
4061,56,515,0
4062,56,724,0
4063,56,5,0
4064,56,554,0
4065,56,225,0
4066,56,136,0
4067,56,650,0
4068,56,526,0
4069,56,909,0
4070,56,664,0
4071,56,837,0
4072,56,567,0
4073,56,13,0
4074,56,529,0
4075,56,445,0
4076,56,80,0
4077,56,317,0
4078,56,356,0
4079,56,681,0
4080,56,112,0
4081,56,128,0
4082,56,568,0
4083,56,144,0
4084,56,539,0
4085,56,528,0
4086,56,646,0
4087,56,79,0
4088,56,441,0
4089,56,118,0
4090,56,522,0
4091,56,182,0
4092,56,572,0
4093,56,245,0
4094,56,277,0
4095,56,514,0
4096,56,887,0
4097,56,122,0
4098,56,378,0
4099,56,35,0
4100,56,851,0
4101,56,39,0
4102,56,325,0
4103,56,275,0
4104,56,760,0
4105,56,214,0
4106,56,257,0
4107,56,240,0
4108,56,395,0
4109,56,830,0
4110,56,850,0
4111,56,313,0
4112,56,111,0
4113,56,253,0
4114,56,75,0
4115,56,545,0
4116,56,263,0
4117,56,819,0
4118,56,801,0
4119,56,815,0
4120,56,460,0
4121,56,875,0
4122,56,447,0
4123,56,360,0
4124,56,16,0
4125,56,702,0
4126,56,769,0
4127,56,99,0
4128,56,406,0
4129,56,262,0
4130,56,244,0
4131,56,363,0
4132,56,10,0
4133,56,615,0
4134,56,609,0
4135,56,155,0
4136,56,765,0
4137,56,369,0
4138,56,51,0
4139,56,703,0
4140,56,246,0
4141,56,108,0
4142,56,527,0
4143,56,770,0
4144,56,199,0
4145,56,735,0
4146,56,653,0
4147,56,884,0
4148,56,542,0
4149,56,857,0
4150,56,810,0
4151,56,151,0
4152,56,371,0
4153,56,734,0
4154,56,458,0
4155,56,373,0
4156,56,483,0
4157,56,612,0
4158,56,306,0
4159,56,670,0
4160,56,383,0
4161,56,271,0
4162,56,719,0
4163,56,401,0
4164,56,805,0
4165,56,355,0
4166,56,200,0
4167,56,562,0
4168,56,2,0
4169,56,849,0
4170,56,808,0
4171,56,370,0
4172,56,871,0
4173,56,749,0
4174,56,297,0
4175,56,838,0
4176,56,26,0
4177,56,230,0
4178,56,72,0
4179,56,432,0
4180,56,193,0
4181,56,536,0
4182,56,399,0
4183,56,439,0
4184,56,74,0
4185,62,899,0
4186,62,295,0
4187,62,542,0
4188,62,289,0
4189,62,120,0
4190,62,552,0
4191,62,80,0
4192,62,10,0
4193,62,705,0
4194,62,39,0
4195,62,189,0
4196,62,490,0
4197,62,475,0
4198,62,685,0
4199,62,432,0
4200,62,207,0
4201,62,832,0
4202,62,669,0
4203,62,458,0
4204,62,286,0
4205,62,369,0
4206,62,319,0
4207,62,700,0
4208,62,11,0
4209,62,588,0
4210,62,304,0
4211,62,824,0
4212,62,873,0
4213,62,350,0
4214,62,513,0
4215,62,158,0
4216,62,217,0
4217,62,300,0
4218,62,459,0
4219,62,32,0
4220,62,360,0
4221,62,795,0
4222,62,307,0
4223,62,536,0
4224,62,594,0
4225,62,77,0
4226,62,806,0
4227,62,27,0
4228,62,416,0
4229,62,93,0
4230,62,583,0
4231,62,491,0
4232,62,354,0
4233,62,711,0
4234,62,249,0
4235,62,206,0
4236,62,215,0
4237,62,746,0
4238,62,359,0
4239,62,290,0
4240,62,482,0
4241,62,228,0
4242,62,235,0
4243,62,551,0
4244,62,768,0
4245,62,849,0
4246,62,631,0
4247,62,370,0
4248,62,201,0
4249,62,145,0
4250,62,187,0
4251,62,556,0
4252,62,681,0
4253,62,710,0
4254,62,738,0
4255,62,23,0
4256,62,649,0
4257,62,663,0
4258,62,699,0
4259,62,570,0
4260,62,472,0
4261,62,420,0
4262,62,905,0
4263,62,653,0
4264,62,364,0
4265,62,270,0
4266,62,367,0
4267,62,598,0
4268,62,268,0
4269,62,557,0
4270,62,882,0
4271,62,284,0
4272,62,628,0
4273,62,129,0
4274,62,909,0
4275,62,637,0
4276,62,31,0
4277,62,659,0
4278,62,169,0
4279,62,783,0
4280,62,584,0
4281,62,305,0
4282,62,191,0
4283,62,751,0
4284,62,342,0
4285,62,121,0
4286,62,3,0
4287,62,208,0
4288,62,246,0
4289,62,840,0
4290,62,662,0
4291,62,683,0
4292,62,677,0
4293,62,325,0
4294,62,532,0
4295,62,280,0
4296,62,355,0
4297,62,240,0
4298,62,337,0
4299,62,479,0
4300,62,219,0
4301,62,279,0
4302,62,301,0
4303,62,606,0
4304,62,282,0
4305,62,786,0
4306,62,182,0
4307,62,222,0
4308,62,464,0
4309,62,118,0
4310,62,875,0
4311,62,515,0
4312,62,170,0
4313,62,434,0
4314,62,625,0
4315,62,801,0
4316,62,640,0
4317,62,259,0
4318,62,565,0
4319,62,682,0
4320,62,582,0
4321,62,247,0
4322,62,148,0
4323,62,347,0
4324,62,386,0
4325,62,291,0
4326,62,580,0
4327,62,861,0
4328,62,203,0
4329,62,567,0
4330,62,147,0
4331,62,520,0
4332,62,271,0
4333,62,372,0
4334,62,876,0
4335,62,13,0
4336,62,54,0
4337,62,829,0
4338,62,562,0
4339,62,469,0
4340,62,382,0
4341,62,595,0
4342,62,636,0
4343,62,2,0
4344,62,141,0
4345,62,213,0
4346,62,733,0
4347,62,233,0
4348,62,555,0
4349,62,601,0
4350,62,568,0
4351,62,522,0
4352,62,842,0
4353,62,242,0
4354,62,618,0
4355,62,94,0
4356,62,741,0
4357,62,762,0
4358,62,373,0
4359,62,726,0
4360,62,394,0
4361,62,181,0
4362,62,455,0
4363,62,84,0
4364,62,462,0
4365,62,439,0
4366,62,278,0
4367,62,131,0
4368,62,348,0
4369,62,113,0
4370,62,517,0
4371,62,903,0
4372,62,754,0
4373,62,728,0
4374,62,36,0
4375,62,753,0
4376,62,545,0
4377,62,863,0
4378,62,172,0
4379,62,415,0
4380,62,573,0
4381,62,790,0
4382,62,780,0
4383,62,413,0
4384,62,802,0
4385,62,273,0
4386,62,87,0
4387,62,53,0
4388,62,225,0
4389,62,143,0
4390,62,648,0
4391,62,838,0
4392,62,857,0
4393,62,845,0
4394,62,447,0
4395,62,898,0
4396,62,706,0
4397,62,335,0
4398,62,825,0
4399,62,102,0
4400,62,149,0
4401,62,650,0
4402,62,512,0
4403,62,14,0
4404,62,476,0
4405,62,635,0
4406,62,803,0
4407,62,99,0
4408,62,262,0
4409,62,105,0
4410,62,428,0
4411,62,79,0
4412,62,809,0
4413,62,739,0
4414,62,133,0
4415,62,500,0
4416,62,521,0
4417,62,429,0
4418,62,638,0
4419,62,881,0
4420,62,643,0
4421,62,725,0
4422,62,835,0
4423,62,493,0
4424,62,690,0
4425,62,309,0
4426,62,209,0
4427,62,412,0
4428,62,645,0
4429,62,864,0
4430,62,560,0
4431,62,478,0
4432,62,538,0
4433,62,317,0
4434,62,778,0
4435,62,807,0
4436,62,518,0
4437,62,146,0
4438,62,756,0
4439,62,760,0
4440,62,709,0
4441,62,877,0
4442,62,214,0
4443,62,422,0
4444,62,265,0
4445,62,42,0
4446,62,302,0
4447,62,600,0
4448,62,501,0
4449,62,324,0
4450,62,81,0
4451,62,657,0
4452,62,162,0
4453,62,729,0
4454,62,531,0
4455,62,702,0
4456,62,884,0
4457,62,612,0
4458,62,405,0
4459,62,254,0
4460,62,331,0
4461,62,363,0
4462,62,887,0
4463,62,296,0
4464,62,245,0
4465,62,197,0
4466,62,40,0
4467,62,404,0
4468,62,810,0
4469,62,587,0
4470,62,775,0
4471,62,257,0
4472,62,371,0
4473,62,794,0
4474,62,869,0
4475,62,745,0
4476,62,227,0
4477,62,721,0
4478,62,550,0
4479,62,695,0
4480,62,287,0
4481,62,492,0
4482,62,456,0
4483,62,793,0
4484,62,718,0
4485,62,908,0
4486,62,6,0
4487,62,200,0
4488,62,541,0
4489,62,108,0
4490,62,56,0
4491,62,484,0
4492,62,136,0
4493,62,311,0
4494,62,771,0
4495,62,816,0
4496,62,37,0
4497,62,334,0
4498,62,153,0
4499,62,421,0
4500,62,123,0
4501,62,461,0
4502,62,21,0
4503,62,750,0
4504,62,391,0
4505,62,497,0
4506,62,72,0
4507,62,453,0
4508,62,678,0
4509,62,144,0
4510,62,157,0
4511,62,623,0
4512,62,202,0
4513,62,734,0
4514,62,617,0
4515,62,326,0
4516,62,833,0
4517,62,332,0
4518,62,828,0
4519,62,436,0
4520,62,506,0
4521,62,66,0
4522,62,879,0
4523,62,179,0
4524,62,554,0
4525,62,854,0
4526,62,362,0
4527,62,308,0
4528,62,356,0
4529,62,380,0
4530,62,689,0
4531,62,195,0
4532,62,48,0
4533,62,798,0
4534,62,822,0
4535,62,449,0
4536,62,837,0
4537,62,338,0
4538,62,604,0
4539,62,749,0
4540,62,626,0
4541,62,895,0
4542,62,543,0
4543,62,107,0
4544,62,549,0
4545,62,101,0
4546,62,126,0
4547,62,74,0
4548,62,698,0
4549,62,615,0
4550,62,773,0
4551,62,124,0
4552,62,808,0
4553,62,366,0
4554,62,765,0
4555,62,403,0
4556,62,109,0
4557,62,128,0
4558,62,314,0
4559,62,365,0
4560,62,430,0
4561,62,67,0
4562,110,677,0
4563,110,148,0
4564,110,101,0
4565,110,601,0
4566,110,747,0
4567,110,276,0
4568,110,868,0
4569,110,541,0
4570,110,750,0
4571,110,714,0
4572,110,16,0
4573,110,772,0
4574,110,784,0
4575,110,844,0
4576,110,833,0
4577,110,457,0
4578,110,620,0
4579,110,354,0
4580,110,144,0
4581,110,23,0
4582,110,223,0
4583,110,201,0
4584,110,209,0
4585,110,429,0
4586,110,295,0
4587,110,262,0
4588,110,574,0
4589,110,556,0
4590,110,768,0
4591,110,416,0
4592,110,234,0
4593,110,863,0
4594,110,291,0
4595,110,870,0
4596,110,215,0
4597,110,770,0
4598,110,326,0
4599,110,431,0
4600,110,786,0
4601,110,314,0
4602,110,625,0
4603,110,394,0
4604,110,548,0
4605,110,778,0
4606,110,775,0
4607,110,619,0
4608,110,835,0
4609,110,373,0
4610,110,728,0
4611,110,686,0
4612,110,232,0
4613,110,557,0
4614,110,292,0
4615,110,491,0
4616,110,689,0
4617,110,845,0
4618,110,356,0
4619,110,633,0
4620,110,454,0
4621,110,177,0
4622,110,353,0
4623,110,22,0
4624,110,213,0
4625,110,348,0
4626,110,501,0
4627,110,66,0
4628,110,361,0
4629,110,422,0
4630,110,685,0
4631,110,19,0
4632,110,565,0
4633,110,242,0
4634,110,93,0
4635,110,706,0
4636,110,763,0
4637,110,403,0
4638,110,191,0
4639,110,409,0
4640,110,428,0
4641,110,720,0
4642,110,526,0
4643,110,162,0
4644,110,484,0
4645,110,610,0
4646,110,194,0
4647,110,857,0
4648,110,320,0
4649,110,48,0
4650,110,562,0
4651,110,690,0
4652,110,477,0
4653,110,113,0
4654,110,371,0
4655,110,181,0
4656,110,418,0
4657,110,813,0
4658,110,449,0
4659,110,413,0
4660,110,657,0
4661,110,488,0
4662,110,568,0
4663,110,308,0
4664,110,111,0
4665,110,777,0
4666,110,571,0
4667,110,404,0
4668,110,225,0
4669,110,161,0
4670,110,175,0
4671,110,253,0
4672,110,563,0
4673,110,38,0
4674,110,798,0
4675,110,812,0
4676,110,179,0
4677,110,67,0
4678,110,303,0
4679,110,437,0
4680,110,155,0
4681,110,493,0
4682,110,245,0
4683,110,103,0
4684,110,606,0
4685,110,167,0
4686,110,414,0
4687,110,12,0
4688,110,297,0
4689,110,268,0
4690,110,802,0
4691,110,540,0
4692,110,889,0
4693,110,335,0
4694,110,271,0
4695,110,897,0
4696,110,595,0
4697,110,895,0
4698,110,588,0
4699,110,654,0
4700,110,473,0
4701,110,369,0
4702,110,3,0
4703,110,512,0
4704,110,887,0
4705,110,875,0
4706,110,650,0
4707,110,99,0
4708,110,854,0
4709,110,352,0
4710,110,382,0
4711,110,734,0
4712,110,125,0
4713,110,415,0
4714,110,372,0
4715,110,830,0
4716,110,722,0
4717,110,458,0
4718,110,343,0
4719,110,412,0
4720,110,360,0
4721,110,536,0
4722,110,499,0
4723,110,698,0
4724,110,81,0
4725,110,40,0
4726,110,195,0
4727,110,702,0
4728,110,532,0
4729,110,463,0
4730,110,528,0
4731,110,427,0
4732,110,359,0
4733,110,214,0
4734,110,834,0
4735,110,900,0
4736,110,226,0
4737,110,233,0
4738,110,218,0
4739,110,112,0
4740,110,357,0
4741,110,849,0
4742,110,272,0
4743,110,469,0
4744,110,337,0
4745,110,533,0
4746,110,877,0
4747,110,691,0
4748,110,397,0
4749,110,609,0
4750,110,392,0
4751,110,683,0
4752,110,589,0
4753,110,653,0
4754,110,605,0
4755,110,788,0
4756,110,0,0
4757,110,883,0
4758,110,531,0
4759,110,783,0
4760,110,300,0
4761,110,487,0
4762,110,746,0
4763,110,739,0
4764,110,244,0
4765,110,692,0
4766,110,137,0
4767,110,197,0
4768,110,773,0
4769,110,131,0
4770,110,15,0
4771,110,878,0
4772,110,582,0
4773,110,797,0
4774,110,820,0
4775,110,366,0
4776,110,603,0
4777,110,642,0
4778,110,776,0
4779,110,207,0
4780,110,573,0
4781,110,185,0
4782,110,187,0
4783,110,220,0
4784,110,129,0
4785,110,399,0
4786,110,661,0
4787,110,280,0
4788,110,538,0
4789,110,866,0
4790,110,890,0
4791,110,401,0
4792,110,872,0
4793,110,44,0
4794,110,379,0
4795,110,853,0
4796,110,140,0
4797,110,198,0
4798,110,637,0
4799,110,688,0
4800,110,846,0
4801,110,14,0
4802,110,478,0
4803,110,485,0
4804,110,824,0
4805,110,553,0
4806,110,275,0
4807,110,518,0
4808,110,139,0
4809,110,345,0
4810,110,807,0
4811,110,561,0
4812,110,29,0
4813,110,279,0
4814,110,378,0
4815,110,648,0
4816,110,577,0
4817,110,513,0
4818,110,260,0
4819,110,492,0
4820,110,257,0
4821,110,896,0
4822,110,171,0
4823,110,57,0
4824,110,733,0
4825,110,246,0
4826,110,856,0
4827,110,612,0
4828,110,486,0
4829,110,805,0
4830,110,229,0
4831,110,134,0
4832,110,700,0
4833,110,483,0
4834,110,598,0
4835,110,663,0
4836,110,703,0
4837,110,861,0
4838,110,334,0
4839,110,108,0
4840,110,629,0
4841,110,799,0
4842,110,8,0
4843,110,636,0
4844,110,270,0
4845,110,735,0
4846,110,347,0
4847,110,611,0
4848,110,254,0
4849,110,628,0
4850,110,522,0
4851,110,837,0
4852,110,520,0
4853,110,780,0
4854,110,152,0
4855,110,147,0
4856,110,4,0
4857,110,188,0
4858,110,107,0
4859,110,554,0
4860,110,748,0
4861,110,267,0
4862,110,306,0
4863,110,482,0
4864,110,524,0
4865,110,817,0
4866,110,790,0
4867,110,731,0
4868,110,596,0
4869,110,321,0
4870,110,249,0
4871,110,5,0
4872,110,552,0
4873,110,519,0
4874,110,42,0
4875,110,75,0
4876,110,393,0
4877,110,696,0
4878,110,713,0
4879,110,281,0
4880,110,873,0
4881,110,584,0
4882,110,1,0
4883,110,455,0
4884,110,710,0
4885,110,363,0
4886,110,847,0
4887,110,351,0
4888,110,274,0
4889,110,316,0
4890,110,665,0
4891,110,248,0
4892,110,222,0
4893,110,884,0
4894,110,729,0
4895,110,405,0
4896,110,150,0
4897,110,331,0
4898,110,420,0
4899,110,2,0
4900,110,21,0
4901,110,474,0
4902,110,370,0
4903,110,851,0
4904,110,741,0
4905,110,676,0
4906,110,695,0
4907,110,869,0
4908,110,13,0
4909,110,816,0
4910,110,126,0
4911,110,880,0
4912,110,176,0
4913,110,521,0
4914,110,37,0
4915,110,336,0
4916,110,678,0
4917,110,383,0
4918,110,287,0
4919,110,228,0
4920,110,83,0
4921,110,618,0
4922,110,193,0
4923,110,89,0
4924,110,514,0
4925,110,590,0
4926,110,727,0
4927,110,39,0
4928,110,183,0
4929,110,630,0
4930,110,758,0
4931,110,546,0
4932,110,54,0
4933,110,779,0
4934,110,893,0
4935,110,261,0
4936,110,45,0
4937,110,247,0
4938,110,697,0
4939,110,402,0
4940,110,118,0
4941,110,265,0
4942,110,789,0
4943,175,686,0
4944,175,42,0
4945,175,409,0
4946,175,82,0
4947,175,197,0
4948,175,774,0
4949,175,3,0
4950,175,181,0
4951,175,437,0
4952,175,725,0
4953,175,352,0
4954,175,721,0
4955,175,14,0
4956,175,381,0
4957,175,404,0
4958,175,148,0
4959,175,691,0
4960,175,198,0
4961,175,683,0
4962,175,120,0
4963,175,709,0
4964,175,611,0
4965,175,297,0
4966,175,201,0
4967,175,419,0
4968,175,67,0
4969,175,118,0
4970,175,153,0
4971,175,372,0
4972,175,819,0
4973,175,870,0
4974,175,103,0
4975,175,55,0
4976,175,711,0
4977,175,262,0
4978,175,652,0
4979,175,827,0
4980,175,129,0
4981,175,528,0
4982,175,379,0
4983,175,316,0
4984,175,327,0
4985,175,157,0
4986,175,123,0
4987,175,818,0
4988,175,637,0
4989,175,758,0
4990,175,317,0
4991,175,744,0
4992,175,447,0
4993,175,681,0
4994,175,98,0
4995,175,484,0
4996,175,100,0
4997,175,329,0
4998,175,713,0
4999,175,348,0
5000,175,813,0
5001,175,812,0
5002,175,13,0
5003,175,656,0
5004,175,116,0
5005,175,135,0
5006,175,227,0
5007,175,890,0
5008,175,246,0
5009,175,305,0
5010,175,111,0
5011,175,1,0
5012,175,63,0
5013,175,657,0
5014,175,679,0
5015,175,883,0
5016,175,531,0
5017,175,341,0
5018,175,627,0
5019,175,482,0
5020,175,382,0
5021,175,176,0
5022,175,634,0
5023,175,794,0
5024,175,158,0
5025,175,172,0
5026,175,492,0
5027,175,756,0
5028,175,802,0
5029,175,242,0
5030,175,60,0
5031,175,745,0
5032,175,780,0
5033,175,292,0
5034,175,441,0
5035,175,622,0
5036,175,728,0
5037,175,299,0
5038,175,252,0
5039,175,266,0
5040,175,414,0
5041,175,862,0
5042,175,225,0
5043,175,301,0
5044,175,420,0
5045,175,125,0
5046,175,653,0
5047,175,824,0
5048,175,800,0
5049,175,38,0
5050,175,487,0
5051,175,781,0
5052,175,240,0
5053,175,72,0
5054,175,878,0
5055,175,524,0
5056,175,214,0
5057,175,845,0
5058,175,491,0
5059,175,778,0
5060,175,850,0
5061,175,525,0
5062,175,45,0
5063,175,273,0
5064,175,17,0
5065,175,650,0
5066,175,331,0
5067,175,353,0
5068,175,490,0
5069,175,250,0
5070,175,768,0
5071,175,505,0
5072,175,705,0
5073,175,274,0
5074,175,187,0
5075,175,506,0
5076,175,245,0
5077,175,516,0
5078,175,354,0
5079,175,249,0
5080,175,895,0
5081,175,602,0
5082,175,284,0
5083,175,144,0
5084,175,77,0
5085,175,430,0
5086,175,557,0
5087,175,670,0
5088,175,228,0
5089,175,879,0
5090,175,394,0
5091,175,20,0
5092,175,48,0
5093,175,646,0
5094,175,332,0
5095,175,615,0
5096,175,356,0
5097,175,169,0
5098,175,730,0
5099,175,147,0
5100,175,797,0
5101,175,718,0
5102,175,351,0
5103,175,826,0
5104,175,66,0
5105,175,36,0
5106,175,470,0
5107,175,608,0
5108,175,218,0
5109,175,600,0
5110,175,852,0
5111,175,488,0
5112,175,598,0
5113,175,260,0
5114,175,238,0
5115,175,704,0
5116,175,94,0
5117,175,712,0
5118,175,389,0
5119,175,43,0
5120,175,233,0
5121,175,89,0
5122,175,457,0
5123,175,213,0
5124,175,573,0
5125,175,126,0
5126,175,393,0
5127,175,57,0
5128,175,47,0
5129,175,754,0
5130,175,286,0
5131,175,182,0
5132,175,139,0
5133,175,307,0
5134,175,164,0
5135,175,390,0
5136,175,10,0
5137,175,900,0
5138,175,30,0
5139,175,788,0
5140,175,92,0
5141,175,283,0
5142,175,908,0
5143,175,902,0
5144,175,695,0
5145,175,654,0
5146,175,829,0
5147,175,775,0
5148,175,325,0
5149,175,645,0
5150,175,649,0
5151,175,357,0
5152,175,881,0
5153,175,614,0
5154,175,594,0
5155,175,399,0
5156,175,243,0
5157,175,113,0
5158,175,871,0
5159,175,21,0
5160,175,739,0
5161,175,783,0
5162,175,8,0
5163,175,676,0
5164,175,830,0
5165,175,703,0
5166,175,444,0
5167,175,479,0
5168,175,475,0
5169,175,450,0
5170,175,625,0
5171,175,346,0
5172,175,690,0
5173,175,367,0
5174,175,734,0
5175,175,595,0
5176,175,261,0
5177,175,107,0
5178,175,821,0
5179,175,542,0
5180,175,254,0
5181,175,751,0
5182,175,773,0
5183,175,350,0
5184,175,896,0
5185,175,904,0
5186,175,554,0
5187,175,99,0
5188,175,110,0
5189,175,617,0
5190,175,844,0
5191,175,663,0
5192,175,876,0
5193,175,180,0
5194,175,777,0
5195,175,607,0
5196,175,279,0
5197,175,454,0
5198,175,171,0
5199,175,400,0
5200,175,133,0
5201,175,149,0
5202,175,884,0
5203,175,239,0
5204,175,15,0
5205,175,56,0
5206,175,473,0
5207,175,832,0
5208,175,281,0
5209,175,392,0
5210,175,208,0
5211,175,582,0
5212,175,295,0
5213,175,613,0
5214,175,601,0
5215,175,452,0
5216,175,571,0
5217,175,161,0
5218,175,863,0
5219,175,597,0
5220,175,74,0
5221,175,545,0
5222,175,838,0
5223,175,207,0
5224,175,256,0
5225,175,150,0
5226,175,397,0
5227,175,583,0
5228,175,604,0
5229,175,769,0
5230,175,638,0
5231,175,550,0
5232,175,628,0
5233,175,481,0
5234,175,673,0
5235,175,823,0
5236,175,193,0
5237,175,798,0
5238,175,708,0
5239,175,579,0
5240,175,720,0
5241,175,539,0
5242,175,513,0
5243,175,544,0
5244,175,220,0
5245,175,28,0
5246,175,584,0
5247,175,386,0
5248,175,782,0
5249,175,648,0
5250,175,401,0
5251,175,621,0
5252,175,222,0
5253,175,285,0
5254,175,820,0
5255,175,458,0
5256,175,51,0
5257,175,425,0
5258,175,643,0
5259,175,195,0
5260,175,54,0
5261,175,97,0
5262,175,210,0
5263,175,517,0
5264,175,234,0
5265,175,363,0
5266,175,370,0
5267,175,543,0
5268,175,478,0
5269,175,78,0
5270,175,365,0
5271,175,140,0
5272,175,314,0
5273,175,541,0
5274,175,80,0
5275,187,203,0
5276,187,497,0
5277,187,578,0
5278,187,413,0
5279,187,272,0
5280,187,424,0
5281,187,297,0
5282,187,294,0
5283,187,90,0
5284,187,30,0
5285,187,505,0
5286,187,209,0
5287,187,171,0
5288,187,465,0
5289,187,823,0
5290,187,483,0
5291,187,415,0
5292,187,642,0
5293,187,279,0
5294,187,49,0
5295,187,546,0
5296,187,888,0
5297,187,722,0
5298,187,740,0
5299,187,119,0
5300,187,506,0
5301,187,215,0
5302,187,437,0
5303,187,738,0
5304,187,622,0
5305,187,668,0
5306,187,32,0
5307,187,323,0
5308,187,453,0
5309,187,623,0
5310,187,343,0
5311,187,421,0
5312,187,458,0
5313,187,868,0
5314,187,811,0
5315,187,480,0
5316,187,563,0
5317,187,18,0
5318,187,565,0
5319,187,715,0
5320,187,778,0
5321,187,520,0
5322,187,494,0
5323,187,322,0
5324,187,560,0
5325,187,743,0
5326,187,806,0
5327,187,793,0
5328,187,271,0
5329,187,697,0
5330,187,91,0
5331,187,517,0
5332,187,243,0
5333,187,292,0
5334,187,558,0
5335,187,579,0
5336,187,455,0
5337,187,330,0
5338,187,311,0
5339,187,67,0
5340,187,815,0
5341,187,451,0
5342,187,556,0
5343,187,780,0
5344,187,149,0
5345,187,832,0
5346,187,399,0
5347,187,327,0
5348,187,612,0
5349,187,903,0
5350,187,834,0
5351,187,714,0
5352,187,120,0
5353,187,184,0
5354,187,797,0
5355,187,283,0
5356,187,288,0
5357,187,428,0
5358,187,531,0
5359,187,326,0
5360,187,792,0
5361,187,849,0
5362,187,541,0
5363,187,461,0
5364,187,571,0
5365,187,182,0
5366,187,675,0
5367,187,591,0
5368,187,425,0
5369,187,240,0
5370,187,441,0
5371,187,110,0
5372,187,766,0
5373,187,640,0
5374,187,592,0
5375,187,628,0
5376,187,624,0
5377,187,127,0
5378,187,122,0
5379,187,370,0
5380,187,827,0
5381,187,261,0
5382,187,105,0
5383,187,768,0
5384,187,459,0
5385,187,205,0
5386,187,881,0
5387,187,9,0
5388,187,670,0
5389,187,574,0
5390,187,214,0
5391,187,290,0
5392,187,103,0
5393,187,646,0
5394,187,132,0
5395,187,763,0
5396,187,705,0
5397,187,270,0
5398,187,774,0
5399,187,448,0
5400,187,64,0
5401,187,213,0
5402,187,883,0
5403,187,880,0
5404,187,342,0
5405,187,536,0
5406,187,369,0
5407,187,77,0
5408,187,166,0
5409,187,528,0
5410,187,134,0
5411,187,130,0
5412,187,393,0
5413,187,711,0
5414,187,408,0
5415,187,804,0
5416,187,396,0
5417,187,348,0
5418,187,626,0
5419,187,595,0
5420,187,69,0
5421,187,654,0
5422,187,802,0
5423,187,71,0
5424,187,840,0
5425,187,895,0
5426,187,135,0
5427,187,829,0
5428,187,747,0
5429,187,317,0
5430,187,133,0
5431,187,852,0
5432,187,74,0
5433,187,301,0
5434,187,661,0
5435,187,151,0
5436,187,791,0
5437,187,498,0
5438,187,76,0
5439,187,678,0
5440,187,352,0
5441,187,24,0
5442,187,333,0
5443,187,109,0
5444,187,380,0
5445,187,255,0
5446,187,25,0
5447,187,893,0
5448,187,786,0
5449,187,2,0
5450,187,504,0
5451,187,729,0
5452,187,859,0
5453,187,267,0
5454,187,414,0
5455,187,760,0
5456,187,41,0
5457,187,839,0
5458,187,816,0
5459,187,250,0
5460,187,561,0
5461,187,527,0
5462,187,306,0
5463,187,552,0
5464,187,491,0
5465,187,190,0
5466,187,344,0
5467,187,334,0
5468,187,355,0
5469,187,386,0
5470,187,727,0
5471,187,486,0
5472,187,305,0
5473,187,228,0
5474,187,683,0
5475,187,40,0
5476,187,788,0
5477,187,777,0
5478,187,809,0
5479,187,68,0
5480,187,513,0
5481,187,533,0
5482,187,901,0
5483,187,830,0
5484,187,844,0
5485,187,176,0
5486,187,308,0
5487,187,155,0
5488,187,452,0
5489,187,607,0
5490,187,831,0
5491,187,752,0
5492,187,98,0
5493,187,296,0
5494,187,349,0
5495,187,507,0
5496,187,716,0
5497,187,318,0
5498,187,212,0
5499,187,898,0
5500,187,489,0
5501,187,478,0
5502,187,211,0
5503,187,647,0
5504,187,587,0
5505,187,183,0
5506,187,720,0
5507,187,167,0
5508,187,88,0
5509,187,629,0
5510,187,721,0
5511,187,419,0
5512,187,242,0
5513,187,391,0
5514,187,8,0
5515,187,492,0
5516,187,20,0
5517,187,863,0
5518,187,444,0
5519,187,460,0
5520,187,346,0
5521,187,632,0
5522,187,216,0
5523,187,398,0
5524,187,822,0
5525,187,433,0
5526,187,470,0
5527,187,522,0
5528,187,530,0
5529,187,568,0
5530,187,613,0
5531,187,124,0
5532,187,861,0
5533,187,27,0
5534,187,117,0
5535,187,65,0
5536,187,796,0
5537,187,253,0
5538,187,691,0
5539,187,106,0
5540,187,598,0
5541,187,751,0
5542,187,724,0
5543,187,635,0
5544,187,165,0
5545,187,197,0
5546,187,443,0
5547,187,139,0
5548,187,566,0
5549,187,790,0
5550,187,374,0
5551,187,339,0
5552,187,140,0
5553,187,387,0
5554,187,362,0
5555,187,89,0
5556,187,363,0
5557,187,819,0
5558,187,178,0
5559,187,223,0
5560,187,207,0
5561,187,509,0
5562,187,189,0
5563,187,474,0
5564,187,902,0
5565,187,681,0
5566,187,375,0
5567,187,249,0
5568,187,450,0
5569,187,15,0
5570,187,512,0
5571,187,742,0
5572,187,13,0
5573,187,857,0
5574,187,107,0
5575,187,29,0
5576,187,476,0
5577,187,550,0
5578,187,671,0
5579,187,356,0
5580,187,468,0
5581,187,466,0
5582,187,833,0
5583,187,808,0
5584,187,650,0
5585,187,855,0
5586,187,72,0
5587,187,596,0
5588,187,686,0
5589,187,26,0
5590,187,420,0
5591,187,34,0
5592,187,580,0
5593,187,427,0
5594,187,100,0
5595,187,53,0
5596,187,303,0
5597,187,225,0
5598,187,817,0
5599,187,138,0
5600,187,718,0
5601,187,115,0
5602,187,874,0
5603,187,846,0
5604,187,594,0
5605,187,112,0
5606,187,463,0
5607,187,233,0
5608,187,479,0
5609,187,887,0
5610,187,669,0
5611,187,659,0
5612,187,275,0
5613,187,194,0
5614,187,836,0
5615,187,282,0
5616,187,741,0
5617,187,625,0
5618,187,549,0
5619,187,573,0
5620,187,664,0
5621,187,406,0
5622,187,10,0
5623,187,101,0
5624,187,335,0
5625,187,157,0
5626,187,265,0
5627,187,438,0
5628,187,603,0
5629,187,850,0
5630,187,576,0
5631,187,188,0
5632,187,726,0
5633,187,825,0
5634,187,737,0
5635,187,164,0
5636,187,677,0
5637,187,94,0
5638,187,521,0
5639,187,404,0
5640,187,572,0
5641,187,464,0
5642,187,28,0
5643,187,394,0
5644,187,652,0
5645,187,22,0
5646,187,379,0
5647,187,111,0
5648,187,636,0
5649,187,150,0
5650,187,316,0
5651,187,248,0
5652,187,12,0
5653,187,630,0
5654,187,734,0
5655,187,485,0
5656,187,753,0
5657,187,746,0
5658,187,772,0
5659,187,754,0
5660,187,185,0
5661,187,835,0
5662,187,17,0
5663,187,781,0
5664,187,256,0
5665,187,145,0
5666,187,244,0
5667,187,807,0
5668,187,610,0
5669,187,328,0
5670,187,4,0
5671,187,407,0
5672,187,584,0
5673,187,769,0
5674,187,864,0
5675,187,395,0
5676,187,417,0
5677,187,706,0
5678,187,502,0
5679,187,567,0
5680,187,217,0
5681,187,154,0
5682,187,312,0
5683,187,471,0
5684,187,83,0
5685,187,582,0
5686,187,482,0
5687,187,843,0
5688,187,45,0
5689,187,172,0
5690,187,604,0
5691,187,586,0
5692,187,136,0
5693,187,21,0
5694,187,284,0
5695,187,247,0
5696,187,484,0
5697,187,609,0
5698,187,246,0
5699,187,360,0
5700,187,748,0
5701,187,206,0
5702,187,442,0
5703,187,891,0
5704,187,114,0
5705,187,411,0
5706,187,412,0
5707,187,515,0
5708,187,456,0
5709,187,0,0
5710,187,365,0
5711,187,116,0
5712,187,633,0
5713,187,39,0
5714,187,55,0
5715,187,467,0
5716,187,873,0
5717,187,539,0
5718,187,784,0
5719,187,799,0
5720,187,378,0
5721,187,526,0
5722,187,725,0
5723,187,48,0
5724,187,319,0
5725,187,648,0
5726,187,56,0
5727,187,745,0
5728,187,731,0
5729,187,238,0
5730,187,510,0
5731,187,712,0
5732,187,201,0
5733,187,750,0
5734,187,162,0
5735,187,904,0
5736,187,325,0
5737,187,739,0
5738,187,307,0
5739,187,695,0
5740,187,237,0
5741,187,627,0
5742,187,905,0
5743,187,824,0
5744,187,376,0
5745,187,287,0
5746,187,241,0
5747,187,877,0
5748,187,641,0
5749,187,310,0
5750,187,490,0
5751,187,858,0
5752,187,92,0
5753,187,562,0
5754,187,713,0
5755,187,882,0
5756,187,755,0
5757,187,281,0
5758,187,551,0
5759,187,60,0
5760,187,803,0
5761,187,730,0
5762,187,547,0
5763,187,529,0
5764,187,544,0
5765,187,163,0
5766,187,889,0
5767,187,23,0
5768,187,260,0
5769,187,496,0
5770,187,585,0
5771,187,570,0
5772,187,298,0
5773,187,430,0
5774,187,331,0
5775,187,235,0
5776,187,353,0
5777,187,47,0
5778,187,909,0
5779,187,575,0
5780,187,860,0
5781,187,405,0
5782,187,543,0
5783,187,141,0
5784,187,73,0
5785,187,472,0
5786,187,698,0
5787,187,770,0
5788,187,289,0
5789,187,51,0
5790,187,367,0
5791,187,564,0
5792,187,906,0
5793,187,439,0
5794,187,221,0
5795,187,773,0
5796,187,457,0
5797,187,36,0
5798,187,508,0
5799,187,728,0
5800,187,204,0
5801,187,70,0
5802,187,44,0
5803,187,121,0
5804,187,826,0
5805,187,400,0
5806,187,57,0
5807,187,644,0
5808,187,673,0
5809,187,410,0
5810,187,810,0
5811,187,487,0
5812,187,146,0
5813,187,42,0
5814,187,583,0
5815,187,892,0
5816,187,703,0
5817,187,634,0
5818,187,590,0
5819,187,80,0
5820,187,7,0
5821,187,156,0
5822,187,198,0
5823,187,262,0
5824,187,245,0
5825,187,908,0
5826,187,131,0
5827,187,180,0
5828,187,86,0
5829,187,617,0
5830,187,192,0
5831,187,285,0
5832,187,401,0
5833,187,1,0
5834,187,174,0
5835,187,848,0
5836,187,199,0
5837,187,821,0
5838,187,554,0
5839,187,680,0
5840,187,177,0
5841,187,432,0
5842,187,345,0
5843,187,258,0
5844,187,643,0
5845,187,875,0
5846,187,867,0
5847,187,838,0
5848,187,534,0
5849,187,757,0
5850,187,431,0
5851,187,537,0
5852,187,75,0
5853,187,890,0
5854,187,699,0
5855,187,694,0
5856,187,14,0
5857,187,440,0
5858,187,81,0
5859,187,314,0
5860,187,469,0
5861,187,818,0
5862,187,805,0
5863,187,765,0
5864,187,161,0
5865,187,168,0
5866,187,499,0
5867,187,545,0
5868,187,354,0
5869,187,384,0
5870,187,847,0
5871,187,219,0
5872,187,785,0
5873,187,96,0
5874,187,385,0
5875,187,532,0
5876,187,218,0
5877,187,619,0
5878,187,865,0
5879,187,126,0
5880,187,689,0
5881,190,669,0
5882,190,47,0
5883,190,645,0
5884,190,546,0
5885,190,875,0
5886,190,354,0
5887,190,649,0
5888,190,568,0
5889,190,244,0
5890,190,340,0
5891,190,463,0
5892,190,855,0
5893,190,13,0
5894,190,764,0
5895,190,85,0
5896,190,410,0
5897,190,570,0
5898,190,472,0
5899,190,696,0
5900,190,580,0
5901,190,623,0
5902,190,117,0
5903,190,80,0
5904,190,372,0
5905,190,801,0
5906,190,492,0
5907,190,112,0
5908,190,495,0
5909,190,523,0
5910,190,436,0
5911,190,1,0
5912,190,173,0
5913,190,79,0
5914,190,185,0
5915,190,213,0
5916,190,596,0
5917,190,412,0
5918,190,707,0
5919,190,350,0
5920,190,706,0
5921,190,569,0
5922,190,255,0
5923,190,491,0
5924,190,615,0
5925,190,579,0
5926,190,331,0
5927,190,150,0
5928,190,299,0
5929,190,376,0
5930,190,876,0
5931,190,69,0
5932,190,188,0
5933,190,551,0
5934,190,130,0
5935,190,862,0
5936,190,872,0
5937,190,211,0
5938,190,111,0
5939,190,850,0
5940,190,4,0
5941,190,290,0
5942,190,898,0
5943,190,834,0
5944,190,741,0
5945,190,63,0
5946,190,674,0
5947,190,205,0
5948,190,198,0
5949,190,632,0
5950,190,477,0
5951,190,259,0
5952,190,363,0
5953,190,907,0
5954,190,145,0
5955,190,631,0
5956,190,668,0
5957,190,415,0
5958,190,581,0
5959,190,769,0
5960,190,384,0
5961,190,574,0
5962,190,475,0
5963,190,687,0
5964,190,289,0
5965,190,811,0
5966,190,237,0
5967,190,773,0
5968,190,852,0
5969,190,57,0
5970,190,714,0
5971,190,125,0
5972,190,25,0
5973,190,777,0
5974,190,630,0
5975,190,221,0
5976,190,792,0
5977,190,837,0
5978,190,345,0
5979,190,265,0
5980,190,6,0
5981,190,375,0
5982,190,96,0
5983,190,428,0
5984,190,845,0
5985,190,407,0
5986,190,288,0
5987,190,285,0
5988,190,849,0
5989,190,609,0
5990,190,403,0
5991,190,874,0
5992,190,537,0
5993,190,515,0
5994,190,37,0
5995,190,3,0
5996,190,745,0
5997,190,434,0
5998,190,159,0
5999,190,286,0
6000,190,715,0
6001,190,526,0
6002,190,219,0
6003,190,232,0
6004,190,819,0
6005,190,884,0
6006,190,612,0
6007,190,560,0
6008,190,230,0
6009,190,482,0
6010,190,208,0
6011,190,301,0
6012,190,514,0
6013,190,781,0
6014,190,43,0
6015,190,702,0
6016,190,717,0
6017,190,835,0
6018,190,655,0
6019,190,831,0
6020,190,44,0
6021,190,895,0
6022,190,38,0
6023,190,235,0
6024,190,605,0
6025,190,476,0
6026,190,563,0
6027,190,309,0
6028,190,9,0
6029,190,319,0
6030,190,791,0
6031,190,64,0
6032,190,886,0
6033,190,275,0
6034,190,883,0
6035,190,820,0
6036,190,732,0
6037,190,318,0
6038,190,425,0
6039,190,256,0
6040,190,458,0
6041,190,726,0
6042,190,490,0
6043,190,867,0
6044,190,202,0
6045,190,656,0
6046,190,236,0
6047,190,378,0
6048,190,524,0
6049,190,344,0
6050,190,513,0
6051,190,545,0
6052,190,843,0
6053,190,143,0
6054,190,181,0
6055,190,95,0
6056,190,616,0
6057,190,115,0
6058,190,341,0
6059,190,558,0
6060,190,871,0
6061,190,689,0
6062,190,89,0
6063,190,421,0
6064,190,338,0
6065,190,762,0
6066,190,227,0
6067,190,686,0
6068,190,617,0
6069,190,70,0
6070,190,382,0
6071,190,589,0
6072,190,116,0
6073,190,171,0
6074,190,379,0
6075,190,233,0
6076,190,846,0
6077,190,364,0
6078,190,571,0
6079,190,240,0
6080,190,664,0
6081,190,734,0
6082,190,776,0
6083,190,851,0
6084,190,267,0
6085,190,196,0
6086,190,625,0
6087,190,361,0
6088,190,853,0
6089,190,92,0
6090,190,383,0
6091,190,371,0
6092,190,273,0
6093,190,614,0
6094,190,362,0
6095,190,722,0
6096,190,510,0
6097,190,257,0
6098,190,270,0
6099,190,494,0
6100,190,260,0
6101,190,869,0
6102,190,298,0
6103,190,346,0
6104,190,648,0
6105,190,723,0
6106,190,411,0
6107,190,431,0
6108,190,306,0
6109,190,396,0
6110,190,802,0
6111,190,118,0
6112,190,147,0
6113,190,252,0
6114,190,325,0
6115,190,718,0
6116,190,246,0
6117,190,496,0
6118,190,184,0
6119,190,740,0
6120,190,564,0
6121,190,148,0
6122,190,106,0
6123,190,826,0
6124,190,868,0
6125,190,226,0
6126,190,730,0
6127,190,58,0
6128,190,126,0
6129,190,367,0
6130,190,24,0
6131,190,154,0
6132,190,249,0
6133,190,114,0
6134,190,793,0
6135,190,889,0
6136,190,597,0
6137,190,841,0
6138,190,667,0
6139,190,644,0
6140,190,46,0
6141,190,187,0
6142,190,262,0
6143,190,626,0
6144,190,677,0
6145,190,611,0
6146,190,250,0
6147,190,877,0
6148,190,82,0
6149,190,637,0
6150,190,888,0
6151,190,414,0
6152,190,471,0
6153,190,101,0
6154,190,278,0
6155,190,322,0
6156,190,180,0
6157,190,743,0
6158,190,519,0
6159,190,760,0
6160,190,830,0
6161,190,590,0
6162,190,177,0
6163,190,248,0
6164,190,878,0
6165,190,466,0
6166,190,48,0
6167,190,192,0
6168,190,239,0
6169,190,858,0
6170,190,766,0
6171,190,633,0
6172,190,81,0
6173,190,140,0
6174,190,36,0
6175,190,254,0
6176,190,311,0
6177,190,588,0
6178,190,592,0
6179,190,844,0
6180,190,591,0
6181,190,261,0
6182,190,880,0
6183,190,170,0
6184,190,201,0
6185,190,445,0
6186,190,529,0
6187,190,303,0
6188,190,142,0
6189,190,330,0
6190,190,881,0
6191,190,532,0
6192,190,642,0
6193,190,812,0
6194,190,685,0
6195,190,8,0
6196,190,500,0
6197,190,531,0
6198,190,398,0
6199,190,489,0
6200,190,661,0
6201,190,595,0
6202,190,324,0
6203,190,193,0
6204,190,352,0
6205,190,709,0
6206,190,26,0
6207,190,894,0
6208,190,520,0
6209,190,333,0
6210,190,123,0
6211,190,716,0
6212,190,534,0
6213,190,225,0
6214,190,598,0
6215,190,385,0
6216,190,810,0
6217,190,549,0
6218,190,258,0
6219,190,817,0
6220,190,131,0
6221,190,452,0
6222,190,688,0
6223,190,733,0
6224,190,654,0
6225,190,7,0
6226,190,798,0
6227,190,900,0
6228,190,737,0
6229,190,539,0
6230,190,646,0
6231,190,416,0
6232,190,807,0
6233,190,42,0
6234,190,536,0
6235,190,242,0
6236,190,401,0
6237,190,509,0
6238,190,882,0
6239,190,833,0
6240,190,451,0
6241,190,424,0
6242,190,618,0
6243,190,903,0
6244,190,228,0
6245,190,572,0
6246,190,355,0
6247,190,484,0
6248,190,647,0
6249,190,906,0
6250,190,164,0
6251,190,215,0
6252,190,113,0
6253,190,480,0
6254,190,342,0
6255,190,460,0
6256,190,863,0
6257,190,121,0
6258,190,359,0
6259,190,794,0
6260,190,404,0
6261,190,836,0
6262,190,218,0
6263,190,481,0
6264,190,699,0
6265,190,53,0
6266,190,186,0
6267,190,269,0
6268,190,417,0
6269,190,803,0
6270,190,295,0
6271,190,893,0
6272,190,832,0
6273,190,245,0
6274,190,748,0
6275,190,561,0
6276,190,129,0
6277,190,641,0
6278,190,756,0
6279,190,535,0
6280,190,98,0
6281,190,33,0
6282,190,419,0
6283,190,297,0
6284,190,827,0
6285,190,700,0
6286,190,160,0
6287,190,840,0
6288,190,66,0
6289,190,426,0
6290,190,433,0
6291,190,446,0
6292,190,750,0
6293,190,153,0
6294,190,323,0
6295,190,901,0
6296,190,155,0
6297,190,567,0
6298,190,666,0
6299,190,282,0
6300,190,161,0
6301,190,744,0
6302,190,692,0
6303,190,151,0
6304,190,464,0
6305,190,808,0
6306,190,650,0
6307,190,747,0
6308,190,374,0
6309,190,610,0
6310,190,400,0
6311,190,724,0
6312,190,771,0
6313,190,75,0
6314,190,174,0
6315,190,20,0
6316,190,622,0
6317,190,780,0
6318,190,554,0
6319,190,427,0
6320,190,638,0
6321,190,397,0
6322,190,759,0
6323,190,453,0
6324,190,770,0
6325,190,670,0
6326,190,30,0
6327,190,100,0
6328,190,541,0
6329,190,634,0
6330,190,908,0
6331,190,753,0
6332,190,83,0
6333,190,897,0
6334,190,727,0
6335,190,50,0
6336,190,11,0
6337,190,573,0
6338,190,72,0
6339,190,848,0
6340,190,454,0
6341,190,440,0
6342,190,74,0
6343,190,334,0
6344,190,728,0
6345,190,899,0
6346,190,676,0
6347,190,310,0
6348,190,305,0
6349,190,818,0
6350,190,253,0
6351,190,99,0
6352,190,19,0
6353,190,76,0
6354,190,279,0
6355,190,32,0
6356,190,754,0
6357,190,343,0
6358,190,406,0
6359,190,544,0
6360,190,65,0
6361,190,199,0
6362,190,772,0
6363,190,268,0
6364,190,358,0
6365,190,326,0
6366,190,329,0
6367,190,314,0
6368,190,52,0
6369,190,683,0
6370,190,135,0
6371,190,467,0
6372,190,511,0
6373,190,821,0
6374,190,251,0
6375,190,157,0
6376,190,247,0
6377,190,393,0
6378,190,796,0
6379,190,663,0
6380,190,782,0
6381,190,530,0
6382,190,209,0
6383,190,512,0
6384,190,168,0
6385,190,61,0
6386,190,391,0
6387,190,194,0
6388,190,607,0
6389,190,783,0
6390,190,470,0
6391,190,691,0
6392,190,238,0
6393,190,88,0
6394,190,55,0
6395,190,550,0
6396,190,430,0
6397,190,102,0
6398,190,507,0
6399,190,197,0
6400,190,896,0
6401,190,809,0
6402,190,277,0
6403,190,584,0
6404,190,108,0
6405,190,640,0
6406,190,742,0
6407,190,423,0
6408,190,587,0
6409,190,137,0
6410,190,504,0
6411,190,321,0
6412,190,178,0
6413,190,2,0
6414,190,368,0
6415,190,283,0
6416,190,10,0
6417,190,629,0
6418,190,690,0
6419,190,93,0
6420,190,294,0
6421,190,156,0
6422,190,746,0
6423,190,220,0
6424,190,272,0
6425,190,710,0
6426,190,264,0
6427,190,779,0
6428,190,127,0
6429,190,828,0
6430,190,787,0
6431,190,22,0
6432,190,335,0
6433,190,357,0
6434,190,179,0
6435,190,816,0
6436,190,281,0
6437,190,815,0
6438,190,556,0
6439,190,347,0
6440,190,488,0
6441,190,671,0
6442,190,41,0
6443,190,675,0
6444,190,684,0
6445,190,300,0
6446,190,483,0
6447,190,149,0
6448,190,395,0
6449,190,274,0
6450,190,320,0
6451,190,694,0
6452,190,122,0
6453,190,439,0
6454,190,468,0
6455,190,643,0
6456,190,263,0
6457,190,693,0
6458,190,5,0
6459,190,613,0
6460,190,891,0
6461,190,462,0
6462,190,166,0
6463,190,207,0
6464,190,606,0
6465,190,547,0
6466,190,231,0
6467,190,870,0
6468,190,418,0
6469,190,271,0
6470,190,885,0
6471,190,413,0
6472,190,15,0
6473,190,31,0
6474,190,162,0
6475,190,182,0
6476,190,307,0
6477,190,29,0
6478,190,527,0
6479,190,516,0
6480,190,241,0
6481,190,223,0
6482,190,189,0
6483,190,731,0
6484,190,163,0
6485,190,557,0
6486,190,136,0
6487,190,552,0
6488,190,682,0
6489,259,702,0
6490,259,717,0
6491,259,41,0
6492,259,494,0
6493,259,471,0
6494,259,425,0
6495,259,621,0
6496,259,605,0
6497,259,522,0
6498,259,296,0
6499,259,260,0
6500,259,347,0
6501,259,870,0
6502,259,433,0
6503,259,627,0
6504,259,221,0
6505,259,508,0
6506,259,430,0
6507,259,755,0
6508,259,427,0
6509,259,881,0
6510,259,110,0
6511,259,496,0
6512,259,608,0
6513,259,781,0
6514,259,115,0
6515,259,869,0
6516,259,428,0
6517,259,607,0
6518,259,154,0
6519,259,229,0
6520,259,179,0
6521,259,104,0
6522,259,13,0
6523,259,105,0
6524,259,381,0
6525,259,293,0
6526,259,157,0
6527,259,727,0
6528,259,344,0
6529,259,399,0
6530,259,254,0
6531,259,135,0
6532,259,564,0
6533,259,63,0
6534,259,824,0
6535,259,77,0
6536,259,823,0
6537,259,263,0
6538,259,210,0
6539,259,31,0
6540,259,501,0
6541,259,243,0
6542,259,524,0
6543,259,623,0
6544,259,884,0
6545,259,486,0
6546,259,558,0
6547,259,805,0
6548,259,811,0
6549,259,665,0
6550,259,189,0
6551,259,351,0
6552,259,437,0
6553,259,292,0
6554,259,367,0
6555,259,109,0
6556,259,94,0
6557,259,200,0
6558,259,465,0
6559,259,544,0
6560,259,146,0
6561,259,526,0
6562,259,507,0
6563,259,395,0
6564,259,149,0
6565,259,841,0
6566,259,793,0
6567,259,60,0
6568,259,726,0
6569,259,769,0
6570,259,847,0
6571,259,16,0
6572,259,117,0
6573,259,867,0
6574,259,642,0
6575,259,797,0
6576,259,842,0
6577,259,294,0
6578,259,808,0
6579,259,458,0
6580,259,863,0
6581,259,710,0
6582,259,666,0
6583,259,483,0
6584,259,875,0
6585,259,670,0
6586,259,257,0
6587,259,895,0
6588,259,3,0
6589,259,764,0
6590,259,142,0
6591,259,854,0
6592,259,4,0
6593,259,709,0
6594,259,397,0
6595,259,48,0
6596,259,40,0
6597,259,12,0
6598,259,167,0
6599,259,883,0
6600,259,356,0
6601,259,834,0
6602,259,216,0
6603,259,22,0
6604,259,572,0
6605,259,178,0
6606,259,238,0
6607,259,848,0
6608,259,403,0
6609,259,487,0
6610,259,566,0
6611,259,758,0
6612,259,523,0
6613,259,102,0
6614,259,405,0
6615,259,853,0
6616,259,504,0
6617,259,213,0
6618,259,657,0
6619,259,339,0
6620,259,658,0
6621,259,248,0
6622,259,599,0
6623,259,331,0
6624,259,813,0
6625,259,890,0
6626,259,490,0
6627,259,233,0
6628,259,649,0
6629,259,61,0
6630,259,844,0
6631,259,784,0
6632,259,434,0
6633,259,556,0
6634,259,672,0
6635,259,39,0
6636,259,489,0
6637,259,55,0
6638,259,319,0
6639,259,545,0
6640,259,299,0
6641,259,377,0
6642,259,473,0
6643,259,606,0
6644,259,33,0
6645,259,419,0
6646,259,128,0
6647,259,144,0
6648,259,874,0
6649,259,590,0
6650,259,140,0
6651,259,281,0
6652,259,137,0
6653,259,792,0
6654,259,592,0
6655,259,790,0
6656,259,407,0
6657,259,801,0
6658,259,176,0
6659,259,353,0
6660,259,107,0
6661,259,182,0
6662,259,807,0
6663,259,495,0
6664,259,369,0
6665,259,278,0
6666,259,681,0
6667,259,722,0
6668,259,744,0
6669,259,326,0
6670,259,150,0
6671,259,398,0
6672,259,633,0
6673,259,650,0
6674,259,45,0
6675,259,273,0
6676,259,531,0
6677,259,274,0
6678,259,789,0
6679,259,372,0
6680,259,864,0
6681,259,386,0
6682,259,396,0
6683,259,50,0
6684,259,249,0
6685,259,634,0
6686,259,637,0
6687,259,682,0
6688,259,0,0
6689,259,2,0
6690,259,361,0
6691,259,226,0
6692,259,391,0
6693,259,551,0
6694,259,791,0
6695,259,832,0
6696,259,235,0
6697,259,655,0
6698,259,795,0
6699,259,596,0
6700,259,80,0
6701,259,145,0
6702,259,492,0
6703,259,91,0
6704,259,147,0
6705,259,51,0
6706,259,561,0
6707,259,820,0
6708,259,846,0
6709,259,277,0
6710,259,818,0
6711,259,442,0
6712,259,26,0
6713,259,703,0
6714,259,422,0
6715,259,585,0
6716,259,745,0
6717,259,130,0
6718,259,851,0
6719,259,898,0
6720,259,692,0
6721,259,476,0
6722,259,54,0
6723,259,207,0
6724,259,58,0
6725,259,155,0
6726,259,640,0
6727,259,11,0
6728,259,365,0
6729,259,573,0
6730,259,106,0
6731,259,771,0
6732,259,129,0
6733,259,772,0
6734,259,481,0
6735,259,196,0
6736,259,246,0
6737,259,340,0
6738,259,704,0
6739,259,168,0
6740,259,766,0
6741,259,593,0
6742,259,510,0
6743,259,354,0
6744,259,482,0
6745,259,266,0
6746,259,230,0
6747,259,822,0
6748,259,635,0
6749,259,557,0
6750,259,463,0
6751,259,765,0
6752,259,730,0
6753,259,774,0
6754,259,93,0
6755,259,469,0
6756,259,552,0
6757,259,307,0
6758,259,305,0
6759,259,803,0
6760,259,878,0
6761,259,224,0
6762,259,622,0
6763,259,538,0
6764,259,614,0
6765,259,673,0
6766,259,215,0
6767,259,122,0
6768,259,711,0
6769,259,752,0
6770,259,171,0
6771,259,720,0
6772,259,668,0
6773,259,62,0
6774,259,444,0
6775,259,74,0
6776,259,27,0
6777,259,455,0
6778,259,188,0
6779,259,153,0
6780,259,447,0
6781,259,696,0
6782,259,514,0
6783,259,479,0
6784,259,588,0
6785,259,112,0
6786,259,125,0
6787,259,8,0
6788,259,83,0
6789,259,131,0
6790,259,225,0
6791,259,882,0
6792,259,329,0
6793,259,217,0
6794,259,191,0
6795,259,897,0
6796,259,380,0
6797,259,488,0
6798,259,751,0
6799,259,197,0
6800,259,315,0
6801,259,161,0
6802,259,839,0
6803,259,547,0
6804,259,620,0
6805,259,560,0
6806,259,559,0
6807,259,860,0
6808,259,683,0
6809,259,237,0
6810,259,493,0
6811,259,537,0
6812,259,261,0
6813,259,779,0
6814,259,619,0
6815,259,600,0
6816,259,899,0
6817,259,113,0
6818,259,172,0
6819,259,312,0
6820,259,706,0
6821,259,119,0
6822,259,654,0
6823,259,199,0
6824,259,306,0
6825,259,742,0
6826,259,760,0
6827,259,448,0
6828,259,99,0
6829,259,539,0
6830,259,747,0
6831,259,731,0
6832,259,283,0
6833,259,295,0
6834,259,282,0
6835,259,14,0
6836,259,202,0
6837,259,733,0
6838,259,671,0
6839,259,575,0
6840,259,690,0
6841,259,439,0
6842,259,239,0
6843,259,195,0
6844,259,15,0
6845,259,497,0
6846,259,555,0
6847,259,653,0
6848,259,780,0
6849,259,644,0
6850,259,417,0
6851,259,438,0
6852,259,632,0
6853,259,280,0
6854,259,871,0
6855,259,737,0
6856,259,57,0
6857,259,715,0
6858,259,175,0
6859,259,498,0
6860,259,21,0
6861,259,162,0
6862,259,289,0
6863,259,679,0
6864,259,775,0
6865,259,845,0
6866,259,652,0
6867,259,602,0
6868,259,84,0
6869,259,785,0
6870,259,88,0
6871,259,103,0
6872,259,474,0
6873,259,388,0
6874,259,905,0
6875,259,708,0
6876,259,773,0
6877,259,594,0
6878,259,376,0
6879,259,337,0
6880,259,330,0
6881,259,151,0
6882,259,32,0
6883,259,855,0
6884,259,136,0
6885,259,532,0
6886,259,181,0
6887,259,170,0
6888,259,565,0
6889,259,17,0
6890,259,76,0
6891,259,252,0
6892,259,740,0
6893,259,491,0
6894,259,843,0
6895,259,577,0
6896,259,267,0
6897,259,850,0
6898,259,314,0
6899,259,141,0
6900,259,799,0
6901,259,203,0
6902,259,660,0
6903,259,42,0
6904,259,893,0
6905,259,788,0
6906,259,368,0
6907,259,858,0
6908,259,705,0
6909,259,904,0
6910,259,902,0
6911,259,245,0
6912,259,390,0
6913,259,338,0
6914,259,667,0
6915,259,700,0
6916,259,581,0
6917,259,688,0
6918,259,739,0
6919,259,636,0
6920,259,617,0
6921,259,313,0
6922,259,542,0
6923,259,817,0
6924,259,783,0
6925,259,429,0
6926,259,173,0
6927,259,456,0
6928,259,699,0
6929,259,729,0
6930,259,723,0
6931,259,317,0
6932,259,626,0
6933,259,108,0
6934,259,527,0
6935,259,46,0
6936,259,183,0
6937,259,205,0
6938,259,825,0
6939,259,563,0
6940,259,23,0
6941,259,693,0
6942,259,392,0
6943,259,687,0
6944,259,423,0
6945,259,796,0
6946,259,802,0
6947,259,336,0
6948,259,624,0
6949,259,82,0
6950,259,357,0
6951,259,36,0
6952,259,829,0
6953,259,262,0
6954,259,562,0
6955,259,909,0
6956,259,453,0
6957,259,335,0
6958,259,754,0
6959,259,123,0
6960,259,697,0
6961,259,384,0
6962,259,506,0
6963,259,663,0
6964,259,838,0
6965,259,762,0
6966,259,603,0
6967,259,70,0
6968,259,798,0
6969,259,550,0
6970,259,876,0
6971,259,849,0
6972,259,815,0
6973,259,686,0
6974,259,536,0
6975,259,859,0
6976,259,222,0
6977,259,20,0
6978,259,662,0
6979,259,894,0
6980,259,685,0
6981,259,436,0
6982,259,713,0
6983,259,761,0
6984,259,421,0
6985,259,47,0
6986,259,133,0
6987,259,616,0
6988,259,28,0
6989,259,880,0
6990,259,735,0
6991,259,611,0
6992,259,812,0
6993,259,776,0
6994,259,478,0
6995,259,749,0
6996,259,126,0
6997,259,609,0
6998,259,721,0
6999,259,290,0
7000,259,484,0
7001,259,244,0
7002,259,291,0
7003,259,193,0
7004,259,265,0
7005,259,284,0
7006,259,127,0
7007,259,6,0
7008,259,549,0
7009,259,512,0
7010,259,826,0
7011,259,519,0
7012,259,310,0
7013,259,37,0
7014,259,714,0
7015,259,595,0
7016,259,86,0
7017,259,586,0
7018,259,303,0
7019,259,269,0
7020,259,308,0
7021,259,643,0
7022,259,49,0
7023,259,100,0
7024,259,352,0
7025,259,857,0
7026,259,251,0
7027,259,234,0
7028,259,718,0
7029,259,868,0
7030,259,169,0
7031,259,638,0
7032,259,375,0
7033,259,861,0
7034,259,158,0
7035,259,268,0
7036,259,782,0
7037,259,888,0
7038,259,30,0
7039,259,73,0
7040,259,34,0
7041,259,362,0
7042,259,373,0
7043,259,589,0
7044,259,598,0
7045,259,746,0
7046,259,896,0
7047,259,409,0
7048,259,378,0
7049,259,271,0
7050,259,887,0
7051,259,676,0
7052,259,777,0
7053,259,401,0
7054,259,865,0
7055,259,156,0
7056,259,837,0
7057,259,24,0
7058,259,393,0
7059,259,236,0
7060,259,647,0
7061,259,806,0
7062,259,25,0
7063,259,240,0
7064,259,816,0
7065,259,366,0
7066,259,165,0
7067,297,776,0
7068,297,198,0
7069,297,658,0
7070,297,904,0
7071,297,377,0
7072,297,13,0
7073,297,773,0
7074,297,238,0
7075,297,682,0
7076,297,473,0
7077,297,657,0
7078,297,264,0
7079,297,61,0
7080,297,220,0
7081,297,402,0
7082,297,802,0
7083,297,192,0
7084,297,665,0
7085,297,798,0
7086,297,679,0
7087,297,618,0
7088,297,626,0
7089,297,760,0
7090,297,325,0
7091,297,280,0
7092,297,780,0
7093,297,648,0
7094,297,650,0
7095,297,70,0
7096,297,155,0
7097,297,540,0
7098,297,361,0
7099,297,331,0
7100,297,8,0
7101,297,39,0
7102,297,193,0
7103,297,246,0
7104,297,194,0
7105,297,643,0
7106,297,762,0
7107,297,831,0
7108,297,614,0
7109,297,404,0
7110,297,604,0
7111,297,513,0
7112,297,366,0
7113,297,386,0
7114,297,135,0
7115,297,797,0
7116,297,666,0
7117,297,551,0
7118,297,175,0
7119,297,548,0
7120,297,166,0
7121,297,769,0
7122,297,726,0
7123,297,661,0
7124,297,505,0
7125,297,347,0
7126,297,240,0
7127,297,660,0
7128,297,756,0
7129,297,77,0
7130,297,895,0
7131,297,161,0
7132,297,212,0
7133,297,538,0
7134,297,225,0
7135,297,462,0
7136,297,790,0
7137,297,583,0
7138,297,315,0
7139,297,580,0
7140,297,899,0
7141,297,244,0
7142,297,108,0
7143,297,565,0
7144,297,126,0
7145,297,85,0
7146,297,84,0
7147,297,314,0
7148,297,328,0
7149,297,862,0
7150,297,239,0
7151,297,37,0
7152,297,43,0
7153,297,71,0
7154,297,759,0
7155,297,606,0
7156,297,98,0
7157,297,55,0
7158,297,623,0
7159,297,388,0
7160,297,892,0
7161,297,488,0
7162,297,373,0
7163,297,520,0
7164,297,427,0
7165,297,1,0
7166,297,282,0
7167,297,442,0
7168,297,591,0
7169,297,749,0
7170,297,182,0
7171,297,617,0
7172,297,259,0
7173,297,453,0
7174,297,360,0
7175,297,889,0
7176,297,24,0
7177,297,100,0
7178,297,287,0
7179,297,183,0
7180,297,568,0
7181,297,247,0
7182,297,346,0
7183,297,101,0
7184,297,28,0
7185,297,477,0
7186,297,22,0
7187,297,390,0
7188,297,739,0
7189,297,455,0
7190,297,787,0
7191,297,587,0
7192,297,550,0
7193,297,118,0
7194,297,515,0
7195,297,822,0
7196,297,630,0
7197,297,781,0
7198,297,68,0
7199,297,692,0
7200,297,620,0
7201,297,563,0
7202,297,645,0
7203,297,87,0
7204,297,807,0
7205,297,0,0
7206,297,374,0
7207,297,887,0
7208,297,49,0
7209,297,465,0
7210,297,613,0
7211,297,46,0
7212,297,653,0
7213,297,186,0
7214,297,130,0
7215,297,60,0
7216,297,867,0
7217,297,302,0
7218,297,355,0
7219,297,95,0
7220,297,685,0
7221,297,159,0
7222,297,851,0
7223,297,464,0
7224,297,599,0
7225,297,721,0
7226,297,820,0
7227,297,125,0
7228,297,86,0
7229,297,379,0
7230,297,458,0
7231,297,359,0
7232,297,869,0
7233,297,537,0
7234,297,472,0
7235,297,408,0
7236,297,686,0
7237,297,9,0
7238,297,870,0
7239,297,16,0
7240,297,878,0
7241,297,437,0
7242,297,215,0
7243,297,313,0
7244,297,120,0
7245,297,96,0
7246,297,483,0
7247,297,267,0
7248,297,736,0
7249,297,179,0
7250,297,743,0
7251,297,896,0
7252,297,709,0
7253,297,380,0
7254,297,333,0
7255,297,542,0
7256,297,371,0
7257,297,757,0
7258,297,252,0
7259,297,263,0
7260,297,830,0
7261,297,838,0
7262,297,761,0
7263,297,141,0
7264,297,309,0
7265,297,416,0
7266,297,881,0
7267,297,38,0
7268,297,440,0
7269,297,632,0
7270,297,616,0
7271,297,289,0
7272,297,853,0
7273,297,177,0
7274,297,383,0
7275,297,102,0
7276,297,884,0
7277,297,689,0
7278,297,631,0
7279,297,768,0
7280,297,886,0
7281,297,582,0
7282,297,730,0
7283,297,847,0
7284,297,109,0
7285,297,549,0
7286,297,422,0
7287,297,376,0
7288,297,53,0
7289,297,337,0
7290,297,329,0
7291,297,901,0
7292,297,516,0
7293,297,714,0
7294,297,449,0
7295,297,489,0
7296,297,158,0
7297,297,221,0
7298,297,349,0
7299,297,470,0
7300,297,76,0
7301,297,211,0
7302,297,667,0
7303,297,147,0
7304,297,384,0
7305,297,446,0
7306,297,525,0
7307,297,841,0
7308,297,888,0
7309,297,627,0
7310,297,391,0
7311,297,596,0
7312,297,317,0
7313,297,274,0
7314,297,498,0
7315,297,809,0
7316,297,861,0
7317,297,640,0
7318,297,143,0
7319,297,381,0
7320,297,417,0
7321,297,326,0
7322,297,298,0
7323,297,503,0
7324,297,434,0
7325,297,406,0
7326,297,601,0
7327,297,332,0
7328,297,652,0
7329,297,905,0
7330,297,119,0
7331,297,320,0
7332,297,292,0
7333,297,174,0
7334,297,152,0
7335,297,541,0
7336,297,164,0
7337,297,316,0
7338,297,457,0
7339,297,258,0
7340,297,748,0
7341,297,474,0
7342,297,312,0
7343,297,815,0
7344,297,393,0
7345,297,522,0
7346,297,256,0
7347,297,129,0
7348,297,356,0
7349,297,284,0
7350,297,448,0
7351,297,608,0
7352,297,765,0
7353,297,840,0
7354,297,575,0
7355,297,592,0
7356,297,228,0
7357,297,122,0
7358,297,350,0
7359,297,491,0
7360,297,555,0
7361,297,890,0
7362,297,261,0
7363,297,181,0
7364,297,900,0
7365,297,501,0
7366,297,495,0
7367,297,799,0
7368,297,622,0
7369,297,233,0
7370,297,763,0
7371,297,712,0
7372,297,275,0
7373,297,248,0
7374,297,382,0
7375,297,88,0
7376,297,590,0
7377,297,708,0
7378,297,124,0
7379,297,144,0
7380,297,633,0
7381,297,621,0
7382,297,72,0
7383,297,864,0
7384,297,554,0
7385,297,104,0
7386,297,772,0
7387,297,17,0
7388,297,517,0
7389,297,578,0
7390,297,99,0
7391,297,436,0
7392,297,602,0
7393,297,234,0
7394,297,700,0
7395,297,812,0
7396,297,82,0
7397,297,907,0
7398,297,691,0
7399,297,132,0
7400,297,205,0
7401,297,819,0
7402,297,450,0
7403,297,654,0
7404,297,893,0
7405,297,423,0
7406,297,148,0
7407,297,230,0
7408,297,534,0
7409,297,821,0
7410,297,573,0
7411,297,396,0
7412,297,557,0
7413,297,519,0
7414,297,635,0
7415,297,770,0
7416,297,11,0
7417,297,345,0
7418,297,370,0
7419,297,753,0
7420,297,165,0
7421,297,327,0
7422,297,687,0
7423,297,909,0
7424,297,848,0
7425,297,392,0
7426,297,140,0
7427,297,585,0
7428,297,341,0
7429,297,399,0
7430,297,610,0
7431,297,394,0
7432,297,751,0
7433,297,216,0
7434,297,484,0
7435,297,291,0
7436,297,241,0
7437,297,414,0
7438,297,791,0
7439,297,546,0
7440,297,508,0
7441,297,229,0
7442,297,906,0
7443,297,490,0
7444,297,338,0
7445,297,493,0
7446,297,401,0
7447,297,123,0
7448,297,576,0
7449,297,354,0
7450,297,342,0
7451,297,742,0
7452,297,902,0
7453,297,80,0
7454,297,825,0
7455,297,278,0
7456,297,268,0
7457,297,242,0
7458,297,131,0
7459,297,290,0
7460,297,579,0
7461,297,405,0
7462,297,598,0
7463,297,481,0
7464,297,217,0
7465,297,713,0
7466,297,6,0
7467,297,629,0
7468,297,262,0
7469,297,227,0
7470,297,94,0
7471,297,14,0
7472,297,858,0
7473,297,705,0
7474,297,418,0
7475,297,836,0
7476,297,190,0
7477,297,793,0
7478,297,813,0
7479,297,184,0
7480,297,69,0
7481,297,163,0
7482,297,296,0
7483,297,603,0
7484,297,697,0
7485,297,805,0
7486,297,407,0
7487,297,445,0
7488,297,523,0
7489,297,62,0
7490,297,696,0
7491,297,372,0
7492,297,52,0
7493,297,343,0
7494,297,375,0
7495,297,634,0
7496,297,45,0
7497,297,5,0
7498,297,160,0
7499,297,18,0
7500,297,609,0
7501,297,737,0
7502,297,200,0
7503,297,189,0
7504,297,510,0
7505,297,254,0
7506,297,588,0
7507,297,257,0
7508,297,286,0
7509,297,251,0
7510,297,597,0
7511,297,171,0
7512,297,536,0
7513,297,223,0
7514,297,300,0
7515,297,706,0
7516,297,428,0
7517,297,444,0
7518,297,389,0
7519,297,41,0
7520,297,567,0
7521,297,668,0
7522,297,566,0
7523,297,871,0
7524,297,169,0
7525,297,646,0
7526,297,443,0
7527,297,149,0
7528,297,187,0
7529,297,224,0
7530,297,723,0
7531,297,48,0
7532,297,463,0
7533,297,112,0
7534,297,176,0
7535,297,121,0
7536,297,844,0
7537,297,323,0
7538,297,237,0
7539,297,843,0
7540,297,716,0
7541,297,103,0
7542,297,521,0
7543,297,30,0
7544,297,717,0
7545,297,876,0
7546,297,818,0
7547,297,57,0
7548,297,113,0
7549,297,806,0
7550,297,90,0
7551,297,794,0
7552,297,42,0
7553,297,672,0
7554,297,461,0
7555,297,319,0
7556,297,684,0
7557,297,459,0
7558,297,452,0
7559,297,528,0
7560,297,66,0
7561,297,206,0
7562,297,210,0
7563,297,385,0
7564,297,10,0
7565,297,307,0
7566,297,833,0
7567,297,879,0
7568,297,644,0
7569,297,245,0
7570,297,545,0
7571,297,33,0
7572,297,35,0
7573,297,340,0
7574,297,293,0
7575,297,199,0
7576,297,54,0
7577,297,586,0
7578,297,106,0
7579,297,695,0
7580,297,378,0
7581,297,364,0
7582,297,305,0
7583,297,265,0
7584,297,156,0
7585,297,571,0
7586,297,209,0
7587,297,829,0
7588,297,204,0
7589,297,719,0
7590,297,162,0
7591,297,409,0
7592,297,810,0
7593,297,518,0
7594,297,808,0
7595,297,97,0
7596,297,335,0
7597,297,351,0
7598,297,172,0
7599,297,139,0
7600,297,826,0
7601,297,23,0
7602,297,308,0
7603,297,456,0
7604,297,56,0
7605,297,266,0
7606,297,279,0
7607,297,285,0
7608,297,738,0
7609,297,693,0
7610,297,301,0
7611,297,180,0
7612,297,34,0
7613,297,67,0
7614,297,678,0
7615,297,321,0
7616,297,219,0
7617,297,832,0
7618,297,303,0
7619,297,615,0
7620,297,547,0
7621,297,269,0
7622,297,701,0
7623,297,277,0
7624,297,487,0
7625,297,467,0
7626,297,253,0
7627,297,19,0
7628,297,496,0
7629,297,859,0
7630,297,330,0
7631,297,792,0
7632,297,89,0
7633,297,255,0
7634,297,755,0
7635,297,775,0
7636,297,774,0
7637,297,786,0
7638,297,593,0
7639,297,468,0
7640,297,114,0
7641,297,704,0
7642,297,367,0
7643,297,539,0
7644,297,868,0
7645,297,411,0
7646,297,747,0
7647,297,363,0
7648,297,362,0
7649,297,564,0
7650,297,814,0
7651,297,828,0
7652,297,29,0
7653,297,673,0
7654,297,178,0
7655,297,612,0
7656,297,642,0
7657,297,344,0
7658,297,420,0
7659,297,196,0
7660,297,865,0
7661,297,167,0
7662,297,12,0
7663,297,675,0
7664,297,885,0
7665,305,484,0
7666,305,602,0
7667,305,122,0
7668,305,18,0
7669,305,514,0
7670,305,668,0
7671,305,758,0
7672,305,346,0
7673,305,299,0
7674,305,705,0
7675,305,50,0
7676,305,468,0
7677,305,152,0
7678,305,822,0
7679,305,315,0
7680,305,76,0
7681,305,497,0
7682,305,862,0
7683,305,209,0
7684,305,792,0
7685,305,820,0
7686,305,880,0
7687,305,812,0
7688,305,215,0
7689,305,67,0
7690,305,148,0
7691,305,84,0
7692,305,581,0
7693,305,503,0
7694,305,746,0
7695,305,868,0
7696,305,437,0
7697,305,142,0
7698,305,893,0
7699,305,303,0
7700,305,632,0
7701,305,29,0
7702,305,286,0
7703,305,237,0
7704,305,627,0
7705,305,145,0
7706,305,565,0
7707,305,611,0
7708,305,28,0
7709,305,606,0
7710,305,119,0
7711,305,374,0
7712,305,61,0
7713,305,23,0
7714,305,212,0
7715,305,651,0
7716,305,584,0
7717,305,597,0
7718,305,321,0
7719,305,591,0
7720,305,57,0
7721,305,529,0
7722,305,249,0
7723,305,523,0
7724,305,657,0
7725,305,479,0
7726,305,533,0
7727,305,863,0
7728,305,186,0
7729,305,501,0
7730,305,40,0
7731,305,362,0
7732,305,483,0
7733,305,35,0
7734,305,16,0
7735,305,336,0
7736,305,470,0
7737,305,109,0
7738,305,575,0
7739,305,121,0
7740,305,650,0
7741,305,598,0
7742,305,349,0
7743,305,709,0
7744,305,126,0
7745,305,558,0
7746,305,464,0
7747,305,207,0
7748,305,907,0
7749,305,749,0
7750,305,498,0
7751,305,682,0
7752,305,825,0
7753,305,872,0
7754,305,908,0
7755,305,270,0
7756,305,100,0
7757,305,112,0
7758,305,676,0
7759,305,865,0
7760,305,837,0
7761,305,385,0
7762,305,191,0
7763,305,232,0
7764,305,452,0
7765,305,624,0
7766,305,717,0
7767,305,66,0
7768,305,864,0
7769,305,810,0
7770,305,486,0
7771,305,567,0
7772,305,628,0
7773,305,848,0
7774,305,729,0
7775,305,647,0
7776,305,540,0
7777,305,515,0
7778,305,124,0
7779,305,264,0
7780,305,896,0
7781,305,235,0
7782,305,302,0
7783,305,236,0
7784,305,426,0
7785,305,659,0
7786,305,262,0
7787,305,480,0
7788,305,163,0
7789,305,555,0
7790,305,322,0
7791,305,665,0
7792,305,156,0
7793,305,178,0
7794,305,96,0
7795,305,247,0
7796,305,855,0
7797,305,98,0
7798,305,3,0
7799,305,114,0
7800,305,655,0
7801,305,696,0
7802,305,637,0
7803,305,461,0
7804,305,161,0
7805,305,674,0
7806,305,369,0
7807,305,234,0
7808,305,250,0
7809,305,333,0
7810,305,834,0
7811,305,176,0
7812,305,776,0
7813,305,8,0
7814,305,367,0
7815,305,485,0
7816,305,566,0
7817,305,601,0
7818,305,56,0
7819,305,890,0
7820,305,197,0
7821,305,168,0
7822,305,704,0
7823,305,201,0
7824,305,411,0
7825,305,545,0
7826,305,392,0
7827,305,675,0
7828,305,370,0
7829,305,582,0
7830,305,77,0
7831,305,715,0
7832,305,158,0
7833,305,352,0
7834,305,472,0
7835,305,492,0
7836,305,87,0
7837,305,622,0
7838,305,660,0
7839,305,902,0
7840,305,511,0
7841,305,809,0
7842,305,20,0
7843,305,64,0
7844,305,170,0
7845,305,583,0
7846,305,510,0
7847,305,587,0
7848,305,373,0
7849,305,210,0
7850,305,243,0
7851,305,694,0
7852,305,772,0
7853,305,794,0
7854,305,482,0
7855,305,75,0
7856,305,200,0
7857,305,231,0
7858,305,832,0
7859,305,638,0
7860,305,397,0
7861,305,727,0
7862,305,219,0
7863,305,877,0
7864,305,548,0
7865,305,827,0
7866,305,728,0
7867,305,266,0
7868,305,43,0
7869,305,165,0
7870,305,753,0
7871,305,804,0
7872,305,744,0
7873,305,603,0
7874,305,129,0
7875,305,348,0
7876,305,536,0
7877,305,755,0
7878,305,806,0
7879,305,30,0
7880,305,33,0
7881,305,136,0
7882,305,840,0
7883,305,196,0
7884,305,570,0
7885,305,526,0
7886,305,751,0
7887,305,680,0
7888,305,174,0
7889,305,869,0
7890,305,732,0
7891,305,418,0
7892,305,7,0
7893,305,556,0
7894,305,858,0
7895,305,79,0
7896,305,408,0
7897,305,363,0
7898,305,615,0
7899,305,553,0
7900,305,765,0
7901,305,172,0
7902,305,734,0
7903,305,760,0
7904,305,180,0
7905,305,814,0
7906,305,537,0
7907,305,175,0
7908,305,577,0
7909,305,821,0
7910,305,549,0
7911,305,542,0
7912,305,309,0
7913,305,366,0
7914,305,260,0
7915,305,859,0
7916,305,607,0
7917,305,508,0
7918,305,519,0
7919,305,0,0
7920,305,297,0
7921,305,269,0
7922,305,852,0
7923,305,600,0
7924,305,296,0
7925,305,714,0
7926,305,387,0
7927,305,711,0
7928,305,633,0
7929,305,327,0
7930,305,208,0
7931,305,829,0
7932,305,453,0
7933,305,629,0
7934,305,384,0
7935,305,532,0
7936,305,446,0
7937,305,641,0
7938,305,378,0
7939,305,288,0
7940,305,866,0
7941,305,716,0
7942,305,815,0
7943,305,11,0
7944,305,889,0
7945,305,45,0
7946,305,891,0
7947,305,471,0
7948,305,459,0
7949,305,790,0
7950,305,25,0
7951,305,306,0
7952,305,159,0
7953,305,573,0
7954,305,298,0
7955,305,517,0
7956,305,377,0
7957,305,117,0
7958,305,360,0
7959,305,407,0
7960,305,380,0
7961,305,21,0
7962,305,429,0
7963,305,192,0
7964,305,875,0
7965,305,304,0
7966,305,742,0
7967,305,620,0
7968,305,563,0
7969,305,871,0
7970,305,738,0
7971,305,255,0
7972,305,107,0
7973,305,189,0
7974,305,332,0
7975,305,817,0
7976,305,559,0
7977,305,640,0
7978,305,202,0
7979,305,443,0
7980,305,888,0
7981,305,725,0
7982,305,769,0
7983,305,439,0
7984,305,445,0
7985,305,283,0
7986,305,782,0
7987,305,54,0
7988,305,454,0
7989,305,618,0
7990,305,476,0
7991,305,276,0
7992,305,465,0
7993,305,608,0
7994,305,329,0
7995,305,436,0
7996,305,123,0
7997,305,630,0
7998,305,311,0
7999,305,639,0
8000,305,876,0
8001,305,505,0
8002,305,466,0
8003,305,781,0
8004,305,284,0
8005,305,520,0
8006,305,292,0
8007,305,257,0
8008,305,432,0
8009,305,190,0
8010,305,774,0
8011,305,882,0
8012,305,761,0
8013,305,797,0
8014,305,89,0
8015,305,312,0
8016,305,396,0
8017,305,487,0
8018,305,801,0
8019,305,401,0
8020,305,70,0
8021,305,330,0
8022,305,394,0
8023,305,721,0
8024,305,154,0
8025,305,807,0
8026,305,499,0
8027,305,685,0
8028,305,60,0
8029,305,372,0
8030,305,524,0
8031,305,223,0
8032,305,664,0
8033,305,673,0
8034,305,32,0
8035,305,678,0
8036,305,358,0
8037,305,775,0
8038,305,788,0
8039,305,909,0
8040,305,723,0
8041,305,230,0
8042,305,116,0
8043,305,331,0
8044,305,225,0
8045,305,424,0
8046,305,474,0
8047,305,481,0
8048,305,147,0
8049,305,873,0
8050,305,104,0
8051,305,819,0
8052,305,102,0
8053,305,48,0
8054,305,653,0
8055,305,644,0
8056,305,85,0
8057,305,621,0
8058,305,798,0
8059,305,239,0
8060,305,457,0
8061,305,730,0
8062,305,416,0
8063,305,328,0
8064,305,94,0
8065,305,301,0
8066,305,836,0
8067,305,19,0
8068,305,405,0
8069,305,828,0
8070,305,81,0
8071,305,83,0
8072,305,150,0
8073,305,271,0
8074,305,846,0
8075,305,115,0
8076,305,263,0
8077,305,619,0
8078,305,884,0
8079,305,51,0
8080,305,440,0
8081,305,69,0
8082,305,502,0
8083,305,773,0
8084,305,692,0
8085,305,442,0
8086,305,783,0
8087,305,654,0
8088,305,733,0
8089,305,861,0
8090,305,447,0
8091,305,139,0
8092,305,586,0
8093,305,354,0
8094,305,314,0
8095,305,46,0
8096,305,417,0
8097,305,383,0
8098,305,403,0
8099,305,786,0
8100,305,699,0
8101,305,137,0
8102,305,823,0
8103,305,887,0
8104,305,652,0
8105,305,695,0
8106,305,320,0
8107,305,669,0
8108,305,870,0
8109,305,430,0
8110,305,92,0
8111,305,450,0
8112,305,261,0
8113,305,849,0
8114,305,741,0
8115,305,287,0
8116,305,206,0
8117,305,319,0
8118,305,15,0
8119,305,535,0
8120,305,118,0
8121,305,841,0
8122,305,489,0
8123,305,226,0
8124,305,539,0
8125,305,779,0
8126,305,379,0
8127,305,720,0
8128,305,564,0
8129,305,589,0
8130,305,700,0
8131,305,389,0
8132,305,683,0
8133,305,506,0
8134,305,166,0
8135,305,12,0
8136,305,290,0
8137,305,552,0
8138,305,764,0
8139,305,347,0
8140,305,279,0
8141,305,386,0
8142,305,127,0
8143,305,518,0
8144,305,763,0
8145,305,778,0
8146,305,672,0
8147,305,427,0
8148,305,238,0
8149,305,560,0
8150,305,355,0
8151,305,594,0
8152,305,198,0
8153,305,282,0
8154,305,557,0
8155,305,690,0
8156,305,449,0
8157,305,242,0
8158,305,364,0
8159,305,24,0
8160,305,162,0
8161,305,886,0
8162,305,39,0
8163,305,361,0
8164,305,612,0
8165,305,853,0
8166,305,220,0
8167,305,120,0
8168,305,140,0
8169,305,736,0
8170,305,771,0
8171,305,204,0
8172,305,391,0
8173,305,272,0
8174,305,203,0
8175,305,599,0
8176,305,686,0
8177,305,754,0
8178,305,879,0
8179,305,419,0
8180,305,885,0
8181,305,308,0
8182,305,402,0
8183,305,6,0
8184,305,718,0
8185,305,530,0
8186,305,681,0
8187,305,752,0
8188,305,684,0
8189,305,441,0
8190,305,433,0
8191,305,267,0
8192,305,173,0
8193,305,326,0
8194,305,99,0
8195,305,410,0
8196,305,169,0
8197,305,748,0
8198,305,103,0
8199,305,106,0
8200,305,143,0
8201,305,339,0
8202,305,662,0
8203,305,543,0
8204,305,835,0
8205,305,712,0
8206,305,280,0
8207,305,616,0
8208,305,795,0
8209,305,34,0
8210,305,146,0
8211,305,818,0
8212,305,91,0
8213,305,248,0
8214,305,217,0
8215,305,708,0
8216,305,671,0
8217,305,707,0
8218,305,490,0
8219,305,777,0
8220,305,337,0
8221,305,626,0
8222,305,623,0
8223,305,199,0
8224,305,1,0
8225,305,666,0
8226,305,388,0
8227,305,595,0
8228,305,895,0
8229,305,151,0
8230,305,131,0
8231,305,108,0
8232,305,789,0
8233,305,105,0
8234,305,340,0
8235,305,245,0
8236,305,547,0
8237,305,420,0
8238,305,241,0
8239,305,590,0
8240,305,892,0
8241,305,310,0
8242,305,52,0
8243,305,906,0
8244,305,177,0
8245,305,334,0
8246,305,588,0
8247,305,448,0
8248,305,128,0
8249,305,857,0
8250,305,808,0
8251,305,256,0
8252,305,359,0
8253,305,648,0
8254,305,784,0
8255,305,562,0
8256,305,521,0
8257,305,258,0
8258,355,214,0
8259,355,333,0
8260,355,775,0
8261,355,473,0
8262,355,767,0
8263,355,82,0
8264,355,909,0
8265,355,264,0
8266,355,778,0
8267,355,19,0
8268,355,262,0
8269,355,772,0
8270,355,206,0
8271,355,503,0
8272,355,409,0
8273,355,84,0
8274,355,676,0
8275,355,739,0
8276,355,495,0
8277,355,43,0
8278,355,762,0
8279,355,381,0
8280,355,530,0
8281,355,17,0
8282,355,403,0
8283,355,432,0
8284,355,56,0
8285,355,128,0
8286,355,607,0
8287,355,143,0
8288,355,726,0
8289,355,461,0
8290,355,253,0
8291,355,263,0
8292,355,547,0
8293,355,664,0
8294,355,3,0
8295,355,482,0
8296,355,883,0
8297,355,789,0
8298,355,699,0
8299,355,679,0
8300,355,799,0
8301,355,271,0
8302,355,167,0
8303,355,502,0
8304,355,9,0
8305,355,164,0
8306,355,595,0
8307,355,678,0
8308,355,169,0
8309,355,800,0
8310,355,29,0
8311,355,173,0
8312,355,55,0
8313,355,528,0
8314,355,136,0
8315,355,736,0
8316,355,362,0
8317,355,658,0
8318,355,787,0
8319,355,641,0
8320,355,443,0
8321,355,649,0
8322,355,541,0
8323,355,457,0
8324,355,120,0
8325,355,421,0
8326,355,302,0
8327,355,40,0
8328,355,451,0
8329,355,599,0
8330,355,352,0
8331,355,684,0
8332,355,551,0
8333,355,901,0
8334,355,447,0
8335,355,872,0
8336,355,760,0
8337,355,723,0
8338,355,70,0
8339,355,87,0
8340,355,51,0
8341,355,708,0
8342,355,671,0
8343,355,470,0
8344,355,347,0
8345,355,414,0
8346,355,837,0
8347,355,654,0
8348,355,354,0
8349,355,674,0
8350,355,449,0
8351,355,154,0
8352,355,719,0
8353,355,890,0
8354,355,107,0
8355,355,74,0
8356,355,434,0
8357,355,117,0
8358,355,446,0
8359,355,559,0
8360,355,543,0
8361,355,308,0
8362,355,834,0
8363,355,849,0
8364,355,6,0
8365,355,427,0
8366,355,731,0
8367,355,716,0
8368,355,279,0
8369,355,693,0
8370,355,830,0
8371,355,202,0
8372,355,610,0
8373,355,663,0
8374,355,129,0
8375,355,734,0
8376,355,544,0
8377,355,80,0
8378,355,542,0
8379,355,554,0
8380,355,25,0
8381,355,486,0
8382,355,793,0
8383,355,854,0
8384,355,538,0
8385,355,687,0
8386,355,420,0
8387,355,764,0
8388,355,534,0
8389,355,229,0
8390,355,488,0
8391,355,594,0
8392,355,119,0
8393,355,512,0
8394,355,295,0
8395,355,785,0
8396,355,841,0
8397,355,177,0
8398,355,722,0
8399,355,499,0
8400,355,102,0
8401,355,685,0
8402,355,625,0
8403,355,875,0
8404,355,150,0
8405,355,643,0
8406,355,813,0
8407,355,378,0
8408,355,250,0
8409,355,870,0
8410,355,897,0
8411,355,413,0
8412,355,531,0
8413,355,702,0
8414,355,617,0
8415,355,402,0
8416,355,179,0
8417,355,840,0
8418,355,251,0
8419,355,365,0
8420,355,733,0
8421,355,81,0
8422,355,858,0
8423,355,669,0
8424,355,192,0
8425,355,879,0
8426,355,301,0
8427,355,278,0
8428,355,677,0
8429,355,620,0
8430,355,331,0
8431,355,218,0
8432,355,505,0
8433,355,228,0
8434,355,193,0
8435,355,340,0
8436,355,334,0
8437,355,582,0
8438,355,363,0
8439,355,38,0
8440,355,300,0
8441,355,157,0
8442,355,727,0
8443,355,520,0
8444,355,611,0
8445,355,668,0
8446,355,45,0
8447,355,896,0
8448,355,769,0
8449,355,628,0
8450,355,198,0
8451,355,600,0
8452,355,291,0
8453,355,274,0
8454,355,124,0
8455,355,832,0
8456,355,226,0
8457,355,360,0
8458,355,552,0
8459,355,269,0
8460,355,411,0
8461,355,417,0
8462,355,566,0
8463,355,529,0
8464,355,36,0
8465,355,406,0
8466,355,711,0
8467,355,412,0
8468,355,886,0
8469,355,743,0
8470,355,464,0
8471,355,715,0
8472,355,661,0
8473,355,289,0
8474,355,2,0
8475,355,894,0
8476,355,307,0
8477,355,372,0
8478,355,504,0
8479,355,862,0
8480,355,746,0
8481,355,522,0
8482,355,166,0
8483,355,615,0
8484,355,1,0
8485,355,662,0
8486,355,592,0
8487,355,462,0
8488,355,391,0
8489,355,115,0
8490,355,242,0
8491,355,653,0
8492,355,614,0
8493,355,268,0
8494,355,46,0
8495,355,318,0
8496,355,633,0
8497,355,455,0
8498,355,123,0
8499,355,565,0
8500,355,309,0
8501,355,283,0
8502,355,423,0
8503,355,695,0
8504,355,329,0
8505,355,188,0
8506,355,390,0
8507,355,636,0
8508,355,203,0
8509,355,521,0
8510,355,261,0
8511,355,532,0
8512,355,751,0
8513,355,701,0
8514,355,906,0
8515,355,889,0
8516,355,634,0
8517,355,806,0
8518,355,835,0
8519,355,15,0
8520,355,320,0
8521,355,208,0
8522,355,471,0
8523,355,880,0
8524,355,670,0
8525,355,720,0
8526,355,458,0
8527,355,297,0
8528,355,266,0
8529,355,652,0
8530,355,267,0
8531,355,191,0
8532,355,480,0
8533,355,627,0
8534,355,213,0
8535,355,590,0
8536,355,112,0
8537,355,379,0
8538,355,204,0
8539,355,771,0
8540,355,89,0
8541,355,802,0
8542,355,415,0
8543,355,239,0
8544,355,466,0
8545,355,118,0
8546,355,673,0
8547,355,569,0
8548,355,69,0
8549,355,795,0
8550,355,445,0
8551,355,419,0
8552,355,256,0
8553,355,91,0
8554,355,175,0
8555,355,533,0
8556,355,868,0
8557,355,212,0
8558,355,893,0
8559,355,211,0
8560,355,92,0
8561,355,209,0
8562,355,776,0
8563,355,100,0
8564,355,27,0
8565,355,452,0
8566,355,845,0
8567,355,639,0
8568,355,666,0
8569,355,273,0
8570,355,311,0
8571,355,831,0
8572,355,596,0
8573,355,245,0
8574,355,659,0
8575,355,252,0
8576,355,645,0
8577,355,905,0
8578,355,539,0
8579,355,265,0
8580,355,48,0
8581,355,706,0
8582,355,375,0
8583,355,494,0
8584,355,850,0
8585,355,556,0
8586,355,98,0
8587,355,694,0
8588,355,581,0
8589,355,588,0
8590,355,853,0
8591,355,884,0
8592,355,137,0
8593,355,866,0
8594,355,429,0
8595,355,817,0
8596,355,53,0
8597,355,393,0
8598,355,567,0
8599,355,47,0
8600,355,648,0
8601,355,690,0
8602,355,808,0
8603,355,773,0
8604,355,742,0
8605,355,524,0
8606,355,425,0
8607,355,435,0
8608,355,431,0
8609,355,233,0
8610,355,62,0
8611,355,819,0
8612,355,784,0
8613,355,288,0
8614,355,223,0
8615,355,113,0
8616,355,490,0
8617,355,144,0
8618,355,373,0
8619,355,568,0
8620,355,574,0
8621,355,108,0
8622,355,327,0
8623,355,601,0
8624,355,276,0
8625,355,498,0
8626,355,540,0
8627,355,30,0
8628,355,660,0
8629,355,236,0
8630,355,603,0
8631,355,803,0
8632,355,796,0
8633,355,485,0
8634,355,517,0
8635,355,478,0
8636,355,310,0
8637,355,640,0
8638,355,197,0
8639,355,181,0
8640,355,665,0
8641,355,103,0
8642,355,348,0
8643,355,579,0
8644,355,364,0
8645,355,71,0
8646,355,632,0
8647,355,519,0
8648,355,724,0
8649,355,497,0
8650,355,359,0
8651,355,257,0
8652,355,14,0
8653,355,426,0
8654,355,282,0
8655,355,714,0
8656,355,691,0
8657,355,140,0
8658,355,642,0
8659,355,394,0
8660,355,75,0
8661,355,857,0
8662,355,752,0
8663,355,618,0
8664,355,820,0
8665,355,650,0
8666,355,585,0
8667,355,493,0
8668,355,160,0
8669,355,672,0
8670,355,728,0
8671,355,871,0
8672,355,127,0
8673,355,838,0
8674,355,357,0
8675,355,774,0
8676,355,298,0
8677,355,315,0
8678,355,85,0
8679,355,606,0
8680,355,479,0
8681,355,34,0
8682,355,598,0
8683,355,96,0
8684,355,560,0
8685,355,453,0
8686,355,562,0
8687,355,476,0
8688,355,763,0
8689,355,241,0
8690,355,474,0
8691,355,122,0
8692,355,631,0
8693,355,176,0
8694,355,683,0
8695,355,873,0
8696,355,442,0
8697,355,863,0
8698,355,469,0
8699,355,712,0
8700,355,472,0
8701,355,280,0
8702,355,26,0
8703,355,77,0
8704,355,891,0
8705,355,757,0
8706,355,292,0
8707,355,874,0
8708,355,740,0
8709,355,235,0
8710,355,829,0
8711,355,392,0
8712,355,689,0
8713,355,116,0
8714,355,255,0
8715,355,887,0
8716,355,28,0
8717,355,815,0
8718,355,163,0
8719,355,182,0
8720,355,550,0
8721,355,342,0
8722,355,475,0
8723,355,591,0
8724,355,428,0
8725,355,0,0
8726,355,460,0
8727,355,400,0
8728,355,366,0
8729,355,284,0
8730,355,882,0
8731,355,463,0
8732,355,418,0
8733,355,780,0
8734,355,903,0
8735,355,338,0
8736,355,729,0
8737,355,675,0
8738,355,383,0
8739,355,397,0
8740,355,249,0
8741,355,613,0
8742,355,277,0
8743,355,240,0
8744,355,39,0
8745,355,809,0
8746,355,408,0
8747,355,638,0
8748,355,730,0
8749,355,106,0
8750,355,496,0
8751,355,399,0
8752,355,319,0
8753,355,199,0
8754,355,109,0
8755,355,703,0
8756,355,147,0
8757,355,222,0
8758,355,161,0
8759,355,713,0
8760,355,186,0
8761,355,696,0
8762,355,210,0
8763,355,99,0
8764,355,353,0
8765,355,704,0
8766,355,317,0
8767,355,758,0
8768,355,172,0
8769,355,846,0
8770,355,133,0
8771,355,31,0
8772,355,162,0
8773,355,525,0
8774,355,602,0
8775,355,305,0
8776,355,146,0
8777,355,783,0
8778,355,395,0
8779,355,816,0
8780,355,35,0
8781,355,749,0
8782,355,549,0
8783,355,52,0
8784,355,518,0
8785,355,593,0
8786,355,405,0
8787,355,407,0
8788,355,185,0
8789,355,506,0
8790,355,839,0
8791,355,885,0
8792,355,877,0
8793,355,709,0
8794,355,10,0
8795,355,489,0
8796,355,382,0
8797,355,511,0
8798,355,21,0
8799,355,861,0
8800,355,207,0
8801,355,178,0
8802,355,396,0
8803,355,836,0
8804,355,216,0
8805,355,575,0
8806,355,647,0
8807,355,220,0
8808,355,380,0
8809,355,201,0
8810,355,361,0
8811,361,337,0
8812,361,366,0
8813,361,479,0
8814,361,183,0
8815,361,849,0
8816,361,295,0
8817,361,379,0
8818,361,433,0
8819,361,101,0
8820,361,232,0
8821,361,7,0
8822,361,886,0
8823,361,248,0
8824,361,149,0
8825,361,603,0
8826,361,410,0
8827,361,182,0
8828,361,278,0
8829,361,713,0
8830,361,688,0
8831,361,573,0
8832,361,322,0
8833,361,500,0
8834,361,668,0
8835,361,219,0
8836,361,564,0
8837,361,768,0
8838,361,314,0
8839,361,108,0
8840,361,593,0
8841,361,661,0
8842,361,136,0
8843,361,684,0
8844,361,359,0
8845,361,784,0
8846,361,797,0
8847,361,216,0
8848,361,885,0
8849,361,102,0
8850,361,700,0
8851,361,697,0
8852,361,341,0
8853,361,436,0
8854,361,750,0
8855,361,802,0
8856,361,384,0
8857,361,744,0
8858,361,135,0
8859,361,839,0
8860,361,705,0
8861,361,694,0
8862,361,832,0
8863,361,763,0
8864,361,376,0
8865,361,250,0
8866,361,82,0
8867,361,435,0
8868,361,288,0
8869,361,76,0
8870,361,129,0
8871,361,185,0
8872,361,899,0
8873,361,293,0
8874,361,305,0
8875,361,814,0
8876,361,315,0
8877,361,81,0
8878,361,725,0
8879,361,523,0
8880,361,804,0
8881,361,467,0
8882,361,401,0
8883,361,365,0
8884,361,369,0
8885,361,425,0
8886,361,791,0
8887,361,548,0
8888,361,696,0
8889,361,116,0
8890,361,773,0
8891,361,26,0
8892,361,67,0
8893,361,585,0
8894,361,265,0
8895,361,380,0
8896,361,902,0
8897,361,423,0
8898,361,896,0
8899,361,477,0
8900,361,408,0
8901,361,247,0
8902,361,883,0
8903,361,656,0
8904,361,277,0
8905,361,874,0
8906,361,756,0
8907,361,440,0
8908,361,535,0
8909,361,174,0
8910,361,304,0
8911,361,80,0
8912,361,524,0
8913,361,489,0
8914,361,38,0
8915,361,271,0
8916,361,177,0
8917,361,211,0
8918,361,889,0
8919,361,512,0
8920,361,473,0
8921,361,486,0
8922,361,41,0
8923,361,224,0
8924,361,615,0
8925,361,678,0
8926,361,434,0
8927,361,812,0
8928,361,717,0
8929,361,692,0
8930,361,749,0
8931,361,671,0
8932,361,852,0
8933,361,505,0
8934,361,506,0
8935,361,499,0
8936,361,588,0
8937,361,805,0
8938,361,474,0
8939,361,72,0
8940,361,16,0
8941,361,704,0
8942,361,555,0
8943,361,155,0
8944,361,85,0
8945,361,115,0
8946,361,227,0
8947,361,362,0
8948,361,731,0
8949,361,563,0
8950,361,461,0
8951,361,284,0
8952,361,50,0
8953,361,785,0
8954,361,377,0
8955,361,92,0
8956,361,317,0
8957,361,35,0
8958,361,829,0
8959,361,738,0
8960,361,203,0
8961,361,761,0
8962,361,358,0
8963,361,542,0
8964,361,270,0
8965,361,411,0
8966,361,385,0
8967,361,877,0
8968,361,132,0
8969,361,397,0
8970,361,795,0
8971,361,145,0
8972,361,327,0
8973,361,172,0
8974,361,259,0
8975,361,891,0
8976,361,218,0
8977,361,140,0
8978,361,788,0
8979,361,498,0
8980,361,823,0
8981,361,100,0
8982,361,721,0
8983,361,667,0
8984,361,153,0
8985,361,106,0
8986,361,43,0
8987,361,583,0
8988,361,198,0
8989,361,179,0
8990,361,627,0
8991,361,262,0
8992,361,14,0
8993,361,448,0
8994,361,12,0
8995,361,54,0
8996,361,68,0
8997,361,866,0
8998,361,276,0
8999,361,660,0
9000,361,157,0
9001,361,546,0
9002,361,336,0
9003,361,458,0
9004,361,570,0
9005,361,836,0
9006,361,699,0
9007,361,880,0
9008,361,357,0
9009,361,220,0
9010,361,576,0
9011,361,733,0
9012,361,633,0
9013,361,79,0
9014,361,104,0
9015,361,658,0
9016,361,693,0
9017,361,297,0
9018,361,89,0
9019,361,559,0
9020,361,286,0
9021,361,128,0
9022,361,194,0
9023,361,790,0
9024,361,748,0
9025,361,422,0
9026,361,614,0
9027,361,120,0
9028,361,685,0
9029,361,37,0
9030,361,831,0
9031,361,657,0
9032,361,451,0
9033,361,223,0
9034,361,521,0
9035,361,133,0
9036,361,453,0
9037,361,282,0
9038,361,844,0
9039,361,787,0
9040,361,146,0
9041,361,229,0
9042,361,21,0
9043,361,664,0
9044,361,638,0
9045,361,20,0
9046,361,545,0
9047,361,508,0
9048,361,158,0
9049,361,121,0
9050,361,544,0
9051,361,626,0
9052,361,429,0
9053,361,392,0
9054,361,63,0
9055,361,97,0
9056,361,233,0
9057,361,294,0
9058,361,645,0
9059,361,23,0
9060,361,196,0
9061,361,439,0
9062,361,782,0
9063,361,604,0
9064,361,343,0
9065,361,289,0
9066,361,222,0
9067,361,735,0
9068,361,413,0
9069,361,61,0
9070,361,581,0
9071,361,808,0
9072,361,5,0
9073,361,246,0
9074,361,884,0
9075,361,409,0
9076,361,432,0
9077,361,87,0
9078,361,75,0
9079,361,131,0
9080,361,389,0
9081,361,850,0
9082,361,905,0
9083,361,460,0
9084,361,639,0
9085,361,519,0
9086,361,818,0
9087,361,226,0
9088,361,298,0
9089,361,208,0
9090,361,463,0
9091,361,483,0
9092,361,672,0
9093,361,798,0
9094,361,29,0
9095,361,762,0
9096,361,894,0
9097,361,630,0
9098,361,33,0
9099,361,431,0
9100,361,847,0
9101,361,652,0
9102,361,363,0
9103,361,381,0
9104,361,707,0
9105,361,878,0
9106,361,698,0
9107,361,347,0
9108,361,772,0
9109,361,730,0
9110,361,865,0
9111,361,302,0
9112,361,339,0
9113,361,516,0
9114,361,631,0
9115,361,596,0
9116,361,522,0
9117,361,452,0
9118,361,169,0
9119,361,487,0
9120,361,679,0
9121,361,267,0
9122,361,386,0
9123,361,264,0
9124,361,283,0
9125,361,134,0
9126,361,838,0
9127,361,854,0
9128,361,328,0
9129,361,402,0
9130,361,291,0
9131,361,281,0
9132,361,846,0
9133,361,484,0
9134,361,269,0
9135,361,186,0
9136,361,903,0
9137,361,811,0
9138,361,841,0
9139,361,299,0
9140,361,228,0
9141,361,47,0
9142,361,497,0
9143,361,109,0
9144,361,417,0
9145,361,598,0
9146,361,837,0
9147,361,279,0
9148,361,335,0
9149,361,794,0
9150,361,779,0
9151,361,753,0
9152,361,88,0
9153,361,275,0
9154,361,876,0
9155,361,716,0
9156,361,353,0
9157,361,647,0
9158,361,398,0
9159,361,625,0
9160,361,591,0
9161,361,272,0
9162,361,842,0
9163,361,510,0
9164,361,754,0
9165,361,666,0
9166,361,757,0
9167,361,728,0
9168,361,309,0
9169,361,582,0
9170,361,69,0
9171,361,242,0
9172,361,468,0
9173,361,786,0
9174,361,356,0
9175,361,511,0
9176,361,338,0
9177,361,66,0
9178,361,241,0
9179,361,426,0
9180,361,669,0
9181,361,501,0
9182,361,675,0
9183,361,407,0
9184,361,470,0
9185,361,887,0
9186,361,238,0
9187,361,870,0
9188,361,311,0
9189,361,91,0
9190,361,441,0
9191,361,589,0
9192,361,568,0
9193,361,107,0
9194,361,781,0
9195,361,257,0
9196,361,898,0
9197,361,723,0
9198,361,205,0
9199,361,39,0
9200,361,747,0
9201,361,778,0
9202,361,204,0
9203,361,530,0
9204,361,586,0
9205,361,201,0
9206,361,25,0
9207,361,739,0
9208,361,256,0
9209,361,329,0
9210,361,130,0
9211,361,590,0
9212,361,701,0
9213,361,709,0
9214,361,872,0
9215,361,900,0
9216,361,438,0
9217,361,342,0
9218,361,319,0
9219,361,871,0
9220,361,340,0
9221,361,858,0
9222,361,691,0
9223,361,430,0
9224,361,166,0
9225,361,49,0
9226,361,862,0
9227,361,237,0
9228,361,214,0
9229,361,126,0
9230,361,881,0
9231,361,528,0
9232,361,547,0
9233,361,258,0
9234,361,78,0
9235,361,513,0
9236,361,493,0
9237,361,554,0
9238,361,141,0
9239,361,799,0
9240,361,635,0
9241,361,268,0
9242,361,475,0
9243,361,240,0
9244,361,147,0
9245,361,622,0
9246,361,835,0
9247,361,777,0
9248,361,680,0
9249,361,867,0
9250,361,677,0
9251,361,892,0
9252,361,372,0
9253,361,895,0
9254,361,90,0
9255,361,560,0
9256,361,249,0
9257,361,190,0
9258,361,765,0
9259,361,566,0
9260,361,348,0
9261,361,619,0
9262,361,665,0
9263,361,244,0
9264,361,301,0
9265,361,200,0
9266,361,494,0
9267,361,245,0
9268,361,86,0
9269,361,243,0
9270,361,641,0
9271,361,869,0
9272,361,732,0
9273,361,840,0
9274,361,393,0
9275,361,774,0
9276,361,6,0
9277,361,105,0
9278,361,557,0
9279,361,695,0
9280,361,71,0
9281,361,383,0
9282,361,55,0
9283,361,689,0
9284,361,2,0
9285,361,443,0
9286,361,629,0
9287,361,444,0
9288,361,390,0
9289,361,796,0
9290,361,551,0
9291,361,56,0
9292,361,285,0
9293,361,352,0
9294,361,584,0
9295,361,251,0
9296,361,373,0
9297,361,199,0
9298,361,507,0
9299,361,119,0
9300,361,11,0
9301,361,822,0
9302,361,767,0
9303,361,404,0
9304,361,577,0
9305,361,655,0
9306,361,712,0
9307,361,602,0
9308,361,406,0
9309,361,606,0
9310,361,745,0
9311,361,253,0
9312,361,360,0
9313,361,759,0
9314,361,907,0
9315,361,609,0
9316,361,344,0
9317,361,28,0
9318,361,450,0
9319,361,447,0
9320,361,848,0
9321,361,764,0
9322,361,45,0
9323,361,231,0
9324,361,561,0
9325,361,161,0
9326,361,608,0
9327,361,703,0
9328,361,741,0
9329,361,724,0
9330,361,674,0
9331,361,388,0
9332,361,491,0
9333,361,454,0
9334,361,459,0
9335,361,722,0
9336,361,58,0
9337,361,648,0
9338,361,888,0
9339,361,412,0
9340,361,527,0
9341,361,202,0
9342,361,575,0
9343,361,676,0
9344,361,580,0
9345,361,139,0
9346,361,255,0
9347,361,601,0
9348,361,171,0
9349,361,296,0
9350,361,3,0
9351,361,708,0
9352,361,706,0
9353,361,173,0
9354,361,901,0
9355,361,562,0
9356,361,74,0
9357,361,367,0
9358,361,217,0
9359,361,103,0
9360,361,420,0
9361,361,495,0
9362,361,553,0
9363,361,371,0
9364,361,184,0
9365,361,324,0
9366,361,150,0
9367,361,152,0
9368,361,726,0
9369,361,711,0
9370,361,503,0
9371,361,263,0
9372,361,651,0
9373,361,746,0
9374,361,418,0
9375,361,482,0
9376,361,481,0
9377,361,394,0
9378,361,181,0
9379,361,419,0
9380,361,617,0
9381,361,472,0
9382,361,462,0
9383,361,908,0
9384,361,634,0
9385,361,235,0
9386,361,94,0
9387,361,31,0
9388,361,594,0
9389,361,375,0
9390,361,531,0
9391,361,310,0
9392,361,36,0
9393,361,168,0
9394,361,378,0
9395,361,395,0
9396,361,405,0
9397,361,821,0
9398,361,628,0
9399,361,465,0
9400,361,221,0
9401,361,875,0
9402,361,567,0
9403,361,864,0
9404,361,46,0
9405,361,715,0
9406,361,252,0
9407,361,857,0
9408,361,44,0
9409,361,197,0
9410,361,653,0
9411,361,541,0
9412,361,334,0
9413,361,59,0
9414,361,526,0
9415,361,525,0
9416,361,165,0
9417,361,156,0
9418,361,624,0
9419,374,810,0
9420,374,65,0
9421,374,618,0
9422,374,442,0
9423,374,408,0
9424,374,852,0
9425,374,499,0
9426,374,866,0
9427,374,458,0
9428,374,304,0
9429,374,8,0
9430,374,795,0
9431,374,327,0
9432,374,255,0
9433,374,749,0
9434,374,301,0
9435,374,48,0
9436,374,495,0
9437,374,196,0
9438,374,803,0
9439,374,744,0
9440,374,280,0
9441,374,832,0
9442,374,321,0
9443,374,712,0
9444,374,854,0
9445,374,489,0
9446,374,429,0
9447,374,274,0
9448,374,407,0
9449,374,621,0
9450,374,370,0
9451,374,614,0
9452,374,562,0
9453,374,714,0
9454,374,706,0
9455,374,200,0
9456,374,780,0
9457,374,419,0
9458,374,164,0
9459,374,10,0
9460,374,109,0
9461,374,175,0
9462,374,291,0
9463,374,300,0
9464,374,877,0
9465,374,34,0
9466,374,685,0
9467,374,704,0
9468,374,883,0
9469,374,270,0
9470,374,546,0
9471,374,347,0
9472,374,643,0
9473,374,609,0
9474,374,667,0
9475,374,217,0
9476,374,739,0
9477,374,559,0
9478,374,679,0
9479,374,541,0
9480,374,598,0
9481,374,468,0
9482,374,59,0
9483,374,375,0
9484,374,221,0
9485,374,853,0
9486,374,697,0
9487,374,97,0
9488,374,238,0
9489,374,782,0
9490,374,207,0
9491,374,587,0
9492,374,198,0
9493,374,492,0
9494,374,293,0
9495,374,889,0
9496,374,435,0
9497,374,395,0
9498,374,266,0
9499,374,635,0
9500,374,814,0
9501,374,206,0
9502,374,140,0
9503,374,830,0
9504,374,496,0
9505,374,380,0
9506,374,628,0
9507,374,107,0
9508,374,532,0
9509,374,132,0
9510,374,721,0
9511,374,569,0
9512,374,493,0
9513,374,699,0
9514,374,501,0
9515,374,361,0
9516,374,809,0
9517,374,136,0
9518,374,785,0
9519,374,64,0
9520,374,671,0
9521,374,892,0
9522,374,619,0
9523,374,875,0
9524,374,281,0
9525,374,615,0
9526,374,439,0
9527,374,666,0
9528,374,185,0
9529,374,214,0
9530,374,287,0
9531,374,173,0
9532,374,356,0
9533,374,592,0
9534,374,113,0
9535,374,397,0
9536,374,459,0
9537,374,894,0
9538,374,674,0
9539,374,336,0
9540,374,773,0
9541,374,630,0
9542,374,102,0
9543,374,12,0
9544,374,26,0
9545,374,741,0
9546,374,536,0
9547,374,896,0
9548,374,806,0
9549,374,812,0
9550,374,62,0
9551,374,154,0
9552,374,574,0
9553,374,869,0
9554,374,502,0
9555,374,43,0
9556,374,748,0
9557,374,80,0
9558,374,568,0
9559,374,481,0
9560,374,729,0
9561,374,477,0
9562,374,415,0
9563,374,787,0
9564,374,371,0
9565,374,533,0
9566,374,513,0
9567,374,82,0
9568,374,655,0
9569,374,138,0
9570,374,558,0
9571,374,552,0
9572,374,577,0
9573,374,49,0
9574,374,855,0
9575,374,258,0
9576,374,332,0
9577,374,52,0
9578,374,213,0
9579,374,846,0
9580,374,279,0
9581,374,354,0
9582,374,151,0
9583,374,893,0
9584,374,309,0
9585,374,368,0
9586,374,472,0
9587,374,330,0
9588,374,595,0
9589,374,161,0
9590,374,626,0
9591,374,715,0
9592,374,724,0
9593,374,106,0
9594,374,772,0
9595,374,22,0
9596,374,284,0
9597,374,262,0
9598,374,278,0
9599,374,128,0
9600,374,873,0
9601,374,696,0
9602,374,396,0
9603,374,285,0
9604,374,172,0
9605,374,410,0
9606,374,208,0
9607,374,76,0
9608,374,817,0
9609,374,143,0
9610,374,96,0
9611,374,87,0
9612,374,747,0
9613,374,393,0
9614,374,582,0
9615,374,818,0
9616,374,267,0
9617,374,680,0
9618,374,789,0
9619,374,786,0
9620,374,305,0
9621,374,449,0
9622,374,153,0
9623,374,431,0
9624,374,57,0
9625,374,120,0
9626,374,101,0
9627,374,665,0
9628,374,114,0
9629,374,39,0
9630,374,124,0
9631,374,201,0
9632,374,261,0
9633,374,450,0
9634,374,507,0
9635,374,539,0
9636,374,676,0
9637,374,246,0
9638,374,455,0
9639,374,805,0
9640,374,211,0
9641,374,551,0
9642,374,81,0
9643,374,218,0
9644,374,738,0
9645,374,836,0
9646,374,549,0
9647,374,732,0
9648,374,560,0
9649,374,170,0
9650,374,24,0
9651,374,864,0
9652,374,131,0
9653,374,392,0
9654,374,668,0
9655,374,538,0
9656,374,838,0
9657,374,150,0
9658,374,686,0
9659,374,273,0
9660,374,580,0
9661,374,471,0
9662,374,702,0
9663,374,441,0
9664,374,110,0
9665,374,366,0
9666,374,359,0
9667,374,21,0
9668,374,187,0
9669,374,479,0
9670,374,428,0
9671,374,737,0
9672,374,127,0
9673,374,645,0
9674,374,870,0
9675,374,351,0
9676,374,77,0
9677,374,771,0
9678,374,289,0
9679,374,778,0
9680,374,322,0
9681,374,707,0
9682,374,632,0
9683,374,391,0
9684,374,241,0
9685,374,125,0
9686,374,14,0
9687,374,554,0
9688,374,17,0
9689,374,222,0
9690,374,220,0
9691,374,756,0
9692,374,754,0
9693,374,118,0
9694,374,352,0
9695,374,38,0
9696,374,146,0
9697,374,348,0
9698,374,725,0
9699,374,424,0
9700,374,176,0
9701,374,184,0
9702,374,648,0
9703,374,69,0
9704,374,242,0
9705,374,616,0
9706,374,730,0
9707,374,586,0
9708,374,575,0
9709,374,402,0
9710,374,801,0
9711,374,863,0
9712,374,603,0
9713,374,703,0
9714,374,420,0
9715,374,760,0
9716,374,799,0
9717,374,544,0
9718,374,372,0
9719,374,147,0
9720,374,625,0
9721,374,519,0
9722,374,405,0
9723,374,524,0
9724,374,36,0
9725,374,225,0
9726,374,245,0
9727,374,791,0
9728,374,613,0
9729,374,84,0
9730,374,755,0
9731,374,160,0
9732,374,139,0
9733,374,695,0
9734,374,827,0
9735,374,890,0
9736,374,362,0
9737,374,585,0
9738,374,675,0
9739,374,72,0
9740,374,692,0
9741,374,316,0
9742,374,166,0
9743,374,882,0
9744,374,229,0
9745,374,40,0
9746,374,633,0
9747,374,373,0
9748,374,438,0
9749,374,384,0
9750,374,731,0
9751,374,53,0
9752,374,93,0
9753,374,165,0
9754,374,425,0
9755,374,904,0
9756,374,644,0
9757,374,315,0
9758,374,484,0
9759,374,881,0
9760,374,796,0
9761,374,905,0
9762,374,757,0
9763,374,358,0
9764,374,636,0
9765,374,252,0
9766,374,906,0
9767,374,276,0
9768,374,141,0
9769,374,583,0
9770,374,746,0
9771,374,269,0
9772,374,83,0
9773,374,637,0
9774,374,783,0
9775,374,339,0
9776,374,5,0
9777,374,848,0
9778,374,133,0
9779,374,335,0
9780,374,247,0
9781,374,733,0
9782,374,434,0
9783,374,16,0
9784,374,233,0
9785,374,461,0
9786,374,319,0
9787,374,183,0
9788,374,591,0
9789,374,250,0
9790,374,884,0
9791,374,716,0
9792,374,295,0
9793,374,451,0
9794,374,663,0
9795,374,808,0
9796,374,490,0
9797,374,386,0
9798,374,576,0
9799,374,444,0
9800,374,99,0
9801,374,192,0
9802,374,871,0
9803,374,227,0
9804,374,797,0
9805,374,698,0
9806,374,202,0
9807,374,662,0
9808,374,788,0
9809,374,535,0
9810,374,815,0
9811,374,545,0
9812,374,837,0
9813,374,369,0
9814,374,190,0
9815,374,111,0
9816,374,888,0
9817,374,750,0
9818,374,404,0
9819,374,833,0
9820,374,766,0
9821,374,723,0
9822,374,32,0
9823,374,234,0
9824,374,123,0
9825,374,448,0
9826,374,734,0
9827,374,240,0
9828,374,494,0
9829,374,103,0
9830,374,86,0
9831,374,727,0
9832,374,483,0
9833,374,112,0
9834,374,767,0
9835,374,144,0
9836,374,325,0
9837,374,800,0
9838,374,268,0
9839,374,901,0
9840,374,857,0
9841,374,765,0
9842,374,223,0
9843,374,426,0
9844,374,29,0
9845,374,839,0
9846,374,523,0
9847,374,856,0
9848,374,654,0
9849,374,13,0
9850,374,529,0
9851,374,155,0
9852,374,9,0
9853,374,236,0
9854,374,121,0
9855,374,550,0
9856,374,820,0
9857,374,639,0
9858,374,231,0
9859,374,823,0
9860,374,868,0
9861,374,510,0
9862,374,865,0
9863,374,763,0
9864,374,784,0
9865,374,447,0
9866,374,761,0
9867,374,94,0
9868,374,858,0
9869,374,543,0
9870,374,297,0
9871,374,215,0
9872,374,768,0
9873,374,691,0
9874,374,412,0
9875,374,673,0
9876,374,186,0
9877,374,740,0
9878,374,475,0
9879,374,35,0
9880,374,299,0
9881,374,548,0
9882,374,672,0
9883,374,653,0
9884,374,566,0
9885,374,794,0
9886,374,346,0
9887,374,898,0
9888,374,601,0
9889,374,622,0
9890,374,452,0
9891,374,779,0
9892,374,669,0
9893,374,824,0
9894,374,578,0
9895,374,710,0
9896,374,320,0
9897,374,640,0
9898,374,517,0
9899,374,658,0
9900,374,271,0
9901,374,31,0
9902,374,476,0
9903,374,272,0
9904,374,860,0
9905,374,318,0
9906,374,149,0
9907,374,584,0
9908,374,100,0
9909,374,542,0
9910,374,804,0
9911,374,2,0
9912,374,365,0
9913,374,264,0
9914,374,816,0
9915,374,134,0
9916,374,159,0
9917,374,719,0
9918,374,360,0
9919,374,89,0
9920,374,728,0
9921,374,597,0
9922,374,842,0
9923,374,798,0
9924,374,850,0
9925,374,652,0
9926,374,872,0
9927,374,847,0
9928,374,78,0
9929,374,418,0
9930,374,30,0
9931,374,555,0
9932,374,480,0
9933,374,129,0
9934,374,311,0
9935,374,437,0
9936,374,342,0
9937,374,209,0
9938,374,596,0
9939,374,902,0
9940,374,456,0
9941,374,470,0
9942,374,687,0
9943,374,389,0
9944,374,156,0
9945,374,6,0
9946,374,825,0
9947,374,41,0
9948,374,104,0
9949,374,600,0
9950,374,178,0
9951,374,604,0
9952,374,145,0
9953,374,324,0
9954,374,191,0
9955,374,813,0
9956,374,593,0
9957,374,4,0
9958,374,650,0
9959,374,446,0
9960,374,416,0
9961,374,119,0
9962,374,177,0
9963,374,3,0
9964,374,95,0
9965,374,482,0
9966,374,210,0
9967,374,811,0
9968,374,516,0
9969,374,400,0
9970,374,158,0
9971,374,70,0
9972,374,232,0
9973,374,531,0
9974,374,556,0
9975,374,579,0
9976,374,116,0
9977,374,91,0
9978,374,277,0
9979,374,108,0
9980,374,610,0
9981,374,590,0
9982,374,422,0
9983,374,376,0
9984,374,641,0
9985,374,620,0
9986,374,345,0
9987,374,512,0
9988,374,296,0
9989,374,243,0
9990,374,617,0
9991,374,899,0
9992,374,169,0
9993,374,413,0
9994,374,460,0
9995,374,792,0
9996,374,851,0
9997,374,689,0
9998,374,28,0
9999,374,907,0
10000,374,886,0
10001,374,661,0
10002,374,776,0
10003,374,841,0
10004,374,25,0
10005,374,826,0
10006,374,700,0
10007,374,162,0
10008,374,682,0
10009,374,900,0
10010,374,599,0
10011,374,317,0
10012,374,341,0
10013,374,326,0
10014,374,92,0
10015,374,867,0
10016,374,874,0
10017,374,522,0
10018,374,504,0
10019,374,54,0
10020,374,168,0
10021,374,259,0
10022,374,275,0
10023,374,735,0
10024,374,283,0
10025,374,656,0
10026,399,410,0
10027,399,94,0
10028,399,581,0
10029,399,444,0
10030,399,113,0
10031,399,42,0
10032,399,864,0
10033,399,849,0
10034,399,637,0
10035,399,56,0
10036,399,894,0
10037,399,703,0
10038,399,846,0
10039,399,86,0
10040,399,438,0
10041,399,719,0
10042,399,599,0
10043,399,332,0
10044,399,667,0
10045,399,746,0
10046,399,479,0
10047,399,58,0
10048,399,882,0
10049,399,69,0
10050,399,493,0
10051,399,670,0
10052,399,712,0
10053,399,764,0
10054,399,475,0
10055,399,347,0
10056,399,20,0
10057,399,194,0
10058,399,382,0
10059,399,247,0
10060,399,551,0
10061,399,41,0
10062,399,254,0
10063,399,539,0
10064,399,621,0
10065,399,1,0
10066,399,888,0
10067,399,57,0
10068,399,459,0
10069,399,70,0
10070,399,346,0
10071,399,730,0
10072,399,89,0
10073,399,504,0
10074,399,857,0
10075,399,359,0
10076,399,907,0
10077,399,200,0
10078,399,275,0
10079,399,625,0
10080,399,173,0
10081,399,197,0
10082,399,723,0
10083,399,6,0
10084,399,246,0
10085,399,27,0
10086,399,662,0
10087,399,495,0
10088,399,691,0
10089,399,265,0
10090,399,784,0
10091,399,893,0
10092,399,129,0
10093,399,37,0
10094,399,212,0
10095,399,292,0
10096,399,255,0
10097,399,244,0
10098,399,768,0
10099,399,613,0
10100,399,793,0
10101,399,196,0
10102,399,327,0
10103,399,851,0
10104,399,153,0
10105,399,822,0
10106,399,305,0
10107,399,517,0
10108,399,760,0
10109,399,251,0
10110,399,442,0
10111,399,654,0
10112,399,618,0
10113,399,545,0
10114,399,747,0
10115,399,842,0
10116,399,408,0
10117,399,696,0
10118,399,714,0
10119,399,884,0
10120,399,404,0
10121,399,728,0
10122,399,732,0
10123,399,807,0
10124,399,806,0
10125,399,499,0
10126,399,397,0
10127,399,92,0
10128,399,571,0
10129,399,336,0
10130,399,201,0
10131,399,674,0
10132,399,692,0
10133,399,256,0
10134,399,865,0
10135,399,838,0
10136,399,384,0
10137,399,477,0
10138,399,466,0
10139,399,526,0
10140,399,858,0
10141,399,823,0
10142,399,14,0
10143,399,591,0
10144,399,21,0
10145,399,392,0
10146,399,280,0
10147,399,354,0
10148,399,316,0
10149,399,34,0
10150,399,223,0
10151,399,133,0
10152,399,228,0
10153,399,610,0
10154,399,75,0
10155,399,523,0
10156,399,704,0
10157,399,651,0
10158,399,502,0
10159,399,652,0
10160,399,127,0
10161,399,745,0
10162,399,830,0
10163,399,862,0
10164,399,854,0
10165,399,756,0
10166,399,134,0
10167,399,611,0
10168,399,183,0
10169,399,362,0
10170,399,157,0
10171,399,695,0
10172,399,326,0
10173,399,189,0
10174,399,762,0
10175,399,808,0
10176,399,649,0
10177,399,639,0
10178,399,533,0
10179,399,898,0
10180,399,2,0
10181,399,867,0
10182,399,748,0
10183,399,172,0
10184,399,262,0
10185,399,832,0
10186,399,176,0
10187,399,339,0
10188,399,584,0
10189,399,795,0
10190,399,789,0
10191,399,425,0
10192,399,455,0
10193,399,205,0
10194,399,81,0
10195,399,828,0
10196,399,403,0
10197,399,878,0
10198,399,702,0
10199,399,434,0
10200,399,227,0
10201,399,67,0
10202,399,590,0
10203,399,673,0
10204,399,484,0
10205,399,174,0
10206,399,199,0
10207,399,790,0
10208,399,279,0
10209,399,8,0
10210,399,819,0
10211,399,681,0
10212,399,829,0
10213,399,295,0
10214,399,198,0
10215,399,235,0
10216,399,85,0
10217,399,162,0
10218,399,682,0
10219,399,497,0
10220,399,136,0
10221,399,74,0
10222,399,321,0
10223,399,370,0
10224,399,510,0
10225,399,248,0
10226,399,490,0
10227,399,374,0
10228,399,286,0
10229,399,131,0
10230,399,261,0
10231,399,544,0
10232,399,242,0
10233,399,750,0
10234,399,437,0
10235,399,96,0
10236,399,508,0
10237,399,773,0
10238,399,614,0
10239,399,592,0
10240,399,314,0
10241,399,678,0
10242,399,303,0
10243,399,902,0
10244,399,896,0
10245,399,396,0
10246,399,716,0
10247,399,264,0
10248,399,876,0
10249,399,725,0
10250,399,285,0
10251,399,203,0
10252,399,527,0
10253,399,805,0
10254,399,628,0
10255,399,118,0
10256,399,269,0
10257,399,147,0
10258,399,482,0
10259,399,724,0
10260,399,430,0
10261,399,179,0
10262,399,9,0
10263,399,899,0
10264,399,815,0
10265,399,567,0
10266,399,559,0
10267,399,114,0
10268,399,218,0
10269,399,299,0
10270,399,15,0
10271,399,47,0
10272,399,769,0
10273,399,350,0
10274,399,635,0
10275,399,885,0
10276,399,422,0
10277,399,239,0
10278,399,364,0
10279,399,617,0
10280,399,886,0
10281,399,426,0
10282,399,528,0
10283,399,872,0
10284,399,740,0
10285,399,472,0
10286,399,209,0
10287,399,478,0
10288,399,372,0
10289,399,542,0
10290,399,729,0
10291,399,283,0
10292,399,642,0
10293,399,686,0
10294,399,154,0
10295,399,818,0
10296,399,727,0
10297,399,657,0
10298,399,708,0
10299,399,564,0
10300,399,289,0
10301,399,348,0
10302,399,215,0
10303,399,64,0
10304,399,634,0
10305,399,142,0
10306,399,281,0
10307,399,66,0
10308,399,107,0
10309,399,111,0
10310,399,224,0
10311,399,331,0
10312,399,170,0
10313,399,711,0
10314,399,245,0
10315,399,492,0
10316,399,3,0
10317,399,139,0
10318,399,486,0
10319,399,109,0
10320,399,690,0
10321,399,415,0
10322,399,337,0
10323,399,258,0
10324,399,612,0
10325,399,188,0
10326,399,412,0
10327,399,257,0
10328,399,494,0
10329,399,633,0
10330,399,546,0
10331,399,580,0
10332,399,850,0
10333,399,582,0
10334,399,102,0
10335,399,409,0
10336,399,324,0
10337,399,473,0
10338,399,782,0
10339,399,786,0
10340,399,400,0
10341,399,630,0
10342,399,12,0
10343,399,40,0
10344,399,308,0
10345,399,638,0
10346,399,393,0
10347,399,249,0
10348,399,594,0
10349,399,357,0
10350,399,553,0
10351,399,429,0
10352,399,54,0
10353,399,298,0
10354,399,10,0
10355,399,367,0
10356,399,141,0
10357,399,342,0
10358,399,414,0
10359,399,116,0
10360,399,574,0
10361,399,236,0
10362,399,159,0
10363,399,742,0
10364,399,351,0
10365,399,150,0
10366,399,122,0
10367,399,683,0
10368,399,341,0
10369,399,277,0
10370,399,23,0
10371,399,406,0
10372,399,416,0
10373,399,195,0
10374,399,524,0
10375,399,824,0
10376,399,166,0
10377,399,537,0
10378,399,877,0
10379,399,520,0
10380,399,733,0
10381,399,491,0
10382,399,338,0
10383,399,394,0
10384,399,583,0
10385,399,232,0
10386,399,853,0
10387,399,317,0
10388,399,296,0
10389,399,178,0
10390,399,168,0
10391,399,776,0
10392,399,875,0
10393,399,814,0
10394,399,53,0
10395,399,29,0
10396,399,474,0
10397,399,643,0
10398,399,240,0
10399,399,273,0
10400,399,620,0
10401,399,306,0
10402,399,26,0
10403,399,123,0
10404,399,802,0
10405,399,538,0
10406,399,250,0
10407,399,171,0
10408,399,835,0
10409,399,160,0
10410,399,597,0
10411,399,689,0
10412,399,93,0
10413,399,636,0
10414,399,108,0
10415,399,709,0
10416,399,588,0
10417,399,821,0
10418,399,252,0
10419,399,873,0
10420,399,43,0
10421,399,439,0
10422,399,489,0
10423,399,631,0
10424,399,25,0
10425,399,101,0
10426,399,626,0
10427,399,344,0
10428,399,552,0
10429,399,549,0
10430,399,77,0
10431,399,616,0
10432,399,226,0
10433,399,909,0
10434,407,778,0
10435,407,410,0
10436,407,855,0
10437,407,237,0
10438,407,554,0
10439,407,51,0
10440,407,751,0
10441,407,847,0
10442,407,38,0
10443,407,273,0
10444,407,86,0
10445,407,11,0
10446,407,826,0
10447,407,357,0
10448,407,17,0
10449,407,59,0
10450,407,677,0
10451,407,251,0
10452,407,464,0
10453,407,862,0
10454,407,272,0
10455,407,281,0
10456,407,704,0
10457,407,572,0
10458,407,282,0
10459,407,530,0
10460,407,239,0
10461,407,311,0
10462,407,428,0
10463,407,216,0
10464,407,229,0
10465,407,565,0
10466,407,502,0
10467,407,235,0
10468,407,220,0
10469,407,475,0
10470,407,702,0
10471,407,872,0
10472,407,292,0
10473,407,841,0
10474,407,656,0
10475,407,791,0
10476,407,390,0
10477,407,714,0
10478,407,162,0
10479,407,623,0
10480,407,755,0
10481,407,156,0
10482,407,580,0
10483,407,449,0
10484,407,672,0
10485,407,660,0
10486,407,533,0
10487,407,811,0
10488,407,707,0
10489,407,247,0
10490,407,903,0
10491,407,782,0
10492,407,287,0
10493,407,699,0
10494,407,419,0
10495,407,308,0
10496,407,688,0
10497,407,878,0
10498,407,367,0
10499,407,674,0
10500,407,634,0
10501,407,665,0
10502,407,257,0
10503,407,79,0
10504,407,331,0
10505,407,66,0
10506,407,724,0
10507,407,698,0
10508,407,12,0
10509,407,876,0
10510,407,52,0
10511,407,275,0
10512,407,343,0
10513,407,73,0
10514,407,341,0
10515,407,898,0
10516,407,632,0
10517,407,362,0
10518,407,563,0
10519,407,784,0
10520,407,5,0
10521,407,115,0
10522,407,177,0
10523,407,519,0
10524,407,335,0
10525,407,722,0
10526,407,477,0
10527,407,405,0
10528,407,420,0
10529,407,258,0
10530,407,406,0
10531,407,531,0
10532,407,582,0
10533,407,396,0
10534,407,820,0
10535,407,750,0
10536,407,815,0
10537,407,492,0
10538,407,523,0
10539,407,590,0
10540,407,627,0
10541,407,225,0
10542,407,661,0
10543,407,145,0
10544,407,802,0
10545,407,77,0
10546,407,347,0
10547,407,49,0
10548,407,908,0
10549,407,224,0
10550,407,788,0
10551,407,896,0
10552,407,518,0
10553,407,133,0
10554,407,673,0
10555,407,783,0
10556,407,749,0
10557,407,276,0
10558,407,520,0
10559,407,254,0
10560,407,642,0
10561,407,851,0
10562,407,624,0
10563,407,573,0
10564,407,191,0
10565,407,415,0
10566,407,612,0
10567,407,436,0
10568,407,818,0
10569,407,827,0
10570,407,350,0
10571,407,501,0
10572,407,549,0
10573,407,214,0
10574,407,180,0
10575,407,392,0
10576,407,138,0
10577,407,382,0
10578,407,456,0
10579,407,846,0
10580,407,61,0
10581,407,329,0
10582,407,721,0
10583,407,532,0
10584,407,787,0
10585,407,6,0
10586,407,159,0
10587,407,227,0
10588,407,584,0
10589,407,69,0
10590,407,631,0
10591,407,213,0
10592,407,600,0
10593,407,314,0
10594,407,438,0
10595,407,274,0
10596,407,26,0
10597,407,200,0
10598,407,824,0
10599,407,2,0
10600,407,100,0
10601,407,739,0
10602,407,670,0
10603,407,139,0
10604,407,512,0
10605,407,150,0
10606,407,615,0
10607,407,567,0
10608,407,712,0
10609,407,773,0
10610,407,848,0
10611,407,647,0
10612,407,708,0
10613,407,333,0
10614,407,360,0
10615,407,332,0
10616,407,285,0
10617,407,883,0
10618,407,857,0
10619,407,619,0
10620,407,692,0
10621,407,865,0
10622,407,635,0
10623,407,770,0
10624,407,265,0
10625,407,810,0
10626,407,313,0
10627,407,835,0
10628,407,442,0
10629,407,889,0
10630,407,283,0
10631,407,90,0
10632,407,586,0
10633,407,516,0
10634,407,173,0
10635,407,114,0
10636,407,651,0
10637,407,181,0
10638,407,513,0
10639,407,414,0
10640,407,764,0
10641,407,793,0
10642,407,435,0
10643,407,386,0
10644,407,470,0
10645,407,14,0
10646,407,101,0
10647,407,517,0
10648,407,594,0
10649,407,371,0
10650,407,84,0
10651,407,864,0
10652,407,559,0
10653,407,839,0
10654,407,852,0
10655,407,596,0
10656,407,655,0
10657,407,446,0
10658,407,870,0
10659,407,801,0
10660,407,726,0
10661,407,40,0
10662,407,448,0
10663,407,746,0
10664,407,675,0
10665,407,808,0
10666,407,241,0
10667,407,526,0
10668,407,202,0
10669,407,127,0
10670,407,729,0
10671,407,809,0
10672,407,575,0
10673,407,109,0
10674,407,226,0
10675,407,259,0
10676,407,269,0
10677,407,137,0
10678,407,480,0
10679,407,43,0
10680,407,871,0
10681,407,291,0
10682,407,587,0
10683,407,323,0
10684,407,164,0
10685,407,765,0
10686,407,488,0
10687,407,588,0
10688,407,473,0
10689,407,126,0
10690,407,328,0
10691,407,493,0
10692,407,427,0
10693,407,39,0
10694,407,422,0
10695,407,597,0
10696,407,158,0
10697,407,64,0
10698,407,482,0
10699,407,246,0
10700,407,754,0
10701,407,504,0
10702,407,168,0
10703,407,775,0
10704,407,304,0
10705,407,885,0
10706,407,551,0
10707,407,804,0
10708,407,772,0
10709,407,128,0
10710,407,695,0
10711,407,56,0
10712,407,330,0
10713,407,270,0
10714,407,663,0
10715,407,763,0
10716,407,434,0
10717,407,387,0
10718,407,882,0
10719,407,89,0
10720,407,767,0
10721,407,445,0
10722,407,893,0
10723,407,147,0
10724,407,579,0
10725,407,186,0
10726,407,711,0
10727,407,497,0
10728,407,120,0
10729,407,806,0
10730,407,769,0
10731,407,47,0
10732,407,560,0
10733,407,34,0
10734,407,459,0
10735,407,884,0
10736,407,107,0
10737,407,785,0
10738,407,860,0
10739,407,831,0
10740,407,248,0
10741,407,576,0
10742,407,8,0
10743,407,611,0
10744,407,618,0
10745,407,157,0
10746,407,558,0
10747,407,190,0
10748,407,205,0
10749,407,676,0
10750,407,50,0
10751,407,75,0
10752,407,654,0
10753,407,134,0
10754,407,206,0
10755,407,199,0
10756,407,295,0
10757,407,408,0
10758,407,595,0
10759,407,541,0
10760,407,284,0
10761,407,738,0
10762,407,48,0
10763,407,178,0
10764,407,10,0
10765,407,352,0
10766,407,432,0
10767,407,830,0
10768,407,219,0
10769,407,46,0
10770,407,457,0
10771,407,617,0
10772,407,509,0
10773,407,653,0
10774,407,637,0
10775,407,339,0
10776,407,659,0
10777,407,462,0
10778,407,250,0
10779,407,82,0
10780,407,201,0
10781,407,505,0
10782,407,342,0
10783,407,794,0
10784,407,553,0
10785,407,337,0
10786,407,9,0
10787,407,195,0
10788,407,132,0
10789,407,105,0
10790,407,691,0
10791,407,388,0
10792,407,32,0
10793,407,616,0
10794,407,4,0
10795,407,238,0
10796,407,0,0
10797,407,166,0
10798,407,609,0
10799,407,752,0
10800,407,534,0
10801,407,71,0
10802,407,771,0
10803,407,28,0
10804,407,716,0
10805,407,813,0
10806,407,842,0
10807,407,416,0
10808,407,577,0
10809,407,817,0
10810,407,381,0
10811,407,268,0
10812,407,297,0
10813,407,779,0
10814,407,196,0
10815,407,108,0
10816,407,906,0
10817,407,581,0
10818,407,703,0
10819,407,641,0
10820,407,742,0
10821,407,358,0
10822,407,543,0
10823,407,510,0
10824,407,719,0
10825,407,171,0
10826,407,54,0
10827,407,740,0
10828,407,58,0
10829,407,378,0
10830,407,535,0
10831,407,375,0
10832,407,152,0
10833,407,192,0
10834,407,717,0
10835,407,853,0
10836,407,583,0
10837,407,30,0
10838,407,204,0
10839,407,723,0
10840,407,31,0
10841,407,404,0
10842,407,280,0
10843,407,409,0
10844,407,364,0
10845,407,697,0
10846,407,372,0
10847,407,67,0
10848,407,727,0
10849,407,608,0
10850,407,602,0
10851,407,151,0
10852,407,521,0
10853,407,483,0
10854,407,155,0
10855,407,762,0
10856,407,243,0
10857,407,21,0
10858,407,766,0
10859,407,20,0
10860,407,745,0
10861,407,277,0
10862,407,859,0
10863,407,430,0
10864,407,148,0
10865,407,16,0
10866,407,401,0
10867,407,709,0
10868,407,633,0
10869,407,394,0
10870,407,897,0
10871,407,189,0
10872,407,557,0
10873,407,299,0
10874,407,245,0
10875,407,508,0
10876,407,756,0
10877,407,209,0
10878,407,649,0
10879,407,423,0
10880,407,730,0
10881,407,626,0
10882,407,233,0
10883,407,574,0
10884,407,621,0
10885,407,125,0
10886,407,757,0
10887,407,344,0
10888,407,706,0
10889,407,638,0
10890,407,844,0
10891,407,45,0
10892,407,41,0
10893,407,467,0
10894,407,610,0
10895,407,123,0
10896,407,561,0
10897,407,95,0
10898,407,366,0
10899,407,800,0
10900,407,669,0
10901,407,737,0
10902,407,490,0
10903,407,905,0
10904,407,491,0
10905,407,319,0
10906,407,165,0
10907,407,103,0
10908,407,193,0
10909,407,153,0
10910,407,819,0
10911,407,309,0
10912,407,197,0
10913,407,368,0
10914,407,606,0
10915,407,833,0
10916,407,25,0
10917,407,643,0
10918,407,232,0
10919,407,451,0
10920,407,463,0
10921,407,888,0
10922,407,613,0
10923,407,861,0
10924,407,636,0
10925,407,682,0
10926,407,207,0
10927,407,369,0
10928,407,44,0
10929,407,507,0
10930,407,718,0
10931,407,625,0
10932,407,130,0
10933,407,795,0
10934,407,418,0
10935,407,412,0
10936,407,690,0
10937,407,351,0
10938,407,593,0
10939,407,316,0
10940,407,652,0
10941,407,571,0
10942,407,29,0
10943,407,221,0
10944,407,486,0
10945,407,179,0
10946,407,293,0
10947,407,696,0
10948,407,458,0
10949,407,732,0
10950,407,85,0
10951,407,279,0
10952,407,315,0
10953,407,377,0
10954,407,725,0
10955,407,840,0
10956,407,680,0
10957,407,262,0
10958,407,222,0
10959,407,628,0
10960,407,379,0
10961,407,403,0
10962,407,856,0
10963,407,129,0
10964,407,552,0
10965,407,340,0
10966,407,175,0
10967,407,781,0
10968,407,92,0
10969,407,74,0
10970,407,255,0
10971,407,843,0
10972,443,27,0
10973,443,545,0
10974,443,218,0
10975,443,360,0
10976,443,857,0
10977,443,606,0
10978,443,221,0
10979,443,278,0
10980,443,527,0
10981,443,689,0
10982,443,634,0
10983,443,391,0
10984,443,162,0
10985,443,775,0
10986,443,57,0
10987,443,351,0
10988,443,430,0
10989,443,526,0
10990,443,23,0
10991,443,222,0
10992,443,631,0
10993,443,757,0
10994,443,718,0
10995,443,901,0
10996,443,578,0
10997,443,531,0
10998,443,773,0
10999,443,382,0
11000,443,654,0
11001,443,695,0
11002,443,158,0
11003,443,685,0
11004,443,744,0
11005,443,833,0
11006,443,495,0
11007,443,277,0
11008,443,865,0
11009,443,317,0
11010,443,593,0
11011,443,828,0
11012,443,604,0
11013,443,454,0
11014,443,102,0
11015,443,112,0
11016,443,26,0
11017,443,632,0
11018,443,827,0
11019,443,490,0
11020,443,249,0
11021,443,764,0
11022,443,272,0
11023,443,607,0
11024,443,854,0
11025,443,625,0
11026,443,245,0
11027,443,514,0
11028,443,472,0
11029,443,469,0
11030,443,0,0
11031,443,402,0
11032,443,691,0
11033,443,157,0
11034,443,134,0
11035,443,21,0
11036,443,521,0
11037,443,114,0
11038,443,58,0
11039,443,163,0
11040,443,202,0
11041,443,282,0
11042,443,720,0
11043,443,280,0
11044,443,149,0
11045,443,107,0
11046,443,264,0
11047,443,232,0
11048,443,475,0
11049,443,379,0
11050,443,738,0
11051,443,487,0
11052,443,782,0
11053,443,389,0
11054,443,508,0
11055,443,582,0
11056,443,559,0
11057,443,824,0
11058,443,806,0
11059,443,32,0
11060,443,39,0
11061,443,150,0
11062,443,408,0
11063,443,534,0
11064,443,705,0
11065,443,386,0
11066,443,199,0
11067,443,784,0
11068,443,67,0
11069,443,212,0
11070,443,620,0
11071,443,774,0
11072,443,557,0
11073,443,213,0
11074,443,367,0
11075,443,48,0
11076,443,315,0
11077,443,872,0
11078,443,483,0
11079,443,265,0
11080,443,520,0
11081,443,267,0
11082,443,759,0
11083,443,579,0
11084,443,421,0
11085,443,879,0
11086,443,909,0
11087,443,767,0
11088,443,821,0
11089,443,362,0
11090,443,16,0
11091,443,684,0
11092,443,201,0
11093,443,563,0
11094,443,203,0
11095,443,42,0
11096,443,714,0
11097,443,585,0
11098,443,523,0
11099,443,510,0
11100,443,617,0
11101,443,533,0
11102,443,242,0
11103,443,228,0
11104,443,120,0
11105,443,592,0
11106,443,479,0
11107,443,255,0
11108,443,743,0
11109,443,829,0
11110,443,34,0
11111,443,342,0
11112,443,372,0
11113,443,383,0
11114,443,13,0
11115,443,576,0
11116,443,556,0
11117,443,482,0
11118,443,453,0
11119,443,701,0
11120,443,682,0
11121,443,662,0
11122,443,217,0
11123,443,436,0
11124,443,410,0
11125,443,416,0
11126,443,895,0
11127,443,659,0
11128,443,812,0
11129,443,779,0
11130,443,24,0
11131,443,477,0
11132,443,25,0
11133,443,473,0
11134,443,721,0
11135,443,650,0
11136,443,281,0
11137,443,441,0
11138,443,516,0
11139,443,219,0
11140,443,307,0
11141,443,404,0
11142,443,254,0
11143,443,456,0
11144,443,628,0
11145,443,597,0
11146,443,167,0
11147,443,290,0
11148,443,713,0
11149,443,731,0
11150,443,653,0
11151,443,612,0
11152,443,407,0
11153,443,870,0
11154,443,636,0
11155,443,331,0
11156,443,816,0
11157,443,486,0
11158,443,792,0
11159,443,727,0
11160,443,670,0
11161,443,374,0
11162,443,84,0
11163,443,229,0
11164,443,511,0
11165,443,414,0
11166,443,658,0
11167,443,780,0
11168,443,139,0
11169,443,335,0
11170,443,693,0
11171,443,385,0
11172,443,834,0
11173,443,216,0
11174,443,38,0
11175,443,501,0
11176,443,396,0
11177,443,725,0
11178,443,247,0
11179,443,227,0
11180,443,183,0
11181,443,862,0
11182,443,561,0
11183,443,118,0
11184,443,198,0
11185,443,123,0
11186,443,584,0
11187,443,340,0
11188,443,875,0
11189,443,474,0
11190,443,790,0
11191,443,692,0
11192,443,452,0
11193,443,571,0
11194,443,542,0
11195,443,466,0
11196,443,59,0
11197,443,81,0
11198,443,10,0
11199,443,747,0
11200,443,95,0
11201,443,170,0
11202,443,657,0
11203,443,558,0
11204,443,279,0
11205,443,147,0
11206,443,133,0
11207,443,345,0
11208,443,688,0
11209,443,663,0
11210,443,164,0
11211,443,613,0
11212,443,437,0
11213,443,845,0
11214,443,400,0
11215,443,518,0
11216,443,96,0
11217,443,98,0
11218,443,783,0
11219,443,751,0
11220,443,627,0
11221,443,239,0
11222,443,313,0
11223,443,7,0
11224,443,314,0
11225,443,2,0
11226,443,397,0
11227,443,238,0
11228,443,305,0
11229,443,467,0
11230,443,623,0
11231,443,463,0
11232,443,679,0
11233,443,818,0
11234,443,645,0
11235,443,687,0
11236,443,243,0
11237,443,600,0
11238,443,702,0
11239,443,676,0
11240,443,548,0
11241,443,233,0
11242,443,590,0
11243,443,868,0
11244,443,552,0
11245,443,311,0
11246,443,697,0
11247,443,803,0
11248,443,522,0
11249,443,532,0
11250,443,284,0
11251,443,349,0
11252,443,241,0
11253,443,337,0
11254,443,44,0
11255,443,82,0
11256,443,393,0
11257,443,246,0
11258,443,808,0
11259,443,301,0
11260,443,904,0
11261,443,680,0
11262,443,681,0
11263,443,699,0
11264,443,464,0
11265,443,51,0
11266,443,638,0
11267,443,143,0
11268,443,760,0
11269,443,478,0
11270,443,395,0
11271,443,616,0
11272,443,350,0
11273,443,900,0
11274,443,288,0
11275,443,675,0
11276,443,70,0
11277,443,171,0
11278,443,643,0
11279,443,535,0
11280,443,683,0
11281,443,835,0
11282,443,769,0
11283,443,295,0
11284,443,275,0
11285,443,873,0
11286,443,357,0
11287,443,300,0
11288,443,316,0
11289,443,805,0
11290,443,573,0
11291,443,141,0
11292,443,256,0
11293,443,17,0
11294,443,698,0
11295,443,761,0
11296,443,92,0
11297,443,76,0
11298,443,877,0
11299,443,815,0
11300,443,181,0
11301,443,789,0
11302,443,420,0
11303,443,145,0
11304,443,195,0
11305,443,726,0
11306,443,733,0
11307,443,250,0
11308,443,258,0
11309,443,619,0
11310,443,130,0
11311,443,887,0
11312,443,85,0
11313,443,103,0
11314,443,547,0
11315,443,610,0
11316,443,874,0
11317,443,517,0
11318,443,484,0
11319,443,306,0
11320,443,289,0
11321,443,298,0
11322,443,287,0
11323,443,883,0
11324,443,153,0
11325,443,445,0
11326,443,793,0
11327,443,369,0
11328,443,746,0
11329,443,3,0
11330,443,106,0
11331,443,567,0
11332,443,177,0
11333,443,108,0
11334,443,505,0
11335,443,117,0
11336,443,166,0
11337,443,364,0
11338,443,762,0
11339,443,388,0
11340,443,512,0
11341,443,677,0
11342,443,722,0
11343,443,308,0
11344,443,796,0
11345,443,678,0
11346,443,470,0
11347,443,235,0
11348,443,299,0
11349,443,291,0
11350,443,111,0
11351,443,270,0
11352,443,553,0
11353,443,513,0
11354,443,323,0
11355,443,180,0
11356,443,304,0
11357,443,220,0
11358,443,296,0
11359,443,169,0
11360,443,187,0
11361,443,66,0
11362,443,471,0
11363,443,825,0
11364,443,739,0
11365,443,572,0
11366,443,90,0
11367,443,259,0
11368,443,694,0
11369,443,575,0
11370,443,876,0
11371,443,326,0
11372,443,802,0
11373,443,599,0
11374,443,842,0
11375,443,142,0
11376,443,655,0
11377,443,491,0
11378,443,656,0
11379,443,709,0
11380,443,893,0
11381,443,28,0
11382,443,461,0
11383,443,850,0
11384,443,481,0
11385,443,898,0
11386,443,686,0
11387,443,324,0
11388,443,735,0
11389,443,274,0
11390,443,361,0
11391,443,704,0
11392,443,507,0
11393,443,419,0
11394,443,562,0
11395,443,569,0
11396,443,848,0
11397,443,46,0
11398,443,614,0
11399,443,197,0
11400,443,230,0
11401,443,93,0
11402,443,339,0
11403,443,174,0
11404,443,9,0
11405,443,646,0
11406,443,260,0
11407,443,712,0
11408,443,880,0
11409,443,318,0
11410,443,797,0
11411,443,667,0
11412,454,149,0
11413,454,544,0
11414,454,270,0
11415,454,172,0
11416,454,173,0
11417,454,358,0
11418,454,333,0
11419,454,701,0
11420,454,428,0
11421,454,434,0
11422,454,43,0
11423,454,277,0
11424,454,419,0
11425,454,865,0
11426,454,409,0
11427,454,107,0
11428,454,775,0
11429,454,712,0
11430,454,783,0
11431,454,668,0
11432,454,851,0
11433,454,903,0
11434,454,714,0
11435,454,175,0
11436,454,100,0
11437,454,360,0
11438,454,23,0
11439,454,18,0
11440,454,187,0
11441,454,275,0
11442,454,135,0
11443,454,243,0
11444,454,387,0
11445,454,461,0
11446,454,719,0
11447,454,786,0
11448,454,179,0
11449,454,274,0
11450,454,491,0
11451,454,36,0
11452,454,602,0
11453,454,295,0
11454,454,907,0
11455,454,15,0
11456,454,467,0
11457,454,160,0
11458,454,728,0
11459,454,700,0
11460,454,709,0
11461,454,239,0
11462,454,504,0
11463,454,889,0
11464,454,405,0
11465,454,215,0
11466,454,555,0
11467,454,307,0
11468,454,824,0
11469,454,551,0
11470,454,214,0
11471,454,196,0
11472,454,81,0
11473,454,384,0
11474,454,676,0
11475,454,201,0
11476,454,231,0
11477,454,39,0
11478,454,255,0
11479,454,607,0
11480,454,647,0
11481,454,22,0
11482,454,798,0
11483,454,158,0
11484,454,328,0
11485,454,641,0
11486,454,90,0
11487,454,561,0
11488,454,392,0
11489,454,403,0
11490,454,516,0
11491,454,875,0
11492,454,282,0
11493,454,285,0
11494,454,334,0
11495,454,603,0
11496,454,816,0
11497,454,764,0
11498,454,167,0
11499,454,204,0
11500,454,301,0
11501,454,377,0
11502,454,449,0
11503,454,191,0
11504,454,195,0
11505,454,866,0
11506,454,174,0
11507,454,470,0
11508,454,119,0
11509,454,534,0
11510,454,213,0
11511,454,742,0
11512,454,269,0
11513,454,524,0
11514,454,484,0
11515,454,501,0
11516,454,600,0
11517,454,767,0
11518,454,477,0
11519,454,683,0
11520,454,3,0
11521,454,232,0
11522,454,539,0
11523,454,6,0
11524,454,445,0
11525,454,893,0
11526,454,813,0
11527,454,329,0
11528,454,886,0
11529,454,858,0
11530,454,134,0
11531,454,503,0
11532,454,258,0
11533,454,459,0
11534,454,421,0
11535,454,724,0
11536,454,249,0
11537,454,318,0
11538,454,464,0
11539,454,614,0
11540,454,19,0
11541,454,682,0
11542,454,759,0
11543,454,52,0
11544,454,93,0
11545,454,527,0
11546,454,8,0
11547,454,75,0
11548,454,492,0
11549,454,60,0
11550,454,361,0
11551,454,565,0
11552,454,303,0
11553,454,404,0
11554,454,416,0
11555,454,615,0
11556,454,653,0
11557,454,109,0
11558,454,276,0
11559,454,688,0
11560,454,489,0
11561,454,455,0
11562,454,5,0
11563,454,281,0
11564,454,59,0
11565,454,697,0
11566,454,659,0
11567,454,190,0
11568,454,183,0
11569,454,408,0
11570,454,425,0
11571,454,346,0
11572,454,221,0
11573,454,456,0
11574,454,832,0
11575,454,45,0
11576,454,351,0
11577,454,666,0
11578,454,198,0
11579,454,664,0
11580,454,681,0
11581,454,326,0
11582,454,533,0
11583,454,394,0
11584,454,787,0
11585,454,242,0
11586,454,219,0
11587,454,234,0
11588,454,579,0
11589,454,771,0
11590,454,888,0
11591,454,129,0
11592,454,247,0
11593,454,525,0
11594,454,192,0
11595,454,582,0
11596,454,515,0
11597,454,442,0
11598,454,37,0
11599,454,154,0
11600,454,505,0
11601,454,344,0
11602,454,586,0
11603,454,363,0
11604,454,55,0
11605,454,193,0
11606,454,904,0
11607,454,800,0
11608,454,189,0
11609,454,695,0
11610,454,872,0
11611,454,348,0
11612,454,465,0
11613,454,869,0
11614,454,678,0
11615,454,722,0
11616,454,73,0
11617,454,842,0
11618,454,652,0
11619,454,815,0
11620,454,283,0
11621,454,621,0
11622,454,186,0
11623,454,393,0
11624,454,807,0
11625,454,558,0
11626,454,200,0
11627,454,437,0
11628,454,240,0
11629,454,718,0
11630,454,291,0
11631,454,131,0
11632,454,374,0
11633,454,538,0
11634,454,755,0
11635,454,171,0
11636,454,466,0
11637,454,523,0
11638,454,483,0
11639,454,727,0
11640,454,349,0
11641,454,418,0
11642,454,823,0
11643,454,769,0
11644,454,611,0
11645,454,332,0
11646,454,731,0
11647,454,382,0
11648,454,180,0
11649,454,296,0
11650,454,737,0
11651,454,627,0
11652,454,808,0
11653,454,312,0
11654,454,493,0
11655,454,338,0
11656,454,770,0
11657,454,827,0
11658,454,347,0
11659,454,494,0
11660,454,435,0
11661,454,605,0
11662,454,28,0
11663,454,80,0
11664,454,376,0
11665,454,502,0
11666,454,54,0
11667,454,212,0
11668,454,138,0
11669,454,140,0
11670,454,112,0
11671,454,317,0
11672,454,796,0
11673,454,819,0
11674,454,863,0
11675,454,864,0
11676,454,226,0
11677,454,402,0
11678,454,510,0
11679,454,40,0
11680,454,560,0
11681,454,882,0
11682,454,125,0
11683,454,241,0
11684,454,364,0
11685,454,584,0
11686,454,34,0
11687,454,2,0
11688,454,756,0
11689,454,532,0
11690,454,114,0
11691,454,848,0
11692,454,471,0
11693,454,867,0
11694,454,103,0
11695,454,540,0
11696,454,148,0
11697,454,383,0
11698,454,227,0
11699,454,594,0
11700,454,657,0
11701,454,876,0
11702,454,218,0
11703,454,663,0
11704,454,335,0
11705,454,256,0
11706,454,155,0
11707,454,379,0
11708,454,53,0
11709,454,116,0
11710,454,401,0
11711,454,362,0
11712,454,314,0
11713,454,831,0
11714,454,341,0
11715,454,222,0
11716,454,521,0
11717,454,17,0
11718,454,576,0
11719,454,89,0
11720,454,628,0
11721,454,571,0
11722,454,792,0
11723,454,725,0
11724,454,508,0
11725,454,203,0
11726,454,294,0
11727,454,642,0
11728,454,789,0
11729,454,847,0
11730,454,779,0
11731,454,44,0
11732,454,751,0
11733,454,890,0
11734,454,753,0
11735,454,337,0
11736,454,689,0
11737,454,159,0
11738,454,77,0
11739,454,320,0
11740,454,12,0
11741,454,570,0
11742,454,194,0
11743,454,251,0
11744,454,463,0
11745,454,147,0
11746,454,305,0
11747,454,802,0
11748,454,406,0
11749,454,774,0
11750,454,573,0
11751,454,451,0
11752,454,395,0
11753,454,372,0
11754,454,830,0
11755,454,552,0
11756,454,574,0
11757,454,713,0
11758,454,229,0
11759,454,595,0
11760,454,262,0
11761,454,252,0
11762,454,513,0
11763,454,413,0
11764,454,473,0
11765,454,420,0
11766,454,400,0
11767,454,846,0
11768,454,170,0
11769,454,768,0
11770,454,784,0
11771,454,345,0
11772,454,65,0
11773,454,583,0
11774,454,634,0
11775,454,427,0
11776,454,880,0
11777,454,272,0
11778,454,809,0
11779,454,354,0
11780,454,422,0
11781,454,94,0
11782,454,791,0
11783,454,662,0
11784,454,733,0
11785,454,359,0
11786,454,616,0
11787,454,843,0
11788,454,350,0
11789,454,177,0
11790,454,271,0
11791,454,166,0
11792,454,826,0
11793,454,9,0
11794,454,161,0
11795,454,482,0
11796,454,331,0
11797,454,822,0
11798,454,324,0
11799,454,414,0
11800,454,844,0
11801,454,342,0
11802,454,137,0
11803,454,850,0
11804,454,339,0
11805,454,780,0
11806,454,311,0
11807,454,619,0
11808,454,723,0
11809,454,244,0
11810,454,457,0
11811,454,529,0
11812,454,1,0
11813,454,667,0
11814,454,608,0
11815,454,415,0
11816,454,564,0
11817,454,102,0
11818,454,31,0
11819,454,448,0
11820,454,261,0
11821,454,716,0
11822,454,265,0
11823,454,665,0
11824,454,881,0
11825,454,517,0
11826,454,645,0
11827,454,407,0
11828,454,58,0
11829,454,828,0
11830,454,703,0
11831,454,469,0
11832,454,788,0
11833,454,877,0
11834,454,674,0
11835,454,572,0
11836,454,117,0
11837,454,309,0
11838,454,640,0
11839,454,123,0
11840,454,861,0
11841,454,729,0
11842,454,82,0
11843,454,444,0
11844,454,606,0
11845,454,745,0
11846,454,136,0
11847,454,49,0
11848,454,176,0
11849,454,391,0
11850,454,762,0
11851,454,436,0
11852,454,654,0
11853,454,284,0
11854,454,25,0
11855,454,87,0
11856,454,254,0
11857,454,460,0
11858,454,370,0
11859,454,730,0
11860,454,220,0
11861,454,386,0
11862,454,673,0
11863,454,64,0
11864,454,169,0
11865,454,626,0
11866,454,686,0
11867,454,536,0
11868,454,13,0
11869,454,397,0
11870,454,649,0
11871,454,380,0
11872,454,432,0
11873,454,150,0
11874,454,734,0
11875,454,758,0
11876,454,500,0
11877,454,126,0
11878,454,547,0
11879,454,438,0
11880,454,357,0
11881,454,29,0
11882,454,777,0
11883,454,70,0
11884,454,581,0
11885,454,781,0
11886,454,197,0
11887,454,677,0
11888,454,321,0
11889,454,814,0
11890,454,643,0
11891,454,132,0
11892,454,868,0
11893,454,278,0
11894,454,885,0
11895,454,168,0
11896,454,205,0
11897,454,367,0
11898,454,870,0
11899,454,810,0
11900,454,118,0
11901,454,297,0
11902,454,625,0
11903,454,499,0
11904,454,16,0
11905,454,113,0
11906,454,41,0
11907,454,593,0
11908,454,69,0
11909,454,61,0
11910,454,85,0
11911,454,120,0
11912,454,233,0
11913,454,518,0
11914,454,735,0
11915,454,835,0
11916,515,657,0
11917,515,185,0
11918,515,457,0
11919,515,726,0
11920,515,611,0
11921,515,821,0
11922,515,288,0
11923,515,530,0
11924,515,263,0
11925,515,777,0
11926,515,604,0
11927,515,243,0
11928,515,495,0
11929,515,555,0
11930,515,709,0
11931,515,445,0
11932,515,829,0
11933,515,405,0
11934,515,187,0
11935,515,162,0
11936,515,280,0
11937,515,304,0
11938,515,397,0
11939,515,856,0
11940,515,102,0
11941,515,762,0
11942,515,807,0
11943,515,148,0
11944,515,789,0
11945,515,112,0
11946,515,753,0
11947,515,740,0
11948,515,278,0
11949,515,641,0
11950,515,763,0
11951,515,51,0
11952,515,732,0
11953,515,766,0
11954,515,59,0
11955,515,269,0
11956,515,145,0
11957,515,388,0
11958,515,423,0
11959,515,710,0
11960,515,756,0
11961,515,841,0
11962,515,575,0
11963,515,126,0
11964,515,750,0
11965,515,105,0
11966,515,76,0
11967,515,118,0
11968,515,621,0
11969,515,764,0
11970,515,178,0
11971,515,100,0
11972,515,894,0
11973,515,374,0
11974,515,676,0
11975,515,327,0
11976,515,147,0
11977,515,44,0
11978,515,168,0
11979,515,15,0
11980,515,177,0
11981,515,92,0
11982,515,25,0
11983,515,871,0
11984,515,279,0
11985,515,322,0
11986,515,122,0
11987,515,533,0
11988,515,734,0
11989,515,152,0
11990,515,660,0
11991,515,53,0
11992,515,692,0
11993,515,366,0
11994,515,444,0
11995,515,774,0
11996,515,450,0
11997,515,549,0
11998,515,627,0
11999,515,708,0
12000,515,182,0
12001,515,751,0
12002,515,693,0
12003,515,228,0
12004,515,588,0
12005,515,443,0
12006,515,652,0
12007,515,483,0
12008,515,862,0
12009,515,877,0
12010,515,669,0
12011,515,165,0
12012,515,718,0
12013,515,603,0
12014,515,252,0
12015,515,680,0
12016,515,378,0
12017,515,842,0
12018,515,3,0
12019,515,155,0
12020,515,705,0
12021,515,477,0
12022,515,453,0
12023,515,556,0
12024,515,458,0
12025,515,406,0
12026,515,547,0
12027,515,625,0
12028,515,154,0
12029,515,275,0
12030,515,240,0
12031,515,410,0
12032,515,502,0
12033,515,202,0
12034,515,140,0
12035,515,707,0
12036,515,28,0
12037,515,167,0
12038,515,12,0
12039,515,473,0
12040,515,622,0
12041,515,576,0
12042,515,401,0
12043,515,233,0
12044,515,195,0
12045,515,70,0
12046,515,290,0
12047,515,548,0
12048,515,623,0
12049,515,752,0
12050,515,138,0
12051,515,628,0
12052,515,638,0
12053,515,359,0
12054,515,416,0
12055,515,728,0
12056,515,403,0
12057,515,637,0
12058,515,218,0
12059,515,594,0
12060,515,160,0
12061,515,83,0
12062,515,615,0
12063,515,434,0
12064,515,648,0
12065,515,224,0
12066,515,869,0
12067,515,421,0
12068,515,749,0
12069,515,143,0
12070,515,570,0
12071,515,667,0
12072,515,779,0
12073,515,321,0
12074,515,715,0
12075,515,205,0
12076,515,569,0
12077,515,672,0
12078,515,686,0
12079,515,851,0
12080,515,14,0
12081,515,391,0
12082,515,206,0
12083,515,475,0
12084,515,746,0
12085,515,698,0
12086,515,95,0
12087,515,35,0
12088,515,729,0
12089,515,339,0
12090,515,843,0
12091,515,700,0
12092,515,720,0
12093,515,772,0
12094,515,116,0
12095,515,904,0
12096,515,730,0
12097,515,377,0
12098,515,844,0
12099,515,67,0
12100,515,301,0
12101,515,283,0
12102,515,617,0
12103,515,855,0
12104,515,836,0
12105,515,231,0
12106,515,346,0
12107,515,580,0
12108,515,297,0
12109,515,11,0
12110,515,765,0
12111,515,898,0
12112,515,635,0
12113,515,407,0
12114,515,7,0
12115,515,744,0
12116,515,78,0
12117,515,834,0
12118,515,731,0
12119,515,564,0
12120,515,668,0
12121,515,433,0
12122,515,54,0
12123,515,532,0
12124,515,96,0
12125,515,659,0
12126,515,512,0
12127,515,277,0
12128,515,810,0
12129,515,539,0
12130,515,600,0
12131,515,94,0
12132,515,220,0
12133,515,418,0
12134,515,566,0
12135,515,323,0
12136,515,369,0
12137,515,639,0
12138,515,837,0
12139,515,173,0
12140,515,658,0
12141,515,553,0
12142,515,464,0
12143,515,531,0
12144,515,674,0
12145,515,598,0
12146,515,546,0
12147,515,813,0
12148,515,620,0
12149,515,325,0
12150,515,101,0
12151,515,767,0
12152,515,34,0
12153,515,26,0
12154,515,235,0
12155,515,363,0
12156,515,811,0
12157,515,271,0
12158,515,736,0
12159,515,330,0
12160,515,839,0
12161,515,81,0
12162,515,469,0
12163,515,413,0
12164,515,49,0
12165,515,441,0
12166,515,519,0
12167,515,312,0
12168,515,426,0
12169,515,62,0
12170,515,597,0
12171,515,646,0
12172,515,156,0
12173,515,259,0
12174,515,838,0
12175,515,350,0
12176,515,225,0
12177,515,119,0
12178,515,193,0
12179,515,201,0
12180,515,125,0
12181,515,194,0
12182,515,592,0
12183,515,372,0
12184,515,43,0
12185,515,239,0
12186,515,563,0
12187,515,80,0
12188,515,207,0
12189,515,704,0
12190,515,133,0
12191,515,520,0
12192,515,449,0
12193,515,326,0
12194,515,770,0
12195,515,624,0
12196,515,632,0
12197,515,221,0
12198,515,196,0
12199,515,819,0
12200,515,864,0
12201,515,417,0
12202,515,583,0
12203,515,244,0
12204,515,340,0
12205,515,104,0
12206,515,755,0
12207,515,309,0
12208,515,688,0
12209,515,380,0
12210,515,6,0
12211,515,486,0
12212,515,513,0
12213,515,382,0
12214,515,470,0
12215,515,699,0
12216,515,529,0
12217,515,562,0
12218,515,261,0
12219,515,612,0
12220,515,511,0
12221,515,45,0
12222,515,682,0
12223,515,561,0
12224,515,792,0
12225,515,758,0
12226,515,825,0
12227,515,333,0
12228,515,431,0
12229,515,717,0
12230,515,790,0
12231,515,13,0
12232,515,534,0
12233,515,793,0
12234,515,773,0
12235,515,111,0
12236,515,85,0
12237,515,428,0
12238,515,818,0
12239,515,203,0
12240,515,521,0
12241,515,64,0
12242,515,651,0
12243,515,650,0
12244,515,236,0
12245,515,132,0
12246,515,189,0
12247,515,169,0
12248,515,305,0
12249,515,258,0
12250,515,375,0
12251,515,142,0
12252,515,655,0
12253,515,432,0
12254,515,614,0
12255,515,409,0
12256,515,858,0
12257,515,345,0
12258,515,809,0
12259,515,815,0
12260,515,317,0
12261,515,370,0
12262,515,738,0
12263,515,425,0
12264,515,487,0
12265,515,769,0
12266,515,27,0
12267,515,552,0
12268,515,599,0
12269,515,135,0
12270,515,525,0
12271,515,610,0
12272,515,238,0
12273,515,816,0
12274,515,90,0
12275,515,719,0
12276,515,493,0
12277,515,572,0
12278,515,716,0
12279,515,141,0
12280,515,5,0
12281,515,117,0
12282,515,120,0
12283,515,260,0
12284,515,833,0
12285,515,331,0
12286,515,219,0
12287,515,768,0
12288,515,791,0
12289,515,649,0
12290,515,721,0
12291,515,247,0
12292,515,72,0
12293,515,778,0
12294,515,109,0
12295,515,361,0
12296,515,315,0
12297,515,381,0
12298,515,31,0
12299,515,307,0
12300,515,115,0
12301,515,577,0
12302,515,376,0
12303,515,129,0
12304,515,881,0
12305,515,817,0
12306,515,456,0
12307,515,743,0
12308,515,308,0
12309,515,619,0
12310,515,420,0
12311,515,795,0
12312,515,798,0
12313,515,478,0
12314,515,824,0
12315,515,250,0
12316,515,890,0
12317,515,24,0
12318,515,679,0
12319,515,714,0
12320,515,642,0
12321,515,663,0
12322,515,832,0
12323,515,38,0
12324,515,335,0
12325,515,18,0
12326,515,850,0
12327,515,287,0
12328,515,551,0
12329,515,209,0
12330,515,192,0
12331,515,702,0
12332,515,528,0
12333,515,436,0
12334,515,198,0
12335,515,593,0
12336,515,181,0
12337,515,365,0
12338,515,760,0
12339,515,629,0
12340,515,268,0
12341,515,880,0
12342,515,455,0
12343,515,66,0
12344,515,332,0
12345,515,739,0
12346,515,414,0
12347,515,665,0
12348,515,794,0
12349,515,284,0
12350,515,882,0
12351,515,496,0
12352,515,737,0
12353,515,355,0
12354,515,254,0
12355,515,865,0
12356,515,854,0
12357,515,662,0
12358,515,379,0
12359,515,186,0
12360,515,295,0
12361,515,274,0
12362,515,285,0
12363,515,587,0
12364,515,631,0
12365,515,32,0
12366,515,596,0
12367,515,153,0
12368,515,540,0
12369,515,37,0
12370,515,58,0
12371,515,352,0
12372,515,812,0
12373,515,891,0
12374,515,897,0
12375,515,506,0
12376,515,230,0
12377,515,607,0
12378,515,849,0
12379,515,337,0
12380,515,402,0
12381,515,785,0
12382,515,684,0
12383,515,618,0
12384,515,584,0
12385,515,229,0
12386,515,128,0
12387,515,42,0
12388,515,803,0
12389,515,906,0
12390,515,759,0
12391,515,494,0
12392,515,130,0
12393,515,775,0
12394,515,110,0
12395,515,30,0
12396,515,725,0
12397,515,747,0
12398,515,814,0
12399,515,742,0
12400,515,22,0
12401,515,451,0
12402,515,136,0
12403,515,98,0
12404,515,349,0
12405,515,164,0
12406,515,63,0
12407,515,2,0
12408,515,281,0
12409,515,536,0
12410,515,644,0
12411,515,895,0
12412,515,320,0
12413,515,748,0
12414,515,554,0
12415,515,21,0
12416,515,653,0
12417,515,884,0
12418,515,517,0
12419,515,73,0
12420,515,696,0
12421,515,471,0
12422,515,498,0
12423,515,757,0
12424,515,347,0
12425,515,591,0
12426,515,491,0
12427,515,342,0
12428,515,60,0
12429,515,270,0
12430,515,745,0
12431,515,835,0
12432,515,796,0
12433,515,439,0
12434,515,215,0
12435,515,695,0
12436,515,384,0
12437,515,293,0
12438,515,550,0
12439,515,395,0
12440,515,804,0
12441,515,893,0
12442,515,389,0
12443,515,830,0
12444,515,362,0
12445,515,276,0
12446,515,437,0
12447,515,616,0
12448,515,163,0
12449,515,23,0
12450,515,191,0
12451,515,781,0
12452,515,526,0
12453,515,677,0
12454,515,438,0
12455,515,232,0
12456,515,647,0
12457,515,29,0
12458,515,687,0
12459,515,299,0
12460,515,840,0
12461,515,504,0
12462,515,633,0
12463,515,535,0
12464,515,251,0
12465,515,74,0
12466,515,501,0
12467,515,823,0
12468,515,300,0
12469,515,701,0
12470,515,319,0
12471,515,573,0
12472,515,291,0
12473,515,318,0
12474,515,866,0
12475,515,565,0
12476,515,545,0
12477,515,4,0
12478,515,245,0
12479,515,84,0
12480,515,873,0
12481,515,727,0
12482,515,859,0
12483,515,0,0
12484,515,640,0
12485,515,788,0
12486,515,694,0
12487,515,88,0
12488,515,771,0
12489,515,176,0
12490,515,462,0
12491,515,197,0
12492,515,484,0
12493,515,463,0
12494,515,408,0
12495,515,559,0
12496,515,586,0
12497,515,826,0
12498,515,262,0
12499,515,324,0
12500,515,671,0
12501,515,666,0
12502,515,223,0
12503,515,574,0
12504,515,329,0
12505,515,419,0
12506,515,697,0
12507,515,799,0
12508,515,460,0
12509,515,264,0
12510,516,554,0
12511,516,49,0
12512,516,850,0
12513,516,820,0
12514,516,498,0
12515,516,690,0
12516,516,419,0
12517,516,288,0
12518,516,246,0
12519,516,655,0
12520,516,374,0
12521,516,522,0
12522,516,94,0
12523,516,622,0
12524,516,100,0
12525,516,380,0
12526,516,617,0
12527,516,234,0
12528,516,456,0
12529,516,524,0
12530,516,251,0
12531,516,446,0
12532,516,376,0
12533,516,148,0
12534,516,671,0
12535,516,568,0
12536,516,864,0
12537,516,182,0
12538,516,396,0
12539,516,749,0
12540,516,34,0
12541,516,88,0
12542,516,816,0
12543,516,121,0
12544,516,768,0
12545,516,192,0
12546,516,841,0
12547,516,792,0
12548,516,471,0
12549,516,220,0
12550,516,909,0
12551,516,264,0
12552,516,720,0
12553,516,328,0
12554,516,387,0
12555,516,352,0
12556,516,415,0
12557,516,228,0
12558,516,663,0
12559,516,5,0
12560,516,361,0
12561,516,828,0
12562,516,526,0
12563,516,794,0
12564,516,32,0
12565,516,740,0
12566,516,136,0
12567,516,92,0
12568,516,416,0
12569,516,334,0
12570,516,698,0
12571,516,705,0
12572,516,402,0
12573,516,756,0
12574,516,85,0
12575,516,630,0
12576,516,12,0
12577,516,700,0
12578,516,276,0
12579,516,652,0
12580,516,605,0
12581,516,507,0
12582,516,659,0
12583,516,779,0
12584,516,364,0
12585,516,556,0
12586,516,58,0
12587,516,695,0
12588,516,567,0
12589,516,787,0
12590,516,833,0
12591,516,876,0
12592,516,673,0
12593,516,232,0
12594,516,550,0
12595,516,790,0
12596,516,388,0
12597,516,113,0
12598,516,410,0
12599,516,231,0
12600,516,789,0
12601,516,472,0
12602,516,735,0
12603,516,37,0
12604,516,218,0
12605,516,86,0
12606,516,132,0
12607,516,546,0
12608,516,170,0
12609,516,640,0
12610,516,176,0
12611,516,408,0
12612,516,390,0
12613,516,156,0
12614,516,783,0
12615,516,712,0
12616,516,0,0
12617,516,63,0
12618,516,601,0
12619,516,869,0
12620,516,198,0
12621,516,238,0
12622,516,547,0
12623,516,314,0
12624,516,287,0
12625,516,433,0
12626,516,103,0
12627,516,143,0
12628,516,71,0
12629,516,162,0
12630,516,654,0
12631,516,39,0
12632,516,629,0
12633,516,80,0
12634,516,657,0
12635,516,417,0
12636,516,216,0
12637,516,137,0
12638,516,592,0
12639,516,771,0
12640,516,634,0
12641,516,177,0
12642,516,146,0
12643,516,67,0
12644,516,189,0
12645,516,237,0
12646,516,649,0
12647,516,499,0
12648,516,877,0
12649,516,842,0
12650,516,140,0
12651,516,70,0
12652,516,608,0
12653,516,477,0
12654,516,66,0
12655,516,873,0
12656,516,774,0
12657,516,247,0
12658,516,399,0
12659,516,36,0
12660,516,350,0
12661,516,18,0
12662,516,223,0
12663,516,773,0
12664,516,340,0
12665,516,753,0
12666,516,610,0
12667,516,727,0
12668,516,194,0
12669,516,274,0
12670,516,51,0
12671,516,762,0
12672,516,878,0
12673,516,594,0
12674,516,125,0
12675,516,10,0
12676,516,639,0
12677,516,233,0
12678,516,2,0
12679,516,642,0
12680,516,583,0
12681,516,459,0
12682,516,130,0
12683,516,697,0
12684,516,262,0
12685,516,295,0
12686,516,339,0
12687,516,444,0
12688,516,746,0
12689,516,159,0
12690,516,13,0
12691,516,479,0
12692,516,565,0
12693,516,454,0
12694,516,549,0
12695,516,463,0
12696,516,801,0
12697,516,104,0
12698,516,676,0
12699,516,591,0
12700,516,283,0
12701,516,360,0
12702,516,624,0
12703,516,44,0
12704,516,704,0
12705,516,886,0
12706,516,188,0
12707,516,482,0
12708,516,324,0
12709,516,438,0
12710,516,599,0
12711,516,458,0
12712,516,585,0
12713,516,358,0
12714,516,74,0
12715,516,813,0
12716,516,722,0
12717,516,666,0
12718,516,566,0
12719,516,552,0
12720,516,791,0
12721,516,286,0
12722,516,45,0
12723,516,646,0
12724,516,310,0
12725,516,713,0
12726,516,483,0
12727,516,240,0
12728,516,890,0
12729,516,271,0
12730,516,626,0
12731,516,204,0
12732,516,573,0
12733,516,871,0
12734,516,800,0
12735,516,669,0
12736,516,672,0
12737,516,313,0
12738,516,19,0
12739,516,155,0
12740,516,56,0
12741,516,678,0
12742,516,765,0
12743,516,891,0
12744,516,447,0
12745,516,674,0
12746,516,115,0
12747,516,531,0
12748,516,484,0
12749,516,485,0
12750,516,870,0
12751,516,587,0
12752,516,282,0
12753,516,827,0
12754,516,598,0
12755,516,452,0
12756,516,560,0
12757,516,513,0
12758,516,412,0
12759,516,493,0
12760,516,618,0
12761,516,620,0
12762,516,25,0
12763,516,574,0
12764,516,105,0
12765,516,588,0
12766,516,497,0
12767,516,611,0
12768,516,805,0
12769,516,650,0
12770,516,145,0
12771,516,221,0
12772,516,278,0
12773,516,736,0
12774,516,153,0
12775,516,430,0
12776,516,342,0
12777,516,293,0
12778,516,467,0
12779,516,354,0
12780,516,468,0
12781,516,478,0
12782,516,520,0
12783,516,239,0
12784,516,375,0
12785,516,812,0
12786,516,337,0
12787,516,186,0
12788,516,222,0
12789,516,500,0
12790,516,900,0
12791,516,684,0
12792,516,9,0
12793,516,738,0
12794,516,6,0
12795,516,423,0
12796,516,544,0
12797,516,200,0
12798,516,20,0
12799,516,59,0
12800,516,653,0
12801,516,517,0
12802,516,532,0
12803,516,451,0
12804,516,308,0
12805,516,752,0
12806,516,84,0
12807,516,90,0
12808,516,393,0
12809,516,139,0
12810,516,504,0
12811,516,409,0
12812,516,854,0
12813,516,590,0
12814,516,193,0
12815,516,856,0
12816,516,489,0
12817,516,751,0
12818,516,432,0
12819,516,281,0
12820,516,434,0
12821,516,427,0
12822,516,596,0
12823,516,542,0
12824,516,41,0
12825,516,872,0
12826,516,347,0
12827,516,201,0
12828,516,109,0
12829,516,760,0
12830,516,473,0
12831,516,581,0
12832,516,770,0
12833,516,527,0
12834,516,651,0
12835,516,534,0
12836,516,687,0
12837,516,907,0
12838,516,213,0
12839,516,164,0
12840,516,696,0
12841,516,371,0
12842,516,764,0
12843,516,798,0
12844,516,296,0
12845,516,575,0
12846,516,435,0
12847,516,589,0
12848,516,212,0
12849,516,836,0
12850,516,702,0
12851,516,23,0
12852,516,316,0
12853,516,38,0
12854,516,227,0
12855,516,852,0
12856,516,224,0
12857,516,26,0
12858,516,533,0
12859,516,102,0
12860,516,515,0
12861,516,437,0
12862,516,138,0
12863,516,486,0
12864,516,703,0
12865,516,846,0
12866,516,46,0
12867,516,595,0
12868,516,600,0
12869,516,161,0
12870,516,180,0
12871,516,694,0
12872,516,43,0
12873,516,300,0
12874,516,107,0
12875,516,75,0
12876,516,843,0
12877,516,449,0
12878,516,668,0
12879,516,730,0
12880,516,61,0
12881,516,126,0
12882,516,400,0
12883,516,867,0
12884,516,887,0
12885,516,211,0
12886,516,114,0
12887,516,268,0
12888,516,420,0
12889,516,149,0
12890,516,8,0
12891,516,394,0
12892,516,147,0
12893,516,83,0
12894,516,265,0
12895,516,815,0
12896,516,99,0
12897,516,829,0
12898,516,893,0
12899,516,530,0
12900,516,150,0
12901,516,521,0
12902,516,440,0
12903,516,47,0
12904,516,775,0
12905,516,525,0
12906,516,799,0
12907,516,42,0
12908,516,719,0
12909,516,861,0
12910,516,179,0
12911,516,834,0
12912,516,160,0
12913,516,636,0
12914,516,183,0
12915,516,717,0
12916,516,28,0
12917,516,275,0
12918,516,853,0
12919,516,648,0
12920,516,821,0
12921,516,759,0
12922,516,539,0
12923,516,76,0
12924,516,809,0
12925,516,633,0
12926,516,528,0
12927,516,616,0
12928,516,226,0
12929,516,93,0
12930,516,845,0
12931,516,715,0
12932,516,888,0
12933,516,495,0
12934,516,426,0
12935,516,280,0
12936,516,329,0
12937,516,382,0
12938,516,731,0
12939,516,874,0
12940,516,15,0
12941,516,540,0
12942,516,494,0
12943,516,826,0
12944,516,372,0
12945,516,158,0
12946,516,325,0
12947,516,254,0
12948,516,569,0
12949,516,490,0
12950,516,739,0
12951,516,808,0
12952,516,807,0
12953,516,881,0
12954,516,284,0
12955,516,615,0
12956,516,24,0
12957,516,894,0
12958,516,30,0
12959,516,165,0
12960,516,82,0
12961,516,506,0
12962,516,563,0
12963,516,301,0
12964,516,508,0
12965,516,263,0
12966,516,404,0
12967,516,518,0
12968,516,141,0
12969,516,208,0
12970,516,122,0
12971,516,366,0
12972,516,79,0
12973,516,761,0
12974,516,776,0
12975,516,379,0
12976,516,291,0
12977,516,607,0
12978,516,397,0
12979,516,40,0
12980,516,686,0
12981,516,133,0
12982,516,258,0
12983,516,470,0
12984,516,338,0
12985,516,875,0
12986,516,553,0
12987,516,167,0
12988,516,469,0
12989,516,822,0
12990,516,823,0
12991,516,118,0
12992,516,395,0
12993,516,688,0
12994,516,754,0
12995,516,706,0
12996,516,163,0
12997,516,784,0
12998,516,606,0
12999,516,632,0
13000,516,835,0
13001,516,142,0
13002,516,576,0
13003,516,644,0
13004,516,448,0
13005,516,679,0
13006,516,77,0
13007,516,908,0
13008,516,510,0
13009,516,545,0
13010,516,755,0
13011,516,501,0
13012,516,64,0
13013,516,548,0
13014,516,270,0
13015,516,151,0
13016,516,348,0
13017,516,745,0
13018,516,464,0
13019,516,128,0
13020,516,229,0
13021,516,562,0
13022,516,267,0
13023,516,758,0
13024,516,398,0
13025,516,718,0
13026,516,311,0
13027,516,505,0
13028,516,802,0
13029,516,462,0
13030,516,219,0
13031,516,421,0
13032,516,902,0
13033,516,418,0
13034,516,181,0
13035,516,207,0
13036,516,461,0
13037,516,422,0
13038,516,111,0
13039,516,848,0
13040,516,788,0
13041,516,729,0
13042,516,803,0
13043,516,496,0
13044,516,343,0
13045,516,748,0
13046,516,543,0
13047,516,795,0
13048,516,225,0
13049,516,55,0
13050,516,184,0
13051,516,631,0
13052,516,292,0
13053,516,721,0
13054,516,880,0
13055,516,299,0
13056,516,378,0
13057,516,824,0
13058,516,879,0
13059,516,750,0
13060,516,475,0
13061,516,436,0
13062,516,670,0
13063,516,612,0
13064,516,134,0
13065,516,899,0
13066,516,465,0
13067,516,261,0
13068,516,172,0
13069,516,392,0
13070,516,619,0
13071,516,851,0
13072,516,662,0
13073,516,52,0
13074,516,733,0
13075,516,865,0
13076,516,91,0
13077,516,855,0
13078,516,682,0
13079,516,65,0
13080,516,681,0
13081,516,370,0
13082,516,895,0
13083,516,21,0
13084,516,837,0
13085,516,362,0
13086,516,863,0
13087,516,335,0
13088,516,503,0
13089,516,260,0
13090,532,557,0
13091,532,268,0
13092,532,735,0
13093,532,803,0
13094,532,489,0
13095,532,57,0
13096,532,334,0
13097,532,548,0
13098,532,289,0
13099,532,124,0
13100,532,616,0
13101,532,579,0
13102,532,412,0
13103,532,846,0
13104,532,576,0
13105,532,192,0
13106,532,466,0
13107,532,731,0
13108,532,709,0
13109,532,617,0
13110,532,287,0
13111,532,502,0
13112,532,281,0
13113,532,622,0
13114,532,759,0
13115,532,783,0
13116,532,763,0
13117,532,252,0
13118,532,657,0
13119,532,524,0
13120,532,99,0
13121,532,486,0
13122,532,623,0
13123,532,181,0
13124,532,20,0
13125,532,875,0
13126,532,400,0
13127,532,35,0
13128,532,100,0
13129,532,562,0
13130,532,451,0
13131,532,246,0
13132,532,787,0
13133,532,609,0
13134,532,643,0
13135,532,398,0
13136,532,29,0
13137,532,815,0
13138,532,817,0
13139,532,556,0
13140,532,825,0
13141,532,54,0
13142,532,321,0
13143,532,11,0
13144,532,512,0
13145,532,602,0
13146,532,149,0
13147,532,668,0
13148,532,790,0
13149,532,564,0
13150,532,103,0
13151,532,397,0
13152,532,222,0
13153,532,209,0
13154,532,27,0
13155,532,901,0
13156,532,776,0
13157,532,302,0
13158,532,823,0
13159,532,632,0
13160,532,409,0
13161,532,313,0
13162,532,51,0
13163,532,895,0
13164,532,247,0
13165,532,392,0
13166,532,478,0
13167,532,583,0
13168,532,685,0
13169,532,618,0
13170,532,30,0
13171,532,261,0
13172,532,568,0
13173,532,878,0
13174,532,340,0
13175,532,361,0
13176,532,768,0
13177,532,587,0
13178,532,355,0
13179,532,347,0
13180,532,324,0
13181,532,595,0
13182,532,290,0
13183,532,738,0
13184,532,430,0
13185,532,145,0
13186,532,869,0
13187,532,369,0
13188,532,288,0
13189,532,717,0
13190,532,794,0
13191,532,712,0
13192,532,839,0
13193,532,764,0
13194,532,598,0
13195,532,42,0
13196,532,148,0
13197,532,394,0
13198,532,147,0
13199,532,812,0
13200,532,423,0
13201,532,274,0
13202,532,432,0
13203,532,112,0
13204,532,679,0
13205,532,704,0
13206,532,645,0
13207,532,584,0
13208,532,819,0
13209,532,206,0
13210,532,809,0
13211,532,375,0
13212,532,143,0
13213,532,894,0
13214,532,798,0
13215,532,371,0
13216,532,628,0
13217,532,110,0
13218,532,237,0
13219,532,529,0
13220,532,17,0
13221,532,264,0
13222,532,800,0
13223,532,263,0
13224,532,542,0
13225,532,235,0
13226,532,169,0
13227,532,223,0
13228,532,282,0
13229,532,795,0
13230,532,465,0
13231,532,318,0
13232,532,494,0
13233,532,797,0
13234,532,659,0
13235,532,789,0
13236,532,331,0
13237,532,53,0
13238,532,872,0
13239,532,327,0
13240,532,475,0
13241,532,455,0
13242,532,820,0
13243,532,241,0
13244,532,374,0
13245,532,368,0
13246,532,120,0
13247,532,163,0
13248,532,889,0
13249,532,23,0
13250,532,786,0
13251,532,855,0
13252,532,487,0
13253,532,125,0
13254,532,864,0
13255,532,322,0
13256,532,558,0
13257,532,703,0
13258,532,845,0
13259,532,750,0
13260,532,586,0
13261,532,607,0
13262,532,306,0
13263,532,501,0
13264,532,13,0
13265,532,765,0
13266,532,411,0
13267,532,752,0
13268,532,122,0
13269,532,610,0
13270,532,457,0
13271,532,852,0
13272,532,547,0
13273,532,601,0
13274,532,438,0
13275,532,782,0
13276,532,232,0
13277,532,270,0
13278,532,276,0
13279,532,66,0
13280,532,73,0
13281,532,245,0
13282,532,898,0
13283,532,522,0
13284,532,128,0
13285,532,770,0
13286,532,691,0
13287,532,328,0
13288,532,136,0
13289,532,492,0
13290,532,172,0
13291,532,761,0
13292,532,280,0
13293,532,61,0
13294,532,389,0
13295,532,359,0
13296,532,436,0
13297,532,185,0
13298,532,82,0
13299,532,384,0
13300,532,530,0
13301,532,527,0
13302,532,39,0
13303,532,655,0
13304,532,271,0
13305,532,239,0
13306,532,708,0
13307,532,604,0
13308,532,133,0
13309,532,55,0
13310,532,176,0
13311,532,441,0
13312,532,866,0
13313,532,469,0
13314,532,59,0
13315,532,71,0
13316,532,38,0
13317,532,742,0
13318,532,238,0
13319,532,503,0
13320,532,244,0
13321,532,399,0
13322,532,471,0
13323,532,94,0
13324,532,904,0
13325,532,360,0
13326,532,760,0
13327,532,775,0
13328,532,285,0
13329,532,0,0
13330,532,75,0
13331,532,758,0
13332,532,540,0
13333,532,566,0
13334,532,906,0
13335,532,507,0
13336,532,536,0
13337,532,134,0
13338,532,421,0
13339,532,167,0
13340,532,510,0
13341,532,892,0
13342,532,689,0
13343,532,36,0
13344,532,284,0
13345,532,194,0
13346,532,830,0
13347,532,700,0
13348,532,594,0
13349,532,674,0
13350,532,605,0
13351,532,162,0
13352,532,535,0
13353,532,373,0
13354,532,706,0
13355,532,175,0
13356,532,745,0
13357,532,198,0
13358,532,221,0
13359,532,694,0
13360,532,199,0
13361,532,205,0
13362,532,210,0
13363,532,208,0
13364,532,893,0
13365,532,227,0
13366,532,462,0
13367,532,45,0
13368,532,860,0
13369,532,665,0
13370,532,353,0
13371,532,890,0
13372,532,654,0
13373,532,251,0
13374,532,792,0
13375,532,142,0
13376,532,348,0
13377,532,865,0
13378,532,433,0
13379,532,216,0
13380,532,151,0
13381,532,453,0
13382,532,155,0
13383,532,804,0
13384,532,305,0
13385,532,678,0
13386,532,614,0
13387,532,511,0
13388,532,363,0
13389,532,814,0
13390,532,85,0
13391,532,526,0
13392,532,93,0
13393,532,341,0
13394,532,721,0
13395,532,766,0
13396,532,727,0
13397,532,672,0
13398,532,580,0
13399,532,545,0
13400,532,4,0
13401,532,344,0
13402,532,439,0
13403,532,299,0
13404,532,365,0
13405,532,104,0
13406,532,342,0
13407,532,572,0
13408,532,484,0
13409,532,418,0
13410,532,504,0
13411,532,113,0
13412,532,666,0
13413,532,847,0
13414,532,445,0
13415,532,641,0
13416,532,608,0
13417,532,326,0
13418,532,370,0
13419,532,168,0
13420,532,888,0
13421,532,364,0
13422,532,447,0
13423,532,681,0
13424,532,408,0
13425,532,477,0
13426,532,135,0
13427,532,793,0
13428,532,627,0
13429,532,552,0
13430,532,26,0
13431,532,667,0
13432,532,49,0
13433,532,139,0
13434,532,215,0
13435,532,186,0
13436,532,505,0
13437,532,427,0
13438,532,480,0
13439,532,47,0
13440,532,647,0
13441,532,269,0
13442,532,442,0
13443,532,213,0
13444,532,393,0
13445,532,448,0
13446,532,538,0
13447,532,683,0
13448,532,677,0
13449,532,345,0
13450,532,479,0
13451,532,317,0
13452,532,33,0
13453,532,86,0
13454,532,899,0
13455,532,508,0
13456,532,34,0
13457,532,778,0
13458,532,407,0
13459,532,395,0
13460,532,669,0
13461,532,699,0
13462,532,539,0
13463,532,743,0
13464,532,464,0
13465,532,65,0
13466,532,115,0
13467,532,315,0
13468,532,138,0
13469,532,243,0
13470,532,515,0
13471,532,382,0
13472,532,15,0
13473,532,581,0
13474,532,650,0
13475,532,490,0
13476,532,2,0
13477,532,170,0
13478,532,521,0
13479,532,279,0
13480,532,401,0
13481,532,599,0
13482,532,343,0
13483,532,652,0
13484,532,416,0
13485,532,218,0
13486,532,372,0
13487,532,840,0
13488,532,873,0
13489,532,476,0
13490,532,203,0
13491,532,838,0
13492,532,757,0
13493,532,377,0
13494,532,774,0
13495,532,429,0
13496,532,89,0
13497,532,144,0
13498,532,91,0
13499,532,179,0
13500,532,802,0
13501,532,446,0
13502,532,642,0
13503,532,748,0
13504,532,682,0
13505,532,405,0
13506,532,275,0
13507,532,339,0
13508,532,87,0
13509,532,651,0
13510,532,358,0
13511,532,304,0
13512,532,7,0
13513,532,588,0
13514,532,146,0
13515,532,555,0
13516,532,887,0
13517,532,862,0
13518,532,644,0
13519,532,633,0
13520,532,428,0
13521,532,197,0
13522,532,212,0
13523,532,159,0
13524,532,379,0
13525,532,294,0
13526,532,414,0
13527,532,591,0
13528,532,514,0
13529,532,714,0
13530,532,836,0
13531,532,621,0
13532,532,378,0
13533,532,386,0
13534,532,474,0
13535,532,520,0
13536,532,266,0
13537,532,715,0
13538,532,177,0
13539,532,44,0
13540,532,3,0
13541,532,242,0
13542,532,229,0
13543,532,88,0
13544,532,832,0
13545,532,292,0
13546,532,458,0
13547,532,551,0
13548,532,574,0
13549,532,456,0
13550,532,272,0
13551,532,697,0
13552,532,257,0
13553,532,746,0
13554,532,468,0
13555,532,785,0
13556,532,692,0
13557,532,424,0
13558,532,773,0
13559,532,851,0
13560,532,98,0
13561,532,868,0
13562,532,563,0
13563,532,62,0
13564,532,96,0
13565,532,107,0
13566,532,362,0
13567,532,452,0
13568,532,404,0
13569,532,722,0
13570,532,837,0
13571,532,603,0
13572,532,640,0
13573,532,871,0
13574,532,14,0
13575,532,454,0
13576,532,856,0
13577,532,31,0
13578,532,158,0
13579,532,32,0
13580,532,771,0
13581,532,710,0
13582,532,897,0
13583,532,171,0
13584,532,670,0
13585,532,182,0
13586,532,258,0
13587,532,808,0
13588,532,132,0
13589,532,316,0
13590,532,137,0
13591,532,762,0
13592,532,1,0
13593,532,18,0
13594,532,695,0
13595,532,109,0
13596,532,661,0
13597,532,723,0
13598,532,366,0
13599,532,857,0
13600,532,121,0
13601,532,356,0
13602,532,565,0
13603,532,612,0
13604,532,130,0
13605,532,497,0
13606,532,818,0
13607,532,726,0
13608,532,64,0
13609,532,388,0
13610,532,52,0
13611,532,101,0
13612,532,833,0
13613,532,481,0
13614,532,519,0
13615,532,450,0
13616,532,495,0
13617,532,649,0
13618,532,881,0
13619,532,81,0
13620,532,5,0
13621,532,437,0
13622,532,772,0
13623,532,301,0
13624,532,541,0
13625,532,879,0
13626,532,620,0
13627,532,467,0
13628,532,630,0
13629,532,166,0
13630,532,129,0
13631,532,19,0
13632,532,701,0
13633,532,848,0
13634,532,686,0
13635,532,354,0
13636,532,77,0
13637,532,196,0
13638,532,624,0
13639,532,157,0
13640,532,323,0
13641,532,858,0
13642,532,902,0
13643,532,537,0
13644,532,816,0
13645,532,597,0
13646,558,572,0
13647,558,454,0
13648,558,159,0
13649,558,269,0
13650,558,35,0
13651,558,17,0
13652,558,650,0
13653,558,809,0
13654,558,692,0
13655,558,31,0
13656,558,315,0
13657,558,542,0
13658,558,277,0
13659,558,457,0
13660,558,216,0
13661,558,625,0
13662,558,173,0
13663,558,544,0
13664,558,687,0
13665,558,713,0
13666,558,209,0
13667,558,745,0
13668,558,133,0
13669,558,205,0
13670,558,309,0
13671,558,864,0
13672,558,289,0
13673,558,240,0
13674,558,64,0
13675,558,701,0
13676,558,770,0
13677,558,482,0
13678,558,537,0
13679,558,219,0
13680,558,158,0
13681,558,451,0
13682,558,873,0
13683,558,587,0
13684,558,815,0
13685,558,116,0
13686,558,142,0
13687,558,584,0
13688,558,764,0
13689,558,789,0
13690,558,883,0
13691,558,768,0
13692,558,835,0
13693,558,126,0
13694,558,187,0
13695,558,665,0
13696,558,389,0
13697,558,416,0
13698,558,593,0
13699,558,598,0
13700,558,796,0
13701,558,699,0
13702,558,103,0
13703,558,693,0
13704,558,769,0
13705,558,394,0
13706,558,804,0
13707,558,210,0
13708,558,301,0
13709,558,810,0
13710,558,685,0
13711,558,512,0
13712,558,293,0
13713,558,507,0
13714,558,407,0
13715,558,256,0
13716,558,60,0
13717,558,889,0
13718,558,350,0
13719,558,561,0
13720,558,54,0
13721,558,733,0
13722,558,688,0
13723,558,438,0
13724,558,176,0
13725,558,412,0
13726,558,421,0
13727,558,555,0
13728,558,844,0
13729,558,104,0
13730,558,147,0
13731,558,904,0
13732,558,75,0
13733,558,623,0
13734,558,20,0
13735,558,72,0
13736,558,150,0
13737,558,857,0
13738,558,473,0
13739,558,775,0
13740,558,695,0
13741,558,368,0
13742,558,603,0
13743,558,254,0
13744,558,759,0
13745,558,193,0
13746,558,59,0
13747,558,723,0
13748,558,201,0
13749,558,324,0
13750,558,543,0
13751,558,780,0
13752,558,246,0
13753,558,497,0
13754,558,3,0
13755,558,233,0
13756,558,766,0
13757,558,631,0
13758,558,43,0
13759,558,313,0
13760,558,445,0
13761,558,93,0
13762,558,297,0
13763,558,839,0
13764,558,711,0
13765,558,375,0
13766,558,245,0
13767,558,261,0
13768,558,6,0
13769,558,63,0
13770,558,851,0
13771,558,568,0
13772,558,149,0
13773,558,795,0
13774,558,130,0
13775,558,311,0
13776,558,491,0
13777,558,697,0
13778,558,392,0
13779,558,514,0
13780,558,833,0
13781,558,682,0
13782,558,725,0
13783,558,349,0
13784,558,727,0
13785,558,837,0
13786,558,308,0
13787,558,74,0
13788,558,50,0
13789,558,88,0
13790,558,161,0
13791,558,569,0
13792,558,42,0
13793,558,300,0
13794,558,362,0
13795,558,352,0
13796,558,798,0
13797,558,730,0
13798,558,615,0
13799,558,622,0
13800,558,882,0
13801,558,858,0
13802,558,526,0
13803,558,862,0
13804,558,338,0
13805,558,818,0
13806,558,360,0
13807,558,437,0
13808,558,124,0
13809,558,686,0
13810,558,14,0
13811,558,644,0
13812,558,387,0
13813,558,304,0
13814,558,453,0
13815,558,863,0
13816,558,742,0
13817,558,872,0
13818,558,518,0
13819,558,335,0
13820,558,758,0
13821,558,735,0
13822,558,30,0
13823,558,581,0
13824,558,314,0
13825,558,521,0
13826,558,284,0
13827,558,802,0
13828,558,884,0
13829,558,812,0
13830,558,683,0
13831,558,888,0
13832,558,118,0
13833,558,125,0
13834,558,332,0
13835,558,340,0
13836,558,878,0
13837,558,351,0
13838,558,347,0
13839,558,430,0
13840,558,241,0
13841,558,719,0
13842,558,363,0
13843,558,475,0
13844,558,207,0
13845,558,724,0
13846,558,162,0
13847,558,817,0
13848,558,740,0
13849,558,353,0
13850,558,409,0
13851,558,850,0
13852,558,21,0
13853,558,662,0
13854,558,148,0
13855,558,642,0
13856,558,571,0
13857,558,455,0
13858,558,557,0
13859,558,827,0
13860,558,536,0
13861,558,517,0
13862,558,154,0
13863,558,826,0
13864,558,885,0
13865,558,199,0
13866,558,629,0
13867,558,637,0
13868,558,182,0
13869,558,242,0
13870,558,444,0
13871,558,294,0
13872,558,619,0
13873,558,564,0
13874,558,679,0
13875,558,669,0
13876,558,112,0
13877,558,853,0
13878,558,80,0
13879,558,121,0
13880,558,747,0
13881,558,249,0
13882,558,217,0
13883,558,322,0
13884,558,410,0
13885,558,515,0
13886,558,100,0
13887,558,613,0
13888,558,531,0
13889,558,181,0
13890,558,646,0
13891,558,295,0
13892,558,70,0
13893,558,663,0
13894,558,331,0
13895,558,105,0
13896,558,567,0
13897,558,548,0
13898,558,538,0
13899,558,441,0
13900,558,604,0
13901,558,27,0
13902,558,779,0
13903,558,618,0
13904,558,721,0
13905,558,748,0
13906,558,281,0
13907,558,566,0
13908,558,552,0
13909,558,639,0
13910,558,841,0
13911,558,712,0
13912,558,258,0
13913,558,846,0
13914,558,596,0
13915,558,787,0
13916,558,262,0
13917,558,402,0
13918,558,881,0
13919,558,903,0
13920,558,317,0
13921,558,230,0
13922,558,7,0
13923,558,399,0
13924,558,830,0
13925,558,816,0
13926,558,260,0
13927,558,348,0
13928,558,890,0
13929,558,166,0
13930,558,653,0
13931,558,196,0
13932,558,649,0
13933,558,832,0
13934,558,238,0
13935,558,214,0
13936,558,99,0
13937,558,709,0
13938,558,554,0
13939,558,611,0
13940,558,318,0
13941,558,859,0
13942,558,710,0
13943,558,110,0
13944,558,286,0
13945,558,658,0
13946,558,356,0
13947,558,382,0
13948,558,168,0
13949,558,58,0
13950,558,386,0
13951,558,378,0
13952,558,529,0
13953,558,704,0
13954,558,316,0
13955,558,169,0
13956,558,220,0
13957,558,876,0
13958,558,57,0
13959,558,590,0
13960,558,705,0
13961,558,303,0
13962,558,667,0
13963,558,589,0
13964,558,326,0
13965,558,372,0
13966,558,800,0
13967,558,66,0
13968,558,490,0
13969,558,106,0
13970,558,638,0
13971,558,427,0
13972,558,113,0
13973,558,342,0
13974,558,164,0
13975,558,278,0
13976,558,746,0
13977,558,203,0
13978,558,383,0
13979,558,510,0
13980,558,717,0
13981,558,674,0
13982,558,907,0
13983,558,901,0
13984,558,530,0
13985,558,600,0
13986,558,225,0
13987,558,630,0
13988,558,803,0
13989,558,81,0
13990,558,628,0
13991,558,95,0
13992,558,71,0
13993,558,379,0
13994,558,734,0
13995,558,887,0
13996,558,140,0
13997,558,62,0
13998,558,449,0
13999,558,616,0
14000,558,129,0
14001,558,484,0
14002,558,328,0
14003,558,385,0
14004,558,508,0
14005,558,750,0
14006,558,174,0
14007,558,845,0
14008,558,15,0
14009,558,524,0
14010,558,726,0
14011,558,670,0
14012,558,38,0
14013,558,369,0
14014,558,689,0
14015,558,123,0
14016,558,875,0
14017,558,429,0
14018,558,703,0
14019,558,307,0
14020,558,341,0
14021,558,170,0
14022,558,202,0
14023,558,266,0
14024,558,573,0
14025,558,354,0
14026,558,371,0
14027,558,195,0
14028,558,160,0
14029,558,198,0
14030,558,384,0
14031,558,400,0
14032,558,601,0
14033,558,153,0
14034,558,773,0
14035,558,442,0
14036,558,44,0
14037,558,94,0
14038,558,231,0
14039,558,836,0
14040,558,291,0
14041,558,436,0
14042,558,367,0
14043,558,370,0
14044,558,51,0
14045,558,344,0
14046,558,617,0
14047,558,708,0
14048,558,676,0
14049,558,471,0
14050,558,570,0
14051,558,283,0
14052,558,243,0
14053,558,867,0
14054,558,509,0
14055,558,213,0
14056,558,5,0
14057,558,222,0
14058,558,595,0
14059,558,627,0
14060,584,249,0
14061,584,278,0
14062,584,701,0
14063,584,582,0
14064,584,783,0
14065,584,883,0
14066,584,323,0
14067,584,60,0
14068,584,639,0
14069,584,587,0
14070,584,171,0
14071,584,350,0
14072,584,408,0
14073,584,685,0
14074,584,882,0
14075,584,209,0
14076,584,365,0
14077,584,459,0
14078,584,34,0
14079,584,719,0
14080,584,208,0
14081,584,454,0
14082,584,534,0
14083,584,150,0
14084,584,762,0
14085,584,325,0
14086,584,548,0
14087,584,509,0
14088,584,773,0
14089,584,15,0
14090,584,438,0
14091,584,833,0
14092,584,193,0
14093,584,214,0
14094,584,640,0
14095,584,399,0
14096,584,840,0
14097,584,324,0
14098,584,90,0
14099,584,872,0
14100,584,849,0
14101,584,471,0
14102,584,195,0
14103,584,641,0
14104,584,680,0
14105,584,397,0
14106,584,669,0
14107,584,59,0
14108,584,409,0
14109,584,448,0
14110,584,445,0
14111,584,327,0
14112,584,277,0
14113,584,19,0
14114,584,231,0
14115,584,457,0
14116,584,519,0
14117,584,133,0
14118,584,514,0
14119,584,292,0
14120,584,742,0
14121,584,434,0
14122,584,889,0
14123,584,657,0
14124,584,141,0
14125,584,403,0
14126,584,485,0
14127,584,167,0
14128,584,381,0
14129,584,115,0
14130,584,529,0
14131,584,723,0
14132,584,221,0
14133,584,577,0
14134,584,200,0
14135,584,309,0
14136,584,620,0
14137,584,70,0
14138,584,726,0
14139,584,827,0
14140,584,384,0
14141,584,561,0
14142,584,452,0
14143,584,722,0
14144,584,804,0
14145,584,792,0
14146,584,559,0
14147,584,625,0
14148,584,480,0
14149,584,562,0
14150,584,242,0
14151,584,750,0
14152,584,238,0
14153,584,104,0
14154,584,626,0
14155,584,830,0
14156,584,875,0
14157,584,314,0
14158,584,175,0
14159,584,810,0
14160,584,735,0
14161,584,512,0
14162,584,893,0
14163,584,715,0
14164,584,185,0
14165,584,702,0
14166,584,281,0
14167,584,394,0
14168,584,679,0
14169,584,213,0
14170,584,1,0
14171,584,129,0
14172,584,407,0
14173,584,298,0
14174,584,134,0
14175,584,442,0
14176,584,755,0
14177,584,698,0
14178,584,540,0
14179,584,572,0
14180,584,180,0
14181,584,820,0
14182,584,334,0
14183,584,417,0
14184,584,233,0
14185,584,688,0
14186,584,611,0
14187,584,734,0
14188,584,905,0
14189,584,498,0
14190,584,118,0
14191,584,6,0
14192,584,402,0
14193,584,261,0
14194,584,744,0
14195,584,313,0
14196,584,821,0
14197,584,2,0
14198,584,656,0
14199,584,539,0
14200,584,38,0
14201,584,423,0
14202,584,131,0
14203,584,739,0
14204,584,644,0
14205,584,526,0
14206,584,544,0
14207,584,85,0
14208,584,545,0
14209,584,887,0
14210,584,49,0
14211,584,520,0
14212,584,29,0
14213,584,3,0
14214,584,227,0
14215,584,785,0
14216,584,154,0
14217,584,303,0
14218,584,525,0
14219,584,204,0
14220,584,259,0
14221,584,668,0
14222,584,898,0
14223,584,877,0
14224,584,146,0
14225,584,165,0
14226,584,184,0
14227,584,16,0
14228,584,153,0
14229,584,888,0
14230,584,482,0
14231,584,349,0
14232,584,595,0
14233,584,738,0
14234,584,557,0
14235,584,64,0
14236,584,433,0
14237,584,331,0
14238,584,844,0
14239,584,496,0
14240,584,105,0
14241,584,867,0
14242,584,594,0
14243,584,155,0
14244,584,906,0
14245,584,20,0
14246,584,895,0
14247,584,463,0
14248,584,800,0
14249,584,215,0
14250,584,664,0
14251,584,234,0
14252,584,333,0
14253,584,55,0
14254,584,652,0
14255,584,382,0
14256,584,909,0
14257,584,854,0
14258,584,619,0
14259,584,77,0
14260,584,163,0
14261,584,108,0
14262,584,310,0
14263,584,807,0
14264,584,416,0
14265,584,886,0
14266,584,828,0
14267,584,348,0
14268,584,504,0
14269,584,494,0
14270,584,570,0
14271,584,393,0
14272,584,868,0
14273,584,725,0
14274,584,359,0
14275,584,885,0
14276,584,741,0
14277,584,758,0
14278,584,643,0
14279,584,252,0
14280,584,521,0
14281,584,843,0
14282,584,106,0
14283,584,391,0
14284,584,216,0
14285,584,775,0
14286,584,633,0
14287,584,507,0
14288,584,56,0
14289,584,388,0
14290,584,458,0
14291,584,604,0
14292,584,443,0
14293,584,550,0
14294,584,873,0
14295,584,728,0
14296,584,860,0
14297,584,345,0
14298,584,756,0
14299,584,737,0
14300,584,841,0
14301,584,373,0
14302,584,811,0
14303,584,614,0
14304,584,646,0
14305,584,114,0
14306,584,80,0
14307,584,224,0
14308,584,784,0
14309,584,632,0
14310,584,816,0
14311,584,502,0
14312,584,553,0
14313,584,187,0
14314,584,181,0
14315,584,831,0
14316,584,585,0
14317,584,691,0
14318,584,389,0
14319,584,71,0
14320,584,147,0
14321,584,613,0
14322,584,144,0
14323,584,592,0
14324,584,352,0
14325,584,251,0
14326,584,693,0
14327,584,450,0
14328,584,710,0
14329,584,17,0
14330,584,230,0
14331,584,876,0
14332,584,823,0
14333,584,834,0
14334,584,312,0
14335,584,97,0
14336,584,179,0
14337,584,72,0
14338,584,329,0
14339,584,700,0
14340,584,662,0
14341,584,581,0
14342,584,210,0
14343,584,0,0
14344,584,357,0
14345,584,268,0
14346,584,754,0
14347,584,420,0
14348,584,76,0
14349,584,36,0
14350,584,879,0
14351,584,569,0
14352,584,250,0
14353,584,464,0
14354,584,392,0
14355,584,864,0
14356,584,706,0
14357,584,650,0
14358,584,543,0
14359,584,337,0
14360,584,523,0
14361,584,138,0
14362,584,588,0
14363,584,711,0
14364,584,583,0
14365,584,795,0
14366,584,439,0
14367,584,697,0
14368,584,491,0
14369,584,431,0
14370,584,552,0
14371,584,600,0
14372,584,160,0
14373,584,718,0
14374,584,446,0
14375,584,462,0
14376,584,366,0
14377,584,220,0
14378,584,881,0
14379,584,803,0
14380,584,670,0
14381,584,174,0
14382,584,358,0
14383,584,386,0
14384,584,110,0
14385,584,541,0
14386,584,307,0
14387,584,808,0
14388,584,194,0
14389,584,291,0
14390,584,412,0
14391,584,161,0
14392,584,284,0
14393,584,467,0
14394,584,341,0
14395,584,140,0
14396,584,474,0
14397,584,145,0
14398,584,253,0
14399,584,158,0
14400,584,591,0
14401,584,95,0
14402,584,79,0
14403,584,533,0
14404,584,127,0
14405,584,524,0
14406,584,764,0
14407,584,866,0
14408,584,566,0
14409,584,678,0
14410,584,475,0
14411,584,151,0
14412,584,769,0
14413,584,94,0
14414,584,372,0
14415,584,890,0
14416,584,170,0
14417,584,429,0
14418,584,266,0
14419,584,616,0
14420,584,340,0
14421,584,781,0
14422,584,806,0
14423,584,68,0
14424,584,130,0
14425,584,472,0
14426,584,293,0
14427,584,731,0
14428,584,675,0
14429,584,813,0
14430,584,861,0
14431,584,749,0
14432,584,387,0
14433,584,162,0
14434,584,255,0
14435,584,870,0
14436,584,629,0
14437,584,338,0
14438,584,797,0
14439,584,302,0
14440,584,856,0
14441,584,173,0
14442,584,610,0
14443,584,248,0
14444,584,244,0
14445,584,805,0
14446,584,120,0
14447,584,842,0
14448,584,53,0
14449,584,109,0
14450,584,671,0
14451,584,301,0
14452,584,273,0
14453,584,40,0
14454,584,747,0
14455,584,466,0
14456,584,405,0
14457,584,207,0
14458,584,102,0
14459,584,468,0
14460,584,510,0
14461,584,401,0
14462,584,699,0
14463,584,258,0
14464,584,897,0
14465,584,411,0
14466,584,65,0
14467,584,624,0
14468,584,437,0
14469,584,825,0
14470,584,575,0
14471,584,665,0
14472,584,449,0
14473,584,378,0
14474,584,753,0
14475,584,695,0
14476,584,296,0
14477,584,780,0
14478,584,606,0
14479,584,555,0
14480,584,228,0
14481,584,789,0
14482,584,793,0
14483,584,627,0
14484,584,818,0
14485,584,672,0
14486,584,75,0
14487,584,787,0
14488,584,84,0
14489,584,400,0
14490,584,418,0
14491,584,799,0
14492,584,655,0
14493,584,858,0
14494,584,330,0
14495,584,44,0
14496,584,26,0
14497,584,30,0
14498,584,198,0
14499,584,201,0
14500,584,677,0
14501,584,486,0
14502,584,39,0
14503,584,236,0
14504,584,857,0
14505,584,751,0
14506,584,139,0
14507,584,156,0
14508,584,436,0
14509,584,649,0
14510,584,404,0
14511,584,707,0
14512,584,862,0
14513,584,694,0
14514,584,527,0
14515,584,851,0
14516,584,23,0
14517,584,285,0
14518,584,705,0
14519,584,461,0
14520,584,788,0
14521,584,574,0
14522,584,499,0
14523,584,203,0
14524,584,47,0
14525,584,683,0
14526,584,603,0
14527,584,721,0
14528,584,245,0
14529,584,101,0
14530,584,819,0
14531,584,380,0
14532,584,859,0
14533,584,107,0
14534,584,812,0
14535,584,88,0
14536,584,470,0
14537,584,86,0
14538,584,24,0
14539,584,767,0
14540,584,362,0
14541,584,477,0
14542,584,286,0
14543,584,379,0
14544,584,476,0
14545,584,623,0
14546,584,96,0
14547,584,618,0
14548,584,648,0
14549,584,743,0
14550,584,740,0
14551,584,822,0
14552,584,599,0
14553,584,432,0
14554,584,489,0
14555,584,7,0
14556,584,771,0
14557,584,103,0
14558,584,159,0
14559,584,276,0
14560,584,456,0
14561,584,689,0
14562,584,869,0
14563,584,121,0
14564,584,202,0
14565,584,111,0
14566,584,232,0
14567,584,729,0
14568,584,777,0
14569,584,239,0
14570,584,608,0
14571,584,817,0
14572,584,865,0
14573,584,91,0
14574,584,87,0
14575,584,874,0
14576,584,126,0
14577,584,602,0
14578,584,696,0
14579,584,837,0
14580,584,676,0
14581,584,218,0
14582,584,497,0
14583,584,908,0
14584,584,586,0
14585,584,14,0
14586,584,478,0
14587,584,558,0
14588,584,492,0
14589,584,176,0
14590,584,720,0
14591,584,368,0
14592,584,186,0
14593,584,440,0
14594,584,51,0
14595,584,45,0
14596,584,871,0
14597,584,237,0
14598,584,530,0
14599,584,549,0
14600,584,815,0
14601,584,522,0
14602,584,518,0
14603,584,178,0
14604,584,192,0
14605,584,243,0
14606,584,565,0
14607,584,645,0
14608,584,730,0
14609,584,46,0
14610,584,421,0
14611,584,241,0
14612,584,479,0
14613,584,826,0
14614,584,774,0
14615,584,385,0
14616,584,511,0
14617,584,666,0
14618,584,661,0
14619,584,473,0
14620,584,455,0
14621,584,597,0
14622,584,52,0
14623,584,263,0
14624,584,508,0
14625,584,563,0
14626,584,148,0
14627,584,413,0
14628,584,257,0
14629,584,535,0
14630,584,488,0
14631,584,538,0
14632,584,18,0
14633,584,617,0
14634,584,122,0
14635,584,536,0
14636,584,447,0
14637,584,347,0
14638,584,601,0
14639,584,112,0
14640,584,396,0
14641,584,353,0
14642,584,615,0
14643,584,687,0
14644,584,484,0
14645,584,531,0
14646,584,598,0
14647,584,503,0
14648,584,801,0
14649,584,863,0
14650,584,855,0
14651,584,647,0
14652,584,275,0
14653,584,505,0
14654,584,794,0
14655,584,336,0
14656,584,371,0
14657,584,622,0
14658,584,673,0
14659,584,579,0
14660,584,10,0
14661,584,321,0
14662,584,836,0
14663,618,697,0
14664,618,368,0
14665,618,180,0
14666,618,286,0
14667,618,176,0
14668,618,777,0
14669,618,330,0
14670,618,338,0
14671,618,520,0
14672,618,751,0
14673,618,602,0
14674,618,548,0
14675,618,27,0
14676,618,486,0
14677,618,678,0
14678,618,81,0
14679,618,61,0
14680,618,677,0
14681,618,560,0
14682,618,196,0
14683,618,544,0
14684,618,647,0
14685,618,794,0
14686,618,446,0
14687,618,7,0
14688,618,56,0
14689,618,262,0
14690,618,316,0
14691,618,752,0
14692,618,832,0
14693,618,797,0
14694,618,53,0
14695,618,459,0
14696,618,884,0
14697,618,217,0
14698,618,123,0
14699,618,556,0
14700,618,578,0
14701,618,572,0
14702,618,113,0
14703,618,70,0
14704,618,508,0
14705,618,641,0
14706,618,612,0
14707,618,126,0
14708,618,831,0
14709,618,716,0
14710,618,293,0
14711,618,195,0
14712,618,386,0
14713,618,798,0
14714,618,780,0
14715,618,566,0
14716,618,313,0
14717,618,668,0
14718,618,845,0
14719,618,792,0
14720,618,447,0
14721,618,158,0
14722,618,379,0
14723,618,782,0
14724,618,488,0
14725,618,657,0
14726,618,295,0
14727,618,388,0
14728,618,524,0
14729,618,333,0
14730,618,624,0
14731,618,863,0
14732,618,818,0
14733,618,567,0
14734,618,345,0
14735,618,265,0
14736,618,627,0
14737,618,326,0
14738,618,366,0
14739,618,551,0
14740,618,491,0
14741,618,52,0
14742,618,642,0
14743,618,714,0
14744,618,352,0
14745,618,122,0
14746,618,705,0
14747,618,168,0
14748,618,206,0
14749,618,187,0
14750,618,15,0
14751,618,665,0
14752,618,626,0
14753,618,155,0
14754,618,268,0
14755,618,398,0
14756,618,585,0
14757,618,510,0
14758,618,759,0
14759,618,100,0
14760,618,266,0
14761,618,369,0
14762,618,365,0
14763,618,84,0
14764,618,691,0
14765,618,499,0
14766,618,105,0
14767,618,20,0
14768,618,519,0
14769,618,787,0
14770,618,478,0
14771,618,562,0
14772,618,808,0
14773,618,517,0
14774,618,698,0
14775,618,85,0
14776,618,589,0
14777,618,700,0
14778,618,159,0
14779,618,135,0
14780,618,358,0
14781,618,682,0
14782,618,63,0
14783,618,768,0
14784,618,154,0
14785,618,738,0
14786,618,42,0
14787,618,404,0
14788,618,48,0
14789,618,725,0
14790,618,64,0
14791,618,542,0
14792,618,341,0
14793,618,133,0
14794,618,866,0
14795,618,125,0
14796,618,58,0
14797,618,648,0
14798,618,170,0
14799,618,134,0
14800,618,444,0
14801,618,688,0
14802,618,311,0
14803,618,300,0
14804,618,819,0
14805,618,634,0
14806,618,842,0
14807,618,865,0
14808,618,676,0
14809,618,73,0
14810,618,30,0
14811,618,98,0
14812,618,613,0
14813,618,645,0
14814,618,701,0
14815,618,750,0
14816,618,718,0
14817,618,590,0
14818,618,394,0
14819,618,229,0
14820,618,401,0
14821,618,501,0
14822,618,616,0
14823,618,247,0
14824,618,902,0
14825,618,462,0
14826,618,744,0
14827,618,839,0
14828,618,651,0
14829,618,164,0
14830,618,887,0
14831,618,115,0
14832,618,662,0
14833,618,549,0
14834,618,829,0
14835,618,350,0
14836,618,327,0
14837,618,406,0
14838,618,550,0
14839,618,336,0
14840,618,114,0
14841,618,432,0
14842,618,531,0
14843,618,893,0
14844,618,314,0
14845,618,209,0
14846,618,281,0
14847,618,191,0
14848,618,534,0
14849,618,563,0
14850,618,528,0
14851,618,86,0
14852,618,151,0
14853,618,285,0
14854,618,710,0
14855,618,576,0
14856,618,216,0
14857,618,466,0
14858,618,276,0
14859,618,479,0
14860,618,312,0
14861,618,532,0
14862,618,88,0
14863,618,825,0
14864,618,363,0
14865,618,274,0
14866,618,734,0
14867,618,321,0
14868,618,858,0
14869,618,428,0
14870,618,650,0
14871,618,202,0
14872,618,599,0
14873,618,182,0
14874,618,747,0
14875,618,3,0
14876,618,387,0
14877,618,39,0
14878,618,900,0
14879,618,246,0
14880,618,457,0
14881,618,400,0
14882,618,405,0
14883,618,891,0
14884,618,711,0
14885,618,898,0
14886,618,536,0
14887,618,485,0
14888,618,643,0
14889,618,783,0
14890,618,263,0
14891,618,569,0
14892,618,425,0
14893,618,731,0
14894,618,41,0
14895,618,288,0
14896,618,702,0
14897,618,597,0
14898,618,76,0
14899,618,22,0
14900,618,535,0
14901,618,355,0
14902,618,179,0
14903,618,294,0
14904,618,395,0
14905,618,888,0
14906,618,813,0
14907,618,876,0
14908,618,407,0
14909,618,756,0
14910,618,116,0
14911,618,836,0
14912,618,254,0
14913,618,331,0
14914,618,325,0
14915,618,625,0
14916,618,811,0
14917,618,630,0
14918,618,790,0
14919,618,239,0
14920,618,667,0
14921,618,749,0
14922,618,87,0
14923,618,359,0
14924,618,4,0
14925,618,74,0
14926,618,111,0
14927,618,852,0
14928,618,475,0
14929,618,430,0
14930,618,108,0
14931,618,830,0
14932,618,791,0
14933,618,801,0
14934,618,299,0
14935,618,402,0
14936,618,904,0
14937,618,177,0
14938,618,685,0
14939,618,28,0
14940,618,228,0
14941,618,215,0
14942,618,101,0
14943,618,409,0
14944,618,93,0
14945,618,269,0
14946,618,445,0
14947,618,256,0
14948,618,289,0
14949,618,282,0
14950,618,489,0
14951,618,62,0
14952,618,118,0
14953,618,721,0
14954,618,112,0
14955,618,628,0
14956,618,136,0
14957,618,1,0
14958,618,762,0
14959,618,594,0
14960,618,231,0
14961,618,882,0
14962,618,755,0
14963,618,14,0
14964,618,828,0
14965,618,614,0
14966,618,435,0
14967,618,156,0
14968,618,815,0
14969,618,279,0
14970,618,218,0
14971,618,847,0
14972,618,375,0
14973,618,201,0
14974,618,208,0
14975,618,740,0
14976,618,271,0
14977,618,561,0
14978,618,413,0
14979,618,775,0
14980,618,250,0
14981,618,189,0
14982,618,399,0
14983,618,162,0
14984,618,807,0
14985,618,13,0
14986,618,727,0
14987,618,253,0
14988,618,530,0
14989,618,354,0
14990,618,433,0
14991,618,181,0
14992,618,302,0
14993,618,809,0
14994,618,498,0
14995,618,545,0
14996,618,104,0
14997,618,198,0
14998,618,75,0
14999,618,789,0
15000,618,360,0
15001,618,582,0
15002,618,504,0
15003,618,772,0
15004,618,431,0
15005,618,672,0
15006,618,260,0
15007,618,323,0
15008,618,693,0
15009,618,870,0
15010,618,506,0
15011,618,577,0
15012,618,523,0
15013,618,443,0
15014,618,67,0
15015,618,301,0
15016,618,117,0
15017,618,278,0
15018,618,137,0
15019,618,480,0
15020,618,606,0
15021,618,696,0
15022,618,460,0
15023,618,516,0
15024,618,495,0
15025,618,221,0
15026,618,31,0
15027,618,232,0
15028,618,621,0
15029,618,160,0
15030,618,255,0
15031,618,261,0
15032,618,12,0
15033,618,340,0
15034,618,487,0
15035,618,377,0
15036,618,223,0
15037,618,565,0
15038,618,547,0
15039,618,303,0
15040,618,236,0
15041,618,476,0
15042,618,712,0
15043,618,689,0
15044,618,128,0
15045,618,674,0
15046,618,275,0
15047,618,51,0
15048,618,96,0
15049,618,193,0
15050,618,899,0
15051,618,610,0
15052,618,290,0
15053,618,593,0
15054,618,786,0
15055,618,18,0
15056,618,374,0
15057,618,203,0
15058,618,442,0
15059,618,243,0
15060,618,873,0
15061,618,659,0
15062,618,59,0
15063,618,636,0
15064,618,540,0
15065,618,469,0
15066,618,453,0
15067,618,334,0
15068,618,305,0
15069,618,80,0
15070,618,683,0
15071,618,484,0
15072,618,346,0
15073,618,573,0
15074,618,283,0
15075,618,34,0
15076,618,94,0
15077,618,559,0
15078,618,603,0
15079,618,732,0
15080,618,856,0
15081,618,329,0
15082,618,362,0
15083,618,779,0
15084,618,824,0
15085,618,163,0
15086,618,148,0
15087,618,905,0
15088,618,877,0
15089,618,452,0
15090,618,9,0
15091,618,426,0
15092,618,110,0
15093,618,810,0
15094,618,690,0
15095,618,814,0
15096,618,417,0
15097,618,802,0
15098,618,226,0
15099,618,661,0
15100,618,490,0
15101,618,389,0
15102,618,142,0
15103,618,853,0
15104,618,681,0
15105,618,396,0
15106,618,509,0
15107,618,761,0
15108,618,472,0
15109,618,157,0
15110,618,351,0
15111,618,529,0
15112,618,586,0
15113,618,77,0
15114,618,224,0
15115,618,132,0
15116,618,199,0
15117,618,707,0
15118,618,907,0
15119,618,280,0
15120,618,146,0
15121,618,611,0
15122,618,526,0
15123,618,258,0
15124,618,210,0
15125,618,353,0
15126,618,521,0
15127,618,298,0
15128,618,165,0
15129,618,496,0
15130,618,571,0
15131,618,799,0
15132,618,574,0
15133,618,844,0
15134,618,436,0
15135,618,440,0
15136,618,434,0
15137,618,584,0
15138,618,257,0
15139,618,796,0
15140,618,841,0
15141,618,463,0
15142,618,235,0
15143,618,408,0
15144,618,513,0
15145,618,83,0
15146,618,439,0
15147,618,607,0
15148,618,19,0
15149,618,652,0
15150,618,310,0
15151,618,507,0
15152,618,403,0
15153,618,583,0
15154,618,60,0
15155,618,724,0
15156,618,306,0
15157,618,390,0
15158,618,757,0
15159,618,816,0
15160,618,40,0
15161,618,384,0
15162,618,464,0
15163,618,348,0
15164,618,680,0
15165,618,307,0
15166,618,422,0
15167,618,859,0
15168,618,214,0
15169,618,867,0
15170,618,207,0
15171,618,361,0
15172,618,776,0
15173,618,448,0
15174,618,840,0
15175,618,412,0
15176,618,397,0
15177,618,308,0
15178,618,347,0
15179,618,869,0
15180,618,411,0
15181,618,297,0
15182,618,670,0
15183,618,109,0
15184,618,6,0
15185,618,242,0
15186,618,54,0
15187,618,169,0
15188,618,581,0
15189,618,669,0
15190,618,894,0
15191,618,259,0
15192,618,324,0
15193,618,227,0
15194,618,826,0
15195,618,730,0
15196,618,664,0
15197,618,124,0
15198,618,46,0
15199,618,804,0
15200,618,197,0
15201,618,785,0
15202,618,43,0
15203,618,767,0
15204,618,684,0
15205,618,658,0
15206,618,5,0
15207,618,68,0
15208,618,344,0
15209,618,364,0
15210,618,541,0
15211,618,183,0
15212,618,337,0
15213,618,850,0
15214,618,805,0
15215,618,421,0
15216,618,493,0
15217,618,130,0
15218,618,821,0
15219,618,328,0
15220,618,456,0
15221,618,416,0
15222,618,230,0
15223,618,367,0
15224,618,185,0
15225,618,343,0
15226,618,552,0
15227,624,679,0
15228,624,718,0
15229,624,222,0
15230,624,827,0
15231,624,195,0
15232,624,821,0
15233,624,239,0
15234,624,882,0
15235,624,253,0
15236,624,539,0
15237,624,157,0
15238,624,598,0
15239,624,822,0
15240,624,794,0
15241,624,646,0
15242,624,705,0
15243,624,710,0
15244,624,471,0
15245,624,26,0
15246,624,410,0
15247,624,788,0
15248,624,429,0
15249,624,774,0
15250,624,57,0
15251,624,447,0
15252,624,173,0
15253,624,218,0
15254,624,570,0
15255,624,799,0
15256,624,131,0
15257,624,513,0
15258,624,704,0
15259,624,203,0
15260,624,456,0
15261,624,653,0
15262,624,228,0
15263,624,693,0
15264,624,730,0
15265,624,781,0
15266,624,702,0
15267,624,779,0
15268,624,379,0
15269,624,557,0
15270,624,535,0
15271,624,141,0
15272,624,844,0
15273,624,719,0
15274,624,608,0
15275,624,660,0
15276,624,835,0
15277,624,618,0
15278,624,236,0
15279,624,17,0
15280,624,105,0
15281,624,629,0
15282,624,42,0
15283,624,133,0
15284,624,58,0
15285,624,593,0
15286,624,825,0
15287,624,44,0
15288,624,663,0
15289,624,149,0
15290,624,892,0
15291,624,848,0
15292,624,545,0
15293,624,801,0
15294,624,887,0
15295,624,183,0
15296,624,368,0
15297,624,736,0
15298,624,97,0
15299,624,800,0
15300,624,826,0
15301,624,675,0
15302,624,885,0
15303,624,567,0
15304,624,605,0
15305,624,168,0
15306,624,1,0
15307,624,84,0
15308,624,415,0
15309,624,562,0
15310,624,651,0
15311,624,114,0
15312,624,148,0
15313,624,778,0
15314,624,242,0
15315,624,230,0
15316,624,711,0
15317,624,597,0
15318,624,472,0
15319,624,785,0
15320,624,461,0
15321,624,213,0
15322,624,442,0
15323,624,807,0
15324,624,658,0
15325,624,744,0
15326,624,380,0
15327,624,857,0
15328,624,27,0
15329,624,881,0
15330,624,325,0
15331,624,229,0
15332,624,474,0
15333,624,362,0
15334,624,202,0
15335,624,254,0
15336,624,270,0
15337,624,772,0
15338,624,69,0
15339,624,485,0
15340,624,518,0
15341,624,306,0
15342,624,813,0
15343,624,575,0
15344,624,500,0
15345,624,150,0
15346,624,767,0
15347,624,609,0
15348,624,140,0
15349,624,680,0
15350,624,517,0
15351,624,686,0
15352,624,496,0
15353,624,465,0
15354,624,838,0
15355,624,483,0
15356,624,640,0
15357,624,714,0
15358,624,385,0
15359,624,49,0
15360,624,299,0
15361,624,561,0
15362,624,367,0
15363,624,418,0
15364,624,83,0
15365,624,549,0
15366,624,336,0
15367,624,830,0
15368,624,891,0
15369,624,12,0
15370,624,387,0
15371,624,378,0
15372,624,453,0
15373,624,484,0
15374,624,314,0
15375,624,775,0
15376,624,502,0
15377,624,462,0
15378,624,584,0
15379,624,404,0
15380,624,375,0
15381,624,626,0
15382,624,46,0
15383,624,498,0
15384,624,5,0
15385,624,725,0
15386,624,365,0
15387,624,309,0
15388,624,526,0
15389,624,668,0
15390,624,187,0
15391,624,344,0
15392,624,507,0
15393,624,878,0
15394,624,246,0
15395,624,542,0
15396,624,671,0
15397,624,771,0
15398,624,371,0
15399,624,515,0
15400,624,440,0
15401,624,3,0
15402,624,152,0
15403,624,700,0
15404,624,288,0
15405,624,696,0
15406,624,433,0
15407,624,186,0
15408,624,452,0
15409,624,506,0
15410,624,566,0
15411,624,16,0
15412,624,580,0
15413,624,759,0
15414,624,145,0
15415,624,328,0
15416,624,590,0
15417,624,595,0
15418,624,676,0
15419,624,264,0
15420,624,849,0
15421,624,200,0
15422,624,727,0
15423,624,762,0
15424,624,330,0
15425,624,572,0
15426,624,840,0
15427,624,401,0
15428,624,118,0
15429,624,47,0
15430,624,422,0
15431,624,337,0
15432,624,110,0
15433,624,275,0
15434,624,665,0
15435,624,521,0
15436,624,346,0
15437,624,735,0
15438,624,768,0
15439,624,481,0
15440,624,731,0
15441,624,432,0
15442,624,622,0
15443,624,233,0
15444,624,269,0
15445,624,107,0
15446,624,812,0
15447,624,655,0
15448,624,358,0
15449,624,469,0
15450,624,431,0
15451,624,758,0
15452,624,319,0
15453,624,286,0
15454,624,638,0
15455,624,641,0
15456,624,546,0
15457,624,855,0
15458,624,209,0
15459,624,237,0
15460,624,388,0
15461,624,381,0
15462,624,591,0
15463,624,752,0
15464,624,210,0
15465,624,588,0
15466,624,475,0
15467,624,769,0
15468,624,554,0
15469,624,25,0
15470,624,670,0
15471,624,394,0
15472,624,734,0
15473,624,739,0
15474,624,520,0
15475,624,284,0
15476,624,836,0
15477,624,283,0
15478,624,893,0
15479,624,232,0
15480,624,777,0
15481,624,886,0
15482,624,219,0
15483,624,503,0
15484,624,529,0
15485,624,729,0
15486,624,578,0
15487,624,573,0
15488,624,585,0
15489,624,635,0
15490,624,208,0
15491,624,303,0
15492,624,331,0
15493,624,198,0
15494,624,872,0
15495,624,427,0
15496,624,531,0
15497,624,795,0
15498,624,180,0
15499,624,138,0
15500,624,398,0
15501,624,445,0
15502,624,260,0
15503,624,764,0
15504,624,842,0
15505,624,248,0
15506,624,656,0
15507,624,587,0
15508,624,247,0
15509,624,780,0
15510,624,238,0
15511,624,189,0
15512,624,68,0
15513,624,637,0
15514,624,519,0
15515,624,798,0
15516,624,192,0
15517,624,163,0
15518,624,815,0
15519,624,879,0
15520,624,811,0
15521,624,220,0
15522,624,792,0
15523,624,414,0
15524,624,477,0
15525,624,356,0
15526,624,188,0
15527,624,491,0
15528,624,142,0
15529,624,301,0
15530,624,201,0
15531,624,856,0
15532,624,754,0
15533,624,30,0
15534,624,751,0
15535,624,52,0
15536,624,895,0
15537,624,406,0
15538,624,162,0
15539,624,860,0
15540,624,550,0
15541,624,701,0
15542,624,560,0
15543,624,846,0
15544,624,699,0
15545,624,240,0
15546,624,313,0
15547,624,174,0
15548,624,121,0
15549,624,589,0
15550,624,870,0
15551,624,221,0
15552,624,395,0
15553,624,280,0
15554,624,733,0
15555,624,607,0
15556,624,602,0
15557,624,831,0
15558,624,214,0
15559,624,426,0
15560,624,272,0
15561,624,820,0
15562,624,683,0
15563,624,628,0
15564,624,648,0
15565,624,627,0
15566,624,525,0
15567,624,403,0
15568,624,241,0
15569,624,316,0
15570,624,649,0
15571,624,802,0
15572,624,204,0
15573,624,796,0
15574,624,687,0
15575,624,804,0
15576,624,552,0
15577,624,541,0
15578,624,761,0
15579,624,130,0
15580,624,91,0
15581,624,343,0
15582,624,832,0
15583,624,776,0
15584,624,165,0
15585,624,436,0
15586,624,715,0
15587,624,393,0
15588,624,281,0
15589,624,32,0
15590,624,460,0
15591,624,467,0
15592,624,108,0
15593,624,194,0
15594,624,409,0
15595,624,399,0
15596,624,532,0
15597,624,252,0
15598,624,261,0
15599,624,265,0
15600,624,185,0
15601,624,129,0
15602,624,773,0
15603,624,673,0
15604,624,634,0
15605,624,599,0
15606,624,122,0
15607,624,135,0
15608,624,103,0
15609,624,864,0
15610,624,70,0
15611,624,630,0
15612,624,312,0
15613,624,323,0
15614,624,829,0
15615,624,411,0
15616,624,350,0
15617,624,810,0
15618,624,372,0
15619,624,294,0
15620,624,536,0
15621,624,450,0
15622,624,866,0
15623,624,645,0
15624,624,66,0
15625,624,694,0
15626,624,79,0
15627,624,459,0
15628,624,137,0
15629,624,451,0
15630,624,756,0
15631,624,34,0
15632,624,713,0
15633,624,684,0
15634,624,667,0
15635,624,348,0
15636,624,430,0
15637,624,867,0
15638,624,59,0
15639,624,123,0
15640,624,504,0
15641,624,257,0
15642,624,311,0
15643,624,889,0
15644,624,351,0
15645,624,354,0
15646,624,569,0
15647,624,492,0
15648,624,721,0
15649,624,439,0
15650,624,613,0
15651,624,347,0
15652,624,581,0
15653,624,373,0
15654,624,332,0
15655,624,603,0
15656,624,644,0
15657,624,847,0
15658,624,75,0
15659,624,458,0
15660,624,250,0
15661,624,364,0
15662,624,478,0
15663,624,98,0
15664,624,633,0
15665,624,28,0
15666,624,377,0
15667,624,293,0
15668,624,92,0
15669,624,327,0
15670,624,62,0
15671,624,489,0
15672,624,537,0
15673,624,524,0
15674,624,610,0
15675,624,568,0
15676,624,454,0
15677,624,839,0
15678,624,884,0
15679,624,413,0
15680,624,63,0
15681,624,636,0
15682,624,383,0
15683,624,419,0
15684,624,716,0
15685,624,499,0
15686,624,865,0
15687,624,763,0
15688,624,682,0
15689,624,901,0
15690,624,182,0
15691,624,783,0
15692,624,197,0
15693,624,104,0
15694,624,285,0
15695,624,553,0
15696,624,548,0
15697,624,263,0
15698,624,435,0
15699,624,757,0
15700,624,353,0
15701,624,2,0
15702,624,741,0
15703,624,493,0
15704,624,287,0
15705,624,170,0
15706,624,8,0
15707,624,273,0
15708,624,808,0
15709,624,341,0
15710,624,652,0
15711,624,692,0
15712,624,340,0
15713,624,93,0
15714,624,834,0
15715,624,809,0
15716,624,875,0
15717,624,742,0
15718,624,495,0
15719,624,196,0
15720,624,806,0
15721,624,654,0
15722,624,487,0
15723,624,179,0
15724,624,154,0
15725,624,321,0
15726,624,113,0
15727,624,360,0
15728,624,466,0
15729,624,782,0
15730,624,623,0
15731,624,322,0
15732,624,307,0
15733,624,833,0
15734,624,7,0
15735,624,191,0
15736,624,868,0
15737,624,574,0
15738,624,854,0
15739,624,156,0
15740,624,65,0
15741,624,444,0
15742,624,324,0
15743,624,523,0
15744,624,125,0
15745,624,612,0
15746,624,21,0
15747,624,688,0
15748,624,639,0
15749,624,755,0
15750,624,317,0
15751,624,816,0
15752,624,894,0
15753,624,308,0
15754,624,642,0
15755,624,600,0
15756,624,77,0
15757,624,789,0
15758,624,9,0
15759,624,738,0
15760,624,95,0
15761,624,749,0
15762,624,512,0
15763,624,611,0
15764,624,723,0
15765,624,88,0
15766,624,416,0
15767,624,564,0
15768,624,349,0
15769,624,23,0
15770,624,216,0
15771,624,22,0
15772,624,369,0
15773,624,709,0
15774,624,861,0
15775,624,765,0
15776,624,35,0
15777,624,476,0
15778,624,703,0
15779,624,224,0
15780,624,793,0
15781,624,473,0
15782,624,19,0
15783,624,899,0
15784,624,292,0
15785,624,669,0
15786,624,15,0
15787,624,389,0
15788,624,0,0
15789,624,397,0
15790,624,268,0
15791,624,11,0
15792,624,262,0
15793,624,527,0
15794,624,509,0
15795,624,134,0
15796,624,267,0
15797,624,428,0
15798,624,540,0
15799,624,750,0
15800,624,488,0
15801,624,490,0
15802,624,853,0
15803,624,463,0
15804,624,215,0
15805,624,147,0
15806,624,695,0
15807,624,231,0
15808,624,146,0
15809,624,205,0
15810,624,897,0
15811,624,620,0
15812,624,617,0
15813,624,766,0
15814,624,438,0
15815,654,444,0
15816,654,94,0
15817,654,739,0
15818,654,25,0
15819,654,896,0
15820,654,630,0
15821,654,584,0
15822,654,405,0
15823,654,585,0
15824,654,877,0
15825,654,364,0
15826,654,822,0
15827,654,763,0
15828,654,479,0
15829,654,732,0
15830,654,63,0
15831,654,524,0
15832,654,145,0
15833,654,650,0
15834,654,687,0
15835,654,288,0
15836,654,714,0
15837,654,440,0
15838,654,74,0
15839,654,618,0
15840,654,859,0
15841,654,851,0
15842,654,149,0
15843,654,666,0
15844,654,857,0
15845,654,545,0
15846,654,341,0
15847,654,168,0
15848,654,746,0
15849,654,30,0
15850,654,720,0
15851,654,648,0
15852,654,689,0
15853,654,536,0
15854,654,741,0
15855,654,120,0
15856,654,652,0
15857,654,247,0
15858,654,747,0
15859,654,90,0
15860,654,354,0
15861,654,852,0
15862,654,203,0
15863,654,386,0
15864,654,733,0
15865,654,185,0
15866,654,455,0
15867,654,697,0
15868,654,77,0
15869,654,379,0
15870,654,303,0
15871,654,110,0
15872,654,572,0
15873,654,45,0
15874,654,119,0
15875,654,359,0
15876,654,258,0
15877,654,140,0
15878,654,677,0
15879,654,337,0
15880,654,750,0
15881,654,99,0
15882,654,770,0
15883,654,794,0
15884,654,722,0
15885,654,87,0
15886,654,840,0
15887,654,756,0
15888,654,161,0
15889,654,84,0
15890,654,29,0
15891,654,548,0
15892,654,749,0
15893,654,762,0
15894,654,814,0
15895,654,587,0
15896,654,38,0
15897,654,127,0
15898,654,737,0
15899,654,655,0
15900,654,366,0
15901,654,426,0
15902,654,202,0
15903,654,27,0
15904,654,0,0
15905,654,809,0
15906,654,789,0
15907,654,817,0
15908,654,477,0
15909,654,629,0
15910,654,373,0
15911,654,333,0
15912,654,361,0
15913,654,651,0
15914,654,388,0
15915,654,14,0
15916,654,562,0
15917,654,603,0
15918,654,775,0
15919,654,291,0
15920,654,401,0
15921,654,297,0
15922,654,15,0
15923,654,498,0
15924,654,550,0
15925,654,788,0
15926,654,703,0
15927,654,800,0
15928,654,691,0
15929,654,35,0
15930,654,838,0
15931,654,137,0
15932,654,23,0
15933,654,209,0
15934,654,408,0
15935,654,799,0
15936,654,441,0
15937,654,365,0
15938,654,129,0
15939,654,528,0
15940,654,457,0
15941,654,415,0
15942,654,355,0
15943,654,152,0
15944,654,196,0
15945,654,75,0
15946,654,111,0
15947,654,893,0
15948,654,647,0
15949,654,8,0
15950,654,570,0
15951,654,778,0
15952,654,491,0
15953,654,460,0
15954,654,531,0
15955,654,865,0
15956,654,170,0
15957,654,764,0
15958,654,897,0
15959,654,442,0
15960,654,385,0
15961,654,412,0
15962,654,690,0
15963,654,225,0
15964,654,777,0
15965,654,316,0
15966,654,16,0
15967,654,796,0
15968,654,357,0
15969,654,605,0
15970,654,171,0
15971,654,375,0
15972,654,713,0
15973,654,637,0
15974,654,577,0
15975,654,265,0
15976,654,125,0
15977,654,695,0
15978,654,106,0
15979,654,461,0
15980,654,135,0
15981,654,389,0
15982,654,378,0
15983,654,833,0
15984,654,344,0
15985,654,596,0
15986,654,309,0
15987,654,811,0
15988,654,873,0
15989,654,679,0
15990,654,413,0
15991,654,709,0
15992,654,451,0
15993,654,898,0
15994,654,384,0
15995,654,231,0
15996,654,157,0
15997,654,729,0
15998,654,518,0
15999,654,581,0
16000,654,148,0
16001,654,418,0
16002,654,313,0
16003,654,41,0
16004,654,340,0
16005,654,176,0
16006,654,400,0
16007,654,374,0
16008,654,310,0
16009,654,55,0
16010,654,905,0
16011,654,100,0
16012,654,476,0
16013,654,489,0
16014,654,876,0
16015,654,888,0
16016,654,751,0
16017,654,595,0
16018,654,82,0
16019,654,349,0
16020,654,85,0
16021,654,626,0
16022,654,537,0
16023,654,350,0
16024,654,881,0
16025,654,328,0
16026,654,627,0
16027,654,556,0
16028,654,490,0
16029,654,233,0
16030,654,845,0
16031,654,699,0
16032,654,183,0
16033,654,544,0
16034,654,908,0
16035,654,576,0
16036,654,438,0
16037,654,593,0
16038,654,694,0
16039,654,320,0
16040,654,847,0
16041,654,681,0
16042,654,638,0
16043,654,900,0
16044,654,682,0
16045,654,823,0
16046,654,394,0
16047,654,785,0
16048,654,182,0
16049,654,207,0
16050,654,725,0
16051,654,685,0
16052,654,767,0
16053,654,352,0
16054,654,131,0
16055,654,688,0
16056,654,634,0
16057,654,617,0
16058,654,141,0
16059,654,4,0
16060,654,356,0
16061,654,124,0
16062,654,411,0
16063,654,382,0
16064,654,191,0
16065,654,607,0
16066,654,830,0
16067,654,509,0
16068,654,422,0
16069,654,91,0
16070,654,278,0
16071,654,273,0
16072,654,22,0
16073,654,284,0
16074,654,828,0
16075,654,639,0
16076,654,12,0
16077,654,827,0
16078,654,417,0
16079,654,387,0
16080,654,36,0
16081,654,244,0
16082,654,26,0
16083,654,249,0
16084,654,371,0
16085,654,210,0
16086,654,621,0
16087,654,768,0
16088,654,89,0
16089,654,616,0
16090,654,146,0
16091,654,286,0
16092,654,331,0
16093,654,795,0
16094,654,805,0
16095,654,649,0
16096,654,474,0
16097,654,338,0
16098,654,813,0
16099,654,704,0
16100,654,52,0
16101,654,743,0
16102,654,323,0
16103,654,653,0
16104,654,60,0
16105,654,472,0
16106,654,784,0
16107,654,114,0
16108,654,480,0
16109,654,902,0
16110,654,133,0
16111,654,543,0
16112,654,78,0
16113,654,684,0
16114,654,493,0
16115,654,837,0
16116,654,431,0
16117,654,454,0
16118,654,615,0
16119,654,539,0
16120,654,787,0
16121,654,397,0
16122,654,547,0
16123,654,742,0
16124,654,259,0
16125,654,731,0
16126,654,279,0
16127,654,529,0
16128,654,193,0
16129,654,779,0
16130,654,216,0
16131,654,661,0
16132,654,835,0
16133,654,657,0
16134,654,163,0
16135,654,275,0
16136,654,383,0
16137,654,601,0
16138,654,831,0
16139,654,423,0
16140,654,504,0
16141,654,734,0
16142,654,844,0
16143,654,465,0
16144,654,13,0
16145,654,190,0
16146,654,726,0
16147,654,420,0
16148,654,165,0
16149,654,906,0
16150,654,514,0
16151,654,815,0
16152,654,262,0
16153,654,510,0
16154,654,342,0
16155,654,860,0
16156,654,623,0
16157,654,781,0
16158,654,117,0
16159,654,458,0
16160,654,712,0
16161,654,448,0
16162,654,192,0
16163,654,855,0
16164,654,798,0
16165,654,701,0
16166,654,153,0
16167,654,520,0
16168,654,752,0
16169,654,178,0
16170,654,812,0
16171,654,586,0
16172,654,628,0
16173,654,289,0
16174,654,50,0
16175,654,874,0
16176,654,797,0
16177,654,641,0
16178,654,675,0
16179,654,181,0
16180,654,882,0
16181,654,495,0
16182,654,58,0
16183,654,755,0
16184,654,832,0
16185,654,540,0
16186,654,879,0
16187,654,711,0
16188,654,360,0
16189,654,757,0
16190,654,895,0
16191,654,17,0
16192,654,825,0
16193,654,292,0
16194,654,530,0
16195,654,2,0
16196,654,72,0
16197,654,792,0
16198,654,115,0
16199,654,826,0
16200,654,367,0
16201,654,532,0
16202,654,304,0
16203,654,583,0
16204,654,109,0
16205,654,571,0
16206,654,392,0
16207,654,761,0
16208,654,449,0
16209,654,886,0
16210,654,51,0
16211,654,602,0
16212,654,205,0
16213,654,866,0
16214,654,406,0
16215,654,276,0
16216,654,311,0
16217,654,227,0
16218,654,434,0
16219,654,885,0
16220,654,232,0
16221,654,167,0
16222,654,242,0
16223,654,534,0
16224,654,307,0
16225,654,849,0
16226,654,34,0
16227,654,370,0
16228,654,139,0
16229,654,96,0
16230,654,645,0
16231,654,298,0
16232,654,92,0
16233,654,802,0
16234,654,525,0
16235,654,160,0
16236,654,322,0
16237,654,765,0
16238,654,663,0
16239,654,221,0
16240,654,97,0
16241,654,483,0
16242,654,302,0
16243,654,721,0
16244,654,261,0
16245,654,824,0
16246,654,255,0
16247,654,856,0
16248,654,215,0
16249,654,253,0
16250,654,475,0
16251,654,266,0
16252,654,564,0
16253,654,281,0
16254,654,330,0
16255,654,748,0
16256,654,329,0
16257,654,155,0
16258,654,718,0
16259,654,257,0
16260,654,589,0
16261,654,862,0
16262,654,240,0
16263,654,427,0
16264,654,180,0
16265,654,487,0
16266,654,116,0
16267,654,730,0
16268,654,220,0
16269,654,432,0
16270,654,769,0
16271,654,903,0
16272,654,358,0
16273,654,11,0
16274,654,142,0
16275,654,535,0
16276,654,710,0
16277,654,728,0
16278,654,283,0
16279,654,81,0
16280,654,308,0
16281,654,676,0
16282,654,887,0
16283,654,492,0
16284,654,646,0
16285,654,538,0
16286,654,169,0
16287,654,521,0
16288,654,88,0
16289,654,188,0
16290,654,346,0
16291,654,300,0
16292,654,317,0
16293,654,567,0
16294,654,20,0
16295,654,381,0
16296,654,3,0
16297,654,68,0
16298,654,343,0
16299,654,807,0
16300,654,243,0
16301,654,421,0
16302,654,6,0
16303,654,424,0
16304,654,9,0
16305,654,136,0
16306,654,484,0
16307,654,715,0
16308,654,523,0
16309,654,164,0
16310,654,224,0
16311,654,899,0
16312,654,113,0
16313,654,223,0
16314,654,511,0
16315,654,305,0
16316,654,306,0
16317,654,234,0
16318,654,254,0
16319,654,332,0
16320,654,665,0
16321,654,670,0
16322,654,610,0
16323,654,829,0
16324,654,154,0
16325,654,563,0
16326,654,519,0
16327,654,566,0
16328,654,727,0
16329,654,453,0
16330,654,301,0
16331,654,614,0
16332,654,875,0
16333,654,503,0
16334,654,624,0
16335,654,105,0
16336,654,18,0
16337,654,801,0
16338,654,771,0
16339,654,660,0
16340,654,446,0
16341,654,256,0
16342,654,557,0
16343,654,594,0
16344,654,766,0
16345,654,664,0
16346,654,450,0
16347,654,667,0
16348,654,204,0
16349,654,132,0
16350,654,600,0
16351,654,443,0
16352,654,118,0
16353,654,177,0
16354,654,315,0
16355,654,707,0
16356,654,226,0
16357,654,166,0
16358,654,369,0
16359,654,130,0
16360,654,640,0
16361,654,702,0
16362,654,481,0
16363,654,47,0
16364,654,470,0
16365,654,673,0
16366,654,312,0
16367,654,850,0
16368,654,506,0
16369,654,414,0
16370,654,407,0
16371,654,334,0
16372,654,293,0
16373,654,848,0
16374,654,230,0
16375,654,719,0
16376,654,635,0
16377,654,760,0
16378,654,108,0
16379,654,839,0
16380,654,672,0
16381,654,143,0
16382,654,294,0
16383,654,238,0
16384,654,184,0
16385,654,868,0
16386,654,43,0
16387,654,44,0
16388,654,546,0
16389,654,494,0
16390,654,351,0
16391,654,565,0
16392,654,553,0
16393,654,345,0
16394,654,613,0
16395,654,229,0
16396,654,70,0
16397,654,463,0
16398,654,863,0
16399,654,782,0
16400,654,591,0
16401,740,642,0
16402,740,400,0
16403,740,187,0
16404,740,264,0
16405,740,261,0
16406,740,531,0
16407,740,329,0
16408,740,896,0
16409,740,604,0
16410,740,13,0
16411,740,119,0
16412,740,704,0
16413,740,579,0
16414,740,131,0
16415,740,47,0
16416,740,676,0
16417,740,200,0
16418,740,476,0
16419,740,824,0
16420,740,328,0
16421,740,289,0
16422,740,199,0
16423,740,100,0
16424,740,324,0
16425,740,808,0
16426,740,171,0
16427,740,133,0
16428,740,403,0
16429,740,406,0
16430,740,449,0
16431,740,246,0
16432,740,757,0
16433,740,202,0
16434,740,341,0
16435,740,314,0
16436,740,170,0
16437,740,684,0
16438,740,350,0
16439,740,5,0
16440,740,611,0
16441,740,783,0
16442,740,554,0
16443,740,638,0
16444,740,322,0
16445,740,672,0
16446,740,742,0
16447,740,193,0
16448,740,259,0
16449,740,266,0
16450,740,593,0
16451,740,679,0
16452,740,273,0
16453,740,134,0
16454,740,572,0
16455,740,252,0
16456,740,121,0
16457,740,243,0
16458,740,216,0
16459,740,524,0
16460,740,343,0
16461,740,605,0
16462,740,37,0
16463,740,149,0
16464,740,526,0
16465,740,15,0
16466,740,339,0
16467,740,547,0
16468,740,689,0
16469,740,778,0
16470,740,181,0
16471,740,847,0
16472,740,373,0
16473,740,541,0
16474,740,230,0
16475,740,318,0
16476,740,179,0
16477,740,538,0
16478,740,764,0
16479,740,62,0
16480,740,785,0
16481,740,436,0
16482,740,173,0
16483,740,805,0
16484,740,112,0
16485,740,82,0
16486,740,713,0
16487,740,887,0
16488,740,294,0
16489,740,884,0
16490,740,412,0
16491,740,407,0
16492,740,26,0
16493,740,728,0
16494,740,810,0
16495,740,58,0
16496,740,299,0
16497,740,751,0
16498,740,195,0
16499,740,650,0
16500,740,570,0
16501,740,286,0
16502,740,97,0
16503,740,325,0
16504,740,883,0
16505,740,123,0
16506,740,370,0
16507,740,52,0
16508,740,326,0
16509,740,881,0
16510,740,540,0
16511,740,42,0
16512,740,152,0
16513,740,30,0
16514,740,795,0
16515,740,542,0
16516,740,439,0
16517,740,379,0
16518,740,744,0
16519,740,893,0
16520,740,620,0
16521,740,364,0
16522,740,172,0
16523,740,743,0
16524,740,699,0
16525,740,219,0
16526,740,209,0
16527,740,284,0
16528,740,621,0
16529,740,885,0
16530,740,194,0
16531,740,681,0
16532,740,894,0
16533,740,129,0
16534,740,788,0
16535,740,74,0
16536,740,59,0
16537,740,448,0
16538,740,438,0
16539,740,48,0
16540,740,429,0
16541,740,138,0
16542,740,781,0
16543,740,564,0
16544,740,792,0
16545,740,484,0
16546,740,491,0
16547,740,682,0
16548,740,529,0
16549,740,729,0
16550,740,489,0
16551,740,492,0
16552,740,819,0
16553,740,688,0
16554,740,811,0
16555,740,736,0
16556,740,321,0
16557,740,558,0
16558,740,898,0
16559,740,23,0
16560,740,658,0
16561,740,34,0
16562,740,555,0
16563,740,36,0
16564,740,386,0
16565,740,702,0
16566,740,40,0
16567,740,774,0
16568,740,226,0
16569,740,142,0
16570,740,872,0
16571,740,338,0
16572,740,610,0
16573,740,876,0
16574,740,848,0
16575,740,201,0
16576,740,348,0
16577,740,144,0
16578,740,16,0
16579,740,418,0
16580,740,746,0
16581,740,802,0
16582,740,118,0
16583,740,315,0
16584,740,758,0
16585,740,773,0
16586,740,137,0
16587,740,332,0
16588,740,306,0
16589,740,867,0
16590,740,814,0
16591,740,185,0
16592,740,589,0
16593,740,599,0
16594,740,29,0
16595,740,720,0
16596,740,827,0
16597,740,765,0
16598,740,458,0
16599,740,551,0
16600,740,14,0
16601,740,349,0
16602,740,790,0
16603,740,232,0
16604,740,311,0
16605,740,738,0
16606,740,877,0
16607,740,191,0
16608,740,253,0
16609,740,477,0
16610,740,145,0
16611,740,218,0
16612,740,104,0
16613,740,354,0
16614,740,61,0
16615,740,410,0
16616,740,508,0
16617,740,63,0
16618,740,597,0
16619,740,394,0
16620,740,465,0
16621,740,384,0
16622,740,241,0
16623,740,666,0
16624,740,309,0
16625,740,158,0
16626,740,250,0
16627,740,402,0
16628,740,714,0
16629,740,700,0
16630,740,380,0
16631,740,213,0
16632,740,117,0
16633,740,502,0
16634,740,268,0
16635,740,789,0
16636,740,710,0
16637,740,283,0
16638,740,298,0
16639,740,731,0
16640,740,575,0
16641,740,657,0
16642,740,139,0
16643,740,509,0
16644,740,858,0
16645,740,28,0
16646,740,454,0
16647,740,66,0
16648,740,78,0
16649,740,225,0
16650,740,711,0
16651,740,25,0
16652,740,904,0
16653,740,278,0
16654,740,656,0
16655,740,703,0
16656,740,901,0
16657,740,404,0
16658,740,81,0
16659,740,79,0
16660,740,617,0
16661,740,87,0
16662,740,70,0
16663,740,160,0
16664,740,319,0
16665,740,397,0
16666,740,854,0
16667,740,425,0
16668,740,533,0
16669,740,803,0
16670,740,83,0
16671,740,441,0
16672,740,582,0
16673,740,378,0
16674,740,855,0
16675,740,75,0
16676,740,35,0
16677,740,653,0
16678,740,633,0
16679,740,692,0
16680,740,662,0
16681,740,305,0
16682,740,552,0
16683,740,140,0
16684,740,51,0
16685,740,522,0
16686,740,762,0
16687,740,539,0
16688,740,623,0
16689,740,628,0
16690,740,270,0
16691,740,615,0
16692,740,521,0
16693,740,902,0
16694,740,1,0
16695,740,242,0
16696,740,600,0
16697,740,390,0
16698,740,607,0
16699,740,389,0
16700,740,715,0
16701,740,126,0
16702,740,737,0
16703,740,430,0
16704,740,680,0
16705,740,295,0
16706,740,277,0
16707,740,365,0
16708,740,39,0
16709,740,625,0
16710,740,815,0
16711,740,528,0
16712,740,369,0
16713,740,95,0
16714,740,197,0
16715,740,635,0
16716,740,445,0
16717,740,793,0
16718,740,419,0
16719,740,316,0
16720,740,415,0
16721,740,616,0
16722,740,734,0
16723,740,94,0
16724,740,836,0
16725,740,107,0
16726,740,895,0
16727,740,510,0
16728,740,652,0
16729,740,257,0
16730,740,111,0
16731,740,754,0
16732,740,423,0
16733,740,103,0
16734,740,38,0
16735,740,98,0
16736,740,675,0
16737,740,263,0
16738,740,506,0
16739,740,367,0
16740,740,520,0
16741,740,176,0
16742,740,276,0
16743,740,544,0
16744,740,601,0
16745,740,786,0
16746,740,247,0
16747,740,352,0
16748,740,212,0
16749,740,69,0
16750,740,93,0
16751,740,606,0
16752,740,882,0
16753,740,80,0
16754,740,851,0
16755,740,798,0
16756,740,536,0
16757,740,156,0
16758,740,106,0
16759,740,571,0
16760,740,750,0
16761,740,584,0
16762,740,303,0
16763,740,409,0
16764,740,799,0
16765,740,245,0
16766,740,377,0
16767,740,130,0
16768,740,747,0
16769,740,421,0
16770,740,55,0
16771,740,899,0
16772,740,776,0
16773,740,203,0
16774,740,825,0
16775,740,837,0
16776,740,663,0
16777,740,813,0
16778,740,428,0
16779,740,649,0
16780,740,771,0
16781,740,890,0
16782,740,826,0
16783,740,84,0
16784,740,907,0
16785,740,116,0
16786,740,161,0
16787,740,182,0
16788,740,655,0
16789,740,469,0
16790,740,562,0
16791,740,331,0
16792,740,310,0
16793,740,505,0
16794,740,639,0
16795,740,517,0
16796,740,697,0
16797,740,392,0
16798,740,313,0
16799,740,383,0
16800,740,249,0
16801,740,563,0
16802,740,27,0
16803,740,65,0
16804,740,501,0
16805,740,18,0
16806,740,577,0
16807,740,578,0
16808,740,359,0
16809,740,0,0
16810,740,342,0
16811,740,10,0
16812,740,686,0
16813,740,870,0
16814,740,561,0
16815,740,353,0
16816,740,461,0
16817,740,660,0
16818,740,719,0
16819,740,852,0
16820,740,192,0
16821,740,357,0
16822,740,614,0
16823,740,220,0
16824,740,471,0
16825,740,759,0
16826,740,238,0
16827,740,77,0
16828,740,455,0
16829,740,178,0
16830,740,475,0
16831,740,21,0
16832,793,129,0
16833,793,235,0
16834,793,879,0
16835,793,815,0
16836,793,891,0
16837,793,876,0
16838,793,319,0
16839,793,899,0
16840,793,877,0
16841,793,58,0
16842,793,142,0
16843,793,528,0
16844,793,908,0
16845,793,177,0
16846,793,754,0
16847,793,38,0
16848,793,360,0
16849,793,169,0
16850,793,0,0
16851,793,301,0
16852,793,230,0
16853,793,401,0
16854,793,246,0
16855,793,699,0
16856,793,409,0
16857,793,674,0
16858,793,832,0
16859,793,785,0
16860,793,577,0
16861,793,250,0
16862,793,189,0
16863,793,425,0
16864,793,241,0
16865,793,809,0
16866,793,796,0
16867,793,498,0
16868,793,830,0
16869,793,294,0
16870,793,813,0
16871,793,330,0
16872,793,392,0
16873,793,68,0
16874,793,544,0
16875,793,735,0
16876,793,511,0
16877,793,364,0
16878,793,526,0
16879,793,803,0
16880,793,390,0
16881,793,168,0
16882,793,478,0
16883,793,621,0
16884,793,870,0
16885,793,863,0
16886,793,76,0
16887,793,303,0
16888,793,195,0
16889,793,672,0
16890,793,421,0
16891,793,269,0
16892,793,640,0
16893,793,451,0
16894,793,904,0
16895,793,243,0
16896,793,806,0
16897,793,224,0
16898,793,571,0
16899,793,556,0
16900,793,896,0
16901,793,228,0
16902,793,733,0
16903,793,363,0
16904,793,569,0
16905,793,739,0
16906,793,615,0
16907,793,184,0
16908,793,552,0
16909,793,494,0
16910,793,205,0
16911,793,170,0
16912,793,237,0
16913,793,67,0
16914,793,709,0
16915,793,574,0
16916,793,212,0
16917,793,403,0
16918,793,357,0
16919,793,695,0
16920,793,137,0
16921,793,431,0
16922,793,553,0
16923,793,596,0
16924,793,716,0
16925,793,753,0
16926,793,497,0
16927,793,560,0
16928,793,643,0
16929,793,413,0
16930,793,254,0
16931,793,368,0
16932,793,334,0
16933,793,818,0
16934,793,131,0
16935,793,883,0
16936,793,275,0
16937,793,783,0
16938,793,379,0
16939,793,333,0
16940,793,77,0
16941,793,18,0
16942,793,801,0
16943,793,502,0
16944,793,277,0
16945,793,136,0
16946,793,857,0
16947,793,617,0
16948,793,268,0
16949,793,545,0
16950,793,579,0
16951,793,786,0
16952,793,599,0
16953,793,770,0
16954,793,828,0
16955,793,434,0
16956,793,30,0
16957,793,702,0
16958,793,790,0
16959,793,238,0
16960,793,6,0
16961,793,732,0
16962,793,162,0
16963,793,56,0
16964,793,831,0
16965,793,127,0
16966,793,689,0
16967,793,181,0
16968,793,371,0
16969,793,601,0
16970,793,656,0
16971,793,456,0
16972,793,44,0
16973,793,418,0
16974,793,339,0
16975,793,14,0
16976,793,613,0
16977,793,155,0
16978,793,95,0
16979,793,603,0
16980,793,842,0
16981,793,415,0
16982,793,582,0
16983,793,369,0
16984,793,244,0
16985,793,336,0
16986,793,781,0
16987,793,747,0
16988,793,49,0
16989,793,775,0
16990,793,464,0
16991,793,448,0
16992,793,564,0
16993,793,608,0
16994,793,227,0
16995,793,604,0
16996,793,581,0
16997,793,693,0
16998,793,521,0
16999,793,167,0
17000,793,469,0
17001,793,85,0
17002,793,518,0
17003,793,215,0
17004,793,287,0
17005,793,192,0
17006,793,838,0
17007,793,366,0
17008,793,86,0
17009,793,143,0
17010,793,103,0
17011,793,742,0
17012,793,47,0
17013,793,724,0
17014,793,196,0
17015,793,591,0
17016,793,74,0
17017,793,520,0
17018,793,548,0
17019,793,862,0
17020,793,630,0
17021,793,788,0
17022,793,627,0
17023,793,894,0
17024,793,96,0
17025,793,344,0
17026,793,700,0
17027,793,296,0
17028,793,25,0
17029,793,685,0
17030,793,145,0
17031,793,459,0
17032,793,512,0
17033,793,805,0
17034,793,391,0
17035,793,258,0
17036,793,393,0
17037,793,839,0
17038,793,705,0
17039,793,232,0
17040,793,198,0
17041,793,342,0
17042,793,176,0
17043,793,377,0
17044,793,860,0
17045,793,555,0
17046,793,851,0
17047,793,812,0
17048,793,90,0
17049,793,666,0
17050,793,361,0
17051,793,186,0
17052,793,312,0
17053,793,578,0
17054,793,789,0
17055,793,650,0
17056,793,436,0
17057,793,534,0
17058,793,112,0
17059,793,92,0
17060,793,784,0
17061,793,66,0
17062,793,389,0
17063,793,289,0
17064,793,855,0
17065,793,279,0
17066,793,432,0
17067,793,453,0
17068,793,28,0
17069,793,24,0
17070,793,462,0
17071,793,78,0
17072,793,551,0
17073,793,807,0
17074,793,527,0
17075,793,484,0
17076,793,272,0
17077,793,71,0
17078,793,843,0
17079,793,417,0
17080,793,57,0
17081,793,765,0
17082,793,624,0
17083,793,472,0
17084,793,149,0
17085,793,715,0
17086,793,541,0
17087,793,619,0
17088,793,400,0
17089,793,31,0
17090,793,36,0
17091,793,683,0
17092,793,869,0
17093,793,22,0
17094,793,449,0
17095,793,791,0
17096,793,719,0
17097,793,285,0
17098,793,468,0
17099,793,561,0
17100,793,156,0
17101,793,109,0
17102,793,692,0
17103,793,138,0
17104,793,406,0
17105,793,452,0
17106,793,872,0
17107,793,87,0
17108,793,524,0
17109,793,118,0
17110,793,530,0
17111,793,248,0
17112,793,41,0
17113,793,730,0
17114,793,447,0
17115,793,849,0
17116,793,267,0
17117,793,374,0
17118,793,121,0
17119,793,854,0
17120,793,610,0
17121,793,508,0
17122,793,5,0
17123,793,864,0
17124,793,82,0
17125,793,210,0
17126,793,675,0
17127,793,33,0
17128,793,140,0
17129,793,585,0
17130,793,380,0
17131,793,84,0
17132,793,745,0
17133,793,886,0
17134,793,147,0
17135,793,422,0
17136,793,365,0
17137,793,635,0
17138,793,532,0
17139,793,664,0
17140,793,728,0
17141,793,491,0
17142,793,218,0
17143,793,682,0
17144,793,835,0
17145,793,777,0
17146,793,769,0
17147,793,341,0
17148,793,660,0
17149,793,446,0
17150,793,419,0
17151,793,261,0
17152,793,173,0
17153,793,536,0
17154,793,519,0
17155,793,629,0
17156,793,61,0
17157,793,88,0
17158,793,623,0
17159,793,653,0
17160,793,764,0
17161,793,262,0
17162,793,73,0
17163,793,354,0
17164,793,885,0
17165,793,593,0
17166,793,697,0
17167,793,197,0
17168,793,141,0
17169,793,686,0
17170,793,489,0
17171,793,148,0
17172,793,822,0
17173,793,83,0
17174,793,590,0
17175,793,150,0
17176,793,35,0
17177,793,350,0
17178,793,836,0
17179,793,741,0
17180,793,93,0
17181,793,587,0
17182,793,207,0
17183,793,547,0
17184,793,245,0
17185,793,482,0
17186,793,568,0
17187,793,583,0
17188,793,480,0
17189,793,573,0
17190,793,665,0
17191,793,880,0
17192,793,34,0
17193,793,1,0
17194,793,102,0
17195,793,99,0
17196,793,302,0
17197,793,810,0
17198,793,771,0
17199,793,63,0
17200,793,861,0
17201,793,795,0
17202,793,217,0
17203,793,856,0
17204,793,897,0
17205,793,398,0
17206,793,385,0
17207,793,900,0
17208,793,889,0
17209,793,394,0
17210,793,625,0
17211,793,476,0
17212,793,132,0
17213,793,175,0
17214,793,632,0
17215,793,840,0
17216,793,847,0
17217,793,676,0
17218,793,505,0
17219,793,713,0
17220,793,652,0
17221,793,352,0
17222,793,866,0
17223,793,445,0
17224,793,707,0
17225,793,278,0
17226,793,178,0
17227,793,353,0
17228,793,859,0
17229,793,9,0
17230,793,457,0
17231,793,253,0
17232,793,358,0
17233,793,655,0
17234,793,288,0
17235,793,122,0
17236,793,20,0
17237,793,661,0
17238,793,160,0
17239,793,479,0
17240,793,53,0
17241,793,397,0
17242,793,106,0
17243,793,563,0
17244,793,59,0
17245,793,802,0
17246,793,108,0
17247,793,884,0
17248,793,11,0
17249,793,117,0
17250,793,748,0
17251,793,157,0
17252,793,782,0
17253,793,100,0
17254,793,104,0
17255,793,903,0
17256,793,636,0
17257,793,396,0
17258,793,19,0
17259,793,426,0
17260,793,40,0
17261,793,606,0
17262,793,240,0
17263,793,151,0
17264,793,641,0
17265,793,293,0
17266,793,124,0
17267,793,144,0
17268,793,535,0
17269,793,905,0
17270,793,811,0
17271,793,875,0
17272,793,13,0
17273,793,567,0
17274,793,717,0
17275,793,727,0
17276,793,408,0
17277,793,513,0
17278,793,659,0
17279,793,283,0
17280,793,589,0
17281,793,731,0
17282,793,637,0
17283,793,191,0
17284,793,203,0
17285,793,280,0
17286,793,597,0
17287,793,763,0
17288,793,346,0
17289,793,265,0
17290,793,323,0
17291,793,199,0
17292,793,427,0
17293,793,576,0
17294,793,514,0
17295,793,720,0
17296,793,622,0
17297,793,868,0
17298,793,123,0
17299,793,694,0
17300,793,65,0
17301,793,612,0
17302,793,299,0
17303,793,222,0
17304,793,600,0
17305,793,529,0
17306,793,779,0
17307,793,204,0
17308,793,718,0
17309,793,362,0
17310,793,154,0
17311,793,233,0
17312,793,8,0
17313,793,787,0
17314,793,881,0
17315,793,609,0
17316,793,314,0
17317,793,367,0
17318,793,37,0
17319,793,97,0
17320,793,750,0
17321,793,820,0
17322,793,546,0
17323,793,242,0
17324,793,324,0
17325,793,454,0
17326,793,558,0
17327,793,725,0
17328,793,888,0
17329,793,841,0
17330,793,395,0
17331,793,404,0
17332,793,804,0
17333,793,662,0
17334,793,865,0
17335,793,740,0
17336,793,690,0
17337,793,407,0
17338,793,375,0
17339,793,158,0
17340,793,651,0
17341,793,442,0
17342,793,761,0
17343,793,531,0
17344,793,538,0
17345,793,146,0
17346,793,898,0
17347,793,808,0
17348,793,134,0
17349,793,743,0
17350,793,504,0
17351,793,706,0
17352,793,152,0
17353,793,667,0
17354,793,182,0
17355,793,712,0
17356,793,161,0
17357,793,135,0
17358,793,644,0
17359,793,75,0
17360,793,774,0
17361,793,450,0
17362,793,337,0
17363,805,83,0
17364,805,631,0
17365,805,301,0
17366,805,296,0
17367,805,11,0
17368,805,88,0
17369,805,248,0
17370,805,500,0
17371,805,713,0
17372,805,462,0
17373,805,101,0
17374,805,90,0
17375,805,886,0
17376,805,458,0
17377,805,761,0
17378,805,253,0
17379,805,417,0
17380,805,263,0
17381,805,70,0
17382,805,302,0
17383,805,876,0
17384,805,133,0
17385,805,226,0
17386,805,503,0
17387,805,827,0
17388,805,155,0
17389,805,198,0
17390,805,227,0
17391,805,880,0
17392,805,330,0
17393,805,340,0
17394,805,143,0
17395,805,279,0
17396,805,850,0
17397,805,412,0
17398,805,491,0
17399,805,210,0
17400,805,906,0
17401,805,549,0
17402,805,690,0
17403,805,560,0
17404,805,262,0
17405,805,489,0
17406,805,218,0
17407,805,663,0
17408,805,17,0
17409,805,303,0
17410,805,509,0
17411,805,97,0
17412,805,9,0
17413,805,319,0
17414,805,495,0
17415,805,697,0
17416,805,46,0
17417,805,23,0
17418,805,200,0
17419,805,724,0
17420,805,447,0
17421,805,186,0
17422,805,442,0
17423,805,448,0
17424,805,739,0
17425,805,537,0
17426,805,856,0
17427,805,286,0
17428,805,95,0
17429,805,30,0
17430,805,810,0
17431,805,190,0
17432,805,91,0
17433,805,699,0
17434,805,791,0
17435,805,785,0
17436,805,851,0
17437,805,376,0
17438,805,156,0
17439,805,838,0
17440,805,36,0
17441,805,34,0
17442,805,900,0
17443,805,634,0
17444,805,18,0
17445,805,814,0
17446,805,183,0
17447,805,24,0
17448,805,687,0
17449,805,305,0
17450,805,650,0
17451,805,680,0
17452,805,327,0
17453,805,834,0
17454,805,646,0
17455,805,295,0
17456,805,855,0
17457,805,76,0
17458,805,828,0
17459,805,677,0
17460,805,252,0
17461,805,747,0
17462,805,357,0
17463,805,373,0
17464,805,234,0
17465,805,620,0
17466,805,401,0
17467,805,598,0
17468,805,905,0
17469,805,593,0
17470,805,578,0
17471,805,758,0
17472,805,6,0
17473,805,260,0
17474,805,387,0
17475,805,781,0
17476,805,168,0
17477,805,528,0
17478,805,609,0
17479,805,711,0
17480,805,179,0
17481,805,521,0
17482,805,313,0
17483,805,56,0
17484,805,837,0
17485,805,603,0
17486,805,737,0
17487,805,27,0
17488,805,735,0
17489,805,212,0
17490,805,685,0
17491,805,799,0
17492,805,889,0
17493,805,740,0
17494,805,61,0
17495,805,494,0
17496,805,612,0
17497,805,539,0
17498,805,686,0
17499,805,162,0
17500,805,843,0
17501,805,47,0
17502,805,159,0
17503,805,644,0
17504,805,592,0
17505,805,215,0
17506,805,425,0
17507,805,370,0
17508,805,830,0
17509,805,103,0
17510,805,454,0
17511,805,515,0
17512,805,691,0
17513,805,245,0
17514,805,127,0
17515,805,338,0
17516,805,842,0
17517,805,602,0
17518,805,868,0
17519,805,796,0
17520,805,291,0
17521,805,647,0
17522,805,220,0
17523,805,789,0
17524,805,536,0
17525,805,116,0
17526,805,617,0
17527,805,896,0
17528,805,283,0
17529,805,788,0
17530,805,794,0
17531,805,770,0
17532,805,627,0
17533,805,621,0
17534,805,484,0
17535,805,577,0
17536,805,237,0
17537,805,128,0
17538,805,429,0
17539,805,257,0
17540,805,364,0
17541,805,285,0
17542,805,306,0
17543,805,556,0
17544,805,753,0
17545,805,555,0
17546,805,584,0
17547,805,709,0
17548,805,616,0
17549,805,26,0
17550,805,192,0
17551,805,375,0
17552,805,314,0
17553,805,719,0
17554,805,68,0
17555,805,383,0
17556,805,380,0
17557,805,746,0
17558,805,312,0
17559,805,552,0
17560,805,812,0
17561,805,538,0
17562,805,170,0
17563,805,847,0
17564,805,624,0
17565,805,581,0
17566,805,422,0
17567,805,104,0
17568,805,566,0
17569,805,382,0
17570,805,589,0
17571,805,760,0
17572,805,729,0
17573,805,271,0
17574,805,586,0
17575,805,815,0
17576,805,702,0
17577,805,626,0
17578,805,141,0
17579,805,402,0
17580,805,144,0
17581,805,854,0
17582,805,122,0
17583,805,438,0
17584,805,409,0
17585,805,635,0
17586,805,118,0
17587,805,400,0
17588,805,20,0
17589,805,434,0
17590,805,807,0
17591,805,98,0
17592,805,318,0
17593,805,290,0
17594,805,721,0
17595,805,707,0
17596,805,164,0
17597,805,236,0
17598,805,22,0
17599,805,477,0
17600,805,483,0
17601,805,679,0
17602,805,622,0
17603,805,444,0
17604,805,336,0
17605,805,478,0
17606,805,573,0
17607,805,445,0
17608,805,806,0
17609,805,861,0
17610,805,38,0
17611,805,55,0
17612,805,797,0
17613,805,757,0
17614,805,839,0
17615,805,189,0
17616,805,229,0
17617,805,399,0
17618,805,157,0
17619,805,610,0
17620,805,654,0
17621,805,545,0
17622,805,320,0
17623,805,671,0
17624,805,53,0
17625,805,125,0
17626,805,208,0
17627,805,339,0
17628,805,863,0
17629,805,625,0
17630,805,587,0
17631,805,607,0
17632,805,471,0
17633,805,710,0
17634,805,522,0
17635,805,107,0
17636,805,628,0
17637,805,652,0
17638,805,866,0
17639,805,261,0
17640,805,171,0
17641,805,267,0
17642,805,534,0
17643,805,701,0
17644,805,605,0
17645,805,557,0
17646,805,493,0
17647,805,411,0
17648,805,243,0
17649,805,120,0
17650,805,395,0
17651,805,436,0
17652,805,857,0
17653,805,658,0
17654,805,108,0
17655,805,331,0
17656,805,112,0
17657,805,570,0
17658,805,879,0
17659,805,540,0
17660,805,379,0
17661,805,329,0
17662,805,887,0
17663,805,161,0
17664,805,140,0
17665,805,502,0
17666,805,749,0
17667,805,451,0
17668,805,717,0
17669,805,582,0
17670,805,657,0
17671,805,297,0
17672,805,695,0
17673,805,688,0
17674,805,819,0
17675,805,846,0
17676,805,205,0
17677,805,80,0
17678,805,7,0
17679,805,15,0
17680,805,488,0
17681,805,239,0
17682,805,752,0
17683,805,867,0
17684,805,153,0
17685,805,882,0
17686,805,86,0
17687,805,93,0
17688,805,407,0
17689,805,676,0
17690,805,1,0
17691,805,298,0
17692,805,232,0
17693,805,531,0
17694,805,158,0
17695,805,446,0
17696,805,849,0
17697,805,891,0
17698,805,606,0
17699,805,798,0
17700,805,768,0
17701,805,775,0
17702,805,765,0
17703,805,862,0
17704,805,668,0
17705,805,706,0
17706,805,865,0
17707,805,641,0
17708,805,705,0
17709,805,511,0
17710,805,37,0
17711,805,472,0
17712,805,769,0
17713,805,31,0
17714,805,317,0
17715,805,881,0
17716,805,282,0
17717,805,406,0
17718,805,872,0
17719,805,268,0
17720,805,182,0
17721,805,728,0
17722,805,349,0
17723,805,869,0
17724,805,653,0
17725,805,388,0
17726,805,516,0
17727,805,767,0
17728,805,426,0
17729,805,845,0
17730,805,684,0
17731,805,223,0
17732,805,520,0
17733,805,514,0
17734,805,249,0
17735,805,519,0
17736,805,780,0
17737,805,276,0
17738,805,860,0
17739,805,465,0
17740,805,123,0
17741,805,304,0
17742,805,833,0
17743,805,65,0
17744,805,551,0
17745,805,736,0
17746,805,596,0
17747,805,408,0
17748,805,901,0
17749,805,265,0
17750,805,114,0
17751,805,440,0
17752,805,574,0
17753,805,450,0
17754,805,541,0
17755,805,163,0
17756,805,344,0
17757,805,394,0
17758,805,672,0
17759,805,793,0
17760,805,902,0
17761,805,464,0
17762,805,741,0
17763,805,779,0
17764,805,435,0
17765,805,890,0
17766,805,457,0
17767,805,389,0
17768,805,642,0
17769,805,151,0
17770,805,764,0
17771,805,12,0
17772,805,675,0
17773,805,645,0
17774,805,131,0
17775,805,832,0
17776,805,824,0
17777,805,418,0
17778,805,62,0
17779,805,360,0
17780,805,201,0
17781,805,473,0
17782,805,240,0
17783,805,743,0
17784,805,372,0
17785,805,790,0
17786,805,649,0
17787,805,720,0
17788,805,273,0
17789,805,800,0
17790,805,533,0
17791,805,630,0
17792,805,13,0
17793,805,763,0
17794,805,611,0
17795,805,385,0
17796,805,888,0
17797,805,449,0
17798,805,238,0
17799,805,403,0
17800,805,466,0
17801,805,356,0
17802,805,60,0
17803,805,21,0
17804,805,714,0
17805,805,94,0
17806,805,308,0
17807,805,859,0
17808,805,423,0
17809,805,554,0
17810,805,391,0
17811,805,124,0
17812,805,844,0
17813,805,818,0
17814,805,126,0
17815,805,801,0
17816,805,138,0
17817,805,333,0
17818,805,323,0
17819,805,371,0
17820,805,228,0
17821,805,347,0
17822,805,615,0
17823,805,325,0
17824,805,235,0
17825,805,348,0
17826,805,600,0
17827,805,455,0
17828,805,191,0
17829,805,355,0
17830,805,512,0
17831,805,703,0
17832,805,41,0
17833,805,822,0
17834,805,518,0
17835,805,467,0
17836,805,207,0
17837,805,77,0
17838,805,619,0
17839,805,517,0
17840,805,421,0
17841,805,427,0
17842,805,431,0
17843,805,568,0
17844,805,776,0
17845,805,224,0
17846,805,836,0
17847,805,894,0
17848,805,175,0
17849,805,670,0
17850,805,4,0
17851,805,43,0
17852,805,871,0
17853,805,505,0
17854,805,59,0
17855,805,281,0
17856,805,637,0
17857,805,588,0
17858,805,275,0
17859,805,19,0
17860,805,486,0
17861,805,398,0
17862,805,178,0
17863,805,386,0
17864,805,542,0
17865,805,367,0
17866,805,479,0
17867,805,485,0
17868,805,508,0
17869,805,732,0
17870,805,289,0
17871,805,29,0
17872,805,475,0
17873,805,393,0
17874,805,651,0
17875,805,878,0
17876,805,246,0
17877,805,172,0
17878,805,559,0
17879,805,258,0
17880,805,259,0
17881,805,590,0
17882,805,185,0
17883,805,51,0
17884,805,885,0
17885,805,755,0
17886,805,689,0
17887,805,437,0
17888,805,321,0
17889,805,692,0
17890,805,754,0
17891,805,750,0
17892,805,202,0
17893,805,662,0
17894,805,572,0
17895,805,553,0
17896,805,187,0
17897,805,875,0
17898,805,173,0
17899,805,353,0
17900,805,280,0
17901,805,895,0
17902,805,322,0
17903,805,74,0
17904,805,870,0
17905,805,811,0
17906,805,727,0
17907,805,787,0
17908,805,72,0
17909,805,656,0
17910,805,219,0
17911,805,530,0
17912,805,492,0
17913,805,816,0
17914,805,160,0
17915,805,623,0
17916,805,664,0
17917,805,176,0
17918,805,725,0
17919,805,544,0
17920,805,897,0
17921,805,643,0
17922,805,632,0
17923,805,575,0
17924,805,67,0
17925,805,180,0
17926,805,852,0
17927,805,510,0
17928,805,722,0
17929,805,733,0
17930,805,130,0
17931,805,194,0
17932,805,148,0
17933,805,452,0
17934,805,700,0
17935,805,197,0
17936,805,414,0
17937,805,294,0
17938,805,817,0
17939,805,461,0
17940,805,354,0
17941,805,359,0
17942,805,326,0
17943,805,884,0
17944,805,324,0
17945,805,363,0
17946,805,903,0
17947,805,848,0
17948,805,206,0
17949,805,543,0
17950,805,704,0
17951,805,734,0
17952,805,82,0
17953,805,242,0
17954,805,396,0
17955,805,759,0
17956,805,773,0
17957,805,565,0
17958,805,499,0
17959,805,579,0
17960,805,873,0
17961,873,121,0
17962,873,57,0
17963,873,59,0
17964,873,675,0
17965,873,188,0
17966,873,356,0
17967,873,431,0
17968,873,214,0
17969,873,642,0
17970,873,241,0
17971,873,763,0
17972,873,710,0
17973,873,651,0
17974,873,10,0
17975,873,358,0
17976,873,462,0
17977,873,403,0
17978,873,738,0
17979,873,70,0
17980,873,292,0
17981,873,178,0
17982,873,802,0
17983,873,126,0
17984,873,326,0
17985,873,119,0
17986,873,629,0
17987,873,421,0
17988,873,296,0
17989,873,14,0
17990,873,862,0
17991,873,825,0
17992,873,166,0
17993,873,315,0
17994,873,784,0
17995,873,68,0
17996,873,488,0
17997,873,524,0
17998,873,293,0
17999,873,713,0
18000,873,156,0
18001,873,136,0
18002,873,487,0
18003,873,687,0
18004,873,206,0
18005,873,762,0
18006,873,474,0
18007,873,351,0
18008,873,482,0
18009,873,839,0
18010,873,589,0
18011,873,900,0
18012,873,405,0
18013,873,547,0
18014,873,595,0
18015,873,238,0
18016,873,653,0
18017,873,829,0
18018,873,196,0
18019,873,226,0
18020,873,479,0
18021,873,406,0
18022,873,817,0
18023,873,342,0
18024,873,319,0
18025,873,562,0
18026,873,506,0
18027,873,2,0
18028,873,465,0
18029,873,267,0
18030,873,598,0
18031,873,444,0
18032,873,463,0
18033,873,104,0
18034,873,743,0
18035,873,128,0
18036,873,189,0
18037,873,176,0
18038,873,643,0
18039,873,12,0
18040,873,71,0
18041,873,696,0
18042,873,314,0
18043,873,364,0
18044,873,38,0
18045,873,79,0
18046,873,134,0
18047,873,838,0
18048,873,108,0
18049,873,747,0
18050,873,43,0
18051,873,841,0
18052,873,736,0
18053,873,203,0
18054,873,202,0
18055,873,665,0
18056,873,765,0
18057,873,339,0
18058,873,22,0
18059,873,21,0
18060,873,786,0
18061,873,810,0
18062,873,45,0
18063,873,50,0
18064,873,254,0
18065,873,739,0
18066,873,458,0
18067,873,420,0
18068,873,86,0
18069,873,804,0
18070,873,373,0
18071,873,893,0
18072,873,781,0
18073,873,516,0
18074,873,509,0
18075,873,80,0
18076,873,175,0
18077,873,190,0
18078,873,440,0
18079,873,616,0
18080,873,354,0
18081,873,224,0
18082,873,805,0
18083,873,46,0
18084,873,901,0
18085,873,619,0
18086,873,734,0
18087,873,718,0
18088,873,310,0
18089,873,531,0
18090,873,167,0
18091,873,566,0
18092,873,378,0
18093,873,228,0
18094,873,179,0
18095,873,510,0
18096,873,633,0
18097,873,501,0
18098,873,548,0
18099,873,149,0
18100,873,140,0
18101,873,889,0
18102,873,18,0
18103,873,246,0
18104,873,24,0
18105,873,741,0
18106,873,534,0
18107,873,719,0
18108,873,350,0
18109,873,704,0
18110,873,815,0
18111,873,552,0
18112,873,35,0
18113,873,646,0
18114,873,9,0
18115,873,65,0
18116,873,69,0
18117,873,660,0
18118,873,745,0
18119,873,29,0
18120,873,882,0
18121,873,193,0
18122,873,194,0
18123,873,705,0
18124,873,888,0
18125,873,288,0
18126,873,333,0
18127,873,281,0
18128,873,812,0
18129,873,758,0
18130,873,512,0
18131,873,674,0
18132,873,42,0
18133,873,200,0
18134,873,847,0
18135,873,312,0
18136,873,341,0
18137,873,429,0
18138,873,634,0
18139,873,716,0
18140,873,515,0
18141,873,652,0
18142,873,337,0
18143,873,81,0
18144,873,349,0
18145,873,368,0
18146,873,44,0
18147,873,814,0
18148,873,372,0
18149,873,773,0
18150,873,95,0
18151,873,442,0
18152,873,161,0
18153,873,769,0
18154,873,441,0
18155,873,774,0
18156,873,856,0
18157,873,399,0
18158,873,779,0
18159,873,522,0
18160,873,263,0
18161,873,556,0
18162,873,56,0
18163,873,135,0
18164,873,154,0
18165,873,106,0
18166,873,623,0
18167,873,169,0
18168,873,688,0
18169,873,594,0
18170,873,666,0
18171,873,99,0
18172,873,258,0
18173,873,304,0
18174,873,270,0
18175,873,32,0
18176,873,397,0
18177,873,605,0
18178,873,424,0
18179,873,896,0
18180,873,783,0
18181,873,863,0
18182,873,253,0
18183,873,285,0
18184,873,517,0
18185,873,470,0
18186,873,615,0
18187,873,757,0
18188,873,790,0
18189,873,800,0
18190,873,624,0
18191,873,630,0
18192,873,117,0
18193,873,764,0
18194,873,717,0
18195,873,592,0
18196,873,177,0
18197,873,370,0
18198,873,419,0
18199,873,852,0
18200,873,439,0
18201,873,894,0
18202,873,448,0
18203,873,369,0
18204,873,574,0
18205,873,539,0
18206,873,266,0
18207,873,892,0
18208,873,163,0
18209,873,390,0
18210,873,567,0
18211,873,694,0
18212,873,234,0
18213,873,861,0
18214,873,476,0
18215,873,659,0
18216,873,676,0
18217,873,579,0
18218,873,650,0
18219,873,152,0
18220,873,436,0
18221,873,98,0
18222,873,641,0
18223,873,291,0
18224,873,437,0
18225,873,139,0
18226,873,371,0
18227,873,635,0
18228,873,198,0
18229,873,842,0
18230,873,638,0
18231,873,682,0
18232,873,748,0
18233,873,628,0
18234,873,905,0
18235,873,389,0
18236,873,103,0
18237,873,561,0
18238,873,219,0
18239,873,493,0
18240,873,767,0
18241,873,585,0
18242,873,570,0
18243,873,700,0
18244,873,97,0
18245,873,685,0
18246,873,731,0
18247,873,563,0
18248,873,529,0
18249,873,344,0
18250,873,584,0
18251,873,240,0
18252,873,495,0
18253,873,213,0
18254,873,122,0
18255,873,187,0
18256,873,127,0
18257,873,276,0
18258,873,830,0
18259,873,8,0
18260,873,101,0
18261,873,655,0
18262,873,803,0
18263,873,331,0
18264,873,164,0
18265,873,640,0
18266,873,626,0
18267,873,417,0
18268,873,215,0
18269,873,730,0
18270,873,75,0
18271,873,845,0
18272,873,681,0
18273,873,28,0
18274,873,279,0
18275,873,30,0
18276,873,697,0
18277,873,780,0
18278,873,618,0
18279,873,875,0
18280,873,19,0
18281,873,740,0
18282,873,447,0
18283,873,334,0
18284,873,813,0
18285,873,596,0
18286,873,678,0
18287,873,305,0
18288,873,360,0
18289,873,471,0
18290,873,264,0
18291,873,834,0
18292,873,302,0
18293,873,720,0
18294,873,423,0
18295,873,541,0
18296,873,357,0
18297,873,111,0
18298,873,792,0
18299,873,361,0
18300,873,884,0
18301,873,683,0
18302,873,766,0
18303,873,729,0
18304,873,289,0
18305,873,461,0
18306,873,478,0
18307,873,5,0
18308,873,904,0
18309,873,409,0
18310,873,430,0
18311,873,503,0
18312,873,701,0
18313,873,142,0
18314,873,41,0
18315,873,555,0
18316,873,499,0
18317,873,778,0
18318,873,277,0
18319,873,325,0
18320,873,511,0
18321,873,227,0
18322,873,286,0
18323,873,759,0
18324,873,309,0
18325,873,404,0
18326,873,62,0
18327,873,438,0
18328,873,464,0
18329,873,137,0
18330,873,172,0
18331,873,280,0
18332,873,174,0
18333,873,864,0
18334,873,483,0
18335,873,684,0
18336,873,604,0
18337,873,698,0
18338,873,497,0
18339,873,346,0
18340,873,521,0
18341,873,47,0
18342,873,83,0
18343,873,750,0
18344,873,327,0
18345,873,793,0
18346,873,754,0
18347,873,668,0
18348,873,897,0
18349,873,477,0
18350,873,217,0
18351,873,132,0
18352,873,412,0
18353,873,573,0
18354,873,460,0
18355,873,528,0
18356,873,332,0
18357,873,823,0
18358,873,533,0
18359,873,259,0
18360,873,490,0
18361,873,600,0
18362,873,611,0
18363,873,410,0
18364,873,235,0
18365,873,542,0
18366,873,496,0
18367,873,201,0
18368,873,352,0
18369,873,250,0
18370,873,338,0
18371,873,63,0
18372,873,602,0
18373,873,788,0
18374,873,84,0
18375,873,869,0
18376,873,427,0
18377,873,231,0
18378,873,753,0
18379,873,776,0
18380,873,848,0
18381,873,722,0
18382,873,855,0
18383,873,532,0
18384,873,428,0
18385,873,37,0
18386,873,526,0
18387,873,801,0
18388,873,608,0
18389,873,64,0
18390,873,885,0
18391,873,51,0
18392,873,649,0
18393,873,808,0
18394,873,260,0
18395,873,295,0
18396,873,239,0
18397,873,124,0
18398,873,514,0
18399,873,251,0
18400,873,197,0
18401,873,27,0
18402,873,737,0
18403,873,455,0
18404,873,82,0
18405,873,415,0
18406,873,36,0
18407,873,284,0
18408,873,244,0
18409,873,113,0
18410,873,798,0
18411,873,475,0
18412,873,313,0
18413,873,211,0
18414,873,61,0
18415,873,146,0
18416,873,843,0
18417,873,712,0
18418,873,222,0
18419,873,230,0
18420,873,486,0
18421,873,535,0
18422,873,806,0
18423,873,588,0
18424,873,255,0
18425,873,620,0
18426,873,485,0
18427,873,321,0
18428,873,575,0
18429,873,413,0
18430,873,480,0
18431,873,381,0
18432,873,160,0
18433,873,693,0
18434,873,192,0
18435,873,216,0
18436,873,78,0
18437,873,236,0
18438,873,663,0
18439,873,858,0
18440,873,807,0
18441,873,513,0
18442,873,432,0
18443,873,112,0
18444,873,878,0
18445,873,385,0
18446,873,265,0
18447,873,527,0
18448,873,131,0
18449,873,799,0
18450,873,725,0
18451,873,854,0
18452,873,702,0
18453,873,714,0
18454,873,401,0
18455,873,593,0
18456,873,692,0
18457,873,25,0
18458,873,876,0
18459,873,473,0
18460,873,318,0
18461,873,96,0
18462,873,329,0
18463,873,811,0
18464,873,109,0
18465,873,909,0
18466,873,559,0
18467,873,418,0
18468,873,133,0
18469,873,34,0
18470,873,857,0
18471,873,365,0
18472,873,746,0
18473,873,606,0
18474,873,120,0
18475,873,168,0
18476,873,170,0
18477,873,621,0
18478,873,770,0
18479,873,551,0
18480,873,223,0
18481,873,343,0
18482,873,879,0
18483,873,273,0
18484,873,290,0
18485,873,328,0
18486,873,832,0
18487,873,761,0
18488,873,23,0
18489,873,760,0
18490,873,185,0
18491,873,147,0
18492,873,860,0
18493,873,610,0
18494,873,636,0
18495,873,125,0
18496,873,347,0
18497,873,306,0
18498,873,7,0
18499,873,340,0
18500,873,391,0
18501,873,31,0
18502,873,627,0
18503,873,453,0
18504,873,456,0
18505,873,394,0
18506,873,755,0
18507,873,261,0
18508,873,26,0
18509,873,379,0
18510,873,316,0
18511,873,686,0
18512,873,518,0
18513,873,52,0
18514,873,143,0
18515,873,426,0
18516,873,393,0
18517,873,644,0
18518,873,384,0
18519,873,153,0
18520,873,218,0
18521,873,899,0
18522,873,690,0
18523,873,819,0
18524,873,257,0
18525,873,756,0
18526,873,454,0
18527,873,209,0
18528,873,171,0
18529,873,272,0
18530,873,249,0
18531,873,645,0
18532,873,392,0
18533,873,212,0
18534,873,707,0
18535,873,207,0
18536,873,654,0
18537,873,587,0
18538,873,17,0
18539,873,336,0
18540,873,883,0
18541,873,411,0
18542,873,162,0
18543,873,141,0
18544,873,492,0
18545,873,872,0
18546,873,359,0
18547,873,180,0
18548,873,252,0
18549,882,350,0
18550,882,302,0
18551,882,298,0
18552,882,691,0
18553,882,745,0
18554,882,580,0
18555,882,45,0
18556,882,462,0
18557,882,714,0
18558,882,806,0
18559,882,100,0
18560,882,891,0
18561,882,251,0
18562,882,661,0
18563,882,91,0
18564,882,93,0
18565,882,17,0
18566,882,399,0
18567,882,712,0
18568,882,648,0
18569,882,24,0
18570,882,356,0
18571,882,70,0
18572,882,296,0
18573,882,630,0
18574,882,380,0
18575,882,797,0
18576,882,539,0
18577,882,769,0
18578,882,760,0
18579,882,203,0
18580,882,821,0
18581,882,641,0
18582,882,903,0
18583,882,308,0
18584,882,270,0
18585,882,354,0
18586,882,611,0
18587,882,243,0
18588,882,181,0
18589,882,192,0
18590,882,698,0
18591,882,705,0
18592,882,488,0
18593,882,216,0
18594,882,552,0
18595,882,123,0
18596,882,833,0
18597,882,802,0
18598,882,120,0
18599,882,119,0
18600,882,233,0
18601,882,679,0
18602,882,235,0
18603,882,28,0
18604,882,832,0
18605,882,234,0
18606,882,656,0
18607,882,372,0
18608,882,116,0
18609,882,655,0
18610,882,186,0
18611,882,71,0
18612,882,694,0
18613,882,715,0
18614,882,16,0
18615,882,610,0
18616,882,368,0
18617,882,534,0
18618,882,205,0
18619,882,316,0
18620,882,90,0
18621,882,445,0
18622,882,107,0
18623,882,739,0
18624,882,902,0
18625,882,89,0
18626,882,12,0
18627,882,30,0
18628,882,128,0
18629,882,728,0
18630,882,394,0
18631,882,402,0
18632,882,182,0
18633,882,428,0
18634,882,700,0
18635,882,273,0
18636,882,556,0
18637,882,791,0
18638,882,646,0
18639,882,766,0
18640,882,374,0
18641,882,548,0
18642,882,617,0
18643,882,781,0
18644,882,193,0
18645,882,720,0
18646,882,814,0
18647,882,767,0
18648,882,86,0
18649,882,117,0
18650,882,653,0
18651,882,581,0
18652,882,866,0
18653,882,391,0
18654,882,189,0
18655,882,15,0
18656,882,740,0
18657,882,469,0
18658,882,750,0
18659,882,850,0
18660,882,749,0
18661,882,334,0
18662,882,53,0
18663,882,887,0
18664,882,343,0
18665,882,393,0
18666,882,636,0
18667,882,378,0
18668,882,382,0
18669,882,756,0
18670,882,449,0
18671,882,507,0
18672,882,87,0
18673,882,416,0
18674,882,570,0
18675,882,535,0
18676,882,877,0
18677,882,103,0
18678,882,651,0
18679,882,258,0
18680,882,613,0
18681,882,14,0
18682,882,152,0
18683,882,503,0
18684,882,727,0
18685,882,83,0
18686,882,19,0
18687,882,674,0
18688,882,434,0
18689,882,736,0
18690,882,379,0
18691,882,210,0
18692,882,388,0
18693,882,475,0
18694,882,436,0
18695,882,329,0
18696,882,618,0
18697,882,894,0
18698,882,145,0
18699,882,168,0
18700,882,95,0
18701,882,227,0
18702,882,63,0
18703,882,367,0
18704,882,276,0
18705,882,351,0
18706,882,81,0
18707,882,121,0
18708,882,547,0
18709,882,390,0
18710,882,683,0
18711,882,40,0
18712,882,909,0
18713,882,162,0
18714,882,820,0
18715,882,716,0
18716,882,726,0
18717,882,381,0
18718,882,805,0
18719,882,762,0
18720,882,154,0
18721,882,901,0
18722,882,291,0
18723,882,73,0
18724,882,60,0
18725,882,265,0
18726,882,52,0
18727,882,65,0
18728,882,816,0
18729,882,363,0
18730,882,889,0
18731,882,443,0
18732,882,94,0
18733,882,114,0
18734,882,269,0
18735,882,908,0
18736,882,607,0
18737,882,289,0
18738,882,758,0
18739,882,780,0
18740,882,130,0
18741,882,723,0
18742,882,721,0
18743,882,413,0
18744,882,111,0
18745,882,519,0
18746,882,823,0
18747,882,2,0
18748,882,177,0
18749,882,713,0
18750,882,105,0
18751,882,131,0
18752,882,598,0
18753,882,460,0
18754,882,215,0
18755,882,11,0
18756,882,454,0
18757,882,906,0
18758,882,456,0
18759,882,495,0
18760,882,341,0
18761,882,463,0
18762,882,312,0
18763,882,896,0
18764,882,878,0
18765,882,79,0
18766,882,248,0
18767,882,1,0
18768,882,392,0
18769,882,318,0
18770,882,619,0
18771,882,576,0
18772,882,536,0
18773,882,401,0
18774,882,609,0
18775,882,719,0
18776,882,510,0
18777,882,564,0
18778,882,650,0
18779,882,362,0
18780,882,172,0
18781,882,616,0
18782,882,403,0
18783,882,526,0
18784,882,370,0
18785,882,852,0
18786,882,47,0
18787,882,56,0
18788,882,555,0
18789,882,220,0
18790,882,198,0
18791,882,571,0
18792,882,883,0
18793,882,450,0
18794,882,841,0
18795,882,595,0
18796,882,275,0
18797,882,487,0
18798,882,407,0
18799,882,628,0
18800,882,262,0
18801,882,8,0
18802,882,4,0
18803,882,812,0
18804,882,179,0
18805,882,672,0
18806,882,753,0
18807,882,167,0
18808,882,500,0
18809,882,21,0
18810,882,160,0
18811,882,862,0
18812,882,569,0
18813,882,29,0
18814,882,143,0
18815,882,707,0
18816,882,398,0
18817,882,826,0
18818,882,211,0
18819,882,711,0
18820,882,44,0
18821,882,477,0
18822,882,415,0
18823,882,763,0
18824,882,848,0
18825,882,137,0
18826,882,138,0
18827,882,587,0
18828,882,249,0
18829,882,471,0
18830,882,796,0
18831,882,224,0
18832,882,188,0
18833,882,784,0
18834,882,50,0
18835,882,315,0
18836,882,176,0
18837,882,586,0
18838,882,787,0
18839,882,54,0
18840,882,589,0
18841,882,82,0
18842,882,48,0
18843,882,230,0
18844,882,840,0
18845,882,506,0
18846,882,31,0
18847,882,376,0
18848,882,892,0
18849,882,321,0
18850,882,287,0
18851,882,516,0
18852,882,331,0
18853,882,221,0
18854,882,505,0
18855,882,476,0
18856,882,76,0
18857,882,804,0
18858,882,629,0
18859,882,13,0
18860,882,697,0
18861,882,240,0
18862,882,585,0
18863,882,657,0
18864,882,542,0
18865,882,451,0
18866,882,272,0
18867,882,236,0
18868,882,737,0
18869,882,254,0
18870,882,845,0
18871,882,129,0
18872,882,786,0
18873,882,101,0
18874,882,175,0
18875,882,605,0
18876,882,734,0
18877,882,410,0
18878,882,583,0
18879,882,859,0
18880,882,530,0
18881,882,418,0
18882,882,247,0
18883,882,39,0
18884,882,834,0
18885,882,677,0
18886,882,817,0
18887,882,828,0
18888,882,212,0
18889,882,842,0
18890,882,468,0
18891,882,383,0
18892,882,357,0
18893,882,744,0
18894,882,366,0
18895,882,396,0
18896,882,190,0
18897,882,320,0
18898,882,171,0
18899,882,799,0
18900,882,761,0
18901,882,322,0
18902,882,294,0
18903,882,575,0
18904,882,513,0
18905,882,337,0
18906,882,652,0
18907,882,324,0
18908,882,768,0
18909,882,632,0
18910,882,57,0
18911,882,26,0
18912,882,867,0
18913,882,108,0
18914,882,5,0
18915,882,113,0
18916,882,851,0
18917,882,549,0
18918,882,311,0
18919,882,603,0
18920,882,55,0
18921,882,169,0
18922,882,584,0
18923,882,328,0
18924,882,9,0
18925,882,870,0
18926,882,185,0
18927,882,752,0
18928,882,125,0
18929,882,458,0
18930,882,606,0
18931,882,658,0
18932,882,327,0
18933,882,110,0
18934,882,336,0
18935,882,352,0
18936,882,579,0
18937,882,604,0
18938,882,514,0
18939,882,325,0
18940,882,264,0
18941,882,377,0
18942,882,511,0
18943,882,522,0
18944,882,317,0
18945,882,490,0
18946,882,96,0
18947,882,881,0
18948,882,520,0
18949,882,811,0
18950,882,139,0
18951,882,545,0
18952,882,323,0
18953,882,764,0
18954,882,880,0
18955,882,724,0
18956,882,755,0
18957,882,872,0
18958,882,550,0
18959,882,856,0
18960,882,133,0
18961,882,757,0
18962,882,256,0
18963,882,854,0
18964,882,77,0
18965,882,608,0
18966,882,165,0
18967,882,501,0
18968,882,180,0
18969,882,447,0
18970,882,860,0
18971,882,492,0
18972,882,349,0
18973,882,888,0
18974,882,703,0
18975,882,102,0
18976,882,299,0
18977,882,730,0
18978,882,385,0
18979,882,631,0
18980,882,831,0
18981,882,266,0
18982,882,199,0
18983,882,386,0
18984,882,637,0
18985,882,250,0
18986,882,844,0
18987,882,838,0
18988,882,898,0
18989,882,884,0
18990,882,149,0
18991,882,389,0
18992,882,112,0
18993,882,624,0
18994,882,593,0
18995,882,58,0
18996,882,303,0
18997,882,344,0
18998,882,419,0
18999,882,563,0
19000,882,498,0
19001,882,686,0
19002,882,255,0
19003,882,140,0
19004,882,813,0
19005,882,369,0
19006,882,69,0
19007,882,559,0
19008,882,253,0
19009,882,529,0
19010,882,437,0
19011,882,788,0
19012,882,801,0
19013,882,461,0
19014,882,807,0
19015,882,409,0
19016,882,237,0
19017,882,493,0
19018,882,43,0
19019,882,156,0
19020,882,794,0
19021,882,798,0
19022,882,849,0
19023,882,528,0
19024,882,206,0
19025,882,885,0
19026,882,78,0
19027,882,238,0
19028,882,64,0
19029,882,309,0
19030,882,751,0
19031,882,20,0
19032,882,649,0
19033,882,144,0
19034,882,136,0
19035,882,347,0
19036,882,499,0
19037,882,217,0
19038,882,431,0
19039,882,219,0
19040,882,466,0
19041,882,288,0
19042,882,638,0
19043,882,582,0
19044,882,695,0
19045,882,41,0
19046,882,822,0
19047,882,223,0
19048,882,257,0
19049,882,782,0
19050,882,588,0
19051,882,540,0
19052,882,268,0
19053,882,438,0
19054,882,774,0
19055,882,874,0
19056,882,792,0
19057,882,508,0
19058,882,279,0
19059,882,435,0
19060,882,218,0
19061,882,644,0
19062,882,278,0
19063,882,808,0
19064,882,597,0
19065,882,678,0
19066,882,666,0
19067,882,194,0
19068,882,810,0
19069,882,261,0
19070,882,358,0
19071,882,494,0
19072,882,635,0
19073,882,307,0
19074,882,173,0
19075,882,38,0
19076,882,790,0
19077,882,830,0
19078,882,574,0
19079,882,115,0
19080,882,446,0
19081,882,843,0
19082,882,521,0
19083,882,684,0
19084,882,815,0
19085,882,163,0
19086,882,754,0
19087,882,893,0
19088,882,155,0
19089,882,18,0
19090,882,665,0
19091,882,742,0
19092,882,472,0
19093,882,161,0
19094,882,567,0
19095,882,335,0
19096,882,360,0
19097,882,696,0
19098,882,602,0
19099,882,387,0
19100,882,886,0
19101,882,293,0
19102,882,411,0
19103,882,132,0
19104,882,680,0
19105,882,420,0
19106,882,776,0
19107,882,746,0
19108,882,72,0
19109,882,590,0
19110,882,290,0
19111,882,414,0
19112,882,313,0
19113,882,855,0
19114,882,6,0
19115,882,771,0
19116,882,504,0
19117,882,452,0
19118,882,32,0
19119,882,353,0
19120,882,765,0
19121,882,455,0
19122,882,10,0
19123,882,599,0
19124,882,738,0
19125,882,88,0
19126,882,151,0
19127,882,544,0
19128,882,670,0
19129,882,285,0
19130,882,59,0
19131,882,568,0
19132,882,75,0
19133,882,681,0
19134,882,789,0
19135,882,118,0
19136,882,777,0
19137,882,333,0
19138,882,491,0
19139,882,430,0
19140,882,373,0
19141,882,876,0
19142,882,7,0
19143,882,34,0
19144,882,197,0
19145,882,642,0
19146,882,518,0
19147,882,37,0
19148,882,178,0
19149,882,184,0
19150,882,600,0
19151,882,300,0
19152,882,865,0
19153,882,899,0
19154,882,330,0
19155,882,904,0
19156,882,741,0
19157,895,811,0
19158,895,721,0
19159,895,417,0
19160,895,146,0
19161,895,264,0
19162,895,130,0
19163,895,826,0
19164,895,88,0
19165,895,595,0
19166,895,672,0
19167,895,170,0
19168,895,871,0
19169,895,480,0
19170,895,175,0
19171,895,108,0
19172,895,386,0
19173,895,171,0
19174,895,765,0
19175,895,245,0
19176,895,137,0
19177,895,326,0
19178,895,643,0
19179,895,731,0
19180,895,82,0
19181,895,422,0
19182,895,342,0
19183,895,842,0
19184,895,134,0
19185,895,539,0
19186,895,401,0
19187,895,628,0
19188,895,303,0
19189,895,144,0
19190,895,627,0
19191,895,655,0
19192,895,586,0
19193,895,256,0
19194,895,459,0
19195,895,344,0
19196,895,821,0
19197,895,740,0
19198,895,718,0
19199,895,97,0
19200,895,373,0
19201,895,286,0
19202,895,537,0
19203,895,224,0
19204,895,616,0
19205,895,739,0
19206,895,116,0
19207,895,485,0
19208,895,898,0
19209,895,674,0
19210,895,501,0
19211,895,323,0
19212,895,212,0
19213,895,746,0
19214,895,434,0
19215,895,495,0
19216,895,709,0
19217,895,380,0
19218,895,540,0
19219,895,1,0
19220,895,284,0
19221,895,857,0
19222,895,261,0
19223,895,252,0
19224,895,867,0
19225,895,5,0
19226,895,606,0
19227,895,162,0
19228,895,454,0
19229,895,840,0
19230,895,777,0
19231,895,858,0
19232,895,654,0
19233,895,806,0
19234,895,132,0
19235,895,571,0
19236,895,597,0
19237,895,372,0
19238,895,305,0
19239,895,531,0
19240,895,667,0
19241,895,494,0
19242,895,615,0
19243,895,779,0
19244,895,623,0
19245,895,762,0
19246,895,497,0
19247,895,544,0
19248,895,423,0
19249,895,258,0
19250,895,500,0
19251,895,74,0
19252,895,44,0
19253,895,682,0
19254,895,563,0
19255,895,96,0
19256,895,559,0
19257,895,117,0
19258,895,818,0
19259,895,334,0
19260,895,679,0
19261,895,30,0
19262,895,11,0
19263,895,331,0
19264,895,100,0
19265,895,820,0
19266,895,823,0
19267,895,469,0
19268,895,187,0
19269,895,633,0
19270,895,209,0
19271,895,52,0
19272,895,482,0
19273,895,399,0
19274,895,548,0
19275,895,142,0
19276,895,153,0
19277,895,156,0
19278,895,825,0
19279,895,847,0
19280,895,557,0
19281,895,714,0
19282,895,10,0
19283,895,785,0
19284,895,349,0
19285,895,802,0
19286,895,378,0
19287,895,456,0
19288,895,41,0
19289,895,742,0
19290,895,431,0
19291,895,834,0
19292,895,436,0
19293,895,276,0
19294,895,311,0
19295,895,756,0
19296,895,260,0
19297,895,201,0
19298,895,553,0
19299,895,807,0
19300,895,243,0
19301,895,193,0
19302,895,618,0
19303,895,315,0
19304,895,887,0
19305,895,232,0
19306,895,393,0
19307,895,513,0
19308,895,195,0
19309,895,844,0
19310,895,445,0
19311,895,657,0
19312,895,691,0
19313,895,289,0
19314,895,28,0
19315,895,449,0
19316,895,23,0
19317,895,131,0
19318,895,808,0
19319,895,741,0
19320,895,629,0
19321,895,605,0
19322,895,249,0
19323,895,308,0
19324,895,21,0
19325,895,274,0
19326,895,172,0
19327,895,114,0
19328,895,478,0
19329,895,484,0
19330,895,673,0
19331,895,662,0
19332,895,788,0
19333,895,520,0
19334,895,35,0
19335,895,787,0
19336,895,473,0
19337,895,768,0
19338,895,329,0
19339,895,791,0
19340,895,702,0
19341,895,287,0
19342,895,293,0
19343,895,335,0
19344,895,814,0
19345,895,426,0
19346,895,290,0
19347,895,3,0
19348,895,828,0
19349,895,297,0
19350,895,816,0
19351,895,180,0
19352,895,503,0
19353,895,883,0
19354,895,98,0
19355,895,769,0
19356,895,374,0
19357,895,6,0
19358,895,206,0
19359,895,717,0
19360,895,519,0
19361,895,397,0
19362,895,651,0
19363,895,614,0
19364,895,737,0
19365,895,650,0
19366,895,282,0
19367,895,310,0
19368,895,270,0
19369,895,489,0
19370,895,64,0
19371,895,278,0
19372,895,809,0
19373,895,754,0
19374,895,199,0
19375,895,689,0
19376,895,772,0
19377,895,204,0
19378,895,296,0
19379,895,660,0
19380,895,198,0
19381,895,267,0
19382,895,202,0
19383,895,324,0
19384,895,642,0
19385,895,215,0
19386,895,259,0
19387,895,479,0
19388,895,157,0
19389,895,790,0
19390,895,440,0
19391,895,109,0
19392,895,47,0
19393,895,491,0
19394,895,14,0
19395,895,612,0
19396,895,189,0
19397,895,421,0
19398,895,27,0
19399,895,102,0
19400,895,396,0
19401,895,321,0
19402,895,302,0
19403,895,279,0
19404,895,675,0
19405,895,465,0
19406,895,550,0
19407,895,810,0
19408,895,313,0
19409,895,865,0
19410,895,93,0
19411,895,32,0
19412,895,512,0
19413,895,782,0
19414,895,703,0
19415,895,839,0
19416,895,72,0
19417,895,460,0
19418,895,246,0
19419,895,271,0
19420,895,248,0
19421,895,39,0
19422,895,24,0
19423,895,80,0
19424,895,897,0
19425,895,38,0
19426,895,886,0
19427,895,292,0
19428,895,186,0
19429,895,280,0
19430,895,230,0
19431,895,182,0
19432,895,319,0
19433,895,639,0
19434,895,390,0
19435,895,661,0
19436,895,552,0
19437,895,398,0
19438,895,861,0
19439,895,291,0
19440,895,79,0
19441,895,862,0
19442,895,724,0
19443,895,304,0
19444,895,649,0
19445,895,382,0
19446,895,647,0
19447,895,223,0
19448,895,687,0
19449,895,277,0
19450,895,113,0
19451,895,830,0
19452,895,147,0
19453,895,708,0
19454,895,632,0
19455,895,268,0
19456,895,316,0
19457,895,203,0
19458,895,149,0
19459,895,543,0
19460,895,369,0
19461,895,813,0
19462,895,780,0
19463,895,439,0
19464,895,87,0
19465,895,169,0
19466,895,159,0
19467,895,367,0
19468,895,425,0
19469,895,668,0
19470,895,733,0
19471,895,843,0
19472,895,328,0
19473,895,392,0
19474,895,462,0
19475,895,551,0
19476,895,58,0
19477,895,747,0
19478,895,337,0
19479,895,583,0
19480,895,611,0
19481,895,104,0
19482,895,275,0
19483,895,534,0
19484,895,893,0
19485,895,889,0
19486,895,599,0
19487,895,143,0
19488,895,498,0
19489,895,216,0
19490,895,366,0
19491,895,301,0
19492,895,92,0
19493,895,784,0
19494,895,148,0
19495,895,877,0
19496,895,406,0
19497,895,528,0
19498,895,582,0
19499,895,719,0
19500,895,381,0
19501,895,511,0
19502,895,896,0
19503,895,2,0
19504,895,353,0
19505,895,461,0
19506,895,713,0
19507,895,555,0
19508,895,257,0
19509,895,221,0
19510,895,121,0
19511,895,722,0
19512,895,300,0
19513,895,262,0
19514,895,521,0
19515,895,653,0
19516,895,196,0
19517,895,428,0
19518,895,903,0
19519,895,166,0
19520,895,518,0
19521,895,745,0
19522,895,588,0
19523,895,36,0
19524,895,77,0
19525,895,336,0
19526,895,453,0
19527,895,880,0
19528,895,368,0
19529,895,635,0
19530,895,819,0
19531,895,285,0
19532,895,339,0
19533,895,418,0
19534,895,486,0
19535,895,878,0
19536,895,452,0
19537,895,767,0
19538,895,860,0
19539,895,25,0
19540,895,56,0
19541,895,833,0
19542,895,352,0
19543,895,692,0
19544,895,781,0
19545,895,801,0
19546,895,19,0
19547,895,90,0
19548,895,317,0
19549,895,65,0
19550,895,240,0
19551,895,892,0
19552,895,46,0
19553,895,229,0
19554,895,234,0
19555,895,158,0
19556,895,554,0
19557,895,710,0
19558,895,734,0
19559,895,794,0
19560,895,562,0
19561,895,269,0
19562,895,307,0
19563,895,640,0
19564,895,607,0
19565,895,43,0
19566,895,370,0
19567,895,696,0
19568,895,112,0
19569,895,253,0
19570,895,850,0
19571,895,685,0
19572,895,45,0
19573,895,129,0
19574,895,855,0
19575,895,298,0
19576,895,435,0
19577,895,389,0
19578,895,404,0
19579,895,669,0
19580,895,690,0
19581,895,33,0
19582,895,69,0
19583,895,841,0
19584,895,272,0
19585,895,320,0
19586,895,181,0
19587,895,676,0
19588,895,405,0
19589,895,411,0
19590,895,178,0
19591,895,51,0
19592,895,492,0
19593,895,630,0
19594,895,340,0
19595,895,822,0
19596,895,832,0
19597,895,824,0
19598,895,743,0
19599,895,125,0
19600,895,776,0
19601,895,22,0
19602,895,881,0
19603,895,715,0
19604,895,681,0
19605,895,356,0
19606,895,729,0
19607,895,107,0
19608,895,584,0
19609,895,207,0
19610,895,659,0
19611,895,239,0
19612,895,228,0
19613,895,163,0
19614,895,408,0
19615,895,111,0
19616,895,118,0
19617,895,419,0
19618,895,179,0
19619,895,403,0
19620,895,394,0
19621,895,572,0
19622,895,333,0
19623,895,774,0
19624,895,225,0
19625,895,658,0
19626,895,621,0
19627,895,617,0
19628,895,254,0
19629,895,763,0
19630,895,200,0
19631,895,218,0
19632,895,205,0
19633,895,601,0
19634,895,619,0
19635,895,115,0
19636,895,37,0
19637,895,532,0
19638,895,838,0
19639,895,853,0
19640,895,309,0
19641,895,432,0
19642,895,596,0
19643,895,529,0
19644,895,236,0
19645,895,496,0
19646,895,728,0
19647,895,506,0
19648,895,882,0
19649,895,385,0
19650,895,545,0
19651,895,414,0
19652,895,416,0
19653,895,247,0
19654,895,306,0
19655,895,420,0
19656,895,402,0
19657,895,451,0
19658,895,533,0
19659,895,527,0
19660,895,613,0
19661,895,712,0
19662,895,327,0
19663,895,211,0
19664,895,701,0
19665,895,541,0
19666,895,357,0
19667,895,345,0
19668,895,499,0
19669,895,4,0
19670,895,12,0
19671,895,693,0
19672,895,442,0
19673,895,846,0
19674,895,798,0
19675,895,227,0
19676,895,450,0
19677,895,476,0
19678,895,101,0
19679,895,263,0
19680,895,42,0
19681,895,197,0
19682,895,888,0
19683,895,164,0
19684,895,126,0
19685,895,603,0
19686,895,720,0
19687,895,220,0
19688,895,904,0
19689,895,759,0
19690,895,13,0
19691,895,704,0
19692,895,31,0
19693,895,123,0
19694,895,829,0
19695,895,817,0
19696,895,866,0
19697,895,848,0
19698,895,873,0
19699,895,314,0
19700,895,507,0
19701,895,604,0
19702,895,379,0
19703,895,0,0
19704,895,67,0
19705,895,530,0
19706,895,145,0
19707,900,103,0
19708,900,425,0
19709,900,467,0
19710,900,702,0
19711,900,324,0
19712,900,384,0
19713,900,670,0
19714,900,149,0
19715,900,604,0
19716,900,884,0
19717,900,114,0
19718,900,200,0
19719,900,601,0
19720,900,380,0
19721,900,356,0
19722,900,224,0
19723,900,38,0
19724,900,58,0
19725,900,806,0
19726,900,509,0
19727,900,607,0
19728,900,108,0
19729,900,519,0
19730,900,896,0
19731,900,825,0
19732,900,341,0
19733,900,820,0
19734,900,28,0
19735,900,290,0
19736,900,90,0
19737,900,133,0
19738,900,83,0
19739,900,836,0
19740,900,218,0
19741,900,521,0
19742,900,89,0
19743,900,327,0
19744,900,454,0
19745,900,403,0
19746,900,191,0
19747,900,883,0
19748,900,778,0
19749,900,790,0
19750,900,724,0
19751,900,223,0
19752,900,253,0
19753,900,49,0
19754,900,417,0
19755,900,814,0
19756,900,865,0
19757,900,678,0
19758,900,243,0
19759,900,275,0
19760,900,112,0
19761,900,465,0
19762,900,830,0
19763,900,492,0
19764,900,860,0
19765,900,406,0
19766,900,257,0
19767,900,216,0
19768,900,453,0
19769,900,580,0
19770,900,429,0
19771,900,174,0
19772,900,517,0
19773,900,404,0
19774,900,226,0
19775,900,152,0
19776,900,86,0
19777,900,74,0
19778,900,758,0
19779,900,529,0
19780,900,761,0
19781,900,625,0
19782,900,146,0
19783,900,908,0
19784,900,259,0
19785,900,587,0
19786,900,59,0
19787,900,165,0
19788,900,738,0
19789,900,794,0
19790,900,852,0
19791,900,679,0
19792,900,398,0
19793,900,353,0
19794,900,157,0
19795,900,402,0
19796,900,326,0
19797,900,766,0
19798,900,899,0
19799,900,296,0
19800,900,827,0
19801,900,135,0
19802,900,189,0
19803,900,308,0
19804,900,573,0
19805,900,251,0
19806,900,106,0
19807,900,563,0
19808,900,628,0
19809,900,554,0
19810,900,886,0
19811,900,53,0
19812,900,510,0
19813,900,294,0
19814,900,858,0
19815,900,196,0
19816,900,354,0
19817,900,386,0
19818,900,665,0
19819,900,295,0
19820,900,450,0
19821,900,477,0
19822,900,310,0
19823,900,2,0
19824,900,904,0
19825,900,744,0
19826,900,839,0
19827,900,456,0
19828,900,244,0
19829,900,696,0
19830,900,674,0
19831,900,548,0
19832,900,231,0
19833,900,813,0
19834,900,104,0
19835,900,298,0
19836,900,181,0
19837,900,160,0
19838,900,17,0
19839,900,143,0
19840,900,730,0
19841,900,46,0
19842,900,760,0
19843,900,282,0
19844,900,201,0
19845,900,265,0
19846,900,484,0
19847,900,763,0
19848,900,155,0
19849,900,10,0
19850,900,207,0
19851,900,447,0
19852,900,575,0
19853,900,241,0
19854,900,550,0
19855,900,687,0
19856,900,770,0
19857,900,364,0
19858,900,728,0
19859,900,767,0
19860,900,700,0
19861,900,480,0
19862,900,55,0
19863,900,217,0
19864,900,374,0
19865,900,816,0
19866,900,30,0
19867,900,701,0
19868,900,534,0
19869,900,355,0
19870,900,88,0
19871,900,219,0
19872,900,50,0
19873,900,755,0
19874,900,154,0
19875,900,36,0
19876,900,179,0
19877,900,110,0
19878,900,193,0
19879,900,504,0
19880,900,556,0
19881,900,177,0
19882,900,683,0
19883,900,576,0
19884,900,96,0
19885,900,581,0
19886,900,147,0
19887,900,496,0
19888,900,618,0
19889,900,37,0
19890,900,759,0
19891,900,848,0
19892,900,593,0
19893,900,125,0
19894,900,333,0
19895,900,785,0
19896,900,898,0
19897,900,274,0
19898,900,164,0
19899,900,783,0
19900,900,878,0
19901,900,442,0
19902,900,81,0
19903,900,499,0
19904,900,457,0
19905,900,358,0
19906,900,658,0
19907,900,615,0
19908,900,194,0
19909,900,482,0
19910,900,421,0
19911,900,664,0
19912,900,634,0
19913,900,863,0
19914,900,481,0
19915,900,258,0
19916,900,489,0
19917,900,94,0
19918,900,775,0
19919,900,331,0
19920,900,199,0
19921,900,208,0
19922,900,0,0
19923,900,273,0
19924,900,710,0
19925,900,272,0
19926,900,582,0
19927,900,733,0
19928,900,811,0
19929,900,597,0
19930,900,144,0
19931,900,221,0
19932,900,134,0
19933,900,388,0
19934,900,689,0
19935,900,459,0
19936,900,835,0
19937,900,620,0
19938,900,334,0
19939,900,300,0
19940,900,795,0
19941,900,859,0
19942,900,372,0
19943,900,394,0
19944,900,427,0
19945,900,202,0
19946,900,501,0
19947,900,107,0
19948,900,668,0
19949,900,882,0
19950,900,490,0
19951,900,885,0
19952,900,245,0
19953,900,260,0
19954,900,415,0
19955,900,800,0
19956,900,831,0
19957,900,418,0
19958,900,139,0
19959,900,105,0
19960,900,641,0
19961,900,400,0
19962,900,82,0
19963,900,169,0
19964,900,684,0
19965,900,476,0
19966,900,507,0
19967,900,68,0
19968,900,436,0
19969,900,376,0
19970,900,522,0
19971,900,726,0
19972,900,461,0
19973,900,552,0
19974,900,233,0
19975,900,788,0
19976,900,655,0
19977,900,546,0
19978,900,441,0
19979,900,126,0
19980,900,909,0
19981,900,850,0
19982,900,503,0
19983,900,332,0
19984,900,649,0
19985,900,514,0
19986,900,508,0
19987,900,796,0
19988,900,779,0
19989,900,725,0
19990,900,808,0
19991,900,907,0
19992,900,252,0
19993,900,471,0
19994,900,713,0
19995,900,163,0
19996,900,385,0
19997,900,617,0
19998,900,129,0
19999,900,673,0
20000,900,368,0
20001,900,656,0
20002,900,188,0
20003,900,56,0
20004,900,787,0
20005,900,621,0
20006,900,279,0
20007,900,405,0
20008,900,834,0
20009,900,472,0
20010,900,612,0
20011,900,662,0
20012,900,826,0
20013,900,906,0
20014,900,23,0
20015,900,266,0
20016,900,570,0
20017,900,498,0
20018,900,782,0
20019,900,127,0
20020,900,377,0
20021,900,515,0
20022,900,323,0
20023,900,897,0
20024,900,264,0
20025,900,537,0
20026,900,458,0
20027,900,894,0
20028,900,392,0
20029,900,833,0
20030,900,497,0
20031,900,171,0
20032,900,306,0
20033,900,742,0
20034,900,647,0
20035,900,156,0
20036,900,721,0
20037,900,765,0
20038,900,312,0
20039,900,715,0
20040,900,645,0
20041,900,20,0
20042,900,280,0
20043,900,40,0
20044,900,286,0
20045,900,595,0
20046,900,646,0
20047,900,553,0
20048,900,747,0
20049,900,123,0
20050,900,222,0
20051,900,124,0
20052,900,577,0
20053,900,301,0
20054,900,462,0
20055,900,19,0
20056,900,502,0
20057,900,804,0
20058,900,428,0
20059,900,29,0
20060,900,542,0
20061,900,170,0
20062,900,375,0
20063,900,866,0
20064,900,666,0
20065,900,367,0
20066,900,473,0
20067,900,847,0
20068,900,837,0
20069,900,869,0
20070,900,346,0
20071,900,887,0
20072,900,643,0
20073,900,254,0
20074,900,408,0
20075,900,777,0
20076,900,784,0
20077,900,578,0
20078,900,864,0
20079,900,561,0
20080,900,443,0
20081,900,100,0
20082,900,633,0
20083,900,661,0
20084,900,817,0
20085,900,350,0
20086,900,117,0
20087,900,109,0
20088,900,855,0
20089,900,136,0
20090,900,330,0
20091,900,26,0
20092,900,589,0
20093,900,178,0
20094,900,569,0
20095,900,671,0
20096,900,24,0
20097,900,186,0
20098,900,697,0
20099,900,768,0
20100,900,533,0
20101,900,422,0
20102,900,229,0
20103,900,304,0
20104,900,237,0
20105,900,321,0
20106,900,161,0
20107,900,893,0
20108,900,180,0
20109,900,888,0
20110,900,14,0
20111,900,93,0
20112,900,393,0
20113,900,824,0
20114,900,470,0
20115,900,335,0
20116,900,685,0
20117,900,468,0
20118,900,680,0
20119,900,182,0
20120,900,737,0
20121,900,411,0
20122,900,672,0
20123,900,776,0
20124,900,150,0
20125,900,774,0
20126,900,432,0
20127,900,329,0
20128,900,657,0
20129,900,269,0
20130,900,197,0
20131,900,622,0
20132,900,302,0
20133,900,603,0
20134,900,203,0
20135,900,736,0
20136,900,653,0
20137,900,369,0
20138,900,752,0
20139,900,116,0
20140,900,803,0
20141,900,240,0
20142,900,424,0
20143,900,574,0
20144,900,535,0
20145,900,43,0
20146,900,238,0
20147,900,844,0
20148,900,249,0
20149,900,185,0
20150,900,437,0
20151,900,407,0
20152,900,873,0
20153,900,173,0
20154,900,735,0
20155,900,877,0
20156,900,122,0
20157,900,792,0
20158,900,463,0
20159,900,75,0
20160,900,215,0
20161,900,387,0
20162,900,167,0
20163,900,773,0
20164,900,391,0
20165,900,69,0
20166,900,115,0
20167,900,54,0
20168,900,423,0
20169,900,797,0
20170,900,821,0
20171,900,1,0
20172,900,168,0
20173,900,145,0
20174,900,491,0
20175,900,526,0
20176,900,734,0
20177,900,791,0
20178,900,18,0
20179,900,278,0
20180,900,440,0
20181,900,699,0
20182,900,732,0
20183,900,845,0
20184,900,128,0
20185,900,246,0
20186,900,206,0
20187,900,605,0
20188,900,80,0
20189,900,903,0
20190,900,77,0
20191,900,396,0
20192,900,31,0
20193,900,819,0
20194,900,840,0
20195,900,644,0
20196,900,383,0
20197,900,446,0
20198,900,815,0
20199,900,753,0
20200,900,137,0
20201,900,551,0
20202,900,488,0
20203,900,756,0
20204,900,5,0
20205,900,505,0
20206,900,166,0
20207,900,838,0
20208,900,11,0
20209,900,33,0
20210,900,32,0
20211,900,681,0
20212,900,277,0
20213,900,613,0
20214,900,410,0
20215,900,293,0
20216,900,397,0
20217,900,870,0
20218,900,158,0
20219,900,435,0
20220,900,319,0
20221,900,667,0
20222,900,809,0
20223,900,793,0
20224,900,22,0
20225,900,340,0
20226,900,220,0
20227,900,342,0
20228,900,111,0
20229,900,511,0
20230,900,807,0
20231,900,78,0
20232,900,539,0
20233,900,703,0
20234,900,211,0
20235,900,822,0
20236,900,210,0
20237,900,842,0
20238,900,225,0
20239,900,879,0
20240,900,261,0
20241,900,291,0
20242,900,9,0
20243,900,637,0
20244,900,769,0
20245,900,95,0
20246,900,455,0
20247,900,475,0
20248,900,373,0
20249,900,271,0
20250,900,187,0
20251,900,438,0
20252,900,616,0
20253,900,610,0
20254,900,867,0
20255,900,512,0
20256,900,626,0
20257,900,449,0
20258,900,378,0
20259,900,250,0
20260,900,632,0
20261,900,48,0
20262,900,344,0
20263,900,416,0
20264,900,255,0
20265,900,688,0
20266,900,579,0
20267,900,42,0
20268,900,284,0
20269,900,568,0
20270,900,412,0
20271,900,444,0
20272,900,57,0
20273,900,846,0
20274,900,13,0
20275,900,648,0
20276,900,363,0
20277,900,549,0
20278,900,828,0
20279,900,176,0
20280,900,560,0
20281,900,694,0
20282,900,823,0
20283,908,691,0
20284,908,478,0
20285,908,368,0
20286,908,350,0
20287,908,260,0
20288,908,265,0
20289,908,723,0
20290,908,106,0
20291,908,383,0
20292,908,285,0
20293,908,337,0
20294,908,199,0
20295,908,483,0
20296,908,669,0
20297,908,621,0
20298,908,36,0
20299,908,353,0
20300,908,730,0
20301,908,558,0
20302,908,821,0
20303,908,686,0
20304,908,531,0
20305,908,862,0
20306,908,394,0
20307,908,762,0
20308,908,153,0
20309,908,834,0
20310,908,278,0
20311,908,614,0
20312,908,18,0
20313,908,298,0
20314,908,474,0
20315,908,711,0
20316,908,365,0
20317,908,734,0
20318,908,623,0
20319,908,861,0
20320,908,477,0
20321,908,530,0
20322,908,540,0
20323,908,898,0
20324,908,713,0
20325,908,687,0
20326,908,301,0
20327,908,598,0
20328,908,738,0
20329,908,586,0
20330,908,175,0
20331,908,773,0
20332,908,245,0
20333,908,694,0
20334,908,282,0
20335,908,188,0
20336,908,84,0
20337,908,646,0
20338,908,315,0
20339,908,323,0
20340,908,360,0
20341,908,603,0
20342,908,514,0
20343,908,228,0
20344,908,518,0
20345,908,482,0
20346,908,1,0
20347,908,250,0
20348,908,0,0
20349,908,832,0
20350,908,491,0
20351,908,118,0
20352,908,659,0
20353,908,149,0
20354,908,892,0
20355,908,907,0
20356,908,217,0
20357,908,225,0
20358,908,306,0
20359,908,51,0
20360,908,352,0
20361,908,889,0
20362,908,517,0
20363,908,532,0
20364,908,881,0
20365,908,523,0
20366,908,402,0
20367,908,557,0
20368,908,764,0
20369,908,502,0
20370,908,318,0
20371,908,689,0
20372,908,109,0
20373,908,396,0
20374,908,41,0
20375,908,435,0
20376,908,448,0
20377,908,526,0
20378,908,696,0
20379,908,737,0
20380,908,472,0
20381,908,185,0
20382,908,567,0
20383,908,782,0
20384,908,154,0
20385,908,108,0
20386,908,594,0
20387,908,880,0
20388,908,374,0
20389,908,457,0
20390,908,479,0
20391,908,382,0
20392,908,392,0
20393,908,587,0
20394,908,45,0
20395,908,682,0
20396,908,233,0
20397,908,186,0
20398,908,654,0
20399,908,683,0
20400,908,903,0
20401,908,726,0
20402,908,651,0
20403,908,198,0
20404,908,658,0
20405,908,470,0
20406,908,307,0
20407,908,305,0
20408,908,377,0
20409,908,256,0
20410,908,806,0
20411,908,529,0
20412,908,332,0
20413,908,389,0
20414,908,527,0
20415,908,244,0
20416,908,194,0
20417,908,439,0
20418,908,310,0
20419,908,33,0
20420,908,303,0
20421,908,538,0
20422,908,463,0
20423,908,462,0
20424,908,291,0
20425,908,554,0
20426,908,63,0
20427,908,197,0
20428,908,289,0
20429,908,64,0
20430,908,331,0
20431,908,855,0
20432,908,100,0
20433,908,295,0
20434,908,328,0
20435,908,404,0
20436,908,701,0
20437,908,79,0
20438,908,629,0
20439,908,549,0
20440,908,656,0
20441,908,174,0
20442,908,203,0
20443,908,254,0
20444,908,205,0
20445,908,704,0
20446,908,754,0
20447,908,703,0
20448,908,563,0
20449,908,338,0
20450,908,676,0
20451,908,498,0
20452,908,709,0
20453,908,712,0
20454,908,681,0
20455,908,452,0
20456,908,60,0
20457,908,150,0
20458,908,361,0
20459,908,805,0
20460,908,841,0
20461,908,363,0
20462,908,133,0
20463,908,44,0
20464,908,37,0
20465,908,572,0
20466,908,464,0
20467,908,449,0
20468,908,246,0
20469,908,450,0
20470,908,262,0
20471,908,570,0
20472,908,156,0
20473,908,783,0
20474,908,178,0
20475,908,508,0
20476,908,501,0
20477,908,878,0
20478,908,718,0
20479,908,179,0
20480,908,344,0
20481,908,757,0
20482,908,142,0
20483,908,148,0
20484,908,393,0
20485,908,715,0
20486,908,324,0
20487,908,652,0
20488,908,467,0
20489,908,23,0
20490,908,274,0
20491,908,829,0
20492,908,78,0
20493,908,612,0
20494,908,195,0
20495,908,640,0
20496,908,872,0
20497,908,21,0
20498,908,16,0
20499,908,590,0
20500,908,219,0
20501,908,304,0
20502,908,642,0
20503,908,119,0
20504,908,774,0
20505,908,292,0
20506,908,884,0
20507,908,825,0
20508,908,5,0
20509,908,308,0
20510,908,416,0
20511,908,845,0
20512,908,181,0
20513,908,19,0
20514,908,266,0
20515,908,601,0
20516,908,883,0
20517,908,58,0
20518,908,569,0
20519,908,670,0
20520,908,364,0
20521,908,755,0
20522,908,794,0
20523,908,326,0
20524,908,647,0
20525,908,877,0
20526,908,200,0
20527,908,220,0
20528,908,796,0
20529,908,189,0
20530,908,421,0
20531,908,399,0
20532,908,740,0
20533,908,238,0
20534,908,645,0
20535,908,129,0
20536,908,750,0
20537,908,373,0
20538,908,714,0
20539,908,126,0
20540,908,216,0
20541,908,395,0
20542,908,890,0
20543,908,660,0
20544,908,257,0
20545,908,347,0
20546,908,776,0
20547,908,850,0
20548,908,42,0
20549,908,684,0
20550,908,313,0
20551,908,103,0
20552,908,758,0
20553,908,67,0
20554,908,528,0
20555,908,541,0
20556,908,552,0
20557,908,180,0
20558,908,819,0
20559,908,717,0
20560,908,868,0
20561,908,904,0
20562,908,745,0
20563,908,779,0
20564,908,865,0
20565,908,648,0
20566,908,243,0
20567,908,234,0
20568,908,515,0
20569,908,196,0
20570,908,608,0
20571,908,334,0
20572,908,412,0
20573,908,573,0
20574,908,348,0
20575,908,802,0
20576,908,436,0
20577,908,562,0
20578,908,281,0
20579,908,371,0
20580,908,869,0
20581,908,818,0
20582,908,617,0
20583,908,442,0
20584,908,407,0
20585,908,229,0
20586,908,522,0
20587,908,93,0
20588,908,209,0
20589,908,170,0
20590,908,379,0
20591,908,127,0
20592,908,275,0
20593,908,897,0
20594,908,739,0
20595,908,214,0
20596,908,13,0
20597,908,807,0
20598,908,70,0
20599,908,271,0
20600,908,157,0
20601,908,459,0
20602,908,733,0
20603,908,40,0
20604,908,423,0
20605,908,370,0
20606,908,484,0
20607,908,309,0
20608,908,673,0
20609,908,191,0
20610,908,55,0
20611,908,752,0
20612,908,490,0
20613,908,201,0
20614,908,116,0
20615,908,588,0
20616,908,369,0
20617,908,826,0
20618,908,556,0
20619,908,419,0
20620,908,317,0
20621,908,27,0
20622,908,618,0
20623,908,85,0
20624,908,269,0
20625,908,98,0
20626,908,817,0
20627,908,343,0
20628,908,297,0
20629,908,808,0
20630,908,619,0
20631,908,835,0
20632,908,827,0
20633,908,409,0
20634,908,544,0
20635,908,626,0
20636,908,168,0
20637,908,875,0
20638,908,422,0
20639,908,66,0
20640,908,207,0
20641,908,107,0
20642,908,611,0
20643,908,321,0
20644,908,848,0
20645,908,820,0
20646,908,456,0
20647,908,630,0
20648,908,650,0
20649,908,874,0
20650,908,653,0
20651,908,555,0
20652,908,507,0
20653,908,543,0
20654,908,793,0
20655,908,847,0
20656,908,401,0
20657,908,524,0
20658,908,378,0
20659,908,719,0
20660,908,775,0
20661,908,26,0
20662,908,786,0
20663,908,828,0
20664,908,778,0
20665,908,434,0
20666,908,616,0
20667,908,506,0
20668,908,242,0
20669,908,8,0
20670,908,218,0
20671,908,551,0
20672,908,69,0
20673,908,597,0
20674,908,349,0
20675,908,294,0
20676,908,354,0
