,TF,Target,Label
0,0,276,1
1,0,185,1
2,12,44,1
3,12,381,1
4,12,231,1
5,12,247,1
6,12,347,1
7,12,121,1
8,12,207,1
9,12,304,1
10,12,9,1
11,12,284,1
12,12,117,1
13,12,484,1
14,12,287,1
15,12,135,1
16,12,28,1
17,12,19,1
18,12,125,1
19,12,2,1
20,12,293,1
21,12,619,1
22,12,244,1
23,12,407,1
24,12,29,1
25,12,82,1
26,12,141,1
27,12,235,1
28,12,199,1
29,12,439,1
30,12,195,1
31,12,576,1
32,12,382,1
33,12,69,1
34,12,442,1
35,12,218,1
36,12,230,1
37,12,72,1
38,12,64,1
39,12,224,1
40,12,300,1
41,12,420,1
42,12,452,1
43,12,434,1
44,12,360,1
45,12,550,1
46,12,129,1
47,12,217,1
48,12,345,1
49,12,164,1
50,12,395,1
51,12,625,1
52,12,256,1
53,12,518,1
54,12,313,1
55,12,361,1
56,12,535,1
57,12,128,1
58,12,478,1
59,12,268,1
60,12,290,1
61,12,599,1
62,12,494,1
63,12,75,1
64,12,122,1
65,12,402,1
66,12,140,1
67,12,426,1
68,12,493,1
69,12,73,1
70,12,505,1
71,12,232,1
72,12,538,1
73,12,132,1
74,12,469,1
75,12,569,1
76,12,70,1
77,12,49,1
78,12,500,1
79,12,554,1
80,12,472,1
81,12,266,1
82,12,21,1
83,12,120,1
84,12,113,1
85,12,530,1
86,12,603,1
87,12,608,1
88,12,81,1
89,12,551,1
90,12,22,1
91,12,574,1
92,12,34,1
93,12,631,1
94,12,25,1
95,12,100,1
96,12,513,1
97,12,14,1
98,12,498,1
99,12,473,1
100,12,355,1
101,12,0,1
102,12,620,1
103,12,369,1
104,12,101,1
105,12,618,1
106,12,601,1
107,12,114,1
108,12,405,1
109,12,614,1
110,12,124,1
111,12,115,1
112,12,555,1
113,12,490,1
114,12,94,1
115,12,102,1
116,12,283,1
117,12,145,1
118,12,50,1
119,12,328,1
120,12,416,1
121,12,271,1
122,12,208,1
123,12,537,1
124,12,598,1
125,12,297,1
126,12,219,1
127,12,58,1
128,12,65,1
129,12,506,1
130,12,544,1
131,12,552,1
132,12,451,1
133,12,359,1
134,12,20,1
135,12,118,1
136,12,611,1
137,12,629,1
138,12,384,1
139,12,254,1
140,12,517,1
141,12,521,1
142,12,60,1
143,12,56,1
144,12,589,1
145,12,123,1
146,12,24,1
147,12,3,1
148,12,446,1
149,12,514,1
150,12,435,1
151,12,1,1
152,12,104,1
153,12,119,1
154,80,371,1
155,80,323,1
156,80,490,1
157,80,333,1
158,83,526,1
159,83,312,1
160,83,276,1
161,83,481,1
162,83,380,1
163,83,509,1
164,83,400,1
165,83,141,1
166,83,80,1
167,83,318,1
168,83,532,1
169,83,160,1
170,83,475,1
171,83,323,1
172,83,391,1
173,83,226,1
174,83,313,1
175,83,514,1
176,83,87,1
177,83,179,1
178,83,14,1
179,83,266,1
180,83,283,1
181,83,343,1
182,83,281,1
183,83,186,1
184,83,78,1
185,83,341,1
186,83,493,1
187,83,406,1
188,83,582,1
189,83,184,1
190,83,623,1
191,83,544,1
192,83,208,1
193,83,166,1
194,83,248,1
195,83,297,1
196,83,522,1
197,83,458,1
198,83,207,1
199,83,371,1
200,83,398,1
201,83,278,1
202,83,474,1
203,83,0,1
204,83,77,1
205,83,273,1
206,83,142,1
207,83,611,1
208,83,182,1
209,83,583,1
210,83,255,1
211,83,39,1
212,83,228,1
213,83,499,1
214,83,473,1
215,83,376,1
216,83,140,1
217,83,508,1
218,83,200,1
219,83,452,1
220,83,521,1
221,83,322,1
222,83,629,1
223,83,436,1
224,83,364,1
225,83,465,1
226,83,154,1
227,83,353,1
228,83,28,1
229,83,214,1
230,83,427,1
231,83,340,1
232,83,134,1
233,83,307,1
234,83,30,1
235,83,21,1
236,83,372,1
237,83,185,1
238,83,349,1
239,83,545,1
240,83,274,1
241,83,308,1
242,83,222,1
243,83,390,1
244,83,13,1
245,83,535,1
246,83,488,1
247,83,146,1
248,83,138,1
249,83,25,1
250,83,464,1
251,83,457,1
252,83,433,1
253,83,213,1
254,83,563,1
255,83,101,1
256,83,540,1
257,83,610,1
258,83,512,1
259,83,70,1
260,83,560,1
261,83,61,1
262,83,564,1
263,83,246,1
264,83,131,1
265,83,592,1
266,83,126,1
267,83,12,1
268,83,596,1
269,83,367,1
270,83,18,1
271,83,356,1
272,83,227,1
273,96,496,1
274,96,545,1
275,96,500,1
276,96,86,1
277,96,64,1
278,96,95,1
279,96,61,1
280,96,222,1
281,96,274,1
282,96,437,1
283,96,219,1
284,96,114,1
285,96,270,1
286,96,129,1
287,96,518,1
288,96,586,1
289,96,40,1
290,96,53,1
291,96,513,1
292,96,106,1
293,96,381,1
294,96,612,1
295,96,519,1
296,96,579,1
297,96,588,1
298,96,124,1
299,96,252,1
300,96,626,1
301,96,343,1
302,96,527,1
303,96,318,1
304,96,563,1
305,96,180,1
306,96,43,1
307,96,168,1
308,96,315,1
309,96,358,1
310,96,321,1
311,96,198,1
312,96,323,1
313,96,183,1
314,96,196,1
315,96,599,1
316,96,208,1
317,96,5,1
318,96,539,1
319,96,469,1
320,96,481,1
321,96,12,1
322,96,245,1
323,96,590,1
324,96,410,1
325,96,516,1
326,96,465,1
327,96,146,1
328,96,462,1
329,96,550,1
330,96,84,1
331,96,250,1
332,96,74,1
333,96,29,1
334,96,388,1
335,96,98,1
336,96,562,1
337,96,473,1
338,96,548,1
339,96,589,1
340,96,595,1
341,96,556,1
342,96,425,1
343,96,514,1
344,96,332,1
345,96,294,1
346,96,182,1
347,96,141,1
348,96,424,1
349,96,529,1
350,96,282,1
351,96,602,1
352,96,603,1
353,96,407,1
354,96,125,1
355,96,189,1
356,96,24,1
357,96,515,1
358,96,328,1
359,96,13,1
360,96,364,1
361,96,132,1
362,96,443,1
363,96,142,1
364,96,82,1
365,96,97,1
366,96,35,1
367,96,187,1
368,96,109,1
369,96,417,1
370,96,149,1
371,96,533,1
372,96,601,1
373,96,339,1
374,96,402,1
375,96,617,1
376,96,158,1
377,96,120,1
378,96,435,1
379,96,341,1
380,96,628,1
381,96,161,1
382,96,374,1
383,96,77,1
384,96,239,1
385,96,467,1
386,96,287,1
387,96,117,1
388,96,485,1
389,96,311,1
390,96,544,1
391,96,261,1
392,96,171,1
393,96,362,1
394,96,226,1
395,96,569,1
396,96,243,1
397,96,340,1
398,96,19,1
399,96,78,1
400,96,163,1
401,96,331,1
402,96,391,1
403,96,528,1
404,96,560,1
405,96,395,1
406,96,474,1
407,96,309,1
408,96,251,1
409,96,18,1
410,96,248,1
411,96,157,1
412,96,205,1
413,96,147,1
414,96,136,1
415,96,273,1
416,96,476,1
417,96,33,1
418,96,123,1
419,96,436,1
420,96,441,1
421,96,217,1
422,96,256,1
423,96,482,1
424,96,131,1
425,96,511,1
426,96,561,1
427,96,27,1
428,96,42,1
429,96,166,1
430,96,281,1
431,96,9,1
432,96,327,1
433,96,360,1
434,96,597,1
435,96,108,1
436,96,491,1
437,96,490,1
438,96,195,1
439,96,293,1
440,96,359,1
441,96,254,1
442,96,507,1
443,96,244,1
444,96,508,1
445,96,421,1
446,96,91,1
447,96,7,1
448,96,464,1
449,96,357,1
450,96,295,1
451,96,445,1
452,96,394,1
453,96,538,1
454,96,370,1
455,96,58,1
456,96,55,1
457,96,201,1
458,96,541,1
459,96,167,1
460,96,526,1
461,96,397,1
462,96,21,1
463,96,277,1
464,96,427,1
465,96,573,1
466,96,432,1
467,96,54,1
468,96,503,1
469,96,283,1
470,96,480,1
471,96,115,1
472,96,335,1
473,96,386,1
474,96,584,1
475,96,506,1
476,96,546,1
477,96,36,1
478,96,505,1
479,96,6,1
480,96,249,1
481,96,37,1
482,96,342,1
483,96,118,1
484,96,121,1
485,96,31,1
486,96,608,1
487,96,301,1
488,96,200,1
489,96,426,1
490,96,492,1
491,96,414,1
492,96,1,1
493,96,302,1
494,96,577,1
495,96,144,1
496,96,271,1
497,96,288,1
498,96,215,1
499,96,433,1
500,96,361,1
501,96,498,1
502,96,458,1
503,96,535,1
504,96,23,1
505,96,524,1
506,96,160,1
507,96,543,1
508,96,521,1
509,96,116,1
510,96,66,1
511,96,70,1
512,96,218,1
513,96,207,1
514,96,430,1
515,96,367,1
516,96,128,1
517,96,627,1
518,96,352,1
519,96,347,1
520,96,258,1
521,96,174,1
522,96,423,1
523,96,304,1
524,96,353,1
525,96,186,1
526,96,34,1
527,96,291,1
528,96,346,1
529,96,501,1
530,96,418,1
531,96,504,1
532,96,422,1
533,96,177,1
534,96,576,1
535,96,434,1
536,96,145,1
537,96,234,1
538,96,4,1
539,96,228,1
540,96,330,1
541,96,598,1
542,96,372,1
543,96,79,1
544,96,559,1
545,96,623,1
546,96,92,1
547,96,162,1
548,96,107,1
549,96,76,1
550,96,71,1
551,96,150,1
552,96,51,1
553,96,609,1
554,96,457,1
555,96,193,1
556,96,156,1
557,96,279,1
558,96,235,1
559,96,363,1
560,96,493,1
561,96,17,1
562,96,405,1
563,96,413,1
564,96,324,1
565,96,299,1
566,96,494,1
567,96,354,1
568,96,62,1
569,96,153,1
570,96,50,1
571,96,348,1
572,96,368,1
573,96,616,1
574,96,489,1
575,96,257,1
576,96,552,1
577,96,378,1
578,96,557,1
579,96,596,1
580,96,459,1
581,96,102,1
582,96,520,1
583,96,555,1
584,96,190,1
585,96,75,1
586,96,179,1
587,96,93,1
588,96,56,1
589,96,530,1
590,96,262,1
591,96,373,1
592,96,41,1
593,96,549,1
594,96,3,1
595,96,2,1
596,96,227,1
597,96,338,1
598,96,113,1
599,96,580,1
600,96,517,1
601,96,345,1
602,96,83,1
603,96,232,1
604,96,452,1
605,96,326,1
606,96,300,1
607,96,456,1
608,96,610,1
609,96,127,1
610,96,173,1
611,96,272,1
612,96,621,1
613,96,192,1
614,96,14,1
615,96,25,1
616,96,240,1
617,96,90,1
618,96,44,1
619,96,268,1
620,96,564,1
621,96,540,1
622,96,488,1
623,96,255,1
624,96,63,1
625,96,317,1
626,96,344,1
627,96,439,1
628,96,377,1
629,96,260,1
630,96,587,1
631,96,478,1
632,96,607,1
633,96,151,1
634,96,81,1
635,96,312,1
636,96,486,1
637,125,324,1
638,125,242,1
639,125,580,1
640,125,70,1
641,125,501,1
642,125,467,1
643,125,287,1
644,125,280,1
645,125,387,1
646,125,629,1
647,125,165,1
648,125,57,1
649,125,210,1
650,125,377,1
651,125,470,1
652,125,551,1
653,125,406,1
654,125,370,1
655,125,335,1
656,125,75,1
657,125,495,1
658,125,26,1
659,125,128,1
660,125,157,1
661,125,608,1
662,125,214,1
663,125,556,1
664,125,119,1
665,125,111,1
666,125,190,1
667,125,167,1
668,125,545,1
669,125,476,1
670,125,444,1
671,125,303,1
672,125,548,1
673,125,423,1
674,125,595,1
675,125,279,1
676,125,610,1
677,125,19,1
678,125,511,1
679,125,494,1
680,125,84,1
681,125,513,1
682,125,396,1
683,125,431,1
684,125,521,1
685,125,251,1
686,125,512,1
687,125,232,1
688,125,43,1
689,125,17,1
690,125,65,1
691,125,64,1
692,125,37,1
693,125,10,1
694,125,196,1
695,125,584,1
696,125,605,1
697,125,583,1
698,125,466,1
699,125,631,1
700,125,192,1
701,125,225,1
702,125,326,1
703,125,609,1
704,125,469,1
705,125,602,1
706,125,421,1
707,125,73,1
708,125,519,1
709,125,170,1
710,125,462,1
711,125,131,1
712,125,120,1
713,125,381,1
714,125,109,1
715,125,58,1
716,125,617,1
717,125,526,1
718,125,83,1
719,125,291,1
720,125,487,1
721,125,418,1
722,125,278,1
723,125,98,1
724,125,355,1
725,125,106,1
726,125,23,1
727,125,626,1
728,125,342,1
729,125,416,1
730,125,5,1
731,125,408,1
732,125,130,1
733,125,31,1
734,125,518,1
735,125,36,1
736,125,524,1
737,125,185,1
738,125,362,1
739,125,373,1
740,125,552,1
741,125,402,1
742,125,451,1
743,125,439,1
744,125,91,1
745,125,32,1
746,125,121,1
747,125,562,1
748,125,463,1
749,125,208,1
750,125,588,1
751,125,95,1
752,125,596,1
753,125,361,1
754,125,267,1
755,125,93,1
756,125,79,1
757,125,262,1
758,125,42,1
759,125,168,1
760,125,549,1
761,125,136,1
762,125,514,1
763,125,496,1
764,125,576,1
765,125,364,1
766,125,88,1
767,125,271,1
768,125,435,1
769,125,118,1
770,125,478,1
771,125,384,1
772,125,320,1
773,125,139,1
774,125,354,1
775,125,392,1
776,125,239,1
777,125,586,1
778,125,53,1
779,125,372,1
780,125,80,1
781,125,55,1
782,125,104,1
783,125,379,1
784,125,448,1
785,125,436,1
786,125,234,1
787,125,589,1
788,125,399,1
789,125,155,1
790,125,13,1
791,125,508,1
792,125,108,1
793,125,323,1
794,125,616,1
795,125,217,1
796,125,386,1
797,125,129,1
798,125,369,1
799,125,375,1
800,125,558,1
801,125,413,1
802,125,94,1
803,125,240,1
804,125,238,1
805,125,76,1
806,125,332,1
807,125,407,1
808,125,338,1
809,125,20,1
810,125,312,1
811,125,592,1
812,125,395,1
813,125,201,1
814,125,62,1
815,125,69,1
816,125,368,1
817,125,164,1
818,125,615,1
819,125,321,1
820,125,516,1
821,125,339,1
822,125,294,1
823,125,250,1
824,125,60,1
825,125,627,1
826,125,507,1
827,125,102,1
828,125,66,1
829,125,533,1
830,125,401,1
831,125,502,1
832,125,233,1
833,125,161,1
834,125,275,1
835,125,117,1
836,125,301,1
837,125,187,1
838,125,273,1
839,125,82,1
840,125,286,1
841,125,575,1
842,125,543,1
843,125,428,1
844,125,101,1
845,125,577,1
846,125,12,1
847,125,498,1
848,125,560,1
849,125,34,1
850,125,461,1
851,125,468,1
852,125,219,1
853,125,282,1
854,125,517,1
855,125,599,1
856,125,571,1
857,125,268,1
858,125,389,1
859,125,30,1
860,125,544,1
861,125,479,1
862,125,433,1
863,125,318,1
864,125,489,1
865,125,465,1
866,125,345,1
867,125,348,1
868,125,331,1
869,125,261,1
870,125,200,1
871,125,77,1
872,125,329,1
873,125,330,1
874,125,163,1
875,125,425,1
876,125,409,1
877,125,172,1
878,125,540,1
879,125,353,1
880,125,215,1
881,125,341,1
882,125,255,1
883,125,598,1
884,125,191,1
885,125,140,1
886,125,194,1
887,125,177,1
888,125,100,1
889,125,319,1
890,125,464,1
891,125,4,1
892,125,199,1
893,125,340,1
894,125,231,1
895,125,537,1
896,125,44,1
897,125,9,1
898,125,391,1
899,125,224,1
900,125,569,1
901,125,554,1
902,125,446,1
903,125,539,1
904,125,567,1
905,125,6,1
906,125,132,1
907,125,506,1
908,125,166,1
909,125,304,1
910,125,352,1
911,125,449,1
912,125,504,1
913,125,594,1
914,125,209,1
915,125,71,1
916,125,3,1
917,125,226,1
918,125,198,1
919,125,440,1
920,125,367,1
921,125,472,1
922,125,557,1
923,125,189,1
924,125,180,1
925,125,356,1
926,125,110,1
927,125,184,1
928,125,284,1
929,125,411,1
930,125,555,1
931,125,438,1
932,125,277,1
933,125,573,1
934,125,175,1
935,125,193,1
936,125,229,1
937,145,620,1
938,145,15,1
939,145,232,1
940,145,603,1
941,145,160,1
942,145,516,1
943,145,61,1
944,145,81,1
945,145,66,1
946,145,631,1
947,145,522,1
948,145,126,1
949,145,245,1
950,145,387,1
951,145,242,1
952,145,451,1
953,145,94,1
954,145,511,1
955,145,593,1
956,145,53,1
957,145,314,1
958,145,591,1
959,145,626,1
960,145,288,1
961,145,19,1
962,145,616,1
963,145,354,1
964,145,365,1
965,145,153,1
966,145,551,1
967,145,287,1
968,145,274,1
969,145,21,1
970,145,628,1
971,145,238,1
972,145,103,1
973,145,575,1
974,145,107,1
975,145,599,1
976,145,108,1
977,145,578,1
978,145,129,1
979,145,405,1
980,145,330,1
981,145,10,1
982,145,26,1
983,145,199,1
984,145,345,1
985,145,151,1
986,145,193,1
987,145,618,1
988,145,71,1
989,145,70,1
990,145,528,1
991,145,296,1
992,145,508,1
993,145,140,1
994,145,243,1
995,145,452,1
996,145,449,1
997,145,175,1
998,145,244,1
999,145,554,1
1000,145,507,1
1001,145,503,1
1002,145,553,1
1003,145,217,1
1004,145,192,1
1005,145,457,1
1006,145,584,1
1007,145,40,1
1008,145,93,1
1009,145,152,1
1010,145,428,1
1011,145,325,1
1012,145,611,1
1013,145,426,1
1014,145,312,1
1015,145,432,1
1016,145,506,1
1017,145,294,1
1018,145,113,1
1019,145,415,1
1020,145,13,1
1021,145,297,1
1022,145,7,1
1023,145,605,1
1024,145,286,1
1025,145,386,1
1026,145,252,1
1027,145,541,1
1028,145,106,1
1029,145,559,1
1030,145,414,1
1031,145,27,1
1032,145,278,1
1033,145,430,1
1034,145,423,1
1035,145,25,1
1036,145,30,1
1037,145,31,1
1038,145,328,1
1039,145,501,1
1040,145,601,1
1041,145,174,1
1042,145,624,1
1043,145,134,1
1044,145,335,1
1045,145,437,1
1046,145,589,1
1047,145,306,1
1048,145,417,1
1049,145,250,1
1050,145,4,1
1051,145,235,1
1052,145,273,1
1053,145,320,1
1054,145,198,1
1055,145,73,1
1056,145,489,1
1057,145,18,1
1058,145,41,1
1059,145,291,1
1060,145,530,1
1061,145,543,1
1062,145,164,1
1063,145,205,1
1064,145,408,1
1065,145,544,1
1066,145,492,1
1067,145,498,1
1068,145,24,1
1069,145,96,1
1070,145,564,1
1071,145,261,1
1072,145,12,1
1073,145,136,1
1074,145,444,1
1075,145,390,1
1076,145,592,1
1077,145,150,1
1078,145,139,1
1079,145,323,1
1080,145,459,1
1081,145,156,1
1082,145,119,1
1083,145,505,1
1084,145,17,1
1085,145,480,1
1086,145,82,1
1087,145,384,1
1088,145,166,1
1089,145,211,1
1090,145,299,1
1091,145,5,1
1092,145,155,1
1093,150,392,1
1094,150,37,1
1095,150,559,1
1096,150,181,1
1097,150,304,1
1098,150,365,1
1099,150,566,1
1100,150,211,1
1101,150,515,1
1102,150,411,1
1103,150,450,1
1104,150,602,1
1105,150,605,1
1106,150,229,1
1107,150,176,1
1108,150,541,1
1109,150,271,1
1110,150,108,1
1111,150,552,1
1112,150,239,1
1113,150,217,1
1114,150,244,1
1115,150,196,1
1116,150,198,1
1117,150,208,1
1118,150,46,1
1119,150,410,1
1120,150,494,1
1121,150,609,1
1122,150,481,1
1123,150,325,1
1124,150,51,1
1125,150,315,1
1126,150,344,1
1127,150,337,1
1128,150,500,1
1129,150,109,1
1130,150,6,1
1131,150,610,1
1132,150,433,1
1133,150,225,1
1134,150,377,1
1135,150,478,1
1136,150,397,1
1137,150,347,1
1138,150,445,1
1139,150,351,1
1140,150,246,1
1141,150,145,1
1142,150,245,1
1143,150,556,1
1144,150,135,1
1145,150,333,1
1146,150,232,1
1147,150,394,1
1148,150,231,1
1149,150,166,1
1150,150,428,1
1151,150,584,1
1152,150,40,1
1153,150,469,1
1154,150,557,1
1155,150,343,1
1156,150,323,1
1157,150,617,1
1158,150,33,1
1159,150,110,1
1160,150,402,1
1161,150,457,1
1162,150,512,1
1163,150,440,1
1164,150,499,1
1165,150,89,1
1166,150,17,1
1167,150,247,1
1168,150,281,1
1169,150,331,1
1170,150,486,1
1171,150,158,1
1172,150,386,1
1173,150,354,1
1174,150,601,1
1175,150,458,1
1176,150,273,1
1177,150,189,1
1178,150,200,1
1179,150,308,1
1180,150,513,1
1181,150,487,1
1182,150,207,1
1183,150,424,1
1184,150,159,1
1185,150,128,1
1186,150,224,1
1187,150,630,1
1188,150,626,1
1189,150,432,1
1190,150,118,1
1191,150,565,1
1192,150,288,1
1193,150,235,1
1194,150,423,1
1195,150,533,1
1196,150,548,1
1197,150,143,1
1198,150,156,1
1199,150,367,1
1200,150,598,1
1201,150,129,1
1202,150,203,1
1203,150,493,1
1204,150,326,1
1205,150,197,1
1206,150,575,1
1207,150,252,1
1208,150,139,1
1209,150,366,1
1210,150,435,1
1211,150,496,1
1212,150,524,1
1213,150,41,1
1214,150,346,1
1215,150,301,1
1216,150,514,1
1217,150,146,1
1218,150,404,1
1219,150,214,1
1220,150,69,1
1221,150,350,1
1222,150,290,1
1223,150,477,1
1224,150,588,1
1225,150,202,1
1226,150,465,1
1227,150,519,1
1228,150,299,1
1229,150,542,1
1230,150,380,1
1231,150,419,1
1232,150,358,1
1233,150,364,1
1234,150,275,1
1235,150,62,1
1236,150,168,1
1237,150,338,1
1238,150,79,1
1239,150,10,1
1240,150,627,1
1241,150,360,1
1242,150,223,1
1243,150,206,1
1244,150,362,1
1245,150,144,1
1246,150,123,1
1247,150,76,1
1248,150,573,1
1249,150,111,1
1250,150,403,1
1251,150,222,1
1252,150,431,1
1253,150,551,1
1254,150,218,1
1255,150,317,1
1256,150,374,1
1257,150,56,1
1258,150,90,1
1259,150,491,1
1260,150,582,1
1261,150,240,1
1262,150,412,1
1263,150,124,1
1264,150,78,1
1265,150,391,1
1266,150,530,1
1267,150,467,1
1268,150,283,1
1269,150,313,1
1270,150,12,1
1271,150,383,1
1272,150,68,1
1273,150,268,1
1274,150,520,1
1275,150,492,1
1276,150,482,1
1277,150,276,1
1278,150,216,1
1279,150,284,1
1280,150,147,1
1281,150,408,1
1282,150,361,1
1283,150,621,1
1284,150,85,1
1285,150,177,1
1286,150,30,1
1287,150,55,1
1288,150,388,1
1289,150,164,1
1290,150,537,1
1291,150,328,1
1292,150,505,1
1293,150,473,1
1294,150,581,1
1295,150,594,1
1296,150,227,1
1297,150,3,1
1298,150,504,1
1299,150,136,1
1300,150,149,1
1301,150,188,1
1302,150,103,1
1303,150,221,1
1304,150,623,1
1305,150,296,1
1306,150,625,1
1307,150,19,1
1308,150,36,1
1309,150,26,1
1310,150,186,1
1311,150,522,1
1312,150,628,1
1313,150,8,1
1314,150,45,1
1315,150,4,1
1316,150,261,1
1317,150,293,1
1318,150,396,1
1319,150,631,1
1320,150,255,1
1321,150,277,1
1322,150,152,1
1323,150,35,1
1324,150,414,1
1325,150,607,1
1326,150,178,1
1327,150,495,1
1328,150,413,1
1329,150,571,1
1330,150,29,1
1331,150,375,1
1332,150,334,1
1333,150,154,1
1334,150,407,1
1335,150,488,1
1336,150,455,1
1337,150,241,1
1338,150,151,1
1339,150,179,1
1340,150,420,1
1341,150,161,1
1342,150,278,1
1343,150,133,1
1344,150,501,1
1345,150,279,1
1346,150,596,1
1347,150,583,1
1348,150,624,1
1349,150,282,1
1350,150,297,1
1351,150,100,1
1352,150,295,1
1353,150,305,1
1354,150,43,1
1355,150,286,1
1356,150,508,1
1357,150,312,1
1358,150,489,1
1359,150,503,1
1360,150,157,1
1361,150,475,1
1362,150,619,1
1363,150,272,1
1364,150,22,1
1365,150,7,1
1366,150,363,1
1367,150,589,1
1368,150,122,1
1369,150,329,1
1370,150,201,1
1371,150,60,1
1372,150,538,1
1373,150,529,1
1374,150,564,1
1375,150,459,1
1376,150,236,1
1377,150,476,1
1378,150,130,1
1379,150,86,1
1380,150,66,1
1381,150,535,1
1382,150,341,1
1383,150,382,1
1384,150,32,1
1385,150,27,1
1386,150,327,1
1387,150,262,1
1388,150,20,1
1389,150,498,1
1390,150,511,1
1391,150,462,1
1392,150,590,1
1393,150,173,1
1394,150,234,1
1395,150,446,1
1396,150,324,1
1397,150,359,1
1398,150,340,1
1399,150,249,1
1400,150,345,1
1401,150,0,1
1402,150,199,1
1403,150,140,1
1404,150,587,1
1405,150,38,1
1406,150,174,1
1407,150,470,1
1408,150,18,1
1409,150,57,1
1410,150,287,1
1411,150,316,1
1412,150,95,1
1413,150,97,1
1414,150,576,1
1415,150,126,1
1416,150,563,1
1417,150,170,1
1418,150,318,1
1419,150,393,1
1420,150,468,1
1421,150,21,1
1422,150,611,1
1423,150,406,1
1424,150,125,1
1425,150,449,1
1426,150,191,1
1427,150,269,1
1428,150,562,1
1429,150,256,1
1430,150,572,1
1431,150,550,1
1432,150,72,1
1433,150,310,1
1434,150,339,1
1435,150,608,1
1436,150,280,1
1437,150,75,1
1438,150,553,1
1439,150,593,1
1440,150,448,1
1441,150,540,1
1442,150,266,1
1443,150,169,1
1444,150,243,1
1445,150,267,1
1446,150,485,1
1447,150,306,1
1448,150,372,1
1449,150,294,1
1450,150,167,1
1451,150,378,1
1452,150,106,1
1453,150,523,1
1454,150,532,1
1455,150,389,1
1456,150,105,1
1457,150,390,1
1458,150,58,1
1459,150,507,1
1460,150,526,1
1461,150,518,1
1462,150,322,1
1463,150,74,1
1464,150,560,1
1465,150,63,1
1466,150,172,1
1467,150,15,1
1468,150,384,1
1469,150,24,1
1470,150,405,1
1471,150,484,1
1472,150,1,1
1473,150,369,1
1474,150,480,1
1475,150,436,1
1476,150,615,1
1477,150,443,1
1478,150,314,1
1479,150,64,1
1480,150,426,1
1481,150,371,1
1482,150,134,1
1483,150,250,1
1484,150,205,1
1485,150,311,1
1486,150,291,1
1487,150,570,1
1488,150,558,1
1489,150,307,1
1490,150,616,1
1491,150,104,1
1492,150,342,1
1493,150,175,1
1494,160,554,1
1495,160,62,1
1496,160,4,1
1497,160,107,1
1498,160,384,1
1499,160,173,1
1500,160,266,1
1501,160,329,1
1502,160,119,1
1503,160,391,1
1504,160,218,1
1505,160,477,1
1506,160,115,1
1507,160,528,1
1508,160,379,1
1509,160,36,1
1510,160,215,1
1511,160,202,1
1512,160,427,1
1513,160,172,1
1514,160,400,1
1515,160,116,1
1516,160,421,1
1517,160,403,1
1518,160,108,1
1519,160,565,1
1520,160,287,1
1521,160,110,1
1522,160,452,1
1523,160,434,1
1524,160,335,1
1525,160,124,1
1526,160,28,1
1527,160,466,1
1528,160,492,1
1529,160,210,1
1530,160,569,1
1531,160,205,1
1532,160,628,1
1533,160,326,1
1534,160,291,1
1535,160,330,1
1536,160,522,1
1537,160,364,1
1538,160,449,1
1539,160,38,1
1540,160,254,1
1541,160,214,1
1542,160,44,1
1543,160,53,1
1544,160,194,1
1545,160,367,1
1546,160,540,1
1547,160,510,1
1548,160,572,1
1549,160,502,1
1550,160,14,1
1551,160,151,1
1552,160,285,1
1553,160,280,1
1554,160,399,1
1555,160,187,1
1556,160,630,1
1557,160,361,1
1558,160,518,1
1559,160,99,1
1560,160,70,1
1561,160,223,1
1562,160,233,1
1563,160,243,1
1564,160,18,1
1565,160,607,1
1566,160,7,1
1567,160,178,1
1568,160,27,1
1569,160,181,1
1570,160,230,1
1571,160,489,1
1572,160,91,1
1573,160,435,1
1574,160,520,1
1575,160,189,1
1576,160,523,1
1577,160,368,1
1578,160,245,1
1579,160,77,1
1580,160,190,1
1581,160,165,1
1582,160,438,1
1583,160,463,1
1584,160,397,1
1585,160,2,1
1586,160,412,1
1587,160,87,1
1588,160,262,1
1589,160,621,1
1590,160,396,1
1591,160,519,1
1592,160,332,1
1593,160,333,1
1594,160,37,1
1595,160,6,1
1596,160,216,1
1597,160,235,1
1598,160,401,1
1599,160,353,1
1600,160,423,1
1601,160,365,1
1602,160,627,1
1603,160,418,1
1604,160,409,1
1605,160,222,1
1606,160,80,1
1607,160,43,1
1608,160,413,1
1609,160,599,1
1610,160,132,1
1611,160,140,1
1612,160,120,1
1613,160,611,1
1614,160,446,1
1615,160,420,1
1616,160,602,1
1617,160,629,1
1618,160,106,1
1619,160,472,1
1620,160,246,1
1621,160,112,1
1622,160,295,1
1623,160,593,1
1624,160,180,1
1625,160,169,1
1626,160,47,1
1627,160,381,1
1628,160,283,1
1629,160,261,1
1630,160,195,1
1631,160,90,1
1632,160,24,1
1633,160,538,1
1634,160,208,1
1635,160,196,1
1636,160,40,1
1637,160,609,1
1638,160,219,1
1639,160,242,1
1640,160,199,1
1641,160,526,1
1642,160,82,1
1643,160,69,1
1644,160,589,1
1645,160,323,1
1646,160,550,1
1647,160,234,1
1648,160,67,1
1649,160,31,1
1650,160,123,1
1651,160,552,1
1652,160,559,1
1653,160,448,1
1654,160,279,1
1655,160,479,1
1656,160,75,1
1657,160,459,1
1658,160,594,1
1659,160,58,1
1660,160,584,1
1661,160,327,1
1662,160,501,1
1663,160,575,1
1664,160,592,1
1665,160,566,1
1666,160,128,1
1667,160,491,1
1668,160,306,1
1669,160,30,1
1670,160,98,1
1671,160,591,1
1672,160,301,1
1673,160,95,1
1674,160,93,1
1675,160,350,1
1676,160,5,1
1677,160,603,1
1678,160,616,1
1679,160,57,1
1680,160,290,1
1681,160,144,1
1682,160,348,1
1683,160,398,1
1684,160,146,1
1685,160,239,1
1686,160,271,1
1687,160,158,1
1688,160,442,1
1689,160,511,1
1690,160,73,1
1691,160,331,1
1692,160,428,1
1693,160,431,1
1694,160,402,1
1695,160,272,1
1696,160,111,1
1697,160,29,1
1698,160,462,1
1699,160,50,1
1700,160,251,1
1701,160,558,1
1702,160,488,1
1703,160,19,1
1704,160,152,1
1705,160,372,1
1706,160,536,1
1707,160,596,1
1708,160,64,1
1709,160,175,1
1710,160,612,1
1711,160,49,1
1712,160,473,1
1713,160,51,1
1714,160,247,1
1715,160,557,1
1716,160,167,1
1717,160,286,1
1718,160,369,1
1719,160,309,1
1720,160,340,1
1721,160,284,1
1722,160,282,1
1723,160,241,1
1724,160,55,1
1725,160,615,1
1726,160,546,1
1727,160,508,1
1728,160,514,1
1729,160,605,1
1730,160,363,1
1731,160,507,1
1732,160,447,1
1733,160,549,1
1734,160,17,1
1735,160,314,1
1736,160,320,1
1737,160,54,1
1738,160,476,1
1739,160,294,1
1740,160,118,1
1741,160,389,1
1742,160,168,1
1743,160,512,1
1744,160,598,1
1745,160,494,1
1746,160,176,1
1747,160,174,1
1748,160,0,1
1749,160,571,1
1750,160,595,1
1751,160,41,1
1752,160,192,1
1753,160,117,1
1754,160,432,1
1755,160,437,1
1756,160,83,1
1757,160,127,1
1758,160,68,1
1759,160,392,1
1760,160,445,1
1761,160,529,1
1762,160,201,1
1763,160,86,1
1764,160,555,1
1765,160,297,1
1766,160,450,1
1767,160,226,1
1768,160,600,1
1769,160,560,1
1770,160,102,1
1771,160,375,1
1772,160,231,1
1773,160,587,1
1774,180,571,1
1775,180,478,1
1776,180,67,1
1777,180,457,1
1778,180,375,1
1779,180,19,1
1780,180,230,1
1781,180,588,1
1782,180,130,1
1783,180,61,1
1784,180,190,1
1785,180,209,1
1786,180,627,1
1787,180,269,1
1788,180,487,1
1789,180,146,1
1790,180,4,1
1791,180,274,1
1792,180,41,1
1793,180,513,1
1794,180,93,1
1795,180,33,1
1796,180,554,1
1797,180,394,1
1798,180,322,1
1799,180,142,1
1800,180,206,1
1801,180,147,1
1802,180,304,1
1803,180,490,1
1804,180,281,1
1805,180,361,1
1806,180,359,1
1807,180,442,1
1808,180,134,1
1809,180,224,1
1810,180,11,1
1811,180,470,1
1812,180,25,1
1813,180,139,1
1814,180,523,1
1815,180,603,1
1816,180,112,1
1817,180,255,1
1818,180,212,1
1819,180,29,1
1820,180,246,1
1821,180,607,1
1822,180,542,1
1823,180,386,1
1824,180,540,1
1825,180,323,1
1826,180,10,1
1827,180,350,1
1828,180,349,1
1829,180,514,1
1830,180,262,1
1831,180,101,1
1832,180,605,1
1833,180,592,1
1834,180,217,1
1835,180,573,1
1836,180,439,1
1837,180,479,1
1838,180,433,1
1839,180,551,1
1840,180,77,1
1841,180,24,1
1842,180,127,1
1843,180,34,1
1844,180,149,1
1845,180,444,1
1846,180,518,1
1847,180,6,1
1848,180,401,1
1849,180,616,1
1850,180,408,1
1851,180,135,1
1852,180,132,1
1853,180,23,1
1854,180,369,1
1855,180,249,1
1856,180,220,1
1857,180,115,1
1858,180,248,1
1859,180,164,1
1860,180,221,1
1861,180,242,1
1862,180,494,1
1863,180,383,1
1864,180,117,1
1865,180,131,1
1866,180,416,1
1867,180,462,1
1868,180,626,1
1869,180,358,1
1870,180,446,1
1871,180,610,1
1872,180,151,1
1873,180,601,1
1874,180,553,1
1875,180,630,1
1876,180,330,1
1877,180,80,1
1878,180,615,1
1879,180,227,1
1880,180,69,1
1881,180,133,1
1882,180,108,1
1883,180,508,1
1884,180,611,1
1885,180,252,1
1886,180,336,1
1887,180,83,1
1888,180,333,1
1889,180,543,1
1890,180,451,1
1891,180,340,1
1892,180,481,1
1893,180,420,1
1894,180,64,1
1895,180,179,1
1896,180,245,1
1897,180,337,1
1898,180,342,1
1899,180,366,1
1900,180,172,1
1901,180,161,1
1902,180,84,1
1903,180,198,1
1904,180,314,1
1905,180,529,1
1906,180,126,1
1907,180,486,1
1908,180,32,1
1909,180,455,1
1910,180,560,1
1911,180,234,1
1912,180,440,1
1913,180,106,1
1914,180,205,1
1915,180,415,1
1916,180,427,1
1917,180,495,1
1918,180,12,1
1919,180,347,1
1920,180,370,1
1921,180,260,1
1922,180,581,1
1923,180,75,1
1924,180,202,1
1925,180,168,1
1926,180,619,1
1927,180,405,1
1928,180,162,1
1929,180,338,1
1930,180,403,1
1931,180,189,1
1932,180,191,1
1933,180,199,1
1934,180,576,1
1935,180,448,1
1936,180,70,1
1937,180,225,1
1938,180,38,1
1939,180,257,1
1940,180,391,1
1941,180,438,1
1942,180,539,1
1943,180,186,1
1944,180,247,1
1945,180,45,1
1946,180,110,1
1947,180,229,1
1948,180,9,1
1949,180,517,1
1950,180,530,1
1951,180,596,1
1952,180,307,1
1953,180,544,1
1954,180,2,1
1955,180,380,1
1956,180,474,1
1957,180,355,1
1958,180,398,1
1959,180,533,1
1960,180,59,1
1961,180,564,1
1962,180,509,1
1963,180,303,1
1964,180,214,1
1965,180,574,1
1966,180,558,1
1967,180,268,1
1968,180,170,1
1969,180,354,1
1970,180,629,1
1971,180,194,1
1972,180,258,1
1973,180,346,1
1974,180,37,1
1975,180,345,1
1976,180,357,1
1977,180,173,1
1978,180,569,1
1979,180,432,1
1980,180,510,1
1981,180,604,1
1982,180,296,1
1983,180,284,1
1984,180,491,1
1985,180,321,1
1986,180,550,1
1987,180,428,1
1988,180,393,1
1989,180,44,1
1990,180,585,1
1991,180,157,1
1992,180,122,1
1993,180,600,1
1994,180,527,1
1995,180,503,1
1996,180,244,1
1997,180,492,1
1998,180,421,1
1999,180,177,1
2000,180,631,1
2001,180,538,1
2002,180,213,1
2003,180,316,1
2004,180,324,1
2005,180,562,1
2006,180,590,1
2007,180,493,1
2008,180,253,1
2009,180,390,1
2010,180,81,1
2011,180,384,1
2012,180,306,1
2013,180,549,1
2014,180,620,1
2015,180,72,1
2016,180,102,1
2017,180,125,1
2018,180,288,1
2019,180,425,1
2020,180,280,1
2021,180,362,1
2022,180,261,1
2023,180,138,1
2024,180,121,1
2025,180,46,1
2026,180,501,1
2027,180,504,1
2028,180,364,1
2029,180,128,1
2030,180,14,1
2031,180,450,1
2032,180,285,1
2033,180,621,1
2034,180,320,1
2035,180,273,1
2036,180,124,1
2037,180,228,1
2038,180,295,1
2039,180,278,1
2040,180,356,1
2041,180,94,1
2042,180,171,1
2043,180,591,1
2044,180,275,1
2045,180,92,1
2046,180,488,1
2047,180,174,1
2048,180,236,1
2049,180,272,1
2050,180,78,1
2051,180,13,1
2052,180,35,1
2053,180,389,1
2054,180,178,1
2055,180,193,1
2056,180,418,1
2057,180,412,1
2058,180,497,1
2059,180,434,1
2060,180,184,1
2061,180,344,1
2062,180,22,1
2063,180,293,1
2064,180,15,1
2065,180,188,1
2066,180,27,1
2067,180,447,1
2068,180,387,1
2069,180,413,1
2070,180,445,1
2071,180,379,1
2072,180,301,1
2073,180,308,1
2074,180,167,1
2075,180,329,1
2076,180,40,1
2077,180,315,1
2078,180,436,1
2079,180,208,1
2080,180,332,1
2081,180,465,1
2082,180,82,1
2083,180,18,1
2084,180,599,1
2085,180,129,1
2086,180,563,1
2087,180,114,1
2088,180,54,1
2089,180,73,1
2090,180,528,1
2091,180,53,1
2092,180,56,1
2093,180,218,1
2094,180,1,1
2095,180,87,1
2096,180,150,1
2097,180,559,1
2098,180,153,1
2099,180,152,1
2100,180,264,1
2101,180,609,1
2102,180,223,1
2103,180,618,1
2104,180,473,1
2105,180,555,1
2106,180,572,1
2107,180,511,1
2108,180,63,1
2109,180,327,1
2110,180,297,1
2111,180,578,1
2112,180,402,1
2113,180,123,1
2114,180,156,1
2115,180,238,1
2116,180,335,1
2117,180,55,1
2118,180,235,1
2119,180,414,1
2120,180,287,1
2121,180,411,1
2122,180,376,1
2123,180,352,1
2124,180,65,1
2125,180,97,1
2126,180,381,1
2127,180,499,1
2128,180,319,1
2129,180,50,1
2130,180,271,1
2131,180,136,1
2132,180,461,1
2133,180,577,1
2134,180,241,1
2135,180,237,1
2136,180,570,1
2137,180,318,1
2138,180,313,1
2139,180,594,1
2140,180,145,1
2141,180,91,1
2142,180,201,1
2143,180,299,1
2144,180,430,1
2145,180,96,1
2146,180,372,1
2147,180,195,1
2148,180,226,1
2149,180,119,1
2150,180,250,1
2151,180,407,1
2152,180,556,1
2153,180,86,1
2154,180,30,1
2155,180,584,1
2156,180,392,1
2157,180,160,1
2158,180,498,1
2159,180,90,1
2160,180,567,1
2161,180,144,1
2162,180,545,1
2163,180,480,1
2164,206,99,1
2165,206,238,1
2166,206,440,1
2167,206,185,1
2168,206,234,1
2169,206,150,1
2170,206,142,1
2171,206,442,1
2172,206,228,1
2173,206,364,1
2174,206,47,1
2175,206,90,1
2176,206,465,1
2177,206,520,1
2178,206,175,1
2179,206,177,1
2180,206,369,1
2181,206,584,1
2182,206,113,1
2183,206,13,1
2184,206,316,1
2185,206,293,1
2186,206,583,1
2187,206,415,1
2188,206,141,1
2189,206,535,1
2190,206,493,1
2191,206,350,1
2192,206,184,1
2193,206,68,1
2194,206,335,1
2195,206,495,1
2196,206,609,1
2197,206,278,1
2198,206,215,1
2199,206,453,1
2200,206,346,1
2201,206,368,1
2202,206,414,1
2203,206,525,1
2204,206,625,1
2205,206,1,1
2206,206,507,1
2207,206,306,1
2208,206,392,1
2209,206,544,1
2210,206,338,1
2211,206,230,1
2212,206,322,1
2213,206,105,1
2214,206,295,1
2215,206,157,1
2216,206,603,1
2217,206,279,1
2218,206,249,1
2219,206,610,1
2220,206,518,1
2221,206,511,1
2222,206,491,1
2223,206,287,1
2224,206,391,1
2225,206,530,1
2226,206,248,1
2227,206,235,1
2228,206,31,1
2229,206,516,1
2230,206,555,1
2231,206,160,1
2232,206,170,1
2233,206,127,1
2234,206,3,1
2235,206,456,1
2236,206,34,1
2237,206,574,1
2238,206,443,1
2239,206,32,1
2240,206,117,1
2241,206,514,1
2242,206,106,1
2243,206,193,1
2244,206,616,1
2245,206,592,1
2246,206,410,1
2247,206,339,1
2248,206,512,1
2249,206,22,1
2250,206,101,1
2251,206,431,1
2252,206,153,1
2253,206,540,1
2254,206,439,1
2255,206,313,1
2256,206,594,1
2257,206,496,1
2258,206,582,1
2259,206,452,1
2260,206,253,1
2261,206,505,1
2262,206,44,1
2263,206,601,1
2264,206,523,1
2265,206,615,1
2266,206,226,1
2267,206,357,1
2268,206,250,1
2269,206,353,1
2270,206,325,1
2271,206,139,1
2272,206,432,1
2273,206,377,1
2274,206,358,1
2275,206,114,1
2276,206,515,1
2277,206,92,1
2278,206,140,1
2279,206,201,1
2280,206,626,1
2281,206,529,1
2282,206,145,1
2283,206,208,1
2284,206,330,1
2285,206,61,1
2286,206,588,1
2287,206,112,1
2288,206,405,1
2289,206,16,1
2290,206,56,1
2291,206,510,1
2292,206,446,1
2293,206,373,1
2294,206,156,1
2295,206,40,1
2296,206,0,1
2297,206,354,1
2298,206,179,1
2299,206,200,1
2300,206,344,1
2301,206,378,1
2302,206,430,1
2303,206,599,1
2304,206,286,1
2305,206,108,1
2306,206,528,1
2307,206,178,1
2308,206,461,1
2309,206,620,1
2310,206,25,1
2311,206,42,1
2312,206,252,1
2313,206,521,1
2314,206,71,1
2315,206,290,1
2316,206,596,1
2317,206,194,1
2318,206,334,1
2319,206,504,1
2320,206,152,1
2321,206,424,1
2322,206,522,1
2323,206,361,1
2324,206,595,1
2325,206,126,1
2326,206,498,1
2327,206,6,1
2328,206,438,1
2329,206,119,1
2330,206,435,1
2331,206,227,1
2332,206,272,1
2333,206,476,1
2334,206,146,1
2335,206,342,1
2336,206,243,1
2337,206,418,1
2338,206,115,1
2339,206,337,1
2340,206,168,1
2341,206,285,1
2342,206,312,1
2343,206,577,1
2344,206,556,1
2345,206,367,1
2346,206,559,1
2347,206,319,1
2348,206,273,1
2349,206,605,1
2350,206,320,1
2351,206,136,1
2352,206,72,1
2353,206,15,1
2354,206,585,1
2355,206,100,1
2356,206,57,1
2357,206,189,1
2358,206,326,1
2359,206,363,1
2360,206,629,1
2361,206,327,1
2362,206,209,1
2363,206,425,1
2364,206,464,1
2365,206,557,1
2366,206,545,1
2367,206,165,1
2368,206,612,1
2369,206,538,1
2370,206,427,1
2371,206,98,1
2372,206,280,1
2373,206,477,1
2374,206,268,1
2375,206,259,1
2376,206,236,1
2377,206,466,1
2378,206,550,1
2379,206,401,1
2380,206,27,1
2381,206,566,1
2382,206,36,1
2383,206,463,1
2384,206,481,1
2385,206,548,1
2386,206,271,1
2387,206,586,1
2388,206,132,1
2389,206,53,1
2390,206,301,1
2391,206,526,1
2392,206,473,1
2393,206,366,1
2394,206,614,1
2395,206,628,1
2396,206,23,1
2397,206,359,1
2398,206,110,1
2399,206,413,1
2400,206,43,1
2401,206,81,1
2402,206,207,1
2403,206,558,1
2404,206,9,1
2405,206,384,1
2406,206,93,1
2407,206,82,1
2408,206,239,1
2409,206,30,1
2410,206,471,1
2411,206,499,1
2412,206,64,1
2413,206,65,1
2414,206,192,1
2415,206,332,1
2416,206,482,1
2417,206,444,1
2418,206,578,1
2419,206,549,1
2420,206,321,1
2421,206,197,1
2422,206,475,1
2423,206,623,1
2424,206,619,1
2425,206,621,1
2426,206,323,1
2427,206,314,1
2428,206,163,1
2429,206,73,1
2430,206,469,1
2431,206,242,1
2432,206,14,1
2433,206,486,1
2434,206,329,1
2435,206,513,1
2436,206,370,1
2437,206,459,1
2438,206,563,1
2439,206,399,1
2440,206,191,1
2441,206,261,1
2442,206,304,1
2443,206,219,1
2444,206,288,1
2445,206,21,1
2446,206,478,1
2447,206,617,1
2448,206,480,1
2449,206,395,1
2450,206,155,1
2451,206,375,1
2452,206,231,1
2453,206,59,1
2454,206,560,1
2455,206,74,1
2456,206,37,1
2457,206,125,1
2458,206,214,1
2459,206,5,1
2460,206,618,1
2461,206,600,1
2462,206,70,1
2463,206,76,1
2464,206,49,1
2465,206,372,1
2466,206,448,1
2467,206,589,1
2468,206,133,1
2469,206,572,1
2470,206,266,1
2471,206,233,1
2472,206,151,1
2473,206,573,1
2474,226,237,1
2475,226,301,1
2476,226,167,1
2477,226,593,1
2478,226,363,1
2479,226,70,1
2480,226,277,1
2481,226,135,1
2482,226,493,1
2483,226,35,1
2484,226,396,1
2485,226,350,1
2486,226,166,1
2487,226,314,1
2488,226,338,1
2489,226,12,1
2490,226,618,1
2491,226,543,1
2492,226,279,1
2493,226,496,1
2494,226,465,1
2495,226,494,1
2496,226,90,1
2497,226,82,1
2498,226,241,1
2499,226,512,1
2500,226,475,1
2501,226,527,1
2502,226,58,1
2503,226,556,1
2504,226,62,1
2505,226,442,1
2506,226,607,1
2507,226,224,1
2508,226,455,1
2509,226,100,1
2510,226,189,1
2511,226,213,1
2512,226,526,1
2513,226,446,1
2514,226,519,1
2515,226,525,1
2516,226,127,1
2517,226,430,1
2518,226,394,1
2519,226,74,1
2520,226,508,1
2521,226,47,1
2522,226,162,1
2523,226,288,1
2524,226,130,1
2525,226,117,1
2526,226,129,1
2527,226,348,1
2528,226,150,1
2529,226,504,1
2530,226,229,1
2531,226,231,1
2532,226,523,1
2533,226,103,1
2534,226,478,1
2535,226,121,1
2536,226,463,1
2537,226,273,1
2538,226,225,1
2539,226,431,1
2540,226,17,1
2541,226,503,1
2542,226,110,1
2543,226,590,1
2544,226,181,1
2545,226,318,1
2546,226,432,1
2547,226,490,1
2548,226,291,1
2549,226,300,1
2550,226,120,1
2551,226,391,1
2552,226,414,1
2553,226,31,1
2554,226,355,1
2555,226,596,1
2556,226,570,1
2557,226,144,1
2558,226,243,1
2559,226,0,1
2560,226,49,1
2561,226,41,1
2562,226,616,1
2563,226,296,1
2564,226,207,1
2565,226,200,1
2566,226,109,1
2567,226,538,1
2568,226,24,1
2569,226,459,1
2570,226,214,1
2571,226,106,1
2572,226,65,1
2573,226,499,1
2574,226,456,1
2575,226,176,1
2576,226,21,1
2577,226,580,1
2578,226,380,1
2579,226,372,1
2580,226,342,1
2581,226,133,1
2582,226,354,1
2583,226,169,1
2584,226,271,1
2585,226,228,1
2586,226,9,1
2587,226,487,1
2588,226,73,1
2589,226,491,1
2590,226,408,1
2591,226,124,1
2592,226,46,1
2593,226,553,1
2594,226,102,1
2595,226,627,1
2596,226,171,1
2597,226,489,1
2598,226,406,1
2599,226,138,1
2600,226,22,1
2601,226,255,1
2602,226,485,1
2603,226,631,1
2604,226,561,1
2605,226,517,1
2606,226,235,1
2607,226,582,1
2608,226,299,1
2609,226,481,1
2610,226,417,1
2611,226,577,1
2612,226,333,1
2613,226,341,1
2614,226,63,1
2615,226,574,1
2616,226,560,1
2617,226,131,1
2618,226,56,1
2619,226,398,1
2620,226,599,1
2621,226,472,1
2622,226,466,1
2623,226,614,1
2624,226,282,1
2625,226,91,1
2626,226,220,1
2627,226,443,1
2628,226,510,1
2629,226,585,1
2630,226,267,1
2631,226,80,1
2632,226,470,1
2633,226,476,1
2634,226,313,1
2635,226,514,1
2636,226,28,1
2637,226,458,1
2638,226,126,1
2639,226,60,1
2640,226,497,1
2641,226,88,1
2642,226,79,1
2643,226,284,1
2644,226,428,1
2645,226,158,1
2646,226,123,1
2647,226,479,1
2648,226,615,1
2649,226,378,1
2650,226,262,1
2651,226,19,1
2652,226,156,1
2653,226,192,1
2654,226,389,1
2655,226,401,1
2656,226,565,1
2657,226,328,1
2658,226,602,1
2659,226,51,1
2660,226,601,1
2661,226,346,1
2662,226,575,1
2663,226,535,1
2664,226,107,1
2665,226,140,1
2666,226,20,1
2667,226,75,1
2668,226,405,1
2669,226,205,1
2670,226,183,1
2671,226,101,1
2672,226,436,1
2673,226,454,1
2674,226,544,1
2675,226,145,1
2676,226,43,1
2677,226,18,1
2678,226,251,1
2679,226,464,1
2680,226,6,1
2681,226,336,1
2682,226,13,1
2683,226,502,1
2684,226,2,1
2685,226,146,1
2686,226,287,1
2687,226,293,1
2688,226,540,1
2689,226,232,1
2690,226,588,1
2691,226,335,1
2692,226,278,1
2693,226,173,1
2694,226,201,1
2695,226,453,1
2696,226,520,1
2697,226,230,1
2698,226,50,1
2699,226,38,1
2700,226,356,1
2701,226,439,1
2702,226,163,1
2703,226,136,1
2704,226,105,1
2705,226,186,1
2706,226,449,1
2707,226,94,1
2708,226,29,1
2709,226,397,1
2710,226,445,1
2711,226,48,1
2712,226,184,1
2713,226,280,1
2714,226,339,1
2715,226,488,1
2716,226,611,1
2717,226,14,1
2718,226,366,1
2719,226,498,1
2720,226,26,1
2721,226,358,1
2722,226,128,1
2723,226,327,1
2724,226,387,1
2725,226,78,1
2726,226,268,1
2727,226,566,1
2728,226,603,1
2729,226,353,1
2730,226,591,1
2731,226,54,1
2732,226,242,1
2733,226,170,1
2734,226,610,1
2735,226,297,1
2736,226,587,1
2737,226,546,1
2738,226,252,1
2739,226,537,1
2740,226,359,1
2741,226,438,1
2742,226,312,1
2743,226,368,1
2744,226,467,1
2745,226,286,1
2746,226,400,1
2747,226,507,1
2748,226,68,1
2749,226,340,1
2750,226,295,1
2751,226,492,1
2752,226,125,1
2753,226,141,1
2754,226,319,1
2755,226,142,1
2756,226,116,1
2757,226,311,1
2758,226,608,1
2759,226,360,1
2760,226,45,1
2761,226,245,1
2762,226,598,1
2763,226,384,1
2764,226,97,1
2765,226,258,1
2766,226,426,1
2767,226,165,1
2768,226,36,1
2769,226,239,1
2770,226,393,1
2771,226,424,1
2772,226,37,1
2773,226,42,1
2774,226,285,1
2775,226,59,1
2776,226,469,1
2777,226,111,1
2778,226,274,1
2779,226,392,1
2780,226,240,1
2781,226,8,1
2782,226,27,1
2783,226,584,1
2784,226,444,1
2785,226,180,1
2786,226,373,1
2787,226,330,1
2788,226,87,1
2789,226,81,1
2790,226,306,1
2791,226,362,1
2792,226,281,1
2793,226,303,1
2794,226,586,1
2795,226,334,1
2796,226,147,1
2797,226,93,1
2798,226,323,1
2799,226,369,1
2800,226,545,1
2801,226,193,1
2802,226,253,1
2803,226,264,1
2804,226,217,1
2805,226,308,1
2806,226,626,1
2807,226,365,1
2808,226,53,1
2809,226,84,1
2810,226,563,1
2811,226,83,1
2812,226,199,1
2813,226,557,1
2814,226,592,1
2815,226,115,1
2816,226,174,1
2817,226,71,1
2818,226,195,1
2819,226,160,1
2820,226,272,1
2821,226,122,1
2822,226,447,1
2823,226,219,1
2824,226,283,1
2825,226,409,1
2826,226,383,1
2827,226,344,1
2828,226,208,1
2829,226,471,1
2830,226,594,1
2831,226,40,1
2832,226,357,1
2833,226,529,1
2834,226,331,1
2835,226,370,1
2836,226,324,1
2837,226,33,1
2838,226,404,1
2839,226,477,1
2840,226,505,1
2841,232,578,1
2842,232,459,1
2843,232,34,1
2844,232,92,1
2845,232,381,1
2846,232,558,1
2847,232,102,1
2848,232,437,1
2849,232,333,1
2850,232,467,1
2851,232,23,1
2852,232,462,1
2853,232,239,1
2854,232,610,1
2855,232,64,1
2856,232,158,1
2857,232,49,1
2858,232,202,1
2859,232,147,1
2860,232,569,1
2861,232,355,1
2862,232,424,1
2863,232,189,1
2864,232,164,1
2865,232,485,1
2866,232,490,1
2867,232,607,1
2868,232,155,1
2869,232,209,1
2870,232,330,1
2871,232,364,1
2872,232,26,1
2873,232,339,1
2874,232,356,1
2875,232,217,1
2876,232,394,1
2877,232,267,1
2878,232,245,1
2879,232,93,1
2880,232,197,1
2881,232,398,1
2882,232,35,1
2883,232,103,1
2884,232,140,1
2885,232,41,1
2886,232,38,1
2887,232,287,1
2888,232,532,1
2889,232,514,1
2890,232,268,1
2891,232,472,1
2892,232,250,1
2893,232,255,1
2894,232,151,1
2895,232,523,1
2896,232,609,1
2897,232,413,1
2898,232,162,1
2899,232,408,1
2900,232,530,1
2901,232,18,1
2902,232,348,1
2903,232,588,1
2904,232,566,1
2905,232,350,1
2906,232,439,1
2907,232,152,1
2908,232,342,1
2909,232,521,1
2910,232,504,1
2911,232,104,1
2912,232,261,1
2913,232,275,1
2914,232,128,1
2915,232,326,1
2916,232,190,1
2917,232,396,1
2918,232,469,1
2919,232,62,1
2920,232,225,1
2921,232,368,1
2922,232,71,1
2923,232,577,1
2924,232,224,1
2925,232,314,1
2926,232,243,1
2927,232,174,1
2928,232,324,1
2929,232,281,1
2930,232,288,1
2931,232,141,1
2932,232,47,1
2933,232,241,1
2934,232,524,1
2935,232,67,1
2936,232,491,1
2937,232,582,1
2938,232,448,1
2939,232,70,1
2940,232,181,1
2941,232,540,1
2942,232,95,1
2943,232,8,1
2944,232,51,1
2945,232,119,1
2946,232,505,1
2947,232,332,1
2948,232,233,1
2949,232,220,1
2950,232,559,1
2951,232,615,1
2952,232,414,1
2953,232,9,1
2954,232,303,1
2955,232,492,1
2956,232,0,1
2957,232,596,1
2958,232,99,1
2959,232,110,1
2960,232,359,1
2961,232,271,1
2962,232,628,1
2963,232,130,1
2964,232,286,1
2965,232,88,1
2966,232,83,1
2967,232,69,1
2968,232,581,1
2969,232,146,1
2970,232,378,1
2971,232,369,1
2972,232,599,1
2973,232,554,1
2974,232,445,1
2975,232,427,1
2976,232,557,1
2977,232,76,1
2978,232,601,1
2979,232,282,1
2980,232,32,1
2981,232,223,1
2982,232,367,1
2983,232,375,1
2984,232,334,1
2985,232,166,1
2986,232,428,1
2987,232,7,1
2988,232,594,1
2989,232,501,1
2990,232,346,1
2991,232,30,1
2992,232,453,1
2993,232,106,1
2994,232,175,1
2995,232,91,1
2996,232,519,1
2997,232,319,1
2998,232,502,1
2999,232,405,1
3000,232,264,1
3001,232,251,1
3002,232,538,1
3003,232,240,1
3004,232,463,1
3005,232,345,1
3006,232,111,1
3007,232,215,1
3008,232,27,1
3009,232,341,1
3010,232,117,1
3011,232,386,1
3012,232,187,1
3013,232,579,1
3014,232,623,1
3015,232,196,1
3016,232,135,1
3017,232,40,1
3018,232,300,1
3019,232,98,1
3020,232,518,1
3021,232,556,1
3022,232,86,1
3023,232,295,1
3024,232,528,1
3025,232,517,1
3026,232,75,1
3027,232,542,1
3028,232,278,1
3029,232,575,1
3030,232,277,1
3031,232,156,1
3032,232,562,1
3033,232,157,1
3034,232,163,1
3035,232,269,1
3036,232,444,1
3037,232,297,1
3038,232,447,1
3039,232,494,1
3040,232,404,1
3041,232,595,1
3042,232,545,1
3043,232,172,1
3044,232,235,1
3045,232,183,1
3046,232,31,1
3047,232,409,1
3048,232,527,1
3049,232,353,1
3050,232,37,1
3051,232,552,1
3052,232,129,1
3053,232,379,1
3054,232,617,1
3055,232,466,1
3056,232,529,1
3057,232,100,1
3058,232,94,1
3059,232,320,1
3060,232,438,1
3061,232,13,1
3062,232,25,1
3063,232,285,1
3064,232,587,1
3065,232,602,1
3066,232,150,1
3067,232,399,1
3068,232,107,1
3069,232,583,1
3070,232,549,1
3071,232,590,1
3072,232,389,1
3073,232,430,1
3074,232,43,1
3075,232,313,1
3076,232,142,1
3077,232,498,1
3078,232,201,1
3079,232,214,1
3080,232,603,1
3081,232,273,1
3082,232,169,1
3083,232,591,1
3084,232,53,1
3085,232,73,1
3086,232,384,1
3087,232,244,1
3088,232,461,1
3089,232,418,1
3090,232,555,1
3091,232,597,1
3092,232,631,1
3093,232,432,1
3094,232,450,1
3095,232,191,1
3096,232,82,1
3097,232,395,1
3098,232,488,1
3099,232,118,1
3100,232,301,1
3101,232,616,1
3102,232,580,1
3103,232,306,1
3104,232,335,1
3105,232,537,1
3106,232,510,1
3107,232,452,1
3108,232,387,1
3109,232,15,1
3110,232,80,1
3111,232,573,1
3112,232,391,1
3113,232,412,1
3114,232,283,1
3115,232,194,1
3116,232,109,1
3117,232,604,1
3118,232,586,1
3119,232,361,1
3120,232,44,1
3121,232,629,1
3122,232,227,1
3123,232,397,1
3124,232,329,1
3125,232,247,1
3126,232,308,1
3127,232,544,1
3128,232,393,1
3129,232,513,1
3130,232,115,1
3131,232,626,1
3132,232,153,1
3133,232,238,1
3134,232,511,1
3135,232,370,1
3136,232,456,1
3137,232,229,1
3138,232,417,1
3139,232,170,1
3140,266,338,1
3141,266,327,1
3142,266,308,1
3143,266,14,1
3144,266,153,1
3145,266,128,1
3146,266,502,1
3147,266,260,1
3148,266,17,1
3149,266,3,1
3150,266,347,1
3151,266,114,1
3152,266,481,1
3153,266,450,1
3154,266,497,1
3155,266,49,1
3156,266,587,1
3157,266,370,1
3158,266,127,1
3159,266,192,1
3160,266,427,1
3161,266,209,1
3162,266,111,1
3163,266,459,1
3164,266,428,1
3165,266,150,1
3166,266,67,1
3167,266,384,1
3168,266,495,1
3169,266,516,1
3170,266,626,1
3171,266,346,1
3172,266,27,1
3173,266,411,1
3174,266,315,1
3175,266,108,1
3176,266,326,1
3177,266,426,1
3178,266,597,1
3179,266,133,1
3180,266,65,1
3181,266,78,1
3182,266,612,1
3183,266,190,1
3184,266,36,1
3185,266,437,1
3186,266,598,1
3187,266,406,1
3188,266,134,1
3189,266,202,1
3190,266,375,1
3191,266,33,1
3192,266,149,1
3193,266,545,1
3194,266,336,1
3195,266,285,1
3196,266,585,1
3197,266,223,1
3198,266,300,1
3199,266,274,1
3200,266,320,1
3201,266,264,1
3202,266,220,1
3203,266,68,1
3204,266,435,1
3205,266,607,1
3206,266,489,1
3207,266,337,1
3208,266,386,1
3209,266,387,1
3210,266,584,1
3211,266,625,1
3212,266,270,1
3213,266,394,1
3214,266,518,1
3215,266,47,1
3216,266,284,1
3217,266,105,1
3218,266,228,1
3219,266,324,1
3220,266,214,1
3221,266,527,1
3222,266,575,1
3223,266,196,1
3224,266,526,1
3225,266,296,1
3226,266,96,1
3227,266,171,1
3228,266,434,1
3229,266,486,1
3230,266,543,1
3231,266,478,1
3232,266,101,1
3233,266,402,1
3234,266,542,1
3235,266,231,1
3236,266,83,1
3237,266,564,1
3238,266,331,1
3239,266,464,1
3240,266,360,1
3241,266,382,1
3242,266,281,1
3243,266,249,1
3244,266,409,1
3245,266,421,1
3246,266,162,1
3247,266,446,1
3248,266,146,1
3249,266,519,1
3250,266,189,1
3251,266,372,1
3252,266,88,1
3253,266,393,1
3254,266,615,1
3255,266,524,1
3256,266,165,1
3257,266,558,1
3258,266,234,1
3259,266,358,1
3260,266,514,1
3261,266,283,1
3262,266,383,1
3263,266,169,1
3264,266,235,1
3265,266,395,1
3266,266,251,1
3267,266,69,1
3268,266,176,1
3269,266,76,1
3270,266,64,1
3271,266,139,1
3272,266,113,1
3273,266,528,1
3274,266,213,1
3275,266,93,1
3276,266,565,1
3277,266,9,1
3278,266,29,1
3279,266,330,1
3280,266,141,1
3281,266,210,1
3282,266,211,1
3283,266,515,1
3284,266,112,1
3285,266,523,1
3286,266,73,1
3287,266,107,1
3288,266,574,1
3289,266,39,1
3290,266,43,1
3291,266,58,1
3292,266,399,1
3293,266,95,1
3294,266,38,1
3295,266,407,1
3296,266,125,1
3297,266,482,1
3298,266,334,1
3299,266,77,1
3300,266,57,1
3301,266,389,1
3302,266,507,1
3303,266,294,1
3304,266,589,1
3305,266,356,1
3306,266,240,1
3307,266,442,1
3308,266,340,1
3309,266,479,1
3310,266,161,1
3311,266,328,1
3312,266,215,1
3313,266,457,1
3314,266,412,1
3315,266,195,1
3316,266,305,1
3317,266,248,1
3318,266,595,1
3319,266,490,1
3320,266,373,1
3321,266,16,1
3322,266,199,1
3323,266,75,1
3324,266,117,1
3325,266,5,1
3326,266,602,1
3327,266,46,1
3328,266,485,1
3329,266,499,1
3330,266,208,1
3331,266,174,1
3332,266,475,1
3333,266,295,1
3334,266,462,1
3335,266,167,1
3336,266,257,1
3337,266,333,1
3338,266,301,1
3339,266,553,1
3340,266,275,1
3341,266,549,1
3342,266,418,1
3343,266,398,1
3344,266,364,1
3345,266,8,1
3346,266,198,1
3347,266,243,1
3348,266,297,1
3349,266,71,1
3350,266,477,1
3351,266,168,1
3352,266,317,1
3353,266,321,1
3354,266,80,1
3355,266,509,1
3356,266,104,1
3357,266,521,1
3358,266,271,1
3359,266,472,1
3360,266,205,1
3361,266,302,1
3362,266,130,1
3363,266,225,1
3364,266,560,1
3365,266,530,1
3366,266,142,1
3367,266,494,1
3368,266,32,1
3369,266,44,1
3370,266,129,1
3371,266,623,1
3372,266,155,1
3373,266,272,1
3374,266,551,1
3375,266,164,1
3376,266,513,1
3377,266,247,1
3378,266,618,1
3379,266,573,1
3380,266,544,1
3381,266,224,1
3382,266,262,1
3383,266,620,1
3384,266,229,1
3385,266,456,1
3386,266,423,1
3387,266,312,1
3388,266,310,1
3389,266,194,1
3390,266,430,1
3391,266,34,1
3392,266,203,1
3393,266,246,1
3394,266,511,1
3395,266,4,1
3396,266,588,1
3397,266,449,1
3398,266,181,1
3399,266,505,1
3400,266,254,1
3401,266,504,1
3402,266,487,1
3403,266,501,1
3404,266,25,1
3405,266,410,1
3406,266,577,1
3407,266,135,1
3408,266,185,1
3409,266,163,1
3410,266,59,1
3411,266,273,1
3412,266,510,1
3413,266,97,1
3414,266,245,1
3415,266,124,1
3416,266,92,1
3417,266,98,1
3418,266,468,1
3419,266,131,1
3420,266,359,1
3421,266,414,1
3422,266,279,1
3423,266,110,1
3424,266,187,1
3425,266,420,1
3426,266,172,1
3427,266,79,1
3428,266,290,1
3429,266,40,1
3430,266,206,1
3431,266,70,1
3432,266,253,1
3433,266,239,1
3434,266,316,1
3435,266,197,1
3436,266,7,1
3437,266,182,1
3438,266,369,1
3439,266,151,1
3440,266,463,1
3441,266,66,1
3442,266,303,1
3443,266,609,1
3444,266,470,1
3445,266,307,1
3446,266,379,1
3447,266,517,1
3448,266,538,1
3449,266,250,1
3450,266,238,1
3451,266,408,1
3452,266,173,1
3453,266,354,1
3454,266,579,1
3455,266,154,1
3456,266,581,1
3457,266,193,1
3458,266,611,1
3459,266,571,1
3460,266,352,1
3461,266,628,1
3462,266,492,1
3463,266,378,1
3464,266,314,1
3465,266,177,1
3466,266,118,1
3467,266,424,1
3468,266,121,1
3469,266,433,1
3470,266,115,1
3471,266,156,1
3472,266,22,1
3473,266,102,1
3474,266,120,1
3475,266,62,1
3476,266,561,1
3477,266,313,1
3478,266,503,1
3479,266,84,1
3480,266,23,1
3481,266,339,1
3482,266,299,1
3483,266,82,1
3484,266,255,1
3485,266,362,1
3486,266,431,1
3487,266,366,1
3488,266,548,1
3489,266,621,1
3490,266,233,1
3491,266,582,1
3492,266,520,1
3493,266,332,1
3494,266,11,1
3495,266,614,1
3496,266,617,1
3497,266,541,1
3498,266,160,1
3499,266,293,1
3500,266,261,1
3501,266,217,1
3502,266,81,1
3503,266,21,1
3504,266,341,1
3505,266,583,1
3506,266,269,1
3507,266,183,1
3508,266,291,1
3509,266,241,1
3510,266,116,1
3511,266,54,1
3512,266,348,1
3513,266,170,1
3514,266,30,1
3515,266,493,1
3516,266,546,1
3517,266,466,1
3518,266,629,1
3519,266,207,1
3520,266,627,1
3521,266,445,1
3522,266,13,1
3523,268,480,1
3524,268,389,1
3525,268,571,1
3526,268,105,1
3527,268,217,1
3528,268,461,1
3529,268,550,1
3530,268,625,1
3531,268,54,1
3532,268,492,1
3533,268,556,1
3534,268,375,1
3535,268,199,1
3536,268,582,1
3537,268,165,1
3538,268,309,1
3539,268,449,1
3540,268,126,1
3541,268,402,1
3542,268,243,1
3543,268,615,1
3544,268,102,1
3545,268,146,1
3546,268,237,1
3547,268,23,1
3548,268,161,1
3549,268,255,1
3550,268,215,1
3551,268,33,1
3552,268,519,1
3553,268,354,1
3554,268,320,1
3555,268,124,1
3556,268,357,1
3557,268,10,1
3558,268,598,1
3559,268,502,1
3560,268,21,1
3561,268,187,1
3562,268,229,1
3563,268,457,1
3564,268,580,1
3565,268,24,1
3566,268,30,1
3567,268,425,1
3568,268,426,1
3569,268,567,1
3570,268,574,1
3571,268,89,1
3572,268,352,1
3573,268,196,1
3574,268,128,1
3575,268,491,1
3576,268,561,1
3577,268,447,1
3578,268,323,1
3579,268,34,1
3580,268,400,1
3581,268,86,1
3582,268,599,1
3583,268,71,1
3584,268,232,1
3585,268,313,1
3586,268,1,1
3587,268,387,1
3588,268,267,1
3589,268,393,1
3590,268,489,1
3591,268,287,1
3592,268,608,1
3593,268,335,1
3594,268,340,1
3595,268,113,1
3596,268,13,1
3597,268,418,1
3598,268,293,1
3599,268,433,1
3600,268,475,1
3601,268,132,1
3602,268,578,1
3603,268,589,1
3604,268,172,1
3605,268,75,1
3606,268,181,1
3607,268,472,1
3608,268,136,1
3609,268,207,1
3610,268,144,1
3611,268,408,1
3612,268,401,1
3613,268,432,1
3614,268,499,1
3615,268,61,1
3616,268,428,1
3617,268,220,1
3618,268,523,1
3619,268,319,1
3620,268,15,1
3621,268,234,1
3622,268,93,1
3623,268,210,1
3624,268,498,1
3625,268,341,1
3626,268,397,1
3627,268,330,1
3628,268,271,1
3629,268,6,1
3630,268,249,1
3631,268,205,1
3632,268,32,1
3633,268,431,1
3634,268,283,1
3635,268,508,1
3636,268,81,1
3637,268,337,1
3638,268,549,1
3639,268,548,1
3640,268,346,1
3641,268,362,1
3642,268,339,1
3643,268,140,1
3644,268,586,1
3645,268,141,1
3646,268,226,1
3647,268,404,1
3648,268,238,1
3649,268,123,1
3650,268,505,1
3651,268,225,1
3652,268,22,1
3653,268,513,1
3654,268,332,1
3655,268,235,1
3656,268,242,1
3657,268,179,1
3658,268,395,1
3659,268,409,1
3660,268,198,1
3661,268,138,1
3662,268,117,1
3663,268,97,1
3664,268,422,1
3665,268,504,1
3666,268,486,1
3667,268,533,1
3668,268,57,1
3669,268,403,1
3670,268,158,1
3671,268,538,1
3672,268,17,1
3673,268,38,1
3674,268,27,1
3675,268,28,1
3676,268,281,1
3677,268,31,1
3678,268,12,1
3679,268,616,1
3680,268,544,1
3681,268,282,1
3682,268,127,1
3683,268,25,1
3684,268,356,1
3685,268,131,1
3686,268,224,1
3687,268,70,1
3688,268,106,1
3689,268,72,1
3690,268,379,1
3691,268,317,1
3692,268,222,1
3693,268,543,1
3694,268,209,1
3695,268,56,1
3696,268,584,1
3697,268,155,1
3698,268,258,1
3699,268,626,1
3700,268,559,1
3701,268,285,1
3702,268,587,1
3703,268,231,1
3704,268,450,1
3705,268,554,1
3706,268,174,1
3707,268,411,1
3708,268,170,1
3709,268,121,1
3710,268,139,1
3711,268,344,1
3712,268,296,1
3713,268,437,1
3714,268,579,1
3715,268,163,1
3716,268,96,1
3717,268,392,1
3718,268,40,1
3719,268,112,1
3720,268,135,1
3721,268,514,1
3722,268,321,1
3723,268,240,1
3724,268,251,1
3725,268,497,1
3726,268,37,1
3727,268,468,1
3728,268,463,1
3729,268,171,1
3730,268,435,1
3731,268,315,1
3732,268,278,1
3733,268,178,1
3734,268,370,1
3735,268,304,1
3736,268,92,1
3737,268,150,1
3738,268,446,1
3739,268,211,1
3740,268,245,1
3741,268,325,1
3742,268,618,1
3743,268,269,1
3744,268,510,1
3745,268,494,1
3746,268,312,1
3747,268,41,1
3748,268,115,1
3749,268,334,1
3750,268,2,1
3751,268,295,1
3752,268,365,1
3753,268,361,1
3754,268,535,1
3755,268,453,1
3756,268,73,1
3757,268,336,1
3758,268,342,1
3759,268,68,1
3760,268,518,1
3761,268,619,1
3762,268,444,1
3763,268,51,1
3764,268,53,1
3765,268,347,1
3766,268,594,1
3767,268,517,1
3768,268,16,1
3769,268,202,1
3770,268,331,1
3771,268,307,1
3772,268,46,1
3773,268,623,1
3774,268,192,1
3775,268,381,1
3776,268,279,1
3777,268,430,1
3778,268,621,1
3779,268,328,1
3780,268,244,1
3781,268,462,1
3782,268,611,1
3783,268,308,1
3784,268,188,1
3785,268,383,1
3786,268,488,1
3787,268,98,1
3788,268,350,1
3789,268,558,1
3790,268,628,1
3791,268,110,1
3792,268,577,1
3793,268,286,1
3794,268,8,1
3795,268,88,1
3796,268,597,1
3797,268,420,1
3798,268,369,1
3799,268,3,1
3800,268,359,1
3801,268,166,1
3802,268,620,1
3803,268,80,1
3804,268,358,1
3805,268,511,1
3806,268,612,1
3807,268,378,1
3808,268,610,1
3809,268,116,1
3810,268,284,1
3811,268,427,1
3812,268,452,1
3813,268,280,1
3814,268,214,1
3815,268,20,1
3816,268,412,1
3817,268,495,1
3818,268,406,1
3819,268,151,1
3820,268,149,1
3821,268,506,1
3822,268,622,1
3823,268,219,1
3824,268,372,1
3825,268,11,1
3826,268,4,1
3827,268,479,1
3828,268,415,1
3829,268,107,1
3830,268,100,1
3831,268,609,1
3832,268,407,1
3833,268,133,1
3834,268,522,1
3835,268,603,1
3836,268,500,1
3837,268,417,1
3838,268,270,1
3839,268,48,1
3840,268,200,1
3841,268,230,1
3842,268,301,1
3843,268,129,1
3844,268,303,1
3845,268,208,1
3846,268,473,1
3847,268,405,1
3848,268,18,1
3849,268,536,1
3850,268,596,1
3851,268,120,1
3852,268,467,1
3853,268,591,1
3854,268,322,1
3855,268,481,1
3856,268,272,1
3857,268,250,1
3858,268,114,1
3859,268,145,1
3860,268,266,1
3861,268,458,1
3862,268,602,1
3863,268,9,1
3864,268,423,1
3865,268,94,1
3866,268,482,1
3867,268,297,1
3868,268,528,1
3869,268,190,1
3870,268,26,1
3871,268,438,1
3872,268,436,1
3873,268,36,1
3874,268,590,1
3875,268,593,1
3876,268,90,1
3877,268,557,1
3878,268,566,1
3879,268,469,1
3880,329,61,1
3881,329,3,1
3882,329,393,1
3883,329,362,1
3884,329,217,1
3885,329,517,1
3886,329,480,1
3887,329,611,1
3888,329,558,1
3889,329,327,1
3890,329,142,1
3891,329,518,1
3892,329,554,1
3893,329,71,1
3894,329,465,1
3895,329,415,1
3896,329,401,1
3897,329,306,1
3898,329,245,1
3899,329,519,1
3900,329,280,1
3901,329,441,1
3902,329,389,1
3903,329,145,1
3904,329,403,1
3905,329,548,1
3906,329,521,1
3907,329,104,1
3908,329,146,1
3909,329,339,1
3910,329,533,1
3911,329,626,1
3912,329,264,1
3913,329,224,1
3914,329,161,1
3915,329,312,1
3916,329,612,1
3917,329,246,1
3918,329,134,1
3919,329,53,1
3920,329,301,1
3921,329,497,1
3922,329,543,1
3923,329,0,1
3924,329,461,1
3925,329,341,1
3926,329,512,1
3927,329,202,1
3928,329,17,1
3929,329,153,1
3930,329,278,1
3931,329,505,1
3932,329,443,1
3933,329,92,1
3934,329,373,1
3935,329,607,1
3936,329,322,1
3937,329,172,1
3938,329,171,1
3939,329,281,1
3940,329,529,1
3941,329,157,1
3942,329,91,1
3943,329,56,1
3944,329,378,1
3945,329,449,1
3946,329,412,1
3947,329,470,1
3948,329,30,1
3949,329,398,1
3950,329,49,1
3951,329,528,1
3952,329,621,1
3953,329,342,1
3954,329,268,1
3955,329,350,1
3956,329,320,1
3957,329,156,1
3958,329,579,1
3959,329,463,1
3960,329,413,1
3961,329,242,1
3962,329,176,1
3963,329,150,1
3964,329,26,1
3965,329,557,1
3966,329,368,1
3967,329,131,1
3968,329,324,1
3969,329,446,1
3970,329,369,1
3971,329,447,1
3972,329,485,1
3973,329,68,1
3974,329,120,1
3975,329,456,1
3976,329,215,1
3977,329,433,1
3978,329,128,1
3979,329,101,1
3980,329,59,1
3981,329,569,1
3982,329,140,1
3983,329,62,1
3984,329,95,1
3985,329,552,1
3986,329,35,1
3987,329,195,1
3988,329,81,1
3989,329,452,1
3990,329,405,1
3991,329,584,1
3992,329,474,1
3993,329,526,1
3994,329,258,1
3995,329,199,1
3996,329,36,1
3997,329,428,1
3998,329,23,1
3999,329,524,1
4000,329,468,1
4001,329,21,1
4002,329,24,1
4003,329,444,1
4004,329,307,1
4005,329,623,1
4006,329,168,1
4007,329,296,1
4008,329,46,1
4009,329,315,1
4010,329,38,1
4011,329,229,1
4012,329,602,1
4013,329,363,1
4014,329,28,1
4015,329,494,1
4016,329,286,1
4017,329,386,1
4018,329,414,1
4019,329,40,1
4020,329,359,1
4021,329,399,1
4022,329,486,1
4023,329,408,1
4024,329,383,1
4025,329,170,1
4026,329,100,1
4027,329,321,1
4028,329,616,1
4029,329,124,1
4030,329,191,1
4031,329,18,1
4032,329,422,1
4033,329,129,1
4034,329,511,1
4035,329,555,1
4036,329,196,1
4037,329,75,1
4038,329,110,1
4039,329,496,1
4040,329,504,1
4041,329,79,1
4042,329,450,1
4043,329,331,1
4044,329,284,1
4045,329,262,1
4046,329,139,1
4047,329,333,1
4048,329,249,1
4049,329,300,1
4050,329,375,1
4051,329,304,1
4052,329,78,1
4053,329,566,1
4054,329,94,1
4055,329,406,1
4056,329,285,1
4057,329,118,1
4058,329,7,1
4059,329,247,1
4060,329,309,1
4061,329,435,1
4062,329,57,1
4063,329,184,1
4064,329,251,1
4065,329,454,1
4066,329,252,1
4067,329,102,1
4068,329,111,1
4069,329,372,1
4070,329,538,1
4071,329,438,1
4072,329,544,1
4073,329,462,1
4074,329,151,1
4075,329,481,1
4076,329,201,1
4077,329,19,1
4078,329,603,1
4079,329,230,1
4080,329,409,1
4081,329,58,1
4082,329,330,1
4083,329,187,1
4084,329,614,1
4085,329,319,1
4086,329,235,1
4087,329,577,1
4088,329,490,1
4089,329,361,1
4090,329,83,1
4091,329,241,1
4092,329,232,1
4093,329,165,1
4094,329,561,1
4095,329,598,1
4096,329,445,1
4097,329,535,1
4098,329,6,1
4099,329,427,1
4100,329,542,1
4101,329,560,1
4102,329,60,1
4103,329,214,1
4104,329,590,1
4105,329,586,1
4106,329,488,1
4107,329,88,1
4108,329,121,1
4109,329,411,1
4110,329,213,1
4111,329,54,1
4112,329,591,1
4113,329,274,1
4114,329,297,1
4115,329,469,1
4116,329,335,1
4117,329,169,1
4118,329,106,1
4119,329,44,1
4120,329,210,1
4121,329,144,1
4122,329,448,1
4123,329,501,1
4124,329,513,1
4125,329,430,1
4126,329,310,1
4127,329,582,1
4128,329,395,1
4129,329,618,1
4130,329,209,1
4131,329,498,1
4132,329,73,1
4133,329,127,1
4134,329,507,1
4135,329,396,1
4136,329,556,1
4137,329,432,1
4138,329,269,1
4139,329,334,1
4140,329,132,1
4141,329,437,1
4142,329,578,1
4143,329,248,1
4144,329,545,1
4145,329,610,1
4146,329,177,1
4147,329,625,1
4148,329,597,1
4149,329,47,1
4150,329,223,1
4151,329,179,1
4152,329,472,1
4153,329,514,1
4154,329,271,1
4155,329,14,1
4156,329,287,1
4157,329,218,1
4158,329,266,1
4159,329,559,1
4160,329,279,1
4161,329,4,1
4162,329,117,1
4163,329,366,1
4164,329,328,1
4165,329,113,1
4166,329,457,1
4167,329,180,1
4168,329,164,1
4169,329,136,1
4170,329,31,1
4171,329,596,1
4172,329,493,1
4173,329,540,1
4174,329,516,1
4175,329,573,1
4176,329,615,1
4177,329,272,1
4178,329,97,1
4179,329,402,1
4180,329,436,1
4181,329,609,1
4182,329,240,1
4183,329,594,1
4184,329,82,1
4185,329,239,1
4186,329,291,1
4187,329,353,1
4188,329,407,1
4189,329,237,1
4190,329,332,1
4191,329,629,1
4192,329,346,1
4193,329,5,1
4194,329,503,1
4195,329,205,1
4196,329,116,1
4197,329,604,1
4198,329,595,1
4199,329,80,1
4200,329,589,1
4201,329,522,1
4202,329,13,1
4203,339,27,1
4204,387,430,1
4205,387,226,1
4206,387,544,1
4207,387,49,1
4208,387,323,1
4209,387,378,1
4210,387,162,1
4211,387,170,1
4212,387,29,1
4213,387,70,1
4214,387,413,1
4215,387,584,1
4216,387,252,1
4217,387,180,1
4218,387,519,1
4219,387,427,1
4220,387,485,1
4221,387,16,1
4222,387,53,1
4223,387,596,1
4224,387,320,1
4225,387,589,1
4226,387,71,1
4227,387,48,1
4228,387,516,1
4229,387,43,1
4230,387,611,1
4231,387,442,1
4232,387,160,1
4233,387,240,1
4234,387,268,1
4235,387,592,1
4236,387,13,1
4237,387,95,1
4238,387,545,1
4239,387,395,1
4240,387,408,1
4241,387,359,1
4242,387,36,1
4243,387,291,1
4244,387,559,1
4245,387,437,1
4246,387,0,1
4247,387,620,1
4248,387,66,1
4249,387,18,1
4250,387,152,1
4251,387,2,1
4252,387,566,1
4253,387,610,1
4254,387,87,1
4255,387,32,1
4256,387,325,1
4257,387,118,1
4258,387,176,1
4259,387,500,1
4260,387,266,1
4261,387,271,1
4262,387,621,1
4263,387,409,1
4264,387,465,1
4265,387,381,1
4266,387,527,1
4267,387,164,1
4268,387,27,1
4269,387,526,1
4270,387,528,1
4271,387,205,1
4272,387,192,1
4273,387,187,1
4274,387,502,1
4275,387,341,1
4276,387,117,1
4277,387,214,1
4278,387,521,1
4279,387,296,1
4280,387,184,1
4281,514,218,1
4282,514,549,1
4283,514,24,1
4284,514,447,1
4285,514,169,1
4286,514,312,1
4287,514,280,1
4288,514,480,1
4289,514,469,1
4290,514,391,1
4291,514,378,1
4292,514,181,1
4293,514,412,1
4294,514,523,1
4295,514,629,1
4296,514,309,1
4297,514,157,1
4298,514,559,1
4299,514,29,1
4300,514,91,1
4301,514,118,1
4302,514,323,1
4303,514,441,1
4304,514,498,1
4305,514,256,1
4306,514,580,1
4307,514,540,1
4308,514,582,1
4309,514,246,1
4310,514,146,1
4311,514,282,1
4312,514,329,1
4313,514,270,1
4314,514,164,1
4315,514,500,1
4316,514,508,1
4317,514,333,1
4318,514,44,1
4319,514,505,1
4320,514,242,1
4321,514,14,1
4322,514,176,1
4323,514,330,1
4324,514,614,1
4325,514,54,1
4326,514,430,1
4327,514,596,1
4328,514,530,1
4329,514,252,1
4330,514,15,1
4331,514,548,1
4332,514,36,1
4333,514,463,1
4334,514,585,1
4335,514,353,1
4336,514,199,1
4337,514,625,1
4338,514,535,1
4339,514,271,1
4340,514,620,1
4341,514,448,1
4342,514,274,1
4343,514,65,1
4344,514,208,1
4345,514,337,1
4346,514,326,1
4347,514,92,1
4348,514,395,1
4349,514,605,1
4350,514,219,1
4351,514,529,1
4352,514,311,1
4353,514,110,1
4354,514,319,1
4355,514,94,1
4356,514,238,1
4357,514,40,1
4358,514,449,1
4359,514,601,1
4360,514,591,1
4361,514,253,1
4362,514,262,1
4363,514,127,1
4364,514,507,1
4365,514,444,1
4366,514,350,1
4367,514,476,1
4368,514,481,1
4369,514,557,1
4370,514,339,1
4371,514,560,1
4372,514,150,1
4373,514,345,1
4374,514,107,1
4375,514,31,1
4376,514,361,1
4377,514,336,1
4378,514,528,1
4379,514,475,1
4380,514,187,1
4381,514,241,1
4382,514,19,1
4383,514,233,1
4384,514,413,1
4385,514,140,1
4386,514,93,1
4387,514,607,1
4388,514,101,1
4389,514,327,1
4390,514,132,1
4391,514,417,1
4392,514,133,1
4393,514,392,1
4394,514,406,1
4395,514,281,1
4396,514,520,1
4397,514,82,1
4398,514,261,1
4399,514,72,1
4400,514,381,1
4401,514,493,1
4402,514,244,1
4403,514,115,1
4404,514,347,1
4405,514,489,1
4406,514,526,1
4407,514,163,1
4408,514,251,1
4409,514,427,1
4410,514,418,1
4411,514,156,1
4412,514,369,1
4413,514,234,1
4414,514,384,1
4415,514,250,1
4416,514,141,1
4417,514,17,1
4418,514,272,1
4419,514,478,1
4420,514,47,1
4421,514,231,1
4422,514,442,1
4423,514,573,1
4424,514,328,1
4425,514,80,1
4426,514,451,1
4427,514,544,1
4428,514,172,1
4429,514,609,1
4430,514,257,1
4431,514,556,1
4432,514,409,1
4433,514,584,1
4434,514,158,1
4435,514,403,1
4436,514,503,1
4437,514,0,1
4438,514,286,1
4439,514,338,1
4440,514,279,1
4441,514,225,1
4442,514,46,1
4443,514,273,1
4444,514,558,1
4445,514,346,1
4446,514,616,1
4447,514,362,1
4448,514,352,1
4449,514,402,1
4450,514,608,1
4451,514,290,1
4452,514,550,1
4453,514,407,1
4454,514,77,1
4455,514,356,1
4456,514,76,1
4457,514,264,1
4458,514,268,1
4459,514,577,1
4460,514,519,1
4461,514,324,1
4462,514,308,1
4463,514,332,1
4464,514,364,1
4465,514,53,1
4466,514,516,1
4467,514,599,1
4468,514,284,1
4469,514,6,1
4470,514,229,1
4471,514,306,1
4472,514,615,1
4473,514,431,1
4474,514,117,1
4475,514,56,1
4476,514,538,1
4477,514,83,1
4478,514,134,1
4479,514,357,1
4480,514,372,1
4481,514,41,1
4482,514,466,1
4483,514,165,1
4484,514,631,1
4485,514,119,1
4486,514,60,1
4487,514,27,1
4488,514,210,1
4489,514,473,1
4490,514,128,1
4491,514,393,1
4492,514,98,1
4493,514,66,1
4494,514,414,1
4495,514,621,1
4496,514,38,1
4497,514,488,1
4498,514,293,1
4499,514,472,1
4500,514,151,1
4501,514,139,1
4502,514,167,1
4503,514,4,1
4504,514,628,1
4505,514,436,1
4506,514,2,1
4507,514,506,1
4508,514,370,1
4509,514,121,1
4510,514,590,1
4511,514,375,1
4512,514,435,1
4513,514,37,1
4514,514,611,1
4515,516,401,1
4516,516,435,1
4517,516,312,1
4518,516,172,1
4519,535,437,1
4520,535,336,1
4521,535,117,1
4522,535,343,1
4523,535,554,1
4524,535,476,1
4525,535,111,1
4526,535,163,1
4527,535,54,1
4528,535,556,1
4529,535,15,1
4530,535,66,1
4531,535,153,1
4532,535,621,1
4533,535,361,1
4534,535,323,1
4535,535,447,1
4536,535,605,1
4537,535,590,1
4538,535,284,1
4539,535,610,1
4540,535,530,1
4541,535,383,1
4542,535,414,1
4543,535,594,1
4544,535,382,1
4545,535,614,1
4546,535,296,1
4547,535,106,1
4548,535,89,1
4549,535,423,1
4550,535,220,1
4551,535,173,1
4552,535,209,1
4553,535,457,1
4554,535,226,1
4555,535,5,1
4556,535,157,1
4557,535,127,1
4558,535,415,1
4559,535,189,1
4560,535,286,1
4561,535,452,1
4562,535,304,1
4563,535,431,1
4564,535,114,1
4565,535,101,1
4566,535,273,1
4567,535,359,1
4568,535,470,1
4569,535,379,1
4570,535,562,1
4571,535,169,1
4572,535,211,1
4573,535,8,1
4574,535,92,1
4575,535,223,1
4576,535,82,1
4577,535,373,1
4578,535,297,1
4579,535,242,1
4580,535,261,1
4581,535,78,1
4582,535,240,1
4583,535,430,1
4584,535,196,1
4585,535,411,1
4586,535,313,1
4587,535,208,1
4588,535,142,1
4589,535,203,1
4590,535,466,1
4591,535,583,1
4592,535,0,1
4593,535,278,1
4594,535,421,1
4595,535,330,1
4596,535,422,1
4597,535,528,1
4598,535,335,1
4599,535,279,1
4600,535,417,1
4601,535,389,1
4602,535,201,1
4603,535,264,1
4604,535,7,1
4605,535,80,1
4606,535,475,1
4607,535,121,1
4608,535,230,1
4609,535,331,1
4610,535,463,1
4611,535,293,1
4612,535,426,1
4613,535,187,1
4614,535,630,1
4615,535,619,1
4616,535,36,1
4617,535,569,1
4618,535,110,1
4619,535,112,1
4620,535,439,1
4621,535,453,1
4622,535,504,1
4623,535,227,1
4624,535,90,1
4625,535,340,1
4626,535,360,1
4627,535,347,1
4628,535,588,1
4629,535,591,1
4630,535,427,1
4631,535,170,1
4632,535,407,1
4633,535,566,1
4634,535,516,1
4635,535,494,1
4636,535,251,1
4637,535,4,1
4638,535,308,1
4639,535,18,1
4640,535,402,1
4641,535,136,1
4642,535,198,1
4643,535,542,1
4644,535,269,1
4645,535,249,1
4646,535,129,1
4647,535,481,1
4648,535,404,1
4649,535,517,1
4650,535,259,1
4651,535,601,1
4652,535,168,1
4653,535,134,1
4654,535,491,1
4655,535,31,1
4656,535,582,1
4657,535,68,1
4658,535,147,1
4659,535,72,1
4660,535,493,1
4661,535,395,1
4662,535,309,1
4663,535,381,1
4664,535,611,1
4665,535,228,1
4666,535,107,1
4667,535,48,1
4668,535,217,1
4669,535,492,1
4670,535,152,1
4671,535,43,1
4672,535,459,1
4673,535,348,1
4674,535,602,1
4675,535,538,1
4676,535,370,1
4677,535,60,1
4678,535,522,1
4679,535,529,1
4680,535,353,1
4681,535,631,1
4682,535,595,1
4683,535,468,1
4684,535,608,1
4685,535,145,1
4686,535,551,1
4687,535,573,1
4688,535,57,1
4689,535,181,1
4690,535,332,1
4691,535,199,1
4692,535,571,1
4693,535,46,1
4694,535,266,1
4695,535,378,1
4696,535,579,1
4697,535,94,1
4698,535,592,1
4699,535,162,1
4700,535,156,1
4701,535,587,1
4702,535,244,1
4703,535,559,1
4704,535,328,1
4705,535,362,1
4706,535,341,1
4707,535,474,1
4708,535,9,1
4709,535,441,1
4710,535,311,1
4711,535,399,1
4712,535,283,1
4713,535,513,1
4714,535,166,1
4715,535,537,1
4716,535,580,1
4717,535,354,1
4718,535,375,1
4719,535,53,1
4720,535,625,1
4721,535,95,1
4722,535,364,1
4723,535,612,1
4724,535,151,1
4725,535,320,1
4726,535,291,1
4727,535,73,1
4728,535,418,1
4729,535,154,1
4730,535,391,1
4731,535,118,1
4732,535,285,1
4733,535,70,1
4734,535,113,1
4735,535,549,1
4736,535,28,1
4737,535,131,1
4738,535,50,1
4739,535,540,1
4740,535,246,1
4741,535,160,1
4742,535,628,1
4743,535,236,1
4744,535,550,1
4745,535,58,1
4746,535,408,1
4747,535,525,1
4748,535,143,1
4749,535,253,1
4750,535,184,1
4751,535,489,1
4752,535,197,1
4753,535,141,1
4754,535,262,1
4755,535,449,1
4756,535,428,1
4757,535,561,1
4758,535,49,1
4759,535,396,1
4760,535,21,1
4761,535,629,1
4762,535,303,1
4763,535,377,1
4764,535,372,1
4765,535,524,1
4766,535,10,1
4767,535,532,1
4768,535,243,1
4769,535,557,1
4770,535,558,1
4771,535,71,1
4772,535,161,1
4773,535,526,1
4774,535,397,1
4775,535,79,1
4776,535,282,1
4777,535,281,1
4778,535,467,1
4779,535,103,1
4780,535,30,1
4781,535,345,1
4782,535,585,1
4783,535,84,1
4784,535,260,1
4785,535,563,1
4786,535,235,1
4787,535,267,1
4788,535,268,1
4789,535,290,1
4790,535,96,1
4791,535,109,1
4792,535,363,1
4793,535,238,1
4794,535,521,1
4795,535,258,1
4796,535,400,1
4797,535,456,1
4798,535,271,1
4799,535,403,1
4800,535,139,1
4801,535,35,1
4802,535,176,1
4803,535,555,1
4804,535,324,1
4805,535,445,1
4806,535,584,1
4807,535,413,1
4808,535,125,1
4809,535,589,1
4810,535,384,1
4811,535,29,1
4812,535,172,1
4813,535,215,1
4814,535,171,1
4815,535,387,1
4816,535,321,1
4817,535,620,1
4818,535,11,1
4819,535,546,1
4820,535,507,1
4821,535,352,1
4822,535,93,1
4823,535,412,1
4824,535,392,1
4825,535,560,1
4826,623,26,1
4827,623,481,1
4828,623,343,1
4829,623,86,1
4830,623,31,1
4831,623,559,1
4832,623,362,1
4833,623,386,1
4834,623,15,1
4835,623,442,1
4836,623,560,1
4837,623,437,1
4838,623,34,1
4839,623,273,1
4840,623,448,1
4841,623,423,1
4842,623,253,1
4843,623,275,1
4844,623,16,1
4845,623,187,1
4846,623,398,1
4847,623,200,1
4848,623,105,1
4849,623,517,1
4850,623,614,1
4851,623,43,1
4852,623,3,1
4853,623,603,1
4854,623,293,1
4855,623,308,1
4856,623,78,1
4857,623,403,1
4858,623,104,1
4859,623,226,1
4860,623,579,1
4861,623,587,1
4862,623,284,1
4863,623,596,1
4864,623,184,1
4865,623,25,1
4866,623,451,1
4867,623,512,1
4868,623,157,1
4869,623,38,1
4870,623,171,1
4871,623,286,1
4872,623,577,1
4873,623,444,1
4874,623,371,1
4875,623,363,1
4876,623,370,1
4877,623,557,1
4878,623,77,1
4879,623,313,1
4880,623,467,1
4881,623,285,1
4882,623,404,1
4883,623,392,1
4884,623,581,1
4885,623,525,1
4886,623,168,1
4887,623,595,1
4888,623,219,1
4889,623,440,1
4890,623,205,1
4891,623,153,1
4892,623,610,1
4893,623,5,1
4894,623,116,1
4895,623,199,1
4896,623,322,1
4897,623,604,1
4898,623,294,1
4899,623,243,1
4900,623,317,1
4901,623,387,1
4902,623,505,1
4903,623,158,1
4904,623,318,1
4905,623,532,1
4906,623,130,1
4907,623,430,1
4908,623,594,1
4909,623,196,1
4910,623,353,1
4911,623,11,1
4912,623,488,1
4913,623,602,1
4914,623,210,1
4915,623,113,1
4916,623,215,1
4917,623,555,1
4918,623,550,1
4919,623,263,1
4920,623,578,1
4921,623,621,1
4922,623,228,1
4923,623,91,1
4924,623,24,1
4925,0,534,0
4926,0,417,0
4927,0,57,0
4928,0,341,0
4929,0,29,0
4930,0,382,0
4931,0,147,0
4932,0,72,0
4933,0,58,0
4934,0,600,0
4935,0,609,0
4936,0,416,0
4937,0,62,0
4938,0,356,0
4939,0,135,0
4940,0,547,0
4941,0,585,0
4942,0,264,0
4943,0,508,0
4944,0,629,0
4945,0,426,0
4946,0,304,0
4947,0,50,0
4948,0,67,0
4949,0,125,0
4950,0,268,0
4951,0,76,0
4952,0,10,0
4953,0,216,0
4954,0,373,0
4955,0,31,0
4956,0,317,0
4957,0,323,0
4958,0,43,0
4959,0,228,0
4960,0,133,0
4961,0,39,0
4962,0,110,0
4963,0,124,0
4964,0,37,0
4965,0,215,0
4966,0,275,0
4967,0,150,0
4968,0,119,0
4969,0,155,0
4970,0,40,0
4971,0,138,0
4972,0,586,0
4973,0,333,0
4974,0,198,0
4975,0,526,0
4976,0,310,0
4977,0,514,0
4978,0,403,0
4979,0,491,0
4980,0,370,0
4981,0,59,0
4982,0,414,0
4983,0,460,0
4984,0,320,0
4985,0,179,0
4986,0,468,0
4987,0,538,0
4988,0,88,0
4989,0,7,0
4990,0,451,0
4991,0,550,0
4992,0,335,0
4993,0,56,0
4994,0,132,0
4995,0,167,0
4996,0,9,0
4997,0,69,0
4998,0,533,0
4999,0,170,0
5000,0,511,0
5001,0,494,0
5002,0,564,0
5003,0,505,0
5004,0,407,0
5005,0,419,0
5006,0,85,0
5007,0,293,0
5008,0,519,0
5009,0,101,0
5010,0,565,0
5011,0,196,0
5012,0,188,0
5013,0,614,0
5014,0,27,0
5015,0,217,0
5016,0,32,0
5017,0,30,0
5018,0,91,0
5019,0,342,0
5020,0,608,0
5021,0,239,0
5022,0,271,0
5023,0,537,0
5024,0,350,0
5025,0,70,0
5026,0,579,0
5027,0,549,0
5028,0,109,0
5029,0,364,0
5030,0,463,0
5031,0,445,0
5032,0,351,0
5033,0,321,0
5034,0,246,0
5035,0,329,0
5036,0,96,0
5037,0,295,0
5038,0,277,0
5039,0,154,0
5040,0,114,0
5041,0,73,0
5042,0,97,0
5043,0,604,0
5044,0,475,0
5045,0,285,0
5046,0,249,0
5047,0,545,0
5048,0,63,0
5049,0,1,0
5050,0,201,0
5051,0,528,0
5052,0,41,0
5053,0,237,0
5054,0,522,0
5055,0,139,0
5056,0,433,0
5057,0,513,0
5058,0,516,0
5059,0,447,0
5060,0,199,0
5061,0,472,0
5062,0,405,0
5063,0,65,0
5064,0,278,0
5065,0,517,0
5066,0,176,0
5067,0,15,0
5068,0,605,0
5069,0,481,0
5070,0,161,0
5071,0,422,0
5072,0,454,0
5073,0,568,0
5074,0,413,0
5075,0,250,0
5076,0,465,0
5077,0,118,0
5078,0,240,0
5079,0,595,0
5080,0,213,0
5081,0,13,0
5082,0,173,0
5083,0,512,0
5084,0,590,0
5085,0,71,0
5086,0,291,0
5087,0,456,0
5088,0,488,0
5089,0,214,0
5090,0,486,0
5091,0,141,0
5092,0,45,0
5093,0,353,0
5094,0,248,0
5095,0,131,0
5096,0,337,0
5097,0,593,0
5098,0,442,0
5099,0,354,0
5100,0,281,0
5101,0,388,0
5102,0,441,0
5103,0,270,0
5104,0,53,0
5105,0,448,0
5106,0,630,0
5107,0,163,0
5108,0,474,0
5109,0,221,0
5110,0,104,0
5111,0,555,0
5112,0,510,0
5113,0,621,0
5114,0,134,0
5115,0,302,0
5116,0,187,0
5117,0,234,0
5118,0,374,0
5119,0,137,0
5120,0,292,0
5121,0,4,0
5122,0,429,0
5123,0,82,0
5124,0,165,0
5125,0,47,0
5126,0,255,0
5127,0,563,0
5128,0,371,0
5129,0,284,0
5130,0,592,0
5131,0,603,0
5132,0,500,0
5133,0,158,0
5134,0,338,0
5135,0,14,0
5136,0,521,0
5137,0,305,0
5138,0,33,0
5139,0,509,0
5140,0,476,0
5141,0,484,0
5142,0,409,0
5143,0,541,0
5144,0,94,0
5145,0,558,0
5146,0,611,0
5147,0,459,0
5148,0,193,0
5149,0,572,0
5150,0,322,0
5151,0,274,0
5152,0,21,0
5153,0,61,0
5154,0,507,0
5155,0,42,0
5156,0,290,0
5157,0,25,0
5158,0,530,0
5159,0,372,0
5160,0,402,0
5161,0,121,0
5162,0,457,0
5163,0,557,0
5164,0,458,0
5165,0,567,0
5166,0,535,0
5167,0,334,0
5168,0,431,0
5169,0,280,0
5170,0,145,0
5171,0,536,0
5172,0,129,0
5173,0,189,0
5174,0,518,0
5175,0,527,0
5176,0,573,0
5177,0,352,0
5178,0,482,0
5179,0,584,0
5180,0,362,0
5181,0,622,0
5182,0,312,0
5183,0,127,0
5184,0,211,0
5185,0,479,0
5186,0,52,0
5187,0,326,0
5188,0,574,0
5189,0,190,0
5190,0,381,0
5191,0,631,0
5192,0,410,0
5193,0,102,0
5194,0,79,0
5195,0,174,0
5196,0,93,0
5197,0,400,0
5198,0,8,0
5199,0,464,0
5200,0,226,0
5201,0,184,0
5202,0,160,0
5203,0,561,0
5204,0,466,0
5205,0,581,0
5206,0,492,0
5207,0,314,0
5208,0,262,0
5209,0,428,0
5210,0,225,0
5211,0,203,0
5212,0,363,0
5213,0,390,0
5214,0,303,0
5215,0,247,0
5216,0,418,0
5217,0,222,0
5218,0,273,0
5219,0,501,0
5220,0,148,0
5221,0,560,0
5222,0,315,0
5223,0,327,0
5224,0,358,0
5225,0,415,0
5226,0,195,0
5227,0,580,0
5228,0,462,0
5229,0,497,0
5230,0,443,0
5231,0,146,0
5232,0,60,0
5233,0,279,0
5234,0,197,0
5235,0,455,0
5236,0,583,0
5237,0,100,0
5238,0,254,0
5239,0,229,0
5240,0,75,0
5241,0,86,0
5242,0,483,0
5243,0,130,0
5244,0,11,0
5245,0,38,0
5246,0,263,0
5247,0,478,0
5248,0,159,0
5249,0,602,0
5250,0,116,0
5251,0,587,0
5252,0,367,0
5253,0,166,0
5254,0,406,0
5255,0,559,0
5256,0,253,0
5257,0,440,0
5258,0,92,0
5259,0,376,0
5260,0,393,0
5261,0,46,0
5262,0,361,0
5263,0,543,0
5264,0,395,0
5265,0,115,0
5266,0,143,0
5267,0,330,0
5268,0,615,0
5269,0,227,0
5270,0,542,0
5271,0,386,0
5272,0,399,0
5273,0,325,0
5274,0,515,0
5275,0,425,0
5276,0,618,0
5277,0,502,0
5278,0,452,0
5279,0,269,0
5280,0,360,0
5281,0,111,0
5282,0,106,0
5283,0,577,0
5284,0,598,0
5285,0,477,0
5286,0,384,0
5287,0,487,0
5288,0,316,0
5289,0,297,0
5290,0,283,0
5291,0,301,0
5292,0,122,0
5293,0,20,0
5294,0,332,0
5295,0,423,0
5296,0,387,0
5297,0,219,0
5298,0,164,0
5299,0,616,0
5300,0,368,0
5301,0,230,0
5302,0,412,0
5303,0,343,0
5304,0,123,0
5305,0,162,0
5306,0,287,0
5307,0,256,0
5308,0,34,0
5309,0,242,0
5310,0,427,0
5311,0,107,0
5312,0,324,0
5313,0,36,0
5314,0,55,0
5315,0,117,0
5316,0,626,0
5317,0,357,0
5318,0,128,0
5319,0,207,0
5320,0,212,0
5321,0,300,0
5322,0,267,0
5323,0,48,0
5324,0,331,0
5325,0,209,0
5326,0,80,0
5327,0,178,0
5328,0,355,0
5329,0,298,0
5330,0,49,0
5331,0,529,0
5332,0,153,0
5333,0,81,0
5334,0,26,0
5335,0,467,0
5336,0,28,0
5337,0,504,0
5338,0,309,0
5339,0,136,0
5340,0,470,0
5341,0,613,0
5342,0,244,0
5343,0,552,0
5344,0,493,0
5345,12,354,0
5346,12,455,0
5347,12,392,0
5348,12,92,0
5349,12,410,0
5350,12,68,0
5351,12,151,0
5352,12,370,0
5353,12,30,0
5354,12,546,0
5355,12,568,0
5356,12,130,0
5357,12,93,0
5358,12,225,0
5359,12,525,0
5360,12,136,0
5361,12,74,0
5362,12,393,0
5363,12,33,0
5364,12,166,0
5365,12,556,0
5366,12,95,0
5367,12,53,0
5368,12,488,0
5369,12,305,0
5370,12,239,0
5371,12,315,0
5372,12,547,0
5373,12,380,0
5374,12,453,0
5375,12,356,0
5376,12,464,0
5377,12,520,0
5378,12,229,0
5379,12,482,0
5380,12,499,0
5381,12,351,0
5382,12,7,0
5383,12,255,0
5384,12,103,0
5385,12,306,0
5386,12,565,0
5387,12,205,0
5388,12,196,0
5389,12,335,0
5390,12,167,0
5391,12,183,0
5392,12,415,0
5393,12,143,0
5394,12,227,0
5395,12,211,0
5396,12,459,0
5397,12,278,0
5398,12,191,0
5399,12,142,0
5400,12,477,0
5401,12,107,0
5402,12,209,0
5403,12,177,0
5404,12,444,0
5405,12,342,0
5406,12,440,0
5407,12,515,0
5408,12,325,0
5409,12,292,0
5410,12,406,0
5411,12,480,0
5412,12,270,0
5413,12,71,0
5414,12,368,0
5415,12,605,0
5416,12,534,0
5417,12,41,0
5418,12,296,0
5419,12,503,0
5420,12,172,0
5421,12,31,0
5422,12,108,0
5423,12,280,0
5424,12,308,0
5425,12,111,0
5426,12,200,0
5427,12,481,0
5428,12,388,0
5429,12,346,0
5430,12,299,0
5431,12,84,0
5432,12,131,0
5433,12,289,0
5434,12,203,0
5435,12,38,0
5436,12,307,0
5437,12,457,0
5438,12,400,0
5439,12,445,0
5440,12,198,0
5441,12,595,0
5442,12,155,0
5443,12,215,0
5444,12,336,0
5445,12,52,0
5446,12,159,0
5447,12,137,0
5448,12,150,0
5449,12,419,0
5450,12,375,0
5451,12,314,0
5452,12,223,0
5453,12,285,0
5454,12,97,0
5455,12,222,0
5456,12,566,0
5457,12,45,0
5458,12,250,0
5459,12,409,0
5460,12,433,0
5461,12,48,0
5462,12,286,0
5463,12,206,0
5464,12,339,0
5465,12,562,0
5466,12,138,0
5467,12,396,0
5468,12,262,0
5469,12,139,0
5470,12,80,0
5471,12,192,0
5472,12,16,0
5473,12,391,0
5474,12,438,0
5475,12,362,0
5476,12,259,0
5477,12,519,0
5478,12,5,0
5479,12,274,0
5480,12,613,0
5481,12,379,0
5482,12,594,0
5483,12,39,0
5484,12,42,0
5485,12,327,0
5486,12,424,0
5487,12,414,0
5488,12,32,0
5489,12,549,0
5490,12,149,0
5491,12,237,0
5492,12,156,0
5493,12,606,0
5494,12,106,0
5495,12,581,0
5496,12,622,0
5497,12,67,0
5498,12,422,0
5499,12,349,0
5500,12,417,0
5501,12,341,0
5502,12,312,0
5503,12,502,0
5504,12,509,0
5505,12,170,0
5506,12,610,0
5507,12,332,0
5508,12,37,0
5509,12,316,0
5510,12,214,0
5511,12,353,0
5512,12,458,0
5513,12,399,0
5514,12,418,0
5515,12,468,0
5516,12,59,0
5517,12,583,0
5518,12,586,0
5519,12,11,0
5520,12,507,0
5521,12,508,0
5522,12,253,0
5523,12,471,0
5524,12,563,0
5525,12,483,0
5526,12,386,0
5527,12,495,0
5528,12,221,0
5529,12,541,0
5530,12,448,0
5531,12,425,0
5532,12,36,0
5533,12,529,0
5534,12,532,0
5535,12,492,0
5536,12,564,0
5537,12,585,0
5538,12,301,0
5539,12,189,0
5540,12,243,0
5541,12,582,0
5542,12,334,0
5543,12,162,0
5544,12,281,0
5545,12,626,0
5546,12,394,0
5547,12,326,0
5548,12,310,0
5549,12,624,0
5550,12,571,0
5551,12,77,0
5552,12,89,0
5553,12,193,0
5554,12,55,0
5555,12,165,0
5556,12,430,0
5557,12,496,0
5558,12,329,0
5559,12,553,0
5560,12,367,0
5561,12,412,0
5562,12,421,0
5563,12,470,0
5564,12,389,0
5565,12,8,0
5566,12,302,0
5567,12,467,0
5568,12,186,0
5569,12,548,0
5570,12,533,0
5571,12,441,0
5572,12,374,0
5573,12,531,0
5574,12,590,0
5575,12,171,0
5576,12,460,0
5577,12,377,0
5578,12,630,0
5579,12,242,0
5580,12,401,0
5581,12,524,0
5582,12,322,0
5583,12,579,0
5584,12,294,0
5585,12,258,0
5586,12,607,0
5587,12,539,0
5588,12,570,0
5589,12,298,0
5590,12,127,0
5591,12,561,0
5592,12,330,0
5593,12,602,0
5594,12,428,0
5595,12,587,0
5596,12,210,0
5597,12,188,0
5598,12,450,0
5599,12,462,0
5600,12,578,0
5601,12,489,0
5602,12,257,0
5603,12,616,0
5604,12,357,0
5605,12,358,0
5606,12,378,0
5607,12,248,0
5608,12,18,0
5609,12,168,0
5610,12,527,0
5611,12,372,0
5612,12,197,0
5613,12,295,0
5614,12,408,0
5615,80,472,0
5616,80,477,0
5617,80,610,0
5618,80,528,0
5619,80,291,0
5620,80,154,0
5621,80,559,0
5622,80,255,0
5623,80,519,0
5624,80,146,0
5625,80,47,0
5626,80,162,0
5627,80,161,0
5628,80,584,0
5629,80,136,0
5630,80,396,0
5631,80,316,0
5632,80,445,0
5633,80,342,0
5634,80,609,0
5635,80,183,0
5636,80,492,0
5637,80,293,0
5638,80,382,0
5639,80,94,0
5640,80,99,0
5641,80,267,0
5642,80,61,0
5643,80,63,0
5644,80,317,0
5645,80,152,0
5646,80,193,0
5647,80,192,0
5648,80,604,0
5649,80,615,0
5650,80,560,0
5651,80,336,0
5652,80,294,0
5653,80,399,0
5654,80,93,0
5655,80,462,0
5656,80,130,0
5657,80,229,0
5658,80,275,0
5659,80,631,0
5660,80,439,0
5661,80,32,0
5662,80,594,0
5663,80,122,0
5664,80,321,0
5665,80,458,0
5666,80,607,0
5667,80,354,0
5668,80,234,0
5669,80,424,0
5670,80,355,0
5671,80,133,0
5672,80,555,0
5673,80,431,0
5674,80,269,0
5675,80,179,0
5676,80,367,0
5677,80,155,0
5678,80,585,0
5679,80,258,0
5680,80,271,0
5681,80,128,0
5682,80,163,0
5683,80,546,0
5684,80,482,0
5685,80,200,0
5686,80,583,0
5687,80,49,0
5688,80,160,0
5689,80,534,0
5690,80,517,0
5691,80,142,0
5692,80,220,0
5693,80,370,0
5694,80,347,0
5695,80,139,0
5696,80,393,0
5697,80,582,0
5698,80,264,0
5699,80,88,0
5700,80,624,0
5701,80,123,0
5702,80,51,0
5703,80,218,0
5704,80,268,0
5705,80,243,0
5706,80,3,0
5707,80,104,0
5708,80,568,0
5709,80,463,0
5710,80,79,0
5711,80,613,0
5712,80,150,0
5713,80,309,0
5714,80,289,0
5715,80,483,0
5716,80,334,0
5717,80,313,0
5718,80,257,0
5719,80,547,0
5720,80,70,0
5721,80,378,0
5722,80,266,0
5723,80,587,0
5724,80,304,0
5725,80,105,0
5726,80,493,0
5727,80,288,0
5728,80,352,0
5729,80,394,0
5730,80,149,0
5731,80,39,0
5732,80,468,0
5733,80,565,0
5734,80,67,0
5735,80,148,0
5736,80,4,0
5737,80,438,0
5738,80,144,0
5739,80,464,0
5740,80,440,0
5741,80,340,0
5742,80,591,0
5743,80,362,0
5744,80,616,0
5745,80,552,0
5746,80,307,0
5747,80,209,0
5748,80,411,0
5749,80,106,0
5750,80,359,0
5751,80,503,0
5752,80,182,0
5753,80,305,0
5754,80,385,0
5755,80,446,0
5756,80,513,0
5757,80,476,0
5758,80,96,0
5759,80,509,0
5760,80,159,0
5761,80,383,0
5762,80,208,0
5763,80,54,0
5764,80,173,0
5765,80,215,0
5766,80,373,0
5767,80,363,0
5768,80,531,0
5769,80,75,0
5770,80,501,0
5771,80,467,0
5772,80,281,0
5773,80,511,0
5774,80,443,0
5775,80,432,0
5776,80,625,0
5777,80,30,0
5778,80,566,0
5779,80,279,0
5780,80,98,0
5781,80,312,0
5782,80,379,0
5783,80,415,0
5784,80,166,0
5785,80,365,0
5786,80,121,0
5787,80,444,0
5788,80,205,0
5789,80,416,0
5790,80,395,0
5791,80,273,0
5792,80,244,0
5793,80,550,0
5794,80,401,0
5795,80,581,0
5796,80,31,0
5797,80,124,0
5798,80,596,0
5799,80,620,0
5800,80,42,0
5801,80,85,0
5802,80,335,0
5803,80,277,0
5804,80,597,0
5805,80,479,0
5806,80,18,0
5807,80,53,0
5808,80,286,0
5809,80,455,0
5810,80,92,0
5811,80,120,0
5812,80,422,0
5813,80,497,0
5814,80,261,0
5815,80,147,0
5816,80,287,0
5817,80,512,0
5818,80,91,0
5819,80,442,0
5820,80,52,0
5821,80,350,0
5822,80,21,0
5823,80,184,0
5824,80,419,0
5825,80,480,0
5826,80,169,0
5827,80,37,0
5828,80,270,0
5829,80,629,0
5830,80,224,0
5831,80,213,0
5832,80,245,0
5833,80,408,0
5834,80,535,0
5835,80,11,0
5836,80,301,0
5837,80,598,0
5838,80,24,0
5839,80,601,0
5840,80,538,0
5841,80,219,0
5842,80,306,0
5843,80,290,0
5844,80,435,0
5845,80,265,0
5846,80,116,0
5847,80,344,0
5848,80,567,0
5849,80,496,0
5850,80,542,0
5851,80,405,0
5852,80,500,0
5853,80,332,0
5854,80,171,0
5855,80,216,0
5856,80,375,0
5857,80,228,0
5858,80,87,0
5859,80,71,0
5860,80,434,0
5861,80,460,0
5862,80,387,0
5863,80,430,0
5864,80,343,0
5865,80,372,0
5866,80,630,0
5867,80,327,0
5868,80,22,0
5869,80,368,0
5870,80,278,0
5871,80,33,0
5872,80,254,0
5873,80,545,0
5874,80,115,0
5875,80,502,0
5876,80,426,0
5877,80,349,0
5878,80,322,0
5879,80,204,0
5880,80,187,0
5881,80,525,0
5882,80,284,0
5883,80,285,0
5884,80,295,0
5885,80,5,0
5886,80,19,0
5887,80,251,0
5888,80,41,0
5889,80,59,0
5890,80,470,0
5891,80,417,0
5892,80,310,0
5893,80,553,0
5894,80,302,0
5895,80,337,0
5896,80,110,0
5897,80,506,0
5898,80,89,0
5899,80,111,0
5900,80,242,0
5901,80,409,0
5902,80,481,0
5903,80,9,0
5904,80,473,0
5905,80,564,0
5906,80,77,0
5907,80,554,0
5908,80,530,0
5909,80,505,0
5910,80,64,0
5911,80,186,0
5912,80,485,0
5913,80,484,0
5914,80,486,0
5915,80,390,0
5916,80,135,0
5917,80,131,0
5918,80,326,0
5919,80,232,0
5920,80,520,0
5921,80,58,0
5922,80,239,0
5923,80,191,0
5924,80,330,0
5925,80,194,0
5926,80,346,0
5927,80,180,0
5928,80,536,0
5929,80,246,0
5930,80,250,0
5931,80,185,0
5932,80,619,0
5933,80,454,0
5934,80,410,0
5935,80,447,0
5936,80,167,0
5937,80,418,0
5938,80,69,0
5939,80,404,0
5940,80,259,0
5941,80,388,0
5942,80,62,0
5943,80,532,0
5944,80,134,0
5945,80,74,0
5946,80,195,0
5947,80,6,0
5948,80,487,0
5949,80,356,0
5950,80,325,0
5951,80,76,0
5952,80,488,0
5953,80,524,0
5954,80,282,0
5955,80,168,0
5956,80,573,0
5957,80,176,0
5958,80,433,0
5959,80,25,0
5960,80,214,0
5961,80,230,0
5962,80,196,0
5963,80,465,0
5964,80,461,0
5965,80,2,0
5966,80,593,0
5967,80,407,0
5968,80,590,0
5969,80,611,0
5970,80,203,0
5971,80,175,0
5972,80,303,0
5973,80,369,0
5974,80,586,0
5975,80,414,0
5976,80,210,0
5977,80,392,0
5978,80,429,0
5979,80,1,0
5980,80,40,0
5981,80,571,0
5982,80,627,0
5983,80,240,0
5984,80,143,0
5985,80,475,0
5986,80,190,0
5987,80,548,0
5988,80,23,0
5989,80,563,0
5990,80,233,0
5991,80,588,0
5992,80,529,0
5993,80,614,0
5994,80,450,0
5995,80,198,0
5996,80,526,0
5997,80,406,0
5998,80,469,0
5999,80,364,0
6000,80,78,0
6001,80,319,0
6002,80,68,0
6003,80,377,0
6004,80,272,0
6005,80,84,0
6006,80,296,0
6007,80,543,0
6008,80,466,0
6009,80,156,0
6010,80,34,0
6011,80,127,0
6012,80,126,0
6013,80,358,0
6014,80,580,0
6015,80,603,0
6016,80,577,0
6017,80,602,0
6018,80,212,0
6019,80,236,0
6020,80,138,0
6021,80,515,0
6022,80,81,0
6023,80,211,0
6024,80,36,0
6025,80,527,0
6026,80,345,0
6027,80,348,0
6028,80,43,0
6029,80,504,0
6030,80,341,0
6031,80,274,0
6032,80,533,0
6033,83,467,0
6034,83,235,0
6035,83,523,0
6036,83,392,0
6037,83,480,0
6038,83,328,0
6039,83,90,0
6040,83,60,0
6041,83,591,0
6042,83,421,0
6043,83,111,0
6044,83,109,0
6045,83,385,0
6046,83,191,0
6047,83,352,0
6048,83,159,0
6049,83,631,0
6050,83,608,0
6051,83,49,0
6052,83,35,0
6053,83,164,0
6054,83,479,0
6055,83,239,0
6056,83,589,0
6057,83,136,0
6058,83,454,0
6059,83,59,0
6060,83,463,0
6061,83,393,0
6062,83,75,0
6063,83,242,0
6064,83,366,0
6065,83,630,0
6066,83,405,0
6067,83,567,0
6068,83,295,0
6069,83,498,0
6070,83,494,0
6071,83,586,0
6072,83,450,0
6073,83,125,0
6074,83,122,0
6075,83,150,0
6076,83,234,0
6077,83,387,0
6078,83,152,0
6079,83,261,0
6080,83,597,0
6081,83,172,0
6082,83,335,0
6083,83,1,0
6084,83,219,0
6085,83,315,0
6086,83,277,0
6087,83,593,0
6088,83,417,0
6089,83,89,0
6090,83,576,0
6091,83,513,0
6092,83,158,0
6093,83,282,0
6094,83,167,0
6095,83,120,0
6096,83,539,0
6097,83,500,0
6098,83,363,0
6099,83,139,0
6100,83,290,0
6101,83,414,0
6102,83,449,0
6103,83,587,0
6104,83,459,0
6105,83,197,0
6106,83,287,0
6107,83,455,0
6108,83,217,0
6109,83,588,0
6110,83,124,0
6111,83,259,0
6112,83,556,0
6113,83,209,0
6114,83,382,0
6115,83,408,0
6116,83,490,0
6117,83,413,0
6118,83,478,0
6119,83,288,0
6120,83,19,0
6121,83,119,0
6122,83,165,0
6123,83,485,0
6124,83,268,0
6125,83,327,0
6126,83,518,0
6127,83,348,0
6128,83,48,0
6129,83,615,0
6130,83,507,0
6131,83,113,0
6132,83,442,0
6133,83,263,0
6134,83,292,0
6135,83,354,0
6136,83,205,0
6137,83,117,0
6138,83,461,0
6139,83,460,0
6140,83,554,0
6141,83,360,0
6142,83,579,0
6143,83,73,0
6144,83,537,0
6145,83,412,0
6146,83,397,0
6147,83,470,0
6148,83,190,0
6149,83,50,0
6150,83,271,0
6151,83,300,0
6152,83,155,0
6153,83,9,0
6154,83,123,0
6155,83,2,0
6156,83,8,0
6157,83,6,0
6158,83,37,0
6159,83,127,0
6160,83,45,0
6161,83,344,0
6162,83,559,0
6163,83,68,0
6164,83,254,0
6165,83,524,0
6166,83,374,0
6167,83,476,0
6168,83,306,0
6169,83,345,0
6170,83,36,0
6171,83,230,0
6172,83,347,0
6173,83,395,0
6174,83,170,0
6175,83,156,0
6176,83,192,0
6177,83,310,0
6178,83,419,0
6179,83,100,0
6180,83,432,0
6181,83,203,0
6182,83,506,0
6183,83,189,0
6184,83,299,0
6185,83,302,0
6186,83,284,0
6187,83,129,0
6188,83,110,0
6189,83,93,0
6190,83,64,0
6191,83,351,0
6192,83,338,0
6193,83,99,0
6194,83,252,0
6195,83,324,0
6196,83,333,0
6197,83,530,0
6198,83,546,0
6199,83,62,0
6200,83,57,0
6201,83,294,0
6202,83,27,0
6203,83,102,0
6204,83,384,0
6205,83,44,0
6206,83,599,0
6207,83,551,0
6208,83,426,0
6209,83,497,0
6210,83,173,0
6211,83,16,0
6212,83,130,0
6213,83,416,0
6214,83,94,0
6215,83,407,0
6216,83,346,0
6217,83,581,0
6218,83,178,0
6219,83,368,0
6220,83,106,0
6221,83,215,0
6222,83,319,0
6223,83,115,0
6224,83,625,0
6225,83,594,0
6226,83,265,0
6227,83,232,0
6228,83,76,0
6229,83,177,0
6230,83,264,0
6231,83,104,0
6232,83,321,0
6233,83,531,0
6234,83,116,0
6235,83,135,0
6236,83,620,0
6237,83,289,0
6238,83,584,0
6239,83,358,0
6240,83,148,0
6241,83,339,0
6242,83,162,0
6243,83,69,0
6244,83,262,0
6245,83,357,0
6246,83,477,0
6247,83,128,0
6248,83,258,0
6249,83,331,0
6250,83,616,0
6251,83,174,0
6252,83,600,0
6253,83,269,0
6254,83,435,0
6255,83,161,0
6256,83,420,0
6257,83,88,0
6258,83,91,0
6259,83,552,0
6260,83,194,0
6261,83,311,0
6262,83,65,0
6263,83,614,0
6264,83,541,0
6265,83,429,0
6266,83,515,0
6267,83,511,0
6268,83,448,0
6269,83,601,0
6270,83,489,0
6271,83,453,0
6272,83,602,0
6273,83,456,0
6274,83,548,0
6275,83,604,0
6276,83,568,0
6277,83,609,0
6278,83,482,0
6279,83,471,0
6280,83,280,0
6281,83,183,0
6282,83,216,0
6283,83,342,0
6284,83,195,0
6285,83,543,0
6286,83,574,0
6287,83,243,0
6288,83,557,0
6289,83,3,0
6290,83,529,0
6291,83,528,0
6292,83,15,0
6293,83,566,0
6294,83,121,0
6295,83,210,0
6296,83,204,0
6297,83,617,0
6298,83,301,0
6299,83,536,0
6300,83,275,0
6301,83,72,0
6302,83,555,0
6303,83,147,0
6304,83,362,0
6305,83,63,0
6306,83,626,0
6307,83,621,0
6308,83,272,0
6309,83,32,0
6310,83,244,0
6311,83,438,0
6312,83,198,0
6313,83,628,0
6314,83,245,0
6315,83,314,0
6316,83,55,0
6317,83,558,0
6318,83,223,0
6319,83,386,0
6320,83,53,0
6321,83,369,0
6322,83,431,0
6323,83,430,0
6324,83,199,0
6325,83,326,0
6326,83,381,0
6327,83,163,0
6328,83,547,0
6329,83,309,0
6330,83,418,0
6331,83,571,0
6332,83,361,0
6333,83,441,0
6334,83,525,0
6335,83,202,0
6336,83,472,0
6337,83,229,0
6338,83,401,0
6339,83,437,0
6340,96,606,0
6341,96,420,0
6342,96,416,0
6343,96,298,0
6344,96,221,0
6345,96,237,0
6346,96,593,0
6347,96,532,0
6348,96,614,0
6349,96,349,0
6350,96,448,0
6351,96,429,0
6352,96,122,0
6353,96,89,0
6354,96,39,0
6355,96,197,0
6356,96,45,0
6357,96,574,0
6358,96,531,0
6359,96,509,0
6360,96,105,0
6361,96,16,0
6362,96,624,0
6363,96,536,0
6364,96,52,0
6365,96,499,0
6366,96,259,0
6367,96,385,0
6368,96,126,0
6369,96,307,0
6370,96,137,0
6371,96,325,0
6372,96,553,0
6373,96,292,0
6374,96,471,0
6375,96,87,0
6376,96,11,0
6377,96,138,0
6378,96,453,0
6379,96,380,0
6380,96,216,0
6381,96,479,0
6382,96,276,0
6383,96,265,0
6384,96,178,0
6385,96,316,0
6386,96,159,0
6387,96,263,0
6388,96,148,0
6389,96,289,0
6390,96,204,0
6391,96,213,0
6392,96,382,0
6393,96,310,0
6394,96,8,0
6395,96,547,0
6396,96,305,0
6397,96,203,0
6398,125,274,0
6399,125,434,0
6400,125,509,0
6401,125,388,0
6402,125,385,0
6403,125,90,0
6404,125,264,0
6405,125,8,0
6406,125,515,0
6407,125,349,0
6408,125,213,0
6409,125,263,0
6410,125,195,0
6411,125,530,0
6412,125,622,0
6413,125,302,0
6414,125,503,0
6415,125,366,0
6416,125,484,0
6417,125,581,0
6418,125,202,0
6419,125,247,0
6420,125,568,0
6421,125,572,0
6422,125,376,0
6423,125,63,0
6424,125,1,0
6425,125,67,0
6426,125,563,0
6427,125,499,0
6428,125,347,0
6429,125,382,0
6430,125,625,0
6431,125,182,0
6432,125,390,0
6433,125,39,0
6434,125,482,0
6435,125,276,0
6436,125,74,0
6437,125,534,0
6438,125,315,0
6439,125,535,0
6440,125,334,0
6441,125,248,0
6442,125,22,0
6443,125,236,0
6444,125,358,0
6445,125,325,0
6446,125,220,0
6447,125,48,0
6448,125,454,0
6449,125,328,0
6450,125,410,0
6451,125,597,0
6452,125,477,0
6453,125,441,0
6454,125,265,0
6455,125,126,0
6456,125,186,0
6457,125,305,0
6458,125,221,0
6459,125,59,0
6460,125,78,0
6461,125,298,0
6462,125,559,0
6463,125,483,0
6464,125,25,0
6465,125,351,0
6466,125,344,0
6467,125,455,0
6468,125,230,0
6469,125,50,0
6470,125,135,0
6471,125,289,0
6472,125,212,0
6473,125,374,0
6474,125,570,0
6475,125,211,0
6476,125,142,0
6477,125,613,0
6478,125,87,0
6479,125,531,0
6480,125,630,0
6481,125,179,0
6482,125,145,0
6483,125,33,0
6484,125,72,0
6485,125,28,0
6486,125,257,0
6487,125,525,0
6488,125,237,0
6489,125,203,0
6490,125,541,0
6491,125,46,0
6492,125,314,0
6493,125,148,0
6494,125,45,0
6495,125,260,0
6496,125,137,0
6497,125,52,0
6498,125,143,0
6499,125,16,0
6500,125,574,0
6501,125,532,0
6502,125,380,0
6503,125,474,0
6504,125,206,0
6505,125,393,0
6506,125,600,0
6507,125,49,0
6508,125,456,0
6509,125,197,0
6510,125,51,0
6511,125,183,0
6512,125,564,0
6513,125,624,0
6514,125,204,0
6515,125,141,0
6516,125,290,0
6517,125,520,0
6518,125,85,0
6519,145,630,0
6520,145,460,0
6521,145,44,0
6522,145,185,0
6523,145,234,0
6524,145,111,0
6525,145,32,0
6526,145,475,0
6527,145,568,0
6528,145,558,0
6529,145,581,0
6530,145,598,0
6531,145,474,0
6532,145,458,0
6533,145,421,0
6534,145,482,0
6535,145,590,0
6536,145,78,0
6537,145,338,0
6538,145,99,0
6539,145,604,0
6540,145,48,0
6541,145,144,0
6542,145,533,0
6543,145,182,0
6544,145,351,0
6545,145,422,0
6546,145,8,0
6547,145,154,0
6548,145,327,0
6549,145,424,0
6550,145,582,0
6551,145,461,0
6552,145,379,0
6553,145,448,0
6554,145,613,0
6555,145,77,0
6556,145,280,0
6557,145,69,0
6558,145,453,0
6559,145,585,0
6560,145,142,0
6561,145,207,0
6562,145,168,0
6563,145,88,0
6564,145,237,0
6565,145,518,0
6566,145,337,0
6567,145,92,0
6568,145,100,0
6569,145,317,0
6570,145,249,0
6571,145,135,0
6572,145,248,0
6573,145,404,0
6574,145,587,0
6575,145,257,0
6576,145,607,0
6577,145,513,0
6578,145,483,0
6579,145,84,0
6580,145,456,0
6581,145,552,0
6582,145,487,0
6583,145,263,0
6584,145,446,0
6585,145,361,0
6586,145,49,0
6587,145,348,0
6588,145,565,0
6589,145,586,0
6590,145,65,0
6591,145,186,0
6592,145,295,0
6593,145,462,0
6594,145,171,0
6595,145,319,0
6596,145,411,0
6597,145,163,0
6598,145,468,0
6599,145,550,0
6600,145,20,0
6601,145,188,0
6602,145,353,0
6603,145,600,0
6604,145,223,0
6605,145,104,0
6606,145,178,0
6607,145,332,0
6608,145,197,0
6609,145,83,0
6610,145,46,0
6611,145,216,0
6612,145,374,0
6613,145,3,0
6614,145,477,0
6615,145,86,0
6616,145,443,0
6617,145,357,0
6618,145,362,0
6619,145,399,0
6620,145,137,0
6621,145,431,0
6622,145,602,0
6623,145,213,0
6624,145,572,0
6625,145,97,0
6626,145,537,0
6627,145,310,0
6628,145,434,0
6629,145,367,0
6630,145,267,0
6631,145,158,0
6632,145,502,0
6633,145,476,0
6634,145,538,0
6635,145,316,0
6636,145,230,0
6637,145,191,0
6638,145,228,0
6639,145,210,0
6640,145,524,0
6641,145,470,0
6642,145,131,0
6643,145,485,0
6644,145,172,0
6645,145,33,0
6646,145,514,0
6647,145,87,0
6648,145,60,0
6649,145,619,0
6650,145,360,0
6651,145,454,0
6652,145,617,0
6653,145,381,0
6654,145,352,0
6655,145,275,0
6656,145,241,0
6657,145,380,0
6658,145,85,0
6659,145,260,0
6660,145,89,0
6661,145,463,0
6662,145,42,0
6663,145,212,0
6664,145,11,0
6665,145,262,0
6666,145,416,0
6667,145,371,0
6668,145,363,0
6669,145,402,0
6670,145,401,0
6671,145,179,0
6672,145,307,0
6673,145,276,0
6674,145,138,0
6675,145,608,0
6676,145,403,0
6677,145,206,0
6678,145,102,0
6679,145,34,0
6680,145,303,0
6681,145,465,0
6682,145,373,0
6683,145,610,0
6684,145,283,0
6685,145,1,0
6686,145,132,0
6687,145,515,0
6688,145,39,0
6689,145,157,0
6690,145,333,0
6691,145,326,0
6692,145,120,0
6693,145,222,0
6694,145,109,0
6695,145,254,0
6696,145,529,0
6697,145,383,0
6698,145,536,0
6699,145,358,0
6700,145,588,0
6701,145,427,0
6702,145,372,0
6703,145,190,0
6704,145,336,0
6705,145,290,0
6706,145,80,0
6707,145,548,0
6708,145,91,0
6709,145,184,0
6710,145,269,0
6711,145,574,0
6712,145,438,0
6713,145,377,0
6714,145,484,0
6715,145,442,0
6716,145,68,0
6717,145,63,0
6718,145,324,0
6719,145,576,0
6720,145,127,0
6721,145,28,0
6722,145,346,0
6723,145,187,0
6724,145,519,0
6725,145,51,0
6726,145,368,0
6727,145,38,0
6728,145,112,0
6729,145,264,0
6730,145,9,0
6731,145,37,0
6732,145,418,0
6733,145,504,0
6734,145,268,0
6735,145,183,0
6736,145,623,0
6737,145,425,0
6738,145,500,0
6739,145,231,0
6740,145,407,0
6741,145,285,0
6742,145,579,0
6743,145,58,0
6744,145,398,0
6745,145,467,0
6746,145,567,0
6747,145,339,0
6748,145,196,0
6749,145,388,0
6750,145,542,0
6751,145,105,0
6752,145,395,0
6753,145,233,0
6754,145,612,0
6755,145,532,0
6756,145,159,0
6757,145,208,0
6758,145,256,0
6759,145,479,0
6760,145,410,0
6761,145,125,0
6762,145,279,0
6763,145,122,0
6764,145,557,0
6765,145,597,0
6766,145,441,0
6767,145,429,0
6768,145,364,0
6769,145,72,0
6770,145,525,0
6771,145,265,0
6772,145,517,0
6773,145,57,0
6774,145,436,0
6775,145,167,0
6776,145,161,0
6777,145,255,0
6778,145,220,0
6779,145,523,0
6780,145,201,0
6781,145,225,0
6782,145,143,0
6783,145,23,0
6784,150,219,0
6785,150,464,0
6786,150,460,0
6787,150,613,0
6788,150,471,0
6789,150,622,0
6790,150,385,0
6791,150,592,0
6792,150,265,0
6793,150,138,0
6794,150,429,0
6795,150,534,0
6796,150,39,0
6797,150,483,0
6798,150,509,0
6799,150,568,0
6800,150,606,0
6801,150,148,0
6802,150,204,0
6803,150,531,0
6804,150,536,0
6805,160,561,0
6806,160,11,0
6807,160,66,0
6808,160,264,0
6809,160,296,0
6810,160,433,0
6811,160,23,0
6812,160,322,0
6813,160,16,0
6814,160,12,0
6815,160,371,0
6816,160,390,0
6817,160,317,0
6818,160,159,0
6819,160,533,0
6820,160,623,0
6821,160,451,0
6822,160,227,0
6823,160,9,0
6824,160,394,0
6825,160,126,0
6826,160,315,0
6827,160,203,0
6828,160,499,0
6829,160,220,0
6830,160,429,0
6831,160,298,0
6832,160,537,0
6833,160,156,0
6834,160,113,0
6835,160,590,0
6836,160,619,0
6837,160,380,0
6838,160,359,0
6839,160,586,0
6840,160,474,0
6841,160,487,0
6842,160,455,0
6843,160,573,0
6844,160,137,0
6845,160,444,0
6846,160,3,0
6847,160,493,0
6848,160,155,0
6849,160,179,0
6850,160,318,0
6851,160,78,0
6852,160,311,0
6853,160,256,0
6854,160,495,0
6855,160,574,0
6856,160,419,0
6857,160,89,0
6858,160,150,0
6859,160,72,0
6860,160,8,0
6861,160,39,0
6862,160,553,0
6863,160,504,0
6864,160,532,0
6865,160,509,0
6866,160,440,0
6867,160,604,0
6868,160,563,0
6869,160,460,0
6870,160,342,0
6871,160,213,0
6872,160,229,0
6873,160,386,0
6874,160,541,0
6875,160,25,0
6876,160,313,0
6877,160,258,0
6878,160,177,0
6879,160,244,0
6880,160,388,0
6881,160,305,0
6882,160,191,0
6883,160,145,0
6884,160,88,0
6885,160,620,0
6886,160,373,0
6887,160,188,0
6888,160,105,0
6889,160,351,0
6890,160,436,0
6891,160,478,0
6892,160,85,0
6893,160,259,0
6894,160,225,0
6895,160,356,0
6896,160,443,0
6897,160,131,0
6898,160,624,0
6899,160,517,0
6900,160,622,0
6901,160,360,0
6902,160,308,0
6903,160,281,0
6904,160,606,0
6905,160,531,0
6906,160,382,0
6907,160,84,0
6908,160,276,0
6909,160,138,0
6910,160,583,0
6911,160,530,0
6912,160,248,0
6913,160,197,0
6914,160,414,0
6915,160,122,0
6916,160,204,0
6917,160,56,0
6918,160,370,0
6919,160,273,0
6920,160,567,0
6921,160,387,0
6922,160,277,0
6923,160,581,0
6924,160,193,0
6925,160,33,0
6926,160,376,0
6927,160,257,0
6928,160,483,0
6929,160,439,0
6930,160,45,0
6931,160,81,0
6932,160,182,0
6933,160,42,0
6934,160,46,0
6935,160,613,0
6936,160,457,0
6937,160,358,0
6938,160,52,0
6939,160,135,0
6940,160,22,0
6941,160,458,0
6942,160,362,0
6943,160,545,0
6944,160,63,0
6945,160,35,0
6946,160,524,0
6947,180,259,0
6948,180,325,0
6949,180,276,0
6950,180,471,0
6951,180,183,0
6952,180,204,0
6953,180,52,0
6954,180,483,0
6955,180,197,0
6956,180,422,0
6957,180,28,0
6958,180,613,0
6959,180,298,0
6960,180,89,0
6961,180,624,0
6962,180,74,0
6963,180,419,0
6964,180,464,0
6965,180,460,0
6966,180,429,0
6967,180,536,0
6968,180,256,0
6969,180,541,0
6970,180,216,0
6971,180,289,0
6972,180,568,0
6973,180,443,0
6974,180,143,0
6975,180,302,0
6976,180,531,0
6977,180,606,0
6978,180,622,0
6979,206,347,0
6980,206,143,0
6981,206,45,0
6982,206,211,0
6983,206,454,0
6984,206,275,0
6985,206,579,0
6986,206,422,0
6987,206,389,0
6988,206,159,0
6989,206,55,0
6990,206,135,0
6991,206,51,0
6992,206,79,0
6993,206,485,0
6994,206,524,0
6995,206,351,0
6996,206,376,0
6997,206,604,0
6998,206,245,0
6999,206,622,0
7000,206,385,0
7001,206,302,0
7002,206,154,0
7003,206,449,0
7004,206,292,0
7005,206,441,0
7006,206,89,0
7007,206,120,0
7008,206,602,0
7009,206,257,0
7010,206,299,0
7011,206,434,0
7012,206,484,0
7013,206,111,0
7014,206,19,0
7015,206,315,0
7016,206,35,0
7017,206,195,0
7018,206,388,0
7019,206,470,0
7020,206,383,0
7021,206,202,0
7022,206,349,0
7023,206,109,0
7024,206,276,0
7025,206,497,0
7026,206,264,0
7027,206,479,0
7028,206,289,0
7029,206,97,0
7030,206,565,0
7031,206,598,0
7032,206,29,0
7033,206,58,0
7034,206,69,0
7035,206,533,0
7036,206,627,0
7037,206,247,0
7038,206,455,0
7039,206,379,0
7040,206,225,0
7041,206,406,0
7042,206,39,0
7043,206,420,0
7044,206,67,0
7045,206,348,0
7046,206,258,0
7047,206,277,0
7048,206,256,0
7049,206,203,0
7050,206,419,0
7051,206,380,0
7052,206,260,0
7053,206,254,0
7054,206,220,0
7055,206,568,0
7056,206,147,0
7057,206,161,0
7058,206,336,0
7059,206,20,0
7060,206,305,0
7061,206,551,0
7062,206,567,0
7063,206,28,0
7064,206,433,0
7065,206,186,0
7066,206,149,0
7067,206,52,0
7068,206,536,0
7069,206,581,0
7070,206,116,0
7071,206,298,0
7072,206,562,0
7073,206,87,0
7074,206,537,0
7075,206,318,0
7076,206,311,0
7077,206,182,0
7078,206,12,0
7079,206,251,0
7080,206,48,0
7081,206,371,0
7082,206,393,0
7083,206,576,0
7084,206,564,0
7085,206,83,0
7086,206,451,0
7087,206,310,0
7088,206,11,0
7089,206,267,0
7090,226,551,0
7091,226,52,0
7092,226,416,0
7093,226,379,0
7094,226,275,0
7095,226,515,0
7096,226,474,0
7097,226,260,0
7098,226,148,0
7099,226,39,0
7100,226,613,0
7101,226,317,0
7102,226,305,0
7103,226,276,0
7104,226,55,0
7105,226,265,0
7106,226,289,0
7107,226,149,0
7108,226,374,0
7109,226,606,0
7110,226,204,0
7111,226,218,0
7112,226,154,0
7113,226,441,0
7114,226,137,0
7115,226,89,0
7116,226,203,0
7117,226,564,0
7118,226,159,0
7119,226,531,0
7120,226,509,0
7121,226,541,0
7122,226,568,0
7123,226,435,0
7124,226,298,0
7125,226,259,0
7126,226,206,0
7127,226,371,0
7128,226,343,0
7129,226,567,0
7130,226,351,0
7131,226,249,0
7132,226,155,0
7133,226,292,0
7134,226,388,0
7135,226,178,0
7136,226,429,0
7137,226,385,0
7138,226,630,0
7139,226,212,0
7140,226,622,0
7141,226,197,0
7142,226,390,0
7143,226,376,0
7144,232,322,0
7145,232,97,0
7146,232,105,0
7147,232,362,0
7148,232,541,0
7149,232,63,0
7150,232,302,0
7151,232,113,0
7152,232,561,0
7153,232,311,0
7154,232,436,0
7155,232,74,0
7156,232,123,0
7157,232,425,0
7158,232,520,0
7159,232,213,0
7160,232,254,0
7161,232,292,0
7162,232,259,0
7163,232,484,0
7164,232,564,0
7165,232,592,0
7166,232,293,0
7167,232,512,0
7168,232,179,0
7169,232,525,0
7170,232,206,0
7171,232,90,0
7172,232,318,0
7173,232,143,0
7174,232,216,0
7175,232,377,0
7176,232,515,0
7177,232,173,0
7178,232,400,0
7179,232,237,0
7180,232,497,0
7181,232,565,0
7182,232,553,0
7183,232,212,0
7184,232,572,0
7185,232,535,0
7186,232,622,0
7187,232,419,0
7188,232,347,0
7189,232,186,0
7190,232,509,0
7191,232,570,0
7192,232,337,0
7193,232,291,0
7194,232,149,0
7195,232,351,0
7196,232,305,0
7197,232,77,0
7198,232,416,0
7199,232,46,0
7200,232,33,0
7201,232,576,0
7202,232,531,0
7203,232,1,0
7204,232,39,0
7205,232,600,0
7206,232,307,0
7207,232,89,0
7208,232,266,0
7209,232,385,0
7210,232,211,0
7211,232,221,0
7212,232,230,0
7213,232,441,0
7214,232,493,0
7215,232,376,0
7216,232,435,0
7217,232,236,0
7218,232,188,0
7219,232,171,0
7220,232,547,0
7221,232,87,0
7222,232,406,0
7223,232,344,0
7224,232,122,0
7225,232,536,0
7226,232,539,0
7227,232,487,0
7228,232,219,0
7229,232,503,0
7230,232,328,0
7231,232,263,0
7232,232,59,0
7233,232,429,0
7234,232,325,0
7235,232,442,0
7236,232,380,0
7237,232,608,0
7238,232,534,0
7239,232,388,0
7240,232,423,0
7241,232,85,0
7242,232,289,0
7243,232,383,0
7244,232,274,0
7245,232,567,0
7246,232,258,0
7247,232,630,0
7248,232,137,0
7249,232,349,0
7250,232,290,0
7251,232,465,0
7252,232,422,0
7253,232,72,0
7254,232,114,0
7255,232,55,0
7256,232,460,0
7257,232,222,0
7258,232,298,0
7259,232,613,0
7260,232,45,0
7261,232,22,0
7262,232,522,0
7263,232,256,0
7264,232,563,0
7265,232,470,0
7266,232,78,0
7267,266,147,0
7268,266,419,0
7269,266,429,0
7270,266,138,0
7271,266,534,0
7272,266,622,0
7273,266,89,0
7274,266,608,0
7275,266,292,0
7276,266,74,0
7277,266,539,0
7278,266,547,0
7279,266,216,0
7280,266,311,0
7281,266,630,0
7282,266,536,0
7283,266,416,0
7284,266,159,0
7285,266,265,0
7286,266,568,0
7287,266,531,0
7288,266,606,0
7289,266,351,0
7290,266,624,0
7291,266,186,0
7292,266,126,0
7293,266,471,0
7294,266,259,0
7295,266,276,0
7296,266,143,0
7297,266,365,0
7298,266,385,0
7299,266,460,0
7300,266,484,0
7301,266,1,0
7302,266,137,0
7303,266,613,0
7304,266,263,0
7305,266,52,0
7306,268,563,0
7307,268,588,0
7308,268,143,0
7309,268,182,0
7310,268,374,0
7311,268,419,0
7312,268,275,0
7313,268,564,0
7314,268,455,0
7315,268,390,0
7316,268,294,0
7317,268,259,0
7318,268,39,0
7319,268,52,0
7320,268,69,0
7321,268,248,0
7322,268,568,0
7323,268,360,0
7324,268,551,0
7325,268,471,0
7326,268,434,0
7327,268,292,0
7328,268,509,0
7329,268,264,0
7330,268,410,0
7331,268,289,0
7332,268,534,0
7333,268,416,0
7334,268,227,0
7335,268,570,0
7336,268,247,0
7337,268,604,0
7338,268,265,0
7339,268,254,0
7340,268,388,0
7341,268,377,0
7342,268,451,0
7343,268,349,0
7344,268,148,0
7345,268,204,0
7346,268,441,0
7347,268,541,0
7348,268,382,0
7349,268,50,0
7350,268,429,0
7351,268,460,0
7352,268,630,0
7353,268,573,0
7354,268,206,0
7355,268,298,0
7356,268,263,0
7357,268,318,0
7358,268,302,0
7359,268,58,0
7360,268,547,0
7361,268,183,0
7362,268,221,0
7363,268,483,0
7364,268,147,0
7365,268,256,0
7366,268,85,0
7367,268,274,0
7368,268,576,0
7369,268,311,0
7370,268,260,0
7371,329,325,0
7372,329,122,0
7373,329,352,0
7374,329,581,0
7375,329,520,0
7376,329,55,0
7377,329,188,0
7378,329,42,0
7379,329,260,0
7380,329,231,0
7381,329,374,0
7382,329,390,0
7383,329,52,0
7384,329,530,0
7385,329,388,0
7386,329,90,0
7387,329,541,0
7388,329,178,0
7389,329,149,0
7390,329,429,0
7391,329,141,0
7392,329,126,0
7393,329,318,0
7394,329,608,0
7395,329,622,0
7396,329,551,0
7397,329,532,0
7398,329,143,0
7399,329,22,0
7400,329,265,0
7401,329,367,0
7402,329,613,0
7403,329,410,0
7404,329,219,0
7405,329,208,0
7406,329,473,0
7407,329,160,0
7408,329,1,0
7409,329,471,0
7410,329,576,0
7411,329,568,0
7412,329,563,0
7413,329,630,0
7414,329,105,0
7415,329,539,0
7416,329,351,0
7417,329,358,0
7418,329,48,0
7419,329,50,0
7420,329,460,0
7421,329,89,0
7422,329,377,0
7423,329,236,0
7424,329,531,0
7425,329,593,0
7426,329,587,0
7427,329,204,0
7428,329,570,0
7429,329,434,0
7430,329,385,0
7431,329,365,0
7432,329,479,0
7433,329,458,0
7434,329,298,0
7435,329,313,0
7436,329,51,0
7437,329,371,0
7438,329,567,0
7439,329,74,0
7440,329,347,0
7441,329,12,0
7442,329,534,0
7443,329,600,0
7444,329,425,0
7445,329,183,0
7446,329,39,0
7447,329,11,0
7448,329,343,0
7449,329,63,0
7450,329,41,0
7451,329,356,0
7452,329,311,0
7453,329,259,0
7454,329,509,0
7455,329,25,0
7456,329,283,0
7457,329,419,0
7458,329,302,0
7459,329,154,0
7460,329,575,0
7461,329,289,0
7462,329,564,0
7463,329,159,0
7464,329,553,0
7465,329,477,0
7466,329,87,0
7467,329,276,0
7468,329,222,0
7469,329,226,0
7470,339,551,0
7471,339,232,0
7472,339,528,0
7473,339,227,0
7474,339,484,0
7475,339,214,0
7476,339,358,0
7477,339,159,0
7478,339,371,0
7479,339,40,0
7480,339,627,0
7481,339,242,0
7482,339,6,0
7483,339,302,0
7484,339,593,0
7485,339,447,0
7486,339,175,0
7487,339,341,0
7488,339,118,0
7489,339,427,0
7490,339,327,0
7491,339,396,0
7492,339,8,0
7493,339,289,0
7494,339,383,0
7495,339,495,0
7496,339,205,0
7497,339,412,0
7498,339,381,0
7499,339,547,0
7500,339,491,0
7501,339,473,0
7502,339,561,0
7503,339,246,0
7504,339,127,0
7505,339,442,0
7506,339,235,0
7507,339,537,0
7508,339,34,0
7509,339,579,0
7510,339,313,0
7511,339,42,0
7512,339,564,0
7513,339,499,0
7514,339,460,0
7515,339,241,0
7516,339,180,0
7517,339,309,0
7518,339,230,0
7519,339,200,0
7520,339,322,0
7521,339,56,0
7522,339,300,0
7523,339,392,0
7524,339,519,0
7525,339,139,0
7526,339,100,0
7527,339,617,0
7528,339,515,0
7529,339,510,0
7530,339,255,0
7531,339,275,0
7532,339,65,0
7533,339,81,0
7534,339,46,0
7535,339,512,0
7536,339,581,0
7537,339,36,0
7538,339,394,0
7539,339,361,0
7540,339,386,0
7541,339,405,0
7542,339,314,0
7543,339,106,0
7544,339,20,0
7545,339,7,0
7546,339,488,0
7547,339,33,0
7548,339,228,0
7549,339,98,0
7550,339,167,0
7551,339,483,0
7552,339,17,0
7553,339,393,0
7554,339,368,0
7555,339,577,0
7556,339,377,0
7557,339,316,0
7558,339,334,0
7559,339,35,0
7560,339,311,0
7561,339,158,0
7562,339,611,0
7563,339,474,0
7564,339,597,0
7565,339,599,0
7566,339,416,0
7567,339,96,0
7568,339,226,0
7569,339,160,0
7570,339,346,0
7571,339,151,0
7572,339,31,0
7573,339,238,0
7574,339,556,0
7575,339,260,0
7576,339,366,0
7577,339,210,0
7578,339,52,0
7579,339,243,0
7580,339,112,0
7581,339,278,0
7582,339,450,0
7583,339,459,0
7584,339,456,0
7585,339,370,0
7586,339,449,0
7587,339,536,0
7588,339,435,0
7589,339,185,0
7590,339,101,0
7591,339,592,0
7592,339,89,0
7593,339,94,0
7594,339,182,0
7595,339,269,0
7596,339,195,0
7597,339,132,0
7598,339,321,0
7599,339,504,0
7600,339,276,0
7601,339,163,0
7602,339,565,0
7603,339,486,0
7604,339,461,0
7605,339,247,0
7606,339,201,0
7607,339,398,0
7608,339,274,0
7609,339,197,0
7610,339,257,0
7611,339,303,0
7612,339,11,0
7613,339,497,0
7614,339,248,0
7615,339,267,0
7616,339,336,0
7617,339,363,0
7618,339,337,0
7619,339,258,0
7620,339,360,0
7621,339,500,0
7622,339,517,0
7623,339,418,0
7624,339,328,0
7625,339,378,0
7626,339,440,0
7627,339,84,0
7628,339,224,0
7629,339,63,0
7630,339,78,0
7631,339,407,0
7632,339,631,0
7633,339,115,0
7634,339,365,0
7635,339,354,0
7636,339,253,0
7637,339,291,0
7638,339,157,0
7639,339,251,0
7640,339,523,0
7641,339,619,0
7642,339,575,0
7643,339,355,0
7644,339,83,0
7645,339,270,0
7646,339,566,0
7647,339,373,0
7648,339,108,0
7649,339,387,0
7650,339,189,0
7651,339,395,0
7652,339,404,0
7653,339,591,0
7654,339,609,0
7655,339,349,0
7656,339,79,0
7657,339,284,0
7658,339,629,0
7659,339,196,0
7660,339,4,0
7661,339,494,0
7662,339,471,0
7663,339,216,0
7664,339,172,0
7665,339,434,0
7666,339,516,0
7667,339,413,0
7668,339,244,0
7669,339,2,0
7670,339,194,0
7671,339,24,0
7672,339,150,0
7673,339,72,0
7674,339,80,0
7675,339,142,0
7676,339,277,0
7677,339,155,0
7678,339,55,0
7679,339,174,0
7680,339,438,0
7681,339,28,0
7682,339,13,0
7683,339,298,0
7684,339,252,0
7685,339,220,0
7686,339,630,0
7687,339,345,0
7688,339,49,0
7689,339,620,0
7690,339,85,0
7691,339,472,0
7692,339,596,0
7693,339,446,0
7694,339,384,0
7695,339,188,0
7696,339,458,0
7697,339,69,0
7698,339,234,0
7699,339,552,0
7700,339,408,0
7701,339,580,0
7702,339,454,0
7703,339,543,0
7704,339,122,0
7705,339,173,0
7706,339,382,0
7707,339,221,0
7708,339,102,0
7709,339,57,0
7710,339,625,0
7711,339,567,0
7712,339,624,0
7713,339,605,0
7714,339,53,0
7715,339,97,0
7716,339,344,0
7717,339,3,0
7718,339,469,0
7719,339,531,0
7720,339,430,0
7721,339,428,0
7722,339,128,0
7723,339,598,0
7724,339,62,0
7725,339,539,0
7726,339,29,0
7727,339,70,0
7728,339,134,0
7729,339,93,0
7730,339,138,0
7731,339,66,0
7732,339,541,0
7733,339,281,0
7734,339,432,0
7735,339,233,0
7736,339,493,0
7737,339,179,0
7738,339,296,0
7739,339,76,0
7740,339,351,0
7741,339,492,0
7742,339,240,0
7743,339,207,0
7744,339,557,0
7745,339,457,0
7746,339,51,0
7747,339,308,0
7748,339,199,0
7749,339,618,0
7750,339,616,0
7751,339,219,0
7752,339,149,0
7753,339,574,0
7754,339,585,0
7755,339,293,0
7756,339,135,0
7757,339,204,0
7758,339,527,0
7759,339,323,0
7760,339,212,0
7761,339,91,0
7762,339,569,0
7763,339,374,0
7764,339,489,0
7765,339,152,0
7766,339,116,0
7767,339,265,0
7768,339,306,0
7769,339,12,0
7770,339,237,0
7771,339,465,0
7772,339,71,0
7773,339,595,0
7774,339,15,0
7775,339,178,0
7776,339,415,0
7777,339,25,0
7778,339,61,0
7779,339,498,0
7780,339,239,0
7781,339,388,0
7782,339,331,0
7783,339,190,0
7784,339,496,0
7785,339,32,0
7786,339,59,0
7787,339,588,0
7788,339,133,0
7789,339,417,0
7790,339,14,0
7791,339,525,0
7792,339,439,0
7793,339,482,0
7794,339,506,0
7795,339,304,0
7796,339,420,0
7797,339,222,0
7798,339,236,0
7799,339,114,0
7800,339,340,0
7801,339,297,0
7802,339,58,0
7803,339,294,0
7804,339,389,0
7805,339,282,0
7806,339,203,0
7807,339,603,0
7808,339,481,0
7809,339,436,0
7810,339,202,0
7811,339,249,0
7812,339,22,0
7813,339,621,0
7814,339,153,0
7815,339,184,0
7816,339,455,0
7817,339,572,0
7818,339,215,0
7819,339,380,0
7820,339,90,0
7821,339,610,0
7822,339,9,0
7823,339,330,0
7824,339,545,0
7825,339,359,0
7826,339,319,0
7827,339,342,0
7828,339,5,0
7829,339,501,0
7830,339,191,0
7831,339,131,0
7832,339,262,0
7833,339,589,0
7834,339,54,0
7835,339,170,0
7836,339,105,0
7837,339,299,0
7838,339,77,0
7839,339,261,0
7840,339,147,0
7841,339,121,0
7842,339,45,0
7843,339,560,0
7844,339,549,0
7845,339,503,0
7846,339,613,0
7847,339,466,0
7848,339,600,0
7849,339,223,0
7850,339,522,0
7851,339,324,0
7852,339,511,0
7853,339,186,0
7854,339,475,0
7855,339,38,0
7856,339,44,0
7857,339,352,0
7858,339,555,0
7859,339,141,0
7860,339,524,0
7861,339,312,0
7862,339,414,0
7863,339,217,0
7864,339,21,0
7865,339,75,0
7866,339,1,0
7867,339,183,0
7868,339,582,0
7869,339,462,0
7870,339,209,0
7871,339,18,0
7872,339,117,0
7873,339,425,0
7874,339,290,0
7875,339,126,0
7876,339,143,0
7877,339,164,0
7878,339,534,0
7879,339,422,0
7880,339,607,0
7881,339,357,0
7882,339,453,0
7883,339,250,0
7884,339,507,0
7885,339,176,0
7886,339,307,0
7887,339,509,0
7888,339,608,0
7889,339,285,0
7890,339,402,0
7891,387,157,0
7892,387,307,0
7893,387,603,0
7894,387,478,0
7895,387,83,0
7896,387,282,0
7897,387,144,0
7898,387,94,0
7899,387,212,0
7900,387,342,0
7901,387,196,0
7902,387,56,0
7903,387,504,0
7904,387,19,0
7905,387,225,0
7906,387,557,0
7907,387,390,0
7908,387,277,0
7909,387,183,0
7910,387,233,0
7911,387,220,0
7912,387,346,0
7913,387,204,0
7914,387,546,0
7915,387,532,0
7916,387,159,0
7917,387,89,0
7918,387,615,0
7919,387,40,0
7920,387,284,0
7921,387,147,0
7922,387,319,0
7923,387,275,0
7924,387,5,0
7925,387,88,0
7926,387,146,0
7927,387,481,0
7928,387,191,0
7929,387,97,0
7930,387,305,0
7931,387,167,0
7932,387,256,0
7933,387,122,0
7934,387,262,0
7935,387,421,0
7936,387,86,0
7937,387,132,0
7938,387,11,0
7939,387,563,0
7940,387,140,0
7941,387,483,0
7942,387,577,0
7943,387,389,0
7944,387,489,0
7945,387,135,0
7946,387,76,0
7947,387,156,0
7948,387,436,0
7949,387,318,0
7950,387,511,0
7951,387,556,0
7952,387,629,0
7953,387,230,0
7954,387,98,0
7955,387,424,0
7956,387,487,0
7957,387,466,0
7958,387,373,0
7959,387,595,0
7960,387,259,0
7961,387,33,0
7962,387,158,0
7963,387,604,0
7964,387,58,0
7965,387,439,0
7966,387,380,0
7967,387,575,0
7968,387,224,0
7969,387,120,0
7970,387,352,0
7971,387,549,0
7972,387,223,0
7973,387,50,0
7974,387,599,0
7975,387,151,0
7976,387,285,0
7977,387,263,0
7978,387,509,0
7979,387,336,0
7980,387,172,0
7981,387,215,0
7982,387,454,0
7983,387,506,0
7984,387,431,0
7985,387,453,0
7986,387,177,0
7987,387,283,0
7988,387,199,0
7989,387,542,0
7990,387,39,0
7991,387,114,0
7992,387,239,0
7993,387,434,0
7994,387,249,0
7995,387,105,0
7996,387,59,0
7997,387,143,0
7998,387,565,0
7999,387,103,0
8000,387,116,0
8001,387,365,0
8002,387,551,0
8003,387,366,0
8004,387,315,0
8005,387,42,0
8006,387,236,0
8007,387,350,0
8008,387,46,0
8009,387,501,0
8010,387,449,0
8011,387,587,0
8012,387,303,0
8013,387,148,0
8014,387,82,0
8015,387,345,0
8016,387,337,0
8017,387,150,0
8018,387,168,0
8019,387,51,0
8020,387,406,0
8021,387,503,0
8022,387,372,0
8023,387,309,0
8024,387,376,0
8025,387,100,0
8026,387,446,0
8027,387,193,0
8028,387,567,0
8029,387,178,0
8030,387,468,0
8031,387,494,0
8032,387,597,0
8033,387,571,0
8034,387,218,0
8035,387,198,0
8036,387,450,0
8037,387,1,0
8038,387,576,0
8039,387,280,0
8040,387,490,0
8041,387,41,0
8042,387,537,0
8043,387,281,0
8044,387,455,0
8045,387,462,0
8046,387,217,0
8047,387,297,0
8048,387,241,0
8049,387,77,0
8050,387,588,0
8051,387,407,0
8052,387,522,0
8053,387,515,0
8054,387,330,0
8055,387,444,0
8056,387,292,0
8057,387,219,0
8058,387,623,0
8059,387,429,0
8060,387,367,0
8061,387,357,0
8062,387,550,0
8063,387,329,0
8064,387,15,0
8065,387,155,0
8066,387,61,0
8067,387,195,0
8068,387,207,0
8069,387,471,0
8070,387,499,0
8071,387,189,0
8072,387,35,0
8073,387,583,0
8074,387,107,0
8075,387,251,0
8076,387,543,0
8077,387,194,0
8078,387,580,0
8079,387,555,0
8080,387,419,0
8081,387,460,0
8082,387,382,0
8083,387,331,0
8084,387,601,0
8085,387,627,0
8086,387,447,0
8087,387,133,0
8088,387,411,0
8089,387,416,0
8090,387,363,0
8091,387,75,0
8092,387,386,0
8093,387,235,0
8094,387,270,0
8095,387,23,0
8096,387,231,0
8097,387,101,0
8098,387,602,0
8099,387,57,0
8100,387,520,0
8101,387,479,0
8102,387,130,0
8103,387,254,0
8104,387,313,0
8105,387,228,0
8106,387,255,0
8107,387,606,0
8108,387,514,0
8109,387,548,0
8110,387,299,0
8111,387,562,0
8112,387,243,0
8113,387,99,0
8114,387,371,0
8115,387,222,0
8116,387,31,0
8117,387,353,0
8118,387,508,0
8119,387,358,0
8120,387,631,0
8121,387,616,0
8122,387,73,0
8123,387,590,0
8124,387,581,0
8125,387,213,0
8126,387,401,0
8127,387,607,0
8128,387,412,0
8129,387,250,0
8130,387,84,0
8131,387,538,0
8132,387,388,0
8133,387,145,0
8134,387,626,0
8135,387,60,0
8136,387,276,0
8137,387,308,0
8138,387,260,0
8139,387,317,0
8140,387,414,0
8141,387,227,0
8142,387,10,0
8143,387,25,0
8144,387,493,0
8145,387,539,0
8146,387,593,0
8147,387,622,0
8148,387,384,0
8149,387,229,0
8150,387,339,0
8151,387,153,0
8152,387,12,0
8153,387,109,0
8154,387,351,0
8155,387,536,0
8156,387,356,0
8157,387,614,0
8158,387,452,0
8159,387,65,0
8160,387,578,0
8161,387,443,0
8162,387,81,0
8163,387,488,0
8164,387,269,0
8165,387,293,0
8166,387,203,0
8167,387,45,0
8168,387,78,0
8169,387,470,0
8170,387,93,0
8171,387,278,0
8172,387,137,0
8173,387,472,0
8174,387,377,0
8175,387,418,0
8176,387,425,0
8177,387,174,0
8178,387,258,0
8179,387,561,0
8180,387,613,0
8181,387,124,0
8182,387,492,0
8183,387,295,0
8184,387,163,0
8185,387,507,0
8186,387,476,0
8187,387,4,0
8188,387,287,0
8189,387,404,0
8190,387,348,0
8191,387,564,0
8192,387,113,0
8193,387,355,0
8194,387,26,0
8195,387,574,0
8196,387,102,0
8197,387,104,0
8198,387,179,0
8199,387,322,0
8200,387,136,0
8201,387,625,0
8202,387,338,0
8203,387,68,0
8204,387,90,0
8205,387,585,0
8206,387,451,0
8207,387,393,0
8208,387,497,0
8209,387,438,0
8210,387,288,0
8211,387,568,0
8212,387,617,0
8213,387,531,0
8214,387,368,0
8215,387,63,0
8216,387,7,0
8217,387,108,0
8218,387,161,0
8219,387,334,0
8220,387,14,0
8221,387,491,0
8222,387,456,0
8223,387,111,0
8224,387,310,0
8225,387,415,0
8226,387,340,0
8227,387,248,0
8228,387,374,0
8229,387,22,0
8230,387,529,0
8231,387,139,0
8232,387,72,0
8233,387,435,0
8234,387,274,0
8235,387,52,0
8236,514,171,0
8237,514,527,0
8238,514,335,0
8239,514,426,0
8240,514,600,0
8241,514,532,0
8242,514,112,0
8243,514,177,0
8244,514,537,0
8245,514,200,0
8246,514,69,0
8247,514,249,0
8248,514,148,0
8249,514,213,0
8250,514,202,0
8251,514,144,0
8252,514,567,0
8253,514,255,0
8254,514,524,0
8255,514,45,0
8256,514,301,0
8257,514,240,0
8258,514,55,0
8259,514,235,0
8260,514,135,0
8261,514,578,0
8262,514,243,0
8263,514,207,0
8264,514,606,0
8265,514,276,0
8266,514,376,0
8267,514,624,0
8268,514,603,0
8269,514,267,0
8270,514,331,0
8271,514,496,0
8272,514,154,0
8273,514,258,0
8274,514,389,0
8275,514,227,0
8276,514,26,0
8277,514,569,0
8278,514,619,0
8279,514,285,0
8280,514,623,0
8281,514,216,0
8282,514,149,0
8283,514,387,0
8284,514,59,0
8285,514,581,0
8286,514,275,0
8287,514,380,0
8288,514,497,0
8289,514,20,0
8290,514,143,0
8291,514,180,0
8292,514,214,0
8293,514,230,0
8294,514,35,0
8295,514,307,0
8296,514,296,0
8297,514,259,0
8298,514,52,0
8299,514,525,0
8300,514,178,0
8301,514,465,0
8302,514,145,0
8303,514,204,0
8304,514,563,0
8305,514,433,0
8306,514,610,0
8307,514,405,0
8308,514,564,0
8309,514,203,0
8310,514,39,0
8311,514,142,0
8312,514,424,0
8313,514,183,0
8314,514,396,0
8315,514,188,0
8316,514,618,0
8317,514,539,0
8318,514,247,0
8319,514,379,0
8320,514,173,0
8321,514,613,0
8322,514,388,0
8323,514,545,0
8324,514,222,0
8325,514,116,0
8326,514,322,0
8327,514,8,0
8328,514,162,0
8329,514,630,0
8330,514,89,0
8331,514,482,0
8332,514,310,0
8333,514,340,0
8334,514,18,0
8335,514,477,0
8336,514,462,0
8337,514,622,0
8338,514,297,0
8339,514,3,0
8340,514,184,0
8341,514,175,0
8342,514,627,0
8343,514,487,0
8344,514,390,0
8345,514,209,0
8346,514,85,0
8347,514,574,0
8348,514,565,0
8349,514,543,0
8350,514,458,0
8351,514,597,0
8352,514,512,0
8353,514,455,0
8354,514,79,0
8355,514,84,0
8356,514,572,0
8357,514,50,0
8358,514,289,0
8359,514,9,0
8360,514,102,0
8361,514,554,0
8362,514,587,0
8363,514,239,0
8364,514,358,0
8365,514,130,0
8366,514,344,0
8367,514,561,0
8368,514,11,0
8369,514,385,0
8370,514,542,0
8371,514,266,0
8372,514,221,0
8373,514,197,0
8374,514,434,0
8375,514,318,0
8376,514,502,0
8377,514,131,0
8378,514,108,0
8379,514,315,0
8380,514,263,0
8381,514,314,0
8382,514,483,0
8383,514,109,0
8384,514,153,0
8385,514,87,0
8386,514,371,0
8387,514,553,0
8388,514,453,0
8389,514,248,0
8390,514,351,0
8391,514,474,0
8392,514,533,0
8393,514,113,0
8394,514,470,0
8395,514,341,0
8396,514,428,0
8397,514,464,0
8398,514,492,0
8399,514,479,0
8400,514,443,0
8401,514,304,0
8402,514,191,0
8403,514,160,0
8404,514,612,0
8405,514,126,0
8406,514,343,0
8407,514,16,0
8408,514,313,0
8409,514,399,0
8410,514,425,0
8411,514,111,0
8412,514,179,0
8413,514,71,0
8414,514,354,0
8415,514,422,0
8416,514,42,0
8417,514,74,0
8418,514,432,0
8419,514,349,0
8420,514,586,0
8421,514,64,0
8422,514,32,0
8423,514,100,0
8424,516,450,0
8425,516,370,0
8426,516,38,0
8427,516,53,0
8428,516,388,0
8429,516,361,0
8430,516,418,0
8431,516,169,0
8432,516,559,0
8433,516,235,0
8434,516,318,0
8435,516,192,0
8436,516,205,0
8437,516,296,0
8438,516,45,0
8439,516,3,0
8440,516,242,0
8441,516,225,0
8442,516,360,0
8443,516,500,0
8444,516,196,0
8445,516,223,0
8446,516,78,0
8447,516,305,0
8448,516,8,0
8449,516,39,0
8450,516,270,0
8451,516,402,0
8452,516,116,0
8453,516,26,0
8454,516,551,0
8455,516,267,0
8456,516,277,0
8457,516,232,0
8458,516,215,0
8459,516,564,0
8460,516,571,0
8461,516,526,0
8462,516,107,0
8463,516,51,0
8464,516,593,0
8465,516,628,0
8466,516,598,0
8467,516,179,0
8468,516,416,0
8469,516,108,0
8470,516,74,0
8471,516,335,0
8472,516,171,0
8473,516,547,0
8474,516,347,0
8475,516,239,0
8476,516,618,0
8477,516,64,0
8478,516,47,0
8479,516,577,0
8480,516,155,0
8481,516,161,0
8482,516,591,0
8483,516,371,0
8484,516,240,0
8485,516,561,0
8486,516,448,0
8487,516,17,0
8488,516,259,0
8489,516,364,0
8490,516,184,0
8491,516,557,0
8492,516,403,0
8493,516,67,0
8494,516,436,0
8495,516,76,0
8496,516,623,0
8497,516,465,0
8498,516,157,0
8499,516,616,0
8500,516,113,0
8501,516,368,0
8502,516,151,0
8503,516,356,0
8504,516,622,0
8505,516,255,0
8506,516,568,0
8507,516,135,0
8508,516,454,0
8509,516,460,0
8510,516,72,0
8511,516,117,0
8512,516,22,0
8513,516,461,0
8514,516,532,0
8515,516,576,0
8516,516,121,0
8517,516,537,0
8518,516,40,0
8519,516,4,0
8520,516,316,0
8521,516,480,0
8522,516,545,0
8523,516,529,0
8524,516,431,0
8525,516,351,0
8526,516,105,0
8527,516,334,0
8528,516,511,0
8529,516,627,0
8530,516,420,0
8531,516,387,0
8532,516,588,0
8533,516,282,0
8534,516,127,0
8535,516,52,0
8536,516,456,0
8537,516,134,0
8538,516,329,0
8539,516,398,0
8540,516,569,0
8541,516,407,0
8542,516,376,0
8543,516,92,0
8544,516,599,0
8545,516,413,0
8546,516,531,0
8547,516,276,0
8548,516,6,0
8549,516,168,0
8550,516,144,0
8551,516,37,0
8552,516,310,0
8553,516,346,0
8554,516,158,0
8555,516,58,0
8556,516,339,0
8557,516,423,0
8558,516,579,0
8559,516,538,0
8560,516,560,0
8561,516,57,0
8562,516,342,0
8563,516,175,0
8564,516,550,0
8565,516,73,0
8566,516,50,0
8567,516,506,0
8568,516,146,0
8569,516,203,0
8570,516,233,0
8571,516,592,0
8572,516,395,0
8573,516,541,0
8574,516,271,0
8575,516,381,0
8576,516,164,0
8577,516,299,0
8578,516,595,0
8579,516,495,0
8580,516,338,0
8581,516,241,0
8582,516,139,0
8583,516,253,0
8584,516,445,0
8585,516,41,0
8586,516,125,0
8587,516,614,0
8588,516,620,0
8589,516,419,0
8590,516,501,0
8591,516,112,0
8592,516,170,0
8593,516,601,0
8594,516,459,0
8595,516,441,0
8596,516,337,0
8597,516,444,0
8598,516,489,0
8599,516,32,0
8600,516,333,0
8601,516,367,0
8602,516,70,0
8603,516,16,0
8604,516,382,0
8605,516,300,0
8606,516,432,0
8607,516,222,0
8608,516,491,0
8609,516,326,0
8610,516,248,0
8611,516,410,0
8612,516,412,0
8613,516,244,0
8614,516,272,0
8615,516,378,0
8616,516,145,0
8617,516,249,0
8618,516,1,0
8619,516,265,0
8620,516,278,0
8621,516,584,0
8622,516,505,0
8623,516,103,0
8624,516,295,0
8625,516,42,0
8626,516,374,0
8627,516,111,0
8628,516,507,0
8629,516,449,0
8630,516,546,0
8631,516,349,0
8632,516,297,0
8633,516,609,0
8634,516,165,0
8635,516,517,0
8636,516,553,0
8637,516,180,0
8638,516,428,0
8639,516,408,0
8640,516,207,0
8641,516,615,0
8642,516,220,0
8643,516,427,0
8644,516,439,0
8645,516,385,0
8646,516,7,0
8647,516,204,0
8648,516,14,0
8649,516,261,0
8650,516,137,0
8651,516,186,0
8652,516,498,0
8653,516,234,0
8654,516,359,0
8655,516,518,0
8656,516,455,0
8657,516,287,0
8658,516,61,0
8659,516,195,0
8660,516,34,0
8661,516,36,0
8662,516,96,0
8663,516,377,0
8664,516,369,0
8665,516,475,0
8666,516,237,0
8667,516,567,0
8668,516,238,0
8669,516,167,0
8670,516,409,0
8671,516,536,0
8672,516,424,0
8673,516,15,0
8674,516,191,0
8675,516,580,0
8676,516,100,0
8677,516,323,0
8678,516,182,0
8679,516,79,0
8680,516,631,0
8681,516,226,0
8682,516,380,0
8683,516,212,0
8684,516,527,0
8685,516,106,0
8686,516,492,0
8687,516,613,0
8688,516,63,0
8689,516,19,0
8690,516,383,0
8691,516,582,0
8692,516,228,0
8693,516,82,0
8694,516,153,0
8695,516,520,0
8696,516,285,0
8697,516,190,0
8698,516,543,0
8699,516,189,0
8700,516,83,0
8701,516,187,0
8702,516,336,0
8703,516,90,0
8704,516,24,0
8705,516,372,0
8706,516,470,0
8707,516,556,0
8708,516,493,0
8709,516,243,0
8710,516,280,0
8711,516,522,0
8712,516,519,0
8713,516,218,0
8714,516,573,0
8715,516,224,0
8716,516,302,0
8717,516,301,0
8718,516,446,0
8719,516,236,0
8720,516,44,0
8721,516,619,0
8722,516,348,0
8723,516,468,0
8724,516,463,0
8725,516,88,0
8726,516,608,0
8727,516,421,0
8728,516,596,0
8729,516,66,0
8730,516,122,0
8731,516,136,0
8732,516,490,0
8733,516,554,0
8734,516,49,0
8735,516,321,0
8736,516,472,0
8737,516,43,0
8738,516,572,0
8739,516,604,0
8740,516,386,0
8741,516,479,0
8742,516,415,0
8743,516,430,0
8744,516,442,0
8745,516,208,0
8746,516,56,0
8747,516,71,0
8748,516,177,0
8749,516,258,0
8750,516,199,0
8751,516,101,0
8752,516,400,0
8753,516,128,0
8754,516,473,0
8755,516,483,0
8756,516,97,0
8757,516,293,0
8758,516,523,0
8759,516,246,0
8760,516,406,0
8761,516,453,0
8762,516,27,0
8763,516,574,0
8764,516,211,0
8765,516,530,0
8766,516,5,0
8767,516,482,0
8768,516,396,0
8769,516,425,0
8770,516,607,0
8771,516,279,0
8772,516,513,0
8773,516,159,0
8774,516,390,0
8775,516,93,0
8776,516,311,0
8777,516,552,0
8778,516,325,0
8779,516,484,0
8780,516,606,0
8781,516,429,0
8782,516,626,0
8783,516,405,0
8784,516,320,0
8785,516,481,0
8786,516,13,0
8787,516,252,0
8788,516,605,0
8789,516,487,0
8790,516,558,0
8791,516,352,0
8792,516,68,0
8793,516,434,0
8794,516,422,0
8795,516,539,0
8796,516,298,0
8797,516,565,0
8798,516,389,0
8799,516,140,0
8800,516,586,0
8801,516,533,0
8802,516,602,0
8803,516,115,0
8804,516,319,0
8805,516,75,0
8806,516,268,0
8807,516,283,0
8808,516,77,0
8809,516,540,0
8810,516,393,0
8811,516,30,0
8812,516,594,0
8813,516,87,0
8814,516,585,0
8815,516,566,0
8816,516,200,0
8817,516,485,0
8818,516,110,0
8819,516,510,0
8820,516,154,0
8821,516,503,0
8822,516,289,0
8823,516,397,0
8824,516,624,0
8825,516,250,0
8826,516,23,0
8827,516,69,0
8828,516,120,0
8829,516,373,0
8830,516,262,0
8831,516,55,0
8832,516,33,0
8833,516,210,0
8834,516,502,0
8835,516,350,0
8836,516,603,0
8837,516,104,0
8838,516,227,0
8839,516,12,0
8840,516,25,0
8841,516,288,0
8842,535,572,0
8843,535,349,0
8844,535,100,0
8845,535,194,0
8846,535,12,0
8847,535,350,0
8848,535,124,0
8849,535,433,0
8850,535,122,0
8851,535,23,0
8852,535,204,0
8853,535,55,0
8854,535,499,0
8855,535,67,0
8856,535,425,0
8857,535,39,0
8858,535,443,0
8859,535,148,0
8860,535,229,0
8861,535,191,0
8862,535,69,0
8863,535,40,0
8864,535,316,0
8865,535,183,0
8866,535,461,0
8867,535,222,0
8868,535,192,0
8869,535,613,0
8870,535,256,0
8871,535,531,0
8872,535,263,0
8873,535,509,0
8874,535,295,0
8875,535,515,0
8876,535,624,0
8877,535,442,0
8878,535,138,0
8879,535,276,0
8880,535,501,0
8881,535,448,0
8882,535,27,0
8883,535,487,0
8884,535,424,0
8885,535,212,0
8886,535,388,0
8887,535,511,0
8888,535,85,0
8889,535,564,0
8890,535,344,0
8891,535,254,0
8892,535,598,0
8893,535,287,0
8894,535,578,0
8895,535,45,0
8896,535,175,0
8897,535,458,0
8898,535,255,0
8899,535,533,0
8900,535,618,0
8901,535,219,0
8902,535,545,0
8903,535,221,0
8904,535,567,0
8905,535,307,0
8906,535,568,0
8907,535,292,0
8908,535,386,0
8909,535,512,0
8910,535,464,0
8911,535,376,0
8912,535,188,0
8913,535,606,0
8914,535,123,0
8915,535,462,0
8916,535,460,0
8917,535,56,0
8918,535,315,0
8919,535,479,0
8920,535,224,0
8921,535,469,0
8922,535,455,0
8923,535,302,0
8924,535,52,0
8925,535,436,0
8926,535,420,0
8927,535,333,0
8928,535,429,0
8929,535,20,0
8930,535,178,0
8931,535,495,0
8932,535,338,0
8933,535,393,0
8934,535,485,0
8935,535,265,0
8936,535,64,0
8937,535,318,0
8938,535,213,0
8939,535,385,0
8940,535,186,0
8941,535,597,0
8942,535,190,0
8943,535,51,0
8944,535,478,0
8945,535,206,0
8946,535,245,0
8947,535,518,0
8948,535,394,0
8949,535,126,0
8950,535,339,0
8951,535,371,0
8952,535,185,0
8953,535,182,0
8954,535,547,0
8955,535,325,0
8956,535,541,0
8957,623,225,0
8958,623,459,0
8959,623,439,0
8960,623,556,0
8961,623,107,0
8962,623,324,0
8963,623,21,0
8964,623,50,0
8965,623,58,0
8966,623,229,0
8967,623,531,0
8968,623,388,0
8969,623,189,0
8970,623,213,0
8971,623,259,0
8972,623,197,0
8973,623,279,0
8974,623,133,0
8975,623,9,0
8976,623,546,0
8977,623,541,0
8978,623,332,0
8979,623,88,0
8980,623,534,0
8981,623,82,0
8982,623,522,0
8983,623,510,0
8984,623,138,0
8985,623,418,0
8986,623,509,0
8987,623,351,0
8988,623,90,0
8989,623,118,0
8990,623,103,0
8991,623,462,0
8992,623,573,0
8993,623,292,0
8994,623,628,0
8995,623,290,0
8996,623,278,0
8997,623,454,0
8998,623,173,0
8999,623,494,0
9000,623,401,0
9001,623,264,0
9002,623,92,0
9003,623,106,0
9004,623,165,0
9005,623,606,0
9006,623,400,0
9007,623,561,0
9008,623,54,0
9009,623,60,0
9010,623,244,0
9011,623,306,0
9012,623,599,0
9013,623,605,0
9014,623,182,0
9015,623,375,0
9016,623,39,0
9017,623,421,0
9018,623,254,0
9019,623,203,0
9020,623,409,0
9021,623,543,0
9022,623,567,0
9023,623,17,0
9024,623,298,0
9025,623,356,0
9026,623,476,0
9027,623,139,0
9028,623,188,0
9029,623,23,0
9030,623,99,0
9031,623,584,0
9032,623,461,0
9033,623,71,0
9034,623,114,0
9035,623,233,0
9036,623,390,0
9037,623,483,0
9038,623,499,0
9039,623,385,0
9040,623,89,0
9041,623,491,0
9042,623,367,0
9043,623,316,0
9044,623,300,0
9045,623,565,0
9046,623,428,0
9047,623,415,0
9048,623,407,0
9049,623,242,0
9050,623,232,0
9051,623,311,0
9052,623,368,0
9053,623,455,0
9054,623,526,0
9055,623,140,0
9056,623,503,0
9057,623,154,0
9058,623,544,0
9059,623,511,0
9060,623,283,0
9061,623,336,0
9062,623,299,0
9063,623,100,0
9064,623,64,0
9065,623,281,0
9066,623,146,0
9067,623,288,0
9068,623,470,0
9069,623,266,0
9070,623,155,0
9071,623,333,0
9072,623,564,0
9073,623,566,0
9074,623,13,0
9075,623,272,0
9076,623,374,0
9077,623,94,0
9078,623,592,0
9079,623,533,0
9080,623,265,0
9081,623,84,0
9082,623,513,0
9083,623,626,0
9084,623,601,0
9085,623,110,0
9086,623,14,0
9087,623,66,0
9088,623,277,0
9089,623,469,0
9090,623,282,0
9091,623,393,0
9092,623,436,0
9093,623,627,0
9094,623,198,0
9095,623,590,0
9096,623,320,0
9097,623,447,0
9098,623,457,0
9099,623,485,0
9100,623,608,0
9101,623,484,0
9102,623,204,0
9103,623,51,0
9104,623,148,0
9105,623,354,0
9106,623,366,0
9107,623,28,0
9108,623,321,0
9109,623,122,0
9110,623,360,0
9111,623,381,0
9112,623,240,0
9113,623,585,0
9114,623,310,0
9115,623,337,0
9116,623,554,0
9117,623,464,0
9118,623,631,0
9119,623,10,0
9120,623,137,0
9121,623,612,0
9122,623,364,0
9123,623,346,0
9124,623,473,0
9125,623,72,0
9126,623,6,0
9127,623,540,0
9128,623,170,0
9129,623,445,0
9130,623,73,0
9131,623,46,0
9132,623,127,0
9133,623,258,0
9134,623,149,0
9135,623,539,0
9136,623,152,0
9137,623,549,0
9138,623,598,0
9139,623,1,0
9140,623,190,0
9141,623,372,0
9142,623,456,0
9143,623,630,0
9144,623,192,0
9145,623,93,0
9146,623,493,0
9147,623,178,0
9148,623,117,0
9149,623,45,0
9150,623,502,0
9151,623,361,0
9152,623,295,0
9153,623,260,0
9154,623,62,0
9155,623,365,0
9156,623,468,0
9157,623,40,0
9158,623,208,0
9159,623,67,0
9160,623,508,0
9161,623,408,0
9162,623,563,0
9163,623,83,0
9164,623,487,0
9165,623,482,0
9166,623,37,0
9167,623,36,0
9168,623,167,0
9169,623,181,0
9170,623,22,0
9171,623,256,0
9172,623,261,0
9173,623,411,0
9174,623,609,0
9175,623,169,0
9176,623,399,0
9177,623,101,0
9178,623,397,0
9179,623,426,0
9180,623,341,0
9181,623,262,0
9182,623,629,0
9183,623,327,0
9184,623,523,0
9185,623,593,0
9186,623,119,0
9187,623,180,0
9188,623,96,0
9189,623,395,0
9190,623,108,0
9191,623,305,0
9192,623,161,0
9193,623,326,0
9194,623,224,0
9195,623,328,0
9196,623,597,0
9197,623,304,0
9198,623,350,0
9199,623,69,0
9200,623,496,0
9201,623,355,0
9202,623,227,0
9203,623,166,0
9204,623,12,0
9205,623,98,0
9206,623,558,0
9207,623,466,0
9208,623,280,0
9209,623,135,0
9210,623,465,0
9211,623,625,0
9212,623,527,0
9213,623,463,0
9214,623,56,0
9215,623,241,0
9216,623,193,0
9217,623,195,0
9218,623,617,0
9219,623,615,0
9220,623,95,0
9221,623,342,0
9222,623,519,0
9223,623,520,0
9224,623,319,0
9225,623,551,0
9226,623,238,0
9227,623,420,0
9228,623,147,0
9229,623,303,0
9230,623,125,0
9231,623,48,0
9232,623,480,0
9233,623,427,0
9234,623,53,0
9235,623,220,0
9236,623,289,0
9237,623,537,0
9238,623,553,0
9239,623,201,0
9240,623,620,0
9241,623,269,0
9242,623,287,0
9243,623,234,0
9244,623,424,0
9245,623,492,0
9246,623,63,0
9247,623,164,0
9248,623,391,0
9249,623,583,0
9250,623,545,0
9251,623,446,0
9252,623,453,0
9253,623,582,0
9254,623,618,0
9255,623,257,0
9256,623,325,0
9257,623,296,0
9258,623,568,0
9259,623,490,0
9260,623,471,0
9261,623,132,0
9262,623,76,0
9263,623,19,0
9264,623,18,0
9265,623,478,0
9266,623,214,0
9267,623,535,0
9268,623,429,0
9269,623,42,0
9270,623,160,0
9271,623,425,0
9272,623,102,0
9273,623,85,0
9274,623,134,0
9275,623,376,0
9276,623,235,0
9277,623,150,0
9278,623,622,0
9279,623,276,0
