,TF,Target,Label
0,2,1264,1
1,2,602,1
2,2,179,1
3,2,670,1
4,2,1327,1
5,2,1129,1
6,2,1287,1
7,2,491,1
8,2,83,1
9,2,146,1
10,2,654,1
11,2,427,1
12,2,236,1
13,2,673,1
14,2,1313,1
15,2,837,1
16,2,688,1
17,2,936,1
18,2,1364,1
19,2,993,1
20,2,1397,1
21,2,973,1
22,2,1064,1
23,2,566,1
24,2,604,1
25,2,186,1
26,2,417,1
27,2,112,1
28,2,84,1
29,2,329,1
30,2,350,1
31,2,364,1
32,2,518,1
33,2,9,1
34,2,797,1
35,2,858,1
36,2,1050,1
37,2,143,1
38,2,1183,1
39,2,597,1
40,2,982,1
41,2,745,1
42,2,1114,1
43,2,210,1
44,2,326,1
45,2,1096,1
46,2,1369,1
47,2,1180,1
48,2,410,1
49,2,99,1
50,2,808,1
51,2,115,1
52,2,495,1
53,2,1157,1
54,2,552,1
55,2,554,1
56,2,196,1
57,2,613,1
58,2,72,1
59,2,1087,1
60,2,45,1
61,2,237,1
62,2,734,1
63,2,180,1
64,2,887,1
65,2,1014,1
66,2,310,1
67,2,161,1
68,2,643,1
69,2,778,1
70,2,894,1
71,2,596,1
72,2,141,1
73,2,586,1
74,2,758,1
75,2,928,1
76,2,193,1
77,2,407,1
78,2,422,1
79,2,1048,1
80,2,386,1
81,2,1244,1
82,2,720,1
83,2,385,1
84,2,402,1
85,2,556,1
86,2,635,1
87,2,762,1
88,2,254,1
89,2,269,1
90,2,624,1
91,2,366,1
92,2,1394,1
93,2,577,1
94,2,1326,1
95,2,121,1
96,2,1053,1
97,2,424,1
98,2,1344,1
99,2,1238,1
100,2,831,1
101,2,460,1
102,2,23,1
103,2,251,1
104,2,1103,1
105,2,497,1
106,2,701,1
107,2,1383,1
108,2,935,1
109,2,890,1
110,2,1270,1
111,2,230,1
112,2,1353,1
113,2,1105,1
114,2,204,1
115,2,1072,1
116,2,1217,1
117,2,954,1
118,2,962,1
119,2,452,1
120,2,25,1
121,2,774,1
122,2,709,1
123,2,925,1
124,2,1107,1
125,2,109,1
126,2,989,1
127,2,262,1
128,2,79,1
129,2,0,1
130,2,1282,1
131,2,1150,1
132,2,1184,1
133,2,88,1
134,2,313,1
135,2,46,1
136,2,354,1
137,2,113,1
138,2,964,1
139,2,176,1
140,2,1094,1
141,2,1127,1
142,2,461,1
143,2,323,1
144,2,1172,1
145,2,1024,1
146,2,123,1
147,2,991,1
148,2,95,1
149,2,22,1
150,2,599,1
151,2,580,1
152,2,492,1
153,70,423,1
154,70,461,1
155,70,195,1
156,70,277,1
157,70,36,1
158,70,242,1
159,70,173,1
160,70,1226,1
161,70,268,1
162,70,757,1
163,70,884,1
164,70,829,1
165,70,1323,1
166,70,463,1
167,70,1165,1
168,70,542,1
169,70,798,1
170,70,1043,1
171,70,421,1
172,70,92,1
173,70,1064,1
174,70,1093,1
175,70,591,1
176,70,391,1
177,70,817,1
178,70,41,1
179,70,1230,1
180,70,371,1
181,70,908,1
182,70,1407,1
183,70,1318,1
184,70,1215,1
185,70,920,1
186,70,1149,1
187,70,206,1
188,70,477,1
189,70,1026,1
190,70,893,1
191,70,1157,1
192,70,1253,1
193,70,576,1
194,70,634,1
195,70,62,1
196,70,1179,1
197,70,109,1
198,70,545,1
199,70,1087,1
200,70,912,1
201,70,1201,1
202,70,331,1
203,70,168,1
204,70,1138,1
205,70,1182,1
206,70,500,1
207,70,411,1
208,70,349,1
209,70,119,1
210,70,1031,1
211,70,562,1
212,70,111,1
213,70,623,1
214,70,257,1
215,70,561,1
216,70,1250,1
217,70,661,1
218,70,304,1
219,70,246,1
220,70,1090,1
221,70,1181,1
222,70,65,1
223,70,956,1
224,70,177,1
225,70,517,1
226,70,32,1
227,70,21,1
228,70,488,1
229,70,876,1
230,70,885,1
231,70,287,1
232,70,155,1
233,70,254,1
234,70,1379,1
235,70,1147,1
236,70,1345,1
237,70,375,1
238,70,368,1
239,70,1277,1
240,70,211,1
241,70,1243,1
242,70,713,1
243,70,342,1
244,70,1368,1
245,70,1059,1
246,70,934,1
247,70,276,1
248,70,1297,1
249,70,949,1
250,70,320,1
251,70,2,1
252,70,566,1
253,70,141,1
254,70,209,1
255,70,1334,1
256,70,1373,1
257,70,50,1
258,70,1222,1
259,70,533,1
260,70,441,1
261,70,414,1
262,70,614,1
263,70,1312,1
264,70,567,1
265,70,844,1
266,70,847,1
267,70,292,1
268,70,1124,1
269,70,1355,1
270,70,259,1
271,70,378,1
272,70,938,1
273,70,316,1
274,70,692,1
275,70,859,1
276,70,511,1
277,70,720,1
278,70,68,1
279,70,18,1
280,70,483,1
281,70,706,1
282,70,139,1
283,70,1214,1
284,70,1353,1
285,70,322,1
286,70,585,1
287,70,243,1
288,70,1071,1
289,70,613,1
290,70,812,1
291,70,832,1
292,70,612,1
293,70,35,1
294,70,401,1
295,70,564,1
296,70,828,1
297,70,1070,1
298,70,102,1
299,70,1263,1
300,70,328,1
301,70,15,1
302,70,698,1
303,70,38,1
304,70,695,1
305,70,768,1
306,70,289,1
307,70,1218,1
308,70,1367,1
309,70,379,1
310,70,201,1
311,70,1190,1
312,70,788,1
313,70,137,1
314,70,196,1
315,70,536,1
316,70,25,1
317,70,1377,1
318,70,150,1
319,70,1264,1
320,70,1092,1
321,70,334,1
322,70,1080,1
323,70,1330,1
324,70,306,1
325,70,233,1
326,70,1184,1
327,70,1274,1
328,70,204,1
329,70,10,1
330,70,273,1
331,70,525,1
332,70,288,1
333,70,1067,1
334,70,163,1
335,70,538,1
336,70,1350,1
337,70,636,1
338,70,1194,1
339,70,174,1
340,70,193,1
341,70,1256,1
342,70,1122,1
343,70,450,1
344,70,519,1
345,70,142,1
346,70,278,1
347,70,1397,1
348,70,819,1
349,70,751,1
350,70,750,1
351,70,1329,1
352,70,995,1
353,70,1154,1
354,70,557,1
355,70,709,1
356,70,403,1
357,70,110,1
358,70,1164,1
359,70,808,1
360,70,701,1
361,70,544,1
362,70,1356,1
363,70,336,1
364,70,1037,1
365,70,718,1
366,70,428,1
367,70,252,1
368,70,129,1
369,70,856,1
370,70,681,1
371,70,1113,1
372,70,730,1
373,70,1094,1
374,70,797,1
375,70,169,1
376,70,1061,1
377,70,465,1
378,70,521,1
379,70,381,1
380,70,1085,1
381,70,427,1
382,70,746,1
383,70,524,1
384,70,97,1
385,70,176,1
386,70,6,1
387,70,645,1
388,70,734,1
389,70,754,1
390,70,284,1
391,70,1141,1
392,70,862,1
393,70,1358,1
394,70,1072,1
395,70,23,1
396,70,475,1
397,70,1159,1
398,70,309,1
399,70,838,1
400,70,444,1
401,70,1249,1
402,70,986,1
403,70,1022,1
404,70,689,1
405,70,1106,1
406,70,606,1
407,70,318,1
408,70,977,1
409,70,924,1
410,70,951,1
411,70,833,1
412,70,942,1
413,70,135,1
414,70,339,1
415,70,1065,1
416,70,1076,1
417,70,1304,1
418,70,811,1
419,70,1102,1
420,70,132,1
421,70,982,1
422,70,1079,1
423,70,234,1
424,70,629,1
425,70,1046,1
426,70,1400,1
427,70,559,1
428,70,957,1
429,70,12,1
430,70,1386,1
431,70,480,1
432,70,46,1
433,70,1409,1
434,70,485,1
435,70,1121,1
436,70,1257,1
437,70,1013,1
438,70,224,1
439,70,458,1
440,70,824,1
441,70,1084,1
442,70,526,1
443,70,959,1
444,70,249,1
445,70,776,1
446,70,299,1
447,70,1177,1
448,70,1021,1
449,70,147,1
450,70,305,1
451,70,330,1
452,70,994,1
453,70,670,1
454,70,164,1
455,70,1278,1
456,70,39,1
457,70,507,1
458,70,1321,1
459,70,842,1
460,70,245,1
461,70,633,1
462,70,340,1
463,70,183,1
464,70,178,1
465,70,1111,1
466,70,1008,1
467,70,460,1
468,70,229,1
469,70,891,1
470,70,717,1
471,70,512,1
472,70,778,1
473,70,236,1
474,70,232,1
475,70,37,1
476,70,879,1
477,70,1063,1
478,70,985,1
479,70,13,1
480,70,90,1
481,70,935,1
482,70,1268,1
483,70,739,1
484,70,121,1
485,70,1091,1
486,70,599,1
487,70,539,1
488,70,16,1
489,70,240,1
490,70,688,1
491,70,914,1
492,70,417,1
493,70,516,1
494,70,459,1
495,70,560,1
496,70,710,1
497,70,1352,1
498,70,932,1
499,70,1320,1
500,70,57,1
501,70,360,1
502,70,1200,1
503,70,265,1
504,70,853,1
505,70,1188,1
506,70,1244,1
507,70,1371,1
508,70,266,1
509,70,900,1
510,70,1148,1
511,70,872,1
512,70,1187,1
513,70,1144,1
514,70,529,1
515,70,1098,1
516,70,1058,1
517,70,727,1
518,70,385,1
519,70,896,1
520,70,469,1
521,70,452,1
522,70,961,1
523,70,67,1
524,70,769,1
525,70,820,1
526,70,386,1
527,70,1252,1
528,70,1254,1
529,70,1143,1
530,70,1308,1
531,70,184,1
532,70,903,1
533,70,436,1
534,70,1088,1
535,70,773,1
536,70,971,1
537,70,125,1
538,70,230,1
539,70,1036,1
540,70,186,1
541,70,848,1
542,70,267,1
543,70,921,1
544,70,116,1
545,70,1001,1
546,70,926,1
547,70,735,1
548,70,1191,1
549,70,767,1
550,70,967,1
551,70,223,1
552,70,1300,1
553,70,407,1
554,70,487,1
555,70,1193,1
556,70,1275,1
557,70,887,1
558,70,506,1
559,70,770,1
560,70,394,1
561,70,989,1
562,70,653,1
563,70,172,1
564,70,830,1
565,70,476,1
566,70,410,1
567,70,1069,1
568,70,642,1
569,70,966,1
570,70,216,1
571,70,1174,1
572,70,187,1
573,70,520,1
574,70,1389,1
575,70,1307,1
576,70,1393,1
577,70,964,1
578,70,975,1
579,70,1183,1
580,70,621,1
581,70,677,1
582,70,588,1
583,70,771,1
584,70,1270,1
585,70,508,1
586,70,534,1
587,70,662,1
588,70,198,1
589,70,962,1
590,70,841,1
591,70,395,1
592,70,208,1
593,70,697,1
594,70,1247,1
595,70,638,1
596,70,652,1
597,70,1038,1
598,70,26,1
599,70,774,1
600,70,1002,1
601,70,648,1
602,70,678,1
603,70,40,1
604,70,153,1
605,70,271,1
606,70,1007,1
607,70,319,1
608,70,1078,1
609,70,1335,1
610,70,764,1
611,70,895,1
612,70,1023,1
613,70,1156,1
614,70,1045,1
615,70,1185,1
616,70,354,1
617,70,54,1
618,70,909,1
619,70,1178,1
620,70,795,1
621,70,1074,1
622,70,1120,1
623,70,901,1
624,70,1211,1
625,70,1291,1
626,70,568,1
627,70,672,1
628,70,185,1
629,70,1152,1
630,70,1339,1
631,70,747,1
632,70,756,1
633,70,285,1
634,70,1005,1
635,70,813,1
636,70,73,1
637,70,622,1
638,70,873,1
639,70,1110,1
640,70,310,1
641,70,640,1
642,70,1056,1
643,70,389,1
644,70,380,1
645,70,991,1
646,70,1086,1
647,70,1327,1
648,70,596,1
649,70,346,1
650,70,1062,1
651,70,890,1
652,70,861,1
653,70,479,1
654,70,790,1
655,70,431,1
656,70,1163,1
657,70,760,1
658,70,699,1
659,70,857,1
660,70,227,1
661,70,950,1
662,70,492,1
663,70,481,1
664,70,1105,1
665,70,435,1
666,70,1030,1
667,70,430,1
668,70,907,1
669,70,127,1
670,70,1128,1
671,70,880,1
672,70,1303,1
673,70,1390,1
674,70,702,1
675,70,447,1
676,70,74,1
677,70,131,1
678,70,30,1
679,70,365,1
680,70,1348,1
681,70,1260,1
682,70,493,1
683,70,87,1
684,70,1326,1
685,70,910,1
686,70,933,1
687,70,742,1
688,70,1403,1
689,70,619,1
690,70,1221,1
691,70,551,1
692,70,1049,1
693,70,1034,1
694,70,549,1
695,70,548,1
696,70,128,1
697,70,404,1
698,70,60,1
699,70,939,1
700,70,1053,1
701,70,215,1
702,70,556,1
703,70,944,1
704,70,1359,1
705,70,1041,1
706,70,518,1
707,70,1172,1
708,70,335,1
709,70,954,1
710,70,736,1
711,70,766,1
712,70,203,1
713,70,783,1
714,70,898,1
715,70,1109,1
716,70,293,1
717,70,603,1
718,70,668,1
719,70,631,1
720,70,1261,1
721,70,1387,1
722,70,1344,1
723,70,1231,1
724,70,413,1
725,70,126,1
726,70,402,1
727,70,696,1
728,70,1213,1
729,70,160,1
730,70,837,1
731,70,1236,1
732,70,1237,1
733,70,1039,1
734,70,255,1
735,70,437,1
736,70,814,1
737,70,422,1
738,70,222,1
739,70,532,1
740,70,997,1
741,70,1150,1
742,70,433,1
743,70,1028,1
744,70,684,1
745,70,225,1
746,70,875,1
747,70,1384,1
748,70,118,1
749,70,905,1
750,70,810,1
751,70,860,1
752,70,675,1
753,70,958,1
754,70,11,1
755,70,1202,1
756,70,303,1
757,70,1108,1
758,70,373,1
759,70,311,1
760,70,674,1
761,70,456,1
762,70,1048,1
763,70,587,1
764,70,344,1
765,70,117,1
766,70,1223,1
767,70,632,1
768,70,49,1
769,70,247,1
770,70,786,1
771,70,821,1
772,70,1240,1
773,70,666,1
774,70,200,1
775,70,1208,1
776,70,1336,1
777,70,4,1
778,70,816,1
779,70,317,1
780,70,1294,1
781,70,649,1
782,70,3,1
783,70,357,1
784,70,1137,1
785,70,804,1
786,70,34,1
787,70,1100,1
788,70,733,1
789,70,669,1
790,70,1104,1
791,70,88,1
792,70,197,1
793,70,1219,1
794,70,586,1
795,70,1206,1
796,70,929,1
797,70,355,1
798,70,1337,1
799,70,918,1
800,70,1315,1
801,70,350,1
802,70,1139,1
803,70,1366,1
804,70,1151,1
805,70,993,1
806,70,686,1
807,70,440,1
808,70,138,1
809,70,894,1
810,70,256,1
811,70,762,1
812,70,161,1
813,70,558,1
814,70,1224,1
815,70,495,1
816,70,940,1
817,70,610,1
818,70,182,1
819,70,388,1
820,70,241,1
821,70,1119,1
822,70,325,1
823,70,1195,1
824,70,955,1
825,70,504,1
826,70,984,1
827,70,107,1
828,70,501,1
829,70,941,1
830,70,31,1
831,70,970,1
832,70,946,1
833,70,793,1
834,70,835,1
835,70,1000,1
836,70,1192,1
837,70,1096,1
838,70,930,1
839,70,496,1
840,70,1004,1
841,70,1241,1
842,70,80,1
843,70,1025,1
844,70,406,1
845,70,826,1
846,70,597,1
847,70,231,1
848,70,383,1
849,70,1357,1
850,70,659,1
851,70,425,1
852,70,782,1
853,70,0,1
854,70,396,1
855,70,858,1
856,70,313,1
857,70,571,1
858,70,1073,1
859,70,968,1
860,70,707,1
861,70,1019,1
862,70,301,1
863,70,300,1
864,70,1229,1
865,70,99,1
866,70,541,1
867,70,1077,1
868,70,439,1
869,70,429,1
870,70,449,1
871,70,419,1
872,70,881,1
873,70,580,1
874,70,22,1
875,70,179,1
876,70,290,1
877,70,393,1
878,70,581,1
879,70,281,1
880,70,352,1
881,70,882,1
882,70,424,1
883,70,338,1
884,70,327,1
885,70,654,1
886,70,998,1
887,70,627,1
888,70,1107,1
889,70,1332,1
890,70,43,1
891,70,711,1
892,70,367,1
893,70,825,1
894,70,85,1
895,70,1103,1
896,70,1197,1
897,70,372,1
898,70,646,1
899,70,737,1
900,70,758,1
901,70,1018,1
902,70,434,1
903,70,489,1
904,70,1129,1
905,70,358,1
906,70,1374,1
907,70,897,1
908,70,1322,1
909,70,51,1
910,70,936,1
911,70,660,1
912,110,90,1
913,110,813,1
914,110,38,1
915,110,463,1
916,110,306,1
917,110,688,1
918,110,1250,1
919,110,1031,1
920,110,1138,1
921,110,211,1
922,110,209,1
923,110,77,1
924,110,241,1
925,110,711,1
926,110,1182,1
927,110,288,1
928,110,177,1
929,110,835,1
930,110,109,1
931,110,1218,1
932,110,1334,1
933,110,632,1
934,110,620,1
935,110,925,1
936,110,1342,1
937,110,269,1
938,110,613,1
939,110,1037,1
940,110,507,1
941,110,196,1
942,110,1297,1
943,110,1110,1
944,110,1245,1
945,110,345,1
946,110,1222,1
947,110,1239,1
948,110,322,1
949,110,1208,1
950,110,338,1
951,110,4,1
952,110,1309,1
953,158,668,1
954,158,1131,1
955,158,914,1
956,158,1010,1
957,158,110,1
958,158,527,1
959,158,1065,1
960,158,385,1
961,158,1384,1
962,158,1257,1
963,158,1180,1
964,158,598,1
965,158,644,1
966,158,1041,1
967,158,273,1
968,158,276,1
969,158,121,1
970,158,480,1
971,158,284,1
972,158,322,1
973,158,481,1
974,158,123,1
975,158,600,1
976,158,709,1
977,158,909,1
978,158,1103,1
979,158,291,1
980,158,1192,1
981,158,261,1
982,158,0,1
983,158,407,1
984,158,777,1
985,158,437,1
986,158,998,1
987,158,505,1
988,158,724,1
989,158,249,1
990,158,746,1
991,158,1182,1
992,158,22,1
993,158,1084,1
994,158,625,1
995,158,772,1
996,158,1053,1
997,158,173,1
998,158,708,1
999,158,1142,1
1000,158,732,1
1001,158,1073,1
1002,158,1068,1
1003,158,3,1
1004,158,367,1
1005,158,398,1
1006,158,1144,1
1007,158,634,1
1008,158,265,1
1009,158,208,1
1010,201,729,1
1011,201,1371,1
1012,201,230,1
1013,201,67,1
1014,201,629,1
1015,201,546,1
1016,201,254,1
1017,201,762,1
1018,201,1339,1
1019,201,613,1
1020,201,782,1
1021,201,403,1
1022,201,30,1
1023,201,1354,1
1024,201,1123,1
1025,201,1395,1
1026,201,1241,1
1027,201,716,1
1028,201,97,1
1029,201,511,1
1030,234,1121,1
1031,242,884,1
1032,242,201,1
1033,242,403,1
1034,242,245,1
1035,242,194,1
1036,242,1355,1
1037,242,461,1
1038,242,546,1
1039,242,317,1
1040,242,868,1
1041,242,489,1
1042,242,234,1
1043,242,930,1
1044,242,431,1
1045,242,991,1
1046,242,420,1
1047,242,331,1
1048,242,923,1
1049,242,181,1
1050,242,514,1
1051,242,89,1
1052,242,551,1
1053,242,475,1
1054,242,733,1
1055,242,422,1
1056,242,280,1
1057,242,720,1
1058,242,574,1
1059,242,1004,1
1060,242,47,1
1061,242,579,1
1062,242,1255,1
1063,242,977,1
1064,242,127,1
1065,242,520,1
1066,242,1126,1
1067,242,1066,1
1068,242,565,1
1069,242,622,1
1070,242,711,1
1071,242,353,1
1072,242,682,1
1073,242,992,1
1074,242,417,1
1075,242,624,1
1076,242,1059,1
1077,242,15,1
1078,242,1021,1
1079,242,891,1
1080,242,573,1
1081,242,1241,1
1082,242,400,1
1083,242,1354,1
1084,242,805,1
1085,242,352,1
1086,242,163,1
1087,242,142,1
1088,242,1282,1
1089,242,225,1
1090,242,595,1
1091,242,506,1
1092,254,1187,1
1093,254,373,1
1094,254,526,1
1095,254,804,1
1096,254,1065,1
1097,254,1254,1
1098,254,358,1
1099,254,35,1
1100,254,1171,1
1101,254,505,1
1102,254,1208,1
1103,254,1336,1
1104,254,369,1
1105,254,829,1
1106,254,1064,1
1107,254,412,1
1108,254,261,1
1109,254,539,1
1110,254,686,1
1111,254,632,1
1112,254,427,1
1113,254,596,1
1114,254,719,1
1115,254,556,1
1116,254,1117,1
1117,254,1257,1
1118,254,192,1
1119,254,688,1
1120,254,608,1
1121,254,394,1
1122,254,1148,1
1123,254,548,1
1124,254,682,1
1125,254,872,1
1126,254,1381,1
1127,254,380,1
1128,254,701,1
1129,254,486,1
1130,254,683,1
1131,254,1168,1
1132,254,1212,1
1133,254,133,1
1134,254,670,1
1135,254,1118,1
1136,254,1124,1
1137,254,101,1
1138,254,37,1
1139,254,579,1
1140,254,1041,1
1141,254,943,1
1142,254,562,1
1143,254,280,1
1144,254,352,1
1145,254,756,1
1146,254,507,1
1147,254,222,1
1148,254,1076,1
1149,254,568,1
1150,254,272,1
1151,254,1359,1
1152,254,1373,1
1153,254,331,1
1154,254,691,1
1155,254,454,1
1156,254,487,1
1157,254,811,1
1158,254,18,1
1159,254,1123,1
1160,254,274,1
1161,254,1247,1
1162,254,699,1
1163,254,395,1
1164,254,356,1
1165,254,1104,1
1166,254,537,1
1167,254,1352,1
1168,254,39,1
1169,254,314,1
1170,254,640,1
1171,254,1090,1
1172,254,362,1
1173,254,1048,1
1174,254,1229,1
1175,254,790,1
1176,254,614,1
1177,254,1297,1
1178,254,693,1
1179,254,203,1
1180,254,326,1
1181,254,63,1
1182,254,243,1
1183,254,325,1
1184,254,275,1
1185,254,715,1
1186,254,1334,1
1187,254,1346,1
1188,254,1057,1
1189,254,70,1
1190,254,945,1
1191,254,598,1
1192,254,340,1
1193,254,668,1
1194,254,1189,1
1195,254,461,1
1196,254,523,1
1197,254,776,1
1198,254,833,1
1199,254,251,1
1200,254,152,1
1201,254,1277,1
1202,254,805,1
1203,254,95,1
1204,254,1037,1
1205,254,23,1
1206,254,1059,1
1207,254,128,1
1208,254,940,1
1209,254,333,1
1210,254,1097,1
1211,254,230,1
1212,254,654,1
1213,254,127,1
1214,254,813,1
1215,254,768,1
1216,254,827,1
1217,254,754,1
1218,254,1341,1
1219,254,1294,1
1220,254,1179,1
1221,254,1184,1
1222,254,1315,1
1223,254,1303,1
1224,254,414,1
1225,254,1249,1
1226,254,1116,1
1227,254,914,1
1228,254,370,1
1229,254,16,1
1230,254,339,1
1231,254,344,1
1232,254,932,1
1233,254,406,1
1234,254,1250,1
1235,254,1215,1
1236,254,743,1
1237,254,532,1
1238,254,1394,1
1239,254,520,1
1240,254,1139,1
1241,254,1172,1
1242,254,758,1
1243,254,266,1
1244,254,27,1
1245,254,51,1
1246,254,1180,1
1247,254,1001,1
1248,254,875,1
1249,254,158,1
1250,254,1031,1
1251,254,1307,1
1252,254,518,1
1253,254,961,1
1254,254,1141,1
1255,254,1237,1
1256,254,225,1
1257,254,357,1
1258,254,0,1
1259,254,1214,1
1260,254,118,1
1261,254,1103,1
1262,254,22,1
1263,254,62,1
1264,254,909,1
1265,254,1366,1
1266,254,912,1
1267,254,1094,1
1268,254,896,1
1269,254,421,1
1270,254,193,1
1271,254,551,1
1272,254,759,1
1273,254,835,1
1274,254,211,1
1275,254,379,1
1276,254,560,1
1277,254,57,1
1278,254,233,1
1279,254,206,1
1280,254,519,1
1281,254,831,1
1282,254,964,1
1283,254,1086,1
1284,254,793,1
1285,254,319,1
1286,254,386,1
1287,254,289,1
1288,254,336,1
1289,254,157,1
1290,254,651,1
1291,254,171,1
1292,254,208,1
1293,254,1029,1
1294,254,1287,1
1295,254,180,1
1296,254,916,1
1297,254,60,1
1298,254,196,1
1299,254,529,1
1300,254,137,1
1301,254,818,1
1302,254,849,1
1303,254,1131,1
1304,254,367,1
1305,254,1149,1
1306,254,452,1
1307,254,439,1
1308,254,435,1
1309,254,1110,1
1310,254,563,1
1311,254,924,1
1312,254,317,1
1313,254,221,1
1314,254,963,1
1315,254,543,1
1316,254,920,1
1317,254,898,1
1318,254,926,1
1319,254,989,1
1320,254,183,1
1321,254,34,1
1322,254,946,1
1323,254,146,1
1324,254,524,1
1325,254,525,1
1326,254,1387,1
1327,254,607,1
1328,254,1379,1
1329,254,757,1
1330,254,728,1
1331,254,1156,1
1332,254,854,1
1333,254,695,1
1334,254,703,1
1335,254,459,1
1336,254,40,1
1337,254,110,1
1338,254,1357,1
1339,254,1056,1
1340,254,546,1
1341,254,627,1
1342,254,599,1
1343,254,1062,1
1344,254,1143,1
1345,254,1183,1
1346,254,779,1
1347,254,595,1
1348,254,720,1
1349,254,713,1
1350,254,984,1
1351,254,1339,1
1352,254,1402,1
1353,254,334,1
1354,254,4,1
1355,254,1243,1
1356,254,1043,1
1357,254,247,1
1358,254,33,1
1359,254,1241,1
1360,254,265,1
1361,254,633,1
1362,254,572,1
1363,254,778,1
1364,254,113,1
1365,254,172,1
1366,254,1091,1
1367,254,656,1
1368,254,397,1
1369,254,1044,1
1370,254,1263,1
1371,254,709,1
1372,254,1108,1
1373,254,939,1
1374,254,815,1
1375,254,1036,1
1376,254,985,1
1377,254,497,1
1378,254,1173,1
1379,254,966,1
1380,254,1099,1
1381,254,1355,1
1382,254,698,1
1383,254,1197,1
1384,254,1239,1
1385,254,270,1
1386,254,1342,1
1387,254,705,1
1388,254,1182,1
1389,254,249,1
1390,254,769,1
1391,254,897,1
1392,254,767,1
1393,254,514,1
1394,254,581,1
1395,254,463,1
1396,254,1070,1
1397,254,1384,1
1398,254,1138,1
1399,254,213,1
1400,254,302,1
1401,254,753,1
1402,254,415,1
1403,254,782,1
1404,254,176,1
1405,254,279,1
1406,254,299,1
1407,254,1235,1
1408,254,967,1
1409,254,389,1
1410,254,489,1
1411,254,746,1
1412,254,480,1
1413,254,328,1
1414,254,730,1
1415,254,1205,1
1416,254,823,1
1417,254,46,1
1418,254,332,1
1419,254,191,1
1420,254,493,1
1421,254,644,1
1422,254,364,1
1423,254,1345,1
1424,254,255,1
1425,254,234,1
1426,254,300,1
1427,254,1122,1
1428,254,1003,1
1429,254,24,1
1430,254,987,1
1431,254,500,1
1432,254,212,1
1433,254,577,1
1434,254,1008,1
1435,254,710,1
1436,254,1154,1
1437,292,441,1
1438,292,709,1
1439,292,1248,1
1440,292,905,1
1441,292,481,1
1442,292,1379,1
1443,292,133,1
1444,292,596,1
1445,292,262,1
1446,292,1221,1
1447,292,650,1
1448,292,424,1
1449,292,1254,1
1450,292,463,1
1451,292,946,1
1452,292,309,1
1453,292,223,1
1454,292,1059,1
1455,292,912,1
1456,292,312,1
1457,292,65,1
1458,292,695,1
1459,292,885,1
1460,292,1300,1
1461,292,263,1
1462,292,1163,1
1463,292,770,1
1464,292,1408,1
1465,292,666,1
1466,292,1295,1
1467,292,1345,1
1468,292,897,1
1469,292,1385,1
1470,292,924,1
1471,292,840,1
1472,292,270,1
1473,292,235,1
1474,292,602,1
1475,292,1334,1
1476,292,207,1
1477,292,1201,1
1478,292,497,1
1479,292,73,1
1480,292,269,1
1481,292,1336,1
1482,292,918,1
1483,292,887,1
1484,292,62,1
1485,292,125,1
1486,292,107,1
1487,292,412,1
1488,292,333,1
1489,292,890,1
1490,292,642,1
1491,292,1139,1
1492,292,514,1
1493,292,688,1
1494,292,90,1
1495,292,1235,1
1496,292,607,1
1497,292,780,1
1498,292,754,1
1499,292,24,1
1500,292,493,1
1501,292,999,1
1502,292,829,1
1503,292,113,1
1504,292,384,1
1505,292,1351,1
1506,292,1065,1
1507,292,1290,1
1508,292,1387,1
1509,292,275,1
1510,292,1143,1
1511,292,644,1
1512,292,357,1
1513,292,1056,1
1514,292,143,1
1515,292,175,1
1516,292,296,1
1517,292,619,1
1518,292,186,1
1519,292,1030,1
1520,292,3,1
1521,292,266,1
1522,292,589,1
1523,292,1289,1
1524,292,620,1
1525,292,38,1
1526,292,737,1
1527,292,1389,1
1528,292,44,1
1529,292,656,1
1530,292,436,1
1531,292,247,1
1532,292,67,1
1533,292,624,1
1534,292,896,1
1535,292,614,1
1536,292,953,1
1537,292,528,1
1538,292,61,1
1539,292,467,1
1540,292,1016,1
1541,292,1005,1
1542,292,613,1
1543,292,433,1
1544,292,95,1
1545,292,439,1
1546,292,478,1
1547,292,615,1
1548,292,1347,1
1549,292,830,1
1550,292,1250,1
1551,292,114,1
1552,292,1339,1
1553,292,526,1
1554,292,1386,1
1555,292,778,1
1556,292,409,1
1557,292,569,1
1558,292,1007,1
1559,292,354,1
1560,292,757,1
1561,292,560,1
1562,292,1241,1
1563,292,1283,1
1564,292,793,1
1565,292,1364,1
1566,292,554,1
1567,292,849,1
1568,292,176,1
1569,292,665,1
1570,292,87,1
1571,292,4,1
1572,292,939,1
1573,292,834,1
1574,292,604,1
1575,292,550,1
1576,292,128,1
1577,292,22,1
1578,292,189,1
1579,292,40,1
1580,292,1266,1
1581,292,216,1
1582,292,134,1
1583,292,1373,1
1584,292,211,1
1585,292,19,1
1586,292,875,1
1587,292,564,1
1588,292,598,1
1589,292,1331,1
1590,292,387,1
1591,292,1169,1
1592,292,1066,1
1593,292,278,1
1594,292,692,1
1595,292,350,1
1596,292,760,1
1597,292,738,1
1598,292,1219,1
1599,292,118,1
1600,292,15,1
1601,292,1366,1
1602,292,455,1
1603,292,525,1
1604,292,648,1
1605,292,938,1
1606,292,925,1
1607,292,928,1
1608,292,256,1
1609,292,1148,1
1610,292,45,1
1611,292,1282,1
1612,292,842,1
1613,292,1260,1
1614,292,963,1
1615,292,1092,1
1616,292,1194,1
1617,292,543,1
1618,292,805,1
1619,292,1398,1
1620,292,811,1
1621,292,573,1
1622,292,683,1
1623,292,1374,1
1624,292,367,1
1625,292,89,1
1626,292,319,1
1627,292,389,1
1628,292,797,1
1629,292,212,1
1630,292,640,1
1631,292,36,1
1632,292,192,1
1633,292,242,1
1634,292,1053,1
1635,292,221,1
1636,292,645,1
1637,292,1076,1
1638,292,563,1
1639,292,1134,1
1640,292,1003,1
1641,292,506,1
1642,292,116,1
1643,292,983,1
1644,292,459,1
1645,292,827,1
1646,292,152,1
1647,292,584,1
1648,292,654,1
1649,292,759,1
1650,292,397,1
1651,292,1080,1
1652,292,1077,1
1653,292,846,1
1654,292,1321,1
1655,292,902,1
1656,292,72,1
1657,292,1178,1
1658,292,1085,1
1659,292,56,1
1660,292,1177,1
1661,292,47,1
1662,292,153,1
1663,292,1380,1
1664,292,1008,1
1665,292,1188,1
1666,292,310,1
1667,292,1378,1
1668,292,530,1
1669,292,1106,1
1670,292,1319,1
1671,292,967,1
1672,292,316,1
1673,292,941,1
1674,292,1261,1
1675,292,188,1
1676,292,1251,1
1677,292,739,1
1678,292,396,1
1679,292,352,1
1680,292,570,1
1681,292,1160,1
1682,292,353,1
1683,292,338,1
1684,292,342,1
1685,292,728,1
1686,292,705,1
1687,292,198,1
1688,292,1223,1
1689,292,402,1
1690,292,799,1
1691,292,1027,1
1692,292,123,1
1693,292,204,1
1694,292,1,1
1695,292,1264,1
1696,292,937,1
1697,292,1393,1
1698,292,898,1
1699,292,360,1
1700,292,1071,1
1701,292,628,1
1702,292,1129,1
1703,292,864,1
1704,292,579,1
1705,292,410,1
1706,292,83,1
1707,292,694,1
1708,292,555,1
1709,292,641,1
1710,292,871,1
1711,292,311,1
1712,292,257,1
1713,292,572,1
1714,292,422,1
1715,292,171,1
1716,292,761,1
1717,292,774,1
1718,292,1175,1
1719,292,381,1
1720,292,365,1
1721,292,1243,1
1722,292,860,1
1723,292,284,1
1724,292,103,1
1725,292,332,1
1726,292,518,1
1727,292,460,1
1728,292,386,1
1729,292,975,1
1730,292,551,1
1731,292,1228,1
1732,292,33,1
1733,292,291,1
1734,292,261,1
1735,292,884,1
1736,292,649,1
1737,292,1346,1
1738,292,88,1
1739,292,520,1
1740,292,1078,1
1741,292,566,1
1742,292,16,1
1743,292,1057,1
1744,292,20,1
1745,292,348,1
1746,292,1298,1
1747,292,667,1
1748,292,1237,1
1749,292,328,1
1750,292,164,1
1751,292,950,1
1752,292,199,1
1753,292,630,1
1754,292,268,1
1755,292,743,1
1756,292,651,1
1757,292,1229,1
1758,292,1081,1
1759,292,1037,1
1760,292,492,1
1761,292,156,1
1762,292,998,1
1763,292,1285,1
1764,292,161,1
1765,292,320,1
1766,292,180,1
1767,292,1287,1
1768,292,1239,1
1769,292,366,1
1770,292,670,1
1771,292,1284,1
1772,292,75,1
1773,292,985,1
1774,292,168,1
1775,292,1141,1
1776,292,1198,1
1777,292,54,1
1778,292,110,1
1779,292,1359,1
1780,292,1394,1
1781,292,1171,1
1782,292,1330,1
1783,292,752,1
1784,292,949,1
1785,292,831,1
1786,292,712,1
1787,292,334,1
1788,292,109,1
1789,292,1001,1
1790,292,1173,1
1791,292,301,1
1792,292,817,1
1793,292,115,1
1794,292,1390,1
1795,292,1274,1
1796,292,989,1
1797,292,1021,1
1798,292,971,1
1799,292,932,1
1800,292,595,1
1801,292,8,1
1802,292,489,1
1803,292,764,1
1804,292,450,1
1805,292,844,1
1806,292,853,1
1807,292,30,1
1808,292,872,1
1809,292,788,1
1810,292,414,1
1811,292,1011,1
1812,292,234,1
1813,292,1070,1
1814,292,824,1
1815,292,21,1
1816,292,243,1
1817,292,1179,1
1818,292,771,1
1819,292,524,1
1820,292,1326,1
1821,292,330,1
1822,292,1317,1
1823,292,527,1
1824,292,231,1
1825,292,659,1
1826,292,676,1
1827,292,187,1
1828,292,1350,1
1829,292,206,1
1830,292,772,1
1831,292,511,1
1832,292,960,1
1833,292,549,1
1834,292,46,1
1835,292,957,1
1836,292,318,1
1837,292,698,1
1838,292,556,1
1839,292,717,1
1840,292,606,1
1841,292,696,1
1842,292,1185,1
1843,292,442,1
1844,292,210,1
1845,292,197,1
1846,292,1103,1
1847,292,237,1
1848,292,35,1
1849,292,423,1
1850,292,80,1
1851,292,742,1
1852,292,1119,1
1853,292,632,1
1854,292,599,1
1855,292,548,1
1856,292,1308,1
1857,292,279,1
1858,292,973,1
1859,292,565,1
1860,292,82,1
1861,292,1205,1
1862,292,144,1
1863,292,580,1
1864,292,1174,1
1865,292,267,1
1866,292,1313,1
1867,292,855,1
1868,292,452,1
1869,292,693,1
1870,292,523,1
1871,292,1247,1
1872,292,494,1
1873,292,677,1
1874,292,265,1
1875,292,1122,1
1876,292,539,1
1877,339,379,1
1878,339,1087,1
1879,339,171,1
1880,339,1125,1
1881,339,652,1
1882,339,818,1
1883,339,749,1
1884,339,1106,1
1885,339,476,1
1886,339,384,1
1887,339,425,1
1888,339,767,1
1889,339,364,1
1890,339,1205,1
1891,339,1165,1
1892,339,1142,1
1893,339,134,1
1894,339,876,1
1895,339,332,1
1896,339,1039,1
1897,339,894,1
1898,339,491,1
1899,339,327,1
1900,339,1309,1
1901,339,1117,1
1902,339,291,1
1903,339,761,1
1904,339,387,1
1905,339,1189,1
1906,339,178,1
1907,339,76,1
1908,339,46,1
1909,339,463,1
1910,339,1059,1
1911,339,305,1
1912,339,1164,1
1913,339,528,1
1914,339,559,1
1915,346,686,1
1916,346,923,1
1917,346,1149,1
1918,346,1002,1
1919,346,875,1
1920,346,543,1
1921,346,924,1
1922,346,1308,1
1923,346,585,1
1924,346,1342,1
1925,346,750,1
1926,346,192,1
1927,346,1374,1
1928,346,1247,1
1929,346,550,1
1930,346,643,1
1931,346,227,1
1932,346,1339,1
1933,346,1385,1
1934,346,65,1
1935,380,762,1
1936,525,19,1
1937,525,122,1
1938,525,391,1
1939,525,1122,1
1940,525,1266,1
1941,525,161,1
1942,525,328,1
1943,525,116,1
1944,525,105,1
1945,525,386,1
1946,525,1364,1
1947,525,411,1
1948,525,209,1
1949,525,336,1
1950,525,228,1
1951,525,1086,1
1952,525,1049,1
1953,525,1330,1
1954,525,1285,1
1955,525,217,1
1956,525,672,1
1957,525,1197,1
1958,525,410,1
1959,525,1007,1
1960,591,1362,1
1961,591,943,1
1962,591,56,1
1963,591,701,1
1964,591,851,1
1965,591,229,1
1966,591,112,1
1967,591,971,1
1968,591,725,1
1969,591,619,1
1970,591,95,1
1971,591,632,1
1972,591,388,1
1973,591,566,1
1974,591,1201,1
1975,591,38,1
1976,591,407,1
1977,591,395,1
1978,591,417,1
1979,591,613,1
1980,591,960,1
1981,591,1289,1
1982,591,894,1
1983,591,205,1
1984,591,1087,1
1985,591,672,1
1986,591,21,1
1987,591,638,1
1988,591,1325,1
1989,591,297,1
1990,591,452,1
1991,591,335,1
1992,591,1258,1
1993,591,897,1
1994,591,20,1
1995,591,1049,1
1996,591,424,1
1997,591,958,1
1998,591,363,1
1999,591,1114,1
2000,591,178,1
2001,591,951,1
2002,591,734,1
2003,591,110,1
2004,591,425,1
2005,591,128,1
2006,591,215,1
2007,591,364,1
2008,591,256,1
2009,591,936,1
2010,591,1266,1
2011,591,493,1
2012,591,1140,1
2013,591,963,1
2014,591,810,1
2015,591,1011,1
2016,591,39,1
2017,591,254,1
2018,591,1043,1
2019,591,109,1
2020,591,1353,1
2021,591,823,1
2022,591,666,1
2023,591,1,1
2024,591,454,1
2025,591,903,1
2026,591,523,1
2027,591,344,1
2028,591,729,1
2029,591,628,1
2030,591,596,1
2031,591,890,1
2032,591,325,1
2033,591,530,1
2034,591,754,1
2035,591,880,1
2036,591,543,1
2037,591,795,1
2038,591,342,1
2039,591,824,1
2040,591,1270,1
2041,591,1076,1
2042,591,774,1
2043,591,528,1
2044,591,546,1
2045,591,987,1
2046,591,62,1
2047,591,821,1
2048,591,739,1
2049,591,218,1
2050,591,497,1
2051,591,594,1
2052,591,756,1
2053,591,833,1
2054,591,909,1
2055,591,1274,1
2056,591,1182,1
2057,591,884,1
2058,591,318,1
2059,591,529,1
2060,591,1206,1
2061,591,1272,1
2062,591,797,1
2063,591,332,1
2064,591,1057,1
2065,591,905,1
2066,591,875,1
2067,591,76,1
2068,591,782,1
2069,591,1149,1
2070,591,811,1
2071,591,1322,1
2072,591,235,1
2073,591,1278,1
2074,591,1367,1
2075,591,1350,1
2076,591,461,1
2077,591,230,1
2078,591,700,1
2079,591,597,1
2080,591,860,1
2081,591,563,1
2082,591,937,1
2083,591,673,1
2084,591,707,1
2085,591,403,1
2086,591,1297,1
2087,591,378,1
2088,591,1304,1
2089,591,323,1
2090,591,422,1
2091,591,1072,1
2092,591,932,1
2093,591,81,1
2094,591,1263,1
2095,591,457,1
2096,591,1007,1
2097,591,1142,1
2098,591,107,1
2099,591,1404,1
2100,591,88,1
2101,591,989,1
2102,591,643,1
2103,591,185,1
2104,591,946,1
2105,591,204,1
2106,591,950,1
2107,591,105,1
2108,591,320,1
2109,591,430,1
2110,591,1244,1
2111,591,287,1
2112,591,1048,1
2113,591,46,1
2114,591,1059,1
2115,591,1126,1
2116,591,858,1
2117,591,520,1
2118,591,330,1
2119,591,1357,1
2120,591,577,1
2121,591,1298,1
2122,591,354,1
2123,591,787,1
2124,591,1064,1
2125,591,1125,1
2126,591,386,1
2127,591,1229,1
2128,591,1071,1
2129,591,1143,1
2130,591,1354,1
2131,591,463,1
2132,591,1359,1
2133,591,1213,1
2134,591,778,1
2135,591,853,1
2136,591,1394,1
2137,591,895,1
2138,591,864,1
2139,591,1339,1
2140,591,532,1
2141,591,137,1
2142,591,289,1
2143,591,570,1
2144,591,545,1
2145,591,525,1
2146,591,1250,1
2147,591,301,1
2148,591,483,1
2149,591,225,1
2150,591,267,1
2151,591,720,1
2152,591,809,1
2153,591,762,1
2154,591,391,1
2155,591,896,1
2156,591,484,1
2157,591,752,1
2158,591,139,1
2159,591,1345,1
2160,591,199,1
2161,591,656,1
2162,591,367,1
2163,591,818,1
2164,591,131,1
2165,591,1062,1
2166,591,649,1
2167,591,245,1
2168,591,812,1
2169,591,1293,1
2170,591,687,1
2171,591,703,1
2172,591,654,1
2173,591,16,1
2174,591,820,1
2175,591,1118,1
2176,591,495,1
2177,591,149,1
2178,591,660,1
2179,591,216,1
2180,591,404,1
2181,591,815,1
2182,591,914,1
2183,591,1301,1
2184,591,728,1
2185,591,412,1
2186,591,1223,1
2187,591,183,1
2188,591,222,1
2189,591,511,1
2190,591,397,1
2191,591,571,1
2192,591,924,1
2193,591,77,1
2194,591,1171,1
2195,591,1280,1
2196,591,1321,1
2197,591,1070,1
2198,591,243,1
2199,591,1243,1
2200,591,653,1
2201,591,1025,1
2202,591,270,1
2203,591,1245,1
2204,591,985,1
2205,591,610,1
2206,591,336,1
2207,591,923,1
2208,591,601,1
2209,591,1336,1
2210,591,962,1
2211,591,478,1
2212,591,1165,1
2213,591,504,1
2214,591,819,1
2215,591,1231,1
2216,591,180,1
2217,591,317,1
2218,591,995,1
2219,591,247,1
2220,591,1151,1
2221,591,1346,1
2222,591,1383,1
2223,591,800,1
2224,591,1034,1
2225,591,485,1
2226,591,956,1
2227,591,438,1
2228,591,929,1
2229,591,121,1
2230,591,526,1
2231,591,1163,1
2232,591,634,1
2233,591,158,1
2234,591,381,1
2235,591,548,1
2236,591,549,1
2237,591,19,1
2238,591,279,1
2239,591,476,1
2240,591,567,1
2241,591,1253,1
2242,591,1121,1
2243,591,348,1
2244,591,377,1
2245,591,973,1
2246,591,421,1
2247,591,303,1
2248,591,556,1
2249,591,328,1
2250,591,624,1
2251,591,171,1
2252,591,842,1
2253,591,869,1
2254,591,1172,1
2255,591,435,1
2256,591,1080,1
2257,591,1205,1
2258,591,24,1
2259,591,1008,1
2260,591,622,1
2261,600,15,1
2262,600,629,1
2263,600,417,1
2264,600,574,1
2265,600,1005,1
2266,600,225,1
2267,600,89,1
2268,600,317,1
2269,601,140,1
2270,601,1089,1
2271,601,181,1
2272,601,1287,1
2273,601,1056,1
2274,601,1114,1
2275,601,963,1
2276,601,24,1
2277,601,1169,1
2278,601,271,1
2279,601,406,1
2280,601,776,1
2281,601,926,1
2282,601,454,1
2283,601,1129,1
2284,601,1339,1
2285,601,970,1
2286,601,520,1
2287,601,1398,1
2288,601,942,1
2289,601,1301,1
2290,601,83,1
2291,601,894,1
2292,601,1105,1
2293,601,858,1
2294,601,729,1
2295,601,225,1
2296,601,595,1
2297,601,1346,1
2298,601,17,1
2299,601,548,1
2300,601,661,1
2301,601,1292,1
2302,601,943,1
2303,601,1151,1
2304,601,733,1
2305,601,673,1
2306,601,831,1
2307,601,210,1
2308,601,762,1
2309,601,690,1
2310,601,63,1
2311,601,554,1
2312,601,313,1
2313,601,483,1
2314,601,417,1
2315,601,373,1
2316,601,1334,1
2317,601,951,1
2318,601,1099,1
2319,601,754,1
2320,601,975,1
2321,601,3,1
2322,601,405,1
2323,601,1217,1
2324,601,477,1
2325,601,991,1
2326,601,1160,1
2327,601,88,1
2328,601,256,1
2329,601,354,1
2330,601,1266,1
2331,601,674,1
2332,601,957,1
2333,601,391,1
2334,601,493,1
2335,601,598,1
2336,601,810,1
2337,601,853,1
2338,601,790,1
2339,601,1326,1
2340,601,1383,1
2341,601,613,1
2342,601,56,1
2343,601,1074,1
2344,601,131,1
2345,601,1364,1
2346,601,577,1
2347,601,424,1
2348,601,47,1
2349,601,861,1
2350,601,989,1
2351,601,720,1
2352,601,1183,1
2353,601,176,1
2354,601,1321,1
2355,601,84,1
2356,601,388,1
2357,601,1310,1
2358,601,889,1
2359,601,133,1
2360,601,146,1
2361,643,901,1
2362,643,331,1
2363,643,223,1
2364,643,810,1
2365,643,707,1
2366,643,774,1
2367,643,1171,1
2368,643,800,1
2369,643,393,1
2370,643,92,1
2371,643,273,1
2372,643,1048,1
2373,643,642,1
2374,643,75,1
2375,643,991,1
2376,643,176,1
2377,643,884,1
2378,643,442,1
2379,643,1337,1
2380,643,139,1
2381,643,1325,1
2382,643,349,1
2383,643,960,1
2384,643,1005,1
2385,643,430,1
2386,643,932,1
2387,643,130,1
2388,643,872,1
2389,643,890,1
2390,643,1229,1
2391,643,1086,1
2392,643,1270,1
2393,643,738,1
2394,643,745,1
2395,643,696,1
2396,643,719,1
2397,643,1050,1
2398,643,554,1
2399,643,487,1
2400,643,165,1
2401,643,1039,1
2402,643,797,1
2403,643,403,1
2404,643,270,1
2405,643,195,1
2406,643,768,1
2407,643,1184,1
2408,643,1296,1
2409,643,231,1
2410,643,417,1
2411,643,429,1
2412,643,235,1
2413,643,939,1
2414,643,874,1
2415,643,598,1
2416,643,524,1
2417,643,233,1
2418,643,470,1
2419,643,1249,1
2420,643,546,1
2421,643,143,1
2422,643,1037,1
2423,643,706,1
2424,643,123,1
2425,643,1173,1
2426,643,943,1
2427,643,808,1
2428,643,0,1
2429,643,1077,1
2430,643,1247,1
2431,643,632,1
2432,643,898,1
2433,643,817,1
2434,643,771,1
2435,643,811,1
2436,643,608,1
2437,643,723,1
2438,643,64,1
2439,643,332,1
2440,643,347,1
2441,643,1345,1
2442,643,790,1
2443,643,1134,1
2444,643,776,1
2445,643,836,1
2446,643,638,1
2447,643,831,1
2448,643,740,1
2449,643,1011,1
2450,643,518,1
2451,643,405,1
2452,643,875,1
2453,643,681,1
2454,643,1091,1
2455,643,498,1
2456,643,83,1
2457,643,1398,1
2458,643,923,1
2459,643,769,1
2460,643,532,1
2461,643,733,1
2462,643,627,1
2463,643,436,1
2464,643,119,1
2465,643,301,1
2466,643,421,1
2467,643,344,1
2468,643,164,1
2469,643,1341,1
2470,643,552,1
2471,643,742,1
2472,643,314,1
2473,643,832,1
2474,643,454,1
2475,643,826,1
2476,643,1253,1
2477,643,1355,1
2478,643,128,1
2479,643,1244,1
2480,643,221,1
2481,643,1193,1
2482,643,947,1
2483,643,74,1
2484,643,795,1
2485,643,148,1
2486,643,778,1
2487,643,392,1
2488,643,631,1
2489,643,985,1
2490,643,1400,1
2491,643,973,1
2492,643,550,1
2493,643,1135,1
2494,643,1251,1
2495,643,1248,1
2496,643,566,1
2497,643,622,1
2498,643,65,1
2499,643,830,1
2500,643,364,1
2501,643,877,1
2502,643,936,1
2503,643,711,1
2504,643,1326,1
2505,643,1332,1
2506,643,54,1
2507,643,1119,1
2508,643,854,1
2509,643,1336,1
2510,643,924,1
2511,643,1369,1
2512,643,812,1
2513,643,369,1
2514,643,853,1
2515,643,1402,1
2516,643,1206,1
2517,643,684,1
2518,643,365,1
2519,643,805,1
2520,643,1079,1
2521,643,749,1
2522,643,1353,1
2523,643,1068,1
2524,643,1127,1
2525,643,559,1
2526,643,350,1
2527,643,772,1
2528,643,858,1
2529,643,1348,1
2530,643,483,1
2531,643,549,1
2532,643,1101,1
2533,643,1278,1
2534,643,948,1
2535,643,146,1
2536,643,694,1
2537,643,326,1
2538,643,95,1
2539,643,1294,1
2540,643,1110,1
2541,643,945,1
2542,643,351,1
2543,643,971,1
2544,643,750,1
2545,643,1034,1
2546,643,909,1
2547,643,228,1
2548,643,879,1
2549,643,594,1
2550,643,1298,1
2551,643,712,1
2552,643,348,1
2553,643,447,1
2554,643,1277,1
2555,643,1295,1
2556,643,995,1
2557,643,1131,1
2558,643,1192,1
2559,643,585,1
2560,643,1250,1
2561,643,467,1
2562,643,956,1
2563,643,987,1
2564,643,1289,1
2565,643,431,1
2566,643,1408,1
2567,643,557,1
2568,643,475,1
2569,643,1195,1
2570,643,1073,1
2571,643,860,1
2572,643,450,1
2573,643,825,1
2574,643,1142,1
2575,643,1241,1
2576,643,1236,1
2577,643,1149,1
2578,643,902,1
2579,643,63,1
2580,643,1029,1
2581,643,1343,1
2582,643,702,1
2583,643,864,1
2584,643,818,1
2585,643,799,1
2586,643,720,1
2587,643,820,1
2588,643,1269,1
2589,643,1377,1
2590,643,1085,1
2591,643,170,1
2592,643,328,1
2593,643,121,1
2594,643,102,1
2595,643,325,1
2596,643,1123,1
2597,643,56,1
2598,643,372,1
2599,643,689,1
2600,643,15,1
2601,643,317,1
2602,643,1082,1
2603,643,1280,1
2604,643,1359,1
2605,643,1064,1
2606,643,1007,1
2607,643,1284,1
2608,643,645,1
2609,643,1380,1
2610,643,889,1
2611,643,691,1
2612,643,93,1
2613,643,589,1
2614,643,1285,1
2615,643,761,1
2616,643,984,1
2617,643,576,1
2618,643,1362,1
2619,643,1346,1
2620,643,525,1
2621,643,962,1
2622,643,539,1
2623,643,495,1
2624,643,560,1
2625,643,504,1
2626,643,209,1
2627,643,192,1
2628,643,60,1
2629,643,529,1
2630,643,485,1
2631,643,1100,1
2632,643,1317,1
2633,643,669,1
2634,643,218,1
2635,643,746,1
2636,643,798,1
2637,643,544,1
2638,643,530,1
2639,643,36,1
2640,643,1189,1
2641,643,229,1
2642,643,793,1
2643,643,288,1
2644,643,338,1
2645,643,592,1
2646,643,266,1
2647,643,1329,1
2648,643,1373,1
2649,643,173,1
2650,643,1083,1
2651,643,1272,1
2652,643,827,1
2653,643,913,1
2654,643,969,1
2655,643,584,1
2656,643,1129,1
2657,643,277,1
2658,643,651,1
2659,643,303,1
2660,643,268,1
2661,643,1237,1
2662,643,613,1
2663,643,131,1
2664,643,1342,1
2665,643,80,1
2666,643,46,1
2667,643,116,1
2668,643,87,1
2669,643,654,1
2670,643,1072,1
2671,643,1297,1
2672,643,1310,1
2673,643,964,1
2674,643,1212,1
2675,643,527,1
2676,643,1371,1
2677,643,1030,1
2678,643,371,1
2679,643,610,1
2680,643,616,1
2681,643,1003,1
2682,643,187,1
2683,643,52,1
2684,643,500,1
2685,643,1111,1
2686,643,574,1
2687,643,693,1
2688,643,660,1
2689,643,245,1
2690,643,573,1
2691,643,246,1
2692,643,757,1
2693,643,736,1
2694,643,30,1
2695,643,556,1
2696,643,479,1
2697,643,1070,1
2698,643,926,1
2699,643,1339,1
2700,643,925,1
2701,643,935,1
2702,643,1025,1
2703,643,1106,1
2704,643,155,1
2705,643,716,1
2706,643,968,1
2707,643,160,1
2708,643,1222,1
2709,643,24,1
2710,643,1027,1
2711,643,1263,1
2712,643,673,1
2713,643,455,1
2714,643,263,1
2715,643,107,1
2716,643,833,1
2717,643,19,1
2718,643,649,1
2719,643,493,1
2720,643,1227,1
2721,643,309,1
2722,643,628,1
2723,643,1167,1
2724,706,204,1
2725,706,1287,1
2726,717,489,1
2727,717,989,1
2728,717,0,1
2729,717,1330,1
2730,717,947,1
2731,717,79,1
2732,717,1124,1
2733,717,95,1
2734,717,1169,1
2735,717,318,1
2736,717,723,1
2737,717,316,1
2738,717,567,1
2739,717,57,1
2740,717,44,1
2741,717,215,1
2742,717,758,1
2743,717,828,1
2744,717,901,1
2745,717,1143,1
2746,717,379,1
2747,717,123,1
2748,717,849,1
2749,717,1090,1
2750,717,1229,1
2751,717,362,1
2752,717,613,1
2753,717,945,1
2754,717,1019,1
2755,717,1404,1
2756,717,431,1
2757,717,237,1
2758,717,1374,1
2759,717,1178,1
2760,717,1137,1
2761,717,1007,1
2762,717,1192,1
2763,717,1372,1
2764,717,314,1
2765,717,824,1
2766,717,348,1
2767,717,465,1
2768,717,548,1
2769,717,401,1
2770,717,667,1
2771,717,1123,1
2772,717,1245,1
2773,717,872,1
2774,717,120,1
2775,717,1215,1
2776,717,328,1
2777,717,3,1
2778,717,428,1
2779,717,468,1
2780,717,498,1
2781,717,1403,1
2782,717,278,1
2783,717,1068,1
2784,717,1115,1
2785,717,280,1
2786,717,430,1
2787,717,1138,1
2788,717,1036,1
2789,717,1059,1
2790,717,699,1
2791,717,39,1
2792,717,642,1
2793,717,459,1
2794,717,572,1
2795,717,829,1
2796,717,385,1
2797,717,1301,1
2798,717,940,1
2799,717,411,1
2800,717,678,1
2801,717,1270,1
2802,717,508,1
2803,717,586,1
2804,717,1259,1
2805,717,374,1
2806,717,1078,1
2807,717,1390,1
2808,717,724,1
2809,717,1224,1
2810,717,427,1
2811,717,56,1
2812,717,33,1
2813,717,312,1
2814,717,963,1
2815,717,523,1
2816,717,1121,1
2817,717,1394,1
2818,717,860,1
2819,717,232,1
2820,717,786,1
2821,717,438,1
2822,717,1103,1
2823,717,1127,1
2824,717,77,1
2825,717,543,1
2826,717,662,1
2827,717,461,1
2828,717,1073,1
2829,717,977,1
2830,717,1261,1
2831,717,325,1
2832,717,702,1
2833,717,719,1
2834,717,738,1
2835,717,175,1
2836,717,524,1
2837,717,457,1
2838,717,811,1
2839,717,1280,1
2840,717,192,1
2841,717,208,1
2842,717,976,1
2843,717,70,1
2844,717,1298,1
2845,717,145,1
2846,717,712,1
2847,717,514,1
2848,717,306,1
2849,717,119,1
2850,717,815,1
2851,717,264,1
2852,717,526,1
2853,717,578,1
2854,717,894,1
2855,717,30,1
2856,717,1367,1
2857,717,68,1
2858,717,862,1
2859,717,20,1
2860,717,304,1
2861,717,253,1
2862,717,686,1
2863,717,1268,1
2864,717,591,1
2865,717,708,1
2866,717,519,1
2867,717,942,1
2868,717,1190,1
2869,717,1274,1
2870,717,837,1
2871,717,898,1
2872,717,563,1
2873,717,614,1
2874,717,1102,1
2875,717,504,1
2876,717,893,1
2877,717,895,1
2878,717,488,1
2879,717,43,1
2880,717,805,1
2881,717,216,1
2882,717,204,1
2883,717,201,1
2884,717,64,1
2885,717,392,1
2886,717,128,1
2887,717,423,1
2888,717,1306,1
2889,717,12,1
2890,717,1392,1
2891,717,198,1
2892,717,1228,1
2893,717,616,1
2894,717,822,1
2895,717,345,1
2896,717,501,1
2897,717,197,1
2898,717,122,1
2899,717,1063,1
2900,717,644,1
2901,717,630,1
2902,717,871,1
2903,717,552,1
2904,717,1324,1
2905,717,245,1
2906,717,853,1
2907,717,105,1
2908,717,364,1
2909,717,393,1
2910,717,1072,1
2911,717,774,1
2912,717,38,1
2913,717,688,1
2914,717,152,1
2915,717,37,1
2916,717,1247,1
2917,717,1370,1
2918,717,607,1
2919,717,21,1
2920,717,109,1
2921,717,660,1
2922,717,1313,1
2923,717,24,1
2924,717,1139,1
2925,717,1289,1
2926,717,261,1
2927,717,1041,1
2928,717,1379,1
2929,717,134,1
2930,717,178,1
2931,717,1048,1
2932,717,114,1
2933,717,757,1
2934,717,1134,1
2935,717,1355,1
2936,717,890,1
2937,717,107,1
2938,717,347,1
2939,717,495,1
2940,717,544,1
2941,717,1368,1
2942,717,350,1
2943,717,550,1
2944,717,360,1
2945,717,1087,1
2946,717,846,1
2947,717,1334,1
2948,717,1070,1
2949,717,1058,1
2950,717,844,1
2951,717,969,1
2952,717,267,1
2953,717,1046,1
2954,717,529,1
2955,717,525,1
2956,717,979,1
2957,717,251,1
2958,717,515,1
2959,717,728,1
2960,717,255,1
2961,717,110,1
2962,717,799,1
2963,717,720,1
2964,717,398,1
2965,717,235,1
2966,717,355,1
2967,717,254,1
2968,717,936,1
2969,717,668,1
2970,717,1332,1
2971,717,222,1
2972,717,266,1
2973,717,1239,1
2974,717,511,1
2975,717,835,1
2976,717,403,1
2977,717,344,1
2978,717,1266,1
2979,717,1171,1
2980,717,210,1
2981,717,930,1
2982,717,539,1
2983,717,1319,1
2984,717,793,1
2985,717,874,1
2986,717,402,1
2987,717,782,1
2988,717,193,1
2989,717,858,1
2990,717,925,1
2991,717,273,1
2992,717,27,1
2993,717,710,1
2994,717,404,1
2995,717,334,1
2996,717,1383,1
2997,717,164,1
2998,717,875,1
2999,717,1304,1
3000,717,391,1
3001,717,638,1
3002,717,432,1
3003,717,1359,1
3004,717,444,1
3005,717,798,1
3006,717,40,1
3007,717,460,1
3008,717,327,1
3009,717,447,1
3010,717,340,1
3011,717,1347,1
3012,717,410,1
3013,717,10,1
3014,717,527,1
3015,717,413,1
3016,727,853,1
3017,727,452,1
3018,727,844,1
3019,727,1408,1
3020,727,93,1
3021,727,721,1
3022,727,554,1
3023,727,24,1
3024,727,679,1
3025,727,257,1
3026,727,821,1
3027,822,570,1
3028,822,193,1
3029,822,1373,1
3030,822,279,1
3031,822,1116,1
3032,822,1266,1
3033,822,693,1
3034,822,164,1
3035,822,312,1
3036,822,151,1
3037,822,620,1
3038,822,564,1
3039,822,1003,1
3040,822,79,1
3041,822,292,1
3042,822,330,1
3043,822,708,1
3044,822,936,1
3045,822,939,1
3046,822,246,1
3047,822,1229,1
3048,822,654,1
3049,822,267,1
3050,822,391,1
3051,822,1196,1
3052,822,203,1
3053,822,640,1
3054,822,638,1
3055,822,812,1
3056,822,1148,1
3057,822,125,1
3058,822,514,1
3059,822,764,1
3060,822,1173,1
3061,822,269,1
3062,822,650,1
3063,822,1057,1
3064,822,845,1
3065,822,1049,1
3066,822,142,1
3067,822,1253,1
3068,822,1256,1
3069,822,1163,1
3070,822,1047,1
3071,822,1385,1
3072,822,786,1
3073,890,403,1
3074,890,920,1
3075,890,112,1
3076,890,615,1
3077,890,1171,1
3078,890,774,1
3079,890,1192,1
3080,890,1322,1
3081,890,998,1
3082,890,93,1
3083,890,516,1
3084,890,793,1
3085,890,125,1
3086,890,598,1
3087,890,1142,1
3088,890,161,1
3089,890,146,1
3090,890,230,1
3091,890,480,1
3092,890,829,1
3093,890,1378,1
3094,890,1206,1
3095,890,235,1
3096,890,699,1
3097,890,222,1
3098,890,66,1
3099,890,234,1
3100,890,993,1
3101,890,875,1
3102,890,568,1
3103,890,523,1
3104,890,821,1
3105,890,1099,1
3106,890,814,1
3107,890,853,1
3108,890,40,1
3109,890,269,1
3110,890,1325,1
3111,890,1364,1
3112,890,1071,1
3113,890,762,1
3114,890,194,1
3115,890,192,1
3116,890,1294,1
3117,890,1139,1
3118,890,624,1
3119,890,1371,1
3120,890,405,1
3121,890,42,1
3122,890,1215,1
3123,890,1270,1
3124,890,105,1
3125,890,551,1
3126,890,1345,1
3127,890,1141,1
3128,890,1094,1
3129,890,1301,1
3130,890,857,1
3131,890,703,1
3132,890,1101,1
3133,890,413,1
3134,890,1247,1
3135,890,1157,1
3136,890,682,1
3137,890,877,1
3138,890,364,1
3139,890,158,1
3140,890,1237,1
3141,890,777,1
3142,890,709,1
3143,890,755,1
3144,890,273,1
3145,890,122,1
3146,890,1229,1
3147,890,1357,1
3148,890,342,1
3149,890,950,1
3150,890,826,1
3151,890,747,1
3152,955,335,1
3153,955,1310,1
3154,955,860,1
3155,955,122,1
3156,955,413,1
3157,955,890,1
3158,955,326,1
3159,955,1008,1
3160,955,42,1
3161,955,613,1
3162,955,552,1
3163,955,1237,1
3164,955,620,1
3165,955,1184,1
3166,955,1250,1
3167,955,1087,1
3168,955,604,1
3169,955,1393,1
3170,955,1408,1
3171,955,643,1
3172,955,1206,1
3173,955,652,1
3174,955,654,1
3175,955,1208,1
3176,955,1371,1
3177,955,340,1
3178,955,23,1
3179,955,291,1
3180,955,483,1
3181,955,1229,1
3182,955,774,1
3183,955,949,1
3184,955,1072,1
3185,955,831,1
3186,955,1357,1
3187,955,317,1
3188,955,554,1
3189,955,12,1
3190,955,528,1
3191,955,1143,1
3192,955,811,1
3193,955,523,1
3194,955,815,1
3195,955,1171,1
3196,955,93,1
3197,955,518,1
3198,955,63,1
3199,955,1044,1
3200,955,853,1
3201,955,403,1
3202,955,234,1
3203,955,1269,1
3204,955,325,1
3205,955,1000,1
3206,955,1376,1
3207,955,40,1
3208,955,854,1
3209,955,1124,1
3210,955,594,1
3211,955,485,1
3212,955,790,1
3213,955,180,1
3214,955,849,1
3215,955,347,1
3216,955,492,1
3217,955,1057,1
3218,955,851,1
3219,955,338,1
3220,955,417,1
3221,955,146,1
3222,955,1272,1
3223,955,737,1
3224,955,711,1
3225,955,1298,1
3226,955,1122,1
3227,955,271,1
3228,955,1192,1
3229,955,814,1
3230,955,698,1
3231,973,319,1
3232,973,1348,1
3233,973,0,1
3234,973,1044,1
3235,973,379,1
3236,973,1254,1
3237,973,154,1
3238,973,595,1
3239,973,63,1
3240,973,288,1
3241,973,772,1
3242,973,265,1
3243,973,613,1
3244,973,773,1
3245,973,697,1
3246,973,1253,1
3247,973,566,1
3248,973,1142,1
3249,973,496,1
3250,973,1257,1
3251,973,507,1
3252,973,711,1
3253,973,210,1
3254,973,342,1
3255,973,649,1
3256,973,454,1
3257,973,234,1
3258,973,677,1
3259,973,939,1
3260,973,525,1
3261,973,875,1
3262,973,1266,1
3263,973,523,1
3264,973,314,1
3265,973,1117,1
3266,973,889,1
3267,973,358,1
3268,973,1100,1
3269,973,80,1
3270,973,97,1
3271,973,800,1
3272,973,823,1
3273,973,856,1
3274,973,27,1
3275,973,691,1
3276,973,469,1
3277,973,1359,1
3278,973,204,1
3279,973,70,1
3280,973,798,1
3281,973,527,1
3282,973,365,1
3283,973,524,1
3284,973,589,1
3285,973,612,1
3286,973,139,1
3287,973,884,1
3288,973,562,1
3289,973,1301,1
3290,973,12,1
3291,973,256,1
3292,973,1187,1
3293,973,43,1
3294,973,326,1
3295,973,644,1
3296,973,686,1
3297,973,1033,1
3298,973,278,1
3299,973,544,1
3300,973,1059,1
3301,973,369,1
3302,973,640,1
3303,973,912,1
3304,973,1235,1
3305,973,1357,1
3306,973,328,1
3307,973,79,1
3308,973,815,1
3309,973,1313,1
3310,973,995,1
3311,973,258,1
3312,973,1379,1
3313,973,1165,1
3314,973,23,1
3315,973,1294,1
3316,973,1031,1
3317,973,750,1
3318,973,1351,1
3319,973,532,1
3320,973,257,1
3321,973,950,1
3322,973,243,1
3323,973,960,1
3324,973,93,1
3325,973,1355,1
3326,973,1322,1
3327,973,364,1
3328,973,110,1
3329,973,158,1
3330,973,1335,1
3331,973,1398,1
3332,973,1057,1
3333,973,131,1
3334,973,1008,1
3335,973,768,1
3336,973,761,1
3337,973,720,1
3338,973,1208,1
3339,973,306,1
3340,973,660,1
3341,973,1129,1
3342,973,373,1
3343,973,209,1
3344,973,442,1
3345,973,774,1
3346,973,1121,1
3347,973,343,1
3348,973,1070,1
3349,973,1140,1
3350,973,458,1
3351,973,1203,1
3352,973,189,1
3353,973,1111,1
3354,973,755,1
3355,973,738,1
3356,973,785,1
3357,973,733,1
3358,973,831,1
3359,973,956,1
3360,973,471,1
3361,973,820,1
3362,973,22,1
3363,973,1278,1
3364,973,778,1
3365,973,1157,1
3366,973,1319,1
3367,973,1229,1
3368,973,645,1
3369,973,24,1
3370,973,264,1
3371,973,585,1
3372,973,702,1
3373,973,1056,1
3374,973,377,1
3375,973,391,1
3376,973,142,1
3377,973,766,1
3378,973,135,1
3379,973,1141,1
3380,973,808,1
3381,973,480,1
3382,973,728,1
3383,973,121,1
3384,973,348,1
3385,973,921,1
3386,973,762,1
3387,973,176,1
3388,973,500,1
3389,973,38,1
3390,973,579,1
3391,973,604,1
3392,973,208,1
3393,973,132,1
3394,973,441,1
3395,973,1383,1
3396,973,1297,1
3397,973,598,1
3398,973,1409,1
3399,973,344,1
3400,973,416,1
3401,973,246,1
3402,973,977,1
3403,973,969,1
3404,973,396,1
3405,973,1274,1
3406,973,1373,1
3407,973,639,1
3408,973,634,1
3409,973,40,1
3410,973,493,1
3411,973,770,1
3412,973,73,1
3413,973,88,1
3414,973,550,1
3415,973,187,1
3416,973,1310,1
3417,973,1408,1
3418,973,599,1
3419,973,1066,1
3420,973,601,1
3421,973,631,1
3422,973,822,1
3423,973,924,1
3424,973,165,1
3425,973,1256,1
3426,973,887,1
3427,973,1036,1
3428,973,1400,1
3429,973,556,1
3430,973,237,1
3431,973,703,1
3432,973,681,1
3433,973,570,1
3434,973,1018,1
3435,973,1027,1
3436,973,1205,1
3437,973,233,1
3438,973,87,1
3439,973,1263,1
3440,973,696,1
3441,973,824,1
3442,973,905,1
3443,973,548,1
3444,973,227,1
3445,973,86,1
3446,973,531,1
3447,973,793,1
3448,973,409,1
3449,973,530,1
3450,973,452,1
3451,973,413,1
3452,973,1209,1
3453,973,520,1
3454,973,788,1
3455,973,1280,1
3456,973,381,1
3457,973,425,1
3458,973,155,1
3459,973,1406,1
3460,973,519,1
3461,973,355,1
3462,973,1124,1
3463,973,692,1
3464,973,199,1
3465,973,886,1
3466,973,1032,1
3467,973,417,1
3468,973,297,1
3469,973,284,1
3470,973,1174,1
3471,973,654,1
3472,973,109,1
3473,973,947,1
3474,973,263,1
3475,973,1230,1
3476,973,62,1
3477,973,903,1
3478,973,812,1
3479,973,929,1
3480,973,1085,1
3481,973,279,1
3482,973,147,1
3483,973,549,1
3484,973,476,1
3485,973,849,1
3486,973,35,1
3487,973,1393,1
3488,973,272,1
3489,973,821,1
3490,973,357,1
3491,973,610,1
3492,973,339,1
3493,973,231,1
3494,973,1353,1
3495,973,951,1
3496,973,290,1
3497,973,1285,1
3498,973,551,1
3499,973,1180,1
3500,973,3,1
3501,973,194,1
3502,973,69,1
3503,973,322,1
3504,973,913,1
3505,973,54,1
3506,973,814,1
3507,973,1149,1
3508,973,539,1
3509,973,1307,1
3510,973,317,1
3511,973,46,1
3512,973,1160,1
3513,973,450,1
3514,973,1049,1
3515,973,709,1
3516,973,1206,1
3517,973,749,1
3518,973,1345,1
3519,973,397,1
3520,973,301,1
3521,973,552,1
3522,973,805,1
3523,973,694,1
3524,973,963,1
3525,973,1171,1
3526,973,1148,1
3527,973,926,1
3528,973,834,1
3529,973,1076,1
3530,973,164,1
3531,973,212,1
3532,973,424,1
3533,973,436,1
3534,973,180,1
3535,973,171,1
3536,973,123,1
3537,973,1192,1
3538,973,1350,1
3539,973,833,1
3540,973,678,1
3541,973,370,1
3542,973,247,1
3543,973,747,1
3544,973,90,1
3545,973,760,1
3546,973,706,1
3547,973,75,1
3548,973,638,1
3549,973,1006,1
3550,973,1317,1
3551,973,693,1
3552,973,125,1
3553,973,993,1
3554,973,698,1
3555,973,144,1
3556,973,1086,1
3557,973,400,1
3558,973,1241,1
3559,973,195,1
3560,973,580,1
3561,973,991,1
3562,973,851,1
3563,973,140,1
3564,973,1004,1
3565,973,764,1
3566,973,1270,1
3567,973,386,1
3568,973,1077,1
3569,973,699,1
3570,973,1065,1
3571,973,403,1
3572,973,1342,1
3573,973,325,1
3574,973,230,1
3575,973,152,1
3576,973,874,1
3577,973,1227,1
3578,973,751,1
3579,973,440,1
3580,973,1115,1
3581,973,19,1
3582,973,1370,1
3583,973,393,1
3584,973,206,1
3585,973,1053,1
3586,973,1394,1
3587,973,1143,1
3588,973,1330,1
3589,973,1346,1
3590,989,619,1
3591,989,985,1
3592,989,1047,1
3593,989,51,1
3594,989,840,1
3595,989,265,1
3596,989,1186,1
3597,989,1348,1
3598,989,422,1
3599,989,1142,1
3600,989,707,1
3601,989,413,1
3602,989,380,1
3603,989,171,1
3604,989,753,1
3605,989,1346,1
3606,989,152,1
3607,989,569,1
3608,989,23,1
3609,989,304,1
3610,989,1213,1
3611,989,27,1
3612,989,415,1
3613,989,231,1
3614,989,578,1
3615,989,764,1
3616,989,345,1
3617,989,909,1
3618,989,409,1
3619,989,30,1
3620,989,1036,1
3621,989,608,1
3622,989,199,1
3623,989,163,1
3624,989,477,1
3625,989,1297,1
3626,989,357,1
3627,989,1299,1
3628,989,1304,1
3629,989,524,1
3630,989,638,1
3631,989,1282,1
3632,989,1117,1
3633,989,1261,1
3634,989,206,1
3635,989,775,1
3636,989,82,1
3637,989,875,1
3638,989,322,1
3639,989,414,1
3640,989,442,1
3641,989,391,1
3642,989,209,1
3643,989,835,1
3644,989,428,1
3645,989,291,1
3646,989,611,1
3647,989,1331,1
3648,989,640,1
3649,989,957,1
3650,989,1309,1
3651,989,1225,1
3652,989,620,1
3653,989,560,1
3654,989,1065,1
3655,989,750,1
3656,989,805,1
3657,989,172,1
3658,989,80,1
3659,989,815,1
3660,989,893,1
3661,989,1310,1
3662,989,1404,1
3663,989,1,1
3664,989,1072,1
3665,989,1030,1
3666,989,1180,1
3667,989,309,1
3668,989,1292,1
3669,989,1388,1
3670,989,1107,1
3671,989,1037,1
3672,989,196,1
3673,989,360,1
3674,989,452,1
3675,989,1409,1
3676,989,483,1
3677,989,410,1
3678,989,933,1
3679,989,279,1
3680,989,523,1
3681,989,1268,1
3682,989,316,1
3683,989,905,1
3684,989,16,1
3685,989,328,1
3686,989,1227,1
3687,989,411,1
3688,989,759,1
3689,989,738,1
3690,989,614,1
3691,989,1374,1
3692,989,539,1
3693,989,310,1
3694,989,584,1
3695,989,1317,1
3696,989,755,1
3697,989,1256,1
3698,989,599,1
3699,989,261,1
3700,989,222,1
3701,989,1083,1
3702,989,1280,1
3703,989,1027,1
3704,989,1283,1
3705,989,1068,1
3706,989,430,1
3707,989,1137,1
3708,989,653,1
3709,989,1205,1
3710,989,705,1
3711,989,772,1
3712,989,270,1
3713,989,194,1
3714,989,73,1
3715,989,970,1
3716,989,1359,1
3717,989,280,1
3718,989,745,1
3719,989,1123,1
3720,989,119,1
3721,989,223,1
3722,989,889,1
3723,989,1119,1
3724,989,187,1
3725,989,379,1
3726,989,737,1
3727,989,334,1
3728,989,70,1
3729,989,43,1
3730,989,61,1
3731,989,596,1
3732,989,384,1
3733,989,929,1
3734,989,613,1
3735,989,342,1
3736,989,591,1
3737,989,267,1
3738,989,463,1
3739,989,769,1
3740,989,846,1
3741,989,598,1
3742,989,739,1
3743,989,344,1
3744,989,1352,1
3745,989,963,1
3746,989,530,1
3747,989,57,1
3748,989,725,1
3749,989,1106,1
3750,989,407,1
3751,989,826,1
3752,989,417,1
3753,989,299,1
3754,989,827,1
3755,989,1385,1
3756,989,65,1
3757,989,1094,1
3758,989,1148,1
3759,989,743,1
3760,989,695,1
3761,989,662,1
3762,989,654,1
3763,989,63,1
3764,989,178,1
3765,989,607,1
3766,989,548,1
3767,989,218,1
3768,989,491,1
3769,989,786,1
3770,989,872,1
3771,989,1211,1
3772,989,327,1
3773,989,255,1
3774,989,1265,1
3775,989,1389,1
3776,989,925,1
3777,989,1298,1
3778,989,1278,1
3779,989,880,1
3780,989,1116,1
3781,989,1070,1
3782,989,829,1
3783,989,528,1
3784,989,454,1
3785,989,370,1
3786,989,1380,1
3787,989,1178,1
3788,989,797,1
3789,989,581,1
3790,989,229,1
3791,989,378,1
3792,989,440,1
3793,989,221,1
3794,989,302,1
3795,989,1165,1
3796,989,518,1
3797,989,149,1
3798,989,496,1
3799,989,573,1
3800,989,1166,1
3801,989,890,1
3802,989,1147,1
3803,989,1274,1
3804,989,702,1
3805,989,109,1
3806,989,397,1
3807,989,1293,1
3808,989,1289,1
3809,989,1173,1
3810,989,1222,1
3811,989,1134,1
3812,989,141,1
3813,989,246,1
3814,989,777,1
3815,989,918,1
3816,989,458,1
3817,989,1057,1
3818,989,479,1
3819,989,552,1
3820,989,1370,1
3821,989,514,1
3822,989,885,1
3823,989,1110,1
3824,989,1122,1
3825,989,292,1
3826,989,649,1
3827,989,994,1
3828,989,559,1
3829,989,693,1
3830,989,88,1
3831,989,243,1
3832,989,123,1
3833,989,1243,1
3834,989,147,1
3835,989,554,1
3836,989,278,1
3837,989,1307,1
3838,989,924,1
3839,989,811,1
3840,989,170,1
3841,989,902,1
3842,989,224,1
3843,989,76,1
3844,989,1087,1
3845,989,25,1
3846,989,589,1
3847,989,333,1
3848,989,783,1
3849,989,920,1
3850,989,247,1
3851,989,386,1
3852,989,1056,1
3853,989,1136,1
3854,989,1105,1
3855,989,1215,1
3856,989,1177,1
3857,989,1245,1
3858,989,1004,1
3859,989,1263,1
3860,989,780,1
3861,989,75,1
3862,989,1326,1
3863,989,1048,1
3864,996,887,1
3865,996,982,1
3866,996,720,1
3867,996,666,1
3868,996,763,1
3869,996,1388,1
3870,996,1098,1
3871,996,914,1
3872,996,127,1
3873,996,951,1
3874,996,46,1
3875,996,1179,1
3876,996,438,1
3877,996,141,1
3878,996,1061,1
3879,996,1313,1
3880,996,559,1
3881,996,546,1
3882,996,569,1
3883,996,1218,1
3884,996,22,1
3885,996,987,1
3886,996,78,1
3887,996,411,1
3888,996,460,1
3889,996,1015,1
3890,996,37,1
3891,996,929,1
3892,996,380,1
3893,996,398,1
3894,996,1231,1
3895,996,364,1
3896,996,391,1
3897,996,1081,1
3898,996,1348,1
3899,996,701,1
3900,996,816,1
3901,996,1294,1
3902,996,105,1
3903,996,234,1
3904,996,1187,1
3905,996,560,1
3906,996,95,1
3907,996,368,1
3908,996,1122,1
3909,996,1248,1
3910,996,198,1
3911,996,429,1
3912,996,491,1
3913,996,392,1
3914,996,10,1
3915,996,1287,1
3916,996,478,1
3917,996,351,1
3918,996,756,1
3919,996,695,1
3920,996,702,1
3921,996,527,1
3922,996,562,1
3923,996,1046,1
3924,996,496,1
3925,996,670,1
3926,996,1257,1
3927,996,577,1
3928,996,291,1
3929,996,565,1
3930,996,1367,1
3931,996,493,1
3932,996,543,1
3933,996,180,1
3934,996,1086,1
3935,996,1119,1
3936,996,1301,1
3937,996,1223,1
3938,996,1127,1
3939,996,123,1
3940,996,206,1
3941,996,641,1
3942,996,1307,1
3943,996,245,1
3944,996,597,1
3945,996,360,1
3946,996,564,1
3947,1028,971,1
3948,1028,1119,1
3949,1028,982,1
3950,1028,1106,1
3951,1028,120,1
3952,1028,1393,1
3953,1028,1326,1
3954,1028,1368,1
3955,1028,987,1
3956,1028,429,1
3957,1028,1030,1
3958,1028,541,1
3959,1028,47,1
3960,1028,117,1
3961,1028,158,1
3962,1028,1087,1
3963,1028,62,1
3964,1028,678,1
3965,1028,1056,1
3966,1028,577,1
3967,1028,325,1
3968,1028,862,1
3969,1028,417,1
3970,1028,45,1
3971,1028,25,1
3972,1028,1187,1
3973,1028,608,1
3974,1028,556,1
3975,1028,149,1
3976,1028,57,1
3977,1028,833,1
3978,1028,1013,1
3979,1028,702,1
3980,1028,964,1
3981,1028,371,1
3982,1028,1250,1
3983,1028,739,1
3984,1028,989,1
3985,1028,620,1
3986,1028,1002,1
3987,1028,40,1
3988,1028,290,1
3989,1028,1350,1
3990,1028,223,1
3991,1028,853,1
3992,1028,387,1
3993,1028,1371,1
3994,1028,525,1
3995,1028,1206,1
3996,1028,1034,1
3997,1028,191,1
3998,1028,787,1
3999,1028,800,1
4000,1028,1143,1
4001,1028,1001,1
4002,1028,1231,1
4003,1028,221,1
4004,1028,959,1
4005,1028,1082,1
4006,1028,1184,1
4007,1028,467,1
4008,1028,1166,1
4009,1028,36,1
4010,1028,1298,1
4011,1028,558,1
4012,1028,691,1
4013,1028,1292,1
4014,1028,24,1
4015,1028,926,1
4016,1028,516,1
4017,1028,1362,1
4018,1028,1351,1
4019,1028,706,1
4020,1028,1255,1
4021,1028,611,1
4022,1028,845,1
4023,1028,924,1
4024,1028,93,1
4025,1028,1320,1
4026,1028,1268,1
4027,1028,639,1
4028,1028,411,1
4029,1028,962,1
4030,1028,790,1
4031,1028,498,1
4032,1028,631,1
4033,1028,1253,1
4034,1028,939,1
4035,1028,1195,1
4036,1028,879,1
4037,1028,288,1
4038,1028,586,1
4039,1028,1294,1
4040,1028,1370,1
4041,1028,894,1
4042,1028,204,1
4043,1028,797,1
4044,1028,1336,1
4045,1028,970,1
4046,1028,508,1
4047,1028,338,1
4048,1028,465,1
4049,1028,831,1
4050,1028,1322,1
4051,1028,1064,1
4052,1028,495,1
4053,1028,213,1
4054,1028,643,1
4055,1028,366,1
4056,1028,278,1
4057,1028,887,1
4058,1028,949,1
4059,1028,110,1
4060,1028,1129,1
4061,1028,776,1
4062,1028,1252,1
4063,1028,1044,1
4064,1028,1400,1
4065,1028,1039,1
4066,1028,1345,1
4067,1028,738,1
4068,1028,998,1
4069,1028,415,1
4070,1028,60,1
4071,1028,405,1
4072,1028,897,1
4073,1028,480,1
4074,1028,1339,1
4075,1028,274,1
4076,1028,1072,1
4077,1028,147,1
4078,1028,651,1
4079,1028,178,1
4080,1028,218,1
4081,1028,270,1
4082,1028,921,1
4083,1028,720,1
4084,1028,1165,1
4085,1028,536,1
4086,1028,674,1
4087,1028,1053,1
4088,1028,135,1
4089,1028,1376,1
4090,1028,370,1
4091,1028,573,1
4092,1028,616,1
4093,1028,967,1
4094,1028,654,1
4095,1028,209,1
4096,1028,1049,1
4097,1028,1121,1
4098,1028,1285,1
4099,1028,1079,1
4100,1028,1136,1
4101,1028,681,1
4102,1028,22,1
4103,1028,788,1
4104,1028,689,1
4105,1028,450,1
4106,1028,518,1
4107,1028,1315,1
4108,1028,1197,1
4109,1028,633,1
4110,1028,1011,1
4111,1028,576,1
4112,1028,1086,1
4113,1028,774,1
4114,1028,743,1
4115,1028,1380,1
4116,1028,563,1
4117,1028,818,1
4118,1028,1137,1
4119,1028,851,1
4120,1028,256,1
4121,1028,65,1
4122,1028,233,1
4123,1028,857,1
4124,1028,1342,1
4125,1028,485,1
4126,1028,70,1
4127,1028,334,1
4128,1028,638,1
4129,1028,984,1
4130,1028,1295,1
4131,1028,1330,1
4132,1028,76,1
4133,1028,1406,1
4134,1028,83,1
4135,1028,580,1
4136,1028,1019,1
4137,1028,234,1
4138,1028,455,1
4139,1028,749,1
4140,1028,996,1
4141,1028,1254,1
4142,1028,613,1
4143,1028,403,1
4144,1028,364,1
4145,1028,493,1
4146,1028,1149,1
4147,1028,763,1
4148,1028,52,1
4149,1028,31,1
4150,1028,804,1
4151,1028,1269,1
4152,1028,357,1
4153,1028,1123,1
4154,1028,414,1
4155,1028,297,1
4156,1028,1205,1
4157,1028,860,1
4158,1028,909,1
4159,1028,861,1
4160,1028,249,1
4161,1028,823,1
4162,1028,736,1
4163,1028,830,1
4164,1028,369,1
4165,1028,1124,1
4166,1028,932,1
4167,1028,327,1
4168,1028,410,1
4169,1028,1134,1
4170,1028,598,1
4171,1028,1293,1
4172,1028,645,1
4173,1028,127,1
4174,1028,448,1
4175,1028,793,1
4176,1028,1395,1
4177,1028,416,1
4178,1028,1377,1
4179,1028,1229,1
4180,1028,63,1
4181,1028,1171,1
4182,1028,1192,1
4183,1028,452,1
4184,1028,449,1
4185,1028,1366,1
4186,1028,725,1
4187,1028,1050,1
4188,1028,169,1
4189,1028,1185,1
4190,1028,195,1
4191,1028,708,1
4192,1028,1114,1
4193,1028,1346,1
4194,1028,548,1
4195,1028,1383,1
4196,1028,1127,1
4197,1028,644,1
4198,1028,500,1
4199,1028,489,1
4200,1028,1359,1
4201,1028,815,1
4202,1028,875,1
4203,1028,374,1
4204,1028,686,1
4205,1028,1104,1
4206,1028,627,1
4207,1028,711,1
4208,1028,585,1
4209,1028,826,1
4210,1028,413,1
4211,1028,688,1
4212,1102,1335,1
4213,1102,128,1
4214,1102,1320,1
4215,1102,571,1
4216,1102,1124,1
4217,1102,1325,1
4218,1102,230,1
4219,1102,849,1
4220,1102,280,1
4221,1102,793,1
4222,1102,711,1
4223,1102,616,1
4224,1102,598,1
4225,1102,1142,1
4226,1102,273,1
4227,1102,471,1
4228,1102,1345,1
4229,1102,42,1
4230,1102,698,1
4231,1102,1206,1
4232,1102,459,1
4233,1102,88,1
4234,1102,1266,1
4235,1102,1121,1
4236,1102,737,1
4237,1102,405,1
4238,1102,265,1
4239,1102,733,1
4240,1102,393,1
4241,1102,488,1
4242,1273,121,1
4243,1273,18,1
4244,1273,948,1
4245,1273,147,1
4246,1273,682,1
4247,1329,629,1
4248,1329,718,1
4249,1329,1121,1
4250,1329,380,1
4251,1329,697,1
4252,1329,936,1
4253,1329,977,1
4254,1329,623,1
4255,1329,336,1
4256,1329,1292,1
4257,1329,1120,1
4258,1329,346,1
4259,1329,200,1
4260,1329,398,1
4261,1329,1224,1
4262,1329,714,1
4263,1329,899,1
4264,1329,1282,1
4265,1329,1021,1
4266,1329,421,1
4267,1329,636,1
4268,1329,975,1
4269,1329,140,1
4270,1329,520,1
4271,1329,768,1
4272,1329,133,1
4273,1329,989,1
4274,1329,1291,1
4275,1329,1119,1
4276,1329,1098,1
4277,1329,197,1
4278,1329,293,1
4279,1329,248,1
4280,1329,241,1
4281,1329,1048,1
4282,1329,1025,1
4283,1329,630,1
4284,1329,120,1
4285,1329,1123,1
4286,1329,958,1
4287,1329,787,1
4288,1329,598,1
4289,1329,1101,1
4290,1329,1296,1
4291,1329,791,1
4292,1329,1099,1
4293,1329,1377,1
4294,1329,1157,1
4295,1329,830,1
4296,1329,682,1
4297,1329,1073,1
4298,1329,565,1
4299,1329,1344,1
4300,1329,321,1
4301,1329,867,1
4302,1329,1314,1
4303,1329,20,1
4304,1329,1063,1
4305,1329,299,1
4306,1329,762,1
4307,1329,498,1
4308,1329,1061,1
4309,1329,394,1
4310,1329,487,1
4311,1329,281,1
4312,1329,331,1
4313,1329,1183,1
4314,1329,534,1
4315,1329,11,1
4316,1329,944,1
4317,1329,842,1
4318,1329,1014,1
4319,1329,1184,1
4320,1329,851,1
4321,1329,1287,1
4322,1329,643,1
4323,1329,639,1
4324,1329,1112,1
4325,1329,142,1
4326,1329,351,1
4327,1329,1273,1
4328,1329,672,1
4329,1329,517,1
4330,1329,341,1
4331,1329,1162,1
4332,1329,337,1
4333,1329,1261,1
4334,1329,488,1
4335,1329,156,1
4336,1329,403,1
4337,1329,1204,1
4338,1329,10,1
4339,1329,668,1
4340,1329,1358,1
4341,1329,1270,1
4342,1329,205,1
4343,1329,1102,1
4344,1329,591,1
4345,1329,262,1
4346,1329,746,1
4347,1329,439,1
4348,1329,1027,1
4349,1329,1321,1
4350,1329,740,1
4351,1344,338,1
4352,1344,1395,1
4353,1344,196,1
4354,1344,318,1
4355,1344,144,1
4356,1344,405,1
4357,1344,234,1
4358,1344,154,1
4359,1344,68,1
4360,1344,26,1
4361,1344,1298,1
4362,1344,629,1
4363,1344,40,1
4364,1344,986,1
4365,1344,703,1
4366,1344,622,1
4367,1344,1123,1
4368,1344,1241,1
4369,1344,201,1
4370,1344,1354,1
4371,1344,716,1
4372,1344,719,1
4373,1344,1266,1
4374,1344,872,1
4375,1344,574,1
4376,1344,203,1
4377,1344,613,1
4378,1344,747,1
4379,1344,131,1
4380,1344,520,1
4381,1344,1151,1
4382,1344,194,1
4383,1344,123,1
4384,1344,373,1
4385,1344,403,1
4386,1344,897,1
4387,1344,528,1
4388,1344,858,1
4389,1344,107,1
4390,1344,1080,1
4391,1344,30,1
4392,1344,67,1
4393,1344,290,1
4394,1344,546,1
4395,1344,93,1
4396,1344,1218,1
4397,1344,782,1
4398,1364,782,1
4399,1364,980,1
4400,1364,90,1
4401,1364,1217,1
4402,1364,1371,1
4403,1364,1182,1
4404,1364,594,1
4405,1364,520,1
4406,1364,646,1
4407,1364,112,1
4408,1364,438,1
4409,1364,970,1
4410,1371,815,1
4411,1371,571,1
4412,1371,595,1
4413,1371,733,1
4414,1371,1349,1
4415,1371,1154,1
4416,1371,1108,1
4417,1371,116,1
4418,1371,193,1
4419,1371,1230,1
4420,1371,1050,1
4421,1371,422,1
4422,1371,514,1
4423,1371,34,1
4424,1371,1143,1
4425,1371,691,1
4426,1371,1008,1
4427,1371,405,1
4428,1371,456,1
4429,1371,520,1
4430,1371,896,1
4431,1371,562,1
4432,1371,1383,1
4433,1371,1327,1
4434,1371,1141,1
4435,1371,180,1
4436,1371,397,1
4437,1371,811,1
4438,1371,556,1
4439,1371,719,1
4440,1371,181,1
4441,1371,251,1
4442,1371,105,1
4443,1371,933,1
4444,1371,497,1
4445,1371,1197,1
4446,1371,1134,1
4447,1371,67,1
4448,1371,1068,1
4449,1371,482,1
4450,1371,696,1
4451,1371,257,1
4452,1371,799,1
4453,1371,60,1
4454,1371,39,1
4455,1371,1313,1
4456,1371,766,1
4457,1371,328,1
4458,1371,462,1
4459,1371,84,1
4460,1371,1029,1
4461,1371,998,1
4462,1371,379,1
4463,1371,813,1
4464,1371,886,1
4465,1371,339,1
4466,1371,197,1
4467,1371,750,1
4468,1371,1136,1
4469,1371,778,1
4470,1371,875,1
4471,1371,69,1
4472,1371,1285,1
4473,1371,1387,1
4474,1371,1374,1
4475,1371,606,1
4476,1371,1223,1
4477,1371,161,1
4478,1371,1065,1
4479,1371,869,1
4480,1371,350,1
4481,1371,300,1
4482,1371,1148,1
4483,1371,476,1
4484,1371,834,1
4485,1371,795,1
4486,1371,164,1
4487,1371,1127,1
4488,1371,393,1
4489,1371,1386,1
4490,1371,817,1
4491,1371,683,1
4492,1371,77,1
4493,1371,31,1
4494,1371,1339,1
4495,1371,794,1
4496,1371,578,1
4497,1371,756,1
4498,1371,720,1
4499,1371,206,1
4500,1371,176,1
4501,1371,1298,1
4502,1371,407,1
4503,1371,613,1
4504,1371,1149,1
4505,1371,584,1
4506,1371,914,1
4507,1371,1212,1
4508,1371,649,1
4509,1371,680,1
4510,1371,1287,1
4511,1371,1087,1
4512,1371,1023,1
4513,1371,742,1
4514,1371,577,1
4515,1371,109,1
4516,1371,1142,1
4517,1371,1308,1
4518,1371,956,1
4519,1371,728,1
4520,1371,38,1
4521,1371,33,1
4522,1371,1189,1
4523,1371,1074,1
4524,1371,1256,1
4525,1371,218,1
4526,1371,45,1
4527,1371,137,1
4528,1371,829,1
4529,1371,389,1
4530,1371,1322,1
4531,1371,1006,1
4532,1371,701,1
4533,1371,538,1
4534,1371,818,1
4535,1371,381,1
4536,1371,793,1
4537,1371,920,1
4538,1371,526,1
4539,1371,542,1
4540,1371,887,1
4541,1371,412,1
4542,1371,1138,1
4543,1371,147,1
4544,1371,178,1
4545,1371,1032,1
4546,1371,110,1
4547,1371,93,1
4548,1371,1352,1
4549,1371,983,1
4550,1371,134,1
4551,1371,872,1
4552,1371,1014,1
4553,1371,634,1
4554,1371,743,1
4555,1371,1047,1
4556,1371,1400,1
4557,1371,133,1
4558,1371,230,1
4559,1371,485,1
4560,1371,27,1
4561,1371,842,1
4562,1371,153,1
4563,1371,845,1
4564,1371,1037,1
4565,1371,885,1
4566,1371,1049,1
4567,1371,107,1
4568,1371,812,1
4569,1371,1070,1
4570,1371,1261,1
4571,1371,1053,1
4572,1371,723,1
4573,1371,1188,1
4574,1371,243,1
4575,1371,1036,1
4576,1371,755,1
4577,1371,989,1
4578,1371,519,1
4579,1371,487,1
4580,1371,285,1
4581,1371,777,1
4582,1371,862,1
4583,1371,596,1
4584,1371,26,1
4585,1371,492,1
4586,1371,1086,1
4587,1371,943,1
4588,1371,976,1
4589,1371,1205,1
4590,1371,985,1
4591,1371,191,1
4592,1371,710,1
4593,1371,684,1
4594,1371,463,1
4595,1371,378,1
4596,1371,278,1
4597,1371,685,1
4598,1371,752,1
4599,1371,367,1
4600,1371,1131,1
4601,1371,63,1
4602,1371,652,1
4603,1371,435,1
4604,1371,387,1
4605,1371,1063,1
4606,1371,1282,1
4607,1371,662,1
4608,1371,608,1
4609,1371,975,1
4610,1371,1264,1
4611,1371,598,1
4612,1371,157,1
4613,1371,354,1
4614,1371,1319,1
4615,1371,757,1
4616,1371,570,1
4617,1371,35,1
4618,1371,231,1
4619,1371,1122,1
4620,1371,275,1
4621,1371,1330,1
4622,1371,65,1
4623,1371,121,1
4624,1371,831,1
4625,1371,1335,1
4626,1371,1082,1
4627,1371,1139,1
4628,1371,1080,1
4629,1371,400,1
4630,1371,614,1
4631,1371,1353,1
4632,1371,254,1
4633,1371,786,1
4634,1371,642,1
4635,1371,564,1
4636,1371,1059,1
4637,1371,1336,1
4638,1371,1013,1
4639,1371,997,1
4640,1371,970,1
4641,1371,323,1
4642,1371,211,1
4643,1371,536,1
4644,1371,352,1
4645,1371,115,1
4646,1371,1309,1
4647,1371,369,1
4648,1371,1389,1
4649,1371,122,1
4650,1371,1057,1
4651,1371,504,1
4652,1371,192,1
4653,1371,1208,1
4654,1371,1069,1
4655,1371,237,1
4656,1371,146,1
4657,1371,1346,1
4658,1371,439,1
4659,1371,893,1
4660,1371,1250,1
4661,1371,1064,1
4662,1371,1326,1
4663,1371,1066,1
4664,1371,820,1
4665,1371,555,1
4666,1371,131,1
4667,1371,1403,1
4668,1371,348,1
4669,1371,491,1
4670,1371,1215,1
4671,1371,779,1
4672,1371,656,1
4673,1371,264,1
4674,1371,900,1
4675,1371,1240,1
4676,1371,208,1
4677,1371,1091,1
4678,1371,1286,1
4679,1371,403,1
4680,1371,292,1
4681,1371,1030,1
4682,1371,301,1
4683,1371,342,1
4684,1371,1163,1
4685,1371,1394,1
4686,1371,1231,1
4687,1371,599,1
4688,1371,644,1
4689,1371,1294,1
4690,1371,203,1
4691,1371,864,1
4692,1371,890,1
4693,1371,569,1
4694,1371,1121,1
4695,1371,459,1
4696,1371,210,1
4697,1371,1117,1
4698,1371,151,1
4699,1371,764,1
4700,1371,410,1
4701,1371,317,1
4702,1371,471,1
4703,1371,622,1
4704,1371,833,1
4705,1371,391,1
4706,1371,791,1
4707,1371,968,1
4708,1371,306,1
4709,1371,22,1
4710,1371,762,1
4711,1371,386,1
4712,1371,330,1
4713,1371,889,1
4714,1371,1182,1
4715,1371,797,1
4716,1371,607,1
4717,1371,10,1
4718,1371,1200,1
4719,1371,1390,1
4720,1371,1192,1
4721,1371,660,1
4722,1371,273,1
4723,1371,1171,1
4724,1371,355,1
4725,1371,1229,1
4726,1371,3,1
4727,1371,962,1
4728,2,820,0
4729,2,1118,0
4730,2,44,0
4731,2,1337,0
4732,2,565,0
4733,2,190,0
4734,2,276,0
4735,2,1069,0
4736,2,1038,0
4737,2,1007,0
4738,2,791,0
4739,2,140,0
4740,2,111,0
4741,2,771,0
4742,2,1041,0
4743,2,1386,0
4744,2,724,0
4745,2,1284,0
4746,2,576,0
4747,2,759,0
4748,2,271,0
4749,2,1343,0
4750,2,1324,0
4751,2,1070,0
4752,2,268,0
4753,2,560,0
4754,2,551,0
4755,2,127,0
4756,2,1277,0
4757,2,807,0
4758,2,296,0
4759,2,211,0
4760,2,431,0
4761,2,363,0
4762,2,1247,0
4763,2,130,0
4764,2,89,0
4765,2,828,0
4766,2,641,0
4767,2,806,0
4768,2,1137,0
4769,2,1176,0
4770,2,1233,0
4771,2,1294,0
4772,2,216,0
4773,2,958,0
4774,2,882,0
4775,2,245,0
4776,2,20,0
4777,2,813,0
4778,2,903,0
4779,2,513,0
4780,2,1085,0
4781,2,178,0
4782,2,1141,0
4783,2,267,0
4784,2,1263,0
4785,2,755,0
4786,2,1290,0
4787,2,119,0
4788,2,1368,0
4789,2,558,0
4790,2,862,0
4791,2,1373,0
4792,2,794,0
4793,2,1346,0
4794,2,1082,0
4795,2,226,0
4796,2,653,0
4797,2,438,0
4798,2,1262,0
4799,2,824,0
4800,2,562,0
4801,2,868,0
4802,2,1401,0
4803,2,836,0
4804,2,906,0
4805,2,1230,0
4806,2,43,0
4807,2,799,0
4808,2,736,0
4809,2,1097,0
4810,2,680,0
4811,2,1389,0
4812,2,444,0
4813,2,980,0
4814,2,1095,0
4815,2,66,0
4816,2,391,0
4817,2,1168,0
4818,2,439,0
4819,2,371,0
4820,2,941,0
4821,2,1234,0
4822,2,166,0
4823,2,52,0
4824,2,1334,0
4825,2,247,0
4826,2,1209,0
4827,2,213,0
4828,2,97,0
4829,2,983,0
4830,2,574,0
4831,2,1155,0
4832,2,486,0
4833,2,442,0
4834,2,187,0
4835,2,1381,0
4836,2,1378,0
4837,2,1388,0
4838,2,228,0
4839,2,561,0
4840,2,91,0
4841,2,214,0
4842,2,308,0
4843,2,1360,0
4844,2,1392,0
4845,2,1116,0
4846,2,314,0
4847,2,1245,0
4848,2,1,0
4849,2,120,0
4850,2,307,0
4851,2,36,0
4852,2,56,0
4853,2,479,0
4854,2,617,0
4855,2,1220,0
4856,2,1403,0
4857,2,1321,0
4858,2,275,0
4859,2,1317,0
4860,2,849,0
4861,2,1192,0
4862,2,1278,0
4863,2,1257,0
4864,2,1246,0
4865,2,248,0
4866,2,436,0
4867,2,26,0
4868,2,480,0
4869,2,920,0
4870,2,621,0
4871,2,1010,0
4872,2,618,0
4873,2,61,0
4874,2,1009,0
4875,2,110,0
4876,2,10,0
4877,2,1165,0
4878,2,671,0
4879,2,1193,0
4880,2,686,0
4881,2,169,0
4882,2,1255,0
4883,2,139,0
4884,2,1126,0
4885,2,779,0
4886,2,829,0
4887,2,464,0
4888,2,135,0
4889,2,732,0
4890,2,647,0
4891,2,290,0
4892,2,31,0
4893,2,325,0
4894,2,1227,0
4895,2,1134,0
4896,2,844,0
4897,2,832,0
4898,2,1081,0
4899,2,787,0
4900,2,345,0
4901,2,981,0
4902,2,467,0
4903,2,839,0
4904,2,73,0
4905,2,232,0
4906,2,340,0
4907,2,1200,0
4908,2,1408,0
4909,2,856,0
4910,2,603,0
4911,2,662,0
4912,2,74,0
4913,2,1068,0
4914,2,977,0
4915,2,1338,0
4916,2,376,0
4917,2,795,0
4918,2,594,0
4919,2,443,0
4920,2,1351,0
4921,2,1196,0
4922,2,590,0
4923,2,406,0
4924,2,1380,0
4925,2,510,0
4926,2,292,0
4927,2,1145,0
4928,2,177,0
4929,2,631,0
4930,2,864,0
4931,2,1237,0
4932,2,866,0
4933,2,241,0
4934,2,540,0
4935,2,1409,0
4936,2,152,0
4937,2,319,0
4938,2,249,0
4939,2,974,0
4940,2,800,0
4941,2,796,0
4942,2,1169,0
4943,2,944,0
4944,2,1332,0
4945,2,78,0
4946,2,32,0
4947,2,896,0
4948,2,189,0
4949,2,434,0
4950,2,1228,0
4951,2,437,0
4952,2,950,0
4953,2,1098,0
4954,2,67,0
4955,2,616,0
4956,2,669,0
4957,2,162,0
4958,2,848,0
4959,2,578,0
4960,2,144,0
4961,2,15,0
4962,2,1252,0
4963,2,881,0
4964,2,994,0
4965,2,1328,0
4966,2,298,0
4967,2,1359,0
4968,2,666,0
4969,2,288,0
4970,2,581,0
4971,2,34,0
4972,2,780,0
4973,2,729,0
4974,2,1372,0
4975,2,1154,0
4976,2,389,0
4977,2,1198,0
4978,2,646,0
4979,2,713,0
4980,2,337,0
4981,2,818,0
4982,2,449,0
4983,2,585,0
4984,2,496,0
4985,2,1047,0
4986,2,728,0
4987,2,717,0
4988,2,90,0
4989,2,1259,0
4990,2,587,0
4991,2,463,0
4992,2,1355,0
4993,2,164,0
4994,2,986,0
4995,2,1037,0
4996,2,719,0
4997,2,530,0
4998,2,625,0
4999,2,1066,0
5000,2,1124,0
5001,2,863,0
5002,2,259,0
5003,2,472,0
5004,2,128,0
5005,2,536,0
5006,2,738,0
5007,2,739,0
5008,2,365,0
5009,2,1319,0
5010,2,476,0
5011,2,273,0
5012,2,19,0
5013,2,239,0
5014,2,451,0
5015,2,711,0
5016,2,1358,0
5017,2,1093,0
5018,2,277,0
5019,2,1224,0
5020,2,573,0
5021,2,1115,0
5022,2,564,0
5023,2,1384,0
5024,2,1335,0
5025,2,546,0
5026,2,1147,0
5027,2,842,0
5028,2,246,0
5029,2,548,0
5030,2,910,0
5031,2,429,0
5032,2,1281,0
5033,2,398,0
5034,2,752,0
5035,2,1051,0
5036,2,1399,0
5037,2,914,0
5038,2,531,0
5039,2,515,0
5040,2,238,0
5041,2,632,0
5042,2,923,0
5043,2,929,0
5044,2,312,0
5045,2,361,0
5046,2,898,0
5047,2,330,0
5048,2,948,0
5049,2,1400,0
5050,2,877,0
5051,2,725,0
5052,2,503,0
5053,2,930,0
5054,2,100,0
5055,2,448,0
5056,2,524,0
5057,2,1109,0
5058,2,537,0
5059,2,390,0
5060,2,509,0
5061,2,987,0
5062,2,171,0
5063,2,819,0
5064,2,685,0
5065,2,1390,0
5066,2,706,0
5067,2,1279,0
5068,2,1175,0
5069,2,764,0
5070,2,494,0
5071,2,1283,0
5072,2,841,0
5073,2,855,0
5074,2,715,0
5075,2,1404,0
5076,2,1023,0
5077,2,348,0
5078,2,1057,0
5079,2,521,0
5080,2,612,0
5081,2,633,0
5082,2,64,0
5083,2,1242,0
5084,2,414,0
5085,2,1056,0
5086,2,542,0
5087,2,904,0
5088,2,878,0
5089,2,992,0
5090,2,726,0
5091,2,170,0
5092,2,1333,0
5093,2,1288,0
5094,2,37,0
5095,2,188,0
5096,2,1292,0
5097,2,1067,0
5098,2,952,0
5099,2,145,0
5100,2,478,0
5101,2,900,0
5102,2,859,0
5103,2,628,0
5104,2,1221,0
5105,2,301,0
5106,2,1304,0
5107,2,129,0
5108,2,569,0
5109,2,1135,0
5110,2,1269,0
5111,2,917,0
5112,2,959,0
5113,2,1202,0
5114,2,943,0
5115,2,634,0
5116,2,212,0
5117,2,691,0
5118,2,28,0
5119,2,35,0
5120,2,192,0
5121,2,1243,0
5122,2,283,0
5123,2,317,0
5124,2,378,0
5125,2,1030,0
5126,2,1111,0
5127,2,1285,0
5128,2,1089,0
5129,2,1101,0
5130,2,1021,0
5131,2,1225,0
5132,2,453,0
5133,2,567,0
5134,2,377,0
5135,2,4,0
5136,2,609,0
5137,2,1214,0
5138,2,1043,0
5139,2,600,0
5140,2,1152,0
5141,2,440,0
5142,2,1215,0
5143,2,401,0
5144,2,919,0
5145,2,805,0
5146,2,219,0
5147,2,432,0
5148,2,260,0
5149,2,1207,0
5150,2,1272,0
5151,2,678,0
5152,2,156,0
5153,2,425,0
5154,2,285,0
5155,2,1320,0
5156,2,955,0
5157,2,1366,0
5158,2,355,0
5159,2,693,0
5160,2,1164,0
5161,2,875,0
5162,2,328,0
5163,2,106,0
5164,2,696,0
5165,2,257,0
5166,2,131,0
5167,2,1216,0
5168,2,1042,0
5169,2,87,0
5170,2,507,0
5171,2,922,0
5172,2,423,0
5173,2,971,0
5174,2,77,0
5175,2,1052,0
5176,2,750,0
5177,2,767,0
5178,2,815,0
5179,2,1195,0
5180,2,1235,0
5181,2,433,0
5182,2,505,0
5183,2,988,0
5184,2,1058,0
5185,2,447,0
5186,2,541,0
5187,2,1302,0
5188,2,349,0
5189,2,1265,0
5190,2,372,0
5191,2,626,0
5192,2,11,0
5193,2,1045,0
5194,2,65,0
5195,2,1199,0
5196,2,252,0
5197,2,846,0
5198,2,1293,0
5199,2,946,0
5200,2,937,0
5201,2,1128,0
5202,2,1005,0
5203,2,295,0
5204,2,1011,0
5205,2,293,0
5206,2,1306,0
5207,2,235,0
5208,2,462,0
5209,2,167,0
5210,2,823,0
5211,2,302,0
5212,2,200,0
5213,2,353,0
5214,2,1361,0
5215,2,38,0
5216,2,255,0
5217,2,419,0
5218,2,1001,0
5219,2,768,0
5220,2,1117,0
5221,2,534,0
5222,2,1371,0
5223,2,357,0
5224,2,938,0
5225,2,642,0
5226,2,1123,0
5227,2,606,0
5228,2,383,0
5229,2,421,0
5230,2,339,0
5231,2,812,0
5232,2,998,0
5233,2,315,0
5234,2,1312,0
5235,2,3,0
5236,2,1336,0
5237,2,1046,0
5238,2,934,0
5239,2,412,0
5240,2,892,0
5241,2,826,0
5242,2,1059,0
5243,2,648,0
5244,2,1074,0
5245,2,1031,0
5246,2,41,0
5247,2,272,0
5248,2,918,0
5249,2,1314,0
5250,2,1396,0
5251,2,1078,0
5252,2,753,0
5253,2,218,0
5254,2,415,0
5255,2,1375,0
5256,2,306,0
5257,2,40,0
5258,2,575,0
5259,2,956,0
5260,2,181,0
5261,2,777,0
5262,2,333,0
5263,2,81,0
5264,2,399,0
5265,2,1071,0
5266,2,876,0
5267,2,1166,0
5268,2,1073,0
5269,2,664,0
5270,2,225,0
5271,2,1267,0
5272,2,1191,0
5273,2,731,0
5274,2,1106,0
5275,2,834,0
5276,2,1035,0
5277,2,821,0
5278,2,792,0
5279,2,195,0
5280,2,1140,0
5281,2,16,0
5282,2,698,0
5283,2,1144,0
5284,2,845,0
5285,2,1177,0
5286,2,55,0
5287,2,970,0
5288,2,1026,0
5289,2,501,0
5290,2,661,0
5291,2,263,0
5292,2,286,0
5293,2,294,0
5294,2,279,0
5295,2,116,0
5296,2,1055,0
5297,2,498,0
5298,2,278,0
5299,2,703,0
5300,2,172,0
5301,2,69,0
5302,2,907,0
5303,2,511,0
5304,2,1296,0
5305,2,619,0
5306,2,798,0
5307,2,24,0
5308,2,913,0
5309,2,289,0
5310,2,940,0
5311,2,1299,0
5312,2,153,0
5313,2,746,0
5314,2,351,0
5315,2,184,0
5316,2,126,0
5317,2,1205,0
5318,2,1331,0
5319,2,1146,0
5320,2,1232,0
5321,2,244,0
5322,2,185,0
5323,2,1365,0
5324,2,884,0
5325,2,404,0
5326,2,601,0
5327,2,157,0
5328,2,718,0
5329,2,1027,0
5330,2,1189,0
5331,2,1174,0
5332,2,1212,0
5333,2,234,0
5334,2,663,0
5335,2,810,0
5336,2,861,0
5337,2,853,0
5338,2,311,0
5339,2,770,0
5340,2,203,0
5341,2,96,0
5342,2,886,0
5343,2,784,0
5344,2,1398,0
5345,2,504,0
5346,2,243,0
5347,2,7,0
5348,2,1218,0
5349,2,1350,0
5350,2,525,0
5351,2,927,0
5352,2,264,0
5353,2,1241,0
5354,2,1226,0
5355,2,396,0
5356,2,12,0
5357,2,737,0
5358,2,1148,0
5359,2,1222,0
5360,2,1370,0
5361,2,517,0
5362,2,1374,0
5363,2,209,0
5364,2,137,0
5365,2,652,0
5366,2,869,0
5367,2,159,0
5368,2,382,0
5369,2,490,0
5370,2,27,0
5371,2,331,0
5372,2,843,0
5373,2,303,0
5374,2,1065,0
5375,2,418,0
5376,2,1330,0
5377,2,18,0
5378,2,570,0
5379,2,568,0
5380,2,134,0
5381,2,165,0
5382,2,356,0
5383,2,63,0
5384,2,174,0
5385,2,300,0
5386,2,1028,0
5387,2,409,0
5388,2,563,0
5389,2,1049,0
5390,2,94,0
5391,2,1310,0
5392,2,1271,0
5393,2,512,0
5394,2,1248,0
5395,2,489,0
5396,2,723,0
5397,2,338,0
5398,2,397,0
5399,2,657,0
5400,2,59,0
5401,2,781,0
5402,2,405,0
5403,2,751,0
5404,2,1167,0
5405,2,1291,0
5406,2,387,0
5407,2,555,0
5408,2,281,0
5409,2,1120,0
5410,2,343,0
5411,2,430,0
5412,2,445,0
5413,2,1033,0
5414,2,1407,0
5415,2,466,0
5416,2,909,0
5417,2,347,0
5418,2,899,0
5419,2,592,0
5420,2,529,0
5421,2,207,0
5422,2,721,0
5423,2,499,0
5424,2,761,0
5425,2,782,0
5426,2,961,0
5427,2,1295,0
5428,2,1250,0
5429,2,202,0
5430,2,220,0
5431,2,714,0
5432,2,1086,0
5433,2,825,0
5434,2,915,0
5435,2,756,0
5436,2,487,0
5437,2,222,0
5438,2,1013,0
5439,2,208,0
5440,2,1153,0
5441,2,549,0
5442,2,1308,0
5443,2,655,0
5444,2,408,0
5445,2,1347,0
5446,2,6,0
5447,2,765,0
5448,2,769,0
5449,2,483,0
5450,2,667,0
5451,2,265,0
5452,2,155,0
5453,2,916,0
5454,2,1158,0
5455,2,984,0
5456,2,1149,0
5457,2,199,0
5458,2,1132,0
5459,2,891,0
5460,2,785,0
5461,2,1039,0
5462,2,1075,0
5463,2,352,0
5464,2,358,0
5465,2,516,0
5466,2,1276,0
5467,2,224,0
5468,2,559,0
5469,2,369,0
5470,2,1061,0
5471,2,455,0
5472,2,1080,0
5473,2,1004,0
5474,2,484,0
5475,2,150,0
5476,2,850,0
5477,2,48,0
5478,2,304,0
5479,2,344,0
5480,2,870,0
5481,2,682,0
5482,2,1012,0
5483,2,522,0
5484,2,1300,0
5485,2,968,0
5486,2,380,0
5487,2,8,0
5488,2,1307,0
5489,2,582,0
5490,2,1268,0
5491,2,482,0
5492,2,1160,0
5493,2,754,0
5494,2,1130,0
5495,2,1171,0
5496,2,250,0
5497,2,154,0
5498,2,644,0
5499,2,827,0
5500,2,107,0
5501,2,735,0
5502,2,151,0
5503,2,1341,0
5504,2,811,0
5505,2,1159,0
5506,2,712,0
5507,2,39,0
5508,2,1015,0
5509,2,1185,0
5510,2,336,0
5511,2,912,0
5512,2,1190,0
5513,2,194,0
5514,2,852,0
5515,2,623,0
5516,2,880,0
5517,2,1131,0
5518,70,1009,0
5519,70,927,0
5520,70,472,0
5521,70,1145,0
5522,70,987,0
5523,70,219,0
5524,70,1271,0
5525,70,1042,0
5526,70,1288,0
5527,70,1302,0
5528,70,1054,0
5529,70,704,0
5530,70,315,0
5531,70,1246,0
5532,70,484,0
5533,70,553,0
5534,70,546,0
5535,70,361,0
5536,70,1233,0
5537,70,1376,0
5538,70,594,0
5539,70,106,0
5540,70,1116,0
5541,70,657,0
5542,70,1132,0
5543,70,1035,0
5544,70,1306,0
5545,70,464,0
5546,70,59,0
5547,70,258,0
5548,70,726,0
5549,70,990,0
5550,70,470,0
5551,70,286,0
5552,70,1363,0
5553,70,282,0
5554,70,748,0
5555,70,1351,0
5556,70,1281,0
5557,70,658,0
5558,70,801,0
5559,70,1158,0
5560,70,590,0
5561,70,453,0
5562,70,1388,0
5563,70,855,0
5564,70,1272,0
5565,70,283,0
5566,70,53,0
5567,70,295,0
5568,70,238,0
5569,70,911,0
5570,70,140,0
5571,70,228,0
5572,70,852,0
5573,70,540,0
5574,70,1311,0
5575,70,418,0
5576,70,547,0
5577,70,609,0
5578,70,806,0
5579,70,324,0
5580,70,574,0
5581,70,715,0
5582,70,1378,0
5583,70,625,0
5584,70,1361,0
5585,70,1168,0
5586,70,1391,0
5587,70,647,0
5588,70,148,0
5589,70,1082,0
5590,70,999,0
5591,70,537,0
5592,70,1265,0
5593,70,1232,0
5594,70,490,0
5595,70,1029,0
5596,70,100,0
5597,70,502,0
5598,70,796,0
5599,70,159,0
5600,70,1055,0
5601,70,922,0
5602,70,1286,0
5603,70,535,0
5604,70,133,0
5605,70,5,0
5606,70,1328,0
5607,70,64,0
5608,70,1186,0
5609,70,822,0
5610,70,765,0
5611,70,583,0
5612,70,1012,0
5613,70,250,0
5614,70,729,0
5615,70,466,0
5616,70,1354,0
5617,70,190,0
5618,70,605,0
5619,70,1146,0
5620,70,992,0
5621,70,1333,0
5622,70,1017,0
5623,70,779,0
5624,70,923,0
5625,70,915,0
5626,70,1207,0
5627,70,81,0
5628,70,721,0
5629,70,1015,0
5630,70,1051,0
5631,70,731,0
5632,70,1016,0
5633,70,589,0
5634,70,906,0
5635,70,953,0
5636,70,1133,0
5637,70,108,0
5638,70,1075,0
5639,70,663,0
5640,70,214,0
5641,70,1279,0
5642,70,1081,0
5643,70,1399,0
5644,70,503,0
5645,70,17,0
5646,70,1375,0
5647,70,928,0
5648,70,513,0
5649,70,1273,0
5650,70,1299,0
5651,70,498,0
5652,70,390,0
5653,70,883,0
5654,70,1170,0
5655,70,974,0
5656,70,48,0
5657,70,474,0
5658,70,28,0
5659,70,753,0
5660,70,359,0
5661,70,1040,0
5662,70,294,0
5663,70,1405,0
5664,70,1283,0
5665,70,1267,0
5666,70,55,0
5667,70,71,0
5668,70,1242,0
5669,70,978,0
5670,70,988,0
5671,70,1020,0
5672,70,892,0
5673,70,626,0
5674,70,445,0
5675,70,226,0
5676,70,1364,0
5677,70,1385,0
5678,70,870,0
5679,70,665,0
5680,70,1210,0
5681,70,1024,0
5682,70,1225,0
5683,70,205,0
5684,70,515,0
5685,70,593,0
5686,70,314,0
5687,70,1276,0
5688,70,973,0
5689,70,94,0
5690,70,1392,0
5691,70,784,0
5692,70,554,0
5693,70,1199,0
5694,70,104,0
5695,70,307,0
5696,70,888,0
5697,70,1220,0
5698,70,1204,0
5699,70,1395,0
5700,70,1324,0
5701,70,443,0
5702,110,586,0
5703,110,160,0
5704,110,802,0
5705,110,1091,0
5706,110,1255,0
5707,110,1338,0
5708,110,946,0
5709,110,357,0
5710,110,1378,0
5711,110,731,0
5712,110,143,0
5713,110,595,0
5714,110,1328,0
5715,110,221,0
5716,110,523,0
5717,110,57,0
5718,110,529,0
5719,110,352,0
5720,110,572,0
5721,110,902,0
5722,110,918,0
5723,110,316,0
5724,110,882,0
5725,110,588,0
5726,110,119,0
5727,110,216,0
5728,110,229,0
5729,110,943,0
5730,110,704,0
5731,110,60,0
5732,110,1324,0
5733,110,780,0
5734,110,644,0
5735,110,1019,0
5736,110,1178,0
5737,110,1406,0
5738,110,433,0
5739,110,12,0
5740,110,1051,0
5741,110,1119,0
5742,110,1176,0
5743,110,1095,0
5744,110,100,0
5745,110,400,0
5746,110,189,0
5747,110,222,0
5748,110,833,0
5749,110,1097,0
5750,110,136,0
5751,110,1216,0
5752,110,1041,0
5753,110,887,0
5754,110,526,0
5755,110,1190,0
5756,110,1332,0
5757,110,770,0
5758,110,714,0
5759,110,1326,0
5760,110,727,0
5761,110,796,0
5762,110,601,0
5763,110,618,0
5764,110,1331,0
5765,110,1343,0
5766,110,1088,0
5767,110,83,0
5768,110,456,0
5769,110,609,0
5770,110,790,0
5771,110,428,0
5772,110,220,0
5773,110,781,0
5774,110,385,0
5775,110,511,0
5776,110,485,0
5777,110,495,0
5778,110,1016,0
5779,110,959,0
5780,110,483,0
5781,110,1000,0
5782,110,1274,0
5783,110,1264,0
5784,110,1014,0
5785,110,10,0
5786,110,1369,0
5787,110,372,0
5788,110,541,0
5789,110,806,0
5790,110,6,0
5791,110,0,0
5792,110,843,0
5793,110,215,0
5794,110,792,0
5795,110,862,0
5796,110,1231,0
5797,110,402,0
5798,110,1248,0
5799,110,622,0
5800,110,257,0
5801,110,1409,0
5802,110,1029,0
5803,110,683,0
5804,110,614,0
5805,110,349,0
5806,110,988,0
5807,110,891,0
5808,110,1361,0
5809,110,772,0
5810,110,86,0
5811,110,525,0
5812,110,24,0
5813,110,1084,0
5814,110,1083,0
5815,110,2,0
5816,110,842,0
5817,110,1385,0
5818,110,744,0
5819,110,343,0
5820,110,1235,0
5821,110,1160,0
5822,110,270,0
5823,110,390,0
5824,110,3,0
5825,110,210,0
5826,110,212,0
5827,110,589,0
5828,110,238,0
5829,110,856,0
5830,110,1252,0
5831,110,341,0
5832,110,1181,0
5833,110,35,0
5834,110,1276,0
5835,110,135,0
5836,110,225,0
5837,110,134,0
5838,110,1049,0
5839,110,1207,0
5840,110,1055,0
5841,110,1320,0
5842,110,453,0
5843,110,1258,0
5844,110,669,0
5845,110,1393,0
5846,110,190,0
5847,110,138,0
5848,110,96,0
5849,110,826,0
5850,110,479,0
5851,110,635,0
5852,110,1120,0
5853,110,655,0
5854,110,1284,0
5855,110,927,0
5856,110,933,0
5857,110,445,0
5858,110,1057,0
5859,110,467,0
5860,110,395,0
5861,110,798,0
5862,110,168,0
5863,110,639,0
5864,110,1358,0
5865,110,937,0
5866,110,1302,0
5867,110,981,0
5868,110,154,0
5869,110,1003,0
5870,110,535,0
5871,110,452,0
5872,110,84,0
5873,110,1059,0
5874,110,202,0
5875,110,472,0
5876,110,203,0
5877,110,682,0
5878,110,1075,0
5879,110,1279,0
5880,110,273,0
5881,110,604,0
5882,110,93,0
5883,110,65,0
5884,110,1115,0
5885,110,597,0
5886,110,150,0
5887,110,166,0
5888,110,1134,0
5889,110,1102,0
5890,110,282,0
5891,110,16,0
5892,110,179,0
5893,110,1157,0
5894,110,104,0
5895,110,503,0
5896,110,440,0
5897,110,1368,0
5898,110,1265,0
5899,110,1109,0
5900,110,32,0
5901,110,774,0
5902,110,197,0
5903,110,912,0
5904,110,1272,0
5905,110,1050,0
5906,110,851,0
5907,110,637,0
5908,110,619,0
5909,110,353,0
5910,110,163,0
5911,110,922,0
5912,110,232,0
5913,110,864,0
5914,110,48,0
5915,110,1036,0
5916,110,829,0
5917,110,615,0
5918,110,91,0
5919,110,102,0
5920,110,968,0
5921,110,801,0
5922,110,739,0
5923,110,911,0
5924,110,410,0
5925,110,750,0
5926,110,471,0
5927,110,1027,0
5928,110,1145,0
5929,110,176,0
5930,110,579,0
5931,110,725,0
5932,110,51,0
5933,110,1162,0
5934,110,355,0
5935,110,1271,0
5936,110,748,0
5937,110,497,0
5938,110,557,0
5939,110,9,0
5940,110,411,0
5941,110,1068,0
5942,110,36,0
5943,110,995,0
5944,110,998,0
5945,110,21,0
5946,110,570,0
5947,110,336,0
5948,110,1287,0
5949,110,1172,0
5950,110,302,0
5951,110,893,0
5952,110,145,0
5953,110,1191,0
5954,110,111,0
5955,110,52,0
5956,110,876,0
5957,110,536,0
5958,110,794,0
5959,110,317,0
5960,110,242,0
5961,110,254,0
5962,110,1076,0
5963,110,1141,0
5964,110,1113,0
5965,110,22,0
5966,110,422,0
5967,110,170,0
5968,110,636,0
5969,110,361,0
5970,110,213,0
5971,110,438,0
5972,110,871,0
5973,110,359,0
5974,110,1318,0
5975,110,1215,0
5976,110,256,0
5977,110,175,0
5978,110,979,0
5979,110,1367,0
5980,110,600,0
5981,110,125,0
5982,110,1196,0
5983,110,374,0
5984,110,1256,0
5985,110,283,0
5986,110,870,0
5987,110,940,0
5988,110,662,0
5989,110,1384,0
5990,110,169,0
5991,110,673,0
5992,110,275,0
5993,110,841,0
5994,110,1294,0
5995,110,1107,0
5996,110,80,0
5997,110,740,0
5998,110,1200,0
5999,110,916,0
6000,110,1404,0
6001,110,869,0
6002,110,822,0
6003,110,1259,0
6004,110,408,0
6005,110,46,0
6006,110,332,0
6007,110,490,0
6008,110,914,0
6009,110,955,0
6010,110,244,0
6011,110,1282,0
6012,110,698,0
6013,110,1396,0
6014,110,33,0
6015,110,1199,0
6016,110,1230,0
6017,110,1257,0
6018,110,116,0
6019,110,623,0
6020,110,1159,0
6021,110,1154,0
6022,110,1183,0
6023,110,439,0
6024,110,821,0
6025,110,1290,0
6026,110,267,0
6027,110,1329,0
6028,110,76,0
6029,110,337,0
6030,110,304,0
6031,110,1337,0
6032,110,266,0
6033,110,303,0
6034,110,1397,0
6035,110,1080,0
6036,110,949,0
6037,110,1227,0
6038,110,648,0
6039,110,951,0
6040,110,1127,0
6041,110,593,0
6042,110,976,0
6043,110,738,0
6044,110,92,0
6045,110,1171,0
6046,110,1117,0
6047,110,1026,0
6048,110,562,0
6049,110,671,0
6050,110,766,0
6051,110,1020,0
6052,110,818,0
6053,110,1381,0
6054,110,884,0
6055,110,1130,0
6056,110,651,0
6057,110,863,0
6058,110,982,0
6059,110,542,0
6060,110,473,0
6061,110,180,0
6062,110,1362,0
6063,110,1288,0
6064,110,98,0
6065,110,559,0
6066,110,1303,0
6067,110,1167,0
6068,110,941,0
6069,110,712,0
6070,110,164,0
6071,110,462,0
6072,110,245,0
6073,110,62,0
6074,110,1240,0
6075,110,354,0
6076,110,873,0
6077,110,800,0
6078,110,917,0
6079,110,430,0
6080,110,369,0
6081,110,649,0
6082,110,1086,0
6083,110,670,0
6084,110,605,0
6085,110,274,0
6086,110,346,0
6087,110,899,0
6088,110,1143,0
6089,110,945,0
6090,110,380,0
6091,110,148,0
6092,110,1001,0
6093,110,139,0
6094,110,1205,0
6095,110,900,0
6096,110,1311,0
6097,110,334,0
6098,110,729,0
6099,110,347,0
6100,110,247,0
6101,110,722,0
6102,110,328,0
6103,110,939,0
6104,110,514,0
6105,110,1052,0
6106,110,250,0
6107,110,581,0
6108,110,386,0
6109,110,1099,0
6110,110,848,0
6111,110,681,0
6112,110,30,0
6113,110,161,0
6114,110,251,0
6115,110,1079,0
6116,110,276,0
6117,110,1122,0
6118,110,611,0
6119,110,409,0
6120,110,1149,0
6121,110,769,0
6122,110,734,0
6123,110,1399,0
6124,110,814,0
6125,110,375,0
6126,110,50,0
6127,110,19,0
6128,110,885,0
6129,110,54,0
6130,110,423,0
6131,110,1146,0
6132,110,1023,0
6133,110,626,0
6134,110,1241,0
6135,110,318,0
6136,110,625,0
6137,110,1161,0
6138,110,432,0
6139,110,1395,0
6140,110,1104,0
6141,110,1228,0
6142,110,565,0
6143,110,441,0
6144,110,861,0
6145,110,1401,0
6146,110,227,0
6147,110,898,0
6148,110,667,0
6149,110,892,0
6150,110,31,0
6151,110,1033,0
6152,110,382,0
6153,110,1135,0
6154,110,1304,0
6155,110,1269,0
6156,110,807,0
6157,110,1198,0
6158,110,1238,0
6159,110,773,0
6160,110,118,0
6161,110,1137,0
6162,110,358,0
6163,110,907,0
6164,110,691,0
6165,110,1237,0
6166,110,1153,0
6167,110,819,0
6168,110,1004,0
6169,110,971,0
6170,110,718,0
6171,110,993,0
6172,110,418,0
6173,110,1040,0
6174,110,1296,0
6175,110,1164,0
6176,110,69,0
6177,110,293,0
6178,110,758,0
6179,110,997,0
6180,110,1365,0
6181,110,1325,0
6182,110,285,0
6183,110,172,0
6184,110,710,0
6185,110,658,0
6186,110,219,0
6187,110,977,0
6188,110,695,0
6189,110,1315,0
6190,110,910,0
6191,110,476,0
6192,110,1170,0
6193,110,1353,0
6194,110,574,0
6195,110,1202,0
6196,110,1096,0
6197,110,290,0
6198,110,1363,0
6199,110,11,0
6200,110,389,0
6201,110,1011,0
6202,110,724,0
6203,110,642,0
6204,110,587,0
6205,110,1333,0
6206,110,992,0
6207,110,448,0
6208,110,131,0
6209,110,486,0
6210,110,320,0
6211,110,1382,0
6212,110,752,0
6213,110,381,0
6214,110,730,0
6215,110,872,0
6216,110,516,0
6217,110,1307,0
6218,110,115,0
6219,110,894,0
6220,110,664,0
6221,110,249,0
6222,110,183,0
6223,110,239,0
6224,110,405,0
6225,110,70,0
6226,110,1186,0
6227,110,406,0
6228,110,45,0
6229,110,964,0
6230,110,1132,0
6231,110,942,0
6232,110,708,0
6233,110,155,0
6234,110,281,0
6235,110,289,0
6236,110,954,0
6237,110,8,0
6238,110,327,0
6239,110,550,0
6240,110,515,0
6241,110,1219,0
6242,110,1111,0
6243,110,277,0
6244,110,1,0
6245,110,1217,0
6246,110,1187,0
6247,110,344,0
6248,110,130,0
6249,110,1214,0
6250,110,852,0
6251,110,103,0
6252,110,696,0
6253,110,1103,0
6254,110,1277,0
6255,110,1286,0
6256,110,157,0
6257,110,451,0
6258,110,1072,0
6259,110,634,0
6260,110,79,0
6261,110,1377,0
6262,110,5,0
6263,110,1144,0
6264,110,594,0
6265,110,1042,0
6266,110,985,0
6267,110,763,0
6268,110,583,0
6269,110,132,0
6270,110,1094,0
6271,110,751,0
6272,110,63,0
6273,110,1305,0
6274,110,778,0
6275,110,1008,0
6276,110,1322,0
6277,110,228,0
6278,110,1210,0
6279,110,556,0
6280,110,73,0
6281,110,502,0
6282,110,938,0
6283,110,831,0
6284,110,967,0
6285,110,1306,0
6286,110,680,0
6287,110,214,0
6288,110,760,0
6289,110,1327,0
6290,110,886,0
6291,110,261,0
6292,110,602,0
6293,110,258,0
6294,110,61,0
6295,110,187,0
6296,110,321,0
6297,110,296,0
6298,110,853,0
6299,110,1032,0
6300,110,178,0
6301,110,366,0
6302,110,335,0
6303,110,661,0
6304,110,909,0
6305,110,427,0
6306,110,447,0
6307,110,17,0
6308,110,537,0
6309,110,286,0
6310,110,888,0
6311,110,1062,0
6312,110,248,0
6313,110,230,0
6314,110,540,0
6315,110,657,0
6316,110,1246,0
6317,110,832,0
6318,110,40,0
6319,110,505,0
6320,110,1151,0
6321,110,1266,0
6322,110,313,0
6323,110,603,0
6324,110,895,0
6325,110,1194,0
6326,110,13,0
6327,110,460,0
6328,110,713,0
6329,110,686,0
6330,110,499,0
6331,110,897,0
6332,110,1063,0
6333,110,311,0
6334,110,101,0
6335,110,518,0
6336,110,1347,0
6337,110,836,0
6338,110,319,0
6339,110,262,0
6340,110,362,0
6341,110,935,0
6342,110,324,0
6343,110,1061,0
6344,110,449,0
6345,110,368,0
6346,110,741,0
6347,110,845,0
6348,110,1123,0
6349,110,510,0
6350,110,146,0
6351,110,7,0
6352,110,442,0
6353,110,513,0
6354,110,1242,0
6355,110,265,0
6356,110,1017,0
6357,110,1355,0
6358,110,1108,0
6359,110,538,0
6360,110,777,0
6361,110,413,0
6362,110,585,0
6363,110,890,0
6364,110,970,0
6365,110,596,0
6366,110,765,0
6367,110,1006,0
6368,110,824,0
6369,110,947,0
6370,110,689,0
6371,110,105,0
6372,110,122,0
6373,110,838,0
6374,110,972,0
6375,110,1352,0
6376,110,709,0
6377,110,591,0
6378,110,568,0
6379,110,82,0
6380,110,1317,0
6381,110,363,0
6382,110,889,0
6383,110,194,0
6384,110,582,0
6385,110,27,0
6386,110,672,0
6387,110,1224,0
6388,110,127,0
6389,110,1142,0
6390,110,1131,0
6391,110,207,0
6392,110,1101,0
6393,110,598,0
6394,110,1300,0
6395,110,192,0
6396,110,1346,0
6397,110,764,0
6398,110,815,0
6399,110,1204,0
6400,110,206,0
6401,110,1251,0
6402,110,608,0
6403,110,1105,0
6404,110,726,0
6405,110,677,0
6406,110,660,0
6407,110,1263,0
6408,110,803,0
6409,110,387,0
6410,110,950,0
6411,110,771,0
6412,110,580,0
6413,110,1206,0
6414,110,844,0
6415,110,342,0
6416,110,757,0
6417,110,531,0
6418,110,373,0
6419,110,1364,0
6420,110,830,0
6421,110,610,0
6422,110,233,0
6423,110,1351,0
6424,110,1405,0
6425,110,1398,0
6426,110,675,0
6427,110,810,0
6428,110,1035,0
6429,110,617,0
6430,110,434,0
6431,110,599,0
6432,110,569,0
6433,110,67,0
6434,110,524,0
6435,110,1298,0
6436,110,1388,0
6437,110,259,0
6438,110,1370,0
6439,110,1179,0
6440,110,1025,0
6441,110,329,0
6442,110,747,0
6443,110,1335,0
6444,110,474,0
6445,110,461,0
6446,110,1340,0
6447,110,255,0
6448,110,701,0
6449,110,1366,0
6450,110,1310,0
6451,110,126,0
6452,110,424,0
6453,110,1289,0
6454,110,663,0
6455,110,705,0
6456,110,924,0
6457,110,1085,0
6458,110,208,0
6459,110,678,0
6460,110,1180,0
6461,110,584,0
6462,110,49,0
6463,110,654,0
6464,110,1285,0
6465,110,414,0
6466,110,527,0
6467,110,392,0
6468,110,592,0
6469,110,1372,0
6470,110,436,0
6471,110,1308,0
6472,110,715,0
6473,110,646,0
6474,110,431,0
6475,110,1081,0
6476,110,816,0
6477,110,676,0
6478,110,1048,0
6479,110,1175,0
6480,110,1392,0
6481,110,1114,0
6482,110,519,0
6483,110,466,0
6484,110,415,0
6485,110,957,0
6486,110,156,0
6487,110,141,0
6488,110,846,0
6489,110,1391,0
6490,110,351,0
6491,110,616,0
6492,110,171,0
6493,110,878,0
6494,110,575,0
6495,110,1173,0
6496,110,736,0
6497,110,517,0
6498,110,847,0
6499,110,81,0
6500,110,348,0
6501,110,399,0
6502,110,1316,0
6503,110,278,0
6504,110,504,0
6505,110,567,0
6506,110,903,0
6507,110,755,0
6508,110,218,0
6509,110,1189,0
6510,110,989,0
6511,110,896,0
6512,110,200,0
6513,110,272,0
6514,110,857,0
6515,110,761,0
6516,110,404,0
6517,110,719,0
6518,110,223,0
6519,110,167,0
6520,110,953,0
6521,110,749,0
6522,110,429,0
6523,110,643,0
6524,110,1348,0
6525,110,425,0
6526,110,224,0
6527,110,533,0
6528,110,965,0
6529,110,929,0
6530,110,446,0
6531,110,687,0
6532,110,659,0
6533,110,621,0
6534,110,576,0
6535,110,298,0
6536,110,973,0
6537,110,1299,0
6538,110,1174,0
6539,110,1373,0
6540,110,561,0
6541,110,235,0
6542,110,1056,0
6543,110,1323,0
6544,110,799,0
6545,110,475,0
6546,110,28,0
6547,110,1013,0
6548,110,1043,0
6549,110,396,0
6550,110,1273,0
6551,110,879,0
6552,110,99,0
6553,110,182,0
6554,110,759,0
6555,110,1012,0
6556,110,1024,0
6557,110,1133,0
6558,110,775,0
6559,110,66,0
6560,110,468,0
6561,110,18,0
6562,110,469,0
6563,110,243,0
6564,110,787,0
6565,110,494,0
6566,110,1074,0
6567,110,147,0
6568,110,840,0
6569,110,1030,0
6570,110,697,0
6571,110,850,0
6572,110,520,0
6573,110,612,0
6574,110,133,0
6575,110,64,0
6576,110,628,0
6577,110,545,0
6578,110,784,0
6579,110,1375,0
6580,110,640,0
6581,110,859,0
6582,110,707,0
6583,110,237,0
6584,110,919,0
6585,110,379,0
6586,110,858,0
6587,110,397,0
6588,110,152,0
6589,110,142,0
6590,110,700,0
6591,110,1321,0
6592,110,706,0
6593,110,106,0
6594,110,1408,0
6595,110,39,0
6596,110,74,0
6597,110,26,0
6598,110,606,0
6599,110,300,0
6600,110,1192,0
6601,110,1195,0
6602,110,301,0
6603,110,1220,0
6604,158,215,0
6605,158,880,0
6606,158,202,0
6607,158,939,0
6608,158,942,0
6609,158,1216,0
6610,158,196,0
6611,158,828,0
6612,158,190,0
6613,158,98,0
6614,158,525,0
6615,158,514,0
6616,158,483,0
6617,158,694,0
6618,158,869,0
6619,158,832,0
6620,158,572,0
6621,158,256,0
6622,158,647,0
6623,158,657,0
6624,158,1262,0
6625,158,318,0
6626,158,1086,0
6627,158,1225,0
6628,158,972,0
6629,158,932,0
6630,158,412,0
6631,158,113,0
6632,158,192,0
6633,158,535,0
6634,158,874,0
6635,158,564,0
6636,158,327,0
6637,158,1341,0
6638,158,325,0
6639,158,76,0
6640,158,875,0
6641,158,962,0
6642,158,800,0
6643,158,597,0
6644,158,53,0
6645,158,145,0
6646,158,1012,0
6647,158,59,0
6648,158,667,0
6649,158,1114,0
6650,158,429,0
6651,158,1123,0
6652,158,1128,0
6653,158,389,0
6654,158,1407,0
6655,158,79,0
6656,158,1386,0
6657,158,588,0
6658,158,721,0
6659,158,904,0
6660,158,512,0
6661,158,591,0
6662,158,343,0
6663,158,879,0
6664,158,369,0
6665,158,1176,0
6666,158,370,0
6667,158,1009,0
6668,158,188,0
6669,158,311,0
6670,158,115,0
6671,158,1289,0
6672,158,422,0
6673,158,696,0
6674,158,85,0
6675,158,1326,0
6676,158,1330,0
6677,158,182,0
6678,158,1247,0
6679,158,1338,0
6680,158,134,0
6681,158,1122,0
6682,158,635,0
6683,158,144,0
6684,158,521,0
6685,158,1119,0
6686,158,1393,0
6687,158,2,0
6688,158,277,0
6689,158,1349,0
6690,158,554,0
6691,158,235,0
6692,158,97,0
6693,158,690,0
6694,158,396,0
6695,158,1200,0
6696,158,919,0
6697,158,953,0
6698,158,681,0
6699,158,983,0
6700,158,1290,0
6701,158,705,0
6702,158,449,0
6703,158,1252,0
6704,158,299,0
6705,158,129,0
6706,158,636,0
6707,158,896,0
6708,158,1375,0
6709,158,165,0
6710,158,1174,0
6711,158,923,0
6712,158,619,0
6713,158,792,0
6714,158,244,0
6715,158,859,0
6716,158,819,0
6717,158,720,0
6718,158,698,0
6719,158,752,0
6720,158,34,0
6721,158,1035,0
6722,158,941,0
6723,158,254,0
6724,158,565,0
6725,158,247,0
6726,158,1399,0
6727,158,475,0
6728,158,530,0
6729,158,719,0
6730,158,786,0
6731,158,264,0
6732,158,108,0
6733,158,303,0
6734,158,583,0
6735,158,425,0
6736,158,340,0
6737,158,807,0
6738,158,266,0
6739,158,31,0
6740,158,995,0
6741,158,150,0
6742,158,645,0
6743,158,1210,0
6744,158,984,0
6745,158,1139,0
6746,158,963,0
6747,158,1392,0
6748,158,1229,0
6749,158,1066,0
6750,158,307,0
6751,158,761,0
6752,158,791,0
6753,158,767,0
6754,158,838,0
6755,158,378,0
6756,158,289,0
6757,158,476,0
6758,158,263,0
6759,158,399,0
6760,158,799,0
6761,158,287,0
6762,158,582,0
6763,158,366,0
6764,158,1244,0
6765,158,911,0
6766,158,1331,0
6767,158,1352,0
6768,158,1296,0
6769,158,1228,0
6770,158,617,0
6771,158,1390,0
6772,158,917,0
6773,158,853,0
6774,158,335,0
6775,158,431,0
6776,158,561,0
6777,158,346,0
6778,158,1396,0
6779,158,1130,0
6780,158,1058,0
6781,158,776,0
6782,158,558,0
6783,158,706,0
6784,158,1082,0
6785,158,394,0
6786,158,888,0
6787,158,1315,0
6788,158,877,0
6789,158,496,0
6790,158,933,0
6791,158,1189,0
6792,158,393,0
6793,158,1213,0
6794,158,104,0
6795,158,699,0
6796,158,99,0
6797,158,856,0
6798,158,80,0
6799,158,1172,0
6800,158,1378,0
6801,158,452,0
6802,158,440,0
6803,158,1151,0
6804,158,952,0
6805,158,105,0
6806,158,487,0
6807,158,217,0
6808,158,1008,0
6809,158,410,0
6810,158,107,0
6811,158,372,0
6812,158,1045,0
6813,158,1116,0
6814,158,835,0
6815,158,489,0
6816,158,1313,0
6817,158,855,0
6818,158,137,0
6819,158,710,0
6820,158,604,0
6821,158,67,0
6822,158,214,0
6823,158,652,0
6824,158,326,0
6825,158,1336,0
6826,158,1298,0
6827,158,1014,0
6828,158,456,0
6829,158,1339,0
6830,158,543,0
6831,158,361,0
6832,158,453,0
6833,158,684,0
6834,158,1064,0
6835,158,180,0
6836,158,718,0
6837,158,348,0
6838,158,253,0
6839,158,1226,0
6840,158,547,0
6841,158,524,0
6842,158,1090,0
6843,158,730,0
6844,158,844,0
6845,158,771,0
6846,158,465,0
6847,158,1110,0
6848,158,573,0
6849,158,618,0
6850,158,1194,0
6851,158,993,0
6852,158,741,0
6853,158,985,0
6854,158,693,0
6855,158,438,0
6856,158,401,0
6857,158,640,0
6858,158,1287,0
6859,158,260,0
6860,158,866,0
6861,158,1184,0
6862,158,804,0
6863,158,737,0
6864,158,486,0
6865,158,388,0
6866,158,337,0
6867,158,194,0
6868,158,1329,0
6869,158,1013,0
6870,158,944,0
6871,158,1278,0
6872,158,633,0
6873,158,1024,0
6874,158,184,0
6875,158,641,0
6876,158,157,0
6877,158,41,0
6878,158,1127,0
6879,158,228,0
6880,158,251,0
6881,158,1224,0
6882,158,1033,0
6883,158,1140,0
6884,158,245,0
6885,158,510,0
6886,158,353,0
6887,158,359,0
6888,158,798,0
6889,158,162,0
6890,158,442,0
6891,158,1376,0
6892,158,342,0
6893,158,72,0
6894,158,317,0
6895,158,344,0
6896,158,648,0
6897,158,1251,0
6898,158,164,0
6899,158,745,0
6900,158,468,0
6901,158,464,0
6902,158,1072,0
6903,158,170,0
6904,158,62,0
6905,158,212,0
6906,158,1156,0
6907,158,392,0
6908,158,380,0
6909,158,934,0
6910,158,842,0
6911,158,1243,0
6912,158,339,0
6913,158,362,0
6914,158,281,0
6915,158,770,0
6916,158,987,0
6917,158,713,0
6918,158,15,0
6919,158,870,0
6920,158,166,0
6921,158,536,0
6922,158,905,0
6923,158,656,0
6924,158,142,0
6925,158,692,0
6926,158,1054,0
6927,158,1400,0
6928,158,493,0
6929,158,516,0
6930,158,445,0
6931,158,973,0
6932,158,92,0
6933,158,664,0
6934,158,976,0
6935,158,997,0
6936,158,1345,0
6937,158,354,0
6938,158,841,0
6939,158,207,0
6940,158,608,0
6941,158,1063,0
6942,158,5,0
6943,158,689,0
6944,158,626,0
6945,158,316,0
6946,158,375,0
6947,158,826,0
6948,158,1370,0
6949,158,492,0
6950,158,1154,0
6951,158,439,0
6952,158,1,0
6953,158,133,0
6954,158,1297,0
6955,158,969,0
6956,158,533,0
6957,158,901,0
6958,158,861,0
6959,158,945,0
6960,158,1112,0
6961,158,714,0
6962,158,902,0
6963,158,638,0
6964,158,1026,0
6965,158,848,0
6966,158,551,0
6967,158,1034,0
6968,158,1183,0
6969,158,386,0
6970,158,78,0
6971,158,915,0
6972,158,773,0
6973,158,219,0
6974,158,55,0
6975,158,922,0
6976,158,534,0
6977,158,86,0
6978,158,1259,0
6979,158,907,0
6980,158,1002,0
6981,158,678,0
6982,158,1380,0
6983,158,1205,0
6984,158,329,0
6985,158,463,0
6986,158,1332,0
6987,158,1038,0
6988,158,61,0
6989,158,806,0
6990,158,557,0
6991,158,357,0
6992,158,900,0
6993,158,479,0
6994,158,1294,0
6995,158,1273,0
6996,158,1208,0
6997,158,461,0
6998,158,267,0
6999,158,624,0
7000,158,646,0
7001,158,978,0
7002,158,1187,0
7003,158,781,0
7004,158,1307,0
7005,158,783,0
7006,158,306,0
7007,158,878,0
7008,158,921,0
7009,158,20,0
7010,158,382,0
7011,158,383,0
7012,158,19,0
7013,158,118,0
7014,158,328,0
7015,158,1190,0
7016,158,11,0
7017,158,1007,0
7018,158,66,0
7019,158,56,0
7020,158,1401,0
7021,158,743,0
7022,158,715,0
7023,158,1186,0
7024,158,33,0
7025,158,1133,0
7026,158,195,0
7027,158,90,0
7028,158,9,0
7029,158,766,0
7030,158,1107,0
7031,158,1095,0
7032,158,83,0
7033,158,1019,0
7034,158,522,0
7035,158,151,0
7036,158,136,0
7037,158,782,0
7038,158,122,0
7039,158,659,0
7040,158,1323,0
7041,158,821,0
7042,158,288,0
7043,158,155,0
7044,158,967,0
7045,158,297,0
7046,158,269,0
7047,158,755,0
7048,158,884,0
7049,158,1374,0
7050,158,472,0
7051,158,1177,0
7052,158,1158,0
7053,158,872,0
7054,158,65,0
7055,158,1272,0
7056,158,1028,0
7057,158,968,0
7058,158,1104,0
7059,158,1274,0
7060,158,537,0
7061,158,124,0
7062,158,1350,0
7063,158,16,0
7064,158,1000,0
7065,158,540,0
7066,158,332,0
7067,158,1353,0
7068,158,666,0
7069,158,1136,0
7070,158,1029,0
7071,158,1113,0
7072,158,450,0
7073,158,549,0
7074,158,1383,0
7075,158,441,0
7076,158,895,0
7077,158,797,0
7078,158,847,0
7079,158,200,0
7080,158,1394,0
7081,158,146,0
7082,158,1025,0
7083,158,294,0
7084,158,376,0
7085,158,966,0
7086,158,1299,0
7087,158,566,0
7088,158,49,0
7089,158,511,0
7090,158,1059,0
7091,158,751,0
7092,158,1343,0
7093,158,1346,0
7094,158,498,0
7095,158,138,0
7096,158,1264,0
7097,158,275,0
7098,158,229,0
7099,158,981,0
7100,158,17,0
7101,158,406,0
7102,158,1312,0
7103,158,35,0
7104,158,956,0
7105,158,820,0
7106,158,227,0
7107,158,198,0
7108,158,409,0
7109,158,474,0
7110,158,642,0
7111,158,1016,0
7112,158,744,0
7113,158,454,0
7114,158,559,0
7115,158,451,0
7116,158,32,0
7117,158,1005,0
7118,158,88,0
7119,158,159,0
7120,158,595,0
7121,158,1263,0
7122,158,458,0
7123,158,181,0
7124,158,1381,0
7125,158,824,0
7126,158,283,0
7127,158,571,0
7128,158,890,0
7129,158,857,0
7130,158,1173,0
7131,158,272,0
7132,158,669,0
7133,158,1367,0
7134,158,1233,0
7135,158,462,0
7136,158,448,0
7137,158,960,0
7138,158,833,0
7139,158,949,0
7140,158,1201,0
7141,158,1279,0
7142,158,1022,0
7143,158,1132,0
7144,158,1196,0
7145,158,109,0
7146,158,908,0
7147,158,740,0
7148,158,381,0
7149,158,1152,0
7150,158,1126,0
7151,158,568,0
7152,158,680,0
7153,158,236,0
7154,158,292,0
7155,158,787,0
7156,158,1153,0
7157,158,1166,0
7158,158,1163,0
7159,158,579,0
7160,158,1238,0
7161,158,1387,0
7162,158,1209,0
7163,158,975,0
7164,158,545,0
7165,158,1185,0
7166,158,414,0
7167,158,1039,0
7168,158,672,0
7169,158,765,0
7170,158,637,0
7171,158,319,0
7172,158,1237,0
7173,158,1202,0
7174,158,309,0
7175,158,955,0
7176,158,167,0
7177,158,1377,0
7178,158,154,0
7179,158,1337,0
7180,158,234,0
7181,158,686,0
7182,158,21,0
7183,158,622,0
7184,158,491,0
7185,158,1246,0
7186,158,355,0
7187,158,925,0
7188,158,609,0
7189,158,563,0
7190,158,1268,0
7191,158,433,0
7192,158,605,0
7193,158,397,0
7194,158,1193,0
7195,158,1129,0
7196,158,349,0
7197,158,1227,0
7198,158,1197,0
7199,158,1308,0
7200,158,852,0
7201,158,501,0
7202,158,757,0
7203,158,849,0
7204,158,989,0
7205,158,488,0
7206,158,413,0
7207,158,1004,0
7208,158,1134,0
7209,158,1365,0
7210,158,831,0
7211,158,1320,0
7212,158,756,0
7213,158,726,0
7214,158,748,0
7215,158,1098,0
7216,158,1062,0
7217,158,395,0
7218,158,1270,0
7219,158,1147,0
7220,158,711,0
7221,158,324,0
7222,158,920,0
7223,158,1214,0
7224,158,1057,0
7225,158,27,0
7226,158,1322,0
7227,158,1302,0
7228,158,94,0
7229,158,408,0
7230,158,509,0
7231,158,106,0
7232,158,1403,0
7233,158,52,0
7234,158,1070,0
7235,158,50,0
7236,158,1285,0
7237,158,703,0
7238,158,676,0
7239,158,132,0
7240,158,570,0
7241,158,722,0
7242,158,232,0
7243,158,222,0
7244,158,1020,0
7245,158,899,0
7246,158,839,0
7247,158,466,0
7248,158,650,0
7249,158,64,0
7250,158,313,0
7251,158,886,0
7252,158,728,0
7253,158,1398,0
7254,158,179,0
7255,158,143,0
7256,158,312,0
7257,158,1050,0
7258,158,1171,0
7259,158,965,0
7260,158,331,0
7261,158,1215,0
7262,158,631,0
7263,158,341,0
7264,158,1001,0
7265,158,858,0
7266,158,338,0
7267,158,538,0
7268,158,96,0
7269,158,560,0
7270,158,345,0
7271,158,764,0
7272,158,1281,0
7273,158,736,0
7274,158,175,0
7275,158,850,0
7276,158,4,0
7277,158,1318,0
7278,158,1169,0
7279,158,1011,0
7280,158,477,0
7281,158,846,0
7282,158,402,0
7283,158,986,0
7284,158,130,0
7285,158,230,0
7286,158,961,0
7287,158,1115,0
7288,158,1223,0
7289,158,1083,0
7290,158,257,0
7291,158,1371,0
7292,158,497,0
7293,158,876,0
7294,158,1077,0
7295,158,223,0
7296,158,707,0
7297,158,135,0
7298,158,485,0
7299,158,1052,0
7300,158,704,0
7301,158,51,0
7302,158,1300,0
7303,158,779,0
7304,158,1355,0
7305,158,310,0
7306,158,1316,0
7307,158,1155,0
7308,158,116,0
7309,158,1368,0
7310,158,542,0
7311,158,586,0
7312,158,405,0
7313,158,193,0
7314,158,854,0
7315,158,943,0
7316,158,805,0
7317,158,603,0
7318,158,918,0
7319,158,788,0
7320,158,1071,0
7321,158,1137,0
7322,158,924,0
7323,158,910,0
7324,158,548,0
7325,158,500,0
7326,158,935,0
7327,158,347,0
7328,158,447,0
7329,158,1067,0
7330,158,1314,0
7331,158,419,0
7332,158,655,0
7333,158,738,0
7334,158,25,0
7335,158,1249,0
7336,158,661,0
7337,158,1328,0
7338,158,204,0
7339,158,817,0
7340,158,478,0
7341,158,795,0
7342,158,415,0
7343,158,183,0
7344,158,691,0
7345,158,1369,0
7346,158,1161,0
7347,158,1406,0
7348,158,91,0
7349,158,747,0
7350,158,868,0
7351,158,43,0
7352,158,539,0
7353,158,421,0
7354,158,809,0
7355,158,562,0
7356,158,977,0
7357,158,350,0
7358,158,435,0
7359,158,864,0
7360,158,611,0
7361,158,556,0
7362,158,363,0
7363,158,585,0
7364,158,735,0
7365,158,1373,0
7366,158,822,0
7367,158,912,0
7368,158,1356,0
7369,158,302,0
7370,158,808,0
7371,158,845,0
7372,158,601,0
7373,158,662,0
7374,158,523,0
7375,158,356,0
7376,158,1309,0
7377,158,860,0
7378,158,552,0
7379,158,443,0
7380,158,651,0
7381,158,526,0
7382,158,947,0
7383,158,1362,0
7384,158,837,0
7385,158,913,0
7386,158,759,0
7387,158,958,0
7388,158,882,0
7389,158,623,0
7390,158,762,0
7391,158,948,0
7392,158,632,0
7393,158,1042,0
7394,158,1327,0
7395,158,221,0
7396,158,1379,0
7397,158,1089,0
7398,158,390,0
7399,158,252,0
7400,158,775,0
7401,158,1284,0
7402,158,314,0
7403,158,1203,0
7404,158,248,0
7405,158,665,0
7406,158,1093,0
7407,158,75,0
7408,158,812,0
7409,158,1351,0
7410,158,203,0
7411,158,816,0
7412,158,621,0
7413,158,1305,0
7414,158,789,0
7415,158,18,0
7416,158,629,0
7417,158,1060,0
7418,158,670,0
7419,158,131,0
7420,158,1121,0
7421,158,172,0
7422,158,60,0
7423,158,1283,0
7424,158,377,0
7425,158,1092,0
7426,158,46,0
7427,158,71,0
7428,158,769,0
7429,158,295,0
7430,158,168,0
7431,158,578,0
7432,158,1111,0
7433,158,687,0
7434,158,169,0
7435,158,974,0
7436,158,716,0
7437,158,416,0
7438,158,515,0
7439,158,742,0
7440,158,992,0
7441,158,1170,0
7442,158,262,0
7443,158,1360,0
7444,158,494,0
7445,158,1385,0
7446,158,1204,0
7447,158,979,0
7448,158,727,0
7449,158,873,0
7450,158,177,0
7451,158,531,0
7452,158,238,0
7453,158,103,0
7454,158,1245,0
7455,158,1085,0
7456,158,1124,0
7457,158,602,0
7458,158,1340,0
7459,158,371,0
7460,158,971,0
7461,158,330,0
7462,158,38,0
7463,158,1232,0
7464,158,550,0
7465,158,428,0
7466,158,1388,0
7467,158,6,0
7468,158,220,0
7469,158,417,0
7470,158,894,0
7471,158,717,0
7472,158,10,0
7473,158,863,0
7474,158,796,0
7475,158,612,0
7476,158,700,0
7477,158,296,0
7478,158,201,0
7479,158,829,0
7480,158,8,0
7481,158,701,0
7482,158,39,0
7483,158,723,0
7484,158,444,0
7485,158,1175,0
7486,158,1040,0
7487,158,320,0
7488,158,58,0
7489,158,1157,0
7490,201,102,0
7491,201,267,0
7492,201,182,0
7493,201,952,0
7494,201,320,0
7495,201,256,0
7496,201,569,0
7497,201,753,0
7498,201,962,0
7499,201,1177,0
7500,201,832,0
7501,201,771,0
7502,201,816,0
7503,201,43,0
7504,201,1336,0
7505,201,1033,0
7506,201,929,0
7507,201,1182,0
7508,201,227,0
7509,201,701,0
7510,201,1282,0
7511,201,396,0
7512,201,250,0
7513,201,868,0
7514,201,507,0
7515,201,275,0
7516,201,1288,0
7517,201,1039,0
7518,201,690,0
7519,201,728,0
7520,201,459,0
7521,201,138,0
7522,201,891,0
7523,201,1278,0
7524,201,885,0
7525,201,935,0
7526,201,984,0
7527,201,224,0
7528,201,1363,0
7529,201,1190,0
7530,201,181,0
7531,201,640,0
7532,201,784,0
7533,201,1158,0
7534,201,380,0
7535,201,604,0
7536,201,154,0
7537,201,977,0
7538,201,1035,0
7539,201,237,0
7540,201,1394,0
7541,201,440,0
7542,201,1010,0
7543,201,159,0
7544,201,540,0
7545,201,775,0
7546,201,1239,0
7547,201,1366,0
7548,201,602,0
7549,201,1144,0
7550,201,506,0
7551,201,1356,0
7552,201,686,0
7553,201,246,0
7554,201,1090,0
7555,201,778,0
7556,201,719,0
7557,201,862,0
7558,201,1225,0
7559,201,820,0
7560,201,563,0
7561,201,567,0
7562,201,1351,0
7563,201,466,0
7564,201,1148,0
7565,201,905,0
7566,201,508,0
7567,201,1188,0
7568,201,308,0
7569,201,162,0
7570,201,429,0
7571,201,273,0
7572,201,646,0
7573,201,875,0
7574,201,1005,0
7575,201,1384,0
7576,201,969,0
7577,201,919,0
7578,201,1293,0
7579,201,127,0
7580,201,173,0
7581,201,185,0
7582,201,1095,0
7583,201,114,0
7584,201,126,0
7585,201,371,0
7586,201,1178,0
7587,201,283,0
7588,201,279,0
7589,201,1145,0
7590,201,242,0
7591,201,817,0
7592,201,814,0
7593,201,1205,0
7594,201,332,0
7595,201,1348,0
7596,201,731,0
7597,201,1211,0
7598,201,517,0
7599,201,742,0
7600,201,477,0
7601,201,1302,0
7602,201,418,0
7603,201,655,0
7604,201,631,0
7605,201,945,0
7606,201,774,0
7607,201,1165,0
7608,201,618,0
7609,201,1131,0
7610,201,1274,0
7611,201,1220,0
7612,201,212,0
7613,201,501,0
7614,201,120,0
7615,201,575,0
7616,201,229,0
7617,201,6,0
7618,201,927,0
7619,201,56,0
7620,201,1091,0
7621,201,1196,0
7622,201,910,0
7623,201,401,0
7624,201,713,0
7625,201,1364,0
7626,201,1269,0
7627,201,493,0
7628,201,985,0
7629,201,425,0
7630,201,1273,0
7631,201,191,0
7632,201,1203,0
7633,201,221,0
7634,201,423,0
7635,201,1383,0
7636,201,209,0
7637,201,834,0
7638,201,95,0
7639,201,219,0
7640,201,880,0
7641,201,1173,0
7642,201,687,0
7643,201,1291,0
7644,201,516,0
7645,201,987,0
7646,201,833,0
7647,201,7,0
7648,201,1260,0
7649,201,989,0
7650,201,991,0
7651,201,19,0
7652,201,1112,0
7653,201,755,0
7654,201,529,0
7655,201,656,0
7656,201,367,0
7657,201,625,0
7658,201,324,0
7659,201,147,0
7660,201,110,0
7661,201,216,0
7662,201,828,0
7663,201,976,0
7664,201,706,0
7665,201,601,0
7666,201,498,0
7667,201,18,0
7668,201,502,0
7669,201,1367,0
7670,201,786,0
7671,201,177,0
7672,201,932,0
7673,201,1025,0
7674,201,1369,0
7675,201,1104,0
7676,201,870,0
7677,201,619,0
7678,201,1343,0
7679,201,1337,0
7680,201,342,0
7681,201,1034,0
7682,201,301,0
7683,201,1069,0
7684,201,1184,0
7685,201,1306,0
7686,201,856,0
7687,201,521,0
7688,201,315,0
7689,201,80,0
7690,201,271,0
7691,201,794,0
7692,201,791,0
7693,201,358,0
7694,201,839,0
7695,201,1194,0
7696,201,1210,0
7697,201,432,0
7698,201,527,0
7699,201,274,0
7700,201,51,0
7701,201,628,0
7702,201,938,0
7703,201,1251,0
7704,201,321,0
7705,201,1361,0
7706,201,381,0
7707,201,330,0
7708,201,593,0
7709,201,1129,0
7710,201,339,0
7711,201,609,0
7712,201,1244,0
7713,201,968,0
7714,201,578,0
7715,201,172,0
7716,201,448,0
7717,201,641,0
7718,201,765,0
7719,201,979,0
7720,201,33,0
7721,201,1124,0
7722,201,838,0
7723,201,1038,0
7724,201,82,0
7725,201,84,0
7726,201,1202,0
7727,201,957,0
7728,201,995,0
7729,201,582,0
7730,201,264,0
7731,201,899,0
7732,201,948,0
7733,201,843,0
7734,201,385,0
7735,201,346,0
7736,201,1086,0
7737,201,42,0
7738,201,815,0
7739,201,488,0
7740,201,433,0
7741,201,599,0
7742,201,1206,0
7743,201,1275,0
7744,201,1257,0
7745,201,983,0
7746,201,62,0
7747,201,1234,0
7748,201,28,0
7749,201,662,0
7750,201,296,0
7751,201,591,0
7752,201,747,0
7753,201,150,0
7754,201,220,0
7755,201,65,0
7756,201,108,0
7757,201,233,0
7758,201,304,0
7759,201,1376,0
7760,201,395,0
7761,201,535,0
7762,201,143,0
7763,201,387,0
7764,201,104,0
7765,201,164,0
7766,201,495,0
7767,201,746,0
7768,201,1375,0
7769,201,790,0
7770,201,1084,0
7771,201,281,0
7772,201,605,0
7773,201,740,0
7774,201,72,0
7775,201,661,0
7776,201,944,0
7777,201,462,0
7778,201,682,0
7779,201,305,0
7780,201,1192,0
7781,201,1041,0
7782,201,94,0
7783,201,644,0
7784,201,494,0
7785,201,1054,0
7786,201,1003,0
7787,201,292,0
7788,201,142,0
7789,201,1162,0
7790,201,348,0
7791,201,931,0
7792,201,302,0
7793,201,455,0
7794,201,121,0
7795,201,244,0
7796,201,290,0
7797,201,879,0
7798,201,1301,0
7799,201,252,0
7800,201,251,0
7801,201,298,0
7802,201,847,0
7803,201,1330,0
7804,201,1036,0
7805,201,760,0
7806,201,1163,0
7807,201,1365,0
7808,201,404,0
7809,201,203,0
7810,201,158,0
7811,201,1136,0
7812,201,1073,0
7813,201,213,0
7814,201,318,0
7815,201,374,0
7816,201,679,0
7817,201,608,0
7818,201,645,0
7819,201,217,0
7820,201,956,0
7821,201,745,0
7822,201,811,0
7823,201,523,0
7824,201,1071,0
7825,201,665,0
7826,201,1032,0
7827,201,1214,0
7828,201,258,0
7829,201,293,0
7830,201,721,0
7831,201,1183,0
7832,201,354,0
7833,201,835,0
7834,201,471,0
7835,201,950,0
7836,201,41,0
7837,201,1313,0
7838,201,1021,0
7839,201,934,0
7840,201,1404,0
7841,201,297,0
7842,201,360,0
7843,201,994,0
7844,201,918,0
7845,201,472,0
7846,201,1105,0
7847,201,1405,0
7848,201,1252,0
7849,201,291,0
7850,201,1359,0
7851,201,1322,0
7852,201,285,0
7853,201,64,0
7854,201,422,0
7855,201,680,0
7856,201,329,0
7857,201,187,0
7858,201,689,0
7859,201,1128,0
7860,201,860,0
7861,201,155,0
7862,201,1115,0
7863,201,452,0
7864,201,1377,0
7865,201,889,0
7866,201,1120,0
7867,201,483,0
7868,201,286,0
7869,201,341,0
7870,201,1103,0
7871,201,849,0
7872,201,518,0
7873,201,653,0
7874,201,708,0
7875,201,693,0
7876,201,1197,0
7877,201,69,0
7878,201,1156,0
7879,201,1265,0
7880,201,1233,0
7881,201,135,0
7882,201,1094,0
7883,201,616,0
7884,201,40,0
7885,201,197,0
7886,201,1373,0
7887,201,1150,0
7888,201,672,0
7889,201,972,0
7890,201,1298,0
7891,201,651,0
7892,201,1152,0
7893,201,1169,0
7894,201,1030,0
7895,201,399,0
7896,201,1043,0
7897,201,1262,0
7898,201,737,0
7899,201,239,0
7900,201,136,0
7901,201,1110,0
7902,201,435,0
7903,201,1408,0
7904,201,134,0
7905,201,14,0
7906,201,131,0
7907,201,1370,0
7908,201,449,0
7909,201,639,0
7910,201,333,0
7911,201,803,0
7912,201,368,0
7913,201,231,0
7914,201,129,0
7915,201,79,0
7916,201,813,0
7917,201,383,0
7918,201,766,0
7919,201,960,0
7920,201,198,0
7921,201,1174,0
7922,201,37,0
7923,201,1083,0
7924,201,981,0
7925,201,109,0
7926,201,749,0
7927,201,865,0
7928,201,1385,0
7929,201,1341,0
7930,201,965,0
7931,201,152,0
7932,201,808,0
7933,201,83,0
7934,201,795,0
7935,201,405,0
7936,201,560,0
7937,201,1087,0
7938,201,196,0
7939,201,190,0
7940,201,1253,0
7941,201,253,0
7942,201,400,0
7943,201,990,0
7944,201,676,0
7945,201,1074,0
7946,201,394,0
7947,201,717,0
7948,201,588,0
7949,201,926,0
7950,201,612,0
7951,201,319,0
7952,201,712,0
7953,201,1266,0
7954,201,480,0
7955,201,1098,0
7956,201,964,0
7957,201,349,0
7958,201,476,0
7959,201,1176,0
7960,201,313,0
7961,201,446,0
7962,201,434,0
7963,201,1242,0
7964,201,484,0
7965,201,148,0
7966,201,802,0
7967,201,844,0
7968,201,1097,0
7969,201,309,0
7970,201,1358,0
7971,201,1186,0
7972,201,798,0
7973,201,1272,0
7974,201,259,0
7975,201,278,0
7976,201,372,0
7977,201,113,0
7978,201,924,0
7979,201,1310,0
7980,201,31,0
7981,201,707,0
7982,201,906,0
7983,201,1011,0
7984,201,913,0
7985,201,873,0
7986,201,443,0
7987,201,29,0
7988,201,692,0
7989,201,464,0
7990,201,208,0
7991,201,419,0
7992,201,783,0
7993,201,424,0
7994,201,720,0
7995,201,544,0
7996,201,751,0
7997,201,288,0
7998,201,670,0
7999,201,770,0
8000,201,499,0
8001,201,1180,0
8002,201,189,0
8003,201,1407,0
8004,201,812,0
8005,201,1079,0
8006,201,997,0
8007,201,541,0
8008,201,846,0
8009,201,718,0
8010,201,722,0
8011,201,1255,0
8012,201,1396,0
8013,201,568,0
8014,201,626,0
8015,201,750,0
8016,201,1246,0
8017,201,66,0
8018,201,249,0
8019,201,1004,0
8020,201,87,0
8021,201,215,0
8022,201,245,0
8023,201,903,0
8024,201,1117,0
8025,201,389,0
8026,201,1167,0
8027,201,412,0
8028,201,1185,0
8029,201,1100,0
8030,201,59,0
8031,201,558,0
8032,201,850,0
8033,201,1171,0
8034,201,800,0
8035,201,520,0
8036,201,89,0
8037,201,1357,0
8038,201,1276,0
8039,201,590,0
8040,201,1243,0
8041,201,1012,0
8042,201,666,0
8043,201,852,0
8044,201,406,0
8045,201,883,0
8046,201,61,0
8047,201,958,0
8048,201,663,0
8049,201,112,0
8050,201,1047,0
8051,201,491,0
8052,201,756,0
8053,201,1311,0
8054,201,1160,0
8055,201,959,0
8056,201,361,0
8057,201,263,0
8058,201,1059,0
8059,201,542,0
8060,201,137,0
8061,201,409,0
8062,201,869,0
8063,201,218,0
8064,201,238,0
8065,201,884,0
8066,201,531,0
8067,201,78,0
8068,201,1299,0
8069,201,161,0
8070,201,1402,0
8071,201,581,0
8072,201,1329,0
8073,201,160,0
8074,201,554,0
8075,201,1393,0
8076,201,928,0
8077,201,622,0
8078,201,630,0
8079,201,942,0
8080,201,1096,0
8081,201,376,0
8082,201,236,0
8083,201,1270,0
8084,201,266,0
8085,201,1349,0
8086,201,228,0
8087,201,46,0
8088,201,829,0
8089,201,876,0
8090,201,454,0
8091,201,99,0
8092,201,166,0
8093,201,512,0
8094,201,195,0
8095,201,710,0
8096,201,780,0
8097,201,1166,0
8098,201,240,0
8099,201,16,0
8100,201,144,0
8101,201,1323,0
8102,201,1332,0
8103,201,505,0
8104,201,1141,0
8105,201,1398,0
8106,201,1063,0
8107,201,241,0
8108,201,699,0
8109,201,589,0
8110,201,1305,0
8111,201,1139,0
8112,201,1281,0
8113,201,492,0
8114,201,369,0
8115,201,9,0
8116,201,579,0
8117,201,447,0
8118,201,877,0
8119,201,1116,0
8120,201,1020,0
8121,201,711,0
8122,201,486,0
8123,201,603,0
8124,201,562,0
8125,201,1207,0
8126,201,204,0
8127,201,741,0
8128,201,1232,0
8129,201,468,0
8130,201,1042,0
8131,201,347,0
8132,201,825,0
8133,201,982,0
8134,201,743,0
8135,201,691,0
8136,201,1304,0
8137,201,261,0
8138,201,1037,0
8139,201,1379,0
8140,201,1209,0
8141,201,1223,0
8142,201,1279,0
8143,201,49,0
8144,201,456,0
8145,201,1261,0
8146,201,473,0
8147,201,901,0
8148,201,317,0
8149,201,362,0
8150,201,365,0
8151,201,428,0
8152,201,638,0
8153,201,74,0
8154,201,634,0
8155,201,1076,0
8156,201,1280,0
8157,201,123,0
8158,201,1334,0
8159,201,243,0
8160,201,1347,0
8161,201,1286,0
8162,201,379,0
8163,201,1409,0
8164,201,91,0
8165,201,1326,0
8166,201,1217,0
8167,201,63,0
8168,201,1201,0
8169,201,779,0
8170,201,303,0
8171,201,702,0
8172,201,10,0
8173,201,1277,0
8174,201,438,0
8175,201,1389,0
8176,201,804,0
8177,201,1216,0
8178,201,528,0
8179,201,145,0
8180,201,86,0
8181,201,1119,0
8182,201,912,0
8183,201,1403,0
8184,201,248,0
8185,201,262,0
8186,201,1352,0
8187,201,353,0
8188,201,487,0
8189,201,407,0
8190,201,1264,0
8191,201,377,0
8192,201,975,0
8193,201,550,0
8194,201,351,0
8195,201,1082,0
8196,201,168,0
8197,201,277,0
8198,201,853,0
8199,201,597,0
8200,201,392,0
8201,201,300,0
8202,201,864,0
8203,201,1231,0
8204,201,1235,0
8205,201,650,0
8206,201,859,0
8207,201,96,0
8208,201,22,0
8209,201,532,0
8210,201,584,0
8211,201,1168,0
8212,201,416,0
8213,201,163,0
8214,201,946,0
8215,201,1142,0
8216,201,757,0
8217,201,359,0
8218,201,1340,0
8219,201,902,0
8220,201,207,0
8221,201,1143,0
8222,201,366,0
8223,201,643,0
8224,201,54,0
8225,201,1064,0
8226,201,1161,0
8227,201,547,0
8228,201,289,0
8229,201,408,0
8230,201,565,0
8231,201,48,0
8232,201,894,0
8233,201,709,0
8234,201,1159,0
8235,201,761,0
8236,201,539,0
8237,201,809,0
8238,201,819,0
8239,201,1181,0
8240,201,1399,0
8241,201,122,0
8242,201,530,0
8243,201,821,0
8244,201,667,0
8245,201,697,0
8246,201,1111,0
8247,201,831,0
8248,201,93,0
8249,201,882,0
8250,201,571,0
8251,201,1170,0
8252,201,586,0
8253,201,1055,0
8254,201,214,0
8255,201,335,0
8256,201,272,0
8257,201,915,0
8258,201,669,0
8259,201,20,0
8260,201,596,0
8261,201,17,0
8262,201,338,0
8263,201,343,0
8264,201,881,0
8265,201,963,0
8266,201,24,0
8267,201,426,0
8268,201,1147,0
8269,201,659,0
8270,201,509,0
8271,201,344,0
8272,201,724,0
8273,201,184,0
8274,201,921,0
8275,201,533,0
8276,201,188,0
8277,201,1382,0
8278,201,345,0
8279,201,886,0
8280,201,1049,0
8281,201,460,0
8282,201,1062,0
8283,201,192,0
8284,201,974,0
8285,201,1017,0
8286,201,202,0
8287,201,930,0
8288,201,410,0
8289,201,998,0
8290,201,153,0
8291,201,1157,0
8292,201,1338,0
8293,201,1002,0
8294,201,496,0
8295,201,986,0
8296,201,971,0
8297,201,1077,0
8298,201,561,0
8299,201,536,0
8300,201,522,0
8301,201,624,0
8302,201,767,0
8303,201,1109,0
8304,201,1132,0
8305,201,685,0
8306,201,705,0
8307,201,806,0
8308,201,1106,0
8309,201,871,0
8310,201,510,0
8311,201,1052,0
8312,201,632,0
8313,201,500,0
8314,201,485,0
8315,201,167,0
8316,201,1391,0
8317,201,55,0
8318,201,660,0
8319,201,941,0
8320,201,363,0
8321,201,855,0
8322,201,470,0
8323,201,580,0
8324,201,1204,0
8325,201,1057,0
8326,201,1319,0
8327,201,1026,0
8328,201,513,0
8329,201,1108,0
8330,201,436,0
8331,201,1067,0
8332,201,543,0
8333,201,748,0
8334,201,781,0
8335,201,1053,0
8336,201,598,0
8337,201,514,0
8338,201,124,0
8339,201,537,0
8340,201,730,0
8341,201,857,0
8342,201,735,0
8343,201,947,0
8344,201,673,0
8345,201,1118,0
8346,201,1230,0
8347,201,805,0
8348,201,193,0
8349,201,1397,0
8350,201,118,0
8351,201,314,0
8352,201,1245,0
8353,201,623,0
8354,201,1344,0
8355,201,908,0
8356,201,1406,0
8357,201,458,0
8358,201,973,0
8359,201,180,0
8360,201,35,0
8361,201,559,0
8362,201,1066,0
8363,201,411,0
8364,201,1065,0
8365,201,674,0
8366,201,310,0
8367,201,352,0
8368,201,417,0
8369,201,789,0
8370,201,453,0
8371,201,1268,0
8372,201,475,0
8373,201,312,0
8374,201,276,0
8375,201,1135,0
8376,201,553,0
8377,201,211,0
8378,201,280,0
8379,201,545,0
8380,201,331,0
8381,201,328,0
8382,201,1325,0
8383,201,592,0
8384,201,5,0
8385,201,481,0
8386,201,504,0
8387,201,105,0
8388,201,294,0
8389,201,1070,0
8390,201,955,0
8391,201,169,0
8392,201,497,0
8393,201,696,0
8394,201,920,0
8395,201,564,0
8396,201,461,0
8397,201,810,0
8398,201,671,0
8399,201,978,0
8400,201,1018,0
8401,201,119,0
8402,201,100,0
8403,201,1050,0
8404,201,1051,0
8405,201,1324,0
8406,201,420,0
8407,201,171,0
8408,201,566,0
8409,201,116,0
8410,201,754,0
8411,201,295,0
8412,201,1195,0
8413,234,1055,0
8414,234,1091,0
8415,234,977,0
8416,234,448,0
8417,234,406,0
8418,234,1387,0
8419,234,565,0
8420,234,28,0
8421,234,1002,0
8422,234,387,0
8423,234,1035,0
8424,234,739,0
8425,234,542,0
8426,234,88,0
8427,234,1303,0
8428,234,1153,0
8429,234,1275,0
8430,234,995,0
8431,234,1380,0
8432,234,1043,0
8433,234,888,0
8434,234,85,0
8435,234,786,0
8436,234,1245,0
8437,234,236,0
8438,234,1131,0
8439,234,460,0
8440,234,222,0
8441,234,605,0
8442,234,314,0
8443,234,1272,0
8444,234,693,0
8445,234,134,0
8446,234,748,0
8447,234,754,0
8448,234,847,0
8449,234,189,0
8450,234,1023,0
8451,234,1265,0
8452,234,1249,0
8453,234,1093,0
8454,234,405,0
8455,234,247,0
8456,234,278,0
8457,234,1348,0
8458,234,858,0
8459,234,404,0
8460,234,1184,0
8461,234,1352,0
8462,234,1053,0
8463,234,1126,0
8464,234,978,0
8465,234,1119,0
8466,234,298,0
8467,234,179,0
8468,234,1010,0
8469,234,205,0
8470,234,751,0
8471,234,717,0
8472,234,668,0
8473,234,852,0
8474,234,96,0
8475,234,641,0
8476,234,624,0
8477,234,980,0
8478,234,984,0
8479,234,208,0
8480,234,84,0
8481,234,1124,0
8482,234,590,0
8483,234,152,0
8484,234,1073,0
8485,234,257,0
8486,234,789,0
8487,234,973,0
8488,234,1185,0
8489,234,941,0
8490,234,634,0
8491,234,287,0
8492,234,1316,0
8493,234,1233,0
8494,234,116,0
8495,234,1049,0
8496,234,583,0
8497,234,577,0
8498,234,1405,0
8499,234,344,0
8500,234,398,0
8501,234,327,0
8502,234,753,0
8503,234,1302,0
8504,234,783,0
8505,234,1251,0
8506,234,1280,0
8507,234,1220,0
8508,234,62,0
8509,234,359,0
8510,234,52,0
8511,234,1193,0
8512,234,669,0
8513,234,345,0
8514,234,20,0
8515,234,507,0
8516,234,691,0
8517,234,989,0
8518,234,1209,0
8519,234,666,0
8520,234,58,0
8521,234,1199,0
8522,234,959,0
8523,234,665,0
8524,234,560,0
8525,234,1130,0
8526,234,332,0
8527,234,855,0
8528,234,1370,0
8529,234,1287,0
8530,234,184,0
8531,234,46,0
8532,234,1064,0
8533,234,1325,0
8534,234,1217,0
8535,234,683,0
8536,234,230,0
8537,234,156,0
8538,234,1321,0
8539,234,655,0
8540,234,987,0
8541,234,390,0
8542,234,435,0
8543,234,82,0
8544,234,1319,0
8545,234,960,0
8546,234,626,0
8547,234,1365,0
8548,234,1128,0
8549,234,1156,0
8550,234,6,0
8551,234,1004,0
8552,234,594,0
8553,234,335,0
8554,234,105,0
8555,234,892,0
8556,234,408,0
8557,234,276,0
8558,234,1402,0
8559,234,1167,0
8560,234,927,0
8561,234,1111,0
8562,234,1390,0
8563,234,361,0
8564,234,1155,0
8565,234,163,0
8566,234,1337,0
8567,234,483,0
8568,234,820,0
8569,234,317,0
8570,234,744,0
8571,234,1375,0
8572,234,159,0
8573,234,155,0
8574,234,1357,0
8575,234,1180,0
8576,234,1344,0
8577,234,1343,0
8578,234,1395,0
8579,234,200,0
8580,234,1331,0
8581,234,813,0
8582,234,1017,0
8583,234,49,0
8584,234,1074,0
8585,234,171,0
8586,234,1027,0
8587,234,895,0
8588,234,1264,0
8589,234,646,0
8590,234,291,0
8591,234,451,0
8592,234,444,0
8593,234,931,0
8594,234,1296,0
8595,234,543,0
8596,234,102,0
8597,234,301,0
8598,234,31,0
8599,234,26,0
8600,234,97,0
8601,234,976,0
8602,234,121,0
8603,234,1122,0
8604,234,380,0
8605,234,1190,0
8606,234,1181,0
8607,234,996,0
8608,234,1005,0
8609,234,382,0
8610,234,886,0
8611,234,223,0
8612,234,312,0
8613,234,142,0
8614,234,56,0
8615,234,761,0
8616,234,979,0
8617,234,853,0
8618,234,176,0
8619,234,600,0
8620,234,295,0
8621,234,331,0
8622,234,1366,0
8623,234,735,0
8624,234,1202,0
8625,234,329,0
8626,234,585,0
8627,234,537,0
8628,234,349,0
8629,234,1215,0
8630,234,8,0
8631,234,946,0
8632,234,1257,0
8633,234,606,0
8634,234,907,0
8635,234,1011,0
8636,234,866,0
8637,234,552,0
8638,234,32,0
8639,234,1285,0
8640,234,722,0
8641,234,582,0
8642,234,734,0
8643,234,1218,0
8644,234,86,0
8645,234,703,0
8646,234,870,0
8647,234,613,0
8648,234,533,0
8649,234,653,0
8650,234,1205,0
8651,234,814,0
8652,234,148,0
8653,234,588,0
8654,234,330,0
8655,234,1270,0
8656,234,394,0
8657,234,592,0
8658,234,1333,0
8659,234,158,0
8660,234,299,0
8661,234,1310,0
8662,234,804,0
8663,234,846,0
8664,234,512,0
8665,234,1212,0
8666,234,1239,0
8667,234,30,0
8668,234,1057,0
8669,234,726,0
8670,234,369,0
8671,234,861,0
8672,234,420,0
8673,234,667,0
8674,234,663,0
8675,234,702,0
8676,234,143,0
8677,234,310,0
8678,234,190,0
8679,234,304,0
8680,234,1229,0
8681,234,776,0
8682,234,1342,0
8683,234,1170,0
8684,234,4,0
8685,234,92,0
8686,234,535,0
8687,234,340,0
8688,234,1021,0
8689,234,1349,0
8690,234,1329,0
8691,234,336,0
8692,234,13,0
8693,234,41,0
8694,234,925,0
8695,234,24,0
8696,234,568,0
8697,234,146,0
8698,234,601,0
8699,234,1013,0
8700,234,782,0
8701,234,427,0
8702,234,1339,0
8703,234,971,0
8704,234,410,0
8705,234,115,0
8706,234,794,0
8707,234,366,0
8708,234,1041,0
8709,234,1200,0
8710,234,557,0
8711,234,219,0
8712,234,1067,0
8713,234,164,0
8714,234,1367,0
8715,234,429,0
8716,234,106,0
8717,234,580,0
8718,234,270,0
8719,234,1001,0
8720,234,1003,0
8721,234,1311,0
8722,234,1268,0
8723,234,1373,0
8724,234,1262,0
8725,234,145,0
8726,234,1188,0
8727,234,191,0
8728,234,674,0
8729,234,878,0
8730,234,1075,0
8731,234,74,0
8732,234,1279,0
8733,234,951,0
8734,234,699,0
8735,234,1008,0
8736,234,432,0
8737,234,677,0
8738,234,245,0
8739,234,81,0
8740,234,346,0
8741,234,377,0
8742,234,1096,0
8743,234,318,0
8744,234,1391,0
8745,234,1204,0
8746,234,357,0
8747,234,712,0
8748,234,473,0
8749,234,1221,0
8750,234,920,0
8751,234,679,0
8752,234,17,0
8753,234,213,0
8754,234,261,0
8755,234,1195,0
8756,234,506,0
8757,234,157,0
8758,234,282,0
8759,234,1039,0
8760,234,154,0
8761,234,551,0
8762,234,924,0
8763,234,51,0
8764,234,430,0
8765,234,1317,0
8766,234,226,0
8767,234,515,0
8768,234,198,0
8769,234,940,0
8770,234,1107,0
8771,234,1376,0
8772,234,1068,0
8773,234,59,0
8774,234,201,0
8775,234,1267,0
8776,234,180,0
8777,234,1252,0
8778,234,1084,0
8779,234,815,0
8780,234,915,0
8781,234,1149,0
8782,234,90,0
8783,234,416,0
8784,234,280,0
8785,234,316,0
8786,234,1263,0
8787,234,930,0
8788,234,596,0
8789,234,465,0
8790,234,1320,0
8791,234,780,0
8792,234,1389,0
8793,234,733,0
8794,234,422,0
8795,234,760,0
8796,234,1108,0
8797,234,903,0
8798,234,440,0
8799,234,706,0
8800,234,279,0
8801,234,175,0
8802,234,519,0
8803,234,339,0
8804,234,70,0
8805,234,938,0
8806,234,326,0
8807,234,423,0
8808,234,704,0
8809,234,796,0
8810,234,117,0
8811,234,928,0
8812,234,972,0
8813,234,911,0
8814,234,249,0
8815,234,795,0
8816,234,1106,0
8817,234,998,0
8818,234,1284,0
8819,234,825,0
8820,234,101,0
8821,234,475,0
8822,234,33,0
8823,234,166,0
8824,234,992,0
8825,234,942,0
8826,234,1069,0
8827,234,821,0
8828,234,281,0
8829,234,360,0
8830,234,1116,0
8831,234,1237,0
8832,234,763,0
8833,234,135,0
8834,234,1045,0
8835,234,1135,0
8836,234,802,0
8837,234,1219,0
8838,234,879,0
8839,234,481,0
8840,234,863,0
8841,234,489,0
8842,234,136,0
8843,234,1208,0
8844,234,747,0
8845,234,671,0
8846,234,990,0
8847,234,266,0
8848,234,426,0
8849,234,1150,0
8850,234,1312,0
8851,234,228,0
8852,234,498,0
8853,234,986,0
8854,234,271,0
8855,234,272,0
8856,234,83,0
8857,234,534,0
8858,234,10,0
8859,234,492,0
8860,234,1336,0
8861,234,1269,0
8862,234,130,0
8863,234,856,0
8864,234,224,0
8865,234,3,0
8866,234,765,0
8867,234,459,0
8868,234,493,0
8869,234,1176,0
8870,234,1369,0
8871,234,1089,0
8872,234,974,0
8873,234,1394,0
8874,234,1294,0
8875,234,15,0
8876,234,1253,0
8877,234,1019,0
8878,234,708,0
8879,234,402,0
8880,234,1243,0
8881,234,1211,0
8882,234,523,0
8883,234,343,0
8884,234,397,0
8885,234,1371,0
8886,234,575,0
8887,234,1133,0
8888,234,462,0
8889,234,654,0
8890,234,536,0
8891,234,27,0
8892,234,87,0
8893,234,131,0
8894,234,517,0
8895,234,44,0
8896,234,365,0
8897,234,243,0
8898,234,525,0
8899,234,752,0
8900,234,745,0
8901,234,1031,0
8902,234,586,0
8903,234,1100,0
8904,234,644,0
8905,234,108,0
8906,234,800,0
8907,234,1362,0
8908,234,713,0
8909,234,549,0
8910,234,1182,0
8911,234,443,0
8912,234,364,0
8913,234,385,0
8914,234,1136,0
8915,234,358,0
8916,234,1132,0
8917,234,835,0
8918,234,698,0
8919,234,1407,0
8920,234,627,0
8921,234,1113,0
8922,234,239,0
8923,234,1214,0
8924,234,889,0
8925,234,571,0
8926,234,562,0
8927,234,848,0
8928,234,464,0
8929,234,758,0
8930,234,838,0
8931,234,411,0
8932,234,728,0
8933,234,147,0
8934,234,1025,0
8935,234,769,0
8936,234,1332,0
8937,234,774,0
8938,234,1147,0
8939,234,407,0
8940,234,524,0
8941,234,285,0
8942,234,1198,0
8943,234,264,0
8944,234,851,0
8945,234,1385,0
8946,234,16,0
8947,234,541,0
8948,234,55,0
8949,234,623,0
8950,234,520,0
8951,234,362,0
8952,234,1242,0
8953,234,611,0
8954,234,741,0
8955,234,305,0
8956,234,91,0
8957,234,608,0
8958,234,757,0
8959,234,1026,0
8960,234,47,0
8961,234,254,0
8962,234,621,0
8963,234,1323,0
8964,234,477,0
8965,234,610,0
8966,234,968,0
8967,234,1291,0
8968,234,161,0
8969,234,1274,0
8970,234,788,0
8971,234,174,0
8972,234,801,0
8973,234,138,0
8974,234,419,0
8975,234,307,0
8976,234,682,0
8977,234,642,0
8978,234,656,0
8979,234,1022,0
8980,234,93,0
8981,234,576,0
8982,234,1293,0
8983,234,929,0
8984,234,253,0
8985,234,334,0
8986,234,1042,0
8987,234,1309,0
8988,234,476,0
8989,234,21,0
8990,234,439,0
8991,234,1295,0
8992,234,901,0
8993,234,1314,0
8994,234,581,0
8995,234,839,0
8996,234,484,0
8997,234,160,0
8998,234,246,0
8999,234,1032,0
9000,234,893,0
9001,234,431,0
9002,234,843,0
9003,234,1000,0
9004,234,1159,0
9005,234,1283,0
9006,234,1222,0
9007,234,826,0
9008,234,584,0
9009,234,894,0
9010,234,948,0
9011,234,1056,0
9012,234,834,0
9013,234,1070,0
9014,234,725,0
9015,234,1397,0
9016,234,1179,0
9017,234,231,0
9018,234,720,0
9019,234,545,0
9020,234,210,0
9021,234,837,0
9022,234,1266,0
9023,234,612,0
9024,234,718,0
9025,234,133,0
9026,234,23,0
9027,234,695,0
9028,234,521,0
9029,234,1040,0
9030,234,488,0
9031,234,1213,0
9032,234,456,0
9033,234,805,0
9034,234,409,0
9035,234,652,0
9036,234,922,0
9037,234,445,0
9038,234,73,0
9039,234,323,0
9040,234,528,0
9041,234,936,0
9042,234,216,0
9043,234,262,0
9044,234,947,0
9045,234,141,0
9046,234,436,0
9047,234,643,0
9048,234,153,0
9049,234,778,0
9050,234,742,0
9051,234,958,0
9052,234,119,0
9053,234,95,0
9054,234,355,0
9055,234,1290,0
9056,234,471,0
9057,234,1175,0
9058,234,1160,0
9059,234,883,0
9060,234,661,0
9061,234,296,0
9062,234,294,0
9063,234,381,0
9064,234,1404,0
9065,234,1166,0
9066,234,109,0
9067,234,723,0
9068,234,78,0
9069,234,415,0
9070,234,961,0
9071,234,1034,0
9072,234,188,0
9073,234,768,0
9074,234,356,0
9075,234,982,0
9076,234,862,0
9077,234,1363,0
9078,234,593,0
9079,234,841,0
9080,234,289,0
9081,234,125,0
9082,234,300,0
9083,234,1403,0
9084,234,322,0
9085,234,1240,0
9086,234,122,0
9087,234,1334,0
9088,234,1172,0
9089,234,428,0
9090,234,916,0
9091,234,1047,0
9092,234,981,0
9093,234,350,0
9094,234,759,0
9095,234,400,0
9096,234,687,0
9097,234,1292,0
9098,234,181,0
9099,234,719,0
9100,234,943,0
9101,234,215,0
9102,234,240,0
9103,234,61,0
9104,234,333,0
9105,234,54,0
9106,234,337,0
9107,234,48,0
9108,234,680,0
9109,234,1071,0
9110,234,241,0
9111,234,320,0
9112,234,953,0
9113,234,1063,0
9114,234,950,0
9115,234,185,0
9116,234,516,0
9117,234,438,0
9118,234,882,0
9119,234,1154,0
9120,234,110,0
9121,234,67,0
9122,234,469,0
9123,234,1117,0
9124,234,434,0
9125,234,396,0
9126,234,694,0
9127,234,57,0
9128,234,111,0
9129,234,772,0
9130,234,1076,0
9131,234,988,0
9132,234,501,0
9133,234,1400,0
9134,234,72,0
9135,234,368,0
9136,234,258,0
9137,234,9,0
9138,234,913,0
9139,234,1382,0
9140,234,1381,0
9141,234,499,0
9142,234,810,0
9143,234,969,0
9144,234,1014,0
9145,234,531,0
9146,234,673,0
9147,234,1018,0
9148,234,1347,0
9149,234,1183,0
9150,234,35,0
9151,234,306,0
9152,234,479,0
9153,234,684,0
9154,234,1408,0
9155,234,505,0
9156,234,823,0
9157,234,1046,0
9158,234,1301,0
9159,234,1250,0
9160,234,844,0
9161,234,589,0
9162,234,944,0
9163,234,1062,0
9164,234,1406,0
9165,234,207,0
9166,234,1194,0
9167,234,1191,0
9168,234,352,0
9169,234,1248,0
9170,234,750,0
9171,234,490,0
9172,234,256,0
9173,234,832,0
9174,234,873,0
9175,234,433,0
9176,234,1383,0
9177,234,1298,0
9178,234,1080,0
9179,234,1177,0
9180,234,502,0
9181,234,120,0
9182,234,384,0
9183,234,1244,0
9184,234,325,0
9185,234,999,0
9186,234,149,0
9187,234,79,0
9188,234,1340,0
9189,234,1127,0
9190,234,375,0
9191,234,859,0
9192,234,1144,0
9193,234,1231,0
9194,234,1216,0
9195,234,631,0
9196,234,288,0
9197,234,277,0
9198,234,779,0
9199,234,195,0
9200,234,43,0
9201,234,250,0
9202,234,414,0
9203,234,812,0
9204,234,308,0
9205,234,743,0
9206,234,220,0
9207,234,967,0
9208,234,211,0
9209,234,1051,0
9210,234,617,0
9211,234,544,0
9212,234,899,0
9213,234,1189,0
9214,234,614,0
9215,234,1157,0
9216,234,1326,0
9217,234,900,0
9218,234,252,0
9219,234,934,0
9220,234,1187,0
9221,234,749,0
9222,234,129,0
9223,234,42,0
9224,234,1225,0
9225,234,724,0
9226,234,1234,0
9227,234,233,0
9228,234,1223,0
9229,234,965,0
9230,234,957,0
9231,234,1016,0
9232,234,777,0
9233,234,830,0
9234,234,877,0
9235,234,372,0
9236,234,1082,0
9237,234,949,0
9238,234,468,0
9239,234,495,0
9240,234,1261,0
9241,234,603,0
9242,234,910,0
9243,234,1192,0
9244,234,869,0
9245,234,1356,0
9246,234,386,0
9247,234,730,0
9248,234,229,0
9249,234,1308,0
9250,234,622,0
9251,234,1065,0
9252,234,64,0
9253,234,227,0
9254,234,937,0
9255,234,798,0
9256,234,103,0
9257,234,437,0
9258,234,503,0
9259,234,1393,0
9260,234,1299,0
9261,234,1327,0
9262,234,1007,0
9263,234,348,0
9264,234,1097,0
9265,234,1399,0
9266,234,604,0
9267,234,573,0
9268,234,412,0
9269,234,740,0
9270,234,1396,0
9271,234,662,0
9272,234,732,0
9273,234,151,0
9274,234,880,0
9275,234,1378,0
9276,234,954,0
9277,234,500,0
9278,234,731,0
9279,234,710,0
9280,234,632,0
9281,234,379,0
9282,234,455,0
9283,234,75,0
9284,234,633,0
9285,234,71,0
9286,234,616,0
9287,234,1350,0
9288,234,1118,0
9289,234,367,0
9290,234,555,0
9291,234,664,0
9292,234,178,0
9293,234,89,0
9294,234,1364,0
9295,234,807,0
9296,234,876,0
9297,234,170,0
9298,234,1232,0
9299,234,168,0
9300,234,676,0
9301,234,338,0
9302,234,914,0
9303,234,40,0
9304,234,1374,0
9305,234,864,0
9306,234,172,0
9307,234,328,0
9308,234,466,0
9309,234,217,0
9310,234,635,0
9311,234,486,0
9312,234,657,0
9313,234,472,0
9314,234,574,0
9315,234,933,0
9316,234,1125,0
9317,234,1098,0
9318,234,727,0
9319,234,1315,0
9320,234,182,0
9321,234,373,0
9322,234,1024,0
9323,234,1338,0
9324,234,461,0
9325,234,833,0
9326,234,324,0
9327,234,53,0
9328,234,660,0
9329,234,850,0
9330,234,203,0
9331,234,1372,0
9332,234,1226,0
9333,234,1300,0
9334,234,884,0
9335,234,1061,0
9336,234,1033,0
9337,234,1028,0
9338,234,587,0
9339,234,522,0
9340,234,297,0
9341,234,808,0
9342,234,854,0
9343,234,309,0
9344,234,60,0
9345,234,197,0
9346,234,1353,0
9347,234,553,0
9348,234,561,0
9349,234,527,0
9350,234,302,0
9351,234,1161,0
9352,234,100,0
9353,234,114,0
9354,234,716,0
9355,234,902,0
9356,242,1351,0
9357,242,376,0
9358,242,492,0
9359,242,150,0
9360,242,425,0
9361,242,169,0
9362,242,125,0
9363,242,362,0
9364,242,180,0
9365,242,997,0
9366,242,1337,0
9367,242,1030,0
9368,242,374,0
9369,242,472,0
9370,242,0,0
9371,242,1035,0
9372,242,211,0
9373,242,469,0
9374,242,1305,0
9375,242,365,0
9376,242,655,0
9377,242,1037,0
9378,242,350,0
9379,242,32,0
9380,242,1295,0
9381,242,948,0
9382,242,691,0
9383,242,685,0
9384,242,791,0
9385,242,213,0
9386,242,516,0
9387,242,1073,0
9388,242,835,0
9389,242,192,0
9390,242,1362,0
9391,242,1032,0
9392,242,488,0
9393,242,1081,0
9394,242,851,0
9395,242,251,0
9396,242,1278,0
9397,242,734,0
9398,242,1235,0
9399,242,465,0
9400,242,44,0
9401,242,722,0
9402,242,1150,0
9403,242,550,0
9404,242,1319,0
9405,242,442,0
9406,242,1157,0
9407,242,356,0
9408,242,440,0
9409,242,1043,0
9410,242,1057,0
9411,242,423,0
9412,242,1113,0
9413,242,765,0
9414,242,799,0
9415,242,821,0
9416,242,152,0
9417,242,361,0
9418,242,46,0
9419,242,1145,0
9420,242,943,0
9421,242,23,0
9422,242,1390,0
9423,242,687,0
9424,242,1306,0
9425,242,8,0
9426,242,1065,0
9427,242,1045,0
9428,242,1369,0
9429,242,301,0
9430,242,1207,0
9431,242,474,0
9432,242,131,0
9433,242,634,0
9434,242,219,0
9435,242,1258,0
9436,242,786,0
9437,242,1044,0
9438,242,1381,0
9439,242,359,0
9440,242,749,0
9441,242,778,0
9442,242,803,0
9443,242,165,0
9444,242,1279,0
9445,242,378,0
9446,242,927,0
9447,242,502,0
9448,242,946,0
9449,242,1024,0
9450,242,385,0
9451,242,692,0
9452,242,159,0
9453,242,366,0
9454,242,137,0
9455,242,769,0
9456,242,477,0
9457,242,818,0
9458,242,695,0
9459,242,681,0
9460,242,97,0
9461,242,892,0
9462,242,870,0
9463,242,227,0
9464,242,817,0
9465,242,76,0
9466,242,1128,0
9467,242,644,0
9468,242,541,0
9469,242,371,0
9470,242,548,0
9471,242,958,0
9472,242,1217,0
9473,242,596,0
9474,242,167,0
9475,242,593,0
9476,242,618,0
9477,242,578,0
9478,242,327,0
9479,242,880,0
9480,242,1238,0
9481,242,462,0
9482,242,1040,0
9483,242,1101,0
9484,242,232,0
9485,242,1358,0
9486,242,1202,0
9487,242,857,0
9488,242,710,0
9489,242,85,0
9490,242,1333,0
9491,242,70,0
9492,242,186,0
9493,242,457,0
9494,242,1013,0
9495,242,339,0
9496,242,585,0
9497,242,615,0
9498,242,94,0
9499,242,1173,0
9500,242,820,0
9501,242,802,0
9502,242,1195,0
9503,242,1254,0
9504,242,775,0
9505,242,78,0
9506,242,1182,0
9507,242,1315,0
9508,242,1290,0
9509,242,191,0
9510,242,982,0
9511,242,1129,0
9512,242,653,0
9513,242,1103,0
9514,242,545,0
9515,242,1199,0
9516,242,1349,0
9517,242,1194,0
9518,242,1159,0
9519,242,539,0
9520,242,275,0
9521,242,665,0
9522,242,628,0
9523,242,334,0
9524,242,289,0
9525,242,509,0
9526,242,25,0
9527,242,1327,0
9528,242,1298,0
9529,242,519,0
9530,242,699,0
9531,242,689,0
9532,242,101,0
9533,242,916,0
9534,242,384,0
9535,242,205,0
9536,242,1293,0
9537,242,921,0
9538,242,217,0
9539,242,1098,0
9540,242,95,0
9541,242,419,0
9542,242,610,0
9543,242,84,0
9544,242,100,0
9545,242,1324,0
9546,242,1056,0
9547,242,313,0
9548,242,776,0
9549,242,656,0
9550,242,1402,0
9551,242,1252,0
9552,242,310,0
9553,242,1197,0
9554,242,1155,0
9555,242,226,0
9556,242,592,0
9557,242,856,0
9558,242,110,0
9559,242,481,0
9560,242,785,0
9561,242,27,0
9562,242,105,0
9563,242,766,0
9564,242,75,0
9565,242,899,0
9566,242,715,0
9567,242,10,0
9568,242,458,0
9569,242,355,0
9570,242,511,0
9571,242,1179,0
9572,242,9,0
9573,242,1405,0
9574,242,937,0
9575,242,1067,0
9576,242,204,0
9577,242,63,0
9578,242,1309,0
9579,242,714,0
9580,242,686,0
9581,242,30,0
9582,242,556,0
9583,242,1271,0
9584,242,22,0
9585,242,399,0
9586,242,65,0
9587,242,910,0
9588,242,56,0
9589,242,347,0
9590,242,418,0
9591,242,354,0
9592,242,807,0
9593,242,1391,0
9594,242,262,0
9595,242,202,0
9596,242,1033,0
9597,242,319,0
9598,242,33,0
9599,242,583,0
9600,242,1345,0
9601,242,1106,0
9602,242,814,0
9603,242,719,0
9604,242,724,0
9605,242,1017,0
9606,242,963,0
9607,242,993,0
9608,242,60,0
9609,242,176,0
9610,242,1110,0
9611,242,553,0
9612,242,890,0
9613,242,252,0
9614,242,1062,0
9615,242,42,0
9616,242,905,0
9617,242,128,0
9618,242,427,0
9619,242,742,0
9620,242,19,0
9621,242,375,0
9622,242,207,0
9623,242,589,0
9624,242,476,0
9625,242,312,0
9626,242,658,0
9627,242,753,0
9628,242,498,0
9629,242,318,0
9630,242,1020,0
9631,242,1162,0
9632,242,1019,0
9633,242,1341,0
9634,242,764,0
9635,242,416,0
9636,242,1234,0
9637,242,1385,0
9638,242,750,0
9639,242,249,0
9640,242,1085,0
9641,242,278,0
9642,242,978,0
9643,242,1072,0
9644,242,1318,0
9645,242,456,0
9646,242,1363,0
9647,242,1273,0
9648,242,542,0
9649,242,221,0
9650,242,863,0
9651,242,1231,0
9652,242,1240,0
9653,242,650,0
9654,242,383,0
9655,242,1079,0
9656,242,222,0
9657,242,336,0
9658,242,1335,0
9659,242,1104,0
9660,242,616,0
9661,242,758,0
9662,242,1251,0
9663,242,922,0
9664,242,320,0
9665,242,575,0
9666,242,568,0
9667,242,1009,0
9668,242,970,0
9669,242,443,0
9670,242,617,0
9671,242,639,0
9672,242,614,0
9673,242,1161,0
9674,242,138,0
9675,242,582,0
9676,242,464,0
9677,242,806,0
9678,242,153,0
9679,242,669,0
9680,242,1218,0
9681,242,1175,0
9682,242,1361,0
9683,242,168,0
9684,242,304,0
9685,242,625,0
9686,242,790,0
9687,242,980,0
9688,242,1196,0
9689,242,730,0
9690,242,1226,0
9691,242,53,0
9692,242,694,0
9693,242,119,0
9694,242,1310,0
9695,242,931,0
9696,242,815,0
9697,242,757,0
9698,242,678,0
9699,242,709,0
9700,242,510,0
9701,242,1091,0
9702,242,1050,0
9703,242,1181,0
9704,242,533,0
9705,242,199,0
9706,242,1407,0
9707,242,1029,0
9708,242,389,0
9709,242,1220,0
9710,242,1166,0
9711,242,1374,0
9712,242,626,0
9713,242,1307,0
9714,242,859,0
9715,242,118,0
9716,242,369,0
9717,242,796,0
9718,242,739,0
9719,242,5,0
9720,242,71,0
9721,242,737,0
9722,242,743,0
9723,242,959,0
9724,242,41,0
9725,242,606,0
9726,242,1046,0
9727,242,1156,0
9728,242,1190,0
9729,242,149,0
9730,242,405,0
9731,242,1127,0
9732,242,113,0
9733,242,1078,0
9734,242,830,0
9735,242,1336,0
9736,242,1058,0
9737,242,1102,0
9738,242,663,0
9739,242,1409,0
9740,242,837,0
9741,242,295,0
9742,242,1332,0
9743,242,363,0
9744,242,480,0
9745,242,836,0
9746,242,1074,0
9747,242,667,0
9748,242,984,0
9749,242,825,0
9750,242,1225,0
9751,242,1330,0
9752,242,96,0
9753,242,866,0
9754,242,558,0
9755,242,241,0
9756,242,672,0
9757,242,1000,0
9758,242,130,0
9759,242,1180,0
9760,242,942,0
9761,242,838,0
9762,242,718,0
9763,242,505,0
9764,242,1116,0
9765,242,1308,0
9766,242,1398,0
9767,242,1340,0
9768,242,528,0
9769,242,479,0
9770,242,1115,0
9771,242,1229,0
9772,242,1316,0
9773,242,974,0
9774,242,609,0
9775,242,881,0
9776,242,324,0
9777,242,1328,0
9778,242,594,0
9779,242,819,0
9780,242,172,0
9781,242,188,0
9782,242,267,0
9783,242,741,0
9784,242,1397,0
9785,242,537,0
9786,242,214,0
9787,242,1359,0
9788,242,1267,0
9789,242,1120,0
9790,242,515,0
9791,242,1025,0
9792,242,81,0
9793,242,299,0
9794,242,752,0
9795,242,36,0
9796,242,321,0
9797,242,975,0
9798,242,57,0
9799,242,1089,0
9800,242,3,0
9801,242,322,0
9802,242,832,0
9803,242,1321,0
9804,242,387,0
9805,242,1146,0
9806,242,396,0
9807,242,1286,0
9808,242,679,0
9809,242,604,0
9810,242,605,0
9811,242,90,0
9812,242,792,0
9813,242,956,0
9814,242,938,0
9815,242,261,0
9816,242,557,0
9817,242,426,0
9818,242,360,0
9819,242,1245,0
9820,242,864,0
9821,242,141,0
9822,242,1348,0
9823,242,990,0
9824,242,911,0
9825,242,746,0
9826,242,657,0
9827,242,409,0
9828,242,660,0
9829,242,1149,0
9830,242,499,0
9831,242,288,0
9832,242,307,0
9833,242,889,0
9834,242,601,0
9835,242,1132,0
9836,242,941,0
9837,242,1260,0
9838,242,343,0
9839,242,996,0
9840,242,1111,0
9841,242,973,0
9842,242,1233,0
9843,242,218,0
9844,242,311,0
9845,242,944,0
9846,242,292,0
9847,242,52,0
9848,242,229,0
9849,242,829,0
9850,242,368,0
9851,242,643,0
9852,242,1401,0
9853,242,444,0
9854,242,1087,0
9855,242,767,0
9856,242,809,0
9857,242,683,0
9858,242,534,0
9859,242,623,0
9860,242,116,0
9861,242,80,0
9862,242,747,0
9863,242,348,0
9864,242,1158,0
9865,242,527,0
9866,242,503,0
9867,242,701,0
9868,242,712,0
9869,242,524,0
9870,242,459,0
9871,242,897,0
9872,242,1216,0
9873,242,144,0
9874,242,700,0
9875,242,1105,0
9876,242,951,0
9877,242,676,0
9878,242,1183,0
9879,242,571,0
9880,242,37,0
9881,242,793,0
9882,242,14,0
9883,242,45,0
9884,242,584,0
9885,242,98,0
9886,242,402,0
9887,242,257,0
9888,242,673,0
9889,242,1249,0
9890,242,877,0
9891,242,1277,0
9892,242,784,0
9893,242,12,0
9894,242,862,0
9895,242,704,0
9896,242,1394,0
9897,242,160,0
9898,242,1379,0
9899,242,822,0
9900,242,1384,0
9901,242,696,0
9902,242,109,0
9903,242,328,0
9904,242,38,0
9905,242,794,0
9906,242,344,0
9907,242,428,0
9908,242,823,0
9909,242,20,0
9910,242,756,0
9911,242,1118,0
9912,242,637,0
9913,242,266,0
9914,242,967,0
9915,242,270,0
9916,242,570,0
9917,242,964,0
9918,242,1257,0
9919,242,432,0
9920,242,547,0
9921,242,154,0
9922,242,471,0
9923,242,1365,0
9924,242,795,0
9925,242,1371,0
9926,242,760,0
9927,242,290,0
9928,242,74,0
9929,242,1264,0
9930,242,788,0
9931,242,483,0
9932,242,187,0
9933,242,103,0
9934,242,1246,0
9935,242,486,0
9936,242,49,0
9937,242,487,0
9938,242,410,0
9939,242,777,0
9940,242,1325,0
9941,242,1408,0
9942,242,846,0
9943,242,497,0
9944,242,1311,0
9945,242,263,0
9946,242,279,0
9947,242,92,0
9948,242,779,0
9949,242,1393,0
9950,242,914,0
9951,242,845,0
9952,242,1160,0
9953,242,454,0
9954,242,58,0
9955,242,332,0
9956,242,377,0
9957,242,538,0
9958,242,761,0
9959,242,1090,0
9960,242,415,0
9961,242,989,0
9962,242,896,0
9963,242,302,0
9964,242,1322,0
9965,242,664,0
9966,242,1244,0
9967,242,1134,0
9968,242,1086,0
9969,242,986,0
9970,242,1269,0
9971,242,1094,0
9972,242,1164,0
9973,242,635,0
9974,242,979,0
9975,242,1038,0
9976,242,1368,0
9977,242,123,0
9978,242,1275,0
9979,242,900,0
9980,242,976,0
9981,242,1297,0
9982,242,588,0
9983,242,860,0
9984,242,947,0
9985,242,1237,0
9986,242,183,0
9987,242,300,0
9988,242,901,0
9989,242,265,0
9990,242,849,0
9991,242,508,0
9992,242,294,0
9993,242,1001,0
9994,242,631,0
9995,242,717,0
9996,242,1375,0
9997,242,962,0
9998,242,554,0
9999,242,1403,0
10000,242,1184,0
10001,242,1131,0
10002,242,532,0
10003,242,865,0
10004,242,26,0
10005,242,1223,0
10006,242,983,0
10007,242,255,0
10008,242,240,0
10009,242,654,0
10010,242,928,0
10011,242,1041,0
10012,242,748,0
10013,242,208,0
10014,242,126,0
10015,242,393,0
10016,242,518,0
10017,242,544,0
10018,242,981,0
10019,242,1283,0
10020,242,161,0
10021,242,522,0
10022,242,35,0
10023,242,1396,0
10024,242,1201,0
10025,242,124,0
10026,242,1022,0
10027,242,564,0
10028,242,117,0
10029,242,1031,0
10030,242,576,0
10031,242,1054,0
10032,242,346,0
10033,242,306,0
10034,242,651,0
10035,242,455,0
10036,242,484,0
10037,242,698,0
10038,242,238,0
10039,242,326,0
10040,242,478,0
10041,242,1382,0
10042,242,1281,0
10043,242,1314,0
10044,242,521,0
10045,242,1133,0
10046,242,407,0
10047,242,716,0
10048,242,920,0
10049,242,156,0
10050,242,99,0
10051,242,309,0
10052,242,342,0
10053,242,1147,0
10054,242,1042,0
10055,242,136,0
10056,242,525,0
10057,242,808,0
10058,242,1152,0
10059,242,401,0
10060,242,1016,0
10061,242,1388,0
10062,242,122,0
10063,242,690,0
10064,242,728,0
10065,242,446,0
10066,242,1142,0
10067,242,1154,0
10068,242,1209,0
10069,242,1165,0
10070,242,237,0
10071,242,340,0
10072,242,1119,0
10073,242,441,0
10074,242,1153,0
10075,242,1143,0
10076,242,198,0
10077,242,1007,0
10078,242,869,0
10079,242,239,0
10080,242,1312,0
10081,242,297,0
10082,242,1140,0
10083,242,1049,0
10084,242,73,0
10085,242,646,0
10086,242,1303,0
10087,242,713,0
10088,242,858,0
10089,242,253,0
10090,242,1170,0
10091,242,1186,0
10092,242,668,0
10093,242,120,0
10094,242,904,0
10095,242,380,0
10096,242,1107,0
10097,242,43,0
10098,242,140,0
10099,242,220,0
10100,242,1380,0
10101,242,1168,0
10102,242,143,0
10103,242,1064,0
10104,242,496,0
10105,242,661,0
10106,242,164,0
10107,242,952,0
10108,242,888,0
10109,242,1189,0
10110,242,48,0
10111,242,449,0
10112,242,1347,0
10113,242,373,0
10114,242,1151,0
10115,242,895,0
10116,242,392,0
10117,242,871,0
10118,242,1082,0
10119,242,1084,0
10120,242,381,0
10121,242,184,0
10122,242,1289,0
10123,242,912,0
10124,242,706,0
10125,242,1138,0
10126,242,4,0
10127,242,957,0
10128,242,844,0
10129,242,526,0
10130,242,834,0
10131,242,1112,0
10132,242,450,0
10133,242,434,0
10134,242,248,0
10135,242,230,0
10136,242,1141,0
10137,242,1350,0
10138,242,1080,0
10139,242,708,0
10140,242,1206,0
10141,242,985,0
10142,242,1372,0
10143,242,902,0
10144,242,1092,0
10145,242,721,0
10146,242,185,0
10147,242,540,0
10148,242,729,0
10149,242,611,0
10150,242,134,0
10151,242,960,0
10152,242,1326,0
10153,242,763,0
10154,242,826,0
10155,242,102,0
10156,242,552,0
10157,242,906,0
10158,242,966,0
10159,242,468,0
10160,242,1263,0
10161,242,157,0
10162,242,649,0
10163,242,398,0
10164,242,563,0
10165,242,1357,0
10166,242,1353,0
10167,242,1331,0
10168,242,813,0
10169,242,64,0
10170,242,561,0
10171,242,495,0
10172,242,246,0
10173,242,68,0
10174,242,971,0
10175,242,305,0
10176,242,337,0
10177,242,569,0
10178,242,1259,0
10179,242,1003,0
10180,242,351,0
10181,242,1228,0
10182,242,925,0
10183,242,1342,0
10184,242,1377,0
10185,242,1317,0
10186,242,1137,0
10187,242,1093,0
10188,242,173,0
10189,242,466,0
10190,242,283,0
10191,242,774,0
10192,242,878,0
10193,242,688,0
10194,242,1236,0
10195,242,648,0
10196,242,638,0
10197,242,736,0
10198,242,287,0
10199,242,883,0
10200,242,382,0
10201,242,1270,0
10202,242,824,0
10203,242,590,0
10204,242,436,0
10205,242,1256,0
10206,242,467,0
10207,242,1006,0
10208,242,1366,0
10209,242,390,0
10210,242,72,0
10211,242,273,0
10212,242,115,0
10213,242,907,0
10214,242,135,0
10215,242,841,0
10216,242,87,0
10217,242,91,0
10218,242,674,0
10219,242,684,0
10220,242,772,0
10221,242,1261,0
10222,242,62,0
10223,242,39,0
10224,242,83,0
10225,242,133,0
10226,242,929,0
10227,242,1012,0
10228,242,950,0
10229,242,1055,0
10230,242,587,0
10231,242,1100,0
10232,242,1200,0
10233,242,179,0
10234,242,1253,0
10235,242,894,0
10236,242,1135,0
10237,242,1097,0
10238,254,752,0
10239,254,997,0
10240,254,347,0
10241,254,841,0
10242,254,763,0
10243,254,11,0
10244,254,742,0
10245,254,531,0
10246,254,246,0
10247,254,1251,0
10248,254,603,0
10249,254,135,0
10250,254,611,0
10251,254,79,0
10252,254,1375,0
10253,254,840,0
10254,254,918,0
10255,254,522,0
10256,254,1335,0
10257,254,617,0
10258,254,775,0
10259,254,881,0
10260,254,324,0
10261,254,615,0
10262,254,1295,0
10263,254,1392,0
10264,254,26,0
10265,254,1338,0
10266,254,857,0
10267,254,653,0
10268,254,851,0
10269,254,1198,0
10270,254,294,0
10271,254,108,0
10272,254,1089,0
10273,254,806,0
10274,254,138,0
10275,254,975,0
10276,254,991,0
10277,254,862,0
10278,254,217,0
10279,254,692,0
10280,254,902,0
10281,254,365,0
10282,254,201,0
10283,254,1405,0
10284,254,589,0
10285,254,1042,0
10286,254,1109,0
10287,254,836,0
10288,254,810,0
10289,254,1318,0
10290,254,903,0
10291,254,92,0
10292,254,970,0
10293,254,879,0
10294,254,76,0
10295,254,955,0
10296,254,1021,0
10297,254,582,0
10298,254,734,0
10299,254,1164,0
10300,254,676,0
10301,254,322,0
10302,254,1385,0
10303,254,506,0
10304,254,471,0
10305,254,411,0
10306,254,58,0
10307,254,32,0
10308,254,565,0
10309,254,711,0
10310,254,1157,0
10311,254,288,0
10312,254,278,0
10313,254,538,0
10314,254,843,0
10315,254,1220,0
10316,254,112,0
10317,254,1024,0
10318,254,1404,0
10319,254,1047,0
10320,254,1073,0
10321,254,10,0
10322,254,1209,0
10323,254,124,0
10324,254,55,0
10325,254,1274,0
10326,254,1271,0
10327,254,89,0
10328,254,516,0
10329,254,1218,0
10330,254,613,0
10331,254,650,0
10332,254,1365,0
10333,254,936,0
10334,254,659,0
10335,254,1039,0
10336,254,267,0
10337,254,442,0
10338,254,905,0
10339,254,761,0
10340,254,351,0
10341,254,561,0
10342,254,1244,0
10343,254,542,0
10344,254,228,0
10345,254,1276,0
10346,254,662,0
10347,254,1299,0
10348,254,250,0
10349,254,952,0
10350,254,215,0
10351,254,540,0
10352,254,502,0
10353,254,930,0
10354,254,725,0
10355,254,204,0
10356,254,456,0
10357,254,1343,0
10358,254,458,0
10359,254,1233,0
10360,254,253,0
10361,254,635,0
10362,254,1270,0
10363,254,229,0
10364,254,1135,0
10365,254,224,0
10366,254,49,0
10367,254,1014,0
10368,254,1052,0
10369,254,170,0
10370,254,1204,0
10371,254,271,0
10372,254,931,0
10373,254,951,0
10374,254,830,0
10375,254,1216,0
10376,254,28,0
10377,254,933,0
10378,254,1389,0
10379,254,236,0
10380,254,839,0
10381,254,681,0
10382,254,259,0
10383,254,1328,0
10384,254,1046,0
10385,254,350,0
10386,254,1331,0
10387,254,469,0
10388,254,1146,0
10389,254,976,0
10390,254,575,0
10391,254,626,0
10392,254,53,0
10393,254,883,0
10394,254,1022,0
10395,254,287,0
10396,254,1298,0
10397,254,584,0
10398,254,1320,0
10399,254,1288,0
10400,254,99,0
10401,254,1023,0
10402,254,273,0
10403,254,309,0
10404,254,468,0
10405,254,445,0
10406,254,1068,0
10407,254,884,0
10408,254,197,0
10409,254,498,0
10410,254,541,0
10411,254,690,0
10412,254,455,0
10413,254,972,0
10414,254,315,0
10415,254,264,0
10416,254,100,0
10417,254,1231,0
10418,254,186,0
10419,254,38,0
10420,254,649,0
10421,254,1296,0
10422,254,1311,0
10423,254,1151,0
10424,254,1252,0
10425,254,447,0
10426,254,293,0
10427,254,558,0
10428,254,848,0
10429,254,1221,0
10430,254,780,0
10431,254,675,0
10432,254,307,0
10433,254,361,0
10434,254,807,0
10435,254,739,0
10436,254,144,0
10437,254,13,0
10438,254,1175,0
10439,254,1283,0
10440,254,533,0
10441,254,304,0
10442,254,396,0
10443,254,1329,0
10444,254,1020,0
10445,254,795,0
10446,254,86,0
10447,254,796,0
10448,254,657,0
10449,254,1349,0
10450,254,387,0
10451,254,184,0
10452,254,359,0
10453,254,697,0
10454,254,1195,0
10455,254,1309,0
10456,254,639,0
10457,254,934,0
10458,254,216,0
10459,254,588,0
10460,254,355,0
10461,254,837,0
10462,254,467,0
10463,254,1,0
10464,254,210,0
10465,254,245,0
10466,254,202,0
10467,254,353,0
10468,254,1015,0
10469,254,432,0
10470,254,430,0
10471,254,652,0
10472,254,1080,0
10473,254,616,0
10474,254,1246,0
10475,254,799,0
10476,254,950,0
10477,254,590,0
10478,254,1312,0
10479,254,1140,0
10480,254,408,0
10481,254,1337,0
10482,254,774,0
10483,254,1040,0
10484,254,85,0
10485,254,449,0
10486,254,426,0
10487,254,986,0
10488,254,521,0
10489,254,428,0
10490,254,882,0
10491,254,494,0
10492,254,220,0
10493,254,696,0
10494,254,919,0
10495,254,1132,0
10496,254,241,0
10497,254,509,0
10498,254,646,0
10499,254,29,0
10500,254,655,0
10501,254,544,0
10502,254,1284,0
10503,254,1028,0
10504,254,887,0
10505,254,781,0
10506,254,738,0
10507,254,1107,0
10508,254,990,0
10509,254,803,0
10510,254,1199,0
10511,254,1019,0
10512,254,1225,0
10513,254,600,0
10514,254,671,0
10515,254,947,0
10516,254,1142,0
10517,254,886,0
10518,254,741,0
10519,254,130,0
10520,254,504,0
10521,254,491,0
10522,254,1144,0
10523,254,200,0
10524,254,418,0
10525,254,1354,0
10526,254,366,0
10527,254,1126,0
10528,254,167,0
10529,254,420,0
10530,254,928,0
10531,254,983,0
10532,254,878,0
10533,254,557,0
10534,254,1228,0
10535,254,923,0
10536,254,1300,0
10537,254,1074,0
10538,254,303,0
10539,254,819,0
10540,254,674,0
10541,254,416,0
10542,254,1054,0
10543,254,750,0
10544,254,664,0
10545,254,910,0
10546,254,1136,0
10547,254,937,0
10548,254,1245,0
10549,254,5,0
10550,254,716,0
10551,254,842,0
10552,254,1310,0
10553,254,938,0
10554,254,1377,0
10555,254,809,0
10556,254,1033,0
10557,254,1358,0
10558,254,1017,0
10559,254,838,0
10560,254,569,0
10561,254,1230,0
10562,254,149,0
10563,254,437,0
10564,254,587,0
10565,254,240,0
10566,254,740,0
10567,254,895,0
10568,254,980,0
10569,254,917,0
10570,254,252,0
10571,254,958,0
10572,254,227,0
10573,254,1275,0
10574,254,685,0
10575,254,915,0
10576,254,335,0
10577,254,868,0
10578,254,1395,0
10579,254,606,0
10580,254,749,0
10581,254,131,0
10582,254,323,0
10583,254,218,0
10584,254,313,0
10585,254,1030,0
10586,254,1391,0
10587,254,371,0
10588,254,647,0
10589,254,1400,0
10590,254,721,0
10591,254,71,0
10592,254,164,0
10593,254,1262,0
10594,254,17,0
10595,254,1330,0
10596,254,450,0
10597,254,162,0
10598,254,576,0
10599,254,1313,0
10600,254,965,0
10601,254,906,0
10602,254,136,0
10603,254,6,0
10604,254,1264,0
10605,254,150,0
10606,254,1050,0
10607,254,281,0
10608,254,175,0
10609,254,736,0
10610,254,953,0
10611,254,969,0
10612,254,1268,0
10613,254,1242,0
10614,254,580,0
10615,254,195,0
10616,254,618,0
10617,254,714,0
10618,254,84,0
10619,254,481,0
10620,254,140,0
10621,254,260,0
10622,254,935,0
10623,254,1219,0
10624,254,832,0
10625,254,816,0
10626,254,226,0
10627,254,1069,0
10628,254,687,0
10629,254,160,0
10630,254,61,0
10631,254,363,0
10632,254,148,0
10633,254,2,0
10634,254,1308,0
10635,254,268,0
10636,254,1078,0
10637,254,908,0
10638,254,1071,0
10639,254,866,0
10640,254,636,0
10641,254,1323,0
10642,254,555,0
10643,254,510,0
10644,254,571,0
10645,254,1351,0
10646,254,1088,0
10647,254,623,0
10648,254,877,0
10649,254,631,0
10650,254,21,0
10651,254,1289,0
10652,254,661,0
10653,254,185,0
10654,254,94,0
10655,254,1383,0
10656,254,995,0
10657,254,337,0
10658,254,1393,0
10659,254,1006,0
10660,254,48,0
10661,254,372,0
10662,254,1258,0
10663,254,98,0
10664,254,382,0
10665,254,1181,0
10666,254,269,0
10667,254,1101,0
10668,254,956,0
10669,254,464,0
10670,254,444,0
10671,254,1291,0
10672,254,1356,0
10673,254,1386,0
10674,254,867,0
10675,254,78,0
10676,254,764,0
10677,254,242,0
10678,254,199,0
10679,254,1053,0
10680,254,368,0
10681,254,1224,0
10682,254,490,0
10683,254,665,0
10684,254,1397,0
10685,254,399,0
10686,254,104,0
10687,254,1248,0
10688,254,83,0
10689,254,869,0
10690,254,1382,0
10691,254,349,0
10692,254,1162,0
10693,254,1153,0
10694,254,320,0
10695,254,1399,0
10696,254,1167,0
10697,254,179,0
10698,254,1038,0
10699,254,860,0
10700,254,1018,0
10701,254,189,0
10702,254,290,0
10703,254,1178,0
10704,254,295,0
10705,254,1207,0
10706,254,777,0
10707,254,1314,0
10708,254,1232,0
10709,254,1327,0
10710,254,1161,0
10711,254,723,0
10712,254,1063,0
10713,254,1111,0
10714,254,578,0
10715,254,628,0
10716,254,1201,0
10717,254,161,0
10718,254,181,0
10719,254,864,0
10720,254,981,0
10721,254,1177,0
10722,254,102,0
10723,254,922,0
10724,254,1363,0
10725,254,205,0
10726,254,669,0
10727,254,731,0
10728,254,292,0
10729,254,1348,0
10730,254,1272,0
10731,254,610,0
10732,254,637,0
10733,254,239,0
10734,254,996,0
10735,254,974,0
10736,254,1409,0
10737,254,1128,0
10738,254,574,0
10739,254,672,0
10740,254,735,0
10741,254,429,0
10742,254,417,0
10743,254,680,0
10744,254,601,0
10745,254,375,0
10746,254,1267,0
10747,254,900,0
10748,254,791,0
10749,254,1333,0
10750,254,1325,0
10751,254,341,0
10752,254,1372,0
10753,254,1010,0
10754,254,1035,0
10755,254,766,0
10756,254,383,0
10757,254,729,0
10758,254,115,0
10759,254,1096,0
10760,254,513,0
10761,254,1025,0
10762,254,321,0
10763,254,69,0
10764,254,419,0
10765,254,1203,0
10766,254,948,0
10767,254,702,0
10768,254,457,0
10769,254,792,0
10770,254,413,0
10771,254,678,0
10772,254,751,0
10773,254,694,0
10774,254,1004,0
10775,254,142,0
10776,254,276,0
10777,254,1060,0
10778,254,88,0
10779,254,677,0
10780,254,1217,0
10781,254,434,0
10782,254,564,0
10783,254,1145,0
10784,254,1075,0
10785,254,1166,0
10786,254,346,0
10787,254,942,0
10788,254,1129,0
10789,254,1286,0
10790,254,1016,0
10791,254,232,0
10792,254,390,0
10793,254,1147,0
10794,254,308,0
10795,254,1279,0
10796,254,727,0
10797,254,1051,0
10798,254,1347,0
10799,254,783,0
10800,254,385,0
10801,254,1360,0
10802,254,14,0
10803,254,284,0
10804,254,1222,0
10805,254,1077,0
10806,254,1364,0
10807,254,177,0
10808,254,1120,0
10809,254,283,0
10810,254,992,0
10811,254,1170,0
10812,254,343,0
10813,254,30,0
10814,254,282,0
10815,254,929,0
10816,254,87,0
10817,254,56,0
10818,254,120,0
10819,254,476,0
10820,254,765,0
10821,254,1406,0
10822,254,1317,0
10823,254,446,0
10824,254,306,0
10825,254,483,0
10826,254,1369,0
10827,254,871,0
10828,254,658,0
10829,254,478,0
10830,254,1401,0
10831,254,1206,0
10832,254,977,0
10833,254,244,0
10834,254,1302,0
10835,254,1316,0
10836,292,930,0
10837,292,923,0
10838,292,246,0
10839,292,351,0
10840,292,219,0
10841,292,682,0
10842,292,1162,0
10843,292,1131,0
10844,292,335,0
10845,292,1388,0
10846,292,138,0
10847,292,854,0
10848,292,298,0
10849,292,139,0
10850,292,1013,0
10851,292,1000,0
10852,292,776,0
10853,292,1306,0
10854,292,700,0
10855,292,290,0
10856,292,804,0
10857,292,591,0
10858,292,1225,0
10859,292,544,0
10860,292,1091,0
10861,292,521,0
10862,292,99,0
10863,292,1381,0
10864,292,1161,0
10865,292,767,0
10866,292,1199,0
10867,292,314,0
10868,292,531,0
10869,292,499,0
10870,292,994,0
10871,292,976,0
10872,292,84,0
10873,292,341,0
10874,292,305,0
10875,292,1362,0
10876,292,160,0
10877,292,1259,0
10878,292,838,0
10879,292,126,0
10880,292,535,0
10881,292,1128,0
10882,292,159,0
10883,292,1167,0
10884,292,814,0
10885,292,1368,0
10886,292,735,0
10887,292,1323,0
10888,292,1212,0
10889,292,240,0
10890,292,1069,0
10891,292,931,0
10892,292,847,0
10893,292,444,0
10894,292,41,0
10895,292,165,0
10896,292,1039,0
10897,292,979,0
10898,292,222,0
10899,292,1341,0
10900,292,755,0
10901,292,783,0
10902,292,447,0
10903,292,809,0
10904,292,1375,0
10905,292,282,0
10906,292,146,0
10907,292,1147,0
10908,292,104,0
10909,292,1354,0
10910,292,758,0
10911,292,731,0
10912,292,1082,0
10913,292,145,0
10914,292,70,0
10915,292,513,0
10916,292,713,0
10917,292,358,0
10918,292,568,0
10919,292,868,0
10920,292,1356,0
10921,292,77,0
10922,292,401,0
10923,292,280,0
10924,292,704,0
10925,292,1020,0
10926,292,325,0
10927,292,836,0
10928,292,252,0
10929,292,832,0
10930,292,11,0
10931,292,258,0
10932,292,903,0
10933,292,285,0
10934,292,974,0
10935,292,715,0
10936,292,873,0
10937,292,1233,0
10938,292,711,0
10939,292,1025,0
10940,292,448,0
10941,292,791,0
10942,292,378,0
10943,292,866,0
10944,292,1246,0
10945,292,102,0
10946,292,213,0
10947,292,502,0
10948,292,255,0
10949,292,505,0
10950,292,669,0
10951,292,1214,0
10952,292,828,0
10953,292,803,0
10954,292,708,0
10955,292,362,0
10956,292,675,0
10957,292,908,0
10958,292,1315,0
10959,292,142,0
10960,292,371,0
10961,292,819,0
10962,292,392,0
10963,292,522,0
10964,292,317,0
10965,292,241,0
10966,292,480,0
10967,292,826,0
10968,292,29,0
10969,292,248,0
10970,292,714,0
10971,292,1116,0
10972,292,162,0
10973,292,131,0
10974,292,419,0
10975,292,200,0
10976,292,201,0
10977,292,1238,0
10978,292,1112,0
10979,292,970,0
10980,292,661,0
10981,292,1022,0
10982,292,203,0
10983,292,457,0
10984,292,1363,0
10985,292,992,0
10986,292,308,0
10987,292,1324,0
10988,292,403,0
10989,292,802,0
10990,292,837,0
10991,292,921,0
10992,292,889,0
10993,292,1213,0
10994,292,744,0
10995,292,155,0
10996,292,398,0
10997,292,194,0
10998,292,625,0
10999,292,1405,0
11000,292,147,0
11001,292,679,0
11002,292,283,0
11003,292,936,0
11004,292,470,0
11005,292,594,0
11006,292,1291,0
11007,292,1114,0
11008,292,874,0
11009,292,1068,0
11010,292,747,0
11011,292,858,0
11012,292,173,0
11013,292,792,0
11014,292,208,0
11015,292,1157,0
11016,292,1032,0
11017,292,1236,0
11018,292,1049,0
11019,292,801,0
11020,292,540,0
11021,292,388,0
11022,292,453,0
11023,292,1189,0
11024,292,289,0
11025,292,39,0
11026,292,883,0
11027,292,1033,0
11028,292,962,0
11029,292,1150,0
11030,292,1220,0
11031,292,1337,0
11032,292,1399,0
11033,292,329,0
11034,292,456,0
11035,292,927,0
11036,292,232,0
11037,292,158,0
11038,292,623,0
11039,292,1391,0
11040,292,344,0
11041,292,646,0
11042,292,43,0
11043,292,512,0
11044,292,724,0
11045,292,1207,0
11046,292,1099,0
11047,292,741,0
11048,292,287,0
11049,292,965,0
11050,292,490,0
11051,292,331,0
11052,292,952,0
11053,292,839,0
11054,292,800,0
11055,292,697,0
11056,292,583,0
11057,292,1151,0
11058,292,1074,0
11059,292,982,0
11060,292,488,0
11061,292,184,0
11062,292,1041,0
11063,292,5,0
11064,292,356,0
11065,292,608,0
11066,292,239,0
11067,292,418,0
11068,292,1271,0
11069,292,1292,0
11070,292,638,0
11071,292,277,0
11072,292,707,0
11073,292,472,0
11074,292,295,0
11075,292,1263,0
11076,292,426,0
11077,292,394,0
11078,292,878,0
11079,292,1038,0
11080,292,100,0
11081,292,969,0
11082,292,1093,0
11083,292,578,0
11084,292,50,0
11085,292,1401,0
11086,292,1034,0
11087,292,260,0
11088,292,324,0
11089,292,553,0
11090,292,899,0
11091,292,434,0
11092,292,1377,0
11093,292,785,0
11094,292,149,0
11095,292,672,0
11096,292,399,0
11097,292,954,0
11098,292,867,0
11099,292,532,0
11100,292,1333,0
11101,292,1170,0
11102,292,446,0
11103,292,166,0
11104,292,517,0
11105,292,359,0
11106,292,6,0
11107,292,732,0
11108,292,821,0
11109,292,546,0
11110,292,617,0
11111,292,151,0
11112,292,516,0
11113,292,244,0
11114,292,498,0
11115,292,782,0
11116,292,111,0
11117,292,417,0
11118,292,671,0
11119,292,977,0
11120,292,339,0
11121,292,736,0
11122,292,966,0
11123,292,710,0
11124,292,1102,0
11125,292,51,0
11126,292,504,0
11127,292,917,0
11128,292,1322,0
11129,292,956,0
11130,292,1190,0
11131,292,663,0
11132,292,1269,0
11133,292,893,0
11134,292,822,0
11135,292,636,0
11136,292,1332,0
11137,292,915,0
11138,292,28,0
11139,292,1277,0
11140,292,852,0
11141,292,597,0
11142,292,716,0
11143,292,674,0
11144,292,1096,0
11145,292,972,0
11146,292,438,0
11147,292,1191,0
11148,292,798,0
11149,292,886,0
11150,292,618,0
11151,292,1314,0
11152,292,851,0
11153,292,1113,0
11154,292,420,0
11155,292,1392,0
11156,292,861,0
11157,292,1262,0
11158,292,1158,0
11159,292,1209,0
11160,292,718,0
11161,292,1252,0
11162,292,461,0
11163,292,876,0
11164,292,306,0
11165,292,428,0
11166,292,1108,0
11167,292,1044,0
11168,292,1397,0
11169,292,1051,0
11170,292,93,0
11171,292,919,0
11172,292,1089,0
11173,292,129,0
11174,292,611,0
11175,292,205,0
11176,292,169,0
11177,292,746,0
11178,292,1320,0
11179,292,1012,0
11180,292,454,0
11181,292,1046,0
11182,292,1028,0
11183,292,559,0
11184,292,299,0
11185,292,1002,0
11186,292,995,0
11187,292,196,0
11188,292,863,0
11189,292,1204,0
11190,292,1318,0
11191,292,664,0
11192,292,721,0
11193,292,545,0
11194,292,336,0
11195,292,916,0
11196,292,850,0
11197,292,958,0
11198,292,106,0
11199,292,1017,0
11200,292,26,0
11201,292,274,0
11202,292,229,0
11203,292,1303,0
11204,292,730,0
11205,292,1272,0
11206,292,249,0
11207,292,1325,0
11208,292,581,0
11209,292,806,0
11210,292,1183,0
11211,292,96,0
11212,292,1048,0
11213,292,964,0
11214,292,1249,0
11215,292,37,0
11216,292,789,0
11217,292,108,0
11218,292,321,0
11219,292,935,0
11220,292,302,0
11221,292,1153,0
11222,292,509,0
11223,292,1060,0
11224,292,833,0
11225,292,487,0
11226,292,848,0
11227,292,1195,0
11228,292,48,0
11229,292,1064,0
11230,292,1288,0
11231,292,557,0
11232,292,1035,0
11233,292,1280,0
11234,292,779,0
11235,292,1098,0
11236,292,1088,0
11237,292,1184,0
11238,292,1267,0
11239,292,1155,0
11240,292,464,0
11241,292,1361,0
11242,292,1120,0
11243,292,678,0
11244,292,1138,0
11245,292,818,0
11246,292,1073,0
11247,292,1224,0
11248,292,313,0
11249,292,537,0
11250,292,1258,0
11251,292,172,0
11252,292,78,0
11253,292,1353,0
11254,292,1110,0
11255,292,322,0
11256,292,1067,0
11257,292,1118,0
11258,292,385,0
11259,292,870,0
11260,292,680,0
11261,292,1232,0
11262,292,449,0
11263,292,286,0
11264,292,1130,0
11265,292,190,0
11266,292,1015,0
11267,292,251,0
11268,292,140,0
11269,292,76,0
11270,292,474,0
11271,292,1124,0
11272,292,592,0
11273,292,1176,0
11274,292,1327,0
11275,292,185,0
11276,292,376,0
11277,292,1396,0
11278,292,787,0
11279,292,1293,0
11280,292,948,0
11281,292,1168,0
11282,292,363,0
11283,292,991,0
11284,292,315,0
11285,292,127,0
11286,292,515,0
11287,292,536,0
11288,292,181,0
11289,292,1227,0
11290,292,547,0
11291,292,590,0
11292,292,94,0
11293,292,220,0
11294,292,729,0
11295,292,421,0
11296,292,1121,0
11297,292,0,0
11298,292,471,0
11299,292,1181,0
11300,292,766,0
11301,292,69,0
11302,292,58,0
11303,292,775,0
11304,292,879,0
11305,292,117,0
11306,292,303,0
11307,292,816,0
11308,292,690,0
11309,292,1218,0
11310,292,1095,0
11311,292,637,0
11312,292,1242,0
11313,292,1383,0
11314,292,1210,0
11315,292,997,0
11316,292,443,0
11317,292,34,0
11318,292,294,0
11319,292,154,0
11320,292,1365,0
11321,292,74,0
11322,292,1004,0
11323,292,1149,0
11324,292,978,0
11325,292,1023,0
11326,292,541,0
11327,292,130,0
11328,292,753,0
11329,292,430,0
11330,292,784,0
11331,292,179,0
11332,292,1343,0
11333,292,1075,0
11334,292,593,0
11335,292,1255,0
11336,292,1384,0
11337,292,810,0
11338,292,228,0
11339,339,819,0
11340,339,135,0
11341,339,1116,0
11342,339,154,0
11343,339,1229,0
11344,339,288,0
11345,339,812,0
11346,339,1319,0
11347,339,220,0
11348,339,1299,0
11349,339,608,0
11350,339,1121,0
11351,339,605,0
11352,339,427,0
11353,339,454,0
11354,339,1344,0
11355,339,466,0
11356,339,146,0
11357,339,632,0
11358,339,1115,0
11359,339,510,0
11360,339,1409,0
11361,339,30,0
11362,339,495,0
11363,339,1277,0
11364,339,328,0
11365,339,1350,0
11366,339,168,0
11367,339,553,0
11368,339,363,0
11369,339,1201,0
11370,339,359,0
11371,339,111,0
11372,339,215,0
11373,339,719,0
11374,339,307,0
11375,339,264,0
11376,339,1286,0
11377,339,163,0
11378,339,1231,0
11379,339,9,0
11380,339,615,0
11381,339,1166,0
11382,339,208,0
11383,339,882,0
11384,339,743,0
11385,339,281,0
11386,339,1044,0
11387,339,446,0
11388,339,462,0
11389,339,56,0
11390,339,1203,0
11391,339,718,0
11392,339,889,0
11393,339,86,0
11394,339,335,0
11395,339,1132,0
11396,339,593,0
11397,339,89,0
11398,339,746,0
11399,339,786,0
11400,339,1263,0
11401,339,1025,0
11402,339,1138,0
11403,339,1292,0
11404,339,85,0
11405,339,80,0
11406,339,875,0
11407,339,645,0
11408,339,697,0
11409,339,139,0
11410,339,1285,0
11411,339,49,0
11412,339,1382,0
11413,339,311,0
11414,339,366,0
11415,339,221,0
11416,339,511,0
11417,339,1156,0
11418,339,909,0
11419,339,468,0
11420,339,1280,0
11421,339,586,0
11422,339,978,0
11423,339,1230,0
11424,339,55,0
11425,339,568,0
11426,339,549,0
11427,339,1268,0
11428,339,13,0
11429,339,1199,0
11430,339,180,0
11431,339,432,0
11432,339,1053,0
11433,339,997,0
11434,339,558,0
11435,339,205,0
11436,339,616,0
11437,339,1206,0
11438,339,334,0
11439,339,1355,0
11440,339,661,0
11441,339,358,0
11442,339,1300,0
11443,339,79,0
11444,339,946,0
11445,339,920,0
11446,339,745,0
11447,339,845,0
11448,339,1386,0
11449,339,548,0
11450,339,496,0
11451,339,118,0
11452,339,1148,0
11453,339,337,0
11454,339,508,0
11455,339,938,0
11456,339,825,0
11457,339,373,0
11458,339,574,0
11459,339,193,0
11460,339,618,0
11461,339,396,0
11462,339,783,0
11463,339,1040,0
11464,339,1391,0
11465,339,793,0
11466,339,707,0
11467,339,1113,0
11468,339,156,0
11469,339,276,0
11470,339,532,0
11471,339,1085,0
11472,339,551,0
11473,339,374,0
11474,339,724,0
11475,339,696,0
11476,339,182,0
11477,339,691,0
11478,339,1095,0
11479,339,849,0
11480,339,479,0
11481,339,320,0
11482,339,236,0
11483,339,293,0
11484,339,299,0
11485,339,1399,0
11486,339,1178,0
11487,339,995,0
11488,339,817,0
11489,339,1241,0
11490,339,715,0
11491,339,1063,0
11492,339,416,0
11493,339,948,0
11494,339,944,0
11495,339,325,0
11496,339,28,0
11497,339,1002,0
11498,339,585,0
11499,339,1131,0
11500,339,67,0
11501,339,161,0
11502,339,97,0
11503,339,607,0
11504,339,52,0
11505,339,755,0
11506,339,954,0
11507,339,727,0
11508,339,1334,0
11509,339,1078,0
11510,339,408,0
11511,339,1168,0
11512,339,1222,0
11513,339,19,0
11514,339,1128,0
11515,339,45,0
11516,339,613,0
11517,339,776,0
11518,339,994,0
11519,339,1153,0
11520,339,33,0
11521,339,1331,0
11522,339,1139,0
11523,339,44,0
11524,339,747,0
11525,339,1202,0
11526,339,1357,0
11527,339,137,0
11528,339,1100,0
11529,339,790,0
11530,339,565,0
11531,339,93,0
11532,339,309,0
11533,339,1098,0
11534,339,885,0
11535,339,900,0
11536,339,1307,0
11537,339,167,0
11538,339,354,0
11539,339,1120,0
11540,339,1291,0
11541,339,315,0
11542,339,941,0
11543,339,162,0
11544,339,223,0
11545,339,71,0
11546,339,95,0
11547,339,1047,0
11548,339,833,0
11549,339,918,0
11550,339,985,0
11551,339,675,0
11552,339,1103,0
11553,339,570,0
11554,339,1033,0
11555,339,129,0
11556,339,1144,0
11557,339,543,0
11558,339,1305,0
11559,339,192,0
11560,339,1255,0
11561,339,184,0
11562,339,972,0
11563,339,434,0
11564,339,23,0
11565,339,670,0
11566,339,92,0
11567,339,448,0
11568,339,1086,0
11569,339,881,0
11570,339,63,0
11571,339,693,0
11572,339,200,0
11573,339,477,0
11574,339,915,0
11575,339,225,0
11576,339,1135,0
11577,339,919,0
11578,339,1000,0
11579,339,1014,0
11580,339,970,0
11581,339,655,0
11582,339,385,0
11583,339,287,0
11584,339,912,0
11585,339,426,0
11586,339,575,0
11587,339,119,0
11588,339,810,0
11589,339,513,0
11590,339,666,0
11591,339,255,0
11592,339,153,0
11593,339,740,0
11594,339,742,0
11595,339,457,0
11596,339,620,0
11597,339,784,0
11598,339,25,0
11599,339,127,0
11600,339,145,0
11601,339,1094,0
11602,339,133,0
11603,339,10,0
11604,339,993,0
11605,339,58,0
11606,339,799,0
11607,339,940,0
11608,339,1192,0
11609,339,550,0
11610,339,38,0
11611,339,20,0
11612,339,534,0
11613,339,672,0
11614,339,438,0
11615,339,635,0
11616,339,250,0
11617,339,113,0
11618,339,937,0
11619,339,1339,0
11620,339,1271,0
11621,339,858,0
11622,339,312,0
11623,339,298,0
11624,339,140,0
11625,339,1364,0
11626,339,628,0
11627,339,1003,0
11628,339,729,0
11629,339,124,0
11630,339,32,0
11631,339,310,0
11632,339,464,0
11633,339,1032,0
11634,339,887,0
11635,339,502,0
11636,339,4,0
11637,339,1136,0
11638,339,87,0
11639,339,494,0
11640,339,1209,0
11641,339,149,0
11642,339,827,0
11643,339,739,0
11644,339,597,0
11645,339,357,0
11646,339,704,0
11647,339,413,0
11648,339,450,0
11649,339,1383,0
11650,339,1051,0
11651,339,246,0
11652,339,843,0
11653,339,1212,0
11654,339,1323,0
11655,339,398,0
11656,339,641,0
11657,339,1200,0
11658,339,971,0
11659,339,422,0
11660,339,787,0
11661,339,233,0
11662,339,1173,0
11663,339,1237,0
11664,339,823,0
11665,339,868,0
11666,339,762,0
11667,339,1023,0
11668,339,554,0
11669,339,73,0
11670,339,106,0
11671,339,367,0
11672,339,584,0
11673,339,725,0
11674,339,169,0
11675,339,195,0
11676,339,447,0
11677,339,1079,0
11678,339,647,0
11679,339,1174,0
11680,339,1037,0
11681,339,779,0
11682,339,459,0
11683,339,1312,0
11684,339,990,0
11685,339,286,0
11686,339,203,0
11687,339,689,0
11688,339,1208,0
11689,339,507,0
11690,339,1282,0
11691,339,1,0
11692,339,1306,0
11693,339,207,0
11694,339,763,0
11695,339,323,0
11696,339,699,0
11697,339,759,0
11698,339,1295,0
11699,339,232,0
11700,339,456,0
11701,339,703,0
11702,339,1228,0
11703,339,1160,0
11704,339,733,0
11705,339,771,0
11706,339,541,0
11707,339,883,0
11708,339,512,0
11709,339,781,0
11710,339,1013,0
11711,339,656,0
11712,339,423,0
11713,339,874,0
11714,339,598,0
11715,339,852,0
11716,339,164,0
11717,339,611,0
11718,339,41,0
11719,339,484,0
11720,339,1322,0
11721,339,1054,0
11722,339,395,0
11723,339,567,0
11724,339,877,0
11725,339,419,0
11726,339,519,0
11727,339,631,0
11728,339,998,0
11729,339,1316,0
11730,339,750,0
11731,339,601,0
11732,339,1130,0
11733,339,947,0
11734,339,31,0
11735,339,256,0
11736,339,444,0
11737,339,1215,0
11738,339,94,0
11739,339,212,0
11740,339,774,0
11741,339,1073,0
11742,339,1272,0
11743,339,991,0
11744,339,1198,0
11745,339,1089,0
11746,339,741,0
11747,339,1234,0
11748,339,961,0
11749,339,240,0
11750,339,368,0
11751,339,988,0
11752,339,96,0
11753,339,1046,0
11754,339,91,0
11755,339,1388,0
11756,339,731,0
11757,339,121,0
11758,339,1093,0
11759,339,197,0
11760,339,319,0
11761,339,210,0
11762,339,417,0
11763,339,474,0
11764,339,75,0
11765,339,290,0
11766,339,404,0
11767,339,851,0
11768,339,173,0
11769,339,400,0
11770,339,267,0
11771,339,576,0
11772,339,128,0
11773,339,1298,0
11774,339,190,0
11775,339,1027,0
11776,339,1343,0
11777,339,721,0
11778,339,626,0
11779,339,1112,0
11780,339,1287,0
11781,339,1065,0
11782,339,1378,0
11783,339,1170,0
11784,339,654,0
11785,339,1374,0
11786,339,263,0
11787,339,102,0
11788,339,1342,0
11789,339,602,0
11790,339,720,0
11791,339,529,0
11792,339,545,0
11793,339,1375,0
11794,339,1275,0
11795,339,449,0
11796,339,754,0
11797,339,1150,0
11798,339,43,0
11799,339,105,0
11800,339,945,0
11801,339,326,0
11802,339,846,0
11803,339,898,0
11804,339,316,0
11805,339,249,0
11806,339,399,0
11807,339,333,0
11808,339,351,0
11809,339,47,0
11810,339,1254,0
11811,339,557,0
11812,339,1081,0
11813,339,324,0
11814,339,483,0
11815,339,1191,0
11816,339,141,0
11817,339,100,0
11818,339,322,0
11819,339,244,0
11820,339,382,0
11821,339,1195,0
11822,339,1246,0
11823,339,595,0
11824,339,5,0
11825,339,1021,0
11826,339,813,0
11827,339,506,0
11828,339,349,0
11829,339,394,0
11830,339,572,0
11831,339,260,0
11832,339,752,0
11833,339,1341,0
11834,339,625,0
11835,339,1324,0
11836,339,151,0
11837,339,657,0
11838,339,604,0
11839,339,1240,0
11840,339,1377,0
11841,339,254,0
11842,339,1036,0
11843,339,138,0
11844,339,237,0
11845,339,175,0
11846,339,690,0
11847,339,70,0
11848,339,934,0
11849,339,98,0
11850,339,39,0
11851,339,1090,0
11852,339,486,0
11853,339,685,0
11854,339,294,0
11855,339,1235,0
11856,339,967,0
11857,339,228,0
11858,339,592,0
11859,339,402,0
11860,339,1232,0
11861,339,840,0
11862,339,455,0
11863,339,239,0
11864,339,1249,0
11865,339,1221,0
11866,339,676,0
11867,339,148,0
11868,339,791,0
11869,339,798,0
11870,339,639,0
11871,339,891,0
11872,339,14,0
11873,339,1376,0
11874,339,2,0
11875,339,867,0
11876,339,440,0
11877,339,800,0
11878,339,1370,0
11879,339,1214,0
11880,339,751,0
11881,339,717,0
11882,339,505,0
11883,339,695,0
11884,339,1340,0
11885,339,123,0
11886,339,1211,0
11887,339,1157,0
11888,339,1169,0
11889,339,186,0
11890,339,895,0
11891,339,933,0
11892,339,569,0
11893,339,658,0
11894,339,637,0
11895,339,350,0
11896,339,1038,0
11897,339,612,0
11898,339,1133,0
11899,339,1181,0
11900,339,1289,0
11901,339,306,0
11902,339,820,0
11903,339,338,0
11904,339,125,0
11905,339,924,0
11906,339,1102,0
11907,339,1218,0
11908,339,865,0
11909,339,540,0
11910,339,1358,0
11911,339,1155,0
11912,339,1091,0
11913,339,1256,0
11914,339,838,0
11915,339,531,0
11916,339,321,0
11917,339,1068,0
11918,339,115,0
11919,339,983,0
11920,339,785,0
11921,339,764,0
11922,339,1058,0
11923,339,650,0
11924,339,418,0
11925,339,360,0
11926,339,1186,0
11927,339,1050,0
11928,339,1049,0
11929,339,356,0
11930,339,1219,0
11931,339,480,0
11932,339,1360,0
11933,339,809,0
11934,339,980,0
11935,339,514,0
11936,339,956,0
11937,339,1114,0
11938,339,371,0
11939,339,407,0
11940,339,1188,0
11941,339,735,0
11942,339,651,0
11943,339,201,0
11944,339,555,0
11945,339,562,0
11946,339,292,0
11947,339,68,0
11948,339,176,0
11949,339,963,0
11950,339,1401,0
11951,339,782,0
11952,339,445,0
11953,339,1303,0
11954,339,1261,0
11955,339,383,0
11956,339,758,0
11957,339,234,0
11958,339,622,0
11959,339,1163,0
11960,339,832,0
11961,339,1224,0
11962,339,1048,0
11963,339,1080,0
11964,339,15,0
11965,339,1057,0
11966,339,1242,0
11967,339,1406,0
11968,339,380,0
11969,339,3,0
11970,339,126,0
11971,339,252,0
11972,339,62,0
11973,339,1243,0
11974,339,621,0
11975,339,907,0
11976,339,908,0
11977,339,806,0
11978,339,960,0
11979,339,1265,0
11980,339,1315,0
11981,339,634,0
11982,339,1019,0
11983,339,1127,0
11984,339,213,0
11985,339,669,0
11986,339,412,0
11987,339,698,0
11988,339,488,0
11989,339,921,0
11990,339,927,0
11991,339,144,0
11992,339,728,0
11993,339,1099,0
11994,339,1258,0
11995,339,504,0
11996,339,346,0
11997,339,243,0
11998,339,1368,0
11999,339,1244,0
12000,339,1332,0
12001,339,77,0
12002,339,489,0
12003,339,297,0
12004,339,235,0
12005,339,829,0
12006,339,410,0
12007,339,1015,0
12008,339,653,0
12009,339,103,0
12010,339,104,0
12011,339,1045,0
12012,339,84,0
12013,339,587,0
12014,339,660,0
12015,339,748,0
12016,339,1104,0
12017,339,836,0
12018,339,109,0
12019,339,36,0
12020,339,1064,0
12021,339,300,0
12022,339,278,0
12023,339,879,0
12024,339,1158,0
12025,339,16,0
12026,339,911,0
12027,339,1400,0
12028,339,1266,0
12029,339,1337,0
12030,339,627,0
12031,339,577,0
12032,339,902,0
12033,339,1248,0
12034,339,1029,0
12035,339,968,0
12036,339,1326,0
12037,339,821,0
12038,339,929,0
12039,339,498,0
12040,339,34,0
12041,339,1336,0
12042,339,21,0
12043,339,583,0
12044,339,159,0
12045,339,411,0
12046,339,1107,0
12047,339,1031,0
12048,339,984,0
12049,339,765,0
12050,339,1273,0
12051,339,317,0
12052,339,831,0
12053,339,913,0
12054,339,187,0
12055,339,131,0
12056,339,1333,0
12057,339,1083,0
12058,339,614,0
12059,339,1359,0
12060,339,926,0
12061,339,265,0
12062,339,802,0
12063,339,1397,0
12064,339,22,0
12065,339,524,0
12066,339,29,0
12067,339,1311,0
12068,339,369,0
12069,339,939,0
12070,339,914,0
12071,339,1010,0
12072,339,375,0
12073,339,266,0
12074,339,231,0
12075,339,1175,0
12076,339,503,0
12077,339,1373,0
12078,339,582,0
12079,339,814,0
12080,339,1405,0
12081,339,1321,0
12082,339,667,0
12083,339,649,0
12084,339,1216,0
12085,339,37,0
12086,339,1267,0
12087,339,12,0
12088,339,861,0
12089,339,475,0
12090,339,711,0
12091,339,251,0
12092,339,1317,0
12093,339,1384,0
12094,339,1371,0
12095,339,899,0
12096,339,1024,0
12097,339,847,0
12098,339,794,0
12099,339,772,0
12100,339,1390,0
12101,339,679,0
12102,339,662,0
12103,339,414,0
12104,339,74,0
12105,339,999,0
12106,339,792,0
12107,339,340,0
12108,339,1308,0
12109,339,282,0
12110,339,1361,0
12111,339,1392,0
12112,339,723,0
12113,339,296,0
12114,339,1346,0
12115,339,872,0
12116,339,273,0
12117,339,110,0
12118,339,629,0
12119,339,222,0
12120,339,283,0
12121,339,623,0
12122,339,1389,0
12123,339,174,0
12124,339,736,0
12125,339,590,0
12126,339,421,0
12127,339,530,0
12128,339,497,0
12129,339,808,0
12130,339,744,0
12131,339,493,0
12132,339,301,0
12133,339,1398,0
12134,339,769,0
12135,339,556,0
12136,339,815,0
12137,339,681,0
12138,339,633,0
12139,339,1088,0
12140,339,51,0
12141,339,959,0
12142,339,770,0
12143,339,1349,0
12144,339,525,0
12145,339,1193,0
12146,339,527,0
12147,339,579,0
12148,339,854,0
12149,339,780,0
12150,339,966,0
12151,339,1367,0
12152,339,848,0
12153,339,1017,0
12154,339,953,0
12155,339,688,0
12156,339,1072,0
12157,339,542,0
12158,339,492,0
12159,339,1197,0
12160,339,965,0
12161,339,630,0
12162,339,451,0
12163,339,928,0
12164,339,1183,0
12165,339,40,0
12166,339,1154,0
12167,339,1084,0
12168,339,734,0
12169,339,277,0
12170,339,7,0
12171,339,1011,0
12172,339,83,0
12173,339,217,0
12174,339,116,0
12175,339,1352,0
12176,339,536,0
12177,339,165,0
12178,339,472,0
12179,339,478,0
12180,339,272,0
12181,339,539,0
12182,339,1335,0
12183,339,1101,0
12184,339,247,0
12185,339,890,0
12186,339,1177,0
12187,339,835,0
12188,339,1284,0
12189,339,341,0
12190,339,1294,0
12191,339,1043,0
12192,339,142,0
12193,339,1250,0
12194,339,181,0
12195,339,573,0
12196,339,1006,0
12197,339,1061,0
12198,339,8,0
12199,339,804,0
12200,339,1067,0
12201,339,942,0
12202,339,393,0
12203,339,987,0
12204,339,520,0
12205,339,183,0
12206,339,708,0
12207,339,50,0
12208,339,1162,0
12209,339,1327,0
12210,339,1041,0
12211,339,850,0
12212,339,677,0
12213,339,694,0
12214,339,314,0
12215,339,973,0
12216,339,114,0
12217,339,218,0
12218,339,435,0
12219,339,78,0
12220,339,958,0
12221,339,99,0
12222,339,686,0
12223,339,1167,0
12224,339,1184,0
12225,339,347,0
12226,339,284,0
12227,339,665,0
12228,339,893,0
12229,339,470,0
12230,339,1146,0
12231,339,1172,0
12232,339,0,0
12233,339,224,0
12234,339,1274,0
12235,339,905,0
12236,339,599,0
12237,339,485,0
12238,339,860,0
12239,339,1028,0
12240,339,1185,0
12241,339,916,0
12242,339,756,0
12243,339,1182,0
12244,346,1233,0
12245,346,344,0
12246,346,1213,0
12247,346,647,0
12248,346,1251,0
12249,346,133,0
12250,346,486,0
12251,346,734,0
12252,346,231,0
12253,346,52,0
12254,346,1218,0
12255,346,1073,0
12256,346,280,0
12257,346,830,0
12258,346,602,0
12259,346,62,0
12260,346,415,0
12261,346,962,0
12262,346,547,0
12263,346,394,0
12264,346,1190,0
12265,346,1297,0
12266,346,357,0
12267,346,213,0
12268,346,945,0
12269,346,430,0
12270,346,1196,0
12271,346,139,0
12272,346,483,0
12273,346,1088,0
12274,346,1071,0
12275,346,1375,0
12276,346,536,0
12277,346,1020,0
12278,346,484,0
12279,346,1024,0
12280,346,1335,0
12281,346,97,0
12282,346,480,0
12283,346,748,0
12284,346,1224,0
12285,346,1,0
12286,346,668,0
12287,346,420,0
12288,346,332,0
12289,346,169,0
12290,346,347,0
12291,346,925,0
12292,346,888,0
12293,346,494,0
12294,346,320,0
12295,346,918,0
12296,346,1236,0
12297,346,1198,0
12298,346,658,0
12299,346,1301,0
12300,346,791,0
12301,346,852,0
12302,346,190,0
12303,346,1394,0
12304,346,653,0
12305,346,442,0
12306,346,27,0
12307,346,244,0
12308,346,493,0
12309,346,191,0
12310,346,1146,0
12311,346,45,0
12312,346,199,0
12313,346,763,0
12314,346,309,0
12315,346,501,0
12316,346,109,0
12317,346,1034,0
12318,346,477,0
12319,346,1357,0
12320,346,575,0
12321,346,946,0
12322,346,1348,0
12323,346,433,0
12324,346,446,0
12325,346,229,0
12326,346,155,0
12327,346,1113,0
12328,346,1092,0
12329,346,2,0
12330,346,350,0
12331,346,185,0
12332,346,390,0
12333,346,196,0
12334,346,140,0
12335,346,995,0
12336,346,1336,0
12337,346,969,0
12338,346,26,0
12339,346,1115,0
12340,346,348,0
12341,346,1030,0
12342,346,146,0
12343,346,1022,0
12344,346,851,0
12345,346,868,0
12346,346,848,0
12347,346,1324,0
12348,346,1185,0
12349,346,478,0
12350,346,1041,0
12351,346,22,0
12352,346,1120,0
12353,346,987,0
12354,346,666,0
12355,346,721,0
12356,346,117,0
12357,346,92,0
12358,346,270,0
12359,346,342,0
12360,346,1285,0
12361,346,13,0
12362,346,758,0
12363,346,1048,0
12364,346,42,0
12365,346,779,0
12366,346,958,0
12367,346,831,0
12368,346,249,0
12369,346,149,0
12370,346,538,0
12371,346,590,0
12372,346,1062,0
12373,346,1344,0
12374,346,314,0
12375,346,1187,0
12376,346,131,0
12377,346,271,0
12378,346,601,0
12379,346,975,0
12380,346,105,0
12381,346,107,0
12382,346,1291,0
12383,346,1244,0
12384,346,294,0
12385,346,1057,0
12386,346,610,0
12387,346,322,0
12388,346,362,0
12389,346,809,0
12390,346,272,0
12391,346,803,0
12392,346,253,0
12393,346,1227,0
12394,346,677,0
12395,346,1279,0
12396,346,106,0
12397,346,746,0
12398,346,66,0
12399,346,1152,0
12400,346,232,0
12401,346,428,0
12402,346,1299,0
12403,346,1292,0
12404,346,783,0
12405,346,1170,0
12406,346,1280,0
12407,346,1000,0
12408,346,307,0
12409,346,318,0
12410,346,1102,0
12411,346,542,0
12412,346,1300,0
12413,346,725,0
12414,346,1217,0
12415,346,382,0
12416,346,1046,0
12417,346,533,0
12418,346,1047,0
12419,346,1054,0
12420,346,1225,0
12421,346,1382,0
12422,346,505,0
12423,346,773,0
12424,346,14,0
12425,346,1316,0
12426,346,986,0
12427,346,123,0
12428,346,1126,0
12429,346,747,0
12430,346,697,0
12431,346,843,0
12432,346,401,0
12433,346,648,0
12434,346,425,0
12435,346,822,0
12436,346,727,0
12437,346,917,0
12438,346,814,0
12439,346,403,0
12440,346,20,0
12441,346,1148,0
12442,346,305,0
12443,346,994,0
12444,346,331,0
12445,346,1154,0
12446,346,459,0
12447,346,731,0
12448,346,25,0
12449,346,1136,0
12450,346,914,0
12451,346,891,0
12452,346,1019,0
12453,346,292,0
12454,346,920,0
12455,346,1137,0
12456,346,1237,0
12457,346,174,0
12458,346,1114,0
12459,346,808,0
12460,346,319,0
12461,346,656,0
12462,346,1090,0
12463,346,221,0
12464,346,438,0
12465,346,739,0
12466,346,1084,0
12467,346,235,0
12468,346,1049,0
12469,346,497,0
12470,346,1365,0
12471,346,1147,0
12472,346,867,0
12473,346,887,0
12474,346,1393,0
12475,346,719,0
12476,346,826,0
12477,346,469,0
12478,346,665,0
12479,346,687,0
12480,346,147,0
12481,346,1341,0
12482,346,1272,0
12483,346,1072,0
12484,346,1005,0
12485,346,1151,0
12486,346,837,0
12487,346,555,0
12488,346,1350,0
12489,346,961,0
12490,346,1386,0
12491,346,1044,0
12492,346,1099,0
12493,346,737,0
12494,346,1134,0
12495,346,1238,0
12496,346,70,0
12497,346,936,0
12498,346,878,0
12499,346,1309,0
12500,346,689,0
12501,346,379,0
12502,346,1100,0
12503,346,1313,0
12504,346,1276,0
12505,346,454,0
12506,346,449,0
12507,346,59,0
12508,346,1209,0
12509,346,771,0
12510,346,873,0
12511,346,616,0
12512,346,652,0
12513,346,1018,0
12514,346,282,0
12515,346,949,0
12516,346,530,0
12517,346,705,0
12518,346,177,0
12519,346,840,0
12520,346,860,0
12521,346,615,0
12522,346,306,0
12523,346,1203,0
12524,346,21,0
12525,346,1173,0
12526,346,489,0
12527,346,1065,0
12528,346,517,0
12529,346,268,0
12530,346,1204,0
12531,346,565,0
12532,346,1178,0
12533,346,844,0
12534,346,1007,0
12535,346,1139,0
12536,346,409,0
12537,346,485,0
12538,346,180,0
12539,346,863,0
12540,346,756,0
12541,346,1003,0
12542,346,692,0
12543,346,450,0
12544,346,1264,0
12545,346,385,0
12546,346,304,0
12547,346,381,0
12548,346,1032,0
12549,346,220,0
12550,346,404,0
12551,346,1199,0
12552,346,312,0
12553,346,934,0
12554,346,1346,0
12555,346,862,0
12556,346,507,0
12557,346,599,0
12558,346,726,0
12559,346,1329,0
12560,346,671,0
12561,346,1387,0
12562,346,1322,0
12563,346,890,0
12564,346,204,0
12565,346,79,0
12566,346,902,0
12567,346,794,0
12568,346,1229,0
12569,346,1208,0
12570,346,448,0
12571,346,519,0
12572,346,426,0
12573,346,1107,0
12574,346,118,0
12575,346,1354,0
12576,346,613,0
12577,346,571,0
12578,346,985,0
12579,346,537,0
12580,346,1110,0
12581,346,845,0
12582,346,258,0
12583,346,698,0
12584,346,383,0
12585,346,1023,0
12586,346,315,0
12587,346,1380,0
12588,346,807,0
12589,346,1343,0
12590,346,593,0
12591,346,645,0
12592,346,864,0
12593,346,932,0
12594,346,119,0
12595,346,869,0
12596,346,1186,0
12597,346,12,0
12598,346,1404,0
12599,346,1056,0
12600,346,649,0
12601,346,488,0
12602,346,1183,0
12603,346,1372,0
12604,346,1009,0
12605,346,419,0
12606,346,1045,0
12607,346,1373,0
12608,346,586,0
12609,346,1304,0
12610,346,1206,0
12611,346,86,0
12612,346,776,0
12613,346,786,0
12614,346,36,0
12615,346,988,0
12616,346,416,0
12617,346,715,0
12618,346,661,0
12619,346,989,0
12620,346,1174,0
12621,346,541,0
12622,346,179,0
12623,346,289,0
12624,346,614,0
12625,346,1189,0
12626,346,554,0
12627,346,125,0
12628,346,1052,0
12629,346,935,0
12630,346,1127,0
12631,346,37,0
12632,346,940,0
12633,346,203,0
12634,346,1268,0
12635,346,250,0
12636,346,122,0
12637,346,718,0
12638,346,1234,0
12639,346,153,0
12640,346,646,0
12641,346,545,0
12642,346,378,0
12643,346,515,0
12644,346,339,0
12645,346,310,0
12646,346,1076,0
12647,346,558,0
12648,346,57,0
12649,346,702,0
12650,346,15,0
12651,346,549,0
12652,346,317,0
12653,346,243,0
12654,346,461,0
12655,346,1302,0
12656,346,44,0
12657,346,1269,0
12658,346,194,0
12659,346,621,0
12660,346,206,0
12661,346,506,0
12662,346,427,0
12663,346,1230,0
12664,346,710,0
12665,346,1376,0
12666,346,824,0
12667,346,441,0
12668,346,1351,0
12669,346,1371,0
12670,346,570,0
12671,346,943,0
12672,346,688,0
12673,346,941,0
12674,346,913,0
12675,346,1290,0
12676,346,1360,0
12677,346,286,0
12678,346,269,0
12679,346,1250,0
12680,346,251,0
12681,346,262,0
12682,346,1352,0
12683,346,1367,0
12684,346,1096,0
12685,346,89,0
12686,346,903,0
12687,346,581,0
12688,346,669,0
12689,346,336,0
12690,346,682,0
12691,346,933,0
12692,346,115,0
12693,346,664,0
12694,346,1091,0
12695,346,1408,0
12696,346,859,0
12697,346,330,0
12698,346,367,0
12699,346,325,0
12700,346,1332,0
12701,346,736,0
12702,346,377,0
12703,346,1161,0
12704,346,95,0
12705,346,46,0
12706,346,151,0
12707,346,778,0
12708,346,386,0
12709,346,1141,0
12710,346,800,0
12711,346,455,0
12712,346,159,0
12713,346,1293,0
12714,346,572,0
12715,346,952,0
12716,346,356,0
12717,346,353,0
12718,346,1321,0
12719,346,963,0
12720,346,1094,0
12721,346,579,0
12722,346,520,0
12723,346,1333,0
12724,346,53,0
12725,346,400,0
12726,346,435,0
12727,346,1124,0
12728,346,1395,0
12729,346,361,0
12730,346,583,0
12731,346,1212,0
12732,346,838,0
12733,346,1157,0
12734,346,1006,0
12735,346,1111,0
12736,346,634,0
12737,346,1366,0
12738,346,751,0
12739,346,842,0
12740,346,51,0
12741,346,1310,0
12742,346,1156,0
12743,346,954,0
12744,346,380,0
12745,346,284,0
12746,346,815,0
12747,346,921,0
12748,346,161,0
12749,346,912,0
12750,346,467,0
12751,346,1303,0
12752,346,1061,0
12753,346,553,0
12754,346,1043,0
12755,346,792,0
12756,346,673,0
12757,346,422,0
12758,346,938,0
12759,346,841,0
12760,346,72,0
12761,346,219,0
12762,346,561,0
12763,346,181,0
12764,346,287,0
12765,346,1070,0
12766,346,87,0
12767,346,126,0
12768,346,142,0
12769,346,1016,0
12770,346,278,0
12771,346,76,0
12772,346,212,0
12773,346,164,0
12774,346,19,0
12775,346,1177,0
12776,346,1202,0
12777,346,816,0
12778,346,978,0
12779,346,1327,0
12780,346,738,0
12781,346,960,0
12782,346,675,0
12783,346,847,0
12784,346,222,0
12785,346,1338,0
12786,346,573,0
12787,346,1168,0
12788,346,706,0
12789,346,529,0
12790,346,709,0
12791,346,28,0
12792,346,1109,0
12793,346,397,0
12794,346,596,0
12795,346,474,0
12796,346,806,0
12797,346,723,0
12798,346,335,0
12799,346,491,0
12800,346,437,0
12801,346,922,0
12802,346,90,0
12803,346,947,0
12804,346,971,0
12805,346,1295,0
12806,346,364,0
12807,346,1103,0
12808,346,228,0
12809,346,6,0
12810,346,145,0
12811,346,1211,0
12812,346,189,0
12813,346,75,0
12814,346,373,0
12815,346,138,0
12816,346,980,0
12817,346,136,0
12818,346,740,0
12819,346,979,0
12820,346,637,0
12821,346,834,0
12822,346,745,0
12823,346,300,0
12824,346,735,0
12825,346,1222,0
12826,346,63,0
12827,346,1274,0
12828,346,782,0
12829,346,919,0
12830,346,226,0
12831,346,1176,0
12832,346,812,0
12833,346,38,0
12834,346,679,0
12835,346,260,0
12836,346,156,0
12837,346,0,0
12838,346,720,0
12839,346,238,0
12840,346,574,0
12841,346,929,0
12842,346,974,0
12843,346,30,0
12844,346,1219,0
12845,346,765,0
12846,346,114,0
12847,346,623,0
12848,346,966,0
12849,346,527,0
12850,346,405,0
12851,346,41,0
12852,346,539,0
12853,346,193,0
12854,346,531,0
12855,346,130,0
12856,346,1353,0
12857,346,352,0
12858,346,141,0
12859,346,992,0
12860,346,510,0
12861,346,683,0
12862,346,828,0
12863,346,885,0
12864,346,421,0
12865,346,910,0
12866,346,173,0
12867,346,990,0
12868,346,410,0
12869,346,340,0
12870,346,128,0
12871,346,384,0
12872,346,897,0
12873,346,1369,0
12874,346,423,0
12875,346,620,0
12876,346,372,0
12877,346,67,0
12878,346,1004,0
12879,346,829,0
12880,346,1095,0
12881,346,818,0
12882,346,716,0
12883,346,654,0
12884,346,10,0
12885,346,1384,0
12886,346,1179,0
12887,346,701,0
12888,346,854,0
12889,346,453,0
12890,346,639,0
12891,346,1284,0
12892,346,597,0
12893,346,413,0
12894,346,1031,0
12895,346,408,0
12896,346,94,0
12897,346,598,0
12898,346,39,0
12899,346,498,0
12900,346,393,0
12901,346,1340,0
12902,346,1246,0
12903,346,1142,0
12904,346,883,0
12905,346,835,0
12906,346,1252,0
12907,346,1256,0
12908,346,1319,0
12909,346,540,0
12910,346,100,0
12911,346,1039,0
12912,346,1278,0
12913,346,463,0
12914,346,900,0
12915,346,876,0
12916,346,781,0
12917,346,606,0
12918,346,61,0
12919,346,766,0
12920,346,471,0
12921,346,1166,0
12922,346,290,0
12923,346,188,0
12924,346,1160,0
12925,346,349,0
12926,346,1306,0
12927,346,690,0
12928,346,242,0
12929,346,577,0
12930,346,387,0
12931,346,685,0
12932,346,1036,0
12933,346,557,0
12934,346,795,0
12935,346,1317,0
12936,346,977,0
12937,346,546,0
12938,346,951,0
12939,346,93,0
12940,346,640,0
12941,346,915,0
12942,346,1283,0
12943,346,563,0
12944,346,458,0
12945,346,255,0
12946,346,1075,0
12947,346,1153,0
12948,346,787,0
12949,346,432,0
12950,346,1228,0
12951,346,265,0
12952,346,308,0
12953,346,908,0
12954,346,1215,0
12955,346,492,0
12956,346,74,0
12957,346,907,0
12958,346,298,0
12959,346,116,0
12960,346,955,0
12961,346,1105,0
12962,346,1038,0
12963,346,741,0
12964,346,1325,0
12965,346,1223,0
12966,346,1068,0
12967,346,1193,0
12968,346,1364,0
12969,346,464,0
12970,346,68,0
12971,346,354,0
12972,346,1345,0
12973,346,693,0
12974,346,1025,0
12975,346,1392,0
12976,346,1265,0
12977,346,201,0
12978,346,1288,0
12979,346,1347,0
12980,346,1277,0
12981,346,333,0
12982,346,521,0
12983,346,4,0
12984,346,780,0
12985,346,113,0
12986,346,699,0
12987,346,328,0
12988,346,694,0
12989,346,754,0
12990,346,1180,0
12991,346,1359,0
12992,346,276,0
12993,346,584,0
12994,346,836,0
12995,346,261,0
12996,346,1331,0
12997,346,905,0
12998,346,434,0
12999,346,1117,0
13000,346,901,0
13001,346,882,0
13002,346,214,0
13003,346,457,0
13004,346,696,0
13005,346,102,0
13006,346,760,0
13007,346,526,0
13008,346,1226,0
13009,346,1131,0
13010,346,398,0
13011,346,337,0
13012,346,833,0
13013,346,1158,0
13014,346,1323,0
13015,346,1010,0
13016,346,247,0
13017,346,879,0
13018,346,636,0
13019,346,1027,0
13020,346,3,0
13021,346,805,0
13022,346,1192,0
13023,346,796,0
13024,346,691,0
13025,346,1125,0
13026,346,1021,0
13027,346,1207,0
13028,346,1195,0
13029,346,544,0
13030,346,470,0
13031,346,396,0
13032,346,359,0
13033,346,591,0
13034,346,1169,0
13035,346,528,0
13036,346,101,0
13037,346,761,0
13038,346,135,0
13039,346,1201,0
13040,346,512,0
13041,346,714,0
13042,346,703,0
13043,346,157,0
13044,346,1082,0
13045,346,1058,0
13046,346,753,0
13047,346,197,0
13048,346,684,0
13049,346,1087,0
13050,346,1396,0
13051,346,858,0
13052,346,976,0
13053,346,1200,0
13054,346,452,0
13055,346,176,0
13056,346,371,0
13057,346,1128,0
13058,346,451,0
13059,346,127,0
13060,346,81,0
13061,346,1282,0
13062,346,1172,0
13063,346,1383,0
13064,346,513,0
13065,346,16,0
13066,346,1379,0
13067,346,91,0
13068,346,233,0
13069,346,525,0
13070,346,99,0
13071,346,343,0
13072,346,499,0
13073,346,1033,0
13074,346,1150,0
13075,346,200,0
13076,346,832,0
13077,346,523,0
13078,346,170,0
13079,346,1210,0
13080,346,168,0
13081,346,143,0
13082,346,257,0
13083,346,552,0
13084,346,609,0
13085,346,749,0
13086,346,984,0
13087,346,909,0
13088,346,743,0
13089,346,667,0
13090,346,733,0
13091,346,511,0
13092,346,768,0
13093,346,166,0
13094,346,375,0
13095,346,755,0
13096,346,594,0
13097,346,981,0
13098,346,1053,0
13099,346,183,0
13100,346,711,0
13101,346,504,0
13102,346,83,0
13103,346,245,0
13104,346,407,0
13105,346,774,0
13106,346,695,0
13107,346,1055,0
13108,346,704,0
13109,346,198,0
13110,346,996,0
13111,346,576,0
13112,346,162,0
13113,346,1261,0
13114,346,770,0
13115,346,849,0
13116,346,991,0
13117,346,207,0
13118,346,150,0
13119,346,1407,0
13120,346,642,0
13121,346,889,0
13122,346,983,0
13123,346,17,0
13124,346,569,0
13125,346,1270,0
13126,346,1255,0
13127,346,1337,0
13128,346,605,0
13129,346,589,0
13130,346,225,0
13131,346,896,0
13132,346,503,0
13133,346,1167,0
13134,346,1097,0
13135,346,418,0
13136,346,993,0
13137,346,1140,0
13138,346,764,0
13139,346,942,0
13140,346,1377,0
13141,346,472,0
13142,346,886,0
13143,346,931,0
13144,346,500,0
13145,346,592,0
13146,346,48,0
13147,346,1040,0
13148,346,802,0
13149,346,476,0
13150,346,1012,0
13151,346,967,0
13152,346,638,0
13153,346,208,0
13154,346,144,0
13155,346,1286,0
13156,346,7,0
13157,346,440,0
13158,346,1262,0
13159,346,158,0
13160,346,857,0
13161,346,303,0
13162,346,752,0
13163,346,291,0
13164,346,1245,0
13165,346,495,0
13166,346,288,0
13167,380,1172,0
13168,380,723,0
13169,380,494,0
13170,380,39,0
13171,380,941,0
13172,380,793,0
13173,380,1178,0
13174,380,31,0
13175,380,1162,0
13176,380,1363,0
13177,380,1328,0
13178,380,1186,0
13179,380,273,0
13180,380,782,0
13181,380,1143,0
13182,380,201,0
13183,380,146,0
13184,380,245,0
13185,380,487,0
13186,380,613,0
13187,380,163,0
13188,380,1131,0
13189,380,951,0
13190,380,64,0
13191,380,292,0
13192,380,1221,0
13193,380,263,0
13194,380,316,0
13195,380,555,0
13196,380,191,0
13197,380,442,0
13198,380,114,0
13199,380,1092,0
13200,380,1147,0
13201,380,377,0
13202,380,1046,0
13203,380,289,0
13204,380,247,0
13205,380,373,0
13206,380,275,0
13207,380,777,0
13208,380,149,0
13209,380,1125,0
13210,380,844,0
13211,380,1269,0
13212,380,516,0
13213,380,1011,0
13214,380,754,0
13215,380,771,0
13216,380,937,0
13217,380,304,0
13218,380,629,0
13219,380,1300,0
13220,380,1190,0
13221,380,647,0
13222,380,734,0
13223,380,889,0
13224,380,229,0
13225,380,567,0
13226,380,1061,0
13227,380,315,0
13228,380,432,0
13229,380,1187,0
13230,380,1052,0
13231,380,434,0
13232,380,430,0
13233,380,452,0
13234,380,98,0
13235,380,79,0
13236,380,1252,0
13237,380,1398,0
13238,380,154,0
13239,380,10,0
13240,380,839,0
13241,380,729,0
13242,380,367,0
13243,380,562,0
13244,380,946,0
13245,380,620,0
13246,380,927,0
13247,380,1338,0
13248,380,1181,0
13249,380,1316,0
13250,380,74,0
13251,380,286,0
13252,380,610,0
13253,380,1397,0
13254,380,829,0
13255,380,345,0
13256,380,640,0
13257,380,24,0
13258,380,1237,0
13259,380,1138,0
13260,380,497,0
13261,380,824,0
13262,380,1234,0
13263,380,580,0
13264,380,319,0
13265,380,1230,0
13266,380,219,0
13267,380,859,0
13268,380,841,0
13269,380,120,0
13270,380,1379,0
13271,380,680,0
13272,380,1034,0
13273,380,1408,0
13274,380,1174,0
13275,380,268,0
13276,380,1206,0
13277,380,360,0
13278,380,500,0
13279,380,358,0
13280,380,73,0
13281,380,588,0
13282,380,1054,0
13283,380,916,0
13284,380,490,0
13285,380,789,0
13286,380,827,0
13287,380,12,0
13288,380,14,0
13289,380,602,0
13290,380,931,0
13291,380,574,0
13292,380,875,0
13293,380,1211,0
13294,380,48,0
13295,380,127,0
13296,380,365,0
13297,380,877,0
13298,380,1290,0
13299,380,214,0
13300,380,19,0
13301,380,76,0
13302,380,1251,0
13303,380,1104,0
13304,380,787,0
13305,380,1129,0
13306,380,144,0
13307,380,30,0
13308,380,13,0
13309,380,605,0
13310,380,96,0
13311,380,964,0
13312,380,1057,0
13313,380,1118,0
13314,380,1266,0
13315,380,862,0
13316,380,583,0
13317,380,330,0
13318,380,1214,0
13319,380,609,0
13320,380,556,0
13321,380,1182,0
13322,380,1373,0
13323,380,869,0
13324,380,131,0
13325,380,1306,0
13326,380,417,0
13327,380,37,0
13328,380,733,0
13329,380,86,0
13330,380,591,0
13331,380,1132,0
13332,380,236,0
13333,380,676,0
13334,380,550,0
13335,380,216,0
13336,380,638,0
13337,380,1239,0
13338,380,1066,0
13339,380,276,0
13340,380,838,0
13341,380,873,0
13342,380,1152,0
13343,380,1291,0
13344,380,802,0
13345,380,1244,0
13346,380,95,0
13347,380,801,0
13348,380,756,0
13349,380,547,0
13350,380,590,0
13351,380,1324,0
13352,380,1042,0
13353,380,338,0
13354,380,616,0
13355,380,414,0
13356,380,1365,0
13357,380,606,0
13358,380,813,0
13359,380,1272,0
13360,380,675,0
13361,380,1362,0
13362,380,744,0
13363,380,686,0
13364,380,455,0
13365,380,362,0
13366,380,1101,0
13367,380,1393,0
13368,380,385,0
13369,380,387,0
13370,380,1097,0
13371,380,1225,0
13372,380,1377,0
13373,380,478,0
13374,380,830,0
13375,380,435,0
13376,380,53,0
13377,380,1224,0
13378,380,56,0
13379,380,866,0
13380,380,696,0
13381,380,966,0
13382,380,690,0
13383,380,509,0
13384,380,968,0
13385,380,1288,0
13386,380,1275,0
13387,380,274,0
13388,380,378,0
13389,380,691,0
13390,380,914,0
13391,380,1207,0
13392,380,1310,0
13393,380,1056,0
13394,380,1091,0
13395,380,337,0
13396,380,324,0
13397,380,465,0
13398,380,658,0
13399,380,1407,0
13400,380,766,0
13401,380,196,0
13402,380,1006,0
13403,380,1090,0
13404,380,116,0
13405,380,923,0
13406,380,20,0
13407,380,105,0
13408,380,611,0
13409,380,72,0
13410,380,642,0
13411,380,1013,0
13412,380,1051,0
13413,380,970,0
13414,380,1358,0
13415,380,984,0
13416,380,586,0
13417,380,952,0
13418,380,309,0
13419,380,422,0
13420,380,1390,0
13421,380,213,0
13422,380,682,0
13423,380,437,0
13424,380,168,0
13425,380,1330,0
13426,380,1271,0
13427,380,496,0
13428,380,971,0
13429,380,554,0
13430,380,220,0
13431,380,244,0
13432,380,251,0
13433,380,944,0
13434,380,369,0
13435,380,934,0
13436,380,709,0
13437,380,1257,0
13438,380,1173,0
13439,380,1342,0
13440,380,1184,0
13441,380,872,0
13442,380,258,0
13443,380,847,0
13444,380,1088,0
13445,380,881,0
13446,380,262,0
13447,380,656,0
13448,380,967,0
13449,380,88,0
13450,380,865,0
13451,380,80,0
13452,380,721,0
13453,380,706,0
13454,380,282,0
13455,380,1374,0
13456,380,525,0
13457,380,1160,0
13458,380,1341,0
13459,380,505,0
13460,380,1151,0
13461,380,940,0
13462,380,346,0
13463,380,1202,0
13464,380,62,0
13465,380,126,0
13466,380,1108,0
13467,380,447,0
13468,380,1196,0
13469,380,561,0
13470,380,731,0
13471,380,1372,0
13472,380,1083,0
13473,380,205,0
13474,380,713,0
13475,380,339,0
13476,380,448,0
13477,380,342,0
13478,380,1049,0
13479,380,819,0
13480,380,1035,0
13481,380,1219,0
13482,380,312,0
13483,380,462,0
13484,380,305,0
13485,380,393,0
13486,380,231,0
13487,380,1050,0
13488,380,1385,0
13489,380,78,0
13490,380,924,0
13491,380,172,0
13492,380,619,0
13493,380,707,0
13494,380,1039,0
13495,380,1352,0
13496,380,1386,0
13497,380,945,0
13498,380,795,0
13499,380,906,0
13500,380,747,0
13501,380,1170,0
13502,380,840,0
13503,380,295,0
13504,380,732,0
13505,380,549,0
13506,380,657,0
13507,380,533,0
13508,380,1378,0
13509,380,67,0
13510,380,52,0
13511,380,1289,0
13512,380,176,0
13513,380,854,0
13514,380,519,0
13515,380,1168,0
13516,380,112,0
13517,380,1059,0
13518,380,1079,0
13519,380,81,0
13520,380,134,0
13521,380,418,0
13522,380,1110,0
13523,380,1069,0
13524,380,537,0
13525,380,860,0
13526,380,438,0
13527,380,1400,0
13528,380,143,0
13529,380,699,0
13530,380,27,0
13531,380,1305,0
13532,380,1084,0
13533,380,322,0
13534,380,1388,0
13535,380,255,0
13536,380,390,0
13537,380,1302,0
13538,380,93,0
13539,380,189,0
13540,380,1282,0
13541,380,1135,0
13542,380,150,0
13543,380,1192,0
13544,380,1334,0
13545,380,1012,0
13546,380,571,0
13547,380,1142,0
13548,380,177,0
13549,380,389,0
13550,380,326,0
13551,380,464,0
13552,380,1155,0
13553,380,900,0
13554,380,545,0
13555,380,890,0
13556,380,1141,0
13557,380,396,0
13558,380,986,0
13559,380,882,0
13560,380,148,0
13561,380,188,0
13562,380,683,0
13563,380,552,0
13564,380,548,0
13565,380,166,0
13566,380,228,0
13567,380,1396,0
13568,380,812,0
13569,380,1085,0
13570,380,402,0
13571,380,1370,0
13572,380,1032,0
13573,380,601,0
13574,380,463,0
13575,380,310,0
13576,380,623,0
13577,380,618,0
13578,380,1100,0
13579,380,1017,0
13580,380,197,0
13581,380,135,0
13582,380,846,0
13583,380,1089,0
13584,380,1159,0
13585,380,742,0
13586,380,703,0
13587,380,477,0
13588,380,160,0
13589,380,399,0
13590,380,1077,0
13591,380,320,0
13592,380,1213,0
13593,380,822,0
13594,380,972,0
13595,380,336,0
13596,380,379,0
13597,380,406,0
13598,380,989,0
13599,380,592,0
13600,380,701,0
13601,380,788,0
13602,380,101,0
13603,380,1153,0
13604,380,520,0
13605,380,1314,0
13606,380,1337,0
13607,380,241,0
13608,380,363,0
13609,380,1000,0
13610,380,1120,0
13611,380,974,0
13612,380,55,0
13613,380,376,0
13614,380,983,0
13615,380,969,0
13616,380,296,0
13617,380,318,0
13618,380,469,0
13619,380,372,0
13620,380,1333,0
13621,380,475,0
13622,380,1253,0
13623,380,71,0
13624,380,524,0
13625,380,671,0
13626,380,272,0
13627,380,949,0
13628,380,1191,0
13629,380,466,0
13630,380,474,0
13631,380,1021,0
13632,380,157,0
13633,380,508,0
13634,380,450,0
13635,380,415,0
13636,380,215,0
13637,380,1297,0
13638,380,489,0
13639,380,87,0
13640,380,138,0
13641,380,145,0
13642,380,38,0
13643,380,158,0
13644,380,850,0
13645,380,17,0
13646,380,903,0
13647,380,384,0
13648,380,1296,0
13649,380,938,0
13650,380,1292,0
13651,380,695,0
13652,380,1023,0
13653,380,573,0
13654,380,225,0
13655,380,335,0
13656,380,1163,0
13657,380,1099,0
13658,380,1321,0
13659,380,1217,0
13660,380,558,0
13661,380,29,0
13662,380,198,0
13663,380,1236,0
13664,380,753,0
13665,380,700,0
13666,380,35,0
13667,380,248,0
13668,380,595,0
13669,380,156,0
13670,380,217,0
13671,380,769,0
13672,380,565,0
13673,380,763,0
13674,380,1194,0
13675,380,1318,0
13676,380,899,0
13677,380,540,0
13678,380,155,0
13679,380,223,0
13680,380,600,0
13681,380,1326,0
13682,380,648,0
13683,380,115,0
13684,380,604,0
13685,380,1002,0
13686,380,481,0
13687,380,411,0
13688,380,317,0
13689,380,1369,0
13690,380,743,0
13691,380,483,0
13692,380,1276,0
13693,380,1040,0
13694,380,1340,0
13695,380,355,0
13696,380,297,0
13697,380,681,0
13698,380,577,0
13699,380,630,0
13700,380,543,0
13701,380,674,0
13702,380,182,0
13703,380,242,0
13704,380,1058,0
13705,380,930,0
13706,380,833,0
13707,380,1060,0
13708,380,203,0
13709,380,639,0
13710,380,169,0
13711,380,409,0
13712,380,621,0
13713,380,895,0
13714,380,1368,0
13715,380,1247,0
13716,380,708,0
13717,380,207,0
13718,380,668,0
13719,380,1198,0
13720,380,51,0
13721,380,942,0
13722,380,382,0
13723,380,1205,0
13724,380,91,0
13725,380,1285,0
13726,380,467,0
13727,380,514,0
13728,380,42,0
13729,380,381,0
13730,380,582,0
13731,380,403,0
13732,380,1256,0
13733,380,1232,0
13734,380,277,0
13735,380,659,0
13736,380,41,0
13737,380,429,0
13738,380,991,0
13739,380,663,0
13740,380,1375,0
13741,380,121,0
13742,380,826,0
13743,380,901,0
13744,380,250,0
13745,380,622,0
13746,380,249,0
13747,380,4,0
13748,380,1235,0
13749,380,22,0
13750,380,791,0
13751,380,473,0
13752,380,99,0
13753,380,210,0
13754,380,1123,0
13755,380,993,0
13756,380,1308,0
13757,380,468,0
13758,380,1122,0
13759,380,413,0
13760,380,599,0
13761,380,92,0
13762,380,765,0
13763,380,199,0
13764,380,1144,0
13765,380,1030,0
13766,380,726,0
13767,380,461,0
13768,380,147,0
13769,380,1064,0
13770,380,1062,0
13771,380,398,0
13772,380,778,0
13773,380,1093,0
13774,380,636,0
13775,380,141,0
13776,380,820,0
13777,380,1387,0
13778,380,69,0
13779,380,1014,0
13780,380,1204,0
13781,380,1080,0
13782,380,1243,0
13783,380,347,0
13784,380,498,0
13785,380,943,0
13786,380,333,0
13787,380,612,0
13788,380,1241,0
13789,380,243,0
13790,380,165,0
13791,380,132,0
13792,380,581,0
13793,380,880,0
13794,380,566,0
13795,380,855,0
13796,380,232,0
13797,380,634,0
13798,380,575,0
13799,380,441,0
13800,380,816,0
13801,380,142,0
13802,380,436,0
13803,380,235,0
13804,380,370,0
13805,380,186,0
13806,380,584,0
13807,380,1286,0
13808,380,926,0
13809,380,626,0
13810,380,1281,0
13811,380,809,0
13812,380,1406,0
13813,380,918,0
13814,380,1345,0
13815,380,184,0
13816,380,361,0
13817,380,635,0
13818,380,1263,0
13819,380,323,0
13820,380,848,0
13821,380,992,0
13822,380,503,0
13823,380,234,0
13824,380,569,0
13825,380,678,0
13826,380,256,0
13827,380,1180,0
13828,380,334,0
13829,380,340,0
13830,380,348,0
13831,380,424,0
13832,380,506,0
13833,380,702,0
13834,380,227,0
13835,380,499,0
13836,380,110,0
13837,380,919,0
13838,380,113,0
13839,380,426,0
13840,380,1409,0
13841,380,125,0
13842,380,1371,0
13843,380,643,0
13844,380,328,0
13845,380,100,0
13846,380,375,0
13847,380,803,0
13848,380,456,0
13849,380,300,0
13850,380,457,0
13851,380,1193,0
13852,380,557,0
13853,380,459,0
13854,380,1405,0
13855,380,507,0
13856,380,306,0
13857,380,211,0
13858,380,1222,0
13859,380,913,0
13860,380,773,0
13861,380,932,0
13862,380,512,0
13863,380,863,0
13864,380,1353,0
13865,380,979,0
13866,380,978,0
13867,380,303,0
13868,380,1339,0
13869,380,1307,0
13870,380,89,0
13871,380,891,0
13872,380,344,0
13873,380,124,0
13874,380,645,0
13875,380,715,0
13876,380,1233,0
13877,380,302,0
13878,380,1215,0
13879,380,233,0
13880,380,1227,0
13881,380,351,0
13882,380,579,0
13883,380,698,0
13884,380,697,0
13885,380,1381,0
13886,380,240,0
13887,380,1347,0
13888,380,1078,0
13889,380,1070,0
13890,380,570,0
13891,380,209,0
13892,380,1166,0
13893,380,608,0
13894,380,751,0
13895,380,909,0
13896,380,2,0
13897,380,973,0
13898,380,954,0
13899,380,977,0
13900,380,760,0
13901,380,11,0
13902,380,711,0
13903,380,797,0
13904,380,366,0
13905,380,1293,0
13906,380,685,0
13907,380,757,0
13908,380,281,0
13909,380,1208,0
13910,380,728,0
13911,380,102,0
13912,380,1210,0
13913,380,1038,0
13914,380,780,0
13915,380,1154,0
13916,380,1025,0
13917,380,526,0
13918,380,129,0
13919,380,1255,0
13920,380,987,0
13921,380,1047,0
13922,380,535,0
13923,380,1218,0
13924,380,238,0
13925,380,46,0
13926,380,825,0
13927,380,405,0
13928,380,750,0
13929,380,796,0
13930,380,531,0
13931,380,1315,0
13932,380,925,0
13933,380,828,0
13934,380,1344,0
13935,380,781,0
13936,380,204,0
13937,380,194,0
13938,380,513,0
13939,380,1197,0
13940,380,963,0
13941,380,185,0
13942,380,1109,0
13943,380,694,0
13944,380,585,0
13945,380,528,0
13946,380,460,0
13947,380,831,0
13948,380,1124,0
13949,380,343,0
13950,380,374,0
13951,380,1106,0
13952,380,271,0
13953,380,1382,0
13954,380,1383,0
13955,380,1248,0
13956,380,1031,0
13957,380,6,0
13958,380,546,0
13959,380,523,0
13960,380,779,0
13961,380,1392,0
13962,380,1303,0
13963,380,123,0
13964,380,539,0
13965,380,651,0
13966,380,800,0
13967,380,912,0
13968,380,493,0
13969,380,1394,0
13970,380,1188,0
13971,380,1020,0
13972,380,559,0
13973,380,785,0
13974,380,1268,0
13975,380,440,0
13976,380,897,0
13977,380,18,0
13978,380,1226,0
13979,380,1140,0
13980,380,97,0
13981,380,1391,0
13982,380,1016,0
13983,380,1203,0
13984,380,1295,0
13985,380,75,0
13986,380,725,0
13987,380,482,0
13988,380,878,0
13989,380,687,0
13990,380,1278,0
13991,380,1036,0
13992,380,118,0
13993,380,805,0
13994,380,999,0
13995,380,32,0
13996,380,534,0
13997,380,948,0
13998,380,117,0
13999,380,957,0
14000,380,917,0
14001,380,852,0
14002,380,998,0
14003,380,331,0
14004,380,208,0
14005,380,746,0
14006,380,632,0
14007,380,1029,0
14008,380,804,0
14009,380,764,0
14010,380,488,0
14011,380,1111,0
14012,380,226,0
14013,380,449,0
14014,380,1044,0
14015,380,16,0
14016,380,1351,0
14017,380,652,0
14018,380,443,0
14019,380,254,0
14020,380,774,0
14021,380,90,0
14022,380,784,0
14023,380,1261,0
14024,380,1250,0
14025,380,130,0
14026,380,454,0
14027,380,1311,0
14028,380,884,0
14029,380,1113,0
14030,380,1150,0
14031,380,915,0
14032,380,267,0
14033,380,905,0
14034,380,5,0
14035,380,955,0
14036,380,705,0
14037,380,388,0
14038,380,394,0
14039,380,107,0
14040,380,1262,0
14041,380,180,0
14042,380,7,0
14043,380,837,0
14044,380,253,0
14045,380,246,0
14046,380,1260,0
14047,380,1270,0
14048,380,128,0
14049,380,83,0
14050,380,301,0
14051,380,1209,0
14052,380,1299,0
14053,380,288,0
14054,380,975,0
14055,380,492,0
14056,380,410,0
14057,380,1033,0
14058,380,996,0
14059,380,627,0
14060,380,887,0
14061,380,593,0
14062,380,981,0
14063,380,1053,0
14064,380,480,0
14065,380,202,0
14066,380,1137,0
14067,380,1267,0
14068,380,1320,0
14069,380,58,0
14070,380,688,0
14071,380,1319,0
14072,380,40,0
14073,380,109,0
14074,380,1171,0
14075,380,181,0
14076,380,959,0
14077,380,655,0
14078,380,61,0
14079,380,368,0
14080,380,1133,0
14081,380,1149,0
14082,380,1065,0
14083,380,1081,0
14084,380,920,0
14085,380,501,0
14086,380,294,0
14087,380,1119,0
14088,380,162,0
14089,380,1259,0
14090,380,835,0
14091,380,817,0
14092,380,1146,0
14093,380,1028,0
14094,380,371,0
14095,380,576,0
14096,380,1043,0
14097,380,910,0
14098,380,26,0
14099,380,1161,0
14100,380,799,0
14101,380,404,0
14102,380,280,0
14103,380,896,0
14104,380,1195,0
14105,380,814,0
14106,380,85,0
14107,380,956,0
14108,380,164,0
14109,380,1280,0
14110,444,399,0
14111,444,301,0
14112,444,584,0
14113,444,615,0
14114,444,1363,0
14115,444,1351,0
14116,444,93,0
14117,444,328,0
14118,444,974,0
14119,444,1183,0
14120,444,676,0
14121,444,822,0
14122,444,96,0
14123,444,1406,0
14124,444,1171,0
14125,444,430,0
14126,444,337,0
14127,444,345,0
14128,444,1022,0
14129,444,722,0
14130,444,831,0
14131,444,977,0
14132,444,871,0
14133,444,252,0
14134,444,193,0
14135,444,603,0
14136,444,1158,0
14137,444,1182,0
14138,444,874,0
14139,444,967,0
14140,444,695,0
14141,444,1264,0
14142,444,426,0
14143,444,407,0
14144,444,940,0
14145,444,1036,0
14146,444,482,0
14147,444,1120,0
14148,444,1343,0
14149,444,1098,0
14150,444,31,0
14151,444,744,0
14152,444,126,0
14153,444,628,0
14154,444,900,0
14155,444,839,0
14156,444,2,0
14157,444,1214,0
14158,444,295,0
14159,444,872,0
14160,444,1213,0
14161,444,880,0
14162,444,8,0
14163,444,1020,0
14164,444,1334,0
14165,444,569,0
14166,444,1393,0
14167,444,446,0
14168,444,165,0
14169,444,1220,0
14170,444,673,0
14171,444,1318,0
14172,444,572,0
14173,444,1218,0
14174,444,1248,0
14175,444,1205,0
14176,444,460,0
14177,444,936,0
14178,444,57,0
14179,444,939,0
14180,444,156,0
14181,444,763,0
14182,444,1046,0
14183,444,578,0
14184,444,1253,0
14185,444,792,0
14186,444,546,0
14187,444,443,0
14188,444,581,0
14189,444,1050,0
14190,444,1021,0
14191,444,549,0
14192,444,1094,0
14193,444,1188,0
14194,444,71,0
14195,444,973,0
14196,444,81,0
14197,444,113,0
14198,444,734,0
14199,444,48,0
14200,444,1324,0
14201,444,1147,0
14202,444,910,0
14203,444,102,0
14204,444,89,0
14205,444,324,0
14206,444,1277,0
14207,444,278,0
14208,444,166,0
14209,444,575,0
14210,444,468,0
14211,444,437,0
14212,444,303,0
14213,444,693,0
14214,444,202,0
14215,444,82,0
14216,444,92,0
14217,444,140,0
14218,444,1293,0
14219,444,941,0
14220,444,21,0
14221,444,507,0
14222,444,1184,0
14223,444,191,0
14224,444,1100,0
14225,444,1395,0
14226,444,286,0
14227,444,976,0
14228,444,1083,0
14229,444,239,0
14230,444,664,0
14231,444,1153,0
14232,444,210,0
14233,444,514,0
14234,444,712,0
14235,444,1397,0
14236,444,511,0
14237,444,101,0
14238,444,1291,0
14239,444,860,0
14240,444,79,0
14241,444,368,0
14242,444,748,0
14243,444,1140,0
14244,444,807,0
14245,444,754,0
14246,444,1279,0
14247,444,218,0
14248,444,981,0
14249,444,234,0
14250,444,1301,0
14251,444,395,0
14252,444,1075,0
14253,444,795,0
14254,444,1034,0
14255,444,644,0
14256,444,833,0
14257,444,223,0
14258,444,905,0
14259,444,847,0
14260,444,450,0
14261,444,240,0
14262,444,1111,0
14263,444,1276,0
14264,444,261,0
14265,444,594,0
14266,444,367,0
14267,444,378,0
14268,444,493,0
14269,444,205,0
14270,444,1134,0
14271,444,1179,0
14272,444,143,0
14273,444,1044,0
14274,444,436,0
14275,444,1000,0
14276,444,1358,0
14277,444,64,0
14278,444,417,0
14279,444,285,0
14280,444,620,0
14281,444,956,0
14282,444,735,0
14283,444,1286,0
14284,444,746,0
14285,444,1368,0
14286,444,1381,0
14287,444,775,0
14288,444,717,0
14289,444,478,0
14290,444,1002,0
14291,444,1129,0
14292,444,836,0
14293,444,500,0
14294,444,1126,0
14295,444,538,0
14296,444,429,0
14297,444,499,0
14298,444,817,0
14299,444,1038,0
14300,444,1192,0
14301,444,915,0
14302,444,204,0
14303,444,216,0
14304,444,1041,0
14305,444,1096,0
14306,444,1252,0
14307,444,416,0
14308,444,133,0
14309,444,1275,0
14310,444,1042,0
14311,444,827,0
14312,444,1202,0
14313,444,710,0
14314,444,313,0
14315,444,780,0
14316,444,785,0
14317,444,1180,0
14318,444,533,0
14319,444,540,0
14320,444,1246,0
14321,444,1157,0
14322,444,873,0
14323,444,269,0
14324,444,428,0
14325,444,254,0
14326,444,474,0
14327,444,232,0
14328,444,1043,0
14329,444,1109,0
14330,444,1309,0
14331,444,1362,0
14332,444,310,0
14333,444,83,0
14334,444,1015,0
14335,444,821,0
14336,444,1215,0
14337,444,164,0
14338,444,49,0
14339,444,1156,0
14340,444,1258,0
14341,444,559,0
14342,444,1177,0
14343,444,1338,0
14344,444,178,0
14345,444,1115,0
14346,444,454,0
14347,444,803,0
14348,444,198,0
14349,444,909,0
14350,444,890,0
14351,444,14,0
14352,444,810,0
14353,444,887,0
14354,444,1230,0
14355,444,1353,0
14356,444,1082,0
14357,444,1211,0
14358,444,62,0
14359,444,243,0
14360,444,391,0
14361,444,296,0
14362,444,531,0
14363,444,1385,0
14364,444,757,0
14365,444,263,0
14366,444,916,0
14367,444,247,0
14368,444,330,0
14369,444,248,0
14370,444,1108,0
14371,444,1066,0
14372,444,660,0
14373,444,1011,0
14374,444,718,0
14375,444,1010,0
14376,444,509,0
14377,444,1073,0
14378,444,104,0
14379,444,132,0
14380,444,340,0
14381,444,74,0
14382,444,1168,0
14383,444,528,0
14384,444,534,0
14385,444,520,0
14386,444,208,0
14387,444,604,0
14388,444,1352,0
14389,444,1282,0
14390,444,679,0
14391,444,840,0
14392,444,1407,0
14393,444,230,0
14394,444,496,0
14395,444,142,0
14396,444,1369,0
14397,444,372,0
14398,444,990,0
14399,444,678,0
14400,444,335,0
14401,444,1135,0
14402,444,957,0
14403,444,283,0
14404,444,765,0
14405,444,558,0
14406,444,312,0
14407,444,1198,0
14408,444,930,0
14409,444,797,0
14410,444,333,0
14411,444,729,0
14412,444,1076,0
14413,444,951,0
14414,444,1145,0
14415,444,145,0
14416,444,1238,0
14417,444,1314,0
14418,444,1289,0
14419,444,1119,0
14420,444,636,0
14421,444,1295,0
14422,444,536,0
14423,444,257,0
14424,444,723,0
14425,444,1088,0
14426,444,1014,0
14427,444,837,0
14428,444,90,0
14429,444,972,0
14430,444,39,0
14431,444,440,0
14432,444,896,0
14433,444,176,0
14434,444,1035,0
14435,444,44,0
14436,444,27,0
14437,444,122,0
14438,444,155,0
14439,444,601,0
14440,444,1186,0
14441,444,1112,0
14442,444,659,0
14443,444,276,0
14444,444,579,0
14445,444,1007,0
14446,444,535,0
14447,444,1060,0
14448,444,1404,0
14449,444,69,0
14450,444,387,0
14451,444,1319,0
14452,444,341,0
14453,444,1018,0
14454,444,665,0
14455,444,1325,0
14456,444,404,0
14457,444,917,0
14458,444,148,0
14459,444,409,0
14460,444,190,0
14461,444,834,0
14462,444,1058,0
14463,444,577,0
14464,444,952,0
14465,444,553,0
14466,444,1346,0
14467,444,1074,0
14468,444,715,0
14469,444,1237,0
14470,444,1339,0
14471,444,666,0
14472,444,864,0
14473,444,719,0
14474,444,648,0
14475,444,764,0
14476,444,914,0
14477,444,1013,0
14478,444,923,0
14479,444,139,0
14480,444,842,0
14481,444,124,0
14482,444,1123,0
14483,444,127,0
14484,444,732,0
14485,444,1025,0
14486,444,731,0
14487,444,194,0
14488,444,370,0
14489,444,911,0
14490,444,379,0
14491,444,619,0
14492,444,513,0
14493,444,1273,0
14494,444,1261,0
14495,444,826,0
14496,444,560,0
14497,444,1307,0
14498,444,596,0
14499,444,630,0
14500,444,55,0
14501,444,1194,0
14502,444,262,0
14503,444,935,0
14504,444,393,0
14505,444,1155,0
14506,444,91,0
14507,444,184,0
14508,444,727,0
14509,444,136,0
14510,444,999,0
14511,444,316,0
14512,444,181,0
14513,444,1344,0
14514,444,245,0
14515,444,336,0
14516,444,787,0
14517,444,1122,0
14518,444,116,0
14519,444,41,0
14520,444,1019,0
14521,444,42,0
14522,444,855,0
14523,444,1360,0
14524,444,489,0
14525,444,131,0
14526,444,770,0
14527,444,374,0
14528,444,1288,0
14529,444,235,0
14530,444,550,0
14531,444,591,0
14532,444,389,0
14533,444,382,0
14534,444,1039,0
14535,444,458,0
14536,444,0,0
14537,444,835,0
14538,444,756,0
14539,444,1366,0
14540,444,53,0
14541,444,745,0
14542,444,801,0
14543,444,1106,0
14544,444,613,0
14545,444,309,0
14546,444,185,0
14547,444,494,0
14548,444,503,0
14549,444,350,0
14550,444,153,0
14551,444,25,0
14552,444,418,0
14553,444,291,0
14554,444,475,0
14555,444,314,0
14556,444,791,0
14557,444,649,0
14558,444,1408,0
14559,444,1327,0
14560,444,779,0
14561,444,565,0
14562,444,268,0
14563,444,582,0
14564,444,969,0
14565,444,852,0
14566,444,196,0
14567,444,608,0
14568,444,1244,0
14569,444,526,0
14570,444,408,0
14571,444,547,0
14572,444,24,0
14573,444,485,0
14574,444,242,0
14575,444,1090,0
14576,444,238,0
14577,444,26,0
14578,444,530,0
14579,444,708,0
14580,444,226,0
14581,444,228,0
14582,444,622,0
14583,444,38,0
14584,444,233,0
14585,444,1228,0
14586,444,720,0
14587,444,1269,0
14588,444,627,0
14589,444,687,0
14590,444,60,0
14591,444,246,0
14592,444,250,0
14593,444,415,0
14594,444,1217,0
14595,444,1306,0
14596,444,1130,0
14597,444,452,0
14598,444,1302,0
14599,444,573,0
14600,444,1284,0
14601,444,172,0
14602,444,759,0
14603,444,638,0
14604,444,112,0
14605,444,809,0
14606,444,652,0
14607,444,929,0
14608,444,46,0
14609,444,1342,0
14610,444,908,0
14611,444,12,0
14612,444,934,0
14613,444,1208,0
14614,444,978,0
14615,444,611,0
14616,444,706,0
14617,444,487,0
14618,444,705,0
14619,444,987,0
14620,444,982,0
14621,444,1105,0
14622,444,1387,0
14623,444,948,0
14624,444,356,0
14625,444,383,0
14626,444,642,0
14627,444,7,0
14628,444,1274,0
14629,444,541,0
14630,444,698,0
14631,444,1116,0
14632,444,1241,0
14633,444,1370,0
14634,444,988,0
14635,444,886,0
14636,444,562,0
14637,444,448,0
14638,444,761,0
14639,444,556,0
14640,444,290,0
14641,444,943,0
14642,444,1232,0
14643,444,1144,0
14644,444,1377,0
14645,444,552,0
14646,444,960,0
14647,444,1037,0
14648,444,177,0
14649,444,1290,0
14650,444,467,0
14651,444,365,0
14652,444,1063,0
14653,444,162,0
14654,444,1113,0
14655,444,589,0
14656,444,445,0
14657,444,640,0
14658,444,1095,0
14659,444,1152,0
14660,444,311,0
14661,444,657,0
14662,444,616,0
14663,444,472,0
14664,444,704,0
14665,444,1193,0
14666,444,537,0
14667,444,32,0
14668,444,197,0
14669,444,602,0
14670,444,788,0
14671,444,965,0
14672,444,875,0
14673,444,1197,0
14674,444,87,0
14675,444,401,0
14676,444,1296,0
14677,444,18,0
14678,444,618,0
14679,444,28,0
14680,444,524,0
14681,444,265,0
14682,444,10,0
14683,444,1079,0
14684,444,1084,0
14685,444,709,0
14686,444,388,0
14687,444,486,0
14688,444,451,0
14689,444,1262,0
14690,444,159,0
14691,444,103,0
14692,444,1070,0
14693,444,1159,0
14694,444,631,0
14695,444,806,0
14696,444,1315,0
14697,444,707,0
14698,444,1160,0
14699,444,264,0
14700,444,767,0
14701,444,322,0
14702,444,802,0
14703,444,838,0
14704,444,1401,0
14705,444,574,0
14706,444,59,0
14707,444,1251,0
14708,444,691,0
14709,444,1195,0
14710,444,592,0
14711,444,814,0
14712,444,739,0
14713,444,1398,0
14714,444,377,0
14715,444,1131,0
14716,444,1396,0
14717,444,219,0
14718,444,1316,0
14719,444,1348,0
14720,444,800,0
14721,444,187,0
14722,444,1064,0
14723,444,519,0
14724,444,1212,0
14725,444,832,0
14726,444,1026,0
14727,444,209,0
14728,444,174,0
14729,444,846,0
14730,444,119,0
14731,444,605,0
14732,444,750,0
14733,444,167,0
14734,444,23,0
14735,444,1265,0
14736,444,1199,0
14737,444,760,0
14738,444,949,0
14739,444,396,0
14740,444,1402,0
14741,444,1216,0
14742,444,70,0
14743,444,1329,0
14744,444,502,0
14745,444,654,0
14746,444,224,0
14747,444,1224,0
14748,444,1367,0
14749,444,927,0
14750,444,865,0
14751,444,111,0
14752,444,358,0
14753,444,212,0
14754,444,1330,0
14755,444,600,0
14756,444,386,0
14757,444,701,0
14758,444,402,0
14759,444,457,0
14760,444,1285,0
14761,444,1032,0
14762,444,231,0
14763,444,307,0
14764,444,326,0
14765,444,703,0
14766,444,975,0
14767,444,867,0
14768,444,545,0
14769,444,726,0
14770,444,439,0
14771,444,315,0
14772,444,130,0
14773,444,881,0
14774,444,656,0
14775,444,410,0
14776,444,413,0
14777,444,563,0
14778,444,501,0
14779,444,1004,0
14780,444,986,0
14781,444,866,0
14782,444,88,0
14783,444,13,0
14784,444,859,0
14785,444,576,0
14786,444,1374,0
14787,444,1392,0
14788,444,1382,0
14789,444,1375,0
14790,444,542,0
14791,444,607,0
14792,444,1176,0
14793,444,334,0
14794,444,490,0
14795,444,431,0
14796,444,1337,0
14797,444,532,0
14798,444,895,0
14799,444,774,0
14800,444,488,0
14801,444,793,0
14802,444,692,0
14803,444,516,0
14804,444,849,0
14805,444,466,0
14806,444,590,0
14807,444,1185,0
14808,444,109,0
14809,444,308,0
14810,444,768,0
14811,444,1357,0
14812,444,947,0
14813,444,275,0
14814,444,203,0
14815,444,889,0
14816,444,599,0
14817,444,505,0
14818,444,221,0
14819,444,858,0
14820,444,525,0
14821,444,225,0
14822,444,980,0
14823,444,971,0
14824,444,1200,0
14825,444,170,0
14826,444,1072,0
14827,444,249,0
14828,444,492,0
14829,444,944,0
14830,444,1243,0
14831,444,1047,0
14832,444,637,0
14833,444,799,0
14834,444,1227,0
14835,444,338,0
14836,444,1077,0
14837,444,901,0
14838,444,483,0
14839,444,610,0
14840,444,50,0
14841,444,1139,0
14842,444,346,0
14843,444,1361,0
14844,444,214,0
14845,444,213,0
14846,444,674,0
14847,444,885,0
14848,444,344,0
14849,444,667,0
14850,444,6,0
14851,444,955,0
14852,444,1372,0
14853,444,15,0
14854,444,1189,0
14855,444,554,0
14856,444,899,0
14857,444,1280,0
14858,444,1379,0
14859,444,820,0
14860,444,154,0
14861,444,853,0
14862,444,961,0
14863,444,870,0
14864,444,964,0
14865,444,1148,0
14866,444,1136,0
14867,444,766,0
14868,444,1172,0
14869,444,420,0
14870,444,544,0
14871,444,876,0
14872,444,721,0
14873,444,199,0
14874,444,1065,0
14875,444,689,0
14876,444,928,0
14877,444,1175,0
14878,444,953,0
14879,444,1191,0
14880,444,606,0
14881,444,878,0
14882,444,1388,0
14883,444,1226,0
14884,444,1321,0
14885,444,302,0
14886,444,1062,0
14887,444,115,0
14888,444,824,0
14889,444,946,0
14890,444,266,0
14891,444,771,0
14892,444,1207,0
14893,444,267,0
14894,444,1249,0
14895,444,662,0
14896,444,588,0
14897,444,95,0
14898,444,647,0
14899,444,421,0
14900,444,300,0
14901,444,1087,0
14902,444,108,0
14903,444,134,0
14904,444,521,0
14905,444,597,0
14906,444,1149,0
14907,444,284,0
14908,444,305,0
14909,444,45,0
14910,444,738,0
14911,444,217,0
14912,444,106,0
14913,444,422,0
14914,444,289,0
14915,444,35,0
14916,444,169,0
14917,444,1210,0
14918,444,22,0
14919,444,681,0
14920,444,1138,0
14921,444,1027,0
14922,444,47,0
14923,444,435,0
14924,444,938,0
14925,444,996,0
14926,444,287,0
14927,444,491,0
14928,444,497,0
14929,444,716,0
14930,444,366,0
14931,444,220,0
14932,444,424,0
14933,444,118,0
14934,444,398,0
14935,444,893,0
14936,444,29,0
14937,444,879,0
14938,444,1322,0
14939,444,149,0
14940,444,347,0
14941,444,892,0
14942,444,925,0
14943,444,1229,0
14944,444,188,0
14945,444,907,0
14946,444,1024,0
14947,444,11,0
14948,444,653,0
14949,444,163,0
14950,444,1223,0
14951,444,260,0
14952,444,272,0
14953,444,1323,0
14954,444,294,0
14955,444,730,0
14956,444,357,0
14957,444,51,0
14958,444,1399,0
14959,444,1209,0
14960,444,1219,0
14961,444,1124,0
14962,444,473,0
14963,444,1310,0
14964,444,1125,0
14965,444,80,0
14966,444,724,0
14967,444,857,0
14968,444,1371,0
14969,444,512,0
14970,444,587,0
14971,444,612,0
14972,444,441,0
14973,444,99,0
14974,444,1031,0
14975,444,758,0
14976,444,279,0
14977,444,813,0
14978,444,498,0
14979,444,1017,0
14980,444,306,0
14981,444,798,0
14982,444,40,0
14983,444,918,0
14984,444,293,0
14985,444,355,0
14986,444,201,0
14987,444,384,0
14988,444,360,0
14989,444,1313,0
14990,444,1146,0
14991,444,1137,0
14992,444,1233,0
14993,444,926,0
14994,444,1254,0
14995,444,1305,0
14996,444,397,0
14997,444,361,0
14998,444,256,0
14999,444,566,0
15000,444,1067,0
15001,444,151,0
15002,444,1091,0
15003,444,1247,0
15004,444,680,0
15005,444,991,0
15006,444,128,0
15007,444,67,0
15008,444,1225,0
15009,444,1201,0
15010,444,1118,0
15011,444,1328,0
15012,444,772,0
15013,444,851,0
15014,444,661,0
15015,444,805,0
15016,444,138,0
15017,444,912,0
15018,444,643,0
15019,444,994,0
15020,444,1068,0
15021,444,141,0
15022,444,1078,0
15023,444,3,0
15024,444,685,0
15025,444,1294,0
15026,444,523,0
15027,444,325,0
15028,444,854,0
15029,444,1283,0
15030,444,110,0
15031,444,1384,0
15032,444,385,0
15033,444,1391,0
15034,444,850,0
15035,444,515,0
15036,444,635,0
15037,444,380,0
15038,444,650,0
15039,444,527,0
15040,444,406,0
15041,444,484,0
15042,444,319,0
15043,444,459,0
15044,444,222,0
15045,444,1311,0
15046,444,463,0
15047,444,1235,0
15048,444,733,0
15049,444,919,0
15050,444,1347,0
15051,444,207,0
15052,444,1376,0
15053,525,526,0
15054,525,1340,0
15055,525,309,0
15056,525,352,0
15057,525,71,0
15058,525,979,0
15059,525,523,0
15060,525,490,0
15061,525,741,0
15062,525,676,0
15063,525,1224,0
15064,525,477,0
15065,525,621,0
15066,525,1004,0
15067,525,1180,0
15068,525,148,0
15069,525,965,0
15070,525,893,0
15071,525,1239,0
15072,525,868,0
15073,525,561,0
15074,525,1397,0
15075,525,921,0
15076,525,589,0
15077,525,3,0
15078,525,727,0
15079,525,530,0
15080,525,531,0
15081,525,976,0
15082,525,107,0
15083,525,114,0
15084,525,544,0
15085,525,962,0
15086,525,1368,0
15087,525,358,0
15088,525,784,0
15089,525,164,0
15090,525,596,0
15091,525,1343,0
15092,525,1184,0
15093,525,899,0
15094,525,390,0
15095,525,851,0
15096,525,257,0
15097,525,1293,0
15098,525,154,0
15099,525,87,0
15100,525,1328,0
15101,525,1096,0
15102,525,860,0
15103,525,1402,0
15104,525,132,0
15105,525,989,0
15106,525,1163,0
15107,525,44,0
15108,525,218,0
15109,525,252,0
15110,525,275,0
15111,525,290,0
15112,525,1006,0
15113,525,916,0
15114,525,891,0
15115,525,119,0
15116,525,1369,0
15117,525,636,0
15118,525,347,0
15119,525,92,0
15120,525,441,0
15121,525,1362,0
15122,525,23,0
15123,525,960,0
15124,525,1148,0
15125,525,978,0
15126,525,1078,0
15127,525,787,0
15128,525,836,0
15129,525,1318,0
15130,525,1207,0
15131,525,356,0
15132,525,1018,0
15133,525,170,0
15134,525,745,0
15135,525,904,0
15136,525,909,0
15137,525,1274,0
15138,525,993,0
15139,525,597,0
15140,525,1227,0
15141,525,36,0
15142,525,742,0
15143,525,401,0
15144,525,200,0
15145,525,369,0
15146,525,1075,0
15147,525,873,0
15148,525,1150,0
15149,525,842,0
15150,525,83,0
15151,525,870,0
15152,525,945,0
15153,525,548,0
15154,525,564,0
15155,525,558,0
15156,525,740,0
15157,525,69,0
15158,525,454,0
15159,525,306,0
15160,525,321,0
15161,525,616,0
15162,525,887,0
15163,525,237,0
15164,525,145,0
15165,525,481,0
15166,525,110,0
15167,525,268,0
15168,525,801,0
15169,525,675,0
15170,525,452,0
15171,525,403,0
15172,525,1101,0
15173,525,10,0
15174,525,308,0
15175,525,1398,0
15176,525,838,0
15177,525,365,0
15178,525,553,0
15179,525,757,0
15180,525,204,0
15181,525,1022,0
15182,525,6,0
15183,525,1196,0
15184,525,813,0
15185,525,687,0
15186,525,760,0
15187,525,175,0
15188,525,684,0
15189,525,777,0
15190,525,1202,0
15191,525,1124,0
15192,525,1065,0
15193,525,178,0
15194,525,790,0
15195,525,1203,0
15196,525,1160,0
15197,525,805,0
15198,525,877,0
15199,525,95,0
15200,525,173,0
15201,525,406,0
15202,525,357,0
15203,525,1390,0
15204,525,946,0
15205,525,191,0
15206,525,640,0
15207,525,1188,0
15208,525,504,0
15209,525,333,0
15210,525,1139,0
15211,525,112,0
15212,525,930,0
15213,525,984,0
15214,525,448,0
15215,525,1310,0
15216,525,669,0
15217,525,163,0
15218,525,12,0
15219,525,1057,0
15220,525,176,0
15221,525,1275,0
15222,525,151,0
15223,525,1283,0
15224,525,580,0
15225,525,111,0
15226,525,546,0
15227,525,1178,0
15228,525,1069,0
15229,525,407,0
15230,525,1056,0
15231,525,1309,0
15232,525,264,0
15233,525,1299,0
15234,525,670,0
15235,525,708,0
15236,525,16,0
15237,525,1050,0
15238,525,1027,0
15239,525,1392,0
15240,525,1272,0
15241,525,618,0
15242,525,214,0
15243,525,1254,0
15244,525,509,0
15245,525,160,0
15246,525,510,0
15247,525,1334,0
15248,525,52,0
15249,525,1385,0
15250,525,788,0
15251,525,1167,0
15252,525,475,0
15253,525,845,0
15254,525,1263,0
15255,525,517,0
15256,525,1133,0
15257,525,168,0
15258,525,739,0
15259,525,35,0
15260,525,1221,0
15261,525,1323,0
15262,525,623,0
15263,525,227,0
15264,525,24,0
15265,525,712,0
15266,525,1348,0
15267,525,713,0
15268,525,1042,0
15269,525,1175,0
15270,525,533,0
15271,525,317,0
15272,525,703,0
15273,525,1190,0
15274,525,371,0
15275,525,892,0
15276,525,858,0
15277,525,1013,0
15278,525,1226,0
15279,525,1052,0
15280,525,1225,0
15281,525,25,0
15282,525,1277,0
15283,525,810,0
15284,525,1387,0
15285,525,520,0
15286,525,97,0
15287,525,22,0
15288,525,1030,0
15289,525,1375,0
15290,525,1040,0
15291,525,330,0
15292,525,222,0
15293,525,583,0
15294,525,1300,0
15295,525,493,0
15296,525,915,0
15297,525,1335,0
15298,525,568,0
15299,525,885,0
15300,525,171,0
15301,525,9,0
15302,525,821,0
15303,525,1393,0
15304,525,781,0
15305,525,592,0
15306,525,1072,0
15307,525,1320,0
15308,525,1357,0
15309,525,1064,0
15310,525,1247,0
15311,525,869,0
15312,525,700,0
15313,525,393,0
15314,525,1257,0
15315,525,258,0
15316,525,455,0
15317,525,294,0
15318,525,399,0
15319,525,718,0
15320,525,1311,0
15321,525,723,0
15322,525,610,0
15323,525,1268,0
15324,525,286,0
15325,525,574,0
15326,525,65,0
15327,525,515,0
15328,525,434,0
15329,525,694,0
15330,525,866,0
15331,525,1058,0
15332,525,652,0
15333,525,900,0
15334,525,863,0
15335,525,970,0
15336,525,864,0
15337,525,238,0
15338,525,931,0
15339,525,659,0
15340,525,21,0
15341,525,963,0
15342,525,397,0
15343,525,1273,0
15344,525,738,0
15345,525,1076,0
15346,525,442,0
15347,525,1165,0
15348,525,277,0
15349,525,1344,0
15350,525,183,0
15351,525,1355,0
15352,525,600,0
15353,525,77,0
15354,525,1324,0
15355,525,1020,0
15356,525,1046,0
15357,525,1216,0
15358,525,1000,0
15359,525,590,0
15360,525,929,0
15361,525,408,0
15362,525,1039,0
15363,525,605,0
15364,525,657,0
15365,525,1051,0
15366,525,497,0
15367,525,1304,0
15368,525,1193,0
15369,525,1388,0
15370,525,954,0
15371,525,867,0
15372,525,631,0
15373,525,341,0
15374,525,94,0
15375,525,508,0
15376,525,201,0
15377,525,75,0
15378,525,280,0
15379,525,1206,0
15380,525,680,0
15381,525,736,0
15382,525,912,0
15383,525,53,0
15384,525,1229,0
15385,525,617,0
15386,525,398,0
15387,525,337,0
15388,525,304,0
15389,525,699,0
15390,525,1400,0
15391,525,521,0
15392,525,611,0
15393,525,717,0
15394,525,793,0
15395,525,683,0
15396,525,215,0
15397,525,648,0
15398,525,45,0
15399,525,332,0
15400,525,433,0
15401,525,721,0
15402,525,144,0
15403,525,374,0
15404,525,1233,0
15405,525,1023,0
15406,525,273,0
15407,525,609,0
15408,525,1141,0
15409,525,47,0
15410,525,779,0
15411,525,1358,0
15412,525,1118,0
15413,525,766,0
15414,525,1303,0
15415,525,1166,0
15416,525,780,0
15417,525,532,0
15418,525,549,0
15419,525,447,0
15420,525,0,0
15421,525,1041,0
15422,525,1038,0
15423,525,423,0
15424,525,310,0
15425,525,1111,0
15426,525,351,0
15427,525,1152,0
15428,525,345,0
15429,525,271,0
15430,525,466,0
15431,525,835,0
15432,525,879,0
15433,525,1157,0
15434,525,372,0
15435,525,1079,0
15436,525,853,0
15437,525,383,0
15438,525,313,0
15439,525,155,0
15440,525,819,0
15441,525,1249,0
15442,525,551,0
15443,525,1346,0
15444,525,185,0
15445,525,903,0
15446,525,422,0
15447,525,998,0
15448,525,886,0
15449,525,96,0
15450,525,964,0
15451,525,730,0
15452,525,368,0
15453,525,1259,0
15454,525,644,0
15455,525,471,0
15456,525,85,0
15457,525,567,0
15458,525,1235,0
15459,525,794,0
15460,525,957,0
15461,525,1016,0
15462,525,940,0
15463,525,150,0
15464,525,1115,0
15465,525,1083,0
15466,525,88,0
15467,525,1093,0
15468,525,889,0
15469,525,599,0
15470,525,1156,0
15471,525,59,0
15472,525,981,0
15473,525,232,0
15474,525,1361,0
15475,525,322,0
15476,525,1394,0
15477,525,1313,0
15478,525,99,0
15479,525,668,0
15480,525,619,0
15481,525,1119,0
15482,525,505,0
15483,525,1256,0
15484,525,292,0
15485,525,249,0
15486,525,524,0
15487,525,663,0
15488,525,753,0
15489,525,1217,0
15490,525,152,0
15491,525,460,0
15492,525,645,0
15493,525,927,0
15494,525,1194,0
15495,525,522,0
15496,525,431,0
15497,525,187,0
15498,525,1135,0
15499,525,752,0
15500,525,674,0
15501,525,795,0
15502,525,538,0
15503,525,68,0
15504,525,1237,0
15505,525,797,0
15506,525,841,0
15507,525,816,0
15508,525,127,0
15509,525,430,0
15510,525,1088,0
15511,525,874,0
15512,525,438,0
15513,525,1280,0
15514,525,901,0
15515,525,769,0
15516,525,418,0
15517,525,429,0
15518,525,495,0
15519,525,686,0
15520,525,968,0
15521,525,445,0
15522,525,949,0
15523,525,1128,0
15524,525,153,0
15525,525,905,0
15526,525,729,0
15527,525,1284,0
15528,525,216,0
15529,525,1370,0
15530,525,1339,0
15531,525,997,0
15532,525,20,0
15533,525,61,0
15534,525,982,0
15535,525,189,0
15536,525,1012,0
15537,525,556,0
15538,525,1212,0
15539,525,385,0
15540,525,1349,0
15541,525,79,0
15542,525,746,0
15543,525,1053,0
15544,525,822,0
15545,525,786,0
15546,525,1209,0
15547,525,120,0
15548,525,1214,0
15549,525,973,0
15550,525,720,0
15551,525,1082,0
15552,525,1337,0
15553,525,427,0
15554,525,395,0
15555,525,8,0
15556,525,323,0
15557,525,91,0
15558,525,316,0
15559,525,251,0
15560,525,169,0
15561,525,1169,0
15562,525,894,0
15563,525,1168,0
15564,525,165,0
15565,525,827,0
15566,525,458,0
15567,525,673,0
15568,525,534,0
15569,525,486,0
15570,525,1132,0
15571,525,802,0
15572,525,1066,0
15573,525,1044,0
15574,525,803,0
15575,525,464,0
15576,525,1215,0
15577,525,850,0
15578,525,444,0
15579,525,300,0
15580,525,255,0
15581,525,30,0
15582,525,588,0
15583,525,772,0
15584,525,577,0
15585,525,1189,0
15586,525,1244,0
15587,525,883,0
15588,525,955,0
15589,525,226,0
15590,525,1356,0
15591,525,503,0
15592,525,1091,0
15593,525,1219,0
15594,525,207,0
15595,525,1408,0
15596,525,37,0
15597,525,56,0
15598,525,641,0
15599,525,1154,0
15600,525,269,0
15601,525,715,0
15602,525,578,0
15603,525,843,0
15604,525,1301,0
15605,525,1360,0
15606,525,129,0
15607,525,270,0
15608,525,101,0
15609,525,440,0
15610,525,958,0
15611,525,906,0
15612,525,1120,0
15613,525,1105,0
15614,525,1074,0
15615,525,576,0
15616,525,1255,0
15617,525,818,0
15618,525,49,0
15619,525,846,0
15620,525,1159,0
15621,525,143,0
15622,525,719,0
15623,525,871,0
15624,525,664,0
15625,525,938,0
15626,525,528,0
15627,525,1103,0
15628,525,642,0
15629,525,63,0
15630,525,123,0
15631,525,1043,0
15632,525,473,0
15633,525,220,0
15634,525,130,0
15635,525,956,0
15636,525,666,0
15637,525,1071,0
15638,525,811,0
15639,525,1062,0
15640,525,1407,0
15641,525,545,0
15642,525,1282,0
15643,525,233,0
15644,525,234,0
15645,525,314,0
15646,525,1179,0
15647,525,688,0
15648,525,1341,0
15649,525,2,0
15650,525,943,0
15651,525,685,0
15652,525,602,0
15653,525,4,0
15654,525,709,0
15655,525,254,0
15656,525,1308,0
15657,525,424,0
15658,525,1087,0
15659,525,417,0
15660,525,872,0
15661,525,1366,0
15662,525,856,0
15663,525,461,0
15664,525,1116,0
15665,525,550,0
15666,525,678,0
15667,525,453,0
15668,525,902,0
15669,525,179,0
15670,525,236,0
15671,525,287,0
15672,525,409,0
15673,525,791,0
15674,525,158,0
15675,525,875,0
15676,525,343,0
15677,525,830,0
15678,525,665,0
15679,525,462,0
15680,525,626,0
15681,525,914,0
15682,525,125,0
15683,525,967,0
15684,525,941,0
15685,525,1250,0
15686,525,1403,0
15687,525,1314,0
15688,525,950,0
15689,525,1230,0
15690,525,799,0
15691,525,340,0
15692,525,604,0
15693,525,658,0
15694,525,235,0
15695,525,414,0
15696,525,180,0
15697,525,942,0
15698,525,98,0
15699,525,1347,0
15700,525,1287,0
15701,525,380,0
15702,525,1002,0
15703,525,1245,0
15704,525,762,0
15705,525,1034,0
15706,525,1185,0
15707,525,34,0
15708,525,1199,0
15709,525,439,0
15710,525,139,0
15711,525,167,0
15712,525,279,0
15713,525,196,0
15714,525,820,0
15715,525,1319,0
15716,525,1048,0
15717,525,1271,0
15718,525,624,0
15719,525,479,0
15720,525,451,0
15721,525,825,0
15722,525,775,0
15723,525,1363,0
15724,525,117,0
15725,525,344,0
15726,525,689,0
15727,525,1005,0
15728,525,529,0
15729,525,971,0
15730,525,419,0
15731,525,86,0
15732,525,1026,0
15733,525,1242,0
15734,525,446,0
15735,525,731,0
15736,525,639,0
15737,525,552,0
15738,525,725,0
15739,525,1211,0
15740,525,203,0
15741,525,425,0
15742,525,744,0
15743,525,716,0
15744,525,734,0
15745,525,205,0
15746,525,43,0
15747,525,587,0
15748,525,305,0
15749,525,650,0
15750,525,656,0
15751,525,783,0
15752,525,1264,0
15753,525,1107,0
15754,525,625,0
15755,525,485,0
15756,525,897,0
15757,525,31,0
15758,525,436,0
15759,525,774,0
15760,525,671,0
15761,525,773,0
15762,525,136,0
15763,525,829,0
15764,525,1405,0
15765,525,540,0
15766,525,928,0
15767,525,229,0
15768,525,468,0
15769,525,513,0
15770,525,581,0
15771,525,496,0
15772,525,1186,0
15773,525,815,0
15774,525,591,0
15775,525,134,0
15776,525,980,0
15777,525,172,0
15778,525,33,0
15779,525,118,0
15780,525,263,0
15781,525,364,0
15782,525,1036,0
15783,525,844,0
15784,525,598,0
15785,525,211,0
15786,525,367,0
15787,525,27,0
15788,525,792,0
15789,525,192,0
15790,525,840,0
15791,525,18,0
15792,525,360,0
15793,525,1017,0
15794,525,728,0
15795,525,756,0
15796,525,1081,0
15797,525,17,0
15798,525,632,0
15799,525,261,0
15800,525,1200,0
15801,525,751,0
15802,525,755,0
15803,525,702,0
15804,525,654,0
15805,525,701,0
15806,525,878,0
15807,525,1151,0
15808,525,405,0
15809,525,1208,0
15810,525,926,0
15811,525,284,0
15812,525,288,0
15813,525,994,0
15814,525,1327,0
15815,525,782,0
15816,525,1359,0
15817,525,512,0
15818,525,1381,0
15819,525,476,0
15820,525,1001,0
15821,525,181,0
15822,525,449,0
15823,525,1035,0
15824,525,613,0
15825,525,198,0
15826,525,1345,0
15827,525,1240,0
15828,525,239,0
15829,525,881,0
15830,525,661,0
15831,525,162,0
15832,525,1029,0
15833,525,1338,0
15834,525,435,0
15835,525,1085,0
15836,525,691,0
15837,525,991,0
15838,525,1253,0
15839,525,554,0
15840,525,450,0
15841,525,579,0
15842,525,1379,0
15843,525,265,0
15844,525,947,0
15845,525,1070,0
15846,525,1260,0
15847,525,1174,0
15848,525,939,0
15849,525,1261,0
15850,525,706,0
15851,525,919,0
15852,525,1110,0
15853,525,714,0
15854,525,412,0
15855,525,1218,0
15856,525,807,0
15857,525,896,0
15858,525,1279,0
15859,525,834,0
15860,525,1252,0
15861,525,995,0
15862,525,331,0
15863,525,443,0
15864,525,1112,0
15865,525,584,0
15866,525,500,0
15867,525,78,0
15868,525,692,0
15869,525,1098,0
15870,525,84,0
15871,525,291,0
15872,525,1100,0
15873,525,1045,0
15874,525,289,0
15875,525,51,0
15876,525,100,0
15877,525,662,0
15878,525,1342,0
15879,525,961,0
15880,525,1126,0
15881,525,923,0
15882,525,571,0
15883,525,1114,0
15884,525,387,0
15885,525,1123,0
15886,525,404,0
15887,525,223,0
15888,525,826,0
15889,525,1204,0
15890,525,634,0
15891,525,1373,0
15892,525,1176,0
15893,525,542,0
15894,525,208,0
15895,525,366,0
15896,525,60,0
15897,525,798,0
15898,525,1077,0
15899,525,334,0
15900,525,1395,0
15901,525,72,0
15902,525,643,0
15903,525,487,0
15904,525,1037,0
15905,525,14,0
15906,525,1406,0
15907,525,1187,0
15908,525,638,0
15909,525,1295,0
15910,525,302,0
15911,525,244,0
15912,525,1068,0
15913,525,649,0
15914,525,986,0
15915,525,1210,0
15916,525,202,0
15917,525,124,0
15918,525,1380,0
15919,525,1192,0
15920,525,1307,0
15921,525,1404,0
15922,525,560,0
15923,525,655,0
15924,525,585,0
15925,525,195,0
15926,525,115,0
15927,525,948,0
15928,525,478,0
15929,525,188,0
15930,525,54,0
15931,525,999,0
15932,525,103,0
15933,525,184,0
15934,525,572,0
15935,525,1289,0
15936,525,511,0
15937,525,40,0
15938,525,778,0
15939,525,917,0
15940,525,89,0
15941,525,748,0
15942,525,932,0
15943,525,66,0
15944,525,1231,0
15945,525,635,0
15946,525,467,0
15947,525,245,0
15948,525,48,0
15949,525,682,0
15950,525,1092,0
15951,525,15,0
15952,525,384,0
15953,525,221,0
15954,525,974,0
15955,525,953,0
15956,525,230,0
15957,525,492,0
15958,525,213,0
15959,525,1294,0
15960,525,1286,0
15961,525,13,0
15962,525,142,0
15963,525,225,0
15964,525,206,0
15965,525,299,0
15966,525,104,0
15967,525,726,0
15968,525,1182,0
15969,525,32,0
15970,525,1352,0
15971,525,382,0
15972,591,134,0
15973,591,132,0
15974,591,1166,0
15975,591,153,0
15976,591,1152,0
15977,591,506,0
15978,591,271,0
15979,591,585,0
15980,591,822,0
15981,591,164,0
15982,591,1168,0
15983,591,911,0
15984,591,837,0
15985,591,899,0
15986,591,371,0
15987,591,1236,0
15988,591,455,0
15989,591,686,0
15990,591,637,0
15991,591,1391,0
15992,591,1088,0
15993,591,1019,0
15994,591,398,0
15995,591,1111,0
15996,591,1299,0
15997,591,850,0
15998,591,1311,0
15999,591,803,0
16000,591,807,0
16001,591,648,0
16002,591,768,0
16003,591,1380,0
16004,591,1050,0
16005,591,242,0
16006,591,1277,0
16007,591,794,0
16008,591,221,0
16009,591,740,0
16010,591,219,0
16011,591,1329,0
16012,591,460,0
16013,591,309,0
16014,591,587,0
16015,591,113,0
16016,591,579,0
16017,591,764,0
16018,591,843,0
16019,591,155,0
16020,591,1122,0
16021,591,362,0
16022,591,1200,0
16023,591,578,0
16024,591,952,0
16025,591,967,0
16026,591,179,0
16027,591,152,0
16028,591,1023,0
16029,591,433,0
16030,591,273,0
16031,591,266,0
16032,591,314,0
16033,591,1332,0
16034,591,992,0
16035,591,1324,0
16036,591,679,0
16037,591,888,0
16038,591,841,0
16039,591,411,0
16040,591,772,0
16041,591,1078,0
16042,591,696,0
16043,591,576,0
16044,591,512,0
16045,591,211,0
16046,591,456,0
16047,591,1407,0
16048,591,41,0
16049,591,439,0
16050,591,1136,0
16051,591,1331,0
16052,591,1145,0
16053,591,258,0
16054,591,228,0
16055,591,688,0
16056,591,415,0
16057,591,737,0
16058,591,771,0
16059,591,322,0
16060,591,1225,0
16061,591,640,0
16062,591,898,0
16063,591,1365,0
16064,591,1153,0
16065,591,790,0
16066,591,26,0
16067,591,694,0
16068,591,870,0
16069,591,1259,0
16070,591,940,0
16071,591,968,0
16072,591,1254,0
16073,591,616,0
16074,591,603,0
16075,591,509,0
16076,591,1160,0
16077,591,714,0
16078,591,1314,0
16079,591,305,0
16080,591,1255,0
16081,591,176,0
16082,591,983,0
16083,591,521,0
16084,591,635,0
16085,591,208,0
16086,591,14,0
16087,591,1222,0
16088,591,1333,0
16089,591,147,0
16090,591,611,0
16091,591,353,0
16092,591,555,0
16093,591,1047,0
16094,591,1386,0
16095,591,856,0
16096,591,1090,0
16097,591,572,0
16098,591,1014,0
16099,591,1251,0
16100,591,1039,0
16101,591,1042,0
16102,591,732,0
16103,591,380,0
16104,591,1032,0
16105,591,162,0
16106,591,658,0
16107,591,481,0
16108,591,1288,0
16109,591,1291,0
16110,591,750,0
16111,591,298,0
16112,591,491,0
16113,591,1085,0
16114,591,900,0
16115,591,1397,0
16116,591,857,0
16117,591,1340,0
16118,591,547,0
16119,591,327,0
16120,591,136,0
16121,591,1138,0
16122,591,436,0
16123,591,1219,0
16124,591,685,0
16125,591,1303,0
16126,591,308,0
16127,591,846,0
16128,591,849,0
16129,591,542,0
16130,591,1260,0
16131,591,1323,0
16132,591,60,0
16133,591,1000,0
16134,591,42,0
16135,591,1103,0
16136,591,1029,0
16137,591,299,0
16138,591,293,0
16139,591,600,0
16140,591,13,0
16141,591,1098,0
16142,591,1221,0
16143,591,1319,0
16144,591,406,0
16145,591,1109,0
16146,591,866,0
16147,591,34,0
16148,591,751,0
16149,591,1178,0
16150,591,1147,0
16151,591,29,0
16152,591,742,0
16153,591,1403,0
16154,591,605,0
16155,591,1150,0
16156,591,516,0
16157,591,310,0
16158,591,392,0
16159,591,519,0
16160,591,1177,0
16161,591,854,0
16162,591,104,0
16163,591,1292,0
16164,591,1095,0
16165,591,802,0
16166,591,1287,0
16167,591,1306,0
16168,591,78,0
16169,591,10,0
16170,591,106,0
16171,591,1358,0
16172,591,1179,0
16173,591,715,0
16174,591,1089,0
16175,591,902,0
16176,591,84,0
16177,591,66,0
16178,591,755,0
16179,591,695,0
16180,591,706,0
16181,591,1189,0
16182,591,892,0
16183,591,979,0
16184,591,965,0
16185,591,959,0
16186,591,1226,0
16187,591,1316,0
16188,591,479,0
16189,591,1041,0
16190,591,465,0
16191,591,1135,0
16192,591,1199,0
16193,591,442,0
16194,591,1366,0
16195,591,1211,0
16196,591,1230,0
16197,591,1134,0
16198,591,1180,0
16199,591,817,0
16200,591,1108,0
16201,591,681,0
16202,591,698,0
16203,591,87,0
16204,591,188,0
16205,591,1167,0
16206,591,651,0
16207,591,409,0
16208,591,37,0
16209,591,358,0
16210,591,382,0
16211,591,1010,0
16212,591,356,0
16213,591,974,0
16214,591,957,0
16215,591,1188,0
16216,591,82,0
16217,591,617,0
16218,591,826,0
16219,591,83,0
16220,591,623,0
16221,591,1162,0
16222,591,736,0
16223,591,1176,0
16224,591,1061,0
16225,591,883,0
16226,591,1208,0
16227,591,496,0
16228,591,1275,0
16229,591,912,0
16230,591,365,0
16231,591,124,0
16232,591,839,0
16233,591,1091,0
16234,591,828,0
16235,591,447,0
16236,591,402,0
16237,591,156,0
16238,591,655,0
16239,591,753,0
16240,591,1315,0
16241,591,1204,0
16242,591,383,0
16243,591,927,0
16244,591,255,0
16245,591,1234,0
16246,591,288,0
16247,591,1021,0
16248,591,437,0
16249,591,550,0
16250,591,92,0
16251,591,488,0
16252,591,262,0
16253,591,939,0
16254,591,252,0
16255,591,25,0
16256,591,264,0
16257,591,682,0
16258,591,369,0
16259,591,609,0
16260,591,31,0
16261,591,304,0
16262,591,366,0
16263,591,1377,0
16264,591,865,0
16265,591,855,0
16266,591,48,0
16267,591,86,0
16268,591,862,0
16269,591,361,0
16270,591,326,0
16271,591,487,0
16272,591,27,0
16273,591,564,0
16274,591,1036,0
16275,591,142,0
16276,591,518,0
16277,591,423,0
16278,591,1159,0
16279,591,18,0
16280,591,680,0
16281,591,1271,0
16282,591,580,0
16283,591,1003,0
16284,591,691,0
16285,591,761,0
16286,591,928,0
16287,591,115,0
16288,591,238,0
16289,591,379,0
16290,591,1376,0
16291,591,172,0
16292,591,513,0
16293,591,290,0
16294,591,1009,0
16295,591,133,0
16296,591,1075,0
16297,591,75,0
16298,591,1220,0
16299,591,47,0
16300,591,161,0
16301,591,426,0
16302,591,140,0
16303,591,1252,0
16304,591,1112,0
16305,591,726,0
16306,591,759,0
16307,591,1364,0
16308,591,464,0
16309,591,630,0
16310,591,224,0
16311,591,877,0
16312,591,469,0
16313,591,745,0
16314,591,602,0
16315,591,534,0
16316,591,783,0
16317,591,284,0
16318,591,28,0
16319,591,1215,0
16320,591,569,0
16321,591,182,0
16322,591,626,0
16323,591,541,0
16324,591,712,0
16325,591,667,0
16326,591,1330,0
16327,591,735,0
16328,591,324,0
16329,591,1184,0
16330,591,743,0
16331,591,399,0
16332,591,49,0
16333,591,85,0
16334,591,1375,0
16335,591,482,0
16336,591,475,0
16337,591,351,0
16338,591,551,0
16339,591,295,0
16340,591,396,0
16341,591,1347,0
16342,591,1155,0
16343,591,925,0
16344,591,608,0
16345,591,1157,0
16346,591,730,0
16347,591,1097,0
16348,591,59,0
16349,591,1052,0
16350,591,55,0
16351,591,781,0
16352,591,1092,0
16353,591,1216,0
16354,591,202,0
16355,591,773,0
16356,591,832,0
16357,591,646,0
16358,591,1191,0
16359,591,91,0
16360,591,891,0
16361,591,947,0
16362,591,886,0
16363,591,429,0
16364,591,1342,0
16365,591,390,0
16366,591,1132,0
16367,591,1373,0
16368,591,604,0
16369,591,282,0
16370,591,1074,0
16371,591,879,0
16372,591,453,0
16373,591,848,0
16374,591,192,0
16375,591,1399,0
16376,591,982,0
16377,591,663,0
16378,591,217,0
16379,591,1069,0
16380,591,1073,0
16381,591,286,0
16382,591,260,0
16383,591,650,0
16384,591,1175,0
16385,591,1300,0
16386,591,145,0
16387,591,1203,0
16388,591,1081,0
16389,591,1139,0
16390,591,1044,0
16391,591,1214,0
16392,591,72,0
16393,591,1305,0
16394,591,668,0
16395,591,1037,0
16396,591,535,0
16397,591,948,0
16398,591,187,0
16399,591,770,0
16400,591,1341,0
16401,591,522,0
16402,591,713,0
16403,591,1068,0
16404,591,177,0
16405,591,657,0
16406,591,806,0
16407,591,1328,0
16408,591,163,0
16409,591,913,0
16410,591,665,0
16411,591,405,0
16412,591,926,0
16413,591,141,0
16414,591,769,0
16415,591,275,0
16416,591,881,0
16417,591,1238,0
16418,591,197,0
16419,591,471,0
16420,591,1001,0
16421,591,1202,0
16422,591,1051,0
16423,591,652,0
16424,591,296,0
16425,591,0,0
16426,591,874,0
16427,591,1115,0
16428,591,1240,0
16429,591,765,0
16430,591,1196,0
16431,591,1360,0
16432,591,878,0
16433,591,1370,0
16434,591,384,0
16435,591,953,0
16436,591,531,0
16437,591,1190,0
16438,591,813,0
16439,591,557,0
16440,591,505,0
16441,591,319,0
16442,591,250,0
16443,591,1099,0
16444,591,1385,0
16445,591,1281,0
16446,591,135,0
16447,591,873,0
16448,591,863,0
16449,591,1100,0
16450,591,236,0
16451,591,641,0
16452,591,119,0
16453,591,102,0
16454,591,210,0
16455,591,1022,0
16456,591,67,0
16457,591,280,0
16458,591,1349,0
16459,591,544,0
16460,591,514,0
16461,591,748,0
16462,591,432,0
16463,591,785,0
16464,591,401,0
16465,591,724,0
16466,591,1262,0
16467,591,1265,0
16468,591,53,0
16469,591,1174,0
16470,591,331,0
16471,591,1185,0
16472,591,1128,0
16473,591,1368,0
16474,591,36,0
16475,591,451,0
16476,591,277,0
16477,591,374,0
16478,591,553,0
16479,591,32,0
16480,591,1401,0
16481,591,871,0
16482,591,1130,0
16483,591,434,0
16484,591,408,0
16485,591,440,0
16486,591,227,0
16487,591,74,0
16488,591,450,0
16489,591,494,0
16490,591,333,0
16491,591,444,0
16492,591,746,0
16493,591,786,0
16494,591,845,0
16495,591,198,0
16496,591,226,0
16497,591,474,0
16498,591,1283,0
16499,591,1146,0
16500,591,508,0
16501,591,410,0
16502,591,1046,0
16503,591,1402,0
16504,591,1369,0
16505,591,804,0
16506,591,359,0
16507,591,1267,0
16508,591,191,0
16509,591,1290,0
16510,591,738,0
16511,591,341,0
16512,591,71,0
16513,591,999,0
16514,591,470,0
16515,591,108,0
16516,591,975,0
16517,591,988,0
16518,591,527,0
16519,591,375,0
16520,591,99,0
16521,591,1086,0
16522,591,209,0
16523,591,420,0
16524,591,507,0
16525,591,757,0
16526,591,1187,0
16527,591,969,0
16528,591,1035,0
16529,591,1193,0
16530,591,1169,0
16531,591,723,0
16532,591,43,0
16533,591,1004,0
16534,591,501,0
16535,591,904,0
16536,591,861,0
16537,591,621,0
16538,591,54,0
16539,591,1186,0
16540,591,1133,0
16541,591,261,0
16542,591,524,0
16543,591,941,0
16544,591,1116,0
16545,591,312,0
16546,591,502,0
16547,591,1227,0
16548,591,394,0
16549,591,431,0
16550,591,418,0
16551,591,89,0
16552,591,852,0
16553,591,704,0
16554,591,127,0
16555,591,1352,0
16556,591,1113,0
16557,591,933,0
16558,591,1355,0
16559,591,1248,0
16560,591,717,0
16561,591,237,0
16562,591,22,0
16563,591,1351,0
16564,591,1124,0
16565,591,259,0
16566,591,181,0
16567,591,893,0
16568,591,300,0
16569,591,1387,0
16570,591,980,0
16571,591,1104,0
16572,591,151,0
16573,591,1408,0
16574,591,847,0
16575,591,33,0
16576,591,766,0
16577,591,101,0
16578,591,1363,0
16579,591,562,0
16580,591,1017,0
16581,591,57,0
16582,591,468,0
16583,591,702,0
16584,591,1045,0
16585,591,955,0
16586,591,722,0
16587,591,7,0
16588,591,281,0
16589,591,1101,0
16590,591,978,0
16591,591,1384,0
16592,591,170,0
16593,591,1334,0
16594,591,480,0
16595,591,677,0
16596,591,1390,0
16597,591,791,0
16598,591,419,0
16599,591,251,0
16600,591,50,0
16601,591,1268,0
16602,591,1257,0
16603,591,1228,0
16604,591,1343,0
16605,591,885,0
16606,591,1110,0
16607,591,498,0
16608,591,998,0
16609,591,721,0
16610,591,2,0
16611,591,996,0
16612,591,220,0
16613,591,827,0
16614,600,219,0
16615,600,760,0
16616,600,558,0
16617,600,239,0
16618,600,959,0
16619,600,820,0
16620,600,303,0
16621,600,599,0
16622,600,1110,0
16623,600,528,0
16624,600,777,0
16625,600,371,0
16626,600,775,0
16627,600,527,0
16628,600,799,0
16629,600,1266,0
16630,600,536,0
16631,600,117,0
16632,600,233,0
16633,600,837,0
16634,600,360,0
16635,600,1068,0
16636,600,134,0
16637,600,136,0
16638,600,450,0
16639,600,313,0
16640,600,286,0
16641,600,111,0
16642,600,791,0
16643,600,1136,0
16644,600,503,0
16645,600,295,0
16646,600,642,0
16647,600,774,0
16648,600,1313,0
16649,600,752,0
16650,600,395,0
16651,600,347,0
16652,600,1285,0
16653,600,739,0
16654,600,598,0
16655,600,127,0
16656,600,796,0
16657,600,373,0
16658,600,441,0
16659,600,1099,0
16660,600,26,0
16661,600,1036,0
16662,600,1086,0
16663,600,218,0
16664,600,29,0
16665,600,1015,0
16666,600,85,0
16667,600,624,0
16668,600,357,0
16669,600,702,0
16670,600,529,0
16671,600,1312,0
16672,600,606,0
16673,600,1287,0
16674,600,449,0
16675,600,962,0
16676,600,922,0
16677,600,722,0
16678,600,1161,0
16679,600,1025,0
16680,600,652,0
16681,600,31,0
16682,600,1309,0
16683,600,560,0
16684,600,1042,0
16685,600,857,0
16686,600,1044,0
16687,600,1319,0
16688,600,787,0
16689,600,104,0
16690,600,1138,0
16691,600,975,0
16692,600,749,0
16693,600,826,0
16694,600,735,0
16695,600,1268,0
16696,600,675,0
16697,600,425,0
16698,600,292,0
16699,600,454,0
16700,600,1164,0
16701,600,554,0
16702,600,1368,0
16703,600,1082,0
16704,600,672,0
16705,600,319,0
16706,600,639,0
16707,600,113,0
16708,600,1126,0
16709,600,656,0
16710,600,691,0
16711,600,1177,0
16712,600,658,0
16713,600,566,0
16714,600,1230,0
16715,600,433,0
16716,600,1050,0
16717,600,1090,0
16718,600,950,0
16719,600,383,0
16720,600,1200,0
16721,600,364,0
16722,600,90,0
16723,600,708,0
16724,600,1089,0
16725,600,1021,0
16726,600,1143,0
16727,600,797,0
16728,600,456,0
16729,600,1332,0
16730,600,1275,0
16731,600,526,0
16732,600,438,0
16733,600,1009,0
16734,600,381,0
16735,600,506,0
16736,600,793,0
16737,600,56,0
16738,600,612,0
16739,600,385,0
16740,600,256,0
16741,600,550,0
16742,600,1140,0
16743,600,1299,0
16744,600,424,0
16745,600,126,0
16746,600,1069,0
16747,600,949,0
16748,600,602,0
16749,600,369,0
16750,600,996,0
16751,600,716,0
16752,600,141,0
16753,600,1203,0
16754,600,1360,0
16755,600,223,0
16756,600,1107,0
16757,600,468,0
16758,600,79,0
16759,600,82,0
16760,600,881,0
16761,600,1233,0
16762,600,1251,0
16763,600,745,0
16764,600,188,0
16765,600,930,0
16766,600,70,0
16767,600,472,0
16768,600,86,0
16769,600,434,0
16770,600,1219,0
16771,600,586,0
16772,600,1046,0
16773,600,1137,0
16774,600,1004,0
16775,600,379,0
16776,600,1236,0
16777,600,206,0
16778,600,466,0
16779,600,170,0
16780,600,1139,0
16781,600,583,0
16782,600,943,0
16783,600,902,0
16784,600,1398,0
16785,600,553,0
16786,600,904,0
16787,600,217,0
16788,600,644,0
16789,600,992,0
16790,600,779,0
16791,600,1181,0
16792,600,861,0
16793,600,645,0
16794,600,21,0
16795,600,221,0
16796,600,495,0
16797,600,568,0
16798,600,917,0
16799,600,143,0
16800,600,1250,0
16801,600,51,0
16802,600,548,0
16803,600,1237,0
16804,600,406,0
16805,600,588,0
16806,600,914,0
16807,600,824,0
16808,600,1316,0
16809,600,984,0
16810,600,1103,0
16811,600,272,0
16812,600,116,0
16813,600,1395,0
16814,600,199,0
16815,600,1186,0
16816,600,609,0
16817,600,336,0
16818,600,197,0
16819,600,1010,0
16820,600,384,0
16821,600,152,0
16822,600,476,0
16823,600,1144,0
16824,600,1306,0
16825,600,154,0
16826,600,987,0
16827,600,74,0
16828,600,999,0
16829,600,927,0
16830,600,397,0
16831,600,1384,0
16832,600,310,0
16833,600,1334,0
16834,600,1037,0
16835,600,1304,0
16836,600,1218,0
16837,600,571,0
16838,600,353,0
16839,600,805,0
16840,600,582,0
16841,600,684,0
16842,600,620,0
16843,600,214,0
16844,600,446,0
16845,600,750,0
16846,600,785,0
16847,600,1249,0
16848,600,838,0
16849,600,137,0
16850,600,1072,0
16851,600,61,0
16852,600,304,0
16853,600,1308,0
16854,600,595,0
16855,600,1252,0
16856,600,772,0
16857,600,828,0
16858,600,171,0
16859,600,816,0
16860,600,671,0
16861,600,1217,0
16862,600,786,0
16863,600,1361,0
16864,600,1185,0
16865,600,101,0
16866,600,246,0
16867,600,650,0
16868,600,689,0
16869,600,151,0
16870,600,754,0
16871,600,463,0
16872,600,118,0
16873,600,1267,0
16874,600,507,0
16875,600,146,0
16876,600,1096,0
16877,600,699,0
16878,600,863,0
16879,600,1243,0
16880,600,1188,0
16881,600,281,0
16882,600,1189,0
16883,600,647,0
16884,600,742,0
16885,600,578,0
16886,600,267,0
16887,600,467,0
16888,600,387,0
16889,600,1192,0
16890,600,1121,0
16891,600,11,0
16892,600,771,0
16893,600,866,0
16894,600,701,0
16895,600,1029,0
16896,600,88,0
16897,600,351,0
16898,600,909,0
16899,600,264,0
16900,600,422,0
16901,600,394,0
16902,600,1321,0
16903,600,1353,0
16904,600,120,0
16905,600,625,0
16906,600,533,0
16907,600,788,0
16908,600,1238,0
16909,600,1169,0
16910,600,911,0
16911,600,1109,0
16912,600,1394,0
16913,600,330,0
16914,600,483,0
16915,600,687,0
16916,600,179,0
16917,600,161,0
16918,600,1024,0
16919,600,69,0
16920,600,1147,0
16921,600,1380,0
16922,600,469,0
16923,600,1401,0
16924,600,812,0
16925,600,853,0
16926,600,1288,0
16927,600,549,0
16928,600,9,0
16929,600,42,0
16930,600,1258,0
16931,600,1227,0
16932,600,458,0
16933,600,208,0
16934,600,965,0
16935,600,1284,0
16936,600,140,0
16937,600,480,0
16938,600,875,0
16939,600,87,0
16940,600,706,0
16941,600,649,0
16942,600,389,0
16943,600,970,0
16944,600,1179,0
16945,600,1115,0
16946,600,651,0
16947,600,318,0
16948,600,44,0
16949,600,937,0
16950,600,790,0
16951,600,502,0
16952,600,831,0
16953,600,709,0
16954,600,608,0
16955,600,284,0
16956,600,1347,0
16957,600,638,0
16958,600,903,0
16959,600,584,0
16960,600,411,0
16961,600,1055,0
16962,600,850,0
16963,600,666,0
16964,600,887,0
16965,600,518,0
16966,600,724,0
16967,600,559,0
16968,600,1346,0
16969,600,543,0
16970,600,139,0
16971,600,619,0
16972,600,1158,0
16973,600,1220,0
16974,600,1022,0
16975,600,231,0
16976,600,886,0
16977,600,1286,0
16978,600,362,0
16979,600,153,0
16980,600,1364,0
16981,600,1324,0
16982,600,271,0
16983,600,966,0
16984,600,993,0
16985,600,314,0
16986,600,187,0
16987,600,1248,0
16988,600,346,0
16989,600,867,0
16990,600,1123,0
16991,600,252,0
16992,600,1378,0
16993,600,1317,0
16994,600,767,0
16995,600,25,0
16996,600,968,0
16997,600,1403,0
16998,600,635,0
16999,600,603,0
17000,600,1295,0
17001,600,162,0
17002,600,840,0
17003,600,948,0
17004,600,964,0
17005,600,435,0
17006,600,1404,0
17007,600,361,0
17008,600,298,0
17009,600,921,0
17010,600,537,0
17011,600,725,0
17012,600,929,0
17013,600,590,0
17014,600,464,0
17015,600,884,0
17016,600,829,0
17017,600,565,0
17018,600,1265,0
17019,600,309,0
17020,600,1064,0
17021,600,158,0
17022,600,404,0
17023,600,401,0
17024,600,345,0
17025,600,46,0
17026,600,498,0
17027,600,1047,0
17028,600,520,0
17029,600,751,0
17030,600,952,0
17031,600,451,0
17032,600,594,0
17033,600,618,0
17034,600,358,0
17035,600,232,0
17036,600,1259,0
17037,600,636,0
17038,600,241,0
17039,600,1035,0
17040,600,1056,0
17041,600,631,0
17042,600,633,0
17043,600,908,0
17044,600,741,0
17045,600,407,0
17046,600,535,0
17047,600,632,0
17048,600,822,0
17049,600,273,0
17050,600,589,0
17051,600,488,0
17052,600,814,0
17053,600,876,0
17054,600,1223,0
17055,600,1242,0
17056,600,798,0
17057,600,100,0
17058,600,1397,0
17059,600,517,0
17060,600,419,0
17061,600,1385,0
17062,600,471,0
17063,600,1373,0
17064,600,1225,0
17065,600,426,0
17066,600,204,0
17067,600,1118,0
17068,600,1152,0
17069,600,883,0
17070,600,1371,0
17071,600,1379,0
17072,600,1134,0
17073,600,821,0
17074,600,956,0
17075,600,655,0
17076,600,436,0
17077,600,1400,0
17078,600,579,0
17079,600,874,0
17080,600,686,0
17081,600,302,0
17082,600,1307,0
17083,600,931,0
17084,600,287,0
17085,600,593,0
17086,600,1104,0
17087,600,114,0
17088,600,963,0
17089,600,1207,0
17090,600,849,0
17091,600,20,0
17092,600,700,0
17093,600,744,0
17094,600,352,0
17095,600,1108,0
17096,600,367,0
17097,600,14,0
17098,600,55,0
17099,600,946,0
17100,600,976,0
17101,600,523,0
17102,600,475,0
17103,600,1357,0
17104,600,934,0
17105,600,1390,0
17106,600,167,0
17107,600,1280,0
17108,600,216,0
17109,600,955,0
17110,600,1407,0
17111,600,1399,0
17112,600,628,0
17113,600,534,0
17114,600,879,0
17115,600,753,0
17116,600,1262,0
17117,600,1264,0
17118,600,326,0
17119,600,835,0
17120,600,396,0
17121,600,33,0
17122,600,1293,0
17123,600,659,0
17124,600,121,0
17125,600,156,0
17126,600,998,0
17127,600,591,0
17128,600,813,0
17129,600,412,0
17130,600,10,0
17131,600,617,0
17132,600,482,0
17133,600,159,0
17134,600,94,0
17135,600,1341,0
17136,600,693,0
17137,600,1051,0
17138,600,899,0
17139,600,1026,0
17140,600,1278,0
17141,600,459,0
17142,600,80,0
17143,600,270,0
17144,600,1174,0
17145,600,509,0
17146,600,64,0
17147,600,613,0
17148,600,1366,0
17149,600,1311,0
17150,600,596,0
17151,600,1141,0
17152,600,1097,0
17153,600,1296,0
17154,600,285,0
17155,600,191,0
17156,600,335,0
17157,600,1240,0
17158,600,1083,0
17159,600,1155,0
17160,600,409,0
17161,600,35,0
17162,600,57,0
17163,600,420,0
17164,600,1165,0
17165,600,1062,0
17166,600,283,0
17167,600,1261,0
17168,600,279,0
17169,600,205,0
17170,600,1283,0
17171,600,800,0
17172,600,1142,0
17173,600,947,0
17174,600,1349,0
17175,600,210,0
17176,600,648,0
17177,600,334,0
17178,600,277,0
17179,600,910,0
17180,600,685,0
17181,600,481,0
17182,600,1290,0
17183,600,1183,0
17184,600,1087,0
17185,600,827,0
17186,600,1221,0
17187,600,730,0
17188,600,1128,0
17189,600,445,0
17190,600,1163,0
17191,600,105,0
17192,600,817,0
17193,600,982,0
17194,600,198,0
17195,600,245,0
17196,600,766,0
17197,600,1180,0
17198,600,487,0
17199,600,720,0
17200,600,546,0
17201,600,1338,0
17202,600,621,0
17203,600,677,0
17204,600,1355,0
17205,600,1376,0
17206,600,877,0
17207,600,1241,0
17208,600,312,0
17209,600,183,0
17210,600,421,0
17211,600,429,0
17212,600,544,0
17213,600,912,0
17214,600,1381,0
17215,600,1314,0
17216,600,556,0
17217,600,915,0
17218,600,184,0
17219,600,398,0
17220,600,576,0
17221,600,297,0
17222,600,230,0
17223,600,125,0
17224,600,542,0
17225,600,768,0
17226,600,1166,0
17227,600,1172,0
17228,600,66,0
17229,600,243,0
17230,600,515,0
17231,600,1012,0
17232,600,354,0
17233,600,1327,0
17234,600,1339,0
17235,600,938,0
17236,600,873,0
17237,600,1289,0
17238,600,124,0
17239,600,416,0
17240,600,261,0
17241,600,174,0
17242,600,1209,0
17243,600,1148,0
17244,600,809,0
17245,600,356,0
17246,600,810,0
17247,600,1276,0
17248,600,266,0
17249,600,668,0
17250,600,889,0
17251,600,1318,0
17252,600,1160,0
17253,600,439,0
17254,600,1098,0
17255,600,781,0
17256,600,249,0
17257,600,1269,0
17258,600,657,0
17259,600,213,0
17260,600,900,0
17261,600,811,0
17262,600,340,0
17263,600,880,0
17264,600,844,0
17265,600,643,0
17266,600,242,0
17267,600,945,0
17268,600,1020,0
17269,600,54,0
17270,600,328,0
17271,600,894,0
17272,600,960,0
17273,600,1,0
17274,600,653,0
17275,600,540,0
17276,600,941,0
17277,600,106,0
17278,600,175,0
17279,600,1389,0
17280,600,913,0
17281,600,871,0
17282,600,1146,0
17283,600,290,0
17284,600,997,0
17285,600,1094,0
17286,600,1182,0
17287,600,257,0
17288,600,497,0
17289,600,366,0
17290,600,1222,0
17291,600,991,0
17292,600,757,0
17293,600,274,0
17294,600,280,0
17295,600,177,0
17296,600,1388,0
17297,600,473,0
17298,600,377,0
17299,600,623,0
17300,600,954,0
17301,600,68,0
17302,600,1213,0
17303,600,897,0
17304,600,196,0
17305,600,1125,0
17306,600,717,0
17307,600,1196,0
17308,600,355,0
17309,600,538,0
17310,600,1030,0
17311,600,802,0
17312,600,132,0
17313,600,627,0
17314,600,570,0
17315,600,1320,0
17316,600,1365,0
17317,600,733,0
17318,600,870,0
17319,600,393,0
17320,600,1216,0
17321,600,567,0
17322,600,226,0
17323,600,746,0
17324,600,110,0
17325,600,1084,0
17326,600,935,0
17327,600,924,0
17328,600,878,0
17329,600,1190,0
17330,600,1300,0
17331,600,59,0
17332,600,380,0
17333,600,1356,0
17334,600,418,0
17335,600,1000,0
17336,600,95,0
17337,600,131,0
17338,600,316,0
17339,600,1256,0
17340,600,72,0
17341,600,1226,0
17342,600,479,0
17343,600,1369,0
17344,600,1235,0
17345,600,951,0
17346,600,402,0
17347,600,1195,0
17348,600,306,0
17349,600,388,0
17350,600,740,0
17351,600,1031,0
17352,600,1325,0
17353,600,18,0
17354,600,144,0
17355,600,1039,0
17356,600,62,0
17357,600,711,0
17358,600,440,0
17359,600,541,0
17360,600,1386,0
17361,600,1197,0
17362,600,12,0
17363,600,234,0
17364,600,165,0
17365,600,1018,0
17366,600,1392,0
17367,600,1260,0
17368,600,1038,0
17369,600,343,0
17370,600,1232,0
17371,600,1375,0
17372,600,967,0
17373,600,405,0
17374,600,803,0
17375,600,759,0
17376,600,569,0
17377,600,133,0
17378,600,224,0
17379,600,78,0
17380,600,858,0
17381,600,166,0
17382,600,1075,0
17383,600,555,0
17384,600,7,0
17385,600,848,0
17386,600,1352,0
17387,600,486,0
17388,600,448,0
17389,600,390,0
17390,600,315,0
17391,600,149,0
17392,600,308,0
17393,600,1374,0
17394,600,714,0
17395,600,37,0
17396,600,443,0
17397,600,1145,0
17398,600,572,0
17399,600,45,0
17400,600,726,0
17401,600,327,0
17402,600,1116,0
17403,600,681,0
17404,600,1211,0
17405,600,97,0
17406,600,1245,0
17407,600,259,0
17408,600,102,0
17409,600,622,0
17410,600,611,0
17411,600,906,0
17412,600,325,0
17413,600,804,0
17414,600,704,0
17415,600,408,0
17416,600,525,0
17417,600,1168,0
17418,600,27,0
17419,600,712,0
17420,600,971,0
17421,600,728,0
17422,600,893,0
17423,600,128,0
17424,600,756,0
17425,600,925,0
17426,600,1372,0
17427,600,494,0
17428,600,1228,0
17429,600,278,0
17430,600,660,0
17431,600,3,0
17432,600,1255,0
17433,600,1342,0
17434,600,953,0
17435,600,928,0
17436,600,122,0
17437,600,491,0
17438,600,1112,0
17439,600,492,0
17440,600,490,0
17441,600,1322,0
17442,600,8,0
17443,600,721,0
17444,600,248,0
17445,600,1367,0
17446,600,580,0
17447,600,98,0
17448,600,212,0
17449,600,296,0
17450,600,202,0
17451,600,437,0
17452,600,1202,0
17453,600,832,0
17454,600,444,0
17455,600,1106,0
17456,600,1088,0
17457,600,447,0
17458,600,220,0
17459,600,323,0
17460,600,531,0
17461,600,519,0
17462,600,24,0
17463,600,792,0
17464,600,478,0
17465,600,1111,0
17466,600,940,0
17467,600,496,0
17468,600,276,0
17469,600,1129,0
17470,600,869,0
17471,600,764,0
17472,600,1206,0
17473,600,289,0
17474,600,682,0
17475,600,979,0
17476,600,891,0
17477,600,148,0
17478,600,333,0
17479,600,763,0
17480,600,415,0
17481,600,52,0
17482,600,705,0
17483,600,477,0
17484,600,737,0
17485,600,260,0
17486,600,1006,0
17487,600,432,0
17488,600,32,0
17489,600,738,0
17490,600,244,0
17491,600,1095,0
17492,600,1298,0
17493,600,679,0
17494,600,1310,0
17495,600,1281,0
17496,600,103,0
17497,600,1159,0
17498,600,500,0
17499,600,1363,0
17500,600,1351,0
17501,600,129,0
17502,600,562,0
17503,600,123,0
17504,600,1173,0
17505,600,780,0
17506,600,1076,0
17507,600,664,0
17508,600,552,0
17509,600,1007,0
17510,600,1085,0
17511,600,815,0
17512,600,442,0
17513,600,1277,0
17514,600,662,0
17515,600,522,0
17516,600,181,0
17517,600,322,0
17518,600,981,0
17519,600,6,0
17520,600,692,0
17521,600,300,0
17522,600,1100,0
17523,600,755,0
17524,600,452,0
17525,600,690,0
17526,600,269,0
17527,600,1027,0
17528,600,782,0
17529,600,864,0
17530,600,457,0
17531,600,1060,0
17532,600,597,0
17533,600,972,0
17534,600,882,0
17535,600,265,0
17536,600,150,0
17537,600,1048,0
17538,600,1033,0
17539,600,1124,0
17540,600,1132,0
17541,600,180,0
17542,600,236,0
17543,600,228,0
17544,600,1032,0
17545,600,1294,0
17546,600,1362,0
17547,600,1244,0
17548,600,888,0
17549,601,407,0
17550,601,174,0
17551,601,135,0
17552,601,857,0
17553,601,749,0
17554,601,380,0
17555,601,534,0
17556,601,418,0
17557,601,618,0
17558,601,9,0
17559,601,1360,0
17560,601,52,0
17561,601,1116,0
17562,601,898,0
17563,601,356,0
17564,601,1026,0
17565,601,261,0
17566,601,708,0
17567,601,732,0
17568,601,873,0
17569,601,1307,0
17570,601,644,0
17571,601,345,0
17572,601,706,0
17573,601,917,0
17574,601,1134,0
17575,601,165,0
17576,601,8,0
17577,601,249,0
17578,601,1021,0
17579,601,404,0
17580,601,124,0
17581,601,464,0
17582,601,910,0
17583,601,838,0
17584,601,253,0
17585,601,1193,0
17586,601,260,0
17587,601,145,0
17588,601,569,0
17589,601,1153,0
17590,601,667,0
17591,601,575,0
17592,601,444,0
17593,601,481,0
17594,601,573,0
17595,601,1164,0
17596,601,941,0
17597,601,1224,0
17598,601,1286,0
17599,601,594,0
17600,601,338,0
17601,601,622,0
17602,601,583,0
17603,601,819,0
17604,601,707,0
17605,601,288,0
17606,601,897,0
17607,601,511,0
17608,601,840,0
17609,601,1342,0
17610,601,988,0
17611,601,61,0
17612,601,1218,0
17613,601,431,0
17614,601,925,0
17615,601,652,0
17616,601,854,0
17617,601,166,0
17618,601,1314,0
17619,601,12,0
17620,601,870,0
17621,601,1232,0
17622,601,1135,0
17623,601,676,0
17624,601,15,0
17625,601,144,0
17626,601,223,0
17627,601,365,0
17628,601,1055,0
17629,601,111,0
17630,601,1290,0
17631,601,239,0
17632,601,547,0
17633,601,1299,0
17634,601,606,0
17635,601,678,0
17636,601,1152,0
17637,601,1242,0
17638,601,311,0
17639,601,599,0
17640,601,879,0
17641,601,1347,0
17642,601,1259,0
17643,601,1015,0
17644,601,1172,0
17645,601,934,0
17646,601,254,0
17647,601,275,0
17648,601,1370,0
17649,601,168,0
17650,601,1126,0
17651,601,1025,0
17652,601,163,0
17653,601,184,0
17654,601,700,0
17655,601,1197,0
17656,601,965,0
17657,601,797,0
17658,601,1355,0
17659,601,19,0
17660,601,1187,0
17661,601,279,0
17662,601,1142,0
17663,601,1008,0
17664,601,62,0
17665,601,1086,0
17666,601,171,0
17667,601,1257,0
17668,601,127,0
17669,601,328,0
17670,601,1061,0
17671,601,713,0
17672,601,310,0
17673,601,396,0
17674,601,959,0
17675,601,540,0
17676,601,1045,0
17677,601,1145,0
17678,601,843,0
17679,601,1302,0
17680,601,1098,0
17681,601,851,0
17682,601,631,0
17683,601,1081,0
17684,601,1043,0
17685,601,1203,0
17686,601,167,0
17687,601,660,0
17688,601,241,0
17689,601,78,0
17690,601,1107,0
17691,601,714,0
17692,601,971,0
17693,601,536,0
17694,601,1168,0
17695,601,1408,0
17696,601,639,0
17697,601,512,0
17698,601,119,0
17699,601,804,0
17700,601,952,0
17701,601,59,0
17702,601,1128,0
17703,601,605,0
17704,601,458,0
17705,601,325,0
17706,601,1289,0
17707,601,1268,0
17708,601,801,0
17709,601,1057,0
17710,601,1363,0
17711,601,666,0
17712,601,433,0
17713,601,514,0
17714,601,269,0
17715,601,744,0
17716,601,718,0
17717,601,908,0
17718,601,907,0
17719,601,730,0
17720,601,125,0
17721,601,813,0
17722,601,1179,0
17723,601,42,0
17724,601,307,0
17725,601,1166,0
17726,601,538,0
17727,601,1225,0
17728,601,596,0
17729,601,1143,0
17730,601,282,0
17731,601,651,0
17732,601,915,0
17733,601,507,0
17734,601,368,0
17735,601,510,0
17736,601,1085,0
17737,601,361,0
17738,601,529,0
17739,601,1241,0
17740,601,1395,0
17741,601,696,0
17742,601,324,0
17743,601,1394,0
17744,601,1204,0
17745,601,904,0
17746,601,592,0
17747,601,1048,0
17748,601,1158,0
17749,601,1124,0
17750,601,1325,0
17751,601,1233,0
17752,601,1159,0
17753,601,276,0
17754,601,1378,0
17755,601,1401,0
17756,601,335,0
17757,601,849,0
17758,601,126,0
17759,601,1374,0
17760,601,815,0
17761,601,766,0
17762,601,86,0
17763,601,48,0
17764,601,1336,0
17765,601,436,0
17766,601,105,0
17767,601,755,0
17768,601,1090,0
17769,601,629,0
17770,601,475,0
17771,601,213,0
17772,601,1013,0
17773,601,895,0
17774,601,211,0
17775,601,280,0
17776,601,1035,0
17777,601,799,0
17778,601,1253,0
17779,601,332,0
17780,601,1373,0
17781,601,1332,0
17782,601,270,0
17783,601,30,0
17784,601,546,0
17785,601,1182,0
17786,601,625,0
17787,601,669,0
17788,601,1407,0
17789,601,20,0
17790,601,215,0
17791,601,1274,0
17792,601,462,0
17793,601,236,0
17794,601,267,0
17795,601,302,0
17796,601,1163,0
17797,601,467,0
17798,601,389,0
17799,601,1254,0
17800,601,43,0
17801,601,1147,0
17802,601,1396,0
17803,601,448,0
17804,601,191,0
17805,601,743,0
17806,601,1338,0
17807,601,832,0
17808,601,1377,0
17809,601,1348,0
17810,601,590,0
17811,601,1345,0
17812,601,517,0
17813,601,49,0
17814,601,442,0
17815,601,1017,0
17816,601,103,0
17817,601,435,0
17818,601,1161,0
17819,601,99,0
17820,601,698,0
17821,601,1239,0
17822,601,68,0
17823,601,1235,0
17824,601,985,0
17825,601,469,0
17826,601,905,0
17827,601,330,0
17828,601,1072,0
17829,601,928,0
17830,601,884,0
17831,601,116,0
17832,601,104,0
17833,601,664,0
17834,601,1322,0
17835,601,6,0
17836,601,1138,0
17837,601,607,0
17838,601,13,0
17839,601,1402,0
17840,601,1194,0
17841,601,981,0
17842,601,881,0
17843,601,1384,0
17844,601,420,0
17845,601,659,0
17846,601,1209,0
17847,601,1298,0
17848,601,628,0
17849,601,1052,0
17850,601,115,0
17851,601,258,0
17852,601,416,0
17853,601,298,0
17854,601,785,0
17855,601,1189,0
17856,601,54,0
17857,601,1130,0
17858,601,551,0
17859,601,1037,0
17860,601,50,0
17861,601,1109,0
17862,601,334,0
17863,601,317,0
17864,601,935,0
17865,601,777,0
17866,601,143,0
17867,601,589,0
17868,601,386,0
17869,601,1390,0
17870,601,863,0
17871,601,453,0
17872,601,731,0
17873,601,383,0
17874,601,969,0
17875,601,1212,0
17876,601,950,0
17877,601,670,0
17878,601,238,0
17879,601,393,0
17880,601,122,0
17881,601,341,0
17882,601,1018,0
17883,601,787,0
17884,601,508,0
17885,601,235,0
17886,601,1229,0
17887,601,519,0
17888,601,627,0
17889,601,1382,0
17890,601,662,0
17891,601,1150,0
17892,601,1082,0
17893,601,1311,0
17894,601,794,0
17895,601,591,0
17896,601,1350,0
17897,601,1255,0
17898,601,581,0
17899,601,1368,0
17900,601,139,0
17901,601,70,0
17902,601,527,0
17903,601,1221,0
17904,601,303,0
17905,601,474,0
17906,601,1036,0
17907,601,1066,0
17908,601,1185,0
17909,601,101,0
17910,601,1029,0
17911,601,524,0
17912,601,150,0
17913,601,1309,0
17914,601,845,0
17915,601,499,0
17916,601,294,0
17917,601,1068,0
17918,601,224,0
17919,601,429,0
17920,601,1157,0
17921,601,1316,0
17922,601,153,0
17923,601,914,0
17924,601,980,0
17925,601,1404,0
17926,601,187,0
17927,601,1352,0
17928,601,446,0
17929,601,862,0
17930,601,945,0
17931,601,1246,0
17932,601,1252,0
17933,601,1012,0
17934,601,1020,0
17935,601,1106,0
17936,601,434,0
17937,601,805,0
17938,601,1007,0
17939,601,953,0
17940,601,789,0
17941,601,1397,0
17942,601,375,0
17943,601,871,0
17944,601,642,0
17945,601,45,0
17946,601,1042,0
17947,601,468,0
17948,601,653,0
17949,601,1223,0
17950,601,694,0
17951,601,823,0
17952,601,348,0
17953,601,1282,0
17954,601,1175,0
17955,601,1250,0
17956,601,502,0
17957,601,297,0
17958,601,976,0
17959,601,812,0
17960,601,736,0
17961,601,687,0
17962,601,1312,0
17963,601,779,0
17964,601,108,0
17965,601,584,0
17966,601,16,0
17967,601,1343,0
17968,601,96,0
17969,601,620,0
17970,601,1409,0
17971,601,802,0
17972,601,878,0
17973,601,1305,0
17974,601,1371,0
17975,601,57,0
17976,601,1078,0
17977,601,1097,0
17978,601,264,0
17979,601,160,0
17980,601,64,0
17981,601,40,0
17982,601,609,0
17983,601,1059,0
17984,601,120,0
17985,601,408,0
17986,601,704,0
17987,601,221,0
17988,601,984,0
17989,601,782,0
17990,601,374,0
17991,601,725,0
17992,601,287,0
17993,601,911,0
17994,601,681,0
17995,601,237,0
17996,601,94,0
17997,601,1333,0
17998,601,1041,0
17999,601,1046,0
18000,601,1004,0
18001,601,1083,0
18002,601,933,0
18003,601,364,0
18004,601,459,0
18005,601,1389,0
18006,601,463,0
18007,601,610,0
18008,601,382,0
18009,601,1141,0
18010,601,822,0
18011,601,485,0
18012,601,349,0
18013,601,1064,0
18014,601,58,0
18015,601,363,0
18016,601,234,0
18017,601,1031,0
18018,601,650,0
18019,601,1362,0
18020,601,351,0
18021,601,1399,0
18022,601,1062,0
18023,601,774,0
18024,601,1277,0
18025,601,821,0
18026,601,227,0
18027,601,199,0
18028,601,495,0
18029,601,452,0
18030,601,772,0
18031,601,906,0
18032,601,699,0
18033,601,773,0
18034,601,190,0
18035,601,564,0
18036,601,852,0
18037,601,156,0
18038,601,1207,0
18039,601,767,0
18040,601,362,0
18041,601,649,0
18042,601,18,0
18043,601,216,0
18044,601,1392,0
18045,601,563,0
18046,601,1123,0
18047,601,1245,0
18048,601,1005,0
18049,601,848,0
18050,601,893,0
18051,601,358,0
18052,601,972,0
18053,601,1,0
18054,601,617,0
18055,601,32,0
18056,601,783,0
18057,601,1104,0
18058,601,1199,0
18059,601,252,0
18060,601,1337,0
18061,601,1010,0
18062,601,487,0
18063,601,900,0
18064,601,134,0
18065,601,1100,0
18066,601,149,0
18067,601,689,0
18068,601,97,0
18069,601,675,0
18070,601,36,0
18071,601,226,0
18072,601,1356,0
18073,601,308,0
18074,601,1388,0
18075,601,1076,0
18076,601,560,0
18077,601,685,0
18078,601,936,0
18079,601,1178,0
18080,601,496,0
18081,601,1170,0
18082,601,1403,0
18083,601,128,0
18084,601,1248,0
18085,601,430,0
18086,601,741,0
18087,601,1405,0
18088,601,366,0
18089,601,1002,0
18090,601,806,0
18091,601,265,0
18092,601,398,0
18093,601,440,0
18094,601,503,0
18095,601,488,0
18096,601,1023,0
18097,601,1293,0
18098,601,987,0
18099,601,671,0
18100,601,859,0
18101,601,1288,0
18102,601,305,0
18103,601,1198,0
18104,601,1271,0
18105,601,811,0
18106,601,544,0
18107,601,77,0
18108,601,530,0
18109,601,343,0
18110,601,33,0
18111,601,682,0
18112,601,461,0
18113,601,1272,0
18114,601,162,0
18115,601,285,0
18116,601,619,0
18117,601,7,0
18118,601,525,0
18119,601,438,0
18120,601,479,0
18121,601,205,0
18122,601,1215,0
18123,601,937,0
18124,601,1211,0
18125,601,129,0
18126,601,309,0
18127,601,1391,0
18128,601,1195,0
18129,601,938,0
18130,601,1067,0
18131,601,492,0
18132,601,413,0
18133,601,734,0
18134,601,300,0
18135,601,722,0
18136,601,1011,0
18137,601,1177,0
18138,601,824,0
18139,601,401,0
18140,601,130,0
18141,601,151,0
18142,601,457,0
18143,601,759,0
18144,601,207,0
18145,601,1357,0
18146,601,521,0
18147,601,281,0
18148,601,1220,0
18149,601,1044,0
18150,601,877,0
18151,601,1139,0
18152,601,480,0
18153,601,962,0
18154,601,1329,0
18155,601,763,0
18156,601,44,0
18157,601,1319,0
18158,601,1054,0
18159,601,1340,0
18160,601,22,0
18161,601,65,0
18162,601,1148,0
18163,601,539,0
18164,601,504,0
18165,601,352,0
18166,601,1040,0
18167,601,626,0
18168,601,91,0
18169,601,576,0
18170,601,635,0
18171,601,154,0
18172,601,242,0
18173,601,232,0
18174,601,1016,0
18175,601,761,0
18176,601,66,0
18177,601,633,0
18178,601,390,0
18179,601,93,0
18180,601,1034,0
18181,601,820,0
18182,601,397,0
18183,601,920,0
18184,601,1315,0
18185,601,1092,0
18186,601,1051,0
18187,601,827,0
18188,601,315,0
18189,601,765,0
18190,601,587,0
18191,601,1186,0
18192,601,739,0
18193,601,550,0
18194,601,578,0
18195,601,572,0
18196,601,793,0
18197,601,141,0
18198,601,636,0
18199,601,1102,0
18200,601,161,0
18201,601,513,0
18202,601,333,0
18203,601,245,0
18204,601,888,0
18205,601,155,0
18206,601,724,0
18207,601,1202,0
18208,601,217,0
18209,601,395,0
18210,601,497,0
18211,601,1121,0
18212,601,412,0
18213,601,240,0
18214,601,274,0
18215,601,137,0
18216,601,1019,0
18217,601,624,0
18218,601,301,0
18219,601,110,0
18220,601,1144,0
18221,601,82,0
18222,601,728,0
18223,601,142,0
18224,601,1119,0
18225,601,1237,0
18226,601,809,0
18227,601,740,0
18228,601,31,0
18229,601,901,0
18230,601,1317,0
18231,601,37,0
18232,601,441,0
18233,601,716,0
18234,601,986,0
18235,601,244,0
18236,601,1230,0
18237,601,665,0
18238,601,1351,0
18239,601,117,0
18240,601,579,0
18241,601,90,0
18242,601,860,0
18243,601,290,0
18244,601,549,0
18245,601,752,0
18246,601,196,0
18247,601,331,0
18248,601,107,0
18249,601,1294,0
18250,601,875,0
18251,601,839,0
18252,601,542,0
18253,601,69,0
18254,601,691,0
18255,601,1133,0
18256,601,803,0
18257,601,456,0
18258,601,60,0
18259,601,567,0
18260,601,39,0
18261,601,1227,0
18262,601,770,0
18263,601,1047,0
18264,601,1376,0
18265,601,604,0
18266,601,489,0
18267,601,745,0
18268,601,179,0
18269,601,273,0
18270,601,421,0
18271,601,403,0
18272,601,817,0
18273,601,1188,0
18274,601,500,0
18275,601,726,0
18276,601,1318,0
18277,601,623,0
18278,601,231,0
18279,601,1200,0
18280,601,1117,0
18281,601,1240,0
18282,601,742,0
18283,601,1077,0
18284,601,173,0
18285,601,1058,0
18286,601,1084,0
18287,601,778,0
18288,601,414,0
18289,601,214,0
18290,601,998,0
18291,601,1071,0
18292,601,1359,0
18293,601,255,0
18294,601,1028,0
18295,601,833,0
18296,601,175,0
18297,601,1304,0
18298,601,158,0
18299,601,194,0
18300,601,1323,0
18301,601,756,0
18302,601,1263,0
18303,601,883,0
18304,601,556,0
18305,601,723,0
18306,601,189,0
18307,601,692,0
18308,601,1243,0
18309,601,1344,0
18310,601,850,0
18311,601,807,0
18312,601,1032,0
18313,601,384,0
18314,601,46,0
18315,601,1283,0
18316,601,828,0
18317,601,409,0
18318,601,711,0
18319,601,277,0
18320,601,717,0
18321,601,715,0
18322,601,1353,0
18323,601,443,0
18324,601,1131,0
18325,601,447,0
18326,601,680,0
18327,601,656,0
18328,601,865,0
18329,601,1249,0
18330,601,695,0
18331,601,336,0
18332,601,574,0
18333,601,748,0
18334,601,1320,0
18335,601,299,0
18336,601,565,0
18337,601,737,0
18338,601,2,0
18339,601,949,0
18340,601,974,0
18341,601,1112,0
18342,601,74,0
18343,601,837,0
18344,601,195,0
18345,601,835,0
18346,601,1231,0
18347,601,1111,0
18348,601,486,0
18349,601,753,0
18350,601,532,0
18351,601,899,0
18352,601,1065,0
18353,601,102,0
18354,601,780,0
18355,601,147,0
18356,601,1256,0
18357,601,947,0
18358,601,183,0
18359,601,98,0
18360,601,501,0
18361,601,983,0
18362,601,482,0
18363,601,826,0
18364,601,788,0
18365,601,658,0
18366,601,152,0
18367,601,367,0
18368,601,169,0
18369,601,918,0
18370,601,672,0
18371,601,1137,0
18372,601,1308,0
18373,601,702,0
18374,601,473,0
18375,601,1375,0
18376,601,292,0
18377,601,381,0
18378,601,1285,0
18379,601,193,0
18380,601,192,0
18381,601,372,0
18382,601,516,0
18383,601,738,0
18384,601,880,0
18385,601,541,0
18386,601,1149,0
18387,601,306,0
18388,601,961,0
18389,601,451,0
18390,601,757,0
18391,601,219,0
18392,601,916,0
18393,601,206,0
18394,601,385,0
18395,601,719,0
18396,601,1115,0
18397,601,1236,0
18398,601,113,0
18399,601,248,0
18400,643,499,0
18401,643,1221,0
18402,643,4,0
18403,643,1012,0
18404,643,885,0
18405,643,516,0
18406,643,1133,0
18407,643,1150,0
18408,643,152,0
18409,643,1255,0
18410,643,66,0
18411,643,1097,0
18412,643,219,0
18413,643,292,0
18414,643,62,0
18415,643,138,0
18416,643,136,0
18417,643,1087,0
18418,643,905,0
18419,643,443,0
18420,643,1404,0
18421,643,1112,0
18422,643,783,0
18423,643,635,0
18424,643,1115,0
18425,643,49,0
18426,643,1292,0
18427,643,526,0
18428,643,612,0
18429,643,982,0
18430,643,1265,0
18431,643,163,0
18432,643,167,0
18433,643,534,0
18434,643,385,0
18435,643,753,0
18436,643,1075,0
18437,643,112,0
18438,643,1204,0
18439,643,1190,0
18440,643,386,0
18441,643,197,0
18442,643,1052,0
18443,643,329,0
18444,643,701,0
18445,643,804,0
18446,643,835,0
18447,643,1103,0
18448,643,1388,0
18449,643,915,0
18450,643,1401,0
18451,643,1316,0
18452,643,1120,0
18453,643,1395,0
18454,643,59,0
18455,643,1311,0
18456,643,316,0
18457,643,653,0
18458,643,587,0
18459,643,1335,0
18460,643,368,0
18461,643,184,0
18462,643,1392,0
18463,643,78,0
18464,643,17,0
18465,643,406,0
18466,643,1391,0
18467,643,1365,0
18468,643,1198,0
18469,643,285,0
18470,643,171,0
18471,643,396,0
18472,643,816,0
18473,643,1022,0
18474,643,169,0
18475,643,445,0
18476,643,563,0
18477,643,916,0
18478,643,238,0
18479,643,633,0
18480,643,564,0
18481,643,1275,0
18482,643,321,0
18483,643,300,0
18484,643,894,0
18485,643,1104,0
18486,643,683,0
18487,643,1235,0
18488,643,667,0
18489,643,377,0
18490,643,113,0
18491,643,320,0
18492,643,765,0
18493,643,609,0
18494,643,751,0
18495,643,931,0
18496,643,930,0
18497,643,1102,0
18498,643,1177,0
18499,643,975,0
18500,643,1282,0
18501,643,597,0
18502,643,600,0
18503,643,656,0
18504,643,125,0
18505,643,370,0
18506,643,841,0
18507,643,910,0
18508,643,623,0
18509,643,1245,0
18510,643,1044,0
18511,643,1122,0
18512,643,1138,0
18513,643,859,0
18514,643,1016,0
18515,643,1035,0
18516,643,1046,0
18517,643,73,0
18518,643,299,0
18519,643,488,0
18520,643,281,0
18521,643,217,0
18522,643,1058,0
18523,643,1261,0
18524,643,1233,0
18525,643,433,0
18526,643,237,0
18527,643,462,0
18528,643,201,0
18529,643,882,0
18530,643,494,0
18531,643,114,0
18532,643,239,0
18533,643,519,0
18534,643,577,0
18535,643,741,0
18536,643,1159,0
18537,643,48,0
18538,643,819,0
18539,643,91,0
18540,643,1264,0
18541,643,432,0
18542,643,965,0
18543,643,251,0
18544,643,912,0
18545,643,796,0
18546,643,1361,0
18547,643,1313,0
18548,643,837,0
18549,643,463,0
18550,643,770,0
18551,643,412,0
18552,643,206,0
18553,643,415,0
18554,643,242,0
18555,643,382,0
18556,643,1194,0
18557,643,464,0
18558,643,181,0
18559,643,374,0
18560,643,586,0
18561,643,1288,0
18562,643,1372,0
18563,643,457,0
18564,643,259,0
18565,643,1169,0
18566,643,461,0
18567,643,1143,0
18568,643,803,0
18569,643,917,0
18570,643,85,0
18571,643,1309,0
18572,643,1132,0
18573,643,98,0
18574,643,1364,0
18575,643,834,0
18576,643,737,0
18577,643,1363,0
18578,643,1214,0
18579,643,1130,0
18580,643,1128,0
18581,643,481,0
18582,643,1163,0
18583,643,979,0
18584,643,852,0
18585,643,555,0
18586,643,722,0
18587,643,983,0
18588,643,21,0
18589,643,1099,0
18590,643,997,0
18591,643,308,0
18592,643,786,0
18593,643,756,0
18594,643,1041,0
18595,643,1175,0
18596,643,1347,0
18597,643,992,0
18598,643,646,0
18599,643,226,0
18600,643,394,0
18601,643,1161,0
18602,643,302,0
18603,643,906,0
18604,643,896,0
18605,643,401,0
18606,643,717,0
18607,643,637,0
18608,643,1196,0
18609,643,728,0
18610,643,1043,0
18611,643,213,0
18612,643,1220,0
18613,643,1387,0
18614,643,327,0
18615,643,1290,0
18616,643,1352,0
18617,643,787,0
18618,643,82,0
18619,643,937,0
18620,643,581,0
18621,643,295,0
18622,643,1019,0
18623,643,1181,0
18624,643,1060,0
18625,643,1319,0
18626,643,79,0
18627,643,267,0
18628,643,1066,0
18629,643,280,0
18630,643,99,0
18631,643,472,0
18632,643,730,0
18633,643,888,0
18634,643,1239,0
18635,643,687,0
18636,643,501,0
18637,643,782,0
18638,643,663,0
18639,643,31,0
18640,643,484,0
18641,643,414,0
18642,643,1225,0
18643,643,474,0
18644,643,1202,0
18645,643,813,0
18646,643,850,0
18647,643,952,0
18648,643,1170,0
18649,643,256,0
18650,643,250,0
18651,643,744,0
18652,643,34,0
18653,643,1024,0
18654,643,426,0
18655,643,618,0
18656,643,848,0
18657,643,998,0
18658,643,976,0
18659,643,456,0
18660,643,582,0
18661,643,376,0
18662,643,944,0
18663,643,954,0
18664,643,411,0
18665,643,1145,0
18666,643,72,0
18667,643,1008,0
18668,643,207,0
18669,643,168,0
18670,643,977,0
18671,643,150,0
18672,643,641,0
18673,643,137,0
18674,643,1243,0
18675,643,159,0
18676,643,1312,0
18677,643,1210,0
18678,643,568,0
18679,643,773,0
18680,643,583,0
18681,643,153,0
18682,643,469,0
18683,643,440,0
18684,643,407,0
18685,643,68,0
18686,643,1113,0
18687,643,735,0
18688,643,333,0
18689,643,3,0
18690,643,510,0
18691,643,482,0
18692,643,822,0
18693,643,828,0
18694,643,881,0
18695,643,96,0
18696,643,921,0
18697,643,1147,0
18698,643,672,0
18699,643,108,0
18700,643,22,0
18701,643,1315,0
18702,643,505,0
18703,643,806,0
18704,643,1207,0
18705,643,1366,0
18706,643,502,0
18707,643,1062,0
18708,643,418,0
18709,643,33,0
18710,643,361,0
18711,643,1215,0
18712,643,512,0
18713,643,688,0
18714,643,868,0
18715,643,404,0
18716,643,13,0
18717,643,205,0
18718,643,946,0
18719,643,458,0
18720,643,1096,0
18721,643,324,0
18722,643,1146,0
18723,643,1026,0
18724,643,1078,0
18725,643,269,0
18726,643,1279,0
18727,643,562,0
18728,643,704,0
18729,643,1076,0
18730,643,1314,0
18731,643,312,0
18732,643,375,0
18733,643,7,0
18734,643,81,0
18735,643,1153,0
18736,643,216,0
18737,643,140,0
18738,643,1047,0
18739,643,358,0
18740,643,145,0
18741,643,399,0
18742,643,668,0
18743,643,708,0
18744,643,511,0
18745,643,878,0
18746,643,907,0
18747,643,781,0
18748,643,366,0
18749,643,1020,0
18750,643,1303,0
18751,643,53,0
18752,643,1154,0
18753,643,473,0
18754,643,1354,0
18755,643,1393,0
18756,643,129,0
18757,643,676,0
18758,643,777,0
18759,643,895,0
18760,643,675,0
18761,643,236,0
18762,643,639,0
18763,643,1185,0
18764,643,1054,0
18765,643,794,0
18766,643,891,0
18767,643,571,0
18768,643,14,0
18769,643,988,0
18770,643,789,0
18771,643,978,0
18772,643,26,0
18773,643,1093,0
18774,643,974,0
18775,643,465,0
18776,643,1014,0
18777,643,492,0
18778,643,1067,0
18779,643,322,0
18780,643,536,0
18781,643,621,0
18782,643,319,0
18783,643,1032,0
18784,643,958,0
18785,643,993,0
18786,643,423,0
18787,643,540,0
18788,643,45,0
18789,643,196,0
18790,643,1389,0
18791,643,274,0
18792,643,11,0
18793,643,1368,0
18794,643,1092,0
18795,643,1152,0
18796,643,686,0
18797,643,1118,0
18798,643,570,0
18799,643,659,0
18800,643,1252,0
18801,643,1040,0
18802,643,1211,0
18803,643,959,0
18804,643,953,0
18805,643,1140,0
18806,643,1385,0
18807,643,1157,0
18808,643,949,0
18809,643,1304,0
18810,643,957,0
18811,643,846,0
18812,643,967,0
18813,643,1306,0
18814,643,759,0
18815,643,1276,0
18816,643,538,0
18817,643,389,0
18818,643,1165,0
18819,643,27,0
18820,643,886,0
18821,643,755,0
18822,643,1006,0
18823,643,198,0
18824,643,922,0
18825,643,866,0
18826,643,294,0
18827,643,1045,0
18828,643,788,0
18829,643,1055,0
18830,643,657,0
18831,643,453,0
18832,643,914,0
18833,643,253,0
18834,643,1271,0
18835,643,293,0
18836,643,1302,0
18837,643,388,0
18838,643,647,0
18839,643,1219,0
18840,643,367,0
18841,643,934,0
18842,643,1117,0
18843,643,1107,0
18844,643,1291,0
18845,643,1376,0
18846,643,1191,0
18847,643,353,0
18848,643,900,0
18849,643,779,0
18850,643,1256,0
18851,643,1053,0
18852,643,387,0
18853,643,1246,0
18854,643,178,0
18855,643,448,0
18856,643,1126,0
18857,643,240,0
18858,643,50,0
18859,643,101,0
18860,643,435,0
18861,643,802,0
18862,643,2,0
18863,643,942,0
18864,643,951,0
18865,643,1406,0
18866,643,106,0
18867,643,1379,0
18868,643,182,0
18869,643,857,0
18870,643,1274,0
18871,643,545,0
18872,643,739,0
18873,643,1084,0
18874,643,752,0
18875,643,1218,0
18876,643,1074,0
18877,643,1287,0
18878,643,714,0
18879,643,39,0
18880,643,630,0
18881,643,185,0
18882,643,252,0
18883,643,734,0
18884,643,337,0
18885,643,438,0
18886,643,1254,0
18887,643,565,0
18888,643,200,0
18889,643,748,0
18890,643,873,0
18891,643,1168,0
18892,643,172,0
18893,643,424,0
18894,643,664,0
18895,643,261,0
18896,643,161,0
18897,643,814,0
18898,643,275,0
18899,643,1242,0
18900,643,1349,0
18901,643,1394,0
18902,643,491,0
18903,643,1375,0
18904,643,118,0
18905,643,357,0
18906,643,9,0
18907,643,700,0
18908,643,1267,0
18909,643,908,0
18910,643,614,0
18911,643,871,0
18912,643,679,0
18913,643,821,0
18914,643,1260,0
18915,643,1155,0
18916,643,780,0
18917,643,225,0
18918,643,1305,0
18919,643,1158,0
18920,643,1300,0
18921,643,115,0
18922,643,1017,0
18923,643,963,0
18924,643,318,0
18925,643,340,0
18926,643,801,0
18927,643,1281,0
18928,643,537,0
18929,643,94,0
18930,643,855,0
18931,643,400,0
18932,643,1125,0
18933,643,1176,0
18934,643,1151,0
18935,643,379,0
18936,643,824,0
18937,643,829,0
18938,643,390,0
18939,643,981,0
18940,643,298,0
18941,643,42,0
18942,643,1386,0
18943,643,1018,0
18944,643,867,0
18945,643,157,0
18946,643,1286,0
18947,643,1381,0
18948,643,636,0
18949,643,283,0
18950,643,323,0
18951,643,543,0
18952,643,1338,0
18953,643,883,0
18954,643,815,0
18955,643,28,0
18956,643,109,0
18957,643,25,0
18958,643,865,0
18959,643,120,0
18960,643,311,0
18961,643,561,0
18962,643,611,0
18963,643,1174,0
18964,643,513,0
18965,643,282,0
18966,643,243,0
18967,643,671,0
18968,643,662,0
18969,643,175,0
18970,643,629,0
18971,643,1186,0
18972,643,16,0
18973,643,809,0
18974,643,255,0
18975,643,697,0
18976,643,617,0
18977,643,1333,0
18978,643,477,0
18979,643,360,0
18980,706,501,0
18981,706,412,0
18982,706,87,0
18983,706,916,0
18984,706,1263,0
18985,706,875,0
18986,706,592,0
18987,706,946,0
18988,706,708,0
18989,706,136,0
18990,706,1381,0
18991,706,306,0
18992,706,596,0
18993,706,954,0
18994,706,1324,0
18995,706,188,0
18996,706,556,0
18997,706,1118,0
18998,706,1388,0
18999,706,695,0
19000,706,928,0
19001,706,814,0
19002,706,843,0
19003,706,803,0
19004,706,1160,0
19005,706,722,0
19006,706,78,0
19007,706,98,0
19008,706,576,0
19009,706,1372,0
19010,706,356,0
19011,706,339,0
19012,706,766,0
19013,706,523,0
19014,706,368,0
19015,706,1003,0
19016,706,372,0
19017,706,1385,0
19018,706,1305,0
19019,706,1122,0
19020,706,726,0
19021,706,189,0
19022,706,964,0
19023,706,1176,0
19024,706,764,0
19025,706,494,0
19026,706,760,0
19027,706,1252,0
19028,706,1354,0
19029,706,373,0
19030,706,937,0
19031,706,550,0
19032,706,600,0
19033,706,1403,0
19034,706,1062,0
19035,706,233,0
19036,706,1332,0
19037,706,365,0
19038,706,387,0
19039,706,389,0
19040,706,584,0
19041,706,1264,0
19042,706,274,0
19043,706,837,0
19044,706,786,0
19045,706,1139,0
19046,706,95,0
19047,706,160,0
19048,706,551,0
19049,706,962,0
19050,706,17,0
19051,706,832,0
19052,706,1044,0
19053,706,39,0
19054,706,1070,0
19055,706,1134,0
19056,706,465,0
19057,706,96,0
19058,706,1311,0
19059,706,340,0
19060,706,152,0
19061,706,615,0
19062,706,515,0
19063,706,134,0
19064,706,430,0
19065,706,1124,0
19066,706,1353,0
19067,706,548,0
19068,706,461,0
19069,706,628,0
19070,706,236,0
19071,706,878,0
19072,706,85,0
19073,706,1,0
19074,706,890,0
19075,706,1400,0
19076,706,752,0
19077,706,217,0
19078,706,200,0
19079,706,1035,0
19080,706,540,0
19081,706,542,0
19082,706,1150,0
19083,706,1342,0
19084,706,1187,0
19085,706,835,0
19086,706,452,0
19087,706,1215,0
19088,706,269,0
19089,706,981,0
19090,706,549,0
19091,706,449,0
19092,706,524,0
19093,706,606,0
19094,706,567,0
19095,706,838,0
19096,706,769,0
19097,706,16,0
19098,706,511,0
19099,706,898,0
19100,706,1399,0
19101,706,712,0
19102,706,1197,0
19103,706,376,0
19104,706,312,0
19105,706,390,0
19106,706,1189,0
19107,706,1107,0
19108,706,228,0
19109,706,664,0
19110,706,470,0
19111,706,1138,0
19112,706,21,0
19113,706,512,0
19114,706,675,0
19115,706,377,0
19116,706,434,0
19117,706,91,0
19118,706,1265,0
19119,706,29,0
19120,706,221,0
19121,706,1249,0
19122,706,934,0
19123,706,772,0
19124,706,1147,0
19125,706,557,0
19126,706,383,0
19127,706,944,0
19128,706,316,0
19129,706,12,0
19130,706,314,0
19131,706,93,0
19132,706,753,0
19133,706,768,0
19134,706,148,0
19135,706,799,0
19136,706,525,0
19137,706,724,0
19138,706,1214,0
19139,706,466,0
19140,706,445,0
19141,706,13,0
19142,706,127,0
19143,706,427,0
19144,706,631,0
19145,706,1243,0
19146,706,42,0
19147,706,300,0
19148,706,1300,0
19149,706,529,0
19150,706,565,0
19151,706,44,0
19152,706,112,0
19153,706,651,0
19154,706,388,0
19155,706,56,0
19156,706,1152,0
19157,706,775,0
19158,706,787,0
19159,706,809,0
19160,706,521,0
19161,706,845,0
19162,706,1350,0
19163,706,1250,0
19164,706,990,0
19165,706,1329,0
19166,706,205,0
19167,706,1406,0
19168,706,260,0
19169,706,1143,0
19170,706,214,0
19171,706,667,0
19172,706,1310,0
19173,706,1174,0
19174,706,193,0
19175,706,1064,0
19176,706,805,0
19177,706,194,0
19178,706,1159,0
19179,706,1386,0
19180,706,683,0
19181,706,1338,0
19182,706,1374,0
19183,706,770,0
19184,706,857,0
19185,706,530,0
19186,706,817,0
19187,706,1302,0
19188,706,491,0
19189,706,418,0
19190,706,1008,0
19191,706,1135,0
19192,706,1279,0
19193,706,471,0
19194,706,374,0
19195,706,639,0
19196,706,104,0
19197,706,563,0
19198,706,262,0
19199,706,1067,0
19200,706,355,0
19201,706,51,0
19202,706,1359,0
19203,706,45,0
19204,706,128,0
19205,706,574,0
19206,706,864,0
19207,706,757,0
19208,706,1348,0
19209,706,659,0
19210,706,399,0
19211,706,18,0
19212,706,289,0
19213,706,1027,0
19214,706,1172,0
19215,706,261,0
19216,706,893,0
19217,706,476,0
19218,706,907,0
19219,706,1059,0
19220,706,455,0
19221,706,747,0
19222,706,407,0
19223,706,575,0
19224,706,800,0
19225,706,1006,0
19226,706,1394,0
19227,706,1061,0
19228,706,641,0
19229,706,235,0
19230,706,1227,0
19231,706,841,0
19232,706,66,0
19233,706,616,0
19234,706,203,0
19235,706,656,0
19236,706,818,0
19237,706,1069,0
19238,706,1341,0
19239,706,771,0
19240,706,154,0
19241,706,265,0
19242,706,119,0
19243,706,1286,0
19244,706,608,0
19245,706,816,0
19246,706,497,0
19247,706,419,0
19248,706,642,0
19249,706,915,0
19250,706,251,0
19251,706,479,0
19252,706,804,0
19253,706,405,0
19254,706,1260,0
19255,706,1173,0
19256,706,748,0
19257,706,1018,0
19258,706,1153,0
19259,706,833,0
19260,706,1051,0
19261,706,1293,0
19262,706,999,0
19263,706,1308,0
19264,706,776,0
19265,706,1259,0
19266,706,707,0
19267,706,692,0
19268,706,1188,0
19269,706,571,0
19270,706,533,0
19271,706,945,0
19272,706,963,0
19273,706,1039,0
19274,706,709,0
19275,706,266,0
19276,706,38,0
19277,706,797,0
19278,706,288,0
19279,706,1063,0
19280,706,1112,0
19281,706,140,0
19282,706,396,0
19283,706,1235,0
19284,706,1082,0
19285,706,1205,0
19286,706,648,0
19287,706,278,0
19288,706,1140,0
19289,706,647,0
19290,706,179,0
19291,706,508,0
19292,706,886,0
19293,706,967,0
19294,706,1228,0
19295,706,959,0
19296,706,282,0
19297,706,271,0
19298,706,1211,0
19299,706,460,0
19300,706,5,0
19301,706,229,0
19302,706,829,0
19303,706,668,0
19304,706,1014,0
19305,706,510,0
19306,706,342,0
19307,706,583,0
19308,706,1202,0
19309,706,1117,0
19310,706,110,0
19311,706,931,0
19312,706,425,0
19313,706,1182,0
19314,706,1328,0
19315,706,1028,0
19316,706,1145,0
19317,706,732,0
19318,706,1303,0
19319,706,594,0
19320,706,940,0
19321,706,912,0
19322,706,1405,0
19323,706,145,0
19324,706,397,0
19325,706,851,0
19326,706,820,0
19327,706,1297,0
19328,706,1398,0
19329,706,590,0
19330,706,253,0
19331,706,586,0
19332,706,364,0
19333,706,1363,0
19334,706,613,0
19335,706,823,0
19336,706,1254,0
19337,706,1071,0
19338,706,147,0
19339,706,698,0
19340,706,378,0
19341,706,844,0
19342,706,90,0
19343,706,168,0
19344,706,1105,0
19345,706,4,0
19346,706,1052,0
19347,706,883,0
19348,706,139,0
19349,706,783,0
19350,706,927,0
19351,706,428,0
19352,706,581,0
19353,706,1005,0
19354,706,918,0
19355,706,743,0
19356,706,514,0
19357,706,40,0
19358,706,1295,0
19359,706,37,0
19360,706,543,0
19361,706,791,0
19362,706,325,0
19363,706,326,0
19364,706,1142,0
19365,706,640,0
19366,706,1128,0
19367,706,1163,0
19368,706,1038,0
19369,706,132,0
19370,706,287,0
19371,706,1180,0
19372,706,464,0
19373,706,926,0
19374,706,699,0
19375,706,740,0
19376,706,705,0
19377,706,298,0
19378,706,317,0
19379,706,885,0
19380,706,702,0
19381,706,637,0
19382,706,520,0
19383,706,987,0
19384,706,7,0
19385,706,636,0
19386,706,48,0
19387,706,1222,0
19388,706,553,0
19389,706,65,0
19390,706,1181,0
19391,706,869,0
19392,706,539,0
19393,706,1216,0
19394,706,716,0
19395,706,611,0
19396,706,1343,0
19397,706,896,0
19398,706,1033,0
19399,706,292,0
19400,706,626,0
19401,706,293,0
19402,706,52,0
19403,706,1231,0
19404,706,487,0
19405,706,448,0
19406,706,286,0
19407,706,240,0
19408,706,82,0
19409,706,840,0
19410,706,238,0
19411,706,1158,0
19412,706,1349,0
19413,706,950,0
19414,706,1130,0
19415,706,850,0
19416,706,223,0
19417,706,350,0
19418,706,307,0
19419,706,806,0
19420,706,182,0
19421,706,176,0
19422,706,873,0
19423,706,496,0
19424,706,1165,0
19425,706,302,0
19426,706,495,0
19427,706,1136,0
19428,706,745,0
19429,706,905,0
19430,706,566,0
19431,706,429,0
19432,706,171,0
19433,706,197,0
19434,706,180,0
19435,706,86,0
19436,706,1336,0
19437,706,1079,0
19438,706,270,0
19439,706,158,0
19440,706,1001,0
19441,706,1274,0
19442,706,598,0
19443,706,279,0
19444,706,778,0
19445,706,1237,0
19446,706,1047,0
19447,706,268,0
19448,706,998,0
19449,706,796,0
19450,706,404,0
19451,706,652,0
19452,706,1360,0
19453,706,1009,0
19454,706,331,0
19455,706,763,0
19456,706,133,0
19457,706,1053,0
19458,706,673,0
19459,706,728,0
19460,706,788,0
19461,706,887,0
19462,706,1022,0
19463,706,395,0
19464,706,721,0
19465,706,109,0
19466,706,231,0
19467,706,1266,0
19468,706,1021,0
19469,706,398,0
19470,706,369,0
19471,706,1340,0
19472,706,761,0
19473,706,729,0
19474,706,734,0
19475,706,681,0
19476,706,618,0
19477,706,560,0
19478,706,1290,0
19479,706,433,0
19480,706,492,0
19481,706,241,0
19482,706,1322,0
19483,706,263,0
19484,706,924,0
19485,706,457,0
19486,706,421,0
19487,706,1217,0
19488,706,700,0
19489,706,779,0
19490,706,980,0
19491,706,53,0
19492,706,1291,0
19493,706,585,0
19494,706,106,0
19495,706,76,0
19496,706,1223,0
19497,706,15,0
19498,706,1203,0
19499,706,666,0
19500,706,441,0
19501,706,124,0
19502,706,1402,0
19503,706,756,0
19504,706,256,0
19505,706,1056,0
19506,706,410,0
19507,706,320,0
19508,706,24,0
19509,706,322,0
19510,706,254,0
19511,706,169,0
19512,706,336,0
19513,706,1276,0
19514,706,1084,0
19515,706,630,0
19516,706,25,0
19517,706,821,0
19518,706,1179,0
19519,706,607,0
19520,706,1032,0
19521,706,486,0
19522,706,411,0
19523,706,1395,0
19524,706,409,0
19525,706,1058,0
19526,706,22,0
19527,706,811,0
19528,706,277,0
19529,706,207,0
19530,706,678,0
19531,706,627,0
19532,706,393,0
19533,706,921,0
19534,706,1200,0
19535,706,646,0
19536,706,913,0
19537,706,363,0
19538,706,1294,0
19539,706,0,0
19540,706,580,0
19541,706,415,0
19542,706,351,0
19543,706,324,0
19544,706,1029,0
19545,706,688,0
19546,706,111,0
19547,706,965,0
19548,706,19,0
19549,706,1004,0
19550,706,1045,0
19551,706,1283,0
19552,706,1382,0
19553,706,901,0
19554,706,14,0
19555,706,54,0
19556,706,1320,0
19557,706,544,0
19558,706,1247,0
19559,706,717,0
19560,706,582,0
19561,706,281,0
19562,706,446,0
19563,706,328,0
19564,706,1110,0
19565,706,1161,0
19566,706,107,0
19567,706,273,0
19568,706,272,0
19569,706,1092,0
19570,706,1393,0
19571,706,625,0
19572,706,1275,0
19573,706,68,0
19574,706,1155,0
19575,706,1164,0
19576,706,1335,0
19577,706,1133,0
19578,706,125,0
19579,706,532,0
19580,706,1221,0
19581,706,153,0
19582,706,1141,0
19583,706,196,0
19584,706,961,0
19585,706,159,0
19586,706,1301,0
19587,706,693,0
19588,706,1097,0
19589,706,658,0
19590,706,863,0
19591,706,1109,0
19592,706,175,0
19593,706,682,0
19594,706,978,0
19595,706,1273,0
19596,706,1242,0
19597,706,49,0
19598,706,382,0
19599,706,213,0
19600,706,914,0
19601,706,979,0
19602,706,1157,0
19603,706,919,0
19604,706,802,0
19605,706,74,0
19606,706,1244,0
19607,706,354,0
19608,706,1099,0
19609,706,60,0
19610,706,426,0
19611,706,439,0
19612,706,474,0
19613,706,440,0
19614,706,650,0
19615,706,1036,0
19616,706,1330,0
19617,706,1383,0
19618,706,1334,0
19619,706,230,0
19620,706,480,0
19621,706,1166,0
19622,706,195,0
19623,706,900,0
19624,706,1020,0
19625,706,1102,0
19626,706,620,0
19627,706,562,0
19628,706,353,0
19629,706,882,0
19630,706,275,0
19631,706,1325,0
19632,706,252,0
19633,706,469,0
19634,706,554,0
19635,706,1046,0
19636,706,955,0
19637,706,130,0
19638,706,408,0
19639,706,420,0
19640,706,744,0
19641,706,71,0
19642,706,1407,0
19643,706,135,0
19644,706,1337,0
19645,706,561,0
19646,706,619,0
19647,706,1253,0
19648,706,79,0
19649,706,222,0
19650,706,458,0
19651,706,1261,0
19652,706,1171,0
19653,706,1380,0
19654,706,1049,0
19655,706,828,0
19656,706,1089,0
19657,706,925,0
19658,706,644,0
19659,706,215,0
19660,706,1368,0
19661,706,174,0
19662,706,872,0
19663,706,1379,0
19664,706,538,0
19665,706,810,0
19666,706,973,0
19667,706,655,0
19668,706,379,0
19669,706,1327,0
19670,706,604,0
19671,706,1404,0
19672,706,535,0
19673,706,391,0
19674,706,1220,0
19675,706,423,0
19676,706,801,0
19677,706,375,0
19678,706,1129,0
19679,706,31,0
19680,706,1167,0
19681,706,881,0
19682,706,386,0
19683,706,711,0
19684,706,371,0
19685,706,99,0
19686,706,1041,0
19687,706,939,0
19688,706,245,0
19689,706,490,0
19690,706,345,0
19691,706,1072,0
19692,706,1219,0
19693,706,853,0
19694,706,358,0
19695,706,64,0
19696,706,499,0
19697,706,634,0
19698,706,774,0
19699,706,83,0
19700,706,1401,0
19701,706,773,0
19702,706,162,0
19703,706,595,0
19704,706,854,0
19705,706,1318,0
19706,706,332,0
19707,706,531,0
19708,706,172,0
19709,706,657,0
19710,706,1313,0
19711,706,123,0
19712,706,243,0
19713,706,199,0
19714,706,958,0
19715,706,32,0
19716,706,1397,0
19717,706,1170,0
19718,706,1169,0
19719,706,248,0
19720,706,192,0
19721,706,714,0
19722,706,210,0
19723,706,1023,0
19724,706,1218,0
19725,706,942,0
19726,706,1323,0
19727,706,527,0
19728,706,414,0
19729,706,1299,0
19730,706,733,0
19731,706,807,0
19732,706,1230,0
19733,706,859,0
19734,706,686,0
19735,706,784,0
19736,706,822,0
19737,706,1238,0
19738,706,968,0
19739,706,1257,0
19740,706,622,0
19741,706,1106,0
19742,706,819,0
19743,706,1103,0
19744,706,824,0
19745,706,413,0
19746,706,36,0
19747,706,61,0
19748,706,624,0
19749,706,1114,0
19750,706,938,0
19751,706,406,0
19752,706,1127,0
19753,706,1277,0
19754,706,645,0
19755,706,758,0
19756,706,198,0
19757,706,749,0
19758,706,1224,0
19759,706,370,0
19760,706,1034,0
19761,706,638,0
19762,706,1351,0
19763,706,680,0
19764,706,1207,0
19765,706,1269,0
19766,706,1019,0
19767,706,431,0
19768,706,1091,0
19769,706,1229,0
19770,706,866,0
19771,706,92,0
19772,706,1104,0
19773,706,1111,0
19774,706,1209,0
19775,706,451,0
19776,706,1162,0
19777,706,1319,0
19778,706,2,0
19779,706,208,0
19780,706,1362,0
19781,706,1284,0
19782,706,1168,0
19783,706,503,0
19784,706,808,0
19785,706,558,0
19786,706,509,0
19787,706,359,0
19788,706,742,0
19789,706,1192,0
19790,706,1268,0
19791,706,1281,0
19792,706,88,0
19793,706,1154,0
19794,706,473,0
19795,706,852,0
19796,706,1177,0
19797,706,1258,0
19798,706,690,0
19799,706,333,0
19800,706,1232,0
19801,706,952,0
19802,706,55,0
19803,706,475,0
19804,706,75,0
19805,706,219,0
19806,706,1326,0
19807,706,1037,0
19808,706,1376,0
19809,706,715,0
19810,706,146,0
19811,706,1098,0
19812,706,953,0
19813,706,259,0
19814,706,462,0
19815,706,1148,0
19816,706,1317,0
19817,706,1288,0
19818,706,484,0
19819,706,579,0
19820,706,587,0
19821,706,1025,0
19822,706,1377,0
19823,706,1358,0
19824,706,1391,0
19825,706,957,0
19826,706,985,0
19827,706,813,0
19828,706,738,0
19829,706,984,0
19830,706,781,0
19831,706,131,0
19832,706,1234,0
19833,706,948,0
19834,706,1315,0
19835,706,1048,0
19836,706,765,0
19837,706,877,0
19838,706,1068,0
19839,706,649,0
19840,706,321,0
19841,706,141,0
19842,706,504,0
19843,706,1357,0
19844,706,870,0
19845,706,884,0
19846,706,677,0
19847,706,719,0
19848,706,588,0
19849,706,361,0
19850,706,762,0
19851,706,247,0
19852,706,211,0
19853,706,506,0
19854,706,1369,0
19855,706,267,0
19856,706,754,0
19857,706,865,0
19858,706,855,0
19859,706,795,0
19860,706,121,0
19861,706,972,0
19862,706,513,0
19863,706,338,0
19864,706,1339,0
19865,706,1094,0
19866,706,1198,0
19867,706,1333,0
19868,706,1267,0
19869,706,1199,0
19870,706,755,0
19871,706,190,0
19872,706,603,0
19873,706,536,0
19874,706,126,0
19875,706,1087,0
19876,706,1144,0
19877,706,614,0
19878,706,1066,0
19879,706,1256,0
19880,706,994,0
19881,706,1364,0
19882,706,991,0
19883,706,1123,0
19884,706,143,0
19885,706,447,0
19886,706,834,0
19887,706,183,0
19888,706,1272,0
19889,706,798,0
19890,706,1151,0
19891,706,1367,0
19892,706,1100,0
19893,706,1282,0
19894,706,602,0
19895,706,1017,0
19896,706,1015,0
19897,706,983,0
19898,706,100,0
19899,706,1085,0
19900,706,84,0
19901,706,1345,0
19902,706,161,0
19903,706,621,0
19904,706,329,0
19905,706,97,0
19906,706,108,0
19907,706,367,0
19908,706,1375,0
19909,706,232,0
19910,706,165,0
19911,706,661,0
19912,706,703,0
19913,706,577,0
19914,706,876,0
19915,706,173,0
19916,706,830,0
19917,706,1178,0
19918,706,242,0
19919,706,1262,0
19920,706,684,0
19921,717,390,0
19922,717,695,0
19923,717,847,0
19924,717,1275,0
19925,717,1155,0
19926,717,226,0
19927,717,1328,0
19928,717,1093,0
19929,717,150,0
19930,717,1074,0
19931,717,1077,0
19932,717,1132,0
19933,717,1144,0
19934,717,45,0
19935,717,72,0
19936,717,1145,0
19937,717,1016,0
19938,717,1400,0
19939,717,1358,0
19940,717,1233,0
19941,717,854,0
19942,717,321,0
19943,717,1153,0
19944,717,358,0
19945,717,673,0
19946,717,547,0
19947,717,911,0
19948,717,784,0
19949,717,928,0
19950,717,635,0
19951,717,1246,0
19952,717,1300,0
19953,717,1126,0
19954,717,530,0
19955,717,935,0
19956,717,1265,0
19957,717,1055,0
19958,717,745,0
19959,717,287,0
19960,717,588,0
19961,717,751,0
19962,717,1030,0
19963,717,1069,0
19964,717,61,0
19965,717,1323,0
19966,717,86,0
19967,717,534,0
19968,717,446,0
19969,717,207,0
19970,717,363,0
19971,717,139,0
19972,717,248,0
19973,717,1316,0
19974,717,674,0
19975,717,1184,0
19976,717,924,0
19977,717,281,0
19978,717,789,0
19979,717,879,0
19980,717,1105,0
19981,717,1010,0
19982,717,196,0
19983,717,1220,0
19984,717,955,0
19985,717,1116,0
19986,717,910,0
19987,717,648,0
19988,717,800,0
19989,717,1205,0
19990,717,915,0
19991,717,1356,0
19992,717,763,0
19993,717,1279,0
19994,717,881,0
19995,717,1081,0
19996,717,646,0
19997,717,680,0
19998,717,167,0
19999,717,1049,0
20000,717,776,0
20001,717,1405,0
20002,717,905,0
20003,717,419,0
20004,717,88,0
20005,717,1216,0
20006,717,541,0
20007,717,841,0
20008,717,434,0
20009,717,406,0
20010,717,149,0
20011,717,623,0
20012,717,972,0
20013,717,476,0
20014,717,537,0
20015,717,1375,0
20016,717,1108,0
20017,717,968,0
20018,717,1309,0
20019,717,1101,0
20020,717,927,0
20021,717,494,0
20022,717,734,0
20023,717,32,0
20024,717,47,0
20025,717,967,0
20026,717,137,0
20027,717,730,0
20028,717,732,0
20029,717,647,0
20030,717,93,0
20031,717,1163,0
20032,717,474,0
20033,717,425,0
20034,717,658,0
20035,717,375,0
20036,717,1292,0
20037,717,1170,0
20038,717,416,0
20039,717,295,0
20040,717,271,0
20041,717,315,0
20042,717,996,0
20043,717,970,0
20044,717,913,0
20045,717,605,0
20046,717,380,0
20047,717,1177,0
20048,717,405,0
20049,717,1365,0
20050,717,794,0
20051,717,265,0
20052,717,65,0
20053,717,949,0
20054,717,1282,0
20055,717,621,0
20056,717,914,0
20057,717,987,0
20058,717,1017,0
20059,717,1381,0
20060,717,1109,0
20061,717,209,0
20062,717,1006,0
20063,717,186,0
20064,717,439,0
20065,717,857,0
20066,717,1160,0
20067,717,349,0
20068,717,1033,0
20069,717,877,0
20070,717,31,0
20071,717,133,0
20072,717,912,0
20073,717,1264,0
20074,717,703,0
20075,717,1159,0
20076,717,705,0
20077,717,243,0
20078,717,592,0
20079,717,1273,0
20080,717,213,0
20081,717,497,0
20082,717,908,0
20083,717,659,0
20084,717,749,0
20085,717,1235,0
20086,717,966,0
20087,717,843,0
20088,717,144,0
20089,717,341,0
20090,717,35,0
20091,717,516,0
20092,717,182,0
20093,717,436,0
20094,717,1407,0
20095,717,1075,0
20096,717,1210,0
20097,717,681,0
20098,717,1156,0
20099,717,568,0
20100,717,709,0
20101,717,118,0
20102,717,1249,0
20103,717,921,0
20104,717,954,0
20105,717,491,0
20106,717,962,0
20107,717,1260,0
20108,717,1191,0
20109,717,351,0
20110,717,609,0
20111,717,480,0
20112,717,301,0
20113,717,1082,0
20114,717,1141,0
20115,717,1231,0
20116,717,1305,0
20117,717,574,0
20118,717,11,0
20119,717,654,0
20120,717,692,0
20121,717,1307,0
20122,717,545,0
20123,717,573,0
20124,717,421,0
20125,717,1408,0
20126,717,1167,0
20127,717,565,0
20128,717,426,0
20129,717,82,0
20130,717,891,0
20131,717,946,0
20132,717,838,0
20133,717,1157,0
20134,717,1325,0
20135,717,1326,0
20136,717,902,0
20137,717,1193,0
20138,717,810,0
20139,717,108,0
20140,717,131,0
20141,717,500,0
20142,717,848,0
20143,717,173,0
20144,717,100,0
20145,717,582,0
20146,717,1011,0
20147,717,907,0
20148,717,1295,0
20149,717,886,0
20150,717,417,0
20151,717,1395,0
20152,717,833,0
20153,717,1331,0
20154,717,90,0
20155,717,420,0
20156,717,665,0
20157,717,135,0
20158,717,1278,0
20159,717,76,0
20160,717,338,0
20161,717,864,0
20162,717,1113,0
20163,717,1269,0
20164,717,475,0
20165,717,566,0
20166,717,1038,0
20167,717,356,0
20168,717,1015,0
20169,717,1065,0
20170,717,1050,0
20171,717,598,0
20172,717,575,0
20173,717,1004,0
20174,717,679,0
20175,717,1227,0
20176,717,246,0
20177,717,456,0
20178,717,957,0
20179,717,463,0
20180,717,1236,0
20181,717,941,0
20182,717,753,0
20183,717,29,0
20184,717,466,0
20185,717,931,0
20186,717,1380,0
20187,717,617,0
20188,717,1154,0
20189,717,795,0
20190,717,244,0
20191,717,1095,0
20192,717,158,0
20193,717,154,0
20194,717,1180,0
20195,717,163,0
20196,717,870,0
20197,717,803,0
20198,717,922,0
20199,717,1385,0
20200,717,919,0
20201,717,396,0
20202,717,370,0
20203,717,801,0
20204,717,878,0
20205,717,711,0
20206,717,6,0
20207,717,252,0
20208,717,1310,0
20209,717,1089,0
20210,717,408,0
20211,717,663,0
20212,717,277,0
20213,717,389,0
20214,717,510,0
20215,717,744,0
20216,717,1104,0
20217,717,1029,0
20218,717,1373,0
20219,717,199,0
20220,717,558,0
20221,717,518,0
20222,717,311,0
20223,717,986,0
20224,717,240,0
20225,717,147,0
20226,717,1207,0
20227,717,1088,0
20228,717,1341,0
20229,717,125,0
20230,717,611,0
20231,717,559,0
20232,717,888,0
20233,717,302,0
20234,717,22,0
20235,717,1290,0
20236,717,219,0
20237,717,741,0
20238,717,142,0
20239,717,486,0
20240,717,303,0
20241,717,629,0
20242,717,26,0
20243,717,138,0
20244,717,999,0
20245,717,531,0
20246,717,333,0
20247,717,1384,0
20248,717,225,0
20249,717,195,0
20250,717,1317,0
20251,717,191,0
20252,717,1281,0
20253,717,132,0
20254,717,555,0
20255,717,1025,0
20256,717,840,0
20257,717,180,0
20258,717,1040,0
20259,717,1253,0
20260,717,909,0
20261,717,1148,0
20262,717,1062,0
20263,717,365,0
20264,717,778,0
20265,717,1013,0
20266,717,97,0
20267,717,343,0
20268,717,361,0
20269,717,850,0
20270,717,760,0
20271,717,845,0
20272,717,1241,0
20273,717,298,0
20274,717,920,0
20275,717,165,0
20276,717,619,0
20277,717,1149,0
20278,717,81,0
20279,717,773,0
20280,717,958,0
20281,717,926,0
20282,717,1232,0
20283,717,1308,0
20284,717,503,0
20285,717,984,0
20286,717,512,0
20287,717,739,0
20288,717,1303,0
20289,717,106,0
20290,717,1237,0
20291,717,1208,0
20292,717,202,0
20293,717,485,0
20294,717,228,0
20295,717,593,0
20296,717,71,0
20297,717,583,0
20298,717,722,0
20299,717,103,0
20300,717,484,0
20301,717,676,0
20302,717,236,0
20303,717,166,0
20304,717,577,0
20305,717,1340,0
20306,717,932,0
20307,717,1342,0
20308,717,806,0
20309,717,830,0
20310,717,54,0
20311,717,883,0
20312,717,1314,0
20313,717,464,0
20314,717,990,0
20315,717,1056,0
20316,717,961,0
20317,717,1285,0
20318,717,42,0
20319,717,1079,0
20320,717,400,0
20321,717,469,0
20322,717,953,0
20323,717,726,0
20324,717,1147,0
20325,717,1012,0
20326,717,262,0
20327,717,1321,0
20328,717,581,0
20329,717,608,0
20330,717,143,0
20331,717,991,0
20332,717,1277,0
20333,717,1343,0
20334,717,1262,0
20335,717,1363,0
20336,717,602,0
20337,717,1204,0
20338,717,675,0
20339,717,787,0
20340,717,322,0
20341,717,205,0
20342,717,200,0
20343,717,983,0
20344,717,1230,0
20345,717,1165,0
20346,717,313,0
20347,717,162,0
20348,717,746,0
20349,717,1032,0
20350,717,1198,0
20351,717,873,0
20352,717,1202,0
20353,717,63,0
20354,717,276,0
20355,717,1183,0
20356,717,126,0
20357,717,359,0
20358,717,740,0
20359,717,779,0
20360,717,66,0
20361,717,1293,0
20362,717,450,0
20363,717,1166,0
20364,717,834,0
20365,717,1320,0
20366,717,159,0
20367,717,1175,0
20368,717,136,0
20369,717,296,0
20370,717,1399,0
20371,717,499,0
20372,717,507,0
20373,717,964,0
20374,717,1045,0
20375,717,1267,0
20376,717,988,0
20377,717,1001,0
20378,717,99,0
20379,717,1296,0
20380,717,1034,0
20381,717,179,0
20382,717,415,0
20383,717,808,0
20384,717,1244,0
20385,717,698,0
20386,717,151,0
20387,717,189,0
20388,717,155,0
20389,717,247,0
20390,717,218,0
20391,717,610,0
20392,717,546,0
20393,717,704,0
20394,717,153,0
20395,717,493,0
20396,717,980,0
20397,717,1369,0
20398,717,651,0
20399,717,1136,0
20400,717,1152,0
20401,717,1349,0
20402,717,1071,0
20403,717,263,0
20404,717,1080,0
20405,717,1158,0
20406,717,394,0
20407,717,223,0
20408,717,684,0
20409,717,1005,0
20410,717,383,0
20411,717,168,0
20412,717,1250,0
20413,717,917,0
20414,717,836,0
20415,717,765,0
20416,717,1200,0
20417,717,735,0
20418,717,1354,0
20419,717,1176,0
20420,717,229,0
20421,717,1401,0
20422,717,938,0
20423,717,203,0
20424,717,206,0
20425,717,357,0
20426,717,1318,0
20427,717,522,0
20428,717,317,0
20429,717,1099,0
20430,717,250,0
20431,717,441,0
20432,717,687,0
20433,717,87,0
20434,717,212,0
20435,717,366,0
20436,717,701,0
20437,717,767,0
20438,717,46,0
20439,717,1222,0
20440,717,1128,0
20441,717,948,0
20442,717,308,0
20443,717,104,0
20444,717,309,0
20445,717,177,0
20446,717,1406,0
20447,717,1044,0
20448,717,294,0
20449,717,1110,0
20450,717,1107,0
20451,717,282,0
20452,717,1000,0
20453,717,448,0
20454,717,1312,0
20455,717,1084,0
20456,717,897,0
20457,717,899,0
20458,717,691,0
20459,717,2,0
20460,717,1098,0
20461,717,18,0
20462,717,997,0
20463,717,1114,0
20464,717,992,0
20465,717,387,0
20466,717,91,0
20467,717,612,0
20468,717,433,0
20469,717,956,0
20470,717,354,0
20471,717,1120,0
20472,717,1344,0
20473,717,1164,0
20474,717,700,0
20475,717,300,0
20476,717,291,0
20477,717,1023,0
20478,717,714,0
20479,717,60,0
20480,717,596,0
20481,717,384,0
20482,717,185,0
20483,717,1382,0
20484,717,633,0
20485,717,509,0
20486,717,67,0
20487,717,190,0
20488,717,16,0
20489,717,1371,0
20490,717,1362,0
20491,717,981,0
20492,717,275,0
20493,717,896,0
20494,717,1226,0
20495,717,94,0
20496,717,820,0
20497,717,116,0
20498,717,995,0
20499,717,352,0
20500,717,1255,0
20501,717,1242,0
20502,717,813,0
20503,717,14,0
20504,717,851,0
20505,717,672,0
20506,717,603,0
20507,717,293,0
20508,717,1051,0
20509,717,1140,0
20510,717,9,0
20511,717,620,0
20512,717,827,0
20513,717,257,0
20514,717,378,0
20515,717,1181,0
20516,717,429,0
20517,717,713,0
20518,717,752,0
20519,717,1003,0
20520,717,796,0
20521,717,590,0
20522,717,337,0
20523,717,1133,0
20524,717,96,0
20525,717,83,0
20526,717,866,0
20527,717,113,0
20528,717,542,0
20529,717,7,0
20530,717,1234,0
20531,717,856,0
20532,717,639,0
20533,717,1106,0
20534,717,716,0
20535,717,1299,0
20536,717,455,0
20537,717,1060,0
20538,717,788,0
20539,717,974,0
20540,717,58,0
20541,717,23,0
20542,717,1378,0
20543,717,1240,0
20544,717,521,0
20545,717,645,0
20546,717,1085,0
20547,717,111,0
20548,717,13,0
20549,717,1315,0
20550,717,916,0
20551,717,85,0
20552,717,923,0
20553,717,1054,0
20554,717,399,0
20555,717,259,0
20556,717,823,0
20557,717,576,0
20558,717,1339,0
20559,717,561,0
20560,717,331,0
20561,717,589,0
20562,717,1335,0
20563,717,855,0
20564,717,643,0
20565,717,1026,0
20566,717,442,0
20567,717,790,0
20568,717,1096,0
20569,717,863,0
20570,717,1286,0
20571,717,814,0
20572,717,664,0
20573,717,865,0
20574,727,84,0
20575,727,979,0
20576,727,477,0
20577,727,367,0
20578,727,535,0
20579,727,1118,0
20580,727,1066,0
20581,727,813,0
20582,727,1130,0
20583,727,85,0
20584,727,1355,0
20585,727,677,0
20586,727,1018,0
20587,727,384,0
20588,727,1379,0
20589,727,124,0
20590,727,397,0
20591,727,959,0
20592,727,1227,0
20593,727,308,0
20594,727,1056,0
20595,727,250,0
20596,727,81,0
20597,727,412,0
20598,727,1277,0
20599,727,1323,0
20600,727,778,0
20601,727,486,0
20602,727,731,0
20603,727,418,0
20604,727,1114,0
20605,727,1025,0
20606,727,716,0
20607,727,823,0
20608,727,1097,0
20609,727,1234,0
20610,727,43,0
20611,727,27,0
20612,727,1017,0
20613,727,321,0
20614,727,65,0
20615,727,1291,0
20616,727,568,0
20617,727,848,0
20618,727,1257,0
20619,727,720,0
20620,727,1389,0
20621,727,248,0
20622,727,236,0
20623,727,1144,0
20624,727,1189,0
20625,727,1147,0
20626,727,377,0
20627,727,295,0
20628,727,818,0
20629,727,167,0
20630,727,1186,0
20631,727,288,0
20632,727,345,0
20633,727,239,0
20634,727,1159,0
20635,727,837,0
20636,727,933,0
20637,727,758,0
20638,727,1138,0
20639,727,921,0
20640,727,982,0
20641,727,1102,0
20642,727,1180,0
20643,727,627,0
20644,727,1314,0
20645,727,658,0
20646,727,433,0
20647,727,219,0
20648,727,1282,0
20649,727,584,0
20650,727,1099,0
20651,727,209,0
20652,727,764,0
20653,727,1060,0
20654,727,10,0
20655,727,29,0
20656,727,895,0
20657,727,1268,0
20658,727,788,0
20659,727,1345,0
20660,727,1041,0
20661,727,501,0
20662,727,1249,0
20663,727,612,0
20664,727,665,0
20665,727,474,0
20666,727,1313,0
20667,727,120,0
20668,727,675,0
20669,727,1070,0
20670,727,173,0
20671,727,1096,0
20672,727,212,0
20673,727,1022,0
20674,727,527,0
20675,727,693,0
20676,727,1219,0
20677,727,451,0
20678,727,383,0
20679,727,1229,0
20680,727,644,0
20681,727,159,0
20682,727,172,0
20683,727,1396,0
20684,727,1276,0
20685,727,273,0
20686,727,310,0
20687,727,896,0
20688,727,529,0
20689,727,632,0
20690,727,180,0
20691,727,356,0
20692,727,1072,0
20693,727,717,0
20694,727,970,0
20695,727,965,0
20696,727,1400,0
20697,727,195,0
20698,727,324,0
20699,727,546,0
20700,727,1337,0
20701,727,962,0
20702,727,78,0
20703,727,79,0
20704,727,769,0
20705,727,687,0
20706,727,947,0
20707,727,955,0
20708,727,101,0
20709,727,831,0
20710,727,957,0
20711,727,1362,0
20712,727,709,0
20713,727,268,0
20714,727,888,0
20715,727,1388,0
20716,727,616,0
20717,727,963,0
20718,727,799,0
20719,727,1238,0
20720,727,390,0
20721,727,164,0
20722,727,1226,0
20723,727,135,0
20724,727,1387,0
20725,727,530,0
20726,727,712,0
20727,727,184,0
20728,727,1111,0
20729,727,1339,0
20730,727,925,0
20731,727,407,0
20732,727,770,0
20733,727,388,0
20734,727,1236,0
20735,727,556,0
20736,727,1012,0
20737,727,1338,0
20738,727,189,0
20739,727,1190,0
20740,727,419,0
20741,727,1255,0
20742,727,908,0
20743,727,1164,0
20744,727,892,0
20745,727,605,0
20746,727,1214,0
20747,727,214,0
20748,727,1377,0
20749,727,1095,0
20750,727,879,0
20751,727,415,0
20752,727,241,0
20753,727,1350,0
20754,727,381,0
20755,727,386,0
20756,727,52,0
20757,727,816,0
20758,727,512,0
20759,727,1302,0
20760,727,1369,0
20761,727,498,0
20762,727,17,0
20763,727,1317,0
20764,727,226,0
20765,727,785,0
20766,727,353,0
20767,727,767,0
20768,727,339,0
20769,727,264,0
20770,727,161,0
20771,727,41,0
20772,727,162,0
20773,727,99,0
20774,727,134,0
20775,727,1332,0
20776,727,803,0
20777,727,1304,0
20778,727,541,0
20779,727,378,0
20780,727,154,0
20781,727,1170,0
20782,727,1027,0
20783,727,26,0
20784,727,936,0
20785,727,669,0
20786,727,1129,0
20787,727,227,0
20788,727,1045,0
20789,727,1030,0
20790,727,1073,0
20791,727,145,0
20792,727,1033,0
20793,727,1357,0
20794,727,986,0
20795,727,536,0
20796,727,525,0
20797,727,684,0
20798,727,606,0
20799,727,1228,0
20800,727,1154,0
20801,727,1201,0
20802,727,150,0
20803,727,436,0
20804,727,985,0
20805,727,131,0
20806,727,1370,0
20807,727,1091,0
20808,727,37,0
20809,727,634,0
20810,727,873,0
20811,727,500,0
20812,727,403,0
20813,727,155,0
20814,727,207,0
20815,727,484,0
20816,727,237,0
20817,727,351,0
20818,727,320,0
20819,727,33,0
20820,727,681,0
20821,727,151,0
20822,727,851,0
20823,727,379,0
20824,727,323,0
20825,727,771,0
20826,727,1207,0
20827,727,729,0
20828,727,1169,0
20829,727,63,0
20830,727,1115,0
20831,727,187,0
20832,727,692,0
20833,727,636,0
20834,727,110,0
20835,727,1199,0
20836,727,175,0
20837,727,1078,0
20838,727,750,0
20839,727,737,0
20840,727,1326,0
20841,727,841,0
20842,727,1011,0
20843,727,76,0
20844,727,1090,0
20845,727,989,0
20846,727,1398,0
20847,727,208,0
20848,727,1019,0
20849,727,672,0
20850,727,1188,0
20851,727,104,0
20852,727,281,0
20853,727,429,0
20854,727,1322,0
20855,727,428,0
20856,727,725,0
20857,727,0,0
20858,727,333,0
20859,727,742,0
20860,727,710,0
20861,727,833,0
20862,727,1194,0
20863,727,6,0
20864,727,797,0
20865,727,1076,0
20866,727,109,0
20867,727,13,0
20868,727,545,0
20869,727,808,0
20870,727,298,0
20871,727,1344,0
20872,727,144,0
20873,727,448,0
20874,727,469,0
20875,727,216,0
20876,727,326,0
20877,727,911,0
20878,727,782,0
20879,727,143,0
20880,727,916,0
20881,727,1015,0
20882,727,1210,0
20883,727,1318,0
20884,727,1178,0
20885,727,177,0
20886,727,993,0
20887,727,1083,0
20888,727,1116,0
20889,727,967,0
20890,727,513,0
20891,727,1007,0
20892,727,45,0
20893,727,1343,0
20894,727,570,0
20895,727,648,0
20896,727,285,0
20897,727,793,0
20898,727,969,0
20899,727,1166,0
20900,727,322,0
20901,727,1042,0
20902,727,290,0
20903,727,899,0
20904,727,988,0
20905,727,1223,0
20906,727,653,0
20907,727,1351,0
20908,727,87,0
20909,727,843,0
20910,727,1297,0
20911,727,235,0
20912,727,880,0
20913,727,156,0
20914,727,622,0
20915,727,854,0
20916,727,1378,0
20917,727,682,0
20918,727,1356,0
20919,727,100,0
20920,727,34,0
20921,727,1284,0
20922,727,117,0
20923,727,689,0
20924,727,951,0
20925,727,756,0
20926,727,901,0
20927,727,9,0
20928,727,1075,0
20929,727,385,0
20930,727,723,0
20931,727,446,0
20932,727,1295,0
20933,727,1292,0
20934,727,447,0
20935,727,811,0
20936,727,668,0
20937,727,551,0
20938,727,414,0
20939,727,1266,0
20940,727,862,0
20941,727,292,0
20942,727,1301,0
20943,727,604,0
20944,727,866,0
20945,727,278,0
20946,727,392,0
20947,727,1237,0
20948,727,728,0
20949,727,775,0
20950,727,861,0
20951,727,287,0
20952,727,105,0
20953,727,1405,0
20954,727,139,0
20955,727,560,0
20956,727,215,0
20957,727,66,0
20958,727,869,0
20959,727,722,0
20960,727,704,0
20961,727,1336,0
20962,727,1305,0
20963,727,276,0
20964,727,741,0
20965,727,439,0
20966,727,576,0
20967,727,609,0
20968,727,1104,0
20969,727,1250,0
20970,727,118,0
20971,727,538,0
20972,727,917,0
20973,727,820,0
20974,727,108,0
20975,727,1139,0
20976,727,470,0
20977,727,1101,0
20978,727,523,0
20979,727,348,0
20980,727,522,0
20981,727,670,0
20982,727,1394,0
20983,727,401,0
20984,727,528,0
20985,727,626,0
20986,727,112,0
20987,727,984,0
20988,727,588,0
20989,727,1142,0
20990,727,362,0
20991,727,1347,0
20992,727,1071,0
20993,727,158,0
20994,727,697,0
20995,727,223,0
20996,727,1008,0
20997,727,263,0
20998,727,1296,0
20999,727,1043,0
21000,727,1275,0
21001,727,705,0
21002,727,685,0
21003,727,708,0
21004,727,495,0
21005,727,863,0
21006,727,253,0
21007,727,550,0
21008,727,657,0
21009,727,578,0
21010,727,157,0
21011,727,1016,0
21012,727,1331,0
21013,727,924,0
21014,727,478,0
21015,727,696,0
21016,727,1054,0
21017,727,1036,0
21018,727,417,0
21019,727,396,0
21020,727,765,0
21021,727,1037,0
21022,727,838,0
21023,727,245,0
21024,727,597,0
21025,727,944,0
21026,727,945,0
21027,727,510,0
21028,727,1286,0
21029,727,852,0
21030,727,408,0
21031,727,1287,0
21032,727,872,0
21033,727,49,0
21034,727,929,0
21035,727,126,0
21036,727,218,0
21037,727,1193,0
21038,727,77,0
21039,727,1373,0
21040,727,558,0
21041,727,806,0
21042,727,791,0
21043,727,364,0
21044,727,426,0
21045,727,508,0
21046,727,768,0
21047,727,434,0
21048,727,400,0
21049,727,876,0
21050,727,116,0
21051,727,579,0
21052,727,654,0
21053,727,619,0
21054,727,482,0
21055,727,1074,0
21056,727,966,0
21057,727,346,0
21058,727,94,0
21059,727,549,0
21060,727,74,0
21061,727,1034,0
21062,727,1000,0
21063,727,567,0
21064,727,673,0
21065,727,928,0
21066,727,365,0
21067,727,630,0
21068,727,784,0
21069,727,977,0
21070,727,804,0
21071,727,1053,0
21072,727,1252,0
21073,727,261,0
21074,727,971,0
21075,727,335,0
21076,727,1289,0
21077,727,801,0
21078,727,1265,0
21079,727,427,0
21080,727,640,0
21081,727,1044,0
21082,727,651,0
21083,727,129,0
21084,727,280,0
21085,727,1244,0
21086,727,860,0
21087,727,213,0
21088,727,878,0
21089,727,563,0
21090,727,766,0
21091,727,975,0
21092,727,44,0
21093,727,424,0
21094,727,222,0
21095,727,83,0
21096,727,641,0
21097,727,638,0
21098,727,40,0
21099,727,1240,0
21100,727,903,0
21101,727,1121,0
21102,727,1006,0
21103,727,983,0
21104,727,1300,0
21105,727,1352,0
21106,727,1062,0
21107,727,505,0
21108,727,472,0
21109,727,826,0
21110,727,249,0
21111,727,1258,0
21112,727,307,0
21113,727,73,0
21114,727,715,0
21115,727,193,0
21116,727,956,0
21117,727,671,0
21118,727,1134,0
21119,727,39,0
21120,727,1187,0
21121,727,349,0
21122,727,940,0
21123,727,1358,0
21124,727,169,0
21125,727,1348,0
21126,727,736,0
21127,727,174,0
21128,727,350,0
21129,727,1124,0
21130,727,582,0
21131,727,639,0
21132,727,1316,0
21133,727,255,0
21134,727,846,0
21135,727,232,0
21136,727,1098,0
21137,727,51,0
21138,727,930,0
21139,727,591,0
21140,727,790,0
21141,727,849,0
21142,727,1248,0
21143,727,449,0
21144,727,503,0
21145,727,1246,0
21146,727,915,0
21147,727,430,0
21148,727,1409,0
21149,727,1312,0
21150,727,493,0
21151,727,123,0
21152,727,137,0
21153,727,1120,0
21154,727,432,0
21155,727,518,0
21156,727,460,0
21157,727,61,0
21158,727,509,0
21159,727,779,0
21160,727,1245,0
21161,727,855,0
21162,727,300,0
21163,727,1273,0
21164,727,1047,0
21165,727,819,0
21166,727,352,0
21167,727,1382,0
21168,727,1392,0
21169,727,91,0
21170,727,701,0
21171,727,1152,0
21172,727,363,0
21173,727,1206,0
21174,727,1290,0
21175,727,70,0
21176,727,857,0
21177,727,312,0
21178,727,991,0
21179,727,1003,0
21180,727,907,0
21181,727,125,0
21182,727,809,0
21183,727,1320,0
21184,727,246,0
21185,727,910,0
21186,727,952,0
21187,727,1395,0
21188,727,594,0
21189,727,1283,0
21190,727,1168,0
21191,727,30,0
21192,727,425,0
21193,727,111,0
21194,727,149,0
21195,727,96,0
21196,727,920,0
21197,727,688,0
21198,727,904,0
21199,727,1253,0
21200,727,357,0
21201,727,185,0
21202,727,739,0
21203,727,1029,0
21204,727,1176,0
21205,727,718,0
21206,727,642,0
21207,727,1241,0
21208,727,1093,0
21209,727,621,0
21210,727,271,0
21211,727,994,0
21212,727,56,0
21213,727,942,0
21214,727,338,0
21215,727,1107,0
21216,727,1192,0
21217,727,1285,0
21218,727,1333,0
21219,727,1135,0
21220,727,336,0
21221,727,373,0
21222,727,635,0
21223,727,620,0
21224,727,442,0
21225,727,1112,0
21226,727,1274,0
21227,727,573,0
21228,727,224,0
21229,727,1131,0
21230,727,1175,0
21231,727,1380,0
21232,727,646,0
21233,727,1327,0
21234,727,304,0
21235,727,473,0
21236,727,836,0
21237,727,856,0
21238,727,181,0
21239,727,431,0
21240,727,1055,0
21241,727,258,0
21242,727,585,0
21243,727,919,0
21244,727,16,0
21245,727,1368,0
21246,727,781,0
21247,727,656,0
21248,727,566,0
21249,727,1021,0
21250,727,1342,0
21251,727,1209,0
21252,727,119,0
21253,727,1079,0
21254,727,286,0
21255,727,561,0
21256,727,136,0
21257,727,1218,0
21258,727,1271,0
21259,727,147,0
21260,727,1084,0
21261,727,1376,0
21262,727,1334,0
21263,727,1059,0
21264,727,587,0
21265,727,884,0
21266,727,269,0
21267,727,909,0
21268,727,282,0
21269,727,914,0
21270,727,1310,0
21271,727,504,0
21272,727,260,0
21273,727,1086,0
21274,727,891,0
21275,727,50,0
21276,727,1386,0
21277,727,858,0
21278,727,812,0
21279,727,1391,0
21280,727,1269,0
21281,727,471,0
21282,727,652,0
21283,727,599,0
21284,727,114,0
21285,727,760,0
21286,727,1143,0
21287,727,334,0
21288,727,171,0
21289,727,190,0
21290,727,547,0
21291,727,331,0
21292,727,1372,0
21293,727,1182,0
21294,727,36,0
21295,727,238,0
21296,727,927,0
21297,727,1298,0
21298,727,1133,0
21299,727,700,0
21300,727,467,0
21301,727,1157,0
21302,727,1202,0
21303,727,1267,0
21304,727,1309,0
21305,727,1196,0
21306,727,1160,0
21307,727,740,0
21308,727,380,0
21309,727,183,0
21310,727,882,0
21311,727,1222,0
21312,727,402,0
21313,727,1163,0
21314,727,376,0
21315,727,1172,0
21316,727,204,0
21317,727,583,0
21318,727,374,0
21319,727,1303,0
21320,727,533,0
21321,727,1185,0
21322,727,163,0
21323,727,1235,0
21324,727,939,0
21325,727,1204,0
21326,727,59,0
21327,727,234,0
21328,727,598,0
21329,727,859,0
21330,727,713,0
21331,727,347,0
21332,727,152,0
21333,727,889,0
21334,727,492,0
21335,727,1354,0
21336,727,726,0
21337,727,82,0
21338,727,932,0
21339,727,201,0
21340,727,1145,0
21341,727,107,0
21342,727,1200,0
21343,727,464,0
21344,727,197,0
21345,727,423,0
21346,727,343,0
21347,727,1014,0
21348,727,734,0
21349,727,411,0
21350,727,42,0
21351,727,1293,0
21352,727,520,0
21353,727,445,0
21354,727,870,0
21355,727,746,0
21356,727,305,0
21357,727,103,0
21358,727,1105,0
21359,727,64,0
21360,727,997,0
21361,727,46,0
21362,727,1399,0
21363,727,1321,0
21364,727,314,0
21365,727,121,0
21366,727,160,0
21367,727,759,0
21368,727,127,0
21369,727,881,0
21370,727,318,0
21371,727,455,0
21372,727,22,0
21373,727,691,0
21374,727,1231,0
21375,727,749,0
21376,727,543,0
21377,727,519,0
21378,727,1013,0
21379,727,666,0
21380,727,284,0
21381,727,733,0
21382,727,256,0
21383,727,1002,0
21384,727,1225,0
21385,727,306,0
21386,727,468,0
21387,727,633,0
21388,727,170,0
21389,727,1361,0
21390,727,897,0
21391,727,1109,0
21392,727,398,0
21393,727,1211,0
21394,727,664,0
21395,727,610,0
21396,727,198,0
21397,727,1205,0
21398,727,23,0
21399,727,97,0
21400,727,789,0
21401,727,1063,0
21402,727,1402,0
21403,727,35,0
21404,727,1069,0
21405,727,937,0
21406,727,810,0
21407,727,777,0
21408,727,1001,0
21409,727,1150,0
21410,727,382,0
21411,727,228,0
21412,727,146,0
21413,727,406,0
21414,727,660,0
21415,727,1365,0
21416,727,1010,0
21417,727,1024,0
21418,727,1181,0
21419,727,395,0
21420,727,893,0
21421,727,1261,0
21422,727,1140,0
21423,727,847,0
21424,727,1040,0
21425,727,1401,0
21426,727,225,0
21427,727,624,0
21428,727,1094,0
21429,727,130,0
21430,727,617,0
21431,727,511,0
21432,727,1263,0
21433,727,618,0
21434,727,650,0
21435,727,786,0
21436,727,987,0
21437,727,441,0
21438,727,1216,0
21439,727,341,0
21440,727,596,0
21441,727,462,0
21442,727,637,0
21443,727,1215,0
21444,727,743,0
21445,727,132,0
21446,727,1184,0
21447,727,58,0
21448,727,1213,0
21449,727,317,0
21450,727,48,0
21451,727,230,0
21452,727,375,0
21453,727,1349,0
21454,727,1009,0
21455,727,680,0
21456,727,603,0
21457,727,894,0
21458,727,1088,0
21459,727,494,0
21460,727,973,0
21461,727,1126,0
21462,727,72,0
21463,727,1406,0
21464,727,1325,0
21465,727,572,0
21466,727,645,0
21467,727,694,0
21468,727,262,0
21469,727,990,0
21470,727,438,0
21471,727,220,0
21472,727,949,0
21473,727,1026,0
21474,727,31,0
21475,727,1100,0
21476,727,454,0
21477,727,698,0
21478,727,757,0
21479,727,1146,0
21480,727,1294,0
21481,727,877,0
21482,727,1082,0
21483,727,1122,0
21484,727,569,0
21485,727,898,0
21486,727,730,0
21487,727,807,0
21488,727,502,0
21489,727,485,0
21490,727,521,0
21491,727,1023,0
21492,727,499,0
21493,727,761,0
21494,727,1324,0
21495,727,824,0
21496,727,732,0
21497,727,950,0
21498,727,186,0
21499,727,309,0
21500,727,1233,0
21501,727,1353,0
21502,727,311,0
21503,727,828,0
21504,727,735,0
21505,727,773,0
21506,822,1371,0
21507,822,1105,0
21508,822,160,0
21509,822,1286,0
21510,822,534,0
21511,822,837,0
21512,822,437,0
21513,822,1290,0
21514,822,719,0
21515,822,379,0
21516,822,550,0
21517,822,1101,0
21518,822,793,0
21519,822,1181,0
21520,822,615,0
21521,822,565,0
21522,822,951,0
21523,822,364,0
21524,822,835,0
21525,822,787,0
21526,822,1042,0
21527,822,811,0
21528,822,1127,0
21529,822,327,0
21530,822,306,0
21531,822,338,0
21532,822,1059,0
21533,822,92,0
21534,822,483,0
21535,822,597,0
21536,822,906,0
21537,822,840,0
21538,822,796,0
21539,822,656,0
21540,822,67,0
21541,822,539,0
21542,822,703,0
21543,822,1145,0
21544,822,531,0
21545,822,237,0
21546,822,1008,0
21547,822,1038,0
21548,822,596,0
21549,822,881,0
21550,822,192,0
21551,822,1367,0
21552,822,250,0
21553,822,1067,0
21554,822,380,0
21555,822,152,0
21556,822,342,0
21557,822,1250,0
21558,822,452,0
21559,822,1274,0
21560,822,581,0
21561,822,328,0
21562,822,1341,0
21563,822,423,0
21564,822,353,0
21565,822,227,0
21566,822,741,0
21567,822,670,0
21568,822,251,0
21569,822,989,0
21570,822,859,0
21571,822,1270,0
21572,822,1132,0
21573,822,1102,0
21574,822,275,0
21575,822,403,0
21576,822,547,0
21577,822,1301,0
21578,822,1058,0
21579,822,838,0
21580,822,450,0
21581,822,856,0
21582,822,960,0
21583,822,1001,0
21584,822,526,0
21585,822,435,0
21586,822,621,0
21587,822,950,0
21588,822,883,0
21589,822,71,0
21590,822,161,0
21591,822,444,0
21592,822,204,0
21593,822,82,0
21594,822,847,0
21595,822,75,0
21596,822,745,0
21597,822,953,0
21598,822,727,0
21599,822,64,0
21600,822,62,0
21601,822,832,0
21602,822,717,0
21603,822,660,0
21604,822,1023,0
21605,822,1288,0
21606,822,544,0
21607,822,833,0
21608,822,1305,0
21609,822,17,0
21610,822,898,0
21611,822,583,0
21612,822,944,0
21613,822,240,0
21614,822,1395,0
21615,822,1364,0
21616,822,511,0
21617,822,1353,0
21618,822,1170,0
21619,822,98,0
21620,822,1261,0
21621,822,1126,0
21622,822,172,0
21623,822,60,0
21624,822,869,0
21625,822,1294,0
21626,822,988,0
21627,822,424,0
21628,822,890,0
21629,822,730,0
21630,822,101,0
21631,822,273,0
21632,822,1263,0
21633,822,159,0
21634,822,288,0
21635,822,781,0
21636,822,141,0
21637,822,834,0
21638,822,566,0
21639,822,614,0
21640,822,1390,0
21641,822,344,0
21642,822,714,0
21643,822,783,0
21644,822,1206,0
21645,822,12,0
21646,822,41,0
21647,822,9,0
21648,822,1205,0
21649,822,816,0
21650,822,931,0
21651,822,244,0
21652,822,983,0
21653,822,998,0
21654,822,558,0
21655,822,209,0
21656,822,465,0
21657,822,636,0
21658,822,1283,0
21659,822,241,0
21660,822,617,0
21661,822,363,0
21662,822,1254,0
21663,822,892,0
21664,822,150,0
21665,822,673,0
21666,822,1078,0
21667,822,1327,0
21668,822,10,0
21669,822,198,0
21670,822,1317,0
21671,822,1079,0
21672,822,828,0
21673,822,289,0
21674,822,169,0
21675,822,926,0
21676,822,777,0
21677,822,1278,0
21678,822,477,0
21679,822,1069,0
21680,822,600,0
21681,822,1303,0
21682,822,316,0
21683,822,1252,0
21684,822,1342,0
21685,822,1355,0
21686,822,743,0
21687,822,375,0
21688,822,1139,0
21689,822,1103,0
21690,822,516,0
21691,822,910,0
21692,822,942,0
21693,822,871,0
21694,822,232,0
21695,822,411,0
21696,822,780,0
21697,822,53,0
21698,822,1404,0
21699,822,1034,0
21700,822,300,0
21701,822,990,0
21702,822,1086,0
21703,822,1157,0
21704,822,1092,0
21705,822,1377,0
21706,822,518,0
21707,822,1203,0
21708,822,867,0
21709,822,1122,0
21710,822,922,0
21711,822,1198,0
21712,822,1324,0
21713,822,848,0
21714,822,124,0
21715,822,1081,0
21716,822,399,0
21717,822,912,0
21718,822,986,0
21719,822,202,0
21720,822,846,0
21721,822,628,0
21722,822,487,0
21723,822,1147,0
21724,822,186,0
21725,822,911,0
21726,822,59,0
21727,822,1380,0
21728,822,1282,0
21729,822,1045,0
21730,822,997,0
21731,822,97,0
21732,822,1239,0
21733,822,842,0
21734,822,1018,0
21735,822,826,0
21736,822,1075,0
21737,822,136,0
21738,822,553,0
21739,822,451,0
21740,822,588,0
21741,822,528,0
21742,822,351,0
21743,822,1024,0
21744,822,920,0
21745,822,1214,0
21746,822,749,0
21747,822,587,0
21748,822,794,0
21749,822,389,0
21750,822,680,0
21751,822,907,0
21752,822,878,0
21753,822,366,0
21754,822,447,0
21755,822,368,0
21756,822,687,0
21757,822,1241,0
21758,822,1287,0
21759,822,623,0
21760,822,501,0
21761,822,515,0
21762,822,642,0
21763,822,1044,0
21764,822,1187,0
21765,822,732,0
21766,822,1258,0
21767,822,808,0
21768,822,482,0
21769,822,1358,0
21770,822,454,0
21771,822,1362,0
21772,822,471,0
21773,822,645,0
21774,822,1340,0
21775,822,765,0
21776,822,285,0
21777,822,66,0
21778,822,357,0
21779,822,1234,0
21780,822,84,0
21781,822,265,0
21782,822,996,0
21783,822,429,0
21784,822,721,0
21785,822,704,0
21786,822,200,0
21787,822,166,0
21788,822,710,0
21789,822,171,0
21790,822,74,0
21791,822,940,0
21792,822,1142,0
21793,822,1322,0
21794,822,801,0
21795,822,191,0
21796,822,1136,0
21797,822,712,0
21798,822,1200,0
21799,822,1183,0
21800,822,943,0
21801,822,776,0
21802,822,1320,0
21803,822,1277,0
21804,822,1107,0
21805,822,1006,0
21806,822,1167,0
21807,822,138,0
21808,822,1089,0
21809,822,1046,0
21810,822,532,0
21811,822,248,0
21812,822,530,0
21813,822,829,0
21814,822,751,0
21815,822,1197,0
21816,822,985,0
21817,822,185,0
21818,822,1240,0
21819,822,914,0
21820,822,105,0
21821,822,784,0
21822,822,932,0
21823,822,347,0
21824,822,145,0
21825,822,1329,0
21826,822,317,0
21827,822,1158,0
21828,822,208,0
21829,822,23,0
21830,822,1391,0
21831,822,1125,0
21832,822,176,0
21833,822,217,0
21834,822,556,0
21835,822,135,0
21836,822,873,0
21837,822,546,0
21838,822,1140,0
21839,822,394,0
21840,822,468,0
21841,822,384,0
21842,822,921,0
21843,822,1093,0
21844,822,629,0
21845,822,1255,0
21846,822,1017,0
21847,822,181,0
21848,822,268,0
21849,822,1000,0
21850,822,282,0
21851,822,144,0
21852,822,1031,0
21853,822,220,0
21854,822,1151,0
21855,822,586,0
21856,822,937,0
21857,822,205,0
21858,822,1077,0
21859,822,791,0
21860,822,1231,0
21861,822,1216,0
21862,822,1213,0
21863,822,509,0
21864,822,15,0
21865,822,439,0
21866,822,1374,0
21867,822,568,0
21868,822,774,0
21869,822,991,0
21870,822,810,0
21871,822,1186,0
21872,822,68,0
21873,822,930,0
21874,822,207,0
21875,822,372,0
21876,822,215,0
21877,822,1247,0
21878,822,1204,0
21879,822,972,0
21880,822,314,0
21881,822,57,0
21882,822,1070,0
21883,822,400,0
21884,822,11,0
21885,822,178,0
21886,822,111,0
21887,822,795,0
21888,822,360,0
21889,822,374,0
21890,822,865,0
21891,822,107,0
21892,822,1119,0
21893,822,226,0
21894,822,578,0
21895,822,584,0
21896,822,1041,0
21897,822,517,0
21898,822,971,0
21899,822,239,0
21900,822,667,0
21901,822,61,0
21902,822,407,0
21903,822,1210,0
21904,822,162,0
21905,822,735,0
21906,822,122,0
21907,822,1230,0
21908,822,580,0
21909,822,804,0
21910,822,718,0
21911,822,1402,0
21912,822,2,0
21913,822,1161,0
21914,822,1338,0
21915,822,790,0
21916,822,322,0
21917,822,1068,0
21918,822,603,0
21919,822,1032,0
21920,822,1319,0
21921,822,459,0
21922,822,78,0
21923,822,851,0
21924,822,32,0
21925,822,954,0
21926,822,669,0
21927,822,1237,0
21928,822,421,0
21929,822,1165,0
21930,822,979,0
21931,822,443,0
21932,822,1295,0
21933,822,823,0
21934,822,536,0
21935,822,378,0
21936,822,485,0
21937,822,1222,0
21938,822,609,0
21939,822,802,0
21940,822,923,0
21941,822,1129,0
21942,822,1325,0
21943,822,1062,0
21944,822,1262,0
21945,822,128,0
21946,822,1121,0
21947,822,889,0
21948,822,1394,0
21949,822,199,0
21950,822,310,0
21951,822,235,0
21952,822,432,0
21953,822,1211,0
21954,822,281,0
21955,822,386,0
21956,822,775,0
21957,822,469,0
21958,822,1279,0
21959,822,134,0
21960,822,782,0
21961,822,490,0
21962,822,1027,0
21963,822,100,0
21964,822,1169,0
21965,822,478,0
21966,822,966,0
21967,822,484,0
21968,822,305,0
21969,822,1190,0
21970,822,884,0
21971,822,525,0
21972,822,21,0
21973,822,341,0
21974,822,726,0
21975,822,39,0
21976,822,857,0
21977,822,1106,0
21978,822,854,0
21979,822,1208,0
21980,822,632,0
21981,822,1316,0
21982,822,595,0
21983,822,955,0
21984,822,0,0
21985,822,258,0
21986,822,91,0
21987,822,296,0
21988,822,728,0
21989,822,234,0
21990,822,255,0
21991,822,572,0
21992,822,496,0
21993,822,897,0
21994,822,493,0
21995,822,291,0
21996,822,952,0
21997,822,1029,0
21998,822,358,0
21999,822,1238,0
22000,822,928,0
22001,822,694,0
22002,822,1382,0
22003,822,86,0
22004,822,89,0
22005,822,481,0
22006,822,686,0
22007,822,196,0
22008,822,1296,0
22009,822,81,0
22010,822,121,0
22011,822,137,0
22012,822,230,0
22013,822,1284,0
22014,822,441,0
22015,822,1307,0
22016,822,1251,0
22017,822,1135,0
22018,822,1120,0
22019,822,1178,0
22020,822,446,0
22021,822,1194,0
22022,822,665,0
22023,822,1348,0
22024,822,1172,0
22025,822,325,0
22026,822,1300,0
22027,822,1050,0
22028,822,1184,0
22029,822,1115,0
22030,822,118,0
22031,822,1246,0
22032,822,757,0
22033,822,173,0
22034,822,1331,0
22035,822,106,0
22036,822,1343,0
22037,822,877,0
22038,822,1268,0
22039,822,753,0
22040,822,28,0
22041,822,559,0
22042,822,385,0
22043,822,582,0
22044,822,206,0
22045,822,1071,0
22046,822,115,0
22047,822,500,0
22048,822,773,0
22049,822,522,0
22050,822,1218,0
22051,822,461,0
22052,822,902,0
22053,822,132,0
22054,822,736,0
22055,822,1138,0
22056,822,861,0
22057,822,253,0
22058,822,879,0
22059,822,637,0
22060,822,416,0
22061,822,1399,0
22062,822,402,0
22063,822,1337,0
22064,822,337,0
22065,822,1020,0
22066,822,579,0
22067,822,133,0
22068,822,104,0
22069,822,464,0
22070,822,705,0
22071,822,800,0
22072,822,767,0
22073,822,489,0
22074,822,538,0
22075,822,945,0
22076,822,1014,0
22077,822,1397,0
22078,822,427,0
22079,822,658,0
22080,822,38,0
22081,822,455,0
22082,822,601,0
22083,822,309,0
22084,822,154,0
22085,822,1117,0
22086,822,1361,0
22087,822,807,0
22088,822,1314,0
22089,822,1099,0
22090,822,276,0
22091,822,830,0
22092,822,313,0
22093,822,1345,0
22094,822,1192,0
22095,822,458,0
22096,822,1061,0
22097,822,1312,0
22098,822,760,0
22099,822,1393,0
22100,822,297,0
22101,822,809,0
22102,822,1363,0
22103,822,976,0
22104,822,22,0
22105,822,1180,0
22106,822,681,0
22107,822,633,0
22108,822,438,0
22109,822,127,0
22110,822,1091,0
22111,822,472,0
22112,822,924,0
22113,822,212,0
22114,822,1043,0
22115,822,72,0
22116,822,709,0
22117,822,1174,0
22118,822,984,0
22119,822,1207,0
22120,822,418,0
22121,822,259,0
22122,822,473,0
22123,822,131,0
22124,822,831,0
22125,822,963,0
22126,822,174,0
22127,822,855,0
22128,822,904,0
22129,822,545,0
22130,822,1130,0
22131,822,1265,0
22132,822,1039,0
22133,822,1350,0
22134,822,969,0
22135,822,408,0
22136,822,1370,0
22137,822,249,0
22138,822,109,0
22139,822,348,0
22140,822,610,0
22141,822,759,0
22142,822,1368,0
22143,822,1276,0
22144,822,339,0
22145,822,1035,0
22146,822,1273,0
22147,822,987,0
22148,822,1315,0
22149,822,225,0
22150,822,6,0
22151,822,168,0
22152,822,1372,0
22153,822,83,0
22154,822,1344,0
22155,822,491,0
22156,822,630,0
22157,822,684,0
22158,822,417,0
22159,822,674,0
22160,822,886,0
22161,822,604,0
22162,822,222,0
22163,822,671,0
22164,822,245,0
22165,822,277,0
22166,822,1217,0
22167,822,1084,0
22168,822,350,0
22169,822,430,0
22170,822,590,0
22171,822,1080,0
22172,822,1040,0
22173,822,961,0
22174,822,770,0
22175,822,555,0
22176,822,48,0
22177,822,397,0
22178,822,219,0
22179,822,355,0
22180,822,520,0
22181,822,146,0
22182,822,1304,0
22183,822,850,0
22184,822,298,0
22185,822,852,0
22186,822,108,0
22187,822,1267,0
22188,822,1164,0
22189,822,541,0
22190,822,742,0
22191,822,508,0
22192,822,440,0
22193,822,995,0
22194,822,502,0
22195,822,231,0
22196,822,460,0
22197,822,824,0
22198,822,702,0
22199,822,94,0
22200,822,557,0
22201,822,498,0
22202,822,283,0
22203,822,893,0
22204,822,820,0
22205,822,14,0
22206,822,967,0
22207,822,756,0
22208,822,1054,0
22209,822,1281,0
22210,822,216,0
22211,822,740,0
22212,822,554,0
22213,822,549,0
22214,822,153,0
22215,822,663,0
22216,822,76,0
22217,822,1310,0
22218,822,396,0
22219,822,535,0
22220,822,260,0
22221,822,1076,0
22222,822,228,0
22223,822,1064,0
22224,822,965,0
22225,822,294,0
22226,822,320,0
22227,822,868,0
22228,822,766,0
22229,822,593,0
22230,822,324,0
22231,822,1400,0
22232,822,449,0
22233,822,112,0
22234,822,872,0
22235,822,123,0
22236,822,647,0
22237,822,63,0
22238,822,488,0
22239,822,1298,0
22240,822,1109,0
22241,822,262,0
22242,822,1285,0
22243,822,42,0
22244,822,1201,0
22245,822,413,0
22246,822,948,0
22247,822,34,0
22248,822,1007,0
22249,822,1026,0
22250,822,356,0
22251,822,1369,0
22252,822,1124,0
22253,822,635,0
22254,822,183,0
22255,822,1005,0
22256,822,799,0
22257,822,1306,0
22258,822,165,0
22259,822,46,0
22260,822,1215,0
22261,822,537,0
22262,822,88,0
22263,822,1156,0
22264,822,369,0
22265,822,605,0
22266,822,646,0
22267,822,652,0
22268,822,1141,0
22269,822,1025,0
22270,822,510,0
22271,822,361,0
22272,822,278,0
22273,822,506,0
22274,822,428,0
22275,822,307,0
22276,822,1232,0
22277,822,819,0
22278,822,1275,0
22279,822,272,0
22280,822,1160,0
22281,822,499,0
22282,822,49,0
22283,822,130,0
22284,822,908,0
22285,822,425,0
22286,822,1313,0
22287,822,51,0
22288,822,1271,0
22289,822,524,0
22290,822,1022,0
22291,822,896,0
22292,822,863,0
22293,822,589,0
22294,822,25,0
22295,822,543,0
22296,822,1219,0
22297,822,662,0
22298,822,1387,0
22299,822,974,0
22300,822,978,0
22301,822,571,0
22302,822,475,0
22303,822,1028,0
22304,822,613,0
22305,822,1396,0
22306,822,456,0
22307,822,103,0
22308,822,1308,0
22309,822,318,0
22310,822,1336,0
22311,822,1225,0
22312,822,340,0
22313,822,271,0
22314,822,504,0
22315,822,1401,0
22316,822,574,0
22317,822,1037,0
22318,822,73,0
22319,822,393,0
22320,822,238,0
22321,822,117,0
22322,822,4,0
22323,822,167,0
22324,822,58,0
22325,822,903,0
22326,822,747,0
22327,822,218,0
22328,822,1162,0
22329,822,1332,0
22330,822,252,0
22331,822,1176,0
22332,822,377,0
22333,822,1226,0
22334,822,1113,0
22335,822,480,0
22336,822,1346,0
22337,822,648,0
22338,822,711,0
22339,822,301,0
22340,822,1293,0
22341,822,187,0
22342,822,1318,0
22343,822,448,0
22344,822,1351,0
22345,822,982,0
22346,822,304,0
22347,822,803,0
22348,822,763,0
22349,822,436,0
22350,822,401,0
22351,822,362,0
22352,822,659,0
22353,822,1379,0
22354,822,69,0
22355,822,619,0
22356,822,1011,0
22357,822,934,0
22358,822,560,0
22359,822,19,0
22360,822,1352,0
22361,822,639,0
22362,822,95,0
22363,822,1360,0
22364,822,959,0
22365,822,575,0
22366,822,119,0
22367,822,1131,0
22368,822,1112,0
22369,822,16,0
22370,822,470,0
22371,822,503,0
22372,822,999,0
22373,822,242,0
22374,822,1272,0
22375,822,77,0
22376,822,821,0
22377,822,345,0
22378,822,110,0
22379,822,599,0
22380,822,331,0
22381,822,675,0
22382,822,598,0
22383,822,189,0
22384,822,254,0
22385,822,37,0
22386,822,1063,0
22387,822,1323,0
22388,822,970,0
22389,822,762,0
22390,822,1259,0
22391,822,1052,0
22392,822,1248,0
22393,822,901,0
22394,822,163,0
22395,822,197,0
22396,822,1048,0
22397,822,691,0
22398,822,1144,0
22399,822,453,0
22400,822,1384,0
22401,822,221,0
22402,822,299,0
22403,890,1134,0
22404,890,147,0
22405,890,972,0
22406,890,1296,0
22407,890,795,0
22408,890,719,0
22409,890,1365,0
22410,890,672,0
22411,890,484,0
22412,890,1224,0
22413,890,513,0
22414,890,153,0
22415,890,248,0
22416,890,538,0
22417,890,1231,0
22418,890,60,0
22419,890,901,0
22420,890,569,0
22421,890,735,0
22422,890,491,0
22423,890,825,0
22424,890,1031,0
22425,890,247,0
22426,890,187,0
22427,890,578,0
22428,890,252,0
22429,890,954,0
22430,890,1115,0
22431,890,322,0
22432,890,1007,0
22433,890,229,0
22434,890,1306,0
22435,890,641,0
22436,890,360,0
22437,890,1204,0
22438,890,636,0
22439,890,171,0
22440,890,838,0
22441,890,1386,0
22442,890,1052,0
22443,890,391,0
22444,890,1054,0
22445,890,164,0
22446,890,1075,0
22447,890,305,0
22448,890,1349,0
22449,890,925,0
22450,890,63,0
22451,890,64,0
22452,890,848,0
22453,890,218,0
22454,890,914,0
22455,890,447,0
22456,890,226,0
22457,890,442,0
22458,890,1379,0
22459,890,177,0
22460,890,199,0
22461,890,662,0
22462,890,74,0
22463,890,686,0
22464,890,505,0
22465,890,1222,0
22466,890,1293,0
22467,890,1223,0
22468,890,209,0
22469,890,665,0
22470,890,99,0
22471,890,27,0
22472,890,1181,0
22473,890,707,0
22474,890,730,0
22475,890,97,0
22476,890,1012,0
22477,890,656,0
22478,890,345,0
22479,890,1338,0
22480,890,134,0
22481,890,1339,0
22482,890,95,0
22483,890,384,0
22484,890,938,0
22485,890,477,0
22486,890,896,0
22487,890,729,0
22488,890,1368,0
22489,890,129,0
22490,890,1327,0
22491,890,942,0
22492,890,1184,0
22493,890,14,0
22494,890,494,0
22495,890,1333,0
22496,890,1063,0
22497,890,1174,0
22498,890,278,0
22499,890,1382,0
22500,890,388,0
22501,890,167,0
22502,890,659,0
22503,890,800,0
22504,890,1064,0
22505,890,448,0
22506,890,1008,0
22507,890,429,0
22508,890,242,0
22509,890,940,0
22510,890,927,0
22511,890,443,0
22512,890,563,0
22513,890,713,0
22514,890,650,0
22515,890,1199,0
22516,890,1039,0
22517,890,935,0
22518,890,1128,0
22519,890,646,0
22520,890,1080,0
22521,890,607,0
22522,890,292,0
22523,890,286,0
22524,890,51,0
22525,890,1354,0
22526,890,843,0
22527,890,1095,0
22528,890,293,0
22529,890,979,0
22530,890,1405,0
22531,890,1312,0
22532,890,500,0
22533,890,1240,0
22534,890,245,0
22535,890,968,0
22536,890,1387,0
22537,890,1187,0
22538,890,827,0
22539,890,439,0
22540,890,753,0
22541,890,502,0
22542,890,1024,0
22543,890,1017,0
22544,890,952,0
22545,890,560,0
22546,890,666,0
22547,890,702,0
22548,890,264,0
22549,890,1404,0
22550,890,620,0
22551,890,334,0
22552,890,501,0
22553,890,185,0
22554,890,874,0
22555,890,311,0
22556,890,746,0
22557,890,647,0
22558,890,197,0
22559,890,744,0
22560,890,1159,0
22561,890,87,0
22562,890,673,0
22563,890,221,0
22564,890,1036,0
22565,890,867,0
22566,890,1051,0
22567,890,884,0
22568,890,116,0
22569,890,96,0
22570,890,953,0
22571,890,782,0
22572,890,72,0
22573,890,907,0
22574,890,929,0
22575,890,113,0
22576,890,371,0
22577,890,555,0
22578,890,893,0
22579,890,1140,0
22580,890,645,0
22581,890,1056,0
22582,890,1127,0
22583,890,667,0
22584,890,540,0
22585,890,1331,0
22586,890,239,0
22587,890,236,0
22588,890,332,0
22589,890,485,0
22590,890,642,0
22591,890,1285,0
22592,890,619,0
22593,890,1034,0
22594,890,590,0
22595,890,1225,0
22596,890,1318,0
22597,890,48,0
22598,890,572,0
22599,890,49,0
22600,890,543,0
22601,890,921,0
22602,890,936,0
22603,890,281,0
22604,890,1046,0
22605,890,10,0
22606,890,903,0
22607,890,203,0
22608,890,1025,0
22609,890,690,0
22610,890,556,0
22611,890,1351,0
22612,890,1074,0
22613,890,216,0
22614,890,754,0
22615,890,472,0
22616,890,1252,0
22617,890,589,0
22618,890,157,0
22619,890,1043,0
22620,890,1040,0
22621,890,1403,0
22622,890,498,0
22623,890,745,0
22624,890,1042,0
22625,890,451,0
22626,890,614,0
22627,890,976,0
22628,890,738,0
22629,890,783,0
22630,890,13,0
22631,890,923,0
22632,890,1212,0
22633,890,750,0
22634,890,802,0
22635,890,1402,0
22636,890,1050,0
22637,890,570,0
22638,890,846,0
22639,890,1016,0
22640,890,98,0
22641,890,1295,0
22642,890,424,0
22643,890,363,0
22644,890,455,0
22645,890,855,0
22646,890,466,0
22647,890,1282,0
22648,890,179,0
22649,890,277,0
22650,890,869,0
22651,890,632,0
22652,890,1356,0
22653,890,784,0
22654,890,181,0
22655,890,398,0
22656,890,1353,0
22657,890,985,0
22658,890,585,0
22659,890,1011,0
22660,890,416,0
22661,890,966,0
22662,890,661,0
22663,890,462,0
22664,890,720,0
22665,890,1111,0
22666,890,1173,0
22667,890,62,0
22668,890,635,0
22669,890,450,0
22670,890,284,0
22671,890,610,0
22672,890,974,0
22673,890,546,0
22674,890,224,0
22675,890,765,0
22676,890,764,0
22677,890,597,0
22678,890,212,0
22679,890,631,0
22680,890,145,0
22681,890,629,0
22682,890,851,0
22683,890,1251,0
22684,890,357,0
22685,890,418,0
22686,890,987,0
22687,890,352,0
22688,890,775,0
22689,890,385,0
22690,890,268,0
22691,890,1384,0
22692,890,530,0
22693,890,1400,0
22694,890,24,0
22695,890,155,0
22696,890,759,0
22697,890,1195,0
22698,890,1010,0
22699,890,17,0
22700,890,349,0
22701,890,918,0
22702,890,170,0
22703,890,798,0
22704,890,243,0
22705,890,257,0
22706,890,1360,0
22707,890,694,0
22708,890,139,0
22709,890,564,0
22710,890,43,0
22711,890,102,0
22712,890,1078,0
22713,890,873,0
22714,890,1355,0
22715,890,553,0
22716,890,446,0
22717,890,401,0
22718,890,616,0
22719,890,689,0
22720,890,1307,0
22721,890,1266,0
22722,890,379,0
22723,890,805,0
22724,890,422,0
22725,890,933,0
22726,890,65,0
22727,890,127,0
22728,890,676,0
22729,890,107,0
22730,890,438,0
22731,890,397,0
22732,890,214,0
22733,890,939,0
22734,890,206,0
22735,890,1047,0
22736,890,152,0
22737,890,649,0
22738,890,862,0
22739,890,760,0
22740,890,982,0
22741,890,259,0
22742,890,771,0
22743,890,253,0
22744,890,1122,0
22745,890,824,0
22746,890,1309,0
22747,890,411,0
22748,890,276,0
22749,890,407,0
22750,890,761,0
22751,890,617,0
22752,890,930,0
22753,890,78,0
22754,890,52,0
22755,890,1066,0
22756,890,1209,0
22757,890,1014,0
22758,890,489,0
22759,890,1,0
22760,890,298,0
22761,890,184,0
22762,890,1032,0
22763,890,1023,0
22764,890,344,0
22765,890,1114,0
22766,890,977,0
22767,890,478,0
22768,890,839,0
22769,890,785,0
22770,890,653,0
22771,890,1060,0
22772,890,37,0
22773,890,141,0
22774,890,1305,0
22775,890,1185,0
22776,890,1375,0
22777,890,520,0
22778,890,727,0
22779,890,189,0
22780,890,741,0
22781,890,1310,0
22782,890,1358,0
22783,890,128,0
22784,890,834,0
22785,890,1385,0
22786,890,173,0
22787,890,1396,0
22788,890,1352,0
22789,890,89,0
22790,890,630,0
22791,890,1053,0
22792,890,773,0
22793,890,365,0
22794,890,347,0
22795,890,1390,0
22796,890,394,0
22797,890,1202,0
22798,890,160,0
22799,890,900,0
22800,890,889,0
22801,890,693,0
22802,890,1391,0
22803,890,573,0
22804,890,1049,0
22805,890,705,0
22806,890,1324,0
22807,890,1346,0
22808,890,1203,0
22809,890,106,0
22810,890,688,0
22811,890,591,0
22812,890,444,0
22813,890,1166,0
22814,890,225,0
22815,890,430,0
22816,890,124,0
22817,890,1323,0
22818,890,685,0
22819,890,904,0
22820,890,123,0
22821,890,1389,0
22822,890,319,0
22823,890,279,0
22824,890,115,0
22825,890,1082,0
22826,890,1377,0
22827,890,687,0
22828,890,531,0
22829,890,1241,0
22830,890,117,0
22831,890,691,0
22832,890,200,0
22833,890,1277,0
22834,890,847,0
22835,890,150,0
22836,890,797,0
22837,890,396,0
22838,890,863,0
22839,890,282,0
22840,890,1103,0
22841,890,140,0
22842,890,6,0
22843,890,488,0
22844,890,628,0
22845,890,186,0
22846,890,770,0
22847,890,1291,0
22848,890,1029,0
22849,890,338,0
22850,890,195,0
22851,890,1216,0
22852,890,739,0
22853,890,506,0
22854,890,316,0
22855,890,120,0
22856,890,758,0
22857,890,1263,0
22858,890,1126,0
22859,890,1329,0
22860,890,227,0
22861,890,1110,0
22862,890,654,0
22863,890,58,0
22864,890,663,0
22865,890,425,0
22866,890,138,0
22867,890,1286,0
22868,890,295,0
22869,890,751,0
22870,890,33,0
22871,890,382,0
22872,890,828,0
22873,890,111,0
22874,890,1255,0
22875,890,50,0
22876,890,85,0
22877,890,1037,0
22878,890,840,0
22879,890,270,0
22880,890,980,0
22881,890,999,0
22882,890,1370,0
22883,890,845,0
22884,890,1102,0
22885,890,926,0
22886,890,763,0
22887,890,1070,0
22888,890,542,0
22889,890,318,0
22890,890,509,0
22891,890,737,0
22892,890,743,0
22893,890,832,0
22894,890,704,0
22895,890,419,0
22896,890,441,0
22897,890,1213,0
22898,890,1373,0
22899,890,1226,0
22900,890,671,0
22901,890,289,0
22902,890,658,0
22903,890,1076,0
22904,890,1003,0
22905,890,205,0
22906,890,354,0
22907,890,76,0
22908,890,870,0
22909,890,799,0
22910,890,1065,0
22911,890,503,0
22912,890,372,0
22913,890,302,0
22914,890,1077,0
22915,890,1359,0
22916,890,208,0
22917,890,204,0
22918,890,473,0
22919,890,31,0
22920,890,997,0
22921,890,961,0
22922,890,700,0
22923,890,841,0
22924,890,238,0
22925,890,91,0
22926,890,584,0
22927,890,370,0
22928,890,387,0
22929,890,1130,0
22930,890,850,0
22931,890,1058,0
22932,890,434,0
22933,890,1154,0
22934,890,1394,0
22935,890,168,0
22936,890,68,0
22937,890,21,0
22938,890,246,0
22939,890,1284,0
22940,890,786,0
22941,890,343,0
22942,890,789,0
22943,890,376,0
22944,890,988,0
22945,890,1100,0
22946,890,1059,0
22947,890,574,0
22948,890,423,0
22949,890,75,0
22950,890,803,0
22951,890,449,0
22952,890,250,0
22953,890,621,0
22954,890,648,0
22955,890,959,0
22956,890,15,0
22957,890,581,0
22958,890,638,0
22959,890,1249,0
22960,890,878,0
22961,890,1158,0
22962,890,1258,0
22963,890,622,0
22964,890,490,0
22965,890,1279,0
22966,890,1335,0
22967,890,265,0
22968,890,355,0
22969,890,724,0
22970,890,637,0
22971,890,1210,0
22972,890,100,0
22973,890,479,0
22974,890,995,0
22975,890,992,0
22976,890,1245,0
22977,890,1388,0
22978,890,813,0
22979,890,922,0
22980,890,1374,0
22981,890,894,0
22982,890,946,0
22983,890,255,0
22984,890,822,0
22985,890,970,0
22986,890,1061,0
22987,890,1300,0
22988,890,1033,0
22989,890,511,0
22990,890,351,0
22991,890,669,0
22992,890,897,0
22993,890,909,0
22994,890,395,0
22995,890,1221,0
22996,890,871,0
22997,890,317,0
22998,890,608,0
22999,890,1227,0
23000,890,868,0
23001,890,561,0
23002,890,708,0
23003,890,436,0
23004,890,350,0
23005,890,367,0
23006,890,990,0
23007,890,1081,0
23008,890,1144,0
23009,890,567,0
23010,890,1001,0
23011,890,61,0
23012,890,1015,0
23013,890,1392,0
23014,890,911,0
23015,890,47,0
23016,890,684,0
23017,890,1044,0
23018,890,815,0
23019,890,932,0
23020,890,233,0
23021,890,611,0
23022,890,296,0
23023,890,1175,0
23024,890,508,0
23025,890,346,0
23026,890,132,0
23027,890,515,0
23028,890,668,0
23029,890,20,0
23030,890,32,0
23031,890,580,0
23032,890,547,0
23033,890,452,0
23034,890,664,0
23035,890,1137,0
23036,890,130,0
23037,890,59,0
23038,890,53,0
23039,890,193,0
23040,890,1186,0
23041,890,1135,0
23042,890,1315,0
23043,890,79,0
23044,890,285,0
23045,890,1343,0
23046,890,701,0
23047,890,941,0
23048,890,525,0
23049,890,180,0
23050,890,587,0
23051,890,951,0
23052,890,606,0
23053,890,1328,0
23054,890,406,0
23055,890,108,0
23056,890,1197,0
23057,890,899,0
23058,890,958,0
23059,890,26,0
23060,890,891,0
23061,890,492,0
23062,890,948,0
23063,890,816,0
23064,890,1320,0
23065,890,1169,0
23066,890,1120,0
23067,890,844,0
23068,890,905,0
23069,890,885,0
23070,890,1026,0
23071,890,801,0
23072,890,244,0
23073,890,337,0
23074,890,1146,0
23075,890,1217,0
23076,890,678,0
23077,890,605,0
23078,890,752,0
23079,890,1288,0
23080,890,1297,0
23081,890,176,0
23082,890,1155,0
23083,890,1069,0
23084,890,308,0
23085,890,1200,0
23086,890,1372,0
23087,890,548,0
23088,890,917,0
23089,890,748,0
23090,890,865,0
23091,890,722,0
23092,890,34,0
23093,890,151,0
23094,890,1340,0
23095,890,504,0
23096,890,1287,0
23097,890,1256,0
23098,890,1208,0
23099,890,792,0
23100,890,519,0
23101,890,341,0
23102,890,723,0
23103,890,592,0
23104,890,532,0
23105,890,126,0
23106,890,1112,0
23107,890,994,0
23108,890,1068,0
23109,890,263,0
23110,890,983,0
23111,890,593,0
23112,890,536,0
23113,890,1273,0
23114,890,541,0
23115,890,356,0
23116,890,1376,0
23117,890,1004,0
23118,890,1398,0
23119,890,486,0
23120,890,559,0
23121,890,101,0
23122,890,1019,0
23123,890,390,0
23124,890,787,0
23125,890,989,0
23126,890,404,0
23127,890,315,0
23128,890,217,0
23129,890,1190,0
23130,890,1177,0
23131,890,1107,0
23132,890,378,0
23133,890,333,0
23134,890,714,0
23135,890,303,0
23136,890,583,0
23137,890,19,0
23138,890,692,0
23139,890,165,0
23140,890,41,0
23141,890,38,0
23142,890,1330,0
23143,890,1000,0
23144,890,679,0
23145,890,86,0
23146,890,767,0
23147,890,329,0
23148,890,1395,0
23149,890,550,0
23150,890,325,0
23151,890,1304,0
23152,890,1290,0
23153,890,1072,0
23154,890,577,0
23155,890,1125,0
23156,890,872,0
23157,890,625,0
23158,890,1246,0
23159,890,552,0
23160,890,883,0
23161,890,1131,0
23162,890,623,0
23163,890,1366,0
23164,890,830,0
23165,890,1006,0
23166,890,280,0
23167,890,780,0
23168,890,312,0
23169,890,518,0
23170,890,924,0
23171,890,1191,0
23172,890,1055,0
23173,890,73,0
23174,890,421,0
23175,890,1262,0
23176,890,288,0
23177,890,602,0
23178,890,1179,0
23179,890,228,0
23180,890,537,0
23181,890,731,0
23182,890,1152,0
23183,890,1083,0
23184,890,211,0
23185,890,381,0
23186,890,467,0
23187,890,725,0
23188,890,535,0
23189,890,326,0
23190,890,463,0
23191,890,1289,0
23192,890,237,0
23193,890,213,0
23194,890,1259,0
23195,890,1347,0
23196,890,402,0
23197,890,1117,0
23198,890,1163,0
23199,890,1367,0
23200,890,328,0
23201,890,612,0
23202,890,965,0
23203,890,1219,0
23204,890,1311,0
23205,890,290,0
23206,890,135,0
23207,890,3,0
23208,890,1363,0
23209,890,1164,0
23210,890,675,0
23211,890,837,0
23212,890,241,0
23213,890,895,0
23214,890,324,0
23215,890,109,0
23216,890,1380,0
23217,890,644,0
23218,890,1314,0
23219,890,258,0
23220,890,306,0
23221,890,1253,0
23222,890,756,0
23223,890,414,0
23224,890,916,0
23225,890,1238,0
23226,890,1079,0
23227,890,1242,0
23228,890,955,0
23229,890,1234,0
23230,890,1136,0
23231,890,634,0
23232,890,1119,0
23233,890,400,0
23234,890,18,0
23235,890,859,0
23236,890,819,0
23237,890,1275,0
23238,890,852,0
23239,890,728,0
23240,890,487,0
23241,890,1261,0
23242,890,881,0
23243,890,718,0
23244,890,1201,0
23245,890,1167,0
23246,890,618,0
23247,890,1228,0
23248,890,1317,0
23249,890,1172,0
23250,890,698,0
23251,890,330,0
23252,890,1180,0
23253,890,944,0
23254,890,1381,0
23255,890,957,0
23256,890,256,0
23257,890,410,0
23258,890,12,0
23259,890,84,0
23260,890,913,0
23261,890,240,0
23262,890,499,0
23263,890,806,0
23264,890,481,0
23265,890,304,0
23266,890,1250,0
23267,955,359,0
23268,955,1018,0
23269,955,258,0
23270,955,179,0
23271,955,1025,0
23272,955,393,0
23273,955,226,0
23274,955,142,0
23275,955,751,0
23276,955,842,0
23277,955,713,0
23278,955,1209,0
23279,955,1360,0
23280,955,75,0
23281,955,500,0
23282,955,466,0
23283,955,454,0
23284,955,283,0
23285,955,1255,0
23286,955,993,0
23287,955,5,0
23288,955,797,0
23289,955,479,0
23290,955,1392,0
23291,955,689,0
23292,955,1048,0
23293,955,565,0
23294,955,817,0
23295,955,348,0
23296,955,1202,0
23297,955,252,0
23298,955,975,0
23299,955,695,0
23300,955,1402,0
23301,955,990,0
23302,955,766,0
23303,955,527,0
23304,955,961,0
23305,955,114,0
23306,955,692,0
23307,955,906,0
23308,955,641,0
23309,955,400,0
23310,955,1032,0
23311,955,77,0
23312,955,0,0
23313,955,216,0
23314,955,1231,0
23315,955,1254,0
23316,955,888,0
23317,955,960,0
23318,955,668,0
23319,955,1389,0
23320,955,1282,0
23321,955,548,0
23322,955,1363,0
23323,955,1041,0
23324,955,54,0
23325,955,336,0
23326,955,214,0
23327,955,305,0
23328,955,816,0
23329,955,771,0
23330,955,99,0
23331,955,285,0
23332,955,826,0
23333,955,474,0
23334,955,714,0
23335,955,897,0
23336,955,832,0
23337,955,637,0
23338,955,486,0
23339,955,568,0
23340,955,15,0
23341,955,1187,0
23342,955,967,0
23343,955,588,0
23344,955,1297,0
23345,955,744,0
23346,955,1075,0
23347,955,931,0
23348,955,1283,0
23349,955,406,0
23350,955,309,0
23351,955,144,0
23352,955,1160,0
23353,955,16,0
23354,955,1118,0
23355,955,623,0
23356,955,830,0
23357,955,605,0
23358,955,168,0
23359,955,662,0
23360,955,277,0
23361,955,1033,0
23362,955,95,0
23363,955,1021,0
23364,955,1386,0
23365,955,94,0
23366,955,896,0
23367,955,1385,0
23368,955,1055,0
23369,955,451,0
23370,955,665,0
23371,955,1340,0
23372,955,288,0
23373,955,756,0
23374,955,997,0
23375,955,435,0
23376,955,68,0
23377,955,356,0
23378,955,1342,0
23379,955,1183,0
23380,955,1119,0
23381,955,539,0
23382,955,1074,0
23383,955,879,0
23384,955,79,0
23385,955,944,0
23386,955,1323,0
23387,955,1024,0
23388,955,939,0
23389,955,1302,0
23390,955,506,0
23391,955,1245,0
23392,955,576,0
23393,955,516,0
23394,955,8,0
23395,955,629,0
23396,955,34,0
23397,955,793,0
23398,955,427,0
23399,955,1305,0
23400,955,1381,0
23401,955,269,0
23402,955,399,0
23403,955,706,0
23404,955,775,0
23405,955,625,0
23406,955,533,0
23407,955,1219,0
23408,955,195,0
23409,955,392,0
23410,955,484,0
23411,955,858,0
23412,955,697,0
23413,955,1251,0
23414,955,105,0
23415,955,970,0
23416,955,595,0
23417,955,530,0
23418,955,1382,0
23419,955,262,0
23420,955,1096,0
23421,955,67,0
23422,955,1045,0
23423,955,915,0
23424,955,882,0
23425,955,715,0
23426,955,606,0
23427,955,754,0
23428,955,227,0
23429,955,384,0
23430,955,1168,0
23431,955,1378,0
23432,955,1400,0
23433,955,937,0
23434,955,1246,0
23435,955,985,0
23436,955,1242,0
23437,955,21,0
23438,955,687,0
23439,955,1114,0
23440,955,995,0
23441,955,1248,0
23442,955,100,0
23443,955,246,0
23444,955,964,0
23445,955,1353,0
23446,955,314,0
23447,955,1334,0
23448,955,540,0
23449,955,1314,0
23450,955,857,0
23451,955,318,0
23452,955,162,0
23453,955,190,0
23454,955,721,0
23455,955,1290,0
23456,955,1193,0
23457,955,791,0
23458,955,660,0
23459,955,1285,0
23460,955,645,0
23461,955,722,0
23462,955,936,0
23463,955,898,0
23464,955,644,0
23465,955,835,0
23466,955,772,0
23467,955,905,0
23468,955,450,0
23469,955,175,0
23470,955,282,0
23471,955,525,0
23472,955,358,0
23473,955,441,0
23474,955,436,0
23475,955,575,0
23476,955,439,0
23477,955,386,0
23478,955,783,0
23479,955,1139,0
23480,955,581,0
23481,955,984,0
23482,955,1319,0
23483,955,284,0
23484,955,590,0
23485,955,261,0
23486,955,181,0
23487,955,670,0
23488,955,1390,0
23489,955,1226,0
23490,955,65,0
23491,955,958,0
23492,955,293,0
23493,955,76,0
23494,955,165,0
23495,955,1182,0
23496,955,1029,0
23497,955,330,0
23498,955,420,0
23499,955,473,0
23500,955,968,0
23501,955,969,0
23502,955,1121,0
23503,955,743,0
23504,955,1405,0
23505,955,728,0
23506,955,290,0
23507,955,864,0
23508,955,313,0
23509,955,720,0
23510,955,505,0
23511,955,434,0
23512,955,869,0
23513,955,1007,0
23514,955,567,0
23515,955,731,0
23516,955,1267,0
23517,955,1358,0
23518,955,377,0
23519,955,1088,0
23520,955,178,0
23521,955,1352,0
23522,955,593,0
23523,955,1241,0
23524,955,294,0
23525,955,875,0
23526,955,591,0
23527,955,200,0
23528,955,976,0
23529,955,303,0
23530,955,1165,0
23531,955,883,0
23532,955,124,0
23533,955,1056,0
23534,955,82,0
23535,955,464,0
23536,955,118,0
23537,955,222,0
23538,955,167,0
23539,955,372,0
23540,955,47,0
23541,955,895,0
23542,955,422,0
23543,955,1238,0
23544,955,957,0
23545,955,856,0
23546,955,1191,0
23547,955,979,0
23548,955,859,0
23549,955,411,0
23550,955,1263,0
23551,955,650,0
23552,955,550,0
23553,955,1304,0
23554,955,834,0
23555,955,343,0
23556,955,354,0
23557,955,429,0
23558,955,727,0
23559,955,852,0
23560,955,1328,0
23561,955,193,0
23562,955,316,0
23563,955,942,0
23564,955,202,0
23565,955,707,0
23566,955,569,0
23567,955,151,0
23568,955,903,0
23569,955,1299,0
23570,955,630,0
23571,955,633,0
23572,955,404,0
23573,955,236,0
23574,955,760,0
23575,955,337,0
23576,955,240,0
23577,955,1,0
23578,955,459,0
23579,955,549,0
23580,955,213,0
23581,955,1244,0
23582,955,1190,0
23583,955,1146,0
23584,955,1137,0
23585,955,710,0
23586,955,562,0
23587,955,1240,0
23588,955,753,0
23589,955,798,0
23590,955,64,0
23591,955,642,0
23592,955,907,0
23593,955,946,0
23594,955,1173,0
23595,955,638,0
23596,955,1228,0
23597,955,546,0
23598,955,513,0
23599,955,414,0
23600,955,821,0
23601,955,1005,0
23602,955,462,0
23603,955,1317,0
23604,955,112,0
23605,955,1374,0
23606,955,680,0
23607,955,299,0
23608,955,747,0
23609,955,30,0
23610,955,315,0
23611,955,1404,0
23612,955,107,0
23613,955,239,0
23614,955,378,0
23615,955,1127,0
23616,955,1061,0
23617,955,678,0
23618,955,72,0
23619,955,1156,0
23620,955,1271,0
23621,955,1086,0
23622,955,184,0
23623,955,206,0
23624,955,748,0
23625,955,1273,0
23626,955,1243,0
23627,955,44,0
23628,955,519,0
23629,955,810,0
23630,955,1174,0
23631,955,490,0
23632,955,1166,0
23633,955,959,0
23634,955,398,0
23635,955,341,0
23636,955,1284,0
23637,955,666,0
23638,955,350,0
23639,955,4,0
23640,955,10,0
23641,955,685,0
23642,955,1077,0
23643,955,1194,0
23644,955,324,0
23645,955,1232,0
23646,955,1129,0
23647,955,1207,0
23648,955,1391,0
23649,955,476,0
23650,955,628,0
23651,955,310,0
23652,955,951,0
23653,955,488,0
23654,955,585,0
23655,955,739,0
23656,955,229,0
23657,955,933,0
23658,955,217,0
23659,955,1058,0
23660,955,35,0
23661,955,1395,0
23662,955,1339,0
23663,955,916,0
23664,955,1098,0
23665,955,1262,0
23666,955,612,0
23667,955,577,0
23668,955,1081,0
23669,955,1083,0
23670,955,437,0
23671,955,1039,0
23672,955,397,0
23673,955,597,0
23674,955,1265,0
23675,955,761,0
23676,955,948,0
23677,955,579,0
23678,955,387,0
23679,955,327,0
23680,955,702,0
23681,955,232,0
23682,955,1079,0
23683,955,14,0
23684,955,92,0
23685,955,803,0
23686,955,89,0
23687,955,199,0
23688,955,1136,0
23689,955,1329,0
23690,955,868,0
23691,955,191,0
23692,955,1280,0
23693,955,29,0
23694,955,1300,0
23695,955,248,0
23696,955,370,0
23697,955,391,0
23698,955,765,0
23699,955,1062,0
23700,955,90,0
23701,955,1126,0
23702,955,1004,0
23703,955,683,0
23704,955,1130,0
23705,955,656,0
23706,955,160,0
23707,955,893,0
23708,955,543,0
23709,955,345,0
23710,955,1133,0
23711,955,396,0
23712,955,1235,0
23713,955,583,0
23714,955,763,0
23715,955,716,0
23716,955,478,0
23717,955,1042,0
23718,955,855,0
23719,955,733,0
23720,955,1401,0
23721,955,1361,0
23722,955,998,0
23723,955,1256,0
23724,955,329,0
23725,955,1167,0
23726,955,1154,0
23727,955,1014,0
23728,955,24,0
23729,955,26,0
23730,955,296,0
23731,955,101,0
23732,955,865,0
23733,955,884,0
23734,955,767,0
23735,955,460,0
23736,955,1040,0
23737,955,1138,0
23738,955,780,0
23739,955,557,0
23740,955,701,0
23741,955,1230,0
23742,955,446,0
23743,955,930,0
23744,955,551,0
23745,955,71,0
23746,955,260,0
23747,955,61,0
23748,955,651,0
23749,955,69,0
23750,955,812,0
23751,955,876,0
23752,955,20,0
23753,955,1372,0
23754,955,281,0
23755,955,866,0
23756,955,1157,0
23757,955,73,0
23758,955,148,0
23759,955,1331,0
23760,955,117,0
23761,955,535,0
23762,955,504,0
23763,955,259,0
23764,955,445,0
23765,955,1336,0
23766,955,183,0
23767,955,319,0
23768,955,564,0
23769,955,965,0
23770,955,738,0
23771,955,1078,0
23772,955,257,0
23773,955,573,0
23774,955,600,0
23775,955,97,0
23776,955,870,0
23777,955,456,0
23778,955,1399,0
23779,955,497,0
23780,955,584,0
23781,955,125,0
23782,955,2,0
23783,955,1264,0
23784,955,375,0
23785,955,1132,0
23786,955,1134,0
23787,955,635,0
23788,955,364,0
23789,955,1035,0
23790,955,1311,0
23791,955,407,0
23792,955,1351,0
23793,955,900,0
23794,955,1022,0
23795,955,1261,0
23796,955,163,0
23797,955,251,0
23798,955,1099,0
23799,955,256,0
23800,955,841,0
23801,955,892,0
23802,955,1123,0
23803,955,910,0
23804,955,1366,0
23805,955,912,0
23806,955,1064,0
23807,955,923,0
23808,955,572,0
23809,955,298,0
23810,955,447,0
23811,955,693,0
23812,955,611,0
23813,955,1104,0
23814,955,132,0
23815,955,367,0
23816,955,1152,0
23817,955,361,0
23818,955,209,0
23819,955,126,0
23820,955,524,0
23821,955,442,0
23822,955,363,0
23823,955,1001,0
23824,955,86,0
23825,955,307,0
23826,955,41,0
23827,955,1268,0
23828,955,824,0
23829,955,139,0
23830,955,571,0
23831,955,1292,0
23832,955,170,0
23833,955,1324,0
23834,955,804,0
23835,955,334,0
23836,955,196,0
23837,955,522,0
23838,955,1185,0
23839,955,1252,0
23840,955,954,0
23841,955,482,0
23842,955,415,0
23843,955,1287,0
23844,955,561,0
23845,955,1318,0
23846,955,950,0
23847,955,886,0
23848,955,1169,0
23849,955,221,0
23850,955,186,0
23851,955,1356,0
23852,955,365,0
23853,955,696,0
23854,955,150,0
23855,955,210,0
23856,955,1257,0
23857,955,602,0
23858,955,243,0
23859,955,51,0
23860,955,32,0
23861,955,401,0
23862,955,718,0
23863,955,432,0
23864,955,1023,0
23865,955,938,0
23866,955,352,0
23867,955,833,0
23868,955,1120,0
23869,955,586,0
23870,955,349,0
23871,955,1306,0
23872,955,136,0
23873,955,1210,0
23874,955,188,0
23875,955,1266,0
23876,955,1068,0
23877,955,1059,0
23878,955,1110,0
23879,955,796,0
23880,955,1213,0
23881,955,1066,0
23882,955,130,0
23883,955,925,0
23884,955,138,0
23885,955,328,0
23886,955,289,0
23887,955,1135,0
23888,955,759,0
23889,955,1105,0
23890,955,304,0
23891,955,742,0
23892,955,717,0
23893,955,978,0
23894,955,904,0
23895,955,982,0
23896,955,1406,0
23897,955,1049,0
23898,955,806,0
23899,955,287,0
23900,955,39,0
23901,955,515,0
23902,955,917,0
23903,955,639,0
23904,955,927,0
23905,955,1377,0
23906,955,1205,0
23907,955,989,0
23908,955,416,0
23909,955,1016,0
23910,955,323,0
23911,955,1204,0
23912,955,369,0
23913,955,988,0
23914,955,1092,0
23915,955,1384,0
23916,955,1020,0
23917,955,1109,0
23918,955,1180,0
23919,955,1012,0
23920,955,544,0
23921,955,264,0
23922,955,1396,0
23923,955,511,0
23924,955,408,0
23925,955,861,0
23926,955,708,0
23927,955,295,0
23928,955,1212,0
23929,955,526,0
23930,955,265,0
23931,955,115,0
23932,955,846,0
23933,955,1201,0
23934,955,1221,0
23935,955,149,0
23936,955,1289,0
23937,955,1089,0
23938,955,1095,0
23939,955,3,0
23940,955,133,0
23941,955,974,0
23942,955,1026,0
23943,955,1097,0
23944,955,1147,0
23945,955,389,0
23946,955,1326,0
23947,955,794,0
23948,955,704,0
23949,955,799,0
23950,955,1337,0
23951,955,155,0
23952,955,1365,0
23953,955,795,0
23954,955,83,0
23955,955,740,0
23956,955,1388,0
23957,955,1116,0
23958,955,619,0
23959,955,1080,0
23960,955,837,0
23961,955,1090,0
23962,955,1155,0
23963,955,672,0
23964,955,1177,0
23965,955,547,0
23966,955,496,0
23967,955,1274,0
23968,955,926,0
23969,955,1027,0
23970,955,781,0
23971,955,242,0
23972,955,914,0
23973,955,1332,0
23974,955,1313,0
23975,955,1215,0
23976,955,368,0
23977,955,770,0
23978,955,1321,0
23979,955,991,0
23980,955,301,0
23981,955,847,0
23982,955,899,0
23983,955,920,0
23984,955,1002,0
23985,955,147,0
23986,955,813,0
23987,955,185,0
23988,955,559,0
23989,955,177,0
23990,955,1308,0
23991,955,382,0
23992,955,1338,0
23993,955,1142,0
23994,955,1343,0
23995,955,438,0
23996,955,36,0
23997,955,1076,0
23998,955,1198,0
23999,955,1150,0
24000,955,891,0
24001,955,934,0
24002,955,1115,0
24003,955,9,0
24004,955,360,0
24005,955,254,0
24006,955,87,0
24007,955,829,0
24008,955,1151,0
24009,955,453,0
24010,955,1108,0
24011,955,207,0
24012,955,1084,0
24013,955,1176,0
24014,955,418,0
24015,955,1375,0
24016,955,889,0
24017,955,694,0
24018,955,1398,0
24019,955,981,0
24020,955,346,0
24021,955,881,0
24022,955,425,0
24023,955,1052,0
24024,955,510,0
24025,955,357,0
24026,955,1063,0
24027,955,947,0
24028,955,245,0
24029,955,279,0
24030,955,768,0
24031,955,582,0
24032,955,785,0
24033,955,60,0
24034,955,782,0
24035,955,653,0
24036,955,699,0
24037,955,153,0
24038,955,394,0
24039,955,1070,0
24040,955,667,0
24041,955,463,0
24042,955,507,0
24043,955,980,0
24044,955,379,0
24045,955,1046,0
24046,955,225,0
24047,955,49,0
24048,955,266,0
24049,955,1010,0
24050,955,1011,0
24051,955,992,0
24052,955,640,0
24053,955,531,0
24054,955,971,0
24055,955,574,0
24056,955,589,0
24057,955,88,0
24058,955,1249,0
24059,955,1188,0
24060,955,1162,0
24061,955,374,0
24062,955,455,0
24063,955,867,0
24064,955,508,0
24065,955,1247,0
24066,955,59,0
24067,955,1370,0
24068,955,1047,0
24069,955,684,0
24070,955,1158,0
24071,955,746,0
24072,955,758,0
24073,955,542,0
24074,955,102,0
24075,955,228,0
24076,955,238,0
24077,955,1028,0
24078,955,140,0
24079,955,1407,0
24080,955,1189,0
24081,955,362,0
24082,955,682,0
24083,955,1140,0
24084,955,17,0
24085,955,649,0
24086,955,828,0
24087,955,1050,0
24088,955,502,0
24089,955,1220,0
24090,955,123,0
24091,955,615,0
24092,955,941,0
24093,955,874,0
24094,955,212,0
24095,955,928,0
24096,955,255,0
24097,955,632,0
24098,955,311,0
24099,955,1258,0
24100,955,440,0
24101,955,686,0
24102,955,709,0
24103,955,503,0
24104,955,1315,0
24105,955,1199,0
24106,955,935,0
24107,955,247,0
24108,955,28,0
24109,955,1043,0
24110,955,943,0
24111,955,963,0
24112,955,1030,0
24113,955,205,0
24114,955,773,0
24115,955,1260,0
24116,955,786,0
24117,955,274,0
24118,955,1006,0
24119,955,617,0
24120,955,580,0
24121,955,819,0
24122,955,719,0
24123,955,809,0
24124,955,1031,0
24125,955,1233,0
24126,955,703,0
24127,955,789,0
24128,955,673,0
24129,955,952,0
24130,955,410,0
24131,973,885,0
24132,973,238,0
24133,973,674,0
24134,973,331,0
24135,973,1271,0
24136,973,646,0
24137,973,916,0
24138,973,432,0
24139,973,534,0
24140,973,336,0
24141,973,363,0
24142,973,621,0
24143,973,470,0
24144,973,1167,0
24145,973,335,0
24146,973,617,0
24147,973,803,0
24148,973,927,0
24149,973,475,0
24150,973,1231,0
24151,973,1234,0
24152,973,324,0
24153,973,932,0
24154,973,359,0
24155,973,930,0
24156,973,653,0
24157,973,216,0
24158,973,137,0
24159,973,200,0
24160,973,1275,0
24161,973,908,0
24162,973,101,0
24163,973,502,0
24164,973,1386,0
24165,973,488,0
24166,973,1391,0
24167,973,282,0
24168,973,712,0
24169,973,479,0
24170,973,1041,0
24171,973,837,0
24172,973,153,0
24173,973,968,0
24174,973,414,0
24175,973,1366,0
24176,973,919,0
24177,973,1019,0
24178,973,611,0
24179,973,96,0
24180,973,368,0
24181,973,1186,0
24182,973,1162,0
24183,973,1114,0
24184,973,1276,0
24185,973,244,0
24186,973,223,0
24187,973,26,0
24188,973,813,0
24189,973,1407,0
24190,973,869,0
24191,973,1291,0
24192,973,337,0
24193,973,1378,0
24194,973,66,0
24195,973,408,0
24196,973,553,0
24197,973,1161,0
24198,973,635,0
24199,973,739,0
24200,973,1102,0
24201,973,627,0
24202,973,299,0
24203,973,819,0
24204,973,1389,0
24205,973,865,0
24206,973,717,0
24207,973,606,0
24208,973,966,0
24209,973,978,0
24210,973,254,0
24211,973,1246,0
24212,973,1022,0
24213,973,250,0
24214,973,710,0
24215,973,668,0
24216,973,540,0
24217,973,1226,0
24218,973,491,0
24219,973,1218,0
24220,973,782,0
24221,973,846,0
24222,973,970,0
24223,973,564,0
24224,973,557,0
24225,973,1387,0
24226,973,769,0
24227,973,944,0
24228,973,277,0
24229,973,467,0
24230,973,418,0
24231,973,294,0
24232,973,789,0
24233,973,30,0
24234,973,809,0
24235,973,1282,0
24236,973,707,0
24237,973,39,0
24238,973,857,0
24239,973,1133,0
24240,973,351,0
24241,973,305,0
24242,973,892,0
24243,973,847,0
24244,973,399,0
24245,973,382,0
24246,973,538,0
24247,973,602,0
24248,973,1147,0
24249,973,1083,0
24250,973,1238,0
24251,973,637,0
24252,973,406,0
24253,973,1071,0
24254,973,792,0
24255,973,410,0
24256,973,571,0
24257,973,1038,0
24258,973,457,0
24259,973,714,0
24260,973,61,0
24261,973,725,0
24262,973,1305,0
24263,973,213,0
24264,973,464,0
24265,973,959,0
24266,973,473,0
24267,973,505,0
24268,973,765,0
24269,973,895,0
24270,973,218,0
24271,973,1327,0
24272,973,893,0
24273,973,981,0
24274,973,935,0
24275,973,848,0
24276,973,1363,0
24277,973,1179,0
24278,973,1163,0
24279,973,1358,0
24280,973,360,0
24281,973,931,0
24282,973,804,0
24283,973,684,0
24284,973,353,0
24285,973,890,0
24286,973,983,0
24287,973,332,0
24288,973,1200,0
24289,973,1177,0
24290,973,477,0
24291,973,91,0
24292,973,1155,0
24293,973,701,0
24294,973,380,0
24295,973,541,0
24296,973,799,0
24297,973,845,0
24298,973,394,0
24299,973,988,0
24300,973,1060,0
24301,973,98,0
24302,973,321,0
24303,973,1194,0
24304,973,1349,0
24305,973,840,0
24306,973,775,0
24307,973,1128,0
24308,973,316,0
24309,973,49,0
24310,973,1110,0
24311,973,145,0
24312,973,1306,0
24313,973,1252,0
24314,973,1337,0
24315,973,104,0
24316,973,1283,0
24317,973,1024,0
24318,973,1000,0
24319,973,1050,0
24320,973,979,0
24321,973,1210,0
24322,973,1309,0
24323,973,156,0
24324,973,547,0
24325,973,832,0
24326,973,730,0
24327,973,347,0
24328,973,1181,0
24329,973,521,0
24330,973,44,0
24331,973,1095,0
24332,973,648,0
24333,973,1368,0
24334,973,1385,0
24335,973,100,0
24336,973,933,0
24337,973,620,0
24338,973,511,0
24339,973,1236,0
24340,973,51,0
24341,973,759,0
24342,973,130,0
24343,973,522,0
24344,973,1150,0
24345,973,419,0
24346,973,992,0
24347,973,689,0
24348,973,1127,0
24349,973,925,0
24350,973,1005,0
24351,973,36,0
24352,973,1232,0
24353,973,980,0
24354,973,286,0
24355,973,1259,0
24356,973,1221,0
24357,973,1099,0
24358,973,744,0
24359,973,537,0
24360,973,1080,0
24361,973,695,0
24362,973,791,0
24363,973,82,0
24364,973,592,0
24365,973,721,0
24366,973,486,0
24367,973,982,0
24368,973,1096,0
24369,973,574,0
24370,973,300,0
24371,973,261,0
24372,973,863,0
24373,973,1061,0
24374,973,283,0
24375,973,990,0
24376,973,735,0
24377,973,253,0
24378,973,64,0
24379,973,311,0
24380,973,1392,0
24381,973,1318,0
24382,973,29,0
24383,973,34,0
24384,973,248,0
24385,973,388,0
24386,973,349,0
24387,973,444,0
24388,973,906,0
24389,973,597,0
24390,973,777,0
24391,973,28,0
24392,973,771,0
24393,973,675,0
24394,973,119,0
24395,973,1104,0
24396,973,748,0
24397,973,260,0
24398,973,307,0
24399,973,428,0
24400,973,670,0
24401,973,1166,0
24402,973,220,0
24403,973,1183,0
24404,973,560,0
24405,973,451,0
24406,973,1367,0
24407,973,671,0
24408,973,1360,0
24409,973,214,0
24410,973,577,0
24411,973,1113,0
24412,973,1343,0
24413,973,184,0
24414,973,816,0
24415,973,120,0
24416,973,1035,0
24417,973,797,0
24418,973,962,0
24419,973,474,0
24420,973,543,0
24421,973,448,0
24422,973,757,0
24423,973,106,0
24424,973,163,0
24425,973,1073,0
24426,973,217,0
24427,973,1369,0
24428,973,1190,0
24429,973,515,0
24430,973,1204,0
24431,973,641,0
24432,973,661,0
24433,973,1170,0
24434,973,53,0
24435,973,642,0
24436,973,81,0
24437,973,1130,0
24438,973,313,0
24439,973,873,0
24440,973,914,0
24441,973,628,0
24442,973,1007,0
24443,973,499,0
24444,973,438,0
24445,973,657,0
24446,973,111,0
24447,973,858,0
24448,973,575,0
24449,973,533,0
24450,973,1048,0
24451,973,1224,0
24452,973,16,0
24453,973,367,0
24454,973,482,0
24455,973,1189,0
24456,973,241,0
24457,973,129,0
24458,973,295,0
24459,973,1325,0
24460,973,972,0
24461,973,1109,0
24462,973,1051,0
24463,973,113,0
24464,973,236,0
24465,973,647,0
24466,973,1311,0
24467,973,801,0
24468,973,955,0
24469,973,1202,0
24470,973,239,0
24471,973,1321,0
24472,973,1239,0
24473,973,1324,0
24474,973,346,0
24475,973,1296,0
24476,973,622,0
24477,973,700,0
24478,973,1144,0
24479,973,193,0
24480,973,1277,0
24481,973,172,0
24482,973,1344,0
24483,973,72,0
24484,973,918,0
24485,973,190,0
24486,973,166,0
24487,973,76,0
24488,973,879,0
24489,973,198,0
24490,973,1199,0
24491,973,623,0
24492,973,1009,0
24493,973,732,0
24494,973,318,0
24495,973,41,0
24496,973,899,0
24497,973,1198,0
24498,973,794,0
24499,973,949,0
24500,973,461,0
24501,973,1329,0
24502,973,659,0
24503,973,173,0
24504,973,715,0
24505,973,941,0
24506,973,513,0
24507,973,330,0
24508,973,958,0
24509,973,578,0
24510,973,356,0
24511,973,619,0
24512,973,1362,0
24513,973,312,0
24514,973,719,0
24515,973,1145,0
24516,973,1028,0
24517,973,366,0
24518,973,662,0
24519,973,1046,0
24520,973,1292,0
24521,973,5,0
24522,973,506,0
24523,973,1074,0
24524,973,898,0
24525,973,15,0
24526,973,836,0
24527,973,1352,0
24528,973,159,0
24529,973,943,0
24530,973,421,0
24531,973,1328,0
24532,973,1013,0
24533,973,411,0
24534,973,293,0
24535,973,658,0
24536,973,591,0
24537,973,32,0
24538,973,14,0
24539,973,56,0
24540,973,666,0
24541,973,291,0
24542,973,1017,0
24543,973,221,0
24544,973,713,0
24545,973,582,0
24546,973,1244,0
24547,973,1279,0
24548,973,99,0
24549,973,229,0
24550,973,636,0
24551,973,1326,0
24552,973,811,0
24553,973,478,0
24554,973,102,0
24555,973,228,0
24556,973,633,0
24557,973,868,0
24558,973,1207,0
24559,973,1314,0
24560,973,917,0
24561,973,629,0
24562,973,108,0
24563,973,565,0
24564,973,1405,0
24565,973,607,0
24566,973,878,0
24567,973,207,0
24568,973,59,0
24569,973,398,0
24570,973,1255,0
24571,973,911,0
24572,973,741,0
24573,973,118,0
24574,973,650,0
24575,973,559,0
24576,973,150,0
24577,973,727,0
24578,973,437,0
24579,973,555,0
24580,973,1191,0
24581,973,1052,0
24582,973,859,0
24583,973,124,0
24584,973,1156,0
24585,973,1219,0
24586,973,841,0
24587,973,915,0
24588,973,536,0
24589,973,867,0
24590,973,495,0
24591,973,1169,0
24592,973,605,0
24593,973,1399,0
24594,973,1299,0
24595,973,1011,0
24596,973,1091,0
24597,973,494,0
24598,973,84,0
24599,973,997,0
24600,973,971,0
24601,973,1112,0
24602,973,1119,0
24603,973,71,0
24604,973,1372,0
24605,973,1312,0
24606,973,315,0
24607,973,1240,0
24608,973,1054,0
24609,973,563,0
24610,973,1401,0
24611,973,266,0
24612,973,465,0
24613,973,517,0
24614,973,952,0
24615,973,665,0
24616,973,466,0
24617,973,1023,0
24618,973,871,0
24619,973,1377,0
24620,973,78,0
24621,973,1016,0
24622,973,986,0
24623,973,447,0
24624,973,603,0
24625,973,655,0
24626,973,1135,0
24627,973,838,0
24628,973,1347,0
24629,973,133,0
24630,973,825,0
24631,973,1316,0
24632,973,232,0
24633,973,115,0
24634,973,1264,0
24635,973,1015,0
24636,973,676,0
24637,973,170,0
24638,973,287,0
24639,973,569,0
24640,973,1249,0
24641,973,296,0
24642,973,852,0
24643,973,509,0
24644,973,726,0
24645,973,894,0
24646,973,704,0
24647,973,587,0
24648,973,168,0
24649,973,953,0
24650,973,615,0
24651,973,481,0
24652,973,806,0
24653,973,1228,0
24654,973,1092,0
24655,973,1168,0
24656,973,685,0
24657,973,994,0
24658,973,138,0
24659,973,722,0
24660,973,984,0
24661,973,134,0
24662,973,512,0
24663,973,817,0
24664,973,573,0
24665,973,780,0
24666,973,567,0
24667,973,492,0
24668,973,341,0
24669,973,1159,0
24670,973,590,0
24671,973,588,0
24672,973,1390,0
24673,973,1323,0
24674,973,1217,0
24675,973,752,0
24676,973,870,0
24677,973,745,0
24678,973,872,0
24679,973,18,0
24680,973,1195,0
24681,973,162,0
24682,973,729,0
24683,973,632,0
24684,973,936,0
24685,973,107,0
24686,973,1188,0
24687,973,407,0
24688,973,1030,0
24689,973,1020,0
24690,973,1214,0
24691,973,31,0
24692,973,514,0
24693,973,1295,0
24694,973,456,0
24695,973,1288,0
24696,973,117,0
24697,973,687,0
24698,973,185,0
24699,973,883,0
24700,973,1042,0
24701,973,1336,0
24702,973,746,0
24703,973,1172,0
24704,973,503,0
24705,973,1069,0
24706,973,802,0
24707,973,374,0
24708,973,1002,0
24709,973,1055,0
24710,973,376,0
24711,973,558,0
24712,973,1260,0
24713,973,510,0
24714,973,682,0
24715,989,438,0
24716,989,232,0
24717,989,1341,0
24718,989,1377,0
24719,989,294,0
24720,989,343,0
24721,989,1073,0
24722,989,492,0
24723,989,864,0
24724,989,961,0
24725,989,169,0
24726,989,457,0
24727,989,847,0
24728,989,1244,0
24729,989,538,0
24730,989,806,0
24731,989,1210,0
24732,989,1169,0
24733,989,601,0
24734,989,495,0
24735,989,645,0
24736,989,635,0
24737,989,694,0
24738,989,969,0
24739,989,313,0
24740,989,592,0
24741,989,621,0
24742,989,1145,0
24743,989,711,0
24744,989,1032,0
24745,989,451,0
24746,989,1236,0
24747,989,563,0
24748,989,1273,0
24749,989,1175,0
24750,989,1399,0
24751,989,130,0
24752,989,1152,0
24753,989,1124,0
24754,989,1238,0
24755,989,1046,0
24756,989,78,0
24757,989,484,0
24758,989,903,0
24759,989,361,0
24760,989,527,0
24761,989,595,0
24762,989,976,0
24763,989,441,0
24764,989,1002,0
24765,989,553,0
24766,989,517,0
24767,989,934,0
24768,989,942,0
24769,989,519,0
24770,989,732,0
24771,989,83,0
24772,989,1232,0
24773,989,45,0
24774,989,77,0
24775,989,874,0
24776,989,585,0
24777,989,1386,0
24778,989,851,0
24779,989,1017,0
24780,989,184,0
24781,989,1071,0
24782,989,542,0
24783,989,319,0
24784,989,488,0
24785,989,1061,0
24786,989,771,0
24787,989,240,0
24788,989,740,0
24789,989,911,0
24790,989,117,0
24791,989,354,0
24792,989,1332,0
24793,989,219,0
24794,989,828,0
24795,989,657,0
24796,989,882,0
24797,989,133,0
24798,989,928,0
24799,989,268,0
24800,989,541,0
24801,989,55,0
24802,989,403,0
24803,989,590,0
24804,989,842,0
24805,989,427,0
24806,989,1223,0
24807,989,870,0
24808,989,781,0
24809,989,1360,0
24810,989,339,0
24811,989,1334,0
24812,989,450,0
24813,989,158,0
24814,989,804,0
24815,989,901,0
24816,989,1402,0
24817,989,312,0
24818,989,729,0
24819,989,1128,0
24820,989,912,0
24821,989,113,0
24822,989,366,0
24823,989,193,0
24824,989,983,0
24825,989,580,0
24826,989,64,0
24827,989,982,0
24828,989,41,0
24829,989,1290,0
24830,989,849,0
24831,989,558,0
24832,989,1397,0
24833,989,1287,0
24834,989,1366,0
24835,989,182,0
24836,989,1271,0
24837,989,809,0
24838,989,816,0
24839,989,627,0
24840,989,306,0
24841,989,921,0
24842,989,155,0
24843,989,747,0
24844,989,968,0
24845,989,1250,0
24846,989,843,0
24847,989,1161,0
24848,989,1127,0
24849,989,1076,0
24850,989,68,0
24851,989,593,0
24852,989,801,0
24853,989,556,0
24854,989,211,0
24855,989,1347,0
24856,989,236,0
24857,989,1252,0
24858,989,1054,0
24859,989,1033,0
24860,989,852,0
24861,989,952,0
24862,989,897,0
24863,989,734,0
24864,989,305,0
24865,989,1007,0
24866,989,259,0
24867,989,1081,0
24868,989,1301,0
24869,989,760,0
24870,989,802,0
24871,989,217,0
24872,989,421,0
24873,989,998,0
24874,989,661,0
24875,989,425,0
24876,989,1233,0
24877,989,742,0
24878,989,697,0
24879,989,741,0
24880,989,465,0
24881,989,180,0
24882,989,52,0
24883,989,883,0
24884,989,1291,0
24885,989,796,0
24886,989,719,0
24887,989,101,0
24888,989,1240,0
24889,989,59,0
24890,989,639,0
24891,989,1084,0
24892,989,867,0
24893,989,1314,0
24894,989,736,0
24895,989,1163,0
24896,989,1285,0
24897,989,516,0
24898,989,459,0
24899,989,332,0
24900,989,399,0
24901,989,1218,0
24902,989,1375,0
24903,989,67,0
24904,989,566,0
24905,989,1090,0
24906,989,1315,0
24907,989,1182,0
24908,989,1022,0
24909,989,1219,0
24910,989,486,0
24911,989,144,0
24912,989,1231,0
24913,989,837,0
24914,989,1043,0
24915,989,913,0
24916,989,570,0
24917,989,179,0
24918,989,1288,0
24919,989,1031,0
24920,989,940,0
24921,989,603,0
24922,989,522,0
24923,989,453,0
24924,989,676,0
24925,989,168,0
24926,989,1295,0
24927,989,778,0
24928,989,406,0
24929,989,1093,0
24930,989,359,0
24931,989,568,0
24932,989,615,0
24933,989,980,0
24934,989,1300,0
24935,989,1206,0
24936,989,671,0
24937,989,1014,0
24938,989,443,0
24939,989,817,0
24940,989,1150,0
24941,989,779,0
24942,989,932,0
24943,989,1207,0
24944,989,239,0
24945,989,904,0
24946,989,460,0
24947,989,910,0
24948,989,823,0
24949,989,701,0
24950,989,535,0
24951,989,633,0
24952,989,1279,0
24953,989,347,0
24954,989,634,0
24955,989,238,0
24956,989,48,0
24957,989,534,0
24958,989,1176,0
24959,989,1209,0
24960,989,606,0
24961,989,787,0
24962,989,371,0
24963,989,555,0
24964,989,997,0
24965,989,1247,0
24966,989,945,0
24967,989,469,0
24968,989,1239,0
24969,989,825,0
24970,989,579,0
24971,989,950,0
24972,989,1064,0
24973,989,720,0
24974,989,434,0
24975,989,1089,0
24976,989,1174,0
24977,989,335,0
24978,989,1067,0
24979,989,886,0
24980,989,1365,0
24981,989,21,0
24982,989,597,0
24983,989,532,0
24984,989,1384,0
24985,989,692,0
24986,989,462,0
24987,989,167,0
24988,989,1181,0
24989,989,1329,0
24990,989,108,0
24991,989,416,0
24992,989,856,0
24993,989,244,0
24994,989,274,0
24995,989,1185,0
24996,989,81,0
24997,989,1041,0
24998,989,481,0
24999,989,1241,0
25000,989,241,0
25001,989,372,0
25002,989,678,0
25003,989,547,0
25004,989,696,0
25005,989,485,0
25006,989,1102,0
25007,989,622,0
25008,989,832,0
25009,989,374,0
25010,989,1361,0
25011,989,917,0
25012,989,112,0
25013,989,858,0
25014,989,420,0
25015,989,1062,0
25016,989,308,0
25017,989,583,0
25018,989,72,0
25019,989,887,0
25020,989,512,0
25021,989,1104,0
25022,989,951,0
25023,989,24,0
25024,989,803,0
25025,989,1312,0
25026,989,476,0
25027,989,949,0
25028,989,124,0
25029,989,1214,0
25030,989,966,0
25031,989,352,0
25032,989,992,0
25033,989,971,0
25034,989,1088,0
25035,989,718,0
25036,989,1144,0
25037,989,1018,0
25038,989,833,0
25039,989,183,0
25040,989,307,0
25041,989,120,0
25042,989,303,0
25043,989,708,0
25044,989,46,0
25045,989,1114,0
25046,989,1170,0
25047,989,336,0
25048,989,346,0
25049,989,351,0
25050,989,1140,0
25051,989,1254,0
25052,989,100,0
25053,989,1276,0
25054,989,96,0
25055,989,321,0
25056,989,574,0
25057,989,445,0
25058,989,1025,0
25059,989,173,0
25060,989,1189,0
25061,989,683,0
25062,989,1011,0
25063,989,1234,0
25064,989,1390,0
25065,989,1049,0
25066,989,71,0
25067,989,1103,0
25068,989,424,0
25069,989,482,0
25070,989,362,0
25071,989,38,0
25072,989,227,0
25073,989,317,0
25074,989,98,0
25075,989,979,0
25076,989,207,0
25077,989,1267,0
25078,989,177,0
25079,989,220,0
25080,989,423,0
25081,989,444,0
25082,989,618,0
25083,989,1167,0
25084,989,1406,0
25085,989,1387,0
25086,989,733,0
25087,989,473,0
25088,989,972,0
25089,989,504,0
25090,989,1306,0
25091,989,650,0
25092,989,92,0
25093,989,686,0
25094,989,767,0
25095,989,456,0
25096,989,967,0
25097,989,646,0
25098,989,1013,0
25099,989,137,0
25100,989,754,0
25101,989,54,0
25102,989,1284,0
25103,989,225,0
25104,989,1188,0
25105,989,629,0
25106,989,1302,0
25107,989,91,0
25108,989,1200,0
25109,989,301,0
25110,989,111,0
25111,989,722,0
25112,989,325,0
25113,989,756,0
25114,989,576,0
25115,989,1183,0
25116,989,798,0
25117,989,1364,0
25118,989,84,0
25119,989,1318,0
25120,989,1091,0
25121,989,1258,0
25122,989,1021,0
25123,989,537,0
25124,989,1255,0
25125,989,1262,0
25126,989,266,0
25127,989,511,0
25128,989,995,0
25129,989,29,0
25130,989,660,0
25131,989,402,0
25132,989,358,0
25133,989,404,0
25134,989,616,0
25135,989,744,0
25136,989,249,0
25137,989,295,0
25138,989,677,0
25139,989,765,0
25140,989,930,0
25141,989,429,0
25142,989,794,0
25143,989,1354,0
25144,989,1350,0
25145,989,36,0
25146,989,293,0
25147,989,906,0
25148,989,1009,0
25149,989,819,0
25150,989,1344,0
25151,989,766,0
25152,989,544,0
25153,989,857,0
25154,989,988,0
25155,989,86,0
25156,989,936,0
25157,989,859,0
25158,989,1006,0
25159,989,311,0
25160,989,205,0
25161,989,1051,0
25162,989,489,0
25163,989,1131,0
25164,989,839,0
25165,989,281,0
25166,989,873,0
25167,989,636,0
25168,989,1020,0
25169,989,383,0
25170,989,368,0
25171,989,935,0
25172,989,991,0
25173,989,390,0
25174,989,142,0
25175,989,14,0
25176,989,853,0
25177,989,726,0
25178,989,1401,0
25179,989,1316,0
25180,989,1217,0
25181,989,879,0
25182,989,690,0
25183,989,382,0
25184,989,673,0
25185,989,1159,0
25186,989,250,0
25187,989,1023,0
25188,989,533,0
25189,989,468,0
25190,989,248,0
25191,989,1296,0
25192,989,871,0
25193,989,1343,0
25194,989,667,0
25195,989,1371,0
25196,989,946,0
25197,989,1135,0
25198,989,210,0
25199,989,1235,0
25200,989,126,0
25201,989,735,0
25202,989,1221,0
25203,989,713,0
25204,989,674,0
25205,989,821,0
25206,989,791,0
25207,989,331,0
25208,989,1333,0
25209,989,125,0
25210,989,814,0
25211,989,1308,0
25212,989,212,0
25213,989,631,0
25214,989,432,0
25215,989,118,0
25216,989,1132,0
25217,989,1392,0
25218,989,1146,0
25219,989,66,0
25220,989,1382,0
25221,989,388,0
25222,989,1108,0
25223,989,1155,0
25224,989,283,0
25225,989,540,0
25226,989,7,0
25227,989,189,0
25228,989,154,0
25229,989,131,0
25230,989,642,0
25231,989,497,0
25232,989,907,0
25233,989,567,0
25234,989,515,0
25235,989,1275,0
25236,989,855,0
25237,989,724,0
25238,989,1216,0
25239,989,275,0
25240,989,1058,0
25241,989,908,0
25242,989,681,0
25243,989,1320,0
25244,989,320,0
25245,989,691,0
25246,989,1372,0
25247,989,1294,0
25248,989,1249,0
25249,989,480,0
25250,989,1368,0
25251,989,188,0
25252,989,50,0
25253,989,931,0
25254,989,8,0
25255,989,1100,0
25256,989,944,0
25257,989,1063,0
25258,989,90,0
25259,989,506,0
25260,989,185,0
25261,989,1393,0
25262,989,721,0
25263,989,664,0
25264,989,1016,0
25265,989,3,0
25266,989,15,0
25267,989,507,0
25268,989,1157,0
25269,989,643,0
25270,989,58,0
25271,989,659,0
25272,989,1328,0
25273,989,6,0
25274,989,49,0
25275,989,655,0
25276,989,919,0
25277,989,763,0
25278,989,472,0
25279,989,2,0
25280,989,213,0
25281,989,79,0
25282,989,341,0
25283,989,174,0
25284,989,226,0
25285,989,716,0
25286,989,1045,0
25287,989,588,0
25288,989,1264,0
25289,989,1012,0
25290,989,680,0
25291,989,1379,0
25292,989,575,0
25293,989,487,0
25294,989,1052,0
25295,989,955,0
25296,989,1208,0
25297,989,793,0
25298,989,602,0
25299,989,648,0
25300,989,860,0
25301,989,56,0
25302,989,531,0
25303,989,923,0
25304,989,324,0
25305,989,1101,0
25306,989,609,0
25307,989,106,0
25308,989,1095,0
25309,989,644,0
25310,989,1311,0
25311,989,630,0
25312,989,1194,0
25313,989,395,0
25314,989,326,0
25315,989,258,0
25316,989,89,0
25317,989,996,0
25318,989,1168,0
25319,989,964,0
25320,989,104,0
25321,989,785,0
25322,989,340,0
25323,989,148,0
25324,989,679,0
25325,989,1248,0
25326,989,1269,0
25327,989,960,0
25328,989,1195,0
25329,989,381,0
25330,989,670,0
25331,989,1327,0
25332,989,284,0
25333,989,369,0
25334,989,863,0
25335,989,731,0
25336,989,1337,0
25337,989,10,0
25338,989,1192,0
25339,989,42,0
25340,989,941,0
25341,989,746,0
25342,989,146,0
25343,989,1277,0
25344,989,877,0
25345,989,214,0
25346,989,1172,0
25347,989,235,0
25348,989,471,0
25349,989,561,0
25350,989,140,0
25351,989,153,0
25352,989,271,0
25353,989,836,0
25354,989,129,0
25355,989,1303,0
25356,989,672,0
25357,989,520,0
25358,989,156,0
25359,989,499,0
25360,989,978,0
25361,989,1109,0
25362,989,1204,0
25363,989,1000,0
25364,989,1358,0
25365,989,1355,0
25366,989,501,0
25367,989,663,0
25368,989,286,0
25369,989,1242,0
25370,989,612,0
25371,989,1356,0
25372,989,948,0
25373,989,31,0
25374,989,264,0
25375,989,467,0
25376,989,353,0
25377,989,1323,0
25378,989,1024,0
25379,989,1158,0
25380,989,478,0
25381,989,94,0
25382,989,53,0
25383,989,700,0
25384,996,469,0
25385,996,552,0
25386,996,836,0
25387,996,1360,0
25388,996,1255,0
25389,996,144,0
25390,996,868,0
25391,996,645,0
25392,996,498,0
25393,996,903,0
25394,996,1174,0
25395,996,563,0
25396,996,1232,0
25397,996,338,0
25398,996,64,0
25399,996,259,0
25400,996,834,0
25401,996,1273,0
25402,996,796,0
25403,996,1039,0
25404,996,1298,0
25405,996,1120,0
25406,996,1371,0
25407,996,1408,0
25408,996,866,0
25409,996,114,0
25410,996,1281,0
25411,996,232,0
25412,996,519,0
25413,996,642,0
25414,996,337,0
25415,996,1048,0
25416,996,1113,0
25417,996,386,0
25418,996,1041,0
25419,996,1343,0
25420,996,1131,0
25421,996,746,0
25422,996,151,0
25423,996,1042,0
25424,996,888,0
25425,996,882,0
25426,996,84,0
25427,996,847,0
25428,996,774,0
25429,996,933,0
25430,996,15,0
25431,996,1134,0
25432,996,1021,0
25433,996,979,0
25434,996,201,0
25435,996,1191,0
25436,996,634,0
25437,996,172,0
25438,996,16,0
25439,996,1138,0
25440,996,1203,0
25441,996,282,0
25442,996,1032,0
25443,996,596,0
25444,996,865,0
25445,996,931,0
25446,996,79,0
25447,996,477,0
25448,996,482,0
25449,996,1038,0
25450,996,1349,0
25451,996,521,0
25452,996,1221,0
25453,996,96,0
25454,996,1142,0
25455,996,991,0
25456,996,910,0
25457,996,1259,0
25458,996,1183,0
25459,996,671,0
25460,996,1242,0
25461,996,520,0
25462,996,765,0
25463,996,1066,0
25464,996,1209,0
25465,996,148,0
25466,996,581,0
25467,996,1016,0
25468,996,601,0
25469,996,56,0
25470,996,1167,0
25471,996,1005,0
25472,996,1332,0
25473,996,584,0
25474,996,88,0
25475,996,100,0
25476,996,1093,0
25477,996,801,0
25478,996,19,0
25479,996,507,0
25480,996,739,0
25481,996,366,0
25482,996,369,0
25483,996,1140,0
25484,996,283,0
25485,996,336,0
25486,996,932,0
25487,996,575,0
25488,996,222,0
25489,996,373,0
25490,996,1150,0
25491,996,555,0
25492,996,557,0
25493,996,1376,0
25494,996,1392,0
25495,996,68,0
25496,996,65,0
25497,996,829,0
25498,996,675,0
25499,996,1115,0
25500,996,150,0
25501,996,449,0
25502,996,1276,0
25503,996,592,0
25504,996,471,0
25505,996,593,0
25506,996,786,0
25507,996,418,0
25508,996,1121,0
25509,996,51,0
25510,996,58,0
25511,996,1128,0
25512,996,1078,0
25513,996,1222,0
25514,996,880,0
25515,996,458,0
25516,996,486,0
25517,996,528,0
25518,996,1279,0
25519,996,1200,0
25520,996,807,0
25521,996,918,0
25522,996,942,0
25523,996,1292,0
25524,996,1311,0
25525,996,1096,0
25526,996,248,0
25527,996,28,0
25528,996,870,0
25529,996,116,0
25530,996,725,0
25531,996,377,0
25532,996,147,0
25533,996,1143,0
25534,996,1177,0
25535,996,814,0
25536,996,1269,0
25537,996,1040,0
25538,996,624,0
25539,996,1246,0
25540,996,594,0
25541,996,548,0
25542,996,1316,0
25543,996,406,0
25544,996,1132,0
25545,996,761,0
25546,996,782,0
25547,996,227,0
25548,996,1139,0
25549,996,983,0
25550,996,1342,0
25551,996,236,0
25552,996,602,0
25553,996,1263,0
25554,996,615,0
25555,996,1130,0
25556,996,613,0
25557,996,121,0
25558,996,1192,0
25559,996,1185,0
25560,996,1011,0
25561,996,1282,0
25562,996,17,0
25563,996,260,0
25564,996,1238,0
25565,996,727,0
25566,996,97,0
25567,996,970,0
25568,996,1126,0
25569,996,1254,0
25570,996,747,0
25571,996,1258,0
25572,996,328,0
25573,996,732,0
25574,996,590,0
25575,996,789,0
25576,996,1277,0
25577,996,772,0
25578,996,219,0
25579,996,912,0
25580,996,751,0
25581,996,760,0
25582,996,1323,0
25583,996,529,0
25584,996,946,0
25585,996,11,0
25586,996,207,0
25587,996,270,0
25588,996,986,0
25589,996,643,0
25590,996,1407,0
25591,996,1208,0
25592,996,389,0
25593,996,487,0
25594,996,355,0
25595,996,650,0
25596,996,113,0
25597,996,34,0
25598,996,957,0
25599,996,917,0
25600,996,1,0
25601,996,524,0
25602,996,153,0
25603,996,1338,0
25604,996,637,0
25605,996,204,0
25606,996,766,0
25607,996,547,0
25608,996,802,0
25609,996,515,0
25610,996,149,0
25611,996,1084,0
25612,996,1233,0
25613,996,182,0
25614,996,1266,0
25615,996,707,0
25616,996,526,0
25617,996,662,0
25618,996,893,0
25619,996,415,0
25620,996,1400,0
25621,996,60,0
25622,996,875,0
25623,996,109,0
25624,996,194,0
25625,996,6,0
25626,996,316,0
25627,996,489,0
25628,996,1029,0
25629,996,1321,0
25630,996,342,0
25631,996,1071,0
25632,996,292,0
25633,996,1252,0
25634,996,1352,0
25635,996,115,0
25636,996,1043,0
25637,996,119,0
25638,996,1108,0
25639,996,867,0
25640,996,1379,0
25641,996,1124,0
25642,996,724,0
25643,996,585,0
25644,996,934,0
25645,996,651,0
25646,996,1353,0
25647,996,1237,0
25648,996,1173,0
25649,996,1057,0
25650,996,878,0
25651,996,319,0
25652,996,1053,0
25653,996,771,0
25654,996,553,0
25655,996,640,0
25656,996,962,0
25657,996,281,0
25658,996,568,0
25659,996,225,0
25660,996,249,0
25661,996,1341,0
25662,996,572,0
25663,996,1072,0
25664,996,735,0
25665,996,794,0
25666,996,341,0
25667,996,271,0
25668,996,1306,0
25669,996,344,0
25670,996,1004,0
25671,996,1017,0
25672,996,1219,0
25673,996,4,0
25674,996,256,0
25675,996,1024,0
25676,996,414,0
25677,996,179,0
25678,996,503,0
25679,996,939,0
25680,996,203,0
25681,996,1165,0
25682,996,753,0
25683,996,630,0
25684,996,430,0
25685,996,804,0
25686,996,822,0
25687,996,70,0
25688,996,1102,0
25689,996,697,0
25690,996,1247,0
25691,996,972,0
25692,996,35,0
25693,996,1210,0
25694,996,483,0
25695,996,790,0
25696,996,754,0
25697,996,927,0
25698,996,502,0
25699,996,522,0
25700,996,729,0
25701,996,152,0
25702,996,402,0
25703,996,371,0
25704,996,401,0
25705,996,350,0
25706,996,580,0
25707,996,413,0
25708,996,1244,0
25709,996,53,0
25710,996,952,0
25711,996,459,0
25712,996,688,0
25713,996,977,0
25714,996,1106,0
25715,996,1362,0
25716,996,582,0
25717,996,1303,0
25718,996,2,0
25719,996,969,0
25720,996,1359,0
25721,996,98,0
25722,996,1014,0
25723,996,443,0
25724,996,457,0
25725,996,815,0
25726,996,393,0
25727,996,730,0
25728,996,759,0
25729,996,302,0
25730,996,485,0
25731,996,1000,0
25732,996,340,0
25733,996,1100,0
25734,996,937,0
25735,996,1204,0
25736,996,1154,0
25737,996,1274,0
25738,996,974,0
25739,996,1197,0
25740,996,883,0
25741,996,1344,0
25742,996,538,0
25743,996,769,0
25744,996,1182,0
25745,996,508,0
25746,996,626,0
25747,996,481,0
25748,996,217,0
25749,996,682,0
25750,996,363,0
25751,996,694,0
25752,996,591,0
25753,996,941,0
25754,996,1290,0
25755,996,876,0
25756,996,711,0
25757,996,1064,0
25758,996,1170,0
25759,996,1333,0
25760,996,163,0
25761,996,307,0
25762,996,199,0
25763,996,631,0
25764,996,731,0
25765,996,858,0
25766,996,176,0
25767,996,63,0
25768,996,1012,0
25769,996,1117,0
25770,996,1031,0
25771,996,1382,0
25772,996,370,0
25773,996,984,0
25774,996,439,0
25775,996,195,0
25776,996,235,0
25777,996,764,0
25778,996,891,0
25779,996,1152,0
25780,996,1159,0
25781,996,228,0
25782,996,320,0
25783,996,168,0
25784,996,1225,0
25785,996,395,0
25786,996,233,0
25787,996,331,0
25788,996,1141,0
25789,996,629,0
25790,996,827,0
25791,996,812,0
25792,996,110,0
25793,996,1377,0
25794,996,205,0
25795,996,1391,0
25796,996,1184,0
25797,996,269,0
25798,996,1082,0
25799,996,252,0
25800,996,873,0
25801,996,1339,0
25802,996,587,0
25803,996,1161,0
25804,996,930,0
25805,996,1003,0
25806,996,954,0
25807,996,1398,0
25808,996,532,0
25809,996,357,0
25810,996,811,0
25811,996,938,0
25812,996,474,0
25813,996,1201,0
25814,996,108,0
25815,996,1265,0
25816,996,311,0
25817,996,1068,0
25818,996,663,0
25819,996,656,0
25820,996,1300,0
25821,996,940,0
25822,996,783,0
25823,996,1212,0
25824,996,293,0
25825,996,748,0
25826,996,1090,0
25827,996,874,0
25828,996,475,0
25829,996,1171,0
25830,996,817,0
25831,996,112,0
25832,996,238,0
25833,996,278,0
25834,996,1324,0
25835,996,140,0
25836,996,453,0
25837,996,863,0
25838,996,394,0
25839,996,665,0
25840,996,953,0
25841,996,545,0
25842,996,849,0
25843,996,92,0
25844,996,1334,0
25845,996,1268,0
25846,996,689,0
25847,996,959,0
25848,996,428,0
25849,996,62,0
25850,996,83,0
25851,996,1063,0
25852,996,1286,0
25853,996,1293,0
25854,996,279,0
25855,996,1034,0
25856,996,1397,0
25857,996,161,0
25858,996,29,0
25859,996,924,0
25860,996,1114,0
25861,996,85,0
25862,996,1062,0
25863,996,1403,0
25864,996,551,0
25865,996,1189,0
25866,996,855,0
25867,996,1002,0
25868,996,685,0
25869,996,1337,0
25870,996,710,0
25871,996,310,0
25872,996,833,0
25873,996,992,0
25874,996,466,0
25875,996,949,0
25876,996,622,0
25877,996,1199,0
25878,996,12,0
25879,996,1144,0
25880,996,125,0
25881,996,550,0
25882,996,86,0
25883,996,778,0
25884,996,864,0
25885,996,1401,0
25886,996,530,0
25887,996,385,0
25888,996,840,0
25889,996,1383,0
25890,996,803,0
25891,996,239,0
25892,996,513,0
25893,996,400,0
25894,996,346,0
25895,996,706,0
25896,996,175,0
25897,996,1145,0
25898,996,137,0
25899,996,1236,0
25900,996,636,0
25901,996,257,0
25902,996,733,0
25903,996,1214,0
25904,996,556,0
25905,996,985,0
25906,996,464,0
25907,996,467,0
25908,996,1111,0
25909,996,295,0
25910,996,755,0
25911,996,218,0
25912,996,897,0
25913,996,664,0
25914,996,928,0
25915,996,1149,0
25916,996,976,0
25917,996,896,0
25918,996,135,0
25919,996,619,0
25920,996,1070,0
25921,996,424,0
25922,996,3,0
25923,996,94,0
25924,996,632,0
25925,996,155,0
25926,996,1267,0
25927,996,174,0
25928,996,237,0
25929,996,1155,0
25930,996,463,0
25931,996,1211,0
25932,996,54,0
25933,996,1229,0
25934,996,881,0
25935,996,160,0
25936,996,627,0
25937,996,638,0
25938,996,542,0
25939,996,1109,0
25940,996,1399,0
25941,996,1160,0
25942,996,133,0
25943,996,576,0
25944,996,719,0
25945,996,106,0
25946,996,1076,0
25947,996,900,0
25948,996,561,0
25949,996,399,0
25950,996,936,0
25951,996,566,0
25952,996,1196,0
25953,996,128,0
25954,996,798,0
25955,996,267,0
25956,996,845,0
25957,996,139,0
25958,996,573,0
25959,996,264,0
25960,996,950,0
25961,996,67,0
25962,996,549,0
25963,996,101,0
25964,996,272,0
25965,996,885,0
25966,996,588,0
25967,996,639,0
25968,996,358,0
25969,996,1310,0
25970,996,851,0
25971,996,721,0
25972,996,20,0
25973,996,277,0
25974,996,1153,0
25975,996,1270,0
25976,996,423,0
25977,996,164,0
25978,996,383,0
25979,996,434,0
25980,996,679,0
25981,996,427,0
25982,996,81,0
25983,996,1080,0
25984,996,1326,0
25985,996,781,0
25986,996,767,0
25987,996,365,0
25988,996,997,0
25989,996,397,0
25990,996,200,0
25991,996,1309,0
25992,996,304,0
25993,996,696,0
25994,996,770,0
25995,996,1079,0
25996,996,255,0
25997,996,856,0
25998,996,285,0
25999,996,501,0
26000,996,1088,0
26001,996,945,0
26002,996,604,0
26003,996,813,0
26004,996,1049,0
26005,996,59,0
26006,996,1077,0
26007,996,850,0
26008,996,107,0
26009,996,691,0
26010,996,209,0
26011,996,276,0
26012,996,1006,0
26013,996,488,0
26014,996,857,0
26015,996,118,0
26016,996,30,0
26017,996,860,0
26018,996,654,0
26019,996,456,0
26020,996,848,0
26021,996,353,0
26022,996,784,0
26023,996,1135,0
26024,996,506,0
26025,996,574,0
26026,996,916,0
26027,996,215,0
26028,996,1389,0
26029,996,388,0
26030,996,473,0
26031,996,975,0
26032,996,1280,0
26033,996,296,0
26034,996,595,0
26035,996,356,0
26036,996,214,0
26037,996,1354,0
26038,996,1202,0
26039,996,669,0
26040,996,820,0
26041,996,42,0
26042,996,824,0
26043,996,567,0
26044,996,1318,0
26045,996,773,0
26046,996,1195,0
26047,996,1181,0
26048,996,963,0
26049,996,1372,0
26050,996,635,0
26051,996,339,0
26052,996,698,0
26053,996,1164,0
26054,996,1283,0
26055,996,1370,0
26056,996,614,0
26057,996,1260,0
26058,996,1010,0
26059,996,649,0
26060,996,787,0
26061,996,490,0
26062,996,1205,0
26063,996,1381,0
26064,996,1168,0
26065,996,505,0
26066,996,960,0
26067,996,332,0
26068,996,1261,0
26069,996,1103,0
26070,996,779,0
26071,996,431,0
26072,996,995,0
26073,996,655,0
26074,996,1243,0
26075,996,869,0
26076,996,533,0
26077,996,1065,0
26078,996,905,0
26079,996,898,0
26080,996,1125,0
26081,996,1169,0
26082,996,76,0
26083,996,241,0
26084,996,1387,0
26085,996,514,0
26086,996,1226,0
26087,996,1147,0
26088,996,705,0
26089,996,287,0
26090,996,1019,0
26091,996,1069,0
26092,996,1001,0
26093,996,504,0
26094,996,708,0
26095,996,436,0
26096,996,8,0
26097,996,994,0
26098,996,672,0
26099,996,1059,0
26100,996,188,0
26101,996,661,0
26102,996,451,0
26103,996,213,0
26104,996,286,0
26105,996,258,0
26106,996,998,0
26107,996,117,0
26108,996,871,0
26109,996,93,0
26110,996,318,0
26111,996,229,0
26112,996,5,0
26113,996,944,0
26114,996,171,0
26115,996,196,0
26116,996,757,0
26117,996,247,0
26118,996,571,0
26119,996,805,0
26120,996,407,0
26121,996,1188,0
26122,996,648,0
26123,996,722,0
26124,996,841,0
26125,996,775,0
26126,996,1404,0
26127,996,138,0
26128,996,906,0
26129,996,830,0
26130,996,1378,0
26131,996,1224,0
26132,996,965,0
26133,996,616,0
26134,996,1101,0
26135,996,915,0
26136,996,329,0
26137,996,1325,0
26138,996,1158,0
26139,996,404,0
26140,996,821,0
26141,996,899,0
26142,996,378,0
26143,996,1278,0
26144,996,904,0
26145,996,1097,0
26146,996,925,0
26147,996,554,0
26148,996,396,0
26149,996,806,0
26150,996,1234,0
26151,996,966,0
26152,996,420,0
26153,996,1380,0
26154,996,738,0
26155,996,334,0
26156,996,1107,0
26157,996,512,0
26158,996,455,0
26159,996,736,0
26160,996,948,0
26161,996,1302,0
26162,996,922,0
26163,996,1213,0
26164,996,535,0
26165,996,500,0
26166,996,66,0
26167,996,354,0
26168,996,1402,0
26169,996,1051,0
26170,996,1355,0
26171,996,1297,0
26172,996,1264,0
26173,996,509,0
26174,996,1178,0
26175,996,1133,0
26176,996,499,0
26177,996,210,0
26178,996,687,0
26179,996,335,0
26180,996,956,0
26181,996,422,0
26182,996,202,0
26183,996,1320,0
26184,996,1020,0
26185,996,405,0
26186,996,1220,0
26187,996,1250,0
26188,996,1357,0
26189,996,273,0
26190,996,1241,0
26191,996,1304,0
26192,996,690,0
26193,996,102,0
26194,996,211,0
26195,996,617,0
26196,996,425,0
26197,996,652,0
26198,996,1112,0
26199,996,408,0
26200,996,441,0
26201,996,540,0
26202,996,1074,0
26203,996,673,0
26204,996,242,0
26205,996,244,0
26206,996,605,0
26207,996,1025,0
26208,996,330,0
26209,996,879,0
26210,996,964,0
26211,996,828,0
26212,996,558,0
26213,996,243,0
26214,996,132,0
26215,996,122,0
26216,996,1146,0
26217,996,1085,0
26218,996,1083,0
26219,996,80,0
26220,996,1330,0
26221,996,943,0
26222,996,343,0
26223,996,1356,0
26224,996,131,0
26225,996,825,0
26226,996,1198,0
26227,996,250,0
26228,996,104,0
26229,996,684,0
26230,996,444,0
26231,996,1136,0
26232,996,445,0
26233,996,961,0
26234,996,1390,0
26235,996,13,0
26236,996,379,0
26237,996,758,0
26238,996,1022,0
26239,996,743,0
26240,996,958,0
26241,996,382,0
26242,996,1058,0
26243,996,208,0
26244,1028,670,0
26245,1028,420,0
26246,1028,653,0
26247,1028,1392,0
26248,1028,656,0
26249,1028,1272,0
26250,1028,1402,0
26251,1028,1155,0
26252,1028,1051,0
26253,1028,1141,0
26254,1028,320,0
26255,1028,473,0
26256,1028,1375,0
26257,1028,1221,0
26258,1028,1409,0
26259,1028,12,0
26260,1028,1220,0
26261,1028,1307,0
26262,1028,453,0
26263,1028,304,0
26264,1028,1145,0
26265,1028,311,0
26266,1028,1304,0
26267,1028,999,0
26268,1028,1,0
26269,1028,1017,0
26270,1028,880,0
26271,1028,193,0
26272,1028,27,0
26273,1028,1207,0
26274,1028,625,0
26275,1028,258,0
26276,1028,447,0
26277,1028,1243,0
26278,1028,1198,0
26279,1028,1041,0
26280,1028,1287,0
26281,1028,777,0
26282,1028,794,0
26283,1028,460,0
26284,1028,433,0
26285,1028,26,0
26286,1028,1387,0
26287,1028,392,0
26288,1028,842,0
26289,1028,202,0
26290,1028,582,0
26291,1028,545,0
26292,1028,74,0
26293,1028,426,0
26294,1028,10,0
26295,1028,112,0
26296,1028,1186,0
26297,1028,273,0
26298,1028,933,0
26299,1028,811,0
26300,1028,1216,0
26301,1028,353,0
26302,1028,992,0
26303,1028,476,0
26304,1028,1203,0
26305,1028,1163,0
26306,1028,827,0
26307,1028,676,0
26308,1028,957,0
26309,1028,16,0
26310,1028,731,0
26311,1028,859,0
26312,1028,89,0
26313,1028,796,0
26314,1028,675,0
26315,1028,784,0
26316,1028,309,0
26317,1028,773,0
26318,1028,239,0
26319,1028,1128,0
26320,1028,979,0
26321,1028,1214,0
26322,1028,503,0
26323,1028,1378,0
26324,1028,822,0
26325,1028,180,0
26326,1028,1173,0
26327,1028,1260,0
26328,1028,145,0
26329,1028,735,0
26330,1028,441,0
26331,1028,188,0
26332,1028,1382,0
26333,1028,245,0
26334,1028,659,0
26335,1028,1341,0
26336,1028,719,0
26337,1028,496,0
26338,1028,679,0
26339,1028,71,0
26340,1028,1267,0
26341,1028,900,0
26342,1028,781,0
26343,1028,929,0
26344,1028,1004,0
26345,1028,1273,0
26346,1028,696,0
26347,1028,1090,0
26348,1028,1154,0
26349,1028,20,0
26350,1028,758,0
26351,1028,389,0
26352,1028,1101,0
26353,1028,226,0
26354,1028,331,0
26355,1028,635,0
26356,1028,69,0
26357,1028,564,0
26358,1028,983,0
26359,1028,515,0
26360,1028,1172,0
26361,1028,183,0
26362,1028,30,0
26363,1028,1286,0
26364,1028,618,0
26365,1028,904,0
26366,1028,1055,0
26367,1028,685,0
26368,1028,510,0
26369,1028,771,0
26370,1028,386,0
26371,1028,313,0
26372,1028,721,0
26373,1028,329,0
26374,1028,81,0
26375,1028,798,0
26376,1028,890,0
26377,1028,868,0
26378,1028,1354,0
26379,1028,212,0
26380,1028,694,0
26381,1028,43,0
26382,1028,156,0
26383,1028,566,0
26384,1028,3,0
26385,1028,61,0
26386,1028,56,0
26387,1028,1403,0
26388,1028,1390,0
26389,1028,46,0
26390,1028,1241,0
26391,1028,870,0
26392,1028,1278,0
26393,1028,512,0
26394,1028,1386,0
26395,1028,1156,0
26396,1028,1360,0
26397,1028,1357,0
26398,1028,726,0
26399,1028,6,0
26400,1028,642,0
26401,1028,1026,0
26402,1028,456,0
26403,1028,742,0
26404,1028,1299,0
26405,1028,1107,0
26406,1028,181,0
26407,1028,1022,0
26408,1028,705,0
26409,1028,561,0
26410,1028,443,0
26411,1028,1226,0
26412,1028,177,0
26413,1028,1042,0
26414,1028,50,0
26415,1028,150,0
26416,1028,871,0
26417,1028,1232,0
26418,1028,208,0
26419,1028,1046,0
26420,1028,858,0
26421,1028,884,0
26422,1028,934,0
26423,1028,1152,0
26424,1028,906,0
26425,1028,219,0
26426,1028,228,0
26427,1028,1062,0
26428,1028,259,0
26429,1028,1234,0
26430,1028,253,0
26431,1028,529,0
26432,1028,488,0
26433,1028,680,0
26434,1028,856,0
26435,1028,99,0
26436,1028,955,0
26437,1028,914,0
26438,1028,1014,0
26439,1028,190,0
26440,1028,782,0
26441,1028,878,0
26442,1028,358,0
26443,1028,442,0
26444,1028,892,0
26445,1028,1200,0
26446,1028,1174,0
26447,1028,1032,0
26448,1028,468,0
26449,1028,505,0
26450,1028,388,0
26451,1028,605,0
26452,1028,260,0
26453,1028,399,0
26454,1028,346,0
26455,1028,1358,0
26456,1028,215,0
26457,1028,710,0
26458,1028,825,0
26459,1028,722,0
26460,1028,1290,0
26461,1028,888,0
26462,1028,1331,0
26463,1028,333,0
26464,1028,446,0
26465,1028,614,0
26466,1028,520,0
26467,1028,464,0
26468,1028,326,0
26469,1028,484,0
26470,1028,612,0
26471,1028,1176,0
26472,1028,997,0
26473,1028,80,0
26474,1028,118,0
26475,1028,1077,0
26476,1028,141,0
26477,1028,412,0
26478,1028,867,0
26479,1028,922,0
26480,1028,205,0
26481,1028,1076,0
26482,1028,907,0
26483,1028,799,0
26484,1028,895,0
26485,1028,636,0
26486,1028,629,0
26487,1028,379,0
26488,1028,840,0
26489,1028,266,0
26490,1028,829,0
26491,1028,923,0
26492,1028,28,0
26493,1028,952,0
26494,1028,1372,0
26495,1028,33,0
26496,1028,1073,0
26497,1028,1069,0
26498,1028,534,0
26499,1028,2,0
26500,1028,1210,0
26501,1028,384,0
26502,1028,1399,0
26503,1028,0,0
26504,1028,660,0
26505,1028,312,0
26506,1028,565,0
26507,1028,428,0
26508,1028,229,0
26509,1028,552,0
26510,1028,356,0
26511,1028,700,0
26512,1028,474,0
26513,1028,1021,0
26514,1028,630,0
26515,1028,1162,0
26516,1028,1063,0
26517,1028,1035,0
26518,1028,1240,0
26519,1028,562,0
26520,1028,1394,0
26521,1028,891,0
26522,1028,603,0
26523,1028,1015,0
26524,1028,756,0
26525,1028,1369,0
26526,1028,547,0
26527,1028,175,0
26528,1028,220,0
26529,1028,501,0
26530,1028,801,0
26531,1028,550,0
26532,1028,1097,0
26533,1028,846,0
26534,1028,604,0
26535,1028,231,0
26536,1028,915,0
26537,1028,1027,0
26538,1028,457,0
26539,1028,718,0
26540,1028,988,0
26541,1028,1045,0
26542,1028,835,0
26543,1028,1334,0
26544,1028,602,0
26545,1028,262,0
26546,1028,1146,0
26547,1028,824,0
26548,1028,125,0
26549,1028,760,0
26550,1028,167,0
26551,1028,1109,0
26552,1028,1332,0
26553,1028,1311,0
26554,1028,459,0
26555,1028,1115,0
26556,1028,419,0
26557,1028,588,0
26558,1028,207,0
26559,1028,976,0
26560,1028,315,0
26561,1028,164,0
26562,1028,593,0
26563,1028,507,0
26564,1028,885,0
26565,1028,1373,0
26566,1028,809,0
26567,1028,765,0
26568,1028,1352,0
26569,1028,769,0
26570,1028,610,0
26571,1028,200,0
26572,1028,182,0
26573,1028,1233,0
26574,1028,198,0
26575,1028,1095,0
26576,1028,436,0
26577,1028,430,0
26578,1028,1164,0
26579,1028,646,0
26580,1028,98,0
26581,1028,107,0
26582,1028,54,0
26583,1028,910,0
26584,1028,14,0
26585,1028,345,0
26586,1028,421,0
26587,1028,597,0
26588,1028,514,0
26589,1028,560,0
26590,1028,601,0
26591,1028,360,0
26592,1028,491,0
26593,1028,437,0
26594,1028,978,0
26595,1028,1353,0
26596,1028,920,0
26597,1028,734,0
26598,1028,349,0
26599,1028,698,0
26600,1028,1196,0
26601,1028,102,0
26602,1028,1159,0
26603,1028,363,0
26604,1028,664,0
26605,1028,832,0
26606,1028,712,0
26607,1028,683,0
26608,1028,551,0
26609,1028,882,0
26610,1028,772,0
26611,1028,272,0
26612,1028,1059,0
26613,1028,812,0
26614,1028,930,0
26615,1028,1108,0
26616,1028,1340,0
26617,1028,303,0
26618,1028,1036,0
26619,1028,649,0
26620,1028,671,0
26621,1028,974,0
26622,1028,911,0
26623,1028,214,0
26624,1028,382,0
26625,1028,948,0
26626,1028,1225,0
26627,1028,96,0
26628,1028,1236,0
26629,1028,1365,0
26630,1028,517,0
26631,1028,935,0
26632,1028,931,0
26633,1028,519,0
26634,1028,527,0
26635,1028,227,0
26636,1028,591,0
26637,1028,543,0
26638,1028,292,0
26639,1028,1096,0
26640,1028,400,0
26641,1028,1405,0
26642,1028,1118,0
26643,1028,595,0
26644,1028,1177,0
26645,1028,1009,0
26646,1028,284,0
26647,1028,667,0
26648,1028,197,0
26649,1028,943,0
26650,1028,1071,0
26651,1028,713,0
26652,1028,1168,0
26653,1028,583,0
26654,1028,1212,0
26655,1028,814,0
26656,1028,1110,0
26657,1028,600,0
26658,1028,1024,0
26659,1028,1213,0
26660,1028,319,0
26661,1028,1181,0
26662,1028,1074,0
26663,1028,299,0
26664,1028,1222,0
26665,1028,1153,0
26666,1028,1325,0
26667,1028,789,0
26668,1028,1102,0
26669,1028,755,0
26670,1028,241,0
26671,1028,265,0
26672,1028,13,0
26673,1028,1010,0
26674,1028,665,0
26675,1028,526,0
26676,1028,724,0
26677,1028,174,0
26678,1028,55,0
26679,1028,693,0
26680,1028,1040,0
26681,1028,173,0
26682,1028,106,0
26683,1028,203,0
26684,1028,954,0
26685,1028,246,0
26686,1028,741,0
26687,1028,254,0
26688,1028,1089,0
26689,1028,148,0
26690,1028,402,0
26691,1028,323,0
26692,1028,77,0
26693,1028,1067,0
26694,1028,744,0
26695,1028,487,0
26696,1028,394,0
26697,1028,663,0
26698,1028,1249,0
26699,1028,129,0
26700,1028,806,0
26701,1028,1169,0
26702,1028,972,0
26703,1028,378,0
26704,1028,1327,0
26705,1028,677,0
26706,1028,1391,0
26707,1028,236,0
26708,1028,286,0
26709,1028,140,0
26710,1028,1190,0
26711,1028,1300,0
26712,1028,692,0
26713,1028,1282,0
26714,1028,359,0
26715,1028,438,0
26716,1028,581,0
26717,1028,652,0
26718,1028,737,0
26719,1028,908,0
26720,1028,715,0
26721,1028,306,0
26722,1028,11,0
26723,1028,1389,0
26724,1028,19,0
26725,1028,746,0
26726,1028,151,0
26727,1028,521,0
26728,1028,244,0
26729,1028,669,0
26730,1028,617,0
26731,1028,1245,0
26732,1028,896,0
26733,1028,650,0
26734,1028,483,0
26735,1028,9,0
26736,1028,838,0
26737,1028,1012,0
26738,1028,302,0
26739,1028,567,0
26740,1028,662,0
26741,1028,1099,0
26742,1028,1361,0
26743,1028,458,0
26744,1028,1158,0
26745,1028,1275,0
26746,1028,869,0
26747,1028,1312,0
26748,1028,640,0
26749,1028,1052,0
26750,1028,965,0
26751,1028,753,0
26752,1028,160,0
26753,1028,337,0
26754,1028,1319,0
26755,1028,865,0
26756,1028,201,0
26757,1028,697,0
26758,1028,1401,0
26759,1028,1016,0
26760,1028,189,0
26761,1028,376,0
26762,1028,540,0
26763,1028,444,0
26764,1028,171,0
26765,1028,589,0
26766,1028,17,0
26767,1028,821,0
26768,1028,1329,0
26769,1028,666,0
26770,1028,1083,0
26771,1028,1093,0
26772,1028,881,0
26773,1028,289,0
26774,1028,574,0
26775,1028,95,0
26776,1028,905,0
26777,1028,367,0
26778,1028,1265,0
26779,1028,347,0
26780,1028,44,0
26781,1028,354,0
26782,1028,472,0
26783,1028,5,0
26784,1028,1103,0
26785,1028,1349,0
26786,1028,217,0
26787,1028,847,0
26788,1028,1367,0
26789,1028,90,0
26790,1028,575,0
26791,1028,609,0
26792,1028,131,0
26793,1028,35,0
26794,1028,1084,0
26795,1028,1189,0
26796,1028,79,0
26797,1028,717,0
26798,1028,322,0
26799,1028,23,0
26800,1028,655,0
26801,1028,668,0
26802,1028,791,0
26803,1028,361,0
26804,1028,873,0
26805,1028,704,0
26806,1028,716,0
26807,1028,170,0
26808,1028,395,0
26809,1028,641,0
26810,1028,1201,0
26811,1028,995,0
26812,1028,242,0
26813,1028,1139,0
26814,1028,397,0
26815,1028,172,0
26816,1028,1314,0
26817,1028,1138,0
26818,1028,1218,0
26819,1028,1238,0
26820,1028,291,0
26821,1028,1142,0
26822,1028,324,0
26823,1028,730,0
26824,1028,1338,0
26825,1028,707,0
26826,1028,53,0
26827,1028,1061,0
26828,1028,1264,0
26829,1028,572,0
26830,1028,893,0
26831,1028,792,0
26832,1028,850,0
26833,1028,210,0
26834,1028,1065,0
26835,1028,365,0
26836,1028,143,0
26837,1028,380,0
26838,1028,136,0
26839,1028,542,0
26840,1028,92,0
26841,1028,1120,0
26842,1028,1025,0
26843,1028,104,0
26844,1028,277,0
26845,1028,355,0
26846,1028,330,0
26847,1028,539,0
26848,1028,837,0
26849,1028,1135,0
26850,1028,1262,0
26851,1028,747,0
26852,1028,439,0
26853,1028,1031,0
26854,1028,764,0
26855,1028,137,0
26856,1028,864,0
26857,1028,854,0
26858,1028,115,0
26859,1028,372,0
26860,1028,317,0
26861,1028,1111,0
26862,1028,990,0
26863,1028,1194,0
26864,1028,391,0
26865,1028,1217,0
26866,1028,1404,0
26867,1028,917,0
26868,1028,4,0
26869,1028,1219,0
26870,1028,899,0
26871,1028,942,0
26872,1028,803,0
26873,1028,740,0
26874,1028,1117,0
26875,1028,928,0
26876,1028,1048,0
26877,1028,1029,0
26878,1028,690,0
26879,1028,872,0
26880,1028,1363,0
26881,1028,475,0
26882,1028,1078,0
26883,1028,396,0
26884,1028,255,0
26885,1028,1008,0
26886,1028,34,0
26887,1028,375,0
26888,1028,269,0
26889,1028,709,0
26890,1028,336,0
26891,1028,994,0
26892,1028,206,0
26893,1028,1261,0
26894,1028,958,0
26895,1028,482,0
26896,1028,1018,0
26897,1028,1335,0
26898,1028,807,0
26899,1028,58,0
26900,1028,843,0
26901,1028,1396,0
26902,1028,199,0
26903,1028,1161,0
26904,1028,936,0
26905,1028,18,0
26906,1028,466,0
26907,1028,1344,0
26908,1028,1167,0
26909,1028,494,0
26910,1028,632,0
26911,1028,7,0
26912,1028,1258,0
26913,1028,673,0
26914,1028,73,0
26915,1028,1313,0
26916,1028,1227,0
26917,1028,785,0
26918,1028,294,0
26919,1028,124,0
26920,1028,531,0
26921,1028,1054,0
26922,1102,314,0
26923,1102,844,0
26924,1102,1070,0
26925,1102,1127,0
26926,1102,964,0
26927,1102,412,0
26928,1102,258,0
26929,1102,715,0
26930,1102,264,0
26931,1102,988,0
26932,1102,818,0
26933,1102,1292,0
26934,1102,209,0
26935,1102,633,0
26936,1102,942,0
26937,1102,489,0
26938,1102,559,0
26939,1102,1163,0
26940,1102,1114,0
26941,1102,41,0
26942,1102,1303,0
26943,1102,677,0
26944,1102,1361,0
26945,1102,763,0
26946,1102,71,0
26947,1102,1281,0
26948,1102,1331,0
26949,1102,4,0
26950,1102,159,0
26951,1102,689,0
26952,1102,1238,0
26953,1102,576,0
26954,1102,206,0
26955,1102,1000,0
26956,1102,653,0
26957,1102,129,0
26958,1102,95,0
26959,1102,72,0
26960,1102,299,0
26961,1102,475,0
26962,1102,228,0
26963,1102,1043,0
26964,1102,1291,0
26965,1102,685,0
26966,1102,572,0
26967,1102,846,0
26968,1102,613,0
26969,1102,307,0
26970,1102,335,0
26971,1102,774,0
26972,1102,888,0
26973,1102,1243,0
26974,1102,917,0
26975,1102,358,0
26976,1102,877,0
26977,1102,602,0
26978,1102,303,0
26979,1102,461,0
26980,1102,444,0
26981,1102,149,0
26982,1102,452,0
26983,1102,1173,0
26984,1102,379,0
26985,1102,991,0
26986,1102,196,0
26987,1102,963,0
26988,1102,1195,0
26989,1102,38,0
26990,1102,445,0
26991,1102,847,0
26992,1102,515,0
26993,1102,395,0
26994,1102,137,0
26995,1102,1014,0
26996,1102,983,0
26997,1102,1133,0
26998,1102,210,0
26999,1102,843,0
27000,1102,1005,0
27001,1102,178,0
27002,1102,75,0
27003,1102,828,0
27004,1102,1252,0
27005,1102,127,0
27006,1102,484,0
27007,1102,1078,0
27008,1102,956,0
27009,1102,245,0
27010,1102,26,0
27011,1102,61,0
27012,1102,702,0
27013,1102,687,0
27014,1102,709,0
27015,1102,852,0
27016,1102,936,0
27017,1102,1004,0
27018,1102,854,0
27019,1102,1399,0
27020,1102,756,0
27021,1102,181,0
27022,1102,1066,0
27023,1102,394,0
27024,1102,987,0
27025,1102,1086,0
27026,1102,55,0
27027,1102,1309,0
27028,1102,593,0
27029,1102,966,0
27030,1102,905,0
27031,1102,693,0
27032,1102,863,0
27033,1102,1119,0
27034,1102,242,0
27035,1102,138,0
27036,1102,1054,0
27037,1102,981,0
27038,1102,56,0
27039,1102,351,0
27040,1102,232,0
27041,1102,0,0
27042,1102,962,0
27043,1102,187,0
27044,1102,224,0
27045,1102,1323,0
27046,1102,538,0
27047,1102,790,0
27048,1102,805,0
27049,1102,18,0
27050,1102,735,0
27051,1102,158,0
27052,1102,1372,0
27053,1102,1018,0
27054,1102,692,0
27055,1102,834,0
27056,1102,446,0
27057,1102,1359,0
27058,1102,973,0
27059,1102,271,0
27060,1102,498,0
27061,1102,970,0
27062,1102,831,0
27063,1102,610,0
27064,1102,723,0
27065,1102,670,0
27066,1102,558,0
27067,1102,334,0
27068,1102,594,0
27069,1102,431,0
27070,1102,169,0
27071,1102,1262,0
27072,1102,453,0
27073,1102,145,0
27074,1102,887,0
27075,1102,879,0
27076,1102,860,0
27077,1102,467,0
27078,1102,1085,0
27079,1102,3,0
27080,1102,93,0
27081,1102,60,0
27082,1102,1332,0
27083,1102,974,0
27084,1102,551,0
27085,1102,781,0
27086,1102,1082,0
27087,1102,623,0
27088,1102,1405,0
27089,1102,312,0
27090,1102,110,0
27091,1102,470,0
27092,1102,1153,0
27093,1102,605,0
27094,1102,201,0
27095,1102,1389,0
27096,1102,1185,0
27097,1102,1031,0
27098,1102,1088,0
27099,1102,1174,0
27100,1102,1062,0
27101,1102,1090,0
27102,1102,1319,0
27103,1102,1069,0
27104,1102,1161,0
27105,1102,1210,0
27106,1102,907,0
27107,1102,1207,0
27108,1102,482,0
27109,1102,125,0
27110,1102,77,0
27111,1102,501,0
27112,1102,617,0
27113,1102,1111,0
27114,1102,744,0
27115,1102,597,0
27116,1102,1374,0
27117,1102,773,0
27118,1102,118,0
27119,1102,1289,0
27120,1102,490,0
27121,1102,1306,0
27122,1102,580,0
27123,1102,980,0
27124,1102,423,0
27125,1102,1041,0
27126,1102,202,0
27127,1102,1355,0
27128,1102,116,0
27129,1102,495,0
27130,1102,1196,0
27131,1102,356,0
27132,1102,738,0
27133,1102,697,0
27134,1102,1287,0
27135,1102,536,0
27136,1102,625,0
27137,1102,136,0
27138,1102,485,0
27139,1102,183,0
27140,1102,157,0
27141,1102,1379,0
27142,1102,1065,0
27143,1102,174,0
27144,1102,503,0
27145,1102,45,0
27146,1102,611,0
27147,1102,1226,0
27148,1102,565,0
27149,1102,796,0
27150,1102,282,0
27151,1102,927,0
27152,1102,396,0
27153,1102,1308,0
27154,1102,300,0
27155,1102,941,0
27156,1102,476,0
27157,1102,1136,0
27158,1102,755,0
27159,1102,270,0
27160,1102,708,0
27161,1102,799,0
27162,1102,671,0
27163,1102,342,0
27164,1102,758,0
27165,1102,463,0
27166,1102,1095,0
27167,1102,945,0
27168,1102,776,0
27169,1102,257,0
27170,1102,662,0
27171,1102,629,0
27172,1102,657,0
27173,1102,132,0
27174,1102,294,0
27175,1102,249,0
27176,1102,16,0
27177,1102,514,0
27178,1102,513,0
27179,1102,978,0
27180,1102,1397,0
27181,1102,227,0
27182,1102,841,0
27183,1102,1264,0
27184,1102,910,0
27185,1102,584,0
27186,1102,1047,0
27187,1102,1083,0
27188,1102,1077,0
27189,1102,640,0
27190,1102,1187,0
27191,1102,824,0
27192,1102,909,0
27193,1102,193,0
27194,1102,1055,0
27195,1102,1144,0
27196,1102,599,0
27197,1102,989,0
27198,1102,297,0
27199,1102,92,0
27200,1102,1208,0
27201,1102,1050,0
27202,1102,1250,0
27203,1102,637,0
27204,1102,443,0
27205,1102,1326,0
27206,1102,472,0
27207,1102,1132,0
27208,1102,1261,0
27209,1102,934,0
27210,1102,164,0
27211,1102,465,0
27212,1102,1368,0
27213,1102,398,0
27214,1102,1190,0
27215,1102,1200,0
27216,1102,754,0
27217,1102,385,0
27218,1102,931,0
27219,1102,797,0
27220,1102,1128,0
27221,1102,923,0
27222,1102,1100,0
27223,1102,263,0
27224,1102,1232,0
27225,1102,509,0
27226,1102,581,0
27227,1102,1227,0
27228,1102,979,0
27229,1102,439,0
27230,1102,406,0
27231,1102,561,0
27232,1102,1285,0
27233,1102,287,0
27234,1102,1242,0
27235,1102,1033,0
27236,1102,864,0
27237,1102,570,0
27238,1102,1286,0
27239,1102,1024,0
27240,1102,703,0
27241,1102,478,0
27242,1102,527,0
27243,1102,226,0
27244,1102,658,0
27245,1102,982,0
27246,1102,328,0
27247,1102,81,0
27248,1102,454,0
27249,1102,782,0
27250,1102,1230,0
27251,1102,694,0
27252,1102,663,0
27253,1102,507,0
27254,1102,266,0
27255,1102,546,0
27256,1102,1094,0
27257,1102,1251,0
27258,1102,502,0
27259,1102,1258,0
27260,1102,237,0
27261,1102,1269,0
27262,1102,1147,0
27263,1102,1231,0
27264,1102,965,0
27265,1102,15,0
27266,1102,35,0
27267,1102,418,0
27268,1102,338,0
27269,1102,770,0
27270,1102,1037,0
27271,1102,568,0
27272,1102,1324,0
27273,1102,1198,0
27274,1102,969,0
27275,1102,248,0
27276,1102,946,0
27277,1102,1246,0
27278,1102,1392,0
27279,1102,1091,0
27280,1102,98,0
27281,1102,766,0
27282,1102,889,0
27283,1102,189,0
27284,1102,700,0
27285,1102,30,0
27286,1102,1400,0
27287,1102,1248,0
27288,1102,664,0
27289,1102,252,0
27290,1102,1257,0
27291,1102,91,0
27292,1102,325,0
27293,1102,1342,0
27294,1102,1297,0
27295,1102,1168,0
27296,1102,221,0
27297,1102,1022,0
27298,1102,31,0
27299,1102,529,0
27300,1102,1164,0
27301,1102,1052,0
27302,1102,460,0
27303,1102,820,0
27304,1102,542,0
27305,1102,392,0
27306,1102,669,0
27307,1102,1302,0
27308,1102,891,0
27309,1102,234,0
27310,1102,278,0
27311,1102,1371,0
27312,1102,262,0
27313,1102,1373,0
27314,1102,493,0
27315,1102,549,0
27316,1102,1333,0
27317,1102,1081,0
27318,1102,82,0
27319,1102,275,0
27320,1102,954,0
27321,1102,333,0
27322,1102,822,0
27323,1102,85,0
27324,1102,531,0
27325,1102,114,0
27326,1102,182,0
27327,1102,1365,0
27328,1102,1079,0
27329,1102,447,0
27330,1102,1075,0
27331,1102,1351,0
27332,1102,555,0
27333,1102,310,0
27334,1102,195,0
27335,1102,1194,0
27336,1102,13,0
27337,1102,354,0
27338,1102,937,0
27339,1102,100,0
27340,1102,1236,0
27341,1102,348,0
27342,1102,712,0
27343,1102,1060,0
27344,1102,839,0
27345,1102,1363,0
27346,1102,74,0
27347,1102,534,0
27348,1102,1165,0
27349,1102,604,0
27350,1102,1029,0
27351,1102,1048,0
27352,1102,742,0
27353,1102,1179,0
27354,1102,848,0
27355,1102,44,0
27356,1102,434,0
27357,1102,486,0
27358,1102,317,0
27359,1102,1283,0
27360,1102,62,0
27361,1102,823,0
27362,1102,654,0
27363,1102,872,0
27364,1102,1149,0
27365,1102,177,0
27366,1102,1219,0
27367,1102,892,0
27368,1102,893,0
27369,1102,587,0
27370,1102,456,0
27371,1102,373,0
27372,1102,666,0
27373,1102,173,0
27374,1102,272,0
27375,1102,595,0
27376,1102,920,0
27377,1102,220,0
27378,1102,415,0
27379,1102,544,0
27380,1102,1016,0
27381,1102,180,0
27382,1102,925,0
27383,1102,22,0
27384,1102,1038,0
27385,1102,1296,0
27386,1102,739,0
27387,1102,99,0
27388,1102,899,0
27389,1102,714,0
27390,1102,298,0
27391,1102,290,0
27392,1102,516,0
27393,1102,1143,0
27394,1102,771,0
27395,1102,951,0
27396,1102,353,0
27397,1102,1315,0
27398,1102,676,0
27399,1102,217,0
27400,1102,1339,0
27401,1102,953,0
27402,1102,811,0
27403,1102,722,0
27404,1102,867,0
27405,1102,518,0
27406,1102,1118,0
27407,1102,806,0
27408,1102,65,0
27409,1102,815,0
27410,1102,626,0
27411,1102,1366,0
27412,1102,241,0
27413,1102,505,0
27414,1102,473,0
27415,1102,313,0
27416,1102,240,0
27417,1102,421,0
27418,1102,243,0
27419,1102,999,0
27420,1102,279,0
27421,1102,853,0
27422,1102,1001,0
27423,1102,541,0
27424,1102,895,0
27425,1102,176,0
27426,1102,902,0
27427,1102,491,0
27428,1102,1376,0
27429,1102,309,0
27430,1102,1277,0
27431,1102,977,0
27432,1102,880,0
27433,1102,399,0
27434,1102,321,0
27435,1102,660,0
27436,1102,911,0
27437,1102,1311,0
27438,1102,344,0
27439,1102,120,0
27440,1102,1123,0
27441,1102,747,0
27442,1102,996,0
27443,1102,192,0
27444,1102,672,0
27445,1102,608,0
27446,1102,874,0
27447,1102,1104,0
27448,1102,638,0
27449,1102,308,0
27450,1102,1356,0
27451,1102,191,0
27452,1102,1061,0
27453,1102,1338,0
27454,1102,1369,0
27455,1102,778,0
27456,1102,961,0
27457,1102,346,0
27458,1102,1180,0
27459,1102,68,0
27460,1102,1025,0
27461,1102,1234,0
27462,1102,326,0
27463,1102,1006,0
27464,1102,437,0
27465,1102,462,0
27466,1102,197,0
27467,1102,705,0
27468,1102,971,0
27469,1102,347,0
27470,1102,341,0
27471,1102,442,0
27472,1102,457,0
27473,1102,1259,0
27474,1102,368,0
27475,1102,716,0
27476,1102,1357,0
27477,1102,922,0
27478,1102,59,0
27479,1102,420,0
27480,1102,1106,0
27481,1102,992,0
27482,1102,141,0
27483,1102,1394,0
27484,1102,494,0
27485,1102,1334,0
27486,1102,519,0
27487,1102,1056,0
27488,1102,256,0
27489,1102,492,0
27490,1102,200,0
27491,1102,1139,0
27492,1102,179,0
27493,1102,935,0
27494,1102,211,0
27495,1102,746,0
27496,1102,721,0
27497,1102,586,0
27498,1102,535,0
27499,1102,84,0
27500,1102,606,0
27501,1102,311,0
27502,1102,1316,0
27503,1102,504,0
27504,1102,812,0
27505,1102,147,0
27506,1102,1036,0
27507,1102,150,0
27508,1102,76,0
27509,1102,646,0
27510,1102,1409,0
27511,1102,968,0
27512,1102,1275,0
27513,1102,101,0
27514,1102,360,0
27515,1102,904,0
27516,1102,12,0
27517,1102,1021,0
27518,1102,808,0
27519,1102,324,0
27520,1102,32,0
27521,1102,283,0
27522,1102,365,0
27523,1102,675,0
27524,1102,1072,0
27525,1102,1223,0
27526,1102,411,0
27527,1102,432,0
27528,1102,1307,0
27529,1102,483,0
27530,1102,222,0
27531,1102,1214,0
27532,1102,1362,0
27533,1102,208,0
27534,1102,520,0
27535,1102,1152,0
27536,1102,1336,0
27537,1102,1,0
27538,1102,448,0
27539,1102,1098,0
27540,1102,186,0
27541,1102,218,0
27542,1102,530,0
27543,1102,1353,0
27544,1102,250,0
27545,1102,545,0
27546,1102,1053,0
27547,1102,1203,0
27548,1102,967,0
27549,1102,883,0
27550,1102,450,0
27551,1102,641,0
27552,1102,1131,0
27553,1102,1321,0
27554,1102,1157,0
27555,1102,1239,0
27556,1102,28,0
27557,1102,972,0
27558,1102,1175,0
27559,1102,1064,0
27560,1102,707,0
27561,1102,284,0
27562,1102,1125,0
27563,1102,563,0
27564,1102,869,0
27565,1102,786,0
27566,1102,1384,0
27567,1102,732,0
27568,1102,651,0
27569,1102,537,0
27570,1102,1298,0
27571,1102,1341,0
27572,1102,897,0
27573,1102,1170,0
27574,1102,126,0
27575,1102,940,0
27576,1102,123,0
27577,1102,1171,0
27578,1102,858,0
27579,1102,233,0
27580,1102,1160,0
27581,1102,1267,0
27582,1102,788,0
27583,1102,1034,0
27584,1102,386,0
27585,1102,665,0
27586,1102,1314,0
27587,1102,345,0
27588,1102,944,0
27589,1102,807,0
27590,1102,219,0
27591,1102,886,0
27592,1102,990,0
27593,1102,819,0
27594,1102,215,0
27595,1102,83,0
27596,1102,1233,0
27597,1102,143,0
27598,1102,539,0
27599,1102,223,0
27600,1102,524,0
27601,1102,681,0
27602,1102,94,0
27603,1102,1254,0
27604,1102,1135,0
27605,1102,1235,0
27606,1102,695,0
27607,1102,648,0
27608,1102,764,0
27609,1102,547,0
27610,1102,244,0
27611,1102,1313,0
27612,1102,163,0
27613,1102,997,0
27614,1102,1109,0
27615,1102,914,0
27616,1102,1249,0
27617,1102,320,0
27618,1102,375,0
27619,1102,768,0
27620,1102,578,0
27621,1102,1282,0
27622,1102,752,0
27623,1102,829,0
27624,1102,1293,0
27625,1102,146,0
27626,1102,198,0
27627,1102,167,0
27628,1102,1154,0
27629,1102,873,0
27630,1102,1009,0
27631,1102,1141,0
27632,1102,1350,0
27633,1102,391,0
27634,1102,528,0
27635,1102,260,0
27636,1102,70,0
27637,1102,699,0
27638,1102,986,0
27639,1102,1044,0
27640,1102,355,0
27641,1102,943,0
27642,1102,477,0
27643,1102,728,0
27644,1102,1294,0
27645,1102,1057,0
27646,1102,231,0
27647,1102,948,0
27648,1102,1092,0
27649,1102,683,0
27650,1102,481,0
27651,1102,661,0
27652,1102,729,0
27653,1102,1396,0
27654,1102,588,0
27655,1102,301,0
27656,1102,573,0
27657,1102,614,0
27658,1102,550,0
27659,1102,376,0
27660,1102,947,0
27661,1102,876,0
27662,1102,387,0
27663,1102,269,0
27664,1102,1346,0
27665,1102,832,0
27666,1102,247,0
27667,1102,1182,0
27668,1102,1213,0
27669,1102,1026,0
27670,1102,994,0
27671,1102,678,0
27672,1102,407,0
27673,1102,119,0
27674,1102,734,0
27675,1102,696,0
27676,1102,1328,0
27677,1102,556,0
27678,1102,134,0
27679,1102,1169,0
27680,1102,817,0
27681,1102,54,0
27682,1102,785,0
27683,1102,882,0
27684,1102,378,0
27685,1102,296,0
27686,1102,750,0
27687,1102,377,0
27688,1102,350,0
27689,1102,585,0
27690,1102,64,0
27691,1102,1358,0
27692,1102,921,0
27693,1102,416,0
27694,1102,111,0
27695,1102,1408,0
27696,1102,912,0
27697,1102,172,0
27698,1102,540,0
27699,1102,933,0
27700,1102,522,0
27701,1102,826,0
27702,1102,1188,0
27703,1102,332,0
27704,1102,427,0
27705,1102,639,0
27706,1102,577,0
27707,1102,235,0
27708,1102,426,0
27709,1102,1375,0
27710,1102,302,0
27711,1102,1367,0
27712,1102,66,0
27713,1102,1383,0
27714,1102,830,0
27715,1102,1166,0
27716,1102,851,0
27717,1102,21,0
27718,1102,5,0
27719,1102,761,0
27720,1102,306,0
27721,1102,647,0
27722,1102,7,0
27723,1102,810,0
27724,1102,628,0
27725,1102,741,0
27726,1102,1181,0
27727,1102,1202,0
27728,1102,122,0
27729,1102,1071,0
27730,1102,204,0
27731,1102,1395,0
27732,1102,184,0
27733,1102,690,0
27734,1102,603,0
27735,1102,958,0
27736,1102,908,0
27737,1102,103,0
27738,1102,1402,0
27739,1102,19,0
27740,1102,1382,0
27741,1102,1263,0
27742,1102,619,0
27743,1102,1272,0
27744,1102,1318,0
27745,1102,403,0
27746,1102,449,0
27747,1102,1063,0
27748,1102,1237,0
27749,1102,1401,0
27750,1102,780,0
27751,1102,567,0
27752,1102,97,0
27753,1102,1015,0
27754,1102,579,0
27755,1102,207,0
27756,1102,1247,0
27757,1102,96,0
27758,1102,1279,0
27759,1102,627,0
27760,1102,719,0
27761,1102,813,0
27762,1102,870,0
27763,1102,1115,0
27764,1102,795,0
27765,1102,20,0
27766,1102,582,0
27767,1102,1045,0
27768,1102,1253,0
27769,1102,706,0
27770,1102,1380,0
27771,1102,521,0
27772,1102,1146,0
27773,1102,564,0
27774,1102,1220,0
27775,1102,400,0
27776,1102,330,0
27777,1102,765,0
27778,1102,107,0
27779,1102,636,0
27780,1102,190,0
27781,1102,414,0
27782,1102,952,0
27783,1102,938,0
27784,1102,1299,0
27785,1102,1068,0
27786,1102,835,0
27787,1102,928,0
27788,1102,1012,0
27789,1102,960,0
27790,1102,1096,0
27791,1102,688,0
27792,1102,106,0
27793,1102,1310,0
27794,1102,949,0
27795,1102,1398,0
27796,1102,1059,0
27797,1102,367,0
27798,1102,1404,0
27799,1102,984,0
27800,1102,976,0
27801,1102,343,0
27802,1102,57,0
27803,1102,751,0
27804,1102,435,0
27805,1102,142,0
27806,1102,1097,0
27807,1102,704,0
27808,1102,1093,0
27809,1102,918,0
27810,1102,1017,0
27811,1102,1035,0
27812,1102,649,0
27813,1102,868,0
27814,1102,881,0
27815,1102,1167,0
27816,1102,794,0
27817,1102,1377,0
27818,1102,783,0
27819,1102,1407,0
27820,1102,645,0
27821,1102,825,0
27822,1102,497,0
27823,1102,727,0
27824,1102,281,0
27825,1102,419,0
27826,1102,1076,0
27827,1102,802,0
27828,1102,668,0
27829,1102,153,0
27830,1102,117,0
27831,1102,1352,0
27832,1102,1046,0
27833,1102,160,0
27834,1102,1155,0
27835,1273,164,0
27836,1273,113,0
27837,1273,560,0
27838,1273,1024,0
27839,1273,523,0
27840,1273,1094,0
27841,1273,1015,0
27842,1273,542,0
27843,1273,408,0
27844,1273,440,0
27845,1273,549,0
27846,1273,1329,0
27847,1273,227,0
27848,1273,252,0
27849,1273,123,0
27850,1273,898,0
27851,1273,877,0
27852,1273,535,0
27853,1273,864,0
27854,1273,926,0
27855,1273,602,0
27856,1273,1265,0
27857,1273,1145,0
27858,1273,754,0
27859,1273,1182,0
27860,1273,529,0
27861,1273,681,0
27862,1273,320,0
27863,1273,1296,0
27864,1273,335,0
27865,1273,95,0
27866,1273,764,0
27867,1273,20,0
27868,1273,1313,0
27869,1273,1405,0
27870,1273,540,0
27871,1273,16,0
27872,1273,693,0
27873,1273,611,0
27874,1273,785,0
27875,1273,1030,0
27876,1273,1376,0
27877,1273,398,0
27878,1273,713,0
27879,1273,465,0
27880,1273,550,0
27881,1273,1345,0
27882,1273,774,0
27883,1273,925,0
27884,1273,1092,0
27885,1273,485,0
27886,1273,154,0
27887,1273,1350,0
27888,1273,857,0
27889,1273,770,0
27890,1273,1128,0
27891,1273,968,0
27892,1273,1366,0
27893,1273,1008,0
27894,1273,960,0
27895,1273,308,0
27896,1273,54,0
27897,1273,322,0
27898,1273,424,0
27899,1273,1012,0
27900,1273,244,0
27901,1273,1170,0
27902,1273,555,0
27903,1273,1001,0
27904,1273,1194,0
27905,1273,1165,0
27906,1273,546,0
27907,1273,1323,0
27908,1273,780,0
27909,1273,75,0
27910,1273,1293,0
27911,1273,1303,0
27912,1273,972,0
27913,1273,368,0
27914,1273,767,0
27915,1273,195,0
27916,1273,81,0
27917,1273,511,0
27918,1273,1079,0
27919,1273,1271,0
27920,1273,1011,0
27921,1273,217,0
27922,1273,32,0
27923,1273,257,0
27924,1273,1053,0
27925,1273,861,0
27926,1273,1397,0
27927,1273,562,0
27928,1273,361,0
27929,1273,583,0
27930,1273,1269,0
27931,1273,157,0
27932,1273,821,0
27933,1273,246,0
27934,1273,38,0
27935,1273,975,0
27936,1273,831,0
27937,1273,1188,0
27938,1273,359,0
27939,1273,942,0
27940,1273,262,0
27941,1273,841,0
27942,1273,245,0
27943,1273,1104,0
27944,1273,706,0
27945,1273,881,0
27946,1273,776,0
27947,1273,7,0
27948,1273,461,0
27949,1273,1050,0
27950,1273,12,0
27951,1273,1057,0
27952,1273,1321,0
27953,1273,22,0
27954,1273,306,0
27955,1273,1234,0
27956,1273,1210,0
27957,1273,181,0
27958,1273,323,0
27959,1273,225,0
27960,1273,700,0
27961,1273,855,0
27962,1273,1276,0
27963,1273,99,0
27964,1273,1394,0
27965,1273,1096,0
27966,1273,214,0
27967,1273,1396,0
27968,1273,330,0
27969,1273,142,0
27970,1273,1264,0
27971,1273,1236,0
27972,1273,172,0
27973,1273,1312,0
27974,1273,718,0
27975,1273,387,0
27976,1273,317,0
27977,1273,188,0
27978,1273,837,0
27979,1273,705,0
27980,1273,1404,0
27981,1273,526,0
27982,1273,447,0
27983,1273,735,0
27984,1273,944,0
27985,1273,1383,0
27986,1273,247,0
27987,1273,497,0
27988,1273,1232,0
27989,1273,1322,0
27990,1273,452,0
27991,1273,275,0
27992,1273,665,0
27993,1273,312,0
27994,1273,1166,0
27995,1273,987,0
27996,1273,463,0
27997,1273,1179,0
27998,1273,981,0
27999,1273,775,0
28000,1273,171,0
28001,1273,1253,0
28002,1273,773,0
28003,1273,370,0
28004,1273,872,0
28005,1273,241,0
28006,1273,595,0
28007,1273,868,0
28008,1273,569,0
28009,1273,176,0
28010,1273,79,0
28011,1273,1150,0
28012,1273,1026,0
28013,1273,1393,0
28014,1273,743,0
28015,1273,1149,0
28016,1273,276,0
28017,1273,1116,0
28018,1273,870,0
28019,1273,1052,0
28020,1273,514,0
28021,1273,468,0
28022,1273,1242,0
28023,1273,41,0
28024,1273,135,0
28025,1273,1348,0
28026,1273,648,0
28027,1273,1080,0
28028,1273,823,0
28029,1273,1138,0
28030,1273,78,0
28031,1273,995,0
28032,1273,949,0
28033,1273,619,0
28034,1273,1040,0
28035,1273,1189,0
28036,1273,1158,0
28037,1273,1148,0
28038,1273,1067,0
28039,1273,1320,0
28040,1273,168,0
28041,1273,36,0
28042,1273,70,0
28043,1273,697,0
28044,1273,1022,0
28045,1273,1310,0
28046,1273,930,0
28047,1273,851,0
28048,1273,803,0
28049,1273,259,0
28050,1273,419,0
28051,1273,369,0
28052,1273,946,0
28053,1273,575,0
28054,1273,1294,0
28055,1273,382,0
28056,1273,728,0
28057,1273,211,0
28058,1273,430,0
28059,1273,830,0
28060,1273,999,0
28061,1273,111,0
28062,1273,608,0
28063,1273,918,0
28064,1273,1391,0
28065,1273,495,0
28066,1273,988,0
28067,1273,672,0
28068,1273,1400,0
28069,1273,486,0
28070,1273,456,0
28071,1273,547,0
28072,1273,1386,0
28073,1273,1295,0
28074,1273,1016,0
28075,1273,928,0
28076,1273,1403,0
28077,1273,582,0
28078,1273,680,0
28079,1273,160,0
28080,1273,162,0
28081,1273,1083,0
28082,1273,1164,0
28083,1273,936,0
28084,1273,1035,0
28085,1273,702,0
28086,1273,1207,0
28087,1273,940,0
28088,1273,1285,0
28089,1273,31,0
28090,1273,1341,0
28091,1273,1185,0
28092,1273,892,0
28093,1273,190,0
28094,1273,132,0
28095,1273,687,0
28096,1273,819,0
28097,1273,141,0
28098,1273,502,0
28099,1273,980,0
28100,1273,1231,0
28101,1273,126,0
28102,1273,860,0
28103,1273,827,0
28104,1273,1097,0
28105,1273,739,0
28106,1273,1146,0
28107,1273,413,0
28108,1273,155,0
28109,1273,302,0
28110,1273,543,0
28111,1273,1287,0
28112,1273,396,0
28113,1273,482,0
28114,1273,983,0
28115,1273,183,0
28116,1273,736,0
28117,1273,229,0
28118,1273,844,0
28119,1273,349,0
28120,1273,1357,0
28121,1273,507,0
28122,1273,637,0
28123,1273,544,0
28124,1273,100,0
28125,1273,541,0
28126,1273,173,0
28127,1273,1085,0
28128,1273,134,0
28129,1273,1218,0
28130,1273,552,0
28131,1273,1305,0
28132,1273,487,0
28133,1273,572,0
28134,1273,1049,0
28135,1273,850,0
28136,1273,1229,0
28137,1273,1180,0
28138,1273,500,0
28139,1273,448,0
28140,1273,515,0
28141,1273,994,0
28142,1273,623,0
28143,1273,309,0
28144,1273,1135,0
28145,1273,587,0
28146,1273,899,0
28147,1273,373,0
28148,1273,51,0
28149,1273,23,0
28150,1273,906,0
28151,1273,216,0
28152,1273,469,0
28153,1273,108,0
28154,1273,584,0
28155,1273,274,0
28156,1273,191,0
28157,1273,119,0
28158,1273,1115,0
28159,1273,1402,0
28160,1273,1280,0
28161,1273,475,0
28162,1273,53,0
28163,1273,392,0
28164,1273,136,0
28165,1273,1286,0
28166,1273,633,0
28167,1273,891,0
28168,1273,1055,0
28169,1273,116,0
28170,1273,410,0
28171,1273,10,0
28172,1273,76,0
28173,1273,931,0
28174,1273,1191,0
28175,1273,21,0
28176,1273,1406,0
28177,1273,1337,0
28178,1273,1064,0
28179,1273,971,0
28180,1273,364,0
28181,1273,1133,0
28182,1273,464,0
28183,1273,1250,0
28184,1273,426,0
28185,1273,52,0
28186,1273,1319,0
28187,1273,192,0
28188,1273,1359,0
28189,1273,1316,0
28190,1273,1200,0
28191,1273,325,0
28192,1273,112,0
28193,1273,34,0
28194,1273,606,0
28195,1273,232,0
28196,1273,1373,0
28197,1273,640,0
28198,1273,455,0
28199,1273,590,0
28200,1273,293,0
28201,1273,1141,0
28202,1273,65,0
28203,1273,520,0
28204,1273,721,0
28205,1273,737,0
28206,1273,264,0
28207,1273,760,0
28208,1273,466,0
28209,1273,1098,0
28210,1273,1221,0
28211,1273,311,0
28212,1273,894,0
28213,1273,1014,0
28214,1273,400,0
28215,1273,996,0
28216,1273,1102,0
28217,1273,481,0
28218,1273,338,0
28219,1273,402,0
28220,1273,577,0
28221,1273,49,0
28222,1273,610,0
28223,1273,366,0
28224,1273,1347,0
28225,1273,1340,0
28226,1273,394,0
28227,1273,566,0
28228,1273,1151,0
28229,1273,521,0
28230,1273,295,0
28231,1273,711,0
28232,1273,1090,0
28233,1273,1307,0
28234,1273,551,0
28235,1273,319,0
28236,1273,763,0
28237,1273,1225,0
28238,1273,801,0
28239,1273,104,0
28240,1273,1209,0
28241,1273,963,0
28242,1273,802,0
28243,1273,554,0
28244,1273,1375,0
28245,1273,169,0
28246,1273,639,0
28247,1273,39,0
28248,1273,1308,0
28249,1273,1127,0
28250,1273,835,0
28251,1273,45,0
28252,1273,115,0
28253,1273,1197,0
28254,1273,686,0
28255,1273,184,0
28256,1273,429,0
28257,1273,1073,0
28258,1273,91,0
28259,1273,1304,0
28260,1273,460,0
28261,1273,734,0
28262,1273,701,0
28263,1273,1314,0
28264,1273,530,0
28265,1273,200,0
28266,1273,1262,0
28267,1273,579,0
28268,1273,1370,0
28269,1273,797,0
28270,1273,964,0
28271,1273,970,0
28272,1273,363,0
28273,1273,3,0
28274,1273,1275,0
28275,1273,269,0
28276,1273,139,0
28277,1273,1039,0
28278,1273,163,0
28279,1273,1124,0
28280,1273,303,0
28281,1273,287,0
28282,1273,762,0
28283,1273,372,0
28284,1273,571,0
28285,1273,1361,0
28286,1273,1270,0
28287,1273,985,0
28288,1273,432,0
28289,1273,1144,0
28290,1273,939,0
28291,1273,752,0
28292,1273,895,0
28293,1273,883,0
28294,1273,467,0
28295,1273,685,0
28296,1273,406,0
28297,1273,1230,0
28298,1273,1336,0
28299,1273,652,0
28300,1273,933,0
28301,1273,663,0
28302,1273,180,0
28303,1273,1222,0
28304,1273,218,0
28305,1273,1241,0
28306,1273,238,0
28307,1273,709,0
28308,1273,301,0
28309,1273,793,0
28310,1273,1028,0
28311,1273,1379,0
28312,1273,1183,0
28313,1273,1352,0
28314,1273,516,0
28315,1273,882,0
28316,1273,1089,0
28317,1273,19,0
28318,1273,937,0
28319,1273,828,0
28320,1273,733,0
28321,1273,902,0
28322,1273,1259,0
28323,1273,1381,0
28324,1273,1228,0
28325,1273,47,0
28326,1273,1258,0
28327,1273,1298,0
28328,1273,185,0
28329,1273,779,0
28330,1273,1190,0
28331,1273,641,0
28332,1273,911,0
28333,1273,1339,0
28334,1273,631,0
28335,1273,220,0
28336,1273,1334,0
28337,1273,453,0
28338,1273,618,0
28339,1273,545,0
28340,1273,1382,0
28341,1273,746,0
28342,1273,271,0
28343,1273,1245,0
28344,1273,1374,0
28345,1273,574,0
28346,1273,1121,0
28347,1273,638,0
28348,1273,876,0
28349,1273,744,0
28350,1273,161,0
28351,1273,1034,0
28352,1273,1143,0
28353,1273,310,0
28354,1273,675,0
28355,1273,536,0
28356,1273,1201,0
28357,1273,1140,0
28358,1273,589,0
28359,1273,226,0
28360,1273,87,0
28361,1273,1274,0
28362,1273,845,0
28363,1273,344,0
28364,1273,534,0
28365,1273,1260,0
28366,1273,283,0
28367,1273,1117,0
28368,1273,1137,0
28369,1273,787,0
28370,1273,74,0
28371,1273,175,0
28372,1273,137,0
28373,1273,1378,0
28374,1273,1066,0
28375,1273,626,0
28376,1273,1384,0
28377,1273,923,0
28378,1273,593,0
28379,1273,961,0
28380,1273,943,0
28381,1273,880,0
28382,1273,893,0
28383,1273,852,0
28384,1273,512,0
28385,1273,1,0
28386,1273,984,0
28387,1273,824,0
28388,1273,715,0
28389,1273,814,0
28390,1273,498,0
28391,1273,145,0
28392,1273,1077,0
28393,1273,383,0
28394,1273,224,0
28395,1273,178,0
28396,1273,1134,0
28397,1273,354,0
28398,1273,328,0
28399,1273,1300,0
28400,1273,897,0
28401,1273,254,0
28402,1273,27,0
28403,1273,297,0
28404,1273,1331,0
28405,1273,483,0
28406,1273,395,0
28407,1273,83,0
28408,1273,459,0
28409,1273,63,0
28410,1273,1063,0
28411,1273,43,0
28412,1273,421,0
28413,1273,938,0
28414,1273,117,0
28415,1273,800,0
28416,1273,528,0
28417,1273,1176,0
28418,1273,559,0
28419,1273,488,0
28420,1273,40,0
28421,1273,717,0
28422,1273,493,0
28423,1273,866,0
28424,1273,1178,0
28425,1273,2,0
28426,1273,1043,0
28427,1273,127,0
28428,1273,691,0
28429,1273,1219,0
28430,1273,990,0
28431,1273,194,0
28432,1273,934,0
28433,1273,805,0
28434,1273,947,0
28435,1273,326,0
28436,1273,1177,0
28437,1273,110,0
28438,1273,384,0
28439,1273,499,0
28440,1273,235,0
28441,1273,537,0
28442,1273,69,0
28443,1273,874,0
28444,1273,991,0
28445,1273,315,0
28446,1273,182,0
28447,1273,1388,0
28448,1273,772,0
28449,1273,903,0
28450,1273,871,0
28451,1273,215,0
28452,1273,381,0
28453,1273,789,0
28454,1273,1257,0
28455,1273,436,0
28456,1273,129,0
28457,1273,313,0
28458,1273,1311,0
28459,1273,1175,0
28460,1273,921,0
28461,1273,840,0
28462,1273,1038,0
28463,1273,643,0
28464,1273,1392,0
28465,1273,664,0
28466,1273,477,0
28467,1273,585,0
28468,1273,1184,0
28469,1273,1377,0
28470,1273,206,0
28471,1273,1395,0
28472,1273,90,0
28473,1273,6,0
28474,1273,794,0
28475,1273,230,0
28476,1273,615,0
28477,1273,504,0
28478,1273,738,0
28479,1273,1059,0
28480,1273,138,0
28481,1273,340,0
28482,1273,1349,0
28483,1273,371,0
28484,1273,1252,0
28485,1273,878,0
28486,1273,617,0
28487,1273,5,0
28488,1273,377,0
28489,1273,131,0
28490,1273,834,0
28491,1273,578,0
28492,1273,457,0
28493,1273,393,0
28494,1273,992,0
28495,1273,221,0
28496,1273,146,0
28497,1273,71,0
28498,1273,596,0
28499,1273,927,0
28500,1273,628,0
28501,1273,412,0
28502,1273,621,0
28503,1273,334,0
28504,1273,912,0
28505,1273,37,0
28506,1273,1118,0
28507,1273,597,0
28508,1273,973,0
28509,1273,982,0
28510,1273,1023,0
28511,1273,380,0
28512,1273,1126,0
28513,1273,1099,0
28514,1273,86,0
28515,1273,133,0
28516,1273,281,0
28517,1273,967,0
28518,1273,731,0
28519,1273,533,0
28520,1273,522,0
28521,1273,1017,0
28522,1273,442,0
28523,1273,826,0
28524,1273,1003,0
28525,1273,1018,0
28526,1273,1299,0
28527,1273,250,0
28528,1273,236,0
28529,1273,446,0
28530,1273,405,0
28531,1273,846,0
28532,1273,790,0
28533,1273,48,0
28534,1273,234,0
28535,1273,1199,0
28536,1273,1342,0
28537,1273,1288,0
28538,1273,885,0
28539,1273,810,0
28540,1273,510,0
28541,1273,825,0
28542,1273,869,0
28543,1273,470,0
28544,1273,450,0
28545,1273,480,0
28546,1273,757,0
28547,1273,1020,0
28548,1273,122,0
28549,1273,666,0
28550,1273,1198,0
28551,1273,1278,0
28552,1273,479,0
28553,1273,969,0
28554,1273,1212,0
28555,1273,719,0
28556,1273,1206,0
28557,1273,703,0
28558,1273,422,0
28559,1273,1214,0
28560,1273,815,0
28561,1273,1091,0
28562,1273,1075,0
28563,1273,842,0
28564,1273,1069,0
28565,1273,437,0
28566,1273,1173,0
28567,1273,379,0
28568,1273,376,0
28569,1273,101,0
28570,1273,352,0
28571,1273,1002,0
28572,1273,998,0
28573,1273,654,0
28574,1273,853,0
28575,1273,1095,0
28576,1273,186,0
28577,1273,1238,0
28578,1273,272,0
28579,1273,695,0
28580,1273,177,0
28581,1273,1215,0
28582,1273,1251,0
28583,1273,875,0
28584,1273,642,0
28585,1273,327,0
28586,1273,1372,0
28587,1273,784,0
28588,1273,149,0
28589,1273,710,0
28590,1273,207,0
28591,1273,1367,0
28592,1273,353,0
28593,1273,761,0
28594,1273,1356,0
28595,1273,539,0
28596,1273,532,0
28597,1273,425,0
28598,1273,187,0
28599,1273,917,0
28600,1273,351,0
28601,1273,1246,0
28602,1273,415,0
28603,1273,1065,0
28604,1273,125,0
28605,1273,1103,0
28606,1273,1070,0
28607,1273,4,0
28608,1273,1289,0
28609,1273,474,0
28610,1273,1172,0
28611,1273,151,0
28612,1273,1174,0
28613,1273,1032,0
28614,1273,280,0
28615,1273,1211,0
28616,1273,1154,0
28617,1273,653,0
28618,1273,758,0
28619,1273,1105,0
28620,1273,1266,0
28621,1273,1364,0
28622,1273,209,0
28623,1273,1368,0
28624,1273,955,0
28625,1273,210,0
28626,1273,588,0
28627,1273,1167,0
28628,1273,265,0
28629,1273,158,0
28630,1273,730,0
28631,1273,630,0
28632,1273,1163,0
28633,1273,564,0
28634,1273,1204,0
28635,1273,256,0
28636,1273,1268,0
28637,1273,355,0
28638,1273,1355,0
28639,1273,300,0
28640,1273,1267,0
28641,1273,242,0
28642,1273,966,0
28643,1273,449,0
28644,1273,304,0
28645,1273,646,0
28646,1273,1244,0
28647,1273,690,0
28648,1273,25,0
28649,1273,106,0
28650,1273,438,0
28651,1273,1263,0
28652,1273,170,0
28653,1273,905,0
28654,1273,945,0
28655,1273,11,0
28656,1273,769,0
28657,1273,144,0
28658,1273,1058,0
28659,1273,684,0
28660,1273,671,0
28661,1273,807,0
28662,1273,887,0
28663,1273,428,0
28664,1273,318,0
28665,1273,818,0
28666,1273,420,0
28667,1273,417,0
28668,1273,808,0
28669,1273,1360,0
28670,1273,716,0
28671,1273,203,0
28672,1273,1000,0
28673,1273,68,0
28674,1273,722,0
28675,1273,55,0
28676,1273,1213,0
28677,1273,1062,0
28678,1273,1240,0
28679,1273,59,0
28680,1273,1106,0
28681,1273,843,0
28682,1273,473,0
28683,1273,849,0
28684,1273,66,0
28685,1273,525,0
28686,1273,1327,0
28687,1273,329,0
28688,1273,58,0
28689,1273,1239,0
28690,1273,0,0
28691,1273,1046,0
28692,1273,189,0
28693,1273,848,0
28694,1273,1125,0
28695,1273,1120,0
28696,1273,745,0
28697,1273,64,0
28698,1273,859,0
28699,1273,407,0
28700,1273,636,0
28701,1273,813,0
28702,1273,98,0
28703,1273,915,0
28704,1273,1025,0
28705,1273,1114,0
28706,1273,1162,0
28707,1273,625,0
28708,1273,1292,0
28709,1273,1037,0
28710,1273,726,0
28711,1273,378,0
28712,1273,506,0
28713,1273,148,0
28714,1273,385,0
28715,1273,1161,0
28716,1273,798,0
28717,1273,1365,0
28718,1273,518,0
28719,1273,1248,0
28720,1273,333,0
28721,1273,50,0
28722,1273,321,0
28723,1273,97,0
28724,1273,1223,0
28725,1273,267,0
28726,1273,956,0
28727,1273,159,0
28728,1273,1399,0
28729,1273,679,0
28730,1273,1007,0
28731,1273,749,0
28732,1273,228,0
28733,1273,673,0
28734,1273,472,0
28735,1273,193,0
28736,1273,1051,0
28737,1273,305,0
28738,1273,732,0
28739,1273,867,0
28740,1273,292,0
28741,1273,9,0
28742,1273,989,0
28743,1273,278,0
28744,1273,1317,0
28745,1273,958,0
28746,1273,661,0
28747,1273,358,0
28748,1273,605,0
28749,1273,1227,0
28750,1273,1344,0
28751,1273,1142,0
28752,1273,201,0
28753,1273,350,0
28754,1273,46,0
28755,1273,647,0
28756,1273,659,0
28757,1273,916,0
28758,1273,1048,0
28759,1273,105,0
28760,1273,17,0
28761,1273,592,0
28762,1273,950,0
28763,1273,1333,0
28764,1273,239,0
28765,1273,30,0
28766,1273,1297,0
28767,1273,374,0
28768,1273,694,0
28769,1273,809,0
28770,1273,94,0
28771,1273,152,0
28772,1273,88,0
28773,1329,561,0
28774,1329,242,0
28775,1329,556,0
28776,1329,1011,0
28777,1329,1252,0
28778,1329,1205,0
28779,1329,462,0
28780,1329,922,0
28781,1329,313,0
28782,1329,1380,0
28783,1329,1182,0
28784,1329,1076,0
28785,1329,1398,0
28786,1329,71,0
28787,1329,438,0
28788,1329,588,0
28789,1329,585,0
28790,1329,361,0
28791,1329,698,0
28792,1329,1239,0
28793,1329,99,0
28794,1329,514,0
28795,1329,1299,0
28796,1329,1331,0
28797,1329,379,0
28798,1329,1032,0
28799,1329,390,0
28800,1329,1017,0
28801,1329,4,0
28802,1329,1049,0
28803,1329,1360,0
28804,1329,579,0
28805,1329,316,0
28806,1329,499,0
28807,1329,57,0
28808,1329,982,0
28809,1329,584,0
28810,1329,1122,0
28811,1329,1345,0
28812,1329,1055,0
28813,1329,492,0
28814,1329,655,0
28815,1329,688,0
28816,1329,895,0
28817,1329,222,0
28818,1329,453,0
28819,1329,511,0
28820,1329,995,0
28821,1329,348,0
28822,1329,1362,0
28823,1329,705,0
28824,1329,685,0
28825,1329,1318,0
28826,1329,343,0
28827,1329,1192,0
28828,1329,75,0
28829,1329,587,0
28830,1329,1020,0
28831,1329,783,0
28832,1329,1109,0
28833,1329,1346,0
28834,1329,406,0
28835,1329,359,0
28836,1329,265,0
28837,1329,510,0
28838,1329,824,0
28839,1329,307,0
28840,1329,294,0
28841,1329,1191,0
28842,1329,1125,0
28843,1329,154,0
28844,1329,188,0
28845,1329,56,0
28846,1329,59,0
28847,1329,1348,0
28848,1329,967,0
28849,1329,1041,0
28850,1329,422,0
28851,1329,909,0
28852,1329,159,0
28853,1329,1268,0
28854,1329,1065,0
28855,1329,149,0
28856,1329,661,0
28857,1329,1302,0
28858,1329,919,0
28859,1329,1328,0
28860,1329,456,0
28861,1329,1278,0
28862,1329,693,0
28863,1329,641,0
28864,1329,653,0
28865,1329,901,0
28866,1329,251,0
28867,1329,926,0
28868,1329,1198,0
28869,1329,175,0
28870,1329,998,0
28871,1329,582,0
28872,1329,1245,0
28873,1329,109,0
28874,1329,1052,0
28875,1329,1335,0
28876,1329,1154,0
28877,1329,138,0
28878,1329,970,0
28879,1329,1012,0
28880,1329,482,0
28881,1329,1283,0
28882,1329,193,0
28883,1329,527,0
28884,1329,284,0
28885,1329,504,0
28886,1329,163,0
28887,1329,1378,0
28888,1329,468,0
28889,1329,1222,0
28890,1329,26,0
28891,1329,918,0
28892,1329,1187,0
28893,1329,1324,0
28894,1329,1082,0
28895,1329,12,0
28896,1329,549,0
28897,1329,902,0
28898,1329,1209,0
28899,1329,1223,0
28900,1329,1200,0
28901,1329,507,0
28902,1329,1064,0
28903,1329,24,0
28904,1329,550,0
28905,1329,129,0
28906,1329,512,0
28907,1329,793,0
28908,1329,1134,0
28909,1329,53,0
28910,1329,1003,0
28911,1329,1280,0
28912,1329,370,0
28913,1329,1389,0
28914,1329,1150,0
28915,1329,711,0
28916,1329,74,0
28917,1329,1343,0
28918,1329,506,0
28919,1329,1350,0
28920,1329,531,0
28921,1329,887,0
28922,1329,1126,0
28923,1329,800,0
28924,1329,144,0
28925,1329,915,0
28926,1329,1108,0
28927,1329,784,0
28928,1329,445,0
28929,1329,834,0
28930,1329,1228,0
28931,1329,931,0
28932,1329,1022,0
28933,1329,1051,0
28934,1329,853,0
28935,1329,884,0
28936,1329,437,0
28937,1329,261,0
28938,1329,875,0
28939,1329,246,0
28940,1329,1164,0
28941,1329,666,0
28942,1329,602,0
28943,1329,344,0
28944,1329,134,0
28945,1329,912,0
28946,1329,604,0
28947,1329,1227,0
28948,1329,1312,0
28949,1329,567,0
28950,1329,322,0
28951,1329,1386,0
28952,1329,1142,0
28953,1329,145,0
28954,1329,86,0
28955,1329,1355,0
28956,1329,1152,0
28957,1329,298,0
28958,1329,981,0
28959,1329,1018,0
28960,1329,596,0
28961,1329,703,0
28962,1329,1248,0
28963,1329,554,0
28964,1329,992,0
28965,1329,516,0
28966,1329,991,0
28967,1329,286,0
28968,1329,290,0
28969,1329,407,0
28970,1329,945,0
28971,1329,725,0
28972,1329,980,0
28973,1329,519,0
28974,1329,113,0
28975,1329,947,0
28976,1329,1235,0
28977,1329,110,0
28978,1329,767,0
28979,1329,229,0
28980,1329,1384,0
28981,1329,100,0
28982,1329,168,0
28983,1329,892,0
28984,1329,972,0
28985,1329,1193,0
28986,1329,1179,0
28987,1329,121,0
28988,1329,1361,0
28989,1329,94,0
28990,1329,381,0
28991,1329,478,0
28992,1329,181,0
28993,1329,993,0
28994,1329,58,0
28995,1329,736,0
28996,1329,774,0
28997,1329,1383,0
28998,1329,1105,0
28999,1329,257,0
29000,1329,96,0
29001,1329,475,0
29002,1329,223,0
29003,1329,424,0
29004,1329,702,0
29005,1329,413,0
29006,1329,879,0
29007,1329,356,0
29008,1329,1081,0
29009,1329,835,0
29010,1329,187,0
29011,1329,448,0
29012,1329,840,0
29013,1329,1009,0
29014,1329,1203,0
29015,1329,868,0
29016,1329,827,0
29017,1329,1390,0
29018,1329,408,0
29019,1329,497,0
29020,1329,95,0
29021,1329,946,0
29022,1329,829,0
29023,1329,72,0
29024,1329,239,0
29025,1329,1294,0
29026,1329,1297,0
29027,1329,232,0
29028,1329,97,0
29029,1329,570,0
29030,1329,1107,0
29031,1329,837,0
29032,1329,638,0
29033,1329,124,0
29034,1329,1246,0
29035,1329,1336,0
29036,1329,105,0
29037,1329,780,0
29038,1329,1214,0
29039,1329,1047,0
29040,1329,1275,0
29041,1329,441,0
29042,1329,687,0
29043,1329,1341,0
29044,1329,564,0
29045,1329,1242,0
29046,1329,392,0
29047,1329,850,0
29048,1329,1253,0
29049,1329,950,0
29050,1329,691,0
29051,1329,1186,0
29052,1329,432,0
29053,1329,244,0
29054,1329,127,0
29055,1329,1352,0
29056,1329,606,0
29057,1329,633,0
29058,1329,1338,0
29059,1329,49,0
29060,1329,1395,0
29061,1329,1334,0
29062,1329,50,0
29063,1329,1040,0
29064,1329,212,0
29065,1329,817,0
29066,1329,220,0
29067,1329,904,0
29068,1329,122,0
29069,1329,314,0
29070,1329,626,0
29071,1329,269,0
29072,1329,1397,0
29073,1329,1409,0
29074,1329,426,0
29075,1329,1124,0
29076,1329,1053,0
29077,1329,735,0
29078,1329,1313,0
29079,1329,490,0
29080,1329,13,0
29081,1329,578,0
29082,1329,65,0
29083,1329,1030,0
29084,1329,759,0
29085,1329,861,0
29086,1329,662,0
29087,1329,275,0
29088,1329,48,0
29089,1329,237,0
29090,1329,427,0
29091,1329,318,0
29092,1329,1236,0
29093,1329,260,0
29094,1329,106,0
29095,1329,345,0
29096,1329,491,0
29097,1329,882,0
29098,1329,763,0
29099,1329,234,0
29100,1329,716,0
29101,1329,1285,0
29102,1329,1393,0
29103,1329,632,0
29104,1329,1394,0
29105,1329,151,0
29106,1329,429,0
29107,1329,23,0
29108,1329,1195,0
29109,1329,1026,0
29110,1329,1233,0
29111,1329,1201,0
29112,1329,464,0
29113,1329,645,0
29114,1329,1211,0
29115,1329,985,0
29116,1329,888,0
29117,1329,692,0
29118,1329,948,0
29119,1329,19,0
29120,1329,885,0
29121,1329,476,0
29122,1329,654,0
29123,1329,428,0
29124,1329,6,0
29125,1329,1408,0
29126,1329,78,0
29127,1329,779,0
29128,1329,820,0
29129,1329,46,0
29130,1329,822,0
29131,1329,924,0
29132,1329,218,0
29133,1329,603,0
29134,1329,679,0
29135,1329,664,0
29136,1329,1094,0
29137,1329,1039,0
29138,1329,433,0
29139,1329,616,0
29140,1329,270,0
29141,1329,402,0
29142,1329,943,0
29143,1329,1220,0
29144,1329,40,0
29145,1329,592,0
29146,1329,210,0
29147,1329,7,0
29148,1329,80,0
29149,1329,41,0
29150,1329,1202,0
29151,1329,1333,0
29152,1329,681,0
29153,1329,287,0
29154,1329,949,0
29155,1329,974,0
29156,1329,734,0
29157,1329,863,0
29158,1329,1276,0
29159,1329,1015,0
29160,1329,172,0
29161,1329,1295,0
29162,1329,548,0
29163,1329,1091,0
29164,1329,1001,0
29165,1329,1189,0
29166,1329,803,0
29167,1329,285,0
29168,1329,683,0
29169,1329,1286,0
29170,1329,483,0
29171,1329,114,0
29172,1329,599,0
29173,1329,38,0
29174,1329,742,0
29175,1329,60,0
29176,1329,1136,0
29177,1329,521,0
29178,1329,536,0
29179,1329,1271,0
29180,1329,933,0
29181,1329,701,0
29182,1329,88,0
29183,1329,137,0
29184,1329,1170,0
29185,1329,496,0
29186,1329,115,0
29187,1329,558,0
29188,1329,1092,0
29189,1329,845,0
29190,1329,252,0
29191,1329,1000,0
29192,1329,107,0
29193,1329,721,0
29194,1329,860,0
29195,1329,979,0
29196,1329,1158,0
29197,1329,289,0
29198,1329,571,0
29199,1329,1356,0
29200,1329,622,0
29201,1329,440,0
29202,1329,274,0
29203,1329,1231,0
29204,1329,1166,0
29205,1329,203,0
29206,1329,1225,0
29207,1329,657,0
29208,1329,347,0
29209,1329,1293,0
29210,1329,987,0
29211,1329,399,0
29212,1329,1043,0
29213,1329,1262,0
29214,1329,893,0
29215,1329,839,0
29216,1329,51,0
29217,1329,434,0
29218,1329,362,0
29219,1329,1281,0
29220,1329,857,0
29221,1329,898,0
29222,1329,1060,0
29223,1329,452,0
29224,1329,990,0
29225,1329,1070,0
29226,1329,1382,0
29227,1329,621,0
29228,1329,213,0
29229,1329,818,0
29230,1329,1269,0
29231,1329,1111,0
29232,1329,209,0
29233,1329,401,0
29234,1329,1143,0
29235,1329,1035,0
29236,1329,136,0
29237,1329,1016,0
29238,1329,1256,0
29239,1329,1373,0
29240,1329,707,0
29241,1329,1197,0
29242,1329,158,0
29243,1329,280,0
29244,1329,1097,0
29245,1329,1363,0
29246,1329,352,0
29247,1329,366,0
29248,1329,126,0
29249,1329,1115,0
29250,1329,754,0
29251,1329,207,0
29252,1329,1087,0
29253,1329,1279,0
29254,1329,173,0
29255,1329,415,0
29256,1329,1407,0
29257,1329,29,0
29258,1329,235,0
29259,1329,581,0
29260,1329,1249,0
29261,1329,537,0
29262,1329,771,0
29263,1329,119,0
29264,1329,595,0
29265,1329,139,0
29266,1329,184,0
29267,1329,832,0
29268,1329,532,0
29269,1329,675,0
29270,1329,722,0
29271,1329,384,0
29272,1329,576,0
29273,1329,377,0
29274,1329,2,0
29275,1329,689,0
29276,1329,471,0
29277,1329,481,0
29278,1329,1137,0
29279,1329,302,0
29280,1329,955,0
29281,1329,667,0
29282,1329,752,0
29283,1329,271,0
29284,1329,412,0
29285,1329,360,0
29286,1329,449,0
29287,1329,112,0
29288,1329,363,0
29289,1329,410,0
29290,1329,25,0
29291,1329,338,0
29292,1329,916,0
29293,1329,104,0
29294,1329,306,0
29295,1329,847,0
29296,1329,553,0
29297,1329,233,0
29298,1329,1114,0
29299,1329,939,0
29300,1329,1178,0
29301,1329,1113,0
29302,1329,525,0
29303,1329,21,0
29304,1329,1405,0
29305,1329,150,0
29306,1329,776,0
29307,1329,1034,0
29308,1329,1274,0
29309,1329,826,0
29310,1329,755,0
29311,1329,1369,0
29312,1329,238,0
29313,1329,715,0
29314,1329,644,0
29315,1329,678,0
29316,1329,807,0
29317,1329,1218,0
29318,1329,923,0
29319,1329,1084,0
29320,1329,182,0
29321,1329,533,0
29322,1329,1391,0
29323,1329,1217,0
29324,1329,900,0
29325,1329,1077,0
29326,1329,397,0
29327,1329,279,0
29328,1329,243,0
29329,1329,125,0
29330,1329,971,0
29331,1329,518,0
29332,1329,745,0
29333,1329,539,0
29334,1329,1259,0
29335,1329,296,0
29336,1329,477,0
29337,1329,890,0
29338,1329,881,0
29339,1329,801,0
29340,1329,1028,0
29341,1329,355,0
29342,1329,1103,0
29343,1329,1232,0
29344,1329,132,0
29345,1329,1266,0
29346,1329,231,0
29347,1329,836,0
29348,1329,921,0
29349,1329,180,0
29350,1329,1306,0
29351,1329,211,0
29352,1329,712,0
29353,1329,375,0
29354,1329,1019,0
29355,1329,297,0
29356,1329,748,0
29357,1329,696,0
29358,1329,535,0
29359,1329,1057,0
29360,1329,778,0
29361,1329,283,0
29362,1329,575,0
29363,1329,484,0
29364,1329,89,0
29365,1329,1247,0
29366,1329,959,0
29367,1329,559,0
29368,1329,98,0
29369,1329,542,0
29370,1329,814,0
29371,1329,358,0
29372,1329,739,0
29373,1329,813,0
29374,1329,93,0
29375,1329,27,0
29376,1329,1364,0
29377,1329,116,0
29378,1329,1301,0
29379,1329,204,0
29380,1329,166,0
29381,1329,292,0
29382,1329,614,0
29383,1329,81,0
29384,1329,1357,0
29385,1329,329,0
29386,1329,332,0
29387,1329,442,0
29388,1329,1308,0
29389,1329,1072,0
29390,1329,395,0
29391,1329,513,0
29392,1329,852,0
29393,1329,940,0
29394,1329,1130,0
29395,1329,350,0
29396,1329,523,0
29397,1329,619,0
29398,1329,1307,0
29399,1329,52,0
29400,1329,792,0
29401,1329,872,0
29402,1329,383,0
29403,1329,91,0
29404,1329,365,0
29405,1329,400,0
29406,1329,1106,0
29407,1329,405,0
29408,1329,291,0
29409,1329,278,0
29410,1329,418,0
29411,1329,883,0
29412,1329,327,0
29413,1329,1074,0
29414,1329,894,0
29415,1329,789,0
29416,1329,1002,0
29417,1329,954,0
29418,1329,674,0
29419,1329,174,0
29420,1329,45,0
29421,1329,339,0
29422,1329,1165,0
29423,1329,983,0
29424,1329,176,0
29425,1329,1176,0
29426,1329,1230,0
29427,1329,699,0
29428,1329,978,0
29429,1329,1194,0
29430,1329,690,0
29431,1329,764,0
29432,1329,152,0
29433,1329,135,0
29434,1329,1374,0
29435,1329,1323,0
29436,1329,973,0
29437,1329,951,0
29438,1329,340,0
29439,1329,1116,0
29440,1329,493,0
29441,1329,1159,0
29442,1329,1118,0
29443,1329,1327,0
29444,1329,1347,0
29445,1329,925,0
29446,1329,695,0
29447,1329,330,0
29448,1329,419,0
29449,1329,219,0
29450,1329,1153,0
29451,1329,357,0
29452,1329,952,0
29453,1329,1403,0
29454,1329,613,0
29455,1329,30,0
29456,1329,228,0
29457,1329,677,0
29458,1329,79,0
29459,1329,1265,0
29460,1329,743,0
29461,1329,805,0
29462,1329,328,0
29463,1329,866,0
29464,1329,1322,0
29465,1329,1148,0
29466,1329,1404,0
29467,1329,908,0
29468,1329,538,0
29469,1329,1147,0
29470,1329,928,0
29471,1329,425,0
29472,1329,615,0
29473,1329,1059,0
29474,1329,906,0
29475,1329,996,0
29476,1329,194,0
29477,1329,710,0
29478,1329,953,0
29479,1329,589,0
29480,1329,886,0
29481,1329,1141,0
29482,1329,1367,0
29483,1329,1004,0
29484,1329,1156,0
29485,1329,259,0
29486,1329,67,0
29487,1329,1104,0
29488,1329,264,0
29489,1329,117,0
29490,1329,708,0
29491,1329,317,0
29492,1329,324,0
29493,1329,810,0
29494,1329,957,0
29495,1329,1316,0
29496,1329,877,0
29497,1329,608,0
29498,1329,920,0
29499,1329,806,0
29500,1329,1311,0
29501,1329,607,0
29502,1329,54,0
29503,1329,1372,0
29504,1329,288,0
29505,1329,775,0
29506,1329,141,0
29507,1329,1185,0
29508,1329,300,0
29509,1329,529,0
29510,1329,461,0
29511,1329,838,0
29512,1329,786,0
29513,1329,658,0
29514,1329,833,0
29515,1329,889,0
29516,1329,326,0
29517,1329,932,0
29518,1329,508,0
29519,1329,155,0
29520,1329,108,0
29521,1329,782,0
29522,1329,733,0
29523,1329,214,0
29524,1329,455,0
29525,1329,14,0
29526,1329,414,0
29527,1329,790,0
29528,1329,224,0
29529,1329,146,0
29530,1329,1151,0
29531,1329,3,0
29532,1329,515,0
29533,1329,758,0
29534,1329,905,0
29535,1329,1387,0
29536,1329,263,0
29537,1329,1255,0
29538,1329,1251,0
29539,1329,8,0
29540,1329,64,0
29541,1329,927,0
29542,1329,760,0
29543,1329,451,0
29544,1329,409,0
29545,1329,862,0
29546,1329,501,0
29547,1329,797,0
29548,1329,1213,0
29549,1329,192,0
29550,1329,1332,0
29551,1329,1238,0
29552,1329,1290,0
29553,1329,551,0
29554,1329,761,0
29555,1329,798,0
29556,1329,911,0
29557,1329,1250,0
29558,1329,795,0
29559,1329,486,0
29560,1329,1036,0
29561,1329,1351,0
29562,1329,1161,0
29563,1329,32,0
29564,1329,1208,0
29565,1329,1140,0
29566,1329,799,0
29567,1329,15,0
29568,1329,102,0
29569,1329,320,0
29570,1329,907,0
29571,1329,914,0
29572,1329,727,0
29573,1329,216,0
29574,1329,485,0
29575,1329,656,0
29576,1329,196,0
29577,1329,956,0
29578,1329,1131,0
29579,1329,631,0
29580,1329,913,0
29581,1329,16,0
29582,1329,676,0
29583,1329,620,0
29584,1329,310,0
29585,1329,878,0
29586,1329,1155,0
29587,1329,1024,0
29588,1329,757,0
29589,1329,249,0
29590,1329,871,0
29591,1329,143,0
29592,1329,566,0
29593,1329,1234,0
29594,1329,177,0
29595,1329,1031,0
29596,1329,1264,0
29597,1329,680,0
29598,1329,1149,0
29599,1329,505,0
29600,1329,962,0
29601,1329,208,0
29602,1329,747,0
29603,1329,457,0
29604,1329,1212,0
29605,1329,161,0
29606,1329,334,0
29607,1329,371,0
29608,1329,794,0
29609,1329,458,0
29610,1329,227,0
29611,1329,562,0
29612,1344,742,0
29613,1344,219,0
29614,1344,316,0
29615,1344,1128,0
29616,1344,636,0
29617,1344,609,0
29618,1344,841,0
29619,1344,968,0
29620,1344,1004,0
29621,1344,84,0
29622,1344,1301,0
29623,1344,774,0
29624,1344,921,0
29625,1344,657,0
29626,1344,378,0
29627,1344,976,0
29628,1344,79,0
29629,1344,1063,0
29630,1344,13,0
29631,1344,457,0
29632,1344,522,0
29633,1344,877,0
29634,1344,1158,0
29635,1344,884,0
29636,1344,104,0
29637,1344,229,0
29638,1344,433,0
29639,1344,367,0
29640,1344,1259,0
29641,1344,1234,0
29642,1344,253,0
29643,1344,802,0
29644,1344,1018,0
29645,1344,1035,0
29646,1344,281,0
29647,1344,1140,0
29648,1344,43,0
29649,1344,654,0
29650,1344,293,0
29651,1344,1098,0
29652,1344,739,0
29653,1344,209,0
29654,1344,576,0
29655,1344,869,0
29656,1344,1149,0
29657,1344,349,0
29658,1344,1126,0
29659,1344,806,0
29660,1344,17,0
29661,1344,563,0
29662,1344,46,0
29663,1344,1178,0
29664,1344,1308,0
29665,1344,625,0
29666,1344,365,0
29667,1344,960,0
29668,1344,297,0
29669,1344,150,0
29670,1344,1131,0
29671,1344,1335,0
29672,1344,1066,0
29673,1344,1326,0
29674,1344,1371,0
29675,1344,126,0
29676,1344,805,0
29677,1344,273,0
29678,1344,974,0
29679,1344,1059,0
29680,1344,89,0
29681,1344,1012,0
29682,1344,122,0
29683,1344,395,0
29684,1344,555,0
29685,1344,327,0
29686,1344,1037,0
29687,1344,417,0
29688,1344,1187,0
29689,1344,839,0
29690,1344,568,0
29691,1344,1009,0
29692,1344,1215,0
29693,1344,1045,0
29694,1344,504,0
29695,1344,564,0
29696,1344,991,0
29697,1344,589,0
29698,1344,1017,0
29699,1344,1276,0
29700,1344,184,0
29701,1344,1401,0
29702,1344,606,0
29703,1344,536,0
29704,1344,1285,0
29705,1344,267,0
29706,1344,677,0
29707,1344,767,0
29708,1344,913,0
29709,1344,667,0
29710,1344,233,0
29711,1344,732,0
29712,1344,396,0
29713,1344,64,0
29714,1344,1206,0
29715,1344,965,0
29716,1344,772,0
29717,1344,708,0
29718,1344,246,0
29719,1344,1331,0
29720,1344,1369,0
29721,1344,58,0
29722,1344,1247,0
29723,1344,1019,0
29724,1344,481,0
29725,1344,937,0
29726,1344,320,0
29727,1344,400,0
29728,1344,325,0
29729,1344,650,0
29730,1344,843,0
29731,1344,1022,0
29732,1344,412,0
29733,1344,205,0
29734,1344,726,0
29735,1344,1064,0
29736,1344,224,0
29737,1344,792,0
29738,1344,1261,0
29739,1344,1392,0
29740,1344,421,0
29741,1344,618,0
29742,1344,288,0
29743,1344,337,0
29744,1344,1075,0
29745,1344,168,0
29746,1344,674,0
29747,1344,1361,0
29748,1344,1309,0
29749,1344,1337,0
29750,1344,309,0
29751,1344,141,0
29752,1344,121,0
29753,1344,1363,0
29754,1344,882,0
29755,1344,1183,0
29756,1344,1226,0
29757,1344,279,0
29758,1344,926,0
29759,1344,1314,0
29760,1344,891,0
29761,1344,4,0
29762,1344,347,0
29763,1344,1289,0
29764,1344,1015,0
29765,1344,604,0
29766,1344,1267,0
29767,1344,222,0
29768,1344,1231,0
29769,1344,115,0
29770,1344,1135,0
29771,1344,572,0
29772,1344,214,0
29773,1344,777,0
29774,1344,285,0
29775,1344,1113,0
29776,1344,1264,0
29777,1344,2,0
29778,1344,130,0
29779,1344,1143,0
29780,1344,975,0
29781,1344,217,0
29782,1344,329,0
29783,1344,300,0
29784,1344,1011,0
29785,1344,1190,0
29786,1344,1386,0
29787,1344,1404,0
29788,1344,443,0
29789,1344,630,0
29790,1344,823,0
29791,1344,822,0
29792,1344,723,0
29793,1344,280,0
29794,1344,24,0
29795,1344,394,0
29796,1344,1001,0
29797,1344,308,0
29798,1344,446,0
29799,1344,39,0
29800,1344,950,0
29801,1344,213,0
29802,1344,521,0
29803,1344,75,0
29804,1344,21,0
29805,1344,409,0
29806,1344,19,0
29807,1344,247,0
29808,1344,1288,0
29809,1344,226,0
29810,1344,526,0
29811,1344,1256,0
29812,1344,1174,0
29813,1344,487,0
29814,1344,52,0
29815,1344,242,0
29816,1344,1081,0
29817,1344,892,0
29818,1344,1262,0
29819,1344,750,0
29820,1344,391,0
29821,1344,1375,0
29822,1344,484,0
29823,1344,291,0
29824,1344,1374,0
29825,1344,789,0
29826,1344,981,0
29827,1344,1163,0
29828,1344,139,0
29829,1344,573,0
29830,1344,1173,0
29831,1344,135,0
29832,1344,562,0
29833,1344,109,0
29834,1344,855,0
29835,1344,1034,0
29836,1344,704,0
29837,1344,534,0
29838,1344,1196,0
29839,1344,1235,0
29840,1344,277,0
29841,1344,50,0
29842,1344,1227,0
29843,1344,454,0
29844,1344,195,0
29845,1344,423,0
29846,1344,1364,0
29847,1344,406,0
29848,1344,642,0
29849,1344,371,0
29850,1344,1287,0
29851,1344,283,0
29852,1344,392,0
29853,1344,1324,0
29854,1344,1399,0
29855,1344,152,0
29856,1344,388,0
29857,1344,1329,0
29858,1344,354,0
29859,1344,900,0
29860,1344,32,0
29861,1344,292,0
29862,1344,1304,0
29863,1344,1360,0
29864,1344,341,0
29865,1344,127,0
29866,1344,784,0
29867,1344,946,0
29868,1344,954,0
29869,1344,1400,0
29870,1344,498,0
29871,1344,886,0
29872,1344,1014,0
29873,1344,117,0
29874,1344,591,0
29875,1344,837,0
29876,1344,358,0
29877,1344,1406,0
29878,1344,939,0
29879,1344,251,0
29880,1344,1323,0
29881,1344,748,0
29882,1344,108,0
29883,1344,795,0
29884,1344,244,0
29885,1344,112,0
29886,1344,628,0
29887,1344,1325,0
29888,1344,129,0
29889,1344,616,0
29890,1344,1106,0
29891,1344,345,0
29892,1344,1225,0
29893,1344,1263,0
29894,1344,868,0
29895,1344,1127,0
29896,1344,1118,0
29897,1344,656,0
29898,1344,1384,0
29899,1344,1038,0
29900,1344,1073,0
29901,1344,597,0
29902,1344,1320,0
29903,1344,128,0
29904,1344,1376,0
29905,1344,458,0
29906,1344,485,0
29907,1344,533,0
29908,1344,1040,0
29909,1344,1050,0
29910,1344,1221,0
29911,1344,665,0
29912,1344,1277,0
29913,1344,398,0
29914,1344,1125,0
29915,1344,6,0
29916,1344,920,0
29917,1344,543,0
29918,1344,936,0
29919,1344,722,0
29920,1344,566,0
29921,1344,718,0
29922,1344,1176,0
29923,1344,437,0
29924,1344,1170,0
29925,1344,983,0
29926,1344,243,0
29927,1344,252,0
29928,1344,464,0
29929,1344,691,0
29930,1344,1116,0
29931,1344,1033,0
29932,1344,1041,0
29933,1344,768,0
29934,1344,587,0
29935,1344,1204,0
29936,1344,529,0
29937,1344,1044,0
29938,1344,586,0
29939,1344,1100,0
29940,1344,286,0
29941,1344,893,0
29942,1344,538,0
29943,1344,211,0
29944,1344,1273,0
29945,1344,147,0
29946,1344,192,0
29947,1344,701,0
29948,1344,332,0
29949,1344,137,0
29950,1344,804,0
29951,1344,1240,0
29952,1344,1093,0
29953,1344,312,0
29954,1344,1067,0
29955,1344,1032,0
29956,1344,97,0
29957,1344,578,0
29958,1344,1068,0
29959,1344,190,0
29960,1344,547,0
29961,1344,441,0
29962,1344,1003,0
29963,1344,85,0
29964,1344,711,0
29965,1344,259,0
29966,1344,599,0
29967,1344,165,0
29968,1344,751,0
29969,1344,10,0
29970,1344,1101,0
29971,1344,808,0
29972,1344,1152,0
29973,1344,835,0
29974,1344,875,0
29975,1344,688,0
29976,1344,1258,0
29977,1344,1348,0
29978,1344,730,0
29979,1344,96,0
29980,1344,70,0
29981,1344,935,0
29982,1344,1272,0
29983,1344,199,0
29984,1344,157,0
29985,1344,1255,0
29986,1344,1074,0
29987,1344,1171,0
29988,1344,1172,0
29989,1344,532,0
29990,1344,686,0
29991,1344,380,0
29992,1344,927,0
29993,1344,1057,0
29994,1344,1138,0
29995,1344,727,0
29996,1344,326,0
29997,1344,531,0
29998,1344,584,0
29999,1344,764,0
30000,1344,1025,0
30001,1344,399,0
30002,1344,461,0
30003,1344,765,0
30004,1344,1142,0
30005,1344,197,0
30006,1344,37,0
30007,1344,933,0
30008,1344,825,0
30009,1344,82,0
30010,1344,999,0
30011,1344,1020,0
30012,1344,793,0
30013,1344,38,0
30014,1344,668,0
30015,1344,1351,0
30016,1344,958,0
30017,1344,181,0
30018,1344,1031,0
30019,1344,887,0
30020,1344,328,0
30021,1344,821,0
30022,1344,1122,0
30023,1344,1352,0
30024,1344,439,0
30025,1344,1283,0
30026,1344,397,0
30027,1344,1322,0
30028,1344,499,0
30029,1344,11,0
30030,1344,721,0
30031,1344,1407,0
30032,1344,894,0
30033,1344,1290,0
30034,1344,909,0
30035,1344,1097,0
30036,1344,902,0
30037,1344,712,0
30038,1344,182,0
30039,1344,1334,0
30040,1344,303,0
30041,1344,948,0
30042,1344,994,0
30043,1344,1005,0
30044,1344,77,0
30045,1344,720,0
30046,1344,284,0
30047,1344,1085,0
30048,1344,491,0
30049,1344,1321,0
30050,1344,797,0
30051,1344,179,0
30052,1344,614,0
30053,1344,824,0
30054,1344,1390,0
30055,1344,866,0
30056,1344,507,0
30057,1344,798,0
30058,1344,565,0
30059,1344,545,0
30060,1344,340,0
30061,1344,1052,0
30062,1344,992,0
30063,1344,294,0
30064,1344,997,0
30065,1344,1053,0
30066,1344,846,0
30067,1344,1047,0
30068,1344,842,0
30069,1344,307,0
30070,1344,575,0
30071,1344,666,0
30072,1344,624,0
30073,1344,444,0
30074,1344,864,0
30075,1344,544,0
30076,1344,1072,0
30077,1344,263,0
30078,1344,310,0
30079,1344,142,0
30080,1344,1077,0
30081,1344,644,0
30082,1344,744,0
30083,1344,653,0
30084,1344,540,0
30085,1344,155,0
30086,1344,73,0
30087,1344,289,0
30088,1344,1393,0
30089,1344,1007,0
30090,1344,221,0
30091,1344,694,0
30092,1344,1388,0
30093,1344,1270,0
30094,1344,208,0
30095,1344,177,0
30096,1344,1192,0
30097,1344,697,0
30098,1344,1179,0
30099,1344,996,0
30100,1344,874,0
30101,1344,1124,0
30102,1344,1214,0
30103,1344,1330,0
30104,1344,669,0
30105,1344,442,0
30106,1344,889,0
30107,1344,324,0
30108,1344,465,0
30109,1344,1295,0
30110,1344,1216,0
30111,1344,592,0
30112,1344,838,0
30113,1344,552,0
30114,1344,791,0
30115,1344,44,0
30116,1344,731,0
30117,1344,1197,0
30118,1344,525,0
30119,1344,1076,0
30120,1344,118,0
30121,1344,116,0
30122,1344,1186,0
30123,1344,506,0
30124,1344,162,0
30125,1344,1405,0
30126,1344,896,0
30127,1344,734,0
30128,1344,369,0
30129,1344,1275,0
30130,1344,1248,0
30131,1344,445,0
30132,1344,1317,0
30133,1344,91,0
30134,1344,261,0
30135,1344,940,0
30136,1344,800,0
30137,1344,54,0
30138,1344,1083,0
30139,1344,232,0
30140,1344,304,0
30141,1344,640,0
30142,1344,114,0
30143,1344,313,0
30144,1344,1161,0
30145,1344,133,0
30146,1344,1056,0
30147,1344,1023,0
30148,1344,282,0
30149,1344,678,0
30150,1344,680,0
30151,1344,180,0
30152,1344,1302,0
30153,1344,1089,0
30154,1344,469,0
30155,1344,350,0
30156,1344,440,0
30157,1344,212,0
30158,1344,386,0
30159,1344,1090,0
30160,1344,652,0
30161,1344,519,0
30162,1344,851,0
30163,1344,1006,0
30164,1344,361,0
30165,1344,972,0
30166,1344,1148,0
30167,1344,903,0
30168,1344,493,0
30169,1344,834,0
30170,1344,906,0
30171,1344,379,0
30172,1344,643,0
30173,1344,264,0
30174,1344,799,0
30175,1344,794,0
30176,1344,1095,0
30177,1344,740,0
30178,1344,374,0
30179,1344,964,0
30180,1344,854,0
30181,1344,581,0
30182,1344,684,0
30183,1344,1394,0
30184,1344,319,0
30185,1344,736,0
30186,1344,925,0
30187,1344,236,0
30188,1344,216,0
30189,1344,1245,0
30190,1344,42,0
30191,1344,401,0
30192,1344,1254,0
30193,1344,218,0
30194,1344,1359,0
30195,1344,447,0
30196,1344,1338,0
30197,1344,911,0
30198,1344,662,0
30199,1344,602,0
30200,1344,16,0
30201,1344,72,0
30202,1344,673,0
30203,1344,15,0
30204,1344,615,0
30205,1344,36,0
30206,1344,956,0
30207,1344,237,0
30208,1344,1269,0
30209,1344,693,0
30210,1344,755,0
30211,1344,132,0
30212,1344,448,0
30213,1344,65,0
30214,1344,3,0
30215,1344,424,0
30216,1344,186,0
30217,1344,1055,0
30218,1344,932,0
30219,1344,1160,0
30220,1344,330,0
30221,1344,1071,0
30222,1344,210,0
30223,1344,979,0
30224,1344,623,0
30225,1344,530,0
30226,1344,241,0
30227,1344,512,0
30228,1344,780,0
30229,1344,938,0
30230,1344,1099,0
30231,1344,1208,0
30232,1344,1327,0
30233,1344,915,0
30234,1344,863,0
30235,1344,1070,0
30236,1344,76,0
30237,1344,1232,0
30238,1344,1159,0
30239,1344,1362,0
30240,1344,670,0
30241,1344,1167,0
30242,1344,472,0
30243,1344,810,0
30244,1344,31,0
30245,1344,781,0
30246,1344,878,0
30247,1344,389,0
30248,1344,741,0
30249,1344,383,0
30250,1344,635,0
30251,1344,274,0
30252,1344,1223,0
30253,1344,94,0
30254,1344,1086,0
30255,1344,260,0
30256,1344,34,0
30257,1344,163,0
30258,1344,502,0
30259,1344,554,0
30260,1344,1253,0
30261,1344,63,0
30262,1344,570,0
30263,1344,262,0
30264,1344,1237,0
30265,1344,422,0
30266,1344,475,0
30267,1344,1193,0
30268,1344,962,0
30269,1344,934,0
30270,1344,90,0
30271,1344,311,0
30272,1344,580,0
30273,1344,610,0
30274,1344,1069,0
30275,1344,434,0
30276,1344,807,0
30277,1344,593,0
30278,1344,873,0
30279,1344,929,0
30280,1344,1202,0
30281,1344,382,0
30282,1344,138,0
30283,1344,1311,0
30284,1344,1303,0
30285,1344,314,0
30286,1344,1239,0
30287,1344,596,0
30288,1344,1305,0
30289,1344,1207,0
30290,1344,1341,0
30291,1344,725,0
30292,1344,1306,0
30293,1344,762,0
30294,1344,928,0
30295,1344,757,0
30296,1344,1016,0
30297,1344,1268,0
30298,1344,1030,0
30299,1344,895,0
30300,1344,86,0
30301,1344,1403,0
30302,1344,41,0
30303,1344,527,0
30304,1344,1051,0
30305,1344,993,0
30306,1344,631,0
30307,1344,524,0
30308,1344,611,0
30309,1344,467,0
30310,1344,1191,0
30311,1344,74,0
30312,1344,299,0
30313,1344,859,0
30314,1344,83,0
30315,1344,238,0
30316,1344,745,0
30317,1344,385,0
30318,1344,787,0
30319,1344,172,0
30320,1344,1002,0
30321,1344,411,0
30322,1344,1107,0
30323,1344,449,0
30324,1344,1312,0
30325,1344,1307,0
30326,1344,880,0
30327,1344,140,0
30328,1344,1365,0
30329,1344,88,0
30330,1344,166,0
30331,1344,1377,0
30332,1344,692,0
30333,1344,1310,0
30334,1344,387,0
30335,1344,429,0
30336,1344,914,0
30337,1344,639,0
30338,1344,1166,0
30339,1344,47,0
30340,1344,1313,0
30341,1344,514,0
30342,1344,0,0
30343,1344,1383,0
30344,1344,760,0
30345,1344,687,0
30346,1344,245,0
30347,1344,416,0
30348,1344,690,0
30349,1344,120,0
30350,1344,505,0
30351,1344,658,0
30352,1344,486,0
30353,1344,771,0
30354,1344,590,0
30355,1344,814,0
30356,1344,370,0
30357,1344,1091,0
30358,1344,646,0
30359,1344,1224,0
30360,1344,1203,0
30361,1344,949,0
30362,1344,1230,0
30363,1344,883,0
30364,1344,1039,0
30365,1344,430,0
30366,1344,715,0
30367,1344,785,0
30368,1344,557,0
30369,1344,699,0
30370,1344,559,0
30371,1344,632,0
30372,1344,612,0
30373,1344,832,0
30374,1344,323,0
30375,1344,12,0
30376,1344,1211,0
30377,1344,537,0
30378,1344,23,0
30379,1344,146,0
30380,1344,183,0
30381,1344,101,0
30382,1344,346,0
30383,1344,583,0
30384,1344,1088,0
30385,1344,840,0
30386,1344,1134,0
30387,1344,110,0
30388,1344,707,0
30389,1344,258,0
30390,1344,479,0
30391,1344,705,0
30392,1344,852,0
30393,1344,1271,0
30394,1344,164,0
30395,1344,1094,0
30396,1344,647,0
30397,1344,754,0
30398,1344,700,0
30399,1344,978,0
30400,1344,295,0
30401,1344,600,0
30402,1344,831,0
30403,1344,125,0
30404,1344,1292,0
30405,1344,331,0
30406,1344,1136,0
30407,1344,1336,0
30408,1344,480,0
30409,1344,55,0
30410,1344,967,0
30411,1344,80,0
30412,1344,1391,0
30413,1344,342,0
30414,1344,452,0
30415,1344,1092,0
30416,1344,982,0
30417,1344,1000,0
30418,1344,671,0
30419,1344,987,0
30420,1344,601,0
30421,1344,766,0
30422,1344,161,0
30423,1344,847,0
30424,1344,660,0
30425,1344,1282,0
30426,1344,633,0
30427,1344,151,0
30428,1344,364,0
30429,1344,171,0
30430,1344,811,0
30431,1344,306,0
30432,1344,579,0
30433,1344,455,0
30434,1344,414,0
30435,1344,473,0
30436,1344,916,0
30437,1344,681,0
30438,1344,758,0
30439,1344,860,0
30440,1344,1397,0
30441,1344,603,0
30442,1344,998,0
30443,1344,594,0
30444,1344,377,0
30445,1344,879,0
30446,1344,924,0
30447,1344,861,0
30448,1344,818,0
30449,1344,1220,0
30450,1344,706,0
30451,1344,1164,0
30452,1344,1105,0
30453,1344,957,0
30454,1344,542,0
30455,1344,69,0
30456,1344,908,0
30457,1344,676,0
30458,1344,198,0
30459,1344,817,0
30460,1344,66,0
30461,1344,971,0
30462,1344,899,0
30463,1344,381,0
30464,1344,1274,0
30465,1344,1210,0
30466,1344,1228,0
30467,1344,661,0
30468,1344,415,0
30469,1344,1112,0
30470,1344,876,0
30471,1344,1328,0
30472,1344,1382,0
30473,1344,638,0
30474,1344,850,0
30475,1344,272,0
30476,1344,29,0
30477,1344,99,0
30478,1344,679,0
30479,1344,200,0
30480,1344,819,0
30481,1344,1008,0
30482,1344,1146,0
30483,1344,51,0
30484,1344,111,0
30485,1344,1243,0
30486,1344,845,0
30487,1344,539,0
30488,1344,1060,0
30489,1344,1355,0
30490,1344,844,0
30491,1344,1049,0
30492,1344,1117,0
30493,1344,1157,0
30494,1344,735,0
30495,1344,356,0
30496,1344,778,0
30497,1344,621,0
30498,1344,1213,0
30499,1344,1345,0
30500,1344,1153,0
30501,1344,1378,0
30502,1344,969,0
30503,1344,410,0
30504,1344,250,0
30505,1344,1252,0
30506,1344,321,0
30507,1344,977,0
30508,1364,47,0
30509,1364,185,0
30510,1364,488,0
30511,1364,883,0
30512,1364,1388,0
30513,1364,766,0
30514,1364,1343,0
30515,1364,691,0
30516,1364,642,0
30517,1364,123,0
30518,1364,109,0
30519,1364,1238,0
30520,1364,363,0
30521,1364,746,0
30522,1364,586,0
30523,1364,860,0
30524,1364,548,0
30525,1364,991,0
30526,1364,201,0
30527,1364,134,0
30528,1364,513,0
30529,1364,271,0
30530,1364,998,0
30531,1364,562,0
30532,1364,369,0
30533,1364,1280,0
30534,1364,567,0
30535,1364,648,0
30536,1364,897,0
30537,1364,283,0
30538,1364,477,0
30539,1364,724,0
30540,1364,1197,0
30541,1364,1405,0
30542,1364,234,0
30543,1364,75,0
30544,1364,598,0
30545,1364,946,0
30546,1364,182,0
30547,1364,88,0
30548,1364,222,0
30549,1364,251,0
30550,1364,593,0
30551,1364,43,0
30552,1364,821,0
30553,1364,19,0
30554,1364,402,0
30555,1364,857,0
30556,1364,1126,0
30557,1364,1408,0
30558,1364,854,0
30559,1364,869,0
30560,1364,620,0
30561,1364,125,0
30562,1364,1346,0
30563,1364,952,0
30564,1364,828,0
30565,1364,192,0
30566,1364,1321,0
30567,1364,907,0
30568,1364,89,0
30569,1364,1233,0
30570,1364,713,0
30571,1364,136,0
30572,1364,953,0
30573,1364,328,0
30574,1364,651,0
30575,1364,114,0
30576,1364,1030,0
30577,1364,660,0
30578,1364,1075,0
30579,1364,790,0
30580,1364,1062,0
30581,1364,836,0
30582,1364,963,0
30583,1364,344,0
30584,1364,850,0
30585,1364,613,0
30586,1364,674,0
30587,1364,418,0
30588,1364,1402,0
30589,1364,1049,0
30590,1364,669,0
30591,1364,1245,0
30592,1364,926,0
30593,1364,139,0
30594,1364,989,0
30595,1364,682,0
30596,1364,992,0
30597,1364,510,0
30598,1364,919,0
30599,1364,250,0
30600,1364,756,0
30601,1364,237,0
30602,1364,546,0
30603,1364,541,0
30604,1364,1374,0
30605,1364,578,0
30606,1364,955,0
30607,1364,277,0
30608,1364,813,0
30609,1364,1071,0
30610,1364,851,0
30611,1364,742,0
30612,1364,1059,0
30613,1364,1342,0
30614,1364,1151,0
30615,1364,371,0
30616,1364,738,0
30617,1364,115,0
30618,1364,909,0
30619,1364,1252,0
30620,1364,607,0
30621,1364,132,0
30622,1364,1319,0
30623,1364,959,0
30624,1364,287,0
30625,1364,515,0
30626,1364,1260,0
30627,1364,949,0
30628,1364,1124,0
30629,1364,892,0
30630,1364,380,0
30631,1364,778,0
30632,1364,863,0
30633,1364,1274,0
30634,1364,886,0
30635,1364,468,0
30636,1364,847,0
30637,1364,631,0
30638,1364,1353,0
30639,1364,379,0
30640,1364,532,0
30641,1364,301,0
30642,1364,427,0
30643,1364,38,0
30644,1364,1022,0
30645,1364,174,0
30646,1364,152,0
30647,1364,102,0
30648,1364,715,0
30649,1364,1375,0
30650,1364,241,0
30651,1364,881,0
30652,1364,553,0
30653,1364,451,0
30654,1364,1070,0
30655,1364,932,0
30656,1364,6,0
30657,1364,354,0
30658,1364,223,0
30659,1364,1200,0
30660,1364,1111,0
30661,1364,868,0
30662,1364,486,0
30663,1364,95,0
30664,1364,1373,0
30665,1364,138,0
30666,1364,918,0
30667,1364,1301,0
30668,1364,978,0
30669,1364,1297,0
30670,1364,1345,0
30671,1364,677,0
30672,1364,558,0
30673,1364,773,0
30674,1364,683,0
30675,1364,463,0
30676,1364,278,0
30677,1364,891,0
30678,1364,659,0
30679,1364,186,0
30680,1364,760,0
30681,1364,1012,0
30682,1364,572,0
30683,1364,540,0
30684,1364,1250,0
30685,1364,865,0
30686,1364,1244,0
30687,1364,1128,0
30688,1364,211,0
30689,1364,1207,0
30690,1364,309,0
30691,1364,637,0
30692,1364,824,0
30693,1364,767,0
30694,1364,396,0
30695,1364,140,0
30696,1364,812,0
30697,1364,409,0
30698,1364,839,0
30699,1364,1221,0
30700,1364,639,0
30701,1364,1020,0
30702,1364,543,0
30703,1364,816,0
30704,1364,644,0
30705,1364,614,0
30706,1364,197,0
30707,1364,923,0
30708,1364,340,0
30709,1364,571,0
30710,1364,476,0
30711,1364,708,0
30712,1364,506,0
30713,1364,341,0
30714,1364,573,0
30715,1364,1158,0
30716,1364,912,0
30717,1364,1216,0
30718,1364,1060,0
30719,1364,777,0
30720,1364,323,0
30721,1364,1101,0
30722,1364,650,0
30723,1364,1263,0
30724,1364,1174,0
30725,1364,692,0
30726,1364,280,0
30727,1364,1021,0
30728,1364,990,0
30729,1364,392,0
30730,1364,750,0
30731,1364,92,0
30732,1364,889,0
30733,1364,1209,0
30734,1364,460,0
30735,1364,624,0
30736,1364,830,0
30737,1364,219,0
30738,1364,1348,0
30739,1364,913,0
30740,1364,236,0
30741,1364,817,0
30742,1364,1327,0
30743,1364,367,0
30744,1364,630,0
30745,1364,355,0
30746,1364,726,0
30747,1364,873,0
30748,1364,274,0
30749,1364,903,0
30750,1364,44,0
30751,1364,617,0
30752,1364,827,0
30753,1364,1212,0
30754,1364,172,0
30755,1364,96,0
30756,1364,596,0
30757,1364,51,0
30758,1364,1058,0
30759,1364,1149,0
30760,1364,1270,0
30761,1364,775,0
30762,1364,530,0
30763,1364,1179,0
30764,1364,207,0
30765,1364,1028,0
30766,1364,1079,0
30767,1364,372,0
30768,1364,14,0
30769,1364,894,0
30770,1364,517,0
30771,1364,829,0
30772,1364,37,0
30773,1364,1157,0
30774,1364,310,0
30775,1364,129,0
30776,1364,684,0
30777,1364,719,0
30778,1364,155,0
30779,1364,823,0
30780,1364,495,0
30781,1364,1072,0
30782,1364,1300,0
30783,1364,32,0
30784,1364,286,0
30785,1364,802,0
30786,1364,144,0
30787,1364,751,0
30788,1364,118,0
30789,1364,764,0
30790,1364,22,0
30791,1364,407,0
30792,1364,493,0
30793,1364,609,0
30794,1364,200,0
30795,1364,528,0
30796,1364,964,0
30797,1364,64,0
30798,1364,1092,0
30799,1364,326,0
30800,1364,374,0
30801,1364,170,0
30802,1364,730,0
30803,1364,466,0
30804,1364,456,0
30805,1364,79,0
30806,1364,1180,0
30807,1364,638,0
30808,1364,1392,0
30809,1364,127,0
30810,1364,804,0
30811,1364,1296,0
30812,1364,503,0
30813,1364,1354,0
30814,1364,492,0
30815,1364,1008,0
30816,1364,479,0
30817,1364,107,0
30818,1364,559,0
30819,1364,232,0
30820,1364,1192,0
30821,1364,390,0
30822,1364,739,0
30823,1364,1051,0
30824,1364,818,0
30825,1364,353,0
30826,1364,731,0
30827,1364,61,0
30828,1364,723,0
30829,1364,1334,0
30830,1364,981,0
30831,1364,350,0
30832,1364,20,0
30833,1364,49,0
30834,1364,1361,0
30835,1364,1002,0
30836,1364,24,0
30837,1364,72,0
30838,1364,157,0
30839,1364,54,0
30840,1364,1144,0
30841,1364,3,0
30842,1364,412,0
30843,1364,649,0
30844,1364,501,0
30845,1364,838,0
30846,1364,758,0
30847,1364,290,0
30848,1364,153,0
30849,1364,239,0
30850,1364,1215,0
30851,1364,1276,0
30852,1364,133,0
30853,1364,795,0
30854,1364,297,0
30855,1364,1196,0
30856,1364,563,0
30857,1364,1306,0
30858,1364,1344,0
30859,1364,1350,0
30860,1364,957,0
30861,1364,386,0
30862,1364,305,0
30863,1364,272,0
30864,1364,549,0
30865,1364,665,0
30866,1364,124,0
30867,1364,1016,0
30868,1364,700,0
30869,1364,535,0
30870,1364,1258,0
30871,1364,1164,0
30872,1364,807,0
30873,1364,177,0
30874,1364,757,0
30875,1364,333,0
30876,1364,1220,0
30877,1364,587,0
30878,1364,1206,0
30879,1364,1400,0
30880,1364,385,0
30881,1364,116,0
30882,1364,555,0
30883,1364,357,0
30884,1364,1278,0
30885,1364,176,0
30886,1364,391,0
30887,1364,1098,0
30888,1364,1251,0
30889,1364,1268,0
30890,1364,984,0
30891,1364,629,0
30892,1364,484,0
30893,1364,199,0
30894,1364,128,0
30895,1364,575,0
30896,1364,833,0
30897,1364,86,0
30898,1364,317,0
30899,1364,417,0
30900,1364,135,0
30901,1364,159,0
30902,1364,296,0
30903,1364,288,0
30904,1364,347,0
30905,1364,359,0
30906,1364,406,0
30907,1364,1081,0
30908,1364,1338,0
30909,1364,345,0
30910,1364,1004,0
30911,1364,602,0
30912,1364,508,0
30913,1364,1,0
30914,1364,774,0
30915,1364,961,0
30916,1364,1150,0
30917,1364,1086,0
30918,1364,62,0
30919,1364,988,0
30920,1364,1141,0
30921,1364,327,0
30922,1364,880,0
30923,1364,244,0
30924,1364,737,0
30925,1364,994,0
30926,1364,42,0
30927,1364,1351,0
30928,1364,1142,0
30929,1364,983,0
30930,1364,298,0
30931,1364,1173,0
30932,1364,1112,0
30933,1364,1219,0
30934,1364,496,0
30935,1364,971,0
30936,1364,160,0
30937,1364,1312,0
30938,1364,1333,0
30939,1364,974,0
30940,1364,84,0
30941,1364,581,0
30942,1364,246,0
30943,1364,966,0
30944,1364,439,0
30945,1364,1236,0
30946,1364,1243,0
30947,1364,482,0
30948,1364,87,0
30949,1364,149,0
30950,1364,797,0
30951,1364,1397,0
30952,1364,111,0
30953,1364,1370,0
30954,1364,25,0
30955,1364,306,0
30956,1364,914,0
30957,1364,1349,0
30958,1364,82,0
30959,1364,763,0
30960,1364,416,0
30961,1364,735,0
30962,1364,226,0
30963,1364,701,0
30964,1364,837,0
30965,1364,781,0
30966,1364,337,0
30967,1364,26,0
30968,1364,1129,0
30969,1364,351,0
30970,1364,195,0
30971,1364,1015,0
30972,1364,117,0
30973,1364,621,0
30974,1364,1255,0
30975,1364,4,0
30976,1364,627,0
30977,1364,428,0
30978,1364,962,0
30979,1364,447,0
30980,1364,27,0
30981,1364,1036,0
30982,1364,716,0
30983,1364,1038,0
30984,1364,1404,0
30985,1364,901,0
30986,1364,820,0
30987,1364,245,0
30988,1364,1175,0
30989,1364,556,0
30990,1364,592,0
30991,1364,204,0
30992,1364,588,0
30993,1364,1053,0
30994,1364,536,0
30995,1364,831,0
30996,1364,361,0
30997,1364,52,0
30998,1364,876,0
30999,1364,977,0
31000,1364,1359,0
31001,1364,233,0
31002,1364,381,0
31003,1364,1303,0
31004,1364,769,0
31005,1364,975,0
31006,1364,668,0
31007,1364,1085,0
31008,1364,888,0
31009,1364,29,0
31010,1364,679,0
31011,1364,1138,0
31012,1364,1277,0
31013,1364,678,0
31014,1364,1363,0
31015,1364,398,0
31016,1364,1314,0
31017,1364,866,0
31018,1364,1365,0
31019,1364,1088,0
31020,1364,1246,0
31021,1364,526,0
31022,1364,1224,0
31023,1364,1043,0
31024,1364,1121,0
31025,1364,623,0
31026,1364,597,0
31027,1364,676,0
31028,1364,521,0
31029,1364,1183,0
31030,1364,710,0
31031,1364,191,0
31032,1364,1161,0
31033,1364,158,0
31034,1364,514,0
31035,1364,721,0
31036,1364,707,0
31037,1364,1076,0
31038,1364,805,0
31039,1364,917,0
31040,1364,947,0
31041,1364,1324,0
31042,1364,1057,0
31043,1364,292,0
31044,1364,976,0
31045,1364,1084,0
31046,1364,1025,0
31047,1364,424,0
31048,1364,469,0
31049,1364,395,0
31050,1364,1091,0
31051,1364,1366,0
31052,1364,465,0
31053,1364,958,0
31054,1364,672,0
31055,1364,1177,0
31056,1364,1214,0
31057,1364,325,0
31058,1364,145,0
31059,1364,474,0
31060,1364,141,0
31061,1364,1168,0
31062,1364,137,0
31063,1364,230,0
31064,1364,537,0
31065,1364,104,0
31066,1364,194,0
31067,1364,1136,0
31068,1364,294,0
31069,1364,148,0
31070,1364,304,0
31071,1364,1287,0
31072,1364,331,0
31073,1364,1090,0
31074,1364,1100,0
31075,1364,228,0
31076,1364,582,0
31077,1364,519,0
31078,1364,213,0
31079,1364,59,0
31080,1364,1389,0
31081,1364,507,0
31082,1364,1308,0
31083,1364,654,0
31084,1364,560,0
31085,1364,1201,0
31086,1364,279,0
31087,1364,1154,0
31088,1364,864,0
31089,1364,1035,0
31090,1364,35,0
31091,1364,925,0
31092,1364,1369,0
31093,1364,800,0
31094,1364,634,0
31095,1364,66,0
31096,1364,1295,0
31097,1364,1281,0
31098,1364,599,0
31099,1364,5,0
31100,1364,203,0
31101,1364,1131,0
31102,1364,590,0
31103,1364,1156,0
31104,1364,1401,0
31105,1364,419,0
31106,1364,1040,0
31107,1364,430,0
31108,1364,583,0
31109,1364,483,0
31110,1364,408,0
31111,1364,1080,0
31112,1364,789,0
31113,1364,60,0
31114,1364,376,0
31115,1364,1269,0
31116,1364,658,0
31117,1364,1166,0
31118,1364,1202,0
31119,1364,202,0
31120,1364,269,0
31121,1364,164,0
31122,1364,436,0
31123,1364,1013,0
31124,1364,308,0
31125,1364,1143,0
31126,1364,725,0
31127,1364,647,0
31128,1364,18,0
31129,1364,339,0
31130,1364,1386,0
31131,1364,215,0
31132,1364,1225,0
31133,1364,1393,0
31134,1364,1006,0
31135,1364,645,0
31136,1364,383,0
31137,1364,253,0
31138,1364,1293,0
31139,1364,544,0
31140,1364,143,0
31141,1364,423,0
31142,1364,130,0
31143,1364,529,0
31144,1364,459,0
31145,1364,601,0
31146,1364,415,0
31147,1364,874,0
31148,1364,178,0
31149,1364,1050,0
31150,1364,421,0
31151,1364,254,0
31152,1364,566,0
31153,1364,291,0
31154,1364,1195,0
31155,1364,11,0
31156,1364,1163,0
31157,1364,1323,0
31158,1364,1305,0
31159,1364,585,0
31160,1364,349,0
31161,1364,189,0
31162,1364,893,0
31163,1364,1382,0
31164,1364,1355,0
31165,1364,1106,0
31166,1364,285,0
31167,1364,181,0
31168,1364,55,0
31169,1364,1056,0
31170,1364,561,0
31171,1364,1134,0
31172,1364,1332,0
31173,1364,394,0
31174,1364,1001,0
31175,1364,1186,0
31176,1364,252,0
31177,1364,454,0
31178,1364,729,0
31179,1364,293,0
31180,1364,969,0
31181,1364,636,0
31182,1364,898,0
31183,1364,935,0
31184,1364,1113,0
31185,1364,1077,0
31186,1364,161,0
31187,1364,187,0
31188,1364,431,0
31189,1364,444,0
31190,1364,97,0
31191,1364,902,0
31192,1364,697,0
31193,1364,911,0
31194,1364,356,0
31195,1364,485,0
31196,1364,190,0
31197,1364,208,0
31198,1364,105,0
31199,1364,471,0
31200,1364,1275,0
31201,1364,1234,0
31202,1364,1034,0
31203,1364,934,0
31204,1364,443,0
31205,1364,1003,0
31206,1364,1109,0
31207,1364,1395,0
31208,1364,1228,0
31209,1364,389,0
31210,1364,956,0
31211,1364,626,0
31212,1364,85,0
31213,1364,859,0
31214,1364,414,0
31215,1364,1298,0
31216,1364,656,0
31217,1364,720,0
31218,1364,1176,0
31219,1364,826,0
31220,1364,1358,0
31221,1364,370,0
31222,1364,1403,0
31223,1364,890,0
31224,1364,610,0
31225,1364,996,0
31226,1364,717,0
31227,1364,853,0
31228,1364,1067,0
31229,1364,295,0
31230,1364,1104,0
31231,1364,1110,0
31232,1364,366,0
31233,1364,1302,0
31234,1364,1066,0
31235,1364,1065,0
31236,1364,511,0
31237,1364,1240,0
31238,1364,33,0
31239,1364,433,0
31240,1364,1122,0
31241,1364,63,0
31242,1364,1286,0
31243,1364,142,0
31244,1364,154,0
31245,1364,167,0
31246,1364,1362,0
31247,1364,69,0
31248,1364,749,0
31249,1364,487,0
31250,1364,509,0
31251,1364,794,0
31252,1364,1130,0
31253,1364,1394,0
31254,1364,606,0
31255,1364,545,0
31256,1364,875,0
31257,1364,877,0
31258,1364,163,0
31259,1364,960,0
31260,1364,94,0
31261,1364,993,0
31262,1364,1288,0
31263,1364,261,0
31264,1364,512,0
31265,1364,612,0
31266,1364,147,0
31267,1364,1372,0
31268,1364,861,0
31269,1364,50,0
31270,1364,1248,0
31271,1364,401,0
31272,1364,732,0
31273,1364,1360,0
31274,1364,940,0
31275,1364,856,0
31276,1364,615,0
31277,1364,156,0
31278,1364,378,0
31279,1364,997,0
31280,1364,840,0
31281,1364,405,0
31282,1364,1027,0
31283,1364,13,0
31284,1364,1039,0
31285,1364,1064,0
31286,1364,671,0
31287,1364,905,0
31288,1364,986,0
31289,1364,77,0
31290,1364,900,0
31291,1364,604,0
31292,1364,1330,0
31293,1364,1171,0
31294,1364,464,0
31295,1364,936,0
31296,1364,698,0
31297,1364,1095,0
31298,1364,1096,0
31299,1364,281,0
31300,1364,524,0
31301,1364,1226,0
31302,1364,393,0
31303,1364,1119,0
31304,1364,999,0
31305,1364,196,0
31306,1364,1249,0
31307,1364,276,0
31308,1364,941,0
31309,1364,791,0
31310,1364,1271,0
31311,1364,968,0
31312,1364,1097,0
31313,1364,922,0
31314,1364,268,0
31315,1364,1223,0
31316,1364,1105,0
31317,1364,533,0
31318,1364,1094,0
31319,1364,1406,0
31320,1364,1169,0
31321,1364,264,0
31322,1364,270,0
31323,1364,1292,0
31324,1364,1242,0
31325,1364,653,0
31326,1364,754,0
31327,1364,30,0
31328,1364,34,0
31329,1364,1185,0
31330,1364,845,0
31331,1364,694,0
31332,1364,321,0
31333,1364,262,0
31334,1364,792,0
31335,1364,1147,0
31336,1364,1256,0
31337,1364,1083,0
31338,1364,810,0
31339,1364,1010,0
31340,1364,165,0
31341,1364,787,0
31342,1364,796,0
31343,1364,904,0
31344,1364,1014,0
31345,1364,689,0
31346,1364,1317,0
31347,1364,442,0
31348,1364,120,0
31349,1364,307,0
31350,1364,939,0
31351,1364,666,0
31352,1364,667,0
31353,1364,399,0
31354,1364,870,0
31355,1364,1184,0
31356,1364,908,0
31357,1364,557,0
31358,1364,0,0
31359,1364,282,0
31360,1364,1115,0
31361,1364,397,0
31362,1364,490,0
31363,1364,714,0
31364,1364,1199,0
31365,1364,523,0
31366,1364,1356,0
31367,1364,727,0
31368,1364,542,0
31369,1364,99,0
31370,1364,1407,0
31371,1364,458,0
31372,1364,1114,0
31373,1364,404,0
31374,1364,1135,0
31375,1364,628,0
31376,1364,786,0
31377,1364,1310,0
31378,1364,1328,0
31379,1364,1247,0
31380,1364,1347,0
31381,1364,862,0
31382,1364,948,0
31383,1364,783,0
31384,1364,23,0
31385,1364,445,0
31386,1364,1273,0
31387,1364,722,0
31388,1364,551,0
31389,1364,937,0
31390,1364,65,0
31391,1364,942,0
31392,1364,1239,0
31393,1364,855,0
31394,1364,1290,0
31395,1364,332,0
31396,1364,1009,0
31397,1364,162,0
31398,1364,1337,0
31399,1364,608,0
31400,1364,693,0
31401,1364,793,0
31402,1364,320,0
31403,1364,842,0
31404,1364,699,0
31405,1364,916,0
31406,1364,217,0
31407,1364,641,0
31408,1364,56,0
31409,1364,702,0
31410,1364,779,0
31411,1364,1378,0
31412,1364,944,0
31413,1364,761,0
31414,1364,799,0
31415,1364,1140,0
31416,1364,589,0
31417,1364,1380,0
31418,1364,440,0
31419,1364,801,0
31420,1364,67,0
31421,1364,972,0
31422,1364,899,0
31423,1364,41,0
31424,1364,108,0
31425,1364,1253,0
31426,1364,473,0
31427,1364,1326,0
31428,1364,1099,0
31429,1364,184,0
31430,1364,632,0
31431,1364,930,0
31432,1364,825,0
31433,1364,28,0
31434,1364,811,0
31435,1364,822,0
31436,1364,260,0
31437,1364,316,0
31438,1364,40,0
31439,1371,324,0
31440,1371,415,0
31441,1371,1272,0
31442,1371,81,0
31443,1371,695,0
31444,1371,286,0
31445,1371,518,0
31446,1371,1060,0
31447,1371,1162,0
31448,1371,1241,0
31449,1371,971,0
31450,1371,677,0
31451,1371,413,0
31452,1371,1362,0
31453,1371,1218,0
31454,1371,276,0
31455,1371,490,0
31456,1371,186,0
31457,1371,541,0
31458,1371,1034,0
31459,1371,1179,0
31460,1371,4,0
31461,1371,1204,0
31462,1371,207,0
31463,1371,511,0
31464,1371,513,0
31465,1371,698,0
31466,1371,1144,0
31467,1371,964,0
31468,1371,690,0
31469,1371,1105,0
31470,1371,523,0
31471,1371,646,0
31472,1371,1038,0
31473,1371,940,0
31474,1371,761,0
31475,1371,984,0
31476,1371,1100,0
31477,1371,344,0
31478,1371,129,0
31479,1371,892,0
31480,1371,1164,0
31481,1371,854,0
31482,1371,1375,0
31483,1371,1185,0
31484,1371,666,0
31485,1371,44,0
31486,1371,353,0
31487,1371,959,0
31488,1371,416,0
31489,1371,1351,0
31490,1371,312,0
31491,1371,154,0
31492,1371,315,0
31493,1371,830,0
31494,1371,632,0
31495,1371,1323,0
31496,1371,846,0
31497,1371,464,0
31498,1371,238,0
31499,1371,294,0
31500,1371,1255,0
31501,1371,545,0
31502,1371,653,0
31503,1371,148,0
31504,1371,74,0
31505,1371,631,0
31506,1371,1128,0
31507,1371,71,0
31508,1371,1332,0
31509,1371,199,0
31510,1371,1217,0
31511,1371,481,0
31512,1371,359,0
31513,1371,177,0
31514,1371,699,0
31515,1371,981,0
31516,1371,746,0
31517,1371,647,0
31518,1371,432,0
31519,1371,588,0
31520,1371,87,0
31521,1371,495,0
31522,1371,992,0
31523,1371,395,0
31524,1371,671,0
31525,1371,790,0
31526,1371,189,0
31527,1371,996,0
31528,1371,1161,0
31529,1371,287,0
31530,1371,55,0
31531,1371,99,0
31532,1371,219,0
31533,1371,1022,0
31534,1371,715,0
31535,1371,1306,0
31536,1371,837,0
31537,1371,895,0
31538,1371,1307,0
31539,1371,840,0
31540,1371,347,0
31541,1371,430,0
31542,1371,803,0
31543,1371,198,0
31544,1371,399,0
31545,1371,325,0
31546,1371,233,0
31547,1371,1104,0
31548,1371,1083,0
31549,1371,1191,0
31550,1371,753,0
31551,1371,1076,0
31552,1371,61,0
31553,1371,877,0
31554,1371,204,0
31555,1371,1262,0
31556,1371,1344,0
31557,1371,8,0
31558,1371,809,0
31559,1371,205,0
31560,1371,532,0
31561,1371,1391,0
31562,1371,1194,0
31563,1371,383,0
31564,1371,661,0
31565,1371,41,0
31566,1371,1093,0
31567,1371,1340,0
31568,1371,280,0
31569,1371,6,0
31570,1371,1046,0
31571,1371,1370,0
31572,1371,969,0
31573,1371,825,0
31574,1371,1258,0
31575,1371,1003,0
31576,1371,119,0
31577,1371,1273,0
31578,1371,336,0
31579,1371,821,0
31580,1371,835,0
31581,1371,227,0
31582,1371,717,0
31583,1371,417,0
31584,1371,1025,0
31585,1371,1214,0
31586,1371,850,0
31587,1371,486,0
31588,1371,447,0
31589,1371,704,0
31590,1371,261,0
31591,1371,429,0
31592,1371,494,0
31593,1371,11,0
31594,1371,451,0
31595,1371,50,0
31596,1371,28,0
31597,1371,442,0
31598,1371,404,0
31599,1371,1211,0
31600,1371,213,0
31601,1371,888,0
31602,1371,844,0
31603,1371,200,0
31604,1371,966,0
31605,1371,727,0
31606,1371,106,0
31607,1371,986,0
31608,1371,702,0
31609,1371,1020,0
31610,1371,1018,0
31611,1371,1395,0
31612,1371,758,0
31613,1371,682,0
31614,1371,987,0
31615,1371,108,0
31616,1371,145,0
31617,1371,418,0
31618,1371,498,0
31619,1371,132,0
31620,1371,73,0
31621,1371,385,0
31622,1371,220,0
31623,1371,557,0
31624,1371,763,0
31625,1371,673,0
31626,1371,858,0
31627,1371,988,0
31628,1371,174,0
31629,1371,663,0
31630,1371,126,0
31631,1371,1181,0
31632,1371,256,0
31633,1371,1010,0
31634,1371,36,0
31635,1371,512,0
31636,1371,331,0
31637,1371,1377,0
31638,1371,694,0
31639,1371,265,0
31640,1371,558,0
31641,1371,974,0
31642,1371,458,0
31643,1371,847,0
31644,1371,927,0
31645,1371,1244,0
31646,1371,1338,0
31647,1371,747,0
31648,1371,466,0
31649,1371,1017,0
31650,1371,740,0
31651,1371,499,0
31652,1371,1368,0
31653,1371,955,0
31654,1371,408,0
31655,1371,15,0
31656,1371,1321,0
31657,1371,744,0
31658,1371,928,0
31659,1371,826,0
31660,1371,1110,0
31661,1371,878,0
31662,1371,392,0
31663,1371,1199,0
31664,1371,212,0
31665,1371,248,0
31666,1371,838,0
31667,1371,904,0
31668,1371,222,0
31669,1371,97,0
31670,1371,836,0
31671,1371,751,0
31672,1371,995,0
31673,1371,249,0
31674,1371,420,0
31675,1371,768,0
31676,1371,168,0
31677,1371,1011,0
31678,1371,508,0
31679,1371,290,0
31680,1371,465,0
31681,1371,1267,0
31682,1371,1042,0
31683,1371,827,0
31684,1371,782,0
31685,1371,1393,0
31686,1371,618,0
31687,1371,142,0
31688,1371,1238,0
31689,1371,1178,0
31690,1371,805,0
31691,1371,483,0
31692,1371,1072,0
31693,1371,94,0
31694,1371,43,0
31695,1371,165,0
31696,1371,978,0
31697,1371,1227,0
31698,1371,1081,0
31699,1371,1284,0
31700,1371,965,0
31701,1371,925,0
31702,1371,127,0
31703,1371,469,0
31704,1371,593,0
31705,1371,658,0
31706,1371,66,0
31707,1371,1364,0
31708,1371,215,0
31709,1371,262,0
31710,1371,547,0
31711,1371,918,0
31712,1371,1012,0
31713,1371,1384,0
31714,1371,1392,0
31715,1371,807,0
31716,1371,1382,0
31717,1371,332,0
31718,1371,913,0
31719,1371,902,0
31720,1371,1408,0
31721,1371,692,0
31722,1371,1247,0
31723,1371,787,0
31724,1371,697,0
31725,1371,75,0
31726,1371,170,0
31727,1371,1095,0
31728,1371,672,0
31729,1371,949,0
31730,1371,605,0
31731,1371,729,0
31732,1371,853,0
31733,1371,726,0
31734,1371,1158,0
31735,1371,1043,0
31736,1371,952,0
31737,1371,461,0
31738,1371,1299,0
31739,1371,516,0
31740,1371,500,0
31741,1371,195,0
31742,1371,615,0
31743,1371,53,0
31744,1371,1145,0
31745,1371,49,0
31746,1371,1089,0
31747,1371,361,0
31748,1371,1041,0
31749,1371,472,0
31750,1371,468,0
31751,1371,166,0
31752,1371,42,0
31753,1371,852,0
31754,1371,732,0
31755,1371,398,0
31756,1371,296,0
31757,1371,994,0
31758,1371,320,0
31759,1371,1372,0
31760,1371,617,0
31761,1371,993,0
31762,1371,1007,0
31763,1371,1186,0
31764,1371,1113,0
31765,1371,268,0
31766,1371,810,0
31767,1371,1028,0
31768,1371,118,0
31769,1371,1119,0
31770,1371,551,0
31771,1371,785,0
31772,1371,780,0
31773,1371,866,0
31774,1371,828,0
31775,1371,1096,0
31776,1371,1312,0
31777,1371,679,0
31778,1371,117,0
31779,1371,1259,0
31780,1371,522,0
31781,1371,1135,0
31782,1371,263,0
31783,1371,124,0
31784,1371,307,0
31785,1371,636,0
31786,1371,860,0
31787,1371,1246,0
31788,1371,938,0
31789,1371,1172,0
31790,1371,446,0
31791,1371,1363,0
31792,1371,1249,0
31793,1371,629,0
31794,1371,630,0
31795,1371,449,0
31796,1371,113,0
31797,1371,1190,0
31798,1371,711,0
31799,1371,935,0
31800,1371,1152,0
31801,1371,1315,0
31802,1371,865,0
31803,1371,624,0
31804,1371,188,0
31805,1371,1201,0
31806,1371,600,0
31807,1371,912,0
31808,1371,738,0
31809,1371,730,0
31810,1371,64,0
31811,1371,592,0
31812,1371,444,0
31813,1371,910,0
31814,1371,573,0
31815,1371,78,0
31816,1371,1296,0
31817,1371,553,0
31818,1371,687,0
31819,1371,474,0
31820,1371,1302,0
31821,1371,1026,0
31822,1371,856,0
31823,1371,341,0
31824,1371,749,0
31825,1371,349,0
31826,1371,1268,0
31827,1371,201,0
31828,1371,1040,0
31829,1371,822,0
31830,1371,214,0
31831,1371,479,0
31832,1371,1347,0
31833,1371,252,0
31834,1371,961,0
31835,1371,1045,0
31836,1371,923,0
31837,1371,533,0
31838,1371,839,0
31839,1371,242,0
31840,1371,675,0
31841,1371,20,0
31842,1371,1209,0
31843,1371,1300,0
31844,1371,333,0
31845,1371,1004,0
31846,1371,304,0
31847,1371,947,0
31848,1371,930,0
31849,1371,627,0
31850,1371,1265,0
31851,1371,859,0
31852,1371,85,0
31853,1371,1402,0
31854,1371,103,0
31855,1371,941,0
31856,1371,796,0
31857,1371,172,0
31858,1371,1048,0
31859,1371,567,0
31860,1371,1132,0
31861,1371,2,0
31862,1371,202,0
31863,1371,1176,0
31864,1371,645,0
31865,1371,1137,0
31866,1371,1226,0
31867,1371,917,0
31868,1371,767,0
31869,1371,1166,0
31870,1371,560,0
31871,1371,814,0
31872,1371,922,0
31873,1371,111,0
31874,1371,158,0
31875,1371,434,0
31876,1371,423,0
31877,1371,318,0
31878,1371,942,0
31879,1371,380,0
31880,1371,1369,0
31881,1371,1123,0
31882,1371,1054,0
31883,1371,1035,0
31884,1371,540,0
31885,1371,62,0
31886,1371,1062,0
31887,1371,521,0
31888,1371,921,0
31889,1371,56,0
31890,1371,590,0
31891,1371,1116,0
31892,1371,384,0
31893,1371,1385,0
31894,1371,601,0
31895,1371,1168,0
31896,1371,1252,0
31897,1371,1198,0
31898,1371,979,0
31899,1371,1058,0
31900,1371,800,0
31901,1371,1044,0
31902,1371,873,0
31903,1371,643,0
31904,1371,366,0
31905,1371,848,0
31906,1371,509,0
31907,1371,284,0
31908,1371,88,0
31909,1371,1203,0
31910,1371,169,0
31911,1371,874,0
31912,1371,419,0
31913,1371,1206,0
31914,1371,239,0
31915,1371,52,0
31916,1371,1288,0
31917,1371,335,0
31918,1371,625,0
31919,1371,1376,0
31920,1371,1177,0
31921,1371,356,0
31922,1371,871,0
31923,1371,24,0
31924,1371,855,0
31925,1371,1000,0
31926,1371,1150,0
31927,1371,628,0
31928,1371,709,0
31929,1371,1,0
31930,1371,1271,0
31931,1371,651,0
31932,1371,411,0
31933,1371,1153,0
31934,1371,775,0
31935,1371,460,0
31936,1371,1039,0
31937,1371,655,0
31938,1371,972,0
31939,1371,561,0
31940,1371,944,0
31941,1371,931,0
31942,1371,295,0
31943,1371,668,0
31944,1371,565,0
31945,1371,259,0
31946,1371,1341,0
31947,1371,253,0
31948,1371,703,0
31949,1371,298,0
31950,1371,1125,0
31951,1371,506,0
31952,1371,1320,0
31953,1371,1401,0
31954,1371,635,0
31955,1371,1156,0
31956,1371,1055,0
31957,1371,1196,0
31958,1371,1169,0
31959,1371,283,0
31960,1371,1317,0
31961,1371,1398,0
31962,1371,1253,0
31963,1371,621,0
31964,1371,1092,0
31965,1371,428,0
31966,1371,544,0
31967,1371,453,0
31968,1371,282,0
31969,1371,816,0
31970,1371,1124,0
31971,1371,868,0
31972,1371,783,0
31973,1371,700,0
31974,1371,351,0
31975,1371,299,0
31976,1371,225,0
31977,1371,1224,0
31978,1371,585,0
31979,1371,241,0
31980,1371,1343,0
31981,1371,1180,0
31982,1371,235,0
31983,1371,609,0
31984,1371,236,0
31985,1371,1167,0
31986,1371,1254,0
31987,1371,1275,0
31988,1371,773,0
31989,1371,603,0
31990,1371,313,0
31991,1371,1118,0
31992,1371,619,0
31993,1371,559,0
31994,1371,823,0
31995,1371,232,0
31996,1371,255,0
31997,1371,266,0
31998,1371,445,0
31999,1371,1126,0
32000,1371,611,0
32001,1371,1140,0
32002,1371,870,0
32003,1371,957,0
32004,1371,1103,0
32005,1371,372,0
32006,1371,1361,0
32007,1371,1251,0
32008,1371,681,0
32009,1371,221,0
32010,1371,308,0
32011,1371,1404,0
32012,1371,1311,0
32013,1371,1396,0
32014,1371,932,0
32015,1371,1151,0
32016,1371,670,0
32017,1371,505,0
32018,1371,1360,0
32019,1371,450,0
32020,1371,980,0
32021,1371,1056,0
32022,1371,140,0
32023,1371,489,0
32024,1371,1002,0
32025,1371,991,0
32026,1371,375,0
32027,1371,502,0
32028,1371,309,0
32029,1371,139,0
32030,1371,29,0
32031,1371,1024,0
32032,1371,637,0
32033,1371,1325,0
32034,1371,1388,0
32035,1371,843,0
32036,1371,531,0
32037,1371,734,0
32038,1371,999,0
32039,1371,879,0
32040,1371,190,0
32041,1371,436,0
32042,1371,1021,0
32043,1371,1237,0
32044,1371,736,0
32045,1371,433,0
32046,1371,802,0
32047,1371,1147,0
32048,1371,612,0
32049,1371,173,0
32050,1371,135,0
32051,1371,305,0
32052,1371,288,0
32053,1371,47,0
32054,1371,580,0
32055,1371,54,0
32056,1371,948,0
32057,1371,722,0
32058,1371,905,0
32059,1371,130,0
32060,1371,737,0
32061,1371,363,0
32062,1371,953,0
32063,1371,1228,0
