,TF,Target,Label
0,987,968,0
1,121,546,1
2,828,514,1
3,1085,125,0
4,909,178,1
5,909,740,1
6,978,222,1
7,921,435,1
8,943,27,0
9,337,444,0
10,48,1086,0
11,474,777,0
12,277,1104,0
13,471,267,1
14,605,99,1
15,441,160,0
16,785,12,1
17,620,561,0
18,96,564,0
19,448,92,0
20,71,703,1
21,479,426,1
22,188,20,0
23,384,95,1
24,89,696,0
25,61,579,0
26,12,1048,1
27,421,594,1
28,367,401,0
29,99,605,1
30,102,546,1
31,882,883,0
32,194,597,0
33,1106,415,1
34,742,204,0
35,1092,1052,1
36,1024,811,0
37,936,96,1
38,1111,250,1
39,1088,608,0
40,498,650,1
41,37,145,0
42,228,59,1
43,382,952,0
44,774,902,0
45,182,772,0
46,535,514,0
47,1115,88,1
48,1110,568,0
49,297,699,1
50,579,384,1
51,781,1103,1
52,732,546,1
53,471,91,1
54,704,115,0
55,1033,684,0
56,16,141,0
57,150,858,1
58,861,342,1
59,579,1115,1
60,436,968,0
61,980,333,0
62,909,1072,1
63,212,336,0
64,112,483,1
65,1092,733,1
66,296,800,0
67,690,558,1
68,629,129,0
69,151,515,1
70,1063,494,1
71,495,212,0
72,970,210,0
73,384,673,1
74,246,582,1
75,607,629,1
76,414,620,1
77,282,59,1
78,819,682,0
79,124,761,1
80,237,875,0
81,595,16,0
82,37,243,0
83,1038,408,1
84,921,838,0
85,874,497,0
86,188,931,0
87,450,81,1
88,80,670,1
89,377,746,1
90,106,800,1
91,778,888,0
92,567,426,1
93,446,602,0
94,661,384,1
95,909,602,1
96,151,815,1
97,552,728,1
98,343,279,1
99,47,733,0
100,349,425,0
101,106,1056,1
102,534,247,0
103,909,225,1
104,843,1114,0
105,1094,343,0
106,1063,585,1
107,6,564,0
108,672,99,0
109,79,431,0
110,1088,912,0
111,655,441,1
112,769,859,1
113,1052,417,0
114,965,72,0
115,250,436,0
116,532,321,0
117,1106,591,1
118,1080,292,1
119,828,544,1
120,1089,1041,0
121,206,105,1
122,348,565,0
123,454,428,0
124,275,189,0
125,377,617,1
126,909,891,1
127,231,254,1
128,289,511,0
129,602,7,0
130,316,792,0
131,613,305,0
132,507,177,0
133,200,554,1
134,1106,546,1
135,340,781,1
136,569,208,0
137,106,582,1
138,543,651,0
139,1092,297,1
140,751,1015,1
141,526,1068,0
142,899,28,0
143,421,483,1
144,416,844,0
145,148,1018,0
146,1009,515,0
147,165,732,1
148,1006,435,1
149,348,638,0
150,106,356,1
151,1063,714,1
152,629,198,1
153,828,280,1
154,389,551,0
155,61,204,1
156,983,560,1
157,621,626,0
158,1080,669,1
159,222,440,1
160,1100,30,1
161,191,187,1
162,618,101,0
163,564,304,0
164,71,898,0
165,685,785,0
166,828,999,1
167,243,59,1
168,895,397,0
169,1092,933,1
170,1107,230,0
171,348,786,0
172,909,300,0
173,889,599,1
174,1038,242,1
175,992,712,0
176,282,847,1
177,1028,124,0
178,297,441,1
179,732,107,1
180,1050,28,1
181,414,537,0
182,843,111,0
183,21,65,0
184,559,762,0
185,982,539,1
186,337,278,1
187,222,309,1
188,21,747,0
189,275,506,0
190,500,361,0
191,781,889,1
192,828,323,1
193,109,602,0
194,242,898,0
195,173,781,1
196,605,89,0
197,183,710,0
198,682,641,1
199,961,525,0
200,1012,471,0
201,151,760,1
202,802,631,0
203,629,840,1
204,190,231,1
205,122,188,0
206,578,71,0
207,78,348,0
208,944,41,0
209,840,81,1
210,556,912,1
211,732,838,1
212,727,537,1
213,222,102,1
214,977,719,0
215,1011,742,0
216,843,868,0
217,660,362,0
218,1014,1006,1
219,1111,847,1
220,31,959,1
221,329,676,0
222,106,1052,1
223,866,602,0
224,151,799,1
225,1111,939,1
226,95,188,0
227,443,1091,1
228,415,191,1
229,415,61,0
230,1010,1086,1
231,271,456,0
232,426,484,1
233,411,117,0
234,780,785,1
235,278,406,0
236,1092,417,1
237,1004,1083,0
238,309,357,1
239,1098,641,0
240,700,854,1
241,613,669,0
242,1025,443,0
243,388,1078,0
244,937,246,1
245,817,382,1
246,895,1030,0
247,642,740,0
248,356,828,1
249,737,492,0
250,1080,1017,1
251,726,767,0
252,998,1056,0
253,717,44,0
254,742,16,1
255,974,624,0
256,909,978,1
257,19,40,1
258,653,59,1
259,748,342,0
260,282,617,1
261,833,845,0
262,1038,567,1
263,1080,497,1
264,40,861,0
265,490,681,1
266,1041,857,0
267,99,21,1
268,189,425,0
269,324,121,0
270,670,286,0
271,5,112,1
272,740,804,0
273,323,781,1
274,821,1007,1
275,642,367,1
276,423,824,1
277,376,1106,1
278,917,416,0
279,432,182,0
280,177,12,1
281,1080,891,1
282,939,612,0
283,222,776,1
284,431,444,0
285,1091,793,0
286,72,10,0
287,485,368,0
288,646,435,1
289,1031,456,1
290,909,859,1
291,360,965,0
292,100,432,1
293,421,629,0
294,520,937,0
295,951,453,0
296,996,780,0
297,781,173,1
298,568,361,0
299,443,876,0
300,1038,548,1
301,737,634,0
302,486,921,1
303,164,185,0
304,300,1089,0
305,1064,67,0
306,1101,244,1
307,1080,60,1
308,426,990,1
309,498,895,1
310,909,314,1
311,449,1057,0
312,124,663,0
313,1115,1112,0
314,1106,1010,1
315,846,1033,0
316,533,811,0
317,151,821,1
318,490,499,0
319,729,337,1
320,995,73,0
321,444,967,0
322,540,422,0
323,479,389,0
324,1015,356,0
325,124,667,0
326,722,514,1
327,1078,987,0
328,732,704,1
329,781,983,1
330,401,123,0
331,72,149,0
332,91,753,1
333,551,902,0
334,909,371,1
335,684,453,0
336,591,1042,0
337,83,512,0
338,1030,1011,0
339,1092,1101,1
340,91,894,1
341,182,113,0
342,96,829,0
343,550,498,1
344,497,1095,0
345,909,948,1
346,917,1078,1
347,283,53,0
348,80,401,1
349,605,180,0
350,82,72,1
351,1080,764,1
352,106,1092,0
353,841,1080,1
354,306,987,0
355,278,524,0
356,700,415,1
357,104,1103,0
358,198,448,1
359,669,439,1
360,498,797,0
361,384,170,0
362,673,817,1
363,991,170,0
364,514,457,0
365,791,119,0
366,401,97,1
367,604,4,0
368,764,335,1
369,75,1027,0
370,672,498,0
371,526,198,0
372,206,148,1
373,690,940,0
374,1080,824,1
375,79,884,0
376,159,1050,1
377,642,695,1
378,161,201,0
379,81,753,1
380,540,518,0
381,781,509,1
382,59,243,1
383,841,435,1
384,900,83,0
385,498,456,1
386,634,116,1
387,58,924,0
388,204,189,1
389,19,650,1
390,411,1104,0
391,452,732,1
392,1089,755,0
393,506,885,0
394,204,355,0
395,666,410,0
396,1114,490,1
397,66,518,0
398,1034,294,0
399,257,225,0
400,1063,695,1
401,764,594,1
402,511,1051,0
403,822,1114,0
404,392,865,0
405,515,905,0
406,104,810,1
407,703,1024,1
408,289,9,0
409,1086,1107,0
410,403,1038,1
411,1107,432,0
412,450,712,1
413,471,417,1
414,8,837,0
415,791,780,1
416,151,830,1
417,1111,937,1
418,682,112,1
419,953,270,0
420,79,393,0
421,100,25,1
422,759,514,1
423,1025,106,0
424,893,810,0
425,426,1106,1
426,969,697,1
427,435,496,0
428,634,258,1
429,40,436,1
430,609,168,0
431,35,841,1
432,581,72,0
433,566,149,0
434,124,706,1
435,431,1020,0
436,657,1034,0
437,188,977,0
438,450,1085,0
439,1063,339,1
440,602,479,1
441,559,3,0
442,91,518,0
443,236,29,0
444,104,128,1
445,988,1045,0
446,821,359,1
447,669,546,1
448,848,685,0
449,80,556,1
450,443,852,1
451,618,591,0
452,425,556,1
453,805,935,0
454,356,1048,1
455,1036,118,0
456,909,1004,0
457,74,732,1
458,28,229,0
459,1100,626,1
460,641,309,1
461,486,402,1
462,1006,561,1
463,100,943,0
464,764,33,1
465,389,978,1
466,1027,80,1
467,352,420,0
468,372,753,1
469,661,817,1
470,955,588,0
471,442,906,0
472,371,1006,0
473,857,45,0
474,559,748,0
475,841,704,1
476,623,446,0
477,909,173,1
478,618,5,0
479,55,309,0
480,806,1010,1
481,694,299,1
482,1102,685,0
483,778,1095,0
484,684,70,1
485,534,436,0
486,148,1069,0
487,558,743,0
488,257,926,0
489,1025,565,0
490,218,187,1
491,545,451,0
492,982,567,0
493,426,912,1
494,161,639,0
495,568,482,0
496,828,889,1
497,231,983,0
498,1115,455,1
499,1064,934,0
500,91,1074,0
501,1080,731,1
502,669,222,1
503,434,975,0
504,1114,926,1
505,1112,427,0
506,105,481,0
507,627,843,1
508,441,857,0
509,957,991,1
510,578,672,0
511,1004,546,1
512,1085,386,0
513,909,992,1
514,944,474,0
515,246,505,0
516,443,275,1
517,12,785,1
518,611,704,0
519,264,618,1
520,937,703,0
521,263,239,0
522,703,1114,1
523,929,85,0
524,500,292,0
525,514,1092,1
526,445,780,1
527,452,1005,0
528,1089,563,1
529,441,824,1
530,403,289,1
531,95,1092,1
532,666,846,1
533,271,99,0
534,250,215,1
535,182,11,0
536,450,736,1
537,408,310,0
538,1052,927,0
539,617,847,1
540,166,474,0
541,289,1064,1
542,914,134,0
543,732,253,1
544,373,1018,0
545,297,617,1
546,495,652,0
547,610,1018,1
548,88,1064,0
549,744,853,0
550,917,1050,1
551,297,415,1
552,556,1100,1
553,1038,1098,1
554,970,538,0
555,665,339,0
556,445,100,1
557,698,381,0
558,526,840,0
559,121,889,1
560,949,397,1
561,846,760,1
562,781,896,1
563,491,1092,0
564,585,1082,0
565,935,704,1
566,1080,195,1
567,742,546,1
568,104,634,1
569,342,615,1
570,450,681,1
571,732,452,1
572,951,178,0
573,1034,843,1
574,222,82,1
575,407,600,0
576,22,37,0
577,777,643,0
578,574,791,1
579,343,599,0
580,409,260,1
581,339,828,1
582,35,919,0
583,858,282,1
584,228,416,0
585,690,964,0
586,634,449,1
587,435,546,1
588,483,781,1
589,1112,425,0
590,806,769,1
591,1115,270,1
592,88,736,0
593,196,894,0
594,206,422,0
595,669,1049,0
596,467,767,0
597,74,602,1
598,966,707,0
599,1004,113,0
600,443,286,1
601,12,1108,1
602,218,841,1
603,25,1011,0
604,1080,197,1
605,580,719,0
606,450,1036,1
607,222,384,1
608,1080,710,1
609,80,64,1
610,425,502,1
611,250,428,1
612,489,371,0
613,978,133,0
614,28,381,0
615,329,889,1
616,50,1076,0
617,1106,665,1
618,610,723,0
619,498,729,1
620,828,1046,1
621,1033,413,0
622,1006,371,0
623,842,1038,1
624,74,148,1
625,604,80,0
626,529,62,0
627,791,728,1
628,43,618,0
629,318,1032,0
630,802,1092,1
631,996,447,0
632,126,686,0
633,630,997,0
634,1018,351,0
635,1085,684,1
636,552,70,1
637,25,993,1
638,389,947,0
639,803,59,0
640,1012,131,0
641,767,778,0
642,204,747,0
643,222,484,1
644,435,987,0
645,652,330,0
646,743,791,1
647,403,838,1
648,909,806,0
649,751,447,0
650,514,759,1
651,1054,767,0
652,440,558,1
653,679,117,0
654,781,340,1
655,760,587,0
656,449,791,1
657,1034,380,0
658,1080,769,1
659,1063,115,1
660,847,144,1
661,629,38,0
662,8,483,1
663,177,279,1
664,730,34,0
665,494,943,0
666,206,18,0
667,435,641,1
668,82,939,1
669,80,675,1
670,669,841,1
671,673,896,1
672,937,160,0
673,66,1049,0
674,704,937,1
675,200,297,1
676,697,90,0
677,28,679,1
678,300,42,0
679,841,213,0
680,1011,439,0
681,617,7,0
682,579,186,0
683,431,511,1
684,31,281,1
685,675,239,0
686,470,459,0
687,753,465,1
688,231,710,0
689,278,275,0
690,828,278,1
691,646,641,1
692,535,1085,0
693,1025,990,0
694,578,303,1
695,781,203,1
696,641,72,0
697,1042,631,0
698,552,332,0
699,604,939,0
700,765,1062,0
701,31,35,1
702,961,708,0
703,363,760,0
704,1025,896,0
705,252,88,0
706,222,28,1
707,703,100,1
708,441,59,1
709,9,105,0
710,1080,106,1
711,1114,753,1
712,34,481,0
713,767,170,0
714,421,275,0
715,377,594,1
716,415,817,1
717,753,88,1
718,1089,680,0
719,889,14,0
720,143,356,0
721,909,155,1
722,1066,492,0
723,151,20,1
724,785,133,0
725,334,289,0
726,698,497,0
727,978,889,1
728,846,987,0
729,260,607,1
730,526,578,0
731,682,273,0
732,706,546,1
733,2,836,0
734,160,133,0
735,222,910,1
736,843,445,1
737,242,599,0
738,452,767,0
739,574,1024,0
740,1066,110,0
741,74,342,1
742,629,356,1
743,556,1027,1
744,868,1008,0
745,215,1049,0
746,1036,250,1
747,641,204,0
748,642,518,0
749,454,289,1
750,1009,967,0
751,150,625,1
752,110,188,1
753,222,276,1
754,409,534,1
755,212,745,0
756,1017,686,0
757,49,107,0
758,401,644,1
759,883,1105,0
760,151,578,1
761,100,177,1
762,1092,665,1
763,153,250,1
764,1078,340,1
765,59,74,1
766,238,272,0
767,665,68,0
768,982,71,1
769,74,442,1
770,416,1031,1
771,1106,901,1
772,222,609,1
773,1098,949,0
774,250,384,1
775,819,697,0
776,1054,88,0
777,119,702,0
778,109,523,0
779,522,173,0
780,1080,660,1
781,409,618,0
782,927,1017,0
783,1085,673,1
784,262,1052,0
785,847,91,1
786,188,1031,0
787,727,638,1
788,806,604,1
789,171,12,1
790,969,649,0
791,1106,1092,1
792,899,299,0
793,337,944,1
794,1115,148,0
795,384,766,0
796,279,343,1
797,574,368,0
798,826,701,0
799,1111,12,1
800,446,350,0
801,599,663,1
802,1020,503,0
803,74,126,1
804,299,694,1
805,1014,298,1
806,309,437,0
807,978,498,0
808,945,698,0
809,792,39,0
810,722,1010,1
811,58,1092,1
812,602,42,1
813,634,155,1
814,12,670,1
815,679,28,1
816,89,448,0
817,5,153,0
818,840,260,1
819,458,653,0
820,538,721,0
821,748,208,0
822,790,921,1
823,49,844,0
824,1100,101,1
825,431,605,1
826,746,970,0
827,567,366,0
828,40,1022,0
829,1063,1014,1
830,49,560,1
831,153,483,1
832,545,680,0
833,731,409,0
834,819,620,0
835,699,670,1
836,1080,182,1
837,927,939,0
838,471,781,1
839,377,479,1
840,1025,875,0
841,450,8,1
842,1088,841,0
843,486,635,1
844,613,593,0
845,450,489,1
846,700,372,1
847,222,856,1
848,1063,490,1
849,119,593,0
850,222,1027,1
851,966,955,0
852,774,322,1
853,969,732,1
854,971,331,0
855,883,126,0
856,415,1012,1
857,522,1020,0
858,1045,126,0
859,222,339,1
860,710,364,1
861,164,700,0
862,1114,689,0
863,792,19,1
864,909,975,1
865,106,439,1
866,1004,873,0
867,909,709,1
868,379,1052,1
869,5,567,1
870,242,85,0
871,282,974,1
872,764,352,0
873,692,1005,0
874,449,715,0
875,1080,54,1
876,1041,1107,0
877,694,390,0
878,383,161,0
879,902,383,0
880,535,629,1
881,126,895,0
882,1069,256,0
883,426,732,1
884,732,252,1
885,732,490,1
886,821,13,1
887,474,166,0
888,627,944,1
889,376,594,1
890,1113,955,1
891,1066,1036,0
892,921,790,1
893,909,165,1
894,373,828,1
895,372,1117,0
896,556,690,1
897,398,260,0
898,914,205,0
899,309,699,0
900,55,825,0
901,1027,965,0
902,446,1015,1
903,24,560,0
904,1092,821,1
905,425,929,1
906,443,834,1
907,231,627,1
908,485,1111,1
909,1089,159,0
910,1080,79,1
911,937,44,0
912,311,1092,1
913,104,419,1
914,297,266,1
915,888,875,0
916,2,245,1
917,695,790,0
918,59,470,1
919,450,810,1
920,703,847,1
921,2,867,0
922,781,657,1
923,608,653,1
924,1063,181,1
925,1010,80,1
926,782,42,1
927,498,172,0
928,842,16,0
929,339,781,1
930,384,642,0
931,914,863,0
932,306,277,0
933,70,278,1
934,360,950,0
935,335,267,1
936,634,497,1
937,401,201,1
938,435,1054,0
939,403,325,1
940,498,91,1
941,806,857,0
942,537,933,1
943,732,988,1
944,249,899,1
945,282,779,0
946,426,439,1
947,504,282,1
948,761,455,1
949,1078,579,0
950,398,1092,1
951,443,65,1
952,104,253,1
953,602,21,1
954,296,596,0
955,699,447,0
956,889,781,1
957,623,94,0
958,1080,1018,1
959,463,59,1
960,1114,732,1
961,415,700,1
962,700,1092,1
963,882,1092,1
964,148,412,1
965,641,445,0
966,48,498,1
967,40,173,1
968,431,99,1
969,189,1012,0
970,35,413,0
971,909,1031,1
972,443,640,1
973,454,1047,0
974,522,134,0
975,377,704,1
976,70,791,1
977,728,177,1
978,337,100,1
979,223,808,0
980,173,703,1
981,324,1050,1
982,932,617,1
983,1115,669,1
984,401,270,1
985,441,243,1
986,746,714,0
987,841,1004,1
988,105,661,1
989,666,609,0
990,965,843,1
991,828,510,1
992,602,1054,0
993,1092,379,1
994,264,827,1
995,792,690,1
996,1031,512,0
997,1113,969,1
998,425,183,1
999,1106,937,1
1000,59,1038,1
1001,257,987,0
1002,634,620,0
1003,526,121,0
1004,558,939,1
1005,278,781,1
1006,271,943,0
1007,828,153,1
1008,549,933,1
1009,343,786,0
1010,858,278,0
1011,1013,229,0
1012,83,293,0
1013,463,89,1
1014,1110,22,0
1015,871,96,0
1016,847,293,0
1017,279,552,0
1018,457,757,0
1019,497,1071,0
1020,43,20,0
1021,1010,229,1
1022,817,653,1
1023,552,1100,0
1024,574,100,1
1025,485,805,0
1026,529,838,0
1027,703,557,1
1028,37,753,1
1029,182,850,0
1030,15,1041,1
1031,515,239,0
1032,533,830,0
1033,998,862,0
1034,955,201,0
1035,760,49,0
1036,1110,694,0
1037,748,556,0
1038,711,442,0
1039,323,828,1
1040,515,260,1
1041,289,17,0
1042,785,791,1
1043,634,339,1
1044,909,251,1
1045,868,493,0
1046,670,516,0
1047,99,777,0
1048,579,641,0
1049,528,209,0
1050,1018,771,0
1051,909,97,1
1052,403,168,1
1053,581,249,1
1054,74,490,1
1055,323,524,0
1056,541,1091,0
1057,909,414,1
1058,703,585,1
1059,822,20,0
1060,781,669,1
1061,602,631,1
1062,990,59,1
1063,761,1114,0
1064,618,672,0
1065,605,801,0
1066,783,465,0
1067,417,1052,1
1068,486,610,1
1069,12,1009,1
1070,425,1100,1
1071,48,781,1
1072,733,155,0
1073,363,546,1
1074,953,814,0
1075,443,577,1
1076,688,1056,0
1077,1110,888,0
1078,70,337,1
1079,40,781,1
1080,786,24,0
1081,1091,443,1
1082,666,481,0
1083,58,951,0
1084,6,854,0
1085,1006,889,0
1086,995,151,1
1087,486,704,1
1088,694,631,0
1089,443,355,1
1090,278,110,1
1091,729,627,1
1092,74,1046,1
1093,781,234,1
1094,215,1043,0
1095,1073,677,0
1096,909,72,1
1097,282,428,1
1098,1024,30,1
1099,871,371,1
1100,824,1107,0
1101,250,610,1
1102,732,946,1
1103,694,563,0
1104,909,1044,1
1105,549,391,0
1106,177,231,1
1107,24,1113,0
1108,5,548,1
1109,1092,452,1
1110,550,854,0
1111,411,496,0
1112,1080,935,1
1113,901,555,0
1114,172,241,0
1115,267,1101,0
1116,261,161,0
1117,91,30,1
1118,436,858,1
1119,781,265,1
1120,1085,900,0
1121,264,324,1
1122,1099,1035,0
1123,206,382,1
1124,1100,731,1
1125,730,70,1
1126,443,35,1
1127,377,1106,1
1128,149,1096,0
1129,1101,967,0
1130,82,148,1
1131,28,353,0
1132,363,534,0
1133,893,797,0
1134,811,732,1
1135,191,986,0
1136,523,423,1
1137,146,223,1
1138,1100,869,0
1139,585,735,0
1140,91,250,1
1141,700,1010,0
1142,902,107,1
1143,80,904,0
1144,1100,240,1
1145,1112,12,1
1146,1070,275,0
1147,1033,543,0
1148,975,441,1
1149,264,497,1
1150,257,270,0
1151,43,717,0
1152,1010,64,1
1153,729,370,1
1154,945,433,0
1155,150,420,1
1156,311,490,0
1157,440,58,0
1158,450,749,0
1159,736,103,0
1160,282,189,1
1161,239,659,0
1162,1114,748,0
1163,1036,790,0
1164,665,855,0
1165,1034,841,1
1166,927,64,0
1167,841,415,1
1168,545,988,0
1169,489,123,0
1170,781,595,1
1171,12,585,1
1172,215,926,1
1173,572,668,0
1174,824,65,0
1175,74,290,1
1176,543,386,0
1177,847,741,1
1178,121,810,0
1179,609,979,0
1180,1006,562,0
1181,297,858,1
1182,732,995,1
1183,1092,1083,0
1184,961,1109,0
1185,58,407,0
1186,1080,1082,1
1187,179,456,1
1188,479,173,0
1189,410,50,1
1190,318,817,0
1191,377,464,0
1192,874,222,1
1193,1095,391,0
1194,1095,827,0
1195,994,161,0
1196,764,376,1
1197,143,1065,0
1198,5,556,1
1199,730,811,1
1200,371,42,1
1201,1050,769,0
1202,781,355,1
1203,179,134,0
1204,382,1036,0
1205,1063,73,1
1206,785,728,1
1207,829,348,0
1208,1106,403,1
1209,454,390,0
1210,80,663,1
1211,1063,671,1
1212,889,932,1
1213,803,168,0
1214,522,79,1
1215,250,88,1
1216,141,602,0
1217,945,966,0
1218,887,687,0
1219,729,498,1
1220,1072,500,0
1221,80,479,1
1222,505,1101,1
1223,246,281,0
1224,20,995,1
1225,564,535,0
1226,74,1064,1
1227,238,1093,0
1228,532,630,0
1229,440,304,0
1230,1080,231,1
1231,629,734,1
1232,340,26,0
1233,634,695,1
1234,2,828,1
1235,1115,441,1
1236,318,1073,0
1237,675,601,0
1238,793,645,0
1239,609,984,0
1240,646,577,1
1241,191,435,1
1242,548,958,0
1243,780,100,1
1244,432,824,0
1245,871,758,0
1246,556,929,1
1247,485,1003,0
1248,106,42,1
1249,893,822,0
1250,1101,97,0
1251,102,594,1
1252,599,858,1
1253,878,77,0
1254,262,141,1
1255,954,212,0
1256,755,470,0
1257,425,657,0
1258,732,1018,1
1259,1035,929,0
1260,370,634,1
1261,443,574,1
1262,39,884,0
1263,746,753,1
1264,858,91,1
1265,151,71,1
1266,1094,300,0
1267,260,515,1
1268,370,399,0
1269,443,116,1
1270,1014,118,0
1271,450,508,1
1272,764,536,1
1273,732,230,1
1274,1106,0,1
1275,1080,856,1
1276,782,706,1
1277,1080,741,1
1278,2,1092,1
1279,443,900,1
1280,150,495,1
1281,732,1082,1
1282,1080,107,1
1283,339,685,0
1284,74,847,1
1285,240,65,0
1286,443,134,1
1287,363,84,0
1288,781,316,1
1289,1006,437,0
1290,80,535,1
1291,104,730,1
1292,222,788,1
1293,955,441,1
1294,431,554,1
1295,171,173,0
1296,549,91,1
1297,550,539,0
1298,729,188,1
1299,443,995,0
1300,40,695,1
1301,1101,72,1
1302,955,21,1
1303,486,691,1
1304,1044,719,0
1305,634,800,1
1306,704,341,0
1307,442,222,1
1308,263,113,0
1309,730,726,0
1310,1083,262,0
1311,165,793,0
1312,177,899,1
1313,781,278,1
1314,751,602,1
1315,878,683,0
1316,634,384,1
1317,314,690,0
1318,78,27,0
1319,770,601,0
1320,80,854,1
1321,958,146,0
1322,1063,857,1
1323,491,422,0
1324,401,741,1
1325,151,479,1
1326,384,1028,1
1327,692,1111,1
1328,410,623,1
1329,782,177,0
1330,642,818,0
1331,569,763,0
1332,842,1117,0
1333,975,59,1
1334,957,1097,0
1335,958,17,0
1336,535,832,0
1337,909,113,1
1338,279,728,1
1339,55,959,0
1340,569,438,0
1341,1102,1002,0
1342,652,1044,0
1343,278,791,1
1344,264,315,1
1345,690,769,1
1346,857,105,0
1347,882,14,0
1348,996,50,1
1349,889,1080,1
1350,463,417,1
1351,1036,546,1
1352,1106,896,1
1353,149,82,1
1354,1115,704,1
1355,660,7,0
1356,753,933,1
1357,505,556,1
1358,627,552,1
1359,222,843,1
1360,151,25,0
1361,370,700,0
1362,782,792,0
1363,254,381,0
1364,388,730,0
1365,1063,787,1
1366,568,509,0
1367,106,897,1
1368,953,450,0
1369,410,711,0
1370,261,564,1
1371,348,572,0
1372,698,721,1
1373,153,856,0
1374,151,136,1
1375,1027,518,0
1376,888,721,0
1377,2,399,0
1378,694,197,0
1379,909,216,1
1380,266,55,0
1381,894,531,0
1382,673,42,1
1383,889,1050,1
1384,401,710,1
1385,408,460,0
1386,244,1101,1
1387,732,435,1
1388,309,215,0
1389,558,239,1
1390,593,40,0
1391,957,481,0
1392,1083,723,0
1393,764,227,1
1394,729,107,1
1395,59,998,1
1396,70,728,1
1397,283,98,0
1398,704,910,0
1399,443,465,1
1400,857,479,0
1401,909,303,1
1402,883,549,0
1403,1109,222,1
1404,580,1080,0
1405,282,858,1
1406,150,346,0
1407,727,763,0
1408,183,476,0
1409,178,356,1
1410,842,262,0
1411,899,875,0
1412,377,43,1
1413,753,681,1
1414,604,995,0
1415,141,88,1
1416,694,59,1
1417,634,734,1
1418,425,349,1
1419,8,882,0
1420,955,157,0
1421,483,175,0
1422,921,1080,1
1423,601,58,1
1424,840,591,0
1425,538,805,0
1426,1092,895,1
1427,507,380,0
1428,943,502,0
1429,822,51,0
1430,401,507,1
1431,222,232,1
1432,1111,349,0
1433,549,811,0
1434,909,383,1
1435,66,659,0
1436,239,594,0
1437,710,1024,1
1438,376,112,1
1439,403,88,1
1440,240,998,1
1441,826,545,0
1442,80,450,1
1443,1106,1078,1
1444,1030,422,0
1445,182,261,1
1446,1080,1035,1
1447,10,21,0
1448,426,189,1
1449,661,200,0
1450,151,365,1
1451,435,181,1
1452,495,543,1
1453,844,253,0
1454,846,1071,1
1455,403,155,1
1456,457,221,0
1457,650,59,1
1458,974,781,0
1459,842,817,1
1460,431,691,0
1461,909,1091,1
1462,1042,676,0
1463,564,780,0
1464,511,426,0
1465,246,495,1
1466,448,1106,1
1467,59,1080,1
1468,774,867,0
1469,872,423,0
1470,398,774,0
1471,393,280,0
1472,769,959,1
1473,102,82,1
1474,106,33,1
1475,909,805,1
1476,159,101,0
1477,342,906,0
1478,1080,872,1
1479,878,506,1
1480,574,104,0
1481,49,18,0
1482,197,517,1
1483,80,280,1
1484,1035,819,1
1485,842,309,1
1486,987,63,0
1487,995,724,0
1488,450,1086,1
1489,909,780,1
1490,531,474,0
1491,240,699,0
1492,794,828,0
1493,721,838,0
1494,463,889,1
1495,159,267,0
1496,426,601,1
1497,236,194,0
1498,901,1106,1
1499,109,193,0
1500,760,1052,0
1501,74,635,1
1502,1080,52,1
1503,909,194,0
1504,200,975,0
1505,544,433,0
1506,457,9,0
1507,926,91,1
1508,909,65,1
1509,971,1090,0
1510,1012,307,0
1511,672,123,0
1512,144,428,1
1513,1036,397,0
1514,384,1069,1
1515,547,562,0
1516,610,284,1
1517,455,252,0
1518,681,815,0
1519,993,67,0
1520,240,12,1
1521,1063,63,1
1522,196,671,0
1523,500,1018,0
1524,22,809,0
1525,713,297,0
1526,490,74,1
1527,283,945,1
1528,59,1036,1
1529,528,236,0
1530,841,900,1
1531,900,763,0
1532,549,706,1
1533,697,369,0
1534,828,854,1
1535,1024,59,1
1536,80,215,1
1537,842,385,0
1538,222,441,1
1539,971,546,0
1540,1092,403,1
1541,957,467,0
1542,706,809,1
1543,623,250,0
1544,955,59,1
1545,633,590,0
1546,1070,871,0
1547,222,819,1
1548,486,690,1
1549,1013,717,0
1550,685,965,1
1551,646,297,0
1552,60,965,0
1553,1080,77,1
1554,828,703,1
1555,486,426,1
1556,574,730,1
1557,982,871,1
1558,770,701,0
1559,445,396,0
1560,909,208,1
1561,222,113,1
1562,443,1118,1
1563,786,1083,0
1564,104,511,1
1565,1046,998,1
1566,732,743,1
1567,500,899,0
1568,408,1044,0
1569,764,302,1
1570,59,1057,0
1571,441,91,1
1572,9,137,0
1573,1017,47,0
1574,1042,0,0
1575,769,842,1
1576,602,880,1
1577,646,788,1
1578,172,919,0
1579,1080,925,1
1580,335,511,1
1581,728,300,0
1582,389,31,0
1583,933,692,0
1584,426,939,0
1585,694,325,0
1586,440,438,0
1587,722,781,0
1588,299,848,0
1589,774,546,1
1590,261,182,1
1591,1033,833,0
1592,222,705,1
1593,901,969,1
1594,652,373,1
1595,1100,304,0
1596,1054,496,0
1597,217,1092,1
1598,746,994,0
1599,458,959,0
1600,769,40,0
1601,74,510,1
1602,74,769,1
1603,781,97,1
1604,805,135,0
1605,909,134,1
1606,606,511,1
1607,765,13,0
1608,376,653,1
1609,99,250,1
1610,196,691,0
1611,59,653,1
1612,254,729,0
1613,1108,483,1
1614,8,799,0
1615,774,418,0
1616,1111,1045,0
1617,642,162,0
1618,1110,201,0
1619,1063,309,1
1620,520,646,1
1621,646,541,0
1622,222,763,0
1623,548,191,1
1624,792,149,1
1625,440,274,0
1626,646,902,1
1627,699,595,1
1628,538,703,1
1629,222,225,1
1630,791,811,1
1631,198,607,1
1632,893,1114,0
1633,144,897,1
1634,1034,313,0
1635,602,74,1
1636,498,811,1
1637,794,265,0
1638,545,581,0
1639,425,121,1
1640,244,1077,0
1641,1080,318,1
1642,1041,787,0
1643,607,198,1
1644,1086,166,0
1645,847,541,1
1646,609,641,0
1647,781,688,1
1648,944,70,1
1649,59,1033,1
1650,215,113,0
1651,403,738,0
1652,426,817,1
1653,781,96,1
1654,971,788,1
1655,826,341,0
1656,874,520,0
1657,178,39,0
1658,819,1035,1
1659,120,1050,1
1660,753,222,1
1661,781,451,1
1662,785,261,1
1663,498,643,1
1664,398,55,0
1665,39,1030,0
1666,945,455,1
1667,426,198,1
1668,514,1015,0
1669,1089,303,1
1670,104,966,0
1671,1100,113,0
1672,1080,541,1
1673,1080,94,1
1674,634,923,1
1675,617,67,0
1676,1105,703,1
1677,425,1028,1
1678,721,698,1
1679,72,933,0
1680,965,842,1
1681,1010,6,1
1682,216,777,0
1683,337,791,1
1684,602,64,1
1685,104,102,1
1686,781,481,1
1687,909,712,1
1688,1111,479,0
1689,164,383,0
1690,828,512,1
1691,955,319,0
1692,486,164,1
1693,634,81,1
1694,200,936,0
1695,871,1025,0
1696,732,21,1
1697,958,439,0
1698,423,98,0
1699,690,412,0
1700,55,151,1
1701,190,800,0
1702,401,635,0
1703,921,805,0
1704,480,328,0
1705,1004,884,0
1706,443,318,1
1707,261,739,0
1708,249,266,1
1709,389,262,1
1710,297,439,1
1711,382,703,1
1712,644,7,0
1713,307,870,0
1714,786,1088,0
1715,237,648,0
1716,222,490,1
1717,1038,962,1
1718,279,965,1
1719,841,376,1
1720,498,1090,1
1721,425,815,1
1722,1052,848,0
1723,497,776,0
1724,627,100,1
1725,384,753,1
1726,613,1039,0
1727,705,324,0
1728,144,849,1
1729,538,387,0
1730,634,1113,1
1731,1010,537,1
1732,939,998,0
1733,196,913,0
1734,279,843,1
1735,383,781,1
1736,828,506,1
1737,753,640,0
1738,392,1050,1
1739,953,609,0
1740,79,165,0
1741,200,59,1
1742,880,160,0
1743,1011,332,0
1744,944,507,0
1745,279,100,1
1746,490,579,1
1747,929,689,0
1748,21,989,0
1749,945,117,0
1750,388,362,0
1751,496,774,0
1752,1018,882,1
1753,318,377,0
1754,1115,50,1
1755,96,944,0
1756,289,819,1
1757,244,88,1
1758,882,1089,1
1759,307,1022,0
1760,1080,251,1
1761,541,934,0
1762,669,1115,1
1763,548,484,1
1764,514,926,0
1765,1063,284,1
1766,196,595,0
1767,450,847,1
1768,828,1047,1
1769,1100,19,1
1770,1106,1115,1
1771,732,59,1
1772,89,576,0
1773,1092,120,1
1774,754,12,1
1775,80,744,1
1776,450,346,1
1777,1063,253,1
1778,909,256,1
1779,774,404,0
1780,697,242,0
1781,515,539,0
1782,769,734,0
1783,535,340,0
1784,44,436,0
1785,19,500,0
1786,106,605,1
1787,706,193,1
1788,706,563,0
1789,574,261,1
1790,22,312,0
1791,792,639,1
1792,764,574,0
1793,732,350,1
1794,497,238,0
1795,402,501,0
1796,401,780,1
1797,961,897,0
1798,759,727,0
1799,847,599,1
1800,348,849,0
1801,732,450,1
1802,840,828,1
1803,957,173,1
1804,1111,1006,1
1805,1026,32,0
1806,222,544,1
1807,1026,865,0
1808,940,868,0
1809,1035,1044,0
1810,544,229,0
1811,218,902,1
1812,218,19,0
1813,104,409,1
1814,817,36,0
1815,532,555,0
1816,463,156,0
1817,727,80,1
1818,627,688,0
1819,408,470,0
1820,1109,164,0
1821,803,797,0
1822,753,629,1
1823,627,525,0
1824,935,433,0
1825,1010,638,1
1826,1009,627,1
1827,961,1092,1
1828,526,1037,0
1829,1106,915,0
1830,436,109,0
1831,505,502,1
1832,1010,672,1
1833,40,139,0
1834,267,319,0
1835,443,690,1
1836,222,813,1
1837,425,792,1
1838,736,389,0
1839,500,739,0
1840,781,5,0
1841,222,806,1
1842,12,528,1
1843,564,1115,1
1844,828,476,1
1845,781,1063,1
1846,1071,254,0
1847,206,74,1
1848,970,511,0
1849,733,1092,1
1850,50,313,1
1851,213,497,0
1852,388,304,0
1853,1106,1097,0
1854,59,1075,1
1855,878,8,0
1856,349,468,0
1857,361,254,0
1858,416,945,0
1859,661,558,1
1860,703,538,1
1861,1063,48,1
1862,900,55,0
1863,263,1099,0
1864,615,342,1
1865,425,990,1
1866,74,621,1
1867,401,21,1
1868,74,1014,1
1869,403,635,1
1870,1111,695,1
1871,877,546,0
1872,1050,679,1
1873,15,653,1
1874,688,887,0
1875,289,222,1
1876,706,732,1
1877,282,1033,1
1878,264,172,0
1879,80,537,1
1880,1080,1033,1
1881,1115,485,1
1882,1031,601,0
1883,262,404,0
1884,572,130,0
1885,208,935,0
1886,376,461,1
1887,523,846,1
1888,727,68,1
1889,1109,173,0
1890,1011,817,0
1891,360,644,0
1892,1018,808,0
1893,71,842,0
1894,843,833,0
1895,222,1090,1
1896,828,185,1
1897,544,975,0
1898,483,148,1
1899,1109,1080,1
1900,483,455,1
1901,377,938,1
1902,160,1009,0
1903,74,461,1
1904,270,735,0
1905,982,466,0
1906,1092,449,1
1907,143,99,1
1908,329,817,1
1909,450,97,0
1910,96,72,0
1911,1063,455,1
1912,929,502,1
1913,150,59,1
1914,337,728,1
1915,880,574,0
1916,81,260,1
1917,939,460,0
1918,91,323,0
1919,781,1006,1
1920,150,250,1
1921,712,1101,1
1922,889,121,1
1923,99,431,1
1924,384,463,1
1925,70,860,0
1926,909,999,1
1927,874,557,0
1928,20,88,1
1929,811,713,0
1930,22,819,0
1931,1041,15,1
1932,847,200,1
1933,935,263,0
1934,1080,64,1
1935,844,476,0
1936,80,1006,0
1937,1048,795,0
1938,389,889,1
1939,909,12,1
1940,1080,191,1
1941,695,566,0
1942,28,640,0
1943,1098,1024,0
1944,1080,1117,1
1945,376,955,0
1946,792,510,1
1947,1063,794,1
1948,624,946,0
1949,756,428,0
1950,1015,146,1
1951,485,138,0
1952,650,1050,1
1953,990,401,1
1954,222,815,1
1955,486,7,1
1956,458,943,0
1957,1020,355,0
1958,760,526,0
1959,535,571,0
1960,817,746,0
1961,250,715,0
1962,550,270,0
1963,792,434,1
1964,189,657,0
1965,624,733,0
1966,1063,557,1
1967,311,344,0
1968,443,578,1
1969,743,962,0
1970,936,102,0
1971,811,70,1
1972,551,977,0
1973,239,955,0
1974,198,260,1
1975,389,10,0
1976,190,342,0
1977,909,741,1
1978,697,224,0
1979,670,199,0
1980,590,356,1
1981,1041,499,0
1982,417,463,1
1983,50,623,1
1984,507,1087,0
1985,1035,1094,0
1986,721,245,0
1987,858,1052,1
1988,744,591,0
1989,173,828,1
1990,164,1050,1
1991,706,141,1
1992,70,811,1
1993,695,177,0
1994,34,473,0
1995,599,741,1
1996,1107,59,1
1997,110,805,0
1998,250,141,1
1999,1092,700,1
2000,819,1026,0
2001,120,697,0
2002,109,173,0
2003,697,881,0
2004,1100,644,1
2005,66,101,0
2006,722,733,1
2007,661,784,0
2008,829,219,0
2009,909,644,1
2010,629,256,0
2011,902,968,0
2012,403,602,1
2013,444,27,0
2014,463,781,1
2015,337,70,1
2016,727,829,0
2017,150,847,1
2018,467,806,0
2019,500,314,0
2020,980,522,0
2021,728,100,1
2022,323,216,0
2023,972,995,0
2024,815,251,0
2025,1106,426,1
2026,463,1052,1
2027,883,195,0
2028,982,695,0
2029,333,961,0
2030,605,118,0
2031,756,1012,0
2032,704,981,0
2033,1004,790,1
2034,222,0,1
2035,511,957,1
2036,244,1075,1
2037,398,362,0
2038,1114,995,0
2039,539,1022,0
2040,531,54,0
2041,361,242,0
2042,965,862,0
2043,641,817,1
2044,1094,151,1
2045,732,679,1
2046,146,1015,1
2047,954,1118,0
2048,450,471,1
2049,474,523,0
2050,333,967,0
2051,443,230,1
2052,692,549,0
2053,510,872,1
2054,401,830,1
2055,954,1071,1
2056,728,811,1
2057,917,964,0
2058,949,1050,1
2059,1046,795,0
2060,323,852,0
2061,1106,250,1
2062,1024,546,1
2063,223,327,0
2064,514,367,1
2065,871,982,1
2066,327,993,0
2067,292,1068,0
2068,1075,151,1
2069,846,512,0
2070,1063,319,1
2071,1075,1082,1
2072,706,375,1
2073,222,965,1
2074,703,187,1
2075,216,972,0
2076,783,279,0
2077,89,733,0
2078,574,843,1
2079,627,730,1
2080,909,417,1
2081,781,773,1
2082,80,727,1
2083,242,426,0
2084,1092,187,1
2085,82,673,1
2086,382,817,1
2087,556,765,1
2088,96,313,0
2089,384,40,1
2090,1080,177,1
2091,1063,412,1
2092,944,177,1
2093,921,24,0
2094,673,1006,1
2095,496,1015,1
2096,148,1092,1
2097,602,238,0
2098,335,234,0
2099,461,764,0
2100,372,700,1
2101,1034,399,0
2102,754,574,0
2103,921,1004,1
2104,1105,244,0
2105,237,811,0
2106,80,88,1
2107,9,983,0
2108,436,441,0
2109,147,1092,1
2110,559,974,0
2111,604,806,1
2112,149,930,0
2113,909,448,1
2114,1063,493,1
2115,222,633,1
2116,605,141,1
2117,579,66,0
2118,1106,852,1
2119,31,543,1
2120,874,720,1
2121,578,684,0
2122,846,452,1
2123,417,125,0
2124,792,177,1
2125,688,544,0
2126,401,216,1
2127,882,670,1
2128,96,686,0
2129,610,625,1
2130,579,399,0
2131,377,681,1
2132,958,791,0
2133,669,365,0
2134,909,1011,1
2135,529,965,0
2136,1092,1063,1
2137,678,1044,0
2138,586,907,0
2139,646,666,0
2140,144,630,0
2141,48,341,0
2142,110,811,1
2143,1006,1011,0
2144,15,1063,0
2145,847,297,1
2146,12,754,1
2147,634,523,1
2148,1080,1109,1
2149,314,410,0
2150,110,492,0
2151,417,546,0
2152,729,1042,0
2153,160,687,0
2154,297,841,1
2155,1080,686,1
2156,581,460,0
2157,974,354,0
2158,44,735,0
2159,403,875,1
2160,781,297,1
2161,1050,370,0
2162,710,147,0
2163,74,183,1
2164,266,297,1
2165,1063,450,1
2166,88,681,0
2167,722,222,1
2168,483,410,1
2169,444,405,0
2170,657,977,0
2171,496,126,1
2172,22,191,1
2173,360,114,0
2174,436,133,0
2175,868,1050,1
2176,1044,339,0
2177,767,934,0
2178,1080,865,1
2179,306,51,0
2180,337,24,0
2181,1063,506,1
2182,746,796,0
2183,239,665,0
2184,1038,1080,1
2185,634,608,1
2186,817,641,1
2187,844,545,0
2188,871,44,1
2189,377,1098,1
2190,1038,571,1
2191,74,110,1
2192,519,642,0
2193,731,933,1
2194,781,932,1
2195,552,896,0
2196,703,364,1
2197,874,219,0
2198,1035,1039,0
2199,1109,56,1
2200,177,397,0
2201,729,70,1
2202,846,803,1
2203,1085,606,0
2204,974,480,1
2205,1080,489,1
2206,83,485,0
2207,414,350,0
2208,656,5,0
2209,769,42,1
2210,706,896,1
2211,1010,270,0
2212,781,914,1
2213,282,504,1
2214,753,746,1
2215,828,665,1
2216,601,632,0
2217,384,703,1
2218,489,484,1
2219,282,12,1
2220,552,247,0
2221,657,161,1
2222,82,19,1
2223,198,426,1
2224,604,230,0
2225,59,932,1
2226,649,558,0
2227,569,344,0
2228,594,703,0
2229,275,852,0
2230,634,68,1
2231,250,483,1
2232,872,798,0
2233,882,701,0
2234,61,1006,1
2235,470,388,0
2236,444,841,1
2237,1100,807,1
2238,1015,1098,1
2239,481,344,0
2240,791,177,1
2241,943,567,0
2242,848,707,0
2243,781,159,1
2244,1063,1053,1
2245,519,593,0
2246,792,109,1
2247,403,567,1
2248,264,363,1
2249,569,232,0
2250,841,169,0
2251,222,297,1
2252,74,628,1
2253,198,486,1
2254,900,841,1
2255,742,246,0
2256,996,410,1
2257,1012,183,0
2258,1091,533,0
2259,643,88,1
2260,1080,811,1
2261,106,412,1
2262,260,81,1
2263,1038,611,1
2264,634,673,1
2265,841,444,1
2266,976,122,0
2267,95,1117,0
2268,1012,1082,0
2269,1063,631,1
2270,449,899,0
2271,781,382,1
2272,74,871,1
2273,531,42,0
2274,634,679,0
2275,91,794,0
2276,917,634,1
2277,178,1065,0
2278,335,371,1
2279,957,342,0
2280,1092,1040,0
2281,957,141,1
2282,43,1092,1
2283,263,103,0
2284,669,872,1
2285,610,30,1
2286,945,1106,1
2287,1115,701,0
2288,289,362,0
2289,932,681,0
2290,929,222,0
2291,1075,85,1
2292,5,720,0
2293,261,785,1
2294,105,251,1
2295,791,442,0
2296,63,232,0
2297,5,551,0
2298,39,184,0
2299,872,1075,0
2300,828,975,1
2301,710,71,1
2302,1106,567,1
2303,244,461,1
2304,435,927,1
2305,1107,763,0
2306,641,775,0
2307,1012,941,0
2308,629,703,1
2309,283,982,0
2310,634,1103,1
2311,490,704,1
2312,878,298,1
2313,655,512,0
2314,1063,625,1
2315,408,733,0
2316,105,255,0
2317,761,1092,1
2318,926,732,1
2319,213,675,0
2320,549,514,1
2321,411,896,0
2322,376,836,0
2323,613,959,0
2324,495,106,1
2325,1063,661,1
2326,729,732,1
2327,171,197,0
2328,8,767,0
2329,828,383,1
2330,826,495,0
2331,983,923,1
2332,821,443,1
2333,732,1040,1
2334,486,765,1
2335,58,153,0
2336,297,200,1
2337,345,774,0
2338,1034,685,1
2339,909,64,1
2340,377,72,1
2341,1092,316,1
2342,1010,222,1
2343,748,779,0
2344,216,47,0
2345,567,809,1
2346,698,250,0
2347,337,537,0
2348,605,478,0
2349,610,1033,1
2350,552,627,1
2351,1027,727,1
2352,556,1067,1
2353,329,1118,0
2354,993,1031,1
2355,710,913,0
2356,559,899,0
2357,13,781,1
2358,828,925,1
2359,543,79,0
2360,781,1034,1
2361,828,846,1
2362,1042,682,0
2363,450,403,1
2364,171,443,0
2365,1092,882,1
2366,833,477,1
2367,958,266,1
2368,781,383,1
2369,767,517,0
2370,726,378,0
2371,185,307,0
2372,1035,432,0
2373,1031,627,1
2374,1107,658,0
2375,70,684,1
2376,266,431,1
2377,1033,282,1
2378,1114,1115,1
2379,483,173,0
2380,993,25,1
2381,706,962,1
2382,218,851,0
2383,1080,863,1
2384,538,259,0
2385,943,551,0
2386,1078,917,1
2387,311,487,0
2388,450,209,1
2389,841,644,1
2390,112,291,0
2391,821,621,1
2392,348,961,0
2393,1080,742,1
2394,815,256,0
2395,216,486,0
2396,743,732,1
2397,403,141,1
2398,204,61,1
2399,763,99,0
2400,443,26,1
2401,177,627,1
2402,714,28,0
2403,144,858,1
2404,337,1085,1
2405,1063,501,1
2406,389,299,1
2407,161,301,0
2408,498,942,0
2409,623,1064,0
2410,650,1090,1
2411,102,245,0
2412,543,938,0
2413,112,677,0
2414,222,254,1
2415,91,847,1
2416,425,828,0
2417,1010,988,1
2418,463,629,1
2419,482,891,0
2420,670,930,0
2421,717,629,1
2422,688,895,0
2423,1024,828,1
2424,507,909,1
2425,785,445,1
2426,58,140,0
2427,467,403,0
2428,435,415,1
2429,23,789,0
2430,403,339,1
2431,59,441,1
2432,417,686,0
2433,1063,547,1
2434,467,602,1
2435,1092,490,1
2436,740,1092,1
2437,731,431,0
2438,821,572,1
2439,80,482,1
2440,164,129,0
2441,292,949,0
2442,490,1060,0
2443,974,822,0
2444,900,830,0
2445,368,317,0
2446,80,1086,1
2447,74,164,0
2448,520,22,1
2449,756,678,0
2450,567,1047,0
2451,1050,91,1
2452,1101,627,1
2453,847,781,1
2454,529,744,0
2455,486,549,1
2456,216,1081,1
2457,815,543,1
2458,13,361,1
2459,1080,910,1
2460,858,781,1
2461,264,486,1
2462,1080,1099,1
2463,1078,250,1
2464,91,431,1
2465,204,249,0
2466,246,677,0
2467,28,541,1
2468,732,865,1
2469,711,255,0
2470,732,806,1
2471,349,110,0
2472,126,604,0
2473,545,218,0
2474,909,976,1
2475,19,95,1
2476,471,703,1
2477,602,628,1
2478,703,89,1
2479,551,103,0
2480,1115,925,0
2481,80,74,1
2482,1038,1108,1
2483,479,425,0
2484,533,511,0
2485,759,287,0
2486,615,816,0
2487,31,533,0
2488,781,629,1
2489,1064,790,0
2490,634,770,1
2491,537,1117,0
2492,363,53,0
2493,1015,601,0
2494,992,994,0
2495,102,625,0
2496,909,1073,0
2497,634,513,1
2498,889,144,1
2499,541,793,0
2500,457,806,1
2501,222,1099,1
2502,450,656,1
2503,100,791,1
2504,726,687,0
2505,198,35,1
2506,194,1037,0
2507,593,1114,0
2508,356,117,0
2509,550,941,0
2510,1045,839,0
2511,9,70,0
2512,1101,297,1
2513,550,163,0
2514,705,771,0
2515,727,774,1
2516,607,967,0
2517,877,495,1
2518,909,109,1
2519,630,627,1
2520,917,483,1
2521,177,828,1
2522,833,894,0
2523,262,642,0
2524,732,1073,1
2525,264,443,1
2526,699,323,0
2527,902,191,1
2528,150,282,1
2529,49,414,0
2530,610,420,1
2531,615,724,0
2532,1050,397,1
2533,753,1024,1
2534,425,88,1
2535,1078,945,1
2536,1113,250,1
2537,753,959,1
2538,590,800,0
2539,909,149,1
2540,401,945,1
2541,552,913,0
2542,634,658,1
2543,306,605,0
2544,96,790,0
2545,990,742,0
2546,75,592,1
2547,681,1012,0
2548,909,635,1
2549,642,1021,0
2550,151,42,1
2551,753,30,1
2552,548,118,0
2553,223,782,0
2554,483,112,1
2555,257,668,0
2556,872,59,1
2557,909,241,1
2558,282,420,1
2559,1026,847,1
2560,926,1114,1
2561,871,419,1
2562,729,445,1
2563,257,25,0
2564,961,324,0
2565,12,262,1
2566,585,580,0
2567,733,957,0
2568,216,321,0
2569,8,84,0
2570,828,374,1
2571,520,1109,0
2572,146,126,1
2573,485,731,1
2574,591,141,1
2575,727,1070,1
2576,564,387,0
2577,1080,299,1
2578,470,247,0
2579,722,148,1
2580,943,908,0
2581,317,858,0
2582,893,578,0
2583,217,895,1
2584,970,128,0
2585,96,748,0
2586,494,621,0
2587,901,570,0
2588,975,583,0
2589,657,1052,0
2590,1035,1006,0
2591,653,673,1
2592,485,1115,1
2593,401,865,1
2594,1092,148,1
2595,297,703,1
2596,191,557,1
2597,591,389,0
2598,166,908,0
2599,1080,837,1
2600,306,118,0
2601,1015,925,0
2602,601,905,0
2603,489,846,1
2604,717,900,0
2605,732,990,1
2606,316,725,0
2607,966,642,0
2608,389,847,1
2609,998,201,0
2610,927,191,1
2611,448,706,1
2612,1075,509,1
2613,309,187,1
2614,556,1094,0
2615,543,530,0
2616,722,732,1
2617,990,1036,1
2618,977,1071,0
2619,479,289,1
2620,1075,794,1
2621,732,31,0
2622,403,367,1
2623,732,793,1
2624,483,785,1
2625,902,218,1
2626,972,161,0
2627,450,77,1
2628,551,610,0
2629,222,706,1
2630,497,463,1
2631,59,426,1
2632,531,174,0
2633,122,1062,0
2634,1025,776,0
2635,218,557,1
2636,1102,428,0
2637,471,716,0
2638,293,86,0
2639,1098,1109,0
2640,732,1080,1
2641,1050,998,1
2642,196,971,0
2643,566,385,0
2644,289,543,1
2645,12,112,1
2646,1063,705,1
2647,1073,553,0
2648,781,600,1
2649,495,407,0
2650,874,94,0
2651,1115,586,0
2652,655,977,0
2653,732,88,1
2654,1063,1034,1
2655,95,61,0
2656,15,0,0
2657,841,222,1
2658,498,687,0
2659,506,112,1
2660,20,1030,0
2661,446,221,0
2662,780,488,0
2663,324,919,0
2664,753,927,1
2665,1115,372,1
2666,1075,383,1
2667,343,477,0
2668,538,1050,0
2669,72,128,0
2670,954,664,0
2671,972,1065,0
2672,10,1050,1
2673,917,153,1
2674,630,279,1
2675,568,471,1
2676,60,15,0
2677,773,421,0
2678,858,802,0
2679,498,343,1
2680,770,322,0
2681,548,414,0
2682,455,1036,1
2683,352,1018,1
2684,100,1115,0
2685,669,121,1
2686,300,151,1
2687,847,820,0
2688,1063,782,1
2689,182,67,0
2690,263,37,0
2691,403,1067,1
2692,1026,1060,0
2693,254,278,0
2694,458,982,0
2695,443,352,1
2696,685,511,0
2697,1012,142,0
2698,1092,595,1
2699,1075,249,1
2700,450,1034,1
2701,267,703,1
2702,900,744,0
2703,106,826,1
2704,441,250,0
2705,455,1060,0
2706,1024,1040,0
2707,657,890,0
2708,828,299,1
2709,861,1057,0
2710,902,646,1
2711,602,467,1
2712,105,1115,1
2713,955,892,0
2714,602,44,1
2715,645,567,0
2716,410,917,1
2717,608,616,0
2718,264,1112,1
2719,581,792,0
2720,260,30,1
2721,645,239,0
2722,271,28,0
2723,828,922,1
2724,761,108,0
2725,961,575,0
2726,540,795,0
2727,443,1106,1
2728,121,21,1
2729,623,996,1
2730,441,741,1
2731,1011,866,0
2732,590,1025,0
2733,1015,446,1
2734,602,242,1
2735,556,864,1
2736,383,331,0
2737,151,369,1
2738,767,388,0
2739,1111,5,0
2740,58,527,0
2741,1018,582,0
2742,141,980,0
2743,821,109,0
2744,105,413,0
2745,15,272,0
2746,528,95,0
2747,297,897,1
2748,602,929,1
2749,59,849,1
2750,1092,1070,1
2751,848,357,1
2752,1017,10,0
2753,410,153,1
2754,83,540,0
2755,147,98,0
2756,712,70,0
2757,5,408,1
2758,535,821,0
2759,434,1059,0
2760,1075,867,0
2761,783,745,0
2762,88,347,0
2763,778,960,0
2764,599,617,1
2765,441,215,0
2766,148,387,0
2767,781,497,1
2768,112,966,0
2769,339,443,0
2770,690,349,0
2771,1070,640,0
2772,737,325,0
2773,278,16,0
2774,498,847,1
2775,179,889,0
2776,698,1105,0
2777,717,463,1
2778,627,456,1
2779,819,289,1
2780,1080,376,1
2781,463,828,1
2782,1080,570,0
2783,151,450,1
2784,197,318,0
2785,161,657,1
2786,70,186,0
2787,817,700,1
2788,80,769,1
2789,183,1036,0
2790,217,781,0
2791,450,1037,0
2792,909,196,1
2793,59,1092,1
2794,348,8,0
2795,74,939,1
2796,996,876,0
2797,914,407,0
2798,1063,882,1
2799,246,1025,0
2800,1009,830,0
2801,965,627,1
2802,843,211,0
2803,1078,753,0
2804,646,46,0
2805,1025,698,1
2806,605,431,1
2807,74,1028,1
2808,1110,314,0
2809,212,743,0
2810,731,489,0
2811,602,433,0
2812,773,841,1
2813,682,80,0
2814,653,387,0
2815,1103,592,0
2816,252,106,0
2817,978,262,1
2818,1106,340,1
2819,951,999,0
2820,773,805,0
2821,1055,953,0
2822,191,218,1
2823,335,1094,1
2824,504,1024,0
2825,594,182,0
2826,243,932,0
2827,792,1089,1
2828,601,940,1
2829,606,40,0
2830,279,791,1
2831,486,988,1
2832,24,370,0
2833,840,290,0
2834,15,706,1
2835,556,1043,1
2836,857,584,0
2837,450,151,1
2838,541,319,0
2839,1038,286,1
2840,279,627,1
2841,792,617,1
2842,446,222,0
2843,909,947,1
2844,704,42,1
2845,1100,473,1
2846,602,201,1
2847,457,410,0
2848,569,1050,1
2849,629,585,1
2850,50,656,0
2851,569,178,0
2852,1075,432,1
2853,35,157,0
2854,817,1104,0
2855,722,8,1
2856,572,740,0
2857,121,193,0
2858,231,705,1
2859,909,441,1
2860,1045,932,0
2861,217,500,0
2862,266,372,1
2863,253,117,0
2864,861,817,0
2865,894,342,1
2866,764,486,1
2867,644,406,1
2868,699,752,0
2869,70,730,1
2870,781,357,1
2871,327,975,0
2872,780,730,1
2873,982,983,0
2874,372,1115,1
2875,1050,159,1
2876,1094,588,0
2877,753,495,1
2878,987,690,0
2879,13,349,0
2880,972,760,0
2881,781,988,1
2882,223,978,0
2883,1017,21,1
2884,141,1005,0
2885,79,1063,0
2886,599,199,0
2887,119,1027,0
2888,1004,1065,0
2889,872,565,0
2890,1094,1110,0
2891,591,605,1
2892,1092,773,1
2893,1080,243,1
2894,360,1092,1
2895,858,932,1
2896,957,487,0
2897,297,470,1
2898,1034,1106,1
2899,106,1045,0
2900,627,445,1
2901,373,811,0
2902,933,1103,0
2903,367,1077,0
2904,733,60,0
2905,744,172,0
2906,63,530,0
2907,736,209,0
2908,481,165,0
2909,443,446,1
2910,732,805,1
2911,479,502,0
2912,48,334,0
2913,602,426,1
2914,760,342,1
2915,33,131,0
2916,929,789,0
2917,215,1101,0
2918,579,1022,0
2919,670,699,1
2920,858,269,0
2921,748,854,0
2922,389,815,0
2923,297,504,1
2924,955,256,0
2925,535,356,1
2926,729,645,0
2927,1063,28,1
2928,695,95,1
2929,1071,846,1
2930,974,122,0
2931,760,865,0
2932,450,88,1
2933,955,1113,1
2934,262,389,1
2935,1115,244,1
2936,151,300,1
2937,880,362,0
2938,337,832,0
2939,649,515,0
2940,811,728,1
2941,1035,409,0
2942,806,80,1
2943,414,671,0
2944,5,749,1
2945,490,896,1
2946,690,944,1
2947,445,650,0
2948,238,221,0
2949,1038,82,1
2950,239,210,1
2951,231,1075,0
2952,728,932,0
2953,1109,406,1
2954,902,682,1
2955,634,336,0
2956,105,1064,0
2957,574,909,1
2958,567,47,0
2959,630,993,1
2960,496,1033,0
2961,732,872,1
2962,1086,453,0
2963,881,317,0
2964,106,583,1
2965,337,502,0
2966,909,650,1
2967,769,632,1
2968,494,439,1
2969,743,119,0
2970,889,929,0
2971,670,72,1
2972,510,822,0
2973,1095,704,1
2974,373,156,0
2975,249,495,1
2976,206,54,1
2977,340,1106,1
2978,937,755,0
2979,28,389,1
2980,975,491,0
2981,866,318,0
2982,641,903,0
2983,824,410,1
2984,1038,355,1
2985,821,457,1
2986,526,322,1
2987,1080,361,1
2988,173,40,1
2989,194,774,0
2990,732,1034,1
2991,483,403,1
2992,1108,402,0
2993,1108,189,0
2994,872,297,1
2995,160,347,0
2996,397,828,1
2997,91,926,1
2998,1063,846,1
2999,843,995,0
3000,993,857,0
3001,526,193,1
3002,6,745,0
3003,1086,103,0
3004,323,78,0
3005,121,825,0
3006,878,585,1
3007,1031,416,1
3008,335,767,1
3009,1095,747,0
3010,817,439,1
3011,965,574,1
3012,82,306,0
3013,727,672,1
3014,1100,414,1
3015,506,947,0
3016,727,64,1
3017,858,504,1
3018,1100,562,1
3019,415,430,0
3020,761,68,0
3021,257,1042,0
3022,450,838,1
3023,653,879,0
3024,1052,903,0
3025,700,549,1
3026,1063,106,1
3027,109,585,0
3028,601,764,1
3029,703,384,1
3030,732,531,1
3031,1071,909,0
3032,91,514,1
3033,482,107,0
3034,970,298,1
3035,1100,371,1
3036,666,250,0
3037,522,970,0
3038,1010,957,1
3039,223,146,1
3040,190,949,0
3041,634,1078,1
3042,267,24,0
3043,379,283,0
3044,110,13,1
3045,652,1117,0
3046,173,62,0
3047,151,106,1
3048,610,745,0
3049,872,598,0
3050,215,141,1
3051,978,150,0
3052,311,518,0
3053,490,744,0
3054,80,554,1
3055,1075,367,1
3056,297,673,1
3057,403,923,1
3058,1063,70,1
3059,28,817,1
3060,106,282,1
3061,166,933,0
3062,254,512,0
3063,299,706,0
3064,841,403,1
3065,159,547,0
3066,495,1092,1
3067,379,493,0
3068,983,806,1
3069,188,1040,0
3070,177,729,1
3071,19,297,1
3072,141,753,1
3073,872,538,0
3074,443,517,1
3075,421,1054,0
3076,753,890,1
3077,684,1099,0
3078,345,554,0
3079,1010,929,1
3080,840,765,0
3081,909,243,1
3082,1063,459,1
3083,846,753,1
3084,389,711,0
3085,275,993,1
3086,510,384,1
3087,889,329,1
3088,763,256,0
3089,1006,82,1
3090,645,626,0
3091,173,384,1
3092,179,770,0
3093,22,432,0
3094,777,637,0
3095,44,894,0
3096,793,193,0
3097,590,14,0
3098,610,570,0
3099,858,610,1
3100,398,935,0
3101,785,65,0
3102,977,420,0
3103,1063,279,1
3104,271,380,0
3105,448,257,0
3106,299,776,0
3107,958,672,0
3108,944,789,0
3109,1080,500,0
3110,515,806,0
3111,25,1009,1
3112,8,331,0
3113,401,81,1
3114,828,54,1
3115,1012,120,0
3116,974,863,0
3117,828,599,0
3118,21,99,1
3119,384,634,1
3120,150,42,0
3121,1069,759,1
3122,20,826,0
3123,55,595,0
3124,1063,955,1
3125,196,52,0
3126,595,688,0
3127,889,299,1
3128,653,500,0
3129,398,689,0
3130,921,646,0
3131,692,885,0
3132,1115,690,1
3133,275,184,0
3134,337,445,1
3135,1063,406,1
3136,901,638,0
3137,792,339,1
3138,1111,331,1
3139,10,1011,0
3140,874,258,0
3141,120,337,0
3142,309,641,1
3143,736,109,0
3144,983,546,0
3145,1050,243,0
3146,1092,397,1
3147,969,511,0
3148,670,941,0
3149,737,1017,1
3150,846,208,0
3151,327,269,0
3152,166,1109,1
3153,678,200,0
3154,59,1085,1
3155,9,1058,0
3156,1092,699,1
3157,751,70,0
3158,949,1,0
3159,144,1033,1
3160,403,42,1
3161,781,993,1
3162,240,421,0
3163,345,154,1
3164,1108,314,0
3165,5,631,1
3166,463,665,1
3167,678,371,0
3168,504,150,1
3169,773,1100,0
3170,1080,1025,1
3171,828,31,1
3172,1092,95,1
3173,89,1103,0
3174,74,102,1
3175,218,927,1
3176,732,736,1
3177,940,471,0
3178,1050,650,1
3179,443,1097,1
3180,872,828,1
3181,510,133,0
3182,463,1092,1
3183,165,289,0
3184,239,395,0
3185,173,34,0
3186,393,1054,0
3187,711,410,0
3188,250,646,1
3189,703,658,0
3190,9,732,1
3191,847,868,0
3192,102,745,0
3193,28,703,1
3194,382,1092,1
3195,1100,871,0
3196,373,516,0
3197,74,592,1
3198,377,690,1
3199,1050,1117,0
3200,485,697,0
3201,721,24,0
3202,634,245,1
3203,717,12,1
3204,695,894,0
3205,20,151,1
3206,781,399,1
3207,558,918,0
3208,250,824,1
3209,760,577,0
3210,874,406,0
3211,39,548,0
3212,817,889,1
3213,481,421,0
3214,458,725,0
3215,212,560,0
3216,604,453,0
3217,1048,342,0
3218,769,705,0
3219,945,340,1
3220,178,219,0
3221,262,644,0
3222,246,364,0
3223,1028,243,0
3224,932,847,1
3225,1106,81,1
3226,95,627,0
3227,490,1092,1
3228,1041,237,0
3229,222,42,1
3230,543,88,1
3231,764,1022,0
3232,634,595,1
3233,704,490,1
3234,526,12,1
3235,817,979,0
3236,1026,697,0
3237,1080,284,1
3238,373,183,0
3239,929,556,1
3240,102,435,1
3241,602,751,1
3242,646,353,0
3243,537,885,0
3244,497,495,0
3245,599,824,1
3246,621,781,1
3247,599,144,1
3248,471,152,0
3249,782,994,0
3250,888,914,0
3251,95,1010,0
3252,819,1073,0
3253,817,842,1
3254,316,828,1
3255,806,75,1
3256,641,575,0
3257,414,183,0
3258,817,423,1
3259,266,544,0
3260,1069,431,1
3261,435,1064,0
3262,475,313,0
3263,408,695,0
3264,863,1001,0
3265,945,249,0
3266,71,100,0
3267,463,131,1
3268,59,417,1
3269,147,561,1
3270,661,13,1
3271,47,865,0
3272,669,392,0
3273,243,946,0
3274,574,990,0
3275,732,971,1
3276,222,69,1
3277,261,523,0
3278,28,546,1
3279,783,1021,0
3280,197,816,0
3281,811,729,1
3282,1089,729,0
3283,730,723,0
3284,872,95,1
3285,634,936,1
3286,340,828,1
3287,96,910,0
3288,811,309,0
3289,318,50,1
3290,88,990,0
3291,872,753,0
3292,177,437,0
3293,1045,265,0
3294,871,743,0
3295,50,1115,1
3296,1100,83,1
3297,668,426,0
3298,759,1020,0
3299,19,172,1
3300,840,126,0
3301,48,497,0
3302,136,180,0
3303,988,1097,0
3304,1038,410,1
3305,828,634,1
3306,976,375,0
3307,91,232,0
3308,556,6,1
3309,643,1115,1
3310,443,590,1
3311,615,970,0
3312,222,628,1
3313,846,1089,0
3314,558,200,0
3315,415,902,1
3316,1080,1003,1
3317,9,257,0
3318,828,623,1
3319,61,761,1
3320,661,367,1
3321,580,1006,1
3322,1109,160,0
3323,1080,601,1
3324,159,1058,0
3325,732,643,1
3326,1111,764,0
3327,458,139,0
3328,401,307,1
3329,49,1048,0
3330,761,42,1
3331,426,838,1
3332,74,19,1
3333,231,375,0
3334,703,1058,0
3335,1100,957,1
3336,91,889,1
3337,682,281,0
3338,48,1052,0
3339,782,520,0
3340,349,950,0
3341,401,504,1
3342,737,1002,0
3343,634,85,1
3344,828,629,1
3345,497,599,1
3346,881,224,0
3347,2,578,0
3348,81,1092,1
3349,703,188,1
3350,753,703,1
3351,593,157,0
3352,423,817,1
3353,1111,505,1
3354,1038,895,0
3355,526,147,0
3356,146,856,0
3357,480,747,0
3358,599,441,1
3359,1018,820,0
3360,580,1005,0
3361,379,171,0
3362,982,704,1
3363,909,686,1
3364,401,1048,1
3365,1036,850,0
3366,407,1092,1
3367,971,967,0
3368,769,435,1
3369,403,270,1
3370,824,250,1
3371,1038,112,1
3372,887,407,0
3373,91,490,1
3374,141,173,1
3375,263,718,0
3376,275,383,0
3377,1013,15,0
3378,978,209,0
3379,1050,13,1
3380,611,831,0
3381,34,219,0
3382,141,178,0
3383,955,899,0
3384,126,496,1
3385,190,486,0
3386,401,864,0
3387,432,25,1
3388,222,208,1
3389,486,1099,1
3390,1080,829,1
3391,690,846,1
3392,112,464,0
3393,1006,688,0
3394,222,338,0
3395,222,948,1
3396,1106,88,1
3397,250,187,0
3398,785,866,0
3399,59,1034,1
3400,222,141,1
3401,182,389,0
3402,763,505,0
3403,150,937,0
3404,146,807,0
3405,200,847,1
3406,969,27,0
3407,91,703,1
3408,1106,558,1
3409,91,463,1
3410,463,384,1
3411,25,627,1
3412,297,423,1
3413,172,1059,0
3414,532,257,0
3415,781,779,1
3416,792,717,1
3417,1080,599,1
3418,526,652,0
3419,1038,577,1
3420,909,829,1
3421,917,85,0
3422,937,173,1
3423,1071,112,1
3424,1044,884,0
3425,539,774,0
3426,627,498,1
3427,159,160,0
3428,91,100,0
3429,505,203,1
3430,415,546,1
3431,520,155,1
3432,572,588,0
3433,463,173,1
3434,532,619,0
3435,164,1002,0
3436,774,184,0
3437,730,729,1
3438,868,1043,0
3439,727,1106,1
3440,448,427,0
3441,402,37,0
3442,634,94,1
3443,504,781,1
3444,927,435,1
3445,790,1050,0
3446,243,657,0
3447,695,510,1
3448,70,991,0
3449,1036,59,1
3450,634,656,1
3451,634,455,1
3452,1115,289,1
3453,858,59,1
3454,1105,1106,0
3455,994,250,0
3456,634,821,0
3457,1094,263,0
3458,489,788,0
3459,445,993,1
3460,95,1055,0
3461,61,448,1
3462,714,64,0
3463,415,439,1
3464,455,237,0
3465,685,877,0
3466,443,593,1
3467,995,711,0
3468,410,927,0
3469,974,427,0
3470,1015,464,0
3471,828,346,1
3472,1109,106,0
3473,1080,62,1
3474,728,627,1
3475,792,371,1
3476,262,363,0
3477,204,1039,0
3478,781,408,1
3479,731,654,0
3480,82,208,1
3481,223,650,0
3482,408,999,0
3483,110,1001,0
3484,828,900,1
3485,1109,885,0
3486,769,418,0
3487,882,47,0
3488,262,541,0
3489,712,266,0
3490,151,1085,1
3491,16,198,0
3492,1064,616,0
3493,164,76,0
3494,402,664,0
3495,927,753,1
3496,455,382,0
3497,368,502,0
3498,222,265,1
3499,401,1106,1
3500,881,477,0
3501,511,610,0
3502,528,252,0
3503,1111,881,0
3504,817,14,0
3505,368,694,1
3506,222,125,1
3507,733,42,1
3508,339,875,0
3509,828,209,1
3510,470,165,0
3511,61,758,0
3512,1046,186,0
3513,1063,912,1
3514,872,669,1
3515,780,70,1
3516,899,732,1
3517,927,485,0
3518,7,88,1
3519,514,642,1
3520,242,546,1
3521,121,88,1
3522,672,1108,0
3523,249,374,0
3524,498,48,1
3525,252,437,0
3526,705,357,0
3527,306,31,0
3528,1080,896,1
3529,792,61,1
3530,368,846,1
3531,218,484,1
3532,652,834,0
3533,828,179,1
3534,257,219,0
3535,590,930,0
3536,99,222,1
3537,426,339,1
3538,306,1015,0
3539,794,384,1
3540,579,1114,1
3541,1006,163,0
3542,316,12,1
3543,403,761,1
3544,728,791,1
3545,732,126,1
3546,425,166,1
3547,1012,847,0
3548,222,26,1
3549,1098,1015,1
3550,1089,583,0
3551,110,469,0
3552,893,408,0
3553,991,606,0
3554,944,627,1
3555,743,499,0
3556,556,13,1
3557,218,546,1
3558,620,26,0
3559,409,535,0
3560,416,123,0
3561,377,1016,0
3562,998,143,0
3563,961,1086,0
3564,921,218,1
3565,781,368,1
3566,695,872,1
3567,1080,679,1
3568,699,938,0
3569,933,754,0
3570,1100,367,1
3571,254,1063,0
3572,352,186,0
3573,909,103,1
3574,965,969,1
3575,99,289,0
3576,703,1092,1
3577,89,583,0
3578,443,743,0
3579,972,1068,0
3580,743,192,0
3581,732,899,1
3582,252,546,0
3583,1033,297,1
3584,480,267,0
3585,309,897,1
3586,732,403,1
3587,384,510,1
3588,785,780,1
3589,609,811,0
3590,872,1069,1
3591,1111,621,1
3592,403,179,0
3593,452,271,0
3594,675,211,0
3595,81,630,0
3596,665,448,0
3597,426,602,1
3598,372,498,1
3599,618,73,0
3600,1045,1076,0
3601,417,951,0
3602,805,1038,0
3603,817,703,1
3604,901,198,1
3605,1080,922,1
3606,684,1050,0
3607,1080,699,1
3608,728,1012,0
3609,403,629,1
3610,728,279,1
3611,143,1109,0
3612,618,972,0
3613,196,385,0
3614,936,991,0
3615,161,1029,0
3616,552,730,1
3617,727,854,1
3618,337,401,0
3619,454,1092,1
3620,781,186,1
3621,755,610,0
3622,927,381,0
3623,222,704,1
3624,443,212,1
3625,450,900,1
3626,242,0,0
3627,74,205,1
3628,208,20,0
3629,222,949,1
3630,634,646,1
3631,1080,30,1
3632,703,621,0
3633,443,339,1
3634,523,348,0
3635,47,633,0
3636,753,498,1
3637,1013,420,0
3638,649,455,0
3639,105,13,0
3640,1098,405,0
3641,299,665,0
3642,411,17,0
3643,434,289,1
3644,940,672,1
3645,486,972,0
3646,712,571,0
3647,148,830,0
3648,1010,1075,0
3649,1106,153,1
3650,505,66,0
3651,8,550,0
3652,550,908,0
3653,585,816,0
3654,13,683,0
3655,384,661,1
3656,1027,495,1
3657,591,99,1
3658,161,550,0
3659,409,425,0
3660,764,853,1
3661,661,1063,1
3662,646,938,0
3663,450,975,1
3664,828,463,1
3665,909,1033,1
3666,222,231,1
3667,356,917,0
3668,623,860,0
3669,415,218,1
3670,178,19,0
3671,613,440,0
3672,206,579,1
3673,109,345,1
3674,551,1051,0
3675,223,496,1
3676,362,184,0
3677,623,925,0
3678,748,147,0
3679,100,552,1
3680,1015,393,1
3681,1103,861,1
3682,266,438,0
3683,732,101,1
3684,227,390,0
3685,172,259,0
3686,610,371,0
3687,1080,309,1
3688,764,642,0
3689,151,729,0
3690,1010,835,1
3691,599,1101,0
3692,481,795,0
3693,567,695,0
3694,80,961,1
3695,958,866,0
3696,506,549,0
3697,785,50,1
3698,307,49,0
3699,602,543,1
3700,806,732,1
3701,819,724,0
3702,1106,431,1
3703,486,1094,1
3704,31,1029,0
3705,497,932,1
3706,1118,970,0
3707,486,784,0
3708,802,667,0
3709,253,986,0
3710,414,544,0
3711,384,695,1
3712,1109,1094,1
3713,163,727,0
3714,264,1084,0
3715,479,252,1
3716,415,649,0
3717,377,330,1
3718,1111,636,0
3719,791,449,1
3720,829,860,0
3721,435,187,1
3722,435,921,1
3723,649,727,0
3724,755,466,0
3725,909,1018,1
3726,995,651,0
3727,556,546,1
3728,25,965,1
3729,246,929,0
3730,218,181,1
3731,535,703,1
3732,634,975,1
3733,105,195,0
3734,334,950,0
3735,340,483,1
3736,574,392,0
3737,15,21,1
3738,222,740,1
3739,601,1051,0
3740,1054,1003,0
3741,1108,577,1
3742,297,420,1
3743,751,901,0
3744,729,1050,1
3745,446,839,0
3746,1115,542,0
3747,82,102,1
3748,627,1009,1
3749,958,858,0
3750,828,196,1
3751,1102,71,0
3752,2,1080,1
3753,847,470,0
3754,1118,1106,1
3755,781,1081,0
3756,1031,25,1
3757,1080,120,1
3758,678,975,0
3759,643,286,0
3760,481,907,0
3761,872,695,1
3762,791,419,0
3763,902,927,1
3764,927,218,1
3765,75,376,0
3766,485,578,0
3767,902,641,1
3768,793,1081,0
3769,617,837,0
3770,360,702,0
3771,781,665,1
3772,704,871,0
3773,695,550,1
3774,215,908,0
3775,70,1006,0
3776,261,811,0
3777,497,630,0
3778,909,1090,1
3779,282,497,1
3780,35,682,0
3781,368,392,0
3782,178,277,0
3783,263,149,0
3784,703,1012,0
3785,921,784,0
3786,868,806,0
3787,112,469,0
3788,653,381,0
3789,900,934,0
3790,217,1018,0
3791,5,644,0
3792,436,686,0
3793,590,626,0
3794,703,1105,1
3795,742,998,1
3796,342,216,0
3797,703,999,1
3798,590,427,0
3799,1100,645,1
3800,80,975,1
3801,661,517,0
3802,293,537,0
3803,5,516,0
3804,634,295,1
3805,685,325,0
3806,1010,89,0
3807,496,223,1
3808,945,153,1
3809,333,878,0
3810,443,1043,1
3811,729,1011,0
3812,847,504,1
3813,1063,346,1
3814,889,978,1
3815,602,766,1
3816,529,663,0
3817,21,562,0
3818,448,935,1
3819,773,939,0
3820,1080,670,1
3821,1063,594,1
3822,105,485,0
3823,634,1033,1
3824,828,550,1
3825,126,456,0
3826,933,51,0
3827,722,728,0
3828,1080,666,1
3829,843,965,1
3830,75,42,1
3831,485,723,0
3832,1009,275,1
3833,74,246,1
3834,206,473,0
3835,731,234,0
3836,847,1092,1
3837,277,753,0
3838,711,1057,0
3839,978,299,1
3840,940,11,0
3841,443,572,1
3842,121,1080,1
3843,423,991,0
3844,222,601,1
3845,633,195,0
3846,384,732,1
3847,262,817,1
3848,222,243,1
3849,196,925,0
3850,144,625,1
3851,726,391,0
3852,377,215,1
3853,773,501,0
3854,914,1099,0
3855,485,694,0
3856,227,353,0
3857,1050,392,1
3858,475,126,0
3859,866,592,0
3860,403,502,0
3861,602,939,1
3862,995,219,0
3863,264,935,1
3864,89,1052,1
3865,112,515,1
3866,991,340,0
3867,490,1115,1
3868,615,873,0
3869,535,498,0
3870,497,59,1
3871,504,801,0
3872,1015,804,0
3873,519,410,0
3874,382,415,1
3875,684,597,0
3876,643,28,0
3877,153,455,1
3878,543,340,0
3879,895,217,1
3880,1118,761,0
3881,817,673,1
3882,1004,921,1
3883,222,422,1
3884,1112,463,0
3885,102,560,1
3886,1050,923,0
3887,1085,250,1
3888,1109,472,0
3889,1078,590,0
3890,641,107,1
3891,703,541,1
3892,486,491,1
3893,296,614,0
3894,1096,585,0
3895,408,781,1
3896,275,100,1
3897,218,628,0
3898,1046,824,0
3899,296,775,0
3900,1010,109,1
3901,608,352,0
3902,74,912,1
3903,260,409,1
3904,436,88,1
3905,431,128,0
3906,847,817,1
3907,1094,926,1
3908,188,386,0
3909,5,192,0
3910,645,625,1
3911,1115,957,1
3912,566,564,1
3913,490,1021,0
3914,932,282,1
3915,417,535,1
3916,410,515,1
3917,568,523,0
3918,868,1080,0
3919,483,1106,1
3920,900,356,0
3921,699,596,0
3922,661,499,0
3923,105,549,1
3924,644,841,1
3925,335,71,1
3926,253,1094,1
3927,1092,408,1
3928,124,391,0
3929,475,663,0
3930,556,1001,1
3931,356,173,1
3932,490,403,1
3933,992,1092,1
3934,450,635,1
3935,574,443,1
3936,957,1051,0
3937,711,652,0
3938,727,81,1
3939,550,282,0
3940,367,278,0
3941,880,975,0
3942,448,250,1
3943,431,91,1
3944,700,753,1
3945,278,828,1
3946,627,1098,0
3947,1063,307,1
3948,1080,578,1
3949,641,682,1
3950,254,159,0
3951,1092,1035,1
3952,878,422,0
3953,61,817,1
3954,595,159,1
3955,1055,546,1
3956,356,140,0
3957,19,794,1
3958,522,760,0
3959,1069,912,0
3960,384,90,0
3961,822,1071,0
3962,607,534,1
3963,206,16,1
3964,817,694,1
3965,781,729,1
3966,817,878,1
3967,794,287,0
3968,902,921,1
3969,731,106,0
3970,1063,287,0
3971,532,0,0
3972,12,93,1
3973,483,42,0
3974,249,492,0
3975,66,286,0
3976,471,364,0
3977,846,579,1
3978,828,471,1
3979,727,183,0
3980,100,630,1
3981,1114,131,1
3982,780,702,0
3983,703,181,1
3984,769,907,1
3985,106,924,0
3986,282,415,0
3987,641,415,1
3988,246,94,0
3989,706,322,1
3990,764,519,1
3991,1115,466,0
3992,909,925,1
3993,408,50,0
3994,628,961,0
3995,74,673,1
3996,785,243,0
3997,889,1026,1
3998,12,1092,1
3999,482,527,0
4000,937,991,1
4001,7,376,0
4002,828,409,1
4003,454,1040,0
4004,50,184,0
4005,763,498,0
4006,244,491,0
4007,83,558,1
4008,965,750,0
4009,260,353,0
4010,6,789,0
4011,269,924,0
4012,661,560,1
4013,1083,1093,0
4014,1106,1007,0
4015,70,279,1
4016,410,421,1
4017,792,311,1
4018,611,806,0
4019,515,410,1
4020,960,634,0
4021,887,288,0
4022,222,290,1
4023,19,670,1
4024,727,303,1
4025,605,350,0
4026,461,1118,0
4027,909,233,1
4028,703,535,1
4029,935,109,0
4030,966,291,0
4031,1004,1073,0
4032,713,858,0
4033,422,55,0
4034,602,288,1
4035,629,1092,1
4036,269,253,0
4037,441,754,0
4038,774,188,0
4039,151,408,1
4040,1071,19,1
4041,706,782,1
4042,470,586,0
4043,706,549,1
4044,602,495,1
4045,1071,475,0
4046,1034,935,0
4047,817,847,1
4048,1063,935,1
4049,222,683,1
4050,408,750,0
4051,634,411,1
4052,552,699,0
4053,790,184,0
4054,765,131,1
4055,858,1007,0
4056,467,268,0
4057,1092,999,1
4058,2,99,0
4059,1080,753,1
4060,1025,163,0
4061,781,242,1
4062,1063,1026,1
4063,250,594,0
4064,822,909,0
4065,1046,88,1
4066,242,13,0
4067,89,1071,0
4068,63,181,0
4069,408,618,0
4070,732,331,1
4071,935,498,0
4072,769,828,1
4073,549,705,0
4074,548,1101,0
4075,681,367,1
4076,1085,337,1
4077,1012,432,1
4078,300,676,0
4079,189,926,0
4080,47,242,0
4081,763,610,0
4082,335,856,1
4083,231,163,0
4084,177,552,1
4085,58,828,1
4086,417,889,1
4087,1092,338,0
4088,1080,1013,1
4089,1109,1069,1
4090,105,546,1
4091,727,839,0
4092,426,7,1
4093,670,803,1
4094,12,936,0
4095,443,296,1
4096,848,12,1
4097,367,14,0
4098,703,356,1
4099,222,343,1
4100,282,849,1
4101,264,446,1
4102,644,546,1
4103,173,872,1
4104,441,297,1
4105,590,726,0
4106,914,936,0
4107,1092,854,1
4108,743,128,0
4109,713,995,1
4110,607,173,0
4111,491,289,0
4112,533,553,0
4113,681,23,0
4114,548,788,1
4115,384,436,1
4116,1088,689,0
4117,445,275,1
4118,271,1103,1
4119,781,353,1
4120,872,915,0
4121,732,774,1
4122,267,596,0
4123,91,909,1
4124,732,557,1
4125,25,279,1
4126,965,100,1
4127,641,153,0
4128,482,6,0
4129,699,1092,1
4130,1080,440,1
4131,607,51,0
4132,217,451,0
4133,690,671,0
4134,974,21,0
4135,425,9,1
4136,1069,197,1
4137,644,638,0
4138,1011,479,1
4139,48,676,0
4140,878,176,1
4141,565,119,0
4142,791,785,1
4143,665,704,1
4144,266,249,1
4145,83,59,1
4146,443,470,1
4147,1110,734,0
4148,828,710,1
4149,717,843,0
4150,1114,42,1
4151,781,417,1
4152,641,646,1
4153,670,484,0
4154,1098,446,1
4155,510,828,1
4156,246,903,0
4157,590,359,0
4158,212,127,0
4159,909,691,1
4160,48,790,0
4161,706,124,1
4162,264,355,1
4163,151,120,1
4164,1098,424,0
4165,500,24,0
4166,929,864,1
4167,47,508,0
4168,496,819,0
4169,519,833,0
4170,627,175,0
4171,431,1069,1
4172,182,84,0
4173,153,1106,1
4174,177,973,0
4175,939,982,0
4176,610,849,1
4177,204,279,0
4178,1063,1112,1
4179,806,59,1
4180,12,240,1
4181,605,1110,1
4182,1063,206,1
4183,944,337,1
4184,764,402,1
4185,15,250,0
4186,790,65,0
4187,1101,378,0
4188,951,665,0
4189,1026,484,1
4190,1103,87,0
4191,22,340,0
4192,954,375,0
4193,666,502,0
4194,1092,663,1
4195,1115,685,0
4196,778,798,0
4197,450,633,1
4198,846,200,0
4199,382,505,0
4200,507,1056,0
4201,12,643,0
4202,744,1011,0
4203,642,41,0
4204,1036,817,0
4205,1100,179,1
4206,909,557,1
4207,1088,340,0
4208,59,1107,1
4209,607,81,1
4210,613,1085,1
4211,746,601,1
4212,765,705,0
4213,105,9,0
4214,531,445,0
4215,450,1064,1
4216,829,1057,0
4217,482,952,0
4218,606,929,1
4219,409,210,0
4220,397,949,1
4221,949,495,1
4222,730,552,1
4223,887,1012,0
4224,764,346,1
4225,957,980,0
4226,894,131,1
4227,1080,365,1
4228,238,143,0
4229,435,357,1
4230,1100,828,1
4231,106,508,1
4232,19,510,1
4233,1100,114,1
4234,861,948,0
4235,520,934,0
4236,20,91,0
4237,401,544,1
4238,343,231,0
4239,298,387,0
4240,909,731,1
4241,80,547,1
4242,178,188,0
4243,222,372,1
4244,297,963,0
4245,1009,950,0
4246,634,405,1
4247,552,39,0
4248,75,847,0
4249,1078,1106,1
4250,609,13,0
4251,800,101,0
4252,902,187,1
4253,270,85,0
4254,441,73,0
4255,215,106,0
4256,91,1095,0
4257,151,1006,1
4258,990,142,0
4259,267,1087,0
4260,1086,767,0
4261,681,380,0
4262,682,902,1
4263,673,250,1
4264,623,410,1
4265,722,238,0
4266,80,1027,1
4267,352,608,0
4268,267,191,0
4269,282,610,1
4270,578,961,0
4271,74,511,1
4272,909,945,1
4273,100,207,0
4274,9,770,0
4275,105,721,0
4276,790,414,0
4277,231,804,0
4278,732,742,1
4279,494,703,1
4280,240,204,0
4281,222,314,1
4282,401,113,1
4283,257,737,0
4284,120,802,0
4285,781,927,1
4286,481,280,0
4287,95,902,0
4288,401,15,1
4289,231,885,0
4290,993,279,1
4291,289,479,1
4292,769,480,1
4293,373,652,1
4294,990,620,1
4295,243,12,0
4296,16,356,0
4297,382,771,0
4298,112,12,1
4299,458,1049,0
4300,148,844,0
4301,578,650,0
4302,705,287,0
4303,264,266,1
4304,8,184,0
4305,828,631,1
4306,909,102,1
4307,443,751,0
4308,777,173,0
4309,781,630,1
4310,872,463,1
4311,144,297,1
4312,444,564,0
4313,844,788,0
4314,1050,297,1
4315,567,1097,0
4316,909,838,1
4317,249,719,0
4318,75,919,0
4319,474,641,0
4320,1085,297,1
4321,909,1115,1
4322,335,546,1
4323,490,543,1
4324,1092,666,1
4325,467,269,0
4326,534,858,0
4327,104,875,1
4328,491,988,0
4329,82,669,1
4330,1114,579,1
4331,28,383,0
4332,393,542,0
4333,1080,501,1
4334,403,33,0
4335,977,669,0
4336,993,630,1
4337,423,283,0
4338,222,752,1
4339,732,480,1
4340,191,504,0
4341,334,959,0
4342,1111,253,1
4343,403,490,1
4344,1080,980,1
4345,559,361,0
4346,1080,814,1
4347,253,129,0
4348,227,56,0
4349,515,608,0
4350,939,232,0
4351,264,55,1
4352,615,363,0
4353,574,627,1
4354,6,137,0
4355,112,1071,1
4356,881,254,0
4357,675,604,0
4358,384,359,0
4359,634,838,1
4360,1034,593,0
4361,995,1016,0
4362,824,483,1
4363,40,1092,1
4364,120,1092,1
4365,669,1004,1
4366,960,1012,1
4367,842,828,1
4368,80,264,1
4369,1038,631,1
4370,995,1012,0
4371,828,42,1
4372,1075,740,1
4373,629,463,1
4374,458,925,0
4375,602,403,1
4376,481,531,0
4377,1111,727,1
4378,74,926,1
4379,909,840,1
4380,828,682,1
4381,704,1094,0
4382,617,1089,0
4383,1114,814,0
4384,764,983,0
4385,410,11,0
4386,791,758,0
4387,262,889,1
4388,751,592,0
4389,263,100,0
4390,443,872,1
4391,733,963,0
4392,650,423,1
4393,1009,215,0
4394,289,5,0
4395,673,384,1
4396,769,401,1
4397,661,1106,1
4398,1114,1006,0
4399,443,755,1
4400,75,806,1
4401,236,706,0
4402,641,435,1
4403,1025,1017,0
4404,770,42,1
4405,1103,624,0
4406,634,1047,1
4407,556,441,0
4408,5,812,0
4409,535,0,0
4410,28,297,1
4411,828,860,1
4412,362,749,0
4413,266,575,0
4414,690,825,1
4415,426,59,1
4416,602,745,0
4417,909,514,1
4418,1115,505,0
4419,271,996,0
4420,15,403,0
4421,604,25,0
4422,602,1003,0
4423,393,482,0
4424,721,103,0
4425,443,81,1
4426,1063,1052,1
4427,1080,779,1
4428,727,137,1
4429,1111,110,1
4430,72,373,0
4431,16,81,0
4432,543,8,0
4433,982,1011,0
4434,246,851,0
4435,593,325,0
4436,650,574,1
4437,882,439,1
4438,190,24,0
4439,706,591,1
4440,1088,337,0
4441,144,932,1
4442,1111,100,1
4443,450,91,1
4444,141,868,0
4445,457,807,0
4446,454,490,1
4447,40,473,0
4448,231,242,0
4449,91,59,1
4450,834,826,0
4451,980,568,0
4452,712,1077,0
4453,780,627,1
4454,263,145,0
4455,1080,415,1
4456,483,1108,1
4457,497,1057,0
4458,252,234,0
4459,1063,269,1
4460,486,416,0
4461,630,957,0
4462,15,130,0
4463,297,940,1
4464,1106,1118,1
4465,543,1016,0
4466,864,442,0
4467,846,426,1
4468,670,311,0
4469,441,601,1
4470,40,95,1
4471,817,262,1
4472,761,760,0
4473,861,627,0
4474,490,683,0
4475,593,932,0
4476,48,907,0
4477,384,59,1
4478,370,874,1
4479,39,146,0
4480,819,158,0
4481,965,551,0
4482,250,355,0
4483,445,1031,1
4484,407,26,0
4485,601,1113,1
4486,732,484,1
4487,486,567,1
4488,567,399,0
4489,990,414,1
4490,222,103,1
4491,590,1114,0
4492,1092,949,1
4493,847,932,1
4494,81,1030,1
4495,889,389,1
4496,422,114,0
4497,1017,671,0
4498,679,503,0
4499,834,351,0
4500,1006,544,0
4501,104,856,1
4502,1063,1021,1
4503,955,1068,0
4504,373,606,0
4505,713,362,0
4506,293,518,0
4507,713,159,0
4508,543,61,0
4509,564,261,1
4510,335,240,1
4511,660,43,0
4512,227,187,1
4513,695,384,1
4514,423,660,0
4515,1024,388,0
4516,824,71,0
4517,1025,901,1
4518,645,420,1
4519,828,872,1
4520,293,647,0
4521,1092,454,1
4522,710,949,0
4523,1069,385,0
4524,995,596,0
4525,299,237,0
4526,565,1104,0
4527,409,494,0
4528,1066,991,0
4529,100,811,1
4530,944,895,0
4531,1100,775,1
4532,165,9,0
4533,1009,663,0
4534,543,261,0
4535,204,286,0
4536,710,1043,1
4537,340,814,0
4538,1109,185,1
4539,969,888,0
4540,746,953,0
4541,384,91,1
4542,198,381,0
4543,703,1101,1
4544,909,465,0
4545,634,283,1
4546,978,28,1
4547,785,70,1
4548,449,1076,0
4549,443,765,1
4550,878,259,0
4551,392,646,0
4552,1092,2,1
4553,490,734,1
4554,1111,442,1
4555,710,318,1
4556,1080,393,1
4557,1099,281,0
4558,1028,642,0
4559,728,577,0
4560,863,1096,0
4561,742,732,1
4562,767,936,0
4563,414,125,0
4564,556,842,1
4565,479,490,1
4566,732,969,1
4567,510,40,1
4568,617,191,0
4569,74,1096,0
4570,847,663,1
4571,283,524,0
4572,646,250,1
4573,146,318,0
4574,444,279,0
4575,781,603,1
4576,296,1019,0
4577,82,330,1
4578,617,81,0
4579,483,153,1
4580,254,813,0
4581,1080,1084,1
4582,548,740,0
4583,35,391,0
4584,802,451,0
4585,166,790,0
4586,774,548,0
4587,1118,449,0
4588,498,278,1
4589,306,1073,0
4590,781,800,0
4591,16,1065,0
4592,222,190,1
4593,1092,1050,1
4594,91,665,1
4595,828,340,1
4596,665,261,1
4597,443,1044,1
4598,828,398,1
4599,965,111,0
4600,12,316,1
4601,141,546,1
4602,1080,294,1
4603,425,987,0
4604,817,732,1
4605,348,863,0
4606,1046,595,0
4607,463,872,1
4608,595,410,1
4609,737,252,0
4610,1038,357,1
4611,82,112,1
4612,340,668,0
4613,652,328,0
4614,871,185,0
4615,83,287,0
4616,191,415,1
4617,969,436,0
4618,432,415,0
4619,227,876,0
4620,644,432,0
4621,1063,1071,1
4622,401,842,1
4623,91,266,1
4624,74,68,1
4625,703,290,1
4626,684,1085,1
4627,59,828,1
4628,1088,939,1
4629,580,933,0
4630,1028,262,0
4631,159,94,0
4632,556,203,1
4633,334,613,0
4634,12,780,1
4635,828,224,1
4636,441,703,1
4637,215,613,0
4638,59,504,1
4639,556,625,0
4640,1066,744,0
4641,121,604,0
4642,1080,1078,1
4643,929,227,0
4644,389,1050,1
4645,551,448,0
4646,958,250,1
4647,384,1071,1
4648,82,973,0
4649,1063,30,1
4650,443,704,1
4651,372,88,1
4652,769,1075,0
4653,773,150,0
4654,426,1112,0
4655,161,546,1
4656,1080,28,1
4657,566,1004,0
4658,89,777,0
4659,160,202,0
4660,1050,361,1
4661,794,19,1
4662,450,480,1
4663,681,319,1
4664,982,899,1
4665,552,780,1
4666,208,349,0
4667,728,785,1
4668,74,560,1
4669,643,498,1
4670,1012,767,0
4671,262,841,1
4672,309,650,1
4673,299,978,1
4674,1092,217,1
4675,927,374,0
4676,535,227,1
4677,634,153,1
4678,80,655,1
4679,732,339,1
4680,590,1100,0
4681,843,835,0
4682,1095,456,0
4683,1080,59,1
4684,675,229,0
4685,59,423,1
4686,486,1032,0
4687,828,569,1
4688,316,103,0
4689,990,339,1
4690,682,435,1
4691,670,568,0
4692,410,340,1
4693,335,828,1
4694,475,1088,0
4695,506,179,0
4696,532,461,1
4697,242,645,0
4698,1027,536,0
4699,965,668,0
4700,1069,91,1
4701,426,465,1
4702,1100,625,1
4703,510,695,1
4704,1025,85,0
4705,1111,141,1
4706,1044,455,1
4707,926,2,0
4708,491,474,0
4709,1080,216,1
4710,927,641,1
4711,206,946,1
4712,983,747,0
4713,297,395,1
4714,172,238,0
4715,188,1056,0
4716,533,504,0
4717,445,811,1
4718,356,629,1
4719,215,509,0
4720,1080,218,1
4721,1063,978,1
4722,99,143,1
4723,995,100,0
4724,337,780,1
4725,1080,303,1
4726,190,18,0
4727,1103,465,0
4728,388,561,1
4729,568,380,0
4730,1092,1082,1
4731,173,1028,1
4732,146,460,0
4733,822,762,0
4734,122,562,0
4735,250,1113,1
4736,822,627,0
4737,617,824,1
4738,668,970,0
4739,1094,654,0
4740,39,805,0
4741,627,34,0
4742,71,878,0
4743,606,71,0
4744,1080,156,1
4745,965,70,1
4746,298,670,0
4747,74,810,1
4748,96,236,0
4749,763,908,0
4750,515,483,1
4751,1080,795,1
4752,668,236,0
4753,183,151,0
4754,196,371,0
4755,642,201,1
4756,356,428,0
4757,482,905,0
4758,965,685,1
4759,901,993,0
4760,1073,122,0
4761,669,657,1
4762,753,360,0
4763,91,668,1
4764,236,796,0
4765,206,997,0
4766,435,212,0
4767,874,24,0
4768,122,285,0
4769,297,24,0
4770,601,870,0
4771,566,478,0
4772,403,854,1
4773,164,1077,0
4774,231,100,1
4775,1092,992,1
4776,1080,900,1
4777,1109,119,0
4778,909,566,1
4779,972,1091,0
4780,605,21,1
4781,403,426,1
4782,1050,541,1
4783,966,408,0
4784,748,699,1
4785,882,572,0
4786,665,954,0
4787,403,1046,1
4788,732,567,1
4789,95,173,1
4790,815,995,1
4791,1015,420,0
4792,443,289,1
4793,423,297,1
4794,695,703,0
4795,1050,561,0
4796,267,234,0
4797,642,766,0
4798,727,957,1
4799,443,372,1
4800,746,308,0
4801,188,943,0
4802,122,911,0
4803,559,512,0
4804,975,61,0
4805,122,399,0
4806,727,1098,1
4807,828,582,1
4808,665,1106,1
4809,791,1053,0
4810,732,769,1
4811,417,1092,1
4812,990,964,0
4813,79,256,0
4814,1092,355,1
4815,264,1034,1
4816,411,918,0
4817,786,971,0
4818,826,484,0
4819,49,409,1
4820,703,1052,1
4821,188,769,1
4822,1096,700,0
4823,828,745,0
4824,1064,1101,1
4825,817,329,1
4826,490,479,1
4827,670,426,1
4828,937,660,0
4829,528,303,0
4830,955,223,0
4831,1063,72,1
4832,909,1013,1
4833,815,557,0
4834,1063,280,1
4835,822,902,0
4836,847,150,1
4837,893,1089,0
4838,403,891,1
4839,1046,737,0
4840,970,782,0
4841,894,124,0
4842,379,833,0
4843,977,414,0
4844,236,164,0
4845,497,617,1
4846,668,1069,0
4847,74,931,1
4848,208,1089,0
4849,490,243,0
4850,1063,843,1
4851,271,318,0
4852,727,556,1
4853,264,823,1
4854,874,259,0
4855,143,505,0
4856,780,669,0
4857,764,776,1
4858,620,260,0
4859,197,758,0
4860,1045,109,0
4861,277,267,0
4862,173,510,1
4863,33,344,0
4864,414,50,0
4865,1092,311,1
4866,279,993,1
4867,574,456,1
4868,727,806,1
4869,28,105,1
4870,82,606,1
4871,828,136,1
4872,442,614,0
4873,470,205,0
4874,383,563,0
4875,1108,447,0
4876,533,143,0
4877,231,445,1
4878,793,392,0
4879,275,912,0
4880,185,277,0
4881,909,926,1
4882,177,768,0
4883,661,770,1
4884,590,613,0
4885,445,730,1
4886,414,604,0
4887,149,662,0
4888,275,557,0
4889,669,182,0
4890,482,810,0
4891,909,15,1
4892,642,326,0
4893,222,722,1
4894,12,717,1
4895,929,505,1
4896,33,798,0
4897,317,463,0
4898,539,740,0
4899,1028,258,0
4900,730,389,0
4901,185,305,0
4902,706,931,0
4903,763,998,0
4904,506,82,0
4905,271,331,0
4906,617,922,0
4907,769,1113,1
4908,239,165,0
4909,881,79,1
4910,382,570,0
4911,377,706,1
4912,74,352,1
4913,449,785,1
4914,567,194,0
4915,966,990,0
4916,519,28,0
4917,197,817,1
4918,1006,1014,1
4919,218,415,1
4920,151,236,1
4921,448,198,1
4922,1044,197,0
4923,1105,411,0
4924,705,868,0
4925,48,309,1
4926,847,284,0
4927,1092,1106,1
4928,889,732,1
4929,669,442,0
4930,74,587,0
4931,666,135,0
4932,194,1017,0
4933,602,706,1
4934,335,331,1
4935,567,1065,0
4936,146,496,1
4937,909,774,1
4938,297,91,1
4939,483,623,1
4940,238,785,0
4941,59,694,1
4942,665,74,1
4943,1098,778,0
4944,150,412,1
4945,206,644,0
4946,1006,1118,0
4947,842,233,0
4948,282,284,1
4949,496,984,0
4950,339,102,0
4951,497,847,1
4952,514,368,0
4953,730,860,0
4954,1070,943,0
4955,173,998,1
4956,423,209,0
4957,1027,602,1
4958,935,1095,0
4959,183,263,0
4960,1095,558,0
4961,1115,1114,1
4962,74,505,1
4963,695,998,1
4964,475,395,0
4965,198,567,1
4966,208,284,0
4967,792,731,0
4968,334,62,0
4969,646,456,0
4970,881,639,0
4971,1080,273,1
4972,520,1021,1
4973,141,799,0
4974,828,693,1
4975,1100,349,1
4976,665,619,0
4977,1080,883,1
4978,443,495,1
4979,91,436,1
4980,376,1092,1
4981,146,377,0
4982,781,441,1
4983,1063,107,1
4984,627,574,1
4985,376,839,0
4986,1075,16,1
4987,644,1001,0
4988,44,701,0
4989,231,309,1
4990,80,408,1
4991,191,788,1
4992,537,376,0
4993,102,326,0
4994,1045,798,0
4995,535,309,1
4996,183,799,0
4997,498,1026,1
4998,250,1106,1
4999,121,222,1
5000,48,703,1
5001,324,126,0
5002,713,799,0
5003,1080,350,1
5004,361,523,0
5005,706,15,1
5006,218,577,1
5007,148,174,0
5008,13,611,0
5009,1114,614,1
5010,706,683,1
5011,969,955,1
5012,607,542,0
5013,467,776,0
5014,335,349,1
5015,781,853,0
5016,296,10,0
5017,403,699,1
5018,483,917,1
5019,833,30,1
5020,1111,560,1
5021,335,99,1
5022,821,365,1
5023,1086,141,1
5024,377,602,0
5025,491,609,0
5026,21,194,0
5027,279,36,0
5028,425,203,1
5029,627,923,0
5030,1012,1104,0
5031,607,448,1
5032,610,889,1
5033,389,694,1
5034,888,310,0
5035,1088,1070,0
5036,759,1091,0
5037,262,794,0
5038,222,901,1
5039,1089,479,1
5040,634,531,1
5041,1092,932,1
5042,59,693,0
5043,1106,376,1
5044,458,910,0
5045,356,12,1
5046,411,166,0
5047,443,303,1
5048,1100,880,1
5049,104,331,1
5050,426,559,1
5051,591,752,0
5052,736,811,1
5053,661,704,1
5054,698,681,1
5055,450,454,1
5056,781,692,1
5057,681,558,1
5058,505,562,0
5059,443,643,1
5060,1038,698,1
5061,767,394,0
5062,79,213,0
5063,811,177,1
5064,80,6,1
5065,940,891,1
5066,522,544,0
5067,218,817,1
5068,1106,1082,1
5069,1080,343,1
5070,222,894,1
5071,781,2,1
5072,1063,306,1
5073,1100,629,1
5074,486,215,1
5075,426,21,1
5076,337,765,0
5077,551,937,0
5078,489,1080,1
5079,377,933,1
5080,528,17,0
5081,164,311,0
5082,1096,362,0
5083,223,406,0
5084,244,72,1
5085,109,1048,1
5086,710,634,1
5087,944,971,0
5088,151,600,1
5089,377,929,1
5090,329,197,0
5091,89,828,1
5092,641,902,1
5093,842,579,0
5094,49,538,0
5095,806,823,0
5096,91,40,1
5097,792,596,0
5098,665,417,1
5099,655,190,0
5100,688,194,0
5101,551,412,0
5102,417,371,0
5103,949,684,0
5104,6,1043,0
5105,549,813,0
5106,729,1001,0
5107,23,379,0
5108,661,594,0
5109,568,25,0
5110,549,700,1
5111,703,828,1
5112,828,909,1
5113,106,495,1
5114,297,541,1
5115,666,555,0
5116,828,932,1
5117,817,59,1
5118,932,144,1
5119,149,868,0
5120,533,629,0
5121,1075,1062,0
5122,721,242,0
5123,110,34,0
5124,909,620,1
5125,1018,616,0
5126,1112,817,1
5127,21,426,1
5128,548,646,1
5129,1100,792,1
5130,124,27,0
5131,1101,203,1
5132,722,22,0
5133,1100,289,1
5134,1075,779,0
5135,196,549,0
5136,215,638,0
5137,819,1093,0
5138,510,95,1
5139,264,303,1
5140,112,260,1
5141,591,1085,0
5142,215,339,1
5143,1006,455,1
5144,23,150,0
5145,212,413,0
5146,24,356,0
5147,976,171,1
5148,277,59,1
5149,264,954,1
5150,100,1108,0
5151,151,1044,1
5152,526,1081,1
5153,497,90,0
5154,872,173,1
5155,99,150,1
5156,337,718,0
5157,298,1102,0
5158,425,1109,0
5159,151,1030,1
5160,1106,42,1
5161,299,262,1
5162,1092,535,0
5163,1010,107,0
5164,909,889,1
5165,842,384,1
5166,714,110,0
5167,414,990,1
5168,656,558,1
5169,894,214,0
5170,846,12,1
5171,593,513,0
5172,7,486,1
5173,491,966,0
5174,269,691,0
5175,450,461,1
5176,652,281,0
5177,417,59,1
5178,727,321,0
5179,857,1115,0
5180,1020,283,0
5181,275,1109,0
5182,564,1048,0
5183,454,125,0
5184,628,755,0
5185,574,481,0
5186,1106,513,1
5187,146,393,1
5188,151,180,1
5189,591,1106,1
5190,368,144,0
5191,401,785,1
5192,728,827,0
5193,978,1114,1
5194,1063,1114,1
5195,987,865,0
5196,376,939,1
5197,540,17,0
5198,828,1053,1
5199,494,933,0
5200,417,1050,1
5201,37,901,0
5202,1035,1091,0
5203,882,766,0
5204,1105,795,0
5205,547,916,0
5206,672,247,0
5207,298,797,0
5208,615,854,0
5209,148,483,1
5210,485,49,0
5211,31,634,1
5212,660,91,1
5213,392,541,1
5214,769,543,1
5215,1080,847,1
5216,171,1106,0
5217,675,596,0
5218,1063,217,1
5219,383,379,0
5220,177,728,1
5221,602,222,1
5222,995,717,0
5223,866,966,0
5224,965,177,1
5225,634,846,1
5226,730,278,1
5227,770,88,1
5228,100,1031,1
5229,515,782,0
5230,297,53,0
5231,363,172,0
5232,730,100,1
5233,261,452,0
5234,443,1033,1
5235,6,1077,0
5236,602,753,1
5237,485,600,0
5238,828,858,1
5239,264,1046,1
5240,1080,763,1
5241,13,661,1
5242,710,933,1
5243,376,73,0
5244,361,1098,0
5245,277,441,1
5246,774,382,1
5247,732,368,1
5248,945,151,0
5249,449,58,0
5250,1080,1022,1
5251,1106,213,0
5252,450,74,1
5253,781,384,1
5254,74,852,1
5255,425,746,1
5256,441,940,1
5257,630,1009,1
5258,442,1031,0
5259,440,903,0
5260,6,734,0
5261,1080,657,1
5262,858,889,1
5263,1114,35,1
5264,206,421,0
5265,95,588,0
5266,403,827,1
5267,660,1031,0
5268,1094,88,1
5269,408,206,0
5270,371,866,0
5271,343,456,1
5272,558,483,1
5273,500,205,0
5274,443,608,1
5275,432,100,1
5276,617,282,1
5277,883,1028,0
5278,173,939,0
5279,71,614,0
5280,1072,711,0
5281,401,250,1
5282,95,729,0
5283,1100,1036,1
5284,490,91,1
5285,669,172,0
5286,828,397,1
5287,993,965,1
5288,1010,1027,1
5289,610,297,1
5290,510,433,0
5291,441,998,1
5292,40,608,0
5293,363,679,0
5294,749,12,1
5295,109,698,1
5296,397,872,0
5297,227,472,0
5298,491,410,0
5299,1009,432,1
5300,1106,497,0
5301,780,12,1
5302,705,1092,1
5303,204,559,0
5304,112,229,0
5305,1030,844,0
5306,474,467,0
5307,914,202,0
5308,785,730,1
5309,443,792,1
5310,871,939,1
5311,692,412,0
5312,91,471,1
5313,1028,321,0
5314,58,444,0
5315,7,483,1
5316,921,568,0
5317,652,307,0
5318,933,7,0
5319,531,125,0
5320,1063,737,1
5321,432,717,0
5322,627,275,1
5323,932,497,1
5324,1009,841,0
5325,47,316,0
5326,978,817,1
5327,5,100,0
5328,749,1107,0
5329,953,870,0
5330,711,615,0
5331,483,945,1
5332,490,743,0
5333,909,22,1
5334,1080,199,1
5335,486,198,1
5336,519,495,0
5337,790,808,0
5338,569,43,0
5339,410,7,1
5340,940,728,0
5341,506,966,0
5342,706,275,0
5343,645,395,1
5344,1010,722,1
5345,608,401,0
5346,483,828,1
5347,847,602,0
5348,878,108,0
5349,983,151,1
5350,1025,160,0
5351,59,625,1
5352,441,585,1
5353,177,463,0
5354,781,471,1
5355,1009,824,0
5356,12,848,1
5357,781,643,1
5358,61,753,1
5359,817,281,0
5360,889,297,1
5361,334,402,0
5362,222,479,1
5363,450,825,1
5364,706,483,1
5365,872,175,0
5366,544,1092,1
5367,260,198,1
5368,909,456,1
5369,1070,329,0
5370,1108,783,0
5371,759,421,0
5372,261,988,0
5373,656,289,1
5374,250,340,1
5375,1098,803,0
5376,147,775,0
5377,829,786,0
5378,1094,691,1
5379,2,96,0
5380,2,557,1
5381,668,540,0
5382,334,302,0
5383,515,250,1
5384,100,275,1
5385,966,471,0
5386,300,991,0
5387,461,870,0
5388,552,445,1
5389,278,410,0
5390,106,262,1
5391,189,408,0
5392,74,209,0
5393,1063,92,1
5394,974,893,0
5395,520,383,0
5396,105,10,0
5397,721,273,0
5398,215,38,0
5399,401,554,1
5400,828,355,1
5401,630,593,0
5402,436,1028,1
5403,200,266,1
5404,990,88,1
5405,824,423,1
5406,490,222,1
5407,1066,1106,0
5408,1071,1092,1
5409,1050,120,1
5410,781,809,1
5411,694,897,1
5412,681,1107,0
5413,611,1052,0
5414,426,1028,1
5415,1080,463,1
5416,416,705,1
5417,556,502,1
5418,650,309,1
5419,15,843,0
5420,541,27,0
5421,791,100,1
5422,1106,479,1
5423,917,346,0
5424,361,650,0
5425,489,86,0
5426,828,583,1
5427,828,773,1
5428,1031,1009,1
5429,1013,189,0
5430,458,436,0
5431,608,119,0
5432,218,435,1
5433,250,403,1
5434,470,1092,1
5435,971,929,0
5436,828,608,1
5437,778,1094,1
5438,191,107,1
5439,143,1066,0
5440,494,716,0
5441,1080,821,1
5442,80,137,0
5443,206,78,0
5444,565,708,0
5445,337,863,0
5446,753,372,1
5447,410,1038,1
5448,732,303,1
5449,656,655,0
5450,95,996,0
5451,83,230,0
5452,266,656,0
5453,1092,516,1
5454,194,455,1
5455,59,602,1
5456,150,1033,1
5457,1050,868,1
5458,889,828,1
5459,982,419,1
5460,423,601,0
5461,1111,461,1
5462,467,258,0
5463,909,368,1
5464,190,1060,0
5465,678,629,0
5466,74,875,1
5467,122,470,0
5468,191,817,1
5469,1063,566,0
5470,1080,823,1
5471,489,1069,0
5472,445,728,1
5473,1094,47,0
5474,474,188,0
5475,871,159,0
5476,945,1091,0
5477,817,855,0
5478,630,1112,0
5479,486,534,1
5480,710,753,1
5481,222,213,1
5482,1011,98,0
5483,665,937,1
5484,585,629,1
5485,846,876,0
5486,848,634,0
5487,1010,571,1
5488,893,90,0
5489,690,848,0
5490,222,99,1
5491,1110,1017,1
5492,1017,605,1
5493,643,74,1
5494,713,295,0
5495,1113,587,0
5496,1028,824,0
5497,318,91,1
5498,1018,178,0
5499,791,70,1
5500,1017,378,0
5501,695,40,1
5502,1092,463,1
5503,173,1092,1
5504,694,134,0
5505,1103,321,0
5506,889,847,1
5507,183,187,0
5508,721,622,0
5509,384,585,1
5510,605,1017,1
5511,457,326,0
5512,763,856,0
5513,821,544,1
5514,1066,479,0
5515,843,100,1
5516,1113,467,0
5517,781,735,1
5518,706,410,1
5519,1100,1114,0
5520,669,670,1
5521,877,587,0
5522,526,463,0
5523,59,650,1
5524,243,404,0
5525,317,636,0
5526,781,100,1
5527,440,1035,0
5528,706,661,0
5529,694,389,1
5530,376,658,0
5531,1050,389,1
5532,1108,947,0
5533,698,619,0
5534,556,815,1
5535,40,301,0
5536,106,329,1
5537,993,100,1
5538,634,527,1
5539,504,297,1
5540,397,961,0
5541,89,217,0
5542,1038,403,1
5543,24,302,0
5544,21,685,0
5545,641,927,1
5546,926,628,0
5547,59,841,1
5548,1085,1112,0
5549,1080,264,0
5550,819,960,0
5551,342,760,1
5552,222,992,1
5553,1080,607,0
5554,932,599,1
5555,703,1050,1
5556,481,779,0
5557,944,735,0
5558,800,1004,0
5559,754,331,0
5560,263,494,0
5561,732,998,1
5562,706,61,1
5563,1006,895,0
5564,678,660,0
5565,699,117,0
5566,556,675,1
5567,81,506,0
5568,445,630,1
5569,1099,1101,0
5570,1034,1032,0
5571,623,345,0
5572,601,20,0
5573,1073,619,0
5574,1092,753,1
5575,448,585,0
5576,817,16,1
5577,909,1006,1
5578,889,541,1
5579,1085,20,0
5580,124,573,0
5581,1080,2,1
5582,1027,420,0
5583,426,163,1
5584,1108,1073,0
5585,520,620,1
5586,144,504,1
5587,742,626,0
5588,425,141,0
5589,206,150,1
5590,1063,532,1
5591,1036,302,1
5592,1080,236,1
5593,673,425,0
5594,231,337,1
5595,417,110,1
5596,781,847,1
5597,1080,450,1
5598,774,417,1
5599,969,594,1
5600,1027,222,1
5601,1100,6,1
5602,146,435,0
5603,450,792,1
5604,761,379,0
5605,732,244,1
5606,1050,324,1
5607,935,535,0
5608,270,1115,1
5609,452,1092,1
5610,1027,390,0
5611,732,393,0
5612,544,824,0
5613,403,585,1
5614,618,195,0
5615,1113,844,1
5616,102,421,1
5617,74,727,1
5618,82,862,1
5619,96,716,0
5620,10,255,0
5621,881,490,0
5622,337,118,0
5623,990,593,0
5624,629,409,1
5625,13,845,0
5626,564,696,0
5627,22,429,0
5628,736,713,0
5629,646,218,1
5630,572,282,0
5631,334,191,0
5632,352,26,0
5633,1011,807,0
5634,972,521,0
5635,475,360,0
5636,791,278,1
5637,802,893,0
5638,803,490,0
5639,803,1001,1
5640,59,420,1
5641,753,896,1
5642,744,765,0
5643,951,456,1
5644,1080,970,1
5645,1096,327,0
5646,497,297,1
5647,292,119,0
5648,574,862,0
5649,550,757,0
5650,59,872,1
5651,1063,1088,1
5652,971,1026,0
5653,926,546,1
5654,271,941,0
5655,179,267,0
5656,665,703,1
5657,1092,495,1
5658,519,546,0
5659,610,31,0
5660,1092,719,1
5661,327,438,0
5662,105,296,0
5663,91,122,1
5664,669,860,0
5665,361,685,0
5666,773,869,0
5667,543,125,0
5668,463,458,0
5669,161,80,1
5670,1107,182,0
5671,535,222,1
5672,21,208,0
5673,567,198,1
5674,80,222,1
5675,283,153,1
5676,218,998,0
5677,417,478,0
5678,909,473,1
5679,250,1036,1
5680,1106,535,0
5681,483,558,1
5682,10,753,0
5683,445,944,1
5684,580,752,0
5685,74,47,1
5686,682,423,1
5687,59,431,1
5688,669,601,0
5689,335,901,1
5690,106,974,0
5691,714,509,0
5692,352,413,0
5693,841,520,0
5694,1105,308,0
5695,1038,107,1
5696,1017,737,1
5697,926,465,1
5698,389,297,1
5699,446,496,1
5700,726,221,0
5701,1080,1051,0
5702,1110,141,1
5703,481,97,0
5704,1089,251,0
5705,1080,42,1
5706,634,173,1
5707,514,610,1
5708,80,988,1
5709,601,2,1
5710,1052,430,0
5711,733,405,0
5712,22,260,0
5713,1075,371,1
5714,236,877,0
5715,646,181,1
5716,1107,254,0
5717,415,502,0
5718,377,1045,1
5719,222,746,1
5720,786,1117,0
5721,893,990,1
5722,279,498,1
5723,643,131,0
5724,48,610,0
5725,760,260,0
5726,732,673,1
5727,821,884,0
5728,417,734,1
5729,231,549,0
5730,1038,223,1
5731,617,610,1
5732,318,531,0
5733,605,515,0
5734,653,30,0
5735,222,638,0
5736,367,302,0
5737,441,655,1
5738,237,21,0
5739,314,819,0
5740,785,100,1
5741,431,1110,1
5742,252,969,0
5743,909,283,1
5744,970,1058,0
5745,309,540,0
5746,80,59,1
5747,811,498,1
5748,1115,681,1
5749,283,851,0
5750,43,1101,0
5751,1071,501,0
5752,267,94,0
5753,431,106,0
5754,16,42,1
5755,828,681,0
5756,1036,673,1
5757,528,12,1
5758,1100,787,1
5759,61,6,0
5760,362,761,0
5761,549,900,0
5762,410,1106,1
5763,751,545,0
5764,150,558,1
5765,498,188,1
5766,627,278,1
5767,401,634,1
5768,60,803,0
5769,1106,319,1
5770,403,192,1
5771,215,642,0
5772,780,827,0
5773,1080,630,1
5774,329,546,0
5775,250,605,1
5776,1027,486,0
5777,593,897,0
5778,222,715,0
5779,760,598,0
5780,470,932,1
5781,675,1014,0
5782,634,639,1
5783,1106,515,1
5784,608,1073,0
5785,490,1106,1
5786,695,420,0
5787,1107,886,0
5788,660,431,0
5789,537,995,0
5790,1063,369,1
5791,43,55,0
5792,179,768,0
5793,264,872,1
5794,770,179,0
5795,497,150,1
5796,877,194,0
5797,1103,675,0
5798,264,515,1
5799,177,70,1
5800,82,1006,1
5801,781,258,1
5802,261,749,0
5803,974,821,0
5804,978,672,0
5805,463,200,0
5806,483,868,0
5807,782,140,0
5808,463,554,1
5809,914,121,0
5810,349,98,0
5811,1092,703,1
5812,1031,100,1
5813,821,805,0
5814,208,871,0
5815,728,337,1
5816,348,32,0
5817,1028,518,0
5818,858,847,1
5819,82,480,1
5820,917,340,1
5821,550,695,1
5822,506,851,0
5823,177,717,0
5824,59,806,1
5825,382,386,0
5826,61,348,0
5827,770,457,0
5828,996,794,0
5829,479,585,0
5830,665,109,1
5831,791,279,1
5832,497,282,1
5833,147,766,0
5834,846,154,0
5835,48,87,0
5836,828,67,1
5837,803,155,0
5838,1111,1095,1
5839,297,849,1
5840,811,825,0
5841,645,29,0
5842,746,505,0
5843,99,933,0
5844,393,984,0
5845,297,59,1
5846,497,786,0
5847,223,177,0
5848,70,552,1
5849,792,305,0
5850,28,518,0
5851,1078,1047,0
5852,5,355,1
5853,317,1092,1
5854,423,260,1
5855,377,285,1
5856,1080,794,1
5857,688,771,0
5858,450,504,1
5859,40,537,0
5860,1063,439,1
5861,590,218,0
5862,191,357,1
5863,883,102,0
5864,415,841,1
5865,579,805,1
5866,150,907,0
5867,712,1048,0
5868,656,1080,0
5869,821,803,0
5870,335,1012,1
5871,486,449,1
5872,497,543,1
5873,340,634,1
5874,112,873,0
5875,497,781,1
5876,1050,978,1
5877,519,238,0
5878,147,618,0
5879,1103,952,0
5880,81,198,1
5881,172,1050,0
5882,977,105,0
5883,337,623,0
5884,12,749,1
5885,188,573,0
5886,1092,411,1
5887,474,773,0
5888,794,854,0
5889,721,1023,0
5890,774,279,0
5891,109,785,1
5892,1009,279,1
5893,1086,778,0
5894,119,301,0
5895,955,88,1
5896,5,286,1
5897,183,313,1
5898,1101,964,0
5899,955,706,1
5900,443,842,1
5901,330,258,0
5902,1052,1106,0
5903,1115,921,0
5904,955,284,0
5905,448,607,1
5906,642,959,1
5907,264,361,1
5908,144,599,1
5909,957,860,0
5910,1092,764,0
5911,1024,703,1
5912,246,896,1
5913,678,509,0
5914,823,746,0
5915,828,94,1
5916,978,465,1
5917,435,646,1
5918,732,449,1
5919,504,617,1
5920,846,216,1
5921,627,780,1
5922,1110,515,0
5923,95,89,0
5924,650,498,1
5925,704,131,0
5926,1024,902,0
5927,1105,261,0
5928,91,599,0
5929,1115,105,1
5930,823,1047,0
5931,481,275,0
5932,297,243,1
5933,520,70,0
5934,263,895,0
5935,595,863,1
5936,450,998,1
5937,417,847,1
5938,695,71,0
5939,590,1102,0
5940,643,198,1
5941,672,518,0
5942,605,1106,1
5943,370,481,0
5944,24,801,0
5945,1050,553,0
5946,10,420,0
5947,443,319,0
5948,601,250,1
5949,1115,661,1
5950,260,112,1
5951,59,90,1
5952,737,141,1
5953,443,222,1
5954,100,70,1
5955,537,124,0
5956,793,823,1
5957,450,776,1
5958,136,693,0
5959,1010,899,0
5960,275,589,0
5961,828,316,1
5962,373,346,0
5963,694,262,1
5964,275,202,0
5965,1092,799,0
5966,1114,607,1
5967,79,948,0
5968,578,648,0
5969,552,990,0
5970,1075,410,0
5971,567,1106,1
5972,749,732,0
5973,5,223,1
5974,774,637,0
5975,627,337,1
5976,293,902,0
5977,59,617,1
5978,602,567,1
5979,35,242,0
5980,861,91,1
5981,1025,952,0
5982,1085,82,1
5983,327,834,0
5984,552,979,0
5985,19,74,1
5986,121,450,0
5987,74,42,1
5988,443,71,1
5989,222,201,1
5990,610,497,1
5991,937,926,1
5992,178,553,0
5993,531,462,0
5994,264,325,0
5995,1100,1033,1
5996,297,284,1
5997,522,373,0
5998,377,50,1
5999,684,98,0
6000,505,345,0
6001,617,599,1
6002,60,189,0
6003,74,1052,1
6004,703,463,1
6005,1100,420,1
6006,615,450,0
6007,49,38,0
6008,377,435,1
6009,828,856,1
6010,414,509,0
6011,71,440,0
6012,182,151,0
6013,743,256,0
6014,238,301,0
6015,345,466,0
6016,960,178,0
6017,264,1106,1
6018,486,874,1
6019,48,523,0
6020,777,183,0
6021,143,456,0
6022,1101,712,1
6023,223,813,0
6024,243,781,0
6025,889,375,0
6026,828,21,1
6027,785,723,0
6028,877,488,0
6029,278,498,1
6030,773,1080,0
6031,732,510,1
6032,629,1075,0
6033,388,155,0
6034,634,546,1
6035,1080,546,1
6036,458,234,0
6037,1031,951,1
6038,682,481,0
6039,70,445,1
6040,444,613,0
6041,12,587,0
6042,515,517,0
6043,828,531,1
6044,443,731,1
6045,141,737,1
6046,1080,625,1
6047,166,225,0
6048,1106,448,1
6049,417,650,1
6050,309,177,1
6051,643,554,1
6052,204,721,0
6053,909,443,1
6054,694,368,1
6055,940,104,0
6056,151,754,1
6057,383,481,0
6058,828,501,1
6059,690,399,0
6060,765,18,0
6061,608,804,0
6062,781,507,1
6063,504,94,0
6064,1063,415,1
6065,278,445,1
6066,196,466,0
6067,80,705,0
6068,770,334,0
6069,121,1115,1
6070,936,562,0
6071,645,428,1
6072,1063,1005,1
6073,454,536,0
6074,15,113,0
6075,881,167,0
6076,641,357,1
6077,282,599,1
6078,650,1074,0
6079,82,1038,1
6080,479,579,1
6081,932,470,1
6082,222,1006,1
6083,161,617,0
6084,829,872,0
6085,74,29,1
6086,329,1014,0
6087,423,993,0
6088,606,469,0
6089,861,1048,0
6090,1073,954,0
6091,297,389,1
6092,764,359,0
6093,909,334,1
6094,620,781,1
6095,694,912,0
6096,82,561,1
6097,538,375,0
6098,790,756,0
6099,388,57,0
6100,63,59,0
6101,927,28,0
6102,515,675,0
6103,744,747,0
6104,417,441,1
6105,432,445,1
6106,6,308,0
6107,732,64,1
6108,777,277,0
6109,105,206,1
6110,222,678,1
6111,1080,817,1
6112,731,235,0
6113,731,1094,0
6114,609,50,0
6115,349,448,0
6116,403,1111,1
6117,74,88,1
6118,491,698,1
6119,634,265,1
6120,940,594,0
6121,721,1015,0
6122,1108,772,0
6123,13,110,1
6124,1080,254,1
6125,909,928,1
6126,843,279,1
6127,817,191,1
6128,327,271,0
6129,1038,439,1
6130,373,1050,1
6131,434,728,0
6132,585,12,1
6133,91,131,1
6134,826,36,0
6135,1100,352,1
6136,191,347,0
6137,764,541,1
6138,543,660,0
6139,717,567,0
6140,1075,295,1
6141,954,1112,0
6142,684,427,0
6143,401,1000,1
6144,1020,967,0
6145,552,977,0
6146,330,975,0
6147,431,667,0
6148,1102,478,0
6149,868,127,0
6150,481,326,0
6151,1111,65,1
6152,22,749,0
6153,792,182,1
6154,828,177,1
6155,99,699,0
6156,889,28,1
6157,945,250,1
6158,730,785,1
6159,1080,773,1
6160,1114,198,1
6161,1075,342,1
6162,1115,454,1
6163,1063,376,1
6164,270,151,0
6165,151,1118,1
6166,266,958,1
6167,317,574,0
6168,843,456,1
6169,514,21,1
6170,841,669,1
6171,266,1092,1
6172,841,297,1
6173,763,420,0
6174,393,496,1
6175,532,745,0
6176,119,795,0
6177,297,1056,0
6178,1063,1031,1
6179,864,19,0
6180,706,850,0
6181,28,263,0
6182,972,1026,0
6183,727,280,0
6184,706,1114,1
6185,206,200,1
6186,1063,691,1
6187,1015,751,1
6188,605,838,0
6189,75,960,0
6190,360,1023,0
6191,926,547,0
6192,403,35,1
6193,672,163,0
6194,551,181,0
6195,1092,356,1
6196,755,1023,0
6197,482,537,0
6198,684,109,1
6199,190,282,0
6200,59,1082,1
6201,178,786,0
6202,1089,986,0
6203,878,128,0
6204,1115,546,1
6205,1091,856,0
6206,727,240,0
6207,39,98,0
6208,722,457,1
6209,861,332,0
6210,222,943,1
6211,828,85,1
6212,699,602,1
6213,974,707,0
6214,668,56,0
6215,728,53,0
6216,1063,1117,1
6217,992,192,0
6218,666,188,0
6219,728,743,1
6220,382,955,0
6221,960,396,0
6222,182,681,0
6223,634,1112,1
6224,35,1114,1
6225,1063,759,1
6226,80,910,1
6227,909,705,1
6228,800,1117,0
6229,198,1030,0
6230,1109,773,1
6231,388,520,0
6232,362,421,0
6233,909,523,1
6234,730,574,1
6235,91,1069,1
6236,480,974,1
6237,1063,996,1
6238,105,404,0
6239,909,900,1
6240,1113,686,0
6241,751,98,0
6242,1115,983,1
6243,450,708,1
6244,435,557,1
6245,494,287,0
6246,1083,340,0
6247,792,106,1
6248,602,147,1
6249,10,531,0
6250,692,1076,0
6251,1038,295,0
6252,704,88,1
6253,863,595,1
6254,1106,770,0
6255,535,666,0
6256,548,925,0
6257,966,270,0
6258,1088,44,1
6259,921,522,0
6260,703,218,1
6261,59,1115,1
6262,323,1066,0
6263,449,728,1
6264,403,878,1
6265,2,121,1
6266,586,753,1
6267,458,345,0
6268,539,699,1
6269,1092,12,1
6270,58,781,1
6271,411,907,0
6272,649,72,0
6273,805,579,1
6274,337,433,0
6275,1009,590,0
6276,431,990,1
6277,1080,300,1
6278,106,128,0
6279,763,927,0
6280,414,488,0
6281,568,531,0
6282,191,927,1
6283,1080,927,1
6284,1025,423,0
6285,222,732,1
6286,151,792,1
6287,249,741,0
6288,279,574,1
6289,1095,864,0
6290,1027,914,0
6291,19,308,0
6292,222,858,1
6293,490,121,1
6294,74,858,1
6295,1106,475,1
6296,945,320,0
6297,222,852,1
6298,450,409,1
6299,976,891,0
6300,403,1005,1
6301,567,410,1
6302,50,483,1
6303,697,108,0
6304,498,550,1
6305,6,483,1
6306,239,558,1
6307,909,1048,1
6308,1092,471,1
6309,1085,924,0
6310,909,382,1
6311,435,577,1
6312,16,345,0
6313,895,851,0
6314,731,671,0
6315,337,785,1
6316,823,702,0
6317,781,48,1
6318,889,150,1
6319,289,1115,1
6320,384,172,1
6321,817,415,1
6322,260,951,0
6323,909,632,1
6324,526,613,0
6325,431,1106,1
6326,443,689,1
6327,643,714,0
6328,732,543,1
6329,151,736,1
6330,246,957,1
6331,264,1069,1
6332,828,28,1
6333,5,1108,1
6334,458,427,0
6335,794,1088,0
6336,153,1078,1
6337,991,65,0
6338,781,488,1
6339,297,625,1
6340,1009,630,1
6341,1100,428,1
6342,362,581,0
6343,222,817,1
6344,793,449,0
6345,770,582,0
6346,31,411,0
6347,261,665,1
6348,684,1089,0
6349,599,847,1
6350,769,159,0
6351,792,1011,1
6352,634,402,1
6353,278,70,1
6354,857,0,0
6355,371,617,0
6356,446,146,1
6357,25,100,1
6358,172,233,0
6359,858,599,1
6360,634,483,1
6361,841,74,1
6362,435,788,1
6363,24,99,0
6364,206,709,0
6365,1075,244,1
6366,79,649,0
6367,1006,493,1
6368,826,1025,0
6369,13,540,0
6370,1092,983,1
6371,1092,368,1
6372,80,81,1
6373,450,859,1
6374,146,632,0
6375,690,1063,1
6376,823,892,0
6377,1080,567,1
6378,249,455,1
6379,278,843,0
6380,909,666,1
6381,1012,932,0
6382,249,206,1
6383,954,28,1
6384,496,577,0
6385,222,546,1
6386,297,99,0
6387,670,220,0
6388,704,841,1
6389,995,331,0
6390,841,763,0
6391,729,811,1
6392,781,93,1
6393,450,760,1
6394,23,261,0
6395,1108,829,0
6396,403,732,1
6397,641,456,0
6398,783,542,0
6399,727,163,1
6400,279,432,1
6401,792,46,0
6402,1106,681,1
6403,1100,292,1
6404,634,8,1
6405,932,1077,0
6406,222,230,1
6407,119,512,0
6408,377,921,1
6409,415,297,1
6410,868,1092,1
6411,1041,661,1
6412,416,360,0
6413,909,100,1
6414,345,109,1
6415,383,126,0
6416,732,803,1
6417,314,836,0
6418,12,356,1
6419,384,579,1
6420,277,881,0
6421,1102,885,0
6422,935,380,0
6423,382,876,0
6424,208,660,0
6425,815,884,0
6426,710,23,1
6427,642,1074,0
6428,282,889,1
6429,932,297,1
6430,874,966,0
6431,81,448,1
6432,754,354,0
6433,339,1096,1
6434,581,251,0
6435,1073,594,0
6436,550,326,0
6437,726,425,0
6438,641,577,1
6439,121,691,1
6440,1101,998,1
6441,833,72,1
6442,1063,901,1
6443,1080,9,1
6444,8,864,0
6445,1063,685,1
6446,828,949,1
6447,260,448,1
6448,475,585,0
6449,160,1055,0
6450,993,462,0
6451,604,305,0
6452,89,199,0
6453,1035,425,0
6454,80,594,1
6455,1086,940,0
6456,445,337,1
6457,1080,323,1
6458,443,54,1
6459,605,696,0
6460,33,218,0
6461,698,1025,1
6462,1080,909,1
6463,992,1011,0
6464,828,198,1
6465,483,853,0
6466,299,389,1
6467,1004,367,0
6468,95,449,0
6469,149,781,0
6470,927,484,1
6471,1101,929,1
6472,643,700,1
6473,490,720,0
6474,467,261,1
6475,28,11,0
6476,803,295,1
6477,260,604,0
6478,109,356,0
6479,960,1117,0
6480,909,507,1
6481,151,315,1
6482,269,111,0
6483,826,210,0
6484,520,1089,1
6485,1118,716,0
6486,1041,159,0
6487,749,174,0
6488,1080,972,0
6489,343,1090,1
6490,79,780,1
6491,206,851,0
6492,748,222,0
6493,817,61,1
6494,153,410,1
6495,445,70,1
6496,767,359,0
6497,475,777,0
6498,384,1080,1
6499,483,1009,1
6500,717,655,0
6501,1063,40,1
6502,828,509,1
6503,401,965,1
6504,909,815,1
6505,99,426,0
6506,653,608,1
6507,759,1078,0
6508,384,198,0
6509,1110,42,1
6510,24,212,0
6511,1099,455,1
6512,894,496,0
6513,1078,634,1
6514,634,1046,1
6515,705,306,0
6516,239,59,0
6517,514,884,0
6518,634,474,1
6519,544,329,0
6520,443,554,1
6521,791,927,0
6522,436,91,1
6523,1018,161,1
6524,728,729,1
6525,1017,1105,0
6526,441,417,1
6527,339,477,0
6528,983,1072,0
6529,426,795,0
6530,250,830,0
6531,1094,406,1
6532,711,12,1
6533,703,207,0
6534,1072,112,0
6535,348,1,0
6536,785,113,0
6537,402,76,0
6538,121,564,0
6539,900,684,0
6540,6,959,0
6541,450,64,1
6542,978,1063,1
6543,559,800,0
6544,1036,1112,0
6545,409,1058,0
6546,82,687,1
6547,769,249,0
6548,1009,993,1
6549,624,304,0
6550,714,149,0
6551,1107,1115,0
6552,486,788,0
6553,264,536,1
6554,781,1078,1
6555,617,181,0
6556,79,662,0
6557,1092,661,1
6558,104,71,1
6559,828,957,0
6560,299,499,0
6561,40,1069,1
6562,485,642,1
6563,309,731,0
6564,185,459,0
6565,163,921,0
6566,507,11,0
6567,703,108,1
6568,307,387,0
6569,188,1054,0
6570,188,1104,0
6571,20,618,0
6572,698,161,0
6573,388,514,0
6574,1048,1092,1
6575,615,596,0
6576,887,576,0
6577,987,594,0
6578,100,729,1
6579,777,946,0
6580,510,859,0
6581,23,665,0
6582,370,697,0
6583,1096,969,0
6584,881,87,0
6585,95,384,1
6586,172,784,0
6587,1046,955,1
6588,998,871,0
6589,222,635,1
6590,349,522,0
6591,805,1106,1
6592,731,69,0
6593,194,763,0
6594,705,978,0
6595,994,646,1
6596,556,1010,1
6597,949,510,0
6598,8,906,0
6599,661,490,1
6600,249,1042,0
6601,909,933,1
6602,585,41,0
6603,803,151,1
6604,431,141,1
6605,713,851,0
6606,617,144,1
6607,150,142,0
6608,240,535,0
6609,1011,289,1
6610,39,792,0
6611,1063,835,1
6612,403,356,0
6613,1101,1064,1
6614,717,1052,1
6615,82,15,0
6616,373,175,0
6617,705,416,1
6618,1066,519,0
6619,996,939,0
6620,144,889,1
6621,236,424,0
6622,298,769,0
6623,803,766,0
6624,1027,968,0
6625,670,74,1
6626,340,798,0
6627,190,309,1
6628,244,328,0
6629,703,593,1
6630,426,699,1
6631,769,677,0
6632,244,231,0
6633,1080,743,1
6634,100,445,1
6635,785,337,1
6636,993,206,0
6637,909,962,1
6638,448,423,1
6639,1100,760,0
6640,828,483,1
6641,1075,998,1
6642,811,1050,1
6643,993,445,1
6644,479,733,1
6645,634,776,1
6646,599,610,1
6647,197,11,0
6648,558,74,1
6649,621,61,0
6650,110,782,0
6651,1014,712,0
6652,559,426,1
6653,244,587,0
6654,828,993,1
6655,231,944,1
6656,222,681,1
6657,106,814,1
6658,61,698,0
6659,165,178,0
6660,74,1111,1
6661,1054,1106,0
6662,264,431,1
6663,335,666,1
6664,292,644,0
6665,40,642,1
6666,515,840,0
6667,769,221,1
6668,270,941,0
6669,909,758,1
6670,49,473,0
6671,703,1057,0
6672,177,105,0
6673,843,842,0
6674,81,1087,0
6675,1107,71,0
6676,866,409,0
6677,889,1057,0
6678,828,97,1
6679,982,960,0
6680,450,773,1
6681,89,1092,1
6682,1008,935,0
6683,703,707,1
6684,443,203,1
6685,914,512,0
6686,231,390,0
6687,1091,807,0
6688,409,828,1
6689,238,777,0
6690,9,483,0
6691,800,751,0
6692,982,275,0
6693,126,1031,0
6694,324,516,0
6695,228,1084,0
6696,218,641,1
6697,990,1106,1
6698,91,441,1
6699,569,1082,0
6700,748,665,0
6701,1092,43,1
6702,1094,79,0
6703,335,1025,1
6704,695,781,1
6705,846,666,1
6706,1100,610,1
6707,760,927,0
6708,58,483,1
6709,1069,107,0
6710,264,685,0
6711,316,537,1
6712,841,732,1
6713,786,80,0
6714,847,1026,1
6715,317,575,0
6716,764,1017,1
6717,403,900,1
6718,828,81,1
6719,415,357,1
6720,977,711,0
6721,1107,608,0
6722,1092,514,1
6723,1080,641,1
6724,574,572,0
6725,1085,374,0
6726,599,978,0
6727,222,911,1
6728,266,91,1
6729,2,669,1
6730,126,599,0
6731,665,1046,0
6732,1063,425,1
6733,48,1022,0
6734,409,840,1
6735,991,88,0
6736,811,1100,0
6737,996,252,0
6738,858,144,1
6739,457,16,0
6740,494,102,0
6741,864,683,0
6742,790,168,0
6743,504,144,1
6744,481,1007,0
6745,95,1119,0
6746,238,669,0
6747,531,1025,0
6748,495,150,1
6749,878,180,0
6750,50,1109,1
6751,150,297,1
6752,278,811,1
6753,408,783,0
6754,189,204,1
6755,1106,643,1
6756,685,1063,1
6757,552,785,1
6758,610,932,1
6759,927,902,1
6760,33,487,0
6761,1115,543,1
6762,1105,252,0
6763,297,978,1
6764,847,1050,1
6765,126,754,0
6766,960,748,0
6767,1063,159,1
6768,242,351,0
6769,558,209,0
6770,515,1106,1
6771,953,925,0
6772,1099,274,0
6773,610,847,1
6774,297,998,1
6775,421,204,0
6776,222,872,1
6777,59,897,1
6778,753,713,0
6779,880,1109,1
6780,939,67,0
6781,1100,1028,1
6782,75,885,0
6783,335,894,1
6784,909,782,1
6785,1072,556,0
6786,593,321,0
6787,1107,13,0
6788,461,1115,1
6789,110,501,0
6790,846,762,0
6791,1015,137,0
6792,888,1092,1
6793,1063,545,1
6794,222,460,0
6795,50,1047,0
6796,1063,315,1
6797,921,841,1
6798,643,464,0
6799,971,1076,0
6800,486,856,1
6801,926,1026,0
6802,119,304,0
6803,969,901,1
6804,144,150,1
6805,678,304,0
6806,878,352,0
6807,5,611,1
6808,481,1026,0
6809,937,198,0
6810,643,1040,0
6811,31,650,0
6812,100,456,1
6813,49,243,1
6814,91,1056,1
6815,178,22,0
6816,732,1099,1
6817,957,246,1
6818,243,497,0
6819,240,672,0
6820,602,84,0
6821,834,827,0
6822,81,828,1
6823,445,791,1
6824,653,817,1
6825,297,695,1
6826,909,601,1
6827,602,93,1
6828,817,860,0
6829,121,46,0
6830,8,1076,0
6831,463,123,0
6832,706,196,0
6833,278,100,1
6834,620,697,0
6835,700,825,0
6836,212,681,0
6837,533,979,0
6838,173,252,0
6839,74,987,1
6840,126,605,0
6841,204,506,0
6842,392,595,0
6843,63,585,1
6844,8,722,1
6845,81,607,1
6846,9,93,0
6847,345,971,0
6848,78,1074,0
6849,297,1050,1
6850,602,556,0
6851,486,504,1
6852,448,515,1
6853,443,72,1
6854,264,556,1
6855,665,1092,1
6856,834,137,0
6857,945,483,1
6858,164,853,0
6859,579,872,0
6860,753,926,1
6861,844,1113,1
6862,574,411,0
6863,703,465,1
6864,384,1113,1
6865,72,732,1
6866,275,522,0
6867,727,571,1
6868,792,983,1
6869,1063,507,1
6870,1080,921,1
6871,163,902,0
6872,194,1040,0
6873,665,921,0
6874,764,944,0
6875,1012,1059,0
6876,532,934,0
6877,141,163,0
6878,828,356,1
6879,1018,76,0
6880,1107,94,0
6881,623,135,0
6882,293,151,0
6883,496,788,0
6884,479,455,1
6885,483,240,1
6886,136,889,1
6887,250,532,0
6888,454,109,0
6889,858,617,1
6890,1109,1020,0
6891,646,994,1
6892,171,976,1
6893,1075,182,1
6894,55,889,0
6895,495,306,0
6896,982,423,1
6897,998,777,0
6898,817,389,1
6899,161,732,1
6900,486,446,0
6901,222,180,1
6902,1004,1080,1
6903,843,685,1
6904,537,1054,0
6905,289,21,1
6906,1035,427,0
6907,733,165,0
6908,63,283,0
6909,13,40,0
6910,1063,1056,1
6911,1107,89,0
6912,953,638,0
6913,82,441,1
6914,684,499,0
6915,480,764,0
6916,733,36,0
6917,610,486,1
6918,926,998,0
6919,159,268,0
6920,196,697,1
6921,753,66,1
6922,744,95,0
6923,769,782,1
6924,753,1101,1
6925,678,592,0
6926,43,911,0
6927,894,488,0
6928,208,203,0
6929,403,628,1
6930,1080,1106,1
6931,567,471,0
6932,699,416,0
6933,421,545,0
6934,126,146,1
6935,360,790,0
6936,824,1105,0
6937,940,173,0
6938,373,211,0
6939,574,672,0
6940,732,889,1
6941,690,1115,1
6942,479,83,0
6943,1092,828,1
6944,384,222,1
6945,403,444,1
6946,1055,339,0
6947,732,690,1
6948,99,176,0
6949,80,85,1
6950,781,183,1
6951,711,362,0
6952,909,746,1
6953,1024,330,0
6954,828,982,1
6955,432,869,0
6956,59,266,1
6957,978,444,0
6958,495,908,0
6959,361,900,1
6960,289,473,0
6961,483,567,1
6962,1114,703,1
6963,1106,542,0
6964,740,761,0
6965,988,239,0
6966,1014,337,0
6967,703,784,1
6968,262,978,1
6969,1014,393,0
6970,953,787,0
6971,617,150,1
6972,970,557,0
6973,990,431,1
6974,289,121,1
6975,489,616,0
6976,955,222,1
6977,1011,673,0
6978,260,603,0
6979,533,1037,0
6980,800,583,0
6981,926,249,1
6982,1106,753,1
6983,1094,663,0
6984,250,412,1
6985,939,40,0
6986,811,730,1
6987,124,264,0
6988,177,944,1
6989,929,425,1
6990,895,1092,1
6991,1096,863,0
6992,70,729,1
6993,781,828,1
6994,610,150,1
6995,991,937,1
6996,828,262,0
6997,1025,841,0
6998,841,136,0
6999,980,459,0
7000,228,1026,0
7001,1050,917,1
7002,1010,302,0
7003,774,499,0
7004,435,519,0
7005,1071,785,0
7006,323,614,0
7007,921,546,1
7008,362,682,0
7009,102,380,0
7010,1041,79,0
7011,699,703,1
7012,579,846,1
7013,1105,158,0
7014,112,61,1
7015,1085,863,0
7016,846,970,1
7017,379,346,0
7018,815,477,0
7019,699,676,0
7020,960,139,0
7021,28,1050,1
7022,246,222,1
7023,136,363,0
7024,356,1092,1
7025,2,666,0
7026,356,1052,1
7027,602,13,0
7028,151,166,1
7029,634,712,1
7030,15,549,1
7031,572,907,0
7032,1050,183,0
7033,110,498,1
7034,578,779,0
7035,972,559,0
7036,43,859,0
7037,608,525,0
7038,653,606,0
7039,482,782,0
7040,1092,382,1
7041,1063,917,1
7042,704,222,1
7043,1033,150,1
7044,426,251,0
7045,939,1113,0
7046,929,511,1
7047,206,1049,0
7048,1115,564,1
7049,81,888,0
7050,74,937,1
7051,634,277,1
7052,634,828,1
7053,238,244,0
7054,781,13,1
7055,470,507,0
7056,621,828,1
7057,410,390,0
7058,275,445,1
7059,705,573,0
7060,316,435,0
7061,1063,612,1
7062,279,1031,1
7063,893,580,0
7064,415,557,1
7065,425,1043,1
7066,732,634,1
7067,1080,58,0
7068,1063,1099,1
7069,151,665,1
7070,278,729,1
7071,713,156,0
7072,16,499,0
7073,74,1095,1
7074,630,445,1
7075,871,704,1
7076,1078,663,0
7077,728,297,0
7078,194,940,0
7079,441,993,0
7080,844,352,0
7081,172,112,1
7082,1092,790,1
7083,1089,342,0
7084,307,226,0
7085,1080,1011,1
7086,1028,669,0
7087,403,150,1
7088,222,22,1
7089,403,479,1
7090,1109,554,1
7091,1017,589,0
7092,50,83,0
7093,1108,303,0
7094,932,463,1
7095,384,650,1
7096,811,1092,1
7097,914,1110,0
7098,902,546,1
7099,1080,0,1
7100,49,886,0
7101,909,625,1
7102,604,834,0
7103,695,19,1
7104,995,273,0
7105,729,828,1
7106,643,222,1
7107,383,1032,0
7108,679,1050,1
7109,847,703,1
7110,1063,42,1
7111,329,683,0
7112,231,444,0
7113,490,1114,1
7114,593,703,1
7115,264,822,1
7116,337,320,0
7117,442,147,0
7118,781,59,1
7119,448,146,0
7120,1118,543,1
7121,1080,803,1
7122,463,1050,1
7123,940,749,0
7124,240,457,0
7125,828,448,1
7126,340,945,1
7127,599,497,1
7128,510,955,0
7129,448,193,0
7130,1063,1092,1
7131,828,59,1
7132,937,749,0
7133,1080,324,1
7134,444,802,0
7135,694,339,0
7136,448,260,1
7137,455,909,1
7138,1015,503,0
7139,1092,1048,1
7140,425,6,1
7141,713,50,0
7142,1106,401,1
7143,978,541,1
7144,506,873,1
7145,1080,1088,1
7146,329,541,1
7147,763,509,0
7148,452,1065,0
7149,106,629,1
7150,574,445,1
7151,1100,286,1
7152,486,1108,1
7153,166,890,0
7154,240,508,0
7155,1101,1066,0
7156,197,542,0
7157,150,889,1
7158,316,805,0
7159,356,758,0
7160,1111,183,1
7161,160,451,0
7162,634,141,1
7163,403,1115,1
7164,743,329,0
7165,732,132,1
7166,39,832,0
7167,961,703,1
7168,441,381,0
7169,278,785,0
7170,634,854,1
7171,1112,130,0
7172,730,627,1
7173,1033,645,1
7174,340,250,1
7175,417,384,1
7176,823,907,0
7177,1108,12,1
7178,1070,793,0
7179,316,1005,0
7180,703,650,1
7181,403,1092,1
7182,1096,339,1
7183,733,304,0
7184,909,265,1
7185,977,175,0
7186,198,549,1
7187,13,1092,1
7188,781,479,1
7189,242,220,0
7190,296,466,0
7191,222,416,1
7192,432,279,1
7193,159,443,0
7194,31,456,0
7195,486,511,1
7196,781,463,1
7197,486,9,0
7198,1055,725,0
7199,753,928,0
7200,878,1088,0
7201,362,638,0
7202,580,1033,0
7203,833,328,0
7204,668,571,0
7205,100,231,1
7206,74,594,1
7207,423,917,0
7208,481,817,0
7209,995,732,1
7210,271,128,0
7211,627,811,1
7212,297,753,0
7213,552,291,0
7214,1010,74,1
7215,482,873,1
7216,728,730,1
7217,792,644,1
7218,567,12,1
7219,1050,554,1
7220,106,732,1
7221,843,627,1
7222,840,193,0
7223,895,1119,0
7224,191,646,1
7225,1009,866,0
7226,1066,704,0
7227,334,83,0
7228,348,314,0
7229,191,921,1
7230,376,308,0
7231,535,1111,0
7232,783,795,0
7233,995,214,0
7234,243,602,1
7235,124,862,0
7236,166,1072,0
7237,360,449,0
7238,858,920,0
7239,909,353,1
7240,769,629,1
7241,990,732,1
7242,574,228,0
7243,846,1011,0
7244,106,778,1
7245,965,992,0
7246,454,1115,1
7247,591,991,1
7248,744,587,0
7249,388,368,0
7250,150,395,1
7251,943,1035,0
7252,1111,931,1
7253,50,785,1
7254,841,72,1
7255,445,552,1
7256,1044,314,0
7257,292,684,0
7258,821,539,0
7259,506,195,0
7260,780,792,0
7261,1080,1043,1
7262,1063,649,1
7263,909,91,1
7264,773,1092,1
7265,939,940,0
7266,159,1092,1
7267,846,601,1
7268,618,971,0
7269,1101,836,0
7270,803,198,0
7271,504,599,1
7272,815,939,1
7273,91,48,1
7274,5,1088,1
7275,191,309,1
7276,727,961,1
7277,744,548,0
7278,732,811,1
7279,1014,131,0
7280,781,264,1
7281,1100,71,1
7282,431,871,1
7283,329,28,1
7284,894,135,0
7285,163,426,1
7286,222,174,1
7287,1050,949,1
7288,682,412,0
7289,909,201,1
7290,106,54,1
7291,250,284,1
7292,409,629,1
7293,769,550,1
7294,672,113,0
7295,91,759,1
7296,1114,419,1
7297,250,74,1
7298,410,403,1
7299,496,146,1
7300,882,137,0
7301,593,862,0
7302,703,498,1
7303,443,18,1
7304,1031,957,0
7305,444,732,1
7306,699,535,1
7307,222,874,1
7308,376,543,1
7309,847,497,1
7310,173,91,1
7311,264,128,1
7312,266,858,0
7313,872,1092,1
7314,828,1111,1
7315,151,946,1
7316,781,734,1
7317,151,446,1
7318,1045,48,0
7319,1096,45,0
7320,774,1081,1
7321,678,38,0
7322,119,594,1
7323,74,846,1
7324,339,515,0
7325,1015,599,0
7326,327,1108,0
7327,1078,1046,0
7328,1050,110,1
7329,1063,1035,1
7330,872,91,1
7331,510,463,1
7332,377,903,0
7333,197,489,0
7334,444,696,0
7335,463,148,1
7336,8,822,0
7337,120,48,0
7338,82,1081,1
7339,392,539,0
7340,100,843,1
7341,21,141,1
7342,1015,607,0
7343,909,185,1
7344,200,755,0
7345,425,1001,0
7346,1028,176,0
7347,104,618,1
7348,780,876,0
7349,1092,872,1
7350,177,278,1
7351,736,930,0
7352,23,60,0
7353,361,1029,0
7354,841,35,1
7355,401,1090,1
7356,842,466,0
7357,641,841,1
7358,634,395,1
7359,932,828,1
7360,151,149,1
7361,889,497,1
7362,1111,334,1
7363,442,910,0
7364,348,591,0
7365,770,1064,0
7366,841,218,1
7367,283,917,1
7368,840,607,1
7369,352,486,0
7370,939,642,0
7371,377,138,1
7372,383,37,0
7373,828,407,1
7374,279,366,0
7375,994,102,0
7376,58,466,0
7377,297,384,1
7378,670,19,1
7379,496,446,1
7380,474,936,0
7381,74,225,1
7382,15,858,0
7383,629,535,1
7384,1080,412,1
7385,1045,585,0
7386,151,134,1
7387,147,391,0
7388,670,535,0
7389,828,26,1
7390,764,732,1
7391,731,1067,0
7392,585,706,0
7393,442,864,0
7394,731,883,0
7395,370,848,0
7396,878,753,1
7397,556,505,1
7398,1045,669,0
7399,909,284,1
7400,373,797,0
7401,822,642,0
7402,828,184,1
7403,705,114,0
7404,846,419,1
7405,893,628,0
7406,173,356,1
7407,243,876,1
7408,746,1007,0
7409,200,144,0
7410,611,965,0
7411,329,1050,1
7412,504,684,0
7413,91,141,1
7414,112,682,1
7415,191,548,1
7416,668,811,0
7417,379,1092,1
7418,1100,802,1
7419,239,308,0
7420,909,931,1
7421,436,384,1
7422,119,847,0
7423,2,355,1
7424,206,359,0
7425,765,459,0
7426,1091,947,0
7427,471,568,1
7428,13,971,0
7429,848,777,0
7430,20,44,1
7431,732,602,1
7432,567,602,1
7433,81,62,0
7434,990,564,1
7435,1033,905,0
7436,222,1076,1
7437,377,449,1
7438,1115,381,0
7439,535,660,1
7440,1006,216,0
7441,861,696,0
7442,1092,763,1
7443,781,703,1
7444,753,37,1
7445,1064,243,0
7446,58,714,0
7447,945,917,1
7448,335,571,1
7449,703,403,1
7450,1078,493,0
7451,531,641,0
7452,1071,504,0
7453,443,292,1
7454,828,233,1
7455,866,1094,0
7456,567,546,1
7457,31,261,0
7458,843,1064,0
7459,990,99,1
7460,607,260,1
7461,743,728,1
7462,773,828,1
7463,840,715,0
7464,486,88,1
7465,1050,48,1
7466,1063,618,1
7467,978,1098,0
7468,1050,817,1
7469,732,594,1
7470,250,448,1
7471,628,610,0
7472,9,230,0
7473,893,35,0
7474,558,251,1
7475,80,835,1
7476,153,1050,1
7477,1100,844,0
7478,634,459,1
7479,675,307,0
7480,289,998,1
7481,893,602,1
7482,63,44,0
7483,556,425,1
7484,611,966,0
7485,729,110,1
7486,172,19,1
7487,257,824,0
7488,1080,978,1
7489,483,1038,1
7490,909,471,1
7491,20,461,1
7492,633,260,0
7493,1080,959,1
7494,883,522,0
7495,80,446,0
7496,782,225,0
7497,846,172,1
7498,634,931,0
7499,786,537,0
7500,605,748,0
7501,889,703,1
7502,95,324,0
7503,177,100,1
7504,401,1095,1
7505,495,384,1
7506,297,302,0
7507,532,44,1
7508,361,357,0
7509,250,395,1
7510,261,971,1
7511,699,12,0
7512,698,491,1
7513,106,765,1
7514,74,534,1
7515,445,729,1
7516,773,41,0
7517,423,682,1
7518,649,637,0
7519,634,698,1
7520,815,334,0
7521,91,498,1
7522,160,602,1
7523,1010,774,1
7524,703,471,1
7525,579,473,0
7526,480,1001,0
7527,25,432,1
7528,35,283,0
7529,888,859,0
7530,971,351,0
7531,70,231,1
7532,443,317,1
7533,441,172,1
7534,75,33,0
7535,932,700,0
7536,1018,473,0
7537,713,906,0
7538,594,1065,0
7539,227,292,0
7540,805,253,0
7541,329,976,0
7542,748,198,0
7543,746,11,0
7544,732,950,0
7545,1113,651,0
7546,1092,927,1
7547,417,1086,0
7548,732,42,1
7549,1010,7,0
7550,975,630,0
7551,991,200,0
7552,550,0,0
7553,289,579,1
7554,173,832,0
7555,297,417,1
7556,585,417,1
7557,819,1017,0
7558,1089,962,0
7559,1092,634,1
7560,841,1048,0
7561,489,71,0
7562,144,691,0
7563,74,331,1
7564,1038,1088,1
7565,165,485,0
7566,237,677,0
7567,722,296,0
7568,434,164,0
7569,793,21,0
7570,40,222,0
7571,345,820,0
7572,342,1029,0
7573,479,1113,1
7574,1026,661,0
7575,803,635,0
7576,16,787,0
7577,821,519,0
7578,781,547,1
7579,88,615,0
7580,759,914,0
7581,937,571,0
7582,520,85,1
7583,443,270,1
7584,222,258,1
7585,443,401,0
7586,289,793,0
7587,790,1092,1
7588,1089,252,1
7589,1080,523,1
7590,1101,425,1
7591,39,130,0
7592,450,315,1
7593,1014,130,0
7594,902,756,0
7595,909,26,1
7596,998,1000,0
7597,337,822,0
7598,262,566,0
7599,270,769,0
7600,828,673,1
7601,519,356,0
7602,81,409,1
7603,206,131,1
7604,149,295,0
7605,317,320,0
7606,602,844,1
7607,22,897,0
7608,373,998,1
7609,417,13,1
7610,482,167,0
7611,936,554,1
7612,545,524,0
7613,349,31,0
7614,151,563,1
7615,289,546,1
7616,695,1050,1
7617,486,797,0
7618,1063,360,1
7619,803,926,1
7620,415,732,1
7621,991,308,0
7622,909,297,1
7623,848,962,0
7624,909,416,1
7625,222,774,1
7626,1080,727,1
7627,1112,341,0
7628,746,317,0
7629,25,734,0
7630,403,222,1
7631,634,945,1
7632,483,515,1
7633,937,1071,0
7634,786,292,0
7635,602,761,1
7636,163,556,0
7637,443,490,1
7638,151,1005,1
7639,881,319,0
7640,802,1029,0
7641,1066,46,0
7642,828,192,1
7643,445,574,1
7644,730,445,1
7645,698,998,1
7646,222,838,1
7647,538,642,0
7648,425,864,1
7649,819,806,0
7650,49,883,0
7651,59,384,1
7652,435,484,1
7653,744,12,1
7654,535,607,0
7655,602,580,1
7656,519,49,0
7657,222,65,1
7658,330,256,0
7659,726,959,1
7660,1063,91,1
7661,1063,100,1
7662,681,520,0
7663,151,132,1
7664,628,364,0
7665,1080,161,1
7666,1044,1012,0
7667,817,132,1
7668,425,106,1
7669,55,117,0
7670,665,556,0
7671,889,91,1
7672,483,1080,0
7673,815,262,0
7674,675,106,1
7675,348,58,1
7676,43,465,0
7677,222,574,1
7678,212,1072,0
7679,269,128,0
7680,417,89,1
7681,643,712,0
7682,927,107,1
7683,401,1082,1
7684,889,792,0
7685,243,649,0
7686,1006,1033,0
7687,166,249,0
7688,376,226,0
7689,645,412,1
7690,550,828,1
7691,480,229,0
7692,91,297,1
7693,74,49,1
7694,490,996,0
7695,289,403,1
7696,909,301,1
7697,781,695,1
7698,1066,1014,0
7699,479,658,0
7700,352,1088,0
7701,1111,290,1
7702,491,635,0
7703,1050,164,1
7704,106,871,0
7705,977,60,0
7706,763,1092,1
7707,277,261,0
7708,792,173,1
7709,250,153,1
7710,334,979,0
7711,349,40,0
7712,444,531,0
7713,608,443,1
7714,602,955,1
7715,590,573,0
7716,534,874,0
7717,681,426,0
7718,1017,141,1
7719,500,643,0
7720,480,800,0
7721,605,958,0
7722,511,606,1
7723,362,557,0
7724,1063,536,1
7725,222,1008,1
7726,449,889,0
7727,5,1038,1
7728,982,318,1
7729,821,1092,1
7730,811,936,0
7731,682,794,0
7732,958,1001,0
7733,485,439,1
7734,148,742,0
7735,732,72,1
7736,534,141,0
7737,909,901,1
7738,403,173,1
7739,7,612,0
7740,1109,121,0
7741,888,828,0
7742,552,60,0
7743,878,691,1
7744,842,976,0
7745,59,955,1
7746,840,529,0
7747,371,849,0
7748,372,554,1
7749,299,768,0
7750,1035,1092,1
7751,565,108,0
7752,250,1033,1
7753,556,592,1
7754,995,20,1
7755,81,681,1
7756,408,602,0
7757,753,878,1
7758,641,1099,0
7759,440,127,0
7760,185,1109,1
7761,507,1001,0
7762,1042,992,0
7763,282,623,0
7764,401,990,1
7765,1106,1034,1
7766,610,412,1
7767,1066,1109,0
7768,275,182,0
7769,883,149,0
7770,909,839,1
7771,751,113,0
7772,444,64,0
7773,297,1085,1
7774,1024,408,0
7775,1112,572,0
7776,13,146,0
7777,706,795,0
7778,629,260,1
7779,249,1032,0
7780,504,858,1
7781,1012,143,1
7782,1086,616,0
7783,177,965,1
7784,269,817,0
7785,1009,100,1
7786,24,201,1
7787,692,949,0
7788,401,553,1
7789,74,661,1
7790,204,67,0
7791,1092,357,1
7792,1100,112,1
7793,467,957,0
7794,866,160,0
7795,888,327,0
7796,71,882,0
7797,1010,1106,1
7798,574,864,0
7799,585,897,0
7800,461,74,1
7801,1063,769,1
7802,634,652,1
7803,1072,456,1
7804,334,1111,0
7805,650,1073,0
7806,425,466,0
7807,222,496,1
7808,1006,673,1
7809,450,479,1
7810,727,574,1
7811,969,249,0
7812,753,298,1
7813,846,1092,1
7814,558,284,0
7815,675,595,0
7816,732,114,1
7817,1083,11,0
7818,736,842,0
7819,454,801,0
7820,373,714,0
7821,222,1114,1
7822,767,240,0
7823,753,909,1
7824,222,859,0
7825,74,63,1
7826,569,239,0
7827,436,1015,0
7828,961,69,0
7829,593,249,0
7830,586,349,0
7831,828,971,1
7832,150,849,1
7833,610,282,1
7834,398,881,0
7835,183,261,1
7836,883,1031,0
7837,548,79,0
7838,917,988,0
7839,939,285,0
7840,1048,305,0
7841,987,849,0
7842,846,690,1
7843,59,200,1
7844,1015,314,0
7845,585,810,0
7846,847,889,1
7847,1092,302,1
7848,833,1000,0
7849,216,917,0
7850,253,732,1
7851,1050,811,1
7852,16,864,0
7853,384,1092,1
7854,781,849,1
7855,74,100,1
7856,828,691,1
7857,458,761,0
7858,602,59,1
7859,66,401,0
7860,10,159,0
7861,580,579,0
7862,1012,299,0
7863,819,626,0
7864,66,753,1
7865,574,896,0
7866,342,693,0
7867,471,286,0
7868,650,417,1
7869,781,803,1
7870,188,409,1
7871,943,820,0
7872,535,140,0
7873,1020,926,0
7874,99,1110,1
7875,933,745,0
7876,297,497,1
7877,12,526,1
7878,124,452,0
7879,790,347,0
7880,634,415,1
7881,949,1092,1
7882,421,296,0
7883,1115,926,1
7884,80,111,1
7885,1054,1025,0
7886,283,262,1
7887,761,1106,1
7888,449,923,0
7889,848,252,0
7890,393,1015,1
7891,240,710,0
7892,446,677,0
7893,531,724,0
7894,607,409,1
7895,514,59,0
7896,10,1086,0
7897,82,957,1
7898,289,1100,1
7899,565,652,0
7900,410,131,0
7901,59,889,1
7902,172,441,1
7903,657,670,1
7904,74,450,1
7905,177,478,0
7906,847,858,1
7907,714,684,1
7908,1050,373,1
7909,1075,790,0
7910,732,1027,1
7911,703,895,1
7912,409,254,0
7913,445,899,1
7914,119,37,0
7915,645,284,1
7916,559,1000,0
7917,1101,788,0
7918,371,246,0
7919,1091,88,1
7920,901,44,0
7921,74,253,1
7922,1115,656,1
7923,558,645,1
7924,759,248,0
7925,300,1079,0
7926,880,21,0
7927,606,486,1
7928,1099,390,0
7929,1089,959,1
7930,711,1021,0
7931,623,1022,0
7932,1101,4,0
7933,629,448,1
7934,996,760,0
7935,926,937,1
7936,882,1021,0
7937,246,788,0
7938,634,122,1
7939,781,925,1
7940,673,838,1
7941,240,454,0
7942,828,781,1
7943,242,519,0
7944,74,455,1
7945,1013,480,0
7946,605,990,1
7947,403,543,1
7948,970,587,0
7949,769,402,1
7950,732,1064,1
7951,309,535,1
7952,770,203,0
7953,486,1023,0
7954,40,510,1
7955,634,1087,1
7956,1063,194,1
7957,153,219,0
7958,841,1034,1
7959,410,1050,1
7960,710,571,0
7961,917,1106,1
7962,607,840,1
7963,80,638,1
7964,803,563,1
7965,755,594,0
7966,595,99,0
7967,307,1050,1
7968,443,821,1
7969,335,653,1
7970,37,294,0
7971,442,88,1
7972,602,703,1
7973,634,1092,1
7974,634,469,1
7975,595,238,0
7976,48,44,0
7977,423,650,1
7978,773,781,1
7979,712,932,0
7980,909,1069,1
7981,39,307,0
7982,1105,343,0
7983,6,865,0
7984,975,861,0
7985,257,901,0
7986,371,820,0
7987,634,505,1
7988,80,965,0
7989,803,570,0
7990,909,993,1
7991,871,539,1
7992,1063,593,1
7993,1063,282,1
7994,581,44,0
7995,673,88,1
7996,909,191,1
7997,1095,222,1
7998,670,35,1
7999,254,231,1
8000,889,136,1
8001,951,335,0
8002,529,536,0
8003,733,274,0
8004,650,384,1
8005,846,941,0
8006,403,670,1
8007,222,21,1
8008,9,713,0
8009,1006,72,1
8010,1018,732,1
8011,141,752,0
8012,153,823,0
8013,1063,59,1
8014,1018,610,1
8015,599,889,1
8016,1050,278,1
8017,800,191,0
8018,926,1094,1
8019,264,105,1
8020,1110,431,1
8021,80,504,1
8022,59,428,1
8023,334,909,1
8024,991,77,0
8025,1063,1113,1
8026,1095,243,0
8027,95,872,1
8028,16,88,1
8029,403,55,1
8030,556,93,1
8031,112,423,1
8032,19,1092,1
8033,1106,706,1
8034,1099,252,0
8035,634,97,1
8036,339,1082,1
8037,1078,283,1
8038,645,210,0
8039,624,213,0
8040,821,402,1
8041,191,453,0
8042,866,1038,0
8043,1095,548,0
8044,361,541,1
8045,253,834,0
8046,58,348,1
8047,189,426,1
8048,1069,909,1
8049,888,80,0
8050,1050,356,1
8051,1111,827,1
8052,483,58,1
8053,89,272,0
8054,297,847,1
8055,992,42,1
8056,601,730,0
8057,25,900,0
8058,1020,989,0
8059,337,730,1
8060,634,1052,1
8061,72,73,0
8062,450,389,1
8063,940,297,1
8064,470,461,0
8065,684,792,1
8066,780,791,1
8067,483,824,1
8068,704,546,1
8069,699,384,0
8070,279,177,1
8071,300,176,0
8072,292,673,0
8073,1080,190,1
8074,59,1113,1
8075,732,882,1
8076,28,847,1
8077,74,958,1
8078,993,924,0
8079,50,411,0
8080,646,484,1
8081,105,42,0
8082,917,945,1
8083,1038,556,1
8084,100,279,1
8085,20,820,0
8086,1105,210,0
8087,1063,1076,1
8088,790,591,0
8089,106,432,1
8090,558,64,1
8091,410,250,1
8092,933,537,1
8093,792,684,1
8094,434,436,0
8095,842,965,1
8096,1017,431,1
8097,1092,811,1
8098,89,83,0
8099,1048,12,1
8100,958,1096,0
8101,89,463,1
8102,59,277,1
8103,401,343,1
8104,243,297,1
8105,704,455,1
8106,250,849,1
8107,48,1050,1
8108,678,1047,0
8109,96,82,0
8110,774,1041,0
8111,431,222,1
8112,699,748,1
8113,238,838,0
8114,10,353,0
8115,754,1078,0
8116,194,365,0
8117,434,1057,0
8118,846,56,1
8119,252,724,0
8120,995,713,1
8121,443,972,1
8122,506,1115,1
8123,377,426,1
8124,627,965,1
8125,106,113,1
8126,602,901,1
8127,522,43,0
8128,178,784,0
8129,372,1037,0
8130,595,426,1
8131,479,454,1
8132,695,297,1
8133,711,776,0
8134,1050,427,0
8135,5,82,1
8136,100,730,1
8137,601,441,1
8138,543,650,0
8139,544,402,0
8140,61,435,0
8141,197,659,0
8142,83,40,0
8143,250,944,0
8144,871,899,1
8145,6,410,1
8146,59,975,1
8147,231,419,0
8148,565,306,0
8149,993,1070,0
8150,411,1092,1
8151,434,696,0
8152,615,21,0
8153,669,187,1
8154,105,75,1
8155,1080,923,1
8156,828,734,1
8157,1008,1079,0
8158,902,732,1
8159,222,634,1
8160,1075,543,1
8161,345,1017,0
8162,222,860,1
8163,236,553,0
8164,998,1071,0
8165,617,497,1
8166,821,1046,1
8167,1031,172,0
8168,815,65,0
8169,246,900,1
8170,761,901,1
8171,74,679,0
8172,624,1051,0
8173,318,464,0
8174,1069,157,0
8175,828,996,1
8176,292,462,0
8177,504,847,1
8178,250,150,1
8179,900,231,0
8180,372,74,1
8181,629,781,1
8182,448,61,1
8183,80,1021,1
8184,449,1092,1
8185,442,1008,0
8186,470,83,0
8187,721,675,0
8188,645,849,1
8189,668,546,1
8190,443,1009,1
8191,1080,951,1
8192,163,262,1
8193,909,849,1
8194,578,861,0
8195,727,6,1
8196,363,42,1
8197,75,174,0
8198,909,624,1
8199,362,885,0
8200,1075,559,1
8201,21,1010,0
8202,91,390,0
8203,1092,847,1
8204,694,155,1
8205,327,151,1
8206,490,426,1
8207,634,878,1
8208,151,983,1
8209,297,889,1
8210,222,397,1
8211,610,655,0
8212,710,434,1
8213,1106,289,1
8214,299,12,1
8215,188,291,0
8216,611,866,0
8217,450,732,1
8218,198,429,0
8219,289,434,1
8220,1113,457,0
8221,824,441,1
8222,627,785,1
8223,537,994,0
8224,613,244,0
8225,613,684,1
8226,877,584,0
8227,446,1081,0
8228,791,729,1
8229,817,435,1
8230,564,369,0
8231,712,432,0
8232,781,949,1
8233,264,861,1
8234,198,840,1
8235,538,563,0
8236,88,409,0
8237,811,110,1
8238,1034,924,0
8239,467,747,0
8240,863,1045,0
8241,607,857,0
8242,228,690,0
8243,486,933,1
8244,237,561,0
8245,803,444,1
8246,564,325,0
8247,767,303,0
8248,426,959,0
8249,1094,465,1
8250,781,565,1
8251,1106,483,1
8252,627,729,1
8253,567,403,1
8254,436,422,0
8255,742,886,0
8256,1109,426,1
8257,1080,249,1
8258,666,835,0
8259,858,948,0
8260,215,515,0
8261,566,929,0
8262,514,91,1
8263,872,517,0
8264,673,59,1
8265,100,627,1
8266,1092,266,1
8267,1080,614,0
8268,74,107,0
8269,602,384,0
8270,710,852,1
8271,703,454,1
8272,13,1036,0
8273,1050,569,1
8274,1015,874,0
8275,1100,1039,1
8276,250,945,1
8277,983,216,1
8278,455,74,0
8279,848,235,0
8280,311,607,0
8281,610,653,0
8282,732,777,1
8283,763,34,0
8284,990,846,1
8285,102,543,1
8286,737,620,0
8287,80,957,1
8288,828,805,1
8289,458,963,0
8290,940,608,0
8291,383,85,0
8292,483,629,1
8293,1011,512,0
8294,59,439,1
8295,59,824,1
8296,782,513,0
8297,384,998,1
8298,300,90,1
8299,58,733,0
8300,483,1113,1
8301,222,471,1
8302,222,448,1
8303,1092,384,1
8304,231,712,0
8305,48,452,0
8306,848,335,0
8307,781,863,1
8308,401,649,1
8309,610,599,1
8310,151,434,1
8311,805,765,0
8312,297,1092,1
8313,222,821,1
8314,641,557,1
8315,463,932,1
8316,443,901,1
8317,703,105,1
8318,817,171,0
8319,673,1083,0
8320,19,1103,1
8321,1028,891,0
8322,495,425,0
8323,921,902,1
8324,1063,743,1
8325,498,627,1
8326,828,621,1
8327,262,299,1
8328,441,872,1
8329,969,667,0
8330,483,671,0
8331,443,922,1
8332,634,834,1
8333,449,743,1
8334,703,48,1
8335,756,579,0
8336,1118,791,0
8337,844,743,0
8338,828,1050,1
8339,694,408,0
8340,732,939,1
8341,314,981,0
8342,191,208,0
8343,82,586,1
8344,489,354,0
8345,63,20,0
8346,37,580,0
8347,627,791,1
8348,764,1034,1
8349,901,864,1
8350,371,736,0
8351,1063,880,1
8352,1096,56,0
8353,457,6,0
8354,1069,40,1
8355,397,1092,1
8356,490,576,1
8357,316,318,0
8358,82,23,1
8359,761,1089,0
8360,397,222,1
8361,681,1106,1
8362,936,367,0
8363,790,467,0
8364,356,802,0
8365,610,144,1
8366,822,91,1
8367,144,847,1
8368,372,756,0
8369,1046,103,0
8370,443,75,1
8371,1100,601,1
8372,275,1009,1
8373,392,1047,0
8374,75,48,0
8375,730,791,1
8376,423,61,1
8377,871,369,0
8378,1025,262,0
8379,489,536,0
8380,80,672,1
8381,74,426,1
8382,237,925,0
8383,144,364,0
8384,6,1080,0
8385,450,929,0
8386,1035,664,0
8387,59,1098,0
8388,858,861,0
8389,704,191,0
8390,627,452,0
8391,150,605,1
8392,1098,918,0
8393,1092,921,1
8394,932,417,1
8395,694,990,0
8396,448,843,0
8397,681,1086,0
