,TF,Target
0,51,470
1,51,1018
2,51,1360
3,51,1292
4,51,304
5,51,503
6,51,379
7,51,540
8,51,1190
9,51,389
10,51,7
11,51,763
12,51,373
13,51,757
14,51,714
15,51,1361
16,51,454
17,51,557
18,51,795
19,51,1099
20,51,464
21,51,1091
22,51,1160
23,51,758
24,51,1242
25,51,238
26,51,1340
27,51,29
28,51,1164
29,51,986
30,51,281
31,51,910
32,51,1062
33,51,876
34,51,1205
35,51,131
36,51,502
37,51,1397
38,51,841
39,51,437
40,51,666
41,51,1333
42,51,751
43,51,839
44,51,1359
45,51,1399
46,51,943
47,51,1395
48,51,319
49,51,556
50,51,867
51,51,71
52,51,718
53,51,173
54,51,1243
55,51,1364
56,51,748
57,51,1282
58,51,1336
59,51,262
60,51,1401
61,51,987
62,51,1349
63,51,439
64,51,1157
65,51,32
66,51,353
67,51,868
68,51,1386
69,51,361
70,51,1274
71,51,386
72,51,1335
73,51,800
74,51,186
75,51,509
76,51,1114
77,51,135
78,51,913
79,51,117
80,51,423
81,51,125
82,51,430
83,51,326
84,51,77
85,51,266
86,51,499
87,51,901
88,51,1387
89,51,257
90,51,272
91,51,138
92,51,771
93,51,1094
94,51,803
95,51,450
96,51,433
97,51,160
98,51,477
99,51,761
100,51,330
101,51,663
102,51,697
103,51,234
104,51,96
105,51,412
106,51,309
107,51,171
108,51,506
109,51,1417
110,51,1374
111,51,796
112,51,1421
113,51,730
114,51,1286
115,51,582
116,51,774
117,51,738
118,51,40
119,51,1156
120,51,331
121,51,934
122,51,720
123,51,156
124,51,949
125,51,402
126,51,1411
127,51,1405
128,51,567
129,51,871
130,51,1324
131,51,1182
132,51,1356
133,51,551
134,51,786
135,51,919
136,51,969
137,51,158
138,51,1151
139,51,1121
140,51,6
141,51,760
142,51,558
143,51,1187
144,51,1193
145,51,777
146,51,897
147,51,735
148,51,1418
149,51,444
150,51,1189
151,51,225
152,51,98
153,51,1209
154,51,953
155,51,410
156,51,325
157,51,802
158,51,261
159,51,1052
160,51,343
161,51,766
162,51,1346
163,51,886
164,51,268
165,51,169
166,51,1283
167,51,1001
168,51,381
169,51,49
170,51,209
171,51,601
172,51,819
173,51,318
174,51,409
175,51,670
176,51,1433
177,51,997
178,51,1015
179,51,948
180,51,578
181,51,511
182,51,1238
183,51,1085
184,51,1377
185,51,1413
186,51,772
187,51,254
188,51,248
189,51,102
190,51,239
191,51,1414
192,51,1357
193,51,692
194,51,310
195,51,224
196,51,1089
197,51,1320
198,51,1262
199,51,956
200,51,363
201,51,1093
202,51,537
203,51,937
204,51,631
205,51,1126
206,51,198
207,51,790
208,51,277
209,51,1024
210,51,525
211,51,1048
212,51,1075
213,51,914
214,51,1440
215,51,467
216,51,528
217,51,732
218,51,142
219,51,194
220,51,791
221,51,836
222,51,132
223,51,797
224,51,952
225,51,1178
226,51,628
227,51,147
228,51,1208
229,51,429
230,51,1344
231,51,333
232,51,1317
233,51,1169
234,51,906
235,51,1329
236,51,1233
237,51,630
238,51,208
239,51,572
240,51,1049
241,51,212
242,51,278
243,51,1185
244,51,625
245,51,350
246,51,636
247,51,322
248,51,1217
249,51,152
250,51,295
251,51,1256
252,51,436
253,51,211
254,51,1365
255,51,1375
256,51,299
257,51,324
258,51,1343
259,51,660
260,51,339
261,51,1221
262,51,55
263,51,1153
264,51,1042
265,51,1138
266,51,276
267,51,1010
268,51,872
269,51,1402
270,51,1419
271,51,1006
272,51,1039
273,51,850
274,51,709
275,51,1115
276,51,900
277,51,830
278,51,518
279,51,34
280,51,833
281,51,366
282,51,504
283,51,287
284,51,656
285,51,721
286,51,1088
287,51,1436
288,51,296
289,51,159
290,51,920
291,51,938
292,51,1345
293,51,1069
294,51,508
295,51,155
296,51,1444
297,51,568
298,51,964
299,51,846
300,51,250
301,51,31
302,51,46
303,51,889
304,51,145
305,51,981
306,51,548
307,51,1033
308,51,972
309,51,715
310,51,205
311,51,267
312,51,243
313,51,251
314,51,705
315,51,1406
316,51,1330
317,51,312
318,51,747
319,51,552
320,51,190
321,51,376
322,51,327
323,51,348
324,51,372
325,51,315
326,51,175
327,51,1102
328,51,1211
329,51,527
330,51,313
331,51,89
332,51,759
333,51,174
334,51,94
335,51,784
336,51,1180
337,51,398
338,51,100
339,51,126
340,51,357
341,51,1035
342,51,1266
343,51,1214
344,51,134
345,51,370
346,51,750
347,51,1309
348,51,1095
349,51,104
350,51,959
351,51,311
352,51,689
353,51,515
354,51,1137
355,51,256
356,51,115
357,51,951
358,51,1250
359,51,1355
360,51,264
361,51,963
362,51,683
363,51,1047
364,51,869
365,51,245
366,51,1031
367,51,425
368,51,765
369,51,199
370,51,1066
371,51,462
372,51,1110
373,51,479
374,51,1311
375,51,1201
376,51,241
377,51,1303
378,51,1041
379,51,1038
380,51,441
381,51,729
382,51,1445
383,51,637
384,51,1183
385,51,288
386,51,80
387,51,984
388,51,1273
389,51,1
390,51,260
391,51,12
392,51,1083
393,51,231
394,51,1410
395,51,1295
396,51,443
397,51,97
398,51,189
399,51,706
400,51,63
401,51,1082
402,51,1446
403,51,15
404,51,463
405,51,1226
406,51,1161
407,51,731
408,51,1291
409,51,332
410,51,553
411,51,183
412,51,1331
413,51,754
414,51,575
415,51,495
416,51,492
417,51,685
418,51,1144
419,51,1302
420,51,1142
421,51,468
422,51,1297
423,51,149
424,51,829
425,51,1004
426,51,451
427,51,856
428,51,1175
429,51,517
430,51,613
431,51,860
432,51,1310
433,51,520
434,51,501
435,51,59
436,51,485
437,51,621
438,51,1227
439,51,928
440,51,1037
441,51,1380
442,51,442
443,51,387
444,51,60
445,51,1325
446,51,207
447,51,696
448,51,947
449,51,1277
450,51,672
451,51,344
452,51,338
453,51,895
454,51,921
455,51,780
456,51,143
457,51,438
458,51,1300
459,51,1339
460,51,1133
461,51,369
462,51,1427
463,51,1232
464,51,87
465,51,1322
466,51,634
467,51,113
468,51,65
469,51,1028
470,51,756
471,51,826
472,51,677
473,51,808
474,51,935
475,51,368
476,51,1147
477,51,1394
478,51,129
479,51,1149
480,51,354
481,51,497
482,51,925
483,51,204
484,51,392
485,51,140
486,51,675
487,51,487
488,51,616
489,51,1385
490,51,1019
491,150,274
492,150,1116
493,150,1333
494,150,175
495,150,1095
496,150,93
497,150,761
498,150,190
499,150,1010
500,150,368
501,150,1303
502,150,1343
503,150,952
504,150,1276
505,150,1101
506,150,445
507,150,72
508,150,338
509,150,829
510,150,1094
511,150,696
512,150,377
513,150,59
514,150,983
515,150,279
516,150,841
517,150,579
518,150,1114
519,150,920
520,150,1280
521,150,424
522,150,1155
523,150,1115
524,150,1441
525,150,1437
526,150,798
527,150,436
528,150,966
529,150,92
530,150,495
531,150,442
532,150,1358
533,150,774
534,150,1221
535,150,884
536,150,795
537,150,115
538,150,912
539,150,603
540,150,492
541,150,1081
542,150,168
543,150,1340
544,150,814
545,150,780
546,150,914
547,150,733
548,150,17
549,150,1082
550,150,1204
551,150,1395
552,150,219
553,150,1296
554,150,1375
555,150,1254
556,150,803
557,150,1
558,150,569
559,150,331
560,150,51
561,150,100
562,150,590
563,150,933
564,150,261
565,150,1387
566,150,1302
567,150,209
568,150,1185
569,150,585
570,150,947
571,150,1357
572,150,443
573,150,1232
574,150,852
575,150,1237
576,150,4
577,150,1329
578,150,1156
579,150,267
580,150,1355
581,150,783
582,150,843
583,150,1429
584,150,1195
585,150,1190
586,150,239
587,150,1052
588,150,1128
589,150,808
590,150,73
591,150,529
592,150,1019
593,150,1424
594,150,693
595,150,396
596,150,324
597,150,1411
598,150,784
599,150,1244
600,150,438
601,150,12
602,150,903
603,150,248
604,150,687
605,150,277
606,150,707
607,150,770
608,150,1396
609,150,216
610,150,1248
611,150,1043
612,150,429
613,150,1399
614,150,1256
615,150,217
616,150,1042
617,150,757
618,150,1305
619,150,326
620,150,991
621,150,425
622,150,146
623,150,685
624,150,278
625,150,22
626,150,1405
627,150,1183
628,150,1203
629,150,398
630,150,645
631,150,1193
632,150,259
633,150,58
634,150,225
635,150,344
636,150,954
637,150,860
638,150,330
639,150,800
640,150,502
641,150,463
642,150,731
643,150,486
644,150,32
645,150,1278
646,150,118
647,150,622
648,150,126
649,150,602
650,150,1187
651,150,1331
652,150,620
653,150,517
654,150,1240
655,150,553
656,150,262
657,150,768
658,150,871
659,150,362
660,150,374
661,150,627
662,150,676
663,150,494
664,150,287
665,150,1122
666,150,410
667,150,1031
668,150,895
669,150,844
670,150,1200
671,150,723
672,150,1074
673,150,414
674,150,636
675,150,806
676,150,110
677,150,1420
678,150,964
679,150,89
680,150,1020
681,150,509
682,150,989
683,150,468
684,150,449
685,150,528
686,150,97
687,150,508
688,150,820
689,150,1222
690,150,43
691,150,608
692,150,738
693,150,1103
694,150,886
695,150,1217
696,150,1293
697,150,570
698,150,1363
699,150,822
700,150,1226
701,150,1242
702,150,60
703,150,1003
704,150,663
705,150,563
706,150,831
707,150,365
708,150,692
709,150,40
710,150,246
711,150,1407
712,150,821
713,150,421
714,150,253
715,150,1178
716,150,1227
717,150,873
718,150,1321
719,150,1249
720,150,1216
721,150,1418
722,150,48
723,150,580
724,150,951
725,150,771
726,150,887
727,150,819
728,150,1286
729,150,1025
730,150,802
731,150,906
732,150,625
733,150,245
734,150,959
735,150,1300
736,150,156
737,150,518
738,150,140
739,150,706
740,150,304
741,150,251
742,150,1229
743,150,656
744,150,1199
745,150,171
746,150,560
747,150,963
748,150,657
749,150,1379
750,150,205
751,150,642
752,150,828
753,150,189
754,150,305
755,150,1253
756,150,1423
757,150,1180
758,150,474
759,150,1345
760,150,1362
761,150,1310
762,150,312
763,150,562
764,150,480
765,150,658
766,150,288
767,150,207
768,150,941
769,150,1385
770,150,363
771,150,1224
772,150,255
773,150,551
774,150,848
775,150,194
776,150,1389
777,150,434
778,150,1317
779,150,213
780,150,423
781,150,540
782,150,489
783,150,1413
784,150,1330
785,150,997
786,150,306
787,150,21
788,150,888
789,150,94
790,150,909
791,150,929
792,150,1167
793,150,1409
794,150,1353
795,150,308
796,150,76
797,150,1161
798,150,282
799,150,1135
800,150,1188
801,150,113
802,150,390
803,150,666
804,150,535
805,150,1406
806,150,1311
807,150,395
808,150,575
809,150,1202
810,150,1440
811,150,881
812,150,148
813,150,1394
814,150,1070
815,150,949
816,150,1304
817,150,1176
818,150,477
819,150,1306
820,150,717
821,150,465
822,150,1243
823,150,897
824,150,777
825,150,1108
826,150,1109
827,150,957
828,150,944
829,150,427
830,150,266
831,225,839
832,225,245
833,225,384
834,225,676
835,225,1233
836,225,231
837,225,410
838,225,1347
839,225,1441
840,225,1184
841,225,234
842,225,412
843,225,855
844,225,1072
845,225,1203
846,225,709
847,225,1279
848,225,1226
849,225,799
850,225,386
851,225,368
852,225,185
853,225,795
854,225,310
855,225,179
856,225,929
857,225,444
858,225,1015
859,225,265
860,225,475
861,225,1187
862,225,504
863,225,170
864,225,732
865,225,704
866,225,211
867,225,1120
868,225,996
869,225,888
870,225,439
871,225,668
872,225,853
873,225,1207
874,225,1169
875,225,1272
876,225,1160
877,225,219
878,225,534
879,225,203
880,225,524
881,225,1262
882,225,912
883,225,1209
884,225,1167
885,225,1246
886,225,1275
887,225,333
888,225,574
889,225,178
890,225,972
891,225,325
892,225,1114
893,225,751
894,225,1062
895,225,964
896,225,1136
897,225,750
898,225,609
899,225,247
900,225,377
901,225,910
902,225,20
903,225,735
904,225,277
905,225,1238
906,225,1176
907,225,147
908,225,503
909,225,1028
910,225,995
911,225,208
912,225,970
913,225,948
914,225,44
915,225,1074
916,225,1300
917,225,401
918,225,640
919,225,1326
920,225,820
921,225,445
922,225,425
923,225,1383
924,225,299
925,225,1222
926,225,928
927,225,953
928,225,1328
929,225,158
930,225,447
931,225,1341
932,225,950
933,225,254
934,225,1407
935,225,392
936,225,63
937,225,641
938,225,545
939,225,779
940,225,1137
941,225,907
942,225,204
943,225,253
944,225,525
945,225,93
946,225,164
947,225,105
948,225,1003
949,225,677
950,225,73
951,225,551
952,225,27
953,225,1245
954,225,94
955,225,1405
956,225,691
957,225,868
958,225,149
959,225,836
960,225,869
961,225,1378
962,225,784
963,225,997
964,225,403
965,225,854
966,225,486
967,225,793
968,225,747
969,225,627
970,225,338
971,225,1166
972,225,217
973,225,1007
974,225,243
975,225,400
976,225,266
977,225,852
978,225,1397
979,225,483
980,225,1256
981,225,988
982,225,342
983,225,1113
984,225,1401
985,225,962
986,225,1230
987,225,1154
988,225,49
989,225,895
990,225,409
991,225,943
992,225,113
993,225,689
994,225,698
995,225,1439
996,225,778
997,225,766
998,225,710
999,225,148
1000,225,934
1001,225,1322
1002,225,1217
1003,225,1090
1004,225,361
1005,225,1170
1006,225,53
1007,225,954
1008,225,1058
1009,225,1197
1010,225,1259
1011,225,370
1012,225,268
1013,225,129
1014,225,1128
1015,225,736
1016,225,1418
1017,225,142
1018,225,246
1019,225,914
1020,225,51
1021,225,152
1022,225,1404
1023,225,734
1024,225,572
1025,225,655
1026,225,815
1027,225,1216
1028,225,916
1029,225,248
1030,225,186
1031,225,1335
1032,225,1063
1033,225,800
1034,225,940
1035,225,1142
1036,225,687
1037,225,818
1038,225,1345
1039,225,1125
1040,225,52
1041,225,133
1042,225,1094
1043,225,949
1044,225,1115
1045,225,1406
1046,225,1205
1047,225,239
1048,225,769
1049,225,291
1050,225,288
1051,225,280
1052,225,937
1053,225,726
1054,225,636
1055,225,1156
1056,225,146
1057,225,1314
1058,225,1055
1059,225,630
1060,225,776
1061,225,787
1062,225,569
1063,225,1273
1064,225,36
1065,225,925
1066,225,1199
1067,225,1320
1068,225,341
1069,225,1200
1070,225,791
1071,225,586
1072,225,1082
1073,225,443
1074,225,866
1075,225,857
1076,225,509
1077,225,1390
1078,225,296
1079,225,45
1080,225,82
1081,225,1377
1082,225,946
1083,225,1288
1084,225,422
1085,225,404
1086,225,707
1087,225,767
1088,225,984
1089,225,1051
1090,225,669
1091,225,922
1092,225,632
1093,225,213
1094,225,4
1095,225,828
1096,225,694
1097,225,159
1098,225,1070
1099,225,826
1100,225,171
1101,225,1392
1102,225,1393
1103,225,488
1104,225,84
1105,225,117
1106,225,729
1107,225,440
1108,225,255
1109,225,952
1110,225,842
1111,225,1144
1112,225,967
1113,225,1421
1114,225,553
1115,225,607
1116,225,1088
1117,225,323
1118,225,1426
1119,225,532
1120,225,744
1121,225,882
1122,225,469
1123,225,548
1124,225,1446
1125,225,173
1126,225,871
1127,225,477
1128,225,1409
1129,225,160
1130,225,521
1131,225,1236
1132,225,1283
1133,225,1349
1134,225,395
1135,225,302
1136,225,714
1137,225,1083
1138,225,764
1139,225,144
1140,225,1039
1141,225,1204
1142,225,1241
1143,225,528
1144,225,118
1145,225,183
1146,225,189
1147,225,847
1148,225,657
1149,225,249
1150,225,312
1151,225,1329
1152,225,1122
1153,225,206
1154,225,490
1155,225,1414
1156,225,557
1157,225,46
1158,225,209
1159,225,127
1160,225,1053
1161,225,437
1162,225,917
1163,225,872
1164,225,168
1165,225,155
1166,225,190
1167,225,756
1168,225,785
1169,225,1395
1170,225,671
1171,225,1041
1172,225,143
1173,225,1006
1174,225,1344
1175,225,1274
1176,225,770
1177,225,1057
1178,225,1140
1179,225,841
1180,225,846
1181,225,327
1182,225,867
1183,225,1375
1184,225,923
1185,225,396
1186,225,1108
1187,225,616
1188,225,1257
1189,225,30
1190,225,398
1191,225,1202
1192,225,1309
1193,225,257
1194,225,289
1195,225,992
1196,225,1189
1197,225,5
1198,225,1420
1199,225,1093
1200,225,1387
1201,225,920
1202,225,251
1203,225,287
1204,225,989
1205,225,759
1206,225,1240
1207,225,903
1208,225,897
1209,225,1438
1210,225,1367
1211,225,81
1212,225,434
1213,225,663
1214,225,1321
1215,225,140
1216,225,739
1217,225,550
1218,225,643
1219,225,429
1220,225,1380
1221,225,761
1222,225,221
1223,225,1371
1224,225,278
1225,225,702
1226,225,188
1227,225,98
1228,225,921
1229,225,1239
1230,225,960
1231,225,905
1232,225,48
1233,225,261
1234,225,402
1235,225,397
1236,225,74
1237,225,115
1238,225,264
1239,225,259
1240,225,406
1241,225,1379
1242,225,514
1243,225,1164
1244,225,1358
1245,225,1346
1246,225,23
1247,225,501
1248,225,843
1249,225,494
1250,225,70
1251,225,1224
1252,225,622
1253,225,666
1254,225,1056
1255,225,983
1256,225,938
1257,225,106
1258,225,1413
1259,225,1292
1260,225,1076
1261,225,991
1262,225,1075
1263,225,290
1264,225,556
1265,225,838
1266,225,1331
1267,225,1318
1268,225,558
1269,225,1364
1270,225,597
1271,225,235
1272,225,1221
1273,225,680
1274,225,481
1275,225,72
1276,225,1270
1277,225,919
1278,225,276
1279,225,1433
1280,225,390
1281,225,322
1282,225,546
1283,225,1248
1284,225,705
1285,225,792
1286,225,1155
1287,225,1001
1288,225,601
1289,225,1059
1290,225,685
1291,225,823
1292,225,684
1293,225,1002
1294,225,95
1295,225,59
1296,225,1304
1297,225,435
1298,225,980
1299,225,544
1300,225,1223
1301,225,1010
1302,225,304
1303,225,373
1304,225,1107
1305,225,883
1306,225,1052
1307,225,1183
1308,225,89
1309,225,1366
1310,225,817
1311,225,1276
1312,225,834
1313,225,228
1314,225,6
1315,225,696
1316,225,1386
1317,225,100
1318,225,301
1319,225,216
1320,225,771
1321,225,1103
1322,225,1444
1323,225,1424
1324,225,875
1325,225,399
1326,225,102
1327,225,411
1328,225,537
1329,225,460
1330,225,126
1331,225,1095
1332,225,515
1333,225,1310
1334,225,1119
1335,225,1180
1336,225,844
1337,225,661
1338,225,226
1339,225,682
1340,225,1282
1341,225,169
1342,225,891
1343,225,441
1344,225,1389
1345,225,631
1346,225,941
1347,225,656
1348,225,1195
1349,225,904
1350,225,1302
1351,225,1235
1352,225,337
1353,225,740
1354,225,199
1355,225,237
1356,225,1399
1357,225,1171
1358,225,197
1359,225,566
1360,225,1123
1361,225,1381
1362,225,1340
1363,225,1359
1364,225,450
1365,225,1447
1366,225,1277
1367,225,194
1368,225,526
1369,225,1182
1370,225,116
1371,225,205
1372,225,1026
1373,225,885
1374,225,1311
1375,225,1
1376,225,1011
1377,225,1280
1378,225,1229
1379,225,1350
1380,225,1232
1381,225,621
1382,225,971
1383,225,765
1384,225,354
1385,225,408
1386,225,511
1387,225,1085
1388,225,295
1389,225,915
1390,225,110
1391,225,625
1392,225,343
1393,225,973
1394,225,540
1395,225,803
1396,225,1297
1397,225,421
1398,225,1009
1399,244,750
1400,244,1026
1401,244,85
1402,244,698
1403,244,1025
1404,244,238
1405,244,363
1406,244,770
1407,244,265
1408,244,801
1409,244,106
1410,244,191
1411,244,1430
1412,244,867
1413,244,1089
1414,244,690
1415,244,828
1416,244,408
1417,244,836
1418,244,383
1419,244,1040
1420,244,643
1421,244,1367
1422,244,245
1423,244,1260
1424,244,1126
1425,244,621
1426,244,545
1427,244,127
1428,244,102
1429,244,734
1430,244,1266
1431,244,93
1432,244,126
1433,244,492
1434,244,278
1435,244,1262
1436,244,1234
1437,244,410
1438,244,579
1439,244,160
1440,244,312
1441,244,969
1442,244,439
1443,244,532
1444,244,92
1445,244,101
1446,244,677
1447,244,1330
1448,244,987
1449,244,1407
1450,244,1119
1451,244,1204
1452,244,1154
1453,244,779
1454,244,469
1455,244,1183
1456,244,1259
1457,244,481
1458,244,803
1459,244,207
1460,244,448
1461,244,860
1462,244,1208
1463,244,947
1464,244,315
1465,244,478
1466,244,1310
1467,244,912
1468,244,733
1469,244,985
1470,244,1148
1471,244,187
1472,244,882
1473,244,1420
1474,244,573
1475,244,1386
1476,244,630
1477,244,1381
1478,244,1346
1479,244,1002
1480,244,1415
1481,244,254
1482,244,1314
1483,244,596
1484,244,730
1485,244,780
1486,244,89
1487,244,1387
1488,244,63
1489,244,938
1490,244,267
1491,244,134
1492,244,29
1493,244,338
1494,244,442
1495,244,1421
1496,244,1065
1497,244,744
1498,244,802
1499,244,223
1500,244,1123
1501,244,1024
1502,244,1193
1503,244,65
1504,244,1088
1505,244,1377
1506,244,1355
1507,244,1132
1508,244,1370
1509,244,403
1510,244,760
1511,244,820
1512,244,437
1513,244,1067
1514,244,866
1515,244,1247
1516,244,1343
1517,244,386
1518,244,954
1519,244,1286
1520,244,553
1521,244,620
1522,244,1133
1523,244,270
1524,244,146
1525,244,1328
1526,244,561
1527,244,46
1528,244,1242
1529,244,474
1530,244,1091
1531,244,1006
1532,244,1085
1533,244,225
1534,244,1110
1535,244,10
1536,244,567
1537,244,1090
1538,244,731
1539,244,418
1540,244,45
1541,244,178
1542,244,99
1543,244,1224
1544,244,110
1545,244,771
1546,244,246
1547,244,11
1548,244,186
1549,244,1428
1550,244,379
1551,244,707
1552,244,683
1553,244,1128
1554,244,1321
1555,244,726
1556,244,1185
1557,244,454
1558,244,724
1559,244,171
1560,244,865
1561,244,986
1562,244,1273
1563,244,777
1564,244,590
1565,244,769
1566,244,441
1567,291,584
1568,291,447
1569,291,941
1570,291,1137
1571,291,748
1572,291,736
1573,291,52
1574,291,1336
1575,291,1324
1576,291,420
1577,291,45
1578,291,786
1579,291,1170
1580,291,1237
1581,291,261
1582,291,20
1583,291,326
1584,291,486
1585,291,1276
1586,291,913
1587,291,586
1588,291,425
1589,291,1131
1590,291,101
1591,291,535
1592,291,739
1593,291,13
1594,291,1271
1595,291,771
1596,291,1373
1597,291,696
1598,291,156
1599,291,1444
1600,291,1144
1601,291,12
1602,291,1313
1603,291,1441
1604,291,803
1605,291,169
1606,291,534
1607,291,882
1608,291,1372
1609,291,278
1610,291,51
1611,291,1367
1612,291,65
1613,291,886
1614,291,235
1615,291,1417
1616,291,1027
1617,291,542
1618,291,607
1619,291,352
1620,291,461
1621,291,195
1622,291,362
1623,291,881
1624,291,867
1625,291,233
1626,291,50
1627,291,434
1628,291,265
1629,291,1248
1630,291,0
1631,291,1072
1632,291,854
1633,291,865
1634,291,1434
1635,291,818
1636,291,912
1637,291,1116
1638,291,308
1639,291,148
1640,291,1093
1641,291,246
1642,291,421
1643,291,253
1644,291,386
1645,291,1374
1646,291,182
1647,291,791
1648,291,1256
1649,291,706
1650,291,245
1651,291,1231
1652,291,309
1653,291,724
1654,291,603
1655,291,756
1656,291,1283
1657,291,479
1658,291,186
1659,291,751
1660,291,1202
1661,291,907
1662,291,609
1663,291,562
1664,291,1104
1665,291,144
1666,291,552
1667,291,389
1668,291,823
1669,291,360
1670,291,154
1671,291,189
1672,291,1168
1673,291,303
1674,291,35
1675,291,408
1676,291,1221
1677,291,663
1678,291,1311
1679,291,1151
1680,291,281
1681,291,422
1682,291,443
1683,291,645
1684,291,1238
1685,291,110
1686,291,1421
1687,291,1113
1688,291,964
1689,291,846
1690,291,445
1691,291,1233
1692,291,1148
1693,291,769
1694,291,834
1695,291,173
1696,291,1447
1697,291,147
1698,291,203
1699,291,1175
1700,291,895
1701,291,1399
1702,291,822
1703,291,1395
1704,291,1443
1705,291,996
1706,291,49
1707,291,212
1708,291,43
1709,291,727
1710,291,315
1711,291,89
1712,291,331
1713,291,100
1714,291,695
1715,291,668
1716,291,1003
1717,291,978
1718,291,489
1719,291,129
1720,291,980
1721,291,24
1722,291,502
1723,291,1355
1724,291,968
1725,291,1058
1726,291,909
1727,291,920
1728,291,731
1729,291,626
1730,291,164
1731,291,958
1732,291,658
1733,291,1094
1734,291,178
1735,291,577
1736,291,675
1737,291,883
1738,291,263
1739,291,682
1740,291,1282
1741,291,852
1742,291,949
1743,291,1294
1744,291,409
1745,291,520
1746,291,1185
1747,291,1064
1748,291,1393
1749,291,637
1750,291,687
1751,291,72
1752,291,132
1753,291,268
1754,291,873
1755,291,241
1756,291,1222
1757,291,1415
1758,291,224
1759,291,108
1760,291,691
1761,291,345
1762,291,1436
1763,291,768
1764,291,185
1765,291,429
1766,291,225
1767,291,289
1768,291,963
1769,291,914
1770,291,97
1771,291,1322
1772,291,833
1773,291,1028
1774,291,1438
1775,291,504
1776,291,1117
1777,291,118
1778,291,1302
1779,291,808
1780,291,1335
1781,291,423
1782,291,1042
1783,291,1056
1784,291,1052
1785,291,483
1786,291,540
1787,291,234
1788,291,943
1789,291,1100
1790,291,105
1791,291,190
1792,291,394
1793,291,1246
1794,291,625
1795,291,353
1796,291,192
1797,291,573
1798,291,887
1799,291,107
1800,291,911
1801,291,799
1802,291,266
1803,291,1425
1804,291,36
1805,291,708
1806,291,1208
1807,291,497
1808,291,693
1809,291,1090
1810,291,1001
1811,291,1138
1812,291,1397
1813,291,1216
1814,291,587
1815,291,1029
1816,291,1296
1817,291,157
1818,291,777
1819,291,286
1820,291,509
1821,291,801
1822,291,1277
1823,291,1290
1824,291,1288
1825,291,692
1826,291,85
1827,291,1199
1828,291,582
1829,291,120
1830,291,934
1831,291,925
1832,291,1074
1833,291,1284
1834,291,490
1835,291,1309
1836,291,455
1837,291,937
1838,291,623
1839,291,839
1840,291,1345
1841,291,567
1842,291,767
1843,291,1431
1844,291,1287
1845,291,1243
1846,291,255
1847,291,1428
1848,291,690
1849,291,221
1850,291,264
1851,291,537
1852,291,541
1853,291,669
1854,291,1070
1855,291,470
1856,291,1212
1857,291,940
1858,291,685
1859,291,418
1860,291,758
1861,291,820
1862,291,82
1863,291,403
1864,291,411
1865,291,560
1866,291,1326
1867,291,524
1868,291,568
1869,291,930
1870,291,1038
1871,291,1364
1872,291,929
1873,291,488
1874,291,448
1875,291,1244
1876,291,910
1877,291,859
1878,291,1031
1879,291,165
1880,291,283
1881,291,554
1882,291,528
1883,291,954
1884,291,785
1885,291,325
1886,291,133
1887,291,301
1888,291,714
1889,291,613
1890,291,1330
1891,291,70
1892,291,1195
1893,291,1230
1894,291,1120
1895,291,698
1896,291,1236
1897,291,1329
1898,291,674
1899,291,1268
1900,291,74
1901,291,1359
1902,291,1026
1903,291,482
1904,291,296
1905,291,370
1906,291,103
1907,291,1098
1908,291,1197
1909,291,310
1910,291,547
1911,291,1223
1912,291,473
1913,291,1293
1914,291,155
1915,291,1188
1916,291,383
1917,291,319
1918,291,1025
1919,291,611
1920,291,1325
1921,291,1089
1922,291,1045
1923,291,1153
1924,291,1406
1925,291,507
1926,291,1009
1927,291,636
1928,291,258
1929,291,1305
1930,291,670
1931,291,444
1932,291,1036
1933,291,960
1934,291,901
1935,291,1119
1936,291,1065
1937,291,783
1938,291,256
1939,291,267
1940,291,1349
1941,291,501
1942,291,1114
1943,291,1192
1944,291,1333
1945,291,1193
1946,291,339
1947,291,179
1948,291,828
1949,291,272
1950,291,782
1951,291,984
1952,291,287
1953,291,412
1954,291,885
1955,291,75
1956,291,778
1957,291,1134
1958,291,150
1959,291,737
1960,291,449
1961,291,1375
1962,291,15
1963,291,521
1964,291,1048
1965,291,34
1966,291,183
1967,291,1314
1968,291,111
1969,291,92
1970,291,1360
1971,291,481
1972,291,4
1973,291,631
1974,291,463
1975,291,230
1976,291,102
1977,291,707
1978,291,525
1979,291,1404
1980,291,1063
1981,291,639
1982,291,657
1983,291,919
1984,291,462
1985,291,350
1986,291,1149
1987,291,98
1988,291,812
1989,291,569
1990,291,1433
1991,291,290
1992,291,217
1993,291,948
1994,291,375
1995,291,819
1996,291,441
1997,291,142
1998,291,616
1999,291,338
2000,291,329
2001,291,884
2002,291,457
2003,291,471
2004,291,7
2005,291,529
2006,291,76
2007,291,1224
2008,291,726
2009,291,1180
2010,291,1007
2011,291,998
2012,291,1317
2013,291,602
2014,291,259
2015,291,46
2016,291,300
2017,291,1020
2018,291,400
2019,291,472
2020,291,158
2021,291,1279
2022,291,857
2023,291,728
2024,291,1269
2025,291,1295
2026,291,830
2027,291,988
2028,291,48
2029,291,1040
2030,291,248
2031,291,238
2032,291,336
2033,291,506
2034,291,517
2035,291,1050
2036,291,570
2037,291,23
2038,291,1122
2039,291,987
2040,291,1334
2041,291,247
2042,291,686
2043,291,1135
2044,291,128
2045,291,125
2046,291,578
2047,291,511
2048,291,464
2049,291,1142
2050,291,213
2051,291,1253
2052,291,903
2053,291,1383
2054,291,32
2055,291,850
2056,291,860
2057,291,923
2058,291,1099
2059,291,992
2060,291,1411
2061,291,1111
2062,291,126
2063,291,84
2064,291,1095
2065,291,694
2066,291,1166
2067,291,367
2068,291,1361
2069,291,29
2070,291,1217
2071,291,680
2072,291,1041
2073,291,953
2074,291,826
2075,291,544
2076,291,526
2077,291,1071
2078,291,1394
2079,291,1300
2080,291,1440
2081,291,579
2082,291,62
2083,291,593
2084,291,776
2085,291,167
2086,291,643
2087,291,876
2088,291,63
2089,291,320
2090,291,721
2091,291,1318
2092,291,361
2093,291,1303
2094,291,1055
2095,291,967
2096,291,442
2097,291,1298
2098,291,990
2099,291,1229
2100,291,1344
2101,291,306
2102,291,368
2103,291,1321
2104,291,424
2105,291,1006
2106,291,294
2107,291,475
2108,291,971
2109,291,870
2110,291,433
2111,291,369
2112,291,550
2113,291,869
2114,291,733
2115,291,316
2116,291,1053
2117,291,365
2118,291,236
2119,291,115
2120,291,1232
2121,291,1085
2122,291,1152
2123,291,252
2124,291,836
2125,291,1161
2126,291,821
2127,291,1250
2128,291,1016
2129,291,460
2130,291,1069
2131,291,661
2132,291,1307
2133,291,209
2134,291,1389
2135,291,277
2136,291,1323
2137,291,715
2138,291,1132
2139,291,1278
2140,291,1366
2141,291,299
2142,291,610
2143,291,765
2144,291,1171
2145,291,116
2146,291,729
2147,291,1075
2148,291,1082
2149,291,1024
2150,291,1358
2151,291,590
2152,291,660
2153,291,955
2154,291,621
2155,291,1264
2156,291,199
2157,291,656
2158,291,1381
2159,291,922
2160,291,779
2161,291,546
2162,291,1409
2163,291,416
2164,291,572
2165,291,123
2166,291,891
2167,291,341
2168,291,647
2169,291,1240
2170,291,239
2171,291,121
2172,291,1353
2173,291,703
2174,291,1427
2175,291,1331
2176,291,1414
2177,291,902
2178,291,718
2179,291,1176
2180,291,797
2181,291,1340
2182,291,815
2183,291,717
2184,291,1062
2185,291,1008
2186,291,104
2187,291,86
2188,291,985
2189,291,1211
2190,291,297
2191,291,1445
2192,291,1107
2193,291,760
2194,291,1327
2195,291,390
2196,291,94
2197,291,793
2198,291,1348
2199,291,384
2200,291,435
2201,291,152
2202,291,702
2203,291,237
2204,291,972
2205,291,1304
2206,291,689
2207,291,1102
2208,291,1391
2209,291,1
2210,291,652
2211,291,592
2212,291,399
2213,291,401
2214,291,1066
2215,291,1178
2216,291,55
2217,291,17
2218,291,1308
2219,291,553
2220,291,1004
2221,291,1384
2222,291,210
2223,291,986
2224,291,139
2225,291,27
2226,291,77
2227,291,1291
2228,291,1254
2229,291,1262
2230,291,561
2231,291,396
2232,291,795
2233,291,1214
2234,291,143
2235,291,327
2236,291,1097
2237,291,60
2238,291,1412
2239,291,1194
2240,291,1430
2241,291,453
2242,291,41
2243,291,747
2244,291,1418
2245,291,73
2246,291,709
2247,291,372
2248,291,468
2249,291,262
2250,291,377
2251,291,641
2252,291,397
2253,291,208
2254,291,387
2255,291,938
2256,291,864
2257,299,695
2258,299,191
2259,299,1149
2260,299,140
2261,299,1182
2262,299,806
2263,299,312
2264,299,973
2265,299,1208
2266,299,450
2267,299,434
2268,299,1112
2269,299,427
2270,299,164
2271,299,953
2272,299,1419
2273,299,686
2274,299,728
2275,299,301
2276,299,1359
2277,299,5
2278,299,407
2279,299,1178
2280,299,1320
2281,299,1327
2282,299,770
2283,299,891
2284,299,661
2285,299,1282
2286,299,1331
2287,299,780
2288,299,927
2289,299,580
2290,299,239
2291,299,748
2292,299,509
2293,299,1385
2294,299,448
2295,299,713
2296,299,683
2297,299,641
2298,299,382
2299,299,497
2300,299,1261
2301,299,755
2302,299,219
2303,299,884
2304,299,597
2305,299,44
2306,299,887
2307,299,1366
2308,299,1038
2309,299,988
2310,299,1063
2311,299,986
2312,299,517
2313,299,677
2314,299,167
2315,299,600
2316,299,1198
2317,299,327
2318,299,1028
2319,299,612
2320,299,804
2321,299,117
2322,299,1221
2323,299,846
2324,299,962
2325,299,1336
2326,299,1199
2327,299,938
2328,299,1216
2329,299,838
2330,299,548
2331,299,437
2332,299,501
2333,299,1309
2334,299,732
2335,299,1399
2336,299,231
2337,299,416
2338,299,1084
2339,299,1001
2340,299,406
2341,299,445
2342,299,613
2343,299,736
2344,299,234
2345,299,7
2346,299,685
2347,299,876
2348,299,199
2349,299,1
2350,299,233
2351,299,570
2352,299,852
2353,299,79
2354,299,557
2355,299,871
2356,299,108
2357,299,1123
2358,299,1243
2359,299,1330
2360,299,1408
2361,299,435
2362,299,123
2363,299,148
2364,299,948
2365,299,52
2366,299,1032
2367,299,929
2368,299,1358
2369,299,1120
2370,299,373
2371,299,106
2372,299,16
2373,299,1105
2374,299,187
2375,299,266
2376,299,362
2377,299,959
2378,299,731
2379,299,1102
2380,299,227
2381,299,972
2382,299,588
2383,299,158
2384,299,1314
2385,299,946
2386,299,105
2387,299,656
2388,299,727
2389,299,1233
2390,299,1276
2391,299,511
2392,299,761
2393,299,701
2394,299,311
2395,299,1319
2396,299,775
2397,299,627
2398,299,1396
2399,299,778
2400,299,422
2401,299,652
2402,299,1305
2403,299,763
2404,299,1225
2405,299,149
2406,299,1377
2407,299,300
2408,299,1189
2409,299,932
2410,299,462
2411,299,65
2412,299,802
2413,299,1074
2414,299,1353
2415,299,245
2416,299,1088
2417,299,573
2418,299,585
2419,299,363
2420,299,247
2421,299,1109
2422,299,1381
2423,299,726
2424,299,1126
2425,299,766
2426,299,835
2427,299,1091
2428,299,1057
2429,299,1304
2430,299,402
2431,299,353
2432,299,609
2433,299,259
2434,299,41
2435,299,1257
2436,299,24
2437,299,1215
2438,299,1342
2439,299,414
2440,299,411
2441,299,877
2442,299,321
2443,299,1387
2444,299,1371
2445,299,1183
2446,299,1056
2447,299,287
2448,299,71
2449,299,625
2450,299,1406
2451,299,1197
2452,299,546
2453,299,1039
2454,299,1284
2455,299,526
2456,299,574
2457,299,209
2458,299,1413
2459,299,250
2460,299,643
2461,299,1310
2462,299,1263
2463,299,865
2464,299,675
2465,299,1240
2466,299,126
2467,299,344
2468,299,1239
2469,299,798
2470,299,102
2471,299,599
2472,299,475
2473,299,152
2474,299,841
2475,299,212
2476,299,1002
2477,299,302
2478,299,839
2479,299,3
2480,299,1441
2481,299,96
2482,299,1058
2483,299,718
2484,299,712
2485,299,664
2486,299,197
2487,299,343
2488,299,473
2489,299,912
2490,299,262
2491,299,637
2492,299,243
2493,299,74
2494,299,1405
2495,299,1259
2496,299,1256
2497,299,469
2498,299,207
2499,299,1052
2500,299,872
2501,299,1144
2502,299,1424
2503,299,1344
2504,299,1093
2505,299,436
2506,299,113
2507,299,40
2508,299,1200
2509,299,1317
2510,299,442
2511,299,1262
2512,299,911
2513,299,1086
2514,299,264
2515,299,569
2516,299,315
2517,299,909
2518,299,120
2519,299,579
2520,299,1328
2521,299,1097
2522,299,403
2523,299,217
2524,299,1446
2525,299,774
2526,306,389
2527,306,190
2528,306,771
2529,306,1445
2530,306,251
2531,306,537
2532,306,634
2533,306,669
2534,306,1069
2535,306,1305
2536,306,1390
2537,306,1185
2538,306,954
2539,306,797
2540,306,363
2541,306,685
2542,306,324
2543,306,237
2544,306,1154
2545,306,1006
2546,306,1340
2547,306,504
2548,306,1412
2549,306,37
2550,306,632
2551,306,1294
2552,306,1355
2553,306,920
2554,306,541
2555,306,289
2556,306,1353
2557,306,1235
2558,306,266
2559,306,1239
2560,306,1377
2561,306,331
2562,306,661
2563,306,354
2564,306,579
2565,306,618
2566,306,769
2567,306,1429
2568,306,99
2569,306,613
2570,306,1233
2571,306,434
2572,306,607
2573,306,1238
2574,306,207
2575,306,929
2576,306,750
2577,306,287
2578,306,1256
2579,306,497
2580,306,692
2581,306,1329
2582,306,694
2583,306,369
2584,306,1323
2585,306,50
2586,306,156
2587,306,784
2588,306,1211
2589,306,990
2590,306,216
2591,306,1427
2592,306,138
2593,306,1016
2594,306,1308
2595,306,548
2596,306,772
2597,306,188
2598,306,1114
2599,306,963
2600,306,270
2601,306,656
2602,306,1374
2603,306,666
2604,306,636
2605,306,1367
2606,306,621
2607,306,1115
2608,306,959
2609,306,1333
2610,306,243
2611,306,841
2612,306,1291
2613,306,1361
2614,306,342
2615,306,609
2616,306,1140
2617,306,1364
2618,306,912
2619,306,103
2620,306,765
2621,306,1121
2622,306,59
2623,306,1441
2624,306,262
2625,306,988
2626,306,464
2627,306,1072
2628,306,58
2629,306,152
2630,306,267
2631,306,309
2632,306,802
2633,306,1281
2634,306,437
2635,306,149
2636,306,517
2637,306,1101
2638,306,168
2639,306,910
2640,306,167
2641,306,1225
2642,306,211
2643,306,978
2644,306,1
2645,306,871
2646,306,443
2647,306,623
2648,306,1262
2649,306,140
2650,306,1229
2651,306,758
2652,306,1260
2653,306,144
2654,306,1392
2655,306,1058
2656,306,1325
2657,306,109
2658,306,118
2659,306,553
2660,306,13
2661,306,35
2662,306,1383
2663,306,925
2664,306,1310
2665,306,173
2666,306,1128
2667,306,1321
2668,306,860
2669,306,172
2670,306,602
2671,306,1379
2672,306,1287
2673,306,690
2674,306,1123
2675,306,1320
2676,306,814
2677,306,582
2678,306,558
2679,306,896
2680,306,1001
2681,306,952
2682,306,1108
2683,306,1200
2684,306,1343
2685,306,296
2686,306,1116
2687,306,714
2688,306,199
2689,306,1243
2690,306,1354
2691,306,1446
2692,306,815
2693,306,890
2694,306,596
2695,306,1295
2696,306,511
2697,306,82
2698,306,1227
2699,306,148
2700,306,1405
2701,306,800
2702,306,1031
2703,306,1359
2704,306,567
2705,306,895
2706,306,365
2707,319,492
2708,319,804
2709,319,138
2710,319,309
2711,319,866
2712,319,817
2713,319,666
2714,319,705
2715,319,1025
2716,319,567
2717,319,82
2718,319,462
2719,319,1067
2720,319,535
2721,319,1406
2722,319,1436
2723,319,214
2724,319,195
2725,319,1064
2726,319,73
2727,319,333
2728,319,288
2729,319,1076
2730,319,397
2731,319,294
2732,319,353
2733,319,46
2734,319,1400
2735,319,530
2736,319,569
2737,319,546
2738,319,464
2739,319,821
2740,319,682
2741,319,1082
2742,319,207
2743,319,734
2744,319,442
2745,319,1072
2746,319,1349
2747,319,1300
2748,319,43
2749,319,620
2750,319,1113
2751,319,1408
2752,319,113
2753,319,1290
2754,319,1264
2755,319,327
2756,319,203
2757,319,245
2758,319,757
2759,319,286
2760,319,226
2761,319,768
2762,319,109
2763,319,1354
2764,319,1312
2765,319,140
2766,319,209
2767,319,797
2768,319,1253
2769,319,919
2770,319,1208
2771,319,1193
2772,319,430
2773,319,194
2774,319,1185
2775,319,521
2776,319,284
2777,319,241
2778,319,350
2779,319,1110
2780,319,689
2781,319,9
2782,319,532
2783,319,872
2784,319,534
2785,319,1384
2786,319,171
2787,319,362
2788,319,1327
2789,319,661
2790,319,84
2791,319,1393
2792,319,83
2793,319,429
2794,319,1359
2795,319,411
2796,319,692
2797,319,1087
2798,319,86
2799,319,578
2800,319,125
2801,319,601
2802,319,197
2803,319,235
2804,319,1169
2805,319,675
2806,319,1218
2807,319,1137
2808,319,934
2809,319,266
2810,319,481
2811,319,774
2812,319,1425
2813,319,643
2814,319,562
2815,319,772
2816,319,35
2817,319,680
2818,319,1282
2819,319,1236
2820,319,1273
2821,319,1058
2822,319,1387
2823,319,791
2824,319,941
2825,319,1322
2826,319,602
2827,319,1204
2828,319,902
2829,319,593
2830,319,121
2831,319,24
2832,319,94
2833,319,50
2834,319,1119
2835,319,1020
2836,319,718
2837,319,480
2838,319,735
2839,319,408
2840,319,526
2841,319,764
2842,319,342
2843,319,566
2844,319,439
2845,319,914
2846,319,1244
2847,319,1394
2848,319,701
2849,319,1396
2850,319,1311
2851,319,1012
2852,319,1262
2853,319,944
2854,319,988
2855,319,369
2856,319,99
2857,319,305
2858,319,1018
2859,319,1229
2860,319,892
2861,319,477
2862,319,1060
2863,319,910
2864,319,1435
2865,319,1341
2866,319,1102
2867,319,1171
2868,319,419
2869,319,886
2870,319,388
2871,319,188
2872,319,895
2873,319,494
2874,319,785
2875,319,672
2876,319,596
2877,319,283
2878,319,1015
2879,319,237
2880,319,1089
2881,319,422
2882,319,63
2883,319,1062
2884,319,1447
2885,319,925
2886,319,984
2887,319,750
2888,319,354
2889,319,1178
2890,319,990
2891,319,1256
2892,319,1263
2893,319,1409
2894,319,1151
2895,319,1108
2896,319,155
2897,319,1336
2898,319,119
2899,319,211
2900,319,162
2901,319,913
2902,319,173
2903,319,391
2904,319,1022
2905,319,1104
2906,319,191
2907,319,1340
2908,319,457
2909,319,1002
2910,319,882
2911,319,1007
2912,319,1373
2913,319,588
2914,319,427
2915,319,592
2916,319,957
2917,319,795
2918,319,297
2919,319,738
2920,319,1187
2921,319,818
2922,319,1345
2923,319,75
2924,319,1445
2925,319,1091
2926,319,1213
2927,319,800
2928,319,1144
2929,319,53
2930,319,820
2931,319,552
2932,319,1066
2933,319,267
2934,319,247
2935,319,507
2936,319,950
2937,319,1128
2938,319,1377
2939,319,1215
2940,319,174
2941,319,1095
2942,319,1420
2943,319,205
2944,319,693
2945,319,406
2946,319,947
2947,319,1153
2948,319,982
2949,319,407
2950,319,48
2951,319,1335
2952,319,550
2953,319,1138
2954,319,830
2955,319,192
2956,319,1444
2957,319,189
2958,319,304
2959,319,842
2960,319,1230
2961,319,646
2962,319,1279
2963,319,160
2964,319,448
2965,319,1304
2966,319,920
2967,319,1156
2968,319,1323
2969,319,959
2970,319,1183
2971,319,133
2972,319,1305
2973,319,72
2974,319,545
2975,319,868
2976,319,1355
2977,319,1418
2978,319,1200
2979,319,839
2980,319,1331
2981,319,1088
2982,319,1103
2983,319,478
2984,319,1038
2985,319,1385
2986,319,13
2987,319,1231
2988,319,1093
2989,319,761
2990,319,272
2991,319,938
2992,319,423
2993,319,888
2994,319,1126
2995,319,1056
2996,319,52
2997,319,1041
2998,319,1226
2999,319,1271
3000,319,326
3001,319,437
3002,319,952
3003,319,766
3004,319,829
3005,319,876
3006,319,729
3007,319,1182
3008,319,553
3009,319,971
3010,319,421
3011,319,168
3012,319,859
3013,319,1328
3014,319,179
3015,319,1059
3016,319,499
3017,319,1222
3018,319,1269
3019,319,917
3020,319,767
3021,319,1003
3022,319,1438
3023,319,1302
3024,319,213
3025,319,172
3026,319,5
3027,319,219
3028,319,1090
3029,319,584
3030,319,726
3031,319,295
3032,319,300
3033,319,921
3034,319,784
3035,319,828
3036,319,1180
3037,319,92
3038,319,777
3039,319,1405
3040,319,278
3041,319,485
3042,319,558
3043,319,1370
3044,319,529
3045,319,157
3046,319,1063
3047,319,312
3048,319,78
3049,319,1386
3050,319,613
3051,319,1292
3052,319,132
3053,319,953
3054,319,412
3055,319,1399
3056,319,1133
3057,319,845
3058,319,731
3059,319,1040
3060,319,123
3061,319,669
3062,319,1221
3063,319,748
3064,319,1309
3065,319,676
3066,319,899
3067,319,1407
3068,319,443
3069,319,1306
3070,319,251
3071,319,314
3072,319,1201
3073,319,1202
3074,319,148
3075,319,969
3076,319,1317
3077,319,1402
3078,319,1378
3079,319,1254
3080,319,1109
3081,319,147
3082,319,370
3083,319,626
3084,319,1294
3085,319,794
3086,319,509
3087,319,847
3088,319,683
3089,319,11
3090,319,1343
3091,319,1199
3092,319,44
3093,319,183
3094,319,1326
3095,319,1016
3096,319,424
3097,319,544
3098,319,375
3099,319,928
3100,319,32
3101,319,597
3102,319,372
3103,319,85
3104,319,262
3105,319,440
3106,319,118
3107,319,875
3108,319,339
3109,319,1268
3110,319,454
3111,319,915
3112,319,850
3113,319,0
3114,319,59
3115,319,712
3116,319,65
3117,319,694
3118,319,929
3119,319,541
3120,319,12
3121,319,260
3122,319,493
3123,319,287
3124,319,618
3125,319,778
3126,319,1310
3127,319,89
3128,319,497
3129,319,170
3130,319,22
3131,319,1308
3132,319,871
3133,319,344
3134,319,867
3135,319,621
3136,319,1083
3137,319,946
3138,319,1209
3139,319,1246
3140,319,909
3141,319,471
3142,319,1001
3143,319,1055
3144,319,1233
3145,319,1114
3146,319,102
3147,319,997
3148,319,1367
3149,319,570
3150,319,97
3151,319,1348
3152,319,4
3153,319,449
3154,319,633
3155,319,303
3156,319,1035
3157,319,146
3158,319,116
3159,319,954
3160,319,502
3161,319,623
3162,319,336
3163,319,992
3164,319,1149
3165,319,962
3166,319,416
3167,319,728
3168,319,1379
3169,319,1296
3170,319,1232
3171,319,831
3172,319,164
3173,319,1371
3174,319,1375
3175,319,1175
3176,319,420
3177,319,1424
3178,319,128
3179,319,150
3180,319,289
3181,319,1392
3182,319,1057
3183,319,911
3184,319,523
3185,319,636
3186,319,1027
3187,319,100
3188,319,1160
3189,319,224
3190,319,377
3191,319,724
3192,319,324
3193,319,776
3194,319,551
3195,319,963
3196,319,760
3197,319,759
3198,319,873
3199,319,1014
3200,319,1214
3201,319,893
3202,319,1132
3203,319,1381
3204,319,1148
3205,319,248
3206,319,844
3207,319,503
3208,319,890
3209,319,456
3210,319,1189
3211,319,517
3212,319,769
3213,319,398
3214,319,1243
3215,319,281
3216,319,1107
3217,319,540
3218,319,770
3219,319,225
3220,319,641
3221,319,246
3222,319,736
3223,319,77
3224,319,727
3225,319,853
3226,319,145
3227,319,373
3228,319,625
3229,319,695
3230,319,1211
3231,319,616
3232,319,127
3233,319,1314
3234,319,933
3235,319,321
3236,319,632
3237,319,268
3238,319,903
3239,319,907
3240,319,1235
3241,319,568
3242,319,906
3243,319,1414
3244,319,991
3245,319,105
3246,319,783
3247,319,832
3248,319,489
3249,319,434
3250,319,948
3251,319,802
3252,319,400
3253,319,495
3254,319,463
3255,319,1084
3256,319,401
3257,319,685
3258,319,51
3259,319,405
3260,319,450
3261,319,577
3262,319,410
3263,319,1427
3264,319,1239
3265,319,1205
3266,319,970
3267,319,390
3268,319,1164
3269,319,403
3270,319,425
3271,319,98
3272,319,537
3273,319,1347
3274,319,880
3275,319,865
3276,319,1125
3277,319,901
3278,319,1166
3279,319,193
3280,319,758
3281,319,479
3282,319,1329
3283,319,1011
3284,319,1045
3285,319,561
3286,319,117
3287,348,1208
3288,348,1421
3289,348,444
3290,348,1087
3291,348,1224
3292,348,504
3293,348,1292
3294,348,985
3295,348,1415
3296,348,473
3297,348,698
3298,348,1024
3299,348,1367
3300,348,11
3301,348,1107
3302,348,429
3303,348,247
3304,348,1327
3305,348,526
3306,348,211
3307,348,138
3308,348,86
3309,348,670
3310,348,1223
3311,348,373
3312,348,1361
3313,348,1194
3314,348,1153
3315,348,562
3316,348,1262
3317,348,264
3318,348,964
3319,348,1191
3320,348,1387
3321,348,934
3322,348,989
3323,348,914
3324,348,456
3325,348,660
3326,348,395
3327,348,1
3328,348,1119
3329,348,525
3330,348,1108
3331,348,555
3332,348,518
3333,348,453
3334,348,725
3335,348,845
3336,348,259
3337,348,644
3338,348,405
3339,348,1138
3340,348,1359
3341,348,917
3342,348,411
3343,348,1018
3344,348,804
3345,348,1271
3346,348,783
3347,348,3
3348,348,712
3349,348,1294
3350,348,190
3351,348,785
3352,348,281
3353,348,171
3354,348,289
3355,348,1291
3356,348,1204
3357,348,952
3358,348,1094
3359,348,568
3360,348,1393
3361,348,608
3362,348,829
3363,348,1436
3364,348,1126
3365,348,1412
3366,348,365
3367,348,1325
3368,348,499
3369,348,721
3370,348,882
3371,348,1381
3372,348,1269
3373,348,923
3374,348,963
3375,348,833
3376,348,779
3377,348,1384
3378,348,774
3379,348,109
3380,348,1142
3381,348,906
3382,348,434
3383,348,20
3384,348,897
3385,348,24
3386,348,968
3387,348,754
3388,348,769
3389,348,765
3390,348,288
3391,348,1058
3392,348,1161
3393,348,978
3394,348,1240
3395,348,96
3396,348,227
3397,348,1034
3398,348,254
3399,348,1355
3400,348,63
3401,348,1212
3402,348,1216
3403,348,1084
3404,348,1072
3405,348,1062
3406,348,1132
3407,348,1433
3408,348,642
3409,348,756
3410,348,759
3411,348,22
3412,348,336
3413,348,297
3414,348,1228
3415,348,418
3416,348,493
3417,348,1057
3418,348,1295
3419,348,593
3420,348,628
3421,348,468
3422,348,318
3423,348,1082
3424,348,1147
3425,348,534
3426,348,427
3427,348,941
3428,348,363
3429,348,928
3430,348,899
3431,348,1048
3432,348,449
3433,348,1193
3434,348,150
3435,348,397
3436,348,886
3437,348,1166
3438,348,625
3439,348,637
3440,348,386
3441,348,732
3442,348,1326
3443,348,1219
3444,348,276
3445,348,219
3446,348,692
3447,348,821
3448,348,134
3449,348,1185
3450,348,1244
3451,348,1180
3452,348,620
3453,348,577
3454,348,296
3455,348,82
3456,348,1222
3457,348,1178
3458,348,997
3459,348,800
3460,348,241
3461,348,1441
3462,348,895
3463,348,738
3464,348,1230
3465,348,919
3466,348,1389
3467,348,911
3468,348,377
3469,348,278
3470,348,524
3471,348,287
3472,348,780
3473,348,529
3474,348,295
3475,348,889
3476,348,552
3477,348,1345
3478,348,172
3479,348,497
3480,348,1160
3481,348,1268
3482,348,142
3483,348,73
3484,348,78
3485,348,1426
3486,348,959
3487,348,443
3488,348,1290
3489,348,1182
3490,348,133
3491,348,43
3492,348,1237
3493,348,10
3494,348,345
3495,348,969
3496,348,370
3497,348,245
3498,348,1300
3499,348,1109
3500,348,869
3501,348,231
3502,348,707
3503,348,883
3504,348,1305
3505,348,960
3506,348,1085
3507,348,621
3508,348,32
3509,348,495
3510,348,507
3511,348,986
3512,348,582
3513,348,1339
3514,348,658
3515,348,324
3516,348,1447
3517,348,930
3518,348,955
3519,348,1283
3520,348,1086
3521,348,1123
3522,348,1373
3523,348,520
3524,348,1093
3525,348,382
3526,348,71
3527,348,566
3528,348,1364
3529,348,85
3530,348,389
3531,348,1116
3532,348,1187
3533,348,182
3534,348,1183
3535,348,390
3536,348,267
3537,348,1195
3538,348,1411
3539,348,613
3540,348,815
3541,348,30
3542,348,572
3543,348,173
3544,348,1418
3545,348,1434
3546,348,1063
3547,348,440
3548,348,50
3549,348,494
3550,348,1424
3551,348,1167
3552,348,1340
3553,348,888
3554,348,847
3555,348,250
3556,348,331
3557,348,100
3558,348,1308
3559,348,1005
3560,348,856
3561,348,1392
3562,348,1253
3563,348,445
3564,348,618
3565,348,1316
3566,348,469
3567,348,402
3568,348,1329
3569,348,441
3570,348,1377
3571,348,731
3572,348,1331
3573,348,671
3574,348,703
3575,348,971
3576,348,1297
3577,348,1239
3578,348,234
3579,348,579
3580,348,676
3581,348,216
3582,348,294
3583,348,62
3584,348,1346
3585,348,687
3586,348,596
3587,348,17
3588,348,545
3589,348,23
3590,348,553
3591,348,1041
3592,348,933
3593,348,478
3594,348,683
3595,348,1404
3596,348,921
3597,348,103
3598,348,773
3599,348,870
3600,348,893
3601,348,826
3602,348,820
3603,348,758
3604,348,266
3605,348,75
3606,348,1074
3607,348,477
3608,348,669
3609,348,891
3610,348,160
3611,348,396
3612,348,1385
3613,348,551
3614,348,990
3615,348,1409
3616,348,238
3617,348,482
3618,348,1414
3619,348,846
3620,348,983
3621,348,404
3622,348,1039
3623,348,1042
3624,348,409
3625,348,462
3626,348,113
3627,348,1400
3628,348,1430
3629,348,1227
3630,348,1201
3631,348,52
3632,348,1052
3633,348,867
3634,348,814
3635,348,59
3636,348,1358
3637,348,925
3638,348,792
3639,348,1125
3640,348,488
3641,348,743
3642,348,944
3643,348,501
3644,348,581
3645,348,988
3646,348,433
3647,348,947
3648,348,953
3649,348,735
3650,348,244
3651,348,771
3652,348,607
3653,348,523
3654,348,72
3655,348,1035
3656,348,158
3657,348,448
3658,348,1221
3659,348,286
3660,348,1025
3661,348,209
3662,348,557
3663,348,1320
3664,348,239
3665,348,1055
3666,348,1354
3667,348,1403
3668,348,1070
3669,348,1419
3670,348,16
3671,348,129
3672,348,1395
3673,348,1330
3674,348,447
3675,348,333
3676,348,1213
3677,348,168
3678,348,248
3679,348,1102
3680,348,1386
3681,348,155
3682,348,1417
3683,348,188
3684,348,350
3685,348,1233
3686,348,1232
3687,348,860
3688,348,693
3689,348,1370
3690,348,787
3691,348,1246
3692,348,1059
3693,348,588
3694,348,21
3695,348,630
3696,348,1445
3697,348,420
3698,348,724
3699,348,1149
3700,348,881
3701,348,472
3702,348,430
3703,348,1069
3704,348,808
3705,348,55
3706,348,1203
3707,348,48
3708,348,784
3709,348,1256
3710,348,786
3711,348,12
3712,348,550
3713,348,915
3714,348,1310
3715,348,585
3716,348,802
3717,348,235
3718,348,622
3719,348,1026
3720,348,406
3721,348,310
3722,348,1115
3723,348,567
3724,348,995
3725,348,1075
3726,348,199
3727,348,4
3728,348,686
3729,348,715
3730,348,602
3731,348,599
3732,348,207
3733,348,304
3734,348,147
3735,348,1357
3736,348,208
3737,348,272
3738,348,1334
3739,348,876
3740,348,479
3741,348,439
3742,348,1298
3743,348,27
3744,348,702
3745,348,265
3746,348,980
3747,348,770
3748,348,243
3749,348,951
3750,348,225
3751,348,1318
3752,348,560
3753,348,179
3754,348,1226
3755,348,1260
3756,348,237
3757,348,601
3758,348,480
3759,348,457
3760,348,1128
3761,348,632
3762,348,970
3763,348,950
3764,348,344
3765,348,77
3766,348,1374
3767,348,540
3768,348,1399
3769,348,730
3770,348,195
3771,348,1425
3772,348,329
3773,348,1173
3774,348,1171
3775,348,745
3776,348,198
3777,348,1051
3778,348,922
3779,348,353
3780,348,101
3781,348,1014
3782,348,401
3783,348,424
3784,348,205
3785,348,391
3786,348,1309
3787,348,436
3788,348,744
3789,348,93
3790,348,749
3791,348,666
3792,348,162
3793,348,509
3794,348,339
3795,348,213
3796,348,274
3797,348,197
3798,348,44
3799,348,778
3800,348,156
3801,348,1275
3802,348,463
3803,348,1089
3804,348,1008
3805,348,253
3806,369,1008
3807,369,1039
3808,369,1424
3809,369,246
3810,369,1127
3811,369,1234
3812,369,1275
3813,369,474
3814,369,674
3815,369,828
3816,369,1278
3817,369,1045
3818,369,1301
3819,369,41
3820,369,588
3821,369,1247
3822,369,940
3823,369,1419
3824,369,160
3825,369,1404
3826,369,670
3827,369,1253
3828,369,921
3829,369,551
3830,369,319
3831,369,1291
3832,369,920
3833,369,1244
3834,369,449
3835,369,475
3836,369,470
3837,369,203
3838,369,657
3839,369,832
3840,369,576
3841,369,341
3842,369,1072
3843,369,881
3844,369,373
3845,369,1317
3846,369,914
3847,369,930
3848,369,838
3849,369,1387
3850,369,1016
3851,369,278
3852,369,629
3853,369,562
3854,369,231
3855,369,720
3856,369,126
3857,369,602
3858,369,240
3859,369,19
3860,369,1380
3861,369,677
3862,369,1312
3863,369,78
3864,369,687
3865,369,883
3866,369,287
3867,369,1047
3868,369,295
3869,369,567
3870,369,585
3871,369,354
3872,369,1075
3873,369,550
3874,369,423
3875,369,555
3876,369,507
3877,369,199
3878,369,339
3879,369,570
3880,369,252
3881,369,1308
3882,369,1413
3883,369,1410
3884,369,936
3885,369,70
3886,369,12
3887,369,1329
3888,369,1195
3889,369,1411
3890,369,917
3891,369,628
3892,369,1042
3893,369,121
3894,369,101
3895,369,612
3896,369,1399
3897,369,156
3898,369,997
3899,369,1037
3900,369,11
3901,369,1044
3902,369,630
3903,369,1236
3904,369,377
3905,369,1327
3906,369,1304
3907,369,715
3908,369,864
3909,369,845
3910,369,1338
3911,369,197
3912,369,904
3913,369,1185
3914,369,1251
3915,369,154
3916,369,718
3917,369,675
3918,369,1101
3919,369,1182
3920,369,106
3921,369,961
3922,369,224
3923,369,327
3924,369,1015
3925,369,198
3926,369,1438
3927,369,92
3928,369,511
3929,369,436
3930,369,127
3931,369,1357
3932,369,1107
3933,369,194
3934,369,186
3935,369,47
3936,369,708
3937,369,1043
3938,369,563
3939,369,978
3940,369,794
3941,369,1228
3942,369,991
3943,369,857
3944,369,345
3945,369,395
3946,369,771
3947,369,408
3948,369,989
3949,369,593
3950,369,1402
3951,369,86
3952,369,1300
3953,369,1284
3954,369,755
3955,369,1175
3956,369,1264
3957,369,841
3958,369,1132
3959,369,93
3960,369,709
3961,369,263
3962,369,494
3963,369,1321
3964,369,756
3965,369,764
3966,369,83
3967,369,729
3968,369,1055
3969,369,207
3970,369,1160
3971,369,174
3972,369,1154
3973,369,209
3974,369,1108
3975,369,683
3976,369,909
3977,369,844
3978,369,552
3979,369,775
3980,369,63
3981,369,1091
3982,369,1240
3983,369,516
3984,369,749
3985,369,29
3986,369,266
3987,369,182
3988,369,42
3989,369,682
3990,369,640
3991,369,1166
3992,369,518
3993,369,455
3994,369,1412
3995,369,1094
3996,369,847
3997,369,808
3998,369,668
3999,369,800
4000,369,66
4001,369,85
4002,369,1293
4003,369,1051
4004,369,381
4005,369,250
4006,369,443
4007,369,322
4008,369,225
4009,369,742
4010,369,1184
4011,369,801
4012,369,780
4013,369,407
4014,369,873
4015,369,248
4016,369,1367
4017,369,259
4018,369,274
4019,369,409
4020,369,216
4021,369,599
4022,369,1027
4023,369,260
4024,369,46
4025,369,907
4026,369,460
4027,369,1393
4028,369,258
4029,369,985
4030,369,1408
4031,369,1201
4032,369,383
4033,369,177
4034,369,1006
4035,369,412
4036,369,1158
4037,369,609
4038,369,900
4039,369,1447
4040,369,1233
4041,369,1180
4042,369,172
4043,369,1277
4044,369,1273
4045,369,336
4046,369,433
4047,369,58
4048,369,212
4049,369,178
4050,369,422
4051,369,998
4052,369,390
4053,369,313
4054,369,23
4055,369,1322
4056,369,607
4057,369,1146
4058,369,1066
4059,369,1340
4060,369,388
4061,369,821
4062,369,15
4063,369,637
4064,369,367
4065,369,705
4066,369,1421
4067,369,1115
4068,369,1364
4069,369,1428
4070,369,1050
4071,369,1098
4072,369,969
4073,369,882
4074,369,634
4075,369,284
4076,369,721
4077,369,890
4078,369,353
4079,369,986
4080,369,1238
4081,369,344
4082,369,982
4083,369,109
4084,369,1383
4085,369,315
4086,369,193
4087,369,472
4088,369,1295
4089,369,97
4090,369,759
4091,369,1268
4092,369,277
4093,369,556
4094,369,758
4095,369,509
4096,369,868
4097,369,1417
4098,369,852
4099,369,399
4100,369,899
4101,369,1248
4102,369,241
4103,369,946
4104,369,128
4105,369,1057
4106,369,1001
4107,369,310
4108,369,457
4109,369,430
4110,369,447
4111,369,320
4112,369,81
4113,369,658
4114,369,597
4115,369,1131
4116,369,384
4117,369,962
4118,369,1083
4119,369,725
4120,369,53
4121,369,944
4122,369,303
4123,369,1102
4124,369,1386
4125,369,1406
4126,369,51
4127,369,1109
4128,369,1311
4129,369,316
4130,369,424
4131,369,1276
4132,369,1396
4133,369,150
4134,369,276
4135,369,1082
4136,369,876
4137,369,1202
4138,369,1144
4139,369,1104
4140,369,1377
4141,369,65
4142,369,938
4143,369,1012
4144,369,910
4145,369,1081
4146,369,257
4147,369,1089
4148,369,690
4149,369,5
4150,369,1086
4151,369,1007
4152,369,1192
4153,369,1415
4154,369,649
4155,369,1225
4156,369,631
4157,369,4
4158,369,692
4159,369,119
4160,369,945
4161,369,468
4162,369,478
4163,369,611
4164,369,951
4165,369,499
4166,369,1401
4167,369,168
4168,369,1126
4169,369,376
4170,369,283
4171,369,856
4172,369,1035
4173,369,995
4174,369,515
4175,369,694
4176,369,1441
4177,369,1305
4178,369,829
4179,369,1022
4180,369,790
4181,369,7
4182,369,804
4183,369,558
4184,369,1310
4185,369,1326
4186,369,934
4187,369,129
4188,369,1099
4189,369,444
4190,369,493
4191,369,627
4192,369,1030
4193,369,666
4194,369,1303
4195,369,445
4196,369,462
4197,369,968
4198,369,696
4199,369,1148
4200,369,1335
4201,369,621
4202,369,659
4203,369,105
4204,369,1426
4205,369,707
4206,369,167
4207,369,1269
4208,369,466
4209,369,1339
4210,369,870
4211,369,970
4212,369,1302
4213,369,125
4214,369,783
4215,369,613
4216,369,1056
4217,369,814
4218,369,1060
4219,369,913
4220,369,1208
4221,369,923
4222,369,485
4223,369,1088
4224,369,568
4225,369,318
4226,369,622
4227,369,1121
4228,369,603
4229,369,463
4230,369,1318
4231,369,1117
4232,369,855
4233,369,397
4234,369,504
4235,369,1041
4236,369,288
4237,369,157
4238,369,1368
4239,369,1222
4240,369,1290
4241,369,1375
4242,369,59
4243,369,342
4244,369,325
4245,369,956
4246,369,1064
4247,369,1309
4248,369,1288
4249,369,352
4250,369,418
4251,369,608
4252,369,1024
4253,369,1134
4254,369,1157
4255,369,714
4256,369,713
4257,369,1090
4258,369,548
4259,369,990
4260,369,1343
4261,369,55
4262,369,36
4263,369,1123
4264,369,117
4265,369,1346
4266,369,1164
4267,369,1347
4268,369,1205
4269,369,941
4270,369,919
4271,369,660
4272,369,329
4273,369,1336
4274,369,247
4275,369,261
4276,369,1019
4277,369,239
4278,369,80
4279,369,189
4280,369,324
4281,369,1167
4282,369,296
4283,369,1328
4284,369,1138
4285,369,846
4286,369,103
4287,369,641
4288,369,1350
4289,369,916
4290,369,308
4291,369,1320
4292,369,735
4293,369,915
4294,369,893
4295,369,1389
4296,369,770
4297,369,489
4298,369,1152
4299,369,911
4300,369,400
4301,369,410
4302,369,230
4303,369,1153
4304,369,784
4305,369,304
4306,369,237
4307,369,952
4308,369,644
4309,369,836
4310,369,793
4311,369,185
4312,369,357
4313,369,1385
4314,369,1178
4315,369,331
4316,369,1010
4317,369,813
4318,369,440
4319,369,1373
4320,369,146
4321,369,214
4322,369,1009
4323,369,427
4324,369,529
4325,369,656
4326,369,996
4327,369,1110
4328,369,215
4329,369,1174
4330,369,382
4331,369,685
4332,369,99
4333,369,1372
4334,369,301
4335,369,1239
4336,369,1325
4337,369,672
4338,369,937
4339,369,223
4340,369,653
4341,369,972
4342,369,963
4343,369,272
4344,369,636
4345,369,113
4346,369,387
4347,369,350
4348,369,757
4349,369,1103
4350,369,867
4351,369,480
4352,369,925
4353,369,906
4354,369,691
4355,369,1133
4356,369,1199
4357,369,1414
4358,369,190
4359,369,1194
4360,369,147
4361,369,1062
4362,369,133
4363,369,1434
4364,369,1025
4365,369,891
4366,369,501
4367,369,902
4368,369,513
4369,369,980
4370,369,1306
4371,369,110
4372,369,1371
4373,369,582
4374,369,245
4375,369,34
4376,369,1432
4377,369,71
4378,369,888
4379,369,477
4380,369,601
4381,369,437
4382,369,309
4383,369,818
4384,369,44
4385,369,265
4386,369,929
4387,369,298
4388,369,1395
4389,369,1197
4390,369,192
4391,369,434
4392,369,145
4393,369,406
4394,369,311
4395,369,542
4396,369,1353
4397,369,1028
4398,369,544
4399,369,561
4400,369,421
4401,369,3
4402,369,933
4403,369,695
4404,369,540
4405,369,1114
4406,369,701
4407,369,1040
4408,369,654
4409,369,766
4410,369,860
4411,369,6
4412,369,537
4413,369,1092
4414,369,633
4415,369,865
4416,369,1358
4417,369,84
4418,369,115
4419,369,31
4420,369,108
4421,369,255
4422,369,947
4423,369,253
4424,369,30
4425,369,897
4426,369,1394
4427,369,132
4428,369,626
4429,369,1397
4430,369,439
4431,369,1111
4432,369,402
4433,369,403
4434,369,286
4435,369,140
4436,369,467
4437,369,543
4438,369,1345
4439,369,432
4440,369,454
4441,369,238
4442,369,892
4443,369,1285
4444,369,706
4445,369,163
4446,369,744
4447,369,935
4448,369,497
4449,369,524
4450,369,1106
4451,369,957
4452,369,1221
4453,369,10
4454,369,943
4455,369,1366
4456,369,711
4457,369,928
4458,369,1084
4459,369,158
4460,369,234
4461,369,1430
4462,369,798
4463,369,363
4464,369,703
4465,369,710
4466,369,673
4467,369,321
4468,369,1323
4469,369,1189
4470,369,903
4471,369,442
4472,369,942
4473,369,1235
4474,369,76
4475,369,912
4476,369,1171
4477,369,1033
4478,369,98
4479,369,1169
4480,369,1193
4481,369,572
4482,369,429
4483,369,680
4484,369,333
4485,369,148
4486,369,1232
4487,369,959
4488,369,580
4489,402,381
4490,402,108
4491,402,890
4492,402,473
4493,402,818
4494,402,1025
4495,402,552
4496,402,967
4497,402,1275
4498,402,1150
4499,402,1027
4500,402,600
4501,402,370
4502,402,924
4503,402,1093
4504,402,668
4505,402,1393
4506,402,1087
4507,402,36
4508,402,868
4509,402,1231
4510,402,209
4511,402,405
4512,402,581
4513,402,356
4514,402,877
4515,402,846
4516,402,1259
4517,402,1332
4518,402,477
4519,402,132
4520,402,470
4521,402,1120
4522,402,1348
4523,402,504
4524,402,1223
4525,402,626
4526,402,938
4527,402,691
4528,402,1024
4529,402,593
4530,402,1084
4531,402,1294
4532,402,799
4533,402,1447
4534,402,1439
4535,402,624
4536,402,695
4537,402,372
4538,402,357
4539,402,324
4540,402,1260
4541,402,817
4542,402,448
4543,402,575
4544,468,305
4545,468,1106
4546,468,260
4547,468,230
4548,468,1271
4549,468,93
4550,468,1142
4551,468,343
4552,468,762
4553,468,445
4554,468,95
4555,468,865
4556,468,264
4557,468,405
4558,468,1050
4559,468,524
4560,468,989
4561,468,655
4562,468,1112
4563,468,1331
4564,468,944
4565,468,1356
4566,468,1109
4567,468,886
4568,468,387
4569,468,839
4570,468,676
4571,468,207
4572,468,1429
4573,468,567
4574,468,903
4575,468,937
4576,468,1004
4577,468,106
4578,468,795
4579,468,1415
4580,468,545
4581,468,916
4582,468,739
4583,468,1259
4584,468,1245
4585,468,35
4586,468,619
4587,468,1445
4588,468,1433
4589,468,1402
4590,468,962
4591,468,616
4592,468,632
4593,468,439
4594,468,354
4595,468,1313
4596,468,174
4597,468,891
4598,468,323
4599,468,1302
4600,468,325
4601,468,751
4602,468,574
4603,468,407
4604,468,339
4605,468,143
4606,468,754
4607,468,296
4608,468,1272
4609,468,1152
4610,468,135
4611,468,1120
4612,468,1126
4613,468,612
4614,468,1329
4615,468,1169
4616,468,873
4617,468,689
4618,468,438
4619,468,696
4620,468,905
4621,468,1353
4622,468,1178
4623,468,588
4624,468,1202
4625,468,169
4626,468,20
4627,468,749
4628,468,546
4629,468,51
4630,468,670
4631,468,1072
4632,468,982
4633,468,1274
4634,468,289
4635,468,1404
4636,468,792
4637,468,221
4638,468,1314
4639,468,675
4640,468,1108
4641,468,190
4642,468,685
4643,468,397
4644,468,645
4645,468,541
4646,468,1399
4647,468,834
4648,468,954
4649,468,543
4650,468,1373
4651,468,671
4652,468,113
4653,468,597
4654,468,515
4655,468,601
4656,468,1024
4657,468,582
4658,468,523
4659,468,1401
4660,468,551
4661,468,532
4662,468,814
4663,468,116
4664,468,497
4665,468,709
4666,468,342
4667,468,1257
4668,468,297
4669,468,255
4670,468,1056
4671,468,1243
4672,468,771
4673,468,1303
4674,468,1236
4675,468,1292
4676,468,933
4677,468,1392
4678,468,13
4679,468,1227
4680,468,879
4681,468,53
4682,468,1391
4683,468,399
4684,468,79
4685,468,1062
4686,468,94
4687,468,52
4688,468,102
4689,468,1211
4690,468,270
4691,468,372
4692,468,656
4693,468,682
4694,468,540
4695,468,1225
4696,468,1240
4697,468,864
4698,468,1298
4699,468,327
4700,468,1421
4701,468,1322
4702,468,59
4703,468,1423
4704,468,843
4705,468,148
4706,468,1306
4707,468,1154
4708,468,502
4709,468,101
4710,468,291
4711,468,225
4712,468,1115
4713,468,793
4714,468,850
4715,468,1215
4716,468,969
4717,468,398
4718,468,819
4719,468,661
4720,468,537
4721,468,312
4722,468,914
4723,468,1437
4724,468,54
4725,468,365
4726,468,436
4727,468,333
4728,468,1016
4729,468,1287
4730,468,1407
4731,468,618
4732,468,284
4733,468,946
4734,468,1170
4735,468,408
4736,468,144
4737,468,1091
4738,468,1308
4739,468,639
4740,468,1201
4741,468,211
4742,468,236
4743,468,528
4744,468,1341
4745,468,11
4746,468,219
4747,468,844
4748,468,467
4749,468,1367
4750,468,1270
4751,468,1330
4752,468,1210
4753,468,846
4754,468,1051
4755,468,835
4756,468,310
4757,468,1261
4758,468,1354
4759,468,186
4760,468,902
4761,468,1372
4762,468,1343
4763,468,1400
4764,468,338
4765,468,62
4766,468,1293
4767,468,253
4768,468,787
4769,468,967
4770,468,1248
4771,468,453
4772,468,1222
4773,468,940
4774,468,44
4775,468,63
4776,468,1405
4777,468,412
4778,468,97
4779,468,777
4780,468,364
4781,468,766
4782,468,867
4783,468,707
4784,468,1138
4785,468,553
4786,468,449
4787,468,1323
4788,468,927
4789,468,1217
4790,468,348
4791,468,700
4792,468,160
4793,468,504
4794,468,915
4795,468,890
4796,468,857
4797,468,480
4798,468,197
4799,468,425
4800,468,224
4801,468,203
4802,468,89
4803,468,213
4804,468,356
4805,468,363
4806,468,634
4807,468,952
4808,468,120
4809,468,386
4810,468,427
4811,468,1266
4812,468,469
4813,468,48
4814,468,1185
4815,468,602
4816,468,1197
4817,468,747
4818,468,673
4819,468,334
4820,468,636
4821,468,278
4822,468,1273
4823,468,1011
4824,468,250
4825,468,121
4826,468,893
4827,468,1411
4828,468,572
4829,468,194
4830,468,921
4831,468,1381
4832,468,246
4833,468,265
4834,468,115
4835,468,643
4836,468,456
4837,468,159
4838,468,925
4839,468,621
4840,468,251
4841,468,768
4842,468,419
4843,468,938
4844,468,46
4845,468,330
4846,468,985
4847,468,10
4848,468,1114
4849,468,1213
4850,468,866
4851,468,316
4852,468,189
4853,468,418
4854,468,603
4855,468,243
4856,468,774
4857,468,626
4858,468,660
4859,468,422
4860,468,430
4861,468,815
4862,468,1066
4863,468,442
4864,468,780
4865,468,710
4866,468,607
4867,468,182
4868,468,1113
4869,468,70
4870,468,369
4871,468,411
4872,468,868
4873,468,1029
4874,468,620
4875,468,759
4876,468,556
4877,468,455
4878,468,464
4879,468,526
4880,468,988
4881,468,745
4882,468,909
4883,468,721
4884,468,841
4885,468,301
4886,468,701
4887,468,1233
4888,468,254
4889,468,133
4890,468,137
4891,468,1128
4892,468,978
4893,468,234
4894,468,817
4895,468,558
4896,468,55
4897,468,622
4898,468,609
4899,468,361
4900,468,1133
4901,468,424
4902,468,652
4903,468,283
4904,468,831
4905,468,1153
4906,468,58
4907,468,552
4908,468,919
4909,468,912
4910,468,1189
4911,468,72
4912,468,401
4913,468,1440
4914,468,935
4915,468,1256
4916,468,1002
4917,468,970
4918,468,1212
4919,468,1064
4920,468,763
4921,468,1232
4922,468,593
4923,468,309
4924,468,42
4925,468,75
4926,468,906
4927,468,963
4928,468,800
4929,468,362
4930,468,477
4931,468,82
4932,468,1288
4933,468,1283
4934,468,910
4935,468,1286
4936,468,1110
4937,468,855
4938,468,727
4939,468,956
4940,468,596
4941,468,584
4942,468,205
4943,468,959
4944,468,1275
4945,468,562
4946,468,125
4947,468,403
4948,468,1427
4949,468,984
4950,468,1278
4951,468,311
4952,468,1444
4953,468,326
4954,468,1361
4955,468,27
4956,468,1350
4957,468,198
4958,468,131
4959,468,43
4960,468,187
4961,468,1032
4962,468,951
4963,468,1194
4964,468,992
4965,468,1148
4966,468,1187
4967,468,730
4968,468,731
4969,468,1320
4970,468,146
4971,468,1297
4972,468,1252
4973,468,237
4974,468,208
4975,468,448
4976,468,483
4977,468,441
4978,468,60
4979,468,80
4980,468,1280
4981,468,995
4982,468,580
4983,468,1426
4984,468,1436
4985,468,1439
4986,468,1316
4987,468,109
4988,468,715
4989,468,1102
4990,468,324
4991,468,692
4992,468,900
4993,468,561
4994,468,1180
4995,468,247
4996,468,1045
4997,468,695
4998,468,778
4999,468,1242
5000,468,1300
5001,468,664
5002,468,1294
5003,468,803
5004,468,65
5005,468,30
5006,468,352
5007,468,1038
5008,468,693
5009,468,590
5010,468,764
5011,468,887
5012,468,331
5013,468,826
5014,468,1383
5015,468,158
5016,468,204
5017,468,485
5018,468,178
5019,468,171
5020,468,157
5021,468,1144
5022,468,705
5023,468,123
5024,468,1312
5025,468,690
5026,468,322
5027,468,706
5028,468,76
5029,468,1438
5030,468,756
5031,468,81
5032,468,1119
5033,468,1207
5034,468,1221
5035,468,949
5036,468,936
5037,468,119
5038,468,145
5039,468,971
5040,468,435
5041,468,489
5042,468,195
5043,468,1052
5044,468,266
5045,468,1059
5046,468,49
5047,468,529
5048,468,282
5049,468,808
5050,468,99
5051,468,1406
5052,468,1418
5053,468,704
5054,468,972
5055,468,1258
5056,468,128
5057,468,434
5058,468,1226
5059,468,1281
5060,468,1424
5061,468,735
5062,468,729
5063,468,437
5064,468,1385
5065,468,475
5066,468,947
5067,468,1037
5068,468,955
5069,468,585
5070,468,518
5071,468,683
5072,468,869
5073,468,883
5074,468,733
5075,468,1183
5076,468,392
5077,468,672
5078,468,760
5079,468,1093
5080,468,1228
5081,468,677
5082,468,110
5083,468,930
5084,468,1386
5085,468,827
5086,468,560
5087,468,1442
5088,468,1086
5089,468,242
5090,468,981
5091,468,1031
5092,468,922
5093,468,669
5094,468,943
5095,468,1018
5096,468,1182
5097,468,163
5098,468,391
5099,468,395
5100,468,1097
5101,468,847
5102,468,899
5103,468,367
5104,468,1132
5105,468,833
5106,468,179
5107,468,1334
5108,468,889
5109,468,245
5110,468,732
5111,468,450
5112,468,570
5113,468,535
5114,468,277
5115,468,1375
5116,468,209
5117,468,885
5118,468,1123
5119,468,1346
5120,468,686
5121,468,222
5122,468,1158
5123,468,804
5124,468,1309
5125,468,1025
5126,468,1347
5127,468,212
5128,468,961
5129,468,274
5130,468,1193
5131,468,394
5132,468,414
5133,468,1027
5134,468,1131
5135,468,1135
5136,468,666
5137,468,1244
5138,468,1007
5139,468,750
5140,468,1082
5141,468,1366
5142,468,1155
5143,468,140
5144,468,698
5145,468,724
5146,468,259
5147,468,379
5148,468,853
5149,468,613
5150,468,503
5151,468,600
5152,468,1379
5153,468,1333
5154,468,1235
5155,468,1321
5156,468,1137
5157,468,462
5158,468,147
5159,468,1336
5160,468,166
5161,468,303
5162,468,288
5163,468,1176
5164,468,904
5165,468,1147
5166,468,928
5167,468,472
5168,468,71
5169,468,1277
5170,468,86
5171,468,1239
5172,468,917
5173,468,1184
5174,468,1335
5175,468,625
5176,468,280
5177,468,318
5178,468,1359
5179,468,377
5180,468,239
5181,468,192
5182,468,78
5183,468,517
5184,468,238
5185,468,226
5186,468,1095
5187,468,790
5188,468,1324
5189,468,1325
5190,468,84
5191,468,1067
5192,468,454
5193,468,929
5194,468,1254
5195,468,388
5196,468,244
5197,468,758
5198,468,557
5199,468,1121
5200,547,1433
5201,547,304
5202,547,1415
5203,547,1262
5204,547,63
5205,547,1309
5206,547,43
5207,547,729
5208,547,1176
5209,547,1018
5210,547,1444
5211,547,418
5212,547,400
5213,547,1318
5214,547,502
5215,547,1199
5216,547,1001
5217,547,262
5218,547,158
5219,547,475
5220,547,507
5221,547,901
5222,547,265
5223,547,120
5224,547,1332
5225,547,1032
5226,547,145
5227,547,1381
5228,547,873
5229,547,1239
5230,547,399
5231,547,160
5232,547,310
5233,547,1437
5234,547,343
5235,547,116
5236,547,1393
5237,547,190
5238,547,74
5239,547,135
5240,547,488
5241,547,1153
5242,547,297
5243,547,1067
5244,547,1160
5245,547,409
5246,547,985
5247,547,481
5248,547,1055
5249,547,436
5250,547,1296
5251,547,509
5252,547,872
5253,547,566
5254,547,1439
5255,547,1404
5256,547,900
5257,547,104
5258,547,251
5259,547,634
5260,547,1330
5261,547,766
5262,547,226
5263,547,738
5264,547,590
5265,547,375
5266,547,765
5267,547,682
5268,547,336
5269,547,1190
5270,547,372
5271,547,1042
5272,547,248
5273,547,793
5274,547,171
5275,547,1003
5276,547,1392
5277,547,193
5278,547,850
5279,547,910
5280,547,518
5281,547,517
5282,547,852
5283,547,944
5284,547,551
5285,547,764
5286,547,170
5287,547,1443
5288,547,972
5289,547,236
5290,547,823
5291,547,732
5292,547,1222
5293,547,462
5294,547,499
5295,547,199
5296,547,1244
5297,547,224
5298,547,1151
5299,547,1399
5300,547,1236
5301,547,1194
5302,547,707
5303,547,1210
5304,547,1216
5305,547,362
5306,547,637
5307,547,1
5308,547,17
5309,547,1355
5310,547,1424
5311,547,208
5312,547,881
5313,547,435
5314,547,953
5315,547,230
5316,547,989
5317,547,102
5318,547,663
5319,547,159
5320,547,1217
5321,547,240
5322,547,85
5323,547,1027
5324,547,1361
5325,547,1434
5326,547,254
5327,547,471
5328,547,453
5329,547,709
5330,547,1128
5331,547,1385
5332,547,1243
5333,547,1192
5334,547,280
5335,547,178
5336,547,277
5337,547,1109
5338,547,1254
5339,547,94
5340,547,1419
5341,547,1378
5342,547,6
5343,547,601
5344,547,1377
5345,547,182
5346,547,661
5347,547,836
5348,547,821
5349,547,1008
5350,547,361
5351,547,1056
5352,547,912
5353,547,20
5354,547,956
5355,547,791
5356,547,270
5357,547,134
5358,547,914
5359,547,118
5360,547,1122
5361,547,846
5362,547,467
5363,547,867
5364,547,1071
5365,547,525
5366,547,657
5367,547,844
5368,547,1276
5369,547,326
5370,547,959
5371,547,242
5372,547,1445
5373,547,794
5374,547,593
5375,547,720
5376,547,1278
5377,547,253
5378,547,390
5379,547,427
5380,547,387
5381,547,1171
5382,547,183
5383,547,1207
5384,547,125
5385,547,714
5386,547,917
5387,547,50
5388,547,620
5389,547,1196
5390,547,203
5391,547,524
5392,547,636
5393,547,123
5394,547,1326
5395,547,768
5396,547,1121
5397,547,528
5398,547,621
5399,547,1277
5400,547,937
5401,547,44
5402,547,609
5403,547,1285
5404,547,838
5405,547,751
5406,547,1075
5407,547,1050
5408,547,1303
5409,547,747
5410,547,1312
5411,547,983
5412,547,143
5413,547,309
5414,547,1187
5415,547,406
5416,547,489
5417,547,1264
5418,547,231
5419,547,52
5420,547,946
5421,547,613
5422,547,888
5423,547,847
5424,547,676
5425,547,779
5426,547,237
5427,547,444
5428,547,323
5429,547,652
5430,547,995
5431,547,97
5432,547,674
5433,547,1269
5434,547,1440
5435,547,430
5436,547,137
5437,547,1323
5438,547,141
5439,547,156
5440,547,631
5441,547,73
5442,547,929
5443,547,316
5444,547,986
5445,547,858
5446,547,702
5447,547,1020
5448,547,514
5449,547,243
5450,547,1212
5451,547,680
5452,547,1348
5453,547,344
5454,547,597
5455,547,319
5456,547,712
5457,547,274
5458,547,413
5459,547,80
5460,547,608
5461,547,790
5462,547,762
5463,547,800
5464,547,1298
5465,547,1329
5466,547,876
5467,547,815
5468,547,1397
5469,547,558
5470,547,982
5471,547,192
5472,547,246
5473,547,150
5474,547,1237
5475,547,584
5476,547,235
5477,547,1407
5478,547,179
5479,547,1412
5480,547,1367
5481,547,690
5482,547,841
5483,547,771
5484,547,1229
5485,547,996
5486,547,1178
5487,547,1372
5488,547,754
5489,547,1375
5490,547,1057
5491,547,1304
5492,547,1226
5493,547,560
5494,547,897
5495,547,71
5496,547,645
5497,547,34
5498,547,1234
5499,547,442
5500,547,1123
5501,547,89
5502,547,425
5503,547,51
5504,547,445
5505,547,555
5506,547,1232
5507,547,529
5508,547,1167
5509,547,828
5510,547,1091
5511,547,369
5512,547,915
5513,547,724
5514,547,857
5515,547,1202
5516,547,263
5517,547,260
5518,547,1051
5519,547,814
5520,547,921
5521,547,761
5522,547,870
5523,547,75
5524,547,1156
5525,547,301
5526,547,1346
5527,547,967
5528,547,9
5529,547,1082
5530,547,1115
5531,547,1320
5532,547,84
5533,547,774
5534,547,869
5535,547,383
5536,547,1002
5537,547,1390
5538,547,962
5539,547,173
5540,547,1006
5541,547,744
5542,547,885
5543,547,188
5544,547,389
5545,547,322
5546,547,997
5547,547,567
5548,547,30
5549,547,207
5550,547,1108
5551,547,582
5552,547,115
5553,547,1149
5554,547,93
5555,547,698
5556,547,1182
5557,547,544
5558,547,245
5559,547,883
5560,547,1203
5561,547,111
5562,547,672
5563,547,776
5564,547,1438
5565,547,325
5566,547,98
5567,547,1016
5568,547,132
5569,547,1126
5570,547,550
5571,547,108
5572,547,992
5573,547,952
5574,547,706
5575,547,784
5576,547,788
5577,547,1395
5578,547,1294
5579,547,889
5580,547,352
5581,547,341
5582,547,1308
5583,547,693
5584,547,239
5585,547,172
5586,547,980
5587,547,1037
5588,547,699
5589,547,419
5590,547,696
5591,547,450
5592,547,1142
5593,547,1166
5594,547,553
5595,547,402
5596,547,82
5597,547,441
5598,547,342
5599,547,819
5600,547,832
5601,547,619
5602,547,113
5603,547,1102
5604,547,40
5605,547,988
5606,547,1387
5607,547,1291
5608,547,715
5609,547,1235
5610,547,557
5611,547,546
5612,547,225
5613,547,1366
5614,547,194
5615,547,880
5616,547,1313
5617,547,925
5618,547,542
5619,547,1040
5620,547,826
5621,547,1357
5622,547,147
5623,547,461
5624,547,59
5625,547,1428
5626,547,1233
5627,547,155
5628,547,795
5629,547,1306
5630,547,365
5631,547,422
5632,547,1175
5633,547,122
5634,547,822
5635,547,408
5636,547,750
5637,547,902
5638,547,23
5639,547,330
5640,547,138
5641,547,397
5642,547,278
5643,547,1033
5644,547,148
5645,547,920
5646,547,295
5647,547,1101
5648,547,244
5649,547,767
5650,547,384
5651,547,5
5652,547,168
5653,547,602
5654,547,785
5655,547,250
5656,547,625
5657,547,1104
5658,547,603
5659,547,1328
5660,547,392
5661,547,1225
5662,611,1276
5663,611,1357
5664,611,760
5665,611,1364
5666,611,1209
5667,611,246
5668,611,853
5669,611,267
5670,611,1407
5671,611,262
5672,611,685
5673,611,517
5674,611,409
5675,611,1025
5676,611,567
5677,611,882
5678,611,1281
5679,611,463
5680,611,731
5681,611,921
5682,613,668
5683,613,245
5684,613,499
5685,613,1256
5686,613,296
5687,613,162
5688,613,409
5689,613,1205
5690,613,437
5691,613,121
5692,613,229
5693,613,194
5694,613,101
5695,613,569
5696,613,1406
5697,613,477
5698,613,1331
5699,613,115
5700,613,7
5701,613,1314
5702,613,1392
5703,613,277
5704,613,362
5705,613,259
5706,613,1038
5707,613,4
5708,613,475
5709,613,405
5710,613,1216
5711,613,113
5712,613,1075
5713,613,241
5714,613,163
5715,613,299
5716,613,959
5717,613,1154
5718,613,464
5719,613,921
5720,613,1284
5721,613,710
5722,613,1425
5723,613,664
5724,613,1019
5725,613,1178
5726,613,291
5727,613,911
5728,613,785
5729,613,148
5730,613,424
5731,613,1377
5732,701,1412
5733,701,938
5734,701,1019
5735,701,76
5736,701,360
5737,701,344
5738,701,266
5739,701,686
5740,701,80
5741,701,730
5742,701,1409
5743,701,407
5744,701,737
5745,701,1183
5746,701,251
5747,701,164
5748,701,1374
5749,701,312
5750,701,907
5751,701,1003
5752,701,1305
5753,701,399
5754,701,652
5755,701,1170
5756,701,778
5757,701,0
5758,701,1237
5759,701,1302
5760,701,863
5761,701,309
5762,701,1026
5763,701,1016
5764,701,1320
5765,701,1253
5766,701,162
5767,701,4
5768,701,1088
5769,701,375
5770,701,1127
5771,701,782
5772,701,120
5773,701,1230
5774,701,129
5775,701,574
5776,701,944
5777,701,1316
5778,701,236
5779,701,438
5780,701,252
5781,701,1345
5782,701,1421
5783,701,1385
5784,701,1223
5785,701,1182
5786,701,213
5787,701,187
5788,701,1074
5789,701,182
5790,701,416
5791,701,636
5792,701,1070
5793,701,578
5794,701,867
5795,701,350
5796,701,1432
5797,701,235
5798,701,107
5799,701,744
5800,701,695
5801,701,972
5802,701,720
5803,701,1045
5804,701,202
5805,701,1218
5806,701,504
5807,701,19
5808,701,1039
5809,701,229
5810,701,146
5811,701,849
5812,701,707
5813,701,1338
5814,701,44
5815,701,172
5816,701,757
5817,701,427
5818,701,478
5819,701,397
5820,701,1425
5821,701,1370
5822,701,249
5823,701,217
5824,701,1104
5825,701,1136
5826,701,248
5827,701,63
5828,701,997
5829,701,593
5830,701,1097
5831,701,804
5832,701,115
5833,701,127
5834,701,1284
5835,701,256
5836,701,915
5837,701,936
5838,701,1098
5839,701,475
5840,701,207
5841,701,798
5842,701,1282
5843,701,194
5844,701,581
5845,701,712
5846,701,70
5847,701,940
5848,701,310
5849,701,1203
5850,701,832
5851,701,444
5852,701,933
5853,701,163
5854,701,843
5855,701,240
5856,701,13
5857,701,48
5858,701,418
5859,701,109
5860,701,991
5861,701,1242
5862,701,1107
5863,701,1041
5864,701,995
5865,701,440
5866,701,871
5867,701,1357
5868,701,135
5869,701,776
5870,701,204
5871,701,1283
5872,701,1396
5873,701,30
5874,701,1042
5875,701,27
5876,701,1264
5877,701,607
5878,701,395
5879,701,658
5880,701,1065
5881,701,1197
5882,701,316
5883,701,882
5884,701,175
5885,701,1114
5886,701,3
5887,701,1144
5888,701,294
5889,701,803
5890,701,1171
5891,701,616
5892,701,47
5893,701,1436
5894,701,1142
5895,701,62
5896,701,403
5897,701,526
5898,701,154
5899,701,1149
5900,701,937
5901,701,677
5902,701,270
5903,701,520
5904,701,546
5905,701,1275
5906,701,1325
5907,701,469
5908,701,903
5909,701,361
5910,701,1386
5911,701,1272
5912,701,967
5913,701,1138
5914,701,457
5915,701,6
5916,701,700
5917,701,1314
5918,701,1219
5919,701,258
5920,701,441
5921,701,699
5922,701,1225
5923,701,410
5924,701,463
5925,701,167
5926,701,1006
5927,701,1025
5928,701,468
5929,701,125
5930,701,60
5931,701,549
5932,701,405
5933,701,436
5934,701,529
5935,701,970
5936,701,456
5937,701,10
5938,701,927
5939,701,958
5940,701,1076
5941,701,296
5942,701,103
5943,701,503
5944,701,1131
5945,701,1151
5946,701,1002
5947,701,327
5948,701,518
5949,701,470
5950,701,301
5951,701,262
5952,701,823
5953,701,1056
5954,701,1036
5955,701,1384
5956,701,1389
5957,701,142
5958,701,1123
5959,701,11
5960,701,890
5961,701,71
5962,701,1112
5963,701,1248
5964,701,400
5965,701,1140
5966,701,106
5967,701,817
5968,701,987
5969,701,247
5970,701,761
5971,701,198
5972,701,1324
5973,701,828
5974,701,140
5975,701,100
5976,701,949
5977,701,1011
5978,701,1339
5979,701,45
5980,701,580
5981,701,971
5982,701,1022
5983,701,1424
5984,701,1323
5985,701,1263
5986,701,855
5987,701,443
5988,701,1258
5989,701,584
5990,701,1199
5991,701,1164
5992,701,329
5993,701,634
5994,701,734
5995,701,821
5996,701,486
5997,701,1208
5998,701,941
5999,701,690
6000,701,497
6001,701,485
6002,701,219
6003,701,886
6004,701,513
6005,701,122
6006,701,1055
6007,701,1046
6008,701,763
6009,701,199
6010,701,621
6011,701,1307
6012,701,82
6013,701,489
6014,701,930
6015,701,1224
6016,701,834
6017,701,1001
6018,701,1178
6019,701,490
6020,701,318
6021,701,1367
6022,701,535
6023,701,847
6024,701,168
6025,701,1115
6026,701,1185
6027,701,419
6028,701,1099
6029,701,287
6030,701,771
6031,701,747
6032,701,1087
6033,701,290
6034,701,566
6035,701,1346
6036,701,728
6037,701,42
6038,701,195
6039,701,291
6040,701,1355
6041,701,321
6042,701,669
6043,701,1235
6044,701,1120
6045,701,1317
6046,701,921
6047,701,421
6048,701,65
6049,701,23
6050,701,948
6051,701,73
6052,701,545
6053,701,1085
6054,701,1062
6055,701,1254
6056,701,379
6057,701,1155
6058,701,1210
6059,701,1383
6060,701,1160
6061,701,916
6062,701,676
6063,701,264
6064,701,1239
6065,701,709
6066,701,717
6067,701,998
6068,701,793
6069,701,453
6070,701,866
6071,701,1394
6072,701,145
6073,701,1277
6074,701,422
6075,701,962
6076,701,852
6077,701,1050
6078,701,1441
6079,701,1032
6080,701,1414
6081,701,1053
6082,701,964
6083,701,1378
6084,701,833
6085,701,93
6086,701,342
6087,701,912
6088,701,1329
6089,701,1122
6090,701,333
6091,701,209
6092,701,567
6093,701,698
6094,701,515
6095,701,811
6096,701,1200
6097,701,822
6098,701,838
6099,701,1222
6100,701,1040
6101,701,1354
6102,701,632
6103,701,339
6104,701,657
6105,701,12
6106,701,462
6107,701,772
6108,701,774
6109,701,1331
6110,701,113
6111,701,159
6112,701,383
6113,701,641
6114,701,919
6115,701,451
6116,701,1274
6117,701,280
6118,701,1353
6119,701,141
6120,701,1052
6121,701,1153
6122,701,222
6123,701,1395
6124,701,278
6125,701,1024
6126,701,1343
6127,701,481
6128,701,1304
6129,701,801
6130,701,791
6131,701,955
6132,701,94
6133,701,1152
6134,701,1391
6135,701,1281
6136,701,914
6137,701,482
6138,701,59
6139,701,925
6140,701,1439
6141,701,257
6142,701,1411
6143,701,950
6144,701,188
6145,701,326
6146,701,338
6147,701,805
6148,701,969
6149,701,9
6150,701,390
6151,701,1262
6152,701,1373
6153,701,488
6154,701,870
6155,701,586
6156,701,576
6157,701,178
6158,701,1
6159,701,759
6160,701,1296
6161,701,52
6162,701,726
6163,701,554
6164,701,1287
6165,701,408
6166,701,597
6167,701,255
6168,701,406
6169,701,158
6170,701,1371
6171,701,691
6172,701,128
6173,701,735
6174,701,1047
6175,701,424
6176,701,951
6177,701,1290
6178,701,928
6179,701,190
6180,701,1193
6181,701,1137
6182,701,1348
6183,701,102
6184,701,1069
6185,701,682
6186,701,1238
6187,701,391
6188,701,736
6189,701,1132
6190,701,1101
6191,701,1020
6192,701,1126
6193,701,1189
6194,701,1381
6195,701,160
6196,701,1429
6197,701,1245
6198,701,84
6199,701,322
6200,701,528
6201,701,1422
6202,701,1038
6203,701,1067
6204,701,377
6205,701,1043
6206,701,1334
6207,701,265
6208,701,1361
6209,701,26
6210,701,97
6211,701,319
6212,701,603
6213,701,1243
6214,701,790
6215,701,1108
6216,701,888
6217,701,1028
6218,701,622
6219,701,1418
6220,701,43
6221,701,620
6222,701,413
6223,701,897
6224,701,727
6225,701,1117
6226,701,1244
6227,701,362
6228,701,996
6229,701,1259
6230,701,1413
6231,701,570
6232,701,647
6233,701,989
6234,701,929
6235,701,117
6236,701,1297
6237,701,891
6238,701,299
6239,701,81
6240,701,541
6241,701,563
6242,701,284
6243,701,303
6244,701,226
6245,701,384
6246,701,1201
6247,701,800
6248,701,1090
6249,701,1158
6250,701,435
6251,701,1195
6252,701,1376
6253,701,511
6254,701,540
6255,701,20
6256,701,653
6257,701,334
6258,701,946
6259,701,718
6260,701,288
6261,701,267
6262,701,1256
6263,701,1312
6264,701,1401
6265,701,889
6266,701,51
6267,701,609
6268,701,1294
6269,701,1221
6270,701,372
6271,701,1333
6272,701,988
6273,701,15
6274,701,552
6275,701,715
6276,701,733
6277,701,600
6278,701,1192
6279,701,1121
6280,701,369
6281,701,126
6282,701,626
6283,701,394
6284,701,1276
6285,701,382
6286,701,304
6287,701,429
6288,701,992
6289,701,387
6290,701,1119
6291,701,542
6292,701,437
6293,701,1084
6294,701,901
6295,701,1446
6296,701,613
6297,701,1135
6298,701,1288
6299,701,531
6300,701,619
6301,701,1427
6302,701,308
6303,701,738
6304,701,1148
6305,701,750
6306,701,654
6307,701,831
6308,701,492
6309,701,714
6310,701,1372
6311,701,1031
6312,701,729
6313,701,1285
6314,701,1377
6315,701,884
6316,701,1190
6317,701,131
6318,701,149
6319,701,894
6320,701,1202
6321,701,305
6322,701,760
6323,701,723
6324,701,1214
6325,701,105
6326,701,1335
6327,701,430
6328,701,1309
6329,701,233
6330,701,710
6331,701,35
6332,701,910
6333,701,156
6334,701,1279
6335,701,1270
6336,701,245
6337,701,731
6338,701,341
6339,701,230
6340,701,464
6341,701,1209
6342,701,1217
6343,701,1075
6344,701,244
6345,701,1444
6346,701,743
6347,701,1400
6348,701,1417
6349,701,860
6350,701,460
6351,701,1236
6352,701,826
6353,701,708
6354,701,1358
6355,701,900
6356,701,404
6357,701,1419
6358,701,643
6359,701,442
6360,701,887
6361,701,745
6362,701,271
6363,701,706
6364,701,311
6365,701,869
6366,701,1205
6367,701,754
6368,701,521
6369,701,732
6370,701,694
6371,701,89
6372,701,633
6373,701,1447
6374,701,197
6375,701,1165
6376,701,49
6377,701,1326
6378,701,1086
6379,701,392
6380,701,841
6381,701,568
6382,701,553
6383,701,1204
6384,701,295
6385,701,868
6386,701,1176
6387,701,155
6388,701,506
6389,701,1440
6390,701,808
6391,701,982
6392,701,931
6393,701,246
6394,701,829
6395,701,1327
6396,701,713
6397,701,64
6398,701,797
6399,701,1437
6400,701,493
6401,701,637
6402,701,467
6403,701,724
6404,701,588
6405,701,523
6406,701,1071
6407,701,787
6408,701,517
6409,701,1156
6410,701,873
6411,701,827
6412,701,1175
6413,701,1246
6414,701,590
6415,701,1232
6416,701,627
6417,701,557
6418,701,1438
6419,701,911
6420,701,189
6421,701,170
6422,701,902
6423,701,922
6424,701,412
6425,701,751
6426,701,208
6427,701,935
6428,701,702
6429,701,1268
6430,701,104
6431,701,409
6432,701,474
6433,701,675
6434,701,323
6435,701,608
6436,701,692
6437,701,1397
6438,701,254
6439,701,1336
6440,701,1328
6441,701,238
6442,701,315
6443,701,913
6444,701,480
6445,701,879
6446,701,259
6447,701,203
6448,701,1014
6449,701,514
6450,701,784
6451,701,599
6452,701,507
6453,701,260
6454,701,645
6455,701,1083
6456,701,537
6457,701,839
6458,701,802
6459,701,758
6460,701,1257
6461,701,352
6462,701,1034
6463,701,893
6464,701,1321
6465,701,1021
6466,701,685
6467,701,273
6468,701,1113
6469,701,980
6470,701,569
6471,701,36
6472,701,1073
6473,701,1008
6474,701,471
6475,701,1426
6476,701,123
6477,701,221
6478,701,923
6479,701,1072
6480,701,1167
6481,701,1273
6482,701,1231
6483,701,88
6484,701,560
6485,701,21
6486,701,561
6487,701,281
6488,701,592
6489,701,1143
6490,701,177
6491,701,1089
6492,701,850
6493,701,628
6494,701,748
6495,701,161
6496,701,85
6497,701,766
6498,701,661
6499,701,952
6500,701,1212
6501,701,865
6502,701,276
6503,701,449
6504,701,472
6505,701,185
6506,701,171
6507,704,929
6508,704,1156
6509,704,1406
6510,704,515
6511,704,818
6512,704,1018
6513,704,889
6514,704,661
6515,704,1233
6516,704,579
6517,704,636
6518,704,1359
6519,704,353
6520,704,846
6521,704,1276
6522,704,1273
6523,704,967
6524,704,602
6525,704,301
6526,704,750
6527,704,634
6528,704,1413
6529,704,1215
6530,704,259
6531,704,882
6532,704,157
6533,704,1323
6534,704,1201
6535,704,960
6536,704,1244
6537,704,621
6538,704,1333
6539,704,208
6540,704,996
6541,704,1102
6542,704,763
6543,704,787
6544,704,1424
6545,704,1320
6546,704,973
6547,704,211
6548,704,123
6549,704,1327
6550,704,403
6551,704,841
6552,704,1057
6553,704,921
6554,704,168
6555,704,1183
6556,704,222
6557,704,1202
6558,704,1405
6559,704,1227
6560,704,997
6561,704,760
6562,704,852
6563,704,175
6564,704,984
6565,704,656
6566,704,558
6567,704,1404
6568,704,864
6569,704,254
6570,704,1272
6571,704,1193
6572,704,871
6573,704,36
6574,704,239
6575,704,767
6576,704,1222
6577,704,914
6578,704,1050
6579,704,1113
6580,704,545
6581,704,93
6582,704,191
6583,704,866
6584,704,236
6585,704,574
6586,704,1306
6587,704,418
6588,704,154
6589,704,658
6590,704,1407
6591,704,771
6592,704,344
6593,704,140
6594,704,1375
6595,704,1200
6596,704,724
6597,704,377
6598,704,178
6599,704,876
6600,704,1072
6601,704,497
6602,704,1178
6603,704,757
6604,704,102
6605,704,734
6606,704,374
6607,704,1126
6608,704,244
6609,704,47
6610,704,620
6611,704,666
6612,704,790
6613,704,395
6614,704,4
6615,704,726
6616,704,266
6617,704,457
6618,704,1154
6619,704,391
6620,704,613
6621,704,1225
6622,704,855
6623,704,1059
6624,704,1248
6625,704,652
6626,704,799
6627,704,199
6628,704,1427
6629,704,1256
6630,704,97
6631,704,1180
6632,704,179
6633,704,903
6634,704,772
6635,704,229
6636,704,311
6637,704,1399
6638,704,1091
6639,704,633
6640,704,556
6641,704,766
6642,704,1243
6643,704,590
6644,704,398
6645,704,1203
6646,704,50
6647,704,319
6648,704,194
6649,704,1308
6650,704,219
6651,704,1348
6652,704,990
6653,704,246
6654,704,812
6655,704,567
6656,704,296
6657,704,207
6658,704,1217
6659,704,860
6660,704,1391
6661,704,126
6662,704,804
6663,704,155
6664,704,1380
6665,704,735
6666,704,1027
6667,704,624
6668,704,537
6669,704,1053
6670,704,490
6671,704,308
6672,704,543
6673,704,1335
6674,704,1381
6675,704,1065
6676,704,373
6677,704,1373
6678,704,685
6679,704,176
6680,704,573
6681,704,253
6682,704,262
6683,704,856
6684,704,801
6685,704,828
6686,704,1
6687,704,1031
6688,704,888
6689,704,958
6690,704,568
6691,704,186
6692,704,225
6693,704,146
6694,704,1185
6695,704,731
6696,704,479
6697,704,1310
6698,704,449
6699,704,612
6700,704,586
6701,704,836
6702,704,912
6703,704,1342
6704,704,1421
6705,704,234
6706,704,792
6707,704,1279
6708,704,1110
6709,704,104
6710,704,1082
6711,704,913
6712,704,1439
6713,704,1149
6714,704,1316
6715,704,566
6716,704,1395
6717,704,1238
6718,749,477
6719,749,550
6720,749,1112
6721,749,644
6722,749,692
6723,749,278
6724,749,721
6725,749,1292
6726,749,751
6727,749,501
6728,749,548
6729,749,873
6730,749,81
6731,749,698
6732,749,833
6733,749,1053
6734,749,596
6735,749,1425
6736,749,963
6737,749,929
6738,749,880
6739,749,920
6740,749,204
6741,749,748
6742,749,339
6743,749,1235
6744,749,735
6745,749,143
6746,749,1195
6747,749,1101
6748,749,399
6749,749,457
6750,749,613
6751,749,640
6752,749,1015
6753,749,998
6754,749,365
6755,749,683
6756,749,1110
6757,749,1412
6758,749,1064
6759,749,478
6760,749,1067
6761,749,986
6762,749,113
6763,749,479
6764,749,1308
6765,749,1377
6766,749,119
6767,749,1405
6768,749,1074
6769,749,26
6770,749,586
6771,749,418
6772,749,1446
6773,749,507
6774,749,129
6775,749,1065
6776,749,1215
6777,749,3
6778,749,105
6779,749,288
6780,749,774
6781,749,209
6782,749,704
6783,749,808
6784,749,1415
6785,749,1438
6786,749,1192
6787,749,877
6788,749,301
6789,749,535
6790,749,1428
6791,749,944
6792,749,322
6793,749,1233
6794,749,1190
6795,749,1189
6796,749,178
6797,749,159
6798,749,611
6799,749,410
6800,749,1329
6801,749,1102
6802,749,195
6803,749,1303
6804,749,802
6805,749,247
6806,749,1402
6807,749,132
6808,749,494
6809,749,790
6810,749,1384
6811,749,1327
6812,749,1154
6813,749,984
6814,749,1061
6815,749,205
6816,749,1393
6817,749,1331
6818,749,970
6819,749,1242
6820,749,363
6821,749,1404
6822,749,634
6823,749,253
6824,749,869
6825,749,1096
6826,749,96
6827,749,396
6828,749,406
6829,749,145
6830,749,853
6831,749,937
6832,749,152
6833,749,1246
6834,749,1136
6835,749,1058
6836,749,1355
6837,749,1330
6838,749,1213
6839,749,258
6840,749,310
6841,749,685
6842,749,518
6843,749,814
6844,749,444
6845,749,1027
6846,749,389
6847,749,1257
6848,749,1236
6849,749,1262
6850,749,255
6851,749,293
6852,749,906
6853,749,1313
6854,749,1055
6855,749,1403
6856,749,411
6857,749,1435
6858,749,32
6859,749,182
6860,749,633
6861,749,1142
6862,749,21
6863,749,1341
6864,749,110
6865,749,97
6866,749,724
6867,749,991
6868,749,59
6869,749,1085
6870,749,1227
6871,749,15
6872,749,788
6873,749,572
6874,749,525
6875,749,138
6876,749,341
6877,749,239
6878,749,801
6879,749,763
6880,749,434
6881,749,545
6882,749,1156
6883,749,495
6884,749,475
6885,749,701
6886,749,1336
6887,749,467
6888,749,517
6889,749,1093
6890,749,1371
6891,749,911
6892,749,109
6893,749,582
6894,749,553
6895,749,757
6896,749,686
6897,749,357
6898,749,982
6899,749,1297
6900,749,27
6901,749,1445
6902,749,577
6903,749,336
6904,749,140
6905,749,1157
6906,749,728
6907,749,1144
6908,749,902
6909,749,687
6910,749,947
6911,749,331
6912,749,316
6913,749,343
6914,749,847
6915,749,893
6916,749,992
6917,749,618
6918,749,1209
6919,749,1395
6920,749,854
6921,749,712
6922,749,826
6923,749,1066
6924,749,1243
6925,749,632
6926,749,1070
6927,749,414
6928,749,1401
6929,749,672
6930,749,1238
6931,749,1288
6932,749,362
6933,749,402
6934,749,943
6935,749,305
6936,749,372
6937,749,700
6938,749,1076
6939,749,391
6940,749,262
6941,749,55
6942,749,1039
6943,749,148
6944,749,731
6945,749,1226
6946,749,770
6947,749,820
6948,749,280
6949,749,852
6950,749,427
6951,749,488
6952,749,408
6953,749,541
6954,749,257
6955,749,557
6956,749,312
6957,749,876
6958,749,740
6959,749,186
6960,749,793
6961,749,460
6962,749,745
6963,749,1205
6964,749,1264
6965,749,1218
6966,749,765
6967,749,888
6968,749,224
6969,749,1407
6970,749,795
6971,749,1082
6972,749,489
6973,749,1396
6974,749,980
6975,749,1357
6976,749,1321
6977,749,1222
6978,749,1345
6979,749,664
6980,749,785
6981,749,960
6982,749,534
6983,749,661
6984,749,160
6985,749,1277
6986,749,566
6987,749,689
6988,749,602
6989,749,166
6990,749,373
6991,749,744
6992,749,439
6993,749,231
6994,749,1269
6995,749,828
6996,749,750
6997,749,1214
6998,749,1083
6999,749,567
7000,749,769
7001,749,612
7002,749,1001
7003,749,104
7004,749,569
7005,749,158
7006,749,734
7007,749,1379
7008,749,1358
7009,749,1294
7010,749,1225
7011,749,259
7012,749,1320
7013,749,696
7014,749,244
7015,749,10
7016,749,370
7017,749,616
7018,749,1421
7019,749,35
7020,749,585
7021,749,622
7022,749,1052
7023,749,1232
7024,749,93
7025,749,1340
7026,749,962
7027,749,248
7028,749,1413
7029,749,1171
7030,749,445
7031,749,764
7032,749,590
7033,749,430
7034,749,870
7035,749,933
7036,749,334
7037,749,726
7038,749,1090
7039,749,1018
7040,749,1185
7041,749,676
7042,749,868
7043,749,1392
7044,749,1138
7045,749,1271
7046,749,211
7047,749,400
7048,749,1193
7049,749,1386
7050,749,768
7051,749,639
7052,749,486
7053,749,171
7054,749,48
7055,749,839
7056,749,187
7057,749,934
7058,749,1149
7059,749,668
7060,749,155
7061,749,897
7062,749,168
7063,749,658
7064,749,447
7065,749,92
7066,749,1310
7067,749,1107
7068,749,845
7069,749,1217
7070,749,630
7071,749,1099
7072,749,1008
7073,749,34
7074,749,368
7075,749,354
7076,749,1060
7077,749,959
7078,749,830
7079,749,872
7080,749,1109
7081,749,108
7082,749,593
7083,749,471
7084,749,208
7085,749,1314
7086,749,1268
7087,749,277
7088,749,225
7089,749,835
7090,749,1086
7091,749,707
7092,749,995
7093,749,1305
7094,749,128
7095,749,520
7096,749,1121
7097,749,890
7098,749,1234
7099,749,607
7100,749,1038
7101,749,669
7102,749,157
7103,749,996
7104,749,1072
7105,749,1161
7106,749,1164
7107,749,1007
7108,749,348
7109,749,1075
7110,749,781
7111,749,1284
7112,749,267
7113,749,1427
7114,749,514
7115,749,4
7116,749,203
7117,749,29
7118,749,1051
7119,749,842
7120,749,1166
7121,749,529
7122,749,197
7123,749,367
7124,749,857
7125,749,1045
7126,749,1322
7127,749,77
7128,749,403
7129,749,1033
7130,749,836
7131,749,901
7132,749,1183
7133,749,1334
7134,749,245
7135,749,388
7136,749,207
7137,749,1115
7138,749,480
7139,749,1374
7140,749,791
7141,749,759
7142,749,492
7143,749,884
7144,749,464
7145,749,243
7146,749,309
7147,749,179
7148,749,456
7149,749,1035
7150,749,511
7151,749,729
7152,749,62
7153,749,628
7154,749,1245
7155,749,574
7156,749,887
7157,749,395
7158,749,230
7159,749,800
7160,749,89
7161,749,1026
7162,749,772
7163,749,1108
7164,749,1126
7165,749,955
7166,749,1062
7167,749,961
7168,749,533
7169,749,695
7170,749,1103
7171,749,1375
7172,749,706
7173,749,655
7174,749,1032
7175,749,739
7176,749,620
7177,749,289
7178,749,45
7179,749,1391
7180,749,169
7181,749,1097
7182,749,325
7183,749,798
7184,749,747
7185,749,787
7186,749,957
7187,749,645
7188,749,287
7189,749,1123
7190,749,1283
7191,749,1237
7192,749,1028
7193,749,150
7194,749,304
7195,749,451
7196,749,1420
7197,749,838
7198,749,79
7199,749,657
7200,749,867
7201,749,1326
7202,749,1263
7203,749,409
7204,749,1011
7205,749,537
7206,749,819
7207,749,551
7208,749,680
7209,749,1349
7210,749,102
7211,749,1148
7212,749,954
7213,749,558
7214,749,60
7215,749,470
7216,749,286
7217,749,1418
7218,749,1408
7219,749,983
7220,749,624
7221,749,1253
7222,749,1387
7223,749,450
7224,749,1347
7225,749,882
7226,749,1084
7227,749,85
7228,749,170
7229,749,804
7230,749,546
7231,749,1199
7232,749,860
7233,749,690
7234,749,815
7235,749,1406
7236,749,134
7237,749,871
7238,749,946
7239,749,988
7240,749,907
7241,749,972
7242,749,1311
7243,749,353
7244,749,1409
7245,749,1208
7246,749,398
7247,749,1400
7248,749,473
7249,749,392
7250,749,1132
7251,749,125
7252,749,324
7253,749,30
7254,749,199
7255,749,1210
7256,749,266
7257,749,103
7258,749,1259
7259,749,576
7260,749,82
7261,749,118
7262,749,442
7263,749,260
7264,749,896
7265,749,922
7266,749,261
7267,749,1006
7268,749,646
7269,749,1338
7270,749,1364
7271,749,1306
7272,749,407
7273,749,462
7274,749,766
7275,749,1366
7276,749,272
7277,749,821
7278,749,379
7279,749,164
7280,749,1433
7281,749,1120
7282,749,1203
7283,749,930
7284,749,1140
7285,749,568
7286,749,1197
7287,749,71
7288,749,855
7289,749,666
7290,749,1137
7291,749,11
7292,749,350
7293,749,647
7294,749,20
7295,749,948
7296,749,443
7297,749,321
7298,749,1202
7299,749,72
7300,749,691
7301,749,1316
7302,749,481
7303,749,101
7304,749,1274
7305,749,1170
7306,749,561
7307,749,1440
7308,749,1378
7309,749,1300
7310,749,910
7311,749,1414
7312,749,177
7313,749,1244
7314,749,1304
7315,749,369
7316,749,592
7317,749,502
7318,749,1354
7319,749,958
7320,749,24
7321,774,1035
7322,774,1243
7323,774,296
7324,774,29
7325,774,172
7326,790,97
7327,790,429
7328,790,103
7329,790,1439
7330,790,1224
7331,790,764
7332,790,1275
7333,790,737
7334,790,92
7335,790,190
7336,790,774
7337,790,145
7338,790,462
7339,790,1307
7340,790,1401
7341,790,1283
7342,790,1239
7343,790,401
7344,790,509
7345,790,17
7346,790,339
7347,790,1378
7348,790,935
7349,790,137
7350,790,418
7351,790,1421
7352,790,566
7353,790,219
7354,790,1310
7355,790,747
7356,790,310
7357,790,1125
7358,790,1325
7359,790,902
7360,790,305
7361,790,1085
7362,790,876
7363,790,1248
7364,790,1217
7365,790,714
7366,790,621
7367,790,619
7368,790,352
7369,790,800
7370,790,296
7371,790,51
7372,790,911
7373,790,923
7374,790,630
7375,790,1400
7376,790,499
7377,790,987
7378,790,59
7379,790,231
7380,790,857
7381,790,1414
7382,790,397
7383,790,584
7384,790,1154
7385,790,243
7386,790,1020
7387,790,65
7388,790,675
7389,790,888
7390,790,664
7391,790,504
7392,790,1404
7393,790,50
7394,790,173
7395,790,599
7396,790,828
7397,790,761
7398,790,238
7399,790,486
7400,790,867
7401,790,853
7402,790,582
7403,790,1051
7404,790,422
7405,790,370
7406,790,520
7407,790,986
7408,790,808
7409,790,704
7410,790,100
7411,790,25
7412,790,46
7413,790,1087
7414,790,1175
7415,790,796
7416,790,1024
7417,790,44
7418,790,247
7419,790,1193
7420,790,1418
7421,790,497
7422,790,1126
7423,790,1091
7424,790,1377
7425,790,677
7426,790,661
7427,790,517
7428,790,934
7429,790,686
7430,790,1015
7431,790,1422
7432,790,188
7433,790,568
7434,790,1215
7435,790,1257
7436,790,998
7437,790,628
7438,790,424
7439,790,751
7440,790,1358
7441,790,318
7442,790,680
7443,790,726
7444,790,1086
7445,790,141
7446,790,765
7447,790,889
7448,790,542
7449,790,1216
7450,790,1381
7451,790,944
7452,790,1133
7453,790,921
7454,790,421
7455,790,139
7456,790,1242
7457,790,1069
7458,790,791
7459,790,496
7460,790,280
7461,790,1236
7462,790,1211
7463,790,297
7464,790,1393
7465,790,416
7466,790,502
7467,790,410
7468,790,936
7469,790,1104
7470,790,540
7471,790,1050
7472,790,94
7473,790,631
7474,790,240
7475,790,558
7476,790,330
7477,790,58
7478,790,950
7479,790,313
7480,790,572
7481,790,434
7482,790,1070
7483,790,1298
7484,790,73
7485,790,1336
7486,790,344
7487,790,671
7488,790,1003
7489,790,779
7490,790,915
7491,790,441
7492,790,287
7493,790,866
7494,790,199
7495,790,461
7496,790,1323
7497,790,402
7498,790,1204
7499,790,801
7500,790,585
7501,790,601
7502,790,835
7503,790,1285
7504,790,1243
7505,790,1409
7506,790,739
7507,790,245
7508,790,869
7509,790,852
7510,790,1316
7511,790,593
7512,790,535
7513,790,404
7514,790,1048
7515,790,383
7516,790,1148
7517,790,534
7518,790,391
7519,790,836
7520,790,277
7521,790,929
7522,790,1225
7523,790,616
7524,790,106
7525,790,492
7526,790,526
7527,790,1330
7528,790,1137
7529,790,1294
7530,790,470
7531,790,1415
7532,790,195
7533,790,375
7534,790,1402
7535,790,1386
7536,790,766
7537,790,329
7538,790,327
7539,790,825
7540,790,841
7541,790,1058
7542,790,1269
7543,790,1188
7544,790,1227
7545,790,1367
7546,790,1394
7547,790,657
7548,790,237
7549,790,805
7550,790,86
7551,790,390
7552,790,289
7553,790,854
7554,790,823
7555,790,1027
7556,790,1075
7557,790,1202
7558,790,1317
7559,790,1196
7560,790,1052
7561,790,712
7562,790,507
7563,790,253
7564,790,1426
7565,790,1276
7566,790,1440
7567,790,1132
7568,790,1272
7569,790,102
7570,790,1306
7571,790,1304
7572,790,382
7573,790,620
7574,790,129
7575,790,1084
7576,790,193
7577,790,772
7578,790,1284
7579,790,319
7580,790,707
7581,790,260
7582,790,1064
7583,790,1102
7584,790,624
7585,790,969
7586,790,1266
7587,790,1120
7588,790,235
7589,790,1203
7590,790,818
7591,790,291
7592,790,1128
7593,790,288
7594,790,216
7595,790,341
7596,790,611
7597,790,333
7598,790,873
7599,790,514
7600,790,4
7601,790,1383
7602,790,567
7603,790,278
7604,790,1345
7605,790,922
7606,790,778
7607,790,178
7608,790,1361
7609,790,74
7610,790,744
7611,790,933
7612,790,733
7613,790,1385
7614,790,1
7615,790,731
7616,790,377
7617,790,1357
7618,790,276
7619,790,1384
7620,790,849
7621,790,435
7622,790,464
7623,790,1309
7624,790,372
7625,790,1355
7626,790,1043
7627,790,262
7628,790,960
7629,790,322
7630,790,96
7631,790,734
7632,790,183
7633,790,113
7634,790,272
7635,790,943
7636,790,1149
7637,790,963
7638,790,268
7639,790,846
7640,790,964
7641,790,1232
7642,790,860
7643,790,445
7644,790,495
7645,790,579
7646,790,324
7647,790,1244
7648,790,725
7649,790,1026
7650,790,477
7651,790,1274
7652,790,485
7653,790,690
7654,790,29
7655,790,1006
7656,790,234
7657,790,647
7658,790,1014
7659,790,119
7660,790,5
7661,790,660
7662,790,1158
7663,790,425
7664,790,191
7665,790,946
7666,790,1281
7667,790,985
7668,790,1229
7669,790,338
7670,790,1199
7671,790,1046
7672,790,916
7673,790,165
7674,790,167
7675,790,1131
7676,790,910
7677,790,555
7678,790,171
7679,790,551
7680,790,1321
7681,790,1222
7682,790,387
7683,790,1164
7684,790,543
7685,790,1219
7686,790,754
7687,790,321
7688,790,11
7689,790,118
7690,790,468
7691,790,248
7692,790,544
7693,790,408
7694,790,35
7695,790,70
7696,790,399
7697,790,627
7698,790,203
7699,790,557
7700,790,209
7701,790,186
7702,790,732
7703,790,1387
7704,790,373
7705,790,363
7706,790,919
7707,790,101
7708,790,863
7709,790,786
7710,790,968
7711,790,211
7712,790,832
7713,790,792
7714,790,685
7715,790,1259
7716,790,1201
7717,790,160
7718,790,89
7719,790,760
7720,790,121
7721,790,1090
7722,790,1290
7723,790,437
7724,790,481
7725,790,1343
7726,790,1082
7727,790,718
7728,790,1042
7729,790,636
7730,790,645
7731,790,311
7732,790,957
7733,790,1183
7734,790,411
7735,790,132
7736,790,1291
7737,790,1327
7738,790,158
7739,790,406
7740,790,93
7741,790,304
7742,790,182
7743,790,984
7744,790,320
7745,790,1072
7746,790,886
7747,790,659
7748,790,529
7749,790,1098
7750,790,259
7751,790,893
7752,790,1288
7753,790,469
7754,790,1101
7755,790,1300
7756,790,331
7757,790,1060
7758,790,125
7759,790,368
7760,790,166
7761,790,1432
7762,790,45
7763,790,1195
7764,790,436
7765,790,379
7766,790,85
7767,790,1056
7768,790,550
7769,790,578
7770,790,1334
7771,790,1392
7772,790,1293
7773,790,420
7774,790,1176
7775,790,958
7776,790,596
7777,790,62
7778,790,1018
7779,790,663
7780,790,60
7781,790,570
7782,790,658
7783,790,1011
7784,790,1324
7785,790,1253
7786,790,562
7787,790,197
7788,790,449
7789,790,1028
7790,790,748
7791,843,925
7792,843,1316
7793,843,310
7794,843,1262
7795,843,1297
7796,843,439
7797,843,906
7798,843,1405
7799,843,499
7800,843,322
7801,843,105
7802,843,64
7803,843,220
7804,843,279
7805,843,163
7806,843,143
7807,843,424
7808,843,1120
7809,843,481
7810,843,1056
7811,843,315
7812,843,96
7813,843,1237
7814,843,1050
7815,843,219
7816,843,453
7817,843,360
7818,843,931
7819,843,923
7820,843,449
7821,843,675
7822,843,578
7823,843,106
7824,843,1103
7825,843,1091
7826,843,436
7827,843,341
7828,843,396
7829,843,1404
7830,843,708
7831,843,19
7832,843,828
7833,843,1109
7834,843,82
7835,843,434
7836,843,911
7837,843,1147
7838,843,291
7839,843,968
7840,843,857
7841,843,1294
7842,843,941
7843,843,1399
7844,843,165
7845,843,602
7846,843,570
7847,843,948
7848,843,1312
7849,843,899
7850,843,1306
7851,843,420
7852,843,1166
7853,843,793
7854,843,929
7855,843,921
7856,843,1359
7857,843,1438
7858,843,262
7859,843,1070
7860,843,1243
7861,843,297
7862,843,10
7863,843,1354
7864,843,1138
7865,885,909
7866,885,318
7867,885,602
7868,885,1225
7869,885,488
7870,885,1322
7871,885,575
7872,885,1010
7873,885,36
7874,885,732
7875,885,1053
7876,885,545
7877,885,152
7878,885,173
7879,885,569
7880,885,51
7881,885,866
7882,885,897
7883,885,792
7884,885,1383
7885,885,1292
7886,885,1065
7887,885,42
7888,885,192
7889,885,316
7890,885,603
7891,885,44
7892,885,207
7893,885,223
7894,885,357
7895,885,1331
7896,885,632
7897,885,763
7898,885,43
7899,885,408
7900,885,654
7901,885,600
7902,885,412
7903,885,1200
7904,885,761
7905,885,296
7906,885,707
7907,885,259
7908,885,899
7909,885,501
7910,885,143
7911,885,918
7912,885,628
7913,885,407
7914,885,7
7915,885,144
7916,885,1290
7917,885,483
7918,885,1419
7919,885,1279
7920,885,1387
7921,885,780
7922,885,1190
7923,885,938
7924,885,199
7925,885,686
7926,885,726
7927,885,1257
7928,885,777
7929,885,1028
7930,885,1352
7931,885,1209
7932,885,835
7933,885,1113
7934,885,1364
7935,885,52
7936,885,1123
7937,885,1106
7938,885,1317
7939,885,178
7940,885,280
7941,885,537
7942,885,1110
7943,885,148
7944,885,299
7945,885,1163
7946,885,1120
7947,885,142
7948,885,837
7949,885,791
7950,885,631
7951,885,609
7952,885,159
7953,885,262
7954,885,1274
7955,885,477
7956,885,1115
7957,885,612
7958,885,524
7959,885,864
7960,885,946
7961,885,414
7962,885,779
7963,885,131
7964,885,640
7965,885,363
7966,885,1193
7967,885,243
7968,885,921
7969,885,1025
7970,885,225
7971,885,814
7972,885,865
7973,885,70
7974,885,1266
7975,885,530
7976,885,848
7977,885,800
7978,885,406
7979,885,570
7980,885,1084
7981,885,187
7982,885,1167
7983,885,265
7984,885,561
7985,885,397
7986,885,1255
7987,885,925
7988,885,1275
7989,885,1379
7990,885,995
7991,885,1386
7992,885,949
7993,885,126
7994,885,434
7995,885,90
7996,885,464
7997,885,489
7998,885,1310
7999,885,135
8000,885,39
8001,885,882
8002,885,692
8003,885,495
8004,885,1366
8005,1094,797
8006,1094,1208
8007,1094,259
8008,1094,1404
8009,1094,447
8010,1094,1083
8011,1094,890
8012,1094,36
8013,1094,1001
8014,1094,333
8015,1094,255
8016,1094,138
8017,1094,1318
8018,1094,168
8019,1094,331
8020,1094,995
8021,1094,822
8022,1094,1188
8023,1094,1212
8024,1094,152
8025,1094,1248
8026,1094,1027
8027,1094,23
8028,1094,768
8029,1094,774
8030,1094,1062
8031,1094,547
8032,1094,515
8033,1094,1432
8034,1094,616
8035,1094,1333
8036,1094,1082
8037,1094,463
8038,1094,1316
8039,1094,20
8040,1094,1349
8041,1094,800
8042,1094,370
8043,1094,1026
8044,1094,1424
8045,1094,1340
8046,1094,213
8047,1094,847
8048,1094,451
8049,1094,992
8050,1094,633
8051,1094,1011
8052,1094,336
8053,1094,521
8054,1094,1328
8055,1094,997
8056,1094,888
8057,1094,249
8058,1094,1371
8059,1094,145
8060,1094,1201
8061,1094,187
8062,1094,1040
8063,1094,326
8064,1094,952
8065,1094,1285
8066,1094,1408
8067,1094,544
8068,1094,327
8069,1094,740
8070,1094,1261
8071,1094,1246
8072,1094,1046
8073,1094,1405
8074,1094,864
8075,1094,1103
8076,1094,1438
8077,1094,127
8078,1094,630
8079,1094,386
8080,1094,540
8081,1094,234
8082,1094,477
8083,1094,1387
8084,1094,1355
8085,1094,274
8086,1094,1234
8087,1094,1348
8088,1094,1242
8089,1094,1245
8090,1094,1216
8091,1094,830
8092,1094,566
8093,1094,142
8094,1094,567
8095,1094,1019
8096,1094,391
8097,1094,29
8098,1094,1119
8099,1094,1097
8100,1094,306
8101,1094,1433
8102,1094,1256
8103,1094,879
8104,1094,1447
8105,1094,1224
8106,1094,1412
8107,1094,1041
8108,1094,1282
8109,1094,726
8110,1094,116
8111,1094,914
8112,1094,1213
8113,1094,231
8114,1094,1233
8115,1094,464
8116,1094,611
8117,1094,1335
8118,1094,537
8119,1094,694
8120,1094,815
8121,1094,470
8122,1094,542
8123,1094,584
8124,1094,622
8125,1094,1235
8126,1094,62
8127,1094,1321
8128,1094,1268
8129,1094,220
8130,1094,405
8131,1094,323
8132,1094,310
8133,1094,687
8134,1094,1293
8135,1094,1273
8136,1094,698
8137,1094,818
8138,1094,439
8139,1094,656
8140,1094,1347
8141,1094,940
8142,1094,972
8143,1094,1135
8144,1094,312
8145,1094,1133
8146,1094,1068
8147,1094,644
8148,1094,1334
8149,1094,1194
8150,1094,899
8151,1094,1275
8152,1094,936
8153,1094,473
8154,1094,988
8155,1094,353
8156,1094,291
8157,1094,25
8158,1094,608
8159,1094,1058
8160,1094,7
8161,1094,860
8162,1094,1088
8163,1094,523
8164,1094,30
8165,1094,1071
8166,1094,921
8167,1094,52
8168,1094,263
8169,1094,1016
8170,1094,1175
8171,1094,129
8172,1094,1384
8173,1094,5
8174,1094,819
8175,1094,577
8176,1094,101
8177,1094,169
8178,1094,935
8179,1094,1422
8180,1094,1076
8181,1094,885
8182,1094,1056
8183,1094,971
8184,1094,1048
8185,1094,934
8186,1094,32
8187,1094,17
8188,1094,499
8189,1094,1028
8190,1094,70
8191,1094,1353
8192,1094,226
8193,1094,1306
8194,1094,821
8195,1094,1312
8196,1094,691
8197,1094,1149
8198,1094,707
8199,1094,922
8200,1094,1421
8201,1094,973
8202,1094,501
8203,1094,1271
8204,1094,1415
8205,1094,297
8206,1094,1427
8207,1094,764
8208,1094,943
8209,1094,1264
8210,1094,1192
8211,1094,1257
8212,1094,1259
8213,1094,1229
8214,1094,601
8215,1094,721
8216,1094,1156
8217,1094,109
8218,1094,1148
8219,1094,1126
8220,1094,1374
8221,1094,400
8222,1094,424
8223,1094,410
8224,1094,4
8225,1094,1107
8226,1094,841
8227,1094,1067
8228,1094,1109
8229,1094,1260
8230,1094,1151
8231,1094,58
8232,1094,1336
8233,1094,696
8234,1094,854
8235,1094,454
8236,1094,489
8237,1094,637
8238,1094,695
8239,1094,881
8240,1094,1093
8241,1094,1386
8242,1094,191
8243,1094,1397
8244,1094,247
8245,1094,887
8246,1094,316
8247,1094,861
8248,1094,1193
8249,1094,533
8250,1094,175
8251,1094,578
8252,1094,1090
8253,1094,876
8254,1094,1032
8255,1094,254
8256,1094,71
8257,1094,520
8258,1094,117
8259,1094,506
8260,1094,838
8261,1094,1230
8262,1094,442
8263,1094,341
8264,1094,0
8265,1094,456
8266,1094,1239
8267,1094,930
8268,1094,324
8269,1094,225
8270,1094,1399
8271,1094,552
8272,1094,1444
8273,1094,1022
8274,1094,895
8275,1094,189
8276,1094,173
8277,1094,467
8278,1094,1084
8279,1094,150
8280,1094,465
8281,1094,1288
8282,1094,148
8283,1094,144
8284,1094,1165
8285,1094,1185
8286,1094,785
8287,1094,3
8288,1094,252
8289,1094,105
8290,1094,1189
8291,1094,1270
8292,1094,412
8293,1094,373
8294,1094,690
8295,1094,206
8296,1094,610
8297,1094,560
8298,1094,1345
8299,1094,1154
8300,1094,704
8301,1094,1237
8302,1094,929
8303,1094,121
8304,1094,363
8305,1094,1018
8306,1094,394
8307,1094,237
8308,1094,258
8309,1094,64
8310,1094,1160
8311,1094,1278
8312,1094,1110
8313,1094,188
8314,1094,850
8315,1094,631
8316,1094,63
8317,1094,185
8318,1094,1174
8319,1094,55
8320,1094,1089
8321,1094,661
8322,1094,904
8323,1094,224
8324,1094,928
8325,1094,1195
8326,1094,1298
8327,1094,453
8328,1094,494
8329,1094,1007
8330,1094,759
8331,1094,543
8332,1094,65
8333,1094,133
8334,1094,440
8335,1094,418
8336,1094,216
8337,1094,1308
8338,1094,50
8339,1094,479
8340,1094,1373
8341,1094,1012
8342,1094,1446
8343,1094,182
8344,1094,732
8345,1094,937
8346,1094,392
8347,1094,1359
8348,1094,45
8349,1094,429
8350,1094,558
8351,1094,322
8352,1094,214
8353,1094,1329
8354,1094,967
8355,1094,1187
8356,1094,156
8357,1094,1314
8358,1094,212
8359,1094,1320
8360,1094,492
8361,1094,77
8362,1094,808
8363,1094,1125
8364,1094,78
8365,1094,1140
8366,1094,469
8367,1094,613
8368,1094,1064
8369,1094,1317
8370,1094,795
8371,1094,701
8372,1094,1231
8373,1094,1435
8374,1094,1400
8375,1094,13
8376,1094,350
8377,1094,960
8378,1094,399
8379,1094,204
8380,1094,1015
8381,1094,207
8382,1094,762
8383,1094,562
8384,1094,1372
8385,1094,897
8386,1094,799
8387,1094,1086
8388,1094,404
8389,1094,472
8390,1094,938
8391,1094,139
8392,1094,1202
8393,1094,1051
8394,1094,240
8395,1094,140
8396,1094,666
8397,1094,444
8398,1094,548
8399,1094,748
8400,1094,460
8401,1094,73
8402,1094,1030
8403,1094,34
8404,1094,339
8405,1094,1171
8406,1094,842
8407,1094,1
8408,1094,1087
8409,1094,986
8410,1094,1178
8411,1094,1020
8412,1094,735
8413,1094,277
8414,1094,178
8415,1094,903
8416,1094,580
8417,1094,183
8418,1094,90
8419,1094,248
8420,1094,863
8421,1094,590
8422,1094,303
8423,1094,482
8424,1094,586
8425,1094,766
8426,1094,81
8427,1094,59
8428,1094,514
8429,1094,713
8430,1094,504
8431,1094,999
8432,1094,246
8433,1094,1440
8434,1094,1243
8435,1094,532
8436,1094,357
8437,1094,1069
8438,1094,703
8439,1094,1445
8440,1094,478
8441,1094,126
8442,1094,1066
8443,1094,627
8444,1094,858
8445,1094,792
8446,1094,397
8447,1094,143
8448,1094,804
8449,1094,955
8450,1094,811
8451,1094,634
8452,1094,157
8453,1094,1281
8454,1094,680
8455,1094,1204
8456,1094,86
8457,1094,122
8458,1094,1395
8459,1094,9
8460,1094,300
8461,1094,325
8462,1094,744
8463,1094,555
8464,1094,293
8465,1094,118
8466,1094,409
8467,1094,889
8468,1094,298
8469,1094,1053
8470,1094,1167
8471,1094,996
8472,1094,238
8473,1094,867
8474,1094,1326
8475,1094,917
8476,1094,1025
8477,1094,162
8478,1094,1039
8479,1094,801
8480,1094,947
8481,1094,791
8482,1094,1391
8483,1094,1277
8484,1094,495
8485,1094,1406
8486,1094,829
8487,1094,27
8488,1094,1168
8489,1094,436
8490,1094,493
8491,1094,663
8492,1094,253
8493,1094,551
8494,1094,724
8495,1094,1215
8496,1094,572
8497,1094,1164
8498,1094,205
8499,1094,1157
8500,1094,1122
8501,1094,1225
8502,1094,1131
8503,1094,729
8504,1094,1302
8505,1094,1010
8506,1094,517
8507,1094,865
8508,1094,944
8509,1094,1343
8510,1094,488
8511,1094,1104
8512,1094,686
8513,1094,1008
8514,1094,419
8515,1094,1310
8516,1094,1120
8517,1094,338
8518,1094,1379
8519,1094,579
8520,1094,389
8521,1094,251
8522,1094,161
8523,1094,754
8524,1094,160
8525,1094,242
8526,1094,857
8527,1094,1199
8528,1094,891
8529,1094,343
8530,1094,256
8531,1094,1207
8532,1094,959
8533,1094,894
8534,1094,1301
8535,1094,75
8536,1094,53
8537,1094,1047
8538,1094,125
8539,1094,529
8540,1094,964
8541,1094,1339
8542,1094,570
8543,1094,190
8544,1094,1323
8545,1094,1227
8546,1094,98
8547,1094,481
8548,1094,425
8549,1094,776
8550,1094,6
8551,1094,49
8552,1094,880
8553,1094,1300
8554,1094,217
8555,1094,1385
8556,1094,321
8557,1094,102
8558,1094,1305
8559,1094,209
8560,1094,1059
8561,1094,991
8562,1094,155
8563,1094,925
8564,1094,1377
8565,1094,239
8566,1094,621
8567,1094,871
8568,1094,1319
8569,1094,638
8570,1094,1180
8571,1094,110
8572,1094,817
8573,1094,407
8574,1094,1366
8575,1094,685
8576,1094,655
8577,1094,171
8578,1094,1283
8579,1094,1403
8580,1094,1024
8581,1094,1262
8582,1094,422
8583,1094,984
8584,1094,208
8585,1094,1113
8586,1094,1331
8587,1094,448
8588,1094,437
8589,1094,179
8590,1094,1344
8591,1094,354
8592,1094,625
8593,1094,420
8594,1094,281
8595,1094,186
8596,1094,573
8597,1094,588
8598,1094,367
8599,1094,365
8600,1094,431
8601,1094,1425
8602,1094,668
8603,1094,361
8604,1094,158
8605,1094,730
8606,1094,441
8607,1094,1043
8608,1094,474
8609,1094,527
8610,1094,360
8611,1094,1226
8612,1094,309
8613,1094,1413
8614,1094,524
8615,1094,948
8616,1094,957
8617,1094,222
8618,1094,1342
8619,1094,1287
8620,1094,314
8621,1094,828
8622,1094,585
8623,1094,919
8624,1094,814
8625,1094,710
8626,1094,968
8627,1094,10
8628,1094,1130
8629,1094,856
8630,1094,728
8631,1094,550
8632,1094,770
8633,1094,672
8634,1094,1330
8635,1094,1284
8636,1094,869
8637,1094,636
8638,1094,1203
8639,1094,853
8640,1094,85
8641,1094,760
8642,1094,1279
8643,1094,1209
8644,1094,430
8645,1094,1132
8646,1094,669
8647,1094,170
8648,1094,915
8649,1094,675
8650,1094,639
8651,1094,998
8652,1094,1409
8653,1127,158
8654,1127,690
8655,1127,409
8656,1127,921
8657,1127,1331
8658,1127,609
8659,1127,1344
8660,1127,303
8661,1127,886
8662,1127,111
8663,1127,683
8664,1127,607
8665,1127,1084
8666,1127,1217
8667,1127,543
8668,1127,774
8669,1127,65
8670,1127,1098
8671,1127,45
8672,1127,707
8673,1127,777
8674,1127,171
8675,1127,102
8676,1127,686
8677,1127,266
8678,1127,145
8679,1127,140
8680,1127,873
8681,1127,361
8682,1127,1429
8683,1127,406
8684,1127,1336
8685,1127,224
8686,1127,1308
8687,1127,524
8688,1127,373
8689,1127,518
8690,1127,195
8691,1127,1419
8692,1127,645
8693,1127,1160
8694,1127,323
8695,1127,467
8696,1127,13
8697,1127,185
8698,1127,750
8699,1127,692
8700,1127,1260
8701,1127,192
8702,1127,544
8703,1127,1126
8704,1127,1093
8705,1127,294
8706,1127,608
8707,1127,288
8708,1127,101
8709,1127,1104
8710,1127,948
8711,1127,620
8712,1127,1176
8713,1127,479
8714,1127,291
8715,1127,915
8716,1127,299
8717,1127,412
8718,1127,6
8719,1127,1276
8720,1127,655
8721,1127,339
8722,1127,52
8723,1127,103
8724,1127,577
8725,1127,1377
8726,1127,914
8727,1127,1121
8728,1127,287
8729,1127,744
8730,1127,163
8731,1127,729
8732,1127,1275
8733,1127,514
8734,1127,1445
8735,1127,168
8736,1127,427
8737,1127,1277
8738,1127,421
8739,1127,1197
8740,1127,250
8741,1127,529
8742,1127,390
8743,1127,269
8744,1127,301
8745,1127,396
8746,1127,553
8747,1127,1076
8748,1127,709
8749,1127,937
8750,1127,1112
8751,1127,730
8752,1127,818
8753,1127,940
8754,1127,1386
8755,1127,1334
8756,1127,1379
8757,1127,783
8758,1127,155
8759,1127,1364
8760,1127,942
8761,1127,127
8762,1127,495
8763,1127,1254
8764,1127,1178
8765,1127,719
8766,1127,904
8767,1127,507
8768,1127,1046
8769,1127,1138
8770,1127,1064
8771,1127,754
8772,1127,1060
8773,1127,274
8774,1127,888
8775,1127,184
8776,1127,1273
8777,1127,542
8778,1127,403
8779,1127,1200
8780,1127,751
8781,1127,1294
8782,1127,1224
8783,1127,866
8784,1127,710
8785,1127,534
8786,1127,4
8787,1127,726
8788,1127,738
8789,1127,944
8790,1127,836
8791,1127,253
8792,1127,1166
8793,1127,422
8794,1127,558
8795,1127,230
8796,1127,118
8797,1127,1153
8798,1127,35
8799,1127,363
8800,1127,357
8801,1127,435
8802,1127,27
8803,1127,872
8804,1127,1353
8805,1127,1426
8806,1127,244
8807,1127,314
8808,1127,440
8809,1127,643
8810,1127,324
8811,1127,502
8812,1127,982
8813,1127,978
8814,1127,720
8815,1127,592
8816,1127,1413
8817,1127,986
8818,1127,268
8819,1127,1313
8820,1127,365
8821,1127,398
8822,1127,159
8823,1127,639
8824,1127,1110
8825,1127,1328
8826,1127,772
8827,1127,582
8828,1127,1261
8829,1127,55
8830,1127,160
8831,1127,442
8832,1127,941
8833,1127,1367
8834,1127,401
8835,1127,892
8836,1127,1211
8837,1127,225
8838,1127,537
8839,1127,300
8840,1127,388
8841,1127,520
8842,1127,203
8843,1127,1409
8844,1127,190
8845,1127,885
8846,1127,372
8847,1127,123
8848,1127,1225
8849,1127,522
8850,1127,579
8851,1127,156
8852,1127,636
8853,1127,254
8854,1127,854
8855,1127,604
8856,1127,759
8857,1127,861
8858,1127,1128
8859,1127,98
8860,1127,815
8861,1127,666
8862,1127,341
8863,1127,286
8864,1127,95
8865,1127,64
8866,1127,1058
8867,1127,199
8868,1127,911
8869,1127,1274
8870,1127,1221
8871,1127,1171
8872,1127,910
8873,1127,1038
8874,1127,321
8875,1127,1222
8876,1127,494
8877,1127,73
8878,1127,1237
8879,1127,764
8880,1127,1132
8881,1127,795
8882,1127,58
8883,1127,41
8884,1127,1190
8885,1127,1441
8886,1127,800
8887,1127,1263
8888,1127,1039
8889,1127,714
8890,1127,504
8891,1127,457
8892,1127,40
8893,1127,1300
8894,1127,108
8895,1127,648
8896,1127,793
8897,1127,1154
8898,1127,197
8899,1127,561
8900,1127,1062
8901,1127,246
8902,1127,1048
8903,1127,475
8904,1127,1170
8905,1127,170
8906,1127,695
8907,1127,748
8908,1127,1385
8909,1127,747
8910,1127,566
8911,1127,1359
8912,1127,1309
8913,1127,478
8914,1127,99
8915,1127,913
8916,1127,1245
8917,1127,551
8918,1127,239
8919,1127,756
8920,1127,362
8921,1127,1136
8922,1127,296
8923,1127,569
8924,1127,1438
8925,1127,255
8926,1127,316
8927,1127,444
8928,1127,675
8929,1127,1204
8930,1127,173
8931,1127,1262
8932,1127,739
8933,1127,1182
8934,1127,950
8935,1127,488
8936,1127,618
8937,1127,1407
8938,1127,1381
8939,1127,1012
8940,1127,46
8941,1127,612
8942,1127,157
8943,1127,1139
8944,1127,955
8945,1127,150
8946,1127,736
8947,1127,1199
8948,1127,1355
8949,1127,439
8950,1127,113
8951,1127,768
8952,1127,1003
8953,1127,207
8954,1127,935
8955,1127,1167
8956,1127,562
8957,1127,1310
8958,1127,1032
8959,1127,893
8960,1127,992
8961,1127,830
8962,1127,839
8963,1127,1053
8964,1127,1302
8965,1127,497
8966,1127,804
8967,1127,1348
8968,1127,1215
8969,1127,71
8970,1127,384
8971,1127,770
8972,1127,765
8973,1127,583
8974,1127,786
8975,1127,248
8976,1127,48
8977,1127,1439
8978,1127,20
8979,1127,1253
8980,1127,418
8981,1127,1440
8982,1127,715
8983,1127,1018
8984,1127,1284
8985,1127,572
8986,1127,448
8987,1127,36
8988,1127,749
8989,1127,871
8990,1127,437
8991,1127,461
8992,1127,1180
8993,1127,1074
8994,1127,251
8995,1127,262
8996,1127,677
8997,1127,284
8998,1127,852
8999,1127,758
9000,1127,227
9001,1127,447
9002,1127,1349
9003,1127,179
9004,1127,1140
9005,1127,995
9006,1127,960
9007,1127,629
9008,1127,400
9009,1127,1380
9010,1127,546
9011,1127,1072
9012,1127,907
9013,1127,760
9014,1127,1288
9015,1127,1231
9016,1127,525
9017,1127,1304
9018,1127,523
9019,1127,1151
9020,1127,281
9021,1127,869
9022,1127,694
9023,1127,182
9024,1127,1011
9025,1127,485
9026,1127,208
9027,1127,1185
9028,1127,146
9029,1127,627
9030,1127,1082
9031,1127,855
9032,1127,743
9033,1127,336
9034,1127,628
9035,1127,997
9036,1127,634
9037,1127,952
9038,1127,946
9039,1127,1107
9040,1127,1192
9041,1127,517
9042,1127,237
9043,1127,535
9044,1127,379
9045,1127,383
9046,1127,1268
9047,1127,238
9048,1127,1059
9049,1127,1357
9050,1127,701
9051,1127,51
9052,1127,272
9053,1127,769
9054,1127,1233
9055,1127,1090
9056,1127,922
9057,1127,619
9058,1127,1175
9059,1127,319
9060,1127,706
9061,1127,1326
9062,1127,585
9063,1127,776
9064,1127,787
9065,1127,737
9066,1127,391
9067,1127,631
9068,1127,429
9069,1127,1350
9070,1127,468
9071,1127,588
9072,1127,106
9073,1127,597
9074,1127,1234
9075,1127,499
9076,1127,100
9077,1127,1208
9078,1127,221
9079,1127,430
9080,1127,1229
9081,1127,1122
9082,1127,1227
9083,1127,601
9084,1127,1120
9085,1127,331
9086,1127,5
9087,1127,1033
9088,1127,424
9089,1127,209
9090,1127,555
9091,1127,125
9092,1127,1270
9093,1127,1394
9094,1127,763
9095,1127,696
9096,1127,325
9097,1127,110
9098,1127,211
9099,1127,630
9100,1127,1109
9101,1127,912
9102,1127,801
9103,1127,1256
9104,1127,1050
9105,1127,757
9106,1127,560
9107,1127,698
9108,1127,509
9109,1127,133
9110,1127,653
9111,1127,453
9112,1127,493
9113,1127,917
9114,1127,24
9115,1127,1264
9116,1127,735
9117,1127,1239
9118,1127,790
9119,1127,1414
9120,1127,841
9121,1127,891
9122,1127,1431
9123,1127,1142
9124,1127,295
9125,1127,900
9126,1127,1
9127,1127,780
9128,1127,77
9129,1127,545
9130,1127,843
9131,1127,847
9132,1127,311
9133,1127,567
9134,1127,723
9135,1127,1389
9136,1127,1236
9137,1127,1330
9138,1127,1297
9139,1127,920
9140,1127,988
9141,1127,1193
9142,1127,1333
9143,1127,771
9144,1127,392
9145,1127,1282
9146,1127,1346
9147,1127,377
9148,1127,1343
9149,1127,1320
9150,1127,1137
9151,1127,621
9152,1127,1156
9153,1127,425
9154,1127,676
9155,1127,1205
9156,1127,450
9157,1127,1029
9158,1127,1015
9159,1127,761
9160,1127,934
9161,1127,1161
9162,1127,1312
9163,1127,798
9164,1127,1335
9165,1127,889
9166,1127,1212
9167,1127,682
9168,1127,853
9169,1127,1395
9170,1127,277
9171,1127,1432
9172,1127,1075
9173,1127,663
9174,1127,1306
9175,1127,657
9176,1127,226
9177,1127,515
9178,1127,492
9179,1127,352
9180,1127,94
9181,1127,443
9182,1127,733
9183,1127,954
9184,1127,548
9185,1127,399
9186,1127,1226
9187,1127,386
9188,1127,1055
9189,1127,680
9190,1127,148
9191,1127,445
9192,1127,1102
9193,1127,259
9194,1127,243
9195,1127,93
9196,1127,327
9197,1127,126
9198,1127,420
9199,1127,1418
9200,1127,1187
9201,1127,1374
9202,1127,658
9203,1127,1317
9204,1127,1189
9205,1127,823
9206,1127,876
9207,1214,1314
9208,1214,1320
9209,1214,952
9210,1214,1370
9211,1214,118
9212,1214,202
9213,1214,603
9214,1214,289
9215,1214,1401
9216,1214,438
9217,1214,412
9218,1214,1310
9219,1214,1203
9220,1214,280
9221,1214,620
9222,1214,1436
9223,1214,857
9224,1214,481
9225,1214,962
9226,1214,1418
9227,1214,1136
9228,1214,1004
9229,1214,1238
9230,1214,631
9231,1214,221
9232,1214,762
9233,1214,1429
9234,1214,247
9235,1214,1371
9236,1214,582
9237,1214,1048
9238,1214,276
9239,1214,299
9240,1214,863
9241,1214,98
9242,1214,1170
9243,1214,75
9244,1214,246
9245,1214,1328
9246,1214,1279
9247,1214,663
9248,1214,1149
9249,1214,1068
9250,1214,873
9251,1214,497
9252,1214,377
9253,1214,396
9254,1214,1234
9255,1214,74
9256,1214,1140
9257,1214,63
9258,1214,473
9259,1214,634
9260,1214,619
9261,1214,1138
9262,1214,1302
9263,1214,839
9264,1214,910
9265,1214,1348
9266,1214,702
9267,1214,1326
9268,1214,408
9269,1214,872
9270,1214,139
9271,1214,1304
9272,1214,468
9273,1214,319
9274,1214,1066
9275,1214,244
9276,1214,990
9277,1214,919
9278,1214,1216
9279,1214,1095
9280,1214,997
9281,1214,841
9282,1214,803
9283,1214,1097
9284,1214,731
9285,1214,714
9286,1214,597
9287,1214,986
9288,1214,1445
9289,1214,1426
9290,1214,353
9291,1214,622
9292,1214,1406
9293,1214,344
9294,1214,325
9295,1214,541
9296,1214,1106
9297,1214,895
9298,1214,310
9299,1214,1260
9300,1214,305
9301,1214,1090
9302,1214,336
9303,1214,78
9304,1214,1122
9305,1214,545
9306,1214,921
9307,1214,1194
9308,1214,899
9309,1214,1125
9310,1214,1288
9311,1214,137
9312,1214,579
9313,1214,1253
9314,1214,765
9315,1214,1273
9316,1214,772
9317,1214,507
9318,1214,231
9319,1214,556
9320,1214,675
9321,1214,277
9322,1214,566
9323,1214,27
9324,1214,55
9325,1214,580
9326,1214,1330
9327,1214,612
9328,1214,715
9329,1214,102
9330,1214,321
9331,1214,403
9332,1214,248
9333,1214,929
9334,1214,268
9335,1214,689
9336,1214,131
9337,1214,1137
9338,1214,934
9339,1214,1093
9340,1214,1405
9341,1214,84
9342,1214,1307
9343,1214,562
9344,1214,414
9345,1214,1361
9346,1214,64
9347,1214,109
9348,1214,1199
9349,1214,1441
9350,1214,1110
9351,1214,460
9352,1214,864
9353,1214,890
9354,1214,888
9355,1214,551
9356,1214,786
9357,1214,1213
9358,1214,528
9359,1214,1271
9360,1214,938
9361,1214,1235
9362,1214,903
9363,1214,1119
9364,1214,744
9365,1214,1291
9366,1214,15
9367,1214,388
9368,1214,133
9369,1214,197
9370,1214,211
9371,1214,685
9372,1214,57
9373,1214,263
9374,1214,239
9375,1214,1342
9376,1214,795
9377,1214,621
9378,1214,882
9379,1214,954
9380,1214,418
9381,1214,695
9382,1214,682
9383,1214,384
9384,1214,1421
9385,1214,509
9386,1214,867
9387,1214,570
9388,1214,1103
9389,1214,424
9390,1214,520
9391,1214,187
9392,1214,959
9393,1214,434
9394,1214,797
9395,1214,988
9396,1214,951
9397,1214,1151
9398,1214,779
9399,1214,1343
9400,1214,173
9401,1214,229
9402,1214,944
9403,1214,1256
9404,1214,645
9405,1214,542
9406,1214,11
9407,1214,1156
9408,1214,613
9409,1214,256
9410,1214,784
9411,1214,46
9412,1214,464
9413,1214,1226
9414,1214,86
9415,1214,600
9416,1214,29
9417,1214,50
9418,1214,1283
9419,1214,1298
9420,1214,267
9421,1214,656
9422,1214,147
9423,1214,835
9424,1214,626
9425,1214,235
9426,1214,1338
9427,1214,887
9428,1214,1224
9429,1214,282
9430,1214,410
9431,1214,583
9432,1214,676
9433,1214,947
9434,1214,513
9435,1214,657
9436,1214,207
9437,1214,168
9438,1214,250
9439,1214,1
9440,1214,798
9441,1214,1082
9442,1214,93
9443,1214,1390
9444,1214,664
9445,1214,1296
9446,1214,1071
9447,1214,995
9448,1214,1377
9449,1214,1065
9450,1214,1217
9451,1214,636
9452,1214,326
9453,1214,821
9454,1214,1052
9455,1214,865
9456,1214,361
9457,1214,749
9458,1214,1028
9459,1214,521
9460,1214,686
9461,1214,1313
9462,1214,195
9463,1214,254
9464,1214,907
9465,1214,956
9466,1214,445
9467,1214,20
9468,1214,696
9469,1214,142
9470,1214,769
9471,1214,1411
9472,1214,1050
9473,1214,148
9474,1214,236
9475,1214,802
9476,1214,363
9477,1214,477
9478,1214,324
9479,1214,185
9480,1214,30
9481,1214,729
9482,1214,869
9483,1214,596
9484,1214,655
9485,1214,1243
9486,1214,419
9487,1214,1327
9488,1214,440
9489,1214,799
9490,1214,1211
9491,1214,852
9492,1214,1192
9493,1214,152
9494,1214,1202
9495,1214,470
9496,1214,609
9497,1214,169
9498,1214,474
9499,1214,1196
9500,1214,1109
9501,1214,25
9502,1214,1075
9503,1214,880
9504,1214,296
9505,1214,1006
9506,1214,157
9507,1214,704
9508,1214,1204
9509,1214,191
9510,1214,558
9511,1214,972
9512,1214,1311
9513,1214,1187
9514,1214,318
9515,1214,394
9516,1214,156
9517,1214,105
9518,1214,970
9519,1214,1367
9520,1214,1083
9521,1214,838
9522,1214,1038
9523,1214,192
9524,1214,441
9525,1214,1057
9526,1214,108
9527,1214,1293
9528,1214,793
9529,1214,891
9530,1214,171
9531,1214,1215
9532,1214,590
9533,1214,1344
9534,1214,104
9535,1214,610
9536,1214,967
9537,1214,480
9538,1214,1423
9539,1214,937
9540,1214,1315
9541,1214,1381
9542,1214,1011
9543,1214,792
9544,1214,701
9545,1214,837
9546,1214,1358
9547,1214,1041
9548,1214,1424
9549,1214,846
9550,1214,918
9551,1214,1233
9552,1214,178
9553,1214,143
9554,1214,1395
9555,1214,1433
9556,1214,404
9557,1214,164
9558,1214,36
9559,1214,1275
9560,1214,1193
9561,1214,1062
9562,1214,727
9563,1214,1287
9564,1214,126
9565,1214,1144
9566,1214,935
9567,1269,979
9568,1269,28
9569,1269,859
9570,1269,1044
9571,1269,834
9572,1269,804
9573,1269,200
9574,1269,1241
9575,1269,1111
9576,1269,831
9577,1269,1263
9578,1269,636
9579,1269,244
9580,1269,479
9581,1269,1159
9582,1269,867
9583,1269,1374
9584,1269,684
9585,1269,54
9586,1269,1030
9587,1269,742
9588,1269,1403
9589,1269,976
9590,1269,513
9591,1269,1004
9592,1269,649
9593,1269,47
9594,1269,564
9595,1297,714
9596,1297,645
9597,1302,230
9598,1302,134
9599,1302,861
9600,1302,916
9601,1302,344
9602,1302,1331
9603,1302,552
9604,1302,986
9605,1302,488
9606,1302,48
9607,1302,1313
9608,1302,590
9609,1302,655
9610,1302,504
9611,1302,786
9612,1302,1233
9613,1302,50
9614,1302,1060
9615,1302,886
9616,1302,1076
9617,1302,350
9618,1302,353
9619,1302,1204
9620,1302,668
9621,1302,368
9622,1302,613
9623,1302,497
9624,1302,331
9625,1302,1123
9626,1302,1133
9627,1302,1247
9628,1302,1446
9629,1302,611
9630,1302,445
9631,1302,954
9632,1302,601
9633,1302,459
9634,1302,1138
9635,1302,685
9636,1302,641
9637,1302,292
9638,1302,561
9639,1302,703
9640,1302,115
9641,1302,474
9642,1302,175
9643,1302,81
9644,1302,714
9645,1302,523
9646,1302,1071
9647,1302,964
9648,1302,1171
9649,1302,887
9650,1302,322
9651,1302,463
9652,1302,733
9653,1302,1343
9654,1302,287
9655,1302,171
9656,1302,295
9657,1302,252
9658,1302,690
9659,1302,1027
9660,1302,375
9661,1302,188
9662,1302,674
9663,1302,919
9664,1302,40
9665,1302,438
9666,1302,1259
9667,1302,526
9668,1302,1420
9669,1302,55
9670,1302,792
9671,1302,383
9672,1302,1063
9673,1302,853
9674,1302,585
9675,1302,1025
9676,1302,1002
9677,1302,969
9678,1302,1413
9679,1302,1373
9680,1302,860
9681,1302,291
9682,1302,897
9683,1302,656
9684,1302,1430
9685,1302,194
9686,1302,545
9687,1302,985
9688,1302,797
9689,1302,1431
9690,1302,843
9691,1302,86
9692,1302,1428
9693,1302,345
9694,1302,108
9695,1302,1200
9696,1302,627
9697,1302,784
9698,1302,579
9699,1302,578
9700,1302,767
9701,1302,826
9702,1302,226
9703,1302,377
9704,1302,844
9705,1302,1242
9706,1302,1203
9707,1302,266
9708,1302,956
9709,1302,620
9710,1302,1306
9711,1302,125
9712,1302,1236
9713,1302,622
9714,1302,1419
9715,1302,1397
9716,1302,885
9717,1302,838
9718,1302,421
9719,1302,1029
9720,1302,639
9721,1302,1132
9722,1302,447
9723,1302,138
9724,1302,96
9725,1302,661
9726,1302,1226
9727,1302,329
9728,1302,769
9729,1302,1427
9730,1302,1268
9731,1302,616
9732,1302,1104
9733,1302,903
9734,1302,538
9735,1302,938
9736,1302,586
9737,1302,211
9738,1302,1128
9739,1302,787
9740,1302,7
9741,1302,828
9742,1302,996
9743,1302,709
9744,1302,983
9745,1302,79
9746,1302,59
9747,1302,1008
9748,1302,691
9749,1302,1364
9750,1302,206
9751,1302,424
9752,1302,259
9753,1302,534
9754,1302,911
9755,1302,1256
9756,1302,544
9757,1302,689
9758,1302,1151
9759,1302,307
9760,1302,1371
9761,1302,1277
9762,1302,149
9763,1302,277
9764,1302,360
9765,1302,602
9766,1302,738
9767,1302,619
9768,1302,833
9769,1302,60
9770,1302,1185
9771,1302,1353
9772,1302,407
9773,1302,173
9774,1302,920
9775,1302,116
9776,1302,1055
9777,1302,1064
9778,1302,914
9779,1302,1333
9780,1302,204
9781,1302,1434
9782,1302,264
9783,1302,917
9784,1302,868
9785,1302,1269
9786,1302,764
9787,1302,1264
9788,1302,466
9789,1302,4
9790,1302,818
9791,1302,521
9792,1302,1136
9793,1302,1102
9794,1302,1272
9795,1302,1003
9796,1302,971
9797,1302,1367
9798,1302,921
9799,1302,300
9800,1302,326
9801,1302,310
9802,1302,1260
9803,1302,988
9804,1302,11
9805,1302,1356
9806,1302,457
9807,1302,1053
9808,1302,1262
9809,1302,44
9810,1302,1239
9811,1302,70
9812,1302,839
9813,1302,1246
9814,1302,102
9815,1302,501
9816,1302,5
9817,1302,891
9818,1302,1284
9819,1302,1417
9820,1302,1188
9821,1302,170
9822,1302,1335
9823,1302,410
9824,1302,1110
9825,1302,1131
9826,1302,256
9827,1302,1310
9828,1302,420
9829,1302,857
9830,1302,1445
9831,1302,625
9832,1302,361
9833,1302,801
9834,1302,1393
9835,1302,253
9836,1302,144
9837,1302,1148
9838,1302,631
9839,1302,248
9840,1302,1039
9841,1302,952
9842,1302,154
9843,1302,1147
9844,1302,234
9845,1302,1279
9846,1302,541
9847,1302,700
9848,1302,529
9849,1302,955
9850,1302,830
9851,1302,1370
9852,1302,1274
9853,1302,567
9854,1302,493
9855,1302,770
9856,1302,1207
9857,1302,683
9858,1302,369
9859,1302,1149
9860,1302,95
9861,1302,388
9862,1302,1243
9863,1302,706
9864,1302,1139
9865,1302,1300
9866,1302,973
9867,1302,1056
9868,1302,209
9869,1302,142
9870,1302,1165
9871,1302,766
9872,1302,1235
9873,1302,1048
9874,1302,101
9875,1302,308
9876,1302,251
9877,1302,1155
9878,1302,520
9879,1302,1338
9880,1302,71
9881,1302,944
9882,1302,892
9883,1302,29
9884,1302,85
9885,1302,1050
9886,1302,618
9887,1302,1285
9888,1302,731
9889,1302,805
9890,1302,397
9891,1302,10
9892,1302,804
9893,1302,790
9894,1302,1329
9895,1302,664
9896,1302,963
9897,1302,278
9898,1302,657
9899,1302,12
9900,1302,1385
9901,1302,233
9902,1302,785
9903,1302,199
9904,1302,551
9905,1302,418
9906,1302,507
9907,1302,1441
9908,1302,74
9909,1302,133
9910,1302,947
9911,1302,203
9912,1302,36
9913,1302,895
9914,1302,936
9915,1302,798
9916,1302,486
9917,1302,1405
9918,1302,1178
9919,1302,235
9920,1302,1375
9921,1302,30
9922,1302,63
9923,1302,1314
9924,1302,1440
9925,1302,677
9926,1302,1229
9927,1302,26
9928,1302,904
9929,1302,1399
9930,1302,1444
9931,1302,744
9932,1302,183
9933,1302,1387
9934,1302,132
9935,1302,1228
9936,1302,715
9937,1302,325
9938,1302,191
9939,1302,815
9940,1302,795
9941,1302,92
9942,1302,481
9943,1302,540
9944,1302,929
9945,1302,1190
9946,1302,1336
9947,1302,109
9948,1302,776
9949,1302,1015
9950,1302,1061
9951,1302,363
9952,1302,439
9953,1302,464
9954,1302,167
9955,1302,931
9956,1302,761
9957,1302,1021
9958,1302,1305
9959,1302,243
9960,1302,603
9961,1302,103
9962,1302,554
9963,1302,642
9964,1302,444
9965,1302,1001
9966,1302,846
9967,1302,874
9968,1302,1407
9969,1302,825
9970,1302,1087
9971,1302,198
9972,1302,643
9973,1302,502
9974,1302,1026
9975,1302,1326
9976,1302,382
9977,1302,1012
9978,1302,823
9979,1302,1400
9980,1302,1298
9981,1302,869
9982,1302,267
9983,1302,1114
9984,1302,1199
9985,1302,1153
9986,1302,352
9987,1302,948
9988,1302,513
9989,1302,1187
9990,1302,822
9991,1302,872
9992,1302,850
9993,1302,940
9994,1302,1253
9995,1302,224
9996,1302,1090
9997,1302,34
9998,1302,365
9999,1302,1418
10000,1302,1209
10001,1302,717
10002,1302,1287
10003,1302,1240
10004,1302,1152
10005,1302,362
10006,1302,430
10007,1302,1224
10008,1302,1422
10009,1302,499
10010,1302,701
10011,1302,442
10012,1302,1334
10013,1302,490
10014,1302,1113
10015,1302,1291
10016,1302,123
10017,1302,803
10018,1302,737
10019,1302,992
10020,1302,1167
10021,1302,0
10022,1302,777
10023,1302,392
10024,1302,854
10025,1302,49
10026,1302,111
10027,1302,972
10028,1302,1261
10029,1302,723
10030,1302,1194
10031,1302,427
10032,1302,436
10033,1302,658
10034,1302,406
10035,1302,968
10036,1302,922
10037,1302,736
10038,1302,168
10039,1302,370
10040,1302,1438
10041,1302,1232
10042,1302,637
10043,1302,1258
10044,1302,883
10045,1302,354
10046,1302,913
10047,1302,429
10048,1302,227
10049,1302,671
10050,1302,943
10051,1302,1192
10052,1302,1062
10053,1302,1382
10054,1302,65
10055,1302,195
10056,1302,774
10057,1302,399
10058,1302,1345
10059,1302,555
10060,1302,225
10061,1302,126
10062,1302,19
10063,1302,702
10064,1302,450
10065,1302,210
10066,1302,84
10067,1302,1018
10068,1302,793
10069,1302,39
10070,1302,1273
10071,1302,1404
10072,1302,750
10073,1302,511
10074,1302,161
10075,1302,765
10076,1302,802
10077,1302,244
10078,1302,404
10079,1302,546
10080,1302,873
10081,1302,357
10082,1302,1347
10083,1302,1275
10084,1302,995
10085,1302,794
10086,1302,881
10087,1302,1225
10088,1302,865
10089,1302,1379
10090,1302,687
10091,1302,1140
10092,1302,1122
10093,1302,273
10094,1302,187
10095,1302,517
10096,1302,1107
10097,1302,574
10098,1302,1411
10099,1302,1227
10100,1302,241
10101,1302,870
10102,1302,710
10103,1302,1142
10104,1302,1423
10105,1302,682
10106,1302,548
10107,1302,46
10108,1302,599
10109,1302,489
10110,1302,222
10111,1302,747
10112,1302,1425
10113,1302,403
10114,1302,569
10115,1302,1355
10116,1302,734
10117,1302,1212
10118,1302,1091
10119,1302,341
10120,1302,1216
10121,1302,405
10122,1302,1311
10123,1302,495
10124,1302,1158
10125,1302,129
10126,1302,528
10127,1302,425
10128,1302,1378
10129,1302,1099
10130,1302,213
10131,1302,647
10132,1302,82
10133,1302,247
10134,1302,373
10135,1302,788
10136,1302,250
10137,1302,1033
10138,1302,821
10139,1302,286
10140,1309,101
10141,1309,36
10142,1309,248
10143,1309,551
10144,1309,1336
10145,1309,1395
10146,1309,1366
10147,1309,434
10148,1309,1
10149,1309,1203
10150,1309,682
10151,1309,85
10152,1309,703
10153,1309,373
10154,1309,1386
10155,1309,1308
10156,1309,251
10157,1309,403
10158,1309,291
10159,1309,818
10160,1309,668
10161,1309,514
10162,1309,763
10163,1309,379
10164,1309,761
10165,1309,903
10166,1309,442
10167,1309,195
10168,1309,326
10169,1309,645
10170,1309,1109
10171,1309,499
10172,1309,661
10173,1309,774
10174,1309,579
10175,1309,947
10176,1309,439
10177,1309,636
10178,1309,944
10179,1309,1421
10180,1309,1062
10181,1309,1101
10182,1309,1259
10183,1309,509
10184,1309,643
10185,1309,263
10186,1309,207
10187,1309,890
10188,1309,1431
10189,1309,608
10190,1309,1009
10191,1309,1113
10192,1309,754
10193,1309,1148
10194,1309,883
10195,1309,1357
10196,1309,765
10197,1309,1271
10198,1309,675
10199,1309,1312
10200,1309,1202
10201,1309,524
10202,1309,93
10203,1309,492
10204,1309,1012
10205,1309,400
10206,1309,555
10207,1309,363
10208,1309,481
10209,1309,540
10210,1309,278
10211,1309,1011
10212,1309,237
10213,1309,127
10214,1309,1371
10215,1309,611
10216,1309,303
10217,1309,817
10218,1309,517
10219,1309,145
10220,1309,988
10221,1309,84
10222,1309,1277
10223,1309,322
10224,1309,616
10225,1309,1321
10226,1372,1173
10227,1372,1210
10228,1372,941
10229,1372,425
10230,1372,11
10231,1372,1190
10232,1372,997
10233,1372,686
10234,1372,1030
10235,1372,1329
10236,1372,209
10237,1372,756
10238,1372,219
10239,1372,714
10240,1372,754
10241,1372,52
10242,1372,238
10243,1372,133
10244,1372,1085
10245,1372,410
10246,1372,301
10247,1372,127
10248,1372,1011
10249,1372,278
10250,1372,1039
10251,1372,160
10252,1372,280
10253,1372,46
10254,1372,344
10255,1372,345
10256,1372,869
10257,1372,570
10258,1372,1145
10259,1372,562
10260,1372,1176
10261,1372,1392
10262,1372,78
10263,1372,507
10264,1372,1346
10265,1372,637
10266,1372,715
10267,1372,154
10268,1372,761
10269,1372,336
10270,1372,289
10271,1372,450
10272,1372,1412
10273,1372,590
10274,1372,1405
10275,1372,464
10276,1372,691
10277,1372,747
10278,1372,720
10279,1372,1227
10280,1372,785
10281,1372,774
10282,1372,535
10283,1372,805
10284,1372,424
10285,1372,1136
10286,1372,1283
10287,1372,1427
10288,1372,1232
10289,1372,1111
10290,1372,1357
10291,1372,1393
10292,1372,331
10293,1372,850
10294,1372,569
10295,1372,1438
10296,1372,397
10297,1372,81
10298,1372,795
10299,1372,793
10300,1372,1099
10301,1372,1330
10302,1372,363
10303,1372,1148
10304,1372,119
10305,1372,1335
10306,1372,560
10307,1372,1245
10308,1372,1020
10309,1372,1171
10310,1372,1253
10311,1372,1243
10312,1372,399
10313,1372,1344
10314,1372,261
10315,1372,1273
10316,1372,1433
10317,1372,291
10318,1372,230
10319,1372,298
10320,1372,969
10321,1372,1194
10322,1372,497
10323,1372,1038
10324,1372,641
10325,1372,1417
10326,1372,499
10327,1372,668
10328,1372,171
10329,1372,1237
10330,1372,579
10331,1372,603
10332,1372,434
10333,1372,192
10334,1372,1436
10335,1372,1
10336,1372,1050
10337,1372,455
10338,1372,1090
10339,1372,321
10340,1372,839
10341,1372,746
10342,1372,1318
10343,1372,1422
10344,1372,1205
10345,1391,938
10346,1391,691
10347,1391,902
10348,1391,185
10349,1391,1024
10350,1391,1394
10351,1391,1137
10352,1391,267
10353,1391,479
10354,1391,998
10355,1391,1389
10356,1391,827
10357,1391,473
10358,1391,474
10359,1391,379
10360,1391,668
10361,1391,786
10362,1391,310
10363,1391,188
10364,1391,1222
10365,1391,552
10366,1391,868
10367,1391,1423
10368,1391,357
10369,1391,1039
10370,1391,118
10371,1391,1153
10372,1391,470
10373,1391,7
10374,1391,1004
10375,1391,777
10376,1391,1033
10377,1391,1027
10378,1391,1287
10379,1391,392
10380,1391,934
10381,1391,36
10382,1391,818
10383,1391,768
10384,1391,370
10385,1391,235
10386,1391,450
10387,1391,751
10388,1391,846
10389,1391,774
10390,1391,504
10391,1391,1333
10392,1391,968
10393,1391,548
10394,1391,695
10395,1391,315
10396,1391,1373
10397,1391,239
10398,1391,955
10399,1391,593
10400,1391,913
10401,1391,626
10402,1391,1063
10403,1391,324
10404,1391,675
10405,1391,1291
10406,1391,575
10407,1391,799
10408,1391,353
10409,1391,1223
