,TF,Target,Label
0,1281,735,0
1,459,350,0
2,757,1123,1
3,1207,879,1
4,1197,561,0
5,1018,1285,0
6,805,1133,0
7,409,596,0
8,812,420,1
9,11,797,0
10,757,1530,1
11,1072,1381,1
12,867,1598,0
13,1072,1053,1
14,386,1095,1
15,757,1192,1
16,1011,544,1
17,1281,504,0
18,1207,898,1
19,1207,1088,1
20,66,1008,1
21,1172,521,0
22,1547,962,1
23,722,1127,1
24,940,509,1
25,1284,1174,1
26,1200,311,1
27,1382,362,0
28,386,1465,1
29,246,374,0
30,650,301,0
31,225,264,0
32,812,371,1
33,66,1295,1
34,486,965,1
35,940,407,1
36,422,248,0
37,1178,1428,0
38,990,339,0
39,519,1584,0
40,89,779,1
41,757,755,0
42,1547,128,1
43,948,1137,0
44,1297,473,0
45,1200,479,0
46,467,785,1
47,722,371,1
48,781,1024,0
49,862,237,0
50,1216,50,0
51,722,828,1
52,118,494,1
53,1283,1537,0
54,196,444,0
55,1011,475,1
56,1378,1447,0
57,1197,1035,1
58,757,77,1
59,1547,660,1
60,783,66,0
61,722,1387,1
62,1284,1179,1
63,1502,712,0
64,506,912,1
65,1284,1122,1
66,189,701,1
67,757,1215,1
68,1351,86,0
69,156,1258,0
70,722,1496,1
71,1478,1391,0
72,722,967,1
73,4,331,0
74,1011,1462,1
75,1235,144,0
76,1146,1217,0
77,924,1293,0
78,281,560,0
79,585,842,0
80,699,478,0
81,941,104,0
82,1547,802,1
83,722,579,1
84,757,542,1
85,757,1458,1
86,1050,653,0
87,654,1597,1
88,1284,757,1
89,467,798,1
90,1284,632,1
91,1284,1255,1
92,506,619,1
93,722,132,1
94,136,644,0
95,722,1460,1
96,1451,1408,0
97,506,1219,1
98,244,662,0
99,757,1346,1
100,1072,1576,1
101,545,128,0
102,1017,226,0
103,342,514,0
104,169,1230,0
105,128,218,0
106,297,441,0
107,654,754,1
108,108,398,0
109,799,828,0
110,940,822,1
111,848,1587,0
112,1011,1412,1
113,66,45,1
114,554,272,0
115,984,1141,0
116,160,901,0
117,940,537,1
118,722,1095,1
119,66,81,1
120,707,1057,0
121,669,1033,1
122,1011,1441,1
123,707,380,0
124,940,842,1
125,1284,279,1
126,1547,1256,1
127,1520,1343,0
128,506,172,1
129,722,704,1
130,467,734,1
131,1364,1254,0
132,1122,1497,0
133,940,1282,1
134,164,233,0
135,1315,1357,0
136,729,414,0
137,370,518,1
138,781,1339,0
139,1283,720,0
140,896,724,0
141,967,76,0
142,386,137,1
143,654,257,1
144,64,150,0
145,757,632,1
146,608,805,1
147,661,565,0
148,486,417,0
149,467,1217,1
150,980,192,0
151,361,404,0
152,757,1218,1
153,506,852,1
154,809,1482,0
155,1364,688,0
156,553,531,0
157,577,913,0
158,881,978,0
159,1617,360,0
160,491,864,0
161,757,114,1
162,370,770,1
163,812,367,1
164,889,527,0
165,722,602,1
166,118,336,1
167,1249,1040,0
168,1485,833,0
169,386,563,1
170,83,753,0
171,1368,1032,0
172,757,672,1
173,1011,1541,1
174,66,1344,1
175,669,1035,0
176,324,1461,0
177,785,1049,0
178,753,1149,0
179,594,664,0
180,1284,299,1
181,805,1452,0
182,1011,49,1
183,1011,1059,1
184,118,822,1
185,1398,1511,0
186,1384,1364,0
187,897,1140,0
188,467,1613,1
189,506,1536,1
190,1240,1441,0
191,66,1588,1
192,1160,695,0
193,506,1244,1
194,467,1552,1
195,467,1257,1
196,1011,1549,1
197,1547,888,1
198,940,1558,1
199,749,420,0
200,1285,305,0
201,118,1524,1
202,722,494,1
203,467,1325,1
204,302,1616,0
205,940,1348,1
206,940,510,1
207,883,873,0
208,1118,1150,0
209,757,401,1
210,45,198,0
211,1011,104,1
212,158,320,0
213,940,785,1
214,757,323,1
215,66,449,1
216,1619,1319,0
217,599,819,0
218,1284,99,1
219,550,1071,0
220,196,1250,0
221,722,491,1
222,1489,1175,0
223,757,1603,1
224,1468,1306,0
225,940,1588,1
226,1011,589,1
227,675,1176,0
228,11,1402,0
229,1331,1471,0
230,403,1227,0
231,264,1462,0
232,1284,643,1
233,1072,766,1
234,1501,1584,0
235,722,1260,1
236,1096,323,0
237,1341,283,0
238,812,399,1
239,11,1023,1
240,1197,235,1
241,1331,1203,0
242,1207,897,1
243,722,1576,1
244,1289,1364,0
245,1122,1399,1
246,1222,389,0
247,672,1429,0
248,940,695,1
249,709,302,0
250,460,747,0
251,467,113,1
252,1284,1414,1
253,940,1343,1
254,1564,920,0
255,647,1615,0
256,722,1170,1
257,11,580,1
258,940,898,1
259,1207,919,1
260,79,1216,0
261,1511,171,0
262,1284,1554,1
263,757,579,1
264,673,698,0
265,66,1465,1
266,1011,467,1
267,638,1342,0
268,722,58,1
269,1284,194,1
270,1207,248,1
271,663,1511,0
272,757,328,1
273,386,734,1
274,1284,518,1
275,386,1142,1
276,785,327,0
277,1118,534,0
278,32,792,1
279,1232,406,0
280,478,1265,0
281,729,235,0
282,311,319,0
283,722,526,1
284,1503,1394,0
285,118,897,1
286,757,1027,1
287,46,1253,0
288,1284,1207,1
289,722,1521,1
290,32,1549,1
291,414,394,0
292,567,212,0
293,386,293,1
294,189,254,1
295,1197,1523,1
296,722,747,1
297,669,60,1
298,146,5,0
299,212,145,0
300,886,758,0
301,1247,1355,0
302,663,878,0
303,450,1572,0
304,1284,1210,1
305,757,319,1
306,467,274,1
307,1485,1038,0
308,1284,864,1
309,1197,315,1
310,1011,760,1
311,506,26,1
312,783,905,0
313,940,1210,1
314,1284,1403,1
315,1284,1496,1
316,1284,602,1
317,172,1595,0
318,1585,620,1
319,812,40,0
320,386,1410,1
321,761,1387,0
322,467,701,1
323,722,256,1
324,1514,571,1
325,757,89,1
326,1284,697,1
327,940,421,1
328,812,479,1
329,486,631,1
330,77,568,0
331,1012,468,0
332,722,507,1
333,1180,1619,0
334,1072,1016,1
335,766,241,0
336,684,1523,1
337,1421,153,0
338,1066,303,0
339,1505,1224,1
340,940,1064,1
341,1122,1142,1
342,1607,1208,0
343,11,1142,1
344,840,864,0
345,940,723,1
346,86,467,0
347,1493,332,0
348,726,45,0
349,722,1251,1
350,467,104,1
351,332,400,0
352,1534,1111,0
353,467,775,1
354,1547,510,1
355,386,1226,1
356,511,1299,0
357,1283,1378,0
358,1072,876,1
359,864,1188,0
360,867,843,0
361,173,84,0
362,1468,1491,0
363,1198,620,0
364,1284,905,1
365,669,670,1
366,1585,912,1
367,757,390,1
368,66,1256,1
369,722,333,1
370,1207,1580,1
371,118,861,1
372,86,1418,0
373,467,1469,1
374,189,727,1
375,386,32,1
376,1059,1253,0
377,722,1025,1
378,1585,255,1
379,1011,716,1
380,1284,1191,1
381,156,1052,0
382,1011,1405,1
383,486,1173,1
384,940,1025,1
385,66,1004,1
386,684,839,1
387,1454,1517,0
388,893,541,0
389,676,724,0
390,635,79,0
391,684,1083,1
392,224,154,0
393,757,135,1
394,1389,1236,0
395,66,1128,1
396,185,416,0
397,1291,975,0
398,213,477,0
399,722,184,1
400,1284,1180,1
401,967,40,0
402,1011,1387,1
403,940,833,1
404,1249,1057,0
405,1197,636,1
406,220,461,0
407,1197,634,1
408,533,367,0
409,940,701,1
410,940,793,1
411,757,1511,1
412,757,1013,1
413,66,753,1
414,467,58,1
415,1197,1335,1
416,722,172,1
417,58,1120,0
418,1270,1035,0
419,1601,130,0
420,757,458,1
421,1011,114,1
422,318,1507,0
423,118,676,1
424,861,179,0
425,940,746,1
426,551,779,0
427,66,144,1
428,896,850,0
429,154,905,0
430,377,752,0
431,1585,1427,1
432,1284,1481,1
433,1547,256,1
434,654,1255,1
435,940,1466,1
436,1489,861,0
437,892,179,0
438,1547,658,1
439,722,1582,1
440,250,929,0
441,189,486,1
442,46,1111,0
443,118,395,1
444,1341,1081,0
445,386,1372,1
446,722,1277,1
447,1284,485,1
448,155,493,0
449,342,275,0
450,1221,558,0
451,868,718,0
452,528,1123,0
453,407,1128,0
454,1505,825,1
455,1472,789,0
456,995,512,0
457,189,903,1
458,678,781,0
459,684,1205,1
460,405,1449,0
461,940,1590,1
462,1284,114,1
463,459,559,0
464,188,1209,0
465,856,1340,0
466,1547,260,1
467,684,1271,1
468,66,394,1
469,467,985,1
470,691,351,0
471,1284,625,1
472,1243,660,0
473,1585,1576,1
474,551,285,0
475,450,181,0
476,736,1131,0
477,386,1507,0
478,853,736,0
479,721,1441,0
480,1381,1152,0
481,748,8,0
482,722,1333,1
483,1301,905,0
484,940,1593,1
485,1539,1414,0
486,722,311,1
487,442,645,0
488,722,604,1
489,722,943,1
490,525,575,0
491,1217,350,0
492,1178,982,0
493,1447,23,0
494,1284,997,1
495,1284,966,1
496,497,350,0
497,528,129,0
498,1502,1554,0
499,757,1084,1
500,722,865,1
501,1011,1254,1
502,142,286,0
503,1120,1219,0
504,1072,1515,1
505,757,1249,1
506,1547,437,1
507,275,334,0
508,506,491,1
509,452,411,0
510,384,1275,0
511,274,818,0
512,941,511,0
513,722,551,1
514,550,1617,0
515,386,897,1
516,189,744,1
517,1514,539,1
518,774,1268,0
519,1432,62,0
520,1011,1493,1
521,757,903,1
522,1597,728,0
523,1460,1285,0
524,1314,1401,0
525,722,631,1
526,787,79,1
527,17,438,0
528,1122,852,0
529,553,1552,0
530,1081,201,1
531,884,832,0
532,967,1525,0
533,486,964,0
534,757,1153,1
535,984,776,0
536,169,1496,0
537,250,1004,0
538,1122,458,1
539,722,1586,1
540,506,922,1
541,757,108,1
542,274,1136,0
543,906,1365,0
544,601,714,0
545,1388,1583,0
546,1065,767,0
547,911,1416,0
548,486,1207,1
549,467,315,1
550,467,807,1
551,1564,742,0
552,757,1237,1
553,940,69,1
554,773,1279,0
555,367,1235,0
556,58,1231,0
557,260,675,0
558,608,1493,1
559,940,805,1
560,877,1122,0
561,1284,477,1
562,1284,1263,1
563,722,356,1
564,1284,531,1
565,1340,655,0
566,1284,52,1
567,940,376,1
568,467,1390,1
569,684,11,1
570,189,833,1
571,66,816,0
572,443,1397,0
573,940,939,1
574,1377,410,0
575,1558,415,0
576,1447,273,0
577,684,1377,1
578,189,1380,1
579,1072,818,1
580,1072,892,1
581,108,722,0
582,757,279,1
583,386,617,1
584,1046,1473,0
585,696,555,0
586,545,359,0
587,1241,533,0
588,1011,276,1
589,940,337,1
590,386,1314,1
591,940,497,1
592,1505,1487,1
593,643,205,0
594,386,320,1
595,86,280,0
596,1011,1356,1
597,1571,854,0
598,1505,203,1
599,528,838,0
600,1011,267,1
601,722,1098,1
602,1072,645,1
603,1617,950,0
604,1227,1090,0
605,1072,651,1
606,757,447,1
607,164,152,0
608,600,817,0
609,940,580,1
610,1321,148,0
611,940,1019,1
612,1197,30,1
613,757,1049,1
614,1122,1482,1
615,1303,1000,0
616,915,1514,0
617,853,1026,0
618,211,324,0
619,1292,376,0
620,1547,1023,1
621,6,1076,0
622,118,1122,1
623,1421,376,0
624,1505,910,1
625,722,808,1
626,22,1228,0
627,1547,1194,1
628,370,886,1
629,1011,616,1
630,11,130,1
631,189,1265,1
632,757,1443,1
633,1284,1260,1
634,1007,1106,0
635,189,1257,1
636,224,650,0
637,688,901,0
638,76,398,0
639,118,1232,1
640,868,796,0
641,430,213,0
642,722,1597,1
643,722,1180,1
644,1197,1284,1
645,370,201,1
646,1373,640,0
647,1350,635,0
648,1505,723,1
649,300,694,0
650,1230,304,0
651,757,1345,1
652,30,1268,0
653,66,386,1
654,722,214,1
655,1097,680,0
656,660,637,0
657,1284,636,1
658,66,1093,1
659,511,174,0
660,1011,898,1
661,940,963,1
662,370,895,1
663,491,1108,0
664,1460,8,0
665,189,1035,1
666,1317,126,0
667,787,1385,1
668,814,1024,0
669,940,130,1
670,1597,1058,0
671,1012,112,0
672,1221,850,0
673,1480,1129,0
674,405,1161,0
675,761,1070,0
676,442,1007,0
677,1072,551,1
678,467,165,1
679,1223,628,0
680,189,1592,1
681,1190,1177,0
682,1074,662,0
683,1564,630,0
684,467,957,1
685,533,1048,0
686,1181,227,0
687,1284,795,1
688,1378,730,0
689,1350,664,0
690,89,770,1
691,684,150,1
692,834,962,0
693,688,296,0
694,108,1258,0
695,1520,450,0
696,1184,911,0
697,118,132,1
698,704,1073,0
699,564,986,0
700,1207,1322,1
701,66,787,1
702,66,1151,1
703,940,356,1
704,757,494,1
705,1017,561,0
706,940,922,1
707,764,1362,0
708,155,898,0
709,1480,1327,0
710,189,161,1
711,13,1565,0
712,1547,1399,1
713,684,1125,1
714,601,148,0
715,66,27,1
716,386,1199,0
717,940,167,1
718,1284,479,1
719,467,1344,1
720,980,43,0
721,479,946,0
722,1011,1488,1
723,1284,963,1
724,467,733,1
725,189,1438,1
726,467,828,1
727,467,851,1
728,66,966,1
729,787,194,1
730,1180,1393,0
731,1011,1384,1
732,684,1226,1
733,1547,1027,1
734,1503,1177,0
735,722,52,1
736,750,37,0
737,722,1415,1
738,787,889,1
739,1285,838,0
740,357,1074,0
741,940,137,1
742,1352,1023,0
743,1077,1092,0
744,722,1376,1
745,133,1612,0
746,851,1092,0
747,81,862,0
748,1281,1386,0
749,663,1332,0
750,533,251,0
751,912,336,0
752,757,979,1
753,394,56,0
754,1018,926,0
755,360,811,0
756,18,32,0
757,1011,1184,1
758,1072,631,1
759,1587,1202,0
760,940,172,1
761,189,1376,1
762,722,1122,1
763,43,1394,0
764,834,1118,0
765,804,152,0
766,906,106,0
767,1002,1266,0
768,1183,593,0
769,1013,1076,0
770,902,1000,0
771,1463,663,0
772,297,1375,0
773,32,950,1
774,809,636,0
775,940,121,1
776,722,1200,1
777,32,713,1
778,812,919,1
779,980,484,0
780,761,316,0
781,64,172,0
782,801,1234,0
783,757,60,1
784,69,166,0
785,1514,35,1
786,822,943,0
787,358,1315,0
788,1564,1503,0
789,684,1077,1
790,227,545,0
791,1341,98,0
792,1080,260,0
793,582,236,0
794,1148,1387,0
795,323,899,0
796,647,287,0
797,89,464,1
798,486,947,1
799,940,272,1
800,1494,554,0
801,922,536,0
802,337,638,0
803,221,640,0
804,704,1303,0
805,506,1414,1
806,940,1183,1
807,467,1197,1
808,1205,328,0
809,757,1231,1
810,1587,430,0
811,450,668,0
812,547,369,0
813,1052,112,0
814,684,1336,1
815,684,844,1
816,1018,480,0
817,722,1192,1
818,676,450,0
819,467,1590,1
820,1181,1337,0
821,1011,1346,1
822,1547,1141,1
823,1343,925,0
824,1580,1097,0
825,467,1015,1
826,722,608,1
827,496,1320,0
828,1011,1251,1
829,783,754,0
830,684,706,1
831,486,833,1
832,1547,724,1
833,22,1100,0
834,1565,1607,0
835,842,982,0
836,32,1260,1
837,265,209,0
838,722,1578,1
839,726,169,0
840,865,1299,0
841,1097,732,0
842,1331,1438,0
843,940,635,1
844,851,578,0
845,381,1068,0
846,467,167,1
847,283,800,0
848,189,1611,1
849,1505,643,1
850,738,1617,0
851,452,773,0
852,81,1362,0
853,1505,1299,1
854,897,1274,0
855,1381,46,0
856,189,1219,1
857,1072,1121,1
858,684,961,1
859,1230,426,0
860,1164,1489,0
861,1072,1164,1
862,519,275,0
863,66,458,1
864,757,898,1
865,81,603,0
866,1547,1007,1
867,66,583,1
868,1585,1284,1
869,823,751,0
870,486,349,1
871,940,95,1
872,762,1613,0
873,491,1576,1
874,146,943,0
875,190,455,0
876,684,1070,1
877,150,1094,0
878,1,707,0
879,467,1340,1
880,877,1436,0
881,189,1530,1
882,1065,1088,0
883,1505,1597,1
884,787,1601,1
885,684,726,1
886,595,1610,0
887,30,1370,0
888,748,1116,0
889,722,1396,1
890,757,1219,1
891,846,550,0
892,90,38,0
893,1284,1606,1
894,940,899,1
895,189,315,1
896,1415,107,0
897,940,817,1
898,214,109,0
899,467,1227,1
900,190,1441,0
901,1547,1059,1
902,922,606,0
903,940,185,1
904,153,410,0
905,1081,1238,0
906,324,50,0
907,856,1351,0
908,940,476,1
909,467,547,1
910,1135,7,0
911,722,1544,1
912,1072,548,1
913,1011,609,1
914,1042,845,0
915,757,1478,1
916,172,154,0
917,1587,921,0
918,722,479,1
919,821,1282,0
920,1284,769,1
921,757,953,1
922,1046,294,0
923,1136,814,0
924,528,1055,0
925,50,723,0
926,1197,1501,1
927,1164,1101,0
928,1547,1172,1
929,1239,226,0
930,812,640,1
931,386,542,1
932,1011,441,1
933,654,704,1
934,906,1345,0
935,189,1403,1
936,1284,1231,1
937,1314,454,0
938,940,704,1
939,940,4,1
940,838,1493,0
941,700,1268,0
942,1284,1036,1
943,133,393,0
944,30,628,0
945,722,1072,1
946,1364,944,0
947,467,966,1
948,722,899,1
949,757,1074,1
950,864,1236,0
951,722,891,1
952,493,1344,0
953,608,898,0
954,1011,1490,1
955,1260,288,0
956,893,908,0
957,66,1438,1
958,1547,852,1
959,1415,548,0
960,11,842,1
961,846,998,0
962,726,280,0
963,467,730,1
964,188,631,0
965,1547,886,0
966,1284,1614,1
967,1356,635,0
968,1321,127,0
969,551,519,0
970,682,498,0
971,1587,722,0
972,722,269,1
973,722,255,1
974,757,339,1
975,386,828,1
976,1325,1316,0
977,1547,659,1
978,684,802,1
979,940,846,1
980,1318,1050,0
981,434,488,0
982,722,470,1
983,654,510,1
984,1594,1370,0
985,1011,765,1
986,690,157,0
987,704,140,0
988,360,327,0
989,198,320,0
990,1162,268,0
991,757,812,1
992,842,1356,0
993,722,257,1
994,1157,52,0
995,1011,720,1
996,1172,1000,0
997,178,853,0
998,1460,163,0
999,663,554,0
1000,1547,35,1
1001,555,450,0
1002,467,477,1
1003,172,1179,0
1004,66,318,0
1005,1585,1478,0
1006,940,144,1
1007,1472,1467,0
1008,81,926,0
1009,654,420,1
1010,1547,1278,1
1011,757,1206,1
1012,684,442,1
1013,757,904,1
1014,32,1206,1
1015,669,79,1
1016,1619,1194,0
1017,1011,578,1
1018,213,1359,0
1019,601,1151,0
1020,1011,865,1
1021,467,208,1
1022,386,901,1
1023,1207,1597,1
1024,722,838,1
1025,467,1302,1
1026,1540,616,0
1027,450,951,0
1028,940,1520,1
1029,748,1300,0
1030,940,1071,1
1031,83,1420,0
1032,1514,713,1
1033,66,802,1
1034,684,767,1
1035,1138,574,0
1036,11,968,1
1037,1011,288,1
1038,1194,1529,0
1039,32,19,1
1040,1073,902,0
1041,907,179,0
1042,1284,1567,1
1043,940,546,1
1044,1059,1531,0
1045,1505,1265,1
1046,386,108,1
1047,1316,395,0
1048,158,1268,0
1049,1284,397,1
1050,1397,55,0
1051,799,103,0
1052,757,1380,1
1053,1072,176,0
1054,757,546,1
1055,208,228,0
1056,757,1611,1
1057,1011,941,1
1058,32,237,0
1059,1378,753,0
1060,311,225,0
1061,1468,155,0
1062,1284,415,1
1063,1321,343,0
1064,315,82,0
1065,32,1410,1
1066,940,1379,1
1067,180,652,0
1068,1407,1188,0
1069,1547,720,1
1070,1381,966,0
1071,244,179,0
1072,1547,995,1
1073,684,1165,1
1074,467,96,1
1075,684,137,1
1076,94,733,0
1077,1000,466,0
1078,43,1251,0
1079,1426,445,0
1080,1426,248,0
1081,1074,1051,0
1082,757,1574,1
1083,66,509,1
1084,1415,901,0
1085,1216,1069,0
1086,1304,50,0
1087,1368,779,0
1088,79,1554,0
1089,1131,661,0
1090,684,747,1
1091,1072,584,1
1092,977,428,0
1093,722,809,1
1094,1302,1486,0
1095,1046,229,0
1096,1284,928,1
1097,1011,912,1
1098,1607,902,0
1099,204,262,0
1100,311,551,0
1101,1502,596,0
1102,1398,773,0
1103,861,1509,0
1104,1547,279,1
1105,865,1344,0
1106,757,411,1
1107,330,754,0
1108,1284,211,1
1109,1072,447,1
1110,66,760,1
1111,1284,707,1
1112,853,1580,0
1113,212,340,0
1114,1284,1147,1
1115,722,798,1
1116,1284,1536,1
1117,1212,413,0
1118,840,797,0
1119,374,1267,0
1120,669,1547,1
1121,313,26,0
1122,805,438,0
1123,868,749,0
1124,1075,780,0
1125,940,1518,1
1126,1284,191,1
1127,467,286,1
1128,1011,216,1
1129,722,1568,1
1130,911,467,0
1131,809,1417,0
1132,1011,807,1
1133,940,643,1
1134,757,1604,1
1135,11,754,1
1136,860,349,0
1137,1072,658,1
1138,207,17,0
1139,1421,792,0
1140,1239,1114,0
1141,840,1276,0
1142,445,1035,0
1143,985,1539,0
1144,704,1072,0
1145,1197,898,1
1146,405,523,0
1147,1088,1260,0
1148,550,739,0
1149,16,136,0
1150,1547,1221,1
1151,644,1562,0
1152,66,685,1
1153,722,120,1
1154,1505,20,0
1155,1514,468,0
1156,1207,767,1
1157,220,1335,0
1158,1284,197,1
1159,506,479,1
1160,1284,1187,1
1161,722,820,1
1162,722,567,1
1163,1284,494,1
1164,1072,580,1
1165,66,706,1
1166,722,734,1
1167,422,1168,0
1168,684,1074,1
1169,684,886,1
1170,757,491,1
1171,1547,323,1
1172,722,1565,1
1173,84,79,0
1174,528,521,0
1175,189,261,1
1176,669,970,1
1177,1534,995,0
1178,66,902,1
1179,1180,315,0
1180,1148,1220,0
1181,1437,1131,0
1182,1463,1081,0
1183,1086,6,0
1184,1497,701,0
1185,1514,89,1
1186,722,302,1
1187,1135,112,0
1188,467,1077,1
1189,227,113,0
1190,189,830,1
1191,999,421,0
1192,564,707,0
1193,599,177,0
1194,1291,978,0
1195,16,710,0
1196,467,12,1
1197,757,1146,1
1198,774,485,0
1199,1547,454,1
1200,452,343,0
1201,1011,1411,1
1202,1284,373,1
1203,506,1222,1
1204,707,472,0
1205,1122,630,1
1206,1065,1174,0
1207,323,1605,0
1208,940,1603,1
1209,486,726,1
1210,504,1361,0
1211,1284,253,1
1212,66,438,1
1213,164,251,0
1214,1438,7,0
1215,757,167,1
1216,89,912,1
1217,940,464,1
1218,906,1184,0
1219,936,1506,0
1220,804,294,0
1221,966,49,0
1222,333,726,0
1223,722,923,1
1224,983,1088,0
1225,684,826,1
1226,233,1458,0
1227,552,1181,0
1228,417,247,0
1229,427,1302,0
1230,318,69,0
1231,160,787,0
1232,550,1288,0
1233,940,735,1
1234,189,293,1
1235,1587,1206,0
1236,764,396,0
1237,1284,706,1
1238,1011,1222,1
1239,731,561,0
1240,66,727,1
1241,1321,868,0
1242,805,1438,0
1243,467,1354,1
1244,958,1449,0
1245,654,472,1
1246,1007,1446,0
1247,940,609,1
1248,81,369,0
1249,857,80,0
1250,707,1340,0
1251,182,1077,0
1252,731,1462,0
1253,189,435,1
1254,1284,714,1
1255,339,764,0
1256,1284,1178,1
1257,491,1013,0
1258,1101,1608,0
1259,690,503,0
1260,32,117,0
1261,1284,1243,1
1262,761,712,0
1263,1340,1223,0
1264,1415,1287,0
1265,467,194,1
1266,189,1064,1
1267,72,65,0
1268,1011,1243,1
1269,118,879,1
1270,66,1233,1
1271,11,1141,1
1272,32,1576,1
1273,1547,627,1
1274,980,586,0
1275,1547,609,1
1276,467,319,0
1277,84,1341,0
1278,1,1607,0
1279,1284,1432,1
1280,941,116,0
1281,66,1590,1
1282,11,571,1
1283,722,1352,1
1284,1284,629,1
1285,676,1397,0
1286,142,1003,0
1287,851,19,0
1288,736,681,0
1289,940,1295,1
1290,864,34,0
1291,229,1444,0
1292,1422,607,0
1293,189,652,1
1294,1200,1197,0
1295,995,290,0
1296,393,704,0
1297,1059,1455,0
1298,940,818,1
1299,351,805,0
1300,722,1194,1
1301,1585,1488,1
1302,1077,390,0
1303,684,1173,1
1304,1207,675,1
1305,450,1588,0
1306,940,548,1
1307,757,1272,1
1308,94,1346,0
1309,722,253,1
1310,722,1464,1
1311,940,632,1
1312,11,950,1
1313,467,819,1
1314,467,781,1
1315,1055,1571,0
1316,455,1066,0
1317,1181,125,0
1318,757,1038,1
1319,1587,817,0
1320,722,884,1
1321,54,151,0
1322,722,716,1
1323,1200,1294,0
1324,11,158,1
1325,374,359,0
1326,160,1548,0
1327,722,1360,1
1328,189,982,1
1329,757,764,1
1330,1547,634,1
1331,1547,766,1
1332,940,493,1
1333,227,921,0
1334,1200,166,0
1335,1072,833,1
1336,648,1206,0
1337,787,1348,1
1338,940,215,1
1339,639,466,0
1340,1547,1207,1
1341,1284,968,1
1342,1284,560,1
1343,1344,247,0
1344,332,1143,0
1345,1284,1035,1
1346,1585,818,1
1347,506,1427,1
1348,1011,625,1
1349,1207,132,1
1350,722,559,1
1351,940,81,1
1352,757,352,1
1353,1072,636,1
1354,766,1479,0
1355,212,55,0
1356,941,1280,0
1357,1149,891,0
1358,722,955,1
1359,1072,828,1
1360,1576,549,0
1361,722,1153,1
1362,757,11,1
1363,1585,1,1
1364,393,574,0
1365,1011,563,1
1366,940,997,1
1367,89,620,1
1368,246,1598,0
1369,1011,508,1
1370,386,806,1
1371,1017,430,0
1372,1316,94,0
1373,156,1122,0
1374,757,208,1
1375,722,611,1
1376,940,804,1
1377,781,591,0
1378,440,770,0
1379,1072,433,1
1380,1211,161,0
1381,118,1155,1
1382,506,829,1
1383,275,251,0
1384,1146,1140,0
1385,757,1046,1
1386,757,1110,1
1387,178,1320,0
1388,426,877,0
1389,722,1131,1
1390,684,701,1
1391,1547,1200,1
1392,948,1002,0
1393,722,40,1
1394,154,1098,0
1395,669,1385,1
1396,1430,160,0
1397,467,816,1
1398,1190,813,0
1399,788,445,0
1400,1197,1427,1
1401,1273,506,0
1402,1463,396,0
1403,386,441,1
1404,1284,529,1
1405,351,1221,0
1406,1503,152,0
1407,189,181,1
1408,684,1197,1
1409,684,567,1
1410,722,1094,1
1411,386,406,1
1412,757,1134,1
1413,189,1088,1
1414,858,799,0
1415,925,808,0
1416,1284,470,1
1417,506,1074,1
1418,1009,1537,0
1419,196,951,0
1420,684,610,1
1421,66,146,1
1422,11,864,1
1423,940,1044,1
1424,722,202,1
1425,940,590,1
1426,66,694,1
1427,722,1436,1
1428,1570,300,0
1429,684,58,1
1430,940,153,1
1431,1200,931,0
1432,1207,589,1
1433,189,286,1
1434,1136,389,0
1435,1483,233,0
1436,346,1160,0
1437,990,517,0
1438,757,1104,1
1439,821,200,0
1440,11,1496,1
1441,722,1253,1
1442,1281,306,0
1443,722,1601,1
1444,519,227,0
1445,313,187,0
1446,1547,714,1
1447,1304,1605,0
1448,1122,547,1
1449,722,288,1
1450,506,766,1
1451,118,197,1
1452,811,764,0
1453,292,967,0
1454,478,897,0
1455,1046,669,0
1456,722,629,1
1457,1122,940,1
1458,88,593,0
1459,940,952,1
1460,18,759,0
1461,1011,1360,1
1462,386,1174,1
1463,1547,1415,1
1464,223,524,0
1465,866,1270,0
1466,722,839,1
1467,189,616,1
1468,822,1232,0
1469,1081,1416,1
1470,1284,837,1
1471,1011,1230,1
1472,11,611,1
1473,1072,1501,1
1474,1148,492,0
1475,722,1178,1
1476,757,936,1
1477,422,1067,0
1478,300,896,0
1479,1011,1523,1
1480,757,1566,1
1481,386,1374,0
1482,1284,584,1
1483,75,766,0
1484,1547,1536,1
1485,1197,1155,1
1486,66,1494,1
1487,967,376,0
1488,1437,549,0
1489,332,268,0
1490,757,901,1
1491,940,1299,1
1492,545,146,0
1493,66,1129,1
1494,940,1318,1
1495,66,643,1
1496,1460,190,0
1497,252,704,0
1498,787,614,0
1499,1547,1055,1
1500,486,877,1
1501,940,751,1
1502,925,528,0
1503,1547,427,1
1504,1197,879,1
1505,672,39,0
1506,669,1303,1
1507,722,135,1
1508,1321,538,0
1509,749,1291,0
1510,940,575,1
1511,757,617,1
1512,853,584,0
1513,684,1284,1
1514,1284,276,1
1515,1284,868,1
1516,1011,153,1
1517,1072,1261,1
1518,118,785,1
1519,981,916,0
1520,1284,17,1
1521,1547,713,1
1522,1447,484,0
1523,66,420,1
1524,17,214,0
1525,486,566,1
1526,189,1183,1
1527,1007,739,0
1528,848,285,0
1529,54,1522,0
1530,313,1039,0
1531,506,1580,1
1532,1011,822,1
1533,700,233,0
1534,1601,1397,0
1535,323,1284,0
1536,722,325,1
1537,757,1133,1
1538,729,988,0
1539,654,22,1
1540,757,833,1
1541,1594,380,0
1542,1555,513,0
1543,1011,551,1
1544,1547,1346,1
1545,182,841,0
1546,207,902,0
1547,403,203,0
1548,1535,170,0
1549,550,968,0
1550,688,639,0
1551,467,684,1
1552,857,47,0
1553,1547,226,1
1554,467,370,1
1555,1017,886,0
1556,66,659,1
1557,1284,740,1
1558,66,251,1
1559,757,786,1
1560,1503,1530,0
1561,569,264,0
1562,189,879,1
1563,1505,526,1
1564,66,25,1
1565,684,1403,1
1566,189,1336,1
1567,940,472,1
1568,1505,901,1
1569,848,1192,0
1570,1011,1183,1
1571,1514,1381,1
1572,11,708,1
1573,722,1488,1
1574,6,327,0
1575,1011,834,1
1576,467,865,1
1577,11,770,1
1578,1284,878,1
1579,492,814,0
1580,613,25,0
1581,467,1253,1
1582,639,321,0
1583,722,1263,1
1584,189,1231,1
1585,389,1190,0
1586,1284,983,1
1587,647,1450,0
1588,1298,321,0
1589,214,1526,0
1590,812,501,1
1591,613,1587,0
1592,486,1442,1
1593,405,870,0
1594,1072,79,1
1595,434,794,0
1596,1265,1483,0
1597,1072,776,1
1598,722,864,1
1599,995,1093,0
1600,1547,949,1
1601,1514,249,0
1602,853,1040,0
1603,459,1307,0
1604,757,1230,1
1605,1505,971,1
1606,3,1103,0
1607,1564,977,0
1608,59,544,0
1609,722,1174,1
1610,1197,1515,1
1611,757,1591,1
1612,608,255,0
1613,486,1465,1
1614,1284,844,1
1615,199,1441,0
1616,757,750,1
1617,1284,920,1
1618,459,261,0
1619,427,390,0
1620,478,298,0
1621,1207,671,1
1622,519,1081,0
1623,118,267,1
1624,66,1276,1
1625,722,830,1
1626,1284,1447,1
1627,377,1596,0
1628,1547,1153,1
1629,1212,1333,0
1630,260,1147,0
1631,274,508,0
1632,251,1105,0
1633,66,1591,1
1634,757,610,1
1635,1183,1469,0
1636,1066,1014,0
1637,1284,240,1
1638,1207,1173,1
1639,616,321,0
1640,654,742,0
1641,1415,1123,1
1642,1222,650,0
1643,1284,1170,1
1644,467,1544,1
1645,1197,1194,1
1646,1547,765,0
1647,638,800,0
1648,1011,1265,1
1649,757,830,1
1650,757,713,1
1651,1286,1274,0
1652,1197,1468,1
1653,1547,1152,1
1654,506,1142,1
1655,66,903,1
1656,1207,89,1
1657,890,680,0
1658,1197,870,1
1659,722,317,1
1660,189,1295,1
1661,860,72,0
1662,453,969,0
1663,15,489,0
1664,1547,1076,1
1665,722,848,1
1666,757,253,1
1667,189,1447,1
1668,1072,1074,1
1669,863,1598,0
1670,189,112,1
1671,1485,275,0
1672,757,1325,1
1673,757,222,1
1674,1011,634,1
1675,1585,1059,1
1676,84,951,0
1677,262,955,0
1678,89,978,1
1679,189,994,1
1680,66,261,1
1681,757,1070,1
1682,1284,1186,1
1683,940,342,1
1684,1505,853,1
1685,455,1111,0
1686,370,1054,1
1687,862,70,0
1688,1284,609,1
1689,906,925,0
1690,890,1430,0
1691,1197,1209,0
1692,467,1395,1
1693,749,624,0
1694,616,192,0
1695,1555,793,0
1696,323,245,0
1697,1547,685,1
1698,684,754,1
1699,210,754,0
1700,46,1506,0
1701,467,334,1
1702,722,572,1
1703,160,1002,0
1704,1207,458,1
1705,189,529,1
1706,199,1473,0
1707,1260,422,0
1708,208,1146,0
1709,1011,1139,1
1710,1505,820,1
1711,684,248,0
1712,699,558,0
1713,1364,121,0
1714,118,1565,1
1715,1284,466,1
1716,1011,587,1
1717,66,1035,1
1718,1207,852,1
1719,1597,1537,0
1720,1008,1021,0
1721,1186,678,0
1722,72,82,0
1723,1352,1130,0
1724,940,650,1
1725,66,430,1
1726,911,1515,0
1727,892,1098,0
1728,684,901,1
1729,676,1156,0
1730,1547,207,1
1731,1284,1142,1
1732,1547,141,0
1733,1547,216,1
1734,1483,986,0
1735,1407,224,0
1736,1373,882,0
1737,840,829,0
1738,787,690,1
1739,948,804,0
1740,519,1248,0
1741,637,116,0
1742,644,756,0
1743,321,1467,0
1744,1514,286,1
1745,1207,584,1
1746,434,1093,0
1747,1240,1014,0
1748,649,653,0
1749,434,1207,0
1750,722,558,1
1751,866,52,0
1752,1505,617,1
1753,678,1354,0
1754,386,405,1
1755,118,158,1
1756,1207,1274,1
1757,1384,1385,0
1758,249,1485,0
1759,757,1494,1
1760,506,1367,1
1761,940,766,1
1762,76,153,0
1763,250,1127,0
1764,189,34,1
1765,757,522,1
1766,492,331,0
1767,1422,529,0
1768,1011,1341,1
1769,1197,1464,1
1770,940,880,1
1771,32,966,1
1772,940,318,1
1773,11,529,1
1774,260,1228,0
1775,229,910,0
1776,1450,268,0
1777,1284,830,1
1778,884,1608,0
1779,851,188,0
1780,896,1428,0
1781,787,1272,1
1782,83,1287,0
1783,995,1035,0
1784,66,1180,1
1785,781,54,0
1786,1297,200,0
1787,1149,483,0
1788,11,836,1
1789,467,599,1
1790,722,71,1
1791,940,667,1
1792,1072,459,0
1793,866,464,0
1794,1281,1002,0
1795,244,79,0
1796,89,1274,0
1797,89,34,1
1798,426,947,0
1799,1284,130,1
1800,1617,1385,0
1801,595,821,0
1802,1457,1554,0
1803,153,1554,0
1804,339,83,0
1805,261,617,0
1806,940,1238,1
1807,948,1092,0
1808,387,148,0
1809,506,1515,1
1810,386,1224,1
1811,684,820,1
1812,940,184,1
1813,89,1335,1
1814,1316,982,0
1815,757,820,1
1816,757,1437,1
1817,118,1152,1
1818,940,775,1
1819,370,1208,1
1820,1169,1571,0
1821,467,1133,1
1822,1547,78,1
1823,1290,1300,0
1824,1011,830,1
1825,467,728,1
1826,11,640,1
1827,1011,378,1
1828,1574,7,0
1829,722,733,1
1830,394,1022,0
1831,315,1194,0
1832,1197,631,1
1833,684,71,1
1834,940,281,1
1835,722,942,1
1836,297,1417,0
1837,1011,123,1
1838,940,684,1
1839,722,86,1
1840,1547,590,1
1841,838,670,0
1842,491,307,0
1843,722,836,1
1844,940,261,1
1845,169,684,0
1846,185,1210,0
1847,940,539,1
1848,504,716,0
1849,412,233,0
1850,199,417,0
1851,860,417,0
1852,1091,137,0
1853,1290,1331,0
1854,4,1352,0
1855,360,1325,0
1856,722,117,1
1857,551,611,0
1858,757,775,1
1859,1284,22,1
1860,872,860,0
1861,757,150,1
1862,1367,92,0
1863,218,1500,0
1864,1072,622,1
1865,1343,1034,0
1866,506,842,1
1867,848,711,0
1868,1284,166,1
1869,1284,743,1
1870,1547,1077,1
1871,684,1129,1
1872,757,1580,1
1873,1122,1342,1
1874,821,1394,0
1875,675,438,0
1876,678,332,0
1877,1547,1255,1
1878,1343,157,0
1879,999,1364,0
1880,1011,1413,1
1881,11,1244,1
1882,325,816,0
1883,1028,343,0
1884,781,391,0
1885,1597,610,0
1886,757,844,1
1887,940,1467,1
1888,86,1603,0
1889,204,622,0
1890,1547,1274,1
1891,467,970,1
1892,189,163,0
1893,118,765,0
1894,1195,960,0
1895,722,966,1
1896,339,650,0
1897,940,936,1
1898,504,175,0
1899,548,859,0
1900,190,1582,0
1901,940,1151,1
1902,757,1518,1
1903,1085,1100,0
1904,118,546,1
1905,1118,671,0
1906,722,146,1
1907,1284,1505,1
1908,1289,398,0
1909,486,269,0
1910,189,1397,1
1911,386,1208,1
1912,1284,1597,1
1913,1284,1443,1
1914,736,1545,0
1915,1289,1012,0
1916,940,1294,1
1917,940,1579,1
1918,1011,889,1
1919,1356,1415,0
1920,1081,1405,0
1921,722,1225,1
1922,1122,864,0
1923,189,1134,1
1924,324,656,0
1925,1322,1491,0
1926,1284,620,1
1927,940,588,1
1928,1207,1395,1
1929,654,1261,1
1930,721,11,0
1931,321,528,0
1932,506,733,1
1933,1284,704,1
1934,722,1254,1
1935,340,975,0
1936,983,73,0
1937,118,1124,1
1938,1415,1239,0
1939,1494,974,0
1940,66,174,1
1941,757,1243,1
1942,940,16,1
1943,1298,1371,0
1944,486,622,1
1945,1321,513,0
1946,812,941,1
1947,133,156,0
1948,467,150,1
1949,15,264,0
1950,212,929,0
1951,695,660,0
1952,1195,964,0
1953,1382,802,0
1954,757,375,1
1955,1198,162,0
1956,863,1293,0
1957,1497,778,0
1958,11,652,1
1959,1011,1484,1
1960,506,690,1
1961,11,1207,1
1962,336,545,0
1963,1235,966,0
1964,1207,71,1
1965,677,323,0
1966,722,178,1
1967,351,569,0
1968,940,71,1
1969,684,320,1
1970,473,1100,0
1971,881,669,0
1972,637,748,0
1973,377,369,0
1974,467,886,1
1975,940,722,1
1976,486,951,0
1977,467,500,1
1978,1042,45,0
1979,1200,713,1
1980,220,946,0
1981,757,435,1
1982,1077,310,0
1983,953,965,0
1984,6,1517,0
1985,66,1294,1
1986,66,744,1
1987,684,628,1
1988,297,1542,0
1989,1570,249,0
1990,941,1061,0
1991,684,153,1
1992,990,1418,0
1993,1547,1437,1
1994,1364,915,0
1995,759,293,0
1996,1000,977,0
1997,1020,1,0
1998,860,1377,0
1999,598,161,0
2000,1195,939,0
2001,506,1255,1
2002,592,203,0
2003,722,140,1
2004,467,309,1
2005,787,1005,1
2006,1598,150,0
2007,1343,1315,0
2008,1011,1447,1
2009,1207,627,1
2010,1011,801,1
2011,452,315,0
2012,66,1378,1
2013,1284,264,1
2014,940,862,1
2015,1472,1153,0
2016,766,597,0
2017,146,1378,0
2018,66,325,1
2019,757,829,1
2020,486,1005,1
2021,467,1530,1
2022,757,479,1
2023,722,803,1
2024,757,670,1
2025,709,699,0
2026,722,876,1
2027,688,535,0
2028,157,735,0
2029,77,965,0
2030,381,914,0
2031,940,857,1
2032,467,620,1
2033,1290,1327,0
2034,1198,1265,0
2035,940,544,1
2036,208,452,0
2037,1075,1414,0
2038,370,1072,1
2039,467,352,1
2040,671,44,0
2041,1547,883,1
2042,654,128,1
2043,213,800,0
2044,467,589,1
2045,940,1410,1
2046,757,197,1
2047,1157,956,0
2048,722,690,1
2049,66,407,1
2050,370,1023,1
2051,223,1185,0
2052,1239,531,0
2053,155,1284,0
2054,1011,770,1
2055,386,189,1
2056,11,1437,1
2057,189,1102,1
2058,1284,580,1
2059,506,819,1
2060,164,1007,0
2061,386,1237,0
2062,1146,793,0
2063,252,509,0
2064,460,1598,0
2065,551,595,0
2066,486,458,1
2067,77,676,0
2068,408,1575,0
2069,1370,1135,0
2070,770,511,0
2071,762,505,0
2072,940,999,1
2073,66,255,1
2074,598,1246,0
2075,811,70,0
2076,1285,306,0
2077,722,1221,1
2078,403,40,0
2079,1207,1022,1
2080,1547,571,1
2081,1547,494,1
2082,722,957,1
2083,302,156,0
2084,757,722,1
2085,1284,1076,1
2086,1238,1535,0
2087,731,963,0
2088,1585,420,1
2089,1547,809,1
2090,785,845,0
2091,722,1021,1
2092,1505,1496,1
2093,550,1211,0
2094,594,719,0
2095,1284,1181,1
2096,1344,548,0
2097,677,1571,0
2098,940,1060,1
2099,66,1050,1
2100,1207,1411,1
2101,940,299,1
2102,1097,1021,0
2103,1011,1351,1
2104,467,845,0
2105,22,304,0
2106,386,988,0
2107,722,283,1
2108,1618,217,0
2109,722,1472,1
2110,860,28,0
2111,1547,430,1
2112,1000,1532,0
2113,66,1619,1
2114,1321,212,0
2115,386,1009,1
2116,386,852,1
2117,787,864,1
2118,1547,261,1
2119,940,435,1
2120,1331,323,0
2121,1463,777,0
2122,1505,627,1
2123,1459,688,0
2124,722,464,1
2125,749,311,0
2126,467,292,1
2127,157,1117,0
2128,1472,1110,0
2129,1540,699,0
2130,833,1534,0
2131,569,1421,0
2132,757,698,1
2133,17,1189,0
2134,1221,531,0
2135,1322,678,0
2136,757,1009,1
2137,722,1462,1
2138,940,1465,1
2139,1501,1410,0
2140,386,16,1
2141,1388,706,0
2142,722,128,1
2143,22,1206,0
2144,506,12,1
2145,66,1320,1
2146,654,943,1
2147,24,758,0
2148,1284,378,1
2149,218,955,0
2150,940,1155,1
2151,684,978,1
2152,940,1357,1
2153,1198,1118,0
2154,118,1228,1
2155,1046,1393,0
2156,940,1567,1
2157,173,116,0
2158,473,404,0
2159,1585,674,1
2160,940,1117,1
2161,639,380,0
2162,459,548,0
2163,1296,1517,0
2164,11,1145,1
2165,822,894,0
2166,76,186,0
2167,1211,874,0
2168,189,172,1
2169,370,139,1
2170,757,1003,1
2171,1284,248,1
2172,169,442,0
2173,118,640,1
2174,834,207,0
2175,1241,1539,0
2176,1080,1462,0
2177,430,459,0
2178,517,638,0
2179,1343,1399,0
2180,220,501,0
2181,1249,830,0
2182,1284,1161,1
2183,1072,1496,1
2184,386,1282,1
2185,1207,1279,1
2186,506,1245,1
2187,360,302,0
2188,684,751,1
2189,506,886,1
2190,1059,955,0
2191,233,1493,0
2192,1172,1593,0
2193,7,917,0
2194,370,60,0
2195,759,949,0
2196,467,328,1
2197,486,605,0
2198,11,1385,1
2199,757,795,1
2200,673,835,0
2201,757,970,1
2202,266,1151,0
2203,1478,142,0
2204,442,1288,0
2205,757,506,1
2206,722,197,1
2207,1514,870,0
2208,467,1524,1
2209,867,1043,0
2210,1296,11,0
2211,722,441,1
2212,722,1354,1
2213,1534,386,0
2214,940,253,1
2215,292,266,0
2216,486,1496,1
2217,1547,1261,1
2218,1501,674,0
2219,1011,1146,1
2220,321,544,0
2221,1565,648,0
2222,786,1431,0
2223,1284,287,1
2224,118,1023,1
2225,386,625,1
2226,189,1208,1
2227,722,1293,1
2228,1207,411,1
2229,1213,1266,0
2230,684,1263,1
2231,552,584,0
2232,1378,333,0
2233,1179,402,0
2234,940,411,1
2235,506,821,0
2236,684,627,1
2237,1222,1107,0
2238,90,1394,0
2239,1505,1180,1
2240,1148,600,0
2241,1214,678,0
2242,384,390,0
2243,1011,1277,1
2244,422,915,0
2245,787,1145,1
2246,210,193,0
2247,1230,200,0
2248,569,1504,0
2249,1197,1023,1
2250,336,498,0
2251,896,1502,0
2252,311,239,0
2253,1389,534,0
2254,467,613,1
2255,1284,971,1
2256,1008,639,0
2257,940,58,1
2258,178,1042,0
2259,1601,1411,0
2260,888,275,0
2261,1011,958,1
2262,491,667,0
2263,452,1067,0
2264,66,257,1
2265,1179,746,0
2266,940,1005,1
2267,637,372,0
2268,467,666,1
2269,1065,971,0
2270,1553,1405,0
2271,654,740,1
2272,722,367,1
2273,1194,1367,0
2274,1340,991,0
2275,757,454,1
2276,1164,873,0
2277,1207,1136,1
2278,1505,1231,1
2279,1284,765,1
2280,66,189,1
2281,1190,634,0
2282,671,197,0
2283,11,631,1
2284,208,73,0
2285,422,735,0
2286,608,1427,1
2287,1534,108,0
2288,381,896,0
2289,189,1414,1
2290,1426,741,0
2291,1065,726,0
2292,1207,1152,1
2293,571,1041,0
2294,506,599,1
2295,759,429,0
2296,66,619,1
2297,66,416,1
2298,892,1305,0
2299,1377,1340,0
2300,1318,803,0
2301,1011,529,1
2302,486,125,1
2303,1284,1593,1
2304,1011,1327,1
2305,486,924,1
2306,118,590,1
2307,1272,775,0
2308,1547,315,1
2309,571,95,0
2310,29,1546,0
2311,1302,1190,0
2312,940,1488,1
2313,66,32,1
2314,467,1032,1
2315,1284,744,1
2316,883,863,0
2317,766,1445,0
2318,940,508,1
2319,1216,1239,0
2320,1180,955,0
2321,227,316,0
2322,1450,461,0
2323,394,1108,0
2324,672,195,0
2325,119,1438,0
2326,1006,1537,0
2327,118,184,0
2328,1127,397,0
2329,1547,579,1
2330,506,35,1
2331,567,10,0
2332,757,1061,1
2333,1547,82,1
2334,1284,1442,1
2335,118,1171,1
2336,1207,1183,1
2337,722,591,1
2338,66,631,1
2339,260,1430,0
2340,722,187,1
2341,264,1297,0
2342,757,828,1
2343,486,600,1
2344,1197,1261,1
2345,696,305,0
2346,674,708,0
2347,940,1138,1
2348,1284,1325,1
2349,1356,859,0
2350,189,876,1
2351,554,191,0
2352,324,152,0
2353,940,584,1
2354,517,833,0
2355,1535,1052,0
2356,164,1423,0
2357,893,801,0
2358,940,806,1
2359,1197,1610,1
2360,133,585,0
2361,339,714,0
2362,1002,1618,0
2363,506,548,1
2364,695,1615,0
2365,902,1424,0
2366,1284,255,1
2367,757,677,1
2368,1011,1073,1
2369,189,1207,1
2370,940,309,1
2371,89,299,1
2372,1505,279,1
2373,89,684,1
2374,684,1048,1
2375,189,1226,1
2376,486,27,1
2377,1011,1163,1
2378,189,88,1
2379,678,1318,0
2380,757,1045,1
2381,66,938,1
2382,757,726,1
2383,1072,768,1
2384,571,856,0
2385,1011,371,1
2386,1011,44,1
2387,89,353,1
2388,1315,981,0
2389,757,1145,1
2390,388,1290,0
2391,1417,1253,0
2392,885,709,0
2393,374,973,0
2394,940,1180,1
2395,608,1015,0
2396,158,384,0
2397,722,375,1
2398,210,1187,0
2399,60,702,0
2400,722,922,1
2401,467,984,1
2402,142,108,0
2403,1284,899,1
2404,624,192,0
2405,1149,1353,0
2406,1190,540,0
2407,881,1264,0
2408,226,1390,0
2409,386,1145,1
2410,1081,985,1
2411,297,1501,0
2412,1216,1006,0
2413,1505,812,1
2414,1284,1133,1
2415,1284,544,1
2416,4,975,0
2417,1284,1359,1
2418,66,1343,1
2419,214,1053,0
2420,66,829,1
2421,246,1224,0
2422,1505,1270,1
2423,699,757,0
2424,731,401,0
2425,608,1275,1
2426,1284,816,1
2427,189,734,1
2428,940,1493,1
2429,1547,1104,1
2430,467,1485,1
2431,32,346,0
2432,467,1038,1
2433,889,17,0
2434,759,995,0
2435,1011,286,1
2436,722,906,1
2437,1075,193,0
2438,43,539,0
2439,940,1125,1
2440,204,525,0
2441,251,604,0
2442,722,950,1
2443,856,861,0
2444,940,409,1
2445,1197,995,1
2446,1284,1145,1
2447,374,804,0
2448,1284,698,1
2449,1547,132,1
2450,11,1488,1
2451,757,1151,1
2452,595,58,0
2453,1197,467,1
2454,757,35,1
2455,1505,1226,1
2456,118,1127,1
2457,467,1568,1
2458,66,1252,1
2459,990,1483,0
2460,189,1230,1
2461,722,806,1
2462,1011,539,1
2463,748,1124,0
2464,826,1073,0
2465,7,741,0
2466,66,756,1
2467,753,1061,0
2468,722,903,1
2469,1052,1534,0
2470,1197,1213,1
2471,374,787,0
2472,1284,83,1
2473,345,1049,0
2474,788,1494,0
2475,1270,485,0
2476,1085,60,0
2477,1011,620,1
2478,506,1549,1
2479,323,1562,0
2480,1107,770,0
2481,722,419,1
2482,386,1544,1
2483,226,962,0
2484,1011,706,1
2485,1594,700,0
2486,450,1063,0
2487,11,343,0
2488,1011,405,1
2489,1373,550,0
2490,888,1595,0
2491,654,529,1
2492,1207,1586,1
2493,949,1530,0
2494,1284,640,1
2495,1178,390,0
2496,66,399,1
2497,940,278,1
2498,722,17,1
2499,144,1197,0
2500,983,1587,0
2501,1284,723,1
2502,1547,22,1
2503,386,792,1
2504,1122,89,1
2505,32,1272,1
2506,977,187,0
2507,189,1163,1
2508,1284,58,1
2509,1118,160,0
2510,1284,1028,1
2511,1207,38,1
2512,1284,1209,1
2513,1547,33,1
2514,1184,162,0
2515,890,92,0
2516,460,349,0
2517,155,1033,0
2518,722,530,1
2519,940,1160,1
2520,684,1151,1
2521,491,224,0
2522,11,1576,1
2523,884,28,0
2524,467,670,1
2525,1383,303,0
2526,545,338,0
2527,314,243,0
2528,757,746,1
2529,118,886,1
2530,211,186,0
2531,1227,1356,0
2532,940,212,1
2533,1052,710,0
2534,722,1183,1
2535,178,1495,0
2536,50,1172,0
2537,757,575,1
2538,722,478,1
2539,1011,584,1
2540,663,1478,0
2541,1172,261,0
2542,467,979,1
2543,94,1203,0
2544,885,919,0
2545,1055,1050,0
2546,467,1115,1
2547,1359,612,0
2548,1011,906,1
2549,729,152,0
2550,1197,849,1
2551,281,1371,0
2552,722,422,1
2553,757,66,1
2554,493,1494,0
2555,511,1574,0
2556,221,1298,0
2557,66,467,1
2558,189,472,1
2559,189,1354,1
2560,1184,722,0
2561,757,1455,1
2562,1514,132,1
2563,1072,770,1
2564,1457,1595,0
2565,506,1122,1
2566,1,107,0
2567,386,261,1
2568,1547,420,1
2569,1318,1061,0
2570,66,1530,1
2571,940,896,1
2572,1011,1247,1
2573,1325,450,0
2574,1284,802,1
2575,1197,1206,1
2576,757,286,1
2577,414,383,0
2578,856,451,0
2579,940,427,1
2580,384,185,0
2581,684,1255,1
2582,1072,1284,1
2583,684,1153,1
2584,1197,1282,1
2585,153,1253,0
2586,1157,248,0
2587,601,787,0
2588,1547,522,1
2589,486,539,1
2590,1555,889,0
2591,1135,817,0
2592,274,994,0
2593,722,144,1
2594,1547,1488,1
2595,863,1133,0
2596,1207,971,1
2597,1194,1073,0
2598,1496,509,0
2599,608,1239,1
2600,757,405,1
2601,1011,89,1
2602,440,1580,0
2603,66,1460,1
2604,892,324,0
2605,1284,1485,1
2606,787,1152,0
2607,1602,133,0
2608,912,581,0
2609,940,1207,1
2610,1072,1035,1
2611,722,723,1
2612,1222,416,0
2613,1284,671,1
2614,722,1275,1
2615,940,802,1
2616,29,1078,0
2617,1197,279,1
2618,757,1265,1
2619,674,835,0
2620,1284,286,1
2621,1011,1295,1
2622,1547,1496,1
2623,757,600,1
2624,838,1487,0
2625,722,12,1
2626,1502,1331,0
2627,654,433,1
2628,208,1143,0
2629,1359,711,0
2630,722,279,1
2631,66,919,1
2632,722,121,1
2633,592,1214,0
2634,885,743,0
2635,1617,1238,0
2636,812,267,1
2637,426,473,0
2638,757,41,1
2639,555,584,0
2640,533,859,0
2641,1118,792,0
2642,1284,467,1
2643,185,145,0
2644,757,922,1
2645,1184,1531,0
2646,774,1220,0
2647,1072,699,0
2648,213,1592,0
2649,1020,962,0
2650,1284,1490,1
2651,684,253,1
2652,342,1574,0
2653,358,1449,0
2654,757,1191,1
2655,66,89,1
2656,1190,983,0
2657,1034,1422,0
2658,1553,1479,0
2659,1602,931,0
2660,1011,535,1
2661,1535,537,0
2662,1574,670,0
2663,787,41,1
2664,858,841,0
2665,1329,86,0
2666,1415,590,0
2667,888,1041,0
2668,722,997,1
2669,66,1213,1
2670,1415,412,1
2671,1011,1231,1
2672,1316,1188,0
2673,66,771,1
2674,146,706,0
2675,367,1451,0
2676,1075,1247,0
2677,1284,808,1
2678,345,312,0
2679,1011,622,1
2680,750,1033,0
2681,220,58,0
2682,1207,435,1
2683,1415,150,1
2684,1284,267,1
2685,1502,223,0
2686,486,1576,1
2687,1284,843,1
2688,1284,1431,1
2689,962,1605,0
2690,394,751,0
2691,118,1265,1
2692,684,1326,1
2693,757,1534,1
2694,1383,541,0
2695,486,32,0
2696,1284,350,1
2697,1289,1488,0
2698,66,819,1
2699,452,1394,0
2700,467,751,1
2701,757,1152,1
2702,185,973,0
2703,940,303,1
2704,1200,968,1
2705,722,77,1
2706,1072,547,1
2707,722,920,1
2708,1520,1392,0
2709,1136,1402,0
2710,1340,1544,0
2711,1179,1050,0
2712,1547,435,1
2713,66,219,1
2714,1472,244,0
2715,381,343,0
2716,486,1413,1
2717,822,593,0
2718,864,159,0
2719,386,1055,1
2720,1547,1091,1
2721,788,1334,0
2722,1389,50,0
2723,1514,441,1
2724,1547,1578,1
2725,940,791,1
2726,321,971,0
2727,478,765,0
2728,1207,999,0
2729,1011,458,1
2730,757,867,0
2731,455,418,0
2732,1011,1442,1
2733,1547,1295,1
2734,940,470,1
2735,867,179,0
2736,757,27,1
2737,722,720,1
2738,893,398,0
2739,1260,1043,0
2740,1006,337,0
2741,118,1170,1
2742,940,166,1
2743,1480,100,0
2744,1020,532,0
2745,785,1501,0
2746,660,959,0
2747,860,283,0
2748,467,928,1
2749,1284,1588,1
2750,1011,549,1
2751,757,256,1
2752,1164,364,0
2753,29,1528,0
2754,29,1519,0
2755,1011,880,1
2756,649,471,0
2757,1356,1383,0
2758,757,303,1
2759,1160,1047,0
2760,341,1238,0
2761,506,95,1
2762,233,1091,0
2763,1217,173,0
2764,467,497,1
2765,1011,1145,1
2766,225,1291,0
2767,722,831,1
2768,467,1442,1
2769,1505,1447,1
2770,757,276,1
2771,669,453,1
2772,1344,1442,0
2773,1012,1454,0
2774,722,1134,1
2775,1191,1217,0
2776,691,1057,0
2777,1547,1442,1
2778,1136,1254,0
2779,833,542,0
2780,801,221,0
2781,684,1098,1
2782,1011,806,1
2783,608,1480,1
2784,813,1171,0
2785,225,1399,0
2786,1284,1295,1
2787,1011,919,1
2788,1072,1195,1
2789,940,503,1
2790,89,727,1
2791,66,484,1
2792,50,446,0
2793,684,1355,1
2794,1547,1066,1
2795,757,962,1
2796,1547,602,1
2797,1568,108,0
2798,467,899,1
2799,66,959,1
2800,1547,865,1
2801,1217,1248,0
2802,381,1057,0
2803,118,1282,1
2804,1514,437,1
2805,467,225,1
2806,1011,754,1
2807,1547,770,1
2808,252,1260,0
2809,722,508,1
2810,787,818,1
2811,1568,703,0
2812,1247,1464,0
2813,11,1326,1
2814,1302,541,0
2815,757,860,1
2816,924,747,0
2817,1284,1254,1
2818,1011,1354,1
2819,951,745,0
2820,226,465,0
2821,1097,312,0
2822,684,1045,1
2823,757,1203,1
2824,757,707,1
2825,722,66,1
2826,684,900,1
2827,1205,1331,0
2828,1243,1256,0
2829,940,171,1
2830,722,1427,1
2831,459,820,0
2832,1585,704,1
2833,864,1215,0
2834,787,833,1
2835,984,1417,0
2836,757,201,1
2837,684,1276,1
2838,757,765,1
2839,594,638,0
2840,342,869,0
2841,1488,879,0
2842,1011,1152,1
2843,32,901,1
2844,189,868,1
2845,1011,1083,1
2846,357,1601,0
2847,757,112,1
2848,1349,627,0
2849,1011,480,1
2850,66,722,1
2851,443,354,0
2852,1480,683,0
2853,1284,1099,1
2854,637,835,0
2855,1284,1381,1
2856,1207,137,1
2857,722,547,1
2858,1395,819,0
2859,722,1489,1
2860,1272,167,0
2861,262,711,0
2862,722,640,1
2863,722,863,1
2864,440,96,0
2865,722,1235,1
2866,1127,64,0
2867,1547,336,0
2868,1284,1549,1
2869,66,723,1
2870,210,915,0
2871,1207,549,1
2872,86,994,0
2873,1024,612,0
2874,525,248,0
2875,1072,256,1
2876,940,1548,1
2877,1565,1280,0
2878,1547,939,1
2879,198,1573,0
2880,220,609,0
2881,684,994,1
2882,1514,912,0
2883,1072,323,1
2884,409,135,0
2885,676,1578,0
2886,1316,90,0
2887,478,1069,0
2888,1344,1601,0
2889,940,707,1
2890,173,1380,0
2891,1489,1331,0
2892,1568,419,0
2893,1000,1167,0
2894,1284,611,1
2895,1172,97,0
2896,370,366,1
2897,757,1021,1
2898,964,620,0
2899,722,970,1
2900,757,806,1
2901,684,942,1
2902,1111,1376,0
2903,833,524,0
2904,722,1485,1
2905,1368,222,0
2906,1291,250,0
2907,1207,1106,0
2908,386,256,1
2909,370,969,1
2910,866,243,0
2911,1118,535,0
2912,467,608,1
2913,684,669,1
2914,356,316,0
2915,90,553,0
2916,467,114,1
2917,15,1469,0
2918,6,696,0
2919,608,1482,1
2920,66,213,1
2921,265,910,0
2922,1555,1027,0
2923,386,1197,1
2924,722,22,1
2925,207,1580,0
2926,722,982,1
2927,883,440,0
2928,445,1126,0
2929,1011,1579,1
2930,32,653,0
2931,1547,1515,1
2932,757,320,1
2933,46,1231,0
2934,189,916,1
2935,958,668,0
2936,757,1593,1
2937,386,940,1
2938,1284,1098,1
2939,1598,941,0
2940,1505,1010,1
2941,660,1518,0
2942,1483,26,0
2943,19,1097,0
2944,486,1194,1
2945,281,68,0
2946,1290,1585,0
2947,757,472,1
2948,142,42,0
2949,643,880,0
2950,1284,792,1
2951,90,1118,0
2952,408,836,0
2953,1217,446,0
2954,828,85,0
2955,757,132,1
2956,94,1152,0
2957,1072,329,1
2958,722,1234,1
2959,1547,578,1
2960,704,614,0
2961,66,614,1
2962,722,1584,1
2963,1547,1303,1
2964,386,34,1
2965,169,570,0
2966,684,666,1
2967,940,444,1
2968,370,971,0
2969,757,1184,1
2970,1207,1064,1
2971,1096,1488,0
2972,387,1488,0
2973,360,982,0
2974,1547,486,1
2975,1284,994,1
2976,1272,1024,0
2977,669,1330,1
2978,467,517,1
2979,66,435,1
2980,378,1495,0
2981,1286,297,0
2982,722,643,1
2983,722,1372,1
2984,1073,1618,0
2985,72,1424,0
2986,738,368,0
2987,940,1015,1
2988,467,903,1
2989,550,443,0
2990,736,1162,0
2991,525,145,0
2992,389,208,0
2993,430,109,0
2994,1050,1184,0
2995,386,517,1
2996,1080,794,0
2997,492,533,0
2998,1505,589,1
2999,157,1407,0
3000,1388,445,0
3001,227,684,0
3002,695,529,0
3003,592,695,0
3004,1207,900,1
3005,554,1075,0
3006,504,255,0
3007,1191,842,0
3008,1207,939,1
3009,158,1435,0
3010,16,772,0
3011,452,1477,0
3012,208,650,0
3013,1197,1170,1
3014,506,989,1
3015,1379,625,0
3016,1085,717,0
3017,1505,1435,1
3018,1290,1025,0
3019,729,1247,0
3020,467,239,1
3021,1122,162,1
3022,853,900,0
3023,189,1488,1
3024,45,954,0
3025,1284,1043,1
3026,1485,218,0
3027,757,1286,1
3028,940,1490,1
3029,356,899,0
3030,1505,1601,1
3031,455,36,0
3032,722,883,1
3033,1505,1170,1
3034,1072,1617,1
3035,1585,1351,1
3036,722,1536,1
3037,940,210,1
3038,510,502,0
3039,467,936,1
3040,983,82,0
3041,409,1498,0
3042,386,367,1
3043,1284,1336,1
3044,220,396,0
3045,189,260,1
3046,1601,1516,0
3047,1269,391,0
3048,805,7,0
3049,940,1574,1
3050,862,1233,0
3051,1009,1315,0
3052,220,1508,0
3053,1505,546,1
3054,442,35,0
3055,940,665,1
3056,1430,164,0
3057,506,310,0
3058,748,564,0
3059,1472,636,0
3060,393,207,0
3061,1011,571,1
3062,1284,1172,1
3063,1284,786,1
3064,426,282,0
3065,1457,58,0
3066,370,19,1
3067,610,312,0
3068,1540,805,0
3069,1207,957,1
3070,684,349,1
3071,722,583,1
3072,1239,1494,0
3073,682,1290,0
3074,189,1344,1
3075,940,390,1
3076,1284,900,1
3077,722,303,1
3078,189,377,1
3079,66,411,1
3080,608,1349,1
3081,1197,1379,1
3082,757,1327,1
3083,1505,551,1
3084,208,191,0
3085,1585,968,1
3086,1284,1139,1
3087,246,461,0
3088,1052,1296,0
3089,1072,812,1
3090,1207,1023,1
3091,370,1170,1
3092,386,898,1
3093,265,490,0
3094,1122,1103,1
3095,386,1074,1
3096,1381,347,0
3097,409,289,0
3098,608,426,0
3099,1198,1303,0
3100,1011,899,1
3101,722,1366,1
3102,757,1410,1
3103,1072,1015,1
3104,66,1447,1
3105,722,448,1
3106,1011,1396,1
3107,1284,713,1
3108,66,890,1
3109,773,1142,0
3110,156,761,0
3111,1547,447,0
3112,511,165,0
3113,1284,113,1
3114,377,1578,0
3115,757,1384,1
3116,386,970,1
3117,1547,935,1
3118,669,368,1
3119,1197,1064,1
3120,967,97,0
3121,90,726,0
3122,1321,225,0
3123,1197,1133,1
3124,119,144,0
3125,736,993,0
3126,467,1170,1
3127,1553,1059,0
3128,386,33,1
3129,684,1128,1
3130,45,823,0
3131,822,921,0
3132,452,1038,0
3133,1505,722,1
3134,1493,1556,0
3135,1553,1422,0
3136,722,230,1
3137,940,1491,1
3138,757,674,1
3139,722,1125,1
3140,842,1446,0
3141,1553,239,0
3142,506,1351,1
3143,608,189,1
3144,506,779,1
3145,940,1164,1
3146,1547,916,1
3147,189,81,1
3148,1547,733,1
3149,1547,1380,1
3150,339,1406,0
3151,812,222,1
3152,684,1187,1
3153,1284,1611,1
3154,757,193,1
3155,1207,978,1
3156,940,518,1
3157,1013,471,0
3158,370,272,1
3159,1273,126,0
3160,608,88,1
3161,812,675,0
3162,292,1511,0
3163,1398,1032,0
3164,486,674,1
3165,1576,1298,0
3166,1222,1216,0
3167,244,466,0
3168,467,539,1
3169,32,454,1
3170,922,1262,0
3171,940,934,1
3172,84,1351,0
3173,757,292,1
3174,848,739,0
3175,434,1382,0
3176,493,115,0
3177,940,1494,1
3178,757,631,1
3179,1273,402,0
3180,467,1606,1
3181,506,1523,1
3182,757,529,1
3183,394,1384,0
3184,506,722,1
3185,467,1256,1
3186,528,857,0
3187,1284,89,1
3188,506,1399,1
3189,555,509,0
3190,863,1231,0
3191,783,768,0
3192,1493,988,0
3193,1011,1516,1
3194,661,243,0
3195,722,137,1
3196,1568,217,0
3197,414,1333,0
3198,478,1367,0
3199,811,1128,0
3200,644,1214,0
3201,1547,546,1
3202,896,11,0
3203,860,1356,0
3204,519,462,0
3205,1494,259,0
3206,1547,1035,1
3207,189,1173,1
3208,826,829,0
3209,722,775,1
3210,940,473,1
3211,29,1619,0
3212,66,1427,1
3213,654,279,1
3214,722,1150,0
3215,1503,1245,0
3216,81,116,0
3217,467,1314,1
3218,118,1412,1
3219,1011,1601,1
3220,467,919,1
3221,966,721,0
3222,864,1354,0
3223,764,480,0
3224,940,674,1
3225,60,242,0
3226,66,1086,1
3227,757,373,1
3228,251,637,0
3229,722,75,1
3230,669,707,1
3231,1042,896,0
3232,66,912,1
3233,940,587,1
3234,823,1093,0
3235,722,1151,1
3236,386,684,1
3237,977,802,0
3238,1383,912,0
3239,1553,988,0
3240,757,1172,1
3241,486,889,1
3242,940,1104,1
3243,1072,78,1
3244,506,34,1
3245,981,1505,0
3246,467,1498,0
3247,684,476,1
3248,1329,940,0
3249,1359,959,0
3250,1364,1115,0
3251,812,704,1
3252,128,733,0
3253,1290,1543,0
3254,386,467,1
3255,940,1563,1
3256,1046,902,0
3257,624,115,0
3258,169,1339,0
3259,552,348,0
3260,1364,1508,0
3261,1065,1518,0
3262,1011,182,1
3263,865,495,0
3264,533,628,0
3265,6,8,0
3266,757,181,1
3267,1011,1219,1
3268,367,101,0
3269,467,299,1
3270,467,59,1
3271,812,174,1
3272,707,243,0
3273,386,546,1
3274,1072,257,1
3275,999,1343,0
3276,757,1260,1
3277,1553,192,0
3278,915,612,0
3279,1197,1122,1
3280,1181,825,0
3281,370,1497,0
3282,674,355,0
3283,346,1437,0
3284,757,509,1
3285,1284,1413,1
3286,1441,811,0
3287,757,224,1
3288,157,927,0
3289,467,1351,1
3290,370,905,1
3291,1415,125,0
3292,467,491,1
3293,1298,596,0
3294,940,334,1
3295,486,864,1
3296,757,966,1
3297,722,467,1
3298,654,849,1
3299,834,651,0
3300,403,64,0
3301,1138,1417,0
3302,722,698,1
3303,374,488,0
3304,812,1397,1
3305,1284,1530,1
3306,722,225,1
3307,387,1068,0
3308,313,1274,0
3309,722,1591,1
3310,1368,1258,0
3311,770,207,0
3312,313,1430,0
3313,467,1203,1
3314,467,522,0
3315,940,1163,1
3316,246,601,0
3317,1197,1141,1
3318,11,685,1
3319,1547,1553,1
3320,1011,1207,1
3321,567,405,0
3322,1459,1217,0
3323,32,1523,1
3324,1502,246,0
3325,1284,396,1
3326,940,1228,1
3327,66,447,1
3328,1149,205,0
3329,787,640,1
3330,118,1276,1
3331,851,1407,0
3332,684,616,1
3333,160,1150,0
3334,342,957,0
3335,386,1367,1
3336,722,1129,1
3337,1284,11,1
3338,506,1271,1
3339,799,1133,0
3340,120,1120,0
3341,1441,1595,0
3342,897,1509,0
3343,781,96,0
3344,1585,22,1
3345,940,117,1
3346,672,916,0
3347,189,897,1
3348,1314,478,0
3349,1011,1035,1
3350,757,1209,1
3351,722,833,1
3352,1543,170,0
3353,1249,1077,0
3354,1011,372,1
3355,11,311,1
3356,1284,151,1
3357,1162,1238,0
3358,940,286,1
3359,1547,225,1
3360,684,1130,1
3361,1321,1231,0
3362,936,1269,0
3363,1547,144,1
3364,624,425,0
3365,1284,906,1
3366,676,228,0
3367,1493,198,0
3368,1488,852,0
3369,940,264,1
3370,370,494,1
3371,764,265,0
3372,990,1098,0
3373,398,899,0
3374,940,359,1
3375,330,1303,0
3376,695,272,0
3377,11,1501,1
3378,663,1371,0
3379,595,1338,0
3380,370,1152,1
3381,1074,664,0
3382,722,1228,1
3383,757,643,1
3384,1011,1212,1
3385,781,962,0
3386,146,1129,0
3387,386,879,1
3388,1216,1609,0
3389,519,401,0
3390,422,312,0
3391,757,551,1
3392,594,213,0
3393,1602,1182,0
3394,1602,296,0
3395,1227,365,0
3396,1011,1353,1
3397,757,879,1
3398,1547,311,1
3399,1122,151,1
3400,1088,167,0
3401,1618,1486,0
3402,414,1295,0
3403,1425,53,0
3404,1547,170,1
3405,314,1076,0
3406,517,1275,0
3407,4,200,0
3408,467,1373,1
3409,1617,1076,0
3410,486,1083,1
3411,1238,690,0
3412,757,437,1
3413,492,596,0
3414,962,688,0
3415,555,1541,0
3416,995,375,0
3417,24,367,0
3418,118,16,1
3419,1284,472,1
3420,722,206,1
3421,801,680,0
3422,564,158,0
3423,940,182,1
3424,1284,1289,1
3425,888,81,0
3426,1172,449,0
3427,940,251,1
3428,671,709,0
3429,966,574,0
3430,467,671,1
3431,246,686,0
3432,868,249,0
3433,386,1072,1
3434,1219,1221,0
3435,1149,488,0
3436,684,928,1
3437,1138,490,0
3438,940,868,1
3439,386,1104,1
3440,1197,1152,1
3441,1157,89,0
3442,1547,396,1
3443,665,19,0
3444,848,267,0
3445,1284,1276,1
3446,1501,535,0
3447,3,1259,0
3448,496,1339,0
3449,940,1600,1
3450,699,1204,0
3451,757,836,1
3452,757,257,1
3453,506,406,1
3454,486,1516,1
3455,1120,726,0
3456,990,693,0
3457,35,811,0
3458,1555,386,0
3459,848,1462,0
3460,1520,39,0
3461,722,925,1
3462,757,1548,1
3463,940,300,1
3464,940,726,1
3465,962,268,0
3466,11,690,1
3467,1460,1581,0
3468,467,1403,1
3469,1091,846,0
3470,467,142,1
3471,66,378,1
3472,684,589,1
3473,1011,995,1
3474,684,910,1
3475,467,213,1
3476,940,87,1
3477,1514,411,1
3478,1388,193,0
3479,585,1557,0
3480,66,735,1
3481,665,1498,0
3482,1378,598,0
3483,764,1268,0
3484,173,1029,0
3485,1370,455,0
3486,1296,35,0
3487,1298,938,0
3488,1072,709,1
3489,1585,347,0
3490,311,569,0
3491,787,401,1
3492,1547,353,1
3493,1378,584,0
3494,224,232,0
3495,1164,1590,0
3496,119,535,0
3497,1460,638,0
3498,757,723,1
3499,814,161,0
3500,925,1055,0
3501,1096,243,0
3502,189,1544,1
3503,592,236,0
3504,1011,1319,1
3505,1011,1245,1
3506,66,950,1
3507,722,27,1
3508,1227,1155,0
3509,58,519,0
3510,66,1288,1
3511,442,1560,0
3512,453,425,0
3513,386,117,1
3514,757,288,1
3515,811,1469,0
3516,722,1088,1
3517,1238,1348,0
3518,1364,572,0
3519,283,1321,0
3520,387,469,0
3521,1422,91,0
3522,281,1377,0
3523,940,966,1
3524,722,1027,1
3525,1547,1245,1
3526,722,1273,1
3527,1493,796,0
3528,486,509,1
3529,1505,408,1
3530,154,1599,0
3531,83,857,0
3532,265,1569,0
3533,940,1153,1
3534,1488,848,0
3535,564,1416,0
3536,1284,158,1
3537,24,1250,0
3538,1072,558,1
3539,757,130,1
3540,260,1007,0
3541,251,341,0
3542,1066,65,0
3543,1183,722,0
3544,804,1376,0
3545,940,1534,1
3546,261,277,0
3547,1207,378,1
3548,478,1420,0
3549,120,760,0
3550,1072,1102,1
3551,722,1552,1
3552,678,64,0
3553,567,844,0
3554,1219,3,0
3555,1190,1416,0
3556,1598,102,0
3557,761,571,0
3558,274,1080,0
3559,812,962,1
3560,709,845,0
3561,1072,804,1
3562,890,428,0
3563,1547,1447,1
3564,88,728,0
3565,1580,154,0
3566,750,356,0
3567,1494,1093,0
3568,325,152,0
3569,511,515,0
3570,1207,425,1
3571,552,897,0
3572,1216,1050,0
3573,883,1609,0
3574,386,1532,0
3575,491,950,1
3576,757,928,1
3577,722,562,1
3578,118,328,1
3579,1284,484,1
3580,1547,906,1
3581,571,276,0
3582,1351,107,0
3583,1194,842,0
3584,133,908,0
3585,1247,1619,0
3586,189,1501,1
3587,554,1224,0
3588,761,734,0
3589,814,248,0
3590,1013,710,0
3591,940,1170,1
3592,757,1447,1
3593,1085,553,0
3594,19,212,0
3595,722,935,1
3596,1072,279,1
3597,1381,1501,0
3598,1547,1251,1
3599,669,1548,1
3600,833,895,0
3601,940,555,1
3602,1547,1384,1
3603,1535,1496,0
3604,650,306,0
3605,164,591,0
3606,189,427,1
3607,722,1135,1
3608,516,270,0
3609,940,553,1
3610,1072,539,1
3611,1558,889,0
3612,1270,67,0
3613,118,66,1
3614,1502,1544,0
3615,118,1502,0
3616,1415,1249,1
3617,757,616,1
3618,1011,614,1
3619,337,336,0
3620,1011,1303,1
3621,1284,1576,1
3622,486,629,1
3623,190,931,0
3624,757,1597,1
3625,161,420,0
3626,118,447,1
3627,1325,771,0
3628,722,994,1
3629,834,463,0
3630,684,1133,1
3631,940,164,1
3632,722,276,1
3633,676,603,0
3634,1563,271,0
3635,1547,372,1
3636,1200,708,1
3637,467,1278,1
3638,467,462,1
3639,1364,111,0
3640,1080,818,0
3641,1081,1123,1
3642,517,641,0
3643,150,164,0
3644,1553,830,0
3645,467,1366,1
3646,1272,764,0
3647,1618,1259,0
3648,787,1046,1
3649,386,1263,1
3650,146,439,0
3651,1011,1611,1
3652,940,260,1
3653,486,578,1
3654,864,828,0
3655,1547,1405,1
3656,1547,940,1
3657,1505,798,1
3658,1217,1097,0
3659,1011,904,1
3660,940,640,1
3661,506,1,1
3662,1197,516,1
3663,189,955,1
3664,274,1265,0
3665,684,1597,1
3666,412,1275,0
3667,1304,1201,0
3668,889,698,0
3669,722,1139,1
3670,506,950,1
3671,83,758,0
3672,196,1092,0
3673,158,138,0
3674,189,612,1
3675,384,509,0
3676,809,722,0
3677,1207,959,0
3678,757,1541,1
3679,3,292,0
3680,1122,1228,1
3681,398,781,0
3682,722,1515,1
3683,759,823,0
3684,32,1618,1
3685,1011,1095,1
3686,66,766,1
3687,366,155,0
3688,663,1015,0
3689,450,1098,0
3690,654,479,1
3691,325,1371,0
3692,1081,863,0
3693,283,726,0
3694,751,739,0
3695,1547,747,1
3696,608,1011,1
3697,1505,834,1
3698,722,1024,0
3699,434,1299,0
3700,1197,906,1
3701,302,1058,0
3702,292,359,0
3703,977,1044,0
3704,118,373,1
3705,1585,1597,1
3706,862,1228,0
3707,427,661,0
3708,491,1263,1
3709,864,417,0
3710,357,1208,0
3711,722,474,1
3712,11,1493,1
3713,266,300,0
3714,100,1572,0
3715,757,705,1
3716,1136,1604,0
3717,1200,898,1
3718,185,1056,0
3719,757,420,1
3720,1011,1046,1
3721,144,1254,0
3722,884,200,0
3723,1547,636,1
3724,1349,1366,0
3725,315,1289,0
3726,867,37,0
3727,66,459,1
3728,467,745,1
3729,342,498,0
3730,506,1228,1
3731,722,32,1
3732,722,488,1
3733,838,1102,0
3734,688,190,0
3735,1183,464,0
3736,417,1377,0
3737,398,730,0
3738,172,111,0
3739,1547,641,1
3740,1284,497,1
3741,227,1166,0
3742,600,1225,0
3743,1065,903,0
3744,1284,683,1
3745,940,770,1
3746,940,91,1
3747,66,596,1
3748,11,1314,1
3749,1565,158,0
3750,940,1485,1
3751,1284,285,1
3752,189,1122,1
3753,1169,1517,0
3754,1547,767,1
3755,210,359,0
3756,757,374,1
3757,1072,1049,1
3758,211,1320,0
3759,638,662,0
3760,1367,68,0
3761,66,928,1
3762,405,1507,0
3763,467,1147,1
3764,722,1133,1
3765,787,675,0
3766,398,1051,0
3767,1289,1538,0
3768,459,297,0
3769,812,1381,1
3770,262,757,0
3771,323,54,0
3772,66,114,1
3773,260,1536,0
3774,66,119,1
3775,189,1411,1
3776,1547,897,1
3777,1485,1080,0
3778,69,146,0
3779,654,1254,1
3780,940,158,1
3781,682,381,0
3782,302,1113,0
3783,506,1365,0
3784,757,627,1
3785,722,416,1
3786,940,654,1
3787,1547,574,1
3788,1011,1530,1
3789,467,630,1
3790,233,373,0
3791,1284,363,1
3792,722,952,1
3793,1072,1231,1
3794,66,622,1
3795,189,16,1
3796,722,1074,1
3797,155,1350,0
3798,1547,1025,1
3799,1011,965,1
3800,1011,1536,1
3801,339,1586,0
3802,1470,475,0
3803,1547,165,1
3804,884,12,0
3805,89,1222,1
3806,1420,1027,0
3807,11,1506,0
3808,189,1366,1
3809,1422,820,0
3810,1197,684,1
3811,1284,642,1
3812,1547,485,1
3813,1162,168,0
3814,189,809,1
3815,722,724,1
3816,888,486,0
3817,1220,399,0
3818,722,1016,1
3819,1072,253,1
3820,1316,173,0
3821,684,251,1
3822,118,442,1
3823,196,116,0
3824,381,356,0
3825,1505,751,1
3826,66,1469,1
3827,624,1616,0
3828,940,698,1
3829,1488,689,0
3830,864,1104,0
3831,1547,1260,1
3832,1356,675,0
3833,838,1167,0
3834,1503,1154,0
3835,1566,417,0
3836,1494,1431,0
3837,173,1595,0
3838,486,181,1
3839,1232,224,0
3840,318,634,0
3841,1284,27,1
3842,506,1134,1
3843,812,548,1
3844,251,1213,0
3845,1284,694,1
3846,46,464,0
3847,906,271,0
3848,224,1142,0
3849,722,320,1
3850,218,1403,0
3851,1340,1526,0
3852,1547,1374,0
3853,940,995,1
3854,676,672,0
3855,224,35,0
3856,1284,514,1
3857,486,966,1
3858,386,1403,1
3859,314,891,0
3860,467,0,1
3861,409,471,0
3862,440,79,0
3863,1505,947,1
3864,318,1059,0
3865,229,1552,0
3866,1011,332,1
3867,506,509,1
3868,7,605,0
3869,722,1405,1
3870,1050,1598,0
3871,676,335,0
3872,676,868,0
3873,66,883,1
3874,940,328,1
3875,467,71,1
3876,700,200,0
3877,757,539,1
3878,647,899,0
3879,387,1247,0
3880,722,765,1
3881,525,1218,0
3882,858,709,0
3883,1505,421,1
3884,849,563,0
3885,787,71,1
3886,925,65,0
3887,773,971,0
3888,496,1252,0
3889,940,1569,1
3890,1284,26,1
3891,1034,1599,0
3892,1097,1179,0
3893,66,858,1
3894,1489,1570,0
3895,601,1205,0
3896,1072,995,1
3897,467,425,1
3898,785,1553,0
3899,1111,254,0
3900,386,528,1
3901,491,241,0
3902,118,767,1
3903,722,216,1
3904,940,812,1
3905,722,194,1
3906,578,124,0
3907,486,608,1
3908,1216,1488,0
3909,548,799,0
3910,578,1033,0
3911,773,253,0
3912,1011,640,1
3913,1547,919,1
3914,24,1551,0
3915,1194,143,0
3916,153,780,0
3917,158,348,0
3918,128,973,0
3919,757,125,1
3920,1284,995,1
3921,1352,1344,0
3922,1547,230,1
3923,1364,815,0
3924,467,1619,1
3925,1235,1169,0
3926,1007,1082,0
3927,467,1174,1
3928,1101,459,0
3929,79,1158,0
3930,787,1151,1
3931,66,1015,1
3932,1284,934,1
3933,60,382,0
3934,1011,462,1
3935,1457,948,0
3936,189,1076,1
3937,863,88,0
3938,32,886,1
3939,29,532,0
3940,356,895,0
3941,1169,92,0
3942,722,1083,1
3943,654,690,1
3944,1246,1591,0
3945,1013,438,0
3946,940,1391,1
3947,722,886,1
3948,862,1,0
3949,66,655,1
3950,506,333,1
3951,1349,345,0
3952,1438,1340,0
3953,1284,1455,1
3954,1370,915,0
3955,1284,854,1
3956,1547,484,1
3957,1325,1142,0
3958,1602,85,0
3959,940,1027,1
3960,381,811,0
3961,11,707,1
3962,1006,1517,0
3963,1284,275,1
3964,1207,631,1
3965,516,330,0
3966,1547,1136,1
3967,1503,708,0
3968,1598,176,0
3969,1463,1461,0
3970,1502,995,0
3971,467,226,1
3972,722,667,1
3973,1284,79,1
3974,339,1496,0
3975,275,895,0
3976,940,1023,1
3977,479,1498,0
3978,1011,844,1
3979,467,1618,1
3980,722,947,1
3981,958,1018,0
3982,643,617,0
3983,940,808,1
3984,1011,1210,1
3985,722,669,1
3986,325,1359,0
3987,1587,737,0
3988,940,1028,1
3989,1013,1267,0
3990,722,78,1
3991,757,916,1
3992,325,802,0
3993,684,144,1
3994,940,853,1
3995,275,1516,0
3996,118,1180,0
3997,757,880,1
3998,1270,998,0
3999,77,312,0
4000,757,694,1
4001,999,417,0
4002,1198,674,0
4003,1379,48,0
4004,1207,1197,1
4005,24,72,0
4006,757,602,1
4007,1180,1503,0
4008,11,865,1
4009,721,1519,0
4010,940,52,1
4011,722,522,1
4012,1243,1193,0
4013,726,7,0
4014,417,1505,0
4015,467,757,1
4016,911,305,0
4017,1441,1553,0
4018,1285,1057,0
4019,1534,833,0
4020,1212,130,0
4021,644,432,0
4022,1417,62,0
4023,940,865,1
4024,1547,1139,1
4025,1186,1232,0
4026,1284,1508,1
4027,598,971,0
4028,940,74,1
4029,1243,302,0
4030,848,1189,0
4031,188,840,0
4032,571,6,0
4033,814,1552,0
4034,644,383,0
4035,1120,654,0
4036,1072,1372,1
4037,940,1124,0
4038,369,1459,0
4039,133,1239,0
4040,414,453,0
4041,722,1257,1
4042,106,1073,0
4043,1072,215,1
4044,412,1228,0
4045,1072,399,1
4046,684,405,1
4047,812,259,0
4048,161,1381,0
4049,787,1134,1
4050,100,1238,0
4051,189,1521,1
4052,252,1,0
4053,673,527,0
4054,1164,1298,0
4055,940,353,1
4056,696,957,0
4057,330,1338,0
4058,980,995,0
4059,722,1384,1
4060,722,1505,1
4061,506,426,0
4062,250,275,0
4063,1502,476,0
4064,984,966,0
4065,684,795,1
4066,467,1272,1
4067,506,1272,1
4068,751,263,0
4069,1468,888,0
4070,940,873,1
4071,1136,1450,0
4072,417,730,0
4073,684,514,1
4074,1284,16,1
4075,100,1505,0
4076,69,549,0
4077,1547,1348,1
4078,323,698,0
4079,1223,139,0
4080,940,903,1
4081,24,645,0
4082,1426,1472,0
4083,1352,1443,0
4084,497,1548,0
4085,1216,399,0
4086,189,27,1
4087,189,1475,1
4088,1553,366,0
4089,506,1183,1
4090,722,60,1
4091,757,421,1
4092,4,128,0
4093,722,940,1
4094,1007,516,0
4095,281,688,0
4096,1284,109,1
4097,1284,941,1
4098,386,966,1
4099,722,905,1
4100,1304,1370,0
4101,1547,798,1
4102,864,1172,0
4103,684,1261,1
4104,757,1348,1
4105,757,1314,1
4106,654,1397,1
4107,356,151,0
4108,722,919,1
4109,1284,1049,1
4110,722,1084,1
4111,849,602,0
4112,1505,112,1
4113,491,630,1
4114,1006,1116,0
4115,690,1308,0
4116,722,366,1
4117,1547,11,1
4118,722,829,1
4119,940,1006,1
4120,504,427,0
4121,940,594,1
4122,1547,1071,1
4123,1297,540,0
4124,1352,1540,0
4125,452,769,0
4126,648,919,0
4127,757,957,1
4128,66,1155,1
4129,648,1297,0
4130,506,1597,1
4131,370,1344,1
4132,940,675,1
4133,1597,604,0
4134,339,1580,0
4135,381,89,0
4136,189,839,1
4137,1493,363,0
4138,722,751,1
4139,1122,590,1
4140,1284,128,1
4141,684,1299,1
4142,516,632,0
4143,46,1190,0
4144,1207,1226,1
4145,1011,1518,1
4146,208,676,0
4147,467,602,1
4148,3,777,0
4149,548,36,0
4150,223,611,0
4151,467,1152,1
4152,554,428,0
4153,246,610,0
4154,1197,1380,1
4155,1284,747,1
4156,164,549,0
4157,136,410,0
4158,757,1432,1
4159,601,411,0
4160,340,177,0
4161,172,1524,0
4162,1289,294,0
4163,1514,669,1
4164,1547,324,1
4165,1568,1588,0
4166,1164,907,0
4167,610,1152,0
4168,853,263,0
4169,722,1534,1
4170,1417,1589,0
4171,154,1426,0
4172,264,1147,0
4173,663,634,0
4174,981,99,0
4175,757,1000,0
4176,940,1428,1
4177,555,211,0
4178,1072,1326,1
4179,373,468,0
4180,1511,810,0
4181,624,961,0
4182,66,1197,1
4183,722,1443,1
4184,189,311,1
4185,802,1057,0
4186,66,970,1
4187,1284,897,1
4188,1011,793,1
4189,467,1134,1
4190,1547,293,1
4191,1207,1054,1
4192,1364,518,0
4193,940,222,1
4194,1284,1568,1
4195,428,396,0
4196,1349,1515,0
4197,1547,1309,1
4198,1011,683,1
4199,1096,425,0
4200,674,661,0
4201,1478,1294,0
4202,66,666,1
4203,1072,411,1
4204,848,457,0
4205,872,286,0
4206,757,1102,1
4207,1547,471,1
4208,189,328,1
4209,118,624,1
4210,212,845,0
4211,1296,320,0
4212,654,631,1
4213,146,56,0
4214,985,94,0
4215,315,107,0
4216,1197,806,1
4217,1547,1284,1
4218,1284,388,1
4219,1072,1397,1
4220,106,136,0
4221,189,1094,1
4222,1547,1475,1
4223,823,1296,0
4224,787,906,1
4225,1547,729,1
4226,594,1,0
4227,1197,433,1
4228,223,1614,0
4229,169,1083,0
4230,66,1387,1
4231,1331,749,0
4232,1478,58,0
4233,722,4,1
4234,995,69,0
4235,940,0,0
4236,1284,1027,1
4237,1547,1125,1
4238,389,847,0
4239,486,542,1
4240,848,1313,0
4241,1547,868,1
4242,940,35,1
4243,11,1414,1
4244,496,1238,0
4245,1284,401,1
4246,757,171,1
4247,964,444,0
4248,467,470,1
4249,785,1142,0
4250,1478,1602,0
4251,1505,411,1
4252,940,123,1
4253,264,413,0
4254,1503,186,0
4255,66,1152,1
4256,757,1139,1
4257,1284,283,1
4258,940,1611,1
4259,753,1198,0
4260,118,1435,1
4261,1230,894,0
4262,757,608,1
4263,533,636,0
4264,1207,222,1
4265,89,519,0
4266,1318,53,0
4267,89,78,1
4268,757,1197,1
4269,427,1063,0
4270,94,1608,0
4271,370,305,0
4272,766,1536,0
4273,1088,1210,0
4274,189,1083,1
4275,227,679,0
4276,1002,146,0
4277,940,1354,1
4278,1197,1260,1
4279,722,475,1
4280,1547,414,1
4281,1065,1482,0
4282,1011,1226,1
4283,940,935,1
4284,1547,666,1
4285,1397,1148,0
4286,1072,710,1
4287,722,1049,1
4288,1284,608,1
4289,940,396,1
4290,598,720,0
4291,506,1257,1
4292,1024,1216,0
4293,189,279,1
4294,812,305,0
4295,940,119,1
4296,722,34,1
4297,1157,121,0
4298,1426,1163,0
4299,684,940,1
4300,189,373,1
4301,722,59,1
4302,872,1294,0
4303,1505,757,1
4304,722,721,1
4305,386,1414,1
4306,1240,582,0
4307,1480,1479,0
4308,1072,71,1
4309,826,1259,0
4310,1505,272,1
4311,802,744,0
4312,1494,1437,0
4313,1284,622,1
4314,1217,466,0
4315,486,411,1
4316,1318,703,0
4317,684,1044,1
4318,1291,1604,0
4319,924,773,0
4320,722,705,1
4321,1585,1414,1
4322,1197,1537,1
4323,467,1521,1
4324,66,914,1
4325,260,969,0
4326,787,776,1
4327,32,20,1
4328,675,837,0
4329,722,329,1
4330,569,327,0
4331,722,1066,1
4332,1284,195,1
4333,1571,489,0
4334,409,346,0
4335,812,1428,1
4336,283,268,0
4337,684,464,1
4338,496,963,0
4339,75,1422,0
4340,381,559,0
4341,89,1574,1
4342,32,704,1
4343,1520,466,0
4344,550,76,0
4345,1284,1462,1
4346,551,1210,0
4347,1091,1150,0
4348,567,909,0
4349,427,1023,0
4350,1564,197,0
4351,314,1550,0
4352,757,1154,1
4353,369,480,0
4354,1505,436,1
4355,1437,615,0
4356,766,1279,0
4357,146,934,0
4358,43,56,0
4359,786,760,0
4360,1284,420,1
4361,674,280,0
4362,1207,1170,1
4363,1249,488,0
4364,1213,549,0
4365,757,721,1
4366,872,1049,0
4367,511,115,0
4368,722,1023,1
4369,675,1385,0
4370,722,1226,1
4371,1284,579,1
4372,1284,475,1
4373,864,1315,0
4374,75,1462,0
4375,313,1048,0
4376,557,555,0
4377,66,1111,1
4378,1200,217,0
4379,1441,382,0
4380,1284,121,1
4381,426,792,0
4382,722,323,1
4383,1514,240,1
4384,1415,817,0
4385,1136,161,0
4386,1514,947,1
4387,865,124,0
4388,722,1005,1
4389,227,1596,0
4390,467,1221,1
4391,440,229,0
4392,813,600,0
4393,940,332,1
4394,24,1375,0
4395,1463,889,0
4396,1096,553,0
4397,684,1076,1
4398,218,854,0
4399,450,1445,0
4400,486,1049,1
4401,342,923,0
4402,1046,262,0
4403,213,1379,0
4404,1505,1127,1
4405,669,747,1
4406,1197,529,1
4407,66,736,1
4408,1186,938,0
4409,1148,1004,0
4410,616,104,0
4411,857,1014,0
4412,467,1515,1
4413,1514,584,1
4414,1570,956,0
4415,729,1222,0
4416,547,263,0
4417,1011,922,1
4418,1563,1373,0
4419,757,868,1
4420,985,162,0
4421,1284,770,1
4422,1085,338,0
4423,783,1433,0
4424,884,1100,0
4425,1186,1237,0
4426,1207,828,1
4427,940,879,1
4428,1011,646,0
4429,66,1017,1
4430,1212,892,0
4431,1011,1458,1
4432,722,713,1
4433,953,280,0
4434,94,318,0
4435,842,1542,0
4436,858,401,0
4437,66,141,1
4438,722,472,1
4439,1059,612,0
4440,709,1082,0
4441,1322,1288,0
4442,863,1004,0
4443,592,1535,0
4444,1322,1428,0
4445,1284,1206,1
4446,1200,1255,1
4447,430,455,0
4448,1351,581,0
4449,1077,1122,0
4450,189,395,1
4451,1437,467,0
4452,442,1280,0
4453,118,1285,0
4454,1072,978,1
4455,823,1186,0
4456,249,624,0
4457,204,691,0
4458,853,1339,0
4459,86,226,0
4460,585,746,0
4461,722,264,1
4462,722,1523,1
4463,821,437,0
4464,1284,720,1
4465,1011,1576,1
4466,1314,1232,0
4467,1194,1479,0
4468,330,1543,0
4469,297,796,0
4470,1547,1336,1
4471,757,111,1
4472,940,1373,1
4473,106,998,0
4474,722,714,1
4475,1075,1349,0
4476,867,709,0
4477,506,462,1
4478,467,610,1
4479,757,630,1
4480,81,1120,0
4481,1197,166,1
4482,66,995,1
4483,467,1243,1
4484,949,62,0
4485,336,1123,0
4486,676,769,0
4487,88,308,0
4488,1207,529,1
4489,66,1345,1
4490,1072,1285,1
4491,32,1346,1
4492,722,1207,1
4493,467,1011,1
4494,673,605,0
4495,1284,606,1
4496,66,770,1
4497,1211,535,0
4498,377,461,0
4499,940,1141,1
4500,833,774,0
4501,707,666,0
4502,722,1219,1
4503,1284,901,1
4504,1547,1385,1
4505,1284,724,1
4506,1073,625,0
4507,1547,406,1
4508,1081,1501,1
4509,1576,428,0
4510,766,800,0
4511,358,491,0
4512,1547,922,1
4513,748,181,0
4514,50,378,0
4515,1505,516,1
4516,757,825,1
4517,858,509,0
4518,66,220,1
4519,1284,182,1
4520,128,1282,0
4521,757,1404,0
4522,300,437,0
4523,1379,776,0
4524,1198,590,0
4525,853,1605,0
4526,757,628,1
4527,1505,1462,1
4528,940,477,1
4529,1547,1206,1
4530,1505,608,1
4531,1350,1271,0
4532,1011,78,1
4533,940,485,1
4534,851,1403,0
4535,1451,414,0
4536,922,264,0
4537,190,412,0
4538,600,519,0
4539,757,699,1
4540,868,1195,0
4541,729,1267,0
4542,1066,234,0
4543,1460,613,0
4544,386,1278,1
4545,1059,639,0
4546,1340,1408,0
4547,1214,990,0
4548,1207,558,1
4549,1547,331,1
4550,1284,722,1
4551,787,1027,1
4552,19,150,0
4553,1284,1025,1
4554,1415,556,0
4555,684,947,1
4556,851,641,0
4557,408,1261,0
4558,1284,574,1
4559,1072,1360,1
4560,684,1015,1
4561,66,1333,0
4562,1238,212,0
4563,467,1592,1
4564,1122,1384,1
4565,1505,1124,1
4566,1162,139,0
4567,684,1207,1
4568,1574,1236,0
4569,467,83,1
4570,198,1606,0
4571,671,1495,0
4572,370,1228,1
4573,467,627,1
4574,1601,1131,0
4575,637,30,0
4576,212,76,0
4577,506,846,1
4578,1601,894,0
4579,1511,230,0
4580,1222,339,0
4581,274,372,0
4582,1463,768,0
4583,684,34,1
4584,885,287,0
4585,333,988,0
4586,1180,142,0
4587,1213,123,0
4588,1180,81,0
4589,1505,254,1
4590,1381,1106,0
4591,1329,1274,0
4592,757,1245,1
4593,373,425,0
4594,1197,272,1
4595,1284,167,1
4596,1505,1261,1
4597,189,941,1
4598,736,335,0
4599,394,1062,0
4600,212,698,0
4601,229,1584,0
4602,722,1278,1
4603,941,1056,0
4604,1265,231,0
4605,324,1379,0
4606,1050,1399,0
4607,493,1516,0
4608,812,218,1
4609,722,49,1
4610,661,1028,0
4611,486,1238,1
4612,189,726,1
4613,757,1391,1
4614,1002,615,0
4615,251,1348,0
4616,60,187,0
4617,1587,1233,0
4618,757,299,1
4619,1356,860,0
4620,654,912,0
4621,506,1023,1
4622,757,1385,1
4623,369,224,0
4624,1075,1297,0
4625,722,1032,1
4626,1505,962,1
4627,86,1037,0
4628,1241,1046,0
4629,66,627,1
4630,757,587,1
4631,94,1376,0
4632,4,68,0
4633,1011,1022,1
4634,624,1501,0
4635,984,16,0
4636,940,104,1
4637,189,978,1
4638,940,1351,1
4639,486,1104,1
4640,596,212,0
4641,865,808,0
4642,1415,708,1
4643,858,884,0
4644,467,254,1
4645,814,726,0
4646,1247,1088,0
4647,75,245,0
4648,11,516,1
4649,292,285,0
4650,1284,1379,1
4651,940,1130,1
4652,189,462,1
4653,984,1424,0
4654,1284,356,1
4655,467,1036,1
4656,1241,433,0
4657,430,585,0
4658,757,983,1
4659,736,251,0
4660,1318,863,0
4661,1284,1578,1
4662,486,1025,1
4663,387,1333,0
4664,1284,916,1
4665,467,1510,1
4666,1072,805,1
4667,757,1255,1
4668,504,890,0
4669,1207,886,1
4670,1181,222,0
4671,1553,1218,0
4672,106,103,0
4673,1207,494,1
4674,940,19,1
4675,189,912,1
4676,467,494,1
4677,722,684,1
4678,1301,1485,0
4679,1164,752,0
4680,757,1387,1
4681,554,761,0
4682,1407,949,0
4683,554,1562,0
4684,408,1097,0
4685,1001,1166,0
4686,1072,807,1
4687,1547,827,1
4688,506,1197,1
4689,100,1373,0
4690,1072,676,1
4691,1585,96,1
4692,1284,203,1
4693,722,179,1
4694,1008,1040,0
4695,386,808,1
4696,486,254,1
4697,6,1162,0
4698,250,1520,0
4699,118,1299,1
4700,722,437,1
4701,189,1593,1
4702,1012,834,0
4703,674,519,0
4704,467,906,1
4705,1291,715,0
4706,467,1413,1
4707,260,1505,0
4708,704,246,0
4709,872,686,0
4710,1514,1046,1
4711,738,858,0
4712,1186,751,0
4713,1011,249,1
4714,1081,802,0
4715,700,774,0
4716,1398,1150,0
4717,66,542,1
4718,386,303,1
4719,533,81,0
4720,1451,600,0
4721,635,818,0
4722,1284,535,1
4723,1585,950,1
4724,940,325,1
4725,722,928,1
4726,1505,1358,1
4727,722,13,1
4728,858,1245,0
4729,1011,658,1
4730,757,251,1
4731,118,59,1
4732,757,816,1
4733,118,71,1
4734,311,534,0
4735,1585,1384,1
4736,940,120,1
4737,1547,1276,1
4738,1505,1104,1
4739,757,1261,1
4740,1563,1389,0
4741,940,666,1
4742,1140,268,0
4743,757,1568,1
4744,940,623,1
4745,757,531,1
4746,757,1072,1
4747,654,870,1
4748,313,29,0
4749,66,544,1
4750,473,38,0
4751,1072,158,1
4752,757,81,1
4753,673,223,0
4754,940,733,1
4755,1230,918,0
4756,1585,1589,0
4757,811,98,0
4758,1304,1235,0
4759,370,276,1
4760,467,879,1
4761,865,488,0
4762,66,1578,1
4763,32,1205,1
4764,861,221,0
4765,1178,609,0
4766,66,742,1
4767,940,892,1
4768,43,1018,0
4769,455,66,0
4770,467,1117,1
4771,467,1604,1
4772,325,1414,0
4773,386,89,1
4774,360,548,0
4775,11,723,1
4776,1395,48,0
4777,1207,1074,1
4778,592,1618,0
4779,907,1453,0
4780,1207,1216,1
4781,1011,1258,0
4782,66,658,1
4783,511,605,0
4784,1207,1278,1
4785,1227,1120,0
4786,722,1348,1
4787,11,1134,1
4788,373,788,0
4789,1433,1252,0
4790,1195,1317,0
4791,1017,622,0
4792,940,764,1
4793,22,1488,0
4794,700,1118,0
4795,851,555,0
4796,856,206,0
4797,358,58,0
4798,64,1458,0
4799,722,486,1
4800,1197,1417,0
4801,940,484,1
4802,1349,642,0
4803,467,978,1
4804,214,64,0
4805,506,862,1
4806,940,724,1
4807,1011,805,1
4808,11,545,1
4809,649,520,0
4810,86,635,0
4811,66,1493,1
4812,370,1583,1
4813,336,1436,0
4814,1524,1516,0
4815,548,849,0
4816,867,1382,0
4817,1207,1098,1
4818,940,1209,1
4819,1018,1446,0
4820,373,59,0
4821,650,1254,0
4822,1483,1308,0
4823,486,41,1
4824,722,978,1
4825,787,104,1
4826,684,1213,1
4827,1000,1058,0
4828,940,916,1
4829,940,1409,1
4830,940,7,1
4831,226,365,0
4832,1505,1398,1
4833,198,1264,0
4834,940,422,1
4835,50,1552,0
4836,684,1136,1
4837,940,100,1
4838,11,1213,1
4839,940,1094,1
4840,722,1272,1
4841,1340,200,0
4842,1547,1332,1
4843,1037,988,0
4844,486,79,1
4845,1284,1272,1
4846,1223,315,0
4847,506,1033,1
4848,32,1228,1
4849,426,218,0
4850,467,411,1
4851,467,840,1
4852,155,525,0
4853,722,693,1
4854,722,1335,1
4855,1571,1414,0
4856,386,892,1
4857,386,458,1
4858,11,1580,1
4859,1284,588,1
4860,722,1442,1
4861,486,86,1
4862,58,609,0
4863,58,226,0
4864,1547,1226,1
4865,189,517,1
4866,684,1295,1
4867,1284,1265,1
4868,866,412,0
4869,757,1601,1
4870,459,1049,0
4871,1181,163,0
4872,100,1483,0
4873,1198,1455,0
4874,1488,1610,0
4875,1197,916,1
4876,1232,981,0
4877,178,130,0
4878,722,378,1
4879,1585,999,1
4880,1197,1276,1
4881,1472,214,0
4882,1249,911,0
4883,1207,165,1
4884,333,41,0
4885,1011,132,1
4886,1249,1382,0
4887,911,736,0
4888,781,89,0
4889,1585,548,1
4890,822,780,0
4891,1205,63,0
4892,467,197,1
4893,722,1038,1
4894,1422,103,0
4895,757,961,1
4896,1017,154,0
4897,722,795,1
4898,1514,420,1
4899,545,781,0
4900,388,1054,0
4901,940,641,1
4902,966,207,0
4903,1497,22,0
4904,722,38,1
4905,1389,927,0
4906,54,1171,0
4907,569,369,0
4908,661,1003,0
4909,7,989,0
4910,1284,377,1
4911,84,566,0
4912,610,946,0
4913,486,441,1
4914,1379,515,0
4915,1072,222,1
4916,1594,386,0
4917,422,1522,0
4918,599,407,0
4919,506,708,1
4920,757,754,1
4921,1072,942,1
4922,554,635,0
4923,18,613,0
4924,1198,520,0
4925,486,830,1
4926,600,659,0
4927,1122,1580,1
4928,940,630,1
4929,1407,1423,0
4930,1534,78,0
4931,644,442,0
4932,467,577,0
4933,1284,222,1
4934,1197,1567,1
4935,18,1438,0
4936,1547,889,1
4937,1011,562,1
4938,578,248,0
4939,940,720,1
4940,684,1141,1
4941,984,957,0
4942,1470,690,0
4943,66,705,1
4944,757,728,1
4945,381,92,0
4946,757,1542,1
4947,684,1274,1
4948,325,730,0
4949,1284,1544,1
4950,1547,328,1
4951,1384,164,0
4952,684,827,1
4953,722,353,1
4954,1576,671,0
4955,722,1510,1
4956,1547,958,0
4957,29,597,0
4958,1547,371,1
4959,69,113,0
4960,669,41,1
4961,66,712,1
4962,1587,897,0
4963,493,326,0
4964,486,172,1
4965,1120,151,0
4966,1398,1548,0
4967,803,717,0
4968,722,249,1
4969,6,612,0
4970,208,1492,0
4971,108,368,0
4972,1284,652,1
4973,1096,413,0
4974,1284,488,1
4975,460,116,0
4976,638,428,0
4977,212,42,0
4978,1496,305,0
4979,1011,453,1
4980,1284,516,1
4981,1197,901,1
4982,722,219,1
4983,684,746,1
4984,283,903,0
4985,940,1303,1
4986,688,779,0
4987,1122,726,1
4988,491,221,0
4989,66,764,1
4990,1284,193,1
4991,1072,1380,1
4992,722,1009,1
4993,386,631,1
4994,1450,693,0
4995,1547,1505,1
4996,1284,139,1
4997,684,528,1
4998,519,711,0
4999,1284,118,1
5000,809,143,0
5001,1011,766,1
5002,757,1462,1
5003,256,726,0
5004,722,1059,1
5005,1122,293,1
5006,1011,1038,1
5007,722,1048,1
5008,386,442,1
5009,958,392,0
5010,1547,542,1
5011,860,1617,0
5012,757,1588,1
5013,491,370,1
5014,264,1371,0
5015,940,169,1
5016,864,512,0
5017,787,1332,1
5018,1284,903,1
5019,260,965,0
5020,757,625,1
5021,722,129,1
5022,467,713,1
5023,811,1343,0
5024,1011,1597,1
5025,66,855,1
5026,981,119,0
5027,757,1309,0
5028,1197,508,1
5029,274,1090,0
5030,467,52,1
5031,1011,79,1
5032,1235,941,0
5033,324,1380,0
5034,690,51,0
5035,897,1263,0
5036,1547,804,1
5037,684,630,1
5038,76,662,0
5039,84,437,0
5040,283,783,0
5041,571,1433,0
5042,1200,420,1
5043,1284,1409,1
5044,1367,1211,0
5045,803,659,0
5046,886,736,0
5047,1284,1278,1
5048,506,378,1
5049,1547,745,1
5050,340,1470,0
5051,654,723,1
5052,722,1282,1
5053,1207,476,1
5054,1284,623,1
5055,757,791,1
5056,17,1475,0
5057,774,1062,0
5058,1284,812,1
5059,188,445,0
5060,1272,1308,0
5061,86,909,0
5062,940,1123,1
5063,1284,435,1
5064,1284,1238,1
5065,118,855,1
5066,654,175,0
5067,557,1064,0
5068,467,1261,1
5069,571,452,0
5070,864,1207,0
5071,1547,9,1
5072,66,1173,1
5073,66,947,1
5074,858,153,0
5075,1547,52,1
5076,1547,1135,1
5077,1207,1261,1
5078,208,1182,0
5079,940,33,1
5080,1042,1217,0
5081,804,1525,0
5082,1179,1032,0
5083,1184,1392,0
5084,1052,763,0
5085,1379,631,0
5086,1205,1052,0
5087,940,430,1
5088,1494,962,0
5089,155,931,0
5090,1136,409,0
5091,1227,570,0
5092,445,1343,0
5093,757,1294,1
5094,386,1084,1
5095,428,1606,0
5096,386,1389,1
5097,613,355,0
5098,940,1523,1
5099,136,939,0
5100,757,1514,1
5101,66,293,1
5102,721,1110,0
5103,1598,273,0
5104,1284,1494,1
5105,118,400,0
5106,1096,1480,0
5107,1072,863,1
5108,311,651,0
5109,1480,937,0
5110,872,1020,0
5111,1505,1454,1
5112,757,803,1
5113,409,6,0
5114,595,1478,0
5115,940,1218,1
5116,1585,1299,1
5117,1505,1074,1
5118,722,764,1
5119,1570,372,0
5120,66,1136,1
5121,1388,919,0
5122,783,189,0
5123,684,1346,1
5124,1284,1163,1
5125,377,1563,0
5126,722,609,1
5127,50,1289,0
5128,153,922,0
5129,1585,707,1
5130,787,705,1
5131,66,343,1
5132,940,194,1
5133,940,1011,1
5134,924,1211,0
5135,486,1515,1
5136,226,1027,0
5137,1239,384,0
5138,684,798,1
5139,553,65,0
5140,1197,844,1
5141,486,901,1
5142,722,1013,1
5143,1284,1104,1
5144,1072,589,1
5145,332,866,0
5146,1297,370,0
5147,486,1511,1
5148,7,927,0
5149,1212,481,0
5150,1505,839,1
5151,940,1122,1
5152,119,1243,0
5153,297,1110,0
5154,1472,1529,0
5155,801,158,0
5156,1197,707,1
5157,840,1179,0
5158,467,349,1
5159,695,1331,0
5160,1547,1413,1
5161,684,916,1
5162,467,1005,1
5163,1547,104,1
5164,1284,236,1
5165,654,1145,1
5166,722,1218,1
5167,722,481,1
5168,1378,771,0
5169,550,1204,0
5170,64,335,0
5171,1289,1403,0
5172,787,1576,1
5173,511,912,0
5174,1197,530,0
5175,635,701,0
5176,50,541,0
5177,1284,1405,1
5178,199,197,0
5179,722,1522,1
5180,803,638,0
5181,885,1328,0
5182,227,515,0
5183,1122,1098,1
5184,189,776,1
5185,1483,1289,0
5186,1122,1295,1
5187,722,55,1
5188,1207,1413,1
5189,722,605,1
5190,770,299,0
5191,486,1133,1
5192,1441,925,0
5193,266,1039,0
5194,189,1059,0
5195,1,458,0
5196,467,544,1
5197,613,1394,0
5198,722,215,1
5199,722,0,1
5200,684,41,1
5201,1212,93,0
5202,757,78,1
5203,704,776,0
5204,911,216,0
5205,864,648,0
5206,66,1011,1
5207,757,1490,1
5208,1122,1133,1
5209,118,1272,1
5210,1585,1593,1
5211,252,284,0
5212,940,248,1
5213,1096,1453,0
5214,1349,171,0
5215,940,357,1
5216,940,118,1
5217,1297,362,0
5218,1072,562,1
5219,467,640,1
5220,1489,1197,0
5221,182,286,0
5222,491,1015,0
5223,11,479,1
5224,164,771,0
5225,3,520,0
5226,940,858,1
5227,189,320,1
5228,1566,667,0
5229,467,704,1
5230,486,1152,1
5231,1447,76,0
5232,32,420,1
5233,1547,831,1
5234,881,1455,0
5235,675,758,0
5236,386,942,1
5237,1197,11,1
5238,66,1293,1
5239,361,720,0
5240,1042,137,0
5241,750,187,0
5242,491,1618,1
5243,1197,723,1
5244,66,1277,1
5245,787,222,1
5246,722,744,1
5247,1547,1146,1
5248,467,1098,1
5249,1547,1122,1
5250,1214,434,0
5251,227,804,0
5252,787,1333,1
5253,66,811,1
5254,1011,193,1
5255,506,1514,1
5256,1042,1417,0
5257,1505,1153,1
5258,757,684,1
5259,940,133,1
5260,948,806,0
5261,66,1461,1
5262,868,1136,0
5263,118,563,1
5264,32,672,1
5265,1000,989,0
5266,66,994,1
5267,369,1213,0
5268,1547,6,1
5269,890,1110,0
5270,1585,690,1
5271,118,808,1
5272,1072,422,1
5273,66,485,1
5274,1286,209,0
5275,409,748,0
5276,665,330,0
5277,1197,1025,1
5278,557,249,0
5279,1524,953,0
5280,722,542,1
5281,940,1614,1
5282,709,1329,0
5283,189,345,1
5284,66,311,1
5285,1284,1249,1
5286,881,880,0
5287,1011,41,1
5288,1197,733,1
5289,1222,397,0
5290,940,877,1
5291,773,993,0
5292,1197,1011,1
5293,1299,438,0
5294,189,1255,1
5295,473,1196,0
5296,90,134,0
5297,738,913,0
5298,1497,599,0
5299,492,942,0
5300,722,1516,1
5301,486,283,1
5302,506,723,1
5303,1140,377,0
5304,684,233,1
5305,1437,184,0
5306,90,1377,0
5307,684,1135,1
5308,1290,1439,0
5309,1389,260,0
5310,1197,1225,1
5311,1286,1146,0
5312,967,1281,0
5313,66,1488,1
5314,1028,975,0
5315,1422,1553,0
5316,506,514,1
5317,1285,327,0
5318,1381,201,0
5319,722,1142,1
5320,1284,750,1
5321,1207,1494,1
5322,66,506,1
5323,684,903,1
5324,557,1453,0
5325,940,371,1
5326,88,524,0
5327,1101,995,0
5328,370,752,1
5329,940,1010,1
5330,533,857,0
5331,1598,532,0
5332,1585,510,1
5333,846,647,0
5334,251,926,0
5335,757,64,1
5336,1028,925,0
5337,547,17,0
5338,403,474,0
5339,189,754,1
5340,1207,695,1
5341,940,79,1
5342,1284,1064,1
5343,358,1310,0
5344,1072,462,1
5345,1217,158,0
5346,757,156,1
5347,940,1397,1
5348,722,1593,1
5349,356,1357,0
5350,1472,538,0
5351,1598,53,0
5352,669,1291,0
5353,66,925,1
5354,467,983,1
5355,757,172,1
5356,357,1447,0
5357,1284,272,1
5358,1050,585,0
5359,108,466,0
5360,1200,150,1
5361,1356,28,0
5362,185,610,0
5363,872,289,0
5364,1284,201,1
5365,43,214,0
5366,610,814,0
5367,545,714,0
5368,118,1316,1
5369,1011,166,1
5370,1230,1570,0
5371,849,765,0
5372,1239,1611,0
5373,1136,843,0
5374,346,1432,0
5375,911,1028,0
5376,648,623,0
5377,722,45,1
5378,506,11,1
5379,261,795,0
5380,1122,42,0
5381,826,19,0
5382,684,195,1
5383,1011,897,1
5384,211,1061,0
5385,11,19,1
5386,1501,707,0
5387,1468,985,0
5388,1088,1213,0
5389,684,77,1
5390,1013,1271,0
5391,757,818,1
5392,1211,677,0
5393,757,934,1
5394,766,522,0
5395,722,985,1
5396,1219,977,0
5397,510,223,0
5398,1072,1485,1
5399,1011,1284,1
5400,1007,569,0
5401,460,66,0
5402,1241,1460,0
5403,1417,179,0
5404,158,460,0
5405,1480,1206,0
5406,1368,1243,0
5407,940,1003,1
5408,1011,1164,1
5409,486,630,1
5410,1565,283,0
5411,409,1565,0
5412,722,879,1
5413,467,261,1
5414,1011,548,1
5415,1284,551,1
5416,180,823,0
5417,674,952,0
5418,506,1576,1
5419,66,1617,1
5420,506,1348,1
5421,1344,410,0
5422,1007,205,0
5423,208,1404,0
5424,1081,955,1
5425,223,434,0
5426,1197,693,0
5427,11,1484,1
5428,804,557,0
5429,757,194,1
5430,1011,1071,1
5431,940,1206,1
5432,1197,1174,1
5433,1230,499,0
5434,450,1230,0
5435,1011,851,1
5436,1197,1233,0
5437,738,1088,0
5438,118,485,1
5439,13,974,0
5440,757,1233,1
5441,445,678,0
5442,32,770,1
5443,941,417,0
5444,1081,237,0
5445,427,1611,0
5446,1297,825,0
5447,190,606,0
5448,757,842,1
5449,757,309,1
5450,427,1264,0
5451,1122,721,1
5452,757,669,1
5453,1284,1271,1
5454,1284,1541,1
5455,1534,1580,0
5456,736,643,0
5457,419,1339,0
5458,1197,1054,1
5459,190,739,0
5460,199,728,0
5461,467,694,1
5462,936,1427,0
5463,1480,1254,0
5464,1585,1007,1
5465,1197,1397,1
5466,374,1105,0
5467,722,158,1
5468,1011,660,1
5469,596,806,0
5470,1221,673,0
5471,189,1121,1
5472,386,1015,1
5473,1197,1163,1
5474,1284,972,1
5475,1197,721,1
5476,1505,1191,1
5477,486,1272,1
5478,669,1593,1
5479,11,966,1
5480,1011,416,1
5481,785,1450,0
5482,189,370,1
5483,1212,1214,0
5484,89,79,1
5485,1207,517,1
5486,386,78,1
5487,984,108,0
5488,370,1074,1
5489,1496,102,0
5490,377,666,0
5491,1197,539,1
5492,189,829,1
5493,787,1213,1
5494,704,1004,0
5495,386,499,0
5496,32,99,1
5497,1180,866,0
5498,182,477,0
5499,393,156,0
5500,704,244,0
5501,486,655,1
5502,15,109,0
5503,635,42,0
5504,467,858,1
5505,506,1355,0
5506,386,674,1
5507,729,65,0
5508,856,58,0
5509,1227,304,0
5510,569,916,0
5511,318,151,0
5512,1547,142,1
5513,1284,1165,1
5514,1514,364,0
5515,11,962,1
5516,940,819,1
5517,785,1098,0
5518,1568,487,0
5519,1146,560,0
5520,386,951,1
5521,722,1314,1
5522,66,495,1
5523,598,1471,0
5524,940,638,1
5525,66,207,1
5526,357,316,0
5527,915,152,0
5528,1011,269,1
5529,1547,1479,0
5530,198,1242,0
5531,1505,1443,1
5532,443,311,0
5533,11,172,1
5534,1501,252,0
5535,150,651,0
5536,688,191,0
5537,497,1413,0
5538,417,72,0
5539,608,684,1
5540,608,573,1
5541,684,491,1
5542,722,958,1
5543,1381,1000,0
5544,389,575,0
5545,66,626,1
5546,757,1413,1
5547,1140,1182,0
5548,1270,989,0
5549,748,402,0
5550,1011,1064,1
5551,600,759,0
5552,1207,1087,0
5553,1547,1601,1
5554,812,1317,1
5555,682,806,0
5556,366,956,0
5557,1190,1315,0
5558,654,1141,1
5559,805,746,0
5560,940,1617,1
5561,1207,1294,1
5562,722,150,1
5563,367,1572,0
5564,94,305,0
5565,356,1283,0
5566,757,123,1
5567,922,361,0
5568,66,480,1
5569,892,664,0
5570,936,1509,0
5571,684,1333,1
5572,221,1174,0
5573,1247,163,0
5574,86,1095,0
5575,722,855,1
5576,1081,968,1
5577,1197,86,1
5578,118,106,1
5579,66,1567,1
5580,940,1100,1
5581,1298,712,0
5582,722,319,1
5583,940,979,1
5584,386,730,1
5585,506,240,1
5586,550,1,0
5587,1120,873,0
5588,896,1499,0
5589,1122,1496,1
5590,958,899,0
5591,684,1335,1
5592,1164,1306,0
5593,911,285,0
5594,1284,1234,1
5595,669,71,1
5596,223,1325,0
5597,493,372,0
5598,940,1544,1
5599,478,1436,0
5600,892,79,0
5601,722,694,1
5602,1081,640,1
5603,1331,598,0
5604,388,1282,0
5605,738,594,0
5606,66,1424,0
5607,1494,347,0
5608,823,575,0
5609,251,509,0
5610,643,73,0
5611,1547,1464,1
5612,958,1589,0
5613,1269,623,0
5614,497,255,0
5615,853,26,0
5616,709,847,0
5617,1232,652,0
5618,951,768,0
5619,367,1390,0
5620,888,1435,0
5621,459,1234,0
5622,749,259,0
5623,866,767,0
5624,1514,1146,1
5625,1602,40,0
5626,394,759,0
5627,1284,1347,1
5628,1618,441,0
5629,300,397,0
5630,1303,796,0
5631,654,218,0
5632,1011,1352,1
5633,11,1416,1
5634,1077,1484,0
5635,189,1299,1
5636,1219,438,0
5637,547,815,0
5638,1494,1368,0
5639,1547,506,1
5640,981,1250,0
5641,757,863,1
5642,757,1213,1
5643,940,1582,1
5644,467,643,1
5645,118,1054,1
5646,1285,373,0
5647,757,1377,1
5648,506,545,1
5649,1539,1181,0
5650,208,563,0
5651,118,360,1
5652,118,1277,1
5653,985,1378,0
5654,774,948,0
5655,497,1225,0
5656,1127,1207,0
5657,1284,1348,1
5658,757,947,1
5659,822,1269,0
5660,1011,194,1
5661,704,1255,0
5662,757,1062,1
5663,1009,1134,0
5664,1020,943,0
5665,479,1161,0
5666,787,279,1
5667,66,1357,1
5668,467,844,1
5669,940,1045,1
5670,1207,806,1
5671,849,81,0
5672,722,1343,1
5673,1382,591,0
5674,722,895,1
5675,684,256,1
5676,722,1447,1
5677,684,249,1
5678,66,1214,1
5679,1298,1193,0
5680,386,858,1
5681,1563,1495,0
5682,547,1163,0
5683,654,1488,1
5684,369,1598,0
5685,722,1230,1
5686,1547,1569,1
5687,66,1380,1
5688,467,677,0
5689,189,1303,1
5690,1011,342,1
5691,1343,459,0
5692,1217,628,0
5693,757,724,1
5694,722,93,1
5695,204,509,0
5696,374,1112,0
5697,1207,1366,1
5698,912,1029,0
5699,757,549,1
5700,1494,658,0
5701,757,690,1
5702,1547,833,1
5703,1540,900,0
5704,1547,16,1
5705,189,907,1
5706,722,350,1
5707,1197,441,0
5708,722,1604,1
5709,940,605,1
5710,757,1005,1
5711,940,1342,1
5712,189,730,1
5713,722,1210,1
5714,1284,1212,1
5715,940,595,1
5716,486,1385,1
5717,1284,754,1
5718,1197,222,1
5719,1235,570,0
5720,275,746,0
5721,940,599,1
5722,189,1580,1
5723,324,1211,0
5724,1547,943,1
5725,757,1536,1
5726,840,170,0
5727,722,260,1
5728,781,517,0
5729,369,408,0
5730,1547,213,1
5731,1290,1574,0
5732,1008,1041,0
5733,757,954,1
5734,486,202,1
5735,722,1163,1
5736,1081,1493,1
5737,940,428,1
5738,722,837,1
5739,957,1063,0
5740,1407,749,0
5741,504,1366,0
5742,1072,1516,0
5743,366,757,0
5744,11,589,1
5745,1547,554,1
5746,722,1208,1
5747,722,1412,1
5748,722,804,1
5749,940,889,1
5750,430,502,0
5751,856,1015,0
5752,189,154,1
5753,1011,779,1
5754,757,580,1
5755,7,1172,0
5756,11,548,1
5757,428,1148,0
5758,66,971,1
5759,849,1516,0
5760,393,385,0
5761,1131,424,0
5762,757,1299,1
5763,118,996,1
5764,1149,643,0
5765,1505,336,1
5766,764,416,0
5767,189,1515,1
5768,1096,1348,0
5769,555,217,0
5770,1514,1580,1
5771,1547,1518,1
5772,902,13,0
5773,1179,1416,0
5774,1296,643,0
5775,888,1149,0
5776,467,406,1
5777,940,320,1
5778,492,1016,0
5779,211,839,0
5780,1524,1611,0
5781,757,603,1
5782,1547,1095,1
5783,1101,850,0
5784,1205,363,0
5785,722,1357,1
5786,677,864,0
5787,11,1242,1
5788,684,1032,1
5789,467,34,1
5790,1438,4,0
5791,1017,514,0
5792,1197,1046,1
5793,722,1064,1
5794,467,573,1
5795,684,852,1
5796,700,1390,0
5797,1197,669,1
5798,726,910,0
5799,940,156,1
5800,246,83,0
5801,1197,1005,1
5802,1118,642,0
5803,1547,26,1
5804,1547,961,1
5805,467,448,1
5806,153,1201,0
5807,1432,910,0
5808,551,1056,0
5809,594,1528,0
5810,826,1131,0
5811,311,854,0
5812,1011,1336,1
5813,66,1389,1
5814,554,889,0
5815,940,401,1
5816,677,1531,0
5817,1198,1352,0
5818,315,1335,0
5819,1547,878,0
5820,787,851,1
5821,66,651,1
5822,1321,281,0
5823,11,780,0
5824,58,146,0
5825,1505,883,1
5826,1285,589,0
5827,757,599,1
5828,1011,733,1
5829,1284,1084,1
5830,491,1379,1
5831,647,1417,0
5832,1284,660,1
5833,491,708,1
5834,1238,1543,0
5835,940,132,1
5836,189,222,1
5837,1194,74,0
5838,940,636,1
5839,189,1128,1
5840,684,1046,1
5841,1200,284,0
5842,940,535,1
5843,757,849,1
5844,467,1507,0
5845,283,519,0
5846,722,1175,1
5847,1283,276,0
5848,118,401,1
5849,1505,82,1
5850,648,1578,0
5851,467,1076,1
5852,1273,727,0
5853,722,650,1
5854,189,798,1
5855,736,1595,0
5856,11,1427,1
5857,761,884,0
5858,473,573,0
5859,1273,816,0
5860,722,750,1
5861,1547,829,1
5862,749,226,0
5863,506,170,1
5864,678,936,0
5865,787,839,1
5866,1073,1089,0
5867,440,320,0
5868,722,1015,1
5869,249,1594,0
5870,7,1169,0
5871,812,1053,1
5872,1576,460,0
5873,722,597,1
5874,940,776,1
5875,707,326,0
5876,1011,0,1
5877,1011,224,1
5878,467,1139,1
5879,1207,899,1
5880,1270,189,0
5881,150,119,0
5882,1011,751,1
5883,600,883,0
5884,486,1121,1
5885,1547,1409,1
5886,1457,1578,0
5887,1160,25,0
5888,1197,52,1
5889,592,1264,0
5890,30,485,0
5891,3,1446,0
5892,757,1354,1
5893,600,842,0
5894,654,71,1
5895,592,386,0
5896,1270,1079,0
5897,757,1194,1
5898,940,1552,1
5899,467,947,1
5900,826,88,0
5901,787,654,0
5902,1205,814,0
5903,89,369,0
5904,856,798,0
5905,1514,899,1
5906,1207,422,1
5907,722,892,1
5908,393,1030,0
5909,189,1512,0
5910,1284,1468,1
5911,1291,637,0
5912,1011,858,1
5913,1284,851,1
5914,684,52,1
5915,370,287,1
5916,1291,1004,0
5917,486,528,1
5918,1118,1380,0
5919,1197,1597,1
5920,427,788,0
5921,1388,241,0
5922,1239,1275,0
5923,525,807,0
5924,1425,1212,0
5925,757,787,1
5926,999,1611,0
5927,860,1002,0
5928,722,1346,1
5929,722,1238,1
5930,1222,1223,0
5931,722,191,1
5932,506,1260,1
5933,146,1222,0
5934,1547,460,1
5935,726,1332,0
5936,757,236,1
5937,722,1104,1
5938,1284,822,1
5939,1181,799,0
5940,510,1547,0
5941,467,1097,0
5942,1020,1096,0
5943,729,1446,0
5944,990,1489,0
5945,386,559,1
5946,17,491,0
5947,1547,616,1
5948,1284,1110,1
5949,1131,748,0
5950,1284,669,1
5951,1351,854,0
5952,1547,1208,1
5953,1207,1015,1
5954,684,602,1
5955,1122,1152,1
5956,757,261,1
5957,738,965,0
5958,940,1215,1
5959,1463,1474,0
5960,66,1005,1
5961,1547,1342,1
5962,407,1226,0
5963,867,505,0
5964,108,753,0
5965,924,136,0
5966,915,947,0
5967,1223,176,0
5968,189,1104,1
5969,387,438,0
5970,757,1493,1
5971,212,702,0
5972,1298,395,0
5973,757,1122,1
5974,770,888,0
5975,648,570,0
5976,1011,1355,1
5977,1131,494,0
5978,722,9,1
5979,722,1619,1
5980,386,1122,1
5981,748,860,0
5982,1558,1456,0
5983,1008,1520,0
5984,1341,1251,0
5985,826,591,0
5986,925,1382,0
5987,11,433,1
5988,1547,1074,1
5989,315,1387,0
5990,722,1243,1
5991,11,608,1
5992,11,1475,1
5993,1566,937,0
5994,722,1413,1
5995,985,1591,0
5996,722,548,1
5997,1367,180,0
5998,275,34,0
5999,486,171,1
6000,1207,579,1
6001,118,1045,1
6002,757,1444,1
6003,547,396,0
6004,1547,95,1
6005,264,1484,0
6006,757,153,1
6007,1200,19,1
6008,1011,1586,1
6009,940,602,1
6010,1547,619,1
6011,981,87,0
6012,142,323,0
6013,66,224,1
6014,722,418,1
6015,1489,1124,0
6016,1284,938,1
6017,684,1167,1
6018,467,584,1
6019,118,1013,1
6020,1197,1027,1
6021,1547,1163,1
6022,1107,1036,0
6023,1289,861,0
6024,7,1271,0
6025,1212,390,0
6026,66,211,1
6027,1284,492,0
6028,1269,1324,0
6029,1197,1465,1
6030,1086,978,0
6031,1088,1493,0
6032,211,477,0
6033,1296,1412,0
6034,787,16,1
6035,964,513,0
6036,1072,989,1
6037,1388,1423,0
6038,467,806,1
6039,787,770,1
6040,1547,1151,1
6041,1180,495,0
6042,11,1604,0
6043,1284,309,1
6044,1514,1061,1
6045,108,1598,0
6046,722,1610,1
6047,467,1141,1
6048,1008,136,0
6049,665,751,0
6050,180,1231,0
6051,958,1125,0
6052,564,22,0
6053,700,404,0
6054,249,240,0
6055,738,143,0
6056,393,1200,0
6057,1011,516,1
6058,722,328,1
6059,386,1206,1
6060,1565,1502,0
6061,1547,1203,1
6062,804,1165,0
6063,1205,1396,0
6064,100,1321,0
6065,66,880,1
6066,757,1095,1
6067,491,420,1
6068,1547,433,1
6069,1547,20,1
6070,427,698,0
6071,684,38,1
6072,1496,1405,0
6073,196,1562,0
6074,1148,1232,0
6075,467,558,1
6076,757,1496,1
6077,940,284,1
6078,394,1319,0
6079,1505,1333,1
6080,13,1451,0
6081,785,952,0
6082,378,575,0
6083,408,531,0
6084,840,328,0
6085,738,920,0
6086,442,262,0
6087,370,754,1
6088,1284,12,1
6089,787,202,1
6090,1037,1387,0
6091,1386,870,0
6092,1191,508,0
6093,940,506,1
6094,1290,1391,0
6095,1570,714,0
6096,1284,444,1
6097,757,316,1
6098,684,1443,1
6099,506,1440,0
6100,757,978,1
6101,370,1215,1
6102,11,20,1
6103,1343,1366,0
6104,1284,631,1
6105,189,64,1
6106,654,1523,1
6107,1190,178,0
6108,1072,765,1
6109,1298,1069,0
6110,43,822,0
6111,260,667,0
6112,1383,82,0
6113,118,319,1
6114,486,636,1
6115,378,808,0
6116,445,1376,0
6117,624,856,0
6118,486,1261,1
6119,761,43,0
6120,1356,601,0
6121,460,1545,0
6122,1059,546,0
6123,1207,652,1
6124,757,1442,1
6125,1037,699,0
6126,318,794,0
6127,1230,737,0
6128,1547,1083,1
6129,578,1543,0
6130,208,738,0
6131,1197,701,1
6132,1011,293,1
6133,1246,232,0
6134,846,1388,0
6135,940,1058,1
6136,66,310,1
6137,1425,1602,0
6138,467,1414,1
6139,940,574,1
6140,1284,464,1
6141,893,249,0
6142,1547,954,1
6143,757,282,1
6144,1547,1142,1
6145,32,1493,1
6146,940,128,1
6147,1480,1293,0
6148,1284,1445,1
6149,726,724,0
6150,1488,992,0
6151,1304,1316,0
6152,1341,444,0
6153,478,734,0
6154,120,1612,0
6155,1553,1221,0
6156,150,986,0
6157,860,1175,0
6158,1046,1463,0
6159,1221,948,0
6160,66,473,1
6161,146,1516,0
6162,722,861,1
6163,906,941,0
6164,757,480,1
6165,1547,71,1
6166,1425,383,0
6167,386,1295,1
6168,1547,1282,1
6169,940,569,1
6170,11,1597,1
6171,834,729,0
6172,1284,1203,1
6173,467,895,1
6174,1284,447,1
6175,403,301,0
6176,1547,1530,1
6177,32,898,1
6178,801,280,0
6179,886,1333,0
6180,722,815,1
6181,821,757,0
6182,1207,1342,1
6183,1617,1288,0
6184,467,1099,1
6185,940,863,1
6186,189,548,1
6187,757,609,1
6188,1565,560,0
6189,940,1072,1
6190,1564,1558,0
6191,995,519,0
6192,467,836,1
6193,608,1554,1
6194,654,260,1
6195,1505,648,1
6196,940,851,1
6197,356,1446,0
6198,182,924,0
6199,66,238,1
6200,551,890,0
6201,940,558,1
6202,185,202,0
6203,1207,1084,1
6204,757,254,1
6205,1194,441,0
6206,1157,350,0
6207,722,462,1
6208,940,1244,1
6209,189,438,1
6210,940,754,1
6211,1207,390,1
6212,275,1599,0
6213,1265,1197,0
6214,757,1125,1
6215,504,1040,0
6216,386,839,1
6217,100,274,0
6218,1011,57,1
6219,1146,327,0
6220,1291,536,0
6221,94,1529,0
6222,370,687,1
6223,66,972,1
6224,1547,965,1
6225,1505,650,1
6226,361,522,0
6227,29,1404,0
6228,1200,1206,1
6229,654,1131,0
6230,1290,1462,0
6231,1504,72,0
6232,32,595,1
6233,1077,1571,0
6234,861,1268,0
6235,1284,701,1
6236,1352,1147,0
6237,1198,68,0
6238,1344,352,0
6239,45,836,0
6240,1039,517,0
6241,757,827,1
6242,722,506,1
6243,4,731,0
6244,864,1300,0
6245,13,88,0
6246,812,811,0
6247,1388,800,0
6248,1216,579,0
6249,722,880,1
6250,1239,805,0
6251,1212,290,0
6252,467,1346,1
6253,863,171,0
6254,940,779,1
6255,370,723,1
6256,757,1088,1
6257,1505,1023,1
6258,1351,193,0
6259,661,1327,0
6260,1284,627,1
6261,757,605,1
6262,1415,142,1
6263,66,1366,1
6264,1284,605,1
6265,386,880,1
6266,467,1172,1
6267,554,1129,0
6268,66,75,1
6269,1207,865,1
6270,169,1328,0
6271,1284,511,1
6272,1011,503,1
6273,1284,1580,1
6274,757,1023,1
6275,467,249,1
6276,229,1150,0
6277,773,366,0
6278,757,1,1
6279,1463,912,0
6280,1197,940,1
6281,66,1045,1
6282,1505,879,1
6283,637,1168,0
6284,118,1387,1
6285,788,537,0
6286,699,1473,0
6287,722,1469,1
6288,1247,98,0
6289,940,1134,1
6290,885,1051,0
6291,951,742,0
6292,1349,1322,0
6293,211,791,0
6294,866,227,0
6295,912,248,0
6296,787,514,1
6297,1368,682,0
6298,533,679,0
6299,467,318,1
6300,722,1209,1
6301,1240,1170,0
6302,1351,349,0
6303,467,156,1
6304,66,684,1
6305,318,282,0
6306,1136,1225,0
6307,940,838,1
6308,264,1138,0
6309,58,821,0
6310,684,898,1
6311,757,997,1
6312,757,839,1
6313,364,968,0
6314,11,1046,1
6315,940,750,1
6316,757,896,1
6317,467,1058,1
6318,722,654,1
6319,1607,348,0
6320,1207,970,1
6321,749,1327,0
6322,30,982,0
6323,356,1152,0
6324,1197,966,1
6325,369,982,0
6326,557,783,0
6327,1459,1501,0
6328,467,862,1
6329,1602,1382,0
6330,722,1165,1
6331,722,1046,1
6332,757,1173,1
6333,1223,131,0
6334,229,1380,0
6335,757,804,1
6336,32,93,0
6337,381,1469,0
6338,722,614,1
6339,196,1377,0
6340,386,328,1
6341,672,658,0
6342,1520,390,0
6343,1543,856,0
6344,118,238,1
6345,787,255,1
6346,915,1357,0
6347,360,0,0
6348,467,1083,1
6349,384,130,0
6350,386,1207,1
6351,722,1011,1
6352,1284,1103,1
6353,1072,819,1
6354,1239,1022,0
6355,473,883,0
6356,1270,845,0
6357,654,1121,1
6358,958,1207,0
6359,252,670,0
6360,823,1445,0
6361,1284,1415,1
6362,1230,782,0
6363,1322,515,0
6364,757,905,1
6365,1284,1183,1
6366,1501,1526,0
6367,940,1251,1
6368,467,435,1
6369,940,1530,1
6370,1547,1015,1
6371,940,114,1
6372,757,906,1
6373,1186,1312,0
6374,1011,1582,1
6375,66,471,1
6376,857,421,0
6377,1571,1354,0
6378,749,231,0
6379,1291,238,0
6380,297,442,0
6381,66,807,1
6382,1011,744,1
6383,822,721,0
6384,1437,840,0
6385,865,845,0
6386,1111,105,0
6387,1284,818,1
6388,848,464,0
6389,154,1212,0
6390,1232,1312,0
6391,940,652,1
6392,66,474,1
6393,1381,1302,0
6394,866,1020,0
6395,749,1556,0
6396,491,150,1
6397,757,1011,1
6398,264,703,0
6399,386,802,1
6400,189,631,1
6401,1505,750,1
6402,100,460,0
6403,1368,391,0
6404,1299,500,0
6405,318,1574,0
6406,1122,303,1
6407,1216,723,0
6408,940,820,1
6409,1207,1035,1
6410,1284,179,1
6411,788,78,0
6412,761,376,0
6413,1571,512,0
6414,66,669,1
6415,1547,1335,1
6416,370,203,1
6417,69,1193,0
6418,315,473,0
6419,1325,404,0
6420,940,267,1
6421,861,859,0
6422,940,1194,1
6423,189,1160,1
6424,84,1506,0
6425,1511,175,0
6426,722,754,1
6427,69,1571,0
6428,1437,328,0
6429,251,308,0
6430,757,858,1
6431,1384,1009,0
6432,1284,68,1
6433,722,411,1
6434,1497,819,0
6435,1547,264,1
6436,925,988,0
6437,1284,904,1
6438,757,315,1
6439,120,1560,0
6440,708,1508,0
6441,1052,520,0
6442,386,805,1
6443,66,1604,1
6444,1059,1008,0
6445,1072,1447,1
6446,1505,1089,1
6447,1011,1049,1
6448,757,267,1
6449,467,1431,1
6450,757,1411,1
6451,1565,1214,0
6452,1164,593,0
6453,638,551,0
6454,787,1354,1
6455,1547,1460,1
6456,1451,1330,0
6457,1284,316,1
6458,373,181,0
6459,1547,760,1
6460,1197,472,1
6461,1011,705,1
6462,118,1141,1
6463,654,819,1
6464,1377,1405,0
6465,30,1158,0
6466,757,629,1
6467,940,292,1
6468,722,222,1
6469,1011,35,1
6470,940,529,1
6471,599,1609,0
6472,1284,4,1
6473,1184,394,0
6474,1284,526,1
6475,983,21,0
6476,684,660,1
6477,118,1294,1
6478,160,56,0
6479,940,1592,1
6480,229,2,0
6481,949,1364,0
6482,1505,517,1
6483,370,204,0
6484,940,203,1
6485,1505,1043,1
6486,722,458,1
6487,486,1260,1
6488,1585,1134,1
6489,386,95,1
6490,1503,843,0
6491,1018,1591,0
6492,387,1467,0
6493,66,273,1
6494,757,1155,1
6495,953,1464,0
6496,1566,636,0
6497,940,234,1
6498,1576,974,0
6499,256,410,0
6500,1011,1044,1
6501,849,168,0
6502,1415,704,1
6503,1195,1434,0
6504,722,979,1
6505,1284,458,1
6506,669,1348,1
6507,811,1567,0
6508,1183,687,0
6509,467,839,1
6510,940,1172,1
6511,888,1105,0
6512,1483,942,0
6513,940,919,1
6514,199,875,0
6515,787,947,1
6516,867,19,0
6517,1480,191,0
6518,569,898,0
6519,940,1088,1
6520,1080,1224,0
6521,552,1558,0
6522,762,315,0
6523,467,1410,1
6524,1382,769,0
6525,54,1321,0
6526,486,1489,1
6527,86,645,0
6528,951,1526,0
6529,1011,674,1
6530,567,173,0
6531,275,680,0
6532,940,150,1
6533,155,1375,0
6534,1207,610,1
6535,757,808,1
6536,1178,1581,0
6537,50,327,0
6538,153,15,0
6539,750,326,0
6540,757,1254,1
6541,323,160,0
6542,722,1577,1
6543,1011,627,1
6544,995,1261,0
6545,1505,1568,1
6546,386,693,1
6547,684,1611,1
6548,1235,1025,0
6549,1370,621,0
6550,1072,239,1
6551,731,226,0
6552,467,582,1
6553,1524,923,0
6554,333,961,0
6555,1454,379,0
6556,467,1284,1
6557,386,950,1
6558,851,1503,0
6559,1344,729,0
6560,533,20,0
6561,940,1234,1
6562,722,377,1
6563,467,1072,1
6564,386,522,1
6565,1197,754,1
6566,69,1329,0
6567,1286,399,0
6568,757,659,1
6569,1172,1273,0
6570,1497,1343,0
6571,814,876,0
6572,324,1054,0
6573,1197,1295,1
6574,678,623,0
6575,275,1190,0
6576,250,1605,0
6577,1284,1326,1
6578,962,1523,0
6579,1501,1102,0
6580,1368,1586,0
6581,684,828,1
6582,849,1190,0
6583,118,234,1
6584,229,258,0
6585,1273,1067,0
6586,1212,1327,0
6587,221,898,0
6588,506,940,1
6589,1059,18,0
6590,801,1065,0
6591,722,435,1
6592,1350,52,0
6593,1547,599,1
6594,757,994,1
6595,1284,1470,1
6596,1547,1468,1
6597,506,1473,1
6598,757,1512,1
6599,1207,276,1
6600,1011,264,1
6601,812,554,0
6602,1547,1242,1
6603,32,1427,1
6604,1122,69,0
6605,650,1039,0
6606,757,514,1
6607,1284,116,1
6608,506,807,1
6609,1505,858,1
6610,118,572,1
6611,1230,572,0
6612,940,809,1
6613,1207,491,1
6614,1284,234,1
6615,1511,83,0
6616,995,357,0
6617,1547,1372,1
6618,1011,846,1
6619,757,1434,1
6620,722,1455,1
6621,569,1202,0
6622,66,832,1
6623,246,1010,0
6624,1296,1165,0
6625,1207,827,1
6626,1011,1099,1
6627,648,1486,0
6628,595,756,0
6629,1395,1596,0
6630,1164,1160,0
6631,506,608,1
6632,164,1365,0
6633,370,915,1
6634,1122,631,1
6635,1322,273,0
6636,861,1100,0
6637,980,1502,0
6638,897,1540,0
6639,803,51,0
6640,214,682,0
6641,66,371,1
6642,951,93,0
6643,1386,1619,0
6644,1524,792,0
6645,172,145,0
6646,722,1276,1
6647,1284,1154,1
6648,491,1034,0
6649,757,377,1
6650,323,870,0
6651,467,1035,1
6652,337,1087,0
6653,7,1565,0
6654,486,311,1
6655,708,1141,0
6656,911,1031,0
6657,1184,161,0
6658,1547,978,1
6659,980,113,0
6660,1195,380,0
6661,608,333,1
6662,486,857,0
6663,675,22,0
6664,1088,807,0
6665,761,210,0
6666,1547,551,1
6667,1284,171,1
6668,1028,1355,0
6669,459,1518,0
6670,486,293,0
6671,1195,1196,0
6672,671,961,0
6673,1290,742,0
6674,364,674,0
6675,66,241,1
6676,486,658,1
6677,1291,1511,0
6678,872,600,0
6679,189,539,1
6680,1314,354,0
6681,11,919,1
6682,387,431,0
6683,1247,278,0
6684,722,1087,1
6685,608,721,1
6686,443,1354,0
6687,1197,1219,1
6688,467,57,1
6689,467,1372,1
6690,311,194,0
6691,450,503,0
6692,892,1085,0
6693,1511,637,0
6694,1160,1348,0
6695,596,12,0
6696,440,1394,0
6697,189,1141,1
6698,757,1117,1
6699,467,89,1
6700,318,237,0
6701,787,594,1
6702,189,1547,1
6703,260,230,0
6704,386,1183,1
6705,608,866,1
6706,1122,1207,1
6707,1059,1322,0
6708,32,684,0
6709,940,1460,1
6710,185,76,0
6711,1207,185,1
6712,467,458,1
6713,585,29,0
6714,948,293,0
6715,506,1346,1
6716,671,1085,0
6717,990,480,0
6718,801,553,0
6719,1284,460,1
6720,370,499,1
6721,66,693,1
6722,812,336,1
6723,1524,674,0
6724,1478,773,0
6725,1011,260,1
6726,672,1262,0
6727,66,352,1
6728,676,1381,0
6729,1284,857,1
6730,940,949,1
6731,223,969,0
6732,189,1213,1
6733,144,262,0
6734,1088,139,0
6735,467,814,1
6736,370,989,1
6737,1001,834,0
6738,787,35,1
6739,158,506,0
6740,66,1432,1
6741,644,1313,0
6742,1547,1498,0
6743,722,1224,1
6744,452,1225,0
6745,757,636,1
6746,834,266,0
6747,369,1318,0
6748,1011,600,1
6749,1594,1573,0
6750,757,418,1
6751,136,1171,0
6752,722,941,1
6753,161,1237,0
6754,172,778,0
6755,274,951,0
6756,198,764,0
6757,663,1419,0
6758,358,184,0
6759,1200,961,1
6760,246,1393,0
6761,519,36,0
6762,1212,885,0
6763,812,600,1
6764,189,1315,1
6765,1197,477,1
6766,1073,462,0
6767,1447,843,0
6768,1505,64,1
6769,1011,1534,1
6770,599,1089,0
6771,1197,808,1
6772,858,1561,0
6773,1284,261,1
6774,1514,1133,1
6775,637,206,0
6776,1378,1292,0
6777,598,1567,0
6778,1297,432,0
6779,1618,1250,0
6780,940,1231,1
6781,66,1073,1
6782,684,193,1
6783,45,33,0
6784,940,670,1
6785,486,485,1
6786,128,454,0
6787,1222,1539,0
6788,654,1447,1
6789,266,316,0
6790,600,952,0
6791,940,1068,1
6792,1547,1064,1
6793,751,430,0
6794,1011,764,1
6795,43,205,0
6796,58,1022,0
6797,144,1164,0
6798,812,658,1
6799,1415,351,0
6800,314,167,0
6801,189,602,1
6802,893,896,0
6803,940,437,1
6804,757,1396,1
6805,948,824,0
6806,467,1586,1
6807,1547,1133,1
6808,386,11,1
6809,478,563,0
6810,1585,486,1
6811,644,1305,0
6812,66,1206,1
6813,1505,1428,1
6814,812,573,1
6815,1239,297,0
6816,1359,1392,0
6817,11,1284,1
6818,189,1442,1
6819,757,1175,1
6820,1197,260,1
6821,684,808,1
6822,1197,1606,1
6823,722,1295,1
6824,1284,91,1
6825,722,425,1
6826,525,20,0
6827,478,995,0
6828,757,1341,1
6829,106,613,0
6830,1284,821,1
6831,1494,1532,0
6832,1493,248,0
6833,386,622,1
6834,467,510,1
6835,486,150,1
6836,1547,77,1
6837,1580,167,0
6838,757,706,1
6839,787,567,1
6840,1011,116,1
6841,506,293,1
6842,940,950,1
6843,787,257,1
6844,1197,744,1
6845,1505,1303,1
6846,940,225,1
6847,1284,1044,1
6848,757,1263,1
6849,1504,493,0
6850,336,83,0
6851,648,869,0
6852,118,170,1
6853,553,1035,0
6854,940,1021,1
6855,182,146,0
6856,1364,303,0
6857,398,1144,0
6858,722,373,1
6859,1331,360,0
6860,722,1093,1
6861,66,675,1
6862,467,1611,1
6863,1011,172,1
6864,757,507,1
6865,386,713,1
6866,856,219,0
6867,374,1586,0
6868,1463,911,0
6869,1398,100,0
6870,1037,614,0
6871,1284,634,1
6872,405,95,0
6873,1001,1175,0
6874,757,1336,1
6875,995,62,0
6876,867,488,0
6877,1071,1198,0
6878,736,1250,0
6879,66,563,1
