,TF,Target
0,17,1050
1,17,877
2,17,704
3,17,686
4,17,288
5,17,433
6,17,913
7,17,447
8,17,599
9,17,1038
10,17,541
11,17,867
12,17,1037
13,17,1026
14,17,796
15,17,732
16,17,1028
17,17,512
18,17,183
19,17,188
20,17,63
21,17,151
22,17,976
23,17,216
24,17,749
25,17,158
26,17,137
27,17,226
28,17,458
29,17,643
30,17,1009
31,17,1065
32,17,15
33,17,409
34,17,626
35,17,923
36,17,1008
37,17,918
38,17,451
39,17,47
40,17,103
41,17,438
42,17,394
43,17,267
44,17,549
45,17,437
46,17,401
47,17,533
48,17,326
49,17,249
50,17,835
51,17,774
52,17,19
53,17,687
54,17,283
55,17,983
56,17,969
57,17,68
58,17,161
59,17,274
60,17,650
61,17,232
62,17,245
63,17,524
64,17,790
65,17,588
66,17,922
67,17,791
68,17,1104
69,17,939
70,17,823
71,17,219
72,17,280
73,17,445
74,17,370
75,17,907
76,17,589
77,17,124
78,17,1089
79,17,909
80,17,281
81,17,130
82,17,703
83,17,75
84,17,929
85,17,889
86,17,296
87,17,605
88,17,269
89,17,639
90,17,1066
91,17,688
92,17,1095
93,17,1013
94,17,971
95,17,92
96,17,382
97,17,654
98,17,194
99,17,1041
100,17,51
101,17,167
102,17,89
103,17,515
104,17,377
105,17,185
106,17,1097
107,17,1096
108,17,896
109,17,793
110,17,415
111,17,1091
112,17,928
113,17,1078
114,17,1092
115,17,323
116,17,1082
117,17,873
118,17,228
119,17,727
120,17,620
121,17,378
122,17,1039
123,17,263
124,17,616
125,17,221
126,17,1076
127,17,977
128,17,264
129,17,149
130,17,831
131,17,192
132,17,379
133,17,205
134,17,674
135,17,444
136,17,434
137,17,507
138,17,38
139,17,989
140,17,752
141,17,471
142,17,568
143,17,624
144,17,74
145,17,908
146,17,826
147,17,121
148,17,13
149,17,1022
150,17,1071
151,17,469
152,17,203
153,17,472
154,17,342
155,17,511
156,17,1128
157,17,403
158,17,697
159,17,651
160,17,744
161,17,755
162,17,696
163,17,337
164,17,741
165,17,407
166,17,114
167,17,621
168,17,1033
169,17,187
170,17,312
171,17,578
172,17,282
173,17,982
174,17,202
175,17,422
176,17,494
177,17,994
178,17,493
179,17,501
180,17,763
181,17,262
182,17,740
183,17,95
184,17,479
185,17,1077
186,17,824
187,17,797
188,17,772
189,17,261
190,17,273
191,17,466
192,17,391
193,17,250
194,17,713
195,17,1083
196,17,640
197,17,820
198,17,536
199,17,546
200,17,313
201,17,655
202,17,224
203,17,1054
204,17,36
205,17,99
206,17,821
207,17,714
208,17,418
209,17,7
210,17,719
211,17,762
212,17,811
213,17,619
214,17,857
215,17,26
216,17,6
217,17,1055
218,17,615
219,17,871
220,17,298
221,17,799
222,17,5
223,17,991
224,17,935
225,17,669
226,17,806
227,17,459
228,17,34
229,17,439
230,17,1113
231,17,815
232,17,1056
233,17,888
234,17,917
235,17,680
236,17,380
237,17,117
238,17,957
239,17,60
240,17,661
241,17,1052
242,17,874
243,17,1126
244,17,1031
245,17,1100
246,17,404
247,17,430
248,17,590
249,17,722
250,17,864
251,17,865
252,17,636
253,17,309
254,17,49
255,17,303
256,17,724
257,17,778
258,17,299
259,17,61
260,17,134
261,17,958
262,17,252
263,17,136
264,17,735
265,17,155
266,17,157
267,17,840
268,17,858
269,17,182
270,17,233
271,17,443
272,17,1032
273,17,427
274,17,102
275,17,31
276,17,718
277,17,460
278,17,760
279,17,211
280,17,649
281,17,886
282,17,745
283,17,340
284,17,612
285,17,487
286,17,199
287,17,223
288,17,545
289,17,695
290,17,154
291,17,376
292,17,351
293,17,306
294,17,988
295,17,731
296,17,822
297,17,423
298,17,776
299,17,1007
300,17,96
301,17,293
302,17,940
303,17,441
304,17,882
305,17,23
306,17,573
307,17,711
308,17,1064
309,17,592
310,17,1081
311,17,853
312,17,319
313,17,875
314,17,419
315,17,950
316,17,785
317,17,742
318,17,44
319,17,90
320,17,1098
321,17,561
322,17,198
323,17,954
324,17,692
325,17,782
326,17,369
327,17,899
328,17,491
329,17,112
330,17,956
331,17,895
332,17,356
333,17,743
334,17,970
335,17,53
336,17,802
337,17,647
338,17,611
339,17,978
340,17,574
341,17,1034
342,17,160
343,17,200
344,17,959
345,17,644
346,17,237
347,17,307
348,17,106
349,17,330
350,17,520
351,17,891
352,17,583
353,17,659
354,17,477
355,17,564
356,17,204
357,17,604
358,17,965
359,17,990
360,17,1059
361,17,275
362,17,850
363,17,673
364,17,260
365,17,144
366,17,291
367,17,579
368,17,450
369,17,676
370,17,1014
371,17,1027
372,17,235
373,17,128
374,17,734
375,17,730
376,17,1099
377,17,838
378,17,955
379,17,43
380,17,420
381,17,807
382,17,1023
383,17,581
384,17,163
385,17,993
386,17,1090
387,17,788
388,17,554
389,17,861
390,17,892
391,17,1017
392,17,465
393,17,77
394,17,108
395,17,609
396,17,83
397,17,70
398,17,910
399,17,341
400,17,930
401,17,675
402,17,667
403,17,855
404,17,863
405,17,1010
406,17,191
407,17,119
408,17,476
409,17,747
410,17,120
411,17,389
412,17,964
413,17,289
414,17,702
415,17,165
416,17,366
417,17,123
418,17,215
419,17,196
420,17,387
421,17,87
422,17,173
423,17,266
424,17,428
425,17,1123
426,17,1058
427,17,176
428,17,197
429,17,1019
430,17,287
431,17,208
432,17,595
433,17,29
434,17,766
435,17,328
436,17,792
437,17,856
438,17,162
439,17,780
440,17,816
441,17,424
442,17,860
443,17,218
444,17,544
445,17,1103
446,17,1018
447,17,839
448,17,381
449,17,833
450,17,648
451,17,726
452,17,236
453,17,530
454,17,901
455,17,347
456,17,343
457,17,457
458,17,1025
459,17,320
460,17,20
461,17,597
462,17,222
463,17,694
464,17,308
465,17,393
466,17,168
467,17,101
468,17,150
469,17,700
470,17,499
471,17,526
472,17,498
473,17,786
474,17,175
475,17,91
476,17,169
477,17,754
478,17,706
479,17,765
480,17,358
481,17,810
482,17,311
483,17,88
484,17,672
485,17,516
486,17,348
487,17,448
488,17,572
489,17,217
490,17,996
491,17,532
492,17,585
493,17,145
494,17,682
495,17,16
496,17,25
497,17,723
498,17,82
499,17,902
500,17,435
501,17,336
502,17,1042
503,17,239
504,17,784
505,17,118
506,17,159
507,17,139
508,17,146
509,17,473
510,17,100
511,17,1067
512,17,54
513,17,189
514,17,338
515,17,575
516,17,411
517,17,492
518,17,230
519,17,562
520,17,214
521,17,227
522,17,475
523,17,924
524,17,324
525,17,190
526,17,598
527,17,945
528,17,759
529,17,46
530,17,9
531,17,240
532,17,64
533,17,699
534,17,925
535,17,73
536,17,656
537,17,962
538,17,1119
539,17,66
540,17,468
541,17,446
542,17,317
543,17,893
544,17,862
545,17,153
546,17,794
547,17,880
548,17,142
549,17,809
550,17,286
551,17,489
552,17,952
553,17,832
554,17,781
555,17,294
556,17,617
557,17,1120
558,17,138
559,17,997
560,17,272
561,17,779
562,17,944
563,17,383
564,17,947
565,17,1060
566,17,652
567,17,698
568,17,1
569,17,577
570,17,8
571,17,817
572,17,133
573,17,207
574,17,48
575,17,105
576,17,416
577,17,819
578,17,502
579,17,32
580,17,332
581,17,535
582,17,961
583,17,1045
584,17,608
585,17,770
586,17,429
587,17,986
588,17,800
589,17,352
590,17,836
591,17,301
592,17,405
593,17,514
594,17,678
595,17,539
596,17,657
597,17,290
598,17,85
599,17,510
600,17,1116
601,17,321
602,17,305
603,17,30
604,17,374
605,17,936
606,17,1046
607,17,787
608,17,646
609,17,1020
610,17,410
611,17,442
612,17,625
613,17,396
614,17,212
615,17,614
616,17,529
617,17,571
618,17,690
619,17,461
620,17,80
621,17,268
622,17,869
623,17,708
624,17,1127
625,17,1130
626,17,885
627,101,468
628,101,1024
629,101,893
630,101,787
631,101,597
632,101,589
633,101,828
634,101,905
635,101,207
636,101,626
637,101,21
638,101,17
639,101,924
640,101,143
641,101,752
642,101,774
643,101,891
644,101,788
645,101,792
646,101,218
647,101,386
648,101,844
649,101,54
650,101,476
651,101,763
652,101,778
653,101,692
654,101,878
655,101,132
656,101,359
657,101,306
658,101,867
659,101,655
660,101,138
661,101,695
662,101,188
663,101,298
664,101,239
665,101,658
666,101,504
667,101,285
668,101,1063
669,101,237
670,101,913
671,101,588
672,101,451
673,101,446
674,101,544
675,101,272
676,101,663
677,101,818
678,101,644
679,101,743
680,101,471
681,101,686
682,101,283
683,101,133
684,101,592
685,101,1
686,101,459
687,101,681
688,101,848
689,101,671
690,101,196
691,101,337
692,101,918
693,101,682
694,101,147
695,101,418
696,101,131
697,101,806
698,101,44
699,101,917
700,101,849
701,101,949
702,101,1103
703,101,1080
704,101,158
705,101,1046
706,101,971
707,101,215
708,101,155
709,101,822
710,101,586
711,101,252
712,101,168
713,101,209
714,101,342
715,101,606
716,101,929
717,101,93
718,101,522
719,101,1131
720,101,813
721,101,51
722,101,706
723,101,191
724,101,812
725,101,794
726,101,598
727,101,183
728,101,279
729,101,134
730,101,652
731,101,636
732,101,343
733,101,87
734,101,430
735,101,997
736,101,159
737,101,47
738,101,442
739,101,150
740,101,751
741,101,703
742,101,641
743,101,928
744,101,530
745,101,63
746,101,956
747,101,104
748,101,402
749,101,651
750,101,981
751,101,491
752,101,165
753,101,884
754,101,433
755,101,769
756,101,582
757,101,429
758,101,772
759,101,250
760,101,563
761,101,434
762,101,284
763,188,149
764,188,974
765,188,36
766,188,228
767,188,886
768,188,343
769,188,319
770,188,793
771,188,621
772,188,768
773,188,176
774,188,265
775,188,984
776,188,1078
777,188,1056
778,188,220
779,188,777
780,188,948
781,188,258
782,188,739
783,188,344
784,188,108
785,188,1018
786,188,730
787,188,449
788,188,955
789,188,797
790,188,825
791,188,791
792,188,942
793,188,442
794,188,746
795,188,272
796,188,689
797,188,503
798,188,1000
799,188,706
800,188,996
801,188,427
802,188,271
803,188,367
804,188,603
805,188,100
806,188,672
807,188,1063
808,188,654
809,188,580
810,188,630
811,188,288
812,188,164
813,188,632
814,188,402
815,188,360
816,188,839
817,188,711
818,188,1097
819,188,900
820,188,281
821,188,1045
822,188,650
823,188,626
824,188,868
825,188,1041
826,188,925
827,188,1108
828,188,419
829,188,21
830,188,147
831,188,1088
832,188,165
833,188,589
834,188,264
835,188,994
836,188,210
837,188,349
838,188,733
839,188,59
840,188,448
841,188,1034
842,188,317
843,188,647
844,188,613
845,188,517
846,188,875
847,188,145
848,188,47
849,188,864
850,188,794
851,188,845
852,188,607
853,188,1031
854,188,894
855,188,12
856,188,112
857,188,1032
858,188,1019
859,188,598
860,188,43
861,188,989
862,188,744
863,188,504
864,188,89
865,188,1100
866,188,833
867,188,175
868,188,513
869,188,17
870,188,565
871,188,1093
872,188,1047
873,188,8
874,188,850
875,188,196
876,188,520
877,188,821
878,188,238
879,188,500
880,188,242
881,188,822
882,188,468
883,188,956
884,188,133
885,188,103
886,188,951
887,188,1095
888,188,709
889,188,1060
890,188,620
891,188,959
892,188,1016
893,188,671
894,188,1083
895,188,454
896,188,391
897,188,496
898,188,291
899,188,523
900,188,109
901,188,323
902,188,267
903,188,483
904,188,373
905,188,1023
906,188,818
907,188,862
908,188,97
909,188,50
910,188,1024
911,188,1124
912,188,1049
913,188,411
914,188,991
915,188,946
916,188,587
917,188,307
918,188,1112
919,188,233
920,188,934
921,188,737
922,188,716
923,188,49
924,188,140
925,188,62
926,188,38
927,188,596
928,188,502
929,188,550
930,188,91
931,188,628
932,188,880
933,188,386
934,188,700
935,188,807
936,188,374
937,188,260
938,188,1082
939,188,3
940,188,235
941,188,241
942,188,752
943,188,527
944,188,446
945,188,184
946,188,799
947,188,779
948,188,139
949,188,677
950,188,154
951,188,622
952,188,688
953,188,214
954,188,704
955,188,578
956,188,433
957,188,217
958,188,357
959,188,1046
960,188,1109
961,188,286
962,188,542
963,188,431
964,188,788
965,188,859
966,188,666
967,188,815
968,188,1119
969,188,1029
970,188,202
971,188,192
972,188,533
973,188,384
974,188,430
975,188,65
976,188,489
977,188,497
978,188,285
979,188,857
980,188,848
981,188,543
982,188,592
983,188,90
984,188,963
985,188,624
986,188,1062
987,188,571
988,188,702
989,188,27
990,188,769
991,188,771
992,188,28
993,188,1068
994,188,724
995,188,1114
996,188,444
997,188,516
998,188,757
999,188,179
1000,188,658
1001,188,78
1002,188,967
1003,188,535
1004,188,287
1005,188,256
1006,188,774
1007,188,85
1008,188,1061
1009,188,611
1010,188,26
1011,188,1107
1012,188,965
1013,188,903
1014,188,670
1015,188,420
1016,188,465
1017,188,971
1018,188,512
1019,188,382
1020,188,993
1021,188,160
1022,188,113
1023,188,652
1024,188,329
1025,188,393
1026,188,756
1027,188,488
1028,188,1010
1029,188,910
1030,188,447
1031,188,80
1032,188,534
1033,188,1074
1034,188,1058
1035,188,153
1036,188,514
1037,188,189
1038,188,1067
1039,188,860
1040,188,306
1041,188,762
1042,188,88
1043,188,642
1044,188,947
1045,188,805
1046,188,583
1047,188,299
1048,188,790
1049,188,890
1050,188,219
1051,188,1033
1052,188,1117
1053,188,957
1054,188,337
1055,188,426
1056,188,940
1057,188,1050
1058,188,22
1059,188,606
1060,188,909
1061,188,866
1062,188,999
1063,188,631
1064,188,320
1065,188,452
1066,188,359
1067,188,473
1068,188,336
1069,188,416
1070,188,1054
1071,188,136
1072,188,1
1073,188,715
1074,188,577
1075,188,806
1076,188,98
1077,188,698
1078,188,877
1079,188,104
1080,188,835
1081,188,749
1082,188,986
1083,188,44
1084,188,68
1085,188,1123
1086,188,1072
1087,188,166
1088,188,977
1089,188,574
1090,188,695
1091,188,683
1092,188,525
1093,188,933
1094,188,455
1095,188,476
1096,188,1104
1097,188,741
1098,188,434
1099,188,656
1100,188,659
1101,188,208
1102,188,150
1103,188,610
1104,188,519
1105,188,812
1106,188,586
1107,188,296
1108,188,406
1109,188,575
1110,188,106
1111,188,588
1112,188,300
1113,188,846
1114,188,371
1115,188,1004
1116,188,327
1117,188,985
1118,188,538
1119,188,572
1120,188,802
1121,188,914
1122,188,1102
1123,188,388
1124,188,198
1125,188,604
1126,188,441
1127,188,895
1128,188,87
1129,188,692
1130,188,796
1131,188,826
1132,188,332
1133,188,69
1134,188,110
1135,188,115
1136,188,485
1137,188,998
1138,188,161
1139,188,204
1140,188,898
1141,188,742
1142,188,403
1143,188,131
1144,188,309
1145,188,576
1146,188,351
1147,188,1069
1148,188,134
1149,188,1127
1150,188,76
1151,188,747
1152,188,279
1153,188,612
1154,188,254
1155,188,101
1156,188,94
1157,188,116
1158,188,532
1159,188,482
1160,188,804
1161,188,498
1162,188,407
1163,188,412
1164,188,693
1165,188,86
1166,188,676
1167,188,568
1168,188,853
1169,188,1044
1170,188,699
1171,188,755
1172,188,55
1173,188,926
1174,188,212
1175,188,595
1176,188,665
1177,188,469
1178,188,617
1179,188,1076
1180,188,981
1181,188,377
1182,188,840
1183,188,14
1184,188,252
1185,188,463
1186,188,526
1187,188,734
1188,188,167
1189,188,190
1190,188,669
1191,188,782
1192,188,2
1193,188,417
1194,188,1011
1195,188,723
1196,188,943
1197,188,531
1198,188,163
1199,188,187
1200,188,667
1201,188,958
1202,188,138
1203,188,599
1204,188,435
1205,188,552
1206,188,954
1207,188,480
1208,188,851
1209,188,42
1210,188,276
1211,188,466
1212,188,1128
1213,188,891
1214,188,84
1215,188,1009
1216,188,347
1217,188,394
1218,188,460
1219,188,274
1220,188,703
1221,188,722
1222,188,142
1223,188,475
1224,188,753
1225,188,185
1226,188,1120
1227,188,114
1228,188,53
1229,188,615
1230,188,823
1231,188,1051
1232,188,1110
1233,188,735
1234,188,24
1235,188,170
1236,188,259
1237,188,1037
1238,188,39
1239,188,66
1240,188,1052
1241,188,169
1242,188,262
1243,188,936
1244,188,322
1245,188,765
1246,188,922
1247,188,911
1248,188,10
1249,188,316
1250,188,462
1251,188,772
1252,188,312
1253,188,1002
1254,188,878
1255,188,832
1256,188,380
1257,188,524
1258,188,405
1259,188,649
1260,188,931
1261,188,627
1262,188,63
1263,188,995
1264,188,869
1265,188,714
1266,188,668
1267,188,713
1268,188,191
1269,188,479
1270,188,350
1271,188,830
1272,188,651
1273,188,889
1274,188,352
1275,188,144
1276,188,369
1277,188,510
1278,188,303
1279,188,183
1280,188,245
1281,188,207
1282,188,345
1283,188,1065
1284,188,484
1285,188,1035
1286,188,673
1287,188,1075
1288,188,31
1289,188,674
1290,188,1043
1291,188,567
1292,188,277
1293,188,594
1294,188,873
1295,188,997
1296,188,237
1297,188,883
1298,188,1089
1299,188,1017
1300,188,197
1301,188,470
1302,188,973
1303,188,266
1304,188,340
1305,188,74
1306,188,1022
1307,188,1020
1308,188,740
1309,188,564
1310,188,861
1311,188,1079
1312,188,283
1313,188,944
1314,188,385
1315,188,629
1316,188,1028
1317,188,787
1318,188,561
1319,188,876
1320,188,585
1321,188,1057
1322,188,216
1323,188,450
1324,188,126
1325,188,152
1326,188,838
1327,188,770
1328,188,1071
1329,188,355
1330,188,743
1331,188,939
1332,188,935
1333,188,923
1334,188,289
1335,188,990
1336,188,858
1337,188,120
1338,188,331
1339,188,978
1340,188,67
1341,188,130
1342,188,1027
1343,188,544
1344,188,718
1345,188,0
1346,188,681
1347,188,691
1348,188,852
1349,188,916
1350,188,817
1351,188,379
1352,188,655
1353,188,464
1354,188,226
1355,188,263
1356,188,687
1357,188,1118
1358,188,321
1359,188,719
1360,188,194
1361,188,569
1362,188,64
1363,188,381
1364,188,221
1365,188,1077
1366,188,341
1367,188,492
1368,188,729
1369,188,269
1370,188,679
1371,188,6
1372,188,46
1373,188,1030
1374,188,640
1375,188,162
1376,188,205
1377,188,1131
1378,188,315
1379,188,146
1380,188,888
1381,188,950
1382,188,913
1383,188,549
1384,188,246
1385,188,143
1386,188,635
1387,188,308
1388,188,222
1389,188,1126
1390,188,364
1391,188,301
1392,188,602
1393,188,648
1394,188,924
1395,188,678
1396,188,231
1397,188,458
1398,188,428
1399,188,54
1400,188,119
1401,188,1113
1402,188,1122
1403,188,182
1404,188,206
1405,188,843
1406,188,605
1407,188,870
1408,188,293
1409,188,438
1410,188,663
1411,188,905
1412,188,983
1413,188,717
1414,188,556
1415,188,505
1416,188,399
1417,188,566
1418,188,121
1419,188,811
1420,188,949
1421,188,370
1422,188,290
1423,188,953
1424,188,609
1425,188,1036
1426,188,338
1427,188,408
1428,188,920
1429,188,593
1430,188,366
1431,188,728
1432,188,528
1433,188,867
1434,188,917
1435,188,487
1436,188,35
1437,188,284
1438,188,471
1439,188,901
1440,188,759
1441,188,1092
1442,188,918
1443,188,48
1444,188,395
1445,188,1006
1446,188,362
1447,188,960
1448,188,82
1449,188,239
1450,188,897
1451,188,1070
1452,188,244
1453,188,893
1454,188,294
1455,188,780
1456,188,30
1457,188,278
1458,188,83
1459,188,783
1460,188,584
1461,267,965
1462,267,48
1463,267,10
1464,267,512
1465,267,232
1466,267,991
1467,267,817
1468,267,499
1469,267,299
1470,267,1026
1471,267,439
1472,267,1059
1473,267,692
1474,267,1081
1475,267,195
1476,267,106
1477,267,377
1478,267,611
1479,267,240
1480,267,565
1481,267,402
1482,267,761
1483,267,209
1484,267,636
1485,267,536
1486,267,474
1487,267,1096
1488,267,904
1489,267,336
1490,267,144
1491,267,93
1492,267,843
1493,267,130
1494,267,290
1495,267,875
1496,267,450
1497,267,858
1498,267,409
1499,267,380
1500,267,867
1501,267,279
1502,267,1040
1503,267,676
1504,267,811
1505,267,379
1506,267,902
1507,267,624
1508,267,265
1509,267,1098
1510,267,88
1511,267,615
1512,267,1047
1513,267,528
1514,267,321
1515,267,357
1516,267,230
1517,267,870
1518,267,813
1519,267,367
1520,267,907
1521,267,932
1522,267,83
1523,267,643
1524,267,90
1525,267,417
1526,267,913
1527,267,498
1528,267,54
1529,267,742
1530,267,1104
1531,267,743
1532,267,554
1533,267,311
1534,267,572
1535,267,215
1536,267,183
1537,267,610
1538,267,1127
1539,267,3
1540,267,1119
1541,267,723
1542,267,978
1543,267,517
1544,267,135
1545,267,43
1546,267,179
1547,267,1120
1548,267,420
1549,267,831
1550,267,552
1551,267,41
1552,267,305
1553,267,33
1554,267,166
1555,267,995
1556,267,184
1557,267,587
1558,267,860
1559,267,342
1560,267,578
1561,267,715
1562,267,264
1563,267,888
1564,267,17
1565,267,922
1566,267,808
1567,267,663
1568,267,688
1569,267,1113
1570,267,330
1571,267,651
1572,267,906
1573,267,224
1574,267,131
1575,267,254
1576,267,312
1577,267,997
1578,267,784
1579,267,100
1580,267,786
1581,267,323
1582,267,650
1583,267,216
1584,267,727
1585,267,294
1586,267,309
1587,267,442
1588,267,777
1589,267,476
1590,267,687
1591,267,471
1592,267,1024
1593,267,946
1594,267,158
1595,267,473
1596,267,1124
1597,267,354
1598,267,558
1599,267,720
1600,267,510
1601,267,878
1602,267,883
1603,267,110
1604,267,373
1605,267,352
1606,267,1095
1607,267,188
1608,267,375
1609,267,1065
1610,267,193
1611,267,200
1612,267,833
1613,267,46
1614,267,898
1615,267,42
1616,267,333
1617,267,170
1618,267,604
1619,267,711
1620,267,948
1621,267,629
1622,267,1082
1623,267,532
1624,267,530
1625,267,667
1626,267,125
1627,267,605
1628,267,76
1629,267,157
1630,267,269
1631,267,1063
1632,267,577
1633,267,192
1634,267,887
1635,267,507
1636,267,1022
1637,267,246
1638,267,69
1639,267,930
1640,267,237
1641,267,472
1642,267,523
1643,267,672
1644,267,436
1645,267,923
1646,267,82
1647,267,797
1648,267,954
1649,267,835
1650,267,825
1651,267,464
1652,267,1019
1653,267,374
1654,267,848
1655,267,699
1656,267,669
1657,267,949
1658,267,154
1659,267,758
1660,267,313
1661,267,556
1662,267,551
1663,267,1029
1664,267,866
1665,267,124
1666,267,1014
1667,267,475
1668,267,21
1669,267,820
1670,267,2
1671,267,285
1672,267,701
1673,267,690
1674,267,627
1675,267,30
1676,267,1043
1677,267,38
1678,267,34
1679,267,276
1680,267,298
1681,267,619
1682,267,49
1683,267,957
1684,267,13
1685,267,874
1686,267,189
1687,267,724
1688,267,432
1689,267,917
1690,267,564
1691,267,764
1692,267,139
1693,267,23
1694,267,72
1695,267,20
1696,267,1126
1697,267,522
1698,267,852
1699,267,628
1700,267,543
1701,267,68
1702,267,944
1703,267,895
1704,267,1078
1705,267,143
1706,267,595
1707,267,369
1708,267,344
1709,267,102
1710,267,421
1711,267,335
1712,267,53
1713,267,462
1714,267,893
1715,267,751
1716,267,97
1717,267,35
1718,267,561
1719,267,167
1720,267,63
1721,267,384
1722,267,520
1723,267,435
1724,267,444
1725,267,511
1726,267,210
1727,267,134
1728,267,910
1729,267,390
1730,267,674
1731,267,150
1732,267,621
1733,267,451
1734,267,396
1735,267,477
1736,267,962
1737,267,489
1738,267,737
1739,267,416
1740,267,359
1741,267,766
1742,267,770
1743,267,772
1744,267,196
1745,267,8
1746,267,836
1747,267,999
1748,267,87
1749,267,792
1750,267,59
1751,267,358
1752,267,1031
1753,267,92
1754,267,1097
1755,267,410
1756,267,174
1757,267,29
1758,267,1090
1759,267,582
1760,267,317
1761,267,802
1762,267,147
1763,267,490
1764,267,315
1765,267,12
1766,267,1061
1767,267,545
1768,267,168
1769,267,165
1770,267,424
1771,267,338
1772,267,376
1773,267,1020
1774,267,221
1775,267,272
1776,267,1115
1777,267,152
1778,267,419
1779,267,136
1780,267,671
1781,267,411
1782,267,361
1783,267,1072
1784,267,86
1785,267,885
1786,267,953
1787,267,109
1788,267,277
1789,267,924
1790,267,838
1791,267,977
1792,267,1004
1793,267,1009
1794,267,947
1795,267,1048
1796,267,733
1797,267,646
1798,267,721
1799,267,704
1800,267,609
1801,267,275
1802,267,697
1803,267,769
1804,267,541
1805,267,1093
1806,267,133
1807,267,1122
1808,267,780
1809,267,238
1810,267,588
1811,267,239
1812,267,234
1813,267,405
1814,267,752
1815,267,531
1816,267,971
1817,267,343
1818,267,680
1819,267,142
1820,267,407
1821,267,1
1822,267,818
1823,267,877
1824,267,899
1825,267,596
1826,267,983
1827,267,248
1828,267,851
1829,267,640
1830,267,332
1831,267,648
1832,267,1037
1833,267,459
1834,267,1080
1835,267,873
1836,267,658
1837,267,603
1838,267,286
1839,267,569
1840,267,62
1841,267,1055
1842,267,753
1843,267,684
1844,267,426
1845,267,399
1846,267,903
1847,267,1006
1848,267,665
1849,267,756
1850,267,213
1851,267,175
1852,267,935
1853,267,296
1854,267,423
1855,267,649
1856,267,119
1857,267,26
1858,267,805
1859,267,1005
1860,267,457
1861,267,263
1862,267,252
1863,267,47
1864,267,458
1865,267,494
1866,267,60
1867,267,198
1868,267,74
1869,267,228
1870,267,452
1871,267,370
1872,267,331
1873,267,268
1874,267,1128
1875,267,889
1876,267,391
1877,267,1038
1878,267,24
1879,267,199
1880,267,182
1881,267,972
1882,267,1077
1883,267,747
1884,267,51
1885,267,514
1886,267,66
1887,267,371
1888,267,1125
1889,267,415
1890,267,9
1891,267,1058
1892,267,731
1893,267,345
1894,267,11
1895,267,882
1896,267,846
1897,267,1069
1898,267,236
1899,267,707
1900,267,714
1901,267,1044
1902,267,226
1903,267,641
1904,267,115
1905,267,487
1906,267,849
1907,267,140
1908,267,562
1909,267,705
1910,267,606
1911,267,465
1912,267,871
1913,267,478
1914,267,557
1915,267,191
1916,267,655
1917,267,566
1918,267,1092
1919,267,161
1920,267,592
1921,267,484
1922,267,1039
1923,267,722
1924,267,894
1925,267,616
1926,267,260
1927,267,351
1928,267,861
1929,267,695
1930,267,112
1931,267,1085
1932,267,717
1933,267,114
1934,267,222
1935,267,542
1936,267,128
1937,267,826
1938,267,1046
1939,267,253
1940,267,505
1941,267,227
1942,267,58
1943,267,719
1944,267,586
1945,267,1071
1946,267,614
1947,267,116
1948,267,1112
1949,267,974
1950,267,990
1951,267,40
1952,267,80
1953,267,160
1954,267,828
1955,267,998
1956,267,1035
1957,267,4
1958,267,1103
1959,267,834
1960,272,142
1961,272,846
1962,272,92
1963,272,235
1964,272,338
1965,272,358
1966,272,899
1967,272,984
1968,272,947
1969,279,608
1970,279,599
1971,279,694
1972,279,380
1973,279,68
1974,279,1043
1975,279,235
1976,279,1034
1977,279,658
1978,279,899
1979,280,503
1980,280,661
1981,280,909
1982,280,994
1983,280,621
1984,280,1081
1985,280,313
1986,280,784
1987,280,92
1988,280,495
1989,280,628
1990,280,416
1991,280,833
1992,280,285
1993,280,59
1994,280,644
1995,280,1017
1996,280,384
1997,280,919
1998,280,410
1999,280,887
2000,280,952
2001,280,4
2002,280,847
2003,280,41
2004,280,913
2005,280,826
2006,280,407
2007,280,402
2008,280,250
2009,280,859
2010,280,68
2011,280,81
2012,280,333
2013,280,7
2014,280,349
2015,280,445
2016,280,239
2017,280,312
2018,280,544
2019,280,188
2020,280,1061
2021,280,556
2022,280,39
2023,280,712
2024,280,1054
2025,280,88
2026,280,1059
2027,280,189
2028,280,417
2029,280,741
2030,280,214
2031,280,9
2032,280,23
2033,280,378
2034,280,780
2035,280,429
2036,280,557
2037,280,1068
2038,280,163
2039,280,972
2040,280,20
2041,280,665
2042,280,357
2043,280,864
2044,280,562
2045,280,275
2046,280,401
2047,280,759
2048,280,1042
2049,280,142
2050,280,941
2051,280,981
2052,280,546
2053,280,695
2054,280,354
2055,280,109
2056,280,215
2057,280,662
2058,280,167
2059,280,1122
2060,280,431
2061,280,923
2062,280,878
2063,280,317
2064,280,530
2065,280,231
2066,280,44
2067,280,622
2068,280,87
2069,280,1128
2070,280,603
2071,280,720
2072,280,2
2073,280,787
2074,280,685
2075,280,986
2076,280,614
2077,280,758
2078,280,924
2079,280,606
2080,280,1116
2081,280,8
2082,280,476
2083,280,267
2084,280,329
2085,280,173
2086,280,301
2087,280,439
2088,280,829
2089,280,272
2090,280,569
2091,280,1035
2092,280,793
2093,280,971
2094,280,884
2095,280,584
2096,280,286
2097,280,1099
2098,280,269
2099,280,592
2100,280,308
2101,280,820
2102,280,311
2103,280,469
2104,280,886
2105,280,515
2106,280,636
2107,280,60
2108,280,1093
2109,280,732
2110,280,261
2111,280,155
2112,280,1103
2113,280,245
2114,280,822
2115,280,346
2116,280,903
2117,280,605
2118,280,352
2119,280,632
2120,280,66
2121,280,790
2122,280,631
2123,280,195
2124,280,332
2125,280,792
2126,280,582
2127,280,1024
2128,280,353
2129,280,691
2130,280,528
2131,280,867
2132,280,678
2133,280,1039
2134,280,293
2135,280,680
2136,280,337
2137,280,248
2138,280,409
2139,280,1023
2140,280,583
2141,280,876
2142,280,72
2143,280,271
2144,280,532
2145,280,1058
2146,280,498
2147,280,1063
2148,280,387
2149,280,85
2150,280,420
2151,280,73
2152,280,944
2153,280,650
2154,280,145
2155,280,659
2156,280,161
2157,280,1056
2158,280,84
2159,280,246
2160,280,342
2161,280,1044
2162,280,222
2163,280,802
2164,280,53
2165,280,997
2166,280,585
2167,280,810
2168,280,487
2169,280,259
2170,280,82
2171,280,577
2172,280,455
2173,280,961
2174,280,277
2175,280,733
2176,280,1003
2177,280,309
2178,280,299
2179,280,1129
2180,280,1019
2181,280,1064
2182,280,520
2183,280,796
2184,280,988
2185,280,468
2186,280,359
2187,280,948
2188,280,828
2189,280,719
2190,280,774
2191,280,552
2192,280,807
2193,280,625
2194,280,843
2195,280,984
2196,280,797
2197,280,937
2198,280,130
2199,280,412
2200,280,116
2201,280,223
2202,280,898
2203,280,419
2204,280,403
2205,280,341
2206,280,232
2207,280,370
2208,280,840
2209,280,182
2210,280,218
2211,280,235
2212,280,757
2213,280,832
2214,280,494
2215,280,306
2216,280,844
2217,280,371
2218,280,707
2219,280,611
2220,280,119
2221,280,49
2222,280,154
2223,280,594
2224,280,1112
2225,280,850
2226,280,290
2227,280,930
2228,280,772
2229,280,536
2230,280,115
2231,280,999
2232,280,170
2233,280,207
2234,280,836
2235,280,1124
2236,280,660
2237,280,956
2238,280,386
2239,280,131
2240,280,764
2241,280,860
2242,280,700
2243,280,144
2244,280,176
2245,280,395
2246,280,450
2247,280,869
2248,280,939
2249,280,138
2250,280,745
2251,280,1007
2252,280,199
2253,280,537
2254,280,220
2255,280,626
2256,280,904
2257,280,490
2258,280,1006
2259,280,912
2260,280,369
2261,280,1089
2262,280,393
2263,280,1131
2264,280,143
2265,280,734
2266,280,241
2267,280,1018
2268,280,212
2269,280,1073
2270,280,61
2271,280,571
2272,290,52
2273,290,187
2274,290,457
2275,290,438
2276,290,559
2277,290,31
2278,290,699
2279,290,963
2280,290,251
2281,290,262
2282,290,1129
2283,290,978
2284,290,1128
2285,290,693
2286,290,353
2287,290,607
2288,290,169
2289,290,947
2290,290,1126
2291,290,849
2292,290,72
2293,290,212
2294,290,434
2295,290,1015
2296,290,643
2297,290,294
2298,290,68
2299,290,166
2300,290,227
2301,290,1062
2302,290,417
2303,290,491
2304,290,554
2305,290,785
2306,290,564
2307,290,418
2308,290,405
2309,290,675
2310,290,628
2311,290,541
2312,290,563
2313,290,885
2314,290,1113
2315,290,870
2316,290,1098
2317,290,531
2318,290,48
2319,290,1028
2320,290,734
2321,290,331
2322,290,1043
2323,290,249
2324,290,370
2325,290,514
2326,290,903
2327,290,1071
2328,290,479
2329,290,276
2330,290,667
2331,290,199
2332,290,1019
2333,290,702
2334,290,761
2335,290,273
2336,290,973
2337,290,631
2338,290,795
2339,290,1074
2340,290,313
2341,290,898
2342,290,461
2343,290,763
2344,290,407
2345,290,1000
2346,290,719
2347,290,140
2348,290,91
2349,290,50
2350,290,1003
2351,290,542
2352,290,860
2353,290,524
2354,290,41
2355,290,476
2356,290,662
2357,290,376
2358,290,950
2359,290,610
2360,290,776
2361,290,444
2362,290,922
2363,290,1054
2364,290,758
2365,290,60
2366,290,489
2367,290,569
2368,290,324
2369,290,49
2370,290,129
2371,290,422
2372,290,972
2373,290,1024
2374,290,864
2375,290,1073
2376,290,396
2377,290,143
2378,290,1124
2379,290,731
2380,290,136
2381,290,77
2382,290,556
2383,290,486
2384,290,551
2385,290,200
2386,290,766
2387,290,338
2388,290,416
2389,290,356
2390,290,92
2391,290,921
2392,290,23
2393,290,1123
2394,290,435
2395,290,149
2396,290,959
2397,290,220
2398,290,400
2399,290,30
2400,290,66
2401,290,88
2402,290,20
2403,290,792
2404,290,225
2405,290,1075
2406,290,951
2407,290,230
2408,290,657
2409,290,1050
2410,290,807
2411,290,360
2412,290,635
2413,290,478
2414,290,475
2415,290,851
2416,290,340
2417,290,520
2418,290,450
2419,290,22
2420,290,423
2421,290,1104
2422,290,853
2423,290,723
2424,290,1052
2425,290,602
2426,290,590
2427,290,1127
2428,290,739
2429,290,1130
2430,290,454
2431,290,420
2432,290,372
2433,290,574
2434,290,929
2435,290,58
2436,290,964
2437,290,173
2438,290,525
2439,290,626
2440,290,1077
2441,290,962
2442,290,684
2443,290,526
2444,290,311
2445,290,93
2446,290,84
2447,290,933
2448,290,433
2449,290,470
2450,290,1120
2451,290,536
2452,290,918
2453,290,74
2454,290,250
2455,290,115
2456,290,732
2457,290,764
2458,290,1092
2459,290,264
2460,290,95
2461,290,666
2462,290,1038
2463,290,571
2464,290,816
2465,290,244
2466,290,189
2467,290,733
2468,290,191
2469,290,1096
2470,290,1047
2471,290,395
2472,290,425
2473,290,63
2474,290,498
2475,290,94
2476,290,558
2477,290,26
2478,290,901
2479,290,373
2480,290,1055
2481,290,54
2482,290,577
2483,290,1029
2484,290,806
2485,290,826
2486,290,484
2487,290,1056
2488,290,923
2489,290,899
2490,290,985
2491,290,443
2492,290,449
2493,290,787
2494,290,326
2495,290,190
2496,290,822
2497,290,188
2498,290,459
2499,290,782
2500,290,988
2501,290,109
2502,290,394
2503,290,226
2504,290,501
2505,290,497
2506,290,993
2507,290,502
2508,290,700
2509,290,671
2510,290,701
2511,290,217
2512,290,585
2513,290,426
2514,290,664
2515,290,135
2516,290,1103
2517,290,452
2518,290,1122
2519,290,320
2520,290,847
2521,290,1049
2522,290,361
2523,290,388
2524,290,297
2525,290,863
2526,290,375
2527,290,1
2528,290,32
2529,290,1105
2530,290,877
2531,290,529
2532,290,151
2533,290,839
2534,290,1014
2535,290,813
2536,290,661
2537,290,183
2538,290,546
2539,290,848
2540,290,884
2541,290,139
2542,290,616
2543,290,720
2544,290,268
2545,290,267
2546,290,391
2547,290,112
2548,290,683
2549,290,53
2550,290,759
2551,290,1088
2552,290,1083
2553,290,101
2554,290,952
2555,290,198
2556,290,8
2557,290,219
2558,290,936
2559,290,907
2560,290,455
2561,290,213
2562,290,718
2563,290,243
2564,290,549
2565,290,124
2566,290,685
2567,290,261
2568,290,730
2569,290,120
2570,290,466
2571,290,359
2572,290,33
2573,290,504
2574,290,652
2575,290,910
2576,290,774
2577,290,114
2578,290,441
2579,290,473
2580,290,1117
2581,290,216
2582,290,781
2583,290,1070
2584,290,768
2585,290,583
2586,290,232
2587,290,116
2588,290,873
2589,290,164
2590,290,900
2591,290,953
2592,290,316
2593,290,321
2594,290,424
2595,290,660
2596,290,791
2597,290,1013
2598,290,902
2599,290,300
2600,290,705
2601,290,308
2602,290,869
2603,290,272
2604,290,1099
2605,290,984
2606,290,222
2607,290,654
2608,290,97
2609,290,893
2610,290,935
2611,290,586
2612,290,493
2613,290,263
2614,290,955
2615,290,539
2616,290,831
2617,290,82
2618,290,390
2619,290,714
2620,290,1030
2621,290,891
2622,290,64
2623,290,1027
2624,290,36
2625,290,754
2626,290,552
2627,290,533
2628,290,0
2629,290,709
2630,290,672
2631,290,150
2632,290,401
2633,290,788
2634,290,386
2635,290,1004
2636,290,669
2637,290,179
2638,290,636
2639,290,744
2640,290,810
2641,290,673
2642,290,362
2643,290,451
2644,290,81
2645,290,749
2646,290,797
2647,290,977
2648,290,743
2649,290,209
2650,290,939
2651,290,309
2652,290,34
2653,290,419
2654,290,1063
2655,290,412
2656,290,306
2657,290,128
2658,290,555
2659,290,21
2660,290,876
2661,290,741
2662,290,474
2663,290,73
2664,290,1026
2665,290,75
2666,290,240
2667,290,1033
2668,290,170
2669,290,624
2670,290,303
2671,290,350
2672,290,850
2673,290,996
2674,290,1037
2675,290,358
2676,290,632
2677,290,998
2678,290,1090
2679,290,174
2680,290,246
2681,290,224
2682,290,931
2683,290,182
2684,290,880
2685,290,550
2686,290,47
2687,290,548
2688,290,658
2689,290,511
2690,290,269
2691,290,697
2692,290,27
2693,290,485
2694,290,695
2695,290,45
2696,290,322
2697,290,856
2698,290,207
2699,290,780
2700,290,235
2701,290,138
2702,290,1100
2703,290,875
2704,290,315
2705,290,463
2706,290,402
2707,290,295
2708,290,1045
2709,290,925
2710,290,784
2711,290,629
2712,290,713
2713,290,158
2714,290,345
2715,290,943
2716,290,829
2717,290,42
2718,290,234
2719,290,157
2720,290,333
2721,290,410
2722,290,579
2723,290,1072
2724,290,429
2725,290,802
2726,290,946
2727,290,906
2728,290,152
2729,290,827
2730,290,103
2731,290,913
2732,290,557
2733,290,487
2734,290,275
2735,290,538
2736,290,711
2737,290,686
2738,290,855
2739,290,1107
2740,290,176
2741,290,365
2742,290,594
2743,290,800
2744,290,432
2745,290,342
2746,290,515
2747,290,137
2748,290,354
2749,290,76
2750,290,507
2751,290,640
2752,290,153
2753,290,1086
2754,290,409
2755,290,621
2756,290,967
2757,290,197
2758,290,890
2759,290,689
2760,290,858
2761,290,323
2762,290,1114
2763,290,1082
2764,290,447
2765,290,193
2766,290,817
2767,290,104
2768,290,819
2769,290,78
2770,290,812
2771,290,4
2772,290,682
2773,290,779
2774,290,622
2775,290,832
2776,290,1009
2777,290,748
2778,290,811
2779,290,866
2780,290,878
2781,290,986
2782,290,366
2783,290,598
2784,290,201
2785,290,1053
2786,290,894
2787,290,195
2788,290,830
2789,290,51
2790,290,954
2791,290,25
2792,290,381
2793,290,1095
2794,290,841
2795,290,18
2796,290,737
2797,290,930
2798,290,468
2799,290,344
2800,290,430
2801,290,904
2802,290,3
2803,290,578
2804,290,134
2805,290,926
2806,290,801
2807,290,277
2808,290,46
2809,290,522
2810,290,252
2811,290,746
2812,290,620
2813,290,472
2814,290,221
2815,290,908
2816,290,997
2817,290,1036
2818,290,762
2819,290,383
2820,290,619
2821,290,208
2822,290,932
2823,290,462
2824,290,919
2825,290,517
2826,290,288
2827,290,920
2828,290,756
2829,290,228
2830,290,349
2831,290,408
2832,290,12
2833,290,427
2834,290,528
2835,290,845
2836,290,367
2837,290,121
2838,290,142
2839,290,1008
2840,290,889
2841,290,271
2842,290,994
2843,290,65
2844,290,387
2845,290,398
2846,290,1059
2847,290,108
2848,290,281
2849,290,1065
2850,290,357
2851,290,110
2852,290,89
2853,290,351
2854,290,909
2855,290,659
2856,290,630
2857,290,613
2858,290,649
2859,290,634
2860,290,283
2861,290,769
2862,290,865
2863,290,888
2864,290,752
2865,290,126
2866,290,852
2867,290,970
2868,290,159
2869,290,1102
2870,290,679
2871,290,614
2872,290,593
2873,290,1006
2874,290,991
2875,290,298
2876,290,1118
2877,290,284
2878,290,102
2879,290,469
2880,290,10
2881,290,239
2882,290,204
2883,290,1069
2884,290,211
2885,290,477
2886,290,897
2887,290,917
2888,290,609
2889,290,565
2890,290,745
2891,290,70
2892,290,753
2893,290,670
2894,290,928
2895,290,703
2896,290,604
2897,290,798
2898,290,527
2899,290,760
2900,290,107
2901,290,646
2902,290,6
2903,290,941
2904,290,439
2905,290,132
2906,290,837
2907,290,519
2908,290,1048
2909,290,948
2910,290,796
2911,290,724
2912,290,355
2913,290,1060
2914,290,1035
2915,290,245
2916,290,940
2917,290,184
2918,290,644
2919,290,141
2920,290,385
2921,290,162
2922,291,680
2923,291,284
2924,291,366
2925,291,470
2926,291,998
2927,291,604
2928,291,501
2929,291,569
2930,291,724
2931,291,376
2932,291,253
2933,291,119
2934,291,210
2935,291,336
2936,291,562
2937,291,964
2938,291,858
2939,291,693
2940,291,681
2941,291,578
2942,291,565
2943,291,372
2944,291,792
2945,291,965
2946,291,946
2947,291,1041
2948,291,0
2949,291,733
2950,291,826
2951,291,308
2952,291,1100
2953,291,899
2954,291,127
2955,291,966
2956,291,154
2957,291,65
2958,291,211
2959,291,968
2960,291,945
2961,291,774
2962,291,18
2963,291,368
2964,291,410
2965,291,370
2966,291,1006
2967,291,86
2968,291,758
2969,291,1082
2970,291,39
2971,291,144
2972,291,1025
2973,291,278
2974,291,426
2975,291,575
2976,291,647
2977,291,668
2978,291,561
2979,291,642
2980,291,1108
2981,291,53
2982,291,483
2983,291,798
2984,291,923
2985,291,1129
2986,291,666
2987,291,268
2988,291,466
2989,291,976
2990,291,327
2991,291,967
2992,291,959
2993,291,338
2994,291,772
2995,291,663
2996,291,432
2997,291,232
2998,291,496
2999,291,485
3000,291,269
3001,291,133
3002,291,716
3003,291,762
3004,291,92
3005,291,79
3006,291,835
3007,291,551
3008,291,31
3009,291,704
3010,291,523
3011,291,570
3012,291,445
3013,291,813
3014,291,1077
3015,291,593
3016,291,356
3017,291,694
3018,291,636
3019,291,256
3020,291,824
3021,291,975
3022,291,665
3023,291,879
3024,291,632
3025,291,1085
3026,291,700
3027,291,162
3028,291,707
3029,291,85
3030,291,1015
3031,291,691
3032,291,192
3033,291,812
3034,291,530
3035,291,692
3036,291,345
3037,291,559
3038,291,298
3039,291,32
3040,291,1089
3041,291,452
3042,291,42
3043,291,282
3044,291,317
3045,291,139
3046,291,974
3047,291,638
3048,291,905
3049,291,1127
3050,291,12
3051,291,276
3052,291,347
3053,291,697
3054,291,1094
3055,291,262
3056,291,353
3057,291,885
3058,291,384
3059,291,543
3060,291,900
3061,291,1007
3062,291,532
3063,291,476
3064,291,661
3065,291,787
3066,291,877
3067,291,793
3068,291,671
3069,291,1091
3070,291,701
3071,291,401
3072,291,910
3073,291,804
3074,291,847
3075,291,961
3076,291,675
3077,291,954
3078,291,386
3079,291,870
3080,291,16
3081,291,950
3082,291,703
3083,291,612
3084,291,147
3085,291,213
3086,291,943
3087,291,556
3088,291,576
3089,291,1112
3090,291,369
3091,291,611
3092,291,525
3093,291,618
3094,291,886
3095,291,38
3096,291,283
3097,291,1040
3098,291,1000
3099,291,993
3100,291,240
3101,291,1054
3102,291,352
3103,291,844
3104,291,103
3105,291,999
3106,291,50
3107,291,815
3108,291,231
3109,291,658
3110,291,859
3111,291,1056
3112,291,1072
3113,291,1005
3114,291,292
3115,291,429
3116,291,906
3117,291,1131
3118,291,1046
3119,291,361
3120,291,529
3121,291,921
3122,291,80
3123,291,411
3124,291,1061
3125,291,129
3126,291,933
3127,291,435
3128,291,354
3129,291,613
3130,291,137
3131,291,633
3132,291,72
3133,291,834
3134,291,940
3135,291,9
3136,291,852
3137,291,608
3138,291,431
3139,291,740
3140,291,843
3141,291,896
3142,291,800
3143,291,490
3144,291,752
3145,291,494
3146,291,235
3147,291,11
3148,291,113
3149,291,1013
3150,291,708
3151,291,228
3152,291,464
3153,291,769
3154,291,462
3155,291,337
3156,291,928
3157,291,775
3158,291,1018
3159,291,424
3160,291,159
3161,291,926
3162,291,820
3163,291,58
3164,291,601
3165,291,956
3166,291,421
3167,291,164
3168,291,52
3169,291,402
3170,291,396
3171,291,263
3172,291,809
3173,291,394
3174,291,202
3175,291,748
3176,291,685
3177,291,322
3178,291,465
3179,291,986
3180,291,310
3181,291,1049
3182,291,218
3183,291,74
3184,291,880
3185,291,15
3186,291,198
3187,291,621
3188,291,919
3189,291,463
3190,291,90
3191,291,265
3192,291,230
3193,291,770
3194,291,488
3195,291,145
3196,291,106
3197,291,895
3198,291,81
3199,291,845
3200,291,672
3201,291,315
3202,291,679
3203,291,828
3204,291,682
3205,291,320
3206,291,237
3207,291,619
3208,291,730
3209,291,904
3210,291,655
3211,291,817
3212,291,670
3213,291,684
3214,291,584
3215,291,1122
3216,291,1004
3217,291,657
3218,291,785
3219,291,293
3220,291,673
3221,291,459
3222,291,855
3223,291,554
3224,291,248
3225,291,1125
3226,291,715
3227,291,100
3228,291,1033
3229,291,207
3230,291,497
3231,291,836
3232,291,726
3233,291,978
3234,291,801
3235,291,1066
3236,291,179
3237,291,186
3238,291,960
3239,291,185
3240,291,66
3241,291,586
3242,291,216
3243,291,712
3244,291,763
3245,291,713
3246,291,606
3247,291,742
3248,291,120
3249,291,823
3250,291,1074
3251,291,667
3252,291,112
3253,291,597
3254,291,24
3255,291,423
3256,291,484
3257,291,62
3258,291,203
3259,291,994
3260,291,644
3261,291,117
3262,291,455
3263,291,753
3264,291,669
3265,291,141
3266,291,99
3267,291,630
3268,291,533
3269,291,125
3270,291,342
3271,291,797
3272,291,233
3273,291,1058
3274,291,3
3275,291,357
3276,291,82
3277,291,26
3278,291,1065
3279,291,1059
3280,291,917
3281,291,913
3282,291,552
3283,291,802
3284,291,478
3285,291,227
3286,291,592
3287,291,132
3288,291,19
3289,291,479
3290,291,193
3291,291,984
3292,291,502
3293,291,1055
3294,291,595
3295,291,883
3296,291,304
3297,291,349
3298,291,215
3299,291,407
3300,291,916
3301,291,1086
3302,291,846
3303,291,622
3304,291,234
3305,291,807
3306,291,286
3307,291,696
3308,291,723
3309,291,78
3310,291,873
3311,291,381
3312,291,908
3313,291,371
3314,291,971
3315,291,416
3316,291,566
3317,291,1034
3318,291,796
3319,291,887
3320,291,867
3321,291,1045
3322,291,189
3323,291,1051
3324,291,1008
3325,291,46
3326,291,1117
3327,291,587
3328,291,528
3329,291,1014
3330,291,279
3331,291,405
3332,291,157
3333,291,816
3334,291,341
3335,291,487
3336,291,306
3337,291,37
3338,291,312
3339,291,1083
3340,291,295
3341,291,29
3342,291,953
3343,291,869
3344,291,862
3345,291,285
3346,291,47
3347,291,720
3348,291,803
3349,291,60
3350,291,1106
3351,291,173
3352,291,602
3353,291,1092
3354,291,783
3355,291,83
3356,291,574
3357,291,499
3358,291,995
3359,291,884
3360,291,473
3361,291,1102
3362,291,1063
3363,291,1120
3364,291,822
3365,291,316
3366,291,1039
3367,291,166
3368,291,825
3369,291,515
3370,291,290
3371,291,564
3372,291,174
3373,291,404
3374,291,683
3375,291,1098
3376,291,441
3377,291,409
3378,291,98
3379,291,64
3380,291,365
3381,291,1128
3382,291,594
3383,291,309
3384,291,472
3385,291,190
3386,291,1123
3387,291,981
3388,291,358
3389,291,882
3390,291,914
3391,291,590
3392,291,660
3393,291,408
3394,291,1067
3395,291,599
3396,291,897
3397,291,1130
3398,291,851
3399,291,585
3400,291,267
3401,291,498
3402,291,121
3403,291,446
3404,291,768
3405,291,878
3406,291,148
3407,291,731
3408,291,23
3409,291,367
3410,291,197
3411,291,364
3412,291,1030
3413,291,962
3414,291,474
3415,291,588
3416,291,68
3417,291,5
3418,291,949
3419,291,781
3420,291,493
3421,291,766
3422,291,124
3423,291,625
3424,291,573
3425,291,175
3426,291,891
3427,291,417
3428,291,30
3429,291,223
3430,291,63
3431,291,924
3432,291,805
3433,291,116
3434,291,1036
3435,291,395
3436,291,20
3437,291,695
3438,291,375
3439,291,335
3440,291,105
3441,291,982
3442,291,33
3443,291,898
3444,291,676
3445,291,1050
3446,291,548
3447,291,734
3448,291,222
3449,291,808
3450,291,199
3451,291,918
3452,291,102
3453,291,980
3454,291,610
3455,291,839
3456,291,195
3457,291,799
3458,291,350
3459,291,359
3460,291,200
3461,291,44
3462,291,757
3463,291,69
3464,291,985
3465,291,303
3466,291,639
3467,291,690
3468,291,461
3469,291,214
3470,291,275
3471,291,1095
3472,291,412
3473,291,539
3474,291,460
3475,291,721
3476,291,829
3477,291,14
3478,291,841
3479,291,439
3480,291,146
3481,291,929
3482,291,580
3483,291,246
3484,291,616
3485,291,931
3486,291,790
3487,291,527
3488,291,876
3489,291,491
3490,291,732
3491,291,40
3492,291,212
3493,291,305
3494,291,1081
3495,291,1121
3496,291,892
3497,291,537
3498,291,542
3499,291,277
3500,291,512
3501,291,1026
3502,291,399
3503,291,176
3504,291,922
3505,291,944
3506,291,152
3507,291,718
3508,291,903
3509,291,1099
3510,291,362
3511,291,43
3512,291,326
3513,291,890
3514,291,242
3515,291,389
3516,291,677
3517,291,764
3518,291,1002
3519,291,273
3520,291,206
3521,291,387
3522,291,280
3523,291,863
3524,291,239
3525,291,779
3526,291,187
3527,291,674
3528,291,568
3529,291,1103
3530,291,741
3531,291,749
3532,291,4
3533,291,96
3534,291,760
3535,291,514
3536,291,506
3537,291,89
3538,291,818
3539,291,420
3540,291,979
3541,291,714
3542,291,626
3543,291,1097
3544,291,629
3545,291,833
3546,291,650
3547,291,104
3548,291,287
3549,291,163
3550,291,188
3551,291,819
3552,291,687
3553,291,711
3554,291,705
3555,291,425
3556,291,856
3557,291,482
3558,291,201
3559,291,627
3560,291,477
3561,291,161
3562,291,806
3563,291,328
3564,291,1119
3565,291,719
3566,291,838
3567,291,413
3568,291,95
3569,291,631
3570,291,301
3571,291,901
3572,291,689
3573,291,698
3574,291,1105
3575,291,583
3576,291,340
3577,291,868
3578,291,172
3579,291,143
3580,291,418
3581,291,91
3582,291,510
3583,291,10
3584,291,810
3585,291,123
3586,291,717
3587,291,524
3588,291,888
3589,291,603
3590,291,615
3591,291,59
3592,291,977
3593,291,261
3594,291,142
3595,291,589
3596,291,643
3597,291,373
3598,291,343
3599,291,130
3600,291,97
3601,291,438
3602,291,379
3603,291,958
3604,291,406
3605,291,467
3606,291,1044
3607,291,433
3608,291,794
3609,291,403
3610,291,751
3611,291,272
3612,291,864
3613,291,351
3614,291,183
3615,291,321
3616,291,1048
3617,291,1031
3618,291,1107
3619,291,579
3620,291,504
3621,291,1052
3622,291,646
3623,291,1032
3624,291,250
3625,291,150
3626,291,415
3627,291,1038
3628,449,295
3629,449,1126
3630,449,176
3631,449,928
3632,449,732
3633,449,54
3634,449,366
3635,449,599
3636,449,307
3637,449,187
3638,449,567
3639,449,13
3640,449,478
3641,449,856
3642,449,801
3643,449,203
3644,449,25
3645,449,755
3646,449,208
3647,449,333
3648,449,1117
3649,449,254
3650,449,32
3651,449,390
3652,449,492
3653,449,535
3654,449,342
3655,449,331
3656,449,170
3657,449,516
3658,449,215
3659,449,1027
3660,449,408
3661,449,350
3662,449,849
3663,449,679
3664,449,107
3665,449,242
3666,449,1005
3667,449,422
3668,449,368
3669,449,838
3670,449,920
3671,449,424
3672,449,825
3673,449,279
3674,449,530
3675,449,477
3676,449,973
3677,449,343
3678,449,1129
3679,449,1072
3680,449,1026
3681,449,783
3682,449,189
3683,449,781
3684,449,98
3685,449,1086
3686,449,700
3687,449,950
3688,449,523
3689,449,143
3690,449,797
3691,449,0
3692,449,746
3693,449,1078
3694,449,638
3695,449,749
3696,449,1064
3697,449,179
3698,449,1120
3699,449,336
3700,449,206
3701,449,932
3702,449,148
3703,449,494
3704,449,964
3705,449,683
3706,449,863
3707,449,297
3708,449,737
3709,449,1
3710,449,626
3711,449,1036
3712,449,498
3713,449,467
3714,449,382
3715,449,618
3716,449,874
3717,449,1131
3718,449,748
3719,449,533
3720,449,353
3721,449,43
3722,449,383
3723,449,278
3724,449,232
3725,449,971
3726,449,549
3727,449,485
3728,449,459
3729,449,652
3730,449,714
3731,449,654
3732,449,969
3733,449,583
3734,449,468
3735,449,288
3736,449,205
3737,449,82
3738,449,690
3739,449,267
3740,449,296
3741,449,722
3742,449,146
3743,449,233
3744,449,752
3745,449,772
3746,449,202
3747,449,403
3748,449,713
3749,449,428
3750,449,152
3751,449,356
3752,449,908
3753,449,50
3754,449,211
3755,449,65
3756,449,595
3757,449,413
3758,449,976
3759,449,658
3760,449,866
3761,449,496
3762,449,282
3763,449,593
3764,449,933
3765,449,597
3766,449,719
3767,449,365
3768,449,177
3769,449,1083
3770,449,55
3771,449,665
3772,449,1118
3773,449,860
3774,449,979
3775,449,488
3776,449,319
3777,449,959
3778,449,80
3779,449,1112
3780,449,965
3781,449,684
3782,449,689
3783,449,643
3784,449,655
3785,449,896
3786,449,198
3787,449,901
3788,449,220
3789,449,536
3790,449,778
3791,449,914
3792,449,905
3793,449,346
3794,449,266
3795,449,806
3796,449,527
3797,449,942
3798,449,691
3799,449,243
3800,449,762
3801,449,1125
3802,449,1081
3803,449,822
3804,449,588
3805,449,524
3806,449,398
3807,449,128
3808,449,45
3809,449,779
3810,449,640
3811,449,237
3812,449,401
3813,449,514
3814,449,221
3815,449,328
3816,449,46
3817,449,561
3818,449,167
3819,449,547
3820,449,630
3821,449,903
3822,449,145
3823,449,823
3824,449,139
3825,449,432
3826,449,788
3827,449,921
3828,449,300
3829,449,140
3830,449,158
3831,449,247
3832,449,759
3833,449,757
3834,449,528
3835,449,1057
3836,449,534
3837,478,333
3838,478,718
3839,478,359
3840,478,1020
3841,478,1096
3842,478,30
3843,478,153
3844,478,632
3845,478,811
3846,478,514
3847,478,34
3848,478,739
3849,478,300
3850,478,802
3851,478,867
3852,478,656
3853,478,682
3854,478,861
3855,478,470
3856,478,550
3857,478,579
3858,478,689
3859,478,1036
3860,478,1105
3861,478,409
3862,478,420
3863,478,444
3864,478,374
3865,478,248
3866,478,852
3867,478,529
3868,478,403
3869,478,828
3870,478,1115
3871,478,191
3872,478,568
3873,478,928
3874,478,858
3875,478,633
3876,478,1129
3877,478,1061
3878,478,219
3879,478,9
3880,478,112
3881,478,332
3882,478,731
3883,478,640
3884,478,24
3885,478,1028
3886,478,464
3887,478,893
3888,478,562
3889,478,258
3890,478,1029
3891,478,254
3892,478,366
3893,478,213
3894,478,962
3895,478,303
3896,478,561
3897,478,361
3898,478,564
3899,478,576
3900,478,222
3901,478,708
3902,478,450
3903,478,442
3904,478,511
3905,478,4
3906,478,433
3907,478,1113
3908,478,337
3909,478,543
3910,478,324
3911,478,1098
3912,478,734
3913,478,612
3914,478,215
3915,478,825
3916,478,99
3917,478,948
3918,478,902
3919,478,431
3920,478,831
3921,478,827
3922,478,129
3923,478,15
3924,478,1055
3925,478,355
3926,478,449
3927,478,1005
3928,478,983
3929,478,759
3930,478,261
3931,478,74
3932,478,202
3933,478,882
3934,478,620
3935,478,702
3936,478,195
3937,478,77
3938,478,474
3939,478,351
3940,478,1022
3941,478,781
3942,478,68
3943,478,271
3944,478,723
3945,478,414
3946,478,1103
3947,478,592
3948,478,913
3949,478,473
3950,478,569
3951,478,3
3952,478,1071
3953,478,155
3954,478,1080
3955,478,1126
3956,478,407
3957,478,597
3958,478,493
3959,478,279
3960,478,792
3961,478,105
3962,478,865
3963,478,698
3964,478,92
3965,478,387
3966,478,898
3967,478,571
3968,478,669
3969,478,832
3970,478,352
3971,478,999
3972,478,810
3973,478,354
3974,478,132
3975,478,499
3976,478,293
3977,478,336
3978,478,896
3979,478,416
3980,478,344
3981,478,231
3982,478,517
3983,478,772
3984,478,1060
3985,478,678
3986,478,232
3987,478,185
3988,478,364
3989,478,1013
3990,478,400
3991,478,960
3992,478,624
3993,478,822
3994,478,276
3995,478,643
3996,478,839
3997,478,249
3998,478,984
3999,478,313
4000,478,910
4001,478,826
4002,478,273
4003,478,381
4004,478,866
4005,478,447
4006,478,981
4007,478,59
4008,478,793
4009,478,575
4010,478,947
4011,478,744
4012,478,136
4013,478,1043
4014,478,809
4015,478,770
4016,478,259
4017,478,150
4018,478,1035
4019,478,47
4020,478,843
4021,478,885
4022,478,705
4023,478,864
4024,478,120
4025,478,784
4026,478,1056
4027,478,647
4028,478,998
4029,478,776
4030,478,1073
4031,478,787
4032,478,161
4033,478,891
4034,478,507
4035,478,469
4036,478,585
4037,478,490
4038,478,125
4039,478,275
4040,478,963
4041,478,144
4042,478,338
4043,478,429
4044,478,298
4045,478,704
4046,478,228
4047,478,536
4048,478,806
4049,478,1009
4050,478,466
4051,478,1070
4052,478,1019
4053,478,627
4054,478,1050
4055,478,32
4056,478,1099
4057,478,235
4058,478,394
4059,478,143
4060,478,1039
4061,478,520
4062,478,91
4063,478,905
4064,478,386
4065,478,106
4066,478,264
4067,478,126
4068,478,139
4069,478,505
4070,478,343
4071,478,315
4072,478,870
4073,478,378
4074,478,833
4075,478,979
4076,478,587
4077,478,402
4078,478,1004
4079,478,712
4080,478,1026
4081,478,889
4082,478,183
4083,478,903
4084,478,1093
4085,478,684
4086,478,1131
4087,478,384
4088,478,552
4089,478,555
4090,478,855
4091,478,486
4092,478,1077
4093,478,662
4094,478,2
4095,478,1095
4096,478,598
4097,478,284
4098,478,687
4099,478,154
4100,478,534
4101,478,857
4102,478,157
4103,478,524
4104,478,996
4105,478,137
4106,478,36
4107,478,131
4108,478,330
4109,478,326
4110,478,615
4111,478,551
4112,478,237
4113,478,978
4114,478,159
4115,478,443
4116,478,322
4117,478,743
4118,478,919
4119,478,830
4120,478,362
4121,478,994
4122,478,173
4123,478,299
4124,478,194
4125,478,383
4126,478,1124
4127,478,1109
4128,478,207
4129,478,489
4130,478,7
4131,478,546
4132,478,774
4133,478,894
4134,478,769
4135,478,1030
4136,478,556
4137,478,1091
4138,478,250
4139,478,198
4140,478,1104
4141,478,295
4142,478,842
4143,478,84
4144,478,457
4145,478,404
4146,478,907
4147,478,212
4148,478,1002
4149,478,35
4150,478,674
4151,478,761
4152,478,224
4153,478,878
4154,478,565
4155,478,1031
4156,478,119
4157,478,869
4158,478,834
4159,478,423
4160,478,188
4161,478,988
4162,478,694
4163,478,311
4164,478,353
4165,478,291
4166,478,396
4167,478,628
4168,478,539
4169,478,652
4170,478,204
4171,478,788
4172,478,1078
4173,478,306
4174,478,650
4175,478,574
4176,478,272
4177,478,796
4178,478,358
4179,478,660
4180,478,452
4181,478,214
4182,478,85
4183,478,38
4184,478,519
4185,478,98
4186,478,110
4187,478,340
4188,478,535
4189,478,375
4190,478,758
4191,478,912
4192,478,530
4193,478,369
4194,478,66
4195,478,525
4196,478,706
4197,478,557
4198,478,641
4199,478,461
4200,478,794
4201,478,751
4202,478,86
4203,478,167
4204,478,290
4205,478,262
4206,478,65
4207,478,783
4208,478,594
4209,478,680
4210,478,88
4211,478,874
4212,478,644
4213,478,785
4214,478,321
4215,478,260
4216,478,399
4217,478,542
4218,478,39
4219,478,1097
4220,478,764
4221,478,430
4222,478,1122
4223,478,936
4224,478,70
4225,478,230
4226,478,924
4227,478,853
4228,478,477
4229,478,1125
4230,478,605
4231,478,301
4232,478,956
4233,478,672
4234,478,666
4235,478,390
4236,478,73
4237,478,753
4238,478,909
4239,478,848
4240,478,849
4241,478,970
4242,478,114
4243,478,317
4244,478,621
4245,478,728
4246,478,197
4247,478,877
4248,478,899
4249,478,80
4250,478,724
4251,494,788
4252,494,528
4253,494,628
4254,494,325
4255,494,143
4256,494,741
4257,494,1108
4258,494,589
4259,494,356
4260,494,144
4261,494,510
4262,494,944
4263,494,198
4264,494,450
4265,494,986
4266,494,649
4267,494,1001
4268,494,746
4269,494,51
4270,494,813
4271,494,393
4272,494,413
4273,494,316
4274,494,280
4275,494,706
4276,494,1035
4277,494,644
4278,494,370
4279,494,1104
4280,494,902
4281,494,197
4282,494,1077
4283,494,172
4284,494,608
4285,494,952
4286,494,201
4287,494,411
4288,494,33
4289,494,215
4290,494,163
4291,494,874
4292,494,433
4293,494,90
4294,494,593
4295,494,675
4296,494,777
4297,494,263
4298,494,141
4299,494,705
4300,494,131
4301,494,713
4302,494,837
4303,494,801
4304,494,805
4305,494,513
4306,494,1054
4307,494,578
4308,494,923
4309,494,618
4310,494,679
4311,494,622
4312,494,667
4313,494,893
4314,494,715
4315,494,778
4316,494,1121
4317,494,19
4318,494,538
4319,494,546
4320,494,264
4321,494,556
4322,494,43
4323,494,853
4324,494,711
4325,494,1082
4326,494,849
4327,494,461
4328,494,997
4329,494,386
4330,494,880
4331,494,333
4332,494,92
4333,494,924
4334,494,429
4335,494,379
4336,494,533
4337,494,253
4338,494,1066
4339,494,559
4340,494,896
4341,494,1041
4342,494,132
4343,494,1129
4344,494,89
4345,494,818
4346,494,661
4347,494,519
4348,494,700
4349,494,839
4350,494,414
4351,494,1116
4352,494,822
4353,494,91
4354,494,445
4355,494,1093
4356,494,636
4357,494,415
4358,494,761
4359,494,266
4360,494,399
4361,494,134
4362,494,815
4363,494,1113
4364,494,354
4365,494,747
4366,494,812
4367,494,799
4368,494,726
4369,494,991
4370,494,54
4371,494,207
4372,494,647
4373,494,173
4374,494,1062
4375,494,467
4376,494,432
4377,494,40
4378,494,1031
4379,494,1103
4380,494,418
4381,494,311
4382,494,346
4383,494,976
4384,494,98
4385,494,400
4386,494,617
4387,494,443
4388,494,459
4389,494,857
4390,494,241
4391,494,305
4392,494,962
4393,494,1096
4394,494,336
4395,494,931
4396,494,537
4397,494,239
4398,494,46
4399,494,472
4400,494,635
4401,494,641
4402,494,910
4403,494,220
4404,494,584
4405,494,287
4406,494,179
4407,494,395
4408,494,324
4409,494,626
4410,494,1130
4411,494,26
4412,494,680
4413,494,795
4414,494,970
4415,494,260
4416,494,914
4417,494,127
4418,494,312
4419,494,1046
4420,494,69
4421,494,687
4422,494,16
4423,494,663
4424,494,701
4425,494,498
4426,494,925
4427,494,315
4428,494,922
4429,494,534
4430,494,728
4431,494,338
4432,494,1056
4433,494,189
4434,494,782
4435,494,1097
4436,494,64
4437,494,937
4438,494,762
4439,494,302
4440,494,928
4441,494,377
4442,494,109
4443,494,790
4444,494,1043
4445,494,547
4446,494,1063
4447,494,74
4448,494,307
4449,494,1115
4450,494,607
4451,494,730
4452,494,543
4453,494,729
4454,494,278
4455,494,1037
4456,494,724
4457,494,620
4458,494,809
4459,494,308
4460,494,751
4461,494,213
4462,494,1028
4463,494,527
4464,494,550
4465,494,110
4466,494,901
4467,494,840
4468,494,355
4469,494,886
4470,494,326
4471,494,248
4472,494,387
4473,494,1060
4474,494,349
4475,494,112
4476,494,362
4477,494,23
4478,494,150
4479,494,428
4480,494,990
4481,494,244
4482,494,303
4483,494,621
4484,494,933
4485,494,817
4486,494,1069
4487,494,757
4488,494,168
4489,494,96
4490,494,996
4491,494,766
4492,494,744
4493,494,357
4494,494,444
4495,494,159
4496,494,138
4497,494,587
4498,494,579
4499,494,439
4500,494,353
4501,494,38
4502,494,431
4503,494,73
4504,494,1102
4505,494,982
4506,494,505
4507,494,1091
4508,494,235
4509,494,405
4510,494,1029
4511,494,892
4512,494,1016
4513,494,695
4514,494,985
4515,494,544
4516,494,681
4517,494,512
4518,494,113
4519,494,860
4520,494,548
4521,494,1109
4522,494,48
4523,494,529
4524,494,185
4525,494,146
4526,494,497
4527,494,951
4528,494,221
4529,494,977
4530,494,174
4531,494,665
4532,494,869
4533,494,648
4534,494,350
4535,494,960
4536,494,59
4537,494,192
4538,494,774
4539,494,126
4540,494,740
4541,494,793
4542,494,796
4543,494,233
4544,494,651
4545,494,458
4546,494,360
4547,494,104
4548,494,734
4549,494,343
4550,494,798
4551,494,907
4552,494,1055
4553,494,404
4554,494,868
4555,494,698
4556,494,1090
4557,494,24
4558,494,279
4559,494,13
4560,494,905
4561,494,759
4562,494,165
4563,494,580
4564,494,852
4565,494,25
4566,494,598
4567,494,592
4568,494,1074
4569,494,979
4570,494,963
4571,494,590
4572,494,237
4573,494,167
4574,494,272
4575,494,786
4576,494,576
4577,494,855
4578,494,423
4579,494,475
4580,494,1005
4581,494,437
4582,494,485
4583,494,825
4584,494,319
4585,494,1120
4586,494,484
4587,494,256
4588,494,603
4589,494,517
4590,494,569
4591,494,369
4592,494,707
4593,494,950
4594,494,1072
4595,494,210
4596,494,65
4597,494,193
4598,494,1073
4599,494,49
4600,494,62
4601,494,1078
4602,494,206
4603,494,586
4604,494,409
4605,494,948
4606,494,468
4607,494,32
4608,494,978
4609,494,826
4610,494,373
4611,494,78
4612,494,469
4613,494,605
4614,494,591
4615,494,68
4616,494,723
4617,494,693
4618,494,135
4619,494,273
4620,494,920
4621,494,376
4622,494,1117
4623,494,699
4624,494,545
4625,494,1067
4626,494,791
4627,494,642
4628,494,604
4629,494,8
4630,494,961
4631,494,870
4632,494,1030
4633,494,1022
4634,494,690
4635,494,638
4636,494,525
4637,494,367
4638,494,972
4639,494,1080
4640,494,430
4641,494,1040
4642,494,652
4643,494,1118
4644,494,794
4645,494,1119
4646,494,862
4647,494,733
4648,494,466
4649,494,34
4650,494,903
4651,494,509
4652,494,481
4653,494,1020
4654,494,234
4655,494,1042
4656,494,866
4657,494,1085
4658,494,965
4659,494,320
4660,494,81
4661,494,575
4662,494,883
4663,494,478
4664,494,269
4665,494,94
4666,494,1
4667,494,670
4668,494,673
4669,494,708
4670,494,554
4671,494,613
4672,494,347
4673,494,147
4674,494,947
4675,494,83
4676,494,755
4677,494,750
4678,494,275
4679,494,898
4680,494,542
4681,494,843
4682,494,465
4683,494,214
4684,494,117
4685,494,634
4686,494,716
4687,494,477
4688,494,486
4689,494,242
4690,494,375
4691,494,1034
4692,494,6
4693,494,352
4694,494,956
4695,494,344
4696,494,309
4697,494,929
4698,494,157
4699,494,1045
4700,494,142
4701,494,232
4702,494,624
4703,494,625
4704,494,530
4705,494,212
4706,494,531
4707,494,337
4708,494,407
4709,494,20
4710,494,877
4711,494,417
4712,494,1044
4713,494,606
4714,494,615
4715,494,0
4716,494,151
4717,494,191
4718,494,754
4719,494,262
4720,494,763
4721,494,88
4722,494,155
4723,494,196
4724,494,768
4725,494,935
4726,494,108
4727,494,1057
4728,494,610
4729,494,582
4730,494,1048
4731,494,15
4732,494,474
4733,494,1006
4734,494,76
4735,494,558
4736,494,21
4737,494,873
4738,494,696
4739,494,549
4740,494,471
4741,494,660
4742,494,974
4743,494,225
4744,494,365
4745,494,694
4746,494,447
4747,494,882
4748,494,629
4749,494,186
4750,494,704
4751,494,217
4752,494,614
4753,494,566
4754,494,760
4755,494,424
4756,494,999
4757,494,183
4758,494,906
4759,494,851
4760,494,70
4761,494,2
4762,494,669
4763,494,932
4764,494,294
4765,494,616
4766,494,366
4767,494,11
4768,494,536
4769,494,75
4770,494,382
4771,494,371
4772,494,1023
4773,494,321
4774,494,457
4775,494,945
4776,494,455
4777,494,739
4778,494,238
4779,494,426
4780,494,758
4781,494,106
4782,494,602
4783,494,236
4784,494,781
4785,494,656
4786,494,390
4787,494,10
4788,494,1026
4789,494,1126
4790,494,573
4791,494,878
4792,494,572
4793,494,246
4794,494,119
4795,494,885
4796,494,551
4797,494,770
4798,494,176
4799,494,289
4800,494,283
4801,494,712
4802,494,995
4803,494,166
4804,494,145
4805,494,288
4806,494,1000
4807,494,856
4808,494,87
4809,494,949
4810,494,314
4811,494,313
4812,494,63
4813,494,133
4814,494,489
4815,494,380
4816,494,1110
4817,494,737
4818,494,372
4819,494,919
4820,494,47
4821,494,152
4822,494,921
4823,494,767
4824,494,1081
4825,494,265
4826,494,697
4827,494,243
4828,494,97
4829,494,953
4830,494,1051
4831,494,121
4832,494,329
4833,494,139
4834,494,317
4835,494,742
4836,494,483
4837,494,77
4838,494,154
4839,494,678
4840,494,383
4841,494,971
4842,494,718
4843,494,436
4844,494,612
4845,494,980
4846,494,983
4847,494,300
4848,494,567
4849,494,128
4850,494,258
4851,494,658
4852,494,515
4853,494,850
4854,494,717
4855,494,84
4856,494,1095
4857,494,1112
4858,494,748
4859,494,662
4860,494,876
4861,494,1070
4862,494,398
4863,494,394
4864,494,845
4865,494,503
4866,494,327
4867,494,452
4868,494,82
4869,494,709
4870,494,219
4871,494,784
4872,494,643
4873,494,61
4874,494,1018
4875,494,295
4876,494,523
4877,494,158
4878,494,677
4879,494,180
4880,494,419
4881,494,149
4882,494,731
4883,494,672
4884,494,1015
4885,494,994
4886,494,125
4887,494,808
4888,494,492
4889,494,557
4890,494,954
4891,494,811
4892,494,240
4893,494,565
4894,494,984
4895,494,1024
4896,494,787
4897,494,899
4898,494,823
4899,494,449
4900,494,259
4901,494,1068
4902,494,1027
4903,494,800
4904,494,691
4905,494,427
4906,494,1061
4907,494,274
4908,494,563
4909,494,403
4910,494,223
4911,494,719
4912,494,930
4913,494,561
4914,494,1071
4915,494,1014
4916,494,1017
4917,494,137
4918,494,252
4919,494,169
4920,494,659
4921,494,936
4922,494,946
4923,494,703
4924,494,926
4925,494,120
4926,494,522
4927,494,195
4928,494,332
4929,494,941
4930,494,85
4931,494,904
4932,494,216
4933,494,136
4934,494,298
4935,494,732
4936,494,58
4937,494,66
4938,494,633
4939,494,341
4940,494,115
4941,494,208
4942,494,865
4943,599,1049
4944,599,818
4945,599,406
4946,599,1089
4947,599,228
4948,599,414
4949,599,574
4950,599,330
4951,599,979
4952,599,661
4953,599,412
4954,599,772
4955,599,287
4956,599,1030
4957,599,42
4958,599,810
4959,599,3
4960,599,902
4961,599,558
4962,599,192
4963,599,336
4964,599,794
4965,599,55
4966,599,176
4967,599,81
4968,599,311
4969,599,985
4970,599,61
4971,599,930
4972,599,826
4973,599,643
4974,599,878
4975,599,648
4976,599,450
4977,599,800
4978,599,289
4979,599,1095
4980,599,779
4981,599,918
4982,599,523
4983,599,650
4984,599,125
4985,599,191
4986,599,237
4987,599,233
4988,599,781
4989,599,638
4990,599,258
4991,599,526
4992,599,331
4993,599,78
4994,599,683
4995,599,497
4996,599,285
4997,599,124
4998,599,9
4999,599,359
5000,599,456
5001,599,1071
5002,599,956
5003,599,848
5004,599,858
5005,599,183
5006,599,926
5007,599,41
5008,599,554
5009,599,426
5010,599,94
5011,599,5
5012,599,362
5013,599,1110
5014,599,714
5015,599,189
5016,599,388
5017,599,532
5018,599,1061
5019,599,383
5020,599,503
5021,599,371
5022,599,866
5023,599,695
5024,599,273
5025,599,399
5026,599,928
5027,599,995
5028,599,439
5029,599,819
5030,599,1026
5031,599,147
5032,599,769
5033,599,368
5034,599,586
5035,599,1039
5036,599,544
5037,599,1019
5038,599,1036
5039,599,354
5040,599,491
5041,599,607
5042,599,29
5043,599,151
5044,599,236
5045,599,514
5046,599,966
5047,599,2
5048,599,346
5049,599,595
5050,599,660
5051,599,592
5052,599,137
5053,599,343
5054,599,903
5055,599,949
5056,599,583
5057,599,799
5058,599,238
5059,599,214
5060,599,1080
5061,599,96
5062,599,829
5063,599,100
5064,599,308
5065,599,85
5066,599,764
5067,599,210
5068,599,6
5069,599,1050
5070,599,20
5071,599,451
5072,599,766
5073,599,338
5074,599,880
5075,599,989
5076,599,110
5077,599,853
5078,599,1083
5079,599,409
5080,599,480
5081,599,460
5082,599,954
5083,599,758
5084,599,767
5085,599,652
5086,599,107
5087,599,186
5088,599,687
5089,599,27
5090,599,492
5091,599,668
5092,599,1035
5093,599,312
5094,599,713
5095,599,244
5096,599,837
5097,599,472
5098,599,1056
5099,599,548
5100,599,982
5101,599,101
5102,599,344
5103,599,8
5104,599,498
5105,599,512
5106,599,613
5107,599,911
5108,599,908
5109,599,530
5110,599,921
5111,599,427
5112,599,128
5113,599,1124
5114,599,620
5115,599,1015
5116,700,528
5117,700,855
5118,700,621
5119,700,852
5120,700,84
5121,700,1038
5122,700,345
5123,700,463
5124,700,963
5125,700,928
5126,700,802
5127,700,534
5128,700,678
5129,700,343
5130,700,322
5131,700,362
5132,700,70
5133,700,504
5134,700,337
5135,700,563
5136,700,1
5137,700,486
5138,700,432
5139,700,856
5140,700,116
5141,700,1013
5142,700,1004
5143,700,860
5144,700,858
5145,700,827
5146,700,995
5147,700,922
5148,700,223
5149,700,846
5150,700,1063
5151,700,1078
5152,700,39
5153,700,132
5154,700,154
5155,700,161
5156,700,574
5157,700,41
5158,700,960
5159,700,1048
5160,700,87
5161,700,1094
5162,700,415
5163,700,478
5164,700,469
5165,700,898
5166,700,941
5167,700,610
5168,700,360
5169,700,715
5170,700,374
5171,700,37
5172,700,649
5173,700,1066
5174,700,834
5175,700,562
5176,700,372
5177,700,1090
5178,700,770
5179,700,1000
5180,700,772
5181,700,1043
5182,700,750
5183,700,620
5184,700,679
5185,700,830
5186,700,341
5187,700,797
5188,700,61
5189,700,652
5190,700,398
5191,700,788
5192,700,476
5193,700,280
5194,700,733
5195,700,1091
5196,700,80
5197,700,296
5198,700,647
5199,700,275
5200,700,813
5201,700,801
5202,700,688
5203,700,414
5204,700,1045
5205,700,1103
5206,700,587
5207,700,407
5208,700,262
5209,700,550
5210,700,142
5211,700,724
5212,700,1023
5213,700,446
5214,700,585
5215,700,386
5216,700,326
5217,700,822
5218,700,1014
5219,700,301
5220,700,759
5221,700,483
5222,700,140
5223,700,361
5224,700,420
5225,700,541
5226,700,674
5227,700,54
5228,700,683
5229,700,17
5230,700,378
5231,700,673
5232,700,133
5233,700,404
5234,700,829
5235,700,317
5236,700,442
5237,700,283
5238,700,904
5239,700,554
5240,700,12
5241,700,457
5242,700,753
5243,700,461
5244,700,221
5245,700,867
5246,700,1123
5247,700,218
5248,700,984
5249,700,600
5250,700,1130
5251,700,166
5252,700,357
5253,700,187
5254,700,32
5255,700,594
5256,700,579
5257,700,982
5258,700,604
5259,700,851
5260,700,86
5261,700,1105
5262,700,1129
5263,700,1005
5264,700,285
5265,700,355
5266,700,695
5267,700,903
5268,700,718
5269,700,1122
5270,700,895
5271,700,812
5272,700,268
5273,700,434
5274,700,658
5275,700,431
5276,700,104
5277,700,480
5278,700,612
5279,700,932
5280,700,152
5281,700,519
5282,700,1085
5283,700,684
5284,700,810
5285,700,582
5286,700,387
5287,700,302
5288,700,1065
5289,700,347
5290,700,1029
5291,700,78
5292,700,194
5293,700,134
5294,700,393
5295,700,961
5296,700,606
5297,700,818
5298,700,1124
5299,700,985
5300,700,1097
5301,700,994
5302,700,89
5303,700,1069
5304,700,714
5305,700,27
5306,700,1108
5307,700,335
5308,700,742
5309,700,1027
5310,700,474
5311,700,864
5312,700,590
5313,700,794
5314,700,839
5315,700,675
5316,700,138
5317,700,1002
5318,700,394
5319,700,996
5320,700,921
5321,700,254
5322,700,313
5323,700,641
5324,700,558
5325,700,330
5326,700,1009
5327,700,9
5328,700,1030
5329,700,405
5330,700,312
5331,700,477
5332,700,555
5333,700,764
5334,700,720
5335,700,33
5336,700,128
5337,700,391
5338,700,1127
5339,700,452
5340,700,44
5341,700,298
5342,700,638
5343,700,354
5344,700,575
5345,700,406
5346,700,662
5347,700,248
5348,700,628
5349,700,499
5350,700,403
5351,700,306
5352,700,282
5353,700,226
5354,700,880
5355,700,868
5356,700,981
5357,700,69
5358,700,273
5359,700,170
5360,700,490
5361,822,584
5362,822,236
5363,822,693
5364,822,432
5365,822,761
5366,822,1064
5367,822,426
5368,822,383
5369,822,307
5370,822,1043
5371,822,483
5372,822,1075
5373,822,185
5374,822,423
5375,822,543
5376,822,130
5377,822,89
5378,822,163
5379,822,413
5380,822,77
5381,822,512
5382,822,749
5383,822,26
5384,822,418
5385,822,708
5386,822,852
5387,822,1023
5388,822,1130
5389,822,134
5390,822,579
5391,822,51
5392,822,694
5393,822,188
5394,822,587
5395,822,605
5396,822,776
5397,822,73
5398,822,968
5399,822,528
5400,822,457
5401,822,355
5402,822,98
5403,822,66
5404,822,192
5405,822,266
5406,822,837
5407,822,258
5408,822,640
5409,822,723
5410,822,358
5411,822,597
5412,822,807
5413,822,654
5414,822,352
5415,822,830
5416,822,210
5417,822,486
5418,822,1003
5419,822,467
5420,822,159
5421,822,713
5422,822,549
5423,822,912
5424,822,918
5425,822,31
5426,822,424
5427,822,1070
5428,822,1017
5429,822,755
5430,822,561
5431,822,146
5432,822,182
5433,822,691
5434,822,727
5435,822,767
5436,822,373
5437,822,1125
5438,822,362
5439,822,948
5440,822,1035
5441,822,709
5442,822,1045
5443,822,983
5444,822,262
5445,822,857
5446,822,419
5447,822,277
5448,822,953
5449,822,554
5450,822,495
5451,822,720
5452,822,979
5453,822,811
5454,822,58
5455,822,144
5456,822,403
5457,822,806
5458,822,466
5459,822,303
5460,822,9
5461,822,382
5462,822,1034
5463,822,21
5464,822,152
5465,822,1047
5466,822,514
5467,822,368
5468,822,969
5469,822,333
5470,822,345
5471,822,1015
5472,822,913
5473,822,684
5474,822,624
5475,822,583
5476,822,573
5477,822,832
5478,822,1051
5479,822,85
5480,822,279
5481,822,206
5482,822,74
5483,822,745
5484,822,503
5485,822,1097
5486,822,966
5487,822,470
5488,822,662
5489,822,1032
5490,822,13
5491,822,454
5492,822,87
5493,822,960
5494,822,905
5495,822,160
5496,822,218
5497,822,393
5498,822,34
5499,822,752
5500,822,957
5501,822,30
5502,822,768
5503,822,817
5504,822,577
5505,822,372
5506,822,937
5507,822,119
5508,822,827
5509,822,532
5510,822,804
5511,822,1112
5512,822,434
5513,822,725
5514,822,886
5515,822,771
5516,822,642
5517,822,989
5518,822,1119
5519,822,473
5520,822,652
5521,822,733
5522,822,347
5523,822,200
5524,822,169
5525,822,522
5526,822,301
5527,822,719
5528,822,445
5529,822,340
5530,822,353
5531,822,782
5532,822,234
5533,822,911
5534,822,1131
5535,822,930
5536,822,841
5537,822,877
5538,822,929
5539,822,1128
5540,822,389
5541,822,604
5542,822,665
5543,822,839
5544,822,90
5545,822,632
5546,822,462
5547,822,395
5548,822,379
5549,822,468
5550,822,84
5551,822,539
5552,822,656
5553,822,416
5554,822,698
5555,822,676
5556,822,407
5557,822,1092
5558,822,351
5559,822,356
5560,822,622
5561,822,873
5562,822,80
5563,822,1
5564,822,309
5565,822,411
5566,822,666
5567,822,513
5568,822,646
5569,822,816
5570,822,538
5571,822,714
5572,822,127
5573,822,545
5574,822,717
5575,822,252
5576,822,239
5577,822,1013
5578,822,735
5579,822,245
5580,822,377
5581,822,848
5582,822,116
5583,822,712
5584,822,724
5585,822,533
5586,822,414
5587,822,896
5588,822,758
5589,822,586
5590,822,313
5591,822,237
5592,822,1103
5593,822,1089
5594,822,63
5595,822,630
5596,822,1046
5597,822,557
5598,822,950
5599,822,150
5600,822,865
5601,822,529
5602,822,748
5603,822,162
5604,822,766
5605,822,44
5606,822,202
5607,822,890
5608,822,809
5609,822,369
5610,822,901
5611,822,291
5612,822,681
5613,822,281
5614,822,1096
5615,822,682
5616,822,707
5617,822,690
5618,822,769
5619,822,269
5620,822,870
5621,822,105
5622,822,1052
5623,822,140
5624,822,737
5625,822,408
5626,822,386
5627,822,721
5628,822,524
5629,822,16
5630,822,962
5631,822,223
5632,822,4
5633,822,582
5634,822,336
5635,822,803
5636,822,625
5637,822,1010
5638,822,747
5639,822,480
5640,822,732
5641,822,131
5642,822,219
5643,822,183
5644,822,537
5645,822,535
5646,822,217
5647,822,889
5648,822,897
5649,822,997
5650,822,100
5651,822,1031
5652,822,1121
5653,822,489
5654,822,523
5655,822,472
5656,822,238
5657,822,320
5658,822,404
5659,822,203
5660,822,213
5661,822,47
5662,822,980
5663,822,311
5664,822,465
5665,822,204
5666,822,1042
5667,822,246
5668,822,1122
5669,822,1109
5670,822,785
5671,822,1067
5672,822,833
5673,822,902
5674,822,1009
5675,822,1062
5676,822,173
5677,822,797
5678,822,673
5679,822,874
5680,822,598
5681,822,845
5682,822,81
5683,822,1074
5684,822,552
5685,822,479
5686,822,731
5687,822,198
5688,822,60
5689,822,774
5690,822,1055
5691,822,226
5692,822,1063
5693,822,94
5694,822,61
5695,822,298
5696,822,62
5697,822,592
5698,822,507
5699,822,627
5700,822,853
5701,822,96
5702,822,1077
5703,822,487
5704,822,932
5705,822,48
5706,822,544
5707,822,1118
5708,822,668
5709,822,1066
5710,822,791
5711,822,687
5712,822,346
5713,822,387
5714,822,287
5715,822,110
5716,822,858
5717,822,115
5718,822,793
5719,822,786
5720,822,875
5721,822,227
5722,822,326
5723,822,551
5724,822,971
5725,822,976
5726,822,999
5727,822,332
5728,822,493
5729,822,596
5730,822,224
5731,822,965
5732,822,153
5733,822,328
5734,822,138
5735,822,417
5736,822,826
5737,822,780
5738,822,267
5739,822,23
5740,822,174
5741,822,667
5742,822,556
5743,822,871
5744,822,619
5745,822,1014
5746,822,1050
5747,822,0
5748,822,476
5749,822,499
5750,822,69
5751,822,107
5752,822,638
5753,822,894
5754,822,564
5755,822,91
5756,822,498
5757,822,940
5758,822,271
5759,822,959
5760,822,133
5761,822,109
5762,822,155
5763,822,99
5764,822,46
5765,822,688
5766,822,760
5767,822,251
5768,822,324
5769,822,757
5770,822,370
5771,822,481
5772,822,50
5773,822,459
5774,822,585
5775,822,49
5776,822,860
5777,822,836
5778,822,1095
5779,822,357
5780,822,697
5781,822,284
5782,822,762
5783,822,818
5784,822,33
5785,822,1117
5786,822,899
5787,822,429
5788,822,72
5789,822,101
5790,822,823
5791,822,1076
5792,822,10
5793,822,798
5794,822,1041
5795,822,636
5796,822,53
5797,822,1024
5798,822,410
5799,822,1098
5800,822,802
5801,822,946
5802,822,490
5803,822,460
5804,822,12
5805,822,739
5806,822,558
5807,822,165
5808,822,958
5809,822,884
5810,822,977
5811,822,280
5812,822,1022
5813,822,882
5814,822,925
5815,822,562
5816,822,696
5817,822,221
5818,822,276
5819,822,378
5820,822,494
5821,822,1039
5822,822,436
5823,822,555
5824,822,908
5825,822,478
5826,822,1104
5827,822,565
5828,822,491
5829,822,435
5830,822,1028
5831,822,323
5832,822,1054
5833,822,788
5834,822,909
5835,822,448
5836,822,869
5837,822,648
5838,822,541
5839,822,95
5840,822,1049
5841,822,991
5842,822,921
5843,822,700
5844,822,290
5845,822,350
5846,822,602
5847,822,176
5848,822,516
5849,822,7
5850,822,511
5851,822,917
5852,822,574
5853,822,1060
5854,822,145
5855,822,175
5856,822,348
5857,822,343
5858,822,772
5859,822,452
5860,822,29
5861,822,805
5862,822,947
5863,822,444
5864,822,249
5865,822,536
5866,822,862
5867,822,1040
5868,822,978
5869,822,850
5870,822,121
5871,822,580
5872,822,268
5873,822,879
5874,822,620
5875,822,840
5876,822,679
5877,822,550
5878,822,331
5879,822,288
5880,822,994
5881,822,718
5882,822,614
5883,822,928
5884,822,777
5885,822,800
5886,822,970
5887,822,1053
5888,822,142
5889,822,935
5890,822,420
5891,822,136
5892,822,867
5893,822,924
5894,822,952
5895,822,778
5896,822,699
5897,822,943
5898,822,1027
5899,822,595
5900,822,170
5901,822,367
5902,822,240
5903,822,847
5904,822,64
5905,822,955
5906,822,998
5907,822,1059
5908,822,43
5909,822,391
5910,822,83
5911,822,302
5912,822,572
5913,822,644
5914,822,437
5915,822,819
5916,822,655
5917,822,415
5918,822,20
5919,822,265
5920,822,126
5921,822,1065
5922,822,474
5923,822,65
5924,822,988
5925,822,443
5926,822,1102
5927,822,39
5928,822,1044
5929,822,612
5930,822,703
5931,822,125
5932,822,796
5933,822,647
5934,822,926
5935,822,856
5936,822,660
5937,822,706
5938,822,1048
5939,822,1115
5940,822,1006
5941,822,305
5942,822,801
5943,822,120
5944,822,838
5945,822,683
5946,822,464
5947,822,396
5948,822,161
5949,822,615
5950,822,517
5951,822,27
5952,822,1033
5953,822,197
5954,822,354
5955,822,527
5956,822,250
5957,822,820
5958,822,520
5959,822,399
5960,822,799
5961,822,38
5962,822,394
5963,822,76
5964,822,191
5965,822,701
5966,822,1129
5967,822,8
5968,822,390
5969,822,603
5970,822,456
5971,822,922
5972,822,275
5973,822,779
5974,822,704
5975,822,205
5976,822,359
5977,822,658
5978,822,613
5979,822,112
5980,822,274
5981,822,282
5982,822,1058
5983,822,695
5984,822,880
5985,822,1123
5986,822,261
5987,822,244
5988,822,102
5989,822,441
5990,822,617
5991,822,1090
5992,822,981
5993,822,344
5994,822,996
5995,822,124
5996,822,366
5997,822,278
5998,822,1019
5999,822,855
6000,822,19
6001,822,461
6002,822,985
6003,822,289
6004,822,621
6005,822,792
6006,822,895
6007,822,1029
6008,822,380
6009,822,17
6010,870,165
6011,870,917
6012,870,986
6013,870,504
6014,870,787
6015,870,230
6016,870,605
6017,870,1002
6018,870,706
6019,870,947
6020,870,435
6021,870,469
6022,870,1008
6023,870,703
6024,870,76
6025,870,150
6026,870,953
6027,870,258
6028,870,1069
6029,870,1093
6030,870,538
6031,870,855
6032,870,525
6033,870,124
6034,870,791
6035,870,585
6036,870,144
6037,870,261
6038,870,367
6039,870,573
6040,870,470
6041,870,714
6042,870,15
6043,870,277
6044,870,976
6045,870,1119
6046,870,906
6047,870,996
6048,870,1034
6049,870,908
6050,870,747
6051,870,189
6052,870,281
6053,870,609
6054,870,72
6055,870,103
6056,870,224
6057,870,561
6058,870,373
6059,870,187
6060,870,522
6061,870,898
6062,870,887
6063,870,758
6064,870,1088
6065,870,884
6066,870,262
6067,870,48
6068,870,199
6069,870,614
6070,870,1058
6071,870,234
6072,870,856
6073,870,492
6074,870,962
6075,870,379
6076,870,602
6077,870,370
6078,870,752
6079,870,593
6080,870,268
6081,870,673
6082,870,622
6083,870,401
6084,870,428
6085,870,405
6086,870,823
6087,870,487
6088,870,626
6089,870,12
6090,870,603
6091,870,598
6092,870,730
6093,870,827
6094,870,8
6095,870,1
6096,870,829
6097,870,366
6098,870,566
6099,870,211
6100,870,1035
6101,870,415
6102,870,411
6103,870,273
6104,870,478
6105,870,207
6106,870,92
6107,870,728
6108,870,374
6109,870,584
6110,870,19
6111,870,1092
6112,870,385
6113,870,256
6114,870,106
6115,870,502
6116,870,648
6117,870,417
6118,870,892
6119,870,4
6120,870,347
6121,870,735
6122,870,595
6123,870,384
6124,870,108
6125,870,311
6126,870,753
6127,870,563
6128,870,6
6129,870,846
6130,870,564
6131,870,681
6132,870,782
6133,870,179
6134,870,785
6135,870,409
6136,870,240
6137,870,1128
6138,870,41
6139,870,269
6140,870,164
6141,870,163
6142,870,1125
6143,870,635
6144,870,577
6145,870,873
6146,870,1060
6147,870,1018
6148,870,544
6149,870,1080
6150,870,233
6151,870,167
6152,870,117
6153,870,1081
6154,870,869
6155,870,676
6156,870,914
6157,870,266
6158,870,592
6159,870,130
6160,870,597
6161,870,539
6162,870,51
6163,870,697
6164,870,885
6165,870,446
6166,870,575
6167,870,1053
6168,870,137
6169,870,332
6170,870,40
6171,870,541
6172,870,193
6173,870,536
6174,870,1056
6175,870,104
6176,870,158
6177,870,546
6178,870,459
6179,870,245
6180,870,833
6181,870,792
6182,870,66
6183,870,918
6184,870,114
6185,870,82
6186,870,721
6187,870,731
6188,870,188
6189,870,208
6190,870,983
6191,870,768
6192,870,248
6193,870,20
6194,870,222
6195,870,369
6196,870,128
6197,870,1112
6198,870,689
6199,870,287
6200,870,146
6201,870,38
6202,870,239
6203,870,784
6204,870,658
6205,870,192
6206,870,1043
6207,870,480
6208,870,491
6209,870,944
6210,870,203
6211,870,175
6212,870,475
6213,870,806
6214,870,61
6215,870,1107
6216,870,1026
6217,870,739
6218,870,110
6219,870,126
6220,870,783
6221,870,955
6222,870,707
6223,870,1078
6224,870,516
6225,870,705
6226,870,1067
6227,870,718
6228,870,961
6229,870,219
6230,870,337
6231,870,965
6232,870,64
6233,870,451
6234,870,424
6235,870,933
6236,870,755
6237,870,604
6238,870,1117
6239,870,11
6240,870,663
6241,870,826
6242,870,43
6243,870,674
6244,870,1108
6245,870,25
6246,870,695
6247,870,403
6248,870,796
6249,870,776
6250,870,828
6251,870,1095
6252,870,183
6253,870,1079
6254,870,133
6255,870,65
6256,870,527
6257,870,437
6258,870,1044
6259,870,1076
6260,870,903
6261,870,307
6262,870,1130
6263,870,375
6264,870,98
6265,870,29
6266,870,1019
6267,870,26
6268,870,514
6269,870,213
6270,870,619
6271,870,433
6272,870,259
6273,870,412
6274,870,654
6275,870,429
6276,870,667
6277,870,646
6278,870,309
6279,870,218
6280,870,227
6281,870,60
6282,870,972
6283,870,153
6284,870,652
6285,870,481
6286,870,439
6287,870,348
6288,870,1065
6289,870,696
6290,870,612
6291,870,551
6292,870,212
6293,870,740
6294,870,340
6295,870,777
6296,870,228
6297,870,30
6298,870,100
6299,870,583
6300,870,686
6301,870,1126
6302,870,315
6303,870,628
6304,870,756
6305,870,818
6306,870,457
6307,870,59
6308,870,790
6309,870,594
6310,870,926
6311,870,321
6312,870,295
6313,870,688
6314,870,852
6315,870,510
6316,870,39
6317,870,490
6318,870,848
6319,870,849
6320,870,139
6321,870,764
6322,870,890
6323,870,672
6324,870,499
6325,870,530
6326,870,694
6327,870,862
6328,870,329
6329,870,922
6330,870,94
6331,870,410
6332,870,372
6333,870,28
6334,870,326
6335,870,371
6336,870,810
6337,870,732
6338,870,760
6339,870,649
6340,870,876
6341,870,779
6342,870,182
6343,870,840
6344,870,644
6345,870,912
6346,870,112
6347,870,993
6348,870,450
6349,870,615
6350,870,788
6351,870,954
6352,870,1031
6353,870,660
6354,870,1003
6355,870,360
6356,870,1082
6357,870,438
6358,870,988
6359,870,910
6360,870,812
6361,870,659
6362,870,997
6363,870,223
6364,870,345
6365,870,69
6366,870,120
6367,870,888
6368,870,362
6369,870,503
6370,870,666
6371,870,867
6372,870,205
6373,870,533
6374,870,296
6375,870,78
6376,870,116
6377,870,430
6378,870,1070
6379,870,977
6380,870,1052
6381,870,952
6382,870,448
6383,870,1105
6384,870,989
6385,870,819
6386,870,743
6387,870,338
6388,870,420
6389,870,1103
6390,870,627
6391,870,383
6392,870,464
6393,870,186
6394,870,515
6395,870,169
6396,870,656
6397,870,1032
6398,870,513
6399,870,406
6400,870,746
6401,870,422
6402,870,299
6403,870,879
6404,870,399
6405,870,853
6406,870,963
6407,870,119
6408,870,302
6409,870,708
6410,870,471
6411,870,567
6412,870,1040
6413,870,832
6414,870,35
6415,870,201
6416,870,303
6417,870,274
6418,870,341
6419,870,802
6420,870,1123
6421,870,501
6422,870,443
6423,870,935
6424,870,891
6425,870,877
6426,870,569
6427,870,458
6428,870,63
6429,870,23
6430,870,1083
6431,870,68
6432,870,517
6433,870,88
6434,870,238
6435,870,919
6436,870,132
6437,870,386
6438,870,1009
6439,870,493
6440,870,529
6441,870,1006
6442,870,285
6443,870,236
6444,870,687
6445,870,542
6446,870,1055
6447,870,859
6448,870,275
6449,870,1100
6450,870,1059
6451,870,36
6452,870,878
6453,870,466
6454,870,901
6455,870,1049
6456,870,449
6457,870,991
6458,870,904
6459,870,249
6460,870,943
6461,870,143
6462,870,355
6463,870,436
6464,870,1115
6465,870,631
6466,870,263
6467,870,1005
6468,870,131
6469,870,93
6470,870,875
6471,870,434
6472,870,512
6473,870,1033
6474,870,198
6475,870,951
6476,870,86
6477,870,358
6478,870,858
6479,870,1113
6480,870,34
6481,870,350
6482,870,215
6483,870,1015
6484,870,805
6485,870,265
6486,870,333
6487,870,850
6488,870,932
6489,870,956
6490,870,588
6491,870,971
6492,870,250
6493,870,1029
6494,870,377
6495,870,964
6496,870,354
6497,870,765
6498,870,13
6499,870,474
6500,870,880
6501,870,979
6502,870,786
6503,870,897
6504,870,109
6505,870,511
6506,870,556
6507,870,160
6508,870,599
6509,870,388
6510,870,1027
6511,870,913
6512,870,465
6513,870,770
6514,870,668
6515,870,643
6516,870,638
6517,870,293
6518,870,17
6519,870,138
6520,870,1120
6521,870,811
6522,870,301
6523,870,226
6524,870,290
6525,870,495
6526,870,87
6527,870,1091
6528,870,497
6529,870,58
6530,870,894
6531,870,565
6532,870,803
6533,870,864
6534,870,194
6535,870,346
6536,870,353
6537,870,1061
6538,870,10
6539,870,398
6540,870,675
6541,870,636
6542,870,473
6543,870,568
6544,870,342
6545,870,2
6546,870,830
6547,870,115
6548,870,419
6549,870,159
6550,870,960
6551,870,798
6552,870,127
6553,870,842
6554,870,232
6555,870,680
6556,870,774
6557,870,196
6558,870,562
6559,870,24
6560,870,778
6561,870,99
6562,870,460
6563,870,7
6564,870,843
6565,870,726
6566,870,305
6567,870,498
6568,870,928
6569,870,161
6570,870,291
6571,870,1041
6572,870,80
6573,870,306
6574,870,949
6575,870,54
6576,870,135
6577,870,276
6578,870,349
6579,870,684
6580,870,91
6581,870,621
6582,870,813
6583,870,1023
6584,870,105
6585,870,698
6586,870,868
6587,870,260
6588,870,924
6589,870,140
6590,870,1045
6591,870,316
6592,870,749
6593,870,312
6594,870,77
6595,870,231
6596,928,640
6597,928,842
6598,928,875
6599,928,1107
6600,960,300
6601,960,256
6602,960,449
6603,960,777
6604,960,657
6605,960,138
6606,960,573
6607,960,1035
6608,960,299
6609,960,784
6610,960,1039
6611,960,532
6612,960,17
6613,960,972
6614,960,469
6615,960,857
6616,960,1005
6617,960,650
6618,960,389
6619,960,403
6620,960,929
6621,960,791
6622,960,830
6623,960,851
6624,960,1029
6625,960,93
6626,960,312
6627,960,524
6628,960,1076
6629,960,515
6630,960,527
6631,960,556
6632,960,228
6633,960,215
6634,960,742
6635,960,10
6636,960,858
6637,960,622
6638,960,128
6639,960,18
6640,960,836
6641,960,1049
6642,960,695
6643,960,1006
6644,960,790
6645,960,704
6646,960,436
6647,960,274
6648,960,744
6649,960,786
6650,960,717
6651,960,170
6652,960,213
6653,960,471
6654,960,492
6655,960,964
6656,960,227
6657,960,249
6658,960,103
6659,960,489
6660,960,1058
6661,960,110
6662,960,563
6663,960,1033
6664,960,522
6665,960,842
6666,960,703
6667,960,114
6668,960,873
6669,960,458
6670,960,1015
6671,960,526
6672,960,956
6673,960,301
6674,960,396
6675,960,569
6676,960,747
6677,960,552
6678,960,974
6679,960,574
6680,960,616
6681,960,958
6682,960,487
6683,960,69
6684,960,1112
6685,960,466
6686,960,542
6687,960,277
6688,960,439
6689,960,330
6690,960,827
6691,960,913
6692,960,23
6693,960,390
6694,960,331
6695,960,388
6696,960,818
6697,960,399
6698,960,606
6699,960,381
6700,960,1117
6701,960,776
6702,960,42
6703,960,321
6704,960,618
6705,960,990
6706,960,751
6707,960,189
6708,960,936
6709,960,474
6710,960,74
6711,960,234
6712,960,195
6713,960,1038
6714,960,163
6715,960,147
6716,960,686
6717,960,101
6718,960,308
6719,960,498
6720,960,202
6721,960,1028
6722,960,562
6723,960,1034
6724,960,427
6725,960,263
6726,960,125
6727,960,203
6728,960,611
6729,960,85
6730,960,1016
6731,960,184
6732,960,886
6733,960,718
6734,960,4
6735,960,169
6736,960,672
6737,960,176
6738,960,946
6739,960,511
6740,960,1063
6741,960,165
6742,960,891
6743,960,295
6744,960,1102
6745,960,174
6746,960,582
6747,960,437
6748,960,648
6749,960,882
6750,960,457
6751,960,709
6752,960,473
6753,960,981
6754,960,609
6755,960,817
6756,960,117
6757,960,514
6758,960,44
6759,960,568
6760,960,120
6761,960,1131
6762,960,594
6763,960,259
6764,960,68
6765,960,416
6766,960,580
6767,960,589
6768,960,409
6769,960,87
6770,960,214
6771,960,651
6772,960,523
6773,960,1069
6774,960,1048
6775,960,1008
6776,960,1097
6777,960,33
6778,960,578
6779,960,346
6780,960,566
6781,960,984
6782,960,502
6783,960,387
6784,960,782
6785,960,233
6786,960,271
6787,960,324
6788,960,1085
6789,960,116
6790,960,250
6791,960,796
6792,960,383
6793,960,914
6794,960,59
6795,960,801
6796,960,894
6797,960,856
6798,960,809
6799,960,632
6800,960,849
6801,960,682
6802,960,1062
6803,960,871
6804,960,679
6805,960,78
6806,960,604
6807,960,106
6808,960,1000
6809,960,41
6810,960,336
6811,960,862
6812,960,420
6813,960,450
6814,960,411
6815,960,1002
6816,960,29
6817,960,670
6818,960,1059
6819,960,65
6820,960,1064
6821,960,765
6822,960,1037
6823,960,957
6824,960,912
6825,960,209
6826,960,126
6827,960,714
6828,960,1019
6829,960,1113
6830,960,543
6831,960,999
6832,960,954
6833,960,579
6834,960,377
6835,960,459
6836,960,743
6837,960,345
6838,960,839
6839,960,1036
6840,960,583
6841,960,102
6842,960,1041
6843,960,252
6844,960,997
6845,960,712
6846,960,1077
6847,960,261
6848,960,282
6849,960,887
6850,960,139
6851,960,833
6852,960,895
6853,960,285
6854,960,822
6855,960,43
6856,960,864
6857,960,313
6858,960,654
6859,960,805
6860,960,691
6861,960,340
6862,960,478
6863,960,264
6864,960,1096
6865,960,792
6866,960,341
6867,960,711
6868,960,20
6869,960,875
6870,960,565
6871,960,150
6872,960,734
6873,960,221
6874,960,429
6875,960,1125
6876,960,452
6877,960,713
6878,960,92
6879,960,860
6880,960,598
6881,960,216
6882,960,35
6883,960,1031
6884,960,175
6885,960,217
6886,960,1123
6887,960,721
6888,960,852
6889,960,979
6890,960,639
6891,960,1053
6892,960,342
6893,960,797
6894,960,477
6895,960,222
6896,960,610
6897,960,464
6898,960,135
6899,960,759
6900,960,668
6901,960,923
6902,960,507
6903,960,925
6904,960,674
6905,960,303
6906,960,599
6907,960,949
6908,960,283
6909,960,212
6910,960,988
6911,960,1098
6912,960,309
6913,960,80
6914,960,687
6915,960,371
6916,960,1050
6917,960,1092
6918,960,667
6919,960,850
6920,960,612
6921,960,218
6922,960,903
6923,960,1108
6924,960,400
6925,960,77
6926,960,62
6927,960,1055
6928,960,480
6929,960,826
6930,960,629
6931,960,853
6932,960,1115
6933,960,230
6934,960,146
6935,960,719
6936,960,493
6937,960,320
6938,960,298
6939,960,417
6940,960,793
6941,960,136
6942,960,908
6943,960,15
6944,960,745
6945,960,438
6946,960,536
6947,960,304
6948,960,379
6949,960,211
6950,960,642
6951,960,698
6952,960,877
6953,960,166
6954,960,153
6955,960,402
6956,960,483
6957,960,993
6958,960,19
6959,960,812
6960,960,861
6961,960,64
6962,960,297
6963,960,81
6964,960,98
6965,960,133
6966,960,258
6967,960,470
6968,960,533
6969,960,899
6970,960,272
6971,960,577
6972,960,151
6973,960,76
6974,960,671
6975,960,519
6976,960,1104
6977,960,124
6978,960,357
6979,960,669
6980,960,73
6981,960,620
6982,960,807
6983,960,22
6984,960,932
6985,960,865
6986,960,280
6987,960,305
6988,960,504
6989,960,897
6990,960,737
6991,960,728
6992,960,188
6993,960,1040
6994,960,564
6995,960,635
6996,960,909
6997,960,525
6998,960,54
6999,960,848
7000,960,352
7001,960,183
7002,960,810
7003,960,192
7004,960,142
7005,960,104
7006,960,722
7007,960,1082
7008,960,678
7009,960,159
7010,960,575
7011,960,892
7012,960,708
7013,960,275
7014,960,681
7015,960,48
7016,960,701
7017,960,226
7018,960,268
7019,960,986
7020,960,1014
7021,960,733
7022,960,356
7023,960,787
7024,960,571
7025,960,84
7026,960,95
7027,960,441
7028,960,428
7029,960,590
7030,960,237
7031,960,82
7032,960,1090
7033,960,182
7034,960,307
7035,960,38
7036,960,372
7037,960,680
7038,960,294
7039,960,358
7040,960,996
7041,960,546
7042,960,51
7043,960,284
7044,960,350
7045,960,36
7046,960,760
7047,960,410
7048,960,194
7049,960,1095
7050,960,666
7051,960,621
7052,960,595
7053,960,774
7054,960,405
7055,960,317
7056,960,434
7057,960,157
7058,960,983
7059,960,344
7060,960,700
7061,960,893
7062,960,446
7063,960,374
7064,960,520
7065,960,928
7066,960,199
7067,960,971
7068,960,794
7069,960,808
7070,960,465
7071,960,644
7072,960,1023
7073,960,144
7074,960,219
7075,960,254
7076,960,1107
7077,960,412
7078,960,1042
7079,960,684
7080,960,690
7081,960,1075
7082,960,705
7083,960,9
7084,960,162
7085,960,375
7086,960,749
7087,960,1045
7088,960,766
7089,960,99
7090,960,49
7091,960,8
7092,960,367
7093,960,901
7094,960,368
7095,960,278
7096,960,965
7097,960,185
7098,960,699
7099,960,1099
7100,960,870
7101,960,922
7102,960,804
7103,960,131
7104,960,207
7105,960,602
7106,960,561
7107,960,337
7108,960,554
7109,960,109
7110,960,739
7111,960,115
7112,960,94
7113,960,490
7114,960,443
7115,960,361
7116,960,1103
7117,960,302
7118,960,952
7119,960,445
7120,960,831
7121,960,362
7122,960,707
7123,960,161
7124,960,476
7125,960,1071
7126,960,66
7127,960,1018
7128,960,39
7129,960,119
7130,960,333
7131,960,740
7132,960,1073
7133,960,783
7134,960,1010
7135,960,643
7136,960,53
7137,960,557
7138,960,970
7139,960,16
7140,960,369
7141,974,142
7142,974,68
7143,974,167
7144,974,298
7145,1003,1076
7146,1003,1020
7147,1003,679
7148,1003,28
7149,1003,865
7150,1003,86
7151,1003,253
7152,1003,203
7153,1003,928
7154,1003,611
7155,1003,909
7156,1003,899
7157,1003,816
7158,1003,922
7159,1003,601
7160,1003,535
7161,1003,582
7162,1003,1049
7163,1003,749
7164,1003,267
7165,1003,1035
7166,1003,353
7167,1003,787
7168,1003,383
7169,1003,429
7170,1003,221
7171,1003,426
7172,1003,983
7173,1003,415
7174,1003,543
7175,1003,544
7176,1003,708
7177,1003,480
7178,1003,245
7179,1003,550
7180,1003,618
7181,1003,388
7182,1003,486
7183,1003,944
7184,1003,697
7185,1003,1059
7186,1003,402
7187,1003,832
7188,1003,825
7189,1003,811
7190,1003,530
7191,1003,450
7192,1003,691
7193,1003,834
7194,1003,212
7195,1003,870
7196,1003,377
7197,1003,119
7198,1003,59
7199,1003,169
7200,1003,1073
7201,1003,778
7202,1003,277
7203,1003,577
7204,1003,772
7205,1003,320
7206,1003,503
7207,1003,126
7208,1003,873
7209,1003,1107
7210,1003,998
7211,1003,444
7212,1003,188
7213,1003,258
7214,1003,79
7215,1003,32
7216,1003,906
7217,1003,137
7218,1003,869
7219,1003,1017
7220,1003,1025
7221,1003,355
7222,1003,345
7223,1003,756
7224,1003,451
7225,1003,506
7226,1003,896
7227,1003,879
7228,1003,275
7229,1003,856
7230,1003,198
7231,1003,489
7232,1003,661
7233,1003,764
7234,1003,559
7235,1003,164
7236,1003,819
7237,1003,239
7238,1003,395
7239,1003,473
7240,1003,538
7241,1003,1126
7242,1003,866
7243,1003,504
7244,1003,10
7245,1003,953
7246,1003,672
7247,1003,723
7248,1003,694
7249,1003,351
7250,1003,296
7251,1003,215
7252,1003,641
7253,1003,671
7254,1003,199
7255,1003,222
7256,1003,952
7257,1003,893
7258,1003,606
7259,1003,272
7260,1003,246
7261,1003,263
7262,1003,991
7263,1003,924
7264,1003,234
7265,1003,460
7266,1003,1042
7267,1003,803
7268,1003,109
7269,1003,536
7270,1003,434
7271,1003,62
7272,1003,459
7273,1003,801
7274,1003,1002
7275,1003,437
7276,1003,1046
7277,1003,114
7278,1003,358
7279,1003,958
7280,1003,151
7281,1003,614
7282,1003,979
7283,1003,1113
7284,1003,876
7285,1003,1104
7286,1003,907
7287,1003,248
7288,1003,254
7289,1003,1129
7290,1003,561
7291,1003,523
7292,1003,709
7293,1003,589
7294,1003,731
7295,1003,478
7296,1003,149
7297,1003,766
7298,1003,827
7299,1003,435
7300,1003,400
7301,1003,228
7302,1003,1029
7303,1003,509
7304,1003,150
7305,1003,123
7306,1003,682
7307,1003,806
7308,1003,61
7309,1003,807
7310,1003,1036
7311,1003,599
7312,1003,104
7313,1003,300
7314,1003,442
7315,1003,565
7316,1003,5
7317,1003,894
7318,1003,497
7319,1003,1083
7320,1003,452
7321,1003,995
7322,1003,815
7323,1003,650
7324,1003,189
7325,1003,534
7326,1003,424
7327,1003,8
7328,1003,69
7329,1003,889
7330,1003,786
7331,1003,39
7332,1003,911
7333,1003,978
7334,1003,131
7335,1003,981
7336,1003,556
7337,1003,971
7338,1003,116
7339,1003,243
7340,1003,890
7341,1003,597
7342,1003,237
7343,1003,1068
7344,1003,230
7345,1003,471
7346,1003,60
7347,1003,949
7348,1003,152
7349,1003,588
7350,1003,662
7351,1003,1098
7352,1003,337
7353,1003,1125
7354,1003,994
7355,1003,447
7356,1003,542
7357,1003,659
7358,1003,134
7359,1003,286
7360,1003,515
7361,1003,1016
7362,1003,107
7363,1003,897
7364,1003,1050
7365,1003,610
7366,1003,279
7367,1003,370
7368,1003,409
7369,1003,366
7370,1003,48
7371,1003,51
7372,1003,200
7373,1003,329
7374,1003,526
7375,1003,495
7376,1003,80
7377,1003,1009
7378,1003,422
7379,1003,100
7380,1003,1102
7381,1003,481
7382,1003,1071
7383,1003,511
7384,1003,616
7385,1003,112
7386,1003,384
7387,1003,837
7388,1003,52
7389,1003,802
7390,1003,828
7391,1003,845
7392,1003,273
7393,1003,1056
7394,1003,901
7395,1003,977
7396,1003,218
7397,1003,863
7398,1003,301
7399,1003,912
7400,1003,153
7401,1003,848
7402,1003,403
7403,1003,74
7404,1003,1081
7405,1003,105
7406,1003,633
7407,1003,280
7408,1003,240
7409,1003,501
7410,1003,357
7411,1003,632
7412,1003,858
7413,1003,562
7414,1003,398
7415,1003,34
7416,1003,375
7417,1003,475
7418,1003,813
7419,1003,128
7420,1003,1024
7421,1003,620
7422,1003,727
7423,1003,836
7424,1003,594
7425,1003,566
7426,1003,627
7427,1003,129
7428,1003,133
7429,1003,754
7430,1003,303
7431,1003,490
7432,1003,791
7433,1003,173
7434,1003,98
7435,1003,1027
7436,1003,639
7437,1003,385
7438,1003,282
7439,1003,842
7440,1003,668
7441,1003,943
7442,1003,546
7443,1003,162
7444,1003,1122
7445,1003,202
7446,1003,797
7447,1003,651
7448,1003,140
7449,1003,529
7450,1003,208
7451,1003,524
7452,1003,1034
7453,1003,469
7454,1003,82
7455,1003,964
7456,1003,343
7457,1003,70
7458,1003,406
7459,1003,929
7460,1003,431
7461,1003,284
7462,1003,1015
7463,1003,945
7464,1003,223
7465,1003,902
7466,1003,233
7467,1003,862
7468,1003,948
7469,1003,625
7470,1003,776
7471,1003,880
7472,1003,742
7473,1003,573
7474,1003,196
7475,1003,50
7476,1003,692
7477,1003,669
7478,1003,955
7479,1003,576
7480,1003,317
7481,1003,1031
7482,1003,726
7483,1003,147
7484,1003,621
7485,1003,117
7486,1003,592
7487,1003,567
7488,1003,735
7489,1003,886
7490,1003,673
7491,1003,913
7492,1003,780
7493,1003,850
7494,1003,416
7495,1003,822
7496,1003,141
7497,1003,674
7498,1003,227
7499,1003,931
7500,1003,276
7501,1003,665
7502,1003,264
7503,1003,698
7504,1003,445
7505,1003,548
7506,1003,45
7507,1003,443
7508,1003,1086
7509,1003,898
7510,1003,528
7511,1003,1063
7512,1003,1092
7513,1003,1088
7514,1003,498
7515,1003,1014
7516,1003,505
7517,1003,752
7518,1003,1082
7519,1003,1077
7520,1003,739
7521,1003,330
7522,1003,43
7523,1003,195
7524,1003,622
7525,1003,405
7526,1003,972
7527,1003,831
7528,1003,885
7529,1003,369
7530,1003,33
7531,1003,401
7532,1003,145
7533,1003,551
7534,1003,344
7535,1003,800
7536,1003,420
7537,1003,734
7538,1003,1131
7539,1003,1062
7540,1003,703
7541,1003,1043
7542,1003,40
7543,1003,914
7544,1003,1095
7545,1003,428
7546,1003,507
7547,1003,663
7548,1003,155
7549,1003,646
7550,1003,76
7551,1003,265
7552,1003,308
7553,1003,575
7554,1003,568
7555,1003,90
7556,1003,1069
7557,1003,338
7558,1003,732
7559,1003,1110
7560,1003,833
7561,1003,427
7562,1003,1013
7563,1003,262
7564,1003,94
7565,1003,892
7566,1003,818
7567,1003,712
7568,1003,371
7569,1003,331
7570,1003,219
7571,1003,458
7572,1003,513
7573,1003,349
7574,1003,985
7575,1003,758
7576,1003,1119
7577,1003,868
7578,1003,719
7579,1003,163
7580,1003,961
7581,1003,414
7582,1003,31
7583,1003,101
7584,1003,457
7585,1003,629
7586,1003,1064
7587,1003,410
7588,1003,788
7589,1003,759
7590,1003,619
7591,1003,441
7592,1003,574
7593,1003,42
7594,1003,603
7595,1003,932
7596,1003,878
7597,1003,1124
7598,1003,136
7599,1003,461
7600,1003,817
7601,1003,846
7602,1003,125
7603,1003,514
7604,1003,609
7605,1003,707
7606,1003,581
7607,1003,394
7608,1003,765
7609,1003,864
7610,1003,412
7611,1003,187
7612,1003,161
7613,1003,520
7614,1003,47
7615,1003,493
7616,1003,1080
7617,1003,135
7618,1003,342
7619,1003,1089
7620,1003,110
7621,1003,919
7622,1003,688
7623,1003,701
7624,1003,628
7625,1003,386
7626,1003,853
7627,1003,174
7628,1003,302
7629,1003,494
7630,1003,996
7631,1003,642
7632,1003,312
7633,1003,626
7634,1003,744
7635,1003,660
7636,1003,63
7637,1003,144
7638,1003,999
7639,1003,867
7640,1003,667
7641,1003,479
7642,1003,1
7643,1003,465
7644,1003,65
7645,1003,446
7646,1003,477
7647,1003,176
7648,1003,753
7649,1003,30
7650,1003,89
7651,1003,638
7652,1003,675
7653,1003,332
7654,1003,634
7655,1003,624
7656,1003,849
7657,1003,68
7658,1003,1054
7659,1003,933
7660,1003,730
7661,1003,1120
7662,1003,696
7663,1003,438
7664,1003,957
7665,1003,231
7666,1003,963
7667,1003,939
7668,1003,636
7669,1003,103
7670,1003,1103
7671,1003,289
7672,1003,986
7673,1003,291
7674,1003,336
7675,1003,407
7676,1003,9
7677,1003,583
7678,1003,17
7679,1003,1109
7680,1003,44
7681,1003,7
7682,1003,821
7683,1003,250
7684,1003,740
7685,1045,1046
7686,1045,523
7687,1045,687
7688,1045,526
7689,1045,150
7690,1045,980
7691,1045,3
7692,1045,1063
7693,1045,422
7694,1045,479
7695,1045,252
7696,1045,578
7697,1045,978
7698,1045,1069
7699,1045,63
7700,1045,164
7701,1045,389
7702,1045,227
7703,1045,591
7704,1045,350
7705,1045,780
7706,1045,884
7707,1045,575
7708,1045,515
7709,1045,444
7710,1045,974
7711,1045,706
7712,1045,307
7713,1045,625
7714,1045,101
7715,1045,309
7716,1045,924
7717,1045,751
7718,1045,1019
7719,1045,219
7720,1045,614
7721,1045,817
7722,1045,215
7723,1045,320
7724,1045,510
7725,1045,858
7726,1045,1080
7727,1045,707
7728,1045,412
7729,1045,491
7730,1045,1044
7731,1045,360
7732,1045,890
7733,1045,563
7734,1045,939
7735,1045,1017
7736,1045,535
7737,1045,1096
7738,1045,776
7739,1045,66
7740,1045,873
7741,1045,458
7742,1045,50
7743,1045,34
7744,1045,588
7745,1045,649
7746,1045,387
7747,1045,976
7748,1045,379
7749,1045,206
7750,1045,62
7751,1045,688
7752,1045,862
7753,1045,529
7754,1045,2
7755,1045,586
7756,1045,880
7757,1045,275
7758,1045,144
7759,1045,152
7760,1045,532
7761,1045,994
7762,1045,511
7763,1045,78
7764,1045,359
7765,1045,1049
7766,1045,1119
7767,1045,1035
7768,1045,783
7769,1045,612
7770,1045,480
7771,1045,420
7772,1045,193
7773,1045,157
7774,1045,579
7775,1045,441
7776,1045,372
7777,1045,520
7778,1045,239
7779,1045,419
7780,1045,357
7781,1045,669
7782,1045,95
7783,1045,996
7784,1045,527
7785,1045,76
7786,1045,216
7787,1045,303
7788,1045,435
7789,1045,394
7790,1045,603
7791,1045,341
7792,1045,641
7793,1045,198
7794,1045,764
7795,1045,316
7796,1045,805
7797,1045,274
7798,1045,146
7799,1045,133
7800,1045,427
7801,1045,59
7802,1045,354
7803,1045,524
7804,1045,11
7805,1045,543
7806,1045,711
7807,1045,722
7808,1045,1083
7809,1045,195
7810,1045,249
7811,1045,841
7812,1045,299
7813,1045,1029
7814,1045,498
7815,1045,554
7816,1045,405
7817,1045,590
7818,1045,147
7819,1045,182
7820,1045,110
7821,1045,811
7822,1045,428
7823,1045,1117
7824,1045,58
7825,1045,451
7826,1045,305
7827,1045,804
7828,1045,676
7829,1045,470
7830,1045,376
7831,1045,116
7832,1045,331
7833,1045,199
7834,1045,30
7835,1045,1002
7836,1045,896
7837,1045,928
7838,1045,899
7839,1045,268
7840,1045,556
7841,1045,375
7842,1045,82
7843,1045,576
7844,1045,906
7845,1045,477
7846,1045,345
7847,1045,525
7848,1045,374
7849,1045,786
7850,1045,847
7851,1045,207
7852,1045,753
7853,1045,494
7854,1045,886
7855,1045,936
7856,1045,478
7857,1045,961
7858,1045,20
7859,1045,1131
7860,1045,1092
7861,1045,528
7862,1045,583
7863,1045,48
7864,1045,585
7865,1045,651
7866,1045,758
7867,1045,636
7868,1045,256
7869,1045,47
7870,1045,473
7871,1045,1060
7872,1045,224
7873,1045,739
7874,1045,1107
7875,1045,1059
7876,1045,352
7877,1045,662
7878,1045,1020
7879,1045,611
7880,1045,952
7881,1045,151
7882,1045,54
7883,1045,699
7884,1045,770
7885,1045,1039
7886,1045,240
7887,1045,846
7888,1045,459
7889,1045,947
7890,1045,959
7891,1045,1099
7892,1045,112
7893,1045,1022
7894,1045,433
7895,1045,445
7896,1045,825
7897,1045,1023
7898,1045,902
7899,1045,218
7900,1045,93
7901,1045,892
7902,1045,121
7903,1045,301
7904,1045,678
7905,1045,514
7906,1045,179
7907,1045,944
7908,1045,836
7909,1045,102
7910,1045,721
7911,1045,922
7912,1045,258
7913,1045,6
7914,1045,403
7915,1045,794
7916,1045,860
7917,1045,298
7918,1045,895
7919,1045,324
7920,1045,472
7921,1045,962
7922,1045,643
7923,1045,871
7924,1045,989
7925,1045,269
7926,1045,313
7927,1045,889
7928,1045,400
7929,1045,993
7930,1045,772
7931,1045,293
7932,1045,351
7933,1045,1040
7934,1045,488
7935,1045,415
7936,1045,566
7937,1045,822
7938,1045,628
7939,1045,652
7940,1045,969
7941,1045,816
7942,1045,87
7943,1045,840
7944,1045,606
7945,1045,940
7946,1045,910
7947,1045,965
7948,1045,818
7949,1045,41
7950,1045,276
7951,1045,1120
7952,1045,663
7953,1045,355
7954,1045,668
7955,1045,192
7956,1045,1125
7957,1045,306
7958,1045,332
7959,1045,943
7960,1045,806
7961,1045,461
7962,1045,109
7963,1045,92
7964,1045,552
7965,1045,223
7966,1045,39
7967,1045,85
7968,1045,222
7969,1045,898
7970,1045,1076
7971,1045,279
7972,1045,290
7973,1045,319
7974,1045,990
7975,1045,742
7976,1045,117
7977,1045,189
7978,1045,828
7979,1045,1009
7980,1045,170
7981,1045,1053
7982,1045,558
7983,1045,371
7984,1045,684
7985,1045,317
7986,1045,69
7987,1045,723
7988,1045,138
7989,1045,230
7990,1045,273
7991,1045,544
7992,1045,657
7993,1045,670
7994,1045,551
7995,1045,1005
7996,1045,337
7997,1045,997
7998,1045,905
7999,1045,683
8000,1045,597
8001,1045,1055
8002,1045,861
8003,1045,340
8004,1045,983
8005,1045,985
8006,1045,51
8007,1045,321
8008,1045,843
8009,1045,13
8010,1045,212
8011,1045,83
8012,1045,367
8013,1045,695
8014,1045,1041
8015,1045,1123
8016,1045,746
8017,1045,115
8018,1045,61
8019,1045,1100
8020,1045,284
8021,1045,587
8022,1045,507
8023,1045,986
8024,1045,555
8025,1045,370
8026,1045,409
8027,1045,362
8028,1045,98
8029,1045,869
8030,1045,438
8031,1045,879
8032,1045,960
8033,1045,407
8034,1045,655
8035,1045,680
8036,1045,784
8037,1045,437
8038,1045,385
8039,1045,499
8040,1045,778
8041,1045,827
8042,1045,104
8043,1045,964
8044,1045,1091
8045,1045,167
8046,1045,1058
8047,1045,342
8048,1045,490
8049,1045,730
8050,1045,125
8051,1045,504
8052,1045,984
8053,1045,263
8054,1045,90
8055,1045,173
8056,1045,439
8057,1045,656
8058,1045,421
8059,1045,1078
8060,1045,582
8061,1045,449
8062,1045,848
8063,1045,1098
8064,1045,196
8065,1045,9
8066,1045,202
8067,1045,120
8068,1045,732
8069,1045,709
8070,1045,391
8071,1045,349
8072,1045,1018
8073,1045,366
8074,1045,650
8075,1045,486
8076,1045,429
8077,1045,487
8078,1045,184
8079,1045,1024
8080,1045,856
8081,1045,831
8082,1045,542
8083,1045,522
8084,1045,484
8085,1045,569
8086,1045,557
8087,1045,1032
8088,1045,383
8089,1045,697
8090,1045,106
8091,1045,904
8092,1045,539
8093,1045,417
8094,1045,863
8095,1045,489
8096,1045,431
8097,1045,175
8098,1045,136
8099,1045,38
8100,1045,15
8101,1045,88
8102,1045,646
8103,1045,573
8104,1045,226
8105,1045,970
8106,1045,674
8107,1045,958
8108,1045,492
8109,1045,126
8110,1045,287
8111,1045,46
8112,1045,705
8113,1045,505
8114,1045,165
8115,1045,80
8116,1045,137
8117,1045,679
8118,1045,402
8119,1045,1027
8120,1045,698
8121,1045,65
8122,1045,622
8123,1045,580
8124,1045,1036
8125,1045,779
8126,1045,1006
8127,1045,262
8128,1045,335
8129,1045,903
8130,1045,728
8131,1045,463
8132,1045,932
8133,1045,917
8134,1045,621
8135,1045,326
8136,1045,593
8137,1045,166
8138,1045,380
8139,1045,561
8140,1045,423
8141,1045,875
8142,1045,661
8143,1045,200
8144,1045,744
8145,1045,1050
8146,1045,956
8147,1045,769
8148,1045,132
8149,1045,1033
8150,1045,414
8151,1045,1070
8152,1045,949
8153,1045,998
8154,1045,91
8155,1045,308
8156,1045,300
8157,1045,465
8158,1045,714
8159,1045,377
8160,1045,851
8161,1045,1062
8162,1045,35
8163,1045,105
8164,1045,887
8165,1045,29
8166,1045,469
8167,1045,474
8168,1045,1108
8169,1045,857
8170,1045,40
8171,1045,584
8172,1045,1124
8173,1045,191
8174,1045,517
8175,1045,475
8176,1045,888
8177,1045,261
8178,1045,999
8179,1045,808
8180,1045,530
8181,1045,1016
8182,1045,265
8183,1045,782
8184,1045,476
8185,1045,768
8186,1045,833
8187,1045,954
8188,1045,803
8189,1045,937
8190,1045,271
8191,1045,855
8192,1045,810
8193,1045,282
8194,1045,1061
8195,1045,564
8196,1045,615
8197,1045,809
8198,1045,213
8199,1045,516
8200,1045,681
8201,1045,864
8202,1045,731
8203,1045,1128
8204,1045,712
8205,1045,1048
8206,1045,1093
8207,1045,1042
8208,1045,700
8209,1045,921
8210,1045,686
8211,1045,667
8212,1045,232
8213,1045,81
8214,1045,501
8215,1045,648
8216,1045,929
8217,1045,826
8218,1045,702
8219,1045,1074
8220,1045,594
8221,1045,955
8222,1045,743
8223,1045,796
8224,1106,948
8225,1106,640
8226,1106,747
8227,1106,13
8228,1106,689
8229,1106,233
8230,1106,633
8231,1106,1129
8232,1106,248
8233,1106,786
8234,1106,958
8235,1106,526
8236,1106,774
8237,1106,361
8238,1106,232
8239,1106,275
8240,1106,145
8241,1106,1103
8242,1106,609
8243,1106,594
8244,1106,262
8245,1106,918
8246,1106,1068
8247,1106,917
8248,1106,1131
8249,1106,29
8250,1106,39
8251,1106,548
8252,1106,742
8253,1106,863
8254,1106,1030
8255,1106,1038
8256,1106,109
8257,1106,944
8258,1106,302
8259,1106,387
8260,1106,559
8261,1106,74
8262,1106,1081
8263,1106,866
8264,1106,511
8265,1106,189
8266,1106,187
8267,1106,80
8268,1106,621
8269,1106,595
8270,1106,407
8271,1106,781
8272,1106,909
8273,1106,701
8274,1106,832
8275,1106,1026
8276,1106,170
8277,1106,326
8278,1106,848
8279,1106,1008
8280,1106,286
8281,1106,197
8282,1106,1006
8283,1106,936
8284,1106,110
8285,1106,650
8286,1106,949
8287,1106,654
8288,1106,878
8289,1106,980
8290,1106,352
8291,1106,199
8292,1106,1020
8293,1106,1096
8294,1106,833
8295,1106,669
8296,1106,85
8297,1106,662
8298,1106,1005
8299,1106,176
8300,1106,574
8301,1106,12
8302,1106,557
8303,1106,121
8304,1106,972
8305,1106,1044
8306,1106,880
8307,1106,709
8308,1106,417
8309,1106,1099
8310,1106,202
8311,1106,172
8312,1106,251
8313,1106,7
8314,1106,969
8315,1106,409
8316,1106,1064
8317,1106,883
8318,1106,443
8319,1106,919
8320,1106,787
8321,1106,626
8322,1106,327
8323,1106,605
8324,1106,903
8325,1106,192
8326,1106,912
8327,1106,333
8328,1106,800
8329,1106,857
8330,1106,190
8331,1106,277
8332,1106,439
8333,1106,6
8334,1106,385
8335,1106,381
8336,1106,628
8337,1106,777
8338,1106,810
8339,1106,424
8340,1106,9
8341,1106,104
8342,1106,243
8343,1106,276
8344,1106,1046
8345,1106,236
8346,1106,761
8347,1106,231
8348,1106,336
8349,1106,611
8350,1106,894
8351,1106,291
8352,1106,20
8353,1106,290
8354,1106,389
8355,1106,272
8356,1106,254
8357,1106,545
8358,1106,704
8359,1106,279
8360,1106,64
8361,1106,744
8362,1106,382
8363,1106,60
8364,1106,1060
8365,1106,619
8366,1106,335
8367,1106,884
8368,1106,354
8369,1106,733
8370,1106,964
8371,1106,510
8372,1106,935
8373,1106,311
8374,1106,902
8375,1106,877
8376,1106,795
8377,1106,1067
8378,1106,32
8379,1106,240
8380,1106,861
8381,1106,213
8382,1106,23
8383,1106,830
8384,1106,647
8385,1106,283
8386,1106,743
8387,1106,539
8388,1106,488
8389,1106,971
8390,1106,217
8391,1106,711
8392,1106,914
8393,1106,130
8394,1106,205
8395,1106,906
8396,1106,469
8397,1106,544
8398,1106,428
8399,1106,749
8400,1106,208
8401,1106,1033
8402,1106,991
8403,1106,784
8404,1106,714
8405,1106,328
8406,1106,153
8407,1106,169
8408,1106,867
8409,1106,813
8410,1106,873
8411,1106,144
8412,1106,549
8413,1106,571
8414,1106,260
8415,1106,406
8416,1106,739
8417,1106,10
8418,1106,1113
8419,1106,1063
8420,1106,116
8421,1106,1018
8422,1106,690
8423,1106,226
8424,1106,599
8425,1106,663
8426,1106,836
8427,1106,456
8428,1106,491
8429,1106,648
8430,1106,804
8431,1106,586
8432,1106,457
8433,1106,1126
8434,1106,344
8435,1106,694
8436,1106,620
8437,1106,776
8438,1106,898
8439,1106,1042
8440,1106,73
8441,1106,893
8442,1106,675
8443,1106,464
8444,1106,852
8445,1106,1082
8446,1106,592
8447,1106,18
8448,1106,752
8449,1106,1059
8450,1106,297
8451,1106,962
8452,1106,924
8453,1106,705
8454,1106,673
8455,1106,101
8456,1106,489
8457,1106,849
8458,1106,476
8459,1106,207
8460,1106,239
8461,1106,818
8462,1106,871
8463,1106,515
8464,1106,837
8465,1106,152
8466,1106,879
8467,1106,622
8468,1106,16
8469,1106,114
8470,1106,204
8471,1106,294
8472,1106,203
8473,1106,715
8474,1106,332
8475,1106,982
8476,1106,319
8477,1106,245
8478,1106,566
8479,1106,91
8480,1106,820
8481,1106,686
8482,1106,979
8483,1106,497
8484,1106,1112
8485,1106,308
8486,1106,904
8487,1106,956
8488,1106,737
8489,1106,558
8490,1106,682
8491,1106,684
8492,1106,610
8493,1106,241
8494,1106,1095
8495,1106,128
8496,1106,1109
8497,1106,216
8498,1106,498
8499,1106,293
8500,1106,780
8501,1106,514
8502,1106,703
8503,1106,1023
8504,1106,905
8505,1106,75
8506,1106,976
8507,1106,668
8508,1106,468
8509,1106,527
8510,1106,922
8511,1106,221
8512,1106,713
8513,1106,482
8514,1106,920
8515,1106,1088
8516,1106,384
8517,1106,768
8518,1106,300
8519,1106,503
8520,1106,473
8521,1106,1039
8522,1106,999
8523,1106,411
8524,1106,397
8525,1106,632
8526,1106,947
8527,1106,139
8528,1106,828
8529,1106,413
8530,1106,815
8531,1106,146
8532,1106,298
8533,1106,577
8534,1106,24
8535,1106,1080
8536,1106,81
8537,1106,161
8538,1106,147
8539,1106,263
8540,1106,378
8541,1106,625
8542,1106,583
8543,1106,811
8544,1106,55
8545,1106,419
8546,1106,471
8547,1106,874
8548,1106,329
8549,1106,1049
8550,1106,822
8551,1106,366
8552,1106,728
8553,1106,237
8554,1106,712
8555,1106,48
8556,1106,678
8557,1106,470
8558,1106,825
8559,1106,794
8560,1106,450
8561,1106,563
8562,1106,86
8563,1106,531
8564,1106,466
8565,1106,292
8566,1106,858
8567,1106,196
8568,1106,702
8569,1106,1124
8570,1106,1090
8571,1106,954
8572,1106,587
8573,1106,218
8574,1106,652
8575,1106,812
8576,1106,842
8577,1106,907
8578,1106,388
8579,1106,584
8580,1106,341
8581,1106,1036
8582,1106,124
8583,1106,1110
8584,1106,591
8585,1106,1043
8586,1106,791
8587,1106,22
8588,1106,1029
8589,1106,1016
8590,1106,1100
8591,1106,459
8592,1106,1027
8593,1106,252
8594,1106,480
8595,1106,25
8596,1106,49
8597,1106,1071
8598,1106,40
8599,1106,930
8600,1106,315
8601,1106,261
8602,1106,839
8603,1106,816
8604,1106,259
8605,1106,220
8606,1106,183
8607,1106,105
8608,1106,932
8609,1106,770
8610,1106,797
8611,1106,136
8612,1106,745
8613,1106,671
8614,1106,670
8615,1106,1058
8616,1106,348
8617,1106,707
8618,1106,451
8619,1106,68
8620,1106,643
8621,1106,362
8622,1106,17
8623,1106,788
8624,1106,968
8625,1106,54
8626,1106,423
8627,1106,274
8628,1106,287
8629,1106,766
8630,1106,1013
8631,1106,2
8632,1106,552
8633,1106,372
8634,1106,359
8635,1106,578
8636,1106,31
8637,1106,1019
8638,1106,509
8639,1106,759
8640,1106,76
8641,1106,38
8642,1106,575
8643,1106,96
8644,1106,760
8645,1106,865
8646,1106,1022
8647,1106,280
8648,1106,953
8649,1106,61
8650,1106,494
8651,1106,83
8652,1106,1041
8653,1106,486
8654,1106,644
8655,1106,87
8656,1106,679
8657,1106,474
8658,1106,732
8659,1106,708
8660,1106,698
8661,1106,977
8662,1106,695
8663,1106,1107
8664,1106,19
8665,1106,235
8666,1106,330
8667,1106,143
8668,1106,166
8669,1106,44
8670,1106,614
8671,1106,375
8672,1106,1009
8673,1106,681
8674,1106,194
8675,1106,46
8676,1106,285
8677,1106,312
8678,1106,542
8679,1106,998
8680,1106,1037
8681,1106,519
8682,1106,394
8683,1106,891
8684,1106,1130
8685,1106,462
8686,1106,33
8687,1106,996
8688,1106,785
8689,1106,853
8690,1106,47
8691,1106,357
8692,1106,899
8693,1106,225
8694,1106,390
8695,1106,1097
8696,1106,92
8697,1106,660
8698,1106,846
8699,1106,89
8700,1106,321
8701,1106,1086
8702,1106,299
8703,1106,1
8704,1106,452
8705,1106,741
8706,1106,717
8707,1106,273
8708,1106,284
8709,1106,604
8710,1106,201
8711,1106,1116
8712,1106,1125
8713,1106,412
8714,1106,69
8715,1106,1079
8716,1106,835
8717,1106,897
8718,1106,970
8719,1106,238
8720,1106,1050
8721,1106,1123
8722,1106,163
8723,1106,957
8724,1106,607
8725,1106,151
8726,1106,886
8727,1106,1031
8728,1106,724
8729,1106,532
8730,1106,576
8731,1106,403
8732,1106,198
8733,1106,126
8734,1106,888
8735,1106,697
8736,1106,35
8737,1106,125
8738,1106,422
8739,1106,939
8740,1106,120
8741,1106,528
8742,1106,4
8743,1106,223
8744,1106,84
8745,1106,929
8746,1106,674
8747,1106,656
8748,1106,687
8749,1106,892
8750,1106,1119
8751,1106,399
8752,1106,928
8753,1106,446
8754,1106,353
8755,1106,416
8756,1106,959
8757,1106,95
8758,1106,70
8759,1106,346
8760,1106,50
8761,1106,356
8762,1106,624
8763,1106,940
8764,1106,331
8765,1106,502
8766,1106,162
8767,1106,51
8768,1106,636
8769,1106,159
8770,1106,421
8771,1106,43
8772,1106,923
8773,1106,1055
8774,1106,72
8775,1106,569
8776,1106,901
8777,1106,642
8778,1106,655
8779,1106,672
8780,1130,246
8781,1130,146
8782,1130,30
8783,1130,672
8784,1130,559
8785,1130,717
8786,1130,442
8787,1130,325
8788,1130,390
8789,1130,691
8790,1130,369
8791,1130,398
8792,1130,979
8793,1130,788
8794,1130,598
8795,1130,425
8796,1130,579
8797,1130,676
8798,1130,909
8799,1130,485
8800,1130,384
8801,1130,832
8802,1130,444
8803,1130,97
8804,1130,903
8805,1130,900
8806,1130,840
8807,1130,226
8808,1130,781
8809,1130,835
8810,1130,887
8811,1130,535
8812,1130,93
8813,1130,734
8814,1130,1122
8815,1130,150
8816,1130,299
8817,1130,671
8818,1130,368
8819,1130,84
8820,1130,965
8821,1130,1051
8822,1130,94
8823,1130,831
8824,1130,353
8825,1130,32
8826,1130,833
8827,1130,694
8828,1130,489
8829,1130,1109
8830,1130,906
8831,1130,125
8832,1130,443
8833,1130,682
8834,1130,1034
8835,1130,639
8836,1130,716
8837,1130,302
8838,1130,620
8839,1130,989
8840,1130,647
8841,1130,1003
8842,1130,729
8843,1130,563
8844,1130,198
8845,1130,604
8846,1130,523
8847,1130,106
8848,1130,153
8849,1130,495
8850,1130,951
8851,1130,723
8852,1130,774
8853,1130,1127
8854,1130,564
8855,1130,856
8856,1130,636
8857,1130,401
8858,1130,693
8859,1130,167
8860,1130,1000
8861,1130,895
8862,1130,179
8863,1130,68
8864,1130,105
8865,1130,905
8866,1130,22
8867,1130,317
8868,1130,9
8869,1130,607
8870,1130,1055
8871,1130,486
8872,1130,727
8873,1130,556
8874,1130,126
8875,1130,640
8876,1130,760
8877,1130,592
8878,1130,606
8879,1130,712
8880,1130,378
8881,1130,816
8882,1130,404
8883,1130,69
8884,1130,203
8885,1130,436
8886,1130,261
8887,1130,1043
8888,1130,468
8889,1130,220
8890,1130,1032
8891,1130,228
8892,1130,735
8893,1130,128
8894,1130,707
8895,1130,1067
8896,1130,133
8897,1130,1046
8898,1130,945
8899,1130,476
8900,1130,264
8901,1130,700
8902,1130,311
8903,1130,308
8904,1130,429
8905,1130,502
8906,1130,172
8907,1130,64
8908,1130,677
8909,1130,470
8910,1130,953
8911,1130,222
8912,1130,891
8913,1130,174
8914,1130,359
8915,1130,970
8916,1130,1068
8917,1130,850
8918,1130,933
8919,1130,416
8920,1130,669
8921,1130,687
8922,1130,461
8923,1130,750
8924,1130,748
8925,1130,1064
8926,1130,373
8927,1130,112
8928,1130,929
8929,1130,565
8930,1130,413
8931,1130,256
8932,1130,212
8933,1130,706
8934,1130,42
8935,1130,330
8936,1130,341
8937,1130,937
8938,1130,961
8939,1130,648
8940,1130,73
8941,1130,382
8942,1130,670
8943,1130,58
8944,1130,249
8945,1130,269
8946,1130,162
8947,1130,853
8948,1130,1089
8949,1130,705
8950,1130,410
8951,1130,462
8952,1130,423
8953,1130,984
8954,1130,251
8955,1130,819
8956,1130,244
8957,1130,988
8958,1130,573
8959,1130,635
8960,1130,235
8961,1130,772
8962,1130,491
8963,1130,49
8964,1130,465
8965,1130,377
8966,1130,852
8967,1130,490
8968,1130,225
8969,1130,907
8970,1130,91
8971,1130,629
8972,1130,875
8973,1130,464
8974,1130,878
8975,1130,107
8976,1130,12
8977,1130,85
8978,1130,838
8979,1130,7
8980,1130,379
8981,1130,1095
8982,1130,663
8983,1130,115
8984,1130,784
8985,1130,300
8986,1130,254
8987,1130,544
8988,1130,768
8989,1130,777
8990,1130,316
8991,1130,494
8992,1130,321
8993,1130,1052
8994,1130,662
8995,1130,24
8996,1130,940
8997,1130,526
8998,1130,326
8999,1130,811
9000,1130,258
9001,1130,737
9002,1130,610
9003,1130,955
9004,1130,1010
9005,1130,517
9006,1130,375
9007,1130,2
9008,1130,175
9009,1130,170
9010,1130,1022
9011,1130,584
9012,1130,1054
9013,1130,243
9014,1130,114
9015,1130,509
9016,1130,590
9017,1130,855
9018,1130,155
9019,1130,245
9020,1130,597
9021,1130,349
9022,1130,260
9023,1130,959
9024,1130,53
9025,1130,233
9026,1130,921
9027,1130,898
9028,1130,189
9029,1130,41
9030,1130,1042
9031,1130,511
9032,1130,919
9033,1130,208
9034,1130,428
9035,1130,899
9036,1130,826
9037,1130,393
9038,1130,92
9039,1130,525
9040,1130,481
9041,1130,1120
9042,1130,914
9043,1130,928
9044,1130,33
9045,1130,28
9046,1130,908
9047,1130,333
9048,1130,395
9049,1130,688
9050,1130,430
9051,1130,374
9052,1130,473
9053,1130,674
9054,1130,889
9055,1130,62
9056,1130,641
9057,1130,939
9058,1130,195
9059,1130,974
9060,1130,654
9061,1130,431
9062,1130,539
9063,1130,386
9064,1130,445
9065,1130,718
9066,1130,332
9067,1130,802
9068,1130,910
9069,1130,608
9070,1130,580
9071,1130,1098
9072,1130,1
9073,1130,876
9074,1130,34
9075,1130,342
9076,1130,882
9077,1130,95
9078,1130,866
9079,1130,839
9080,1130,752
9081,1130,361
9082,1130,926
9083,1130,274
9084,1130,346
9085,1130,541
9086,1130,722
9087,1130,219
9088,1130,1115
9089,1130,948
9090,1130,280
9091,1130,817
9092,1130,503
9093,1130,577
9094,1130,312
9095,1130,1097
9096,1130,365
9097,1130,1058
9098,1130,698
9099,1130,319
9100,1130,1030
9101,1130,432
9102,1130,865
9103,1130,157
9104,1130,460
9105,1130,690
9106,1130,209
9107,1130,782
9108,1130,21
9109,1130,1004
9110,1130,54
9111,1130,879
9112,1130,4
9113,1130,101
9114,1130,658
9115,1130,457
9116,1130,721
9117,1130,362
9118,1130,239
9119,1130,183
9120,1130,684
9121,1130,15
9122,1130,902
9123,1130,344
9124,1130,44
9125,1130,822
9126,1130,711
9127,1130,26
9128,1130,1065
9129,1130,160
9130,1130,739
9131,1130,971
9132,1130,960
9133,1130,793
9134,1130,571
9135,1130,343
9136,1130,963
9137,1130,799
9138,1130,1093
9139,1130,548
9140,1130,127
9141,1130,624
9142,1130,977
9143,1130,488
9144,1130,776
9145,1130,519
9146,1130,117
9147,1130,795
9148,1130,745
9149,1130,240
9150,1130,291
9151,1130,182
9152,1130,278
9153,1130,528
9154,1130,116
9155,1130,447
9156,1130,949
9157,1130,294
9158,1130,493
9159,1130,1036
9160,1130,76
9161,1130,1073
9162,1130,844
9163,1130,638
9164,1130,1117
9165,1130,627
9166,1130,159
9167,1130,847
9168,1130,708
9169,1130,211
9170,1130,830
9171,1130,437
9172,1130,456
9173,1130,82
9174,1130,288
9175,1130,1045
9176,1130,364
9177,1130,964
9178,1130,618
9179,1130,679
9180,1130,572
9181,1130,267
9182,1130,1123
9183,1130,90
9184,1130,467
9185,1130,622
9186,1130,298
9187,1130,350
9188,1130,588
9189,1130,196
9190,1130,1041
9191,1130,8
9192,1130,1088
9193,1130,142
9194,1130,1131
9195,1130,932
9196,1130,19
9197,1130,234
9198,1130,284
9199,1130,643
9200,1130,621
9201,1130,861
9202,1130,558
9203,1130,173
9204,1130,419
9205,1130,306
9206,1130,785
9207,1130,169
9208,1130,986
9209,1130,136
9210,1130,55
9211,1130,149
9212,1130,916
9213,1130,247
9214,1130,741
9215,1130,218
9216,1130,109
9217,1130,124
9218,1130,192
9219,1130,31
9220,1130,65
9221,1130,221
9222,1130,1069
9223,1130,199
9224,1130,904
9225,1130,805
9226,1130,1002
9227,1130,1125
9228,1130,295
9229,1130,99
9230,1130,913
9231,1130,304
9232,1130,348
9233,1130,138
9234,1130,796
9235,1130,400
9236,1130,593
9237,1130,16
9238,1130,958
9239,1130,800
9240,1130,652
9241,1130,439
9242,1130,743
9243,1130,936
9244,1130,1015
9245,1130,1108
9246,1130,1038
9247,1130,869
9248,1130,303
9249,1130,194
9250,1130,631
9251,1130,492
9252,1130,372
9253,1130,77
9254,1130,331
9255,1130,358
9256,1130,568
9257,1130,595
9258,1130,449
9259,1130,1113
9260,1130,482
9261,1130,980
9262,1130,766
9263,1130,129
9264,1130,324
9265,1130,214
9266,1130,1119
9267,1130,587
9268,1130,272
9269,1130,471
9270,1130,675
9271,1130,991
9272,1130,297
9273,1130,655
9274,1130,1016
9275,1130,110
9276,1130,283
9277,1130,35
9278,1130,184
9279,1130,266
9280,1130,880
9281,1130,954
9282,1130,271
9283,1130,942
9284,1130,305
9285,1130,394
9286,1130,3
9287,1130,644
9288,1130,576
9289,1130,147
9290,1130,1114
9291,1130,779
9292,1130,426
9293,1130,562
9294,1130,282
9295,1130,753
9296,1130,609
9297,1130,1060
9298,1130,1077
9299,1130,538
9300,1130,433
9301,1130,827
9302,1130,1049
9303,1130,289
9304,1130,414
9305,1130,783
9306,1130,265
9307,1130,296
9308,1130,981
9309,1130,11
9310,1130,983
9311,1130,1053
9312,1130,867
9313,1130,399
9314,1130,591
9315,1130,649
9316,1130,309
9317,1130,17
9318,1130,999
9319,1130,803
9320,1130,871
9321,1130,441
9322,1130,405
9323,1130,376
9324,1130,435
9325,1130,36
9326,1130,505
9327,1130,1031
9328,1130,659
9329,1130,29
9330,1130,96
9331,1130,143
9332,1130,47
9333,1130,1027
9334,1130,412
9335,1130,797
9336,1130,791
9337,1130,118
9338,1130,877
9339,1130,530
9340,1130,731
9341,1130,391
9342,1130,1018
9343,1130,499
9344,1130,857
9345,1130,1091
9346,1130,1024
9347,1130,689
9348,1130,780
9349,1130,507
9350,1130,897
9351,1130,616
9352,1130,792
9353,1130,763
9354,1130,450
9355,1130,614
9356,1130,599
9357,1130,1005
9358,1130,161
9359,1130,293
9360,1130,947
9361,1130,466
9362,1130,952
9363,1130,315
9364,1130,446
9365,1130,578
9366,1130,310
9367,1130,585
9368,1130,917
9369,1130,287
9370,1130,589
9371,1130,1048
9372,1130,837
9373,1130,18
9374,1130,665
9375,1130,61
9376,1130,764
9377,1130,574
9378,1130,396
9379,1130,759
9380,1130,683
9381,1130,894
9382,1130,1009
9383,1130,336
9384,1130,100
9385,1130,1090
9386,1130,931
9387,1130,820
9388,1130,726
9389,1130,50
9390,1130,277
9391,1130,1079
9392,1130,842
9393,1130,139
9394,1130,522
9395,1130,749
9396,1130,213
9397,1130,561
9398,1130,177
9399,1130,452
9400,1130,969
9401,1130,193
9402,1130,985
9403,1130,151
9404,1130,459
9405,1130,338
9406,1130,812
9407,1130,1050
9408,1130,1110
9409,1130,1044
9410,1130,427
9411,1130,102
9412,1130,704
9413,1130,567
9414,1130,994
9415,1130,276
9416,1130,367
9417,1130,66
9418,1130,72
9419,1130,520
9420,1130,650
9421,1130,23
9422,1130,480
9423,1130,660
9424,1130,542
9425,1130,1106
9426,1130,205
9427,1130,642
9428,1130,657
9429,1130,1035
9430,1130,529
9431,1130,176
9432,1130,268
9433,1130,632
9434,1130,1061
9435,1130,472
9436,1130,848
9437,1130,685
9438,1130,144
9439,1130,924
9440,1130,216
9441,1130,1081
9442,1130,1017
9443,1130,646
9444,1130,1096
9445,1130,944
9446,1130,1099
9447,1130,1029
9448,1130,206
9449,1130,893
9450,1130,628
9451,1130,888
9452,1130,252
9453,1130,886
9454,1130,602
9455,1130,231
9456,1130,1033
9457,1130,870
9458,1130,859
9459,1130,884
