,TF,Target,Label
0,1236,41,0
1,1151,1152,0
2,91,271,1
3,491,737,0
4,32,173,1
5,1082,1018,0
6,524,688,0
7,713,993,0
8,1019,1118,1
9,225,273,0
10,544,707,1
11,1216,619,0
12,0,755,1
13,89,605,1
14,359,644,1
15,919,532,0
16,211,1304,0
17,972,1084,0
18,915,736,1
19,223,251,0
20,704,222,0
21,938,44,0
22,612,621,0
23,694,827,1
24,799,812,0
25,1277,238,1
26,907,578,1
27,755,1210,0
28,906,85,0
29,576,595,0
30,410,407,0
31,266,540,0
32,704,829,0
33,356,1284,1
34,311,462,1
35,1244,1314,1
36,455,899,1
37,472,390,1
38,472,244,0
39,971,1164,1
40,921,878,1
41,1030,616,0
42,25,885,1
43,1110,1041,1
44,907,357,0
45,380,102,0
46,971,905,0
47,957,700,0
48,162,1223,0
49,703,1246,1
50,165,247,0
51,1078,893,0
52,703,867,1
53,842,566,1
54,897,1239,1
55,1124,1104,0
56,938,476,0
57,1049,1023,0
58,212,488,0
59,311,952,1
60,1022,853,0
61,311,1089,1
62,851,1156,1
63,8,716,1
64,263,462,1
65,736,83,1
66,74,558,0
67,2,558,0
68,454,1192,0
69,996,533,1
70,1135,476,0
71,31,218,0
72,518,338,0
73,810,568,1
74,801,950,1
75,25,16,1
76,1194,137,0
77,801,737,0
78,692,413,1
79,396,319,0
80,1054,788,0
81,223,582,0
82,809,827,1
83,1244,568,1
84,349,684,1
85,656,1181,1
86,1087,163,0
87,23,398,0
88,844,885,0
89,1019,1135,1
90,829,1019,1
91,447,982,0
92,161,781,1
93,842,1283,1
94,551,940,0
95,692,229,0
96,298,703,0
97,716,919,1
98,1030,1008,1
99,14,1019,1
100,251,316,1
101,418,161,1
102,551,1096,1
103,989,229,0
104,418,125,0
105,801,368,0
106,968,14,1
107,396,1251,0
108,431,768,0
109,80,1263,0
110,82,227,0
111,694,570,1
112,36,136,0
113,713,551,0
114,380,1178,0
115,32,489,1
116,605,196,1
117,1181,83,1
118,1159,148,0
119,799,310,0
120,2,1055,1
121,795,230,1
122,921,605,1
123,227,718,0
124,1085,1170,0
125,533,407,1
126,1039,1046,0
127,21,193,0
128,14,416,0
129,781,549,0
130,940,1001,0
131,275,1309,0
132,813,585,1
133,40,187,1
134,816,668,1
135,356,1275,1
136,993,842,0
137,68,1167,0
138,663,776,0
139,462,1019,1
140,437,212,0
141,1184,976,1
142,351,1093,0
143,572,810,1
144,837,533,1
145,168,1273,0
146,97,1171,0
147,173,935,1
148,813,925,1
149,636,698,1
150,1052,1203,0
151,356,16,1
152,291,736,1
153,1303,1256,0
154,516,201,0
155,853,74,0
156,801,122,1
157,1216,971,0
158,557,434,0
159,16,313,0
160,148,1008,1
161,829,781,1
162,509,600,0
163,447,242,0
164,996,561,0
165,1275,825,0
166,612,633,0
167,789,1061,0
168,316,705,1
169,251,1049,1
170,1077,126,0
171,304,1265,1
172,462,440,1
173,801,492,0
174,142,907,1
175,217,442,0
176,1019,148,1
177,418,25,1
178,16,2,1
179,527,1193,1
180,1022,783,0
181,89,952,1
182,142,59,0
183,418,927,1
184,14,215,1
185,437,439,0
186,1126,1082,0
187,851,25,1
188,431,1024,0
189,1093,828,0
190,1135,25,1
191,981,862,0
192,89,1277,1
193,165,783,0
194,551,1248,0
195,304,1061,1
196,907,1283,1
197,809,419,1
198,524,149,0
199,454,546,0
200,829,1102,0
201,694,1204,1
202,25,1055,1
203,551,1301,1
204,907,1210,0
205,533,74,1
206,654,452,0
207,242,1288,1
208,142,493,0
209,21,1294,0
210,705,820,0
211,663,760,0
212,885,1062,0
213,1244,605,1
214,533,168,1
215,104,541,0
216,1054,512,0
217,2,781,1
218,662,704,0
219,390,1214,1
220,1244,650,0
221,1189,600,0
222,463,1224,0
223,832,956,1
224,793,180,0
225,679,781,1
226,159,148,1
227,748,1165,0
228,878,377,0
229,716,878,1
230,1085,1065,0
231,885,1083,0
232,781,885,1
233,919,940,0
234,1176,1309,0
235,551,735,1
236,618,703,1
237,899,508,0
238,694,656,0
239,809,62,1
240,1205,875,0
241,0,1276,1
242,1181,392,0
243,968,191,0
244,551,628,1
245,311,418,1
246,1078,942,0
247,1159,242,0
248,1264,1186,0
249,509,1020,0
250,223,275,0
251,450,1219,0
252,907,851,1
253,834,768,0
254,767,711,0
255,144,500,0
256,308,424,0
257,968,1242,0
258,1054,1215,0
259,899,1301,1
260,899,944,1
261,1019,89,1
262,971,268,1
263,418,355,1
264,1117,704,1
265,40,397,0
266,654,23,1
267,825,1290,1
268,507,326,0
269,271,547,0
270,832,1046,1
271,837,1176,1
272,25,74,1
273,1275,413,1
274,612,80,0
275,271,1181,1
276,311,1111,1
277,355,83,1
278,897,971,1
279,195,787,0
280,516,226,0
281,411,755,0
282,83,1064,1
283,68,506,1
284,1065,639,1
285,813,451,1
286,14,1216,1
287,442,721,0
288,355,1019,1
289,21,148,1
290,304,923,1
291,551,463,0
292,428,966,0
293,829,73,0
294,14,25,1
295,1002,406,0
296,989,60,0
297,921,251,1
298,1277,1015,1
299,968,1040,1
300,781,1230,0
301,551,1085,0
302,168,837,1
303,757,679,0
304,919,686,0
305,82,1217,0
306,1098,766,0
307,291,578,1
308,1023,1214,0
309,1299,1113,0
310,1236,62,0
311,829,74,1
312,1052,929,0
313,853,1163,1
314,811,184,0
315,970,239,0
316,311,440,1
317,159,1214,1
318,1008,795,1
319,1205,35,0
320,692,263,1
321,933,294,0
322,20,68,1
323,855,284,1
324,97,514,0
325,1305,1064,1
326,413,205,1
327,919,409,0
328,1288,1071,0
329,238,551,1
330,921,413,1
331,83,1320,0
332,781,832,1
333,359,1133,1
334,1290,356,1
335,716,964,1
336,533,148,1
337,809,114,1
338,1237,1114,1
339,425,339,0
340,139,1313,0
341,405,755,0
342,325,705,1
343,437,1135,1
344,14,663,1
345,1040,736,1
346,355,629,1
347,1284,629,1
348,713,833,1
349,271,428,1
350,1298,887,0
351,853,1090,0
352,507,21,0
353,736,251,1
354,907,1275,1
355,117,245,0
356,40,862,0
357,1164,197,0
358,148,1106,1
359,952,932,0
360,455,1271,0
361,1026,18,0
362,168,511,0
363,857,1231,0
364,716,971,1
365,390,957,0
366,618,1025,0
367,506,1193,1
368,1106,781,1
369,207,857,0
370,907,205,1
371,159,267,0
372,636,217,0
373,413,679,1
374,622,1319,0
375,748,625,1
376,418,704,1
377,1088,1283,1
378,842,420,0
379,837,279,0
380,921,1135,1
381,1214,81,0
382,551,431,0
383,906,999,0
384,413,551,1
385,1019,1284,1
386,1019,921,1
387,1284,795,1
388,948,868,0
389,663,1068,1
390,145,1032,0
391,1284,25,1
392,618,382,0
393,491,268,0
394,104,1046,0
395,636,735,1
396,952,89,1
397,769,1048,0
398,1019,159,1
399,506,1064,1
400,679,663,1
401,948,1131,0
402,304,1157,1
403,915,396,0
404,972,1173,0
405,781,16,1
406,311,1127,1
407,867,810,1
408,1159,578,1
409,2,13,0
410,217,631,0
411,1288,1164,1
412,663,384,0
413,781,921,1
414,989,898,0
415,390,878,1
416,1209,295,0
417,316,1047,0
418,33,816,1
419,526,174,0
420,1231,1299,0
421,1167,605,1
422,392,1077,0
423,1236,665,0
424,1039,562,0
425,618,1277,0
426,14,20,1
427,447,1128,0
428,89,25,1
429,1277,205,1
430,829,881,0
431,1288,713,1
432,1110,631,0
433,25,692,1
434,1052,2,0
435,679,510,0
436,1117,1267,0
437,781,568,1
438,837,323,0
439,605,1238,1
440,996,650,1
441,1277,663,1
442,1278,502,0
443,801,408,0
444,455,1138,1
445,748,946,0
446,977,1207,0
447,1016,120,0
448,1277,440,1
449,25,445,0
450,1120,394,1
451,716,658,1
452,506,915,1
453,705,357,0
454,1184,366,0
455,704,974,0
456,190,256,0
457,793,229,0
458,359,1196,1
459,36,1287,0
460,533,1106,1
461,289,386,0
462,952,1277,1
463,591,1195,0
464,518,359,0
465,463,574,0
466,1167,462,1
467,1022,1203,0
468,173,1193,0
469,162,425,0
470,897,447,1
471,294,736,1
472,142,23,1
473,173,537,0
474,207,1057,0
475,1275,988,0
476,418,1314,1
477,981,134,0
478,544,1232,1
479,605,469,1
480,724,14,1
481,1238,551,1
482,1228,1118,1
483,705,716,1
484,976,1019,0
485,544,694,1
486,11,996,1
487,897,1094,0
488,605,727,0
489,413,629,1
490,418,485,1
491,720,292,0
492,1305,958,0
493,470,996,1
494,605,919,1
495,769,1152,0
496,807,983,0
497,1078,1258,0
498,1019,728,0
499,964,211,0
500,1076,791,0
501,857,713,1
502,757,231,0
503,14,470,1
504,140,312,0
505,736,15,1
506,816,1314,1
507,11,1028,0
508,804,809,1
509,855,837,1
510,1040,753,0
511,359,407,1
512,801,544,1
513,359,334,1
514,605,83,1
515,972,444,0
516,1156,540,0
517,829,605,1
518,1192,378,0
519,80,894,0
520,2,339,0
521,914,1259,0
522,455,1111,1
523,355,1244,1
524,809,794,1
525,816,622,1
526,970,815,0
527,851,1221,1
528,251,361,0
529,413,1055,1
530,832,324,1
531,411,1124,1
532,897,544,1
533,656,532,0
534,1181,540,0
535,813,993,1
536,2,579,1
537,857,1097,0
538,878,1283,1
539,1002,1213,0
540,225,838,0
541,0,11,1
542,450,731,0
543,549,1040,1
544,1087,66,0
545,692,295,0
546,1244,1019,1
547,804,873,0
548,40,682,0
549,834,655,0
550,817,297,0
551,899,1132,0
552,418,878,1
553,736,316,1
554,139,1200,0
555,396,123,0
556,173,375,0
557,230,509,0
558,1303,754,0
559,801,1143,1
560,349,677,0
561,173,625,1
562,139,1013,0
563,713,423,1
564,74,919,1
565,662,673,0
566,1244,15,1
567,781,355,1
568,605,551,1
569,548,393,0
570,878,455,1
571,140,138,0
572,813,882,1
573,325,568,1
574,223,809,0
575,551,1101,0
576,816,375,0
577,8,908,1
578,472,25,1
579,716,615,0
580,663,634,0
581,509,251,0
582,1176,74,1
583,1189,597,0
584,312,1082,0
585,225,858,0
586,139,851,0
587,713,493,1
588,801,869,0
589,837,168,1
590,499,591,1
591,80,459,0
592,889,857,1
593,518,262,0
594,513,443,1
595,161,196,0
596,837,148,1
597,524,1285,0
598,885,418,1
599,1237,324,0
600,1252,688,0
601,168,240,0
602,682,1007,0
603,1030,499,0
604,161,663,1
605,533,878,1
606,242,24,0
607,311,996,1
608,425,140,0
609,148,1055,1
610,1106,515,0
611,1067,212,0
612,964,1013,0
613,1284,726,0
614,1181,656,1
615,191,456,0
616,390,1042,0
617,748,392,0
618,1237,811,0
619,1277,619,1
620,719,955,0
621,410,655,0
622,694,1074,0
623,1030,809,1
624,1008,25,1
625,940,1114,0
626,271,716,1
627,356,1019,1
628,214,325,0
629,428,1039,0
630,1244,253,0
631,1308,789,0
632,311,724,0
633,1120,1010,1
634,964,384,0
635,668,894,0
636,238,1277,1
637,825,658,1
638,533,1022,0
639,834,715,0
640,736,291,1
641,851,1167,1
642,33,83,0
643,1167,611,0
644,1163,467,0
645,1299,311,0
646,109,477,1
647,304,1292,1
648,809,661,1
649,1199,572,0
650,1230,761,0
651,1167,1019,1
652,837,663,1
653,795,966,0
654,748,1312,1
655,889,1190,0
656,605,743,1
657,801,1247,1
658,851,1089,1
659,544,1263,0
660,83,1046,1
661,23,91,0
662,1167,772,0
663,952,311,1
664,1023,25,0
665,813,959,0
666,795,74,1
667,298,200,1
668,14,861,1
669,418,1287,0
670,16,418,1
671,977,869,0
672,1008,380,1
673,1065,1246,0
674,168,533,1
675,1245,947,0
676,1098,767,0
677,867,278,0
678,719,141,0
679,1067,521,0
680,140,838,0
681,488,242,1
682,1246,22,0
683,275,569,0
684,1238,1127,1
685,325,226,0
686,795,878,1
687,970,1224,0
688,656,356,1
689,1231,1087,0
690,1052,650,0
691,242,294,0
692,851,663,1
693,899,238,1
694,304,402,1
695,801,1222,1
696,518,1232,0
697,1277,927,1
698,223,230,0
699,1030,605,1
700,918,237,0
701,704,356,1
702,472,1170,0
703,781,692,1
704,605,1008,1
705,809,1312,1
706,89,440,1
707,1085,294,1
708,91,532,0
709,781,356,1
710,784,295,0
711,1098,117,0
712,158,736,1
713,91,408,0
714,390,989,0
715,1098,300,0
716,704,1087,1
717,799,369,0
718,899,81,1
719,899,884,1
720,1238,1118,1
721,692,187,1
722,716,142,1
723,705,882,0
724,284,1114,0
725,271,805,0
726,242,304,0
727,1076,1204,1
728,996,212,0
729,507,499,0
730,1290,9,1
731,238,899,1
732,392,291,0
733,25,159,1
734,724,658,1
735,533,679,1
736,304,806,1
737,1008,352,0
738,109,887,0
739,48,540,0
740,550,135,1
741,516,601,0
742,692,967,1
743,0,121,0
744,309,1314,1
745,450,173,1
746,636,1096,1
747,68,149,0
748,173,1003,0
749,405,296,0
750,1298,423,0
751,238,1015,1
752,2,658,0
753,612,548,1
754,1093,1147,0
755,1209,1049,0
756,54,323,0
757,113,1303,0
758,705,533,1
759,148,837,1
760,223,1159,0
761,418,936,1
762,1077,1244,0
763,21,2,1
764,68,921,1
765,418,31,0
766,1022,523,0
767,1002,515,0
768,190,899,1
769,1030,956,1
770,148,1311,1
771,857,1012,1
772,158,108,0
773,1184,803,0
774,455,996,1
775,418,809,0
776,993,574,0
777,816,463,1
778,470,656,0
779,1214,985,0
780,829,178,0
781,142,355,1
782,1025,1143,0
783,1193,1244,1
784,1216,755,0
785,411,1154,0
786,713,137,1
787,158,1051,0
788,145,276,0
789,550,462,0
790,216,391,0
791,14,932,1
792,809,1246,1
793,656,704,1
794,82,664,0
795,861,1020,0
796,148,689,0
797,1199,715,1
798,25,871,0
799,507,711,0
800,291,682,1
801,223,159,0
802,813,827,1
803,848,545,0
804,413,1008,1
805,195,83,0
806,25,89,1
807,418,1277,1
808,1194,604,0
809,142,173,1
810,104,991,0
811,289,1039,0
812,816,283,0
813,1098,1223,0
814,605,996,1
815,165,371,0
816,207,625,1
817,605,192,1
818,142,1151,1
819,36,867,1
820,809,531,1
821,1277,418,1
822,1159,914,1
823,1126,920,0
824,413,14,1
825,351,321,0
826,682,335,0
827,878,1089,1
828,662,617,0
829,842,754,1
830,180,55,0
831,816,809,1
832,148,1135,1
833,844,251,1
834,656,355,1
835,454,890,0
836,1065,146,0
837,91,527,1
838,993,583,0
839,767,459,0
840,1048,793,0
841,1135,964,1
842,14,1036,1
843,952,692,1
844,1284,725,0
845,1030,604,1
846,359,941,1
847,411,964,0
848,748,836,0
849,551,1171,1
850,298,899,0
851,1019,161,1
852,804,795,1
853,159,804,1
854,885,809,1
855,861,1106,1
856,809,1020,0
857,358,1182,0
858,418,481,1
859,658,485,1
860,907,656,1
861,488,544,1
862,1284,679,1
863,158,513,0
864,455,1015,1
865,1288,24,1
866,656,212,1
867,819,1103,0
868,413,705,1
869,551,1019,1
870,1135,769,1
871,20,908,0
872,8,578,1
873,724,308,1
874,25,970,0
875,748,246,0
876,544,488,1
877,23,1219,0
878,618,227,0
879,748,658,0
880,801,1012,1
881,506,1026,0
882,68,969,0
883,662,1184,1
884,1049,907,1
885,548,703,0
886,1151,33,1
887,789,810,1
888,392,570,0
889,142,544,1
890,813,298,1
891,813,299,1
892,442,985,1
893,682,381,0
894,25,1114,0
895,1288,933,0
896,462,395,0
897,919,781,1
898,829,1257,0
899,271,4,1
900,36,108,0
901,1135,212,1
902,906,235,0
903,1088,262,0
904,976,1145,0
905,15,1230,0
906,1238,605,1
907,716,1314,1
908,410,943,1
909,359,1218,0
910,704,867,1
911,142,463,1
912,682,801,1
913,1139,321,0
914,1231,34,0
915,1019,1089,1
916,14,311,1
917,21,1019,1
918,706,843,0
919,736,531,0
920,190,1309,0
921,809,173,1
922,797,1046,0
923,113,417,0
924,1039,1132,0
925,993,361,0
926,1002,1215,0
927,1059,1063,0
928,83,468,0
929,271,447,1
930,716,122,0
931,1019,356,1
932,418,729,0
933,851,238,1
934,797,827,0
935,40,996,1
936,897,1089,0
937,298,625,1
938,885,1284,1
939,533,1283,1
940,1164,217,0
941,291,336,1
942,195,1100,0
943,899,781,1
944,104,1253,0
945,716,1016,1
946,140,716,0
947,809,384,0
948,831,1061,0
949,996,446,0
950,807,1296,0
951,1124,1027,0
952,1048,494,0
953,48,99,1
954,1136,2,1
955,1214,605,1
956,2,1233,0
957,921,1237,1
958,1019,1167,1
959,1164,775,0
960,663,311,1
961,952,187,1
962,187,104,0
963,211,27,0
964,311,878,1
965,472,878,1
966,810,383,0
967,919,716,1
968,411,184,1
969,813,450,1
970,1040,1290,1
971,914,561,0
972,968,803,0
973,140,965,0
974,716,356,1
975,148,804,1
976,14,767,1
977,463,1182,0
978,919,837,1
979,1106,1137,0
980,1238,418,1
981,948,1080,0
982,191,263,0
983,463,547,0
984,392,933,0
985,957,888,0
986,187,418,1
987,109,322,0
988,809,539,1
989,418,1176,1
990,180,850,1
991,769,489,0
992,1210,407,0
993,591,385,0
994,938,100,0
995,8,75,1
996,1120,805,0
997,694,544,1
998,428,304,0
999,1317,429,0
1000,781,1152,0
1001,713,1083,1
1002,187,1044,0
1003,899,723,0
1004,1135,437,1
1005,214,268,0
1006,1088,236,0
1007,1288,545,0
1008,1040,471,0
1009,1163,327,0
1010,622,710,0
1011,1167,952,1
1012,921,1314,1
1013,795,605,1
1014,1277,311,1
1015,104,1108,0
1016,897,816,1
1017,663,74,1
1018,836,1041,0
1019,15,698,0
1020,795,916,0
1021,1135,148,1
1022,290,1172,0
1023,663,899,1
1024,359,1057,1
1025,636,85,0
1026,694,809,1
1027,1236,398,0
1028,1176,413,1
1029,32,1268,1
1030,527,447,0
1031,223,152,0
1032,1246,703,1
1033,781,1089,1
1034,463,1016,1
1035,804,230,1
1036,54,867,0
1037,914,1311,1
1038,809,319,1
1039,32,682,1
1040,713,591,0
1041,1052,801,0
1042,720,654,0
1043,289,1288,1
1044,308,633,1
1045,290,444,0
1046,557,673,0
1047,952,663,1
1048,25,1283,1
1049,1135,1201,0
1050,1009,204,0
1051,455,238,1
1052,948,741,0
1053,757,1207,0
1054,212,800,0
1055,355,913,0
1056,25,1106,1
1057,663,216,0
1058,36,94,0
1059,359,448,1
1060,897,82,0
1061,74,365,0
1062,550,122,1
1063,1049,725,0
1064,819,1076,1
1065,83,14,1
1066,1026,910,0
1067,1077,196,0
1068,959,843,0
1069,14,1127,1
1070,450,608,1
1071,996,899,1
1072,1065,835,0
1073,576,477,1
1074,74,198,0
1075,919,113,0
1076,518,844,1
1077,431,384,0
1078,139,544,1
1079,40,424,0
1080,1277,1019,1
1081,356,126,1
1082,516,589,0
1083,418,1311,1
1084,1076,200,1
1085,139,736,1
1086,996,1042,0
1087,769,450,0
1088,161,214,0
1089,242,817,0
1090,8,239,1
1091,549,919,0
1092,450,268,1
1093,799,1296,0
1094,1039,141,0
1095,291,956,1
1096,212,1026,1
1097,351,736,0
1098,889,78,0
1099,289,439,1
1100,238,605,1
1101,1237,854,0
1102,907,1311,1
1103,207,529,1
1104,1039,741,0
1105,68,736,1
1106,952,1091,0
1107,311,927,1
1108,576,725,0
1109,180,1204,1
1110,275,571,0
1111,187,1118,1
1112,1299,112,0
1113,450,855,0
1114,1085,699,1
1115,298,1265,0
1116,1167,851,1
1117,938,14,1
1118,825,787,0
1119,857,33,1
1120,952,25,1
1121,355,413,1
1122,907,1301,1
1123,68,20,1
1124,322,1167,0
1125,837,809,1
1126,836,1169,0
1127,933,530,0
1128,622,663,0
1129,550,1211,1
1130,853,486,0
1131,8,981,0
1132,851,838,0
1133,533,996,1
1134,309,773,0
1135,509,568,0
1136,736,810,1
1137,1275,1151,1
1138,70,54,0
1139,25,21,1
1140,74,781,1
1141,40,884,0
1142,989,223,0
1143,993,1158,0
1144,813,1312,1
1145,795,1164,0
1146,8,1291,0
1147,462,240,1
1148,238,196,1
1149,36,211,0
1150,857,271,1
1151,807,413,0
1152,716,83,1
1153,848,996,1
1154,544,80,0
1155,952,837,1
1156,36,1312,0
1157,463,442,0
1158,851,899,1
1159,148,1283,1
1160,842,1097,0
1161,889,893,0
1162,919,142,1
1163,544,597,1
1164,418,370,0
1165,227,1236,1
1166,2,868,0
1167,161,166,0
1168,168,1048,0
1169,1136,427,0
1170,405,335,0
1171,462,455,1
1172,663,878,1
1173,1039,767,0
1174,80,1065,0
1175,82,221,0
1176,359,501,1
1177,549,282,0
1178,195,1051,0
1179,781,837,1
1180,2,284,0
1181,801,1019,0
1182,21,781,1
1183,692,40,1
1184,836,450,0
1185,1194,328,0
1186,591,287,0
1187,618,1170,0
1188,1199,1110,0
1189,2,605,1
1190,470,1118,1
1191,705,853,0
1192,450,77,0
1193,1067,1226,0
1194,148,832,1
1195,469,605,1
1196,1163,1226,0
1197,1126,817,0
1198,656,629,1
1199,1275,126,1
1200,1076,173,1
1201,214,852,0
1202,694,578,1
1203,2,573,0
1204,781,419,1
1205,499,949,0
1206,557,1086,0
1207,1082,760,0
1208,533,442,1
1209,713,673,0
1210,89,1301,1
1211,915,1314,1
1212,442,907,1
1213,618,585,0
1214,207,1168,1
1215,533,639,1
1216,83,705,1
1217,251,724,1
1218,919,1170,0
1219,165,409,1
1220,795,469,1
1221,921,147,0
1222,897,446,0
1223,356,1080,0
1224,952,804,1
1225,952,1055,1
1226,207,62,1
1227,190,544,1
1228,836,1224,0
1229,1275,1314,1
1230,263,533,1
1231,1078,892,0
1232,551,455,1
1233,716,73,0
1234,576,15,1
1235,919,1291,0
1236,348,874,0
1237,906,584,1
1238,472,148,1
1239,668,463,1
1240,855,877,0
1241,263,1127,1
1242,109,258,0
1243,275,142,1
1244,263,794,0
1245,809,644,1
1246,359,69,1
1247,413,1238,1
1248,965,956,1
1249,513,1241,0
1250,867,703,1
1251,180,560,1
1252,216,704,1
1253,97,349,0
1254,25,667,0
1255,509,748,0
1256,180,1168,1
1257,431,334,0
1258,897,239,1
1259,656,533,1
1260,682,366,1
1261,187,11,1
1262,173,924,0
1263,1059,1274,0
1264,418,472,1
1265,636,539,1
1266,454,147,0
1267,885,882,0
1268,207,103,0
1269,837,252,0
1270,74,1208,0
1271,450,347,1
1272,1059,151,0
1273,915,83,1
1274,1237,921,1
1275,1085,8,1
1276,356,1017,0
1277,724,485,1
1278,907,533,1
1279,230,418,1
1280,970,1277,0
1281,1167,87,0
1282,755,172,0
1283,1040,154,0
1284,981,59,0
1285,486,77,0
1286,298,1143,0
1287,0,979,0
1288,236,179,0
1289,428,1283,1
1290,1176,164,0
1291,705,1040,1
1292,767,256,0
1293,694,703,0
1294,968,789,1
1295,736,809,1
1296,291,944,1
1297,907,605,1
1298,291,1204,1
1299,692,161,1
1300,447,812,0
1301,148,470,0
1302,298,8,1
1303,380,1195,0
1304,455,927,1
1305,470,1051,0
1306,1192,328,0
1307,809,109,1
1308,658,1040,1
1309,789,1059,1
1310,720,110,0
1311,304,192,1
1312,214,705,0
1313,591,896,0
1314,801,352,1
1315,308,789,1
1316,1009,756,0
1317,574,758,0
1318,656,1010,0
1319,1244,736,1
1320,223,616,0
1321,411,1148,0
1322,829,148,1
1323,724,223,0
1324,25,610,0
1325,853,116,0
1326,1275,860,0
1327,1199,135,1
1328,704,1181,1
1329,1298,1156,1
1330,605,1214,1
1331,825,1129,0
1332,214,171,0
1333,663,159,1
1334,230,803,0
1335,102,706,0
1336,1244,883,0
1337,23,849,0
1338,1073,975,0
1339,899,935,1
1340,878,681,1
1341,855,63,0
1342,356,795,1
1343,990,1055,0
1344,469,726,0
1345,1209,160,0
1346,251,1193,0
1347,40,1203,0
1348,187,848,1
1349,74,660,0
1350,720,265,0
1351,516,607,0
1352,907,1019,1
1353,769,656,1
1354,271,1135,1
1355,83,1193,1
1356,533,1314,1
1357,993,703,1
1358,952,112,0
1359,447,609,0
1360,1022,217,0
1361,356,83,1
1362,316,321,0
1363,551,1055,1
1364,736,271,1
1365,784,634,0
1366,437,396,0
1367,767,14,1
1368,907,1106,1
1369,694,475,1
1370,212,824,1
1371,1290,899,0
1372,68,125,0
1373,32,66,0
1374,857,989,1
1375,1156,779,0
1376,1205,231,0
1377,23,1012,0
1378,36,1169,0
1379,207,336,1
1380,940,247,0
1381,1150,1145,0
1382,965,1005,0
1383,359,67,1
1384,102,1233,0
1385,1244,355,1
1386,290,891,0
1387,351,293,0
1388,173,882,1
1389,623,624,0
1390,919,533,1
1391,311,1068,1
1392,1026,396,0
1393,25,1030,1
1394,844,477,1
1395,716,568,1
1396,832,907,1
1397,1184,236,0
1398,14,1167,1
1399,938,477,1
1400,20,137,0
1401,1192,275,0
1402,173,347,1
1403,857,126,1
1404,703,810,1
1405,242,687,0
1406,83,1305,1
1407,109,240,0
1408,1284,148,1
1409,148,533,1
1410,1252,112,0
1411,428,201,0
1412,654,1082,0
1413,990,186,0
1414,289,209,0
1415,557,874,0
1416,70,55,0
1417,463,144,1
1418,359,1166,1
1419,801,85,1
1420,266,778,0
1421,801,813,1
1422,355,977,0
1423,605,927,1
1424,425,545,0
1425,658,716,1
1426,848,187,1
1427,355,1026,1
1428,1048,1239,0
1429,857,747,1
1430,8,347,1
1431,32,193,0
1432,1176,1179,0
1433,447,794,0
1434,2,700,1
1435,33,1164,1
1436,703,257,1
1437,853,1010,0
1438,899,1138,1
1439,713,608,1
1440,857,904,1
1441,104,1045,1
1442,1277,878,1
1443,795,337,0
1444,410,1144,0
1445,736,517,0
1446,694,682,1
1447,83,527,1
1448,216,572,0
1449,848,663,1
1450,720,380,0
1451,533,1277,1
1452,851,311,1
1453,1237,578,1
1454,809,485,1
1455,413,192,1
1456,148,656,1
1457,180,86,1
1458,719,984,0
1459,1088,813,1
1460,275,1229,0
1461,836,22,0
1462,682,1309,1
1463,455,907,1
1464,813,636,0
1465,948,979,0
1466,867,1084,0
1467,1,398,0
1468,668,816,1
1469,355,434,0
1470,1288,222,1
1471,810,854,1
1472,1244,1250,0
1473,1008,221,0
1474,834,651,0
1475,462,1015,1
1476,298,700,1
1477,1040,726,0
1478,576,578,1
1479,348,1083,1
1480,1189,1232,0
1481,161,418,1
1482,271,1110,0
1483,851,952,1
1484,1231,270,1
1485,1192,1284,0
1486,574,20,0
1487,289,982,0
1488,91,291,1
1489,705,25,1
1490,1059,703,1
1491,682,857,1
1492,142,1215,0
1493,447,390,0
1494,801,359,1
1495,713,897,1
1496,1214,74,0
1497,509,661,0
1498,533,771,1
1499,1193,20,1
1500,187,1068,1
1501,1019,851,1
1502,425,400,0
1503,816,33,1
1504,227,19,0
1505,1238,462,1
1506,488,844,0
1507,813,932,0
1508,1085,490,0
1509,348,745,0
1510,832,721,0
1511,748,450,1
1512,148,126,1
1513,623,169,0
1514,716,456,0
1515,1139,902,0
1516,413,921,1
1517,1164,565,0
1518,15,1237,1
1519,1275,568,1
1520,809,608,1
1521,304,729,0
1522,469,418,1
1523,842,245,1
1524,612,100,0
1525,21,100,0
1526,289,897,0
1527,1065,462,0
1528,809,238,1
1529,952,885,1
1530,1288,485,0
1531,117,152,0
1532,977,66,1
1533,1245,814,0
1534,1009,31,0
1535,1164,1288,1
1536,720,703,1
1537,857,406,0
1538,1290,294,1
1539,230,1079,1
1540,1059,232,0
1541,11,915,0
1542,462,321,0
1543,1135,746,0
1544,692,89,1
1545,230,148,1
1546,97,933,0
1547,1194,354,0
1548,1126,377,0
1549,462,1167,1
1550,809,1146,0
1551,663,619,1
1552,472,779,0
1553,889,518,0
1554,251,55,0
1555,1317,542,0
1556,799,745,0
1557,1106,681,0
1558,74,812,0
1559,807,1162,0
1560,713,340,1
1561,1164,654,1
1562,899,233,1
1563,755,1221,0
1564,952,697,0
1565,784,1115,0
1566,663,804,1
1567,1082,108,0
1568,878,650,1
1569,1176,412,0
1570,25,718,0
1571,142,329,0
1572,428,875,0
1573,1214,619,0
1574,263,688,0
1575,533,1030,1
1576,816,139,1
1577,230,885,1
1578,97,73,0
1579,161,907,1
1580,431,522,0
1581,1176,914,0
1582,418,1138,1
1583,316,736,1
1584,25,551,1
1585,14,851,1
1586,861,187,1
1587,1087,814,0
1588,1110,158,1
1589,74,508,0
1590,1214,287,0
1591,1163,829,1
1592,748,489,1
1593,618,721,0
1594,832,481,1
1595,548,516,0
1596,284,561,0
1597,455,240,1
1598,968,1213,1
1599,411,119,0
1600,33,216,0
1601,1126,1090,0
1602,308,1290,1
1603,572,910,0
1604,705,1098,0
1605,914,969,0
1606,216,142,1
1607,14,556,1
1608,867,194,0
1609,907,1238,1
1610,781,804,1
1611,158,410,1
1612,1159,1064,0
1613,356,1244,1
1614,1067,875,0
1615,533,628,1
1616,91,1181,1
1617,463,1025,0
1618,831,220,0
1619,355,656,1
1620,807,117,0
1621,724,251,1
1622,663,1138,1
1623,359,1152,1
1624,757,527,0
1625,513,237,0
1626,1023,736,1
1627,972,207,0
1628,1135,533,1
1629,1167,1179,1
1630,544,1117,1
1631,1284,418,1
1632,2,935,1
1633,291,319,1
1634,605,952,1
1635,54,408,0
1636,572,703,1
1637,878,1127,1
1638,713,648,0
1639,518,314,0
1640,804,701,0
1641,907,238,1
1642,897,366,1
1643,808,1307,0
1644,450,857,1
1645,516,1018,0
1646,781,1311,1
1647,263,847,0
1648,1214,445,0
1649,161,692,1
1650,83,867,1
1651,968,4,0
1652,692,619,1
1653,713,638,1
1654,1098,1031,1
1655,518,627,0
1656,810,126,1
1657,1040,811,0
1658,187,907,1
1659,692,1138,1
1660,2,694,1
1661,413,2,1
1662,1163,257,1
1663,1238,1030,0
1664,291,835,0
1665,325,53,0
1666,533,142,1
1667,878,899,1
1668,148,1176,1
1669,694,957,0
1670,921,15,1
1671,1193,915,1
1672,921,3,1
1673,1238,851,1
1674,142,948,1
1675,682,736,1
1676,1216,973,0
1677,148,1244,1
1678,789,825,1
1679,544,903,1
1680,25,732,0
1681,1298,1299,0
1682,971,1179,0
1683,1237,1171,0
1684,907,25,1
1685,795,702,0
1686,591,980,0
1687,1176,1019,1
1688,506,415,0
1689,97,655,0
1690,211,443,0
1691,509,845,0
1692,1065,1171,1
1693,291,239,0
1694,705,553,0
1695,832,878,1
1696,1252,70,1
1697,298,1041,1
1698,837,1019,1
1699,1275,319,0
1700,25,878,1
1701,789,881,0
1702,996,311,1
1703,418,832,1
1704,162,405,0
1705,878,311,1
1706,748,882,1
1707,605,227,0
1708,187,952,1
1709,1030,578,1
1710,104,491,0
1711,89,493,0
1712,605,1049,1
1713,804,663,1
1714,413,142,1
1715,1167,591,0
1716,1214,205,1
1717,857,56,1
1718,658,618,0
1719,1230,1261,0
1720,1156,1057,0
1721,781,1284,1
1722,214,783,0
1723,804,1284,1
1724,851,135,0
1725,298,1204,1
1726,889,1184,1
1727,799,290,0
1728,1040,1233,0
1729,469,380,1
1730,533,238,1
1731,242,42,0
1732,104,191,0
1733,544,1135,1
1734,437,524,0
1735,216,1068,0
1736,294,214,1
1737,842,139,0
1738,605,570,1
1739,853,110,0
1740,837,161,1
1741,1228,568,1
1742,679,533,1
1743,14,213,1
1744,14,1301,1
1745,1065,686,0
1746,1209,6,0
1747,442,418,1
1748,173,716,1
1749,425,809,1
1750,322,105,0
1751,25,126,1
1752,533,934,1
1753,2,233,1
1754,915,439,0
1755,25,1138,1
1756,411,1066,0
1757,885,719,0
1758,199,857,0
1759,781,380,0
1760,187,530,0
1761,656,534,0
1762,1308,674,0
1763,1288,1225,0
1764,809,380,1
1765,1072,328,0
1766,1076,298,1
1767,469,25,1
1768,2,625,1
1769,513,994,1
1770,316,20,1
1771,810,308,1
1772,1164,1027,0
1773,1067,536,0
1774,251,1032,0
1775,968,724,1
1776,472,763,1
1777,867,71,0
1778,455,308,0
1779,1124,718,0
1780,311,148,1
1781,996,681,1
1782,418,1244,1
1783,809,1068,0
1784,168,332,0
1785,857,991,0
1786,1008,1071,0
1787,2,145,0
1788,1278,487,0
1789,238,98,0
1790,0,470,1
1791,819,342,0
1792,144,1113,0
1793,14,951,1
1794,207,884,1
1795,216,529,1
1796,748,1249,0
1797,899,328,1
1798,1199,34,1
1799,1244,272,0
1800,113,597,0
1801,878,1277,1
1802,392,431,0
1803,1110,803,0
1804,1189,5,0
1805,781,576,1
1806,851,1019,1
1807,450,819,1
1808,168,134,0
1809,1164,1050,0
1810,380,844,1
1811,469,722,0
1812,858,916,0
1813,1181,325,1
1814,885,413,1
1815,82,1249,0
1816,878,640,0
1817,526,1311,1
1818,809,1114,1
1819,1199,1229,0
1820,809,20,1
1821,716,544,1
1822,1030,148,1
1823,1163,853,1
1824,102,1093,1
1825,180,578,1
1826,359,47,1
1827,48,735,0
1828,1049,68,0
1829,551,1094,1
1830,842,363,1
1831,694,700,1
1832,1065,586,1
1833,952,1138,1
1834,851,936,1
1835,795,952,1
1836,952,2,1
1837,1076,132,0
1838,964,141,0
1839,16,362,0
1840,359,198,0
1841,544,45,1
1842,548,648,0
1843,227,1121,0
1844,1067,393,0
1845,309,568,1
1846,769,704,1
1847,781,1277,1
1848,795,1199,0
1849,781,761,1
1850,899,92,1
1851,418,1118,1
1852,298,585,1
1853,549,126,1
1854,212,848,0
1855,348,1046,0
1856,418,578,1
1857,410,964,0
1858,291,544,1
1859,491,1074,0
1860,1167,65,0
1861,1150,88,0
1862,271,506,0
1863,1193,1132,0
1864,1156,1182,0
1865,795,418,1
1866,180,4,1
1867,899,196,1
1868,263,851,1
1869,1019,230,1
1870,1126,1040,0
1871,25,1294,0
1872,83,248,0
1873,1076,700,1
1874,809,328,1
1875,161,413,1
1876,486,291,0
1877,533,620,0
1878,82,375,0
1879,767,416,0
1880,1164,668,1
1881,294,375,0
1882,15,632,0
1883,527,766,0
1884,964,769,1
1885,679,629,1
1886,551,413,1
1887,11,279,0
1888,996,591,1
1889,142,857,1
1890,789,658,1
1891,1085,237,0
1892,781,927,1
1893,431,232,0
1894,413,1167,1
1895,1199,675,0
1896,654,809,1
1897,878,1318,0
1898,227,864,0
1899,1181,428,1
1900,781,290,0
1901,1216,783,0
1902,526,782,0
1903,158,857,0
1904,1244,557,0
1905,1026,1145,0
1906,861,676,0
1907,1252,1210,0
1908,418,1298,0
1909,1052,628,0
1910,795,892,0
1911,716,897,1
1912,526,445,0
1913,291,1187,0
1914,899,14,1
1915,14,585,1
1916,1019,470,0
1917,755,238,1
1918,1077,664,0
1919,790,856,1
1920,769,159,0
1921,418,356,1
1922,16,1019,1
1923,31,939,0
1924,462,899,1
1925,993,972,0
1926,878,1301,1
1927,1019,100,0
1928,162,857,0
1929,148,78,0
1930,605,105,1
1931,844,708,0
1932,14,37,1
1933,524,667,0
1934,576,1104,0
1935,442,604,1
1936,1088,276,0
1937,390,413,1
1938,2,850,1
1939,486,1256,0
1940,1077,459,0
1941,148,230,1
1942,705,1290,1
1943,447,897,1
1944,1199,321,0
1945,298,748,1
1946,266,843,0
1947,656,907,1
1948,976,1093,1
1949,195,670,0
1950,418,915,1
1951,217,121,0
1952,724,427,0
1953,781,147,0
1954,442,877,0
1955,970,1095,0
1956,544,716,1
1957,413,1089,1
1958,148,795,1
1959,1299,250,0
1960,736,142,1
1961,266,155,0
1962,921,774,1
1963,801,897,1
1964,1009,1114,1
1965,211,740,0
1966,807,124,0
1967,304,626,1
1968,976,104,0
1969,513,1210,0
1970,2,944,1
1971,704,552,0
1972,591,316,0
1973,418,716,1
1974,20,915,1
1975,1110,231,0
1976,705,1244,1
1977,1,1223,0
1978,1009,134,0
1979,325,1281,0
1980,533,1306,1
1981,410,157,0
1982,390,1031,0
1983,1025,811,0
1984,1008,418,1
1985,825,404,0
1986,720,892,0
1987,211,566,0
1988,940,558,0
1989,1085,1074,1
1990,848,681,1
1991,889,610,0
1992,148,264,0
1993,878,25,1
1994,447,646,0
1995,148,1033,0
1996,804,159,1
1997,679,53,0
1998,190,203,0
1999,544,291,1
2000,605,902,0
2001,907,126,1
2002,447,352,0
2003,605,148,1
2004,91,867,0
2005,1016,604,0
2006,187,1055,1
2007,878,142,1
2008,533,16,1
2009,682,803,1
2010,809,700,1
2011,8,944,1
2012,148,878,1
2013,855,387,0
2014,907,899,1
2015,1284,230,1
2016,8,771,0
2017,1288,1229,1
2018,716,410,1
2019,1120,1275,0
2020,83,1181,1
2021,704,1185,0
2022,1278,620,0
2023,0,394,0
2024,2,148,1
2025,418,1275,1
2026,964,716,1
2027,21,1185,0
2028,355,692,1
2029,359,916,0
2030,825,568,1
2031,533,1244,1
2032,858,1024,0
2033,89,533,1
2034,813,336,1
2035,159,390,0
2036,304,1085,0
2037,1008,533,1
2038,716,1181,1
2039,392,53,0
2040,809,1283,1
2041,1008,148,1
2042,1299,1091,0
2043,117,810,0
2044,848,1015,1
2045,551,582,1
2046,663,14,1
2047,1110,1159,0
2048,907,1049,1
2049,190,397,0
2050,716,1138,1
2051,113,1138,0
2052,418,919,1
2053,623,985,1
2054,83,1244,1
2055,781,1275,1
2056,359,125,1
2057,113,235,0
2058,509,202,0
2059,251,518,1
2060,1009,1058,0
2061,351,1160,0
2062,919,159,1
2063,455,936,1
2064,291,585,1
2065,1167,455,1
2066,1303,242,0
2067,957,1001,0
2068,308,810,1
2069,486,228,0
2070,91,507,0
2071,351,1267,0
2072,848,1238,1
2073,91,736,1
2074,533,1285,0
2075,23,743,0
2076,1008,907,1
2077,1039,91,0
2078,716,1135,1
2079,1245,707,0
2080,533,418,1
2081,418,1055,1
2082,654,142,1
2083,312,11,1
2084,550,613,0
2085,801,989,1
2086,1124,696,0
2087,48,444,0
2088,851,250,0
2089,1150,618,0
2090,694,980,0
2091,1106,82,0
2092,325,172,1
2093,413,1320,0
2094,1087,249,0
2095,74,240,1
2096,662,624,0
2097,533,83,1
2098,1164,48,1
2099,576,1231,0
2100,1176,339,1
2101,469,1192,0
2102,977,420,1
2103,544,1169,1
2104,1205,490,0
2105,703,968,1
2106,663,952,1
2107,486,293,0
2108,109,469,1
2109,1087,516,0
2110,972,24,1
2111,450,137,1
2112,14,187,1
2113,551,400,0
2114,1016,479,0
2115,668,777,0
2116,832,461,1
2117,216,1066,0
2118,291,1168,1
2119,102,79,0
2120,190,204,0
2121,921,14,1
2122,1159,966,0
2123,527,736,1
2124,654,548,1
2125,159,1019,1
2126,605,732,1
2127,736,915,1
2128,230,475,0
2129,102,52,0
2130,20,532,0
2131,1030,945,1
2132,804,837,1
2133,1067,532,0
2134,238,851,1
2135,1117,942,0
2136,654,967,0
2137,413,578,1
2138,284,1064,1
2139,544,1101,1
2140,1275,1137,0
2141,14,809,0
2142,148,418,1
2143,211,1260,0
2144,1199,1174,1
2145,622,926,0
2146,1264,850,0
2147,25,83,1
2148,663,851,1
2149,816,919,1
2150,551,263,1
2151,21,303,0
2152,89,196,1
2153,251,390,1
2154,238,291,0
2155,1019,418,1
2156,816,352,0
2157,736,158,1
2158,829,161,1
2159,1126,331,0
2160,1073,1277,0
2161,921,867,1
2162,298,1078,0
2163,1237,706,0
2164,447,999,0
2165,472,192,1
2166,36,562,0
2167,809,897,1
2168,392,1278,0
2169,724,451,0
2170,612,69,0
2171,462,1089,1
2172,1290,139,0
2173,431,1060,0
2174,1023,395,0
2175,236,626,0
2176,867,127,0
2177,996,40,1
2178,1290,736,1
2179,813,857,1
2180,8,62,1
2181,251,294,0
2182,14,252,0
2183,679,964,0
2184,16,356,1
2185,425,330,0
2186,298,849,0
2187,781,851,1
2188,526,1097,0
2189,551,640,0
2190,16,148,1
2191,952,878,1
2192,1088,670,0
2193,223,1094,0
2194,706,32,0
2195,810,257,1
2196,80,513,0
2197,907,1284,1
2198,1067,819,0
2199,1284,701,0
2200,952,656,1
2201,454,1198,0
2202,1290,425,0
2203,1065,820,0
2204,173,90,0
2205,825,804,0
2206,1305,1181,1
2207,878,472,1
2208,304,273,1
2209,180,1146,0
2210,885,1259,0
2211,36,762,0
2212,1199,918,0
2213,162,180,0
2214,692,1041,1
2215,506,1181,1
2216,605,180,1
2217,1228,1294,0
2218,142,622,1
2219,499,15,0
2220,1277,1138,1
2221,919,857,1
2222,32,1084,0
2223,633,844,1
2224,832,62,1
2225,825,1287,0
2226,1290,789,1
2227,447,1219,0
2228,308,1040,1
2229,284,1146,1
2230,897,989,1
2231,294,1167,0
2232,104,66,0
2233,1264,857,0
2234,470,732,1
2235,857,712,0
2236,33,971,1
2237,1048,1101,0
2238,225,623,0
2239,755,29,0
2240,238,1167,1
2241,551,1068,1
2242,294,858,0
2243,74,1158,0
2244,706,1250,0
2245,1082,573,0
2246,663,1176,1
2247,704,418,1
2248,867,619,0
2249,906,884,1
2250,1019,837,1
2251,509,245,1
2252,682,972,1
2253,15,742,0
2254,308,47,0
2255,356,1314,1
2256,801,589,0
2257,1136,4,0
2258,996,25,1
2259,148,996,1
2260,605,479,0
2261,14,996,1
2262,694,489,1
2263,817,69,0
2264,1284,107,0
2265,605,45,0
2266,359,924,1
2267,810,156,0
2268,139,676,0
2269,919,252,0
2270,195,591,0
2271,36,1066,0
2272,214,950,0
2273,996,907,1
2274,455,781,1
2275,907,16,1
2276,15,245,1
2277,878,1163,0
2278,549,578,1
2279,2,236,0
2280,793,329,0
2281,1298,1312,0
2282,948,108,0
2283,518,1086,0
2284,1065,644,1
2285,544,671,1
2286,964,629,1
2287,0,1221,1
2288,858,915,0
2289,813,200,1
2290,304,407,1
2291,605,442,1
2292,1237,956,1
2293,16,878,1
2294,832,570,1
2295,470,49,0
2296,1124,437,0
2297,144,665,0
2298,855,804,1
2299,418,681,1
2300,968,825,1
2301,1298,134,0
2302,1167,192,1
2303,518,630,0
2304,83,442,1
2305,1308,901,0
2306,48,843,0
2307,933,931,0
2308,242,368,0
2309,1059,485,1
2310,801,816,1
2311,405,22,0
2312,748,578,1
2313,789,14,1
2314,311,602,0
2315,159,1276,0
2316,1308,946,0
2317,1298,1136,0
2318,819,301,0
2319,291,166,0
2320,1193,568,1
2321,148,205,1
2322,720,831,0
2323,358,1243,0
2324,921,1222,0
2325,1231,719,1
2326,848,682,0
2327,428,860,0
2328,109,1089,0
2329,1159,576,1
2330,809,271,1
2331,144,496,0
2332,351,1273,0
2333,801,129,0
2334,832,148,1
2335,964,171,0
2336,263,311,1
2337,851,551,1
2338,801,1071,1
2339,236,1080,0
2340,418,435,0
2341,216,313,0
2342,801,941,1
2343,161,355,1
2344,1026,678,0
2345,837,976,0
2346,187,311,1
2347,447,198,0
2348,355,356,1
2349,74,1284,1
2350,413,196,1
2351,801,1047,1
2352,1040,544,0
2353,885,74,1
2354,952,421,0
2355,1209,601,0
2356,390,748,0
2357,795,837,1
2358,705,1019,1
2359,551,936,1
2360,952,519,0
2361,804,952,1
2362,524,719,0
2363,411,188,0
2364,506,251,1
2365,311,962,0
2366,663,356,0
2367,976,1184,1
2368,658,1305,0
2369,238,619,1
2370,907,832,1
2371,692,936,1
2372,396,861,0
2373,304,14,1
2374,68,316,1
2375,809,806,1
2376,990,1049,0
2377,813,406,0
2378,14,47,1
2379,242,488,1
2380,325,1295,1
2381,1098,174,0
2382,855,629,0
2383,1167,936,1
2384,533,481,1
2385,462,1118,1
2386,1073,694,0
2387,1244,705,1
2388,413,878,1
2389,0,14,1
2390,180,945,1
2391,682,347,1
2392,1244,907,1
2393,89,680,0
2394,557,1001,0
2395,418,656,1
2396,809,141,0
2397,789,441,0
2398,719,1231,1
2399,940,180,0
2400,356,533,1
2401,668,716,1
2402,1252,675,0
2403,527,68,0
2404,431,613,0
2405,813,625,1
2406,1135,656,1
2407,1164,971,1
2408,748,328,1
2409,1040,731,1
2410,526,1179,0
2411,1022,491,0
2412,557,108,1
2413,298,553,0
2414,413,1176,1
2415,48,597,1
2416,1277,119,0
2417,349,285,0
2418,544,976,1
2419,837,339,1
2420,491,975,0
2421,848,878,1
2422,2,1155,0
2423,271,919,1
2424,139,33,1
2425,15,1291,0
2426,948,623,1
2427,161,885,1
2428,1009,262,1
2429,1009,538,0
2430,161,1019,1
2431,938,354,0
2432,811,379,0
2433,513,1040,0
2434,919,1251,0
2435,431,317,0
2436,813,123,1
2437,636,65,0
2438,263,418,1
2439,679,148,1
2440,140,1311,0
2441,1264,808,0
2442,605,1176,1
2443,996,1216,1
2444,1277,996,1
2445,442,324,1
2446,781,196,1
2447,1303,521,0
2448,83,272,0
2449,948,199,0
2450,1244,682,1
2451,1026,355,1
2452,1039,860,0
2453,413,781,1
2454,14,238,1
2455,139,595,0
2456,636,573,1
2457,1019,679,1
2458,1167,650,1
2459,736,1305,1
2460,507,202,0
2461,180,1263,1
2462,11,1060,0
2463,413,175,0
2464,612,418,0
2465,716,736,1
2466,1030,333,0
2467,271,1200,0
2468,1030,781,1
2469,14,229,1
2470,89,1068,1
2471,199,1209,0
2472,996,605,1
2473,294,827,0
2474,190,514,0
2475,349,167,0
2476,1136,752,0
2477,1252,654,1
2478,516,1265,0
2479,813,1056,1
2480,1067,640,1
2481,551,578,1
2482,813,531,1
2483,1244,716,1
2484,836,211,0
2485,952,240,0
2486,1199,122,1
2487,1019,1106,1
2488,225,1093,0
2489,91,541,0
2490,1009,445,0
2491,413,919,1
2492,359,441,0
2493,981,71,0
2494,851,148,1
2495,251,712,0
2496,212,981,0
2497,74,902,0
2498,380,633,1
2499,857,682,1
2500,720,531,0
2501,348,868,0
2502,291,827,1
2503,952,818,0
2504,1278,209,0
2505,1156,1167,1
2506,1214,1194,0
2507,291,1025,1
2508,173,859,0
2509,972,985,0
2510,654,488,0
2511,242,958,0
2512,996,1034,1
2513,8,67,0
2514,165,135,0
2515,981,19,0
2516,355,192,0
2517,16,483,0
2518,781,1167,1
2519,1110,544,0
2520,769,95,0
2521,516,277,0
2522,351,469,1
2523,831,126,1
2524,11,821,0
2525,20,278,0
2526,214,636,0
2527,915,107,0
2528,809,1050,0
2529,1065,626,1
2530,173,1032,0
2531,271,586,0
2532,1135,921,1
2533,1231,841,0
2534,1210,71,0
2535,1209,1259,0
2536,844,576,1
2537,837,907,1
2538,976,722,0
2539,1019,650,1
2540,1106,878,1
2541,533,2,1
2542,855,723,1
2543,359,1036,1
2544,1199,1138,1
2545,284,532,0
2546,1181,176,0
2547,797,1044,0
2548,454,1086,0
2549,23,755,0
2550,1117,816,1
2551,705,356,1
2552,679,355,1
2553,70,548,1
2554,1085,1158,1
2555,813,98,1
2556,940,1172,0
2557,173,52,0
2558,1194,219,0
2559,990,855,0
2560,251,314,0
2561,83,296,0
2562,605,656,1
2563,311,524,0
2564,736,20,1
2565,428,459,0
2566,454,196,0
2567,1030,907,1
2568,312,30,0
2569,1088,245,1
2570,48,699,1
2571,470,1196,0
2572,159,172,0
2573,1278,14,1
2574,1087,514,0
2575,692,1089,1
2576,14,1298,1
2577,21,800,0
2578,1245,1260,0
2579,1008,1311,1
2580,915,387,0
2581,834,1260,0
2582,1184,1277,0
2583,513,794,0
2584,548,612,1
2585,899,489,1
2586,117,384,0
2587,1290,297,0
2588,885,233,0
2589,308,463,0
2590,907,1214,1
2591,356,399,0
2592,15,126,1
2593,20,809,1
2594,418,205,1
2595,418,21,1
2596,878,1182,0
2597,1238,862,0
2598,1135,874,0
2599,1098,1149,0
2600,1139,666,0
2601,358,919,0
2602,390,472,1
2603,899,533,1
2604,238,848,1
2605,658,946,0
2606,591,935,0
2607,544,299,1
2608,1167,263,1
2609,11,386,1
2610,551,246,1
2611,663,919,1
2612,703,126,1
2613,418,455,1
2614,658,789,1
2615,1238,25,1
2616,1210,1082,0
2617,33,1029,0
2618,507,736,1
2619,694,897,1
2620,1244,1041,1
2621,513,400,0
2622,1288,1041,1
2623,1088,490,0
2624,933,809,1
2625,1167,1127,1
2626,809,447,1
2627,14,417,1
2628,145,720,0
2629,1277,781,1
2630,142,148,1
2631,507,266,1
2632,533,1055,1
2633,544,816,1
2634,413,469,1
2635,1048,980,0
2636,1290,325,1
2637,705,316,1
2638,322,16,0
2639,809,340,1
2640,1288,1268,1
2641,921,197,0
2642,266,752,0
2643,623,1010,1
2644,1278,28,0
2645,605,822,0
2646,25,681,1
2647,36,1053,0
2648,442,1019,1
2649,1026,362,0
2650,1098,277,0
2651,1290,218,0
2652,736,1171,0
2653,971,1054,0
2654,1210,1099,0
2655,801,792,1
2656,263,970,0
2657,813,121,0
2658,1284,93,0
2659,1230,444,0
2660,1117,1243,0
2661,20,14,1
2662,298,944,1
2663,450,8,1
2664,355,816,1
2665,70,1231,1
2666,1305,1280,0
2667,1117,1087,0
2668,878,936,1
2669,1317,698,0
2670,921,25,1
2671,658,1237,0
2672,74,663,1
2673,724,1230,0
2674,809,971,1
2675,1025,785,0
2676,878,83,1
2677,1164,816,1
2678,1205,126,0
2679,455,1167,1
2680,355,809,0
2681,1030,66,0
2682,263,1111,1
2683,1054,441,0
2684,450,868,0
2685,809,8,1
2686,1135,1244,1
2687,148,952,1
2688,971,1117,1
2689,968,1171,0
2690,207,551,1
2691,636,311,1
2692,442,1283,1
2693,804,1176,1
2694,463,668,1
2695,572,1070,0
2696,971,682,1
2697,15,831,1
2698,801,139,1
2699,885,381,0
2700,356,628,1
2701,16,185,0
2702,855,1036,0
2703,1048,1320,0
2704,14,636,1
2705,1245,335,0
2706,31,251,1
2707,359,386,1
2708,977,794,0
2709,1299,1203,0
2710,442,1046,1
2711,1184,857,1
2712,187,781,1
2713,355,142,1
2714,813,1083,1
2715,993,579,0
2716,993,423,0
2717,921,148,1
2718,1073,189,0
2719,518,1159,1
2720,663,462,1
2721,907,469,1
2722,789,1290,1
2723,915,1193,1
2724,855,658,0
2725,1126,1255,0
2726,158,506,0
2727,996,1089,1
2728,40,1089,1
2729,1181,506,1
2730,921,907,1
2731,190,1216,0
2732,1210,445,1
2733,1076,329,0
2734,557,691,0
2735,1019,569,0
2736,1236,715,0
2737,187,1167,1
2738,25,829,1
2739,813,173,1
2740,1025,1225,0
2741,1030,171,0
2742,351,576,0
2743,878,355,1
2744,1205,1122,0
2745,291,603,0
2746,825,969,0
2747,1156,124,0
2748,1087,1193,0
2749,1008,986,0
2750,851,205,1
2751,1072,205,0
2752,355,857,1
2753,704,355,1
2754,359,615,0
2755,952,907,1
2756,148,829,1
2757,1214,1186,0
2758,1135,1125,0
2759,1205,1241,0
2760,952,619,1
2761,682,15,1
2762,970,259,0
2763,996,1118,1
2764,692,851,1
2765,472,48,0
2766,359,1047,1
2767,713,32,1
2768,2,857,0
2769,1019,1127,1
2770,829,815,0
2771,551,775,0
2772,1026,656,1
2773,656,605,1
2774,308,724,1
2775,533,14,1
2776,1238,319,0
2777,82,508,0
2778,816,971,1
2779,214,190,0
2780,180,196,0
2781,996,263,1
2782,212,1261,0
2783,418,899,1
2784,719,260,0
2785,97,126,0
2786,899,229,1
2787,544,574,1
2788,405,1060,0
2789,97,748,0
2790,359,273,1
2791,148,781,1
2792,14,927,1
2793,223,1166,1
2794,140,684,0
2795,290,577,0
2796,809,682,1
2797,813,944,1
2798,230,282,0
2799,952,1176,1
2800,1308,266,0
2801,654,292,0
2802,662,232,0
2803,801,447,1
2804,356,208,0
2805,1284,356,1
2806,757,693,0
2807,238,907,1
2808,605,1244,1
2809,207,110,0
2810,359,66,1
2811,993,70,0
2812,8,142,1
2813,217,1238,0
2814,1277,605,1
2815,1016,651,0
2816,158,566,0
2817,1098,1276,0
2818,636,39,0
2819,1019,1214,1
2820,1244,296,0
2821,906,69,0
2822,180,35,0
2823,1231,510,0
2824,551,148,1
2825,1216,365,0
2826,25,469,1
2827,428,1298,0
2828,618,379,0
2829,899,996,1
2830,455,740,0
2831,914,477,1
2832,469,795,1
2833,187,25,1
2834,878,1019,1
2835,1299,1216,0
2836,311,238,1
2837,289,1026,0
2838,836,332,0
2839,470,36,0
2840,790,79,0
2841,705,605,1
2842,858,908,0
2843,455,25,1
2844,14,66,1
2845,1163,884,0
2846,533,832,1
2847,463,128,0
2848,1085,1083,1
2849,842,1208,0
2850,1065,1096,1
2851,165,922,0
2852,359,1115,1
2853,1194,1236,0
2854,462,692,1
2855,663,1274,0
2856,104,544,0
2857,837,418,1
2858,844,578,1
2859,291,104,0
2860,82,1014,1
2861,263,1019,1
2862,919,1192,0
2863,1210,654,0
2864,211,761,0
2865,907,705,1
2866,161,159,1
2867,1275,907,1
2868,109,809,1
2869,212,7,0
2870,848,1301,1
2871,1167,1074,0
2872,20,83,1
2873,1184,889,1
2874,89,1072,0
2875,40,1294,0
2876,1019,1283,1
2877,187,440,1
2878,720,495,0
2879,139,918,0
2880,781,180,1
2881,551,1115,1
2882,25,663,1
2883,679,804,1
2884,636,1115,1
2885,807,793,0
2886,418,1283,1
2887,1284,339,1
2888,89,681,1
2889,605,311,1
2890,180,2,1
2891,1059,604,0
2892,682,7,0
2893,1167,1089,1
2894,140,1200,0
2895,959,575,0
2896,410,1046,0
2897,885,679,1
2898,472,477,0
2899,1,345,0
2900,251,31,1
2901,1284,625,0
2902,1088,4,1
2903,1025,1114,1
2904,781,413,1
2905,516,85,0
2906,736,831,0
2907,719,654,1
2908,1228,617,0
2909,1278,1022,0
2910,16,681,0
2911,148,1295,1
2912,834,1199,0
2913,867,716,1
2914,899,878,1
2915,736,220,1
2916,551,781,1
2917,837,743,1
2918,325,1154,0
2919,89,551,1
2920,428,0,0
2921,837,645,0
2922,551,407,1
2923,816,126,1
2924,1209,384,0
2925,819,225,0
2926,663,1015,1
2927,469,21,1
2928,1135,1314,1
2929,454,473,0
2930,304,1094,1
2931,1076,585,1
2932,142,993,1
2933,291,699,1
2934,158,779,0
2935,25,653,0
2936,410,16,0
2937,1167,942,0
2938,390,436,0
2939,180,489,1
2940,316,1135,1
2941,390,1049,1
2942,1176,929,0
2943,551,602,0
2944,1002,78,0
2945,1040,1059,1
2946,159,25,1
2947,781,1138,1
2948,1151,194,0
2949,533,762,0
2950,906,180,1
2951,1009,363,0
2952,807,751,0
2953,1135,5,0
2954,14,724,1
2955,442,1263,1
2956,418,14,1
2957,1008,1019,1
2958,996,598,0
2959,311,455,1
2960,1022,234,0
2961,349,1241,0
2962,507,117,0
2963,207,319,1
2964,716,810,1
2965,914,152,0
2966,1049,568,1
2967,968,9,1
2968,809,885,1
2969,801,99,0
2970,304,498,1
2971,1135,824,1
2972,1159,1254,0
2973,217,44,0
2974,390,605,1
2975,1126,1102,0
2976,897,1175,0
2977,225,1110,0
2978,396,189,0
2979,1237,465,0
2980,359,1094,1
2981,1030,1283,1
2982,1231,654,1
2983,605,419,1
2984,971,679,0
2985,948,344,0
2986,550,928,0
2987,109,906,0
2988,970,1246,0
2989,148,1015,1
2990,491,235,0
2991,418,921,1
2992,679,1079,1
2993,488,444,0
2994,1277,603,0
2995,1124,479,0
2996,801,561,1
2997,358,224,0
2998,1072,1287,0
2999,848,1089,1
3000,413,1214,1
3001,605,275,0
3002,993,1181,0
3003,836,437,0
3004,236,1302,0
3005,813,694,1
3006,948,785,0
3007,351,63,0
3008,919,1009,1
3009,813,288,1
3010,173,895,0
3011,1238,148,1
3012,104,432,0
3013,1214,159,1
3014,20,1305,1
3015,142,1012,1
3016,236,497,0
3017,1019,481,1
3018,14,308,1
3019,799,537,0
3020,1193,1314,1
3021,238,462,1
3022,527,1298,0
3023,549,1314,1
3024,1120,448,0
3025,801,341,1
3026,1238,455,1
3027,1205,699,0
3028,291,1085,1
3029,989,1144,0
3030,767,894,0
3031,275,1021,0
3032,271,357,1
3033,716,173,1
3034,74,679,1
3035,14,304,1
3036,82,414,1
3037,713,991,0
3038,1193,1154,0
3039,271,1192,0
3040,238,413,1
3041,159,1110,0
3042,878,804,1
3043,1156,1300,0
3044,144,901,0
3045,636,500,1
3046,1244,1060,0
3047,658,573,0
3048,605,1015,1
3049,897,716,1
3050,211,40,0
3051,1076,819,1
3052,857,950,1
3053,736,867,1
3054,1163,1061,0
3055,1209,1244,0
3056,736,568,1
3057,781,795,1
3058,418,1238,1
3059,117,658,0
3060,720,407,0
3061,2,1020,1
3062,1022,768,0
3063,889,498,0
3064,1184,143,0
3065,91,437,1
3066,748,136,0
3067,591,970,0
3068,89,455,1
3069,1305,763,0
3070,940,300,0
3071,207,229,1
3072,291,62,1
3073,325,948,1
3074,139,693,0
3075,781,1118,1
3076,1106,97,0
3077,20,506,1
3078,355,645,0
3079,885,872,0
3080,544,856,1
3081,1290,447,1
3082,810,968,1
3083,142,897,1
3084,825,68,0
3085,938,1273,0
3086,109,1209,0
3087,390,1172,0
3088,703,165,0
3089,506,221,0
3090,491,613,0
3091,14,413,1
3092,212,493,0
3093,349,209,1
3094,919,736,1
3095,1199,664,0
3096,162,955,0
3097,311,15,0
3098,703,734,1
3099,781,1295,1
3100,549,992,0
3101,463,139,1
3102,316,1193,1
3103,83,1120,1
3104,977,257,0
3105,816,1129,0
3106,971,654,1
3107,968,1290,1
3108,1163,721,0
3109,878,656,1
3110,251,907,1
3111,472,476,0
3112,704,18,0
3113,518,910,0
3114,291,470,0
3115,97,599,0
3116,990,577,0
3117,242,1010,0
3118,970,623,0
3119,1082,268,0
3120,1210,977,0
3121,829,533,1
3122,113,685,0
3123,144,597,1
3124,605,663,1
3125,83,875,0
3126,551,14,1
3127,1236,1255,0
3128,816,637,0
3129,906,4,1
3130,811,382,0
3131,348,420,0
3132,976,987,0
3133,807,803,0
3134,1163,789,1
3135,848,238,1
3136,191,382,0
3137,289,400,0
3138,692,899,1
3139,31,710,0
3140,857,568,1
3141,173,570,1
3142,996,470,1
3143,271,1008,0
3144,713,1309,1
3145,470,749,0
3146,298,1312,1
3147,1181,1041,1
3148,1009,744,0
3149,437,1151,0
3150,557,556,0
3151,1023,1133,0
3152,165,836,0
3153,1106,1127,1
3154,842,1120,0
3155,1238,781,1
3156,809,92,1
3157,952,1301,1
3158,238,649,0
3159,1076,489,1
3160,633,1041,1
3161,25,142,1
3162,769,1026,1
3163,418,732,1
3164,148,650,1
3165,720,30,0
3166,809,325,1
3167,965,263,0
3168,1305,1276,0
3169,851,848,1
3170,755,343,0
3171,993,790,0
3172,1120,757,0
3173,1278,695,0
3174,897,682,1
3175,1065,407,1
3176,413,681,1
3177,89,486,0
3178,223,96,0
3179,1065,198,0
3180,1164,173,0
3181,867,921,1
3182,271,1266,0
3183,757,445,0
3184,899,455,1
3185,191,793,0
3186,1290,703,1
3187,1059,789,1
3188,1194,1111,0
3189,8,1204,1
3190,857,816,1
3191,117,1177,0
3192,878,832,1
3193,238,943,1
3194,1288,801,1
3195,507,715,0
3196,736,886,0
3197,825,968,1
3198,810,1252,0
3199,348,204,0
3200,804,1019,1
3201,358,607,0
3202,455,485,0
3203,952,1005,0
3204,271,251,0
3205,1164,1212,0
3206,716,126,1
3207,636,934,1
3208,976,223,0
3209,1009,687,0
3210,533,1211,0
3211,848,789,0
3212,804,919,1
3213,355,716,1
3214,977,417,1
3215,781,1301,1
3216,885,361,0
3217,907,21,1
3218,825,789,1
3219,359,1197,1
3220,804,861,0
3221,612,1050,0
3222,1228,527,1
3223,506,538,0
3224,878,263,1
3225,2,328,1
3226,227,1107,0
3227,418,907,1
3228,605,1182,0
3229,622,450,0
3230,309,916,0
3231,1181,172,0
3232,8,1088,1
3233,1264,530,0
3234,358,708,0
3235,139,1277,0
3236,413,915,1
3237,878,746,0
3238,1164,144,1
3239,173,827,1
3240,851,681,1
3241,716,1290,1
3242,977,307,0
3243,526,20,0
3244,878,787,0
3245,1159,1190,0
3246,455,663,1
3247,544,241,0
3248,291,91,1
3249,1098,1228,1
3250,74,159,1
3251,180,994,0
3252,418,705,1
3253,919,663,1
3254,781,656,1
3255,428,437,1
3256,694,1046,1
3257,736,189,0
3258,1214,148,1
3259,736,816,1
3260,633,1292,0
3261,781,848,1
3262,844,1159,1
3263,1065,334,1
3264,1072,225,0
3265,848,1118,1
3266,472,1133,0
3267,165,61,1
3268,411,1180,0
3269,291,1312,1
3270,1167,1202,0
3271,836,851,0
3272,159,995,0
3273,748,157,0
3274,238,755,1
3275,158,716,1
3276,844,14,0
3277,304,467,1
3278,810,1070,0
3279,706,125,0
3280,173,578,1
3281,848,317,0
3282,15,751,0
3283,513,180,1
3284,413,268,0
3285,225,1311,0
3286,633,957,0
3287,1117,971,1
3288,1049,93,0
3289,36,1076,0
3290,1156,94,0
3291,795,829,1
3292,663,298,0
3293,1117,283,0
3294,25,848,1
3295,755,124,0
3296,952,1167,1
3297,356,679,1
3298,25,899,1
3299,2,533,1
3300,462,1318,0
3301,959,675,0
3302,513,1178,0
3303,851,491,0
3304,719,913,0
3305,1016,268,0
3306,1016,315,0
3307,1193,316,1
3308,816,70,0
3309,509,893,0
3310,380,518,1
3311,23,964,0
3312,897,890,1
3313,1308,1165,0
3314,413,1138,1
3315,418,1041,0
3316,418,546,0
3317,713,34,0
3318,919,315,0
3319,455,870,0
3320,623,1295,1
3321,2,1046,1
3322,550,176,0
3323,102,798,0
3324,1150,1091,0
3325,829,501,0
3326,298,809,1
3327,1167,89,1
3328,359,1155,1
3329,74,1176,1
3330,1052,441,0
3331,544,561,1
3332,636,794,1
3333,173,628,1
3334,795,900,0
3335,899,1019,1
3336,455,348,0
3337,906,970,0
3338,14,597,1
3339,418,679,1
3340,1181,716,1
3341,1228,1098,1
3342,989,723,0
3343,173,328,1
3344,797,335,0
3345,405,349,0
3346,976,1027,0
3347,1002,347,0
3348,199,87,0
3349,190,107,0
3350,906,888,1
3351,142,413,1
3352,462,781,1
3353,801,222,1
3354,551,605,1
3355,1030,418,1
3356,807,1074,0
3357,1167,633,0
3358,832,200,1
3359,605,127,0
3360,867,36,1
3361,212,629,1
3362,1059,251,1
3363,1009,1283,1
3364,976,1228,0
3365,1110,888,0
3366,142,1314,1
3367,694,81,1
3368,965,1117,0
3369,848,1138,1
3370,1277,583,0
3371,223,587,0
3372,89,936,1
3373,207,81,1
3374,509,1042,0
3375,899,1118,1
3376,857,355,1
3377,1194,991,0
3378,919,91,1
3379,544,366,1
3380,2,73,0
3381,817,313,0
3382,813,1268,1
3383,33,693,0
3384,832,781,1
3385,25,716,1
3386,1236,1190,0
3387,355,704,1
3388,142,813,1
3389,356,885,1
3390,551,498,1
3391,663,881,0
3392,16,851,0
3393,1019,605,1
3394,148,413,1
3395,418,59,0
3396,21,16,1
3397,813,570,1
3398,227,747,0
3399,102,661,0
3400,91,1307,0
3401,442,413,1
3402,1117,381,0
3403,2,827,1
3404,679,919,1
3405,32,195,0
3406,861,323,0
3407,878,276,0
3408,851,1238,1
3409,21,288,0
3410,83,1020,1
3411,996,455,1
3412,158,1110,1
3413,290,461,0
3414,938,472,0
3415,158,1272,0
3416,15,578,1
3417,442,1202,0
3418,1019,656,1
3419,263,1167,1
3420,14,1238,1
3421,799,465,0
3422,748,233,1
3423,1317,381,0
3424,14,842,1
3425,813,268,1
3426,921,220,1
3427,1077,564,0
3428,25,1314,1
3429,981,1227,0
3430,907,921,1
3431,996,1313,0
3432,173,1263,1
3433,720,1308,0
3434,291,809,1
3435,842,80,0
3436,524,1304,1
3437,533,339,1
3438,831,1314,1
3439,113,406,0
3440,83,71,0
3441,396,1071,0
3442,351,1177,0
3443,1277,187,1
3444,23,1195,0
3445,1025,496,0
3446,810,1250,0
3447,809,417,1
3448,470,442,0
3449,831,667,0
3450,14,605,1
3451,139,1142,0
3452,392,742,0
3453,227,189,0
3454,993,867,0
3455,1026,704,1
3456,1082,482,0
3457,91,897,1
3458,1159,805,0
3459,1110,810,0
3460,976,739,0
3461,804,781,1
3462,976,62,0
3463,1181,769,1
3464,748,718,0
3465,897,1029,1
3466,897,352,1
3467,551,167,1
3468,801,125,1
3469,1237,712,0
3470,1087,543,0
3471,263,1068,1
3472,1150,891,0
3473,784,490,0
3474,418,126,1
3475,380,578,1
3476,74,180,0
3477,576,518,1
3478,1238,245,0
3479,355,317,0
3480,325,392,0
3481,1120,1045,0
3482,692,196,1
3483,455,1277,1
3484,784,1243,0
3485,142,816,1
3486,948,602,0
3487,716,1244,1
3488,704,204,0
3489,199,549,0
3490,506,20,1
3491,1167,1283,0
3492,907,180,1
3493,0,1117,0
3494,1288,676,1
3495,304,794,1
3496,919,1181,0
3497,996,229,0
3498,544,103,1
3499,418,456,0
3500,463,708,0
3501,977,532,0
3502,971,816,1
3503,140,1086,0
3504,8,813,1
3505,804,710,0
3506,1117,654,1
3507,291,200,1
3508,1194,442,0
3509,724,810,1
3510,1136,792,1
3511,8,336,1
3512,113,907,0
3513,462,311,1
3514,298,1076,1
3515,316,130,0
3516,142,268,1
3517,442,673,1
3518,789,1213,1
3519,549,1228,1
3520,1085,569,0
3521,25,161,1
3522,940,778,0
3523,410,1252,0
3524,32,736,1
3525,1210,1241,0
3526,142,229,0
3527,533,462,1
3528,161,1176,1
3529,15,83,1
3530,1230,33,1
3531,1136,349,0
3532,784,263,0
3533,801,904,1
3534,1059,658,1
3535,242,955,0
3536,527,1119,0
3537,309,1084,0
3538,1275,605,1
3539,1244,974,0
3540,623,475,0
3541,291,1283,1
3542,853,801,0
3543,442,1020,1
3544,355,161,1
3545,906,512,0
3546,663,650,1
3547,1216,1126,0
3548,755,625,0
3549,0,1127,1
3550,1305,549,0
3551,207,531,1
3552,1065,796,1
3553,1303,1184,0
3554,425,672,0
3555,216,113,0
3556,1159,893,0
3557,1098,1130,1
3558,996,83,1
3559,970,960,0
3560,1264,216,0
3561,425,972,0
3562,11,1055,1
3563,810,1059,1
3564,418,1241,0
3565,527,410,0
3566,544,857,1
3567,8,531,1
3568,837,1163,1
3569,15,1283,1
3570,462,196,1
3571,965,214,1
3572,663,858,0
3573,1284,804,1
3574,795,408,0
3575,853,886,0
3576,1238,663,1
3577,217,331,0
3578,142,802,1
3579,173,585,1
3580,216,44,0
3581,1236,745,0
3582,8,713,1
3583,11,192,1
3584,544,352,1
3585,396,497,0
3586,356,705,1
3587,576,505,0
3588,825,845,0
3589,720,105,0
3590,289,666,0
3591,801,1133,1
3592,952,848,1
3593,431,658,0
3594,142,1130,0
3595,40,195,0
3596,867,90,0
3597,212,619,0
3598,1059,1314,1
3599,356,161,1
3600,526,447,1
3601,390,25,1
3602,405,1234,0
3603,1305,915,1
3604,1026,1189,0
3605,356,418,1
3606,359,801,1
3607,1209,239,0
3608,781,681,1
3609,836,1040,0
3610,488,514,0
3611,23,881,0
3612,851,589,1
3613,1156,1053,0
3614,899,531,1
3615,80,759,0
3616,31,402,0
3617,605,1019,1
3618,1009,806,1
3619,813,1076,1
3620,437,427,0
3621,217,66,0
3622,1093,423,1
3623,454,1286,0
3624,705,227,0
3625,148,161,1
3626,418,74,1
3627,663,907,1
3628,914,441,0
3629,851,193,0
3630,1277,705,1
3631,2,603,0
3632,736,358,0
3633,238,917,0
3634,801,1155,1
3635,140,494,0
3636,801,452,0
3637,266,507,1
3638,462,529,0
3639,1216,5,0
3640,605,934,1
3641,591,1151,0
3642,20,1008,0
3643,1016,753,0
3644,795,725,0
3645,25,1135,1
3646,355,418,1
3647,1298,14,1
3648,1026,101,0
3649,289,518,0
3650,548,244,0
3651,25,413,1
3652,781,455,1
3653,832,413,1
3654,549,1066,0
3655,191,244,0
3656,682,809,1
3657,506,511,0
3658,799,857,0
3659,551,1272,0
3660,832,617,0
3661,1002,1061,0
3662,117,1014,0
3663,1016,209,0
3664,518,887,0
3665,1030,480,0
3666,472,1298,0
3667,25,1232,0
3668,809,607,1
3669,1284,74,1
3670,1167,1055,1
3671,290,275,0
3672,899,463,0
3673,781,628,1
3674,1,41,0
3675,1040,968,1
3676,810,1314,1
3677,1305,785,0
3678,921,809,1
3679,396,1134,1
3680,230,413,1
3681,236,636,0
3682,1040,1182,0
3683,716,769,1
3684,719,641,0
3685,1305,714,0
3686,605,533,1
3687,1288,716,1
3688,968,444,0
3689,1067,1250,0
3690,548,704,0
3691,1040,921,1
3692,825,737,0
3693,1199,1283,1
3694,148,605,1
3695,1199,1222,1
3696,533,1019,1
3697,180,336,1
3698,1073,65,0
3699,704,792,0
3700,914,523,0
3701,952,909,0
3702,851,528,0
3703,692,1277,1
3704,488,739,0
3705,851,89,1
3706,899,1167,1
3707,907,1277,1
3708,83,1030,1
3709,724,825,1
3710,425,1056,0
3711,837,1079,1
3712,488,1233,1
3713,1040,15,1
3714,462,226,0
3715,1049,413,1
3716,173,348,1
3717,1298,181,0
3718,89,725,0
3719,83,161,0
3720,168,418,1
3721,144,1164,1
3722,411,258,0
3723,304,1171,1
3724,499,324,0
3725,968,1255,0
3726,142,919,1
3727,919,605,1
3728,867,478,0
3729,636,1178,1
3730,1016,609,0
3731,1275,1163,0
3732,31,569,0
3733,1022,1208,0
3734,781,716,1
3735,312,710,0
3736,284,723,1
3737,952,339,1
3738,180,319,1
3739,251,442,0
3740,1052,424,0
3741,769,476,0
3742,809,1040,1
3743,605,921,1
3744,1216,1159,0
3745,968,867,0
3746,907,950,0
3747,769,212,1
3748,663,173,0
3749,1246,735,0
3750,885,533,1
3751,1159,837,0
3752,842,1107,1
3753,959,558,0
3754,781,663,1
3755,1151,857,1
3756,109,386,0
3757,290,246,0
3758,551,974,0
3759,325,94,0
3760,187,1301,1
3761,462,494,0
3762,1009,578,1
3763,230,74,1
3764,21,25,1
3765,703,736,1
3766,767,64,0
3767,308,325,0
3768,662,267,0
3769,885,350,0
3770,1087,15,0
3771,91,385,0
3772,618,299,0
3773,899,585,1
3774,325,371,0
3775,308,1306,0
3776,230,907,1
3777,355,671,0
3778,442,475,1
3779,933,260,0
3780,781,21,1
3781,15,839,0
3782,1167,413,1
3783,1019,692,1
3784,907,54,0
3785,16,605,1
3786,1085,715,0
3787,809,578,1
3788,1019,62,0
3789,148,469,1
3790,102,1039,1
3791,14,31,1
3792,74,533,1
3793,767,728,0
3794,168,530,0
3795,668,969,0
3796,694,336,1
3797,952,1241,0
3798,781,590,1
3799,618,233,0
3800,809,1288,1
3801,605,356,1
3802,781,187,1
3803,789,647,0
3804,1087,1297,0
3805,187,1216,1
3806,527,1114,1
3807,40,567,0
3808,1065,1094,1
3809,1067,1019,0
3810,809,734,1
3811,526,1008,1
3812,757,1190,0
3813,1303,739,0
3814,25,568,1
3815,948,48,0
3816,91,447,1
3817,8,81,1
3818,1164,65,0
3819,1098,14,1
3820,1277,1238,1
3821,2,1263,1
3822,462,89,1
3823,981,418,0
3824,574,29,0
3825,551,1118,1
3826,74,829,1
3827,1181,220,1
3828,858,903,0
3829,918,683,0
3830,662,781,0
3831,970,798,0
3832,1284,16,0
3833,1019,324,1
3834,21,1176,1
3835,180,906,1
3836,813,1230,1
3837,1082,323,0
3838,544,522,1
3839,682,24,1
3840,1284,159,1
3841,21,561,0
3842,857,1151,1
3843,355,1065,0
3844,878,533,1
3845,813,1233,1
3846,781,679,1
3847,1026,1181,1
3848,462,952,1
3849,996,1238,1
3850,663,1131,0
3851,1139,829,0
3852,225,16,0
3853,679,885,1
3854,308,1152,0
3855,867,1064,1
3856,499,1111,0
3857,591,359,0
3858,861,678,0
3859,355,41,0
3860,144,760,1
3861,14,1179,1
3862,187,148,1
3863,605,1135,1
3864,142,356,1
3865,251,1046,0
3866,1076,314,0
3867,1078,1231,0
3868,348,25,0
3869,298,450,1
3870,952,432,0
3871,359,626,1
3872,0,16,0
3873,810,1290,1
3874,74,952,1
3875,33,965,0
3876,1176,1284,1
3877,11,139,0
3878,238,1238,1
3879,25,14,1
3880,83,809,1
3881,199,172,0
3882,1231,988,0
3883,447,469,1
3884,1059,80,0
3885,1264,32,0
3886,1135,1019,1
3887,755,24,0
3888,11,1118,1
3889,1110,218,0
3890,308,825,1
3891,713,360,1
3892,187,663,1
3893,1016,1032,0
3894,308,347,0
3895,82,972,0
3896,1093,1213,0
3897,298,239,1
3898,14,1312,1
3899,1275,142,1
3900,1209,214,1
3901,413,1015,1
3902,867,492,0
3903,704,156,0
3904,1126,502,0
3905,1052,1303,0
3906,187,1089,1
3907,906,47,0
3908,212,743,0
3909,878,126,1
3910,971,933,0
3911,1054,809,1
3912,190,607,0
3913,663,187,1
3914,1238,89,1
3915,518,875,0
3916,713,543,0
3917,781,238,1
3918,1049,1314,1
3919,663,904,0
3920,418,568,1
3921,769,716,1
3922,736,85,0
3923,971,1151,1
3924,1151,1185,0
3925,968,119,0
3926,207,328,1
3927,848,907,1
3928,1277,907,1
3929,1087,757,0
3930,692,1196,0
3931,308,947,0
3932,1246,907,0
3933,447,1198,0
3934,1228,77,0
3935,576,3,1
3936,694,922,0
3937,533,1275,1
3938,83,325,1
3939,938,779,1
3940,411,1120,0
3941,851,1277,1
3942,842,58,0
3943,662,100,0
3944,1059,953,0
3945,311,936,1
3946,668,737,0
3947,14,551,1
3948,304,128,1
3949,290,534,0
3950,809,1268,1
3951,48,1164,1
3952,810,180,1
3953,89,692,1
3954,716,294,1
3955,1067,618,0
3956,682,1083,1
3957,180,625,1
3958,548,399,0
3959,713,645,1
3960,217,606,0
3961,813,1206,0
3962,1009,4,1
3963,713,142,1
3964,551,517,1
3965,524,530,0
3966,1135,428,1
3967,470,982,0
3968,357,992,0
3969,54,934,0
3970,1245,857,0
3971,2,538,0
3972,308,1135,1
3973,191,578,0
3974,1008,1202,0
3975,32,813,1
3976,832,1030,1
3977,663,936,1
3978,527,307,0
3979,658,9,1
3980,704,1135,1
3981,694,324,1
3982,831,391,0
3983,533,196,1
3984,14,765,0
3985,790,432,0
3986,781,1019,1
3987,781,578,1
3988,816,376,0
3989,390,1136,0
3990,2,4,1
3991,263,1224,0
3992,216,793,0
3993,14,538,1
3994,316,462,0
3995,809,711,0
3996,1210,251,0
3997,1236,809,1
3998,633,708,0
3999,813,642,1
4000,797,82,0
4001,447,484,0
4002,724,228,0
4003,1019,238,1
4004,1019,1244,1
4005,1299,664,0
4006,1244,148,1
4007,844,1281,0
4008,914,237,0
4009,1151,1117,1
4010,23,568,0
4011,148,2,1
4012,25,705,1
4013,878,1176,1
4014,533,743,1
4015,972,1288,1
4016,1176,713,0
4017,180,887,0
4018,855,418,1
4019,544,447,1
4020,16,25,1
4021,1184,662,1
4022,1135,605,1
4023,551,151,1
4024,2,114,1
4025,844,236,0
4026,809,402,0
4027,180,810,1
4028,214,810,1
4029,447,29,0
4030,781,442,1
4031,195,141,0
4032,418,1214,1
4033,80,1148,0
4034,242,668,0
4035,654,1117,1
4036,380,1311,1
4037,1210,691,0
4038,1277,681,1
4039,1163,956,0
4040,14,725,1
4041,15,682,1
4042,462,1211,0
4043,858,1259,0
4044,1040,1032,0
4045,242,792,1
4046,36,528,0
4047,74,288,0
4048,513,1283,1
4049,173,62,1
4050,885,1093,0
4051,40,871,0
4052,1019,1195,0
4053,605,187,1
4054,533,1118,1
4055,915,1054,0
4056,139,848,0
4057,437,647,0
4058,1008,413,1
4059,1192,678,0
4060,1117,740,0
4061,455,1089,1
4062,356,339,1
4063,159,1178,0
4064,996,927,1
4065,162,925,0
4066,463,855,0
4067,148,455,1
4068,704,716,1
4069,897,453,1
4070,855,14,1
4071,544,347,1
4072,413,201,0
4073,225,753,1
4074,948,953,0
4075,1290,716,1
4076,14,1098,1
4077,550,804,0
4078,469,660,0
4079,168,1119,0
4080,968,135,0
4081,533,781,1
4082,289,1256,0
4083,679,590,0
4084,1184,142,0
4085,263,1118,1
4086,837,605,1
4087,291,443,0
4088,781,610,1
4089,454,528,0
4090,359,1171,1
4091,919,339,1
4092,848,692,1
4093,142,1233,1
4094,736,8,1
4095,518,914,1
4096,242,307,0
4097,1019,795,1
4098,719,1251,0
4099,356,574,0
4100,968,213,0
4101,359,1149,1
4102,304,639,1
4103,91,4,1
4104,996,55,0
4105,161,829,1
4106,1264,534,0
4107,842,1043,0
4108,682,1244,1
4109,848,927,1
4110,1120,894,0
4111,142,716,1
4112,1238,1301,1
4113,736,1237,1
4114,263,996,1
4115,977,523,0
4116,191,354,0
4117,40,692,1
4118,187,1218,0
4119,1139,616,0
4120,40,835,0
4121,907,1216,0
4122,736,1135,1
4123,996,1019,1
4124,809,229,1
4125,1076,935,1
4126,1238,1167,1
4127,89,835,0
4128,1303,936,0
4129,952,413,1
4130,207,578,1
4131,809,1025,1
4132,938,1196,0
4133,14,952,1
4134,1284,663,1
4135,40,1118,1
4136,829,1079,1
4137,719,774,0
4138,576,819,0
4139,437,271,1
4140,14,148,1
4141,1238,90,0
4142,392,891,0
4143,825,425,0
4144,418,855,1
4145,173,912,0
4146,544,1029,1
4147,190,501,0
4148,236,379,0
4149,80,878,0
4150,795,1019,1
4151,173,92,1
4152,2,604,1
4153,848,1253,0
4154,907,774,0
4155,716,413,1
4156,8,802,1
4157,550,502,0
4158,1163,734,1
4159,20,804,0
4160,396,1147,0
4161,359,85,1
4162,1002,348,0
4163,20,947,0
4164,1246,1244,0
4165,736,716,1
4166,972,1251,0
4167,89,337,0
4168,159,993,0
4169,897,417,1
4170,952,650,1
4171,325,394,1
4172,117,958,0
4173,8,1158,1
4174,810,716,1
4175,14,1172,1
4176,291,884,1
4177,679,104,0
4178,271,1231,0
4179,284,1156,0
4180,915,418,1
4181,180,92,1
4182,190,818,0
4183,162,734,0
4184,211,1177,0
4185,618,405,0
4186,162,973,0
4187,663,413,1
4188,533,841,0
4189,809,157,1
4190,2,1064,0
4191,144,899,0
4192,813,1038,1
4193,952,1026,0
4194,1275,1117,1
4195,356,568,1
4196,1244,781,1
4197,716,212,1
4198,25,418,1
4199,190,259,0
4200,769,91,0
4201,965,1084,0
4202,266,193,0
4203,425,1205,0
4204,450,969,0
4205,703,1184,1
4206,304,419,1
4207,801,1057,1
4208,462,878,1
4209,1284,814,0
4210,1076,832,0
4211,349,1315,0
4212,878,536,0
4213,527,966,0
4214,359,1071,1
4215,455,440,1
4216,633,724,1
4217,1008,781,1
4218,25,263,1
4219,790,1055,0
4220,428,1089,0
4221,757,1170,0
4222,16,508,0
4223,526,461,0
4224,713,578,1
4225,16,181,0
4226,8,450,1
4227,180,1224,0
4228,187,1138,1
4229,230,679,1
4230,359,1304,0
4231,834,1055,0
4232,216,502,1
4233,694,4,1
4234,971,1174,0
4235,304,517,1
4236,809,1290,1
4237,724,1059,1
4238,832,455,0
4239,867,1181,1
4240,1231,1091,0
4241,1159,518,1
4242,605,685,0
4243,965,513,1
4244,907,681,1
4245,304,228,1
4246,748,944,1
4247,591,1281,0
4248,716,809,1
4249,1076,62,1
4250,851,268,0
4251,899,51,0
4252,263,79,0
4253,867,568,1
4254,829,795,1
4255,622,1053,0
4256,25,1198,0
4257,813,544,1
4258,518,850,0
4259,418,1092,0
4260,359,1031,1
4261,829,418,1
4262,74,1206,0
4263,144,99,1
4264,755,852,0
4265,1002,455,0
4266,83,528,0
4267,878,1056,0
4268,1176,965,0
4269,499,996,1
4270,915,525,0
4271,507,291,0
4272,654,189,0
4273,836,472,0
4274,692,605,1
4275,91,810,1
4276,40,364,0
4277,813,452,1
4278,804,1079,1
4279,636,942,1
4280,173,239,1
4281,858,100,0
4282,757,1134,0
4283,692,663,1
4284,897,1004,1
4285,437,1163,0
4286,724,1290,1
4287,809,919,1
4288,878,848,1
4289,679,449,0
4290,1078,1115,0
4291,2,418,1
4292,8,298,1
4293,551,1183,1
4294,16,795,1
4295,809,1263,1
4296,757,661,0
4297,1277,455,1
4298,970,923,0
4299,1167,846,0
4300,1151,142,1
4301,91,325,0
4302,605,418,1
4303,1236,227,1
4304,1025,327,0
4305,1194,786,0
4306,996,851,1
4307,736,703,1
4308,1076,319,1
4309,636,1171,1
4310,102,539,0
4311,413,851,1
4312,1199,1066,0
4313,636,725,1
4314,291,950,1
4315,217,598,0
4316,139,330,0
4317,1067,302,0
4318,8,332,1
4319,469,608,1
4320,636,1196,1
4321,952,1106,1
4322,322,144,0
4323,658,674,0
4324,8,1085,1
4325,1164,652,0
4326,813,884,1
4327,212,455,0
4328,1072,282,0
4329,971,715,0
4330,1159,358,0
4331,97,1069,0
4332,636,610,1
4333,142,426,0
4334,322,352,0
4335,15,352,0
4336,1164,54,0
4337,14,455,1
4338,1288,544,1
4339,148,1030,1
4340,789,1030,0
4341,392,147,0
4342,2,1204,1
4343,311,663,1
4344,1098,927,0
4345,623,1036,0
4346,705,967,0
4347,97,459,0
4348,159,1031,0
4349,705,544,1
4350,1284,1305,0
4351,1209,867,0
4352,574,718,0
4353,2,1090,0
4354,1290,1028,0
4355,793,1266,0
4356,964,212,1
4357,1181,704,1
4358,679,230,1
4359,576,298,0
4360,1049,390,1
4361,25,915,0
4362,857,763,0
4363,1026,1060,0
4364,1076,1168,1
4365,878,418,1
4366,312,543,0
4367,348,1289,0
4368,31,797,0
4369,1087,704,1
4370,899,650,1
4371,899,319,1
4372,907,848,1
4373,837,192,1
4374,54,166,0
4375,919,413,1
4376,144,1102,1
4377,1049,427,0
4378,14,921,1
4379,1167,415,0
4380,418,406,0
4381,605,628,1
4382,455,939,0
4383,781,25,1
4384,1275,678,0
4385,964,1181,1
4386,878,1138,1
4387,1194,617,0
4388,915,166,0
4389,230,1019,1
4390,605,578,1
4391,813,1168,1
4392,469,1235,0
4393,1305,316,1
4394,533,187,1
4395,266,195,0
4396,1088,489,0
4397,1230,929,0
4398,1181,512,0
4399,23,857,0
4400,1288,347,1
4401,97,947,0
4402,54,124,0
4403,682,32,1
4404,897,950,1
4405,736,860,0
4406,1216,14,1
4407,1076,607,1
4408,658,997,0
4409,161,236,0
4410,636,551,1
4411,663,455,1
4412,298,114,1
4413,148,679,1
4414,1124,388,0
4415,654,521,0
4416,1019,578,1
4417,15,447,1
4418,705,682,1
4419,356,262,0
4420,550,578,1
4421,548,309,0
4422,533,1309,0
4423,809,230,1
4424,705,83,1
4425,1275,334,0
4426,899,936,1
4427,1150,1025,0
4428,633,1071,0
4429,816,1275,1
4430,837,804,1
4431,789,954,0
4432,1008,808,0
4433,1167,533,1
4434,968,254,0
4435,897,139,1
4436,1209,44,0
4437,551,533,1
4438,557,547,0
4439,74,68,0
4440,1039,102,1
4441,8,607,1
4442,518,764,0
4443,694,319,1
4444,810,746,0
4445,533,1176,1
4446,825,1125,0
4447,1019,619,1
4448,1082,599,0
4449,533,455,1
4450,180,179,0
4451,1049,418,1
4452,1076,531,1
4453,705,1114,1
4454,1209,211,0
4455,1026,769,1
4456,633,1187,0
4457,447,1311,1
4458,230,1217,0
4459,1159,331,0
4460,11,886,0
4461,769,1013,0
4462,214,965,1
4463,142,271,0
4464,720,819,0
4465,1076,114,1
4466,933,1146,0
4467,1275,795,0
4468,1048,469,1
4469,148,355,1
4470,16,531,0
4471,14,940,1
4472,656,1026,1
4473,68,346,0
4474,158,1136,0
4475,1305,1051,0
4476,1120,760,0
4477,450,32,1
4478,413,180,1
4479,190,95,0
4480,1290,724,1
4481,513,15,0
4482,236,340,0
4483,748,619,0
4484,1167,1221,1
4485,311,973,0
4486,491,1196,0
4487,832,525,0
4488,180,1019,1
4489,180,531,1
4490,605,413,1
4491,1082,931,0
4492,713,953,0
4493,113,922,0
4494,266,1253,0
4495,1205,76,0
4496,654,971,1
4497,139,499,0
4498,1019,1311,1
4499,705,1079,0
4500,1048,502,0
4501,899,413,1
4502,225,1120,0
4503,291,531,1
4504,488,1100,0
4505,899,578,1
4506,781,639,1
4507,238,1217,0
4508,390,531,0
4509,1238,40,1
4510,355,808,0
4511,907,418,1
4512,25,619,1
4513,298,328,1
4514,965,945,1
4515,878,907,1
4516,1135,736,1
4517,148,607,0
4518,899,681,1
4519,1019,952,1
4520,885,161,1
4521,316,1297,0
4522,809,996,1
4523,842,320,0
4524,418,551,1
4525,897,502,1
4526,357,131,0
4527,1136,1264,0
4528,214,873,0
4529,1151,775,0
4530,574,875,0
4531,682,705,1
4532,173,1083,1
4533,694,328,1
4534,211,268,0
4535,1252,908,0
4536,413,804,1
4537,462,663,1
4538,692,148,1
4539,144,48,1
4540,1002,384,0
4541,795,1284,1
4542,499,700,0
4543,1176,919,1
4544,533,180,1
4545,748,8,1
4546,140,326,0
4547,1008,664,0
4548,161,878,1
4549,1290,1040,1
4550,144,1142,0
4551,548,1195,0
4552,855,1146,1
4553,713,943,0
4554,1181,1026,1
4555,703,993,1
4556,8,700,1
4557,356,827,0
4558,158,1115,0
4559,1181,673,0
4560,271,956,1
4561,551,440,1
4562,159,907,1
4563,1126,1180,0
4564,413,619,1
4565,216,92,0
4566,899,952,1
4567,668,144,1
4568,851,650,1
4569,781,393,0
4570,844,469,1
4571,311,1301,1
4572,1193,1022,1
4573,304,590,1
4574,223,3,0
4575,808,131,0
4576,263,455,1
4577,469,109,1
4578,472,803,0
4579,767,304,0
4580,801,414,1
4581,636,404,1
4582,298,884,1
4583,769,896,0
4584,1019,829,1
4585,488,781,0
4586,11,1076,0
4587,834,946,0
4588,1156,1179,1
4589,83,915,1
4590,1284,781,1
4591,810,1184,1
4592,238,996,1
4593,551,969,1
4594,959,228,0
4595,706,1245,1
4596,834,523,0
4597,996,1277,1
4598,899,1238,1
4599,694,970,0
4600,1085,788,0
4601,533,159,1
4602,168,220,1
4603,848,1127,1
4604,1026,869,0
4605,834,306,0
4606,355,214,0
4607,976,431,0
4608,68,378,0
4609,1126,1028,0
4610,1245,681,0
4611,867,126,1
4612,25,168,1
4613,1087,395,0
4614,914,822,0
4615,1110,577,0
4616,848,650,1
4617,878,159,1
4618,80,1081,0
4619,1077,238,1
4620,1205,283,0
4621,977,406,1
4622,8,1154,0
4623,736,934,0
4624,1167,619,1
4625,25,148,1
4626,867,316,1
4627,322,1150,0
4628,906,513,1
4629,813,233,1
4630,491,1060,0
4631,74,418,1
4632,533,705,1
4633,844,1096,0
4634,623,694,0
4635,682,971,1
4636,834,953,0
4637,162,520,0
4638,168,904,1
4639,238,927,1
4640,990,98,0
4641,16,614,0
4642,442,781,1
4643,899,625,1
4644,251,418,1
4645,831,15,1
4646,14,0,1
4647,550,878,0
4648,507,188,0
4649,736,1040,1
4650,187,936,1
4651,442,14,1
4652,1288,882,1
4653,1193,1040,1
4654,706,505,0
4655,180,533,1
4656,832,1249,0
4657,899,311,1
4658,968,658,1
4659,809,285,0
4660,15,1193,1
4661,704,1002,1
4662,1159,1226,1
4663,933,869,0
4664,748,319,1
4665,1192,807,0
4666,148,481,1
4667,970,49,0
4668,109,289,0
4669,325,916,0
4670,816,438,0
4671,1181,729,0
4672,837,829,1
4673,462,1238,1
4674,8,489,1
4675,819,1284,0
4676,1049,674,0
4677,20,704,0
4678,1098,386,1
4679,834,1277,0
4680,15,1146,0
4681,359,1143,1
4682,878,1275,1
4683,1126,1230,0
4684,861,1291,0
4685,1120,1252,0
4686,705,148,1
4687,454,754,0
4688,211,326,0
4689,1087,50,0
4690,829,907,1
4691,829,211,0
4692,180,882,1
4693,263,1015,1
4694,1246,546,0
4695,80,712,0
4696,348,651,0
4697,848,418,1
4698,907,339,1
4699,304,307,1
4700,959,1001,0
4701,940,1019,0
4702,1067,1304,0
4703,694,1254,0
4704,1284,260,0
4705,817,783,0
4706,663,418,1
4707,996,11,1
4708,271,891,0
4709,148,705,1
4710,914,690,0
4711,355,1060,0
4712,1135,1026,1
4713,462,205,1
4714,488,792,0
4715,1264,615,0
4716,907,781,1
4717,804,74,1
4718,1076,188,0
4719,263,232,0
4720,159,337,0
4721,413,1127,1
4722,173,114,1
4723,506,1242,0
4724,784,131,0
4725,809,336,1
4726,694,801,1
4727,878,21,1
4728,212,1181,1
4729,25,472,1
4730,411,774,0
4731,1277,1068,1
4732,662,518,0
4733,425,869,0
4734,834,708,0
4735,919,573,0
4736,1298,625,0
4737,952,462,1
4738,207,1064,1
4739,990,394,0
4740,187,878,1
4741,413,907,1
4742,682,291,1
4743,959,701,0
4744,921,83,1
4745,957,89,0
4746,781,533,1
4747,1025,897,1
4748,1085,189,1
4749,230,975,0
4750,14,251,1
4751,682,974,0
4752,1059,968,1
4753,1019,14,1
4754,713,1296,1
4755,392,19,0
4756,227,608,1
4757,857,982,0
4758,425,312,0
4759,692,1167,1
4760,591,1025,0
4761,1181,262,0
4762,413,21,1
4763,1288,127,0
4764,450,423,1
4765,921,506,1
4766,117,435,0
4767,1002,314,0
4768,25,366,0
4769,411,1063,0
4770,716,824,1
4771,8,511,0
4772,1264,213,1
4773,844,8,0
4774,68,1182,0
4775,719,335,0
4776,623,562,0
4777,899,551,1
4778,1238,581,0
4779,907,1167,1
4780,1238,1015,1
4781,878,187,1
4782,1151,207,0
4783,311,466,0
4784,1164,1110,0
4785,161,230,1
4786,857,646,0
4787,309,564,0
4788,518,576,1
4789,139,816,1
4790,139,1016,1
4791,380,945,0
4792,767,1127,0
4793,716,907,1
4794,1078,930,0
4795,781,1055,1
4796,990,925,0
4797,682,1004,1
4798,1303,1110,0
4799,1209,226,0
4800,396,1212,0
4801,1246,801,1
4802,1184,1051,0
4803,819,682,1
4804,989,250,0
4805,33,1215,0
4806,591,996,1
4807,1246,1071,0
4808,795,463,0
4809,33,1093,1
4810,142,291,1
4811,662,530,0
4812,940,586,0
4813,533,936,1
4814,298,1227,0
4815,663,148,1
4816,308,353,0
4817,1167,927,1
4818,1288,857,1
4819,878,829,1
4820,1039,1075,0
4821,526,989,0
4822,938,452,0
4823,533,413,1
4824,294,1290,1
4825,168,185,1
4826,263,629,0
4827,349,1106,0
4828,692,311,1
4829,549,193,0
4830,692,1255,0
4831,1275,148,1
4832,14,961,1
4833,757,772,0
4834,144,939,0
4835,836,65,0
4836,1156,14,1
4837,413,899,1
4838,623,1216,0
4839,180,475,1
4840,996,1191,0
4841,359,1286,0
4842,1019,83,1
4843,1193,809,1
4844,290,1147,0
4845,1214,270,0
4846,981,624,0
4847,180,114,1
4848,148,89,1
4849,769,964,1
4850,809,801,1
4851,173,450,1
4852,216,751,0
4853,957,784,0
4854,948,502,0
4855,1030,485,1
4856,605,610,1
4857,662,390,0
4858,679,907,1
4859,633,123,0
4860,1298,1062,0
4861,251,413,1
4862,236,812,0
4863,513,965,1
4864,410,1013,0
4865,1237,870,0
4866,168,1157,0
4867,550,34,1
4868,682,1277,0
4869,1230,305,0
4870,1073,374,0
4871,1106,998,0
4872,1023,325,0
4873,83,996,1
4874,359,939,1
4875,694,233,1
4876,68,1154,0
4877,938,599,1
4878,878,1311,1
4879,1305,62,0
4880,964,800,0
4881,948,325,1
4882,8,822,0
4883,551,725,1
4884,359,1265,1
4885,842,1257,0
4886,897,50,0
4887,533,921,1
4888,658,703,1
4889,242,197,0
4890,463,811,0
4891,390,757,0
4892,1277,23,0
4893,837,878,1
4894,804,885,1
4895,907,829,1
4896,308,968,1
4897,654,553,0
4898,418,1167,1
4899,316,1141,0
4900,359,961,1
4901,748,1076,1
4902,442,333,1
4903,551,636,1
4904,469,921,1
4905,148,462,1
4906,236,152,0
4907,1194,1155,0
4908,551,89,1
4909,1019,413,1
4910,736,919,1
4911,1156,759,0
4912,325,921,1
4913,713,950,1
4914,972,682,1
4915,663,996,1
4916,851,1179,1
4917,89,238,1
4918,576,380,1
4919,1192,4,0
4920,1230,654,1
4921,1065,498,1
4922,703,618,1
4923,914,937,0
4924,173,268,1
4925,1275,317,0
4926,312,1275,0
4927,1246,1242,0
4928,418,804,1
4929,225,269,0
4930,605,1167,1
4931,413,339,1
4932,14,1133,1
4933,705,1314,1
4934,844,100,0
4935,413,304,0
4936,506,83,1
4937,1030,1046,1
4938,724,52,0
4939,1275,375,0
4940,1214,916,0
4941,89,1138,1
4942,33,606,0
4943,271,91,1
4944,952,418,1
4945,142,418,1
4946,789,515,0
4947,263,650,1
4948,223,1315,0
4949,605,199,0
4950,1151,736,1
4951,1167,148,1
4952,618,28,0
4953,140,677,0
4954,636,757,0
4955,1288,850,1
4956,271,993,0
4957,1009,644,1
4958,899,187,1
4959,716,148,1
4960,996,1015,1
4961,1009,539,1
4962,1008,618,0
4963,1277,1127,1
4964,1117,160,0
4965,716,8,1
4966,411,1267,0
4967,180,81,1
4968,550,1199,1
4969,271,809,1
4970,236,1197,0
4971,410,743,0
4972,623,790,0
4973,190,113,0
4974,549,1283,1
4975,21,208,0
4976,25,650,1
4977,795,1008,1
4978,810,572,1
4979,813,833,1
4980,462,936,1
4981,970,857,0
4982,1073,1117,0
4983,605,1301,1
4984,996,0,1
4985,83,506,1
4986,1308,310,0
4987,907,230,1
4988,576,580,0
4989,230,1284,1
4990,1059,1222,0
4991,145,680,0
4992,921,568,1
4993,1159,86,0
4994,996,1284,0
4995,813,439,1
4996,469,809,1
4997,907,650,1
4998,1193,686,0
4999,801,1211,1
5000,1022,337,0
5001,263,1089,1
5002,533,464,1
5003,694,1263,1
5004,971,30,0
5005,413,1106,1
5006,1124,1266,0
5007,187,899,1
5008,89,851,1
5009,148,145,0
5010,605,355,1
5011,544,705,1
5012,1236,608,1
5013,810,430,0
5014,413,1277,1
5015,1167,593,0
5016,1192,214,0
5017,809,425,1
5018,605,1275,1
5019,622,33,1
5020,965,839,0
5021,207,1204,1
5022,1076,92,1
5023,1025,340,1
5024,1072,462,0
5025,1110,1200,0
5026,21,605,1
5027,148,25,1
5028,1277,100,0
5029,1077,822,0
5030,968,485,1
5031,359,1063,1
5032,1030,73,0
5033,1238,533,1
5034,428,1197,0
5035,1124,1186,0
5036,1181,1004,0
5037,311,14,1
5038,526,135,0
5039,311,114,0
5040,469,781,1
5041,1,311,0
5042,162,548,0
5043,1238,1019,1
5044,25,1311,1
5045,162,1291,0
5046,801,1063,1
5047,20,155,0
5048,1048,1317,0
5049,469,844,1
5050,857,142,1
5051,694,604,1
5052,1067,506,0
5053,605,828,1
5054,263,717,0
5055,316,1181,1
5056,636,1183,1
5057,1244,831,1
5058,1290,1098,1
5059,1214,548,0
5060,1126,312,0
5061,11,0,1
5062,168,892,0
5063,355,42,0
5064,380,14,1
5065,113,991,0
5066,809,1193,1
5067,853,322,0
5068,207,114,1
5069,1252,968,0
5070,915,1305,1
5071,1054,547,0
5072,1026,102,0
5073,1290,1025,1
5074,2,585,1
5075,469,518,1
5076,1039,472,0
5077,161,1037,0
5078,447,1171,0
5079,488,24,0
5080,83,68,1
5081,145,960,0
5082,1,449,0
5083,311,605,1
5084,831,999,0
5085,216,169,0
5086,795,428,0
5087,470,54,0
5088,663,25,1
5089,159,1165,0
5090,940,337,0
5091,455,1238,1
5092,168,620,1
5093,1052,65,0
5094,885,804,1
5095,1120,325,1
5096,322,1035,0
5097,25,570,0
5098,469,88,0
5099,291,857,1
5100,748,229,1
5101,736,529,0
5102,736,921,1
5103,906,2,1
5104,442,1313,0
5105,450,950,0
5106,113,676,0
5107,1002,76,0
5108,952,797,0
5109,1184,1043,0
5110,291,1032,0
5111,463,142,1
5112,8,107,0
5113,663,700,0
5114,1205,954,0
5115,413,263,1
5116,1299,925,0
5117,139,126,1
5118,837,795,1
5119,1156,719,0
5120,837,554,0
5121,207,882,1
5122,1238,878,1
5123,70,953,0
5124,83,383,0
5125,1106,1019,1
5126,298,800,0
5127,11,274,0
5128,25,781,1
5129,853,829,0
5130,748,268,1
5131,781,705,1
5132,622,1071,0
5133,89,148,1
5134,455,878,1
5135,173,608,1
5136,663,1072,0
5137,470,1179,1
5138,1030,413,1
5139,1277,551,1
5140,199,513,0
5141,207,14,1
5142,704,212,1
5143,0,171,0
5144,298,1283,1
5145,32,382,0
5146,1026,1208,0
5147,972,295,0
5148,1193,550,0
5149,1167,1273,0
5150,227,872,0
5151,724,789,1
5152,1049,382,0
5153,656,740,0
5154,304,514,1
5155,216,1125,0
5156,82,918,0
5157,159,418,1
5158,356,781,1
5159,0,446,0
5160,914,844,1
5161,15,571,0
5162,348,483,0
5163,605,2,1
5164,187,1015,1
5165,907,455,1
5166,801,412,0
5167,861,825,0
5168,878,616,0
5169,322,905,0
5170,1288,439,0
5171,20,316,1
5172,1189,306,1
5173,809,968,1
5174,31,363,0
5175,1192,87,0
5176,1052,68,0
5177,1022,1193,1
5178,1025,809,1
5179,462,413,1
5180,781,418,1
5181,1150,134,0
5182,1189,1255,0
5183,551,761,1
5184,356,907,1
5185,469,413,1
5186,1117,490,0
5187,527,1244,1
5188,25,187,1
5189,418,238,1
5190,290,273,0
5191,972,716,1
5192,463,897,1
5193,1199,150,0
5194,1019,1314,1
5195,654,477,0
5196,755,855,0
5197,704,610,0
5198,442,148,1
5199,21,86,0
5200,266,1117,0
5201,11,589,1
5202,1030,202,0
5203,813,1288,1
5204,469,16,1
5205,187,462,1
5206,810,518,0
5207,971,544,1
5208,25,153,0
5209,454,182,0
5210,1236,211,0
5211,813,328,1
5212,33,545,0
5213,834,1138,0
5214,104,264,0
5215,1085,124,1
5216,20,763,0
5217,1002,386,0
5218,965,1083,0
5219,225,324,1
5220,1008,180,0
5221,915,1274,0
5222,809,233,1
5223,1194,895,0
5224,706,1316,0
5225,1199,718,0
5226,623,388,0
5227,706,184,0
5228,682,943,0
5229,970,145,0
5230,230,894,0
5231,1214,413,1
5232,996,196,1
5233,15,576,1
5234,1209,1208,0
5235,455,89,1
5236,284,1124,0
5237,605,1089,1
5238,14,1278,1
5239,113,398,0
5240,795,673,0
5241,1290,705,1
5242,89,263,1
5243,790,1175,0
5244,462,1059,0
5245,463,327,0
5246,1216,710,0
5247,418,781,1
5248,748,92,1
5249,605,14,1
5250,755,225,0
5251,921,38,0
5252,289,69,0
5253,1194,693,0
5254,148,1118,1
5255,1059,1244,0
5256,1048,407,0
5257,748,200,1
5258,2,956,1
5259,813,62,1
5260,102,339,0
5261,813,801,1
5262,290,46,0
5263,959,850,0
5264,933,174,0
5265,1176,1034,0
5266,499,1118,1
5267,263,592,1
5268,612,550,0
5269,1093,33,1
5270,180,139,0
5271,1156,858,0
5272,809,158,1
5273,816,768,0
5274,1019,899,1
5275,195,678,0
5276,748,81,1
5277,168,121,0
5278,162,996,0
5279,663,1089,1
5280,325,1120,1
5281,1059,724,1
5282,853,586,0
5283,957,726,0
5284,516,895,0
5285,551,865,1
5286,311,187,1
5287,359,761,1
5288,1048,1245,1
5289,2,607,1
5290,513,2,1
5291,692,1015,1
5292,142,1019,1
5293,311,89,1
5294,662,108,0
5295,14,1014,1
5296,1052,1091,0
5297,1216,412,0
5298,462,907,1
5299,1019,1176,1
5300,304,404,1
5301,1210,935,0
5302,574,365,1
5303,857,813,1
5304,1246,303,0
5305,499,1021,0
5306,1277,1301,1
5307,356,892,0
5308,976,479,0
5309,808,1084,0
5310,1023,867,1
5311,692,1098,0
5312,117,879,0
5313,173,81,1
5314,801,1117,1
5315,1277,1167,1
5316,1072,18,0
5317,211,548,0
5318,263,936,1
5319,1085,75,1
5320,1164,778,0
5321,418,16,1
5322,1106,59,0
5323,0,1143,1
5324,1126,1066,0
5325,842,106,0
5326,668,314,0
5327,1167,899,1
5328,622,1151,1
5329,692,809,1
5330,633,1290,1
5331,316,506,1
5332,899,263,1
5333,907,804,1
5334,972,567,0
5335,413,16,1
5336,462,619,1
5337,813,133,1
5338,809,69,1
5339,970,855,0
5340,74,1264,0
5341,1237,1283,1
5342,533,605,1
5343,159,22,0
5344,1230,281,0
5345,544,904,1
5346,971,33,1
5347,914,1128,0
5348,605,1283,1
5349,1098,1081,0
5350,349,1194,0
5351,355,1254,0
5352,8,200,1
5353,713,268,1
5354,190,1313,0
5355,679,339,1
5356,148,1019,1
5357,142,781,1
5358,682,1268,1
5359,1065,404,1
5360,31,2,0
5361,113,1280,0
5362,832,485,1
5363,1244,347,0
5364,851,1158,0
5365,989,654,0
5366,74,396,1
5367,1277,321,0
5368,145,50,0
5369,1163,578,1
5370,1082,1288,1
5371,1117,801,1
5372,662,829,0
5373,1040,562,0
5374,1236,751,0
5375,1124,966,0
5376,1288,813,1
5377,21,418,1
5378,1193,1287,0
5379,921,915,1
5380,809,227,1
5381,413,1019,1
5382,463,1164,1
5383,211,641,0
5384,971,1033,0
5385,1073,897,0
5386,238,187,1
5387,450,1156,0
5388,574,588,0
5389,291,1104,1
5390,180,878,1
5391,180,335,0
5392,970,349,0
5393,834,657,0
5394,25,1275,1
5395,413,418,1
5396,355,279,0
5397,769,107,0
5398,1176,1211,0
5399,809,790,1
5400,857,903,1
5401,1290,558,0
5402,148,1275,1
5403,809,298,1
5404,162,72,0
5405,965,317,0
5406,1167,514,0
5407,769,563,0
5408,996,462,1
5409,976,787,0
5410,1030,832,1
5411,952,630,0
5412,509,1316,0
5413,1019,187,1
5414,781,469,1
5415,1181,216,1
5416,692,952,1
5417,784,195,0
5418,173,607,1
5419,703,360,0
5420,238,828,0
5421,797,718,0
5422,348,1088,1
5423,705,809,1
5424,964,1026,1
5425,413,1049,1
5426,410,6,0
5427,878,209,0
5428,1135,998,0
5429,1238,927,1
5430,857,285,0
5431,15,544,1
5432,271,578,1
5433,74,283,0
5434,442,83,1
5435,355,212,1
5436,781,1283,1
5437,948,705,1
5438,656,716,1
5439,351,1068,0
5440,605,485,1
5441,1009,407,1
5442,470,14,1
5443,23,970,0
5444,813,466,1
5445,2,832,1
5446,713,4,1
5447,851,413,1
5448,940,14,1
5449,878,390,1
5450,462,1095,0
5451,965,560,1
5452,810,736,1
5453,413,832,1
5454,809,882,1
5455,1176,21,1
5456,291,282,0
5457,148,1238,1
5458,1159,521,0
5459,89,310,0
5460,1002,408,0
5461,117,638,0
5462,447,801,1
5463,1214,390,1
5464,148,1175,0
5465,899,418,1
5466,1019,714,0
5467,1228,564,0
5468,679,161,1
5469,897,713,1
5470,1126,233,0
5471,216,1016,0
5472,70,703,0
5473,211,567,1
5474,906,560,1
5475,454,286,0
5476,187,605,1
5477,15,824,0
5478,251,844,1
5479,0,143,0
5480,431,391,1
5481,623,321,0
5482,867,1185,0
5483,16,1253,0
5484,704,1026,1
5485,952,605,1
5486,819,568,1
5487,551,848,1
5488,1305,20,1
5489,413,743,1
5490,148,568,1
5491,161,533,1
5492,80,568,0
5493,964,425,0
5494,1192,694,0
5495,0,297,0
5496,748,884,1
5497,636,806,1
5498,919,74,1
5499,14,1055,1
5500,736,173,1
5501,1194,1253,0
5502,889,263,0
5503,418,608,0
5504,212,1170,0
5505,1246,897,1
5506,25,1238,1
5507,15,1219,0
5508,25,145,0
5509,1181,14,1
5510,831,618,0
5511,1106,907,1
5512,159,1208,0
5513,2,413,1
5514,102,1192,0
5515,781,619,1
5516,1076,336,1
5517,187,1127,1
5518,819,757,0
5519,1048,217,0
5520,425,773,0
5521,142,682,1
5522,462,25,1
5523,2,1136,1
5524,1264,320,0
5525,1264,1118,1
5526,180,956,1
5527,180,62,1
5528,705,921,1
5529,1228,1193,1
5530,23,1164,1
5531,413,371,0
5532,271,482,0
5533,142,713,1
5534,251,14,1
5535,455,533,1
5536,878,47,0
5537,413,74,1
5538,1030,475,1
5539,428,830,0
5540,187,1019,1
5541,813,1173,1
5542,952,829,1
5543,736,1290,1
5544,981,1050,0
5545,797,1221,0
5546,549,602,0
5547,1135,781,1
5548,74,356,1
5549,736,507,1
5550,462,148,1
5551,1093,660,0
5552,618,516,0
5553,692,359,1
5554,225,1136,0
5555,1077,1073,0
5556,214,65,0
5557,180,907,1
5558,165,106,0
5559,83,148,1
5560,162,491,0
5561,781,74,1
5562,227,596,0
5563,993,415,0
5564,1019,180,1
5565,1039,450,0
5566,952,443,0
5567,636,334,1
5568,663,1017,0
5569,921,913,0
5570,736,1151,1
5571,889,913,0
5572,1085,950,1
5573,405,674,0
5574,832,578,1
5575,1176,605,1
5576,682,212,0
5577,933,424,0
5578,816,539,0
5579,878,716,1
5580,605,704,1
5581,442,578,1
5582,1151,964,0
5583,813,935,1
5584,1025,893,0
5585,311,1015,1
5586,795,804,1
5587,325,199,0
5588,938,183,1
5589,618,417,0
5590,180,525,0
5591,550,886,1
5592,1059,746,0
5593,853,1303,0
5594,516,984,0
5595,1019,568,1
5596,1040,133,0
5597,70,711,0
5598,298,827,1
5599,1303,883,0
5600,91,697,0
5601,1067,504,0
5602,469,420,0
5603,551,311,1
5604,263,619,1
5605,410,849,0
5606,817,317,0
5607,662,214,1
5608,897,415,0
5609,2,9,0
5610,656,25,1
5611,411,1204,0
5612,679,652,0
5613,148,196,1
5614,223,580,0
5615,355,1181,1
5616,907,551,1
5617,455,273,0
5618,1019,469,1
5619,658,968,1
5620,851,739,0
5621,236,709,0
5622,14,496,1
5623,54,844,0
5624,1167,196,1
5625,1244,699,0
5626,148,339,1
5627,139,463,1
5628,1192,309,0
5629,211,1191,0
5630,1019,1238,1
5631,359,86,1
5632,173,489,1
5633,499,1127,1
5634,704,1006,0
5635,1082,1098,0
5636,2,481,1
5637,36,123,0
5638,1176,878,1
5639,1040,1314,1
5640,551,746,1
5641,304,1149,1
5642,1194,154,0
5643,1054,1100,0
5644,271,682,1
5645,238,809,1
5646,692,650,1
5647,263,878,1
5648,795,1283,1
5649,705,651,0
5650,544,897,1
5651,311,442,0
5652,291,1263,1
5653,965,906,1
5654,159,467,0
5655,781,83,1
5656,636,874,0
5657,428,578,1
5658,1193,15,1
5659,238,650,1
5660,1049,451,0
5661,605,230,1
5662,447,271,1
5663,104,241,0
5664,1244,921,1
5665,1009,1133,0
5666,21,413,1
5667,704,629,1
5668,359,240,1
5669,836,1190,0
5670,848,413,1
5671,878,921,1
5672,716,289,1
5673,418,1008,1
5674,705,355,1
5675,1030,533,1
5676,1026,964,1
5677,1210,788,0
5678,915,126,1
5679,48,121,0
5680,180,84,0
5681,993,331,0
5682,1078,178,0
5683,1238,318,0
5684,885,1071,0
5685,919,679,1
5686,921,32,0
5687,418,442,1
5688,952,537,0
5689,236,561,0
5690,784,220,0
5691,380,999,0
5692,31,233,0
5693,656,878,1
5694,294,474,0
5695,390,359,1
5696,40,881,0
5697,223,604,0
5698,736,1114,1
5699,418,1109,0
5700,173,809,1
5701,533,390,1
5702,48,854,0
5703,89,899,1
5704,25,825,0
5705,842,909,0
5706,442,785,0
5707,807,343,0
5708,1087,43,0
5709,509,1138,0
5710,263,605,1
5711,322,1221,0
5712,139,897,1
5713,359,1053,1
5714,442,1133,0
5715,159,413,1
5716,447,15,1
5717,356,656,1
5718,781,95,0
5719,472,1214,1
5720,211,1233,0
5721,518,477,1
5722,1139,1244,0
5723,1156,650,1
5724,885,836,0
5725,309,968,0
5726,359,573,1
5727,54,604,0
5728,348,210,0
5729,551,1111,1
5730,104,761,0
5731,658,14,1
5732,1284,862,0
5733,899,1015,1
5734,767,858,0
5735,622,932,0
5736,83,48,0
5737,358,986,0
5738,736,945,0
5739,413,356,1
5740,238,875,0
5741,654,719,1
5742,524,684,0
5743,173,1312,1
5744,1120,962,0
5745,1106,732,0
5746,636,651,0
5747,1019,957,0
5748,109,871,0
5749,298,173,1
5750,1085,432,0
5751,851,781,1
5752,906,103,0
5753,1054,85,0
5754,238,692,1
5755,21,795,1
5756,694,740,1
5757,25,339,1
5758,251,568,1
5759,1026,1159,0
5760,848,579,0
5761,907,390,1
5762,263,907,1
5763,390,418,1
5764,790,97,0
5765,1252,526,0
5766,605,168,1
5767,437,1181,1
5768,15,1159,1
5769,1167,187,1
5770,907,1015,1
5771,180,884,1
5772,897,1272,0
5773,36,600,0
5774,848,1277,1
5775,679,1019,1
5776,813,309,0
5777,548,70,1
5778,623,447,0
5779,836,515,0
5780,1245,1207,0
5781,506,54,0
5782,781,899,1
5783,605,851,1
5784,889,2,0
5785,636,862,0
5786,1156,1261,0
5787,294,126,1
5788,442,53,0
5789,834,44,0
5790,31,1100,0
5791,551,486,0
5792,809,921,1
5793,878,781,1
5794,809,526,1
5795,1176,159,1
5796,933,251,0
5797,14,61,0
5798,1159,972,0
5799,544,1288,1
5800,990,736,1
5801,551,878,1
5802,1106,1144,0
5803,1082,527,0
5804,1176,766,0
5805,351,384,0
5806,694,1312,1
5807,462,851,1
5808,298,570,1
5809,576,1159,1
5810,437,1186,0
5811,25,1127,1
5812,411,277,0
5813,410,177,0
5814,214,59,0
5815,1163,855,1
5816,1181,385,0
5817,207,200,1
5818,1167,903,0
5819,159,952,1
5820,748,813,1
5821,914,380,1
5822,0,450,0
5823,142,275,1
5824,817,61,0
5825,2,475,1
5826,1167,370,0
5827,574,162,0
5828,793,549,0
5829,1106,25,1
5830,921,1193,1
5831,816,736,1
5832,719,1152,0
5833,1039,717,0
5834,1016,1163,1
5835,1054,1142,0
5836,359,706,0
5837,808,568,1
5838,359,332,1
5839,972,1287,0
5840,1210,531,0
5841,1238,1055,1
5842,355,616,0
5843,1135,91,1
5844,755,1149,0
5845,889,291,1
5846,251,921,1
5847,83,1040,1
5848,165,1206,0
5849,148,692,1
5850,813,369,0
5851,915,921,1
5852,1167,418,1
5853,533,899,1
5854,1120,688,0
5855,551,342,1
5856,957,675,0
5857,180,251,0
5858,298,531,1
5859,266,721,0
5860,572,1131,0
5861,921,1244,1
5862,996,848,1
5863,506,825,0
5864,356,379,0
5865,1019,643,0
5866,1264,732,1
5867,1230,996,0
5868,842,194,0
5869,897,1246,1
5870,308,101,0
5871,1244,833,0
5872,1305,15,1
5873,410,255,0
5874,413,25,1
5875,14,781,1
5876,748,62,1
5877,36,140,0
5878,705,1022,1
5879,139,144,1
5880,230,952,1
5881,290,883,0
5882,682,591,0
5883,705,1135,1
5884,878,1244,1
5885,236,357,0
5886,506,1230,0
5887,83,25,1
5888,848,1019,1
5889,191,15,1
5890,1151,733,0
5891,1136,1268,0
5892,2,1283,1
5893,291,328,1
5894,748,298,1
5895,837,790,0
5896,14,287,1
5897,437,1053,0
5898,16,533,1
5899,8,229,1
5900,952,1190,0
5901,1023,320,0
5902,148,442,1
5903,1150,231,0
5904,692,679,1
5905,971,188,0
5906,810,1047,0
5907,1073,739,0
5908,748,598,0
5909,516,624,0
5910,819,1093,1
5911,813,347,1
5912,162,694,0
5913,1019,804,1
5914,829,855,1
5915,238,439,0
5916,959,906,0
5917,109,53,0
5918,506,736,1
5919,952,205,1
5920,442,26,1
5921,507,537,0
5922,14,533,1
5923,83,191,0
5924,832,83,1
5925,857,1233,1
5926,104,329,1
5927,1290,269,0
5928,1246,809,1
5929,1040,568,1
5930,682,715,0
5931,816,355,1
5932,899,605,1
5933,349,95,0
5934,907,1138,1
5935,294,91,1
5936,36,67,0
5937,322,975,0
5938,23,278,0
5939,91,428,1
5940,831,705,1
5941,1,723,0
5942,551,185,1
5943,907,679,1
5944,139,215,0
5945,2,878,1
5946,551,573,1
5947,472,845,0
5948,748,173,1
5949,633,293,0
5950,214,662,1
5951,817,741,0
5952,1110,701,0
5953,971,716,1
5954,14,485,1
5955,533,205,1
5956,462,418,1
5957,304,623,0
5958,161,1035,0
5959,144,113,0
5960,1228,880,0
5961,878,1106,1
5962,1305,921,1
5963,816,700,0
5964,1065,761,1
5965,413,109,0
5966,80,453,1
5967,1022,705,1
5968,716,703,1
5969,605,692,1
5970,499,816,0
5971,713,535,0
5972,1288,1000,0
5973,656,1015,0
5974,2,25,1
5975,1087,1196,0
5976,716,643,0
5977,14,697,1
5978,897,60,0
5979,919,161,1
5980,392,838,0
5981,1135,878,1
5982,425,821,0
5983,349,1105,0
5984,557,475,0
5985,1244,126,1
5986,1016,463,1
5987,907,936,1
5988,940,968,0
5989,509,429,0
5990,518,380,1
5991,359,463,0
5992,472,1315,0
5993,2,882,1
5994,918,1095,0
5995,809,506,1
5996,298,725,0
5997,1117,1137,0
5998,921,126,1
5999,834,428,0
6000,816,216,1
6001,207,1130,1
6002,97,1165,0
6003,1290,809,1
6004,658,1290,1
6005,1210,106,0
6006,349,551,0
6007,425,296,0
6008,533,1311,1
6009,470,793,0
6010,662,691,0
6011,74,1013,0
6012,8,1076,1
6013,861,1015,0
6014,952,21,1
6015,1181,355,1
6016,380,477,1
6017,968,871,0
6018,716,656,1
6019,8,482,1
6020,325,372,0
6021,455,952,1
6022,447,526,1
6023,142,8,1
6024,97,1128,0
6025,679,605,1
6026,1181,271,1
6027,238,1301,1
6028,919,264,0
6029,663,339,1
6030,1189,1092,0
6031,316,1305,1
6032,447,1283,1
6033,1049,605,1
6034,413,1283,1
6035,242,820,0
6036,1214,907,1
6037,1156,706,0
6038,548,719,1
6039,217,1020,0
6040,1026,23,0
6041,507,700,0
6042,736,830,0
6043,990,1319,0
6044,799,1053,0
6045,716,867,1
6046,829,175,0
6047,142,578,1
6048,878,692,1
6049,325,1181,1
6050,191,1244,1
6051,636,761,1
6052,769,637,0
6053,1230,203,0
6054,907,1176,1
6055,311,1055,1
6056,1049,751,0
6057,1059,1040,1
6058,165,1176,0
6059,33,827,0
6060,33,52,0
6061,682,544,1
6062,145,1069,0
6063,8,810,0
6064,533,578,1
6065,816,654,1
6066,719,991,0
6067,70,231,0
6068,472,418,1
6069,1231,103,0
6070,348,173,1
6071,1151,1012,1
6072,139,801,1
6073,316,1019,0
6074,605,263,1
6075,1135,1061,0
6076,612,748,0
6077,831,998,0
6078,180,781,1
6079,694,607,1
6080,1236,888,0
6081,921,1019,1
6082,418,180,1
6083,551,1196,1
6084,1159,15,1
6085,781,184,0
6086,16,160,0
6087,1238,469,0
6088,694,114,1
6089,513,636,0
6090,1073,888,0
6091,663,837,1
6092,636,1149,1
6093,1082,979,0
6094,804,679,1
6095,1076,81,1
6096,832,92,0
6097,1159,1283,1
6098,1275,1015,0
6099,74,707,0
6100,1002,704,1
6101,290,314,0
6102,21,317,0
6103,304,628,1
6104,207,607,1
6105,804,938,0
6106,1176,161,1
6107,491,79,0
6108,533,590,1
6109,14,628,1
6110,851,692,1
6111,15,603,0
6112,275,871,0
6113,1124,411,1
6114,289,716,1
6115,309,144,0
6116,83,481,1
6117,809,813,1
6118,948,1244,1
6119,236,1214,0
6120,1067,659,0
6121,837,1271,0
6122,576,160,0
6123,191,1053,0
6124,972,517,0
6125,636,746,1
6126,20,1064,1
6127,1124,522,1
6128,2,229,1
6129,20,958,0
6130,907,2,1
6131,54,503,0
6132,557,981,0
6133,809,427,1
6134,832,605,1
6135,1106,315,0
6136,486,91,1
6137,216,1181,1
6138,716,1245,1
6139,703,372,0
6140,356,1120,0
6141,551,1138,1
6142,1199,578,1
6143,897,471,1
6144,25,919,1
6145,889,549,0
6146,1019,996,1
6147,356,704,1
6148,455,681,1
6149,663,681,1
6150,1284,878,1
6151,518,251,1
6152,656,413,1
6153,1245,466,0
6154,996,936,1
6155,413,161,1
6156,1176,952,1
6157,533,126,1
6158,757,235,0
6159,513,4,1
6160,663,1238,1
6161,431,213,0
6162,533,472,1
6163,0,1159,0
6164,2,469,1
6165,355,919,1
6166,25,1244,1
6167,1016,963,0
6168,857,889,1
6169,450,713,1
6170,413,795,1
6171,1016,977,0
6172,809,83,1
6173,1290,308,1
6174,851,1138,1
6175,113,619,0
6176,719,70,1
6177,679,78,0
6178,1106,952,1
6179,720,810,1
6180,809,91,1
6181,855,104,0
6182,810,702,0
6183,275,778,0
6184,533,829,1
6185,781,148,1
6186,527,271,1
6187,356,844,0
6188,704,919,1
6189,679,324,1
6190,990,176,1
6191,263,977,0
6192,2,810,1
6193,462,996,1
6194,145,988,0
6195,447,1008,1
6196,919,909,0
6197,703,716,1
6198,829,904,0
6199,831,921,1
6200,450,471,0
6201,755,345,0
6202,605,848,1
6203,472,589,1
6204,1151,791,0
6205,25,1284,1
6206,996,1167,1
6207,83,568,1
6208,816,1117,1
6209,216,417,1
6210,1040,789,1
6211,533,68,0
6212,1002,298,0
6213,82,189,1
6214,499,640,0
6215,682,519,1
6216,488,880,0
6217,428,91,1
6218,36,1320,0
6219,899,692,1
6220,217,482,0
6221,1238,311,1
6222,390,1314,1
6223,550,702,0
6224,851,295,0
6225,885,25,1
6226,976,1026,0
6227,767,348,0
6228,472,795,1
6229,462,988,0
6230,907,663,1
6231,952,14,1
6232,964,1135,1
6233,325,867,0
6234,1,633,0
6235,442,945,1
6236,23,384,0
6237,857,1029,0
6238,844,222,0
6239,216,1135,1
6240,298,229,1
6241,1009,309,0
6242,2,952,1
6243,1039,681,0
6244,1159,477,1
6245,74,795,1
6246,1039,719,0
6247,654,661,0
6248,533,716,1
6249,298,1168,1
6250,867,704,1
6251,304,1195,0
6252,454,640,0
6253,15,736,1
6254,355,568,1
6255,1299,917,0
6256,1022,402,0
6257,1008,578,1
6258,952,161,1
6259,551,794,1
6260,159,1027,0
6261,359,191,0
6262,173,1029,1
6263,304,318,0
6264,1150,1204,0
6265,692,848,1
6266,1065,419,1
6267,21,295,0
6268,855,777,0
6269,1245,432,0
6270,1135,233,0
6271,74,804,1
6272,8,809,1
6273,48,487,0
6274,948,450,0
6275,1277,25,1
6276,418,1019,1
6277,952,414,0
6278,410,158,1
6279,463,716,1
6280,1231,1009,0
6281,74,1090,0
6282,32,450,1
6283,1135,1181,1
6284,1093,819,1
6285,236,174,0
6286,706,941,0
6287,952,263,1
6288,275,146,0
6289,74,629,0
6290,976,752,0
6291,790,1227,0
6292,853,1087,0
6293,109,574,0
6294,455,605,1
6295,102,328,0
6296,831,952,0
6297,89,663,1
6298,801,281,0
6299,551,796,1
6300,1238,681,1
6301,1193,926,0
6302,294,70,0
6303,1176,679,1
6304,1214,63,0
6305,242,1006,0
6306,720,1113,0
6307,450,823,0
6308,1184,769,0
6309,1019,205,1
6310,921,355,1
6311,180,944,1
6312,716,1086,0
6313,1156,430,0
6314,418,1030,1
6315,8,1283,1
6316,889,505,0
6317,533,927,1
6318,304,737,0
6319,390,126,1
6320,469,1048,1
6321,857,1314,1
6322,808,35,0
6323,878,14,1
6324,161,795,1
6325,789,485,1
6326,355,1152,0
6327,948,142,1
6328,14,499,1
6329,1299,248,0
6330,703,572,1
6331,663,524,0
6332,919,1087,1
6333,551,236,0
6334,1026,1180,0
6335,161,495,0
6336,914,719,0
6337,1156,500,0
6338,705,1228,0
6339,470,936,1
6340,964,222,0
6341,14,986,1
6342,455,413,1
6343,14,856,1
6344,1216,187,1
6345,679,837,1
6346,91,809,1
6347,1065,467,1
6348,1030,620,0
6349,790,168,0
6350,1264,681,0
6351,790,1133,0
6352,1025,503,0
6353,636,796,1
6354,359,1261,1
6355,971,1294,0
6356,897,213,0
6357,148,1314,1
6358,829,186,0
6359,20,887,0
6360,413,1301,1
6361,212,964,1
6362,921,709,0
6363,831,571,0
6364,915,413,1
6365,216,716,1
6366,899,254,0
6367,816,722,0
6368,544,321,1
6369,159,74,1
6370,716,216,1
6371,359,185,1
6372,413,126,1
6373,576,661,0
6374,816,897,1
6375,263,14,1
6376,1088,400,0
6377,1244,385,0
6378,1135,308,1
6379,853,257,1
6380,413,251,1
6381,251,722,0
6382,1040,724,1
6383,716,691,0
6384,885,952,1
6385,736,1274,0
6386,1151,250,0
6387,662,78,0
6388,819,1314,1
6389,816,716,1
6390,654,1113,0
6391,180,16,1
6392,168,743,1
6393,795,1134,0
6394,142,662,0
6395,8,124,1
6396,1008,878,1
6397,897,1025,1
6398,915,934,0
6399,148,885,1
6400,801,798,0
6401,1245,969,0
6402,816,704,1
6403,1164,1062,0
6404,878,1284,1
6405,165,855,0
6406,993,359,0
6407,1019,22,0
6408,1135,704,1
6409,187,89,1
6410,1167,25,1
6411,906,243,0
6412,809,944,1
6413,1065,628,1
6414,1194,1271,0
6415,2,560,1
6416,356,1135,1
6417,159,878,1
6418,952,211,0
6419,1167,14,1
6420,1288,1254,0
6421,97,1144,0
6422,294,1085,1
6423,716,418,1
6424,31,919,0
6425,48,1102,1
6426,1193,1097,0
6427,1159,844,1
6428,832,1020,1
6429,921,1305,1
6430,428,1181,1
6431,878,605,1
6432,266,371,0
6433,97,902,0
6434,263,692,1
6435,790,90,0
6436,622,857,1
6437,21,290,0
6438,801,1103,1
6439,1236,831,0
6440,1288,682,1
6441,14,1159,1
6442,801,978,0
6443,1039,710,0
6444,380,227,0
6445,230,25,1
6446,263,187,1
6447,418,413,1
6448,431,1285,0
6449,413,927,1
6450,668,1126,0
6451,509,1118,0
6452,425,734,0
6453,799,848,0
6454,1110,703,1
6455,1181,629,1
6456,33,1151,1
6457,140,823,0
6458,180,832,1
6459,142,525,0
6460,889,546,0
6461,977,249,0
6462,844,1223,0
6463,1176,781,1
6464,1072,467,0
6465,807,1284,0
6466,263,927,1
6467,1230,1012,1
6468,227,777,0
6469,809,15,1
6470,348,1246,0
6471,227,936,0
6472,431,271,0
6473,837,387,0
6474,173,1168,1
6475,469,83,1
6476,1216,748,0
6477,636,23,0
6478,1231,579,0
6479,14,423,0
6480,789,308,1
6481,25,679,1
6482,692,14,1
6483,472,105,1
6484,16,469,1
6485,455,419,1
6486,605,885,1
6487,1194,653,0
6488,1288,771,0
6489,311,119,0
6490,977,1004,1
6491,0,996,1
6492,1124,1164,0
6493,996,629,0
6494,1284,837,1
6495,550,1138,1
6496,808,1155,0
6497,187,533,1
6498,851,623,0
6499,91,1152,0
6500,325,144,0
6501,102,252,0
6502,1245,1048,1
6503,36,906,0
6504,736,682,1
6505,97,302,0
6506,304,698,1
6507,848,899,1
6508,989,953,0
6509,1059,1316,0
6510,1184,494,0
6511,1189,893,0
6512,316,865,0
6513,906,578,1
6514,1246,33,0
6515,832,442,1
6516,180,1094,0
6517,139,1215,0
6518,148,851,1
6519,857,139,1
6520,1117,544,1
6521,899,200,1
6522,817,1073,0
6523,605,161,1
6524,989,1041,1
6525,795,413,1
6526,1181,91,1
6527,291,92,1
6528,83,324,1
6529,227,1133,0
6530,834,753,0
6531,349,407,0
6532,225,389,0
6533,509,1027,0
6534,33,668,0
6535,499,14,1
6536,551,402,1
6537,80,554,0
6538,706,1121,0
6539,919,721,0
6540,551,692,1
6541,1238,885,0
6542,316,921,1
6543,308,913,0
6544,11,776,0
6545,455,328,0
6546,168,1005,1
6547,933,548,0
6548,390,568,1
6549,1244,616,0
6550,1040,658,1
6551,533,154,0
6552,938,1286,0
6553,180,513,1
6554,1156,510,0
6555,1189,1142,0
6556,636,338,0
6557,527,1237,1
6558,89,418,1
6559,212,769,1
6560,1049,671,0
6561,8,888,1
6562,769,418,0
6563,291,734,1
6564,809,32,1
6565,509,493,0
6566,663,161,1
6567,784,829,0
6568,857,291,1
6569,692,1238,1
6570,316,867,1
6571,455,619,1
6572,1008,42,0
6573,605,907,1
6574,576,838,0
6575,1156,978,0
6576,139,668,1
6577,355,1314,1
6578,789,1163,1
6579,878,679,1
6580,1214,255,0
6581,455,993,0
6582,1231,305,0
6583,989,897,1
6584,1278,196,0
6585,180,290,0
6586,491,423,1
6587,442,25,1
6588,716,972,1
6589,878,578,1
6590,544,340,1
6591,952,1238,1
6592,769,1181,1
6593,148,1301,1
6594,755,568,0
6595,851,192,1
6596,1072,925,0
6597,1305,1171,0
6598,1275,1260,0
6599,1244,25,1
6600,825,100,0
6601,1216,430,0
6602,1288,450,1
6603,298,882,1
6604,907,878,1
6605,990,415,0
6606,636,498,1
6607,1022,1156,0
6608,311,681,1
6609,813,95,0
6610,1236,593,0
6611,781,89,1
6612,275,262,0
6613,97,1278,0
6614,713,8,1
6615,857,268,1
6616,682,1288,1
6617,1019,681,1
6618,304,583,1
6619,907,161,1
6620,704,824,1
6621,8,173,1
6622,878,1008,1
6623,790,150,0
6624,212,232,0
6625,83,355,1
6626,413,230,1
6627,524,183,0
6628,187,681,1
6629,1159,1008,1
6630,736,1012,0
6631,32,809,1
6632,799,757,0
6633,507,1092,0
6634,1040,486,0
6635,410,881,0
6636,211,1269,0
6637,813,1088,1
6638,544,1114,1
6639,801,857,1
6640,173,32,1
6641,1135,568,1
6642,2,16,1
6643,14,1181,1
6644,533,161,1
6645,831,241,0
6646,216,749,0
6647,1209,380,0
6648,1076,748,1
6649,1305,568,1
6650,952,1227,0
6651,180,25,1
6652,781,1238,1
6653,390,439,0
6654,1214,182,0
6655,636,771,1
6656,380,469,1
6657,238,544,1
6658,907,142,1
6659,1216,470,1
6660,813,607,1
6661,187,238,1
6662,1317,1315,0
6663,832,1127,0
6664,1106,1089,1
6665,907,692,1
6666,187,38,0
6667,1284,716,1
6668,83,400,0
6669,1246,780,0
6670,322,214,0
6671,971,390,0
6672,1072,315,0
6673,1072,972,0
6674,1156,617,0
6675,878,1015,1
6676,1049,1246,0
6677,809,549,1
6678,574,743,0
6679,1110,291,1
6680,1136,423,0
6681,25,205,1
6682,719,291,0
6683,506,298,0
6684,311,619,1
6685,1192,856,0
6686,1117,480,0
6687,1275,1019,1
6688,355,123,0
6689,663,3,0
6690,915,379,0
6691,952,996,1
6692,1210,644,0
6693,605,639,1
6694,380,1283,1
6695,405,1132,0
6696,145,149,0
6697,1193,578,1
6698,89,927,1
6699,447,578,1
6700,351,929,0
6701,355,1087,1
6702,1,304,0
6703,25,356,1
6704,472,110,0
6705,89,1118,1
6706,801,536,0
6707,834,1248,0
6708,1192,1141,0
6709,1245,874,0
6710,499,828,0
6711,544,1233,1
6712,636,525,0
6713,848,781,1
6714,897,904,1
6715,144,447,0
6716,959,682,0
6717,509,1283,1
6718,861,904,0
6719,357,736,1
6720,159,679,1
6721,142,908,0
6722,790,1179,0
6723,1054,1077,0
6724,359,1157,1
6725,706,747,0
6726,48,62,0
6727,1135,629,1
6728,392,1111,0
6729,1288,972,1
6730,533,1266,1
6731,212,286,0
6732,682,271,1
6733,359,969,1
6734,447,783,0
6735,263,952,1
6736,658,521,0
6737,965,180,1
6738,533,663,1
6739,736,330,0
6740,704,425,0
6741,1106,533,1
6742,91,1161,0
6743,455,196,1
6744,238,781,1
6745,658,1095,0
6746,781,907,1
6747,418,795,1
6748,1214,754,0
6749,1059,1089,0
6750,1317,785,0
6751,533,692,1
6752,1019,705,1
6753,308,703,1
6754,713,1038,1
6755,70,1204,0
6756,832,81,1
6757,158,254,0
6758,325,809,1
6759,813,1103,1
6760,304,539,1
6761,1093,1016,0
6762,976,773,0
6763,907,795,1
6764,692,1232,0
6765,804,161,1
6766,819,907,0
6767,977,1070,0
6768,168,328,0
6769,996,325,0
6770,488,255,0
6771,142,1275,1
6772,636,419,1
6773,612,732,0
6774,173,298,1
6775,663,496,0
6776,831,239,0
6777,418,629,1
6778,1164,33,1
6779,294,797,0
6780,230,533,1
6781,703,1290,1
6782,957,214,0
6783,533,851,1
6784,694,1168,1
6785,1059,308,1
6786,25,1008,1
6787,858,103,0
6788,1238,645,0
6789,309,364,0
6790,996,809,1
6791,605,568,1
6792,488,170,1
6793,533,386,0
6794,180,607,1
6795,8,608,1
6796,801,1246,1
6797,392,809,1
6798,214,294,1
6799,1026,629,1
6800,25,927,1
6801,1193,549,1
6802,142,1135,1
6803,207,352,1
6804,878,1238,1
6805,878,196,1
6806,0,560,0
6807,251,15,1
6808,20,1115,0
6809,14,1310,1
6810,694,606,1
6811,291,570,1
6812,544,713,1
6813,692,551,1
6814,654,762,0
6815,1264,9,0
6816,0,521,0
6817,304,142,0
6818,1238,424,0
6819,32,401,0
6820,1016,467,0
6821,544,453,1
6822,11,1057,1
6823,173,748,1
6824,54,394,0
6825,993,136,0
6826,605,89,1
6827,993,732,0
6828,527,1228,1
6829,1176,1279,0
6830,1019,990,0
6831,36,78,0
6832,251,1311,1
6833,668,514,0
6834,8,956,1
6835,1019,455,1
6836,499,571,0
6837,15,568,1
6838,906,592,0
6839,294,1314,1
6840,799,690,0
6841,809,1204,1
6842,1054,573,0
6843,618,647,0
6844,1181,1016,0
6845,842,690,0
6846,755,0,1
6847,230,1178,0
6848,797,140,0
6849,801,502,1
6850,795,366,0
6851,1088,298,1
6852,837,919,1
6853,144,922,0
6854,548,654,1
6855,713,1295,0
6856,605,761,1
6857,914,1165,0
6858,428,687,0
6859,159,161,1
6860,1048,996,0
6861,1244,83,1
6862,878,1030,1
6863,857,448,0
6864,289,1311,0
6865,544,828,0
6866,1167,732,1
6867,831,1022,0
6868,971,1134,0
6869,8,233,1
6870,91,486,1
6871,1193,1038,0
6872,811,365,0
6873,557,165,0
6874,636,517,1
6875,238,1118,1
6876,855,1174,0
6877,1214,805,0
6878,1298,198,0
6879,144,728,1
6880,795,161,1
6881,915,390,1
6882,834,789,0
6883,1159,134,0
6884,813,1012,1
6885,990,249,1
6886,311,1167,1
6887,795,1030,1
6888,102,1106,0
6889,1181,736,1
6890,470,948,0
6891,1040,1244,1
6892,469,99,0
6893,251,68,1
6894,1093,19,0
6895,1072,724,0
6896,533,1008,1
6897,413,996,1
6898,705,1277,1
6899,83,1135,1
6900,507,261,0
6901,413,1314,1
6902,1189,892,0
6903,1040,1068,0
6904,551,942,1
6905,1192,1209,0
6906,212,355,1
6907,470,949,0
6908,1106,1082,0
6909,455,1127,1
6910,636,37,0
6911,789,824,0
6912,1194,252,0
6913,790,1247,0
6914,605,472,1
6915,1019,949,0
6916,1214,1019,1
6917,263,1055,1
6918,217,200,0
6919,897,1103,1
6920,1120,948,1
6921,1088,372,1
6922,16,520,0
6923,83,1314,1
6924,304,1306,1
6925,795,16,1
6926,899,62,1
6927,829,679,1
6928,807,18,0
6929,14,506,1
6930,14,650,1
6931,544,932,1
6932,972,983,0
6933,1275,901,0
6934,1181,204,0
6935,719,852,0
6936,906,443,1
6937,557,177,0
6938,1059,1191,0
6939,682,897,1
6940,14,920,1
6941,173,8,1
6942,809,1054,1
6943,33,720,0
6944,1159,14,1
6945,1139,106,0
6946,506,835,0
6947,1106,643,0
6948,470,1218,0
6949,1087,219,0
6950,428,947,0
6951,207,1311,1
6952,957,602,0
6953,499,628,0
6954,1231,1252,1
6955,161,1248,0
6956,1065,500,1
6957,1317,257,0
6958,180,328,1
6959,844,633,1
6960,816,1088,0
6961,844,138,0
6962,550,1174,1
6963,469,576,1
6964,413,541,0
6965,878,462,1
6966,311,25,1
6967,605,1314,1
6968,544,238,1
6969,89,1127,1
6970,216,262,1
6971,165,236,0
6972,720,389,0
6973,842,79,0
6974,668,963,0
6975,390,251,1
6976,355,1024,0
6977,1076,882,1
6978,506,1305,1
6979,294,1185,0
6980,513,906,1
6981,74,516,0
6982,1052,70,0
6983,844,960,0
6984,8,585,1
6985,173,319,1
6986,795,679,1
6987,499,944,0
6988,413,39,0
6989,251,599,0
6990,390,557,0
6991,139,1083,0
6992,605,804,1
6993,1238,14,1
6994,462,691,0
6995,216,1131,0
6996,1150,847,0
6997,914,126,0
6998,1120,867,1
6999,74,636,0
7000,470,1127,1
7001,1252,548,1
7002,1067,993,0
7003,605,481,1
7004,972,850,1
7005,83,832,1
7006,914,809,1
7007,544,971,1
7008,1199,980,0
7009,1246,28,0
7010,654,987,0
7011,952,159,1
7012,437,1283,1
7013,1288,128,0
7014,919,809,1
7015,304,185,1
7016,396,1178,0
7017,1156,1251,0
7018,809,654,1
7019,89,1238,1
7020,238,663,1
7021,591,217,0
7022,1040,83,1
7023,972,1119,0
7024,662,443,0
7025,981,1318,0
7026,548,1131,0
7027,736,705,1
7028,355,878,1
7029,238,311,1
7030,161,1180,0
7031,227,1122,0
7032,1039,929,0
7033,809,758,0
7034,284,1129,0
7035,907,1055,1
7036,781,263,1
7037,83,251,1
7038,195,386,0
7039,1288,116,0
7040,284,368,0
7041,636,582,1
7042,199,450,0
7043,842,434,1
7044,544,460,0
7045,551,52,1
7046,952,230,1
7047,349,639,0
7048,242,116,0
7049,8,1151,0
7050,390,262,0
7051,993,813,1
7052,159,781,1
7053,14,936,1
7054,829,210,0
7055,952,356,1
7056,990,115,0
7057,654,17,0
7058,526,1255,0
7059,1167,572,0
7060,470,187,1
7061,679,1176,1
7062,549,930,0
7063,857,14,1
7064,1076,944,1
7065,1298,259,0
7066,97,556,0
7067,348,595,0
7068,1025,291,1
7069,654,238,0
7070,679,266,0
7071,1277,1055,1
7072,509,771,0
7073,431,531,0
7074,1098,1034,0
7075,304,1178,1
7076,703,1126,0
7077,1156,642,0
7078,842,108,1
7079,33,1230,1
7080,899,851,1
7081,551,1089,1
7082,977,36,0
7083,809,789,1
7084,1009,522,0
7085,907,89,1
7086,316,68,1
7087,442,377,0
7088,15,1244,1
7089,914,1152,0
7090,781,912,0
7091,1299,661,0
7092,811,650,0
7093,32,587,0
7094,91,1114,1
7095,1076,503,0
7096,304,1318,0
7097,0,896,0
7098,605,1311,1
7099,576,297,0
7100,1159,1022,0
7101,83,469,1
7102,576,1311,1
7103,1167,42,0
7104,1026,824,1
7105,679,1214,1
7106,551,1243,0
7107,769,154,0
7108,284,968,1
7109,1019,196,1
7110,1205,524,0
7111,1181,1064,1
