,TF,Target
0,4,305
1,4,1083
2,4,897
3,4,982
4,4,422
5,4,1582
6,4,328
7,4,1342
8,4,1180
9,4,1168
10,4,1565
11,4,544
12,4,1474
13,4,1116
14,4,27
15,4,1587
16,4,1206
17,4,405
18,4,123
19,4,719
20,4,490
21,4,875
22,4,642
23,4,1023
24,4,1341
25,4,814
26,4,609
27,4,1539
28,4,432
29,4,1085
30,4,831
31,4,1208
32,4,829
33,4,308
34,4,1276
35,4,599
36,4,986
37,4,1368
38,4,1173
39,4,59
40,4,1288
41,4,366
42,4,261
43,4,619
44,4,650
45,4,1563
46,4,745
47,4,1155
48,4,32
49,4,1534
50,4,199
51,4,999
52,4,1409
53,4,14
54,4,775
55,4,594
56,4,394
57,4,726
58,4,393
59,4,473
60,4,1313
61,4,861
62,4,1306
63,4,1111
64,4,883
65,4,778
66,4,567
67,4,1240
68,4,135
69,4,513
70,4,106
71,4,1404
72,4,113
73,4,1488
74,4,63
75,4,1559
76,4,360
77,4,1210
78,4,1460
79,4,1573
80,4,137
81,4,458
82,4,203
83,4,1542
84,4,1504
85,4,1277
86,4,181
87,4,400
88,4,1258
89,4,1480
90,4,819
91,4,479
92,4,626
93,4,1145
94,4,1157
95,4,193
96,4,799
97,4,648
98,4,1472
99,4,1038
100,4,784
101,4,1497
102,4,1222
103,4,39
104,4,1261
105,4,956
106,4,173
107,4,443
108,4,508
109,4,1608
110,4,1554
111,4,464
112,4,899
113,4,1330
114,4,970
115,4,925
116,4,381
117,4,1115
118,4,612
119,4,1151
120,4,968
121,4,384
122,4,174
123,4,1264
124,4,1017
125,4,13
126,4,258
127,4,441
128,4,1316
129,4,994
130,4,1149
131,4,1291
132,4,511
133,4,1213
134,4,985
135,4,314
136,4,1287
137,4,248
138,4,89
139,4,955
140,4,852
141,4,692
142,4,1523
143,4,751
144,4,304
145,4,663
146,4,1603
147,4,624
148,4,1477
149,4,535
150,4,313
151,4,191
152,4,1473
153,4,1057
154,4,528
155,4,48
156,4,233
157,4,492
158,4,919
159,4,748
160,4,931
161,4,809
162,4,628
163,4,1394
164,4,1469
165,4,906
166,4,978
167,4,1390
168,4,1510
169,4,1466
170,4,827
171,4,294
172,4,284
173,4,96
174,4,262
175,4,570
176,4,1242
177,4,549
178,4,368
179,4,247
180,4,580
181,4,1561
182,4,1388
183,4,1006
184,4,1246
185,4,1042
186,4,681
187,4,1174
188,4,215
189,4,848
190,4,320
191,4,465
192,4,1521
193,4,1188
194,4,611
195,4,958
196,4,510
197,4,522
198,4,597
199,4,1541
200,4,140
201,4,211
202,4,1455
203,4,834
204,4,125
205,4,1096
206,4,1183
207,4,674
208,4,152
209,4,1239
210,4,1397
211,4,411
212,4,1496
213,4,1583
214,4,930
215,4,849
216,4,1263
217,4,1283
218,4,229
219,4,1169
220,4,1489
221,4,235
222,4,324
223,4,1281
224,4,1568
225,4,429
226,4,862
227,4,388
228,4,855
229,4,167
230,4,345
231,4,520
232,4,234
233,4,1502
234,4,1508
235,4,355
236,4,391
237,4,469
238,4,630
239,4,415
240,4,1344
241,4,51
242,4,1026
243,4,886
244,4,1132
245,4,1247
246,4,316
247,4,1070
248,4,1468
249,4,659
250,4,1405
251,4,788
252,4,828
253,4,942
254,4,1572
255,4,1063
256,4,892
257,4,905
258,4,753
259,4,934
260,4,941
261,4,889
262,4,35
263,4,1374
264,4,445
265,4,607
266,4,329
267,4,1556
268,4,1366
269,4,660
270,4,1447
271,4,349
272,4,175
273,4,830
274,4,1231
275,4,1553
276,4,1179
277,4,610
278,4,171
279,4,821
280,4,1014
281,4,903
282,4,287
283,4,31
284,4,41
285,4,932
286,4,147
287,4,710
288,4,641
289,4,1010
290,4,1025
291,4,1399
292,4,224
293,4,312
294,4,268
295,4,288
296,4,708
297,4,1527
298,4,752
299,4,375
300,4,951
301,4,644
302,4,208
303,4,459
304,4,398
305,4,428
306,4,457
307,4,379
308,4,201
309,4,872
310,4,1324
311,4,625
312,4,376
313,4,75
314,4,808
315,4,200
316,4,80
317,4,890
318,4,1462
319,4,478
320,4,91
321,4,115
322,4,434
323,4,1101
324,4,1253
325,4,1326
326,4,131
327,4,454
328,4,1323
329,4,988
330,4,98
331,4,1236
332,4,1125
333,4,616
334,4,850
335,4,295
336,4,105
337,4,868
338,4,1255
339,4,1487
340,4,1202
341,4,841
342,4,766
343,4,1065
344,4,1043
345,4,278
346,4,1093
347,4,509
348,4,1506
349,4,219
350,4,1178
351,4,555
352,4,1498
353,4,581
354,4,1442
355,4,1133
356,4,263
357,4,1427
358,4,1266
359,4,1280
360,4,530
361,4,818
362,4,1067
363,4,727
364,4,936
365,4,332
366,4,64
367,4,1039
368,4,871
369,4,1
370,4,301
371,4,18
372,4,1195
373,4,255
374,4,964
375,4,534
376,4,87
377,4,206
378,4,785
379,4,57
380,4,1071
381,4,1619
382,4,20
383,4,563
384,4,1354
385,4,1053
386,4,820
387,4,1418
388,4,407
389,4,645
390,4,202
391,4,1464
392,4,836
393,4,668
394,4,590
395,4,588
396,4,768
397,4,1250
398,4,1426
399,4,1229
400,4,576
401,4,1423
402,4,154
403,4,1059
404,4,546
405,4,1273
406,4,618
407,4,695
408,4,1499
409,4,620
410,4,596
411,4,54
412,4,585
413,4,705
414,4,1355
415,4,974
416,4,1113
417,4,1515
418,4,531
419,4,472
420,4,56
421,4,1456
422,4,227
423,4,776
424,4,1476
425,4,1400
426,4,757
427,4,423
428,4,413
429,4,1420
430,4,876
431,4,141
432,4,523
433,4,1425
434,4,1470
435,4,1244
436,4,450
437,4,989
438,4,1485
439,4,73
440,4,1312
441,4,724
442,4,104
443,4,58
444,4,1088
445,4,838
446,4,923
447,4,765
448,4,909
449,4,447
450,4,1251
451,4,1532
452,4,117
453,4,1252
454,4,433
455,4,591
456,4,223
457,4,477
458,4,139
459,4,762
460,4,586
461,4,697
462,4,1520
463,4,1382
464,4,983
465,4,1310
466,4,1577
467,4,28
468,4,446
469,14,812
470,14,946
471,14,821
472,14,429
473,14,616
474,14,838
475,14,406
476,14,125
477,14,1115
478,14,489
479,14,1134
480,14,1037
481,14,1184
482,14,458
483,14,975
484,14,1389
485,14,278
486,14,291
487,14,1096
488,14,1272
489,14,751
490,14,4
491,14,763
492,14,692
493,14,1197
494,14,355
495,14,359
496,14,585
497,14,1055
498,14,135
499,54,460
500,54,1617
501,54,492
502,54,305
503,54,413
504,54,20
505,54,429
506,54,1124
507,54,1535
508,54,7
509,64,925
510,64,1074
511,64,63
512,64,361
513,64,195
514,64,18
515,64,1040
516,64,893
517,64,1271
518,64,1255
519,64,628
520,64,345
521,64,1267
522,64,537
523,64,1342
524,64,828
525,64,1450
526,64,229
527,64,906
528,64,191
529,64,1276
530,64,903
531,64,1422
532,64,413
533,64,890
534,64,1456
535,64,356
536,64,866
537,64,337
538,64,1312
539,64,115
540,64,1066
541,64,340
542,64,1154
543,64,1406
544,64,263
545,64,153
546,64,942
547,64,279
548,64,962
549,64,1100
550,64,146
551,64,44
552,64,868
553,64,1084
554,64,286
555,64,549
556,64,1258
557,64,69
558,64,1511
559,64,1532
560,64,290
561,64,1096
562,64,831
563,64,1324
564,64,663
565,64,1186
566,64,1132
567,64,221
568,64,38
569,64,301
570,64,446
571,64,1023
572,64,1041
573,64,143
574,64,1244
575,64,757
576,64,489
577,64,754
578,64,1102
579,64,1355
580,64,701
581,64,539
582,64,1281
583,64,1475
584,64,1478
585,64,47
586,64,97
587,64,1228
588,64,858
589,64,1071
590,64,412
591,64,1487
592,64,1489
593,64,727
594,64,848
595,64,1375
596,64,838
597,64,137
598,64,305
599,64,1569
600,64,1279
601,64,1452
602,64,963
603,64,1
604,64,380
605,64,1095
606,64,1060
607,64,811
608,64,514
609,64,918
610,64,32
611,64,82
612,64,1570
613,64,852
614,64,849
615,64,1187
616,64,1358
617,64,181
618,64,633
619,64,427
620,64,1539
621,64,650
622,64,4
623,64,1015
624,64,385
625,64,424
626,64,1197
627,64,1260
628,64,1099
629,64,418
630,64,6
631,64,865
632,64,641
633,64,271
634,64,106
635,64,882
636,64,971
637,64,332
638,64,1424
639,64,219
640,64,898
641,64,642
642,64,752
643,64,298
644,64,953
645,64,13
646,64,1317
647,64,1042
648,64,433
649,64,105
650,64,1429
651,64,503
652,64,1234
653,64,192
654,64,688
655,64,827
656,64,333
657,64,724
658,64,432
659,64,492
660,64,117
661,64,1573
662,64,288
663,64,21
664,64,1535
665,64,1212
666,64,693
667,64,762
668,64,384
669,64,770
670,64,818
671,64,261
672,64,36
673,64,200
674,64,344
675,64,1516
676,64,1248
677,64,336
678,64,857
679,64,1139
680,64,460
681,64,1206
682,64,1004
683,64,23
684,64,887
685,64,98
686,64,660
687,64,107
688,64,1209
689,64,1380
690,64,1460
691,64,755
692,64,1427
693,64,1499
694,64,676
695,64,264
696,64,239
697,64,590
698,64,996
699,64,348
700,64,360
701,64,1134
702,64,621
703,64,808
704,64,500
705,64,293
706,64,1329
707,64,394
708,64,1208
709,64,1035
710,64,765
711,64,1540
712,64,843
713,64,1239
714,64,721
715,64,405
716,64,878
717,64,924
718,64,93
719,64,112
720,64,1593
721,64,62
722,64,1575
723,64,645
724,64,526
725,64,1211
726,64,475
727,64,448
728,64,547
729,64,78
730,64,520
731,64,1236
732,64,608
733,64,694
734,64,30
735,64,814
736,64,759
737,64,834
738,64,1016
739,64,1531
740,64,1221
741,64,622
742,64,616
743,64,782
744,64,1480
745,64,1559
746,64,40
747,64,1528
748,64,798
749,64,615
750,64,1146
751,64,355
752,64,1462
753,64,27
754,64,227
755,64,965
756,64,931
757,64,406
758,64,245
759,64,1392
760,64,308
761,64,738
762,64,766
763,64,1538
764,64,300
765,64,1164
766,64,1062
767,64,31
768,64,629
769,64,1464
770,64,940
771,64,1556
772,64,928
773,64,1105
774,64,872
775,64,679
776,64,223
777,64,1115
778,64,129
779,64,703
780,64,1389
781,64,144
782,64,1125
783,64,1400
784,64,704
785,64,1567
786,64,123
787,64,177
788,64,700
789,64,944
790,64,152
791,64,313
792,64,998
793,64,1562
794,64,1394
795,64,863
796,64,478
797,64,1465
798,64,22
799,64,1608
800,64,322
801,64,611
802,64,485
803,64,705
804,64,975
805,64,294
806,64,180
807,64,1082
808,64,803
809,64,351
810,64,1479
811,64,260
812,64,586
813,64,967
814,64,165
815,64,1542
816,64,1520
817,64,1176
818,64,422
819,64,992
820,64,188
821,64,1308
822,64,408
823,64,563
824,64,491
825,64,1213
826,64,1012
827,64,995
828,64,946
829,64,1169
830,64,315
831,64,20
832,64,1210
833,64,1157
834,64,75
835,64,1044
836,64,1076
837,64,1251
838,64,543
839,64,1502
840,64,316
841,64,49
842,64,1404
843,64,291
844,139,1556
845,139,1461
846,139,1353
847,139,1506
848,139,1415
849,139,262
850,139,972
851,139,591
852,139,1244
853,139,955
854,139,1052
855,139,853
856,139,546
857,139,816
858,139,305
859,139,801
860,139,1264
861,139,938
862,139,363
863,139,1208
864,139,774
865,139,965
866,139,845
867,139,942
868,139,279
869,139,371
870,139,767
871,139,914
872,139,438
873,139,489
874,139,1327
875,139,691
876,139,910
877,139,1298
878,139,935
879,139,275
880,139,510
881,139,905
882,139,408
883,139,475
884,139,1083
885,139,198
886,139,641
887,139,1217
888,139,1209
889,139,1368
890,139,1033
891,139,763
892,139,934
893,139,290
894,139,1440
895,139,511
896,139,1242
897,139,1137
898,139,384
899,139,1138
900,139,840
901,139,892
902,139,770
903,139,620
904,139,642
905,139,839
906,139,696
907,139,1331
908,139,287
909,139,99
910,139,1108
911,139,961
912,139,1432
913,139,573
914,139,1459
915,139,586
916,139,79
917,139,837
918,139,185
919,139,1449
920,139,1042
921,139,929
922,139,25
923,139,1257
924,139,259
925,139,571
926,139,455
927,139,221
928,139,399
929,139,255
930,139,156
931,139,820
932,139,927
933,139,429
934,139,1387
935,139,222
936,139,576
937,139,466
938,139,630
939,139,20
940,139,824
941,139,959
942,139,940
943,139,227
944,139,1410
945,139,1585
946,139,854
947,139,193
948,139,1469
949,139,500
950,139,1358
951,139,1592
952,139,460
953,139,1464
954,139,201
955,139,1188
956,139,668
957,139,44
958,139,622
959,139,73
960,139,35
961,139,1025
962,139,1175
963,139,426
964,139,1428
965,139,477
966,139,1154
967,139,199
968,139,306
969,139,1126
970,139,316
971,139,582
972,139,1064
973,139,808
974,139,1268
975,139,179
976,139,86
977,139,416
978,139,627
979,139,230
980,139,64
981,139,1158
982,139,452
983,139,499
984,139,471
985,139,695
986,139,549
987,139,952
988,139,82
989,139,244
990,139,103
991,139,68
992,139,596
993,139,1132
994,139,1261
995,139,158
996,139,1526
997,139,786
998,139,1619
999,139,1013
1000,139,1597
1001,139,1081
1002,139,410
1003,139,1386
1004,139,10
1005,139,1251
1006,139,375
1007,139,1275
1008,139,994
1009,139,759
1010,139,537
1011,139,1303
1012,139,242
1013,139,1147
1014,139,271
1015,139,1071
1016,139,720
1017,139,337
1018,139,1009
1019,139,731
1020,139,1023
1021,139,597
1022,139,1100
1023,139,698
1024,139,467
1025,139,946
1026,139,738
1027,139,520
1028,139,1404
1029,139,1398
1030,139,1293
1031,139,54
1032,139,351
1033,139,333
1034,139,1057
1035,139,1367
1036,139,724
1037,139,111
1038,139,898
1039,139,1012
1040,139,880
1041,139,1094
1042,139,1091
1043,139,1139
1044,139,1312
1045,139,157
1046,139,1074
1047,139,1084
1048,139,983
1049,139,1400
1050,139,1496
1051,139,1308
1052,139,492
1053,139,59
1054,139,1614
1055,139,1106
1056,139,580
1057,139,756
1058,139,872
1059,139,773
1060,139,308
1061,139,137
1062,139,1082
1063,139,636
1064,139,1222
1065,139,146
1066,139,276
1067,139,865
1068,139,57
1069,139,171
1070,139,1263
1071,139,858
1072,139,1357
1073,139,1093
1074,139,985
1075,139,1230
1076,139,864
1077,139,1407
1078,139,1054
1079,139,818
1080,139,280
1081,139,203
1082,139,1535
1083,139,1035
1084,139,1112
1085,139,703
1086,139,1580
1087,139,1079
1088,139,1285
1089,139,1430
1090,139,1351
1091,139,1547
1092,139,760
1093,139,58
1094,139,141
1095,139,1235
1096,139,1228
1097,139,693
1098,139,714
1099,139,1525
1100,139,269
1101,139,978
1102,139,326
1103,139,322
1104,139,1273
1105,139,1488
1106,139,1297
1107,139,153
1108,139,1196
1109,139,1181
1110,139,757
1111,139,1604
1112,139,1349
1113,139,1520
1114,139,380
1115,139,1365
1116,139,932
1117,139,550
1118,139,612
1119,139,718
1120,139,1076
1121,139,336
1122,139,45
1123,139,1111
1124,139,1247
1125,139,1479
1126,139,463
1127,139,925
1128,139,611
1129,139,1016
1130,139,809
1131,139,702
1132,139,766
1133,139,238
1134,139,4
1135,139,1392
1136,139,1037
1137,139,1531
1138,139,180
1139,139,1038
1140,139,1499
1141,139,194
1142,139,1299
1143,139,1271
1144,139,1324
1145,139,74
1146,139,115
1147,139,871
1148,139,494
1149,139,291
1150,139,616
1151,139,844
1152,139,1176
1153,139,1155
1154,139,1532
1155,139,1096
1156,139,851
1157,139,1114
1158,139,1290
1159,139,652
1160,139,911
1161,139,1118
1162,139,811
1163,139,359
1164,139,969
1165,139,667
1166,139,879
1167,139,1019
1168,139,527
1169,139,687
1170,139,995
1171,139,196
1172,139,1015
1173,139,539
1174,139,954
1175,139,183
1176,139,584
1177,139,1542
1178,139,1203
1179,139,751
1180,139,1371
1181,139,1562
1182,139,439
1183,139,341
1184,139,862
1185,139,1199
1186,139,1007
1187,139,152
1188,139,1173
1189,139,1476
1190,139,1418
1191,139,593
1192,139,118
1193,139,200
1194,139,205
1195,139,1346
1196,139,785
1197,139,281
1198,139,353
1199,139,1530
1200,139,1328
1201,139,224
1202,139,553
1203,139,1364
1204,139,624
1205,139,49
1206,139,228
1207,139,128
1208,139,1180
1209,139,488
1210,139,1055
1211,139,449
1212,139,186
1213,139,174
1214,139,208
1215,139,907
1216,139,821
1217,139,1374
1218,139,812
1219,139,725
1220,139,741
1221,139,1522
1222,139,147
1223,139,1146
1224,139,1164
1225,139,1462
1226,139,931
1227,139,1186
1228,139,1280
1229,139,97
1230,139,1584
1231,139,367
1232,139,1021
1233,139,1131
1234,139,1444
1235,139,1250
1236,139,441
1237,139,1245
1238,139,679
1239,139,1443
1240,139,31
1241,139,448
1242,139,776
1243,139,1248
1244,139,294
1245,139,328
1246,139,1135
1247,139,1332
1248,139,8
1249,139,986
1250,139,1197
1251,139,1233
1252,139,350
1253,139,1546
1254,139,286
1255,139,325
1256,139,1161
1257,139,915
1258,139,241
1259,139,1028
1260,139,775
1261,139,936
1262,139,1342
1263,139,1207
1264,139,72
1265,139,483
1266,139,721
1267,139,1521
1268,139,145
1269,139,1465
1270,139,618
1271,139,704
1272,139,829
1273,139,479
1274,139,1503
1275,139,1066
1276,139,247
1277,139,1279
1278,139,319
1279,139,769
1280,139,204
1281,139,92
1282,139,1059
1283,139,1411
1284,139,1103
1285,139,1474
1286,139,1391
1287,139,51
1288,139,298
1289,139,458
1290,139,445
1291,139,69
1292,139,112
1293,139,304
1294,139,297
1295,139,464
1296,139,1609
1297,139,578
1298,139,1302
1299,139,1573
1300,139,1553
1301,139,22
1302,139,568
1303,139,834
1304,139,1316
1305,139,560
1306,139,65
1307,139,1501
1308,139,1388
1309,139,685
1310,139,722
1311,139,1107
1312,139,1125
1313,139,1078
1314,139,104
1315,139,209
1316,139,1485
1317,139,1213
1318,139,1134
1319,139,1211
1320,139,332
1321,139,861
1322,139,623
1323,139,1004
1324,139,1611
1325,139,1518
1326,139,625
1327,139,250
1328,139,657
1329,139,923
1330,139,263
1331,139,1384
1332,139,749
1333,139,944
1334,139,545
1335,139,67
1336,139,1456
1337,139,1056
1338,139,314
1339,139,1163
1340,139,1020
1341,139,433
1342,139,956
1343,139,357
1344,139,973
1345,139,615
1346,139,1437
1347,139,771
1348,139,866
1349,139,1294
1350,139,1140
1351,139,661
1352,139,1191
1353,139,754
1354,139,62
1355,139,753
1356,139,1141
1357,139,87
1358,139,484
1359,139,1022
1360,139,1511
1361,139,342
1362,139,415
1363,139,1101
1364,139,919
1365,139,998
1366,139,339
1367,139,848
1368,139,585
1369,139,468
1370,139,603
1371,139,127
1372,139,1236
1373,139,1453
1374,139,1255
1375,139,1003
1376,139,1473
1377,139,191
1378,139,497
1379,139,414
1380,139,692
1381,139,1080
1382,139,715
1383,139,1345
1384,139,996
1385,139,1498
1386,139,1030
1387,139,1545
1388,139,374
1389,139,815
1390,139,219
1391,139,266
1392,139,1438
1393,139,1311
1394,139,216
1395,139,628
1396,139,1260
1397,139,1612
1398,139,1541
1399,139,1574
1400,139,514
1401,139,125
1402,139,1468
1403,139,211
1404,139,592
1405,139,1099
1406,139,113
1407,139,223
1408,139,1162
1409,139,974
1410,139,1168
1411,139,1
1412,141,261
1413,141,82
1414,141,498
1415,141,240
1416,141,0
1417,141,1154
1418,141,837
1419,141,1511
1420,141,1583
1421,141,1216
1422,141,690
1423,141,963
1424,141,833
1425,141,470
1426,141,256
1427,141,900
1428,141,1610
1429,141,934
1430,141,1348
1431,141,1488
1432,141,236
1433,141,272
1434,141,1067
1435,141,1150
1436,141,370
1437,141,117
1438,141,36
1439,141,198
1440,141,969
1441,141,229
1442,141,647
1443,141,811
1444,141,890
1445,141,1425
1446,141,337
1447,141,763
1448,141,1019
1449,141,154
1450,141,1576
1451,141,659
1452,141,1572
1453,141,990
1454,141,1095
1455,141,906
1456,141,629
1457,141,965
1458,141,977
1459,141,472
1460,141,1270
1461,141,1432
1462,141,1312
1463,141,110
1464,141,884
1465,141,28
1466,141,351
1467,141,241
1468,141,1195
1469,141,1566
1470,141,796
1471,141,897
1472,141,546
1473,141,1011
1474,141,803
1475,141,1286
1476,141,278
1477,141,1223
1478,141,62
1479,141,636
1480,141,365
1481,141,1608
1482,141,1587
1483,141,701
1484,141,819
1485,141,1617
1486,141,657
1487,141,322
1488,141,1536
1489,141,137
1490,141,863
1491,141,1022
1492,141,575
1493,141,1114
1494,141,1204
1495,141,345
1496,141,845
1497,141,666
1498,141,293
1499,141,1264
1500,141,1059
1501,141,882
1502,141,839
1503,141,1116
1504,141,112
1505,141,254
1506,141,1413
1507,141,639
1508,141,1504
1509,141,1256
1510,141,255
1511,141,1316
1512,141,1443
1513,141,746
1514,141,94
1515,141,210
1516,141,584
1517,141,577
1518,141,521
1519,141,1017
1520,141,750
1521,141,852
1522,141,511
1523,141,402
1524,141,334
1525,141,1245
1526,141,1339
1527,141,188
1528,141,279
1529,141,1181
1530,141,1485
1531,141,157
1532,141,1300
1533,141,670
1534,141,795
1535,141,1157
1536,141,1407
1537,141,1399
1538,141,529
1539,141,1210
1540,141,107
1541,141,1535
1542,141,447
1543,141,318
1544,141,571
1545,141,694
1546,141,1459
1547,141,667
1548,141,514
1549,141,1053
1550,141,898
1551,141,1406
1552,141,1342
1553,141,812
1554,141,1106
1555,141,1215
1556,141,533
1557,141,1127
1558,141,532
1559,141,1281
1560,141,1046
1561,141,1538
1562,141,754
1563,141,740
1564,141,1327
1565,141,468
1566,141,760
1567,141,958
1568,141,550
1569,141,1557
1570,141,475
1571,141,1234
1572,141,1082
1573,141,1545
1574,141,626
1575,141,1517
1576,141,459
1577,141,263
1578,141,284
1579,141,1358
1580,141,1526
1581,141,379
1582,141,1068
1583,141,1077
1584,141,1168
1585,141,96
1586,141,850
1587,141,590
1588,141,344
1589,141,35
1590,141,369
1591,141,621
1592,141,150
1593,141,340
1594,141,398
1595,141,994
1596,141,1489
1597,141,789
1598,141,471
1599,141,1352
1600,141,177
1601,141,409
1602,141,221
1603,141,219
1604,141,135
1605,141,722
1606,141,9
1607,141,1155
1608,141,547
1609,141,817
1610,141,46
1611,141,1495
1612,141,1186
1613,141,275
1614,141,101
1615,141,978
1616,141,527
1617,141,1395
1618,141,630
1619,141,1044
1620,141,1607
1621,141,290
1622,141,520
1623,141,1439
1624,141,251
1625,141,634
1626,141,42
1627,141,1035
1628,141,384
1629,141,959
1630,141,460
1631,141,992
1632,141,129
1633,141,697
1634,141,40
1635,141,55
1636,141,955
1637,141,703
1638,141,20
1639,141,1314
1640,141,503
1641,141,194
1642,141,1090
1643,141,981
1644,141,742
1645,141,875
1646,141,726
1647,141,932
1648,141,1351
1649,141,781
1650,141,1283
1651,141,1126
1652,141,1211
1653,141,599
1654,141,1328
1655,141,869
1656,141,1294
1657,141,569
1658,141,176
1659,141,707
1660,141,640
1661,141,682
1662,141,1486
1663,141,69
1664,141,988
1665,141,200
1666,141,266
1667,141,1409
1668,141,565
1669,141,457
1670,141,798
1671,141,685
1672,141,1359
1673,141,865
1674,141,1519
1675,141,37
1676,141,791
1677,141,693
1678,141,827
1679,141,1185
1680,141,570
1681,141,748
1682,141,729
1683,141,1481
1684,141,92
1685,141,333
1686,174,293
1687,176,697
1688,176,363
1689,176,1398
1690,176,191
1691,176,556
1692,176,1253
1693,176,1250
1694,176,1164
1695,176,961
1696,176,1026
1697,176,22
1698,176,611
1699,176,390
1700,176,977
1701,176,290
1702,176,1080
1703,176,637
1704,176,1061
1705,176,367
1706,176,279
1707,176,1318
1708,176,1503
1709,176,1341
1710,176,1162
1711,176,648
1712,176,1028
1713,176,993
1714,176,1020
1715,176,459
1716,176,1535
1717,176,303
1718,176,145
1719,176,513
1720,176,1180
1721,176,1458
1722,176,970
1723,176,128
1724,176,845
1725,176,315
1726,176,1015
1727,176,243
1728,176,489
1729,176,1469
1730,176,432
1731,176,185
1732,176,153
1733,176,592
1734,176,787
1735,176,628
1736,176,1264
1737,176,60
1738,176,376
1739,176,919
1740,176,1
1741,176,1568
1742,176,467
1743,176,741
1744,176,1405
1745,176,1587
1746,176,1501
1747,176,1130
1748,176,271
1749,176,824
1750,176,319
1751,176,572
1752,176,759
1753,176,931
1754,176,1473
1755,176,1404
1756,176,423
1757,176,1111
1758,176,851
1759,176,1307
1760,176,927
1761,176,1218
1762,176,1472
1763,176,710
1764,176,951
1765,176,348
1766,176,544
1767,176,478
1768,176,1542
1769,176,1251
1770,176,683
1771,176,1149
1772,176,958
1773,176,375
1774,176,862
1775,176,924
1776,176,499
1777,176,1367
1778,176,1233
1779,176,714
1780,176,663
1781,176,203
1782,176,1247
1783,176,1534
1784,176,297
1785,176,537
1786,176,1331
1787,176,1248
1788,176,952
1789,176,526
1790,176,369
1791,176,782
1792,176,1208
1793,176,1056
1794,176,214
1795,176,882
1796,176,1018
1797,176,1010
1798,176,358
1799,176,753
1800,176,865
1801,176,476
1802,176,828
1803,176,134
1804,176,899
1805,176,670
1806,176,1037
1807,176,1306
1808,176,641
1809,176,808
1810,176,1593
1811,176,111
1812,176,709
1813,176,147
1814,176,332
1815,176,1584
1816,176,388
1817,176,1033
1818,176,727
1819,176,275
1820,176,502
1821,176,1400
1822,176,698
1823,176,666
1824,176,1476
1825,176,1311
1826,176,336
1827,176,262
1828,176,776
1829,176,1596
1830,176,1556
1831,176,1407
1832,176,1292
1833,176,973
1834,176,296
1835,176,814
1836,176,965
1837,176,944
1838,176,1029
1839,176,1348
1840,176,872
1841,176,916
1842,176,1041
1843,176,43
1844,176,269
1845,176,1140
1846,176,812
1847,176,1446
1848,176,1075
1849,176,1559
1850,176,646
1851,176,401
1852,176,1403
1853,176,64
1854,176,433
1855,176,8
1856,176,805
1857,176,1579
1858,176,97
1859,176,819
1860,176,115
1861,176,103
1862,176,995
1863,176,156
1864,176,1271
1865,176,1103
1866,176,659
1867,176,359
1868,176,1597
1869,176,1520
1870,176,1040
1871,176,1508
1872,176,472
1873,176,65
1874,176,263
1875,176,62
1876,176,1131
1877,176,1553
1878,176,688
1879,176,1209
1880,176,1155
1881,176,255
1882,176,938
1883,176,625
1884,176,477
1885,176,391
1886,176,1144
1887,176,1062
1888,176,183
1889,176,1346
1890,176,200
1891,176,16
1892,176,1088
1893,176,107
1894,176,27
1895,176,558
1896,176,408
1897,176,414
1898,189,1250
1899,189,328
1900,189,1411
1901,189,1290
1902,189,709
1903,189,844
1904,189,805
1905,189,1347
1906,189,976
1907,189,1226
1908,189,4
1909,189,1486
1910,189,615
1911,189,1349
1912,189,191
1913,189,1511
1914,189,269
1915,189,307
1916,189,1251
1917,189,1139
1918,189,223
1919,189,1442
1920,189,1121
1921,189,1505
1922,189,926
1923,189,599
1924,189,1367
1925,189,180
1926,189,90
1927,189,984
1928,189,1530
1929,189,821
1930,189,334
1931,189,696
1932,189,936
1933,189,1428
1934,189,581
1935,189,429
1936,189,284
1937,189,1222
1938,189,1208
1939,189,887
1940,189,76
1941,189,540
1942,189,1344
1943,189,1515
1944,189,768
1945,189,775
1946,189,99
1947,189,1499
1948,189,1440
1949,189,828
1950,189,219
1951,189,282
1952,189,593
1953,189,1071
1954,189,1404
1955,189,1539
1956,189,958
1957,189,82
1958,189,645
1959,189,422
1960,189,566
1961,189,226
1962,189,784
1963,189,373
1964,189,1009
1965,189,1273
1966,189,296
1967,189,457
1968,189,342
1969,189,980
1970,189,1405
1971,189,1063
1972,189,314
1973,189,592
1974,189,238
1975,189,866
1976,189,261
1977,189,274
1978,189,1567
1979,189,264
1980,189,1469
1981,189,1400
1982,189,1100
1983,189,208
1984,189,306
1985,189,98
1986,189,834
1987,189,952
1988,189,858
1989,189,848
1990,189,650
1991,189,490
1992,189,1264
1993,189,704
1994,189,381
1995,189,1244
1996,189,93
1997,189,186
1998,189,310
1999,189,777
2000,189,589
2001,189,483
2002,189,907
2003,189,855
2004,189,1012
2005,189,840
2006,189,363
2007,189,519
2008,189,74
2009,189,1383
2010,189,376
2011,189,1525
2012,189,1301
2013,189,756
2014,189,1456
2015,189,803
2016,189,1007
2017,189,649
2018,189,796
2019,189,502
2020,189,171
2021,189,824
2022,189,854
2023,189,1133
2024,189,38
2025,189,297
2026,189,1446
2027,189,1174
2028,189,165
2029,189,355
2030,189,1516
2031,189,1041
2032,189,1006
2033,189,994
2034,189,1532
2035,189,1258
2036,189,829
2037,189,1267
2038,189,972
2039,189,222
2040,189,1159
2041,189,298
2042,189,1218
2043,189,1368
2044,189,925
2045,189,1333
2046,189,1066
2047,189,245
2048,189,80
2049,189,707
2050,189,1472
2051,189,831
2052,189,455
2053,189,339
2054,189,1496
2055,189,549
2056,189,31
2057,189,1149
2058,189,436
2059,189,989
2060,189,379
2061,189,1026
2062,189,722
2063,189,979
2064,195,1151
2065,195,1134
2066,195,1358
2067,195,359
2068,195,181
2069,195,563
2070,200,271
2071,200,817
2072,200,1495
2073,200,897
2074,200,919
2075,200,140
2076,200,665
2077,200,1535
2078,200,23
2079,200,1181
2080,200,1389
2081,200,198
2082,200,402
2083,200,210
2084,200,1339
2085,200,1617
2086,200,92
2087,200,36
2088,200,971
2089,200,96
2090,200,694
2091,200,1114
2092,200,636
2093,200,188
2094,200,536
2095,200,1082
2096,200,670
2097,200,1346
2098,200,537
2099,200,472
2100,200,760
2101,200,62
2102,200,983
2103,200,1608
2104,200,268
2105,200,744
2106,200,991
2107,200,385
2108,200,1211
2109,200,546
2110,200,414
2111,200,337
2112,200,685
2113,200,110
2114,200,1099
2115,200,241
2116,200,1215
2117,200,1011
2118,200,833
2119,200,11
2120,200,963
2121,200,16
2122,200,413
2123,200,266
2124,200,547
2125,200,906
2126,200,1395
2127,200,259
2128,200,1312
2129,200,246
2130,200,863
2131,200,1403
2132,200,1584
2133,200,107
2134,200,1609
2135,200,988
2136,200,333
2137,200,1019
2138,200,981
2139,200,851
2140,200,1095
2141,200,1358
2142,200,1415
2143,200,150
2144,200,990
2145,200,1185
2146,200,451
2147,200,1467
2148,200,251
2149,200,384
2150,200,351
2151,200,1307
2152,200,1342
2153,200,935
2154,200,1223
2155,200,1326
2156,200,992
2157,200,1352
2158,200,1357
2159,200,177
2160,200,492
2161,200,46
2162,200,1332
2163,200,722
2164,200,514
2165,200,1304
2166,200,569
2167,200,712
2168,200,1300
2169,200,475
2170,200,1576
2171,200,1126
2172,200,1557
2173,200,1191
2174,200,1316
2175,200,708
2176,200,1545
2177,200,808
2178,200,42
2179,200,1549
2180,200,1498
2181,200,103
2182,200,759
2183,200,1314
2184,200,969
2185,200,667
2186,200,247
2187,200,1348
2188,200,629
2189,200,884
2190,200,1553
2191,200,1439
2192,200,365
2193,200,1485
2194,200,358
2195,200,194
2196,200,703
2197,200,309
2198,200,1210
2199,200,1422
2200,200,827
2201,200,239
2202,200,932
2203,200,196
2204,200,315
2205,200,1417
2206,200,346
2207,200,1501
2208,200,401
2209,200,623
2210,200,221
2211,200,666
2212,200,284
2213,200,575
2214,200,693
2215,200,137
2216,200,32
2217,200,1301
2218,200,807
2219,200,1281
2220,200,684
2221,200,218
2222,200,1276
2223,200,1407
2224,200,740
2225,200,340
2226,200,520
2227,202,532
2228,202,1593
2229,202,1139
2230,202,1357
2231,202,924
2232,202,344
2233,202,982
2234,202,727
2235,202,471
2236,202,1155
2237,202,1244
2238,202,662
2239,202,227
2240,202,1275
2241,202,1314
2242,202,205
2243,202,1524
2244,202,708
2245,202,1130
2246,202,1580
2247,202,1465
2248,202,240
2249,202,199
2250,202,478
2251,202,281
2252,202,946
2253,202,1185
2254,202,1511
2255,202,750
2256,202,57
2257,202,1440
2258,202,1260
2259,202,16
2260,202,1093
2261,202,773
2262,202,1000
2263,202,1617
2264,202,698
2265,202,1312
2266,202,121
2267,202,1611
2268,202,710
2269,202,1570
2270,202,1324
2271,202,201
2272,202,92
2273,202,398
2274,202,967
2275,202,367
2276,202,1208
2277,202,993
2278,202,530
2279,202,1215
2280,202,1415
2281,202,1078
2282,202,1255
2283,202,928
2284,202,630
2285,202,1316
2286,202,1154
2287,202,72
2288,202,537
2289,202,62
2290,202,1540
2291,202,592
2292,202,728
2293,202,483
2294,202,1271
2295,202,1508
2296,202,410
2297,202,1489
2298,202,407
2299,202,857
2300,202,635
2301,202,481
2302,202,208
2303,202,1147
2304,202,1089
2305,202,0
2306,202,1477
2307,202,1041
2308,202,1164
2309,202,683
2310,202,934
2311,202,679
2312,202,753
2313,202,746
2314,202,954
2315,202,1138
2316,202,1292
2317,202,1176
2318,202,1387
2319,202,191
2320,202,1444
2321,202,1054
2322,202,94
2323,202,816
2324,202,153
2325,202,1587
2326,202,1453
2327,202,90
2328,202,526
2329,202,1428
2330,202,107
2331,202,1518
2332,202,665
2333,202,167
2334,202,1619
2335,202,1588
2336,202,342
2337,202,578
2338,202,970
2339,202,645
2340,202,1497
2341,202,260
2342,202,463
2343,202,1549
2344,202,1133
2345,202,1536
2346,202,1407
2347,202,1311
2348,202,171
2349,202,401
2350,202,316
2351,202,305
2352,202,1005
2353,202,668
2354,202,1413
2355,202,98
2356,202,65
2357,202,1358
2358,202,1421
2359,202,655
2360,202,1406
2361,202,214
2362,202,1423
2363,202,460
2364,202,542
2365,202,219
2366,202,893
2367,202,556
2368,202,339
2369,202,599
2370,202,1162
2371,202,1391
2372,202,233
2373,202,22
2374,202,824
2375,202,436
2376,202,391
2377,202,935
2378,202,840
2379,202,1364
2380,202,952
2381,202,369
2382,202,1604
2383,202,1199
2384,202,1319
2385,202,586
2386,202,990
2387,202,134
2388,202,432
2389,202,671
2390,202,492
2391,202,688
2392,202,24
2393,202,185
2394,202,269
2395,202,1059
2396,202,1535
2397,202,1206
2398,202,808
2399,202,736
2400,202,1504
2401,202,1007
2402,202,1375
2403,202,86
2404,202,472
2405,202,1355
2406,202,861
2407,202,872
2408,202,905
2409,202,837
2410,202,642
2411,202,1379
2412,202,470
2413,202,913
2414,202,298
2415,202,1532
2416,202,1064
2417,202,766
2418,202,513
2419,202,628
2420,202,1522
2421,202,1382
2422,202,500
2423,202,1454
2424,202,385
2425,202,1538
2426,202,769
2427,202,945
2428,202,1405
2429,202,146
2430,202,1027
2431,202,958
2432,202,279
2433,202,892
2434,202,1303
2435,202,1025
2436,202,438
2437,202,58
2438,202,285
2439,202,670
2440,202,1182
2441,202,1483
2442,202,1186
2443,202,615
2444,202,247
2445,202,1610
2446,202,499
2447,202,1447
2448,202,1579
2449,202,1034
2450,202,341
2451,202,254
2452,202,996
2453,202,916
2454,202,1510
2455,202,439
2456,202,1267
2457,202,111
2458,202,1473
2459,202,1403
2460,202,636
2461,202,1146
2462,202,1411
2463,202,1556
2464,202,358
2465,202,336
2466,202,536
2467,202,798
2468,202,264
2469,202,787
2470,202,1348
2471,202,43
2472,202,1378
2473,202,33
2474,202,1331
2475,202,973
2476,202,1243
2477,202,1384
2478,202,661
2479,202,1469
2480,202,374
2481,202,371
2482,202,1145
2483,202,312
2484,202,1402
2485,202,1501
2486,202,1302
2487,202,1153
2488,202,273
2489,202,1344
2490,202,1151
2491,202,1050
2492,202,1328
2493,202,474
2494,202,203
2495,202,582
2496,202,1143
2497,202,995
2498,202,626
2499,202,1342
2500,202,333
2501,202,974
2502,202,80
2503,202,531
2504,202,455
2505,202,150
2506,202,848
2507,202,8
2508,202,1558
2509,202,963
2510,202,659
2511,202,652
2512,202,198
2513,202,326
2514,202,445
2515,202,1033
2516,202,575
2517,202,245
2518,202,63
2519,202,1531
2520,202,1066
2521,202,831
2522,202,1400
2523,202,402
2524,202,981
2525,202,42
2526,202,1431
2527,202,1397
2528,202,868
2529,202,1187
2530,202,268
2531,202,488
2532,202,307
2533,202,1140
2534,202,1009
2535,202,865
2536,202,101
2537,202,503
2538,202,1353
2539,202,1204
2540,202,1568
2541,202,206
2542,202,1029
2543,202,1567
2544,202,719
2545,202,629
2546,202,1157
2547,202,1112
2548,202,14
2549,202,1494
2550,202,759
2551,202,315
2552,202,686
2553,202,1004
2554,202,54
2555,202,337
2556,202,791
2557,202,1028
2558,202,1290
2559,204,690
2560,204,1264
2561,204,1220
2562,204,547
2563,204,698
2564,204,249
2565,204,374
2566,204,111
2567,204,1025
2568,204,1591
2569,204,668
2570,204,1427
2571,204,1162
2572,204,1437
2573,204,255
2574,204,42
2575,204,945
2576,204,882
2577,204,14
2578,204,225
2579,204,1421
2580,204,1284
2581,204,510
2582,204,1193
2583,204,818
2584,204,355
2585,204,876
2586,204,544
2587,204,432
2588,204,1444
2589,204,1558
2590,204,1113
2591,204,826
2592,204,1554
2593,204,1215
2594,204,1060
2595,204,1015
2596,204,1258
2597,204,778
2598,204,1440
2599,204,1030
2600,204,1159
2601,204,393
2602,204,809
2603,204,92
2604,204,755
2605,204,828
2606,204,488
2607,204,448
2608,204,1566
2609,204,456
2610,204,786
2611,204,258
2612,204,489
2613,204,274
2614,204,1039
2615,204,206
2616,204,73
2617,204,791
2618,204,1232
2619,204,1496
2620,204,534
2621,204,311
2622,204,1240
2623,204,1287
2624,204,619
2625,204,332
2626,204,1319
2627,204,1317
2628,204,891
2629,204,94
2630,204,423
2631,204,934
2632,204,1447
2633,204,29
2634,204,542
2635,204,1516
2636,204,210
2637,204,725
2638,204,61
2639,204,607
2640,204,843
2641,204,228
2642,204,649
2643,204,1485
2644,204,1351
2645,204,1192
2646,204,985
2647,204,881
2648,204,48
2649,204,1207
2650,204,1054
2651,204,736
2652,204,739
2653,204,452
2654,204,51
2655,204,281
2656,204,964
2657,204,1096
2658,204,193
2659,204,681
2660,204,470
2661,204,1610
2662,204,892
2663,204,641
2664,204,1094
2665,204,248
2666,204,937
2667,204,1087
2668,204,1556
2669,204,371
2670,204,624
2671,204,153
2672,204,394
2673,204,349
2674,204,244
2675,204,1052
2676,204,1194
2677,204,72
2678,204,599
2679,204,958
2680,204,568
2681,204,235
2682,204,1027
2683,204,471
2684,204,47
2685,204,531
2686,204,1354
2687,204,995
2688,204,402
2689,204,1460
2690,204,1212
2691,204,141
2692,204,812
2693,204,754
2694,204,1024
2695,204,1276
2696,204,1585
2697,204,229
2698,204,1339
2699,204,59
2700,204,1146
2701,204,1410
2702,204,1244
2703,204,314
2704,204,1175
2705,204,907
2706,204,707
2707,204,1382
2708,204,1466
2709,204,490
2710,204,209
2711,204,1132
2712,204,840
2713,204,1403
2714,204,1088
2715,204,942
2716,204,498
2717,204,1529
2718,204,1252
2719,204,1302
2720,204,753
2721,204,1347
2722,204,865
2723,204,257
2724,204,1567
2725,204,581
2726,204,869
2727,204,208
2728,204,811
2729,204,773
2730,204,1066
2731,204,1364
2732,204,513
2733,204,344
2734,204,815
2735,204,706
2736,204,1508
2737,204,543
2738,204,693
2739,204,979
2740,204,100
2741,204,497
2742,204,1145
2743,204,1611
2744,204,352
2745,204,623
2746,204,137
2747,204,1491
2748,204,105
2749,204,188
2750,204,589
2751,204,906
2752,204,348
2753,204,1454
2754,204,398
2755,204,152
2756,204,720
2757,204,1099
2758,204,659
2759,204,1239
2760,204,1103
2761,204,1452
2762,204,1413
2763,204,460
2764,204,567
2765,204,1022
2766,204,849
2767,204,38
2768,204,1243
2769,204,1298
2770,204,620
2771,204,1281
2772,204,648
2773,204,10
2774,204,938
2775,204,364
2776,204,788
2777,204,1402
2778,204,179
2779,204,911
2780,204,916
2781,204,1329
2782,204,477
2783,204,1573
2784,204,474
2785,204,948
2786,204,931
2787,204,342
2788,204,334
2789,204,403
2790,204,549
2791,204,1084
2792,204,1511
2793,204,915
2794,204,297
2795,204,928
2796,204,17
2797,204,1147
2798,204,846
2799,204,1431
2800,204,222
2801,204,1174
2802,204,1230
2803,204,1053
2804,204,410
2805,204,287
2806,204,1424
2807,204,824
2808,204,1234
2809,204,405
2810,204,1299
2811,204,775
2812,204,308
2813,204,1061
2814,204,667
2815,204,131
2816,204,981
2817,204,380
2818,204,1515
2819,204,975
2820,204,1
2821,204,63
2822,204,1500
2823,204,18
2824,204,304
2825,204,335
2826,204,580
2827,204,98
2828,204,203
2829,204,644
2830,204,1101
2831,204,590
2832,204,1390
2833,204,572
2834,204,886
2835,204,596
2836,204,804
2837,204,1293
2838,204,1033
2839,204,893
2840,204,1469
2841,204,106
2842,204,9
2843,204,1344
2844,204,1064
2845,204,175
2846,204,128
2847,204,376
2848,204,1035
2849,204,727
2850,204,465
2851,204,1593
2852,204,1184
2853,204,1357
2854,204,1229
2855,204,889
2856,204,183
2857,204,339
2858,204,834
2859,204,1525
2860,204,112
2861,204,262
2862,204,411
2863,204,369
2864,204,918
2865,204,1176
2866,204,770
2867,204,1014
2868,204,1076
2869,204,955
2870,204,288
2871,204,814
2872,204,702
2873,204,509
2874,204,993
2875,204,563
2876,204,433
2877,204,1041
2878,204,328
2879,204,864
2880,204,264
2881,204,1071
2882,204,1384
2883,204,1250
2884,204,80
2885,204,1398
2886,204,1000
2887,204,1056
2888,204,1414
2889,204,199
2890,204,1007
2891,204,1578
2892,204,848
2893,204,503
2894,204,1368
2895,204,266
2896,204,1597
2897,204,1568
2898,204,366
2899,204,863
2900,204,1374
2901,204,418
2902,204,1136
2903,204,1093
2904,204,26
2905,204,1034
2906,204,214
2907,204,1107
2908,204,1303
2909,204,949
2910,204,582
2911,204,1268
2912,204,760
2913,204,577
2914,204,118
2915,204,540
2916,204,483
2917,204,873
2918,204,350
2919,204,1458
2920,204,438
2921,204,724
2922,204,1353
2923,204,1186
2924,204,545
2925,204,285
2926,204,517
2927,204,609
2928,204,1265
2929,204,927
2930,204,1363
2931,204,54
2932,204,1574
2933,204,447
2934,204,506
2935,204,202
2936,204,630
2937,204,858
2938,204,1450
2939,204,645
2940,204,1465
2941,204,1286
2942,204,1182
2943,204,768
2944,204,732
2945,204,923
2946,204,445
2947,204,1369
2948,204,759
2949,204,1429
2950,204,1553
2951,204,391
2952,204,1251
2953,204,1100
2954,204,687
2955,204,1405
2956,204,967
2957,204,726
2958,204,1028
2959,204,533
2960,204,107
2961,204,1324
2962,204,530
2963,204,226
2964,204,612
2965,204,422
2966,204,130
2967,204,1619
2968,204,1581
2969,204,260
2970,204,93
2971,204,756
2972,204,457
2973,204,1467
2974,204,1355
2975,204,1540
2976,204,127
2977,204,1080
2978,204,1156
2979,204,1020
2980,204,1246
2981,204,1026
2982,204,566
2983,204,167
2984,204,769
2985,204,523
2986,204,1311
2987,204,1604
2988,204,663
2989,204,1580
2990,204,909
2991,204,550
2992,204,716
2993,204,476
2994,204,730
2995,204,940
2996,204,1456
2997,204,33
2998,204,1300
2999,204,576
3000,204,31
3001,204,1388
3002,204,642
3003,204,389
3004,204,1316
3005,204,1133
3006,204,1423
3007,204,556
3008,204,1312
3009,204,933
3010,204,21
3011,204,844
3012,204,1380
3013,204,635
3014,204,592
3015,204,333
3016,204,569
3017,204,588
3018,204,1228
3019,204,561
3020,204,1065
3021,204,1208
3022,204,898
3023,204,1202
3024,204,553
3025,204,234
3026,204,798
3027,204,367
3028,204,1520
3029,204,709
3030,204,837
3031,204,245
3032,204,146
3033,204,1154
3034,204,884
3035,204,745
3036,204,180
3037,204,996
3038,204,426
3039,204,1588
3040,204,279
3041,204,363
3042,204,1333
3043,204,1446
3044,204,1238
3045,204,1479
3046,204,1474
3047,204,634
3048,204,78
3049,204,1083
3050,204,614
3051,204,731
3052,204,622
3053,204,1074
3054,204,162
3055,204,862
3056,204,439
3057,204,573
3058,204,144
3059,204,178
3060,204,1399
3061,204,1137
3062,204,994
3063,204,269
3064,204,977
3065,204,1274
3066,204,520
3067,204,1409
3068,204,880
3069,204,1545
3070,204,980
3071,204,1206
3072,204,1328
3073,204,963
3074,204,1612
3075,204,120
3076,204,539
3077,204,1527
3078,204,184
3079,204,1577
3080,204,1615
3081,204,272
3082,204,1009
3083,204,1149
3084,204,808
3085,204,1451
3086,204,1569
3087,204,1016
3088,204,1151
3089,204,871
3090,204,259
3091,204,765
3092,204,700
3093,204,415
3094,204,294
3095,204,1221
3096,204,301
3097,204,39
3098,204,1236
3099,204,1263
3100,204,303
3101,204,1418
3102,204,1406
3103,204,360
3104,204,1181
3105,204,1169
3106,204,240
3107,204,494
3108,204,1018
3109,204,1499
3110,204,762
3111,204,381
3112,204,522
3113,204,44
3114,204,1392
3115,204,1245
3116,204,407
3117,204,594
3118,204,1081
3119,204,796
3120,204,868
3121,204,361
3122,204,1346
3123,204,757
3124,204,718
3125,204,1434
3126,204,639
3127,204,1138
3128,204,155
3129,204,1375
3130,204,1533
3131,204,499
3132,204,611
3133,204,1345
3134,204,853
3135,204,115
3136,204,917
3137,204,686
3138,204,608
3139,204,485
3140,204,1480
3141,204,1582
3142,204,1352
3143,204,1385
3144,204,1297
3145,208,741
3146,208,104
3147,208,1421
3148,208,426
3149,208,1285
3150,208,739
3151,208,1276
3152,208,951
3153,208,1131
3154,208,672
3155,208,1303
3156,208,1414
3157,208,1223
3158,208,1500
3159,208,1293
3160,208,681
3161,208,296
3162,208,1151
3163,208,294
3164,208,239
3165,208,1269
3166,208,14
3167,208,225
3168,208,1054
3169,208,934
3170,208,256
3171,208,1247
3172,208,184
3173,208,144
3174,208,9
3175,208,940
3176,208,247
3177,208,1038
3178,208,752
3179,208,438
3180,208,19
3181,208,1094
3182,208,1251
3183,208,609
3184,208,1130
3185,208,1019
3186,208,563
3187,208,413
3188,208,1578
3189,208,61
3190,208,1210
3191,208,407
3192,208,556
3193,208,838
3194,208,1470
3195,208,568
3196,208,994
3197,208,663
3198,208,364
3199,208,1207
3200,208,839
3201,208,1250
3202,208,756
3203,208,867
3204,208,983
3205,208,1029
3206,208,1191
3207,208,1274
3208,208,92
3209,208,1102
3210,208,581
3211,208,475
3212,208,1501
3213,208,271
3214,208,269
3215,208,717
3216,208,1089
3217,208,376
3218,208,975
3219,208,1367
3220,208,782
3221,208,180
3222,208,156
3223,208,536
3224,208,1204
3225,208,1267
3226,208,186
3227,208,744
3228,208,337
3229,208,1423
3230,208,129
3231,208,1562
3232,208,1115
3233,208,1188
3234,208,488
3235,208,134
3236,208,194
3237,208,684
3238,208,1015
3239,208,1328
3240,208,1076
3241,208,1005
3242,208,918
3243,208,1378
3244,208,1446
3245,208,584
3246,208,503
3247,208,868
3248,208,1281
3249,208,570
3250,208,371
3251,208,1163
3252,208,193
3253,208,768
3254,208,1593
3255,208,952
3256,208,1147
3257,208,174
3258,208,388
3259,208,1055
3260,208,406
3261,208,257
3262,208,1096
3263,208,1403
3264,208,773
3265,208,1518
3266,208,1039
3267,208,1078
3268,208,711
3269,208,610
3270,208,586
3271,208,1481
3272,208,671
3273,208,614
3274,208,1258
3275,208,1584
3276,208,1569
3277,208,1363
3278,208,212
3279,208,278
3280,208,236
3281,208,1565
3282,208,740
3283,208,1010
3284,208,1359
3285,208,1306
3286,208,96
3287,208,949
3288,208,815
3289,208,545
3290,208,506
3291,208,627
3292,208,1162
3293,208,334
3294,208,580
3295,208,808
3296,208,384
3297,208,1567
3298,208,280
3299,208,1530
3300,208,1028
3301,208,195
3302,208,679
3303,208,919
3304,208,48
3305,208,1529
3306,208,76
3307,208,620
3308,208,819
3309,208,479
3310,208,887
3311,208,628
3312,208,344
3313,208,1062
3314,208,1068
3315,208,490
3316,208,1307
3317,208,1436
3318,208,714
3319,208,286
3320,208,1009
3321,208,638
3322,208,1079
3323,208,28
3324,208,909
3325,208,636
3326,208,788
3327,208,1347
3328,208,1260
3329,208,611
3330,208,261
3331,208,1168
3332,208,220
3333,208,623
3334,208,883
3335,208,1349
3336,208,523
3337,208,1090
3338,208,1040
3339,208,480
3340,208,1472
3341,208,1100
3342,208,1238
3343,208,508
3344,208,389
3345,208,1216
3346,208,561
3347,208,399
3348,208,1494
3349,208,778
3350,208,1380
3351,208,702
3352,208,618
3353,208,17
3354,208,1093
3355,208,1061
3356,208,725
3357,208,477
3358,208,1534
3359,208,594
3360,208,772
3361,208,311
3362,208,103
3363,208,1192
3364,208,546
3365,208,44
3366,208,340
3367,208,1348
3368,208,69
3369,208,346
3370,208,1271
3371,208,1186
3372,208,1157
3373,208,410
3374,208,1467
3375,208,1517
3376,208,255
3377,208,724
3378,208,1473
3379,208,1437
3380,208,98
3381,208,647
3382,208,279
3383,208,931
3384,208,1385
3385,208,242
3386,208,42
3387,208,1138
3388,208,1489
3389,208,1119
3390,208,403
3391,208,716
3392,208,1027
3393,208,1236
3394,208,1308
3395,208,1030
3396,208,245
3397,208,472
3398,208,325
3399,208,1373
3400,208,94
3401,208,1422
3402,208,308
3403,208,1612
3404,208,1579
3405,208,51
3406,208,1304
3407,208,1550
3408,208,1345
3409,208,167
3410,208,25
3411,208,39
3412,208,1564
3413,208,198
3414,208,607
3415,208,1346
3416,208,158
3417,208,203
3418,208,818
3419,208,1220
3420,208,137
3421,208,196
3422,208,59
3423,208,60
3424,208,844
3425,208,1476
3426,208,18
3427,208,58
3428,208,1072
3429,208,1399
3430,208,750
3431,208,1106
3432,208,1059
3433,208,391
3434,208,1426
3435,208,1409
3436,208,829
3437,208,285
3438,208,956
3439,208,1243
3440,208,449
3441,208,807
3442,208,832
3443,208,1475
3444,208,1265
3445,208,1144
3446,208,139
3447,208,74
3448,208,929
3449,208,0
3450,208,811
3451,208,1185
3452,208,1074
3453,208,1087
3454,208,634
3455,208,1531
3456,208,1300
3457,208,78
3458,208,243
3459,208,1454
3460,208,229
3461,208,522
3462,208,850
3463,208,450
3464,208,118
3465,208,1146
3466,208,1118
3467,208,1180
3468,208,219
3469,208,266
3470,208,1587
3471,208,914
3472,208,1404
3473,208,24
3474,208,1406
3475,208,30
3476,208,1460
3477,208,1384
3478,208,463
3479,208,642
3480,208,1
3481,208,116
3482,208,1195
3483,208,211
3484,208,1515
3485,208,864
3486,208,953
3487,208,979
3488,208,1113
3489,208,1415
3490,208,414
3491,208,1283
3492,208,763
3493,208,332
3494,208,534
3495,208,941
3496,208,588
3497,208,1319
3498,208,1540
3499,208,1535
3500,208,843
3501,208,23
3502,208,79
3503,208,1187
3504,208,82
3505,208,1116
3506,208,986
3507,208,32
3508,208,1133
3509,208,1574
3510,208,424
3511,208,111
3512,208,1253
3513,208,1368
3514,208,738
3515,208,1289
3516,208,502
3517,208,1169
3518,208,511
3519,208,1351
3520,208,1134
3521,208,599
3522,208,1611
3523,208,749
3524,208,784
3525,208,667
3526,208,204
3527,208,326
3528,208,1013
3529,208,696
3530,208,404
3531,208,865
3532,208,869
3533,208,1125
3534,208,913
3535,208,1067
3536,208,152
3537,208,1299
3538,208,1499
3539,208,385
3540,208,1248
3541,208,197
3542,208,1222
3543,208,1153
3544,208,363
3545,208,1480
3546,208,1424
3547,208,1557
3548,208,1262
3549,208,317
3550,208,238
3551,208,550
3552,208,230
3553,208,1602
3554,208,507
3555,208,1413
3556,208,1273
3557,208,47
3558,208,1107
3559,208,467
3560,208,691
3561,208,1420
3562,208,728
3563,208,1314
3564,208,1453
3565,208,483
3566,208,1559
3567,208,170
3568,208,1496
3569,208,327
3570,208,1173
3571,208,736
3572,208,785
3573,208,1176
3574,208,509
3575,208,1568
3576,208,49
3577,208,754
3578,208,890
3579,208,942
3580,208,1240
3581,208,1181
3582,208,244
3583,208,1331
3584,208,303
3585,208,597
3586,208,1025
3587,208,1234
3588,208,1604
3589,208,1324
3590,208,889
3591,208,520
3592,208,633
3593,208,1246
3594,208,304
3595,208,201
3596,208,897
3597,208,189
3598,208,171
3599,208,1218
3600,208,575
3601,208,1352
3602,208,1440
3603,208,1585
3604,208,1164
3605,208,105
3606,208,834
3607,208,40
3608,208,1417
3609,208,1286
3610,208,345
3611,208,63
3612,208,982
3613,208,1226
3614,208,1050
3615,208,216
3616,208,1070
3617,208,1434
3618,208,341
3619,208,644
3620,208,22
3621,208,1572
3622,208,817
3623,208,715
3624,208,727
3625,208,603
3626,208,882
3627,208,966
3628,208,706
3629,208,970
3630,208,1394
3631,208,422
3632,208,1386
3633,208,567
3634,208,297
3635,208,1601
3636,208,1140
3637,208,1497
3638,208,1158
3639,208,1358
3640,208,641
3641,208,459
3642,208,1487
3643,208,1128
3644,208,380
3645,208,1471
3646,208,791
3647,208,1573
3648,208,670
3649,208,20
3650,208,318
3651,208,746
3652,208,1044
3653,208,162
3654,208,1171
3655,208,1545
3656,208,177
3657,208,284
3658,208,369
3659,208,1330
3660,208,955
3661,208,993
3662,208,1520
3663,208,532
3664,208,840
3665,208,1372
3666,208,122
3667,208,1184
3668,208,1516
3669,208,1103
3670,208,1327
3671,208,1522
3672,208,1063
3673,208,89
3674,208,1085
3675,208,769
3676,208,1007
3677,208,1576
3678,208,1407
3679,208,1382
3680,208,1617
3681,208,1294
3682,208,1042
3683,208,937
3684,208,961
3685,208,1111
3686,208,939
3687,208,1088
3688,208,668
3689,208,816
3690,208,1033
3691,208,1541
3692,208,1609
3693,208,226
3694,208,1342
3695,208,755
3696,208,1521
3697,208,1553
3698,208,361
3699,208,1004
3700,208,1126
3701,208,37
3702,208,1395
3703,208,833
3704,208,1387
3705,208,803
3706,208,530
3707,208,1442
3708,208,1016
3709,208,535
3710,208,146
3711,208,469
3712,208,474
3713,208,608
3714,208,992
3715,208,719
3716,208,1428
3717,208,383
3718,208,699
3719,208,8
3720,208,1465
3721,208,492
3722,208,468
3723,208,898
3724,208,1053
3725,208,1505
3726,208,1411
3727,208,350
3728,208,1326
3729,208,652
3730,208,1143
3731,208,1231
3732,208,794
3733,208,1043
3734,208,553
3735,208,698
3736,208,1362
3737,208,911
3738,208,448
3739,208,1438
3740,208,712
3741,208,50
3742,208,250
3743,208,429
3744,208,447
3745,208,866
3746,208,251
3747,208,1339
3748,208,1462
3749,208,1427
3750,208,349
3751,208,775
3752,208,1154
3753,208,1450
3754,208,298
3755,208,290
3756,208,704
3757,208,814
3758,208,181
3759,208,126
3760,208,224
3761,208,1301
3762,208,46
3763,208,1511
3764,208,106
3765,208,431
3766,208,1232
3767,208,824
3768,208,1023
3769,208,1046
3770,208,309
3771,208,980
3772,208,259
3773,208,1405
3774,208,291
3775,208,626
3776,208,62
3777,208,1084
3778,208,1401
3779,208,1041
3780,208,1532
3781,208,998
3782,208,1353
3783,208,981
3784,208,140
3785,208,148
3786,208,1194
3787,208,915
3788,208,1239
3789,208,812
3790,208,200
3791,208,710
3792,208,848
3793,208,925
3794,208,859
3795,208,687
3796,208,357
3797,208,692
3798,208,362
3799,208,154
3800,208,16
3801,208,921
3802,208,1066
3803,208,352
3804,208,733
3805,208,928
3806,208,1022
3807,208,1596
3808,208,150
3809,208,1215
3810,208,1610
3811,208,967
3812,208,183
3813,208,45
3814,208,312
3815,208,1477
3816,208,1052
3817,208,549
3818,208,1095
3819,208,1597
3820,208,685
3821,208,360
3822,208,771
3823,208,1547
3824,208,457
3825,208,969
3826,208,658
3827,208,1002
3828,208,1581
3829,208,1199
3830,208,1297
3831,208,464
3832,208,1398
3833,208,1159
3834,208,1364
3835,208,305
3836,208,1312
3837,208,64
3838,208,1152
3839,208,1448
3840,208,881
3841,208,35
3842,208,805
3843,208,10
3844,208,708
3845,208,757
3846,208,121
3847,208,726
3848,208,593
3849,208,1268
3850,208,322
3851,208,759
3852,208,258
3853,208,517
3854,208,705
3855,208,282
3856,208,275
3857,208,1081
3858,208,191
3859,208,660
3860,208,831
3861,208,342
3862,208,43
3863,208,662
3864,208,876
3865,208,558
3866,208,1607
3867,208,760
3868,208,862
3869,208,985
3870,208,133
3871,208,596
3872,208,858
3873,208,828
3874,208,1598
3875,208,531
3876,208,639
3877,208,1203
3878,208,1495
3879,208,1366
3880,208,366
3881,208,686
3882,208,72
3883,208,1588
3884,208,1255
3885,208,893
3886,208,102
3887,208,1459
3888,208,1270
3889,208,1469
3890,208,114
3891,208,1563
3892,208,1357
3893,208,465
3894,208,1344
3895,208,533
3896,208,441
3897,208,1193
3898,208,690
3899,208,478
3900,208,272
3901,208,1546
3902,208,1290
3903,208,963
3904,208,310
3905,208,281
3906,208,659
3907,208,1244
3908,208,36
3909,208,978
3910,208,31
3911,208,576
3912,208,573
3913,208,958
3914,208,1139
3915,208,683
3916,208,359
3917,208,1261
3918,208,1400
3919,208,374
3920,208,629
3921,208,547
3922,208,1444
3923,208,408
3924,208,1526
3925,208,263
3926,208,1108
3927,208,372
3928,208,1127
3929,208,1212
3930,208,799
3931,208,4
3932,208,650
3933,208,396
3934,208,130
3935,208,875
3936,208,86
3937,208,1439
3938,208,131
3939,208,1583
3940,208,1485
3941,208,1528
3942,208,315
3943,208,1117
3944,208,288
3945,208,65
3946,208,694
3947,208,849
3948,208,519
3949,208,157
3950,208,1080
3951,208,143
3952,208,989
3953,208,1032
3954,208,109
3955,208,1341
3956,208,1430
3957,208,1335
3958,208,394
3959,208,316
3960,208,976
3961,208,1021
3962,208,415
3963,208,1443
3964,208,571
3965,208,1137
3966,208,718
3967,208,445
3968,208,1018
3969,208,320
3970,208,795
3971,208,745
3972,208,222
3973,208,1122
3974,208,853
3975,208,497
3976,208,125
3977,208,991
3978,208,1570
3979,208,732
3980,208,1263
3981,208,930
3982,208,1272
3983,208,1388
3984,219,39
3985,219,438
3986,219,1405
3987,219,467
3988,219,639
3989,219,1466
3990,219,904
3991,219,135
3992,219,1469
3993,219,1353
3994,219,1456
3995,219,1239
3996,219,751
3997,219,1217
3998,219,1106
3999,219,1208
4000,219,412
4001,219,269
4002,219,346
4003,219,928
4004,219,1503
4005,219,295
4006,219,106
4007,219,235
4008,219,1026
4009,219,1521
4010,219,719
4011,219,216
4012,219,892
4013,219,791
4014,219,285
4015,219,18
4016,219,61
4017,219,424
4018,219,718
4019,219,1156
4020,219,51
4021,219,287
4022,219,1132
4023,219,1074
4024,219,87
4025,219,533
4026,219,91
4027,219,416
4028,219,807
4029,219,165
4030,219,1293
4031,219,721
4032,219,658
4033,219,191
4034,219,1183
4035,219,229
4036,219,1505
4037,219,875
4038,219,778
4039,219,1175
4040,219,1499
4041,219,293
4042,219,380
4043,219,561
4044,219,255
4045,219,335
4046,219,1125
4047,219,278
4048,219,460
4049,219,1313
4050,219,1056
4051,219,247
4052,219,821
4053,219,553
4054,219,104
4055,219,1527
4056,219,1553
4057,219,485
4058,219,1084
4059,219,956
4060,219,958
4061,219,1015
4062,219,240
4063,219,339
4064,219,1037
4065,219,1234
4066,219,20
4067,219,1243
4068,219,344
4069,219,1063
4070,219,1303
4071,219,288
4072,219,1508
4073,219,705
4074,219,1349
4075,219,1080
4076,219,72
4077,219,35
4078,219,139
4079,219,1504
4080,219,775
4081,219,812
4082,219,478
4083,219,318
4084,219,1345
4085,219,1053
4086,219,411
4087,219,756
4088,219,1444
4089,219,573
4090,219,167
4091,219,209
4092,219,1089
4093,219,1355
4094,219,177
4095,219,1587
4096,219,1235
4097,219,641
4098,219,1003
4099,219,433
4100,219,663
4101,219,500
4102,219,1373
4103,219,1088
4104,219,1596
4105,219,98
4106,219,1147
4107,219,80
4108,219,1435
4109,219,556
4110,219,782
4111,219,180
4112,219,200
4113,219,226
4114,219,781
4115,219,676
4116,219,445
4117,219,923
4118,219,1111
4119,219,706
4120,219,829
4121,219,1206
4122,219,627
4123,219,1479
4124,219,1480
4125,219,451
4126,219,670
4127,219,546
4128,242,956
4129,242,1096
4130,242,863
4131,242,1485
4132,242,1406
4133,242,335
4134,242,1506
4135,242,1389
4136,242,167
4137,242,1154
4138,242,433
4139,242,1002
4140,242,770
4141,242,1248
4142,242,334
4143,242,1429
4144,242,61
4145,242,1196
4146,242,750
4147,242,1271
4148,242,933
4149,242,998
4150,242,748
4151,242,1044
4152,242,1568
4153,242,429
4154,242,466
4155,242,1471
4156,242,63
4157,242,991
4158,242,1074
4159,242,771
4160,242,1260
4161,242,112
4162,242,191
4163,242,1587
4164,242,328
4165,242,1100
4166,242,1023
4167,242,1403
4168,242,751
4169,242,200
4170,242,1405
4171,242,258
4172,242,1030
4173,242,921
4174,242,808
4175,242,821
4176,242,1208
4177,242,1153
4178,242,446
4179,242,183
4180,242,204
4181,242,1431
4182,242,1039
4183,242,1553
4184,242,233
4185,242,1094
4186,242,1355
4187,242,585
4188,242,80
4189,242,607
4190,242,1527
4191,242,1347
4192,242,356
4193,242,843
4194,242,312
4195,242,820
4196,242,483
4197,242,812
4198,242,1220
4199,242,884
4200,242,103
4201,242,1442
4202,242,1359
4203,242,608
4204,242,1176
4205,242,1247
4206,242,1612
4207,242,858
4208,242,468
4209,242,223
4210,242,215
4211,242,517
4212,242,945
4213,242,235
4214,242,308
4215,242,1127
4216,242,996
4217,242,610
4218,242,155
4219,242,1078
4220,242,1187
4221,242,1099
4222,242,1351
4223,242,857
4224,242,1549
4225,242,1112
4226,242,1038
4227,242,305
4228,242,1465
4229,242,1335
4230,242,1428
4231,242,553
4232,242,1569
4233,242,558
4234,242,1107
4235,242,1241
4236,242,1162
4237,242,306
4238,242,180
4239,242,972
4240,242,753
4241,242,816
4242,242,1046
4243,242,480
4244,242,1022
4245,242,649
4246,242,1056
4247,242,693
4248,242,303
4249,242,1009
4250,242,946
4251,242,500
4252,242,1378
4253,242,1538
4254,242,927
4255,242,1391
4256,242,682
4257,242,1435
4258,242,796
4259,242,1232
4260,242,1139
4261,242,910
4262,242,98
4263,242,1128
4264,242,431
4265,242,64
4266,242,1535
4267,242,635
4268,242,9
4269,242,1501
4270,242,1505
4271,242,514
4272,242,1479
4273,242,7
4274,242,1580
4275,242,1503
4276,242,1059
4277,242,422
4278,242,254
4279,242,118
4280,242,369
4281,242,934
4282,242,478
4283,242,1342
4284,242,1199
4285,242,1284
4286,242,787
4287,242,1293
4288,242,1317
4289,242,342
4290,242,54
4291,242,1061
4292,242,1539
4293,242,346
4294,242,1509
4295,242,1434
4296,242,1006
4297,242,530
4298,242,1494
4299,242,1207
4300,242,18
4301,242,1392
4302,242,521
4303,242,1617
4304,242,754
4305,242,1497
4306,242,1007
4307,242,628
4308,242,152
4309,242,954
4310,242,498
4311,242,597
4312,242,1410
4313,242,423
4314,242,676
4315,242,1394
4316,242,278
4317,242,785
4318,242,1308
4319,242,247
4320,242,294
4321,260,152
4322,260,1427
4323,260,1474
4324,260,1157
4325,260,990
4326,260,1273
4327,260,886
4328,260,470
4329,260,639
4330,260,577
4331,260,567
4332,260,1022
4333,260,986
4334,260,1106
4335,260,318
4336,260,350
4337,260,266
4338,260,612
4339,260,948
4340,260,868
4341,260,1328
4342,260,363
4343,260,69
4344,260,24
4345,260,704
4346,260,533
4347,260,718
4348,260,469
4349,260,1192
4350,260,385
4351,260,255
4352,260,1311
4353,260,753
4354,260,1168
4355,260,51
4356,260,1357
4357,260,1038
4358,260,96
4359,260,649
4360,260,647
4361,260,1450
4362,260,308
4363,260,1442
4364,260,594
4365,260,1134
4366,260,596
4367,260,732
4368,260,1081
4369,260,1451
4370,260,514
4371,260,808
4372,260,177
4373,260,1253
4374,260,1394
4375,260,171
4376,260,446
4377,260,412
4378,260,658
4379,260,475
4380,260,900
4381,260,1547
4382,260,1525
4383,260,1030
4384,260,1035
4385,260,521
4386,260,121
4387,260,857
4388,260,1369
4389,260,1212
4390,260,923
4391,260,609
4392,260,19
4393,260,1009
4394,260,262
4395,260,740
4396,260,607
4397,260,1068
4398,260,1469
4399,260,1181
4400,260,1556
4401,260,451
4402,260,102
4403,260,903
4404,260,1497
4405,260,667
4406,260,695
4407,260,1163
4408,260,439
4409,260,1344
4410,260,1268
4411,260,872
4412,260,1470
4413,260,855
4414,260,36
4415,260,230
4416,260,11
4417,260,340
4418,260,147
4419,260,1519
4420,260,1440
4421,260,1103
4422,260,563
4423,260,973
4424,260,1520
4425,260,1436
4426,260,1002
4427,260,337
4428,260,862
4429,260,226
4430,260,1355
4431,260,1349
4432,260,1430
4433,260,1276
4434,260,916
4435,260,878
4436,260,984
4437,260,122
4438,260,883
4439,260,1258
4440,260,694
4441,260,766
4442,260,849
4443,260,611
4444,260,115
4445,260,1087
4446,260,1510
4447,260,569
4448,260,1025
4449,260,715
4450,260,1100
4451,260,45
4452,260,566
4453,260,765
4454,260,1588
4455,260,652
4456,260,1527
4457,260,1347
4458,260,1159
4459,260,679
4460,260,113
4461,260,1044
4462,260,1143
4463,260,254
4464,260,27
4465,260,394
4466,260,784
4467,260,294
4468,260,650
4469,260,400
4470,260,460
4471,260,86
4472,260,274
4473,260,62
4474,260,1228
4475,260,14
4476,260,534
4477,260,66
4478,260,891
4479,260,1374
4480,260,195
4481,260,372
4482,260,1265
4483,260,1053
4484,260,1461
4485,260,302
4486,260,183
4487,260,1403
4488,260,830
4489,260,285
4490,260,1234
4491,260,1080
4492,260,1088
4493,260,1154
4494,260,703
4495,260,807
4496,260,434
4497,260,582
4498,260,1179
4499,260,730
4500,260,1041
4501,260,326
4502,260,581
4503,260,235
4504,260,1330
4505,260,1202
4506,260,150
4507,260,1099
4508,260,814
4509,260,508
4510,260,290
4511,260,933
4512,260,535
4513,260,638
4514,260,1407
4515,260,1584
4516,260,671
4517,260,584
4518,260,1400
4519,260,940
4520,260,1538
4521,260,203
4522,260,865
4523,260,1095
4524,260,38
4525,260,1307
4526,260,429
4527,260,335
4528,260,1467
4529,260,745
4530,260,1274
4531,260,875
4532,260,787
4533,260,278
4534,260,794
4535,260,1011
4536,260,41
4537,260,687
4538,260,197
4539,260,375
4540,260,1420
4541,260,693
4542,260,1428
4543,260,1392
4544,260,1444
4545,260,311
4546,260,276
4547,260,1213
4548,260,791
4549,260,1079
4550,260,1059
4551,260,356
4552,260,1145
4553,260,358
4554,260,796
4555,260,94
4556,260,1528
4557,260,242
4558,260,463
4559,260,1572
4560,260,1597
4561,260,1115
4562,260,349
4563,260,57
4564,260,1191
4565,260,288
4566,260,502
4567,260,467
4568,260,1331
4569,260,423
4570,260,1395
4571,260,530
4572,260,1183
4573,260,1410
4574,260,1327
4575,260,913
4576,260,971
4577,260,1293
4578,260,1342
4579,260,541
4580,260,1141
4581,260,994
4582,260,1226
4583,260,56
4584,260,1266
4585,260,264
4586,260,67
4587,260,1378
4588,260,1529
4589,260,1151
4590,260,208
4591,260,1034
4592,260,37
4593,260,76
4594,260,280
4595,260,388
4596,260,1241
4597,260,310
4598,260,1501
4599,260,705
4600,260,303
4601,260,1439
4602,260,413
4603,260,72
4604,260,626
4605,260,1524
4606,260,227
4607,260,1573
4608,260,545
4609,260,840
4610,260,905
4611,260,162
4612,260,969
4613,260,1269
4614,260,481
4615,260,128
4616,260,497
4617,260,1424
4618,260,772
4619,260,75
4620,260,1096
4621,260,1481
4622,260,201
4623,260,621
4624,260,305
4625,260,1301
4626,260,1549
4627,260,1319
4628,260,697
4629,260,1203
4630,260,688
4631,260,841
4632,260,1500
4633,260,1178
4634,260,1090
4635,260,1446
4636,260,880
4637,260,39
4638,260,479
4639,260,837
4640,260,464
4641,260,958
4642,260,1387
4643,260,189
4644,260,483
4645,260,220
4646,260,1619
4647,260,1174
4648,260,473
4649,260,1021
4650,260,259
4651,260,1353
4652,260,9
4653,260,196
4654,260,1521
4655,260,756
4656,260,1066
4657,260,281
4658,260,1195
4659,260,1551
4660,260,1466
4661,260,16
4662,260,158
4663,260,1384
4664,260,1434
4665,260,867
4666,260,173
4667,260,909
4668,260,44
4669,260,224
4670,260,819
4671,260,1004
4672,260,616
4673,260,352
4674,260,1359
4675,260,29
4676,260,373
4677,260,962
4678,260,557
4679,260,317
4680,260,406
4681,260,28
4682,260,861
4683,260,1136
4684,260,1389
4685,260,1292
4686,260,610
4687,260,1291
4688,260,448
4689,260,141
4690,260,1270
4691,260,707
4692,260,570
4693,260,200
4694,260,1567
4695,260,374
4696,260,64
4697,260,193
4698,260,1508
4699,260,471
4700,260,316
4701,260,1283
4702,260,1118
4703,260,977
4704,260,989
4705,260,100
4706,260,336
4707,260,748
4708,260,665
4709,260,1300
4710,260,815
4711,260,1235
4712,260,1017
4713,260,351
4714,260,32
4715,260,1217
4716,260,1494
4717,260,433
4718,260,824
4719,260,1230
4720,260,1368
4721,260,966
4722,260,1302
4723,260,592
4724,260,298
4725,260,1138
4726,260,1534
4727,260,1284
4728,260,1303
4729,260,459
4730,260,476
4731,260,186
4732,260,1114
4733,260,741
4734,260,500
4735,260,1121
4736,260,1421
4737,260,359
4738,260,222
4739,260,968
4740,260,101
4741,260,537
4742,260,929
4743,260,1468
4744,260,959
4745,260,1570
4746,260,175
4747,260,961
4748,260,682
4749,260,219
4750,260,236
4751,260,1533
4752,260,1504
4753,260,402
4754,260,1432
4755,260,941
4756,260,140
4757,260,531
4758,260,733
4759,260,1171
4760,260,1609
4761,260,223
4762,260,205
4763,260,367
4764,260,1197
4765,260,31
4766,260,295
4767,260,436
4768,260,1020
4769,260,1604
4770,260,728
4771,260,1540
4772,260,526
4773,260,661
4774,260,618
4775,260,282
4776,260,167
4777,260,666
4778,260,465
4779,260,366
4780,260,1185
4781,260,1180
4782,260,480
4783,260,818
4784,260,216
4785,260,1010
4786,260,1250
4787,260,719
4788,260,731
4789,260,371
4790,260,1415
4791,260,560
4792,260,1503
4793,260,1215
4794,260,1091
4795,260,603
4796,260,391
4797,260,1491
4798,260,750
4799,260,485
4800,260,858
4801,260,1431
4802,260,1399
4803,260,1233
4804,260,527
4805,260,156
4806,260,1443
4807,260,47
4808,260,1603
4809,260,362
4810,260,1074
4811,260,781
4812,260,293
4813,260,655
4814,260,1304
4815,260,967
4816,260,1598
4817,260,405
4818,260,410
4819,260,314
4820,260,1023
4821,260,685
4822,260,955
4823,260,1566
4824,260,635
4825,260,1351
4826,260,523
4827,260,822
4828,260,773
4829,260,1587
4830,260,520
4831,260,829
4832,260,620
4833,260,269
4834,260,1064
4835,260,111
4836,260,1152
4837,260,1530
4838,260,40
4839,260,838
4840,260,355
4841,260,209
4842,260,676
4843,260,974
4844,260,852
4845,260,503
4846,260,1591
4847,260,845
4848,260,49
4849,260,1156
4850,260,1248
4851,260,854
4852,260,1426
4853,260,828
4854,260,1339
4855,260,529
4856,260,315
4857,260,426
4858,260,946
4859,260,1306
4860,260,510
4861,260,996
4862,260,785
4863,260,490
4864,260,103
4865,260,1517
4866,260,279
4867,260,549
4868,260,1255
4869,260,1610
4870,260,1019
4871,260,178
4872,260,109
4873,260,595
4874,260,911
4875,260,74
4876,260,1454
4877,260,1294
4878,260,126
4879,260,771
4880,260,399
4881,260,390
4882,260,43
4883,260,729
4884,260,1505
4885,260,50
4886,260,727
4887,260,1459
4888,260,431
4889,260,1132
4890,260,489
4891,260,690
4892,260,1139
4893,260,811
4894,260,917
4895,260,73
4896,260,572
4897,260,1376
4898,260,46
4899,260,21
4900,260,663
4901,260,622
4902,260,597
4903,260,670
4904,260,517
4905,260,1568
4906,260,924
4907,260,897
4908,260,1221
4909,260,139
4910,260,154
4911,260,148
4912,260,657
4913,260,1413
4914,260,1453
4915,260,287
4916,260,54
4917,260,176
4918,260,58
4919,260,1144
4920,260,788
4921,260,1006
4922,260,98
4923,260,125
4924,260,1012
4925,260,381
4926,260,1077
4927,260,238
4928,260,33
4929,260,1452
4930,260,1417
4931,260,751
4932,260,768
4933,260,1013
4934,260,106
4935,260,379
4936,260,1261
4937,260,1084
4938,260,1437
4939,260,348
4940,260,1155
4941,260,644
4942,260,637
4943,260,384
4944,260,1130
4945,260,416
4946,260,982
4947,260,1063
4948,260,721
4949,260,1422
4950,260,511
4951,260,456
4952,260,590
4953,260,1101
4954,260,919
4955,260,641
4956,260,825
4957,260,918
4958,260,760
4959,260,1502
4960,260,580
4961,260,662
4962,260,1119
4963,260,980
4964,260,1576
4965,260,821
4966,260,585
4967,260,801
4968,260,722
4969,260,91
4970,260,970
4971,260,1065
4972,260,1256
4973,260,1511
4974,260,488
4975,260,848
4976,260,304
4977,260,1111
4978,260,214
4979,260,1016
4980,260,1060
4981,260,1208
4982,260,963
4983,260,576
4984,260,850
4985,260,1131
4986,260,1046
4987,260,944
4988,260,1297
4989,260,142
4990,260,342
4991,260,346
4992,260,1126
4993,260,752
4994,260,1287
4995,260,1209
4996,260,319
4997,260,1216
4998,260,720
4999,260,155
5000,260,1379
5001,260,1373
5002,260,218
5003,260,640
5004,260,401
5005,260,1569
5006,260,468
5007,260,247
5008,260,1405
5009,260,799
5010,260,188
5011,260,1485
5012,260,1150
5013,260,831
5014,260,273
5015,260,593
5016,260,1522
5017,260,1187
5018,260,701
5019,260,646
5020,260,1052
5021,260,1312
5022,260,833
5023,260,191
5024,260,1000
5025,260,245
5026,260,1223
5027,260,1602
5028,260,1418
5029,260,1054
5030,260,1153
5031,260,1333
5032,260,573
5033,260,1003
5034,260,1040
5035,260,653
5036,260,1480
5037,260,1082
5038,260,881
5039,260,972
5040,260,117
5041,260,608
5042,260,633
5043,260,1550
5044,260,864
5045,260,332
5046,260,738
5047,260,532
5048,260,447
5049,260,522
5050,260,1078
5051,260,1348
5052,260,1272
5053,260,1531
5054,260,1162
5055,260,409
5056,260,127
5057,260,506
5058,260,145
5059,260,272
5060,260,827
5061,260,258
5062,260,1206
5063,260,1247
5064,260,1476
5065,260,1173
5066,260,816
5067,260,415
5068,260,48
5069,260,1314
5070,260,63
5071,260,1275
5072,260,1477
5073,260,1071
5074,260,1094
5075,260,1456
5076,260,249
5077,260,284
5078,260,725
5079,260,328
5080,260,211
5081,260,174
5082,260,1496
5083,260,55
5084,260,455
5085,260,926
5086,260,210
5087,260,202
5088,260,1194
5089,260,691
5090,260,1345
5091,260,1043
5092,260,1308
5093,260,61
5094,260,889
5095,260,1093
5096,260,403
5097,260,1580
5098,260,1288
5099,260,1579
5100,260,217
5101,260,938
5102,260,983
5103,260,660
5104,260,1499
5105,260,1146
5106,260,1526
5107,260,1176
5108,260,116
5109,260,408
5110,260,477
5111,260,422
5112,260,1244
5113,260,1596
5114,260,240
5115,260,634
5116,260,1105
5117,260,1127
5118,260,233
5119,260,97
5120,260,263
5121,260,702
5122,260,985
5123,260,1113
5124,260,692
5125,260,1245
5126,260,7
5127,260,194
5128,260,1298
5129,260,1271
5130,260,30
5131,260,629
5132,260,1557
5133,260,782
5134,260,341
5135,260,353
5136,260,659
5137,260,717
5138,260,256
5139,260,1364
5140,260,942
5141,260,863
5142,260,978
5143,260,1240
5144,260,513
5145,260,866
5146,260,1188
5147,260,78
5148,260,1232
5149,260,1029
5150,260,642
5151,260,1574
5152,260,1175
5153,260,568
5154,276,758
5155,276,197
5156,276,1547
5157,276,30
5158,276,1241
5159,276,480
5160,276,1331
5161,276,677
5162,276,681
5163,276,801
5164,276,887
5165,276,314
5166,276,1232
5167,276,972
5168,276,1000
5169,276,303
5170,276,65
5171,276,1563
5172,276,1233
5173,276,796
5174,276,1380
5175,276,1159
5176,276,1345
5177,276,1473
5178,276,1489
5179,276,73
5180,276,1335
5181,276,201
5182,276,290
5183,276,438
5184,276,1061
5185,276,125
5186,276,544
5187,276,224
5188,276,1540
5189,276,805
5190,287,104
5191,287,941
5192,287,1521
5193,287,687
5194,287,659
5195,287,1000
5196,287,506
5197,287,112
5198,287,480
5199,287,952
5200,287,635
5201,287,567
5202,287,571
5203,287,1106
5204,287,930
5205,287,500
5206,287,1518
5207,287,76
5208,287,697
5209,287,1105
5210,287,328
5211,287,1568
5212,287,977
5213,287,955
5214,287,776
5215,287,1213
5216,287,193
5217,287,1437
5218,287,694
5219,287,1426
5220,287,294
5221,287,850
5222,287,968
5223,287,982
5224,287,463
5225,287,667
5226,287,184
5227,287,307
5228,287,1029
5229,287,63
5230,287,959
5231,287,423
5232,287,1248
5233,287,1615
5234,287,1349
5235,287,1379
5236,287,758
5237,287,573
5238,287,818
5239,287,1284
5240,287,1258
5241,287,87
5242,287,1473
5243,287,596
5244,287,220
5245,287,665
5246,287,922
5247,287,1037
5248,287,224
5249,287,259
5250,287,1365
5251,287,795
5252,287,1610
5253,287,976
5254,287,357
5255,287,303
5256,287,1089
5257,287,522
5258,287,671
5259,287,268
5260,287,1540
5261,287,1319
5262,287,436
5263,287,30
5264,287,1084
5265,287,663
5266,287,696
5267,287,875
5268,287,637
5269,287,1294
5270,287,1071
5271,287,1188
5272,287,1449
5273,287,209
5274,287,116
5275,287,1386
5276,287,468
5277,287,808
5278,287,641
5279,287,89
5280,287,1253
5281,287,931
5282,287,1279
5283,287,869
5284,287,1140
5285,287,203
5286,287,1584
5287,287,1261
5288,287,727
5289,287,1023
5290,287,586
5291,287,698
5292,287,1269
5293,287,719
5294,287,953
5295,287,859
5296,287,92
5297,287,838
5298,287,471
5299,287,217
5300,287,460
5301,287,582
5302,287,945
5303,287,745
5304,287,177
5305,287,1311
5306,287,57
5307,287,197
5308,287,1087
5309,287,1428
5310,287,148
5311,287,777
5312,287,1038
5313,287,1246
5314,287,545
5315,287,1002
5316,287,1316
5317,287,1559
5318,287,581
5319,287,433
5320,287,804
5321,287,733
5322,287,1183
5323,287,1040
5324,287,174
5325,287,785
5326,287,660
5327,287,1564
5328,287,1604
5329,287,508
5330,287,412
5331,287,101
5332,287,35
5333,287,1113
5334,287,43
5335,287,1285
5336,287,316
5337,287,1135
5338,287,129
5339,287,1054
5340,287,1355
5341,287,1263
5342,287,62
5343,287,1328
5344,287,882
5345,287,399
5346,287,1005
5347,287,156
5348,287,1527
5349,287,1425
5350,287,1549
5351,287,93
5352,287,1522
5353,287,344
5354,287,312
5355,287,942
5356,287,1358
5357,287,1479
5358,287,1421
5359,287,1211
5360,287,1574
5361,287,1515
5362,287,796
5363,287,1528
5364,287,1511
5365,287,1169
5366,287,413
5367,287,1026
5368,287,135
5369,287,445
5370,287,308
5371,287,862
5372,287,1018
5373,287,1529
5374,287,594
5375,287,1411
5376,287,759
5377,287,1486
5378,287,362
5379,287,225
5380,287,276
5381,287,1243
5382,287,1206
5383,287,448
5384,287,1581
5385,287,13
5386,287,683
5387,287,1042
5388,287,1502
5389,287,37
5390,287,1403
5391,287,61
5392,287,1016
5393,287,716
5394,287,1179
5395,287,1459
5396,287,509
5397,287,775
5398,287,72
5399,287,370
5400,287,603
5401,287,18
5402,287,1197
5403,287,1505
5404,287,19
5405,287,535
5406,287,1287
5407,287,1536
5408,287,484
5409,287,384
5410,287,754
5411,287,1146
5412,287,1039
5413,287,233
5414,287,642
5415,287,870
5416,287,688
5417,287,1367
5418,287,1431
5419,287,497
5420,287,1244
5421,287,394
5422,287,498
5423,287,279
5424,287,958
5425,287,1072
5426,287,935
5427,287,1387
5428,287,868
5429,287,954
5430,287,451
5431,287,180
5432,287,478
5433,287,66
5434,287,1461
5435,287,60
5436,287,280
5437,287,1451
5438,287,17
5439,287,1203
5440,287,194
5441,287,214
5442,287,1494
5443,287,26
5444,287,1050
5445,287,456
5446,287,881
5447,287,1027
5448,287,1068
5449,287,28
5450,287,578
5451,287,944
5452,287,360
5453,287,1298
5454,287,1232
5455,287,99
5456,287,1171
5457,287,297
5458,287,886
5459,287,1353
5460,287,1345
5461,287,1413
5462,287,588
5463,287,367
5464,287,322
5465,287,457
5466,287,773
5467,287,540
5468,287,1501
5469,287,576
5470,287,661
5471,287,269
5472,287,337
5473,287,315
5474,287,234
5475,287,611
5476,287,1030
5477,287,913
5478,287,1041
5479,287,1111
5480,287,561
5481,287,1468
5482,287,311
5483,287,139
5484,287,1161
5485,287,1357
5486,287,590
5487,287,1212
5488,287,244
5489,287,1103
5490,287,858
5491,287,690
5492,287,1164
5493,287,1472
5494,287,226
5495,287,1185
5496,287,1541
5497,287,666
5498,287,1010
5499,287,763
5500,287,313
5501,287,949
5502,287,741
5503,287,355
5504,287,577
5505,287,249
5506,287,616
5507,287,834
5508,287,529
5509,287,649
5510,287,1208
5511,287,479
5512,287,1456
5513,287,964
5514,287,1147
5515,287,1093
5516,287,1022
5517,287,1466
5518,287,105
5519,287,391
5520,287,915
5521,287,1317
5522,287,1218
5523,287,98
5524,287,756
5525,287,326
5526,287,1173
5527,287,1076
5528,287,996
5529,287,429
5530,287,627
5531,287,1359
5532,287,449
5533,287,1
5534,287,585
5535,287,615
5536,287,416
5537,287,405
5538,287,1130
5539,287,146
5540,287,1302
5541,287,1264
5542,287,282
5543,287,549
5544,287,655
5545,287,288
5546,287,843
5547,287,1306
5548,287,1102
5549,287,492
5550,287,658
5551,287,261
5552,287,1043
5553,287,709
5554,287,1375
5555,287,1088
5556,287,1251
5557,287,565
5558,287,819
5559,287,556
5560,287,1438
5561,287,483
5562,287,491
5563,287,1015
5564,287,837
5565,287,376
5566,287,196
5567,287,1585
5568,287,1150
5569,287,238
5570,287,1091
5571,287,1247
5572,287,650
5573,287,320
5574,287,348
5575,287,766
5576,287,748
5577,287,1139
5578,287,1182
5579,287,314
5580,287,1289
5581,287,125
5582,287,1062
5583,287,812
5584,287,166
5585,287,489
5586,287,676
5587,287,1127
5588,287,769
5589,287,1121
5590,287,832
5591,287,1493
5592,287,956
5593,287,1524
5594,287,20
5595,287,1452
5596,287,1364
5597,287,407
5598,287,1560
5599,287,414
5600,287,263
5601,287,7
5602,287,1143
5603,287,625
5604,287,1162
5605,287,718
5606,287,608
5607,287,1238
5608,287,1217
5609,287,1132
5610,287,1046
5611,287,575
5612,287,1137
5613,287,1281
5614,287,1290
5615,287,1119
5616,287,152
5617,287,560
5618,287,513
5619,287,1458
5620,287,260
5621,287,592
5622,287,215
5623,287,285
5624,287,815
5625,287,1587
5626,287,893
5627,287,459
5628,287,634
5629,287,117
5630,287,1380
5631,287,1485
5632,287,118
5633,287,520
5634,287,418
5635,287,1563
5636,287,1154
5637,287,1138
5638,287,568
5639,287,334
5640,287,1344
5641,287,1159
5642,287,281
5643,287,614
5644,287,626
5645,287,708
5646,287,373
5647,287,853
5648,287,239
5649,287,872
5650,287,499
5651,287,251
5652,287,59
5653,287,1001
5654,287,364
5655,287,1464
5656,287,774
5657,287,861
5658,287,891
5659,287,240
5660,287,162
5661,287,290
5662,287,543
5663,287,363
5664,287,1462
5665,287,1033
5666,287,1209
5667,287,1012
5668,287,636
5669,287,127
5670,287,1405
5671,287,1500
5672,287,753
5673,287,1021
5674,287,1532
5675,287,441
5676,287,206
5677,287,1444
5678,287,1323
5679,287,1402
5680,287,981
5681,287,1520
5682,287,1488
5683,287,94
5684,287,1223
5685,287,1215
5686,287,465
5687,287,710
5688,287,1388
5689,287,230
5690,287,68
5691,287,1272
5692,287,1570
5693,287,857
5694,287,266
5695,287,1175
5696,287,599
5697,287,938
5698,287,111
5699,287,70
5700,287,558
5701,287,350
5702,287,71
5703,287,898
5704,287,113
5705,287,1228
5706,287,1107
5707,287,422
5708,287,1440
5709,287,1392
5710,287,1025
5711,287,963
5712,287,1122
5713,287,406
5714,287,1593
5715,287,130
5716,287,1391
5717,287,134
5718,287,1347
5719,287,1436
5720,287,1363
5721,287,826
5722,287,380
5723,287,39
5724,287,633
5725,287,1390
5726,287,1384
5727,287,390
5728,287,1566
5729,287,408
5730,287,264
5731,287,185
5732,287,648
5733,287,552
5734,287,4
5735,287,1516
5736,287,736
5737,287,208
5738,287,546
5739,287,1308
5740,287,1156
5741,287,1582
5742,287,262
5743,287,0
5744,287,1369
5745,287,80
5746,287,760
5747,287,106
5748,287,120
5749,287,966
5750,287,153
5751,287,1409
5752,287,1397
5753,287,155
5754,287,188
5755,287,58
5756,287,296
5757,287,379
5758,287,1155
5759,287,438
5760,287,1535
5761,287,1619
5762,287,547
5763,287,662
5764,287,948
5765,287,767
5766,287,1333
5767,287,1553
5768,287,639
5769,287,1265
5770,287,751
5771,287,1286
5772,287,86
5773,287,961
5774,287,14
5775,287,1136
5776,287,691
5777,287,1362
5778,287,64
5779,287,481
5780,287,488
5781,287,1236
5782,287,458
5783,287,921
5784,287,1128
5785,287,652
5786,287,198
5787,287,1378
5788,287,1469
5789,287,1603
5790,287,1240
5791,287,644
5792,287,175
5793,287,388
5794,287,1096
5795,287,450
5796,287,591
5797,287,526
5798,287,695
5799,287,537
5800,287,1418
5801,287,978
5802,287,991
5803,287,1158
5804,287,670
5805,287,523
5806,287,589
5807,287,864
5808,287,995
5809,287,645
5810,287,822
5811,287,1483
5812,287,974
5813,287,1434
5814,287,342
5815,287,1598
5816,287,693
5817,287,909
5818,287,210
5819,287,619
5820,287,9
5821,287,612
5822,287,1517
5823,287,684
5824,287,402
5825,287,1186
5826,287,542
5827,287,33
5828,287,1242
5829,287,1193
5830,287,534
5831,287,640
5832,287,1339
5833,287,257
5834,287,141
5835,287,692
5836,287,1256
5837,287,939
5838,287,1432
5839,287,791
5840,287,927
5841,287,903
5842,287,657
5843,287,389
5844,287,339
5845,287,211
5846,287,1101
5847,287,925
5848,287,1273
5849,287,914
5850,287,1299
5851,287,1192
5852,287,825
5853,287,1234
5854,287,464
5855,287,1404
5856,287,1118
5857,287,929
5858,287,167
5859,287,1229
5860,287,988
5861,287,502
5862,287,840
5863,287,1007
5864,287,923
5865,287,157
5866,287,845
5867,287,1352
5868,287,1117
5869,287,788
5870,287,1450
5871,287,1194
5872,287,1410
5873,287,1077
5874,287,1474
5875,287,1531
5876,287,1508
5877,287,975
5878,287,707
5879,287,204
5880,287,432
5881,287,284
5882,287,951
5883,287,973
5884,287,1303
5885,287,73
5886,287,883
5887,287,1448
5888,287,1533
5889,287,1617
5890,287,1207
5891,287,22
5892,287,54
5893,287,1115
5894,287,467
5895,287,1271
5896,287,889
5897,287,97
5898,287,356
5899,287,873
5900,287,910
5901,287,865
5902,287,682
5903,287,1475
5904,287,1174
5905,287,527
5906,287,866
5907,287,1266
5908,287,1275
5909,287,494
5910,287,25
5911,287,310
5912,287,919
5913,287,145
5914,287,1534
5915,287,569
5916,287,74
5917,287,1478
5918,287,533
5919,287,863
5920,287,1163
5921,287,1558
5922,287,48
5923,287,1430
5924,287,385
5925,287,725
5926,287,849
5927,287,1487
5928,287,1081
5929,287,144
5930,287,1226
5931,287,768
5932,287,349
5933,287,1329
5934,287,782
5935,287,1612
5936,287,1085
5937,287,867
5938,287,401
5939,287,189
5940,287,1497
5941,287,358
5942,287,1235
5943,287,140
5944,287,1292
5945,287,830
5946,287,899
5947,287,1400
5948,287,553
5949,287,472
5950,287,195
5951,287,829
5952,287,728
5953,287,620
5954,287,1035
5955,287,31
5956,287,701
5957,287,229
5958,287,415
5959,287,630
5960,287,295
5961,287,1313
5962,287,1267
5963,287,624
5964,287,475
5965,287,1346
5966,302,503
5967,302,535
5968,302,848
5969,307,565
5970,307,351
5971,307,183
5972,307,981
5973,307,1392
5974,307,10
5975,307,925
5976,307,23
5977,307,1386
5978,307,492
5979,307,1349
5980,307,196
5981,307,971
5982,307,1331
5983,307,460
5984,307,94
5985,307,303
5986,307,1411
5987,307,648
5988,307,1174
5989,307,413
5990,307,1612
5991,307,1215
5992,307,1535
5993,307,1553
5994,307,1378
5995,307,584
5996,307,337
5997,307,98
5998,307,547
5999,307,272
6000,307,808
6001,307,1502
6002,307,720
6003,307,573
6004,307,96
6005,307,472
6006,307,1238
6007,307,650
6008,307,371
6009,307,200
6010,307,276
6011,307,385
6012,307,679
6013,307,374
6014,307,637
6015,307,1307
6016,307,563
6017,307,914
6018,307,230
6019,307,1430
6020,307,988
6021,307,690
6022,307,521
6023,307,322
6024,307,722
6025,307,142
6026,307,683
6027,307,1106
6028,307,140
6029,307,7
6030,307,32
6031,307,569
6032,307,1617
6033,307,1301
6034,307,210
6035,307,803
6036,307,112
6037,307,16
6038,307,1570
6039,307,1566
6040,320,785
6041,320,610
6042,320,865
6043,320,422
6044,320,703
6045,320,218
6046,320,139
6047,320,778
6048,320,217
6049,320,890
6050,320,1252
6051,320,889
6052,320,4
6053,320,956
6054,320,949
6055,320,241
6056,320,595
6057,320,612
6058,320,355
6059,320,1088
6060,320,616
6061,320,1499
6062,320,1358
6063,320,988
6064,320,1583
6065,320,185
6066,320,200
6067,320,698
6068,320,1125
6069,320,143
6070,320,1565
6071,320,192
6072,320,530
6073,320,1498
6074,320,621
6075,320,1095
6076,320,701
6077,320,1255
6078,320,918
6079,320,1404
6080,320,899
6081,320,1486
6082,320,984
6083,320,1127
6084,320,1283
6085,320,829
6086,320,1264
6087,320,784
6088,320,1362
6089,320,369
6090,320,1195
6091,320,1464
6092,320,858
6093,320,1064
6094,320,1217
6095,320,1111
6096,320,248
6097,320,707
6098,320,986
6099,320,1162
6100,320,1474
6101,320,831
6102,320,189
6103,320,233
6104,320,223
6105,320,686
6106,320,1485
6107,320,903
6108,320,459
6109,320,576
6110,320,906
6111,320,1096
6112,320,594
6113,320,821
6114,320,1506
6115,320,660
6116,320,1118
6117,320,688
6118,320,1530
6119,320,64
6120,320,122
6121,320,1312
6122,320,1208
6123,320,446
6124,320,1046
6125,320,639
6126,320,40
6127,320,1405
6128,320,1132
6129,320,965
6130,320,1409
6131,320,978
6132,320,1609
6133,320,1568
6134,320,1579
6135,320,1116
6136,320,1504
6137,320,589
6138,320,1023
6139,320,611
6140,320,585
6141,320,663
6142,320,1604
6143,320,900
6144,320,722
6145,320,433
6146,320,1447
6147,320,116
6148,320,325
6149,320,140
6150,320,1582
6151,320,123
6152,320,1423
6153,320,607
6154,320,774
6155,320,788
6156,320,511
6157,320,1472
6158,320,457
6159,320,465
6160,320,958
6161,320,1152
6162,320,22
6163,320,1074
6164,320,1344
6165,320,366
6166,320,936
6167,320,1345
6168,320,1364
6169,320,489
6170,320,51
6171,320,1352
6172,320,1250
6173,320,349
6174,320,812
6175,320,1271
6176,320,101
6177,320,135
6178,320,586
6179,320,39
6180,320,1101
6181,320,691
6182,320,593
6183,320,618
6184,355,1579
6185,355,1146
6186,355,209
6187,355,546
6188,355,999
6189,355,1215
6190,355,736
6191,355,249
6192,355,955
6193,355,98
6194,355,1378
6195,355,1266
6196,355,1479
6197,355,1483
6198,355,1106
6199,355,1312
6200,355,1220
6201,355,1366
6202,355,1542
6203,355,1532
6204,355,1458
6205,355,1500
6206,355,200
6207,355,1553
6208,355,1475
6209,355,1407
6210,355,1547
6211,355,958
6212,355,840
6213,355,471
6214,355,1549
6215,355,706
6216,355,363
6217,355,72
6218,355,1093
6219,355,1255
6220,355,400
6221,355,1006
6222,355,1275
6223,355,558
6224,355,1587
6225,355,1354
6226,355,993
6227,355,38
6228,355,227
6229,355,799
6230,355,1182
6231,355,1388
6232,355,519
6233,355,423
6234,355,681
6235,355,584
6236,355,956
6237,355,535
6238,355,1431
6239,355,686
6240,355,326
6241,355,1291
6242,355,152
6243,355,1472
6244,355,134
6245,355,318
6246,355,1155
6247,355,1306
6248,355,911
6249,355,309
6250,355,1079
6251,355,1420
6252,355,1281
6253,355,1588
6254,355,1501
6255,355,537
6256,355,542
6257,355,1357
6258,355,416
6259,355,820
6260,355,1359
6261,355,1319
6262,355,693
6263,355,592
6264,355,1294
6265,355,1487
6266,355,1012
6267,355,345
6268,355,563
6269,355,1303
6270,355,1368
6271,355,1112
6272,355,1449
6273,355,117
6274,355,1088
6275,355,1329
6276,355,529
6277,355,746
6278,355,1612
6279,355,599
6280,355,646
6281,355,329
6282,355,1451
6283,355,850
6284,355,1596
6285,355,114
6286,355,614
6287,355,371
6288,355,297
6289,355,57
6290,355,432
6291,355,1229
6292,355,413
6293,355,873
6294,355,932
6295,355,788
6296,355,1178
6297,355,1144
6298,355,1059
6299,355,1056
6300,355,1053
6301,355,720
6302,355,1066
6303,355,246
6304,355,509
6305,355,214
6306,355,827
6307,355,995
6308,355,9
6309,355,1387
6310,355,146
6311,355,118
6312,355,18
6313,355,26
6314,355,424
6315,355,1481
6316,355,362
6317,355,144
6318,355,1410
6319,355,878
6320,355,805
6321,355,849
6322,355,1568
6323,355,732
6324,355,1235
6325,355,1111
6326,355,165
6327,355,659
6328,355,370
6329,355,308
6330,355,344
6331,355,264
6332,355,1499
6333,355,433
6334,355,526
6335,355,285
6336,355,205
6337,355,417
6338,355,20
6339,355,1132
6340,355,1233
6341,355,1604
6342,355,1403
6343,355,846
6344,355,104
6345,355,1272
6346,355,1069
6347,355,1447
6348,355,446
6349,355,1375
6350,355,147
6351,355,94
6352,355,1186
6353,355,540
6354,355,1094
6355,355,1113
6356,355,1246
6357,355,1158
6358,355,688
6359,355,358
6360,355,594
6361,355,306
6362,355,1038
6363,355,1265
6364,355,1534
6365,355,1187
6366,355,156
6367,355,259
6368,355,1598
6369,355,867
6370,355,1222
6371,355,708
6372,355,1540
6373,355,439
6374,355,1446
6375,355,1240
6376,355,64
6377,355,970
6378,355,438
6379,355,1284
6380,355,1444
6381,355,1236
6382,355,1119
6383,355,1574
6384,355,1510
6385,355,1474
6386,355,590
6387,355,948
6388,355,276
6389,355,473
6390,355,1603
6391,355,1617
6392,355,1391
6393,355,407
6394,355,889
6395,355,233
6396,355,1064
6397,355,1351
6398,355,694
6399,355,1539
6400,355,284
6401,355,1300
6402,355,1016
6403,355,1250
6404,355,922
6405,355,503
6406,355,1541
6407,355,1287
6408,355,725
6409,355,1353
6410,355,33
6411,355,629
6412,355,1239
6413,355,931
6414,355,1208
6415,355,1426
6416,355,274
6417,355,807
6418,355,1154
6419,355,754
6420,355,210
6421,355,1423
6422,355,1561
6423,355,1245
6424,355,1411
6425,355,785
6426,355,10
6427,355,153
6428,355,1156
6429,355,1147
6430,355,1185
6431,355,523
6432,355,0
6433,355,787
6434,355,522
6435,355,333
6436,355,973
6437,355,1394
6438,355,1025
6439,355,1422
6440,355,1341
6441,355,13
6442,355,171
6443,355,1026
6444,355,1063
6445,355,21
6446,355,1443
6447,355,949
6448,355,36
6449,355,22
6450,355,1075
6451,355,1261
6452,355,203
6453,355,891
6454,355,981
6455,355,837
6456,355,1091
6457,355,282
6458,355,1002
6459,355,1218
6460,355,1003
6461,355,1454
6462,355,967
6463,355,1299
6464,355,286
6465,355,335
6466,355,193
6467,355,692
6468,355,113
6469,355,572
6470,355,517
6471,355,1196
6472,355,394
6473,355,1308
6474,355,294
6475,355,1434
6476,355,991
6477,355,803
6478,355,716
6479,355,1405
6480,355,1096
6481,355,374
6482,355,980
6483,355,726
6484,355,393
6485,355,248
6486,355,315
6487,355,1488
6488,355,1338
6489,355,1413
6490,355,755
6491,355,1352
6492,355,478
6493,355,16
6494,355,634
6495,355,14
6496,355,644
6497,355,1576
6498,355,758
6499,355,1102
6500,355,1524
6501,355,481
6502,355,342
6503,355,996
6504,355,918
6505,355,1078
6506,355,115
6507,355,49
6508,355,189
6509,355,1042
6510,355,369
6511,355,1331
6512,355,1115
6513,355,899
6514,355,1382
6515,355,530
6516,355,531
6517,355,1128
6518,355,372
6519,355,406
6520,355,357
6521,355,861
6522,355,1206
6523,355,76
6524,355,1184
6525,355,1118
6526,355,176
6527,355,389
6528,355,314
6529,355,1311
6530,355,351
6531,355,718
6532,355,1080
6533,355,1070
6534,355,1258
6535,355,1292
6536,355,1567
6537,355,497
6538,355,448
6539,355,1103
6540,355,32
6541,355,825
6542,355,1469
6543,355,1491
6544,355,1470
6545,355,303
6546,355,1211
6547,355,1126
6548,355,359
6549,355,671
6550,355,751
6551,355,217
6552,355,1037
6553,355,961
6554,355,624
6555,355,545
6556,355,262
6557,355,107
6558,355,700
6559,355,1441
6560,355,137
6561,355,1390
6562,355,1052
6563,355,938
6564,355,278
6565,355,1386
6566,355,1209
6567,355,73
6568,355,1339
6569,355,1044
6570,355,356
6571,355,786
6572,355,1268
6573,355,499
6574,355,206
6575,355,964
6576,355,921
6577,355,898
6578,355,1199
6579,355,204
6580,355,109
6581,355,772
6582,355,1529
6583,355,1152
6584,355,1569
6585,355,449
6586,355,226
6587,355,808
6588,355,972
6589,355,105
6590,355,609
6591,355,1009
6592,355,1054
6593,355,1030
6594,355,1024
6595,355,31
6596,355,642
6597,355,402
6598,355,257
6599,355,1557
6600,355,1430
6601,355,818
6602,355,1304
6603,355,65
6604,355,575
6605,355,361
6606,355,858
6607,355,1018
6608,355,373
6609,355,1134
6610,355,1497
6611,355,1276
6612,355,1452
6613,355,573
6614,355,994
6615,355,1100
6616,355,250
6617,355,112
6618,355,350
6619,355,367
6620,355,828
6621,355,876
6622,355,254
6623,355,1439
6624,355,1611
6625,356,733
6626,356,91
6627,356,1499
6628,356,1553
6629,356,1423
6630,356,483
6631,356,233
6632,356,1118
6633,356,838
6634,356,553
6635,356,781
6636,356,719
6637,356,543
6638,356,530
6639,356,751
6640,356,1133
6641,356,1290
6642,356,1132
6643,356,539
6644,356,310
6645,356,451
6646,356,467
6647,356,705
6648,356,288
6649,356,687
6650,356,490
6651,356,546
6652,356,812
6653,356,820
6654,356,345
6655,356,498
6656,356,106
6657,356,959
6658,356,918
6659,356,1272
6660,356,1252
6661,356,1535
6662,356,1127
6663,356,1125
6664,356,359
6665,356,358
6666,356,131
6667,356,450
6668,356,147
6669,356,521
6670,356,544
6671,356,1063
6672,356,1397
6673,356,1496
6674,356,251
6675,356,1527
6676,356,821
6677,460,369
6678,460,1088
6679,460,954
6680,460,1373
6681,460,1162
6682,460,1037
6683,460,1465
6684,460,1333
6685,460,359
6686,460,608
6687,460,641
6688,460,344
6689,460,663
6690,460,9
6691,460,542
6692,460,315
6693,460,61
6694,460,1015
6695,460,1234
6696,460,452
6697,460,1447
6698,460,1016
6699,460,339
6700,460,147
6701,460,808
6702,460,445
6703,460,355
6704,460,775
6705,460,645
6706,460,1134
6707,460,531
6708,460,325
6709,460,208
6710,460,807
6711,460,1023
6712,460,489
6713,460,1183
6714,460,626
6715,460,214
6716,460,322
6717,460,694
6718,460,201
6719,460,488
6720,460,1175
6721,460,30
6722,460,44
6723,460,1346
6724,460,467
6725,460,536
6726,460,1203
6727,460,1473
6728,460,1207
6729,460,1405
6730,460,1272
6731,460,407
6732,460,180
6733,460,261
6734,460,821
6735,460,1235
6736,460,1535
6737,460,363
6738,460,628
6739,460,762
6740,460,1246
6741,460,701
6742,460,977
6743,460,1003
6744,460,226
6745,460,522
6746,460,380
6747,460,65
6748,460,118
6749,460,125
6750,460,273
6751,460,1147
6752,460,1066
6753,460,812
6754,489,889
6755,489,1561
6756,489,1532
6757,489,890
6758,489,1404
6759,489,1028
6760,489,755
6761,489,676
6762,489,117
6763,489,1302
6764,489,1557
6765,489,922
6766,489,875
6767,489,1246
6768,489,749
6769,489,351
6770,489,4
6771,489,307
6772,489,986
6773,489,821
6774,507,754
6775,507,840
6776,507,305
6777,507,500
6778,507,903
6779,507,446
6780,507,1462
6781,507,63
6782,507,1355
6783,507,784
6784,507,467
6785,507,952
6786,507,234
6787,507,956
6788,507,536
6789,507,1152
6790,507,87
6791,507,1405
6792,507,1342
6793,507,54
6794,507,426
6795,507,844
6796,507,1184
6797,507,1472
6798,507,727
6799,507,1344
6800,507,1246
6801,507,1261
6802,507,1330
6803,507,195
6804,507,933
6805,507,522
6806,507,1368
6807,507,1504
6808,507,1402
6809,507,828
6810,507,1125
6811,507,1547
6812,507,824
6813,507,8
6814,507,748
6815,507,1494
6816,507,1286
6817,507,295
6818,507,681
6819,507,141
6820,507,946
6821,507,1071
6822,507,371
6823,507,1275
6824,507,1186
6825,507,1448
6826,507,1469
6827,507,1021
6828,507,530
6829,507,776
6830,507,1026
6831,507,691
6832,507,1414
6833,507,1515
6834,507,1313
6835,507,1376
6836,507,445
6837,507,1317
6838,507,1444
6839,507,302
6840,507,1474
6841,507,618
6842,507,339
6843,507,682
6844,507,539
6845,507,434
6846,507,791
6847,507,197
6848,507,609
6849,507,693
6850,507,586
6851,507,573
6852,507,280
6853,507,1206
6854,507,1456
6855,507,375
6856,507,483
6857,507,720
6858,507,777
6859,507,342
6860,507,353
6861,507,189
6862,507,1517
6863,507,923
6864,507,201
6865,507,4
6866,507,1392
6867,507,749
6868,507,127
6869,507,1228
6870,507,1299
6871,507,1468
6872,507,1587
6873,507,1436
6874,507,248
6875,507,1582
6876,507,775
6877,507,1133
6878,507,1442
6879,507,349
6880,507,498
6881,507,1583
6882,507,116
6883,507,910
6884,507,233
6885,507,1527
6886,507,660
6887,507,64
6888,507,104
6889,507,657
6890,507,358
6891,507,820
6892,507,1061
6893,507,101
6894,507,1394
6895,507,316
6896,507,718
6897,507,459
6898,507,1039
6899,507,191
6900,507,959
6901,507,644
6902,507,1240
6903,507,1385
6904,507,1168
6905,507,223
6906,507,106
6907,507,822
6908,507,1535
6909,507,273
6910,507,585
6911,507,922
6912,507,1560
6913,507,540
6914,507,978
6915,507,534
6916,507,1153
6917,507,450
6918,507,796
6919,507,721
6920,507,1171
6921,507,948
6922,507,1420
6923,507,976
6924,507,838
6925,507,1367
6926,507,1273
6927,507,1085
6928,507,332
6929,507,1485
6930,507,577
6931,507,1147
6932,507,1
6933,507,196
6934,507,592
6935,507,1554
6936,507,1188
6937,507,1425
6938,507,1559
6939,507,821
6940,507,1118
6941,507,424
6942,507,630
6943,507,1503
6944,507,1025
6945,507,1208
6946,507,1267
6947,507,503
6948,507,527
6949,507,1397
6950,507,1441
6951,507,362
6952,507,72
6953,507,853
6954,507,143
6955,507,1106
6956,507,1245
6957,507,870
6958,507,739
6959,507,118
6960,507,1093
6961,507,704
6962,522,787
6963,522,1265
6964,522,692
6965,522,1218
6966,522,406
6967,522,1032
6968,522,919
6969,522,20
6970,522,376
6971,522,974
6972,522,837
6973,522,1589
6974,522,125
6975,522,1515
6976,522,166
6977,522,687
6978,522,875
6979,522,269
6980,522,79
6981,522,181
6982,522,1128
6983,522,1406
6984,522,726
6985,522,1542
6986,522,1115
6987,522,1234
6988,522,258
6989,522,141
6990,522,899
6991,522,990
6992,522,1037
6993,522,1479
6994,522,573
6995,522,424
6996,522,498
6997,522,363
6998,522,1591
6999,522,1446
7000,522,430
7001,522,357
7002,522,1506
7003,522,565
7004,522,102
7005,522,1498
7006,522,759
7007,522,210
7008,522,1619
7009,522,1068
7010,522,470
7011,522,663
7012,522,1557
7013,522,100
7014,522,1553
7015,522,1308
7016,522,544
7017,522,1089
7018,522,389
7019,522,123
7020,522,1055
7021,522,776
7022,522,1384
7023,522,762
7024,522,352
7025,522,520
7026,522,1531
7027,522,924
7028,522,1466
7029,522,933
7030,522,449
7031,522,1559
7032,522,238
7033,522,1584
7034,522,1211
7035,522,204
7036,522,1153
7037,522,236
7038,522,1135
7039,522,1191
7040,522,537
7041,522,840
7042,522,995
7043,522,139
7044,522,510
7045,522,690
7046,522,1582
7047,522,1100
7048,522,1458
7049,522,937
7050,522,760
7051,522,99
7052,522,240
7053,522,1182
7054,522,1411
7055,522,818
7056,522,1272
7057,526,469
7058,526,1275
7059,526,1506
7060,526,255
7061,526,146
7062,526,1122
7063,526,1095
7064,526,1180
7065,526,1061
7066,526,1084
7067,526,670
7068,526,591
7069,526,1362
7070,526,1173
7071,526,197
7072,526,394
7073,526,880
7074,526,373
7075,526,223
7076,526,1156
7077,526,719
7078,526,696
7079,526,733
7080,526,222
7081,526,1258
7082,526,1388
7083,526,1223
7084,526,310
7085,526,592
7086,526,514
7087,526,54
7088,526,451
7089,526,1333
7090,526,828
7091,526,1029
7092,526,328
7093,526,1469
7094,526,249
7095,526,1127
7096,526,391
7097,526,118
7098,526,866
7099,526,295
7100,526,995
7101,526,1342
7102,526,1367
7103,526,1498
7104,526,838
7105,526,251
7106,526,787
7107,526,76
7108,526,612
7109,526,1035
7110,526,181
7111,526,429
7112,526,685
7113,526,1392
7114,526,1121
7115,526,23
7116,526,358
7117,526,1596
7118,526,41
7119,526,1088
7120,526,1532
7121,526,154
7122,526,556
7123,526,951
7124,526,1271
7125,526,848
7126,526,1519
7127,526,683
7128,526,1185
7129,526,1308
7130,526,1208
7131,526,690
7132,526,714
7133,526,1087
7134,526,720
7135,526,580
7136,526,959
7137,526,1083
7138,526,808
7139,526,218
7140,526,1431
7141,526,1012
7142,526,65
7143,526,1093
7144,526,18
7145,526,478
7146,526,824
7147,526,70
7148,526,795
7149,526,319
7150,526,1417
7151,526,978
7152,526,861
7153,526,816
7154,526,396
7155,526,766
7156,526,855
7157,526,97
7158,526,1410
7159,526,756
7160,526,466
7161,526,1281
7162,526,498
7163,526,484
7164,526,303
7165,526,1572
7166,526,543
7167,526,523
7168,526,364
7169,526,641
7170,526,552
7171,526,220
7172,526,853
7173,526,572
7174,526,448
7175,526,327
7176,526,1369
7177,526,1077
7178,526,1446
7179,526,796
7180,526,667
7181,526,332
7182,526,408
7183,526,534
7184,526,1535
7185,526,463
7186,526,1539
7187,526,1503
7188,526,1375
7189,526,416
7190,526,1376
7191,526,144
7192,526,1386
7193,526,597
7194,526,1244
7195,526,98
7196,526,754
7197,526,257
7198,526,1188
7199,526,64
7200,526,1405
7201,526,389
7202,526,304
7203,526,578
7204,526,103
7205,526,191
7206,526,1502
7207,526,540
7208,526,49
7209,526,849
7210,526,681
7211,547,1535
7212,547,391
7213,547,93
7214,547,1414
7215,547,4
7216,547,934
7217,547,1352
7218,547,140
7219,610,1560
7220,610,1517
7221,610,945
7222,610,428
7223,610,1434
7224,610,693
7225,610,880
7226,610,809
7227,610,1054
7228,610,1133
7229,610,714
7230,610,640
7231,610,410
7232,610,245
7233,610,775
7234,610,1598
7235,610,1125
7236,610,198
7237,610,485
7238,610,534
7239,610,679
7240,610,705
7241,610,467
7242,610,123
7243,610,870
7244,610,719
7245,610,180
7246,610,1327
7247,610,1221
7248,610,1271
7249,610,733
7250,610,1465
7251,610,1292
7252,610,375
7253,610,353
7254,610,1103
7255,610,1318
7256,610,1581
7257,610,1579
7258,610,402
7259,610,287
7260,610,626
7261,610,1494
7262,610,1240
7263,610,1010
7264,610,561
7265,610,1591
7266,610,730
7267,610,406
7268,610,1136
7269,610,597
7270,610,54
7271,610,1146
7272,610,196
7273,610,967
7274,610,452
7275,610,381
7276,610,1006
7277,610,1137
7278,610,1251
7279,610,1077
7280,610,938
7281,610,890
7282,610,541
7283,610,155
7284,610,1420
7285,610,884
7286,610,618
7287,610,1063
7288,610,568
7289,610,1312
7290,610,503
7291,610,46
7292,610,991
7293,610,1379
7294,610,255
7295,610,1037
7296,610,422
7297,610,922
7298,610,1531
7299,610,798
7300,610,362
7301,610,1418
7302,610,1119
7303,610,61
7304,610,691
7305,610,140
7306,610,911
7307,610,588
7308,610,1202
7309,610,328
7310,610,1491
7311,610,526
7312,610,62
7313,610,816
7314,610,1072
7315,610,1376
7316,610,1496
7317,610,1392
7318,610,889
7319,610,1355
7320,610,776
7321,610,577
7322,610,102
7323,610,1228
7324,610,263
7325,610,280
7326,610,499
7327,610,1169
7328,610,65
7329,610,1602
7330,610,1535
7331,610,1044
7332,610,696
7333,610,712
7334,610,506
7335,610,959
7336,610,502
7337,610,491
7338,610,390
7339,610,380
7340,610,655
7341,610,718
7342,610,699
7343,610,35
7344,610,608
7345,610,247
7346,610,500
7347,610,42
7348,610,1568
7349,610,1275
7350,610,1587
7351,610,1206
7352,610,511
7353,610,118
7354,610,445
7355,610,582
7356,610,167
7357,610,1011
7358,610,956
7359,610,492
7360,610,968
7361,610,416
7362,610,1521
7363,610,581
7364,610,517
7365,610,129
7366,610,1373
7367,610,1070
7368,610,295
7369,610,1462
7370,610,1032
7371,610,327
7372,610,1029
7373,610,599
7374,610,996
7375,610,903
7376,610,628
7377,610,702
7378,610,1100
7379,610,596
7380,610,268
7381,610,861
7382,610,1435
7383,610,193
7384,610,774
7385,610,666
7386,610,898
7387,610,14
7388,610,519
7389,610,1265
7390,610,97
7391,610,781
7392,610,716
7393,610,1273
7394,610,760
7395,610,1607
7396,610,48
7397,610,1246
7398,610,1566
7399,610,1174
7400,610,1299
7401,610,1444
7402,610,611
7403,610,1027
7404,610,782
7405,610,1207
7406,610,115
7407,610,1250
7408,610,924
7409,610,346
7410,610,853
7411,610,1411
7412,610,1367
7413,610,1331
7414,610,27
7415,610,812
7416,610,772
7417,610,350
7418,610,438
7419,610,863
7420,610,1096
7421,610,724
7422,610,1248
7423,610,1593
7424,610,513
7425,610,305
7426,610,29
7427,610,101
7428,610,1551
7429,610,1193
7430,610,206
7431,610,1060
7432,610,697
7433,610,1112
7434,610,1549
7435,610,358
7436,610,278
7437,610,31
7438,610,1431
7439,610,639
7440,610,1399
7441,610,334
7442,610,1076
7443,610,450
7444,610,1153
7445,610,630
7446,610,1074
7447,610,434
7448,610,1480
7449,610,1290
7450,610,578
7451,610,857
7452,610,510
7453,610,918
7454,610,1012
7455,610,521
7456,610,953
7457,610,556
7458,610,891
7459,610,367
7460,610,146
7461,610,134
7462,610,1456
7463,610,489
7464,610,301
7465,610,1264
7466,610,30
7467,610,80
7468,610,1291
7469,610,1500
7470,610,411
7471,610,356
7472,610,923
7473,610,480
7474,610,189
7475,610,1448
7476,610,28
7477,610,1230
7478,610,1300
7479,610,19
7480,610,642
7481,610,1128
7482,610,682
7483,610,1161
7484,610,483
7485,610,470
7486,610,1093
7487,610,941
7488,610,804
7489,610,478
7490,610,309
7491,610,529
7492,610,1405
7493,610,355
7494,610,1473
7495,610,1152
7496,610,1245
7497,610,1038
7498,610,459
7499,610,886
7500,610,1252
7501,610,661
7502,610,371
7503,610,1446
7504,610,391
7505,610,1068
7506,610,644
7507,610,1107
7508,610,1529
7509,610,934
7510,610,1432
7511,610,439
7512,610,1187
7513,610,254
7514,610,98
7515,610,1090
7516,610,1615
7517,610,1313
7518,610,73
7519,610,703
7520,610,230
7521,610,1505
7522,610,546
7523,610,840
7524,610,1538
7525,610,1567
7526,610,1541
7527,610,1453
7528,610,706
7529,610,424
7530,610,1346
7531,610,139
7532,610,603
7533,610,58
7534,610,191
7535,610,754
7536,610,1204
7537,610,33
7538,610,262
7539,610,777
7540,610,1421
7541,610,1330
7542,610,1557
7543,610,44
7544,610,586
7545,610,1253
7546,610,1021
7547,610,1130
7548,610,333
7549,610,1576
7550,610,710
7551,610,236
7552,610,415
7553,610,944
7554,610,1281
7555,610,858
7556,610,629
7557,610,1486
7558,610,627
7559,610,1297
7560,610,153
7561,610,1014
7562,610,543
7563,610,542
7564,610,1410
7565,610,1345
7566,610,848
7567,610,1286
7568,610,1017
7569,610,1121
7570,610,591
7571,610,177
7572,610,336
7573,610,1217
7574,610,106
7575,610,322
7576,610,805
7577,610,553
7578,610,349
7579,610,909
7580,610,228
7581,610,316
7582,610,113
7583,610,825
7584,610,70
7585,610,1497
7586,610,614
7587,610,1140
7588,610,612
7589,610,1499
7590,610,141
7591,610,1440
7592,610,725
7593,610,1122
7594,610,279
7595,610,1488
7596,610,952
7597,610,41
7598,610,1084
7599,610,1019
7600,610,1319
7601,610,929
7602,610,64
7603,610,1184
7604,610,188
7605,610,50
7606,610,326
7607,610,242
7608,610,446
7609,610,413
7610,610,668
7611,610,1610
7612,610,474
7613,610,1306
7614,610,1139
7615,610,418
7616,610,930
7617,610,1347
7618,610,657
7619,610,1423
7620,610,1374
7621,610,1238
7622,610,1409
7623,610,1308
7624,610,281
7625,610,320
7626,610,829
7627,610,90
7628,610,1349
7629,610,609
7630,610,766
7631,610,1469
7632,610,1234
7633,610,936
7634,610,210
7635,610,249
7636,610,1203
7637,610,1397
7638,610,463
7639,610,882
7640,610,1403
7641,610,768
7642,610,937
7643,610,745
7644,610,186
7645,610,1007
7646,610,784
7647,610,1256
7648,610,701
7649,610,1443
7650,610,1025
7651,610,244
7652,610,925
7653,610,1050
7654,610,1220
7655,610,1102
7656,610,240
7657,610,157
7658,610,736
7659,610,1223
7660,610,1028
7661,610,290
7662,610,824
7663,610,282
7664,610,1062
7665,610,423
7666,610,4
7667,610,1192
7668,610,1553
7669,610,465
7670,610,688
7671,610,1301
7672,610,229
7673,610,1510
7674,610,1196
7675,610,1002
7676,610,122
7677,610,946
7678,610,1525
7679,610,45
7680,610,147
7681,610,87
7682,610,357
7683,610,1427
7684,610,0
7685,610,720
7686,610,1173
7687,610,1310
7688,610,317
7689,610,1520
7690,610,227
7691,610,765
7692,610,1554
7693,610,1035
7694,610,363
7695,610,383
7696,610,74
7697,610,310
7698,610,1518
7699,610,217
7700,610,214
7701,610,828
7702,610,1255
7703,610,273
7704,610,759
7705,610,59
7706,610,1342
7707,610,126
7708,610,71
7709,610,753
7710,610,226
7711,610,1390
7712,610,1358
7713,610,979
7714,610,1260
7715,610,1257
7716,610,1118
7717,610,224
7718,610,1033
7719,610,39
7720,610,1545
7721,610,398
7722,610,993
7723,610,1489
7724,610,373
7725,610,819
7726,610,409
7727,610,477
7728,610,276
7729,610,1556
7730,610,892
7731,610,185
7732,610,1394
7733,610,392
7734,610,1015
7735,610,1547
7736,610,751
7737,610,400
7738,610,571
7739,610,21
7740,610,143
7741,610,7
7742,610,678
7743,610,539
7744,610,1267
7745,610,137
7746,610,1101
7747,610,1428
7748,610,756
7749,610,1274
7750,610,286
7751,610,209
7752,610,116
7753,610,954
7754,610,887
7755,610,875
7756,610,455
7757,610,913
7758,610,1413
7759,610,117
7760,610,972
7761,610,1064
7762,610,325
7763,610,1317
7764,610,447
7765,610,1258
7766,610,619
7767,610,272
7768,610,9
7769,610,907
7770,610,388
7771,610,199
7772,610,448
7773,610,344
7774,610,23
7775,610,43
7776,610,332
7777,610,457
7778,610,127
7779,610,704
7780,610,314
7781,610,767
7782,610,302
7783,610,1478
7784,610,63
7785,610,1506
7786,610,649
7787,610,144
7788,610,567
7789,610,864
7790,610,111
7791,610,51
7792,610,622
7793,610,1604
7794,610,1437
7795,610,866
7796,610,670
7797,610,826
7798,610,773
7799,610,584
7800,610,1094
7801,610,523
7802,610,871
7803,610,256
7804,610,1442
7805,610,339
7806,610,348
7807,610,91
7808,610,107
7809,610,1384
7810,610,818
7811,610,55
7812,610,1066
7813,610,269
7814,610,537
7815,626,1401
7816,626,492
7817,626,1128
7818,626,590
7819,626,919
7820,626,807
7821,626,272
7822,626,497
7823,626,788
7824,626,418
7825,626,1530
7826,626,1001
7827,626,359
7828,626,1307
7829,626,1473
7830,626,535
7831,626,296
7832,626,8
7833,626,401
7834,626,1491
7835,626,1103
7836,626,1053
7837,626,1474
7838,626,1344
7839,626,624
7840,626,1498
7841,626,28
7842,626,891
7843,626,658
7844,626,1232
7845,626,953
7846,626,621
7847,626,1106
7848,626,981
7849,626,1074
7850,626,671
7851,626,660
7852,626,958
7853,626,927
7854,626,649
7855,626,1010
7856,626,1067
7857,626,889
7858,626,808
7859,626,537
7860,626,948
7861,626,1245
7862,626,908
7863,626,193
7864,626,455
7865,626,771
7866,626,716
7867,626,1485
7868,626,236
7869,626,1208
7870,626,1007
7871,626,1577
7872,626,1202
7873,626,1146
7874,626,1429
7875,626,1258
7876,626,685
7877,626,940
7878,626,1477
7879,626,1430
7880,626,866
7881,626,1175
7882,626,1085
7883,626,208
7884,626,937
7885,626,481
7886,626,1108
7887,626,550
7888,626,884
7889,626,1229
7890,626,217
7891,626,1328
7892,626,1308
7893,626,955
7894,626,609
7895,626,1153
7896,626,782
7897,626,319
7898,626,520
7899,626,1197
7900,626,1522
7901,626,688
7902,626,553
7903,626,795
7904,626,703
7905,626,1261
7906,626,985
7907,626,742
7908,626,469
7909,626,116
7910,626,1274
7911,626,1427
7912,626,372
7913,626,892
7914,626,1576
7915,626,13
7916,626,748
7917,626,581
7918,626,490
7919,626,1324
7920,626,1330
7921,626,1535
7922,626,1418
7923,626,706
7924,626,816
7925,626,1235
7926,626,142
7927,626,1195
7928,626,1444
7929,626,240
7930,626,1042
7931,626,870
7932,626,204
7933,626,1180
7934,626,1135
7935,626,736
7936,626,910
7937,626,670
7938,626,935
7939,626,251
7940,626,20
7941,626,1534
7942,626,1407
7943,626,1028
7944,626,1615
7945,626,539
7946,626,260
7947,626,618
7948,626,752
7949,626,695
7950,626,710
7951,626,147
7952,626,1130
7953,626,1087
7954,626,1313
7955,626,112
7956,626,1365
7957,626,1385
7958,626,1565
7959,626,1125
7960,626,1238
7961,626,1392
7962,626,838
7963,626,1354
7964,626,1596
7965,626,568
7966,626,1394
7967,626,679
7968,626,756
7969,626,1438
7970,626,206
7971,626,408
7972,626,1099
7973,626,384
7974,626,400
7975,626,1506
7976,626,1292
7977,626,447
7978,626,1089
7979,626,126
7980,626,922
7981,626,1349
7982,626,452
7983,626,1081
7984,626,1558
7985,626,451
7986,626,339
7987,626,951
7988,626,1551
7989,626,1312
7990,626,1161
7991,626,1112
7992,626,1215
7993,626,830
7994,626,1383
7995,626,332
7996,626,498
7997,626,348
7998,626,556
7999,626,863
8000,626,432
8001,626,1127
8002,626,1020
8003,626,233
8004,626,1294
8005,626,93
8006,626,924
8007,626,853
8008,626,1384
8009,626,1585
8010,626,1493
8011,626,1532
8012,626,148
8013,626,102
8014,626,468
8015,626,276
8016,626,474
8017,626,248
8018,626,904
8019,626,25
8020,626,774
8021,626,1374
8022,626,1046
8023,626,666
8024,626,921
8025,626,661
8026,626,287
8027,626,307
8028,626,1521
8029,626,878
8030,626,442
8031,626,137
8032,626,293
8033,626,1329
8034,626,818
8035,626,1480
8036,626,1399
8037,626,1210
8038,626,26
8039,626,648
8040,626,477
8041,626,1096
8042,626,833
8043,626,1288
8044,626,300
8045,626,1520
8046,626,78
8047,626,226
8048,626,1479
8049,626,1182
8050,626,222
8051,626,1456
8052,626,998
8053,626,1508
8054,626,263
8055,626,1265
8056,626,1241
8057,626,11
8058,626,691
8059,626,51
8060,626,1316
8061,626,1196
8062,626,861
8063,626,1100
8064,626,156
8065,626,903
8066,626,886
8067,626,1529
8068,626,717
8069,626,143
8070,626,607
8071,626,809
8072,626,1044
8073,626,46
8074,626,1398
8075,626,701
8076,626,954
8077,626,380
8078,626,1339
8079,626,727
8080,626,294
8081,626,197
8082,626,692
8083,626,815
8084,626,223
8085,626,1061
8086,626,1435
8087,626,1072
8088,626,334
8089,626,1173
8090,626,971
8091,626,1194
8092,626,663
8093,626,24
8094,626,875
8095,626,1610
8096,626,873
8097,626,1143
8098,626,1572
8099,626,869
8100,626,1018
8101,626,39
8102,626,1417
8103,626,964
8104,626,1029
8105,626,915
8106,626,259
8107,626,225
8108,626,1012
8109,626,1488
8110,626,995
8111,626,820
8112,626,596
8113,626,965
8114,626,1168
8115,626,900
8116,626,1619
8117,626,541
8118,626,1016
8119,626,827
8120,626,1035
8121,626,19
8122,626,1432
8123,626,714
8124,626,50
8125,626,274
8126,626,288
8127,626,696
8128,626,865
8129,626,1
8130,626,1030
8131,626,1155
8132,626,1376
8133,626,1468
8134,626,1500
8135,626,1333
8136,626,1207
8137,626,769
8138,626,557
8139,626,502
8140,626,700
8141,626,280
8142,626,814
8143,626,57
8144,626,1318
8145,626,942
8146,626,472
8147,626,1453
8148,626,510
8149,626,1022
8150,626,591
8151,626,751
8152,626,834
8153,626,638
8154,626,934
8155,626,1113
8156,626,1192
8157,626,1203
8158,626,1323
8159,626,165
8160,626,43
8161,626,370
8162,626,864
8163,626,1440
8164,626,44
8165,626,286
8166,626,310
8167,626,1369
8168,626,389
8169,626,1246
8170,626,1236
8171,626,1486
8172,626,724
8173,626,1138
8174,626,353
8175,626,1266
8176,626,230
8177,626,1386
8178,626,1397
8179,626,94
8180,626,612
8181,626,1071
8182,626,1287
8183,626,578
8184,626,301
8185,626,0
8186,626,1587
8187,626,923
8188,626,1184
8189,626,1090
8190,626,285
8191,626,203
8192,626,939
8193,626,1247
8194,626,406
8195,626,1528
8196,626,1095
8197,626,765
8198,626,1239
8199,626,1043
8200,626,1299
8201,626,158
8202,626,817
8203,626,146
8204,626,560
8205,626,615
8206,626,619
8207,626,398
8208,626,1133
8209,626,1603
8210,626,611
8211,626,1212
8212,626,122
8213,626,610
8214,626,1057
8215,626,118
8216,626,1557
8217,626,1026
8218,626,603
8219,626,980
8220,626,1019
8221,626,1538
8222,626,4
8223,626,228
8224,626,82
8225,626,485
8226,626,899
8227,626,411
8228,626,1009
8229,626,1293
8230,626,362
8231,626,1141
8232,626,459
8233,626,322
8234,626,1284
8235,626,98
8236,626,180
8237,626,753
8238,626,757
8239,626,740
8240,626,1304
8241,626,1152
8242,626,775
8243,626,930
8244,626,393
8245,626,1378
8246,626,436
8247,626,1353
8248,626,975
8249,626,410
8250,626,97
8251,626,314
8252,626,1131
8253,626,341
8254,626,211
8255,626,235
8256,626,48
8257,626,352
8258,626,1218
8259,626,1348
8260,626,1158
8261,626,545
8262,626,484
8263,626,157
8264,626,1164
8265,626,784
8266,626,47
8267,626,513
8268,626,154
8269,626,879
8270,626,415
8271,626,970
8272,626,41
8273,626,1056
8274,626,826
8275,626,1465
8276,626,1359
8277,626,1063
8278,626,1564
8279,626,768
8280,626,979
8281,626,200
8282,626,1575
8283,626,478
8284,626,974
8285,626,1256
8286,626,738
8287,626,1573
8288,626,1574
8289,626,597
8290,626,1139
8291,626,1040
8292,626,522
8293,626,846
8294,626,1604
8295,626,991
8296,626,882
8297,626,49
8298,626,106
8299,626,385
8300,626,364
8301,626,1206
8302,626,1404
8303,626,804
8304,626,195
8305,626,1272
8306,626,37
8307,626,423
8308,626,1134
8309,626,1228
8310,626,1054
8311,626,131
8312,626,152
8313,626,298
8314,626,1303
8315,626,340
8316,626,1545
8317,626,458
8318,626,33
8319,626,373
8320,626,181
8321,626,282
8322,626,552
8323,626,194
8324,626,99
8325,626,1132
8326,626,1570
8327,626,1380
8328,626,1216
8329,626,129
8330,626,209
8331,626,944
8332,626,433
8333,626,1271
8334,626,1213
8335,626,1169
8336,626,1403
8337,626,1060
8338,626,58
8339,626,412
8340,626,881
8341,626,837
8342,626,95
8343,626,1083
8344,626,1483
8345,626,306
8346,626,1187
8347,626,345
8348,626,178
8349,626,1144
8350,626,1233
8351,626,721
8352,626,494
8353,626,840
8354,626,739
8355,626,1070
8356,626,414
8357,626,592
8358,626,358
8359,626,111
8360,626,573
8361,626,1093
8362,626,216
8363,626,1549
8364,626,390
8365,626,1068
8366,626,403
8367,626,54
8368,626,1516
8369,626,1464
8370,626,642
8371,626,687
8372,626,1263
8373,626,582
8374,626,909
8375,626,250
8376,626,646
8377,626,952
8378,626,517
8379,626,153
8380,626,66
8381,626,224
8382,626,526
8383,626,269
8384,626,427
8385,626,61
8386,626,725
8387,626,821
8388,626,914
8389,626,446
8390,626,450
8391,626,1115
8392,626,1107
8393,626,1451
8394,626,422
8395,626,101
8396,626,1039
8397,626,344
8398,626,117
8399,626,848
8400,626,1003
8401,626,1499
8402,626,1442
8403,626,1251
8404,626,1230
8405,626,918
8406,626,694
8407,626,268
8408,626,488
8409,626,776
8410,626,1525
8411,626,1079
8412,626,1156
8413,626,214
8414,626,956
8415,626,1076
8416,626,1578
8417,626,854
8418,626,1423
8419,626,705
8420,626,755
8421,626,434
8422,626,580
8423,626,229
8424,626,628
8425,626,1264
8426,626,179
8427,626,1448
8428,626,1541
8429,626,1181
8430,626,634
8431,626,1478
8432,626,859
8433,626,1117
8434,626,431
8435,626,1154
8436,626,365
8437,626,1481
8438,626,1553
8439,626,1409
8440,626,988
8441,626,514
8442,626,335
8443,626,227
8444,626,135
8445,626,843
8446,626,655
8447,626,134
8448,626,744
8449,626,218
8450,626,1518
8451,626,1607
8452,626,941
8453,626,303
8454,626,234
8455,626,1252
8456,626,709
8457,626,1367
8458,626,1005
8459,626,945
8460,626,844
8461,626,1186
8462,626,55
8463,626,1025
8464,626,40
8465,626,1088
8466,626,100
8467,626,1459
8468,626,916
8469,626,841
8470,626,913
8471,626,766
8472,626,500
8473,626,731
8474,626,162
8475,626,1388
8476,626,1281
8477,626,1515
8478,626,74
8479,626,426
8480,626,371
8481,626,681
8482,626,10
8483,626,36
8484,626,898
8485,626,925
8486,626,1368
8487,626,196
8488,626,1415
8489,626,281
8490,626,79
8491,626,824
8492,626,933
8493,626,872
8494,626,767
8495,626,184
8496,626,999
8497,626,1101
8498,626,1027
8499,626,128
8500,626,972
8501,626,428
8502,626,215
8503,626,544
8504,626,1547
8505,626,599
8506,626,561
8507,626,1222
8508,626,90
8509,626,1542
8510,626,355
8511,626,890
8512,626,770
8513,626,1536
8514,626,594
8515,626,572
8516,626,1466
8517,626,1351
8518,626,778
8519,626,805
8520,626,1496
8521,626,1400
8522,626,1327
8523,626,369
8524,626,1021
8525,626,183
8526,626,1159
8527,626,1390
8528,626,1511
8529,626,1059
8530,626,381
8531,626,887
8532,626,150
8533,626,1446
8534,626,308
8535,626,546
8536,626,366
8537,626,254
8538,626,155
8539,626,503
8540,626,523
8541,626,316
8542,626,315
8543,626,375
8544,626,333
8545,626,803
8546,626,584
8547,626,312
8548,626,133
8549,626,636
8550,626,388
8551,626,1084
8552,626,416
8553,626,936
8554,626,465
8555,626,883
8556,626,311
8557,626,1279
8558,626,273
8559,626,614
8560,626,460
8561,626,992
8562,626,1425
8563,626,198
8564,626,56
8565,626,1424
8566,626,1193
8567,626,278
8568,626,715
8569,626,521
8570,626,799
8571,626,702
8572,626,1524
8573,626,1602
8574,626,1013
8575,626,862
8576,626,1611
8577,626,1179
8578,626,1357
8579,626,733
8580,626,633
8581,626,1472
8582,626,674
8583,626,586
8584,626,1077
8585,626,1352
8586,626,750
8587,626,558
8588,626,1346
8589,626,730
8590,626,63
8591,626,659
8592,626,699
8593,626,1255
8594,626,374
8595,626,1183
8596,626,585
8597,626,906
8598,626,144
8599,626,796
8600,626,588
8601,626,563
8602,626,1310
8603,626,1431
8604,626,367
8605,626,1411
8606,626,1614
8607,626,566
8608,626,361
8609,626,1568
8610,626,650
8611,626,1111
8612,626,1437
8613,626,417
8614,626,244
8615,626,1475
8616,626,719
8617,626,238
8618,626,880
8619,626,726
8620,626,1151
8621,626,828
8622,626,1593
8623,626,961
8624,626,1188
8625,626,1032
8626,626,1226
8627,626,1476
8628,626,188
8629,626,1362
8630,626,1387
8631,626,1171
8632,626,1116
8633,626,959
8634,626,678
8635,626,429
8636,626,86
8637,626,1458
8638,626,1066
8639,638,19
8640,638,768
8641,638,300
8642,638,203
8643,638,1155
8644,638,711
8645,638,1587
8646,638,781
8647,638,37
8648,638,1579
8649,638,432
8650,638,176
8651,638,274
8652,638,517
8653,638,759
8654,638,102
8655,638,234
8656,638,1151
8657,638,880
8658,638,1469
8659,638,849
8660,638,994
8661,638,871
8662,638,475
8663,638,882
8664,638,1357
8665,638,843
8666,638,1248
8667,638,972
8668,638,988
8669,638,266
8670,638,1137
8671,638,1467
8672,638,185
8673,638,1439
8674,638,1037
8675,638,1043
8676,638,906
8677,638,64
8678,638,1346
8679,638,1608
8680,638,1529
8681,638,1187
8682,638,41
8683,638,1431
8684,638,352
8685,638,268
8686,638,1583
8687,638,1054
8688,638,1053
8689,638,645
8690,638,111
8691,638,1519
8692,638,662
8693,638,535
8694,638,519
8695,638,1308
8696,638,674
8697,638,1088
8698,638,1341
8699,638,281
8700,638,302
8701,638,372
8702,638,357
8703,638,937
8704,638,1566
8705,638,1335
8706,638,657
8707,638,1427
8708,638,216
8709,638,327
8710,638,510
8711,638,229
8712,638,829
8713,638,975
8714,638,966
8715,638,1434
8716,638,1290
8717,638,686
8718,638,1303
8719,638,914
8720,638,1003
8721,638,685
8722,638,109
8723,638,51
8724,638,1192
8725,638,184
8726,638,533
8727,638,360
8728,638,1475
8729,638,25
8730,638,1173
8731,638,684
8732,638,99
8733,638,1106
8734,638,61
8735,638,514
8736,638,226
8737,638,269
8738,638,710
8739,638,1351
8740,638,1048
8741,638,556
8742,638,240
8743,638,1479
8744,638,474
8745,638,1255
8746,638,6
8747,638,320
8748,638,1094
8749,638,622
8750,638,47
8751,638,1009
8752,638,696
8753,638,1260
8754,638,257
8755,638,1517
8756,638,409
8757,638,1365
8758,638,1559
8759,638,393
8760,638,431
8761,638,523
8762,638,4
8763,638,1454
8764,638,1456
8765,638,521
8766,638,112
8767,638,1297
8768,638,1095
8769,638,29
8770,638,552
8771,638,1102
8772,638,752
8773,638,1432
8774,638,211
8775,638,1000
8776,638,1125
8777,638,1426
8778,638,1573
8779,638,594
8780,638,1450
8781,638,626
8782,638,130
8783,638,247
8784,638,141
8785,638,746
8786,638,415
8787,638,1028
8788,638,954
8789,638,57
8790,638,186
8791,638,384
8792,638,1239
8793,638,1180
8794,638,1134
8795,638,707
8796,638,78
8797,638,1444
8798,638,509
8799,638,100
8800,638,349
8801,638,824
8802,638,1536
8803,638,162
8804,638,772
8805,638,134
8806,638,491
8807,638,526
8808,638,712
8809,638,261
8810,638,529
8811,638,1317
8812,638,1410
8813,638,242
8814,638,795
8815,638,1212
8816,638,1121
8817,638,861
8818,638,809
8819,638,858
8820,638,925
8821,638,1152
8822,638,367
8823,638,897
8824,638,883
8825,638,1210
8826,638,1499
8827,638,698
8828,638,1035
8829,638,436
8830,638,636
8831,638,557
8832,638,989
8833,638,1232
8834,638,1570
8835,638,1264
8836,638,1135
8837,638,1500
8838,638,1359
8839,638,770
8840,638,1511
8841,638,936
8842,638,258
8843,638,831
8844,638,1298
8845,638,98
8846,638,438
8847,638,1301
8848,638,286
8849,638,904
8850,638,412
8851,638,722
8852,638,996
8853,638,1084
8854,638,1580
8855,638,1208
8856,638,193
8857,638,550
8858,638,898
8859,638,38
8860,638,993
8861,638,478
8862,638,541
8863,638,1502
8864,638,741
8865,638,1154
8866,638,45
8867,638,1195
8868,638,276
8869,638,285
8870,638,868
8871,638,1108
8872,638,249
8873,638,1405
8874,638,441
8875,638,948
8876,638,648
8877,638,910
8878,638,1132
8879,638,537
8880,638,402
8881,638,573
8882,638,724
8883,638,1039
8884,638,1415
8885,638,1572
8886,638,527
8887,638,1163
8888,638,422
8889,638,687
8890,638,414
8891,638,716
8892,638,452
8893,638,753
8894,638,1072
8895,638,282
8896,638,1145
8897,638,353
8898,638,640
8899,638,1204
8900,638,310
8901,638,167
8902,638,1207
8903,638,90
8904,638,221
8905,638,122
8906,638,625
8907,638,1083
8908,638,328
8909,638,1126
8910,638,1349
8911,638,275
8912,638,379
8913,638,1368
8914,638,337
8915,638,483
8916,638,189
8917,638,1017
8918,638,1087
8919,638,1077
8920,638,1565
8921,638,11
8922,638,1066
8923,638,1508
8924,638,369
8925,638,287
8926,638,1011
8927,638,464
8928,638,1428
8929,638,225
8930,638,1234
8931,638,1082
8932,638,118
8933,638,1402
8934,638,942
8935,638,1015
8936,638,33
8937,638,1391
8938,638,1168
8939,638,82
8940,638,212
8941,638,665
8942,638,1005
8943,638,374
8944,638,312
8945,638,649
8946,638,899
8947,638,812
8948,638,1080
8949,638,542
8950,638,983
8951,638,808
8952,638,375
8953,638,93
8954,638,70
8955,638,1174
8956,638,0
8957,638,905
8958,638,36
8959,638,1215
8960,638,1388
8961,638,1262
8962,638,358
8963,638,720
8964,638,612
8965,638,1133
8966,638,668
8967,638,156
8968,638,410
8969,638,1105
8970,638,399
8971,638,117
8972,638,1369
8973,638,620
8974,638,796
8975,638,322
8976,638,547
8977,638,200
8978,638,7
8979,638,924
8980,638,59
8981,638,1485
8982,638,740
8983,638,985
8984,638,1312
8985,638,62
8986,638,1196
8987,638,1014
8988,638,329
8989,638,1448
8990,638,209
8991,638,145
8992,638,76
8993,638,1211
8994,638,307
8995,638,890
8996,638,246
8997,638,1286
8998,638,857
8999,638,188
9000,638,534
9001,638,1364
9002,638,339
9003,638,46
9004,638,362
9005,638,471
9006,638,456
9007,638,887
9008,638,1521
9009,638,1387
9010,638,1376
9011,638,1417
9012,638,733
9013,638,71
9014,638,206
9015,638,750
9016,638,1591
9017,638,9
9018,638,1574
9019,638,845
9020,638,135
9021,638,866
9022,638,67
9023,638,296
9024,638,827
9025,638,1250
9026,638,233
9027,638,476
9028,638,691
9029,638,699
9030,638,1326
9031,638,1506
9032,638,655
9033,638,142
9034,638,174
9035,638,66
9036,638,837
9037,638,701
9038,638,403
9039,638,926
9040,638,1380
9041,638,1032
9042,638,820
9043,638,590
9044,638,87
9045,638,198
9046,638,1483
9047,638,490
9048,638,1609
9049,638,392
9050,638,171
9051,638,1409
9052,638,494
9053,638,891
9054,638,1075
9055,638,72
9056,638,1238
9057,638,97
9058,638,1443
9059,638,1023
9060,638,469
9061,638,634
9062,638,915
9063,638,1562
9064,638,1090
9065,638,561
9066,638,676
9067,638,1558
9068,638,748
9069,638,609
9070,638,909
9071,638,644
9072,638,120
9073,638,584
9074,638,1567
9075,638,333
9076,638,821
9077,638,771
9078,638,1230
9079,638,1185
9080,638,998
9081,638,1070
9082,638,1100
9083,638,931
9084,638,678
9085,638,74
9086,638,1300
9087,638,629
9088,638,549
9089,638,520
9090,638,60
9091,638,194
9092,638,1390
9093,638,755
9094,638,179
9095,638,69
9096,638,1281
9097,638,964
9098,638,830
9099,638,658
9100,638,544
9101,638,1169
9102,638,1241
9103,638,892
9104,638,1258
9105,638,1423
9106,638,424
9107,638,969
9108,638,498
9109,638,1528
9110,638,199
9111,638,784
9112,638,855
9113,638,305
9114,638,54
9115,638,191
9116,638,628
9117,638,1245
9118,638,1138
9119,638,1143
9120,638,1563
9121,638,370
9122,638,1582
9123,638,1270
9124,638,754
9125,638,96
9126,638,758
9127,638,1217
9128,638,1363
9129,638,396
9130,638,113
9131,638,1575
9132,638,91
9133,638,1494
9134,638,751
9135,638,1404
9136,638,416
9137,638,1407
9138,638,121
9139,638,1284
9140,638,1064
9141,638,1465
9142,638,1242
9143,638,1159
9144,638,271
9145,638,459
9146,638,575
9147,638,1033
9148,638,346
9149,638,290
9150,638,1144
9151,638,742
9152,638,1478
9153,638,27
9154,638,446
9155,638,671
9156,638,618
9157,638,123
9158,638,586
9159,638,938
9160,638,968
9161,638,729
9162,638,1373
9163,638,477
9164,638,807
9165,638,173
9166,638,749
9167,638,980
9168,638,1355
9169,638,365
9170,638,1213
9171,638,627
9172,638,596
9173,638,1385
9174,638,1422
9175,638,730
9176,638,1400
9177,638,545
9178,638,1425
9179,638,1379
9180,638,434
9181,638,614
9182,638,31
9183,638,919
9184,638,1013
9185,638,1541
9186,638,1597
9187,638,492
9188,638,133
9189,638,1291
9190,638,1118
9191,638,603
9192,638,986
9193,638,567
9194,638,1585
9195,638,1046
9196,638,532
9197,638,239
9198,638,1093
9199,638,728
9200,638,137
9201,638,342
9202,638,851
9203,638,468
9204,638,1429
9205,638,1505
9206,638,1
9207,638,363
9208,638,447
9209,638,1112
9210,638,859
9211,638,1193
9212,638,1150
9213,638,394
9214,638,1486
9215,638,450
9216,638,1453
9217,638,1327
9218,638,1430
9219,638,958
9220,638,301
9221,638,1183
9222,638,1016
9223,638,1547
9224,638,1496
9225,638,1101
9226,638,788
9227,638,918
9228,638,344
9229,638,580
9230,638,706
9231,638,1462
9232,638,1078
9233,638,351
9234,638,816
9235,638,1533
9236,638,1024
9237,638,227
9238,638,24
9239,638,1146
9240,638,58
9241,638,65
9242,638,642
9243,638,106
9244,638,593
9245,638,1062
9246,638,818
9247,638,592
9248,638,1568
9249,638,832
9250,638,18
9251,638,1378
9252,638,104
9253,638,667
9254,638,1515
9255,638,177
9256,638,1554
9257,638,152
9258,638,776
9259,638,391
9260,638,1044
9261,638,1191
9262,638,371
9263,638,332
9264,638,1271
9265,638,1525
9266,638,39
9267,638,1319
9268,638,1018
9269,638,1449
9270,638,1348
9271,638,1366
9272,638,875
9273,638,244
9274,638,908
9275,638,805
9276,638,765
9277,638,769
9278,638,262
9279,638,318
9280,638,873
9281,638,864
9282,638,1042
9283,638,826
9284,638,714
9285,638,719
9286,638,1107
9287,638,1038
9288,638,982
9289,638,1497
9290,638,841
9291,638,1307
9292,638,228
9293,638,935
9294,638,1489
9295,638,834
9296,638,717
9297,638,1518
9298,638,315
9299,638,1540
9300,638,398
9301,638,1520
9302,638,294
9303,638,1276
9304,638,95
9305,638,1569
9306,638,380
9307,638,666
9308,638,1114
9309,638,214
9310,638,863
9311,638,10
9312,638,682
9313,638,1564
9314,638,1157
9315,638,1510
9316,638,1294
9317,638,22
9318,638,256
9319,638,311
9320,638,789
9321,638,288
9322,638,1352
9323,638,1330
9324,638,1162
9325,638,466
9326,638,1470
9327,638,825
9328,638,1156
9329,638,785
9330,638,700
9331,638,158
9332,638,1280
9333,638,272
9334,638,1025
9335,638,238
9336,638,756
9337,638,1421
9338,638,129
9339,638,848
9340,638,35
9341,638,1223
9342,638,241
9343,638,1471
9344,638,568
9345,638,217
9346,638,1311
9347,638,1534
9348,638,280
9349,638,1034
9350,638,745
9351,638,335
9352,638,376
9353,638,146
9354,638,1460
9355,638,1504
9356,638,1447
9357,638,652
9358,638,488
9359,638,1495
9360,638,1386
9361,638,1436
9362,638,1493
9363,638,956
9364,638,1329
9365,638,334
9366,638,1542
9367,638,201
9368,638,1535
9369,638,408
9370,638,79
9371,638,361
9372,638,979
9373,638,500
9374,638,1411
9375,638,1596
9376,638,872
9377,638,42
9378,638,298
9379,638,530
9380,638,1153
9381,638,1437
9382,638,116
9383,638,681
9384,638,839
9385,638,293
9386,638,1338
9387,638,1545
9388,638,297
9389,638,1424
9390,638,336
9391,638,1275
9392,638,999
9393,638,949
9394,638,157
9395,638,1375
9396,638,536
9397,638,472
9398,638,633
9399,638,309
9400,638,1399
9401,638,854
9402,638,995
9403,638,1576
9404,638,1002
9405,638,611
9406,638,1577
9407,638,479
9408,638,1288
9409,638,1076
9410,638,316
9411,638,460
9412,638,1367
9413,638,917
9414,638,291
9415,638,661
9416,638,325
9417,638,1021
9418,638,1071
9419,638,14
9420,638,984
9421,638,704
9422,638,794
9423,638,503
9424,638,1560
9425,638,641
9426,638,445
9427,638,974
9428,638,1186
9429,638,1061
9430,638,838
9431,638,340
9432,638,20
9433,638,1389
9434,638,1269
9435,638,127
9436,638,489
9437,638,451
9438,638,778
9439,638,413
9440,638,481
9441,638,1527
9442,638,715
9443,638,952
9444,638,570
9445,638,126
9446,638,1074
9447,638,32
9448,638,101
9449,638,153
9450,638,50
9451,638,932
9452,638,1313
9453,638,1111
9454,638,1516
9455,638,1614
9456,638,1179
9457,638,1266
9458,638,125
9459,638,1333
9460,638,1362
9461,638,599
9462,638,1197
9463,638,433
9464,638,1382
9465,638,1030
9466,638,930
9467,638,565
9468,638,903
9469,638,928
9470,638,406
9471,638,1481
9472,638,1141
9473,638,736
9474,638,804
9475,638,1531
9476,638,1256
9477,638,1257
9478,638,572
9479,638,1001
9480,638,889
9481,638,1374
9482,638,791
9483,638,1354
9484,638,695
9485,638,1268
9486,638,1244
9487,638,869
9488,638,502
9489,638,693
9490,638,677
9491,638,1397
9492,638,763
9493,638,178
9494,638,981
9495,638,1607
9496,638,1392
9497,638,522
9498,638,853
9499,638,1395
9500,638,1347
9501,638,348
9502,638,1006
9503,638,497
9504,638,650
9505,638,1027
9506,638,341
9507,638,659
9508,638,867
9509,638,1398
9510,638,893
9511,638,811
9512,638,314
9513,638,663
9514,638,1452
9515,638,1287
9516,638,21
9517,638,1487
9518,638,63
9519,638,1246
9520,638,646
9521,638,439
9522,696,120
9523,696,1175
9524,696,1027
9525,696,695
9526,696,1279
9527,696,628
9528,696,489
9529,696,829
9530,696,1341
9531,696,976
9532,696,1477
9533,696,1560
9534,696,1410
9535,696,148
9536,696,1570
9537,696,1284
9538,696,571
9539,696,808
9540,696,1376
9541,696,373
9542,696,376
9543,696,715
9544,696,102
9545,696,63
9546,696,1402
9547,696,925
9548,696,1060
9549,696,1076
9550,696,1303
9551,696,776
9552,696,239
9553,696,1297
9554,696,221
9555,696,59
9556,696,763
9557,696,1096
9558,696,796
9559,696,1018
9560,696,652
9561,696,1306
9562,696,446
9563,696,705
9564,696,649
9565,696,814
9566,696,1139
9567,696,1310
9568,696,1226
9569,696,1479
9570,696,941
9571,696,264
9572,696,186
9573,696,998
9574,696,1503
9575,696,1469
9576,696,258
9577,696,477
9578,696,415
9579,696,626
9580,696,162
9581,696,843
9582,696,451
9583,696,1386
9584,696,1363
9585,696,1196
9586,696,1059
9587,696,1187
9588,696,49
9589,696,16
9590,696,439
9591,696,686
9592,696,1568
9593,696,1016
9594,696,87
9595,696,1558
9596,696,597
9597,696,65
9598,696,1000
9599,696,1468
9600,696,26
9601,696,791
9602,696,494
9603,696,335
9604,696,660
9605,696,1499
9606,696,1329
9607,696,521
9608,696,592
9609,696,1357
9610,696,223
9611,696,1424
9612,696,1246
9613,696,1228
9614,696,54
9615,696,918
9616,696,480
9617,696,1194
9618,696,1276
9619,696,720
9620,696,1121
9621,696,1146
9622,696,826
9623,696,1199
9624,696,1497
9625,696,222
9626,696,134
9627,696,92
9628,696,1593
9629,696,445
9630,696,183
9631,696,1242
9632,696,1174
9633,696,1403
9634,696,255
9635,696,929
9636,696,281
9637,696,927
9638,696,1080
9639,696,1107
9640,696,1273
9641,696,699
9642,696,410
9643,696,1188
9644,696,390
9645,696,1286
9646,696,887
9647,696,1553
9648,696,1138
9649,696,585
9650,696,364
9651,696,1244
9652,696,456
9653,696,20
9654,696,448
9655,696,830
9656,696,526
9657,696,50
9658,696,74
9659,696,871
9660,696,719
9661,696,736
9662,696,824
9663,696,10
9664,696,483
9665,696,1573
9666,696,663
9667,696,215
9668,696,1569
9669,696,1299
9670,696,334
9671,696,588
9672,696,974
9673,696,1604
9674,696,1567
9675,696,197
9676,696,1084
9677,696,319
9678,696,924
9679,696,1044
9680,696,1026
9681,696,683
9682,696,537
9683,696,765
9684,696,1432
9685,696,1093
9686,696,1505
9687,696,614
9688,696,775
9689,696,418
9690,696,634
9691,696,152
9692,696,1535
9693,696,474
9694,696,951
9695,696,700
9696,696,848
9697,696,1339
9698,696,1508
9699,696,536
9700,696,801
9701,696,1153
9702,696,815
9703,696,1366
9704,696,1480
9705,696,1094
9706,696,725
9707,696,262
9708,696,195
9709,696,862
9710,696,458
9711,696,392
9712,696,1091
9713,696,753
9714,696,762
9715,696,756
9716,696,1235
9717,696,125
9718,696,391
9719,696,325
9720,696,872
9721,696,1349
9722,696,1004
9723,696,1257
9724,696,1518
9725,696,825
9726,696,76
9727,696,9
9728,696,32
9729,696,973
9730,696,98
9731,696,1255
9732,696,624
9733,696,1125
9734,696,127
9735,696,1473
9736,696,560
9737,696,1039
9738,696,499
9739,696,18
9740,696,573
9741,696,1579
9742,696,422
9743,696,798
9744,696,644
9745,696,359
9746,696,1493
9747,696,1100
9748,696,1152
9749,696,967
9750,696,782
9751,696,539
9752,696,248
9753,696,118
9754,696,298
9755,696,534
9756,696,1491
9757,696,1260
9758,696,1418
9759,696,1108
9760,696,80
9761,696,180
9762,696,1487
9763,696,1115
9764,696,1005
9765,696,249
9766,696,344
9767,696,45
9768,696,1501
9769,696,938
9770,696,1462
9771,696,1010
9772,696,1549
9773,696,1612
9774,696,687
9775,696,1374
9776,696,301
9777,696,866
9778,696,33
9779,696,975
9780,696,1037
9781,696,704
9782,696,1233
9783,696,1029
9784,696,948
9785,696,396
9786,696,558
9787,696,1520
9788,696,224
9789,696,173
9790,696,1451
9791,696,1253
9792,696,412
9793,696,230
9794,696,1087
9795,696,107
9796,696,625
9797,696,999
9798,696,1127
9799,696,1221
9800,696,144
9801,696,910
9802,696,1452
9803,696,1088
9804,696,563
9805,696,1156
9806,696,211
9807,696,1003
9808,696,784
9809,696,1171
9810,696,849
9811,696,311
9812,696,128
9813,696,568
9814,696,1131
9815,696,1236
9816,696,1534
9817,696,1447
9818,696,1030
9819,696,657
9820,696,714
9821,696,488
9822,696,1149
9823,696,1311
9824,696,905
9825,696,350
9826,696,741
9827,696,1401
9828,696,953
9829,696,1206
9830,696,1587
9831,696,670
9832,696,995
9833,696,853
9834,696,875
9835,696,1287
9836,696,1475
9837,696,279
9838,696,1272
9839,696,44
9840,696,464
9841,696,1143
9842,696,1421
9843,696,1522
9844,696,1111
9845,696,1344
9846,696,460
9847,696,1202
9848,696,1444
9849,696,399
9850,696,650
9851,696,567
9852,696,970
9853,696,642
9854,696,1502
9855,696,158
9856,696,1
9857,696,498
9858,696,881
9859,696,57
9860,696,146
9861,696,1400
9862,696,541
9863,696,552
9864,696,514
9865,696,1585
9866,696,986
9867,696,214
9868,696,478
9869,696,260
9870,696,978
9871,696,818
9872,696,1478
9873,696,1559
9874,696,1101
9875,696,542
9876,696,282
9877,696,1024
9878,696,1394
9879,696,1250
9880,696,361
9881,696,73
9882,696,244
9883,696,500
9884,696,1431
9885,696,727
9886,696,280
9887,696,165
9888,696,25
9889,696,576
9890,696,263
9891,696,97
9892,696,1351
9893,696,47
9894,696,1500
9895,696,760
9896,696,668
9897,696,209
9898,696,312
9899,696,510
9900,696,716
9901,696,455
9902,696,911
9903,696,1465
9904,696,645
9905,696,893
9906,696,1330
9907,696,1207
9908,696,353
9909,696,226
9910,696,679
9911,696,1331
9912,696,752
9913,696,276
9914,696,1450
9915,696,310
9916,696,945
9917,696,1061
9918,696,880
9919,696,718
9920,696,51
9921,696,766
9922,696,641
9923,696,452
9924,696,1163
9925,696,278
9926,696,297
9927,696,369
9928,696,1006
9929,696,1533
9930,696,1035
9931,696,416
9932,696,71
9933,696,572
9934,696,1453
9935,696,1055
9936,696,509
9937,696,803
9938,696,748
9939,696,1588
9940,696,1062
9941,696,968
9942,696,1292
9943,696,1405
9944,696,432
9945,696,706
9946,696,1137
9947,696,1184
9948,696,1057
9949,696,513
9950,696,1542
9951,696,646
9952,696,1352
9953,696,1040
9954,696,171
9955,696,203
9956,696,698
9957,696,342
9958,696,1203
9959,696,540
9960,696,1302
9961,696,30
9962,696,245
9963,696,269
9964,696,1388
9965,696,832
9966,696,366
9967,696,93
9968,696,316
9969,696,479
9970,719,82
9971,719,264
9972,719,204
9973,719,474
9974,719,828
9975,719,803
9976,749,982
9977,749,1206
9978,749,1521
9979,749,1414
9980,749,821
9981,749,1568
9982,749,36
9983,749,1397
9984,749,165
9985,749,1228
9986,749,1317
9987,749,691
9988,749,140
9989,749,1565
9990,749,1539
9991,749,627
9992,749,976
9993,749,1554
9994,749,342
9995,749,567
9996,749,946
9997,749,1041
9998,749,630
9999,749,135
10000,749,718
10001,749,1345
10002,749,784
10003,749,66
10004,749,791
10005,749,1230
10006,749,948
10007,749,986
10008,749,765
10009,749,511
10010,749,1144
10011,749,727
10012,749,1146
10013,749,686
10014,749,216
10015,749,4
10016,749,366
10017,749,977
10018,749,1050
10019,749,1287
10020,749,1245
10021,749,445
10022,749,1039
10023,749,1289
10024,749,1107
10025,749,200
10026,749,736
10027,749,1169
10028,749,618
10029,749,1093
10030,749,1264
10031,749,1080
10032,749,1179
10033,749,18
10034,749,278
10035,749,55
10036,749,857
10037,749,657
10038,749,1405
10039,749,457
10040,749,539
10041,749,577
10042,749,1157
10043,749,1015
10044,749,1413
10045,749,221
10046,749,72
10047,749,694
10048,749,1111
10049,749,663
10050,749,1469
10051,749,500
10052,749,1074
10053,749,467
10054,749,1366
10055,749,248
10056,749,1384
10057,749,503
10058,749,477
10059,749,1421
10060,749,840
10061,749,536
10062,749,1563
10063,749,1342
10064,749,54
10065,749,104
10066,749,824
10067,749,1488
10068,749,305
10069,749,254
10070,749,1106
10071,749,748
10072,749,927
10073,749,101
10074,749,358
10075,749,1576
10076,749,26
10077,749,255
10078,749,39
10079,749,211
10080,749,1515
10081,749,369
10082,749,1065
10083,749,642
10084,749,1063
10085,749,1182
10086,749,191
10087,749,844
10088,749,984
10089,749,1297
10090,749,886
10091,749,1409
10092,749,1587
10093,749,1010
10094,749,143
10095,749,586
10096,749,1437
10097,749,414
10098,749,638
10099,749,1508
10100,749,754
10101,749,942
10102,749,1025
10103,749,866
10104,749,35
10105,749,510
10106,749,120
10107,749,796
10108,749,1186
10109,749,858
10110,749,1002
10111,749,92
10112,749,589
10113,749,576
10114,749,1406
10115,749,1268
10116,749,781
10117,749,1359
10118,749,1569
10119,749,778
10120,749,1438
10121,749,1240
10122,749,1095
10123,749,964
10124,749,1207
10125,749,1556
10126,749,1188
10127,749,616
10128,749,845
10129,749,98
10130,749,1376
10131,749,37
10132,749,1084
10133,749,746
10134,749,1226
10135,749,489
10136,749,497
10137,749,412
10138,749,1112
10139,749,1132
10140,749,310
10141,749,433
10142,749,1388
10143,749,1062
10144,749,460
10145,749,530
10146,749,891
10147,749,1187
10148,749,268
10149,749,751
10150,749,937
10151,749,1480
10152,749,147
10153,749,1503
10154,749,451
10155,749,855
10156,749,1497
10157,749,271
10158,749,96
10159,749,1133
10160,749,59
10161,749,755
10162,749,446
10163,749,1472
10164,749,459
10165,749,771
10166,749,609
10167,749,1498
10168,749,838
10169,749,261
10170,749,1477
10171,749,956
10172,749,763
10173,749,1122
10174,749,1425
10175,749,1527
10176,749,641
10177,749,106
10178,749,320
10179,749,1423
10180,749,1489
10181,749,1373
10182,781,923
10183,781,1441
10184,781,325
10185,781,13
10186,781,1285
10187,781,942
10188,781,1490
10189,781,542
10190,781,284
10191,781,1496
10192,781,342
10193,781,705
10194,781,1352
10195,781,561
10196,781,811
10197,781,1521
10198,781,775
10199,781,749
10200,781,241
10201,781,1541
10202,781,1339
10203,781,1499
10204,781,307
10205,781,1053
10206,781,1164
10207,781,452
10208,781,862
10209,781,958
10210,781,1427
10211,781,530
10212,781,154
10213,781,368
10214,781,897
10215,781,1291
10216,781,1394
10217,781,510
10218,781,1493
10219,781,1124
10220,781,928
10221,781,176
10222,781,1563
10223,781,900
10224,781,413
10225,781,4
10226,781,589
10227,781,952
10228,781,436
10229,781,42
10230,781,82
10231,781,424
10232,781,593
10233,781,1463
10234,781,1235
10235,781,263
10236,781,110
10237,781,395
10238,781,751
10239,781,1038
10240,781,640
10241,781,1580
10242,781,855
10243,781,817
10244,781,1281
10245,781,152
10246,781,54
10247,781,727
10248,781,1246
10249,781,1251
10250,781,401
10251,781,553
10252,781,1538
10253,781,1330
10254,781,411
10255,781,1240
10256,781,1173
10257,781,959
10258,781,1206
10259,781,914
10260,781,1088
10261,781,898
10262,781,1283
10263,781,639
10264,781,752
10265,781,972
10266,781,261
10267,781,691
10268,781,95
10269,781,181
10270,781,1118
10271,781,481
10272,781,557
10273,781,40
10274,781,1452
10275,781,839
10276,781,535
10277,781,1250
10278,781,459
10279,781,903
10280,781,1125
10281,781,398
10282,781,369
10283,781,1195
10284,781,1015
10285,781,508
10286,781,831
10287,781,546
10288,781,1529
10289,781,899
10290,781,287
10291,781,616
10292,781,778
10293,781,983
10294,781,1035
10295,781,374
10296,781,1362
10297,781,1032
10298,781,774
10299,781,798
10300,781,1448
10301,781,1598
10302,781,748
10303,781,1111
10304,781,995
10305,781,513
10306,781,1590
10307,781,753
10308,781,930
10309,781,1261
10310,781,427
10311,781,766
10312,781,814
10313,781,865
10314,781,334
10315,781,102
10316,781,212
10317,781,586
10318,781,1041
10319,781,1366
10320,781,514
10321,781,1252
10322,781,122
10323,781,1383
10324,781,1395
10325,781,120
10326,781,663
10327,781,1067
10328,781,630
10329,781,785
10330,781,117
10331,781,217
10332,781,956
10333,781,655
10334,781,19
10335,781,967
10336,781,611
10337,781,636
10338,781,1105
10339,781,133
10340,781,320
10341,781,890
10342,781,1242
10343,781,750
10344,781,901
10345,781,861
10346,781,941
10347,781,1536
10348,781,550
10349,781,843
10350,781,547
10351,781,141
10352,781,185
10353,781,1581
10354,781,489
10355,781,356
10356,781,116
10357,781,1135
10358,781,214
10359,781,1612
10360,781,490
10361,781,104
10362,781,248
10363,781,915
10364,781,503
10365,781,1128
10366,781,1557
10367,781,1232
10368,781,1523
10369,781,1385
10370,781,954
10371,781,926
10372,781,868
10373,781,1426
10374,781,1404
10375,781,1239
10376,785,359
10377,785,1451
10378,785,195
10379,785,355
10380,785,993
10381,785,1126
10382,785,303
10383,785,1534
10384,785,240
10385,785,401
10386,785,92
10387,785,596
10388,785,498
10389,785,1007
10390,785,478
10391,785,789
10392,785,329
10393,785,1461
10394,785,619
10395,785,89
10396,785,970
10397,785,750
10398,785,1010
10399,785,45
10400,785,285
10401,785,1284
10402,785,133
10403,785,129
10404,785,1399
10405,785,1598
10406,785,1290
10407,785,1403
10408,785,1199
10409,785,520
10410,785,48
10411,785,1367
10412,785,1235
10413,785,233
10414,785,1531
10415,785,1134
10416,785,409
10417,785,1495
10418,785,1536
10419,785,547
10420,785,25
10421,785,193
10422,785,457
10423,785,646
10424,785,848
10425,785,542
10426,785,87
10427,785,1125
10428,785,770
10429,785,1363
10430,785,394
10431,785,882
10432,785,1291
10433,785,224
10434,785,599
10435,785,1342
10436,785,1197
10437,785,541
10438,785,1005
10439,785,1064
10440,785,727
10441,785,1326
10442,785,158
10443,785,1388
10444,785,302
10445,785,1338
10446,785,521
10447,785,185
10448,785,1375
10449,785,1130
10450,785,861
10451,785,1131
10452,785,95
10453,785,832
10454,785,1593
10455,785,662
10456,785,1580
10457,785,1362
10458,785,106
10459,785,843
10460,785,575
10461,785,1081
10462,785,492
10463,785,1042
10464,785,624
10465,785,1579
10466,785,1452
10467,785,1030
10468,785,327
10469,785,1147
10470,785,808
10471,785,242
10472,785,1038
10473,785,1145
10474,785,454
10475,785,1483
10476,785,137
10477,785,27
10478,785,648
10479,785,1169
10480,785,851
10481,785,767
10482,785,765
10483,785,1103
10484,785,930
10485,785,608
10486,785,751
10487,785,481
10488,785,591
10489,785,1511
10490,785,1503
10491,785,1258
10492,785,319
10493,785,686
10494,785,1319
10495,785,201
10496,785,729
10497,785,122
10498,785,1391
10499,785,186
10500,785,834
10501,785,1180
10502,785,214
10503,785,398
10504,785,153
10505,785,1118
10506,785,1226
10507,785,819
10508,785,177
10509,785,1257
10510,785,966
10511,785,61
10512,785,1056
10513,785,1603
10514,785,30
10515,785,867
10516,785,1614
10517,785,221
10518,785,1351
10519,785,1037
10520,785,4
10521,785,1437
10522,785,373
10523,785,875
10524,785,460
10525,785,318
10526,785,208
10527,785,229
10528,785,107
10529,785,1549
10530,785,449
10531,785,1306
10532,785,344
10533,785,1247
10534,785,1024
10535,785,919
10536,785,275
10537,785,530
10538,785,20
10539,785,156
10540,785,1245
10541,785,897
10542,785,1348
10543,785,1255
10544,785,963
10545,785,975
10546,785,590
10547,785,363
10548,785,671
10549,785,154
10550,785,1436
10551,785,9
10552,785,627
10553,785,340
10554,785,1122
10555,785,1460
10556,785,198
10557,785,1111
10558,785,558
10559,785,968
10560,785,6
10561,785,1072
10562,785,510
10563,785,1057
10564,785,422
10565,785,864
10566,785,725
10567,785,865
10568,785,1318
10569,785,1330
10570,785,249
10571,785,1311
10572,785,465
10573,785,1020
10574,785,784
10575,785,549
10576,785,474
10577,785,1095
10578,785,1240
10579,785,926
10580,785,1611
10581,785,1425
10582,785,837
10583,785,915
10584,785,985
10585,785,370
10586,785,849
10587,785,1300
10588,785,1397
10589,785,322
10590,785,1509
10591,785,910
10592,785,1027
10593,785,1114
10594,785,1071
10595,785,1175
10596,785,1466
10597,785,929
10598,785,105
10599,785,111
10600,785,1310
10601,785,1316
10602,785,281
10603,785,1043
10604,785,1439
10605,785,1261
10606,785,508
10607,785,1572
10608,785,822
10609,785,914
10610,785,745
10611,785,1423
10612,785,473
10613,785,529
10614,785,1253
10615,785,916
10616,785,1547
10617,785,1588
10618,785,507
10619,785,56
10620,785,1581
10621,785,1443
10622,785,1339
10623,785,1301
10624,785,543
10625,785,325
10626,785,204
10627,785,635
10628,785,126
10629,785,360
10630,785,261
10631,785,938
10632,785,128
10633,785,827
10634,785,893
10635,785,1121
10636,785,226
10637,785,1303
10638,785,955
10639,785,65
10640,785,346
10641,785,16
10642,785,183
10643,785,1313
10644,785,463
10645,785,899
10646,785,752
10647,785,913
10648,785,1293
10649,785,1473
10650,785,911
10651,785,1481
10652,785,23
10653,785,1454
10654,785,66
10655,785,1053
10656,785,1220
10657,785,1016
10658,785,857
10659,785,391
10660,785,683
10661,785,907
10662,785,707
10663,785,1076
10664,785,594
10665,785,592
10666,785,485
10667,785,703
10668,785,838
10669,785,1242
10670,785,1347
10671,785,898
10672,785,1029
10673,785,988
10674,785,384
10675,785,1209
10676,785,212
10677,785,1357
10678,785,1488
10679,785,46
10680,785,1447
10681,785,219
10682,785,1474
10683,785,1532
10684,785,258
10685,785,881
10686,785,297
10687,785,1100
10688,785,459
10689,785,1182
10690,785,427
10691,785,1232
10692,785,90
10693,785,44
10694,785,1487
10695,785,1553
10696,785,380
10697,785,700
10698,785,805
10699,785,123
10700,785,1015
10701,785,1018
10702,785,829
10703,785,1133
10704,785,1162
10705,785,1371
10706,785,1458
10707,785,337
10708,785,352
10709,785,1332
10710,785,1256
10711,785,1233
10712,785,514
10713,785,1500
10714,785,711
10715,785,736
10716,785,0
10717,785,308
10718,785,701
10719,785,40
10720,785,36
10721,785,909
10722,785,1050
10723,785,978
10724,785,502
10725,785,1068
10726,785,1506
10727,785,884
10728,785,717
10729,785,1289
10730,785,1059
10731,785,1478
10732,785,756
10733,785,845
10734,785,1308
10735,785,854
10736,785,356
10737,785,1244
10738,785,284
10739,785,876
10740,785,958
10741,785,1566
10742,785,744
10743,785,1032
10744,785,858
10745,785,1405
10746,785,47
10747,785,1307
10748,785,682
10749,785,1560
10750,785,415
10751,785,641
10752,785,446
10753,785,1203
10754,785,1376
10755,785,393
10756,785,1355
10757,785,348
10758,785,1088
10759,785,999
10760,785,165
10761,785,766
10762,785,257
10763,785,24
10764,785,681
10765,785,191
10766,785,1060
10767,785,906
10768,785,887
10769,785,410
10770,785,868
10771,785,1486
10772,785,807
10773,785,307
10774,785,341
10775,785,225
10776,785,57
10777,785,1275
10778,785,924
10779,785,135
10780,785,1102
10781,785,428
10782,785,573
10783,785,1151
10784,785,120
10785,785,367
10786,785,588
10787,785,499
10788,785,817
10789,785,1382
10790,785,1359
10791,785,878
10792,785,286
10793,785,983
10794,785,483
10795,785,477
10796,785,749
10797,785,1366
10798,785,526
10799,785,1062
10800,785,905
10801,785,389
10802,785,86
10803,785,1479
10804,785,150
10805,785,332
10806,785,668
10807,785,1269
10808,785,1610
10809,785,1266
10810,785,121
10811,785,1525
10812,785,361
10813,785,368
10814,785,288
10815,785,320
10816,785,1341
10817,785,21
10818,785,317
10819,785,1515
10820,785,1365
10821,785,1153
10822,785,718
10823,785,1420
10824,785,1485
10825,785,1345
10826,785,441
10827,785,976
10828,785,1372
10829,785,649
10830,785,100
10831,785,1280
10832,785,977
10833,785,365
10834,785,758
10835,785,1508
10836,785,116
10837,785,1402
10838,785,778
10839,785,1273
10840,785,1424
10841,785,625
10842,785,1386
10843,785,1168
10844,785,1108
10845,785,804
10846,785,445
10847,785,216
10848,785,280
10849,785,1263
10850,785,1545
10851,785,584
10852,785,256
10853,785,166
10854,785,831
10855,785,1459
10856,785,374
10857,785,1241
10858,785,1207
10859,785,1136
10860,785,998
10861,785,972
10862,785,381
10863,785,726
10864,785,544
10865,785,965
10866,785,1116
10867,785,497
10868,785,244
10869,785,645
10870,785,315
10871,785,59
10872,785,1171
10873,785,1404
10874,785,1065
10875,785,974
10876,785,1434
10877,785,1019
10878,785,102
10879,785,413
10880,785,282
10881,785,706
10882,785,1208
10883,785,114
10884,785,234
10885,785,647
10886,785,1034
10887,785,759
10888,785,1615
10889,785,560
10890,785,1299
10891,785,1150
10892,785,840
10893,785,1158
10894,785,1025
10895,785,1272
10896,785,38
10897,785,986
10898,785,471
10899,785,1369
10900,785,676
10901,785,1265
10902,785,1181
10903,785,1477
10904,785,1276
10905,785,1191
10906,785,699
10907,785,314
10908,785,157
10909,785,1084
10910,785,99
10911,785,561
10912,785,709
10913,785,372
10914,785,239
10915,785,1298
10916,785,755
10917,785,937
10918,785,904
10919,785,903
10920,785,775
10921,785,1324
10922,785,1264
10923,785,638
10924,785,1331
10925,785,760
10926,785,572
10927,785,1070
10928,785,1498
10929,785,263
10930,785,984
10931,785,839
10932,785,1075
10933,785,8
10934,785,611
10935,785,1344
10936,785,472
10937,785,1215
10938,785,1519
10939,785,667
10940,785,310
10941,785,1456
10942,785,469
10943,785,626
10944,785,11
10945,785,408
10946,785,719
10947,785,1612
10948,785,1568
10949,785,268
10950,785,1522
10951,785,1204
10952,785,1584
10953,785,291
10954,785,973
10955,785,188
10956,785,412
10957,785,349
10958,785,1054
10959,785,798
10960,785,1542
10961,785,773
10962,785,951
10963,785,174
10964,785,68
10965,785,969
10966,785,1505
10967,785,1099
10968,785,1431
10969,785,403
10970,785,1496
10971,785,1157
10972,785,357
10973,785,414
10974,785,1096
10975,785,644
10976,785,10
10977,785,375
10978,785,350
10979,785,103
10980,785,1413
10981,785,710
10982,785,50
10983,785,900
10984,785,1440
10985,785,720
10986,785,366
10987,785,1012
10988,785,1234
10989,785,788
10990,785,981
10991,785,490
10992,785,1417
10993,785,131
10994,785,953
10995,785,1574
10996,785,326
10997,785,872
10998,785,489
10999,785,732
11000,785,1159
11001,785,1119
11002,785,416
11003,785,1421
11004,785,1389
11005,785,1617
11006,785,62
11007,785,180
11008,785,1462
11009,785,674
11010,785,1578
11011,785,1079
11012,785,306
11013,785,466
11014,785,772
11015,785,607
11016,785,1464
11017,785,1028
11018,785,609
11019,785,1470
11020,785,917
11021,785,994
11022,785,1364
11023,785,1409
11024,785,589
11025,785,1410
11026,785,162
11027,785,1499
11028,785,652
11029,785,830
11030,785,1438
11031,785,694
11032,785,666
11033,785,833
11034,785,1414
11035,785,218
11036,785,844
11037,785,1067
11038,785,142
11039,785,650
11040,785,787
11041,785,1250
11042,785,1217
11043,785,333
11044,785,545
11045,785,18
11046,785,995
11047,785,304
11048,785,458
11049,785,705
11050,785,859
11051,785,925
11052,785,695
11053,785,424
11054,785,777
11055,785,1002
11056,785,1066
11057,785,1078
11058,785,801
11059,785,118
11060,785,537
11061,785,757
11062,785,1475
11063,785,1444
11064,785,748
11065,785,1055
11066,785,115
11067,785,642
11068,785,716
11069,785,480
11070,785,1558
11071,785,869
11072,785,557
11073,785,67
11074,785,484
11075,785,753
11076,785,42
11077,785,1528
11078,785,39
11079,785,146
11080,785,1000
11081,785,1271
11082,785,1335
11083,785,411
11084,785,1192
11085,785,786
11086,785,1292
11087,785,1346
11088,785,1587
11089,785,1143
11090,785,688
11091,785,939
11092,785,1262
11093,785,33
11094,785,1411
11095,785,1164
11096,785,130
11097,785,1041
11098,785,300
11099,785,811
11100,785,1582
11101,785,1517
11102,785,941
11103,785,1274
11104,785,476
11105,785,1570
11106,785,217
11107,785,260
11108,785,448
11109,785,933
11110,785,534
11111,785,1333
11112,785,455
11113,785,1251
11114,785,1206
11115,785,1468
11116,785,127
11117,785,32
11118,785,628
11119,785,14
11120,785,825
11121,785,1312
11122,785,796
11123,785,210
11124,785,578
11125,785,693
11126,785,238
11127,785,450
11128,785,298
11129,785,815
11130,785,276
11131,785,661
11132,785,768
11133,785,556
11134,785,629
11135,785,769
11136,785,407
11137,785,1022
11138,785,1480
11139,785,220
11140,785,1368
11141,785,952
11142,785,22
11143,785,1140
11144,785,935
11145,785,540
11146,785,70
11147,785,1146
11148,785,1387
11149,785,1046
11150,785,678
11151,785,567
11152,785,553
11153,785,866
11154,785,167
11155,785,1236
11156,785,698
11157,785,1551
11158,785,271
11159,785,566
11160,785,623
11161,785,597
11162,785,194
11163,785,763
11164,785,273
11165,785,1260
11166,785,266
11167,785,620
11168,785,399
11169,785,1619
11170,785,1429
11171,785,199
11172,785,1520
11173,785,254
11174,785,918
11175,785,685
11176,785,432
11177,785,1106
11178,785,63
11179,785,1328
11180,785,1302
11181,785,339
11182,785,1239
11183,785,1533
11184,785,746
11185,785,406
11186,785,1304
11187,785,586
11188,785,610
11189,785,621
11190,785,241
11191,785,697
11192,785,936
11193,785,259
11194,785,708
11195,785,72
11196,785,251
11197,785,522
11198,785,351
11199,785,80
11200,785,927
11201,785,1527
11202,785,206
11203,785,37
11204,785,846
11205,785,580
11206,785,1011
11207,785,824
11208,785,724
11209,785,1609
11210,785,1394
11211,785,113
11212,785,335
11213,785,656
11214,785,41
11215,785,390
11216,785,1176
11217,785,1448
11218,785,739
11219,785,181
11220,785,1127
11221,785,433
11222,799,1328
11223,799,226
11224,799,500
11225,799,1220
11226,799,1151
11227,799,1156
11228,799,167
11229,799,1518
11230,799,1423
11231,799,1344
11232,799,821
11233,799,769
11234,799,572
11235,799,959
11236,799,1193
11237,799,51
11238,799,1409
11239,799,1268
11240,799,54
11241,799,197
11242,799,775
11243,799,250
11244,799,939
11245,799,206
11246,799,483
11247,799,822
11248,799,30
11249,799,767
11250,799,820
11251,799,260
11252,799,1144
11253,799,1194
11254,799,1029
11255,799,1138
11256,799,916
11257,799,460
11258,799,1292
11259,799,156
11260,799,87
11261,799,1026
11262,799,913
11263,799,1134
11264,799,1539
11265,799,607
11266,799,804
11267,799,1241
11268,799,1107
11269,799,269
11270,799,373
11271,799,724
11272,799,567
11273,799,1041
11274,799,257
11275,799,914
11276,799,21
11277,799,1299
11278,799,464
11279,799,720
11280,799,20
11281,799,762
11282,799,1271
11283,799,144
11284,799,646
11285,799,522
11286,799,886
11287,799,1527
11288,799,1056
11289,799,284
11290,799,585
11291,799,1505
11292,799,1411
11293,799,996
11294,799,1055
11295,799,16
11296,799,227
11297,799,134
11298,799,468
11299,799,301
11300,799,1057
11301,799,1541
11302,799,109
11303,799,1430
11304,799,438
11305,799,1483
11306,799,1240
11307,799,517
11308,799,322
11309,799,98
11310,799,933
11311,799,376
11312,799,380
11313,799,44
11314,799,1532
11315,799,423
11316,799,1503
11317,799,936
11318,799,359
11319,799,1448
11320,799,642
11321,799,7
11322,799,445
11323,799,244
11324,799,1059
11325,799,433
11326,799,840
11327,799,276
11328,799,843
11329,799,1531
11330,799,305
11331,799,931
11332,799,1437
11333,799,1290
11334,799,569
11335,799,148
11336,799,1388
11337,799,1274
11338,799,1140
11339,799,146
11340,799,609
11341,799,1012
11342,799,668
11343,799,107
11344,799,1400
11345,799,1515
11346,799,1438
11347,799,918
11348,799,1253
11349,799,544
11350,799,873
11351,799,1405
11352,799,9
11353,799,415
11354,799,641
11355,799,1475
11356,799,1346
11357,799,826
11358,799,494
11359,799,1587
11360,799,1596
11361,799,1496
11362,799,102
11363,799,530
11364,799,1025
11365,799,872
11366,799,208
11367,799,1162
11368,799,389
11369,799,40
11370,799,594
11371,799,619
11372,799,1152
11373,799,288
11374,799,315
11375,799,255
11376,799,39
11377,799,1440
11378,799,859
11379,799,183
11380,799,336
11381,799,1364
11382,799,727
11383,799,1077
11384,799,215
11385,799,1464
11386,799,1091
11387,799,1028
11388,799,662
11389,799,671
11390,799,925
11391,799,561
11392,799,1076
11393,799,261
11394,799,450
11395,799,1050
11396,799,1297
11397,799,704
11398,799,1089
11399,799,439
11400,799,1005
11401,799,791
11402,799,811
11403,799,1084
11404,799,1500
11405,799,1585
11406,799,125
11407,799,152
11408,799,73
11409,799,1553
11410,799,1293
11411,799,1040
11412,799,371
11413,799,757
11414,799,1202
11415,799,1382
11416,799,1567
11417,799,1570
11418,799,972
11419,799,690
11420,799,334
11421,799,180
11422,799,994
11423,799,1436
11424,799,1491
11425,799,1454
11426,799,655
11427,799,147
11428,799,279
11429,799,649
11430,799,367
11431,799,1329
11432,799,1604
11433,799,1121
11434,799,1180
11435,799,1369
11436,799,834
11437,799,722
11438,799,1015
11439,799,536
11440,799,814
11441,799,247
11442,799,1391
11443,799,1579
11444,799,223
11445,799,193
11446,799,1465
11447,799,1479
11448,799,90
11449,799,1611
11450,799,599
11451,799,344
11452,799,1418
11453,799,499
11454,799,1212
11455,799,1157
11456,799,1064
11457,799,43
11458,799,1314
11459,799,942
11460,799,356
11461,799,1424
11462,799,663
11463,799,22
11464,799,33
11465,799,1213
11466,799,634
11467,799,630
11468,799,1608
11469,799,934
11470,799,1217
11471,799,808
11472,799,1319
11473,799,620
11474,799,339
11475,799,436
11476,799,1540
11477,799,597
11478,799,185
11479,799,1043
11480,799,1477
11481,799,580
11482,799,1131
11483,799,1
11484,799,699
11485,799,1469
11486,799,1535
11487,821,716
11488,821,1022
11489,821,11
11490,821,581
11491,821,91
11492,821,1452
11493,821,871
11494,821,801
11495,821,750
11496,821,1119
11497,821,650
11498,821,479
11499,821,1465
11500,821,90
11501,821,203
11502,821,563
11503,821,894
11504,821,882
11505,821,348
11506,821,1085
11507,821,0
11508,821,1147
11509,821,227
11510,821,967
11511,821,1153
11512,821,102
11513,821,156
11514,821,55
11515,821,1357
11516,821,264
11517,821,1328
11518,821,302
11519,821,426
11520,821,1037
11521,821,416
11522,821,697
11523,821,1581
11524,821,61
11525,821,1007
11526,821,1055
11527,821,368
11528,821,311
11529,821,546
11530,821,714
11531,821,1011
11532,821,1218
11533,821,1228
11534,821,57
11535,821,139
11536,821,373
11537,821,366
11538,821,1375
11539,821,1298
11540,821,1474
11541,821,1012
11542,821,1199
11543,821,684
11544,821,1556
11545,821,1271
11546,821,1075
11547,821,1136
11548,821,628
11549,821,439
11550,821,45
11551,821,100
11552,821,718
11553,821,314
11554,821,184
11555,821,1479
11556,821,339
11557,821,585
11558,821,1319
11559,821,364
11560,821,186
11561,821,705
11562,821,1582
11563,821,781
11564,821,694
11565,821,1384
11566,821,1101
11567,821,109
11568,821,1191
11569,821,1269
11570,821,218
11571,821,1226
11572,821,1559
11573,821,165
11574,821,899
11575,821,512
11576,821,1553
11577,821,1524
11578,821,259
11579,821,1280
11580,821,543
11581,821,659
11582,821,1371
11583,821,1193
11584,821,1300
11585,821,712
11586,821,1580
11587,821,1410
11588,821,1493
11589,821,839
11590,821,176
11591,821,1181
11592,821,99
11593,821,205
11594,821,70
11595,821,1575
11596,821,1386
11597,821,678
11598,821,535
11599,821,1570
11600,821,951
11601,821,1598
11602,821,260
11603,821,1294
11604,821,1593
11605,821,1362
11606,821,392
11607,821,353
11608,821,1365
11609,821,1565
11610,821,393
11611,821,362
11612,821,212
11613,821,893
11614,821,892
11615,821,1520
11616,821,245
11617,821,1345
11618,821,1231
11619,821,1126
11620,821,64
11621,821,909
11622,821,1584
11623,821,1001
11624,821,1050
11625,821,1351
11626,821,782
11627,821,1081
11628,821,497
11629,821,970
11630,821,517
11631,821,320
11632,821,1372
11633,821,593
11634,821,98
11635,821,28
11636,821,478
11637,821,1213
11638,821,418
11639,821,775
11640,821,1230
11641,821,1329
11642,821,655
11643,821,1299
11644,821,13
11645,821,322
11646,821,1574
11647,821,767
11648,821,1243
11649,821,194
11650,821,1317
11651,821,819
11652,821,661
11653,821,992
11654,821,1029
11655,821,1184
11656,821,503
11657,821,1028
11658,821,837
11659,821,261
11660,821,355
11661,821,707
11662,821,1273
11663,821,807
11664,821,454
11665,821,86
11666,821,307
11667,821,938
11668,821,1195
11669,821,758
11670,821,1326
11671,821,862
11672,821,829
11673,821,262
11674,821,1291
11675,821,788
11676,821,1395
11677,821,711
11678,821,1369
11679,821,490
11680,821,1533
11681,821,1310
11682,821,656
11683,821,1004
11684,821,413
11685,821,1564
11686,821,1208
11687,821,1019
11688,821,815
11689,821,768
11690,821,1010
11691,821,35
11692,821,446
11693,821,279
11694,821,1059
11695,821,710
11696,821,1146
11697,821,995
11698,821,499
11699,821,1568
11700,821,215
11701,821,468
11702,821,30
11703,821,1281
11704,821,911
11705,821,1103
11706,821,254
11707,821,769
11708,821,238
11709,821,540
11710,821,709
11711,821,458
11712,821,1443
11713,821,92
11714,821,1473
11715,821,609
11716,821,753
11717,821,1137
11718,821,979
11719,821,934
11720,821,1563
11721,821,1222
11722,821,878
11723,821,225
11724,821,32
11725,821,1102
11726,821,854
11727,821,1540
11728,821,708
11729,821,887
11730,821,484
11731,821,1204
11732,821,37
11733,821,26
11734,821,417
11735,821,649
11736,821,803
11737,821,271
11738,821,18
11739,821,1463
11740,821,762
11741,821,834
11742,821,1619
11743,821,731
11744,821,1434
11745,821,1164
11746,821,1477
11747,821,50
11748,821,326
11749,821,528
11750,821,926
11751,821,1209
11752,821,552
11753,821,1591
11754,821,539
11755,821,993
11756,821,1217
11757,821,1528
11758,821,303
11759,821,1346
11760,821,668
11761,821,1380
11762,821,1344
11763,821,827
11764,821,1561
11765,821,1502
11766,821,532
11767,821,1323
11768,821,388
11769,821,1397
11770,821,128
11771,821,930
11772,821,1033
11773,821,654
11774,821,1440
11775,821,939
11776,821,471
11777,821,646
11778,821,572
11779,821,566
11780,821,571
11781,821,1115
11782,821,1175
11783,821,805
11784,821,560
11785,821,945
11786,821,62
11787,821,787
11788,821,1316
11789,821,1289
11790,821,1239
11791,821,1100
11792,821,1431
11793,821,1255
11794,821,224
11795,821,394
11796,821,1245
11797,821,1437
11798,821,644
11799,821,641
11800,821,188
11801,821,1144
11802,821,1024
11803,821,1244
11804,821,1414
11805,821,1516
11806,821,1262
11807,821,1617
11808,821,155
11809,821,565
11810,821,703
11811,821,359
11812,821,58
11813,821,185
11814,821,210
11815,821,65
11816,821,1342
11817,821,1215
11818,821,1470
11819,821,140
11820,821,1359
11821,821,201
11822,821,371
11823,821,1035
11824,821,14
11825,821,1082
11826,821,720
11827,821,1118
11828,821,589
11829,821,197
11830,821,465
11831,821,683
11832,821,1093
11833,821,1099
11834,821,526
11835,821,105
11836,821,591
11837,821,1140
11838,821,830
11839,821,1192
11840,821,1084
11841,821,1068
11842,821,695
11843,821,507
11844,821,1221
11845,821,467
11846,821,634
11847,821,234
11848,821,972
11849,821,1074
11850,821,925
11851,821,195
11852,821,16
11853,821,833
11854,821,410
11855,821,1178
11856,821,1529
11857,821,1180
11858,821,910
11859,821,1469
11860,821,1307
11861,821,599
11862,821,726
11863,821,739
11864,821,1169
11865,821,1491
11866,821,241
11867,821,403
11868,821,1338
11869,821,1062
11870,821,1400
11871,821,866
11872,821,1253
11873,821,766
11874,821,1048
11875,821,530
11876,821,1131
11877,821,1417
11878,821,1509
11879,821,1286
11880,821,101
11881,821,699
11882,821,544
11883,821,1487
11884,821,897
11885,821,1567
11886,821,592
11887,821,1398
11888,821,667
11889,821,701
11890,821,312
11891,821,1107
11892,821,1130
11893,821,316
11894,821,1251
11895,821,1220
11896,821,341
11897,821,1162
11898,821,1404
11899,821,963
11900,821,1016
11901,821,1409
11902,821,162
11903,821,584
11904,821,1078
11905,821,822
11906,821,836
11907,821,367
11908,821,1202
11909,821,832
11910,821,1429
11911,821,489
11912,821,977
11913,821,1212
11914,821,196
11915,821,29
11916,821,1389
11917,821,620
11918,821,398
11919,821,603
11920,821,502
11921,821,153
11922,821,846
11923,821,1240
11924,821,492
11925,821,873
11926,821,1053
11927,821,1088
11928,821,725
11929,821,536
11930,821,529
11931,821,1063
11932,821,1186
11933,821,1496
11934,821,93
11935,821,765
11936,821,867
11937,821,682
11938,821,1348
11939,821,308
11940,821,1573
11941,821,1505
11942,821,133
11943,821,1064
11944,821,674
11945,821,855
11946,821,372
11947,821,73
11948,821,1387
11949,821,111
11950,821,1455
11951,821,376
11952,821,31
11953,821,438
11954,821,1500
11955,821,1407
11956,821,1517
11957,821,1206
11958,821,1040
11959,821,715
11960,821,284
11961,821,608
11962,821,25
11963,821,72
11964,821,542
11965,821,931
11966,821,1311
11967,821,828
11968,821,115
11969,821,452
11970,821,948
11971,821,40
11972,821,142
11973,821,121
11974,821,54
11975,821,1274
11976,821,473
11977,821,79
11978,821,1442
11979,821,158
11980,821,1258
11981,821,981
11982,821,883
11983,821,619
11984,821,545
11985,821,1285
11986,821,679
11987,821,106
11988,821,1444
11989,821,344
11990,821,586
11991,821,964
11992,821,843
11993,821,1483
11994,821,200
11995,821,228
11996,821,510
11997,821,268
11998,821,39
11999,821,971
12000,821,179
12001,821,380
12002,821,961
12003,821,78
12004,821,1182
12005,821,582
12006,821,1508
12007,821,660
12008,821,1056
12009,821,150
12010,821,76
12011,821,226
12012,821,345
12013,821,1158
12014,821,390
12015,821,342
12016,821,1426
12017,821,824
12018,821,988
12019,821,820
12020,821,1116
12021,821,334
12022,821,914
12023,821,626
12024,821,1133
12025,821,932
12026,821,430
12027,821,749
12028,821,954
12029,821,670
12030,821,935
12031,821,688
12032,821,636
12033,821,147
12034,821,175
12035,821,794
12036,821,429
12037,821,1026
12038,821,1066
12039,821,652
12040,821,627
12041,821,849
12042,821,67
12043,821,996
12044,821,1268
12045,821,1423
12046,821,671
12047,821,1527
12048,821,455
12049,821,46
12050,821,1145
12051,821,907
12052,821,1292
12053,821,448
12054,821,1151
12055,821,1497
12056,821,104
12057,821,297
12058,821,131
12059,821,1585
12060,821,1388
12061,821,955
12062,821,1539
12063,821,740
12064,821,531
12065,821,370
12066,821,384
12067,821,857
12068,821,1277
12069,821,166
12070,821,1276
12071,821,903
12072,821,1125
12073,821,144
12074,821,1562
12075,821,611
12076,821,1173
12077,821,966
12078,821,630
12079,821,1601
12080,821,7
12081,821,738
12082,821,568
12083,821,1272
12084,821,1141
12085,821,607
12086,821,923
12087,821,1480
12088,821,763
12089,821,217
12090,821,293
12091,821,796
12092,821,1313
12093,821,1379
12094,821,1287
12095,821,68
12096,821,1303
12097,821,275
12098,821,301
12099,821,1270
12100,821,317
12101,821,748
12102,821,1611
12103,821,80
12104,821,122
12105,821,1183
12106,821,1006
12107,821,202
12108,821,1435
12109,821,924
12110,821,71
12111,821,427
12112,821,310
12113,821,875
12114,821,340
12115,821,239
12116,821,1079
12117,821,1211
12118,821,1105
12119,821,991
12120,821,1
12121,821,244
12122,821,381
12123,821,1041
12124,821,1121
12125,821,36
12126,821,274
12127,821,148
12128,821,917
12129,821,1257
12130,821,919
12131,821,1614
12132,821,1587
12133,821,890
12134,821,171
12135,821,1366
12136,821,1603
12137,821,1499
12138,821,1087
12139,821,1385
12140,821,1352
12141,821,881
12142,821,49
12143,821,51
12144,821,374
12145,821,1488
12146,821,464
12147,821,721
12148,821,1111
12149,821,1025
12150,821,772
12151,821,1510
12152,821,498
12153,821,975
12154,821,38
12155,821,304
12156,821,851
12157,821,107
12158,821,249
12159,821,610
12160,821,1072
12161,821,1485
12162,821,886
12163,821,475
12164,821,189
12165,821,431
12166,821,110
12167,821,744
12168,821,280
12169,821,1156
12170,821,1596
12171,821,141
12172,821,230
12173,821,375
12174,821,1005
12175,821,247
12176,821,880
12177,821,722
12178,821,474
12179,821,706
12180,821,1411
12181,821,470
12182,821,315
12183,821,1554
12184,821,1150
12185,821,861
12186,821,154
12187,821,1390
12188,821,288
12189,821,549
12190,821,534
12191,821,998
12192,821,1210
12193,821,117
12194,821,1030
12195,821,647
12196,821,1530
12197,821,1279
12198,821,1579
12199,821,693
12200,821,759
12201,821,1449
12202,821,385
12203,821,974
12204,821,1324
12205,821,296
12206,821,56
12207,821,309
12208,821,944
12209,821,383
12210,821,570
12211,821,123
12212,821,167
12213,821,754
12214,821,449
12215,821,1018
12216,821,1020
12217,821,8
12218,821,812
12219,821,127
12220,821,597
12221,821,408
12222,821,463
12223,821,989
12224,821,1089
12225,821,949
12226,821,730
12227,821,1531
12228,821,181
12229,821,891
12230,821,933
12231,821,752
12232,821,799
12233,821,921
12234,821,208
12235,821,717
12236,821,1489
12237,821,112
12238,821,47
12239,821,1223
12240,821,690
12241,821,653
12242,821,573
12243,821,1091
12244,821,677
12245,821,1441
12246,821,349
12247,821,103
12248,821,774
12249,821,1333
12250,821,1185
12251,821,269
12252,821,776
12253,821,1247
12254,821,472
12255,821,508
12256,821,1354
12257,821,537
12258,821,282
12259,821,614
12260,821,402
12261,821,1161
12262,821,178
12263,821,700
12264,821,1306
12265,821,1402
12266,821,868
12267,821,1094
12268,821,1498
12269,821,20
12270,821,745
12271,821,1448
12272,821,4
12273,821,1176
12274,821,1376
12275,821,520
12276,821,1312
12277,821,333
12278,821,246
12279,821,728
12280,821,904
12281,821,969
12282,821,1046
12283,821,1235
12284,821,872
12285,821,596
12286,821,1293
12287,821,1608
12288,821,1314
12289,821,143
12290,821,1374
12291,821,500
12292,821,770
12293,821,1504
12294,821,756
12295,821,220
12296,821,1403
12297,821,1438
12298,821,676
12299,821,1187
12300,821,1090
12301,821,409
12302,821,457
12303,821,1043
12304,821,240
12305,821,286
12306,821,137
12307,821,1302
12308,821,361
12309,821,206
12310,821,958
12311,821,399
12312,821,1003
12313,821,145
12314,821,1430
12315,821,1597
12316,821,466
12317,821,1301
12318,821,1260
12319,821,1154
12320,821,746
12321,821,640
12322,821,523
12323,821,1486
12324,821,1578
12325,821,1494
12326,821,1106
12327,821,629
12328,821,379
12329,821,1542
12330,821,134
12331,821,1572
12332,821,561
12333,821,1188
12334,821,1447
12335,821,1114
12336,821,491
12337,821,1349
12338,821,422
12339,821,305
12340,821,1168
12341,821,1391
12342,821,415
12343,821,1246
12344,821,567
12345,821,789
12346,821,1000
12347,821,973
12348,821,1355
12349,821,1331
12350,821,94
12351,821,612
12352,821,1456
12353,821,1042
12354,821,1615
12355,821,434
12356,821,477
12357,821,953
12358,821,900
12359,821,135
12360,821,864
12361,821,1589
12362,821,1475
12363,821,863
12364,852,229
12365,852,539
12366,852,144
12367,852,201
12368,852,894
12369,852,674
12370,852,1473
12371,852,1509
12372,852,428
12373,852,1443
12374,852,340
12375,852,483
12376,852,174
12377,852,1530
12378,852,1118
12379,852,804
12380,852,1101
12381,852,146
12382,852,217
12383,852,866
12384,852,1274
12385,852,540
12386,852,659
12387,852,1499
12388,852,467
12389,852,1326
12390,852,1044
12391,852,211
12392,852,919
12393,852,1239
12394,852,333
12395,852,298
12396,852,645
12397,852,686
12398,852,238
12399,852,1280
12400,852,657
12401,852,747
12402,852,557
12403,852,1563
12404,852,1017
12405,852,1559
12406,852,82
12407,852,296
12408,852,951
12409,852,1288
12410,852,702
12411,852,1078
12412,852,147
12413,852,32
12414,852,167
12415,852,313
12416,852,508
12417,852,454
12418,852,349
12419,852,831
12420,852,307
12421,852,1187
12422,852,685
12423,852,967
12424,852,859
12425,852,1240
12426,852,932
12427,852,823
12428,852,681
12429,852,944
12430,852,862
12431,852,1061
12432,852,153
12433,852,268
12434,852,286
12435,852,610
12436,852,316
12437,852,1125
12438,852,796
12439,852,1369
12440,852,1021
12441,852,1174
12442,852,369
12443,852,4
12444,852,90
12445,852,38
12446,852,1573
12447,852,1353
12448,852,609
12449,852,1094
12450,852,703
12451,852,1302
12452,852,937
12453,852,914
12454,852,968
12455,852,611
12456,852,457
12457,852,1242
12458,852,1283
12459,852,248
12460,852,988
12461,852,752
12462,852,1411
12463,852,1184
12464,852,586
12465,852,887
12466,852,1201
12467,852,1472
12468,852,1132
12469,852,1528
12470,852,1535
12471,852,1310
12472,852,903
12473,852,1088
12474,852,986
12475,855,1250
12476,855,79
12477,889,983
12478,889,1608
12479,889,897
12480,889,1417
12481,889,759
12482,889,946
12483,889,971
12484,889,489
12485,889,110
12486,889,1090
12487,889,1155
12488,889,827
12489,889,1181
12490,889,103
12491,889,41
12492,889,514
12493,889,333
12494,889,1016
12495,889,181
12496,889,1013
12497,889,744
12498,889,647
12499,889,345
12500,889,475
12501,889,11
12502,889,351
12503,889,271
12504,889,547
12505,889,1572
12506,889,992
12507,889,1466
12508,889,1017
12509,889,27
12510,889,293
12511,889,19
12512,889,1526
12513,889,556
12514,889,1557
12515,889,1395
12516,889,1178
12517,889,1281
12518,889,1301
12519,889,910
12520,889,1519
12521,889,796
12522,889,42
12523,889,833
12524,889,1439
12525,889,322
12526,889,259
12527,889,919
12528,889,346
12529,889,850
12530,889,211
12531,889,1498
12532,889,246
12533,890,218
12534,890,1568
12535,890,1563
12536,890,263
12537,890,1283
12538,890,1149
12539,890,357
12540,890,1312
12541,905,1376
12542,905,1540
12543,905,1272
12544,905,90
12545,905,1326
12546,905,948
12547,905,1271
12548,905,748
12549,905,904
12550,905,466
12551,905,1619
12552,905,1037
12553,905,212
12554,905,1367
12555,905,671
12556,905,796
12557,905,951
12558,905,1451
12559,905,1293
12560,905,381
12561,905,144
12562,905,1570
12563,905,1149
12564,905,1577
12565,905,1556
12566,905,335
12567,905,1197
12568,905,211
12569,905,433
12570,905,1563
12571,905,1351
12572,905,832
12573,905,290
12574,905,1269
12575,905,677
12576,905,1091
12577,905,1079
12578,905,353
12579,905,68
12580,905,910
12581,905,113
12582,905,1247
12583,905,69
12584,905,488
12585,905,983
12586,905,66
12587,905,1234
12588,905,364
12589,905,767
12590,905,1193
12591,905,1380
12592,905,14
12593,905,1489
12594,905,1133
12595,905,1029
12596,905,1561
12597,905,220
12598,905,1547
12599,905,133
12600,905,609
12601,905,1483
12602,905,741
12603,905,134
12604,905,887
12605,905,593
12606,905,880
12607,905,676
12608,905,359
12609,905,1468
12610,905,122
12611,905,403
12612,905,93
12613,905,1159
12614,905,552
12615,905,206
12616,905,367
12617,905,634
12618,905,1116
12619,905,314
12620,905,233
12621,905,758
12622,905,222
12623,905,995
12624,905,611
12625,905,829
12626,905,226
12627,905,201
12628,905,236
12629,905,209
12630,905,1345
12631,905,249
12632,905,186
12633,905,692
12634,905,1226
12635,905,296
12636,905,1364
12637,905,862
12638,905,178
12639,905,663
12640,905,1566
12641,905,801
12642,905,749
12643,905,262
12644,905,566
12645,905,1072
12646,905,774
12647,905,1241
12648,905,303
12649,905,360
12650,905,603
12651,905,1453
12652,905,1075
12653,905,484
12654,905,1474
12655,905,1134
12656,905,1194
12657,905,1115
12658,905,278
12659,905,717
12660,905,1242
12661,905,1384
12662,905,840
12663,905,986
12664,905,429
12665,905,197
12666,905,336
12667,905,1061
12668,905,458
12669,905,659
12670,905,893
12671,905,578
12672,905,1440
12673,905,376
12674,905,681
12675,905,1108
12676,905,480
12677,905,10
12678,905,1553
12679,905,805
12680,905,483
12681,905,1469
12682,905,306
12683,905,1319
12684,910,360
12685,910,1115
12686,910,577
12687,910,1020
12688,910,1000
12689,910,1331
12690,910,1473
12691,910,69
12692,910,799
12693,910,25
12694,910,829
12695,910,63
12696,910,1208
12697,910,392
12698,910,976
12699,910,209
12700,910,1319
12701,910,765
12702,910,1341
12703,910,1528
12704,910,249
12705,910,439
12706,910,1035
12707,910,480
12708,910,726
12709,910,593
12710,910,212
12711,910,1150
12712,910,717
12713,910,353
12714,910,1476
12715,910,1153
12716,910,1029
12717,910,1280
12718,910,848
12719,910,14
12720,910,1542
12721,910,308
12722,910,367
12723,910,1269
12724,910,483
12725,910,1326
12726,910,1180
12727,910,1108
12728,910,1273
12729,910,146
12730,910,1004
12731,910,692
12732,910,226
12733,910,1247
12734,910,1230
12735,910,573
12736,910,1440
12737,910,222
12738,910,749
12739,910,1539
12740,910,364
12741,910,1174
12742,910,1242
12743,910,1116
12744,910,767
12745,910,748
12746,910,1410
12747,910,1271
12748,910,1468
12749,910,774
12750,910,261
12751,910,681
12752,910,125
12753,910,185
12754,910,1206
12755,910,715
12756,910,1335
12757,910,371
12758,910,1072
12759,910,510
12760,910,306
12761,910,1362
12762,910,320
12763,910,272
12764,910,1268
12765,910,938
12766,910,1221
12767,910,438
12768,910,981
12769,910,1226
12770,910,262
12771,910,224
12772,910,1010
12773,910,611
12774,910,967
12775,910,174
12776,910,376
12777,910,1194
12778,910,630
12779,910,211
12780,910,113
12781,910,1232
12782,910,1563
12783,910,206
12784,910,488
12785,910,840
12786,910,1570
12787,910,257
12788,910,178
12789,910,1257
12790,910,82
12791,910,983
12792,910,484
12793,910,1188
12794,910,97
12795,910,859
12796,910,1561
12797,910,179
12798,910,285
12799,910,911
12800,910,122
12801,910,373
12802,910,114
12803,910,57
12804,910,1376
12805,910,563
12806,910,1533
12807,910,73
12808,910,552
12809,910,44
12810,910,1534
12811,910,1384
12812,910,403
12813,910,416
12814,910,499
12815,910,609
12816,910,1193
12817,910,677
12818,910,534
12819,910,566
12820,910,1307
12821,910,476
12822,910,1451
12823,910,65
12824,910,1079
12825,910,1567
12826,910,433
12827,910,741
12828,910,832
12829,910,576
12830,910,568
12831,910,1272
12832,910,1311
12833,910,220
12834,910,431
12835,910,415
12836,910,716
12837,910,1553
12838,910,466
12839,910,914
12840,910,134
12841,910,244
12842,910,663
12843,910,175
12844,910,446
12845,910,1380
12846,910,1547
12847,910,1574
12848,910,873
12849,910,197
12850,910,1351
12851,910,1345
12852,910,233
12853,910,917
12854,910,953
12855,910,1026
12856,910,1540
12857,910,590
12858,910,935
12859,910,70
12860,910,828
12861,910,1197
12862,910,808
12863,910,30
12864,910,1374
12865,910,796
12866,910,441
12867,910,972
12868,910,1483
12869,910,1609
12870,910,547
12871,910,1253
12872,910,1284
12873,910,1091
12874,910,904
12875,910,121
12876,910,1308
12877,910,1559
12878,910,1394
12879,910,1556
12880,910,1404
12881,910,1367
12882,910,599
12883,910,112
12884,910,68
12885,910,1469
12886,910,1474
12887,910,74
12888,910,332
12889,910,352
12890,910,995
12891,910,887
12892,910,375
12893,910,145
12894,910,1062
12895,913,626
12896,913,369
12897,913,106
12898,913,339
12899,913,408
12900,913,1387
12901,913,499
12902,913,687
12903,913,834
12904,913,1371
12905,913,1474
12906,913,344
12907,913,227
12908,913,202
12909,913,526
12910,913,250
12911,913,1588
12912,913,1035
12913,913,477
12914,913,1382
12915,913,922
12916,913,859
12917,913,31
12918,913,1345
12919,913,1559
12920,913,98
12921,913,374
12922,913,66
12923,913,274
12924,913,373
12925,913,1023
12926,913,259
12927,913,776
12928,913,1218
12929,913,668
12930,913,1518
12931,913,1230
12932,913,865
12933,913,1271
12934,913,1368
12935,913,747
12936,913,657
12937,913,1464
12938,913,1427
12939,913,1596
12940,913,1280
12941,913,1319
12942,913,695
12943,913,762
12944,913,825
12945,913,238
12946,913,1112
12947,913,1250
12948,913,492
12949,913,17
12950,913,714
12951,913,558
12952,913,603
12953,913,223
12954,913,645
12955,913,1015
12956,913,1229
12957,913,1050
12958,913,1041
12959,913,1281
12960,913,844
12961,913,1399
12962,913,146
12963,913,1406
12964,913,1460
12965,913,718
12966,913,907
12967,913,1066
12968,913,778
12969,913,1358
12970,913,1203
12971,913,897
12972,913,1549
12973,913,1431
12974,913,1501
12975,913,952
12976,913,445
12977,913,1593
12978,913,510
12979,913,994
12980,913,575
12981,913,625
12982,913,1570
12983,913,536
12984,913,900
12985,913,1176
12986,913,1524
12987,913,958
12988,913,481
12989,913,44
12990,913,769
12991,913,198
12992,913,181
12993,913,973
12994,913,848
12995,913,92
12996,913,773
12997,913,963
12998,913,1439
12999,913,230
13000,913,318
13001,913,932
13002,913,580
13003,913,329
13004,913,30
13005,913,180
13006,913,1609
13007,913,816
13008,913,285
13009,913,1046
13010,913,1037
13011,913,916
13012,913,1007
13013,913,1132
13014,913,7
13015,913,1479
13016,913,1535
13017,913,648
13018,913,69
13019,913,1194
13020,913,111
13021,913,442
13022,913,165
13023,913,1174
13024,913,886
13025,913,38
13026,913,109
13027,913,1074
13028,913,1151
13029,913,288
13030,913,1565
13031,913,24
13032,913,1012
13033,913,739
13034,913,590
13035,913,876
13036,913,741
13037,913,102
13038,913,199
13039,913,1362
13040,913,1567
13041,913,1257
13042,913,959
13043,913,1246
13044,913,208
13045,913,1430
13046,913,1038
13047,913,998
13048,913,1367
13049,913,567
13050,913,1292
13051,913,843
13052,913,1405
13053,913,233
13054,913,1146
13055,913,836
13056,913,356
13057,913,1515
13058,913,803
13059,913,1298
13060,913,14
13061,913,310
13062,913,153
13063,913,1122
13064,913,1149
13065,913,210
13066,913,1541
13067,913,1617
13068,913,670
13069,913,1175
13070,913,796
13071,913,221
13072,913,545
13073,913,1346
13074,913,125
13075,913,679
13076,913,765
13077,913,441
13078,913,464
13079,913,638
13080,913,880
13081,913,833
13082,913,1421
13083,913,752
13084,913,1402
13085,913,553
13086,913,1100
13087,913,974
13088,913,1115
13089,913,171
13090,913,214
13091,913,1043
13092,913,1584
13093,913,640
13094,913,269
13095,913,334
13096,913,271
13097,913,930
13098,913,1438
13099,913,482
13100,913,550
13101,913,1179
13102,913,763
13103,913,403
13104,913,21
13105,913,1516
13106,913,1404
13107,913,593
13108,913,584
13109,913,655
13110,913,8
13111,913,708
13112,913,1503
13113,913,308
13114,913,1451
13115,913,686
13116,913,332
13117,913,527
13118,913,39
13119,913,993
13120,913,705
13121,913,831
13122,913,1077
13123,913,549
13124,913,978
13125,913,272
13126,913,1157
13127,913,1276
13128,913,201
13129,913,371
13130,913,1351
13131,913,890
13132,913,1572
13133,913,623
13134,913,51
13135,913,260
13136,913,910
13137,913,457
13138,913,576
13139,913,1111
13140,913,54
13141,913,889
13142,913,1267
13143,913,123
13144,913,1326
13145,913,513
13146,913,1094
13147,913,942
13148,913,951
13149,913,529
13150,913,1532
13151,913,460
13152,913,556
13153,913,1485
13154,913,1573
13155,913,1186
13156,913,366
13157,913,131
13158,913,1158
13159,913,325
13160,913,755
13161,913,1272
13162,913,89
13163,913,1434
13164,913,1071
13165,913,858
13166,913,32
13167,913,1139
13168,913,401
13169,913,1452
13170,913,1480
13171,913,1155
13172,913,1534
13173,913,248
13174,913,120
13175,913,1447
13176,913,767
13177,913,191
13178,913,1034
13179,913,413
13180,913,1560
13181,913,19
13182,913,588
13183,913,489
13184,913,1344
13185,913,650
13186,913,883
13187,913,144
13188,913,488
13189,913,594
13190,913,1324
13191,913,1411
13192,913,446
13193,913,1556
13194,913,969
13195,913,375
13196,913,1449
13197,913,1053
13198,913,1428
13199,913,139
13200,913,637
13201,913,1369
13202,913,62
13203,913,857
13204,913,956
13205,913,1197
13206,913,710
13207,913,914
13208,913,509
13209,913,899
13210,913,262
13211,913,1287
13212,913,1244
13213,913,867
13214,913,861
13215,913,116
13216,913,304
13217,913,480
13218,913,1579
13219,913,1028
13220,913,46
13221,913,1161
13222,913,301
13223,913,1562
13224,913,661
13225,913,206
13226,913,1217
13227,913,1294
13228,913,999
13229,913,1199
13230,913,905
13231,913,926
13232,913,915
13233,913,428
13234,913,402
13235,913,1505
13236,913,204
13237,913,147
13238,913,1536
13239,913,1000
13240,913,608
13241,913,112
13242,913,104
13243,913,1009
13244,913,72
13245,913,814
13246,913,222
13247,913,1096
13248,913,28
13249,913,410
13250,913,224
13251,913,990
13252,913,465
13253,913,1394
13254,913,540
13255,913,1202
13256,913,1093
13257,913,1331
13258,913,1275
13259,913,1414
13260,913,242
13261,913,293
13262,913,336
13263,913,744
13264,913,968
13265,913,1195
13266,913,388
13267,913,503
13268,913,1240
13269,913,799
13270,913,40
13271,913,379
13272,913,1164
13273,913,327
13274,913,152
13275,913,4
13276,913,456
13277,913,18
13278,913,1021
13279,913,286
13280,913,1004
13281,913,258
13282,913,1469
13283,913,1193
13284,913,424
13285,913,1355
13286,913,690
13287,913,6
13288,913,1435
13289,913,326
13290,913,1432
13291,913,216
13292,913,927
13293,913,972
13294,913,607
13295,913,1553
13296,913,1182
13297,913,1150
13298,913,1105
13299,913,1252
13300,913,1
13301,913,731
13302,913,1016
13303,913,1156
13304,913,791
13305,913,1302
13306,913,563
13307,913,29
13308,913,1473
13309,913,96
13310,913,853
13311,913,58
13312,913,458
13313,913,822
13314,913,946
13315,913,838
13316,913,1364
13317,913,1529
13318,913,245
13319,913,37
13320,913,546
13321,913,122
13322,913,995
13323,913,682
13324,913,1117
13325,913,1279
13326,913,1285
13327,913,738
13328,913,73
13329,913,716
13330,913,1222
13331,913,1243
13332,913,376
13333,913,818
13334,913,340
13335,913,532
13336,913,578
13337,913,1413
13338,913,380
13339,913,945
13340,913,1291
13341,913,599
13342,913,1353
13343,913,955
13344,913,320
13345,913,596
13346,913,1029
13347,913,500
13348,913,64
13349,913,1604
13350,913,1538
13351,913,484
13352,913,516
13353,913,1342
13354,913,463
13355,913,1134
13356,913,1078
13357,913,707
13358,913,866
13359,913,1525
13360,913,1314
13361,913,688
13362,913,478
13363,913,1352
13364,913,1465
13365,913,359
13366,913,63
13367,913,828
13368,913,619
13369,913,1055
13370,913,1483
13371,913,1308
13372,913,1002
13373,913,1384
13374,913,1184
13375,913,934
13376,913,1040
13377,913,1374
13378,913,555
13379,913,349
13380,913,392
13381,913,1125
13382,913,642
13383,913,785
13384,913,754
13385,913,47
13386,913,1615
13387,913,22
13388,913,1392
13389,913,358
13390,913,1070
13391,913,100
13392,913,240
13393,913,591
13394,913,967
13395,913,1317
13396,913,552
13397,913,819
13398,913,49
13399,913,681
13400,913,1003
13401,913,875
13402,913,20
13403,913,42
13404,913,174
13405,913,455
13406,913,93
13407,913,1581
13408,913,805
13409,926,1239
13410,926,944
13411,926,1469
13412,926,1056
13413,926,1559
13414,926,1551
13415,926,1152
13416,926,820
13417,926,1053
13418,926,250
13419,926,147
13420,926,173
13421,926,899
13422,926,1246
13423,926,152
13424,926,1397
13425,926,1231
13426,926,1436
13427,926,754
13428,926,1474
13429,926,697
13430,926,586
13431,926,433
13432,926,536
13433,926,1171
13434,926,1441
13435,926,1553
13436,926,1355
13437,926,838
13438,926,658
13439,926,864
13440,926,1517
13441,926,1063
13442,926,1317
13443,926,1111
13444,926,570
13445,926,634
13446,926,1133
13447,926,424
13448,926,1162
13449,926,889
13450,926,148
13451,926,718
13452,926,498
13453,926,32
13454,926,865
13455,926,1308
13456,926,577
13457,926,784
13458,926,1448
13459,926,28
13460,926,1587
13461,926,1429
13462,926,313
13463,926,1496
13464,926,676
13465,926,101
13466,926,942
13467,926,610
13468,926,1125
13469,926,1207
13470,926,1101
13471,926,1319
13472,926,592
13473,926,1274
13474,926,1499
13475,926,1503
13476,926,751
13477,926,1213
13478,926,1083
13479,926,1252
13480,926,936
13481,926,1521
13482,926,1038
13483,926,1515
13484,926,775
13485,926,384
13486,926,1603
13487,926,1127
13488,926,1287
13489,926,530
13490,926,1388
13491,926,405
13492,926,315
13493,926,1206
13494,926,200
13495,926,127
13496,926,908
13497,926,39
13498,926,875
13499,926,1132
13500,926,485
13501,926,1026
13502,926,308
13503,926,1286
13504,926,1582
13505,926,621
13506,926,757
13507,926,585
13508,926,1039
13509,926,1468
13510,926,1373
13511,926,576
13512,926,1065
13513,926,978
13514,926,223
13515,926,276
13516,926,244
13517,926,1487
13518,926,214
13519,926,550
13520,926,372
13521,926,1423
13522,926,1071
13523,926,1061
13524,926,234
13525,926,459
13526,926,1535
13527,926,1405
13528,926,1173
13529,926,1425
13530,926,445
13531,926,326
13532,926,294
13533,926,1418
13534,926,1508
13535,926,691
13536,926,639
13537,926,216
13538,926,91
13539,926,317
13540,926,106
13541,926,607
13542,926,1619
13543,926,891
13544,926,1118
13545,926,609
13546,926,862
13547,955,1353
13548,955,1505
13549,955,687
13550,955,191
13551,955,271
13552,955,29
13553,955,218
13554,955,1261
13555,955,646
13556,955,364
13557,955,816
13558,955,1157
13559,955,891
13560,955,765
13561,955,204
13562,955,183
13563,955,58
13564,955,19
13565,955,756
13566,955,1107
13567,955,1609
13568,955,1118
13569,955,296
13570,955,1577
13571,955,439
13572,955,1502
13573,955,31
13574,955,99
13575,955,1257
13576,955,1302
13577,955,1446
13578,955,211
13579,955,775
13580,955,1131
13581,955,200
13582,955,1374
13583,955,1004
13584,955,1251
13585,955,30
13586,955,752
13587,955,43
13588,955,580
13589,955,260
13590,955,228
13591,955,953
13592,955,64
13593,955,777
13594,955,1163
13595,955,1431
13596,955,1362
13597,955,61
13598,955,480
13599,955,452
13600,955,1140
13601,955,659
13602,955,1465
13603,955,1171
13604,955,1264
13605,955,312
13606,955,1202
13607,955,592
13608,955,1460
13609,955,1580
13610,955,1405
13611,955,1061
13612,955,326
13613,955,812
13614,955,1037
13615,955,1342
13616,955,692
13617,955,429
13618,955,1535
13619,955,47
13620,955,1281
13621,955,186
13622,955,1318
13623,955,834
13624,955,1468
13625,955,62
13626,955,1404
13627,955,725
13628,955,897
13629,955,1562
13630,955,663
13631,955,1388
13632,955,724
13633,955,269
13634,955,785
13635,955,875
13636,955,1407
13637,955,388
13638,955,934
13639,955,436
13640,955,791
13641,955,1411
13642,955,986
13643,955,556
13644,955,1570
13645,955,1306
13646,955,233
13647,955,1483
13648,955,993
13649,955,818
13650,955,134
13651,955,1530
13652,955,1188
13653,955,666
13654,955,581
13655,955,1063
13656,955,831
13657,955,624
13658,955,222
13659,955,434
13660,955,1122
13661,955,649
13662,955,976
13663,955,298
13664,955,450
13665,955,262
13666,955,263
13667,955,529
13668,955,90
13669,955,1159
13670,955,1016
13671,955,422
13672,955,1534
13673,955,727
13674,955,76
13675,955,22
13676,955,1146
13677,955,1273
13678,955,1226
13679,955,268
13680,955,131
13681,955,846
13682,955,101
13683,955,1009
13684,955,541
13685,955,642
13686,955,464
13687,955,448
13688,955,1553
13689,955,1523
13690,955,578
13691,955,913
13692,955,193
13693,955,852
13694,955,1418
13695,955,722
13696,955,1529
13697,955,941
13698,955,1139
13699,955,1504
13700,955,1473
13701,955,784
13702,955,1221
13703,955,416
13704,955,162
13705,955,113
13706,955,431
13707,955,1317
13708,955,286
13709,955,1250
13710,955,937
13711,955,280
13712,955,540
13713,955,139
13714,955,959
13715,955,1218
13716,955,203
13717,955,699
13718,955,327
13719,955,972
13720,955,618
13721,955,350
13722,955,1057
13723,955,318
13724,955,671
13725,955,44
13726,955,363
13727,955,660
13728,955,51
13729,955,1493
13730,955,158
13731,955,21
13732,955,526
13733,955,717
13734,955,1539
13735,955,1116
13736,955,499
13737,955,227
13738,955,1573
13739,955,376
13740,955,899
13741,955,226
13742,955,645
13743,955,7
13744,955,1108
13745,955,584
13746,955,523
13747,955,174
13748,955,691
13749,955,718
13750,955,511
13751,955,1462
13752,955,924
13753,955,1400
13754,955,1487
13755,955,192
13756,955,13
13757,955,373
13758,955,1134
13759,955,1124
13760,955,576
13761,955,714
13762,955,428
13763,955,766
13764,955,1056
13765,955,754
13766,955,1162
13767,955,485
13768,955,683
13769,955,244
13770,955,862
13771,955,688
13772,955,1145
13773,955,1579
13774,955,122
13775,955,1263
13776,955,1499
13777,955,747
13778,955,451
13779,955,550
13780,955,1289
13781,955,328
13782,955,510
13783,955,46
13784,955,547
13785,955,1452
13786,955,156
13787,955,48
13788,955,1230
13789,955,1478
13790,955,414
13791,955,1450
13792,955,1427
13793,955,1151
13794,955,152
13795,955,1256
13796,955,1197
13797,955,1087
13798,955,1376
13799,955,201
13800,955,1608
13801,955,375
13802,955,708
13803,955,1041
13804,955,255
13805,955,98
13806,955,1503
13807,955,1199
13808,955,1021
13809,955,848
13810,955,127
13811,955,1252
13812,955,1025
13813,955,702
13814,955,1240
13815,955,801
13816,955,748
13817,955,1220
13818,955,693
13819,955,701
13820,955,457
13821,955,399
13822,955,721
13823,955,545
13824,955,217
13825,955,984
13826,955,366
13827,955,74
13828,955,400
13829,955,1255
13830,955,38
13831,955,54
13832,955,1584
13833,955,925
13834,955,572
13835,955,1469
13836,955,49
13837,955,931
13838,955,921
13839,955,1017
13840,955,502
13841,955,1453
13842,955,65
13843,955,628
13844,955,1055
13845,955,796
13846,955,549
13847,955,1532
13848,955,105
13849,955,1417
13850,955,1035
13851,955,1121
13852,955,442
13853,955,1072
13854,955,1398
13855,955,69
13856,955,805
13857,955,1269
13858,955,709
13859,955,958
13860,955,1115
13861,955,141
13862,955,20
13863,955,398
13864,955,1335
13865,955,918
13866,955,483
13867,955,1005
13868,955,773
13869,955,1228
13870,955,477
13871,955,1447
13872,955,75
13873,955,749
13874,955,973
13875,955,979
13876,955,1386
13877,955,1193
13878,955,1329
13879,955,1344
13880,955,463
13881,955,615
13882,955,482
13883,955,508
13884,955,804
13885,955,35
13886,955,1076
13887,955,367
13888,955,1324
13889,955,185
13890,955,60
13891,955,1423
13892,955,459
13893,955,513
13894,955,144
13895,955,1333
13896,955,978
13897,955,432
13898,955,295
13899,955,956
13900,955,1583
13901,955,1254
13902,955,1222
13903,955,1592
13904,955,111
13905,955,568
13906,955,648
13907,955,216
13908,955,825
13909,955,332
13910,955,223
13911,955,828
13912,955,1454
13913,955,838
13914,955,1132
13915,955,82
13916,955,768
13917,955,778
13918,955,700
13919,955,1316
13920,955,238
13921,955,1242
13922,955,391
13923,955,261
13924,955,1125
13925,955,1267
13926,955,80
13927,955,1466
13928,955,1326
13929,955,910
13930,955,302
13931,955,291
13932,955,1355
13933,955,641
13934,955,342
13935,955,1303
13936,955,1369
13937,955,946
13938,955,630
13939,955,686
13940,955,10
13941,955,45
13942,955,1301
13943,955,1149
13944,955,1401
13945,955,534
13946,955,56
13947,955,977
13948,955,611
13949,955,685
13950,955,1410
13951,955,738
13952,955,1243
13953,955,1192
13954,955,1351
13955,955,408
13956,955,1070
13957,955,224
13958,955,39
13959,955,506
13960,955,1472
13961,955,148
13962,955,1582
13963,955,1195
13964,966,180
13965,966,364
13966,966,824
13967,966,131
13968,966,228
13969,966,90
13970,966,1454
13971,966,262
13972,966,659
13973,966,690
13974,966,1112
13975,966,394
13976,966,924
13977,966,218
13978,966,55
13979,966,769
13980,966,634
13981,966,1479
13982,966,503
13983,966,914
13984,966,1028
13985,966,1063
13986,966,717
13987,966,1290
13988,966,868
13989,966,611
13990,966,255
13991,966,306
13992,966,1041
13993,966,447
13994,966,170
13995,966,372
13996,966,1549
13997,966,1182
13998,966,257
13999,966,740
14000,966,431
14001,966,1609
14002,966,646
14003,966,1065
14004,966,1210
14005,966,263
14006,966,530
14007,966,633
14008,966,1211
14009,966,320
14010,966,1409
14011,966,269
14012,966,37
14013,966,308
14014,966,939
14015,966,869
14016,966,561
14017,966,438
14018,966,379
14019,966,967
14020,966,454
14021,966,1487
14022,966,188
14023,966,70
14024,966,1293
14025,966,369
14026,966,288
14027,966,450
14028,966,588
14029,966,1415
14030,966,665
14031,966,433
14032,966,92
14033,966,736
14034,966,522
14035,966,317
14036,966,576
14037,966,732
14038,966,1324
14039,966,591
14040,966,1318
14041,966,692
14042,966,1327
14043,966,1581
14044,966,791
14045,966,307
14046,966,1026
14047,966,760
14048,966,1013
14049,966,407
14050,966,1067
14051,966,709
14052,966,519
14053,966,1443
14054,966,976
14055,966,143
14056,966,557
14057,966,403
14058,966,597
14059,966,623
14060,966,1192
14061,966,59
14062,966,702
14063,966,1533
14064,966,427
14065,966,1405
14066,966,1567
14067,966,184
14068,966,612
14069,966,1007
14070,966,1403
14071,966,841
14072,966,322
14073,966,608
14074,966,1497
14075,966,80
14076,966,586
14077,966,843
14078,966,739
14079,966,775
14080,966,1091
14081,966,414
14082,966,1462
14083,966,1136
14084,966,934
14085,966,560
14086,966,759
14087,966,1358
14088,966,335
14089,966,727
14090,966,104
14091,966,1538
14092,966,222
14093,966,578
14094,966,746
14095,966,483
14096,966,50
14097,966,752
14098,966,883
14099,966,820
14100,966,350
14101,966,745
14102,966,273
14103,966,968
14104,966,57
14105,966,620
14106,966,303
14107,966,1534
14108,966,61
14109,966,907
14110,966,1168
14111,966,305
14112,966,1088
14113,966,1023
14114,966,411
14115,966,999
14116,966,208
14117,966,994
14118,966,512
14119,966,1407
14120,966,977
14121,966,76
14122,966,1428
14123,966,805
14124,966,1265
14125,966,1495
14126,966,1569
14127,966,1563
14128,966,641
14129,966,33
14130,966,639
14131,966,569
14132,966,1107
14133,966,1174
14134,966,816
14135,966,941
14136,966,1386
14137,966,807
14138,966,825
14139,966,993
14140,966,238
14141,966,663
14142,966,1573
14143,966,832
14144,966,25
14145,966,1398
14146,966,1022
14147,966,719
14148,966,710
14149,966,1267
14150,966,410
14151,966,1150
14152,966,205
14153,966,722
14154,966,785
14155,966,105
14156,966,972
14157,966,167
14158,966,179
14159,966,258
14160,966,1444
14161,966,1604
14162,966,214
14163,966,130
14164,966,1535
14165,966,408
14166,966,1367
14167,966,1314
14168,966,749
14169,966,1079
14170,966,772
14171,966,1346
14172,966,1093
14173,966,513
14174,966,112
14175,966,1161
14176,966,1496
14177,966,599
14178,966,567
14179,966,1140
14180,966,1584
14181,966,742
14182,966,399
14183,966,1042
14184,966,1215
14185,966,666
14186,966,1353
14187,966,101
14188,966,568
14189,966,1316
14190,966,362
14191,966,532
14192,966,209
14193,966,657
14194,966,1363
14195,966,121
14196,966,549
14197,966,1081
14198,966,298
14199,966,290
14200,966,1298
14201,966,1053
14202,966,670
14203,966,62
14204,966,909
14205,966,712
14206,966,585
14207,966,1375
14208,966,1344
14209,966,245
14210,966,1243
14211,966,278
14212,966,1392
14213,966,49
14214,966,1414
14215,966,325
14216,966,1596
14217,966,799
14218,966,328
14219,966,1430
14220,966,918
14221,966,1559
14222,966,1272
14223,966,349
14224,966,91
14225,966,1264
14226,966,1389
14227,966,296
14228,966,756
14229,966,1333
14230,966,935
14231,966,1294
14232,966,1448
14233,966,281
14234,966,1304
14235,966,110
14236,966,929
14237,966,533
14238,966,788
14239,966,1362
14240,966,1373
14241,966,311
14242,966,1268
14243,966,43
14244,966,247
14245,966,175
14246,966,863
14247,966,194
14248,966,685
14249,966,1465
14250,966,1614
14251,966,144
14252,966,1520
14253,966,1471
14254,966,20
14255,966,928
14256,966,1207
14257,966,768
14258,966,1420
14259,966,789
14260,966,412
14261,966,1251
14262,966,272
14263,966,580
14264,966,301
14265,966,1335
14266,966,1483
14267,966,1115
14268,966,1125
14269,966,1397
14270,966,882
14271,966,803
14272,966,698
14273,966,616
14274,966,814
14275,966,345
14276,966,815
14277,966,140
14278,966,406
14279,966,490
14280,966,718
14281,966,1155
14282,966,1096
14283,966,782
14284,966,1029
14285,966,260
14286,966,293
14287,966,458
14288,966,18
14289,966,705
14290,966,867
14291,966,1039
14292,966,1260
14293,966,326
14294,966,872
14295,966,925
14296,966,1015
14297,966,1019
14298,966,1038
14299,966,1252
14300,966,1587
14301,966,63
14302,966,701
14303,966,652
14304,966,1347
14305,966,1195
14306,966,1451
14307,966,751
14308,966,457
14309,966,445
14310,966,1006
14311,966,10
14312,966,507
14313,966,811
14314,966,22
14315,966,196
14316,966,1289
14317,966,1438
14318,966,472
14319,966,1560
14320,966,1012
14321,966,206
14322,966,526
14323,966,1080
14324,966,1257
14325,966,485
14326,966,1105
14327,966,1152
14328,966,679
14329,966,1122
14330,966,264
14331,966,695
14332,966,703
14333,966,234
14334,966,157
14335,966,1004
14336,966,683
14337,966,1244
14338,966,804
14339,966,655
14340,966,1010
14341,966,1281
14342,966,398
14343,966,1108
14344,966,146
14345,966,1173
14346,966,1468
14347,966,339
14348,966,866
14349,966,352
14350,966,851
14351,966,1439
14352,966,974
14353,966,1300
14354,966,753
14355,966,1221
14356,966,1458
14357,966,1299
14358,966,1391
14359,966,393
14360,966,475
14361,966,137
14362,966,181
14363,966,13
14364,966,858
14365,966,840
14366,966,1508
14367,966,1204
14368,966,862
14369,966,1233
14370,966,297
14371,966,1279
14372,966,1077
14373,966,640
14374,966,563
14375,966,1181
14376,966,1230
14377,966,46
14378,966,225
14379,966,423
14380,966,1317
14381,966,537
14382,966,892
14383,966,846
14384,966,955
14385,966,60
14386,966,452
14387,966,1153
14388,966,271
14389,966,484
14390,966,1579
14391,966,571
14392,966,150
14393,966,536
14394,966,1431
14395,966,1021
14396,966,706
14397,966,1062
14398,966,200
14399,966,817
14400,966,671
14401,966,1134
14402,966,986
14403,966,250
14404,966,693
14405,966,776
14406,966,17
14407,966,900
14408,966,219
14409,966,1349
14410,966,342
14411,966,687
14412,966,890
14413,966,1505
14414,966,1578
14415,966,287
14416,966,474
14417,966,64
14418,966,1329
14419,966,592
14420,966,1558
14421,966,660
14422,966,361
14423,966,577
14424,966,971
14425,966,1384
14426,966,102
14427,966,1531
14428,966,861
14429,966,765
14430,966,96
14431,966,1032
14432,966,593
14433,966,126
14434,966,1427
14435,966,365
14436,966,923
14437,966,488
14438,966,948
14439,966,402
14440,966,1106
14441,966,51
14442,966,16
14443,966,1256
14444,966,384
14445,966,1328
14446,966,1511
14447,966,514
14448,966,1357
14449,966,152
14450,966,969
14451,966,931
14452,966,1087
14453,966,448
14454,966,1583
14455,966,1519
14456,966,535
14457,966,478
14458,966,337
14459,966,66
14460,966,831
14461,966,203
14462,966,1527
14463,966,1196
14464,966,223
14465,966,755
14466,966,1493
14467,966,887
14468,966,295
14469,966,1046
14470,966,915
14471,966,1263
14472,966,1307
14473,966,1491
14474,966,1194
14475,966,1056
14476,966,1187
14477,966,1078
14478,966,859
14479,966,1516
14480,966,429
14481,966,1453
14482,966,141
14483,966,517
14484,966,1524
14485,966,875
14486,966,546
14487,966,656
14488,966,417
14489,966,1064
14490,966,294
14491,966,1238
14492,966,628
14493,966,853
14494,966,275
14495,966,1355
14496,966,1005
14497,966,1459
14498,966,905
14499,966,1050
14500,966,1193
14501,966,251
14502,966,1432
14503,966,422
14504,966,942
14505,966,480
14506,966,1220
14507,966,1562
14508,966,158
14509,966,771
14510,966,827
14511,966,391
14512,966,360
14513,966,629
14514,966,125
14515,966,855
14516,966,45
14517,966,248
14518,966,822
14519,966,1467
14520,966,1528
14521,966,618
14522,966,1180
14523,966,944
14524,966,1135
14525,966,854
14526,966,991
14527,966,704
14528,966,688
14529,966,1018
14530,966,961
14531,966,965
14532,966,1480
14533,966,638
14534,966,637
14535,966,581
14536,966,1033
14537,966,65
14538,966,1410
14539,966,1169
14540,966,1301
14541,966,699
14542,966,468
14543,966,809
14544,966,1574
14545,966,1352
14546,966,388
14547,966,906
14548,966,135
14549,966,684
14550,966,82
14551,966,244
14552,966,1228
14553,966,996
14554,966,1253
14555,966,266
14556,966,1009
14557,966,1240
14558,966,1197
14559,966,239
14560,966,117
14561,966,318
14562,966,724
14563,966,988
14564,966,1473
14565,966,1139
14566,966,603
14567,966,729
14568,966,14
14569,966,1084
14570,966,460
14571,966,1450
14572,966,241
14573,966,227
14574,966,958
14575,966,1476
14576,966,302
14577,966,1100
14578,966,1518
14579,966,71
14580,966,1103
14581,966,1499
14582,966,963
14583,966,1213
14584,966,796
14585,966,667
14586,966,1612
14587,966,1057
14588,966,509
14589,966,459
14590,966,521
14591,966,1402
14592,966,230
14593,966,763
14594,966,1539
14595,966,314
14596,966,74
14597,966,1276
14598,966,1423
14599,966,1090
14600,966,1137
14601,966,1466
14602,966,436
14603,966,1070
14604,966,738
14605,966,456
14606,966,401
14607,966,1469
14608,966,7
14609,966,784
14610,966,1522
14611,966,1472
14612,966,1095
14613,966,573
14614,966,730
14615,966,826
14616,966,1440
14617,966,1000
14618,966,476
14619,966,1156
14620,966,1413
14621,966,798
14622,966,510
14623,966,465
14624,966,368
14625,966,1330
14626,966,1369
14627,966,754
14628,966,1138
14629,966,35
14630,966,1311
14631,966,211
14632,966,898
14633,966,189
14634,966,1016
14635,966,1475
14636,966,911
14637,966,1542
14638,966,1547
14639,966,249
14640,966,1326
14641,966,1510
14642,966,762
14643,966,980
14644,966,358
14645,966,949
14646,966,1163
14647,966,32
14648,966,371
14649,966,481
14650,966,1157
14651,966,1060
14652,966,499
14653,966,614
14654,966,951
14655,966,1082
14656,966,1434
14657,966,415
14658,966,1068
14659,966,1055
14660,966,11
14661,966,4
14662,966,42
14663,966,1376
14664,966,550
14665,966,1239
14666,966,1102
14667,966,204
14668,966,1186
14669,966,544
14670,966,1292
14671,966,464
14672,966,1585
14673,966,470
14674,966,917
14675,966,893
14676,966,850
14677,966,1447
14678,966,174
14679,966,630
14680,966,1374
14681,966,24
14682,966,390
14683,966,300
14684,966,545
14685,966,1275
14686,966,336
14687,966,1532
14688,966,1284
14689,966,540
14690,966,542
14691,966,584
14692,966,1171
14693,966,103
14694,966,1175
14695,966,479
14696,966,341
14697,966,819
14698,966,787
14699,966,133
14700,966,89
14701,966,1404
14702,966,1359
14703,966,319
14704,966,1121
14705,966,1406
14706,966,1044
14707,966,363
14708,966,953
14709,966,714
14710,966,1422
14711,966,1273
14712,966,359
14713,966,494
14714,966,1145
14715,966,801
14716,966,127
14717,966,889
14718,966,240
14719,966,40
14720,966,1477
14721,966,982
14722,966,523
14723,966,1241
14724,966,1331
14725,966,1593
14726,966,932
14727,966,1114
14728,966,162
14729,966,529
14730,966,857
14731,966,1059
14732,966,39
14733,966,285
14734,966,1131
14735,966,280
14736,966,1232
14737,966,547
14738,966,952
14739,966,69
14740,966,1568
14741,966,834
14742,966,1306
14743,966,1530
14744,966,575
14745,966,1030
14746,966,446
14747,966,849
14748,966,334
14749,966,903
14750,966,662
14751,966,1037
14752,966,876
14753,966,197
14754,966,899
14755,966,1435
14756,966,73
14757,966,682
14758,966,47
14759,966,344
14760,966,380
14761,966,492
14762,966,543
14763,966,539
14764,966,1545
14765,966,795
14766,966,441
14767,966,624
14768,966,469
14769,976,980
14770,976,1196
14771,976,1188
14772,976,1279
14773,976,339
14774,976,521
14775,976,1553
14776,976,658
14777,976,959
14778,976,1192
14779,976,1535
14780,976,262
14781,976,1018
14782,986,1395
14783,986,346
14784,986,211
14785,986,863
14786,986,1317
14787,986,1476
14788,986,1270
14789,986,635
14790,986,1339
14791,986,1034
14792,986,23
14793,986,948
14794,986,498
14795,986,57
14796,986,250
14797,986,1038
14798,986,906
14799,986,1386
14800,986,470
14801,986,1300
14802,986,1017
14803,986,971
14804,986,418
14805,986,1485
14806,986,637
14807,986,1352
14808,986,782
14809,986,1007
14810,986,716
14811,986,1366
14812,986,542
14813,986,1111
14814,986,1055
14815,986,1011
14816,986,961
14817,986,1233
14818,986,1
14819,986,1557
14820,986,1498
14821,986,1378
14822,986,384
14823,986,1218
14824,986,240
14825,986,357
14826,986,409
14827,986,180
14828,986,1119
14829,986,1251
14830,986,399
14831,986,208
14832,986,459
14833,986,1113
14834,986,1531
14835,986,846
14836,986,1462
14837,986,319
14838,986,1082
14839,986,1053
14840,986,1068
14841,986,255
14842,986,1411
14843,986,633
14844,986,247
14845,986,1449
14846,986,776
14847,986,266
14848,986,371
14849,986,534
14850,986,550
14851,986,481
14852,986,369
14853,986,897
14854,986,115
14855,986,46
14856,986,1316
14857,986,1415
14858,986,1617
14859,986,619
14860,986,1144
14861,986,1114
14862,986,1155
14863,986,37
14864,986,492
14865,986,1508
14866,986,1328
14867,986,261
14868,986,64
14869,986,344
14870,986,1304
14871,986,1212
14872,986,254
14873,986,337
14874,986,1511
14875,986,634
14876,986,214
14877,986,1223
14878,986,400
14879,986,767
14880,986,65
14881,986,127
14882,986,117
14883,986,629
14884,986,1495
14885,986,1067
14886,986,614
14887,986,812
14888,986,1041
14889,986,1241
14890,986,1088
14891,986,1141
14892,986,1417
14893,986,1351
14894,986,732
14895,986,1197
14896,986,414
14897,986,62
14898,986,531
14899,986,882
14900,986,353
14901,986,1428
14902,986,218
14903,986,858
14904,986,194
14905,986,228
14906,986,144
14907,986,244
14908,986,585
14909,986,36
14910,986,549
14911,986,475
14912,986,595
14913,986,1235
14914,986,454
14915,986,1481
14916,986,1373
14917,986,94
14918,986,862
14919,986,49
14920,986,1175
14921,986,833
14922,986,690
14923,986,841
14924,986,1448
14925,986,873
14926,986,610
14927,986,373
14928,986,591
14929,986,603
14930,986,1211
14931,986,968
14932,986,1409
14933,986,131
14934,986,176
14935,986,406
14936,986,1168
14937,986,1265
14938,986,1030
14939,986,1042
14940,986,1255
14941,986,615
14942,986,125
14943,986,1603
14944,986,268
14945,986,1413
14946,986,924
14947,986,1059
14948,986,1353
14949,986,1202
14950,986,1187
14951,986,865
14952,986,1140
14953,986,110
14954,986,41
14955,986,1376
14956,986,954
14957,986,1593
14958,986,1125
14959,986,710
14960,986,517
14961,986,140
14962,986,1022
14963,986,217
14964,986,514
14965,986,750
14966,986,565
14967,986,1420
14968,986,1080
14969,986,1220
14970,986,92
14971,986,27
14972,986,1303
14973,986,9
14974,986,875
14975,986,1505
14976,986,1572
14977,986,936
14978,986,315
14979,986,1314
14980,986,16
14981,986,1459
14982,986,536
14983,986,474
14984,986,1467
14985,986,827
14986,986,547
14987,986,815
14988,986,1131
14989,986,1403
14990,986,1526
14991,986,915
14992,986,965
14993,986,335
14994,986,519
14995,986,1510
14996,986,1066
14997,986,919
14998,986,778
14999,986,1044
15000,986,275
15001,986,646
15002,986,825
15003,986,584
15004,986,221
15005,986,1553
15006,986,698
15007,986,42
15008,986,318
15009,986,804
15010,986,817
15011,986,1431
15012,986,1085
15013,986,272
15014,986,851
15015,986,1609
15016,986,708
15017,986,1504
15018,986,1230
15019,986,1215
15020,986,1406
15021,986,472
15022,986,623
15023,986,1407
15024,986,995
15025,986,35
15026,986,1246
15027,986,819
15028,986,1087
15029,986,706
15030,986,746
15031,986,11
15032,986,402
15033,986,740
15034,986,1363
15035,986,816
15036,986,20
15037,986,1137
15038,986,975
15039,986,1209
15040,986,1103
15041,986,671
15042,986,350
15043,986,1268
15044,986,1432
15045,986,351
15046,986,1500
15047,986,1541
15048,986,1075
15049,986,1346
15050,986,694
15051,986,222
15052,986,670
15053,986,1019
15054,986,183
15055,986,1256
15056,986,1056
15057,986,667
15058,986,1312
15059,986,753
15060,986,471
15061,986,300
15062,986,506
15063,986,599
15064,986,112
15065,986,978
15066,986,807
15067,986,642
15068,986,460
15069,986,205
15070,986,259
15071,986,383
15072,986,674
15073,986,359
15074,986,973
15075,986,274
15076,986,1610
15077,986,620
15078,986,389
15079,986,852
15080,986,1043
15081,986,367
15082,986,1525
15083,986,137
15084,986,1052
15085,986,934
15086,986,1176
15087,986,981
15088,986,322
15089,986,1003
15090,986,1374
15091,986,867
15092,986,198
15093,986,1033
15094,986,503
15095,986,141
15096,986,153
15097,986,580
15098,986,326
15099,986,31
15100,986,959
15101,986,200
15102,986,1568
15103,986,822
15104,986,438
15105,986,787
15106,986,1497
15107,986,1545
15108,986,1327
15109,986,1064
15110,986,628
15111,986,171
15112,986,1487
15113,986,1619
15114,986,794
15115,986,1319
15116,986,553
15117,986,22
15118,986,55
15119,986,256
15120,986,546
15121,986,1102
15122,986,991
15123,986,1326
15124,986,809
15125,986,1329
15126,986,1099
15127,986,1272
15128,986,1267
15129,986,722
15130,986,1422
15131,986,1538
15132,986,1496
15133,986,1024
15134,986,111
15135,986,803
15136,986,869
15137,986,468
15138,986,659
15139,986,1439
15140,986,958
15141,986,1480
15142,986,573
15143,986,679
15144,986,1018
15145,986,432
15146,986,1368
15147,986,196
15148,986,26
15149,986,1358
15150,986,1528
15151,986,763
15152,986,1307
15153,986,652
15154,986,1252
15155,986,219
15156,986,665
15157,986,532
15158,986,1389
15159,986,616
15160,986,8
15161,986,1216
15162,986,805
15163,986,1470
15164,986,360
15165,986,726
15166,986,449
15167,986,98
15168,986,0
15169,986,1065
15170,986,239
15171,986,1188
15172,986,1597
15173,986,297
15174,986,1078
15175,986,450
15176,986,339
15177,986,759
15178,986,483
15179,986,1196
15180,986,1151
15181,986,1443
15182,986,1023
15183,986,1410
15184,986,1425
15185,986,1236
15186,986,1095
15187,986,666
15188,986,707
15189,986,1579
15190,986,630
15191,986,648
15192,986,365
15193,986,1458
15194,986,154
15195,986,1342
15196,986,1192
15197,986,647
15198,986,469
15199,986,24
15200,986,463
15201,986,157
15202,986,424
15203,986,1359
15204,986,78
15205,986,1532
15206,986,361
15207,986,1608
15208,986,925
15209,986,641
15210,986,1491
15211,986,1588
15212,986,82
15213,986,1301
15214,986,1204
15215,986,838
15216,986,1234
15217,986,1519
15218,986,1542
15219,986,992
15220,986,533
15221,986,612
15222,986,990
15223,986,796
15224,986,1587
15225,986,994
15226,986,489
15227,986,529
15228,986,1054
15229,986,1186
15230,986,1559
15231,986,189
15232,986,1122
15233,986,212
15234,986,640
15235,986,150
15236,986,1558
15237,986,577
15238,989,98
15239,989,1535
15240,1011,576
15241,1011,1088
15242,1011,269
15243,1011,376
15244,1011,1223
15245,1011,220
15246,1011,1071
15247,1011,1557
15248,1011,490
15249,1011,51
15250,1011,200
15251,1011,825
15252,1011,707
15253,1011,1424
15254,1011,850
15255,1011,394
15256,1011,948
15257,1011,608
15258,1011,1522
15259,1011,572
15260,1011,1418
15261,1011,619
15262,1011,98
15263,1011,240
15264,1011,37
15265,1011,483
15266,1011,848
15267,1011,981
15268,1011,346
15269,1011,43
15270,1011,1425
15271,1011,1193
15272,1011,1451
15273,1011,271
15274,1011,1498
15275,1011,918
15276,1011,876
15277,1011,1122
15278,1011,1612
15279,1011,594
15280,1011,1261
15281,1011,1459
15282,1011,78
15283,1011,287
15284,1011,658
15285,1011,1202
15286,1011,39
15287,1011,267
15288,1011,911
15289,1011,1432
15290,1011,1138
15291,1011,717
15292,1011,1496
15293,1011,765
15294,1011,333
15295,1011,54
15296,1011,993
15297,1011,141
15298,1011,1233
15299,1011,927
15300,1011,588
15301,1011,928
15302,1011,944
15303,1011,469
15304,1011,406
15305,1011,282
15306,1011,716
15307,1011,628
15308,1011,256
15309,1011,227
15310,1011,1324
15311,1011,705
15312,1011,1581
15313,1011,511
15314,1011,18
15315,1011,178
15316,1011,553
15317,1011,834
15318,1011,176
15319,1011,1538
15320,1011,1574
15321,1011,1007
15322,1011,1035
15323,1011,1558
15324,1011,1458
15325,1011,900
15326,1011,1616
15327,1011,733
15328,1011,1125
15329,1011,506
15330,1011,1598
15331,1011,250
15332,1011,22
15333,1011,676
15334,1011,627
15335,1011,1128
15336,1011,749
15337,1011,1386
15338,1011,1512
15339,1011,1284
15340,1011,38
15341,1011,1345
15342,1011,296
15343,1011,180
15344,1011,494
15345,1011,196
15346,1011,624
15347,1011,965
15348,1011,1208
15349,1011,184
15350,1011,796
15351,1011,580
15352,1011,431
15353,1011,758
15354,1011,188
15355,1011,1265
15356,1011,1342
15357,1011,782
15358,1011,1423
15359,1011,350
15360,1011,748
15361,1011,1468
15362,1011,804
15363,1011,1276
15364,1011,445
15365,1011,967
15366,1011,1335
15367,1011,1583
15368,1011,1540
15369,1011,540
15370,1011,1482
15371,1011,1609
15372,1011,1251
15373,1011,1375
15374,1011,1256
15375,1011,790
15376,1011,1021
15377,1011,468
15378,1011,1081
15379,1011,1222
15380,1011,891
15381,1011,964
15382,1011,152
15383,1011,147
15384,1011,701
15385,1011,909
15386,1011,423
15387,1011,1266
15388,1011,80
15389,1011,1387
15390,1011,106
15391,1011,1398
15392,1011,477
15393,1011,1383
15394,1011,545
15395,1011,1476
15396,1011,1006
15397,1011,1186
15398,1011,698
15399,1011,260
15400,1011,135
15401,1011,1065
15402,1011,873
15403,1011,1435
15404,1011,837
15405,1011,66
15406,1011,101
15407,1011,36
15408,1011,416
15409,1011,1619
15410,1011,807
15411,1011,27
15412,1011,13
15413,1011,1494
15414,1011,1526
15415,1011,372
15416,1011,1246
15417,1011,1410
15418,1011,1287
15419,1011,1441
15420,1011,1039
15421,1011,1248
15422,1011,473
15423,1011,1464
15424,1011,457
15425,1011,432
15426,1011,1298
15427,1011,1023
15428,1011,4
15429,1011,650
15430,1011,1481
15431,1011,688
15432,1011,1389
15433,1011,127
15434,1011,745
15435,1011,1376
15436,1011,118
15437,1011,770
15438,1011,1096
15439,1011,639
15440,1011,1290
15441,1011,622
15442,1011,660
15443,1011,657
15444,1011,561
15445,1011,325
15446,1011,1394
15447,1011,307
15448,1011,70
15449,1011,1438
15450,1011,952
15451,1011,1242
15452,1011,174
15453,1011,1253
15454,1011,463
15455,1011,310
15456,1011,1429
15457,1011,827
15458,1011,662
15459,1011,1250
15460,1011,150
15461,1011,363
15462,1011,1347
15463,1011,946
15464,1011,464
15465,1011,681
15466,1011,894
15467,1011,547
15468,1011,131
15469,1011,1174
15470,1011,1121
15471,1011,257
15472,1011,238
15473,1011,1207
15474,1011,1100
15475,1011,839
15476,1011,1462
15477,1011,286
15478,1011,1349
15479,1011,385
15480,1011,249
15481,1011,6
15482,1011,1568
15483,1011,137
15484,1011,1607
15485,1011,550
15486,1011,1213
15487,1011,95
15488,1011,345
15489,1011,398
15490,1011,359
15491,1011,704
15492,1011,1485
15493,1011,1467
15494,1011,154
15495,1011,1355
15496,1011,1456
15497,1011,1527
15498,1011,543
15499,1011,1230
15500,1011,426
15501,1011,769
15502,1011,1567
15503,1011,805
15504,1011,585
15505,1011,1328
15506,1011,1472
15507,1011,1503
15508,1011,318
15509,1011,582
15510,1011,630
15511,1011,786
15512,1011,1107
15513,1011,1431
15514,1011,1301
15515,1011,210
15516,1011,956
15517,1011,1520
15518,1011,951
15519,1011,1280
15520,1011,1580
15521,1011,519
15522,1011,977
15523,1011,1399
15524,1011,903
15525,1011,1030
15526,1011,866
15527,1011,31
15528,1011,97
15529,1011,1415
15530,1011,320
15531,1011,1344
15532,1011,1085
15533,1011,933
15534,1011,120
15535,1011,1013
15536,1011,1146
15537,1011,1082
15538,1011,890
15539,1011,1516
15540,1011,1400
15541,1011,1130
15542,1011,1495
15543,1011,16
15544,1011,140
15545,1011,429
15546,1011,284
15547,1011,272
15548,1011,738
15549,1011,8
15550,1011,1454
15551,1011,1087
15552,1011,1116
15553,1011,611
15554,1011,1521
15555,1011,766
15556,1011,1117
15557,1011,1195
15558,1011,1194
15559,1011,607
15560,1011,905
15561,1011,727
15562,1011,1436
15563,1011,724
15564,1011,530
15565,1011,44
15566,1011,1486
15567,1011,634
15568,1011,929
15569,1011,1550
15570,1011,1061
15571,1011,751
15572,1011,633
15573,1011,382
15574,1011,757
15575,1011,229
15576,1011,327
15577,1011,69
15578,1011,953
15579,1011,357
15580,1011,700
15581,1011,1333
15582,1011,448
15583,1011,365
15584,1011,55
15585,1011,91
15586,1011,1421
15587,1011,93
15588,1011,1184
15589,1011,110
15590,1011,465
15591,1011,1547
15592,1011,747
15593,1011,785
15594,1011,861
15595,1011,569
15596,1011,1354
15597,1011,709
15598,1011,1291
15599,1011,467
15600,1011,1292
15601,1011,165
15602,1011,1382
15603,1011,1192
15604,1011,1288
15605,1011,216
15606,1011,674
15607,1011,1215
15608,1011,1004
15609,1011,1539
15610,1011,775
15611,1011,63
15612,1011,508
15613,1011,209
15614,1011,74
15615,1011,1188
15616,1011,1062
15617,1011,105
15618,1011,983
15619,1011,234
15620,1011,836
15621,1011,1371
15622,1011,879
15623,1011,980
15624,1011,1460
15625,1011,212
15626,1011,21
15627,1011,1182
15628,1011,822
15629,1011,99
15630,1011,201
15631,1011,1489
15632,1011,374
15633,1011,1225
15634,1011,214
15635,1011,1379
15636,1011,593
15637,1011,881
15638,1011,436
15639,1011,20
15640,1011,1220
15641,1011,1499
15642,1011,663
15643,1011,1515
15644,1011,175
15645,1011,710
15646,1011,1294
15647,1011,75
15648,1011,399
15649,1011,702
15650,1011,400
15651,1011,671
15652,1011,565
15653,1011,35
15654,1011,906
15655,1011,865
15656,1011,942
15657,1011,7
15658,1011,405
15659,1011,945
15660,1011,1352
15661,1011,934
15662,1011,442
15663,1011,107
15664,1011,875
15665,1011,413
15666,1011,568
15667,1011,9
15668,1011,959
15669,1011,433
15670,1011,794
15671,1011,546
15672,1011,1275
15673,1011,741
15674,1011,1530
15675,1011,726
15676,1011,369
15677,1011,1262
15678,1011,1108
15679,1011,1131
15680,1011,290
15681,1011,446
15682,1011,645
15683,1011,1046
15684,1011,926
15685,1011,820
15686,1011,1281
15687,1011,251
15688,1011,1000
15689,1011,403
15690,1011,859
15691,1011,498
15692,1011,718
15693,1011,784
15694,1011,1444
15695,1011,263
15696,1011,999
15697,1011,244
15698,1011,1561
15699,1011,1161
15700,1011,1509
15701,1011,880
15702,1011,799
15703,1011,148
15704,1011,1297
15705,1011,204
15706,1011,480
15707,1011,1101
15708,1011,614
15709,1011,1392
15710,1011,1114
15711,1011,1359
15712,1011,1243
15713,1011,1105
15714,1011,1118
15715,1011,855
15716,1011,297
15717,1011,715
15718,1011,923
15719,1011,1277
15720,1011,578
15721,1011,586
15722,1011,1313
15723,1011,610
15724,1011,1228
15725,1011,1573
15726,1011,402
15727,1011,294
15728,1011,721
15729,1011,298
15730,1011,1351
15731,1011,153
15732,1011,438
15733,1011,185
15734,1011,679
15735,1011,760
15736,1011,126
15737,1011,773
15738,1011,1155
15739,1011,116
15740,1011,752
15741,1011,1052
15742,1011,1024
15743,1011,254
15744,1011,1477
15745,1011,685
15746,1011,1533
15747,1011,48
15748,1011,711
15749,1011,1453
15750,1011,744
15751,1011,558
15752,1011,759
15753,1011,228
15754,1011,1504
15755,1011,482
15756,1011,1500
15757,1011,1143
15758,1011,722
15759,1011,1252
15760,1011,835
15761,1011,829
15762,1011,781
15763,1011,1150
15764,1011,191
15765,1011,618
15766,1011,921
15767,1011,728
15768,1011,134
15769,1011,1471
15770,1011,361
15771,1011,771
15772,1011,1196
15773,1011,955
15774,1011,1448
15775,1011,223
15776,1011,349
15777,1011,742
15778,1011,974
15779,1011,986
15780,1011,351
15781,1011,62
15782,1011,544
15783,1011,1084
15784,1011,899
15785,1011,122
15786,1011,838
15787,1011,1270
15788,1011,45
15789,1011,754
15790,1011,1026
15791,1011,224
15792,1011,931
15793,1011,937
15794,1011,1331
15795,1011,391
15796,1011,812
15797,1011,889
15798,1011,862
15799,1011,339
15800,1011,1210
15801,1011,221
15802,1011,1411
15803,1011,288
15804,1011,47
15805,1011,195
15806,1011,452
15807,1011,649
15808,1011,1497
15809,1011,360
15810,1011,656
15811,1011,41
15812,1011,1095
15813,1011,328
15814,1011,1450
15815,1011,29
15816,1011,642
15817,1011,1447
15818,1011,1563
15819,1011,28
15820,1011,449
15821,1011,1239
15822,1025,1583
15823,1025,1472
15824,1025,418
15825,1025,200
15826,1025,660
15827,1025,457
15828,1025,36
15829,1025,494
15830,1025,972
15831,1025,890
15832,1025,1529
15833,1025,1281
15834,1025,535
15835,1025,47
15836,1025,135
15837,1025,1487
15838,1025,13
15839,1025,4
15840,1025,812
15841,1025,1523
15842,1025,75
15843,1025,80
15844,1025,1015
15845,1025,1355
15846,1025,1489
15847,1025,101
15848,1025,838
15849,1025,490
15850,1025,1515
15851,1025,1162
15852,1025,513
15853,1025,40
15854,1025,788
15855,1025,1294
15856,1025,627
15857,1025,1565
15858,1025,1291
15859,1025,834
15860,1025,942
15861,1025,481
15862,1025,1155
15863,1025,511
15864,1025,619
15865,1025,241
15866,1025,831
15867,1025,1125
15868,1025,510
15869,1025,749
15870,1025,621
15871,1025,594
15872,1025,857
15873,1025,787
15874,1025,751
15875,1025,933
15876,1025,570
15877,1025,522
15878,1025,1438
15879,1025,1252
15880,1025,147
15881,1025,701
15882,1025,189
15883,1025,238
15884,1025,1464
15885,1025,1255
15886,1025,1157
15887,1025,1376
15888,1025,609
15889,1025,934
15890,1025,459
15891,1025,398
15892,1025,1151
15893,1025,1101
15894,1025,1368
15895,1025,618
15896,1025,1447
15897,1025,1609
15898,1025,784
15899,1025,6
15900,1025,593
15901,1025,607
15902,1025,141
15903,1025,1118
15904,1025,958
15905,1025,284
15906,1025,139
15907,1025,708
15908,1025,1456
15909,1025,210
15910,1025,700
15911,1025,850
15912,1025,865
15913,1025,320
15914,1025,54
15915,1025,51
15916,1053,200
15917,1053,817
15918,1053,396
15919,1053,1423
15920,1053,1535
15921,1053,1614
15922,1053,705
15923,1053,556
15924,1060,730
15925,1060,569
15926,1060,794
15927,1060,1559
15928,1060,853
15929,1060,1191
15930,1060,633
15931,1060,845
15932,1060,1556
15933,1060,1347
15934,1060,186
15935,1060,89
15936,1060,177
15937,1060,698
15938,1060,293
15939,1060,1246
15940,1060,1275
15941,1060,352
15942,1060,720
15943,1060,1539
15944,1060,1389
15945,1060,616
15946,1060,898
15947,1060,1007
15948,1060,1354
15949,1060,511
15950,1060,1567
15951,1060,1533
15952,1060,521
15953,1060,537
15954,1060,683
15955,1060,137
15956,1060,1580
15957,1060,1388
15958,1060,1451
15959,1060,91
15960,1060,1121
15961,1060,1180
15962,1060,1289
15963,1060,786
15964,1060,335
15965,1060,811
15966,1060,80
15967,1060,1434
15968,1060,1157
15969,1060,694
15970,1060,100
15971,1060,1598
15972,1060,1027
15973,1060,1095
15974,1060,687
15975,1060,406
15976,1060,1175
15977,1060,1077
15978,1060,1485
15979,1060,762
15980,1060,1568
15981,1060,284
15982,1060,422
15983,1060,87
15984,1060,1035
15985,1060,1486
15986,1060,1378
15987,1060,745
15988,1060,1470
15989,1060,150
15990,1060,1459
15991,1060,1012
15992,1060,592
15993,1060,608
15994,1060,1299
15995,1060,1437
15996,1060,561
15997,1060,279
15998,1060,795
15999,1060,1431
16000,1060,398
16001,1060,609
16002,1060,1211
16003,1060,817
16004,1060,1426
16005,1060,174
16006,1060,498
16007,1060,1611
16008,1060,350
16009,1060,1458
16010,1060,1572
16011,1060,78
16012,1060,1181
16013,1060,466
16014,1060,691
16015,1060,1151
16016,1060,582
16017,1060,567
16018,1060,429
16019,1060,1169
16020,1060,310
16021,1060,376
16022,1060,1384
16023,1060,1401
16024,1060,744
16025,1060,18
16026,1060,740
16027,1060,360
16028,1060,826
16029,1060,508
16030,1060,450
16031,1060,1509
16032,1060,967
16033,1060,1131
16034,1060,1118
16035,1060,1410
16036,1060,233
16037,1060,766
16038,1060,844
16039,1060,1016
16040,1060,44
16041,1060,1414
16042,1060,629
16043,1060,1517
16044,1060,748
16045,1060,1293
16046,1060,1505
16047,1060,367
16048,1060,1496
16049,1060,1127
16050,1060,433
16051,1060,413
16052,1060,1080
16053,1060,1498
16054,1060,281
16055,1060,474
16056,1060,584
16057,1060,644
16058,1060,1105
16059,1060,837
16060,1060,1524
16061,1060,306
16062,1060,1153
16063,1060,549
16064,1060,31
16065,1060,991
16066,1060,1558
16067,1060,1292
16068,1060,590
16069,1060,259
16070,1060,17
16071,1060,695
16072,1060,889
16073,1060,1391
16074,1060,1220
16075,1060,726
16076,1060,1245
16077,1060,302
16078,1060,370
16079,1060,599
16080,1060,118
16081,1060,60
16082,1060,1162
16083,1060,1469
16084,1060,1353
16085,1060,880
16086,1060,211
16087,1060,410
16088,1060,1023
16089,1060,141
16090,1060,51
16091,1060,510
16092,1060,1504
16093,1060,43
16094,1060,1002
16095,1060,882
16096,1060,886
16097,1060,1265
16098,1060,1222
16099,1060,1207
16100,1060,703
16101,1060,939
16102,1060,665
16103,1060,1610
16104,1060,1314
16105,1060,27
16106,1060,339
16107,1060,637
16108,1060,358
16109,1060,219
16110,1060,1454
16111,1060,1256
16112,1060,1085
16113,1060,74
16114,1060,772
16115,1060,125
16116,1060,905
16117,1060,1022
16118,1060,1287
16119,1060,1178
16120,1060,1243
16121,1060,355
16122,1060,890
16123,1060,523
16124,1060,10
16125,1060,509
16126,1060,961
16127,1060,35
16128,1060,146
16129,1060,787
16130,1060,1064
16131,1060,480
16132,1060,1363
16133,1060,1068
16134,1060,948
16135,1060,402
16136,1060,520
16137,1060,23
16138,1060,356
16139,1060,1450
16140,1060,275
16141,1060,341
16142,1060,543
16143,1060,1117
16144,1060,191
16145,1060,127
16146,1060,1547
16147,1060,716
16148,1060,120
16149,1060,1138
16150,1060,1102
16151,1060,1218
16152,1060,1212
16153,1060,927
16154,1060,1502
16155,1060,274
16156,1060,519
16157,1060,1339
16158,1060,1462
16159,1060,287
16160,1060,513
16161,1060,1168
16162,1060,479
16163,1060,1448
16164,1060,1510
16165,1060,210
16166,1060,1015
16167,1060,560
16168,1060,1261
16169,1060,1184
16170,1060,928
16171,1060,1473
16172,1060,20
16173,1060,499
16174,1060,807
16175,1060,865
16176,1060,612
16177,1060,346
16178,1060,49
16179,1060,1100
16180,1060,1587
16181,1060,1386
16182,1060,788
16183,1060,1562
16184,1060,1425
16185,1060,264
16186,1060,158
16187,1060,117
16188,1060,1326
16189,1060,641
16190,1060,1075
16191,1060,1344
16192,1060,296
16193,1060,1570
16194,1060,247
16195,1060,553
16196,1060,571
16197,1060,715
16198,1060,57
16199,1060,216
16200,1060,1096
16201,1060,454
16202,1060,1435
16203,1060,660
16204,1060,222
16205,1060,104
16206,1060,682
16207,1060,76
16208,1060,477
16209,1060,261
16210,1060,1034
16211,1060,326
16212,1060,135
16213,1060,1319
16214,1060,757
16215,1060,1373
16216,1060,500
16217,1060,1135
16218,1060,38
16219,1060,206
16220,1060,1421
16221,1060,642
16222,1060,1443
16223,1060,1476
16224,1060,834
16225,1060,1444
16226,1060,1226
16227,1060,864
16228,1060,416
16229,1060,1330
16230,1060,257
16231,1060,646
16232,1060,1122
16233,1060,1134
16234,1060,707
16235,1060,332
16236,1060,490
16237,1060,799
16238,1060,875
16239,1060,1126
16240,1060,1566
16241,1060,1297
16242,1060,236
16243,1060,1143
16244,1060,171
16245,1060,334
16246,1060,1112
16247,1060,1579
16248,1060,1066
16249,1060,203
16250,1060,47
16251,1060,1493
16252,1060,1423
16253,1060,464
16254,1060,919
16255,1060,550
16256,1060,1108
16257,1060,1081
16258,1060,1136
16259,1060,1497
16260,1060,630
16261,1060,1304
16262,1060,130
16263,1060,122
16264,1060,1164
16265,1060,1137
16266,1060,489
16267,1060,303
16268,1060,934
16269,1060,183
16270,1060,712
16271,1060,1501
16272,1060,1612
16273,1060,26
16274,1060,1267
16275,1060,535
16276,1060,776
16277,1060,147
16278,1060,1186
16279,1060,72
16280,1060,205
16281,1060,727
16282,1060,1113
16283,1060,286
16284,1060,825
16285,1060,659
16286,1060,348
16287,1060,297
16288,1060,1161
16289,1060,662
16290,1060,1446
16291,1060,1038
16292,1060,1553
16293,1060,1203
16294,1060,140
16295,1060,1087
16296,1060,893
16297,1060,307
16298,1060,530
16299,1060,594
16300,1060,822
16301,1060,778
16302,1060,372
16303,1060,1530
16304,1060,658
16305,1060,999
16306,1060,106
16307,1060,374
16308,1060,401
16309,1060,1520
16310,1060,966
16311,1060,636
16312,1060,1119
16313,1060,878
16314,1060,722
16315,1060,593
16316,1060,39
16317,1060,1311
16318,1060,1238
16319,1060,1223
16320,1060,1140
16321,1060,242
16322,1060,534
16323,1060,361
16324,1060,1500
16325,1060,1236
16326,1060,970
16327,1060,1010
16328,1060,101
16329,1060,935
16330,1060,965
16331,1060,714
16332,1060,785
16333,1060,615
16334,1060,1608
16335,1060,371
16336,1060,706
16337,1060,1021
16338,1060,1489
16339,1060,688
16340,1060,884
16341,1060,1039
16342,1060,1438
16343,1060,1284
16344,1060,1003
16345,1060,591
16346,1060,711
16347,1060,819
16348,1060,693
16349,1060,1573
16350,1060,931
16351,1060,460
16352,1060,649
16353,1060,814
16354,1060,1144
16355,1060,1569
16356,1060,1395
16357,1060,456
16358,1060,824
16359,1060,838
16360,1060,70
16361,1060,14
16362,1060,298
16363,1060,1440
16364,1060,452
16365,1060,952
16366,1060,1063
16367,1060,1255
16368,1060,942
16369,1060,1477
16370,1060,412
16371,1060,266
16372,1060,708
16373,1060,940
16374,1060,1549
16375,1060,1233
16376,1060,563
16377,1060,773
16378,1060,1585
16379,1060,24
16380,1060,1545
16381,1060,1317
16382,1060,803
16383,1060,830
16384,1060,1230
16385,1060,1273
16386,1060,1094
16387,1060,1182
16388,1060,1518
16389,1060,1156
16390,1060,514
16391,1060,577
16392,1060,1111
16393,1060,1609
16394,1060,144
16395,1060,439
16396,1060,536
16397,1060,1404
16398,1060,121
16399,1060,731
16400,1060,380
16401,1060,1065
16402,1060,1274
16403,1060,981
16404,1060,956
16405,1060,1268
16406,1060,109
16407,1060,208
16408,1060,804
16409,1060,249
16410,1060,1171
16411,1060,73
16412,1060,256
16413,1060,319
16414,1060,805
16415,1060,1026
16416,1060,1430
16417,1060,365
16418,1060,423
16419,1060,798
16420,1060,1519
16421,1060,552
16422,1060,1308
16423,1060,1146
16424,1060,340
16425,1060,400
16426,1060,113
16427,1060,756
16428,1060,1037
16429,1060,1046
16430,1060,791
16431,1060,245
16432,1060,143
16433,1060,998
16434,1060,527
16435,1060,755
16436,1060,175
16437,1060,739
16438,1060,357
16439,1060,1158
16440,1060,531
16441,1060,103
16442,1060,278
16443,1060,56
16444,1060,9
16445,1060,492
16446,1060,126
16447,1060,484
16448,1060,22
16449,1060,255
16450,1060,1576
16451,1060,926
16452,1060,344
16453,1060,663
16454,1060,775
16455,1060,1394
16456,1060,291
16457,1060,809
16458,1060,938
16459,1060,1020
16460,1060,116
16461,1060,337
16462,1060,645
16463,1060,309
16464,1060,1018
16465,1060,686
16466,1060,900
16467,1060,1285
16468,1060,128
16469,1060,568
16470,1060,389
16471,1060,1272
16472,1060,1362
16473,1060,1535
16474,1060,1257
16475,1060,871
16476,1060,353
16477,1060,1197
16478,1060,229
16479,1060,827
16480,1060,1258
16481,1060,815
16482,1060,1364
16483,1060,1264
16484,1060,1398
16485,1060,69
16486,1060,133
16487,1060,979
16488,1060,544
16489,1060,760
16490,1060,390
16491,1060,345
16492,1060,1071
16493,1060,976
16494,1060,1084
16495,1060,705
16496,1060,1029
16497,1060,432
16498,1060,881
16499,1060,973
16500,1060,868
16501,1060,833
16502,1060,1009
16503,1060,25
16504,1060,1024
16505,1060,1114
16506,1060,180
16507,1060,129
16508,1060,1057
16509,1060,1538
16510,1060,963
16511,1060,666
16512,1060,575
16513,1060,661
16514,1060,308
16515,1060,572
16516,1060,725
16517,1060,366
16518,1060,45
16519,1060,801
16520,1060,556
16521,1060,921
16522,1060,449
16523,1060,364
16524,1060,197
16525,1060,1235
16526,1060,1348
16527,1060,638
16528,1060,1324
16529,1060,685
16530,1060,774
16531,1060,1155
16532,1060,771
16533,1060,603
16534,1060,995
16535,1060,1478
16536,1060,200
16537,1060,1550
16538,1060,1526
16539,1060,808
16540,1060,1188
16541,1060,911
16542,1060,392
16543,1060,1163
16544,1060,1531
16545,1060,272
16546,1060,1563
16547,1060,418
16548,1060,1584
16549,1060,913
16550,1060,588
16551,1060,276
16552,1060,580
16553,1060,854
16554,1060,314
16555,1060,1375
16556,1060,1342
16557,1060,1436
16558,1060,540
16559,1060,65
16560,1060,1174
16561,1060,914
16562,1060,759
16563,1060,502
16564,1060,1352
16565,1060,185
16566,1060,1368
16567,1060,946
16568,1060,784
16569,1060,887
16570,1060,634
16571,1060,1603
16572,1060,1030
16573,1060,816
16574,1060,148
16575,1060,1147
16576,1060,851
16577,1060,1475
16578,1060,263
16579,1060,1133
16580,1060,840
16581,1060,910
16582,1060,445
16583,1060,1420
16584,1060,1474
16585,1060,285
16586,1060,1
16587,1060,767
16588,1060,972
16589,1060,581
16590,1060,558
16591,1060,1301
16592,1060,1316
16593,1060,1269
16594,1060,866
16595,1060,1033
16596,1060,473
16597,1060,305
16598,1060,239
16599,1060,1400
16600,1060,923
16601,1060,463
16602,1060,1466
16603,1060,839
16604,1060,1093
16605,1060,751
16606,1060,227
16607,1060,831
16608,1060,97
16609,1060,918
16610,1060,867
16611,1060,61
16612,1060,269
16613,1060,994
16614,1060,481
16615,1060,469
16616,1060,394
16617,1060,369
16618,1060,681
16619,1060,1506
16620,1060,1527
16621,1060,768
16622,1060,1059
16623,1060,311
16624,1060,33
16625,1060,29
16626,1060,322
16627,1060,1103
16628,1060,1359
16629,1060,399
16630,1060,373
16631,1060,403
16632,1060,221
16633,1060,68
16634,1060,415
16635,1060,1351
16636,1060,465
16637,1060,312
16638,1060,977
16639,1060,408
16640,1060,701
16641,1060,1013
16642,1060,930
16643,1060,1542
16644,1060,198
16645,1060,1442
16646,1060,964
16647,1060,1050
16648,1060,220
16649,1060,932
16650,1060,448
16651,1060,1516
16652,1060,431
16653,1060,476
16654,1060,375
16655,1060,1328
16656,1060,1588
16657,1060,741
16658,1060,1028
16659,1060,829
16660,1060,336
16661,1060,1089
16662,1060,189
16663,1060,1453
16664,1060,1053
16665,1060,690
16666,1060,317
16667,1060,64
16668,1060,983
16669,1060,1248
16670,1060,441
16671,1060,102
16672,1060,1221
16673,1060,904
16674,1060,1557
16675,1060,497
16676,1060,351
16677,1060,93
16678,1060,1141
16679,1060,1217
16680,1060,204
16681,1060,974
16682,1060,388
16683,1060,990
16684,1060,475
16685,1060,709
16686,1060,1206
16687,1060,472
16688,1060,1619
16689,1060,1483
16690,1060,1345
16691,1060,1480
16692,1060,679
16693,1060,978
16694,1060,40
16695,1060,1260
16696,1060,470
16697,1060,1106
16698,1060,1276
16699,1060,1090
16700,1060,570
16701,1060,1349
16702,1060,50
16703,1094,1209
16704,1094,1010
16705,1094,128
16706,1094,39
16707,1094,1122
16708,1094,922
16709,1094,658
16710,1094,25
16711,1094,883
16712,1094,18
16713,1094,849
16714,1094,1180
16715,1094,49
16716,1094,829
16717,1094,547
16718,1094,1368
16719,1094,948
16720,1094,530
16721,1094,1619
16722,1094,1373
16723,1094,1091
16724,1094,375
16725,1094,135
16726,1094,281
16727,1094,175
16728,1094,529
16729,1094,1414
16730,1094,1239
16731,1094,521
16732,1094,645
16733,1094,415
16734,1094,1267
16735,1094,1444
16736,1094,1290
16737,1094,93
16738,1094,1418
16739,1094,216
16740,1094,66
16741,1094,1570
16742,1094,78
16743,1094,626
16744,1094,498
16745,1094,1515
16746,1094,722
16747,1094,944
16748,1094,1206
16749,1094,500
16750,1094,804
16751,1094,1394
16752,1094,249
16753,1094,633
16754,1094,1462
16755,1094,240
16756,1094,1302
16757,1094,148
16758,1094,33
16759,1094,1568
16760,1094,1532
16761,1094,1496
16762,1094,105
16763,1094,763
16764,1094,1430
16765,1094,927
16766,1094,1060
16767,1094,1387
16768,1094,1306
16769,1094,1196
16770,1094,438
16771,1094,429
16772,1094,1238
16773,1094,1248
16774,1094,781
16775,1094,785
16776,1094,1265
16777,1094,141
16778,1094,1194
16779,1094,497
16780,1094,614
16781,1094,238
16782,1094,935
16783,1094,1510
16784,1094,361
16785,1094,300
16786,1094,824
16787,1094,248
16788,1094,701
16789,1094,1402
16790,1094,298
16791,1094,371
16792,1094,1456
16793,1094,887
16794,1094,1369
16795,1094,449
16796,1094,582
16797,1094,318
16798,1094,690
16799,1094,940
16800,1094,868
16801,1094,328
16802,1094,262
16803,1094,693
16804,1094,214
16805,1094,1383
16806,1094,1258
16807,1094,886
16808,1094,936
16809,1094,146
16810,1094,1030
16811,1094,1026
16812,1094,846
16813,1094,223
16814,1094,1
16815,1094,296
16816,1094,1582
16817,1094,941
16818,1094,87
16819,1094,1207
16820,1094,913
16821,1094,1405
16822,1094,17
16823,1094,1150
16824,1094,1175
16825,1094,301
16826,1094,861
16827,1094,526
16828,1094,644
16829,1094,975
16830,1094,1056
16831,1094,1101
16832,1094,1071
16833,1094,870
16834,1094,1095
16835,1094,730
16836,1094,662
16837,1094,561
16838,1094,1065
16839,1094,1508
16840,1094,1171
16841,1094,394
16842,1094,1089
16843,1094,766
16844,1094,279
16845,1094,573
16846,1094,1273
16847,1094,623
16848,1094,834
16849,1094,263
16850,1094,1245
16851,1094,1093
16852,1094,1464
16853,1094,1501
16854,1094,35
16855,1094,1128
16856,1094,929
16857,1094,313
16858,1094,933
16859,1094,112
16860,1094,918
16861,1094,1115
16862,1094,1503
16863,1094,681
16864,1094,718
16865,1094,1448
16866,1094,889
16867,1094,1044
16868,1094,775
16869,1094,261
16870,1094,892
16871,1094,536
16872,1094,1421
16873,1094,1255
16874,1094,129
16875,1094,1353
16876,1094,1410
16877,1094,152
16878,1094,376
16879,1094,490
16880,1094,980
16881,1094,311
16882,1094,1127
16883,1094,147
16884,1094,1074
16885,1094,120
16886,1094,1376
16887,1094,1547
16888,1094,585
16889,1094,1319
16890,1094,1574
16891,1094,104
16892,1094,687
16893,1094,194
16894,1094,1246
16895,1094,705
16896,1094,1084
16897,1094,137
16898,1094,479
16899,1094,893
16900,1094,1389
16901,1094,1323
16902,1094,325
16903,1094,1469
16904,1094,721
16905,1094,751
16906,1094,1472
16907,1094,402
16908,1094,499
16909,1094,410
16910,1094,1423
16911,1094,200
16912,1094,865
16913,1094,91
16914,1094,1203
16915,1094,978
16916,1094,352
16917,1094,787
16918,1094,111
16919,1094,1039
16920,1094,290
16921,1094,799
16922,1094,717
16923,1094,193
16924,1094,752
16925,1094,408
16926,1094,880
16927,1094,1085
16928,1094,520
16929,1094,552
16930,1094,1488
16931,1094,1076
16932,1094,209
16933,1094,878
16934,1094,333
16935,1094,706
16936,1094,765
16937,1094,476
16938,1094,959
16939,1094,714
16940,1094,358
16941,1094,738
16942,1094,1451
16943,1094,1108
16944,1094,82
16945,1094,459
16946,1094,682
16947,1094,51
16948,1094,1386
16949,1094,1121
16950,1094,1253
16951,1094,144
16952,1094,1385
16953,1094,1197
16954,1094,967
16955,1094,439
16956,1094,229
16957,1094,1487
16958,1094,1261
16959,1094,830
16960,1094,244
16961,1094,1183
16962,1094,840
16963,1094,460
16964,1094,1525
16965,1094,1617
16966,1094,1569
16967,1094,955
16968,1094,1188
16969,1094,1023
16970,1094,302
16971,1094,1349
16972,1094,875
16973,1094,1244
16974,1094,838
16975,1094,332
16976,1094,1440
16977,1094,217
16978,1094,344
16979,1094,879
16980,1094,1299
16981,1094,122
16982,1094,16
16983,1094,996
16984,1094,1479
16985,1094,954
16986,1094,1446
16987,1094,234
16988,1094,531
16989,1094,502
16990,1094,964
16991,1094,1087
16992,1094,1355
16993,1094,21
16994,1094,0
16995,1094,48
16996,1094,1297
16997,1094,1362
16998,1094,898
16999,1094,1435
17000,1094,788
17001,1094,905
17002,1094,1080
17003,1094,908
17004,1094,727
17005,1094,390
17006,1094,816
17007,1094,356
17008,1094,618
17009,1094,115
17010,1094,1042
17011,1094,543
17012,1094,655
17013,1094,986
17014,1094,70
17015,1094,544
17016,1094,1553
17017,1094,1287
17018,1094,8
17019,1094,380
17020,1094,1517
17021,1094,597
17022,1094,245
17023,1094,1497
17024,1094,303
17025,1094,981
17026,1094,295
17027,1094,1557
17028,1094,1235
17029,1094,342
17030,1094,1230
17031,1094,1003
17032,1094,1247
17033,1094,755
17034,1094,337
17035,1094,1220
17036,1094,457
17037,1094,812
17038,1094,13
17039,1094,432
17040,1094,999
17041,1094,784
17042,1094,1375
17043,1094,424
17044,1094,679
17045,1094,1055
17046,1094,663
17047,1094,1563
17048,1094,1461
17049,1094,1294
17050,1094,956
17051,1094,1199
17052,1094,359
17053,1094,1107
17054,1094,1064
17055,1094,455
17056,1094,592
17057,1094,571
17058,1094,923
17059,1094,363
17060,1094,556
17061,1094,1313
17062,1094,391
17063,1094,1132
17064,1094,1499
17065,1094,1272
17066,1094,666
17067,1094,807
17068,1094,1480
17069,1094,1016
17070,1094,1378
17071,1094,820
17072,1094,477
17073,1094,609
17074,1094,707
17075,1094,339
17076,1094,489
17077,1094,739
17078,1094,288
17079,1094,1577
17080,1094,1333
17081,1094,60
17082,1094,1518
17083,1094,99
17084,1094,1331
17085,1094,106
17086,1094,1583
17087,1094,389
17088,1094,873
17089,1094,478
17090,1094,1390
17091,1094,1593
17092,1094,227
17093,1094,1176
17094,1094,422
17095,1094,866
17096,1094,1425
17097,1094,465
17098,1094,29
17099,1094,736
17100,1094,845
17101,1094,1575
17102,1094,1131
17103,1094,821
17104,1094,204
17105,1094,1192
17106,1094,1274
17107,1094,772
17108,1094,235
17109,1094,1251
17110,1094,938
17111,1094,1007
17112,1094,1169
17113,1094,591
17114,1094,158
17115,1094,791
17116,1094,317
17117,1094,994
17118,1094,615
17119,1094,1233
17120,1094,1100
17121,1094,1434
17122,1094,1534
17123,1094,1449
17124,1094,768
17125,1094,1096
17126,1094,250
17127,1094,1217
17128,1118,951
17129,1118,1264
17130,1118,125
17131,1118,590
17132,1118,561
17133,1118,716
17134,1118,1345
17135,1118,114
17136,1118,1473
17137,1118,333
17138,1118,1113
17139,1118,418
17140,1118,1184
17141,1118,928
17142,1118,938
17143,1118,329
17144,1118,969
17145,1118,254
17146,1118,1582
17147,1118,1561
17148,1118,226
17149,1118,1163
17150,1118,1526
17151,1118,1331
17152,1118,99
17153,1118,1447
17154,1118,401
17155,1118,1134
17156,1118,814
17157,1118,47
17158,1118,1531
17159,1118,570
17160,1118,155
17161,1118,359
17162,1118,908
17163,1118,628
17164,1118,510
17165,1118,753
17166,1118,443
17167,1118,853
17168,1118,652
17169,1118,1354
17170,1118,873
17171,1118,834
17172,1118,720
17173,1118,1025
17174,1118,1403
17175,1118,220
17176,1118,1519
17177,1118,1468
17178,1118,582
17179,1118,897
17180,1118,1362
17181,1118,209
17182,1118,1283
17183,1118,307
17184,1118,1277
17185,1118,1572
17186,1118,1289
17187,1118,1284
17188,1118,558
17189,1118,763
17190,1118,1188
17191,1118,1478
17192,1118,71
17193,1118,729
17194,1118,732
17195,1118,1383
17196,1118,749
17197,1118,1044
17198,1118,104
17199,1118,490
17200,1118,127
17201,1118,1270
17202,1118,362
17203,1118,1135
17204,1118,1070
17205,1118,370
17206,1118,624
17207,1118,1024
17208,1118,1584
17209,1118,1193
17210,1118,916
17211,1118,1310
17212,1118,64
17213,1118,97
17214,1118,326
17215,1118,1365
17216,1118,1541
17217,1118,831
17218,1118,415
17219,1118,1130
17220,1118,527
17221,1118,35
17222,1118,747
17223,1118,1485
17224,1118,1275
17225,1118,165
17226,1118,1194
17227,1118,1566
17228,1118,671
17229,1118,695
17230,1118,649
17231,1118,715
17232,1118,189
17233,1118,945
17234,1118,1063
17235,1118,1256
17236,1118,1242
17237,1118,958
17238,1118,941
17239,1118,1469
17240,1118,106
17241,1118,1395
17242,1118,10
17243,1118,688
17244,1118,357
17245,1118,829
17246,1118,693
17247,1118,480
17248,1118,367
17249,1118,1357
17250,1118,1501
17251,1118,497
17252,1118,1185
17253,1118,705
17254,1118,1317
17255,1118,539
17256,1118,858
17257,1118,147
17258,1118,66
17259,1118,865
17260,1118,521
17261,1118,612
17262,1118,41
17263,1118,1527
17264,1118,173
17265,1118,616
17266,1118,563
17267,1118,290
17268,1118,1391
17269,1118,526
17270,1118,565
17271,1118,1517
17272,1118,1202
17273,1118,1404
17274,1118,428
17275,1118,1000
17276,1118,811
17277,1118,882
17278,1118,445
17279,1118,1287
17280,1118,511
17281,1118,214
17282,1118,709
17283,1118,892
17284,1118,1406
17285,1118,186
17286,1118,1394
17287,1118,197
17288,1118,1209
17289,1118,880
17290,1118,1612
17291,1118,1535
17292,1118,770
17293,1118,51
17294,1118,1497
17295,1118,152
17296,1118,1016
17297,1118,191
17298,1118,1369
17299,1118,1581
17300,1118,911
17301,1118,466
17302,1118,1598
17303,1118,529
17304,1118,592
17305,1118,107
17306,1118,974
17307,1118,1294
17308,1118,500
17309,1118,611
17310,1118,841
17311,1118,1323
17312,1118,1208
17313,1118,662
17314,1118,768
17315,1118,849
17316,1118,935
17317,1118,1059
17318,1118,998
17319,1118,577
17320,1118,86
17321,1118,293
17322,1118,796
17323,1118,531
17324,1118,572
17325,1118,1390
17326,1118,1460
17327,1118,411
17328,1118,676
17329,1118,593
17330,1118,1039
17331,1118,903
17332,1118,1495
17333,1118,949
17334,1118,287
17335,1118,625
17336,1118,1043
17337,1118,545
17338,1118,111
17339,1118,670
17340,1118,103
17341,1118,1136
17342,1118,692
17343,1118,1471
17344,1118,930
17345,1118,1021
17346,1118,942
17347,1118,1489
17348,1118,4
17349,1118,1169
17350,1118,936
17351,1118,118
17352,1118,1339
17353,1118,229
17354,1118,970
17355,1118,1385
17356,1118,1139
17357,1118,1268
17358,1118,211
17359,1118,1243
17360,1118,581
17361,1118,463
17362,1118,1617
17363,1118,674
17364,1118,633
17365,1118,1579
17366,1118,905
17367,1118,117
17368,1118,246
17369,1118,835
17370,1118,848
17371,1118,1176
17372,1118,1124
17373,1118,129
17374,1118,410
17375,1118,1241
17376,1118,623
17377,1118,948
17378,1118,844
17379,1118,1418
17380,1118,707
17381,1118,202
17382,1118,1496
17383,1118,791
17384,1118,929
17385,1118,1007
17386,1118,358
17387,1118,1502
17388,1118,815
17389,1118,391
17390,1118,1223
17391,1118,433
17392,1118,1332
17393,1118,1366
17394,1118,1220
17395,1118,782
17396,1118,101
17397,1118,1318
17398,1118,1107
17399,1118,603
17400,1118,105
17401,1118,597
17402,1118,257
17403,1118,1458
17404,1118,1399
17405,1118,1392
17406,1118,208
17407,1118,801
17408,1118,1018
17409,1118,498
17410,1118,302
17411,1118,1413
17412,1118,686
17413,1118,1228
17414,1118,1055
17415,1118,1162
17416,1118,296
17417,1118,519
17418,1118,1453
17419,1118,1353
17420,1118,629
17421,1118,1240
17422,1118,979
17423,1118,798
17424,1118,133
17425,1118,914
17426,1118,488
17427,1118,807
17428,1118,416
17429,1118,1313
17430,1118,1549
17431,1118,1508
17432,1118,441
17433,1118,78
17434,1118,212
17435,1118,217
17436,1118,1556
17437,1118,765
17438,1118,1435
17439,1118,1035
17440,1118,522
17441,1118,96
17442,1118,1297
17443,1118,567
17444,1118,327
17445,1118,1102
17446,1118,711
17447,1118,92
17448,1118,240
17449,1118,682
17450,1118,1611
17451,1118,28
17452,1118,1430
17453,1118,1472
17454,1118,62
17455,1118,852
17456,1118,469
17457,1118,295
17458,1118,126
17459,1118,679
17460,1118,1038
17461,1118,434
17462,1118,353
17463,1118,9
17464,1118,864
17465,1118,1075
17466,1118,1281
17467,1118,408
17468,1118,964
17469,1118,482
17470,1118,537
17471,1118,961
17472,1118,82
17473,1118,1530
17474,1118,697
17475,1118,405
17476,1118,1233
17477,1118,25
17478,1118,1002
17479,1118,340
17480,1118,636
17481,1118,115
17482,1118,423
17483,1118,1423
17484,1118,745
17485,1118,473
17486,1118,412
17487,1118,59
17488,1118,305
17489,1118,1089
17490,1118,221
17491,1118,1215
17492,1118,1511
17493,1118,870
17494,1118,795
17495,1118,546
17496,1118,1054
17497,1118,863
17498,1118,886
17499,1118,1456
17500,1118,1400
17501,1118,552
17502,1118,932
17503,1118,1308
17504,1118,238
17505,1118,301
17506,1118,406
17507,1118,372
17508,1118,310
17509,1118,665
17510,1118,1061
17511,1118,43
17512,1118,956
17513,1118,1585
17514,1118,298
17515,1118,121
17516,1118,1030
17517,1118,1436
17518,1118,1333
17519,1118,67
17520,1118,1187
17521,1118,335
17522,1118,794
17523,1118,200
17524,1118,788
17525,1118,1147
17526,1118,781
17527,1118,883
17528,1118,615
17529,1118,1475
17530,1118,830
17531,1118,1013
17532,1118,578
17533,1118,778
17534,1118,137
17535,1118,767
17536,1118,337
17537,1118,322
17538,1118,1428
17539,1118,324
17540,1118,784
17541,1118,499
17542,1118,699
17543,1118,241
17544,1118,1534
17545,1118,360
17546,1118,167
17547,1118,55
17548,1118,876
17549,1118,49
17550,1118,396
17551,1118,1161
17552,1118,285
17553,1118,1186
17554,1118,1155
17555,1118,1285
17556,1118,48
17557,1118,248
17558,1118,622
17559,1118,838
17560,1118,93
17561,1118,276
17562,1118,721
17563,1118,731
17564,1118,1368
17565,1118,38
17566,1118,701
17567,1118,1116
17568,1118,284
17569,1118,919
17570,1118,1094
17571,1118,1248
17572,1118,1547
17573,1118,881
17574,1118,1286
17575,1118,17
17576,1118,1565
17577,1118,900
17578,1118,826
17579,1118,736
17580,1118,376
17581,1118,1441
17582,1118,58
17583,1118,432
17584,1118,647
17585,1118,145
17586,1118,1288
17587,1118,804
17588,1118,981
17589,1118,422
17590,1118,244
17591,1118,861
17592,1118,773
17593,1118,642
17594,1118,40
17595,1118,1426
17596,1118,787
17597,1118,1158
17598,1118,550
17599,1118,1232
17600,1118,1005
17601,1118,1132
17602,1118,205
17603,1118,268
17604,1118,1117
17605,1118,14
17606,1118,1239
17607,1118,141
17608,1118,1230
17609,1118,278
17610,1118,60
17611,1118,29
17612,1118,1150
17613,1118,1183
17614,1118,1371
17615,1118,384
17616,1118,371
17617,1118,1199
17618,1118,1364
17619,1118,772
17620,1118,627
17621,1118,1520
17622,1118,506
17623,1118,1538
17624,1118,1012
17625,1118,619
17626,1118,1181
17627,1118,1293
17628,1118,977
17629,1118,178
17630,1118,361
17631,1118,1085
17632,1118,1341
17633,1118,1028
17634,1118,1229
17635,1118,195
17636,1118,824
17637,1118,223
17638,1118,312
17639,1118,381
17640,1118,1363
17641,1118,986
17642,1118,479
17643,1118,1076
17644,1118,364
17645,1118,20
17646,1118,366
17647,1118,645
17648,1118,13
17649,1118,1020
17650,1118,646
17651,1118,1269
17652,1118,909
17653,1118,535
17654,1118,514
17655,1118,887
17656,1118,1347
17657,1118,1421
17658,1118,995
17659,1118,233
17660,1118,589
17661,1118,1077
17662,1118,748
17663,1118,1096
17664,1118,392
17665,1118,1196
17666,1118,206
17667,1118,840
17668,1118,1431
17669,1118,785
17670,1118,893
17671,1118,154
17672,1118,520
17673,1118,153
17674,1118,1554
17675,1118,1263
17676,1118,21
17677,1118,963
17678,1118,346
17679,1118,573
17680,1118,1380
17681,1118,805
17682,1118,994
17683,1118,1429
17684,1118,279
17685,1118,1619
17686,1118,1580
17687,1118,429
17688,1118,752
17689,1118,599
17690,1118,181
17691,1118,1464
17692,1118,890
17693,1118,803
17694,1118,143
17695,1118,620
17696,1118,1105
17697,1118,1156
17698,1118,1536
17699,1118,375
17700,1118,1071
17701,1118,1174
17702,1118,446
17703,1118,476
17704,1118,1149
17705,1118,1604
17706,1118,1596
17707,1118,666
17708,1118,1236
17709,1118,1504
17710,1118,177
17711,1118,750
17712,1118,575
17713,1118,523
17714,1118,825
17715,1118,489
17716,1118,821
17717,1118,1483
17718,1118,1542
17719,1118,180
17720,1118,281
17721,1118,644
17722,1118,1180
17723,1118,227
17724,1118,996
17725,1118,399
17726,1118,477
17727,1118,1260
17728,1118,313
17729,1118,641
17730,1118,681
17731,1118,36
17732,1118,1299
17733,1118,128
17734,1118,318
17735,1118,80
17736,1118,478
17737,1118,494
17738,1118,374
17739,1118,610
17740,1118,921
17741,1118,1481
17742,1118,1015
17743,1118,931
17744,1118,872
17745,1118,596
17746,1118,1026
17747,1118,1235
17748,1118,1467
17749,1118,39
17750,1118,730
17751,1118,1257
17752,1118,560
17753,1118,355
17754,1118,1003
17755,1118,776
17756,1118,1487
17757,1118,228
17758,1118,580
17759,1118,1410
17760,1118,1450
17761,1118,1064
17762,1118,775
17763,1118,258
17764,1118,1402
17765,1118,1267
17766,1118,344
17767,1118,1080
17768,1118,75
17769,1118,1137
17770,1118,1539
17771,1118,373
17772,1118,1452
17773,1118,714
17774,1118,8
17775,1118,640
17776,1118,1583
17777,1118,725
17778,1118,263
17779,1118,32
17780,1118,828
17781,1118,819
17782,1118,724
17783,1118,1367
17784,1118,288
17785,1118,203
17786,1118,109
17787,1118,156
17788,1118,1074
17789,1118,1386
17790,1118,684
17791,1118,918
17792,1118,1432
17793,1118,1095
17794,1118,926
17795,1118,400
17796,1118,102
17797,1118,1488
17798,1118,871
17799,1118,424
17800,1118,1192
17801,1118,113
17802,1118,1057
17803,1118,621
17804,1118,1111
17805,1118,993
17806,1118,120
17807,1118,251
17808,1118,1081
17809,1118,1101
17810,1118,540
17811,1118,98
17812,1118,1119
17813,1118,972
17814,1118,1479
17815,1118,271
17816,1118,1265
17817,1118,925
17818,1118,1324
17819,1118,910
17820,1118,1349
17821,1118,1207
17822,1118,719
17823,1118,1108
17824,1118,536
17825,1118,1567
17826,1118,975
17827,1118,472
17828,1118,334
17829,1118,1528
17830,1118,245
17831,1118,319
17832,1118,269
17833,1118,836
17834,1118,27
17835,1118,533
17836,1118,171
17837,1118,1245
17838,1118,556
17839,1118,1589
17840,1118,94
17841,1118,1335
17842,1118,1157
17843,1118,774
17844,1118,1009
17845,1118,309
17846,1118,1168
17847,1118,239
17848,1118,304
17849,1118,1255
17850,1118,483
17851,1118,586
17852,1118,757
17853,1118,348
17854,1118,1562
17855,1118,379
17856,1118,832
17857,1118,1505
17858,1118,978
17859,1118,507
17860,1118,380
17861,1118,1384
17862,1118,568
17863,1118,1407
17864,1118,1143
17865,1118,427
17866,1118,588
17867,1118,235
17868,1118,1610
17869,1118,1099
17870,1118,308
17871,1118,1358
17872,1118,1506
17873,1118,766
17874,1118,702
17875,1118,1238
17876,1118,1474
17877,1118,311
17878,1118,1316
17879,1118,867
17880,1118,450
17881,1118,953
17882,1118,1175
17883,1118,460
17884,1118,816
17885,1118,394
17886,1118,759
17887,1118,862
17888,1118,1
17889,1118,1415
17890,1118,1312
17891,1118,452
17892,1118,1425
17893,1118,183
17894,1118,255
17895,1118,413
17896,1118,762
17897,1118,1217
17898,1118,1056
17899,1118,468
17900,1118,1218
17901,1118,465
17902,1118,1491
17903,1118,1451
17904,1118,952
17905,1118,1307
17906,1118,934
17907,1118,166
17908,1118,1106
17909,1118,1197
17910,1118,1100
17911,1118,756
17912,1118,846
17913,1118,609
17914,1118,809
17915,1118,1276
17916,1118,658
17917,1118,1179
17918,1118,1079
17919,1118,1088
17920,1118,76
17921,1118,294
17922,1118,618
17923,1118,426
17924,1118,1222
17925,1118,280
17926,1118,1597
17927,1118,818
17928,1118,503
17929,1118,630
17930,1118,218
17931,1118,448
17932,1118,1448
17933,1118,436
17934,1118,1515
17935,1118,272
17936,1118,1304
17937,1118,1329
17938,1140,844
17939,1140,1384
17940,1140,536
17941,1140,250
17942,1140,868
17943,1140,431
17944,1140,1077
17945,1140,539
17946,1140,921
17947,1140,625
17948,1140,20
17949,1140,899
17950,1140,1019
17951,1140,197
17952,1140,51
17953,1140,282
17954,1140,1176
17955,1140,217
17956,1140,1351
17957,1140,1143
17958,1140,876
17959,1140,1499
17960,1140,887
17961,1140,703
17962,1140,468
17963,1140,924
17964,1140,1449
17965,1140,1391
17966,1140,657
17967,1140,335
17968,1140,222
17969,1140,824
17970,1140,938
17971,1140,704
17972,1140,1472
17973,1140,1314
17974,1140,1560
17975,1140,346
17976,1140,31
17977,1140,974
17978,1140,1362
17979,1140,882
17980,1140,364
17981,1140,25
17982,1140,855
17983,1140,359
17984,1140,1542
17985,1140,986
17986,1140,1007
17987,1140,784
17988,1140,226
17989,1140,64
17990,1140,594
17991,1140,948
17992,1140,1079
17993,1140,1103
17994,1140,121
17995,1140,1263
17996,1140,507
17997,1140,198
17998,1140,452
17999,1140,491
18000,1140,409
18001,1140,82
18002,1140,934
18003,1140,1223
18004,1140,1535
18005,1140,532
18006,1140,1353
18007,1140,315
18008,1140,400
18009,1140,356
18010,1140,449
18011,1140,1349
18012,1140,47
18013,1140,1020
18014,1140,1585
18015,1140,1374
18016,1140,1221
18017,1140,1186
18018,1140,337
18019,1140,30
18020,1140,307
18021,1140,670
18022,1140,1540
18023,1140,234
18024,1140,796
18025,1140,1174
18026,1140,383
18027,1140,866
18028,1140,1373
18029,1140,1502
18030,1140,394
18031,1140,69
18032,1140,1579
18033,1140,1584
18034,1140,244
18035,1140,1597
18036,1140,1054
18037,1140,45
18038,1140,17
18039,1140,271
18040,1140,74
18041,1140,1287
18042,1140,880
18043,1140,248
18044,1140,1424
18045,1140,1545
18046,1140,676
18047,1140,342
18048,1140,549
18049,1140,76
18050,1140,1061
18051,1140,177
18052,1140,155
18053,1140,543
18054,1140,1483
18055,1140,308
18056,1140,266
18057,1140,808
18058,1140,787
18059,1140,1139
18060,1140,530
18061,1140,349
18062,1140,351
18063,1140,1078
18064,1140,1414
18065,1140,1536
18066,1140,1146
18067,1140,892
18068,1140,1050
18069,1140,1265
18070,1140,1451
18071,1140,373
18072,1140,22
18073,1140,745
18074,1140,1286
18075,1140,1423
18076,1140,527
18077,1140,541
18078,1140,1242
18079,1140,932
18080,1140,1024
18081,1140,733
18082,1140,1153
18083,1140,942
18084,1140,915
18085,1140,350
18086,1140,1187
18087,1140,872
18088,1140,1023
18089,1140,115
18090,1140,80
18091,1140,687
18092,1140,1301
18093,1140,1095
18094,1140,556
18095,1140,1566
18096,1140,264
18097,1140,988
18098,1140,1312
18099,1140,1043
18100,1140,1028
18101,1140,429
18102,1140,305
18103,1140,1194
18104,1140,316
18105,1140,183
18106,1140,633
18107,1140,1332
18108,1140,976
18109,1140,171
18110,1140,1404
18111,1140,26
18112,1140,927
18113,1140,1288
18114,1140,576
18115,1140,480
18116,1140,474
18117,1140,148
18118,1140,791
18119,1140,1044
18120,1140,186
18121,1140,526
18122,1140,279
18123,1140,702
18124,1140,206
18125,1140,1413
18126,1140,247
18127,1140,334
18128,1140,1108
18129,1140,628
18130,1140,1247
18131,1140,105
18132,1140,662
18133,1140,107
18134,1140,719
18135,1140,147
18136,1140,635
18137,1140,722
18138,1140,1562
18139,1140,1486
18140,1140,815
18141,1140,1106
18142,1140,789
18143,1140,1184
18144,1140,401
18145,1140,961
18146,1140,1289
18147,1140,1447
18148,1140,1025
18149,1140,1580
18150,1140,1368
18151,1140,831
18152,1140,591
18153,1140,774
18154,1140,1161
18155,1140,952
18156,1140,998
18157,1140,1570
18158,1140,1279
18159,1140,560
18160,1140,1345
18161,1140,260
18162,1140,111
18163,1140,919
18164,1140,194
18165,1140,1137
18166,1140,18
18167,1140,445
18168,1140,1444
18169,1140,717
18170,1140,367
18171,1140,566
18172,1140,1236
18173,1140,578
18174,1140,1010
18175,1140,968
18176,1140,1298
18177,1140,1268
18178,1140,1563
18179,1140,720
18180,1140,1610
18181,1140,1034
18182,1140,608
18183,1140,603
18184,1140,929
18185,1140,661
18186,1140,273
18187,1140,552
18188,1140,215
18189,1140,1055
18190,1140,517
18191,1140,502
18192,1140,288
18193,1140,762
18194,1140,291
18195,1140,1515
18196,1140,152
18197,1140,478
18198,1140,1130
18199,1140,460
18200,1140,1432
18201,1140,68
18202,1140,1406
18203,1140,1588
18204,1140,1342
18205,1140,588
18206,1140,1127
18207,1140,1541
18208,1140,333
18209,1140,303
18210,1140,133
18211,1140,1569
18212,1140,1533
18213,1140,1450
18214,1140,1094
18215,1140,388
18216,1140,296
18217,1140,1285
18218,1140,1476
18219,1140,547
18220,1140,828
18221,1140,716
18222,1140,156
18223,1140,686
18224,1140,470
18225,1140,1076
18226,1140,553
18227,1140,380
18228,1140,1107
18229,1140,1387
18230,1140,1222
18231,1140,970
18232,1140,767
18233,1140,707
18234,1140,1060
18235,1140,1080
18236,1140,630
18237,1140,268
18238,1140,615
18239,1140,1026
18240,1140,328
18241,1140,481
18242,1140,1409
18243,1140,1443
18244,1140,1207
18245,1140,249
18246,1140,906
18247,1140,230
18248,1140,1596
18249,1140,1257
18250,1140,402
18251,1140,726
18252,1140,355
18253,1140,682
18254,1140,772
18255,1140,392
18256,1140,344
18257,1140,245
18258,1140,809
18259,1140,616
18260,1140,763
18261,1140,224
18262,1140,1100
18263,1140,619
18264,1140,736
18265,1140,1239
18266,1140,1258
18267,1140,1504
18268,1140,928
18269,1140,773
18270,1140,977
18271,1140,1497
18272,1140,465
18273,1140,1394
18274,1140,1382
18275,1140,185
18276,1140,519
18277,1140,1035
18278,1140,935
18279,1140,1553
18280,1140,348
18281,1140,1147
18282,1140,1087
18283,1140,366
18284,1140,1378
18285,1140,1468
18286,1140,208
18287,1140,979
18288,1140,1516
18289,1140,1154
18290,1140,963
18291,1140,679
18292,1140,1317
18293,1140,561
18294,1140,718
18295,1140,1511
18296,1140,72
18297,1140,1388
18298,1140,1029
18299,1140,1316
18300,1140,916
18301,1140,730
18302,1140,612
18303,1140,471
18304,1140,1217
18305,1140,649
18306,1140,414
18307,1140,590
18308,1140,301
18309,1140,174
18310,1140,1032
18311,1140,276
18312,1140,255
18313,1140,1528
18314,1140,677
18315,1140,1158
18316,1140,1093
18317,1140,1033
18318,1140,571
18319,1140,853
18320,1140,1208
18321,1140,760
18322,1140,423
18323,1140,358
18324,1140,263
18325,1140,1352
18326,1140,1262
18327,1140,376
18328,1140,814
18329,1140,327
18330,1140,1470
18331,1140,62
18332,1140,325
18333,1140,1520
18334,1140,1196
18335,1140,818
18336,1140,1022
18337,1140,873
18338,1140,953
18339,1140,1531
18340,1140,390
18341,1140,492
18342,1140,647
18343,1140,1366
18344,1140,112
18345,1140,1199
18346,1140,290
18347,1140,1276
18348,1140,1517
18349,1140,101
18350,1140,1331
18351,1140,830
18352,1140,712
18353,1140,240
18354,1140,1564
18355,1140,954
18356,1140,1
18357,1140,1434
18358,1140,592
18359,1140,1122
18360,1140,1230
18361,1140,1491
18362,1140,1506
18363,1140,1235
18364,1140,1558
18365,1140,39
18366,1140,63
18367,1140,1042
18368,1140,1133
18369,1140,964
18370,1140,1012
18371,1140,141
18372,1140,803
18373,1140,1354
18374,1140,1151
18375,1140,371
18376,1140,945
18377,1140,142
18378,1140,1000
18379,1140,1164
18380,1140,1615
18381,1140,714
18382,1140,1248
18383,1140,1403
18384,1140,659
18385,1140,485
18386,1140,645
18387,1140,642
18388,1140,499
18389,1140,1431
18390,1140,756
18391,1140,523
18392,1140,1013
18393,1140,1192
18394,1140,1380
18395,1140,259
18396,1140,424
18397,1140,57
18398,1140,812
18399,1140,1180
18400,1140,1027
18401,1140,626
18402,1140,826
18403,1140,990
18404,1140,1532
18405,1140,918
18406,1140,238
18407,1140,87
18408,1140,865
18409,1140,638
18410,1140,1355
18411,1140,546
18412,1140,1392
18413,1140,1004
18414,1140,1084
18415,1140,1202
18416,1140,1091
18417,1140,144
18418,1140,336
18419,1140,403
18420,1140,740
18421,1140,1347
18422,1140,1071
18423,1140,1475
18424,1140,90
18425,1140,1493
18426,1140,49
18427,1140,1162
18428,1140,118
18429,1140,293
18430,1140,1215
18431,1140,158
18432,1140,1102
18433,1140,1604
18434,1140,777
18435,1140,1559
18436,1140,1171
18437,1140,834
18438,1140,98
18439,1140,203
18440,1140,769
18441,1140,1121
18442,1140,1556
18443,1140,447
18444,1140,284
18445,1140,65
18446,1140,1509
18447,1140,1040
18448,1140,235
18449,1140,1293
18450,1140,753
18451,1140,1089
18452,1140,113
18453,1140,951
18454,1140,1269
18455,1140,1324
18456,1140,1169
18457,1140,1593
18458,1140,228
18459,1140,1138
18460,1140,1608
18461,1140,573
18462,1140,418
18463,1140,1462
18464,1140,1525
18465,1140,1163
18466,1140,1397
18467,1140,44
18468,1140,173
18469,1140,513
18470,1140,544
18471,1140,432
18472,1140,1290
18473,1140,1524
18474,1140,1253
18475,1140,666
18476,1140,1274
18477,1140,489
18478,1140,1407
18479,1140,862
18480,1140,97
18481,1140,384
18482,1140,1481
18483,1140,1292
18484,1140,1466
18485,1140,1072
18486,1140,1232
18487,1140,200
18488,1140,913
18489,1140,1425
18490,1140,1132
18491,1140,67
18492,1140,438
18493,1140,466
18494,1140,1185
18495,1140,577
18496,1140,153
18497,1140,937
18498,1140,1250
18499,1140,959
18500,1140,985
18501,1140,903
18502,1140,1364
18503,1140,1203
18504,1140,693
18505,1140,765
18506,1140,1612
18507,1140,1369
18508,1140,759
18509,1140,837
18510,1140,537
18511,1140,372
18512,1140,989
18513,1140,184
18514,1140,1056
18515,1140,1479
18516,1140,1518
18517,1140,684
18518,1140,114
18519,1140,1064
18520,1140,1002
18521,1140,1619
18522,1140,696
18523,1140,623
18524,1140,1152
18525,1140,840
18526,1140,319
18527,1140,1567
18528,1140,1115
18529,1140,357
18530,1140,640
18531,1140,1021
18532,1140,975
18533,1140,365
18534,1140,1234
18535,1140,1074
18536,1140,804
18537,1140,54
18538,1140,520
18539,1140,1446
18540,1140,1527
18541,1140,858
18542,1140,295
18543,1140,369
18544,1140,683
18545,1140,1041
18546,1140,1059
18547,1140,905
18548,1140,1358
18549,1140,893
18550,1140,1126
18551,1140,969
18552,1140,848
18553,1140,339
18554,1140,280
18555,1140,415
18556,1140,297
18557,1140,533
18558,1140,500
18559,1140,510
18560,1140,1547
18561,1140,1030
18562,1140,1583
18563,1140,1218
18564,1140,854
18565,1140,128
18566,1140,1575
18567,1140,727
18568,1140,597
18569,1140,1264
18570,1140,320
18571,1140,859
18572,1140,427
18573,1140,871
18574,1140,715
18575,1140,503
18576,1140,1510
18577,1140,145
18578,1140,1508
18579,1140,1437
18580,1140,1125
18581,1140,139
18582,1140,455
18583,1140,652
18584,1140,1096
18585,1140,412
18586,1140,205
18587,1140,755
18588,1140,910
18589,1140,917
18590,1140,768
18591,1140,1319
18592,1140,1401
18593,1140,1568
18594,1140,1359
18595,1140,463
18596,1140,1068
18597,1140,1244
18598,1140,926
18599,1140,479
18600,1140,1574
18601,1140,593
18602,1140,572
18603,1140,1333
18604,1140,849
18605,1140,469
18606,1140,1489
18607,1140,634
18608,1140,1150
18609,1140,967
18610,1140,1335
18611,1140,1039
18612,1140,146
18613,1140,563
18614,1140,209
18615,1140,1136
18616,1140,14
18617,1140,1297
18618,1140,609
18619,1140,1038
18620,1140,1075
18621,1140,24
18622,1140,1480
18623,1140,1400
18624,1140,322
18625,1140,398
18626,1140,1454
18627,1140,1241
18628,1140,385
18629,1140,671
18630,1140,982
18631,1140,254
18632,1140,965
18633,1140,353
18634,1159,291
18635,1159,156
18636,1159,523
18637,1159,883
18638,1159,918
18639,1159,478
18640,1159,1539
18641,1159,528
18642,1159,816
18643,1159,907
18644,1159,976
18645,1159,666
18646,1159,1380
18647,1159,858
18648,1159,1064
18649,1159,144
18650,1159,469
18651,1159,1480
18652,1159,1347
18653,1159,38
18654,1159,853
18655,1159,62
18656,1159,503
18657,1159,828
18658,1159,436
18659,1159,700
18660,1159,1134
18661,1159,32
18662,1159,703
18663,1159,458
18664,1159,416
18665,1159,727
18666,1159,946
18667,1159,359
18668,1159,111
18669,1159,626
18670,1159,1176
18671,1159,27
18672,1159,1302
18673,1159,530
18674,1159,1076
18675,1159,1406
18676,1159,1341
18677,1159,719
18678,1159,1335
18679,1159,1540
18680,1159,1531
18681,1159,1483
18682,1159,1060
18683,1159,958
18684,1159,784
18685,1159,1400
18686,1159,44
18687,1159,146
18688,1159,375
18689,1159,692
18690,1159,535
18691,1159,568
18692,1159,256
18693,1159,482
18694,1159,103
18695,1159,589
18696,1159,1464
18697,1159,1328
18698,1159,1155
18699,1159,1037
18700,1159,451
18701,1159,1105
18702,1159,385
18703,1159,534
18704,1159,7
18705,1159,1096
18706,1159,131
18707,1159,66
18708,1159,1573
18709,1159,992
18710,1159,934
18711,1159,125
18712,1159,1479
18713,1159,1203
18714,1159,1146
18715,1159,765
18716,1159,1228
18717,1159,332
18718,1159,872
18719,1159,1450
18720,1159,967
18721,1159,636
18722,1159,599
18723,1159,843
18724,1159,1071
18725,1159,264
18726,1159,866
18727,1159,1342
18728,1174,699
18729,1174,82
18730,1174,821
18731,1174,1287
18732,1174,1175
18733,1174,1196
18734,1174,144
18735,1212,715
18736,1212,1005
18737,1212,99
18738,1212,225
18739,1212,374
18740,1212,826
18741,1212,1139
18742,1212,1187
18743,1212,258
18744,1212,485
18745,1212,398
18746,1212,867
18747,1212,1021
18748,1212,825
18749,1212,57
18750,1212,1380
18751,1212,332
18752,1212,1014
18753,1212,450
18754,1212,403
18755,1212,527
18756,1212,948
18757,1212,1300
18758,1212,1359
18759,1212,278
18760,1212,366
18761,1212,140
18762,1212,1367
18763,1212,481
18764,1212,812
18765,1212,1461
18766,1212,1273
18767,1212,557
18768,1212,699
18769,1212,573
18770,1212,317
18771,1212,422
18772,1212,650
18773,1212,959
18774,1212,284
18775,1212,1061
18776,1212,1508
18777,1212,1553
18778,1212,864
18779,1212,180
18780,1212,38
18781,1212,1330
18782,1212,342
18783,1212,702
18784,1212,197
18785,1212,1208
18786,1212,889
18787,1212,585
18788,1212,705
18789,1212,777
18790,1212,362
18791,1212,1003
18792,1212,1101
18793,1212,834
18794,1212,306
18795,1212,985
18796,1212,445
18797,1212,530
18798,1212,848
18799,1212,1465
18800,1212,1239
18801,1212,58
18802,1212,464
18803,1212,991
18804,1212,808
18805,1212,1389
18806,1212,28
18807,1212,446
18808,1212,1615
18809,1212,829
18810,1212,457
18811,1212,596
18812,1212,1163
18813,1212,1145
18814,1212,339
18815,1212,262
18816,1212,1009
18817,1212,1118
18818,1212,467
18819,1212,1390
18820,1212,1535
18821,1212,801
18822,1212,1122
18823,1212,871
18824,1212,250
18825,1212,452
18826,1242,1228
18827,1242,523
18828,1242,1347
18829,1242,1470
18830,1242,1392
18831,1242,10
18832,1242,1299
18833,1242,260
18834,1242,14
18835,1242,1615
18836,1242,33
18837,1242,45
18838,1242,385
18839,1242,1496
18840,1242,599
18841,1242,519
18842,1242,626
18843,1242,1442
18844,1242,326
18845,1242,333
18846,1242,1609
18847,1242,1362
18848,1242,200
18849,1242,1209
18850,1242,465
18851,1242,481
18852,1242,848
18853,1242,503
18854,1242,251
18855,1242,1196
18856,1242,332
18857,1242,1428
18858,1242,1075
18859,1242,1090
18860,1242,64
18861,1242,245
18862,1242,1560
18863,1242,322
18864,1242,301
18865,1242,183
18866,1242,615
18867,1242,1080
18868,1242,1468
18869,1242,907
18870,1242,336
18871,1242,477
18872,1242,1272
18873,1242,1084
18874,1242,1573
18875,1242,1074
18876,1242,738
18877,1242,939
18878,1242,853
18879,1242,1530
18880,1242,1485
18881,1242,1239
18882,1242,690
18883,1242,1265
18884,1242,201
18885,1242,965
18886,1242,369
18887,1242,1131
18888,1242,667
18889,1242,824
18890,1242,1432
18891,1242,560
18892,1242,432
18893,1242,1549
18894,1242,924
18895,1242,777
18896,1242,804
18897,1242,1306
18898,1242,1503
18899,1242,1297
18900,1242,261
18901,1242,807
18902,1242,825
18903,1242,1139
18904,1242,424
18905,1242,897
18906,1242,882
18907,1242,452
18908,1242,448
18909,1242,1446
18910,1242,328
18911,1242,144
18912,1242,379
18913,1242,449
18914,1242,247
18915,1242,693
18916,1242,873
18917,1242,1088
18918,1242,115
18919,1242,1248
18920,1242,893
18921,1242,1004
18922,1242,297
18923,1242,1199
18924,1242,32
18925,1242,1420
18926,1242,886
18927,1242,1015
18928,1242,1311
18929,1242,881
18930,1242,122
18931,1242,135
18932,1242,1108
18933,1242,414
18934,1242,1330
18935,1242,1423
18936,1242,1256
18937,1242,506
18938,1242,306
18939,1242,1226
18940,1242,796
18941,1242,376
18942,1242,988
18943,1242,808
18944,1242,1604
18945,1242,1103
18946,1242,65
18947,1242,803
18948,1242,240
18949,1242,671
18950,1242,537
18951,1242,429
18952,1242,930
18953,1242,876
18954,1242,1146
18955,1242,752
18956,1242,1545
18957,1242,829
18958,1242,591
18959,1242,107
18960,1242,938
18961,1242,1534
18962,1242,266
18963,1242,782
18964,1242,1127
18965,1242,910
18966,1242,350
18967,1242,360
18968,1242,566
18969,1242,785
18970,1242,221
18971,1242,1487
18972,1242,1449
18973,1242,936
18974,1242,959
18975,1242,1522
18976,1242,483
18977,1242,268
18978,1242,498
18979,1242,1141
18980,1242,1475
18981,1242,62
18982,1242,647
18983,1242,447
18984,1242,1359
18985,1242,657
18986,1242,199
18987,1242,1388
18988,1242,642
18989,1242,612
18990,1242,585
18991,1242,1138
18992,1242,1178
18993,1242,995
18994,1242,1411
18995,1242,542
18996,1242,815
18997,1242,563
18998,1242,439
18999,1242,131
19000,1242,834
19001,1242,940
19002,1242,1003
19003,1242,704
19004,1242,1082
19005,1242,1566
19006,1242,994
19007,1242,445
19008,1242,1511
19009,1242,1292
19010,1242,1238
19011,1242,869
19012,1242,490
19013,1242,958
19014,1242,794
19015,1242,584
19016,1242,460
19017,1242,972
19018,1242,1071
19019,1242,1469
19020,1242,203
19021,1242,623
19022,1242,244
19023,1242,1453
19024,1242,733
19025,1242,1024
19026,1242,660
19027,1242,1568
19028,1242,1068
19029,1242,342
19030,1242,1034
19031,1242,630
19032,1242,775
19033,1242,558
19034,1242,1339
19035,1242,832
19036,1242,145
19037,1242,993
19038,1242,219
19039,1242,254
19040,1242,466
19041,1242,998
19042,1242,178
19043,1242,275
19044,1242,1386
19045,1242,985
19046,1242,171
19047,1242,1043
19048,1242,1617
19049,1242,905
19050,1242,1515
19051,1242,38
19052,1242,1258
19053,1242,1221
19054,1242,625
19055,1242,1612
19056,1242,185
19057,1242,1168
19058,1242,868
19059,1242,887
19060,1242,1192
19061,1242,1130
19062,1242,773
19063,1242,380
19064,1242,1358
19065,1242,256
19066,1242,840
19067,1242,408
19068,1242,311
19069,1242,418
19070,1242,550
19071,1242,830
19072,1242,771
19073,1242,977
19074,1242,552
19075,1242,1267
19076,1242,927
19077,1242,709
19078,1242,822
19079,1242,186
19080,1242,798
19081,1242,556
19082,1242,851
19083,1242,1077
19084,1242,196
19085,1242,759
19086,1242,1268
19087,1242,383
19088,1242,969
19089,1242,259
19090,1242,317
19091,1242,1154
19092,1242,298
19093,1242,269
19094,1242,978
19095,1242,710
19096,1242,294
19097,1242,1410
19098,1242,1519
19099,1242,760
19100,1242,1391
19101,1242,1413
19102,1242,177
19103,1242,975
19104,1242,828
19105,1242,1298
19106,1242,1304
19107,1242,1164
19108,1242,691
19109,1242,1431
19110,1242,1528
19111,1242,373
19112,1242,1113
19113,1242,1281
19114,1242,1274
19115,1242,165
19116,1242,1509
19117,1242,78
19118,1242,1477
19119,1242,1462
19120,1242,1585
19121,1242,578
19122,1242,1559
19123,1242,188
19124,1242,204
19125,1242,858
19126,1242,120
19127,1242,1100
19128,1242,422
19129,1242,1476
19130,1242,1458
19131,1242,603
19132,1242,1378
19133,1242,1150
19134,1242,463
19135,1242,755
19136,1242,365
19137,1242,316
19138,1242,1260
19139,1242,264
19140,1242,745
19141,1242,637
19142,1242,423
19143,1242,71
19144,1242,1593
19145,1242,1505
19146,1242,70
19147,1242,24
19148,1242,692
19149,1242,1491
19150,1242,1384
19151,1242,971
19152,1242,1094
19153,1242,1114
19154,1242,1596
19155,1242,450
19156,1242,1072
19157,1242,983
19158,1242,778
19159,1242,1176
19160,1242,1033
19161,1242,146
19162,1242,1584
19163,1242,37
19164,1242,258
19165,1242,1424
19166,1242,8
19167,1242,916
19168,1242,967
19169,1242,1078
19170,1242,390
19171,1242,1588
19172,1242,415
19173,1242,979
19174,1242,195
19175,1242,1257
19176,1242,883
19177,1242,1520
19178,1242,1497
19179,1242,1089
19180,1242,494
19181,1242,1341
19182,1242,1598
19183,1242,766
19184,1242,344
19185,1242,681
19186,1242,520
19187,1242,411
19188,1242,1013
19189,1242,284
19190,1242,1478
19191,1242,303
19192,1242,788
19193,1242,716
19194,1242,250
19195,1242,426
19196,1242,914
19197,1242,66
19198,1242,837
19199,1242,966
19200,1242,1576
19201,1242,398
19202,1242,549
19203,1242,963
19204,1242,367
19205,1242,1099
19206,1242,925
19207,1242,1415
19208,1242,536
19209,1242,1250
19210,1242,1206
19211,1242,235
19212,1242,227
19213,1242,934
19214,1242,683
19215,1242,1394
19216,1242,1159
19217,1242,1333
19218,1242,996
19219,1242,1044
19220,1242,474
19221,1242,607
19222,1242,69
19223,1242,318
19224,1242,547
19225,1242,661
19226,1242,582
19227,1242,1132
19228,1242,242
19229,1242,1508
19230,1242,718
19231,1242,1059
19232,1242,1535
19233,1242,1023
19234,1242,756
19235,1242,1275
19236,1242,255
19237,1242,805
19238,1242,409
19239,1242,1387
19240,1242,179
19241,1242,137
19242,1242,1541
19243,1242,133
19244,1242,1122
19245,1242,633
19246,1242,156
19247,1242,1440
19248,1242,92
19249,1242,226
19250,1242,1619
19251,1242,799
19252,1242,1547
19253,1242,1434
19254,1242,694
19255,1242,1301
19256,1242,1474
19257,1242,1096
19258,1242,464
19259,1242,1029
19260,1242,1329
19261,1242,1030
19262,1242,357
19263,1242,282
19264,1242,410
19265,1242,279
19266,1242,230
19267,1242,1557
19268,1242,1574
19269,1242,114
19270,1242,1437
19271,1242,767
19272,1242,859
19273,1242,1191
19274,1242,180
19275,1242,861
19276,1242,629
19277,1242,1583
19278,1242,35
19279,1242,880
19280,1242,229
19281,1242,572
19282,1242,1366
19283,1242,926
19284,1242,57
19285,1242,1009
19286,1242,249
19287,1242,1064
19288,1242,1125
19289,1242,60
19290,1242,620
19291,1242,866
19292,1242,407
19293,1242,366
19294,1242,399
19295,1242,1143
19296,1242,372
19297,1242,359
19298,1242,695
19299,1242,1016
19300,1242,1136
19301,1242,25
19302,1242,167
19303,1242,1093
19304,1242,1027
19305,1242,867
19306,1242,573
19307,1242,731
19308,1242,753
19309,1242,974
19310,1242,730
19311,1242,727
19312,1242,1245
19313,1242,488
19314,1242,904
19315,1242,1264
19316,1242,1342
19317,1242,63
19318,1242,1354
19319,1242,1293
19320,1242,568
19321,1242,1578
19322,1242,26
19323,1242,1587
19324,1242,1188
19325,1242,915
19326,1242,725
19327,1242,436
19328,1242,18
19329,1242,608
19330,1242,1500
19331,1242,471
19332,1242,1368
19333,1242,1346
19334,1242,1107
19335,1242,701
19336,1242,1399
19337,1242,644
19338,1242,1382
19339,1242,670
19340,1242,1479
19341,1242,942
19342,1242,402
19343,1242,650
19344,1242,628
19345,1242,726
19346,1242,722
19347,1242,1032
19348,1242,872
19349,1242,1540
19350,1242,1152
19351,1242,1531
19352,1242,1005
19353,1242,1151
19354,1242,1197
19355,1242,500
19356,1242,416
19357,1242,76
19358,1242,1567
19359,1242,72
19360,1242,228
19361,1242,928
19362,1242,1608
19363,1242,1375
19364,1242,406
19365,1242,1448
19366,1242,1061
19367,1242,1486
19368,1242,1057
19369,1242,1324
19370,1242,51
19371,1242,468
19372,1242,412
19373,1242,841
19374,1242,565
19375,1242,1054
19376,1242,1451
19377,1242,703
19378,1242,1373
19379,1242,358
19380,1242,706
19381,1242,1374
19382,1242,1207
19383,1242,351
19384,1242,478
19385,1242,1133
19386,1242,1137
19387,1242,717
19388,1242,1236
19389,1242,1430
19390,1242,1271
19391,1242,375
19392,1242,50
19393,1242,1363
19394,1242,208
19395,1242,1389
19396,1242,74
19397,1242,932
19398,1242,67
19399,1242,833
19400,1242,142
19401,1242,194
19402,1242,1060
19403,1242,826
19404,1242,1405
19405,1242,1379
19406,1242,1480
19407,1242,1355
19408,1242,641
19409,1242,676
19410,1242,134
19411,1242,22
19412,1242,1202
19413,1242,438
19414,1242,818
19415,1242,634
19416,1242,686
19417,1242,1246
19418,1242,304
19419,1242,976
19420,1242,1235
19421,1242,1025
19422,1242,1572
19423,1242,648
19424,1242,43
19425,1242,553
19426,1242,191
19427,1242,865
19428,1242,961
19429,1242,949
19430,1242,507
19431,1242,1218
19432,1242,102
19433,1242,1050
19434,1242,763
19435,1242,1241
19436,1242,817
19437,1242,991
19438,1242,986
19439,1242,1187
19440,1242,1603
19441,1242,363
19442,1242,751
19443,1242,58
19444,1242,388
19445,1242,1483
19446,1242,831
19447,1242,315
19448,1242,98
19449,1242,1518
19450,1242,1180
19451,1242,320
19452,1242,125
19453,1242,811
19454,1242,1234
19455,1242,1307
19456,1242,838
19457,1242,210
19458,1242,441
19459,1242,1222
19460,1242,308
19461,1242,801
19462,1242,1037
19463,1242,1091
19464,1242,1251
19465,1242,1041
19466,1242,248
19467,1242,257
19468,1242,533
19469,1242,1175
19470,1242,619
19471,1242,1134
19472,1242,864
19473,1242,1489
19474,1242,1106
19475,1242,1326
19476,1242,1553
19477,1242,480
19478,1242,1345
19479,1242,1316
19480,1242,1364
19481,1242,668
19482,1242,1012
19483,1242,31
19484,1244,10
19485,1244,545
19486,1244,29
19487,1244,1265
19488,1244,1280
19489,1244,1202
19490,1244,1002
19491,1244,973
19492,1244,43
19493,1244,1203
19494,1244,115
19495,1244,268
19496,1244,1285
19497,1244,627
19498,1244,1076
19499,1244,533
19500,1244,432
19501,1244,246
19502,1244,1401
19503,1244,1299
19504,1244,821
19505,1244,1363
19506,1244,380
19507,1244,1573
19508,1244,822
19509,1244,1253
19510,1244,1028
19511,1244,978
19512,1244,80
19513,1244,362
19514,1244,698
19515,1244,748
19516,1244,245
19517,1244,212
19518,1244,1220
19519,1244,1521
19520,1244,966
19521,1244,332
19522,1244,511
19523,1244,1263
19524,1244,364
19525,1244,414
19526,1244,1426
19527,1244,1034
19528,1244,1497
19529,1244,1557
19530,1244,532
19531,1244,366
19532,1244,704
19533,1244,266
19534,1244,646
19535,1244,1279
19536,1244,849
19537,1244,1346
19538,1244,450
19539,1244,980
19540,1244,87
19541,1244,1591
19542,1244,468
19543,1244,1147
19544,1244,736
19545,1244,537
19546,1244,1260
19547,1244,990
19548,1244,222
19549,1244,1256
19550,1244,1266
19551,1244,233
19552,1244,1183
19553,1244,1365
19554,1244,1262
19555,1244,898
19556,1244,1038
19557,1244,353
19558,1244,1581
19559,1244,676
19560,1244,1037
19561,1244,474
19562,1244,1575
19563,1244,609
19564,1244,1611
19565,1244,1247
19566,1244,314
19567,1244,123
19568,1244,361
19569,1244,611
19570,1244,49
19571,1244,1491
19572,1244,871
19573,1244,1079
19574,1244,185
19575,1244,1485
19576,1244,1090
19577,1244,1239
19578,1244,101
19579,1244,1287
19580,1244,1082
19581,1244,155
19582,1244,121
19583,1244,546
19584,1244,724
19585,1244,637
19586,1244,1307
19587,1244,1068
19588,1244,1099
19589,1244,24
19590,1244,143
19591,1244,624
19592,1244,1064
19593,1244,1580
19594,1244,133
19595,1244,753
19596,1244,1226
19597,1244,626
19598,1244,179
19599,1244,875
19600,1244,1066
19601,1244,1479
19602,1244,370
19603,1244,356
19604,1244,1413
19605,1244,1095
19606,1244,633
19607,1244,403
19608,1244,158
19609,1244,1151
19610,1244,712
19611,1244,215
19612,1244,593
19613,1244,1444
19614,1244,1417
19615,1244,694
19616,1244,536
19617,1244,480
19618,1244,1196
19619,1244,1164
19620,1244,1303
19621,1244,1218
19622,1244,112
19623,1244,707
19624,1244,1232
19625,1244,1553
19626,1244,897
19627,1244,1341
19628,1244,578
19629,1244,630
19630,1244,197
19631,1244,1057
19632,1244,1435
19633,1244,1496
19634,1244,1122
19635,1244,788
19636,1244,1071
19637,1244,483
19638,1244,1560
19639,1244,1376
19640,1244,1458
19641,1244,166
19642,1244,607
19643,1244,235
19644,1244,1245
19645,1244,1410
19646,1244,1208
19647,1244,983
19648,1244,224
19649,1244,1093
19650,1244,616
19651,1244,1087
19652,1244,529
19653,1244,1310
19654,1244,1355
19655,1244,107
19656,1244,1230
19657,1244,1427
19658,1244,0
19659,1244,1326
19660,1244,457
19661,1244,696
19662,1244,1270
19663,1244,1520
19664,1244,1357
19665,1244,221
19666,1244,1116
19667,1244,899
19668,1244,393
19669,1244,719
19670,1244,502
19671,1244,1173
19672,1244,127
19673,1244,858
19674,1244,285
19675,1244,308
19676,1244,526
19677,1244,1358
19678,1244,766
19679,1244,205
19680,1244,65
19681,1244,701
19682,1244,1206
19683,1244,255
19684,1244,667
19685,1244,178
19686,1244,612
19687,1244,177
19688,1244,829
19689,1244,655
19690,1244,497
19691,1244,326
19692,1244,693
19693,1244,320
19694,1244,47
19695,1244,174
19696,1244,147
19697,1244,258
19698,1244,1532
19699,1244,14
19700,1244,1149
19701,1244,744
19702,1244,1452
19703,1244,146
19704,1244,1501
19705,1244,120
19706,1244,1293
19707,1244,1418
19708,1244,1348
19709,1244,615
19710,1244,1055
19711,1244,652
19712,1244,439
19713,1244,460
19714,1244,1033
19715,1244,56
19716,1244,944
19717,1244,1421
19718,1244,1108
19719,1244,620
19720,1244,1503
19721,1244,63
19722,1244,700
19723,1244,659
19724,1244,1469
19725,1244,971
19726,1244,1574
19727,1244,1139
19728,1244,883
19729,1244,749
19730,1244,1192
19731,1244,303
19732,1244,691
19733,1244,1215
19734,1244,984
19735,1244,539
19736,1244,201
19737,1244,184
19738,1244,862
19739,1244,648
19740,1244,44
19741,1244,852
19742,1244,865
19743,1244,625
19744,1244,22
19745,1244,449
19746,1244,302
19747,1244,118
19748,1244,297
19749,1244,219
19750,1244,582
19751,1244,340
19752,1244,805
19753,1244,1559
19754,1244,274
19755,1244,634
19756,1244,861
19757,1244,1080
19758,1244,181
19759,1244,494
19760,1244,1349
19761,1244,568
19762,1244,1255
19763,1244,767
19764,1244,1330
19765,1244,523
19766,1244,89
19767,1244,11
19768,1244,778
19769,1244,709
19770,1244,974
19771,1244,62
19772,1244,866
19773,1244,887
19774,1244,352
19775,1244,1536
19776,1244,1118
19777,1244,998
19778,1244,771
19779,1244,926
19780,1244,1275
19781,1244,1424
19782,1244,958
19783,1244,1564
19784,1244,1386
19785,1244,1088
19786,1244,1107
19787,1244,833
19788,1244,391
19789,1244,71
19790,1244,1528
19791,1244,558
19792,1244,968
19793,1244,1429
19794,1244,1101
19795,1244,1539
19796,1244,360
19797,1244,503
19798,1244,507
19799,1244,167
19800,1244,1400
19801,1244,1168
19802,1244,891
19803,1244,1103
19804,1244,209
19805,1244,1567
19806,1244,942
19807,1244,1094
19808,1244,28
19809,1244,770
19810,1244,1096
19811,1244,1069
19812,1244,1314
19813,1244,851
19814,1244,929
19815,1244,458
19816,1244,1498
19817,1244,409
19818,1244,422
19819,1244,520
19820,1244,105
19821,1244,1163
19822,1244,1185
19823,1244,1324
19824,1244,1379
19825,1244,1407
19826,1244,666
19827,1244,581
19828,1244,603
19829,1244,684
19830,1244,1517
19831,1244,306
19832,1244,1411
19833,1244,683
19834,1244,573
19835,1244,1268
19836,1244,1327
19837,1244,399
19838,1244,1511
19839,1244,1131
19840,1244,1342
19841,1244,1010
19842,1244,854
19843,1244,714
19844,1244,230
19845,1244,1026
19846,1244,1207
19847,1244,1439
19848,1244,961
19849,1244,940
19850,1244,956
19851,1244,1271
19852,1244,949
19853,1244,1500
19854,1244,1065
19855,1244,932
19856,1244,165
19857,1244,1235
19858,1244,628
19859,1244,1145
19860,1244,1217
19861,1244,1030
19862,1244,636
19863,1244,976
19864,1244,550
19865,1244,1157
19866,1244,1480
19867,1244,955
19868,1244,1441
19869,1244,341
19870,1244,451
19871,1244,369
19872,1244,1353
19873,1244,857
19874,1244,754
19875,1244,217
19876,1244,322
19877,1244,758
19878,1244,794
19879,1244,938
19880,1244,1449
19881,1244,859
19882,1244,1593
19883,1244,867
19884,1244,1272
19885,1244,1286
19886,1244,1288
19887,1244,1060
19888,1244,985
19889,1244,1425
19890,1244,455
19891,1244,1130
19892,1244,715
19893,1244,685
19894,1244,1316
19895,1244,40
19896,1244,26
19897,1244,514
19898,1244,35
19899,1244,291
19900,1244,1570
19901,1244,639
19902,1244,1378
19903,1244,1044
19904,1244,54
19905,1244,1516
19906,1244,1144
19907,1244,290
19908,1244,334
19909,1244,945
19910,1244,214
19911,1244,614
19912,1244,687
19913,1244,751
19914,1244,337
19915,1244,1443
19916,1244,1143
19917,1244,671
19918,1244,992
19919,1244,298
19920,1244,499
19921,1244,1081
19922,1244,892
19923,1244,61
19924,1244,644
19925,1244,1525
19926,1244,1462
19927,1244,1450
19928,1244,211
19929,1244,594
19930,1244,102
19931,1244,69
19932,1244,1153
19933,1244,38
19934,1244,1558
19935,1244,677
19936,1244,1577
19937,1244,4
19938,1244,344
19939,1244,200
19940,1244,180
19941,1244,741
19942,1244,951
19943,1244,825
19944,1244,23
19945,1244,760
19946,1244,1308
19947,1244,832
19948,1244,1024
19949,1244,904
19950,1244,471
19951,1244,481
19952,1244,952
19953,1244,162
19954,1244,86
19955,1244,141
19956,1244,855
19957,1244,236
19958,1244,199
19959,1244,913
19960,1244,404
19961,1244,311
19962,1244,384
19963,1244,824
19964,1244,394
19965,1244,485
19966,1244,791
19967,1244,1252
19968,1244,242
19969,1244,1541
19970,1244,1474
19971,1244,807
19972,1244,1240
19973,1244,831
19974,1244,1041
19975,1244,1204
19976,1244,456
19977,1244,117
19978,1244,1229
19979,1244,1481
19980,1244,1380
19981,1244,1178
19982,1244,640
19983,1244,1387
19984,1244,228
19985,1244,1588
19986,1244,1267
19987,1244,1020
19988,1244,1534
19989,1244,398
19990,1244,1040
19991,1244,406
19992,1244,585
19993,1244,1003
19994,1244,1402
19995,1244,226
19996,1244,1436
19997,1244,1062
19998,1244,1175
19999,1244,1374
20000,1244,467
20001,1244,563
20002,1244,682
20003,1244,999
20004,1244,705
20005,1244,276
20006,1244,1085
20007,1244,925
20008,1244,1054
20009,1244,1138
20010,1244,1029
20011,1244,1568
20012,1244,928
20013,1244,1023
20014,1244,301
20015,1244,73
20016,1244,171
20017,1244,841
20018,1244,1091
20019,1244,98
20020,1244,1448
20021,1244,1422
20022,1244,726
20023,1244,1430
20024,1244,923
20025,1244,619
20026,1244,1438
20027,1244,240
20028,1244,1011
20029,1244,1258
20030,1244,195
20031,1244,148
20032,1244,1615
20033,1244,977
20034,1244,1385
20035,1244,1472
20036,1244,284
20037,1244,1006
20038,1244,32
20039,1244,48
20040,1244,260
20041,1244,690
20042,1244,988
20043,1244,206
20044,1244,782
20045,1244,90
20046,1244,936
20047,1244,150
20048,1244,890
20049,1244,775
20050,1244,827
20051,1244,818
20052,1244,1301
20053,1244,1250
20054,1244,561
20055,1244,359
20056,1244,674
20057,1244,610
20058,1244,830
20059,1244,498
20060,1244,294
20061,1244,411
20062,1244,249
20063,1244,796
20064,1244,478
20065,1244,1510
20066,1244,1494
20067,1244,1526
20068,1244,1162
20069,1244,872
20070,1244,36
20071,1244,396
20072,1244,1134
20073,1244,316
20074,1244,189
20075,1244,358
20076,1244,873
20077,1244,383
20078,1244,60
20079,1244,176
20080,1244,739
20081,1244,522
20082,1244,1583
20083,1244,336
20084,1244,1565
20085,1244,469
20086,1244,1373
20087,1244,76
20088,1244,994
20089,1244,37
20090,1244,244
20091,1244,500
20092,1244,911
20093,1244,903
20094,1244,1332
20095,1244,1609
20096,1244,68
20097,1244,1184
20098,1244,1304
20099,1244,596
20100,1244,1382
20101,1244,768
20102,1244,710
20103,1244,1009
20104,1244,576
20105,1244,762
20106,1244,799
20107,1244,785
20108,1244,1042
20109,1244,1585
20110,1244,279
20111,1244,388
20112,1244,459
20113,1244,19
20114,1244,1159
20115,1244,227
20116,1244,1505
20117,1244,1075
20118,1244,196
20119,1244,304
20120,1244,408
20121,1244,527
20122,1244,7
20123,1244,1171
20124,1244,1281
20125,1244,1269
20126,1244,1005
20127,1244,534
20128,1244,588
20129,1244,309
20130,1244,1394
20131,1244,1106
20132,1244,812
20133,1244,1056
20134,1244,241
20135,1244,46
20136,1244,1486
20137,1244,402
20138,1244,544
20139,1244,1199
20140,1244,466
20141,1244,328
20142,1244,1432
20143,1244,264
20144,1244,1251
20145,1244,410
20146,1244,110
20147,1244,1508
20148,1244,452
20149,1244,1522
20150,1244,586
20151,1244,506
20152,1244,436
20153,1244,1290
20154,1244,915
20155,1244,657
20156,1244,809
20157,1244,1
20158,1244,1070
20159,1244,97
20160,1244,1612
20161,1244,1403
20162,1244,465
20163,1244,1495
20164,1244,1261
20165,1244,333
20166,1244,418
20167,1244,567
20168,1244,939
20169,1244,1155
20170,1244,295
20171,1244,1572
20172,1244,720
20173,1244,1152
20174,1244,878
20175,1244,996
20176,1244,907
20177,1244,1428
20178,1244,153
20179,1244,315
20180,1244,769
20181,1244,948
20182,1244,660
20183,1244,663
20184,1244,787
20185,1244,349
20186,1244,401
20187,1244,27
20188,1244,803
20189,1244,1193
20190,1244,269
20191,1244,962
20192,1244,740
20193,1244,817
20194,1244,1161
20195,1244,834
20196,1244,864
20197,1244,1473
20198,1244,517
20199,1244,18
20200,1244,1364
20201,1244,774
20202,1244,1446
20203,1244,429
20204,1244,1423
20205,1244,310
20206,1244,1515
20207,1244,1533
20208,1244,1466
20209,1244,1464
20210,1244,1246
20211,1244,307
20212,1244,954
20213,1244,1384
20214,1244,1128
20215,1244,881
20216,1244,275
20217,1244,1483
20218,1244,1414
20219,1244,513
20220,1244,329
20221,1244,1518
20222,1244,1487
20223,1244,1174
20224,1244,642
20225,1244,1578
20226,1244,647
20227,1244,884
20228,1244,752
20229,1244,570
20230,1244,1012
20231,1244,1319
20232,1244,51
20233,1244,843
20234,1244,572
20235,1244,645
20236,1244,104
20237,1244,66
20238,1244,1317
20239,1244,470
20240,1244,72
20241,1244,1234
20242,1244,1035
20243,1244,381
20244,1244,946
20245,1244,1540
20246,1244,728
20247,1244,1478
20248,1244,342
20249,1244,1180
20250,1244,828
20251,1244,941
20252,1244,254
20253,1244,886
20254,1244,798
20255,1244,139
20256,1244,535
20257,1244,937
20258,1244,650
20259,1244,745
20260,1244,1274
20261,1244,492
20262,1244,1213
20263,1244,238
20264,1244,327
20265,1244,716
20266,1244,1389
20267,1244,1306
20268,1244,1460
20269,1244,986
20270,1244,100
20271,1244,1276
20272,1244,649
20273,1244,755
20274,1244,1556
20275,1244,1530
20276,1244,345
20277,1244,692
20278,1244,262
20279,1244,820
20280,1244,1352
20281,1244,1052
20282,1244,1347
20283,1244,50
20284,1244,263
20285,1244,317
20286,1244,1302
20287,1244,1013
20288,1244,668
20289,1244,1404
20290,1244,1368
20291,1251,165
20292,1251,468
20293,1251,1056
20294,1251,127
20295,1251,733
20296,1251,889
20297,1251,543
20298,1251,1355
20299,1251,260
20300,1251,573
20301,1251,1456
20302,1251,399
20303,1251,526
20304,1251,459
20305,1251,510
20306,1251,769
20307,1251,946
20308,1251,235
20309,1251,1252
20310,1251,452
20311,1251,1394
20312,1251,485
20313,1251,1053
20314,1251,1443
20315,1251,1133
20316,1251,1101
20317,1251,581
20318,1251,1132
20319,1251,1518
20320,1251,1516
20321,1251,1344
20322,1251,1208
20323,1251,1479
20324,1251,550
20325,1251,405
20326,1251,445
20327,1251,1009
20328,1251,1183
20329,1251,546
20330,1251,1152
20331,1251,1245
20332,1251,1175
20333,1251,775
20334,1251,542
20335,1251,18
20336,1251,531
20337,1251,1427
20338,1251,609
20339,1251,745
20340,1251,933
20341,1251,1587
20342,1251,757
20343,1251,1409
20344,1251,638
20345,1251,922
20346,1251,1113
20347,1251,288
20348,1251,530
20349,1251,825
20350,1251,284
20351,1251,944
20352,1251,1554
20353,1251,753
20354,1251,927
20355,1251,298
20356,1251,250
20357,1251,923
20358,1251,101
20359,1251,1171
20360,1251,465
20361,1251,200
20362,1251,1026
20363,1251,226
20364,1251,1193
20365,1251,498
20366,1251,1202
20367,1251,279
20368,1251,139
20369,1251,147
20370,1251,483
20371,1251,1103
20372,1251,630
20373,1251,54
20374,1251,900
20375,1251,13
20376,1251,1535
20377,1251,115
20378,1251,608
20379,1251,93
20380,1251,39
20381,1251,390
20382,1251,891
20383,1251,585
20384,1251,875
20385,1251,697
20386,1261,1154
20387,1261,258
20388,1261,215
20389,1261,361
20390,1261,165
20391,1261,1341
20392,1261,704
20393,1261,1510
20394,1261,660
20395,1261,319
20396,1261,720
20397,1261,506
20398,1261,1541
20399,1261,714
20400,1261,522
20401,1261,1406
20402,1261,1176
20403,1261,43
20404,1261,510
20405,1261,87
20406,1261,305
20407,1261,247
20408,1261,498
20409,1261,1329
20410,1261,521
20411,1261,210
20412,1261,76
20413,1261,1106
20414,1261,148
20415,1261,1532
20416,1261,1100
20417,1261,1064
20418,1261,620
20419,1261,134
20420,1261,1240
20421,1261,315
20422,1261,597
20423,1261,531
20424,1261,1480
20425,1261,1611
20426,1261,200
20427,1261,74
20428,1261,1333
20429,1261,1379
20430,1261,1372
20431,1261,616
20432,1261,180
20433,1261,8
20434,1261,725
20435,1261,1077
20436,1261,826
20437,1261,1434
20438,1261,741
20439,1261,679
20440,1261,204
20441,1261,572
20442,1261,500
20443,1261,935
20444,1261,1057
20445,1261,1437
20446,1261,96
20447,1261,380
20448,1261,775
20449,1261,949
20450,1261,612
20451,1261,942
20452,1261,1009
20453,1261,355
20454,1261,1234
20455,1261,1187
20456,1261,1083
20457,1261,989
20458,1261,1292
20459,1261,526
20460,1261,312
20461,1261,9
20462,1261,186
20463,1261,51
20464,1261,751
20465,1261,1499
20466,1261,127
20467,1261,938
20468,1261,571
20469,1261,424
20470,1261,615
20471,1261,483
20472,1261,1016
20473,1261,546
20474,1261,1567
20475,1261,825
20476,1261,921
20477,1261,1529
20478,1261,527
20479,1261,699
20480,1261,1504
20481,1261,1059
20482,1261,803
20483,1261,363
20484,1261,459
20485,1261,721
20486,1261,1183
20487,1261,1242
20488,1261,509
20489,1261,467
20490,1261,1192
20491,1261,934
20492,1261,391
20493,1261,875
20494,1261,760
20495,1261,1
20496,1261,260
20497,1261,48
20498,1261,128
20499,1261,641
20500,1261,665
20501,1261,1531
20502,1261,659
20503,1261,1089
20504,1261,465
20505,1261,1113
20506,1261,1084
20507,1261,448
20508,1261,1559
20509,1261,788
20510,1261,799
20511,1261,886
20512,1261,642
20513,1261,880
20514,1261,211
20515,1261,977
20516,1261,1429
20517,1261,959
20518,1261,628
20519,1261,268
20520,1261,924
20521,1261,39
20522,1261,676
20523,1261,1241
20524,1261,694
20525,1261,353
20526,1261,1400
20527,1261,719
20528,1261,1411
20529,1261,49
20530,1261,986
20531,1261,45
20532,1261,30
20533,1261,1060
20534,1261,961
20535,1261,1585
20536,1261,1612
20537,1261,1496
20538,1261,1093
20539,1261,189
20540,1261,115
20541,1261,570
20542,1261,497
20543,1261,693
20544,1261,384
20545,1261,1301
20546,1261,1144
20547,1261,376
20548,1261,1139
20549,1261,832
20550,1261,484
20551,1261,662
20552,1261,1015
20553,1261,781
20554,1261,278
20555,1261,80
20556,1261,963
20557,1261,1540
20558,1261,474
20559,1261,31
20560,1261,388
20561,1261,556
20562,1261,585
20563,1261,446
20564,1261,228
20565,1261,1146
20566,1261,21
20567,1261,308
20568,1261,1020
20569,1261,217
20570,1261,438
20571,1261,1071
20572,1261,1448
20573,1261,954
20574,1261,1351
20575,1261,560
20576,1261,1404
20577,1261,563
20578,1261,1239
20579,1261,1508
20580,1261,1026
20581,1261,995
20582,1261,352
20583,1261,1135
20584,1261,1107
20585,1261,90
20586,1261,1500
20587,1261,460
20588,1261,1215
20589,1261,313
20590,1261,433
20591,1261,98
20592,1261,1344
20593,1261,691
20594,1261,577
20595,1261,816
20596,1261,499
20597,1261,449
20598,1261,470
20599,1261,937
20600,1261,1405
20601,1261,791
20602,1261,133
20603,1261,894
20604,1261,223
20605,1261,1152
20606,1261,279
20607,1261,264
20608,1261,1505
20609,1261,644
20610,1261,1033
20611,1261,91
20612,1261,1535
20613,1261,1560
20614,1261,122
20615,1261,423
20616,1261,407
20617,1261,478
20618,1261,367
20619,1261,1466
20620,1261,853
20621,1261,1252
20622,1261,1208
20623,1261,757
20624,1261,59
20625,1261,533
20626,1261,1558
20627,1261,1150
20628,1261,706
20629,1261,1326
20630,1261,908
20631,1261,1503
20632,1261,1007
20633,1261,1185
20634,1261,818
20635,1261,712
20636,1261,16
20637,1261,630
20638,1261,408
20639,1271,1454
20640,1271,558
20641,1271,1078
20642,1271,688
20643,1271,1439
20644,1271,719
20645,1271,1251
20646,1271,388
20647,1271,233
20648,1271,1211
20649,1271,1141
20650,1271,1549
20651,1271,74
20652,1271,1013
20653,1271,1196
20654,1271,44
20655,1271,1409
20656,1271,115
20657,1271,1486
20658,1271,1144
20659,1271,413
20660,1271,256
20661,1271,1195
20662,1271,1130
20663,1271,872
20664,1271,97
20665,1271,682
20666,1271,913
20667,1271,294
20668,1271,619
20669,1271,1332
20670,1271,177
20671,1271,1267
20672,1271,1011
20673,1271,1033
20674,1271,1245
20675,1271,1406
20676,1271,698
20677,1271,1542
20678,1271,1367
20679,1271,676
20680,1271,1122
20681,1271,1046
20682,1271,201
20683,1271,1023
20684,1271,341
20685,1271,1349
20686,1271,285
20687,1271,1610
20688,1271,366
20689,1271,275
20690,1271,1353
20691,1271,1212
20692,1271,805
20693,1271,644
20694,1271,857
20695,1271,884
20696,1271,1089
20697,1271,23
20698,1271,282
20699,1271,1489
20700,1271,371
20701,1271,772
20702,1271,59
20703,1271,978
20704,1271,360
20705,1271,63
20706,1271,911
20707,1271,391
20708,1271,1557
20709,1271,843
20710,1271,568
20711,1271,1385
20712,1271,859
20713,1271,459
20714,1271,1055
20715,1271,1018
20716,1271,1431
20717,1271,193
20718,1271,765
20719,1271,1199
20720,1271,855
20721,1271,176
20722,1271,1116
20723,1271,1539
20724,1271,1145
20725,1271,1376
20726,1271,228
20727,1271,152
20728,1271,188
20729,1271,1004
20730,1271,14
20731,1271,1016
20732,1271,251
20733,1271,1458
20734,1271,19
20735,1271,517
20736,1271,1435
20737,1271,1056
20738,1271,1176
20739,1271,754
20740,1271,593
20741,1271,1351
20742,1271,1068
20743,1271,1417
20744,1271,1012
20745,1271,1583
20746,1271,565
20747,1271,210
20748,1271,1502
20749,1271,351
20750,1271,628
20751,1271,935
20752,1271,272
20753,1271,1084
20754,1271,45
20755,1271,1138
20756,1271,1178
20757,1271,1530
20758,1271,1449
20759,1271,1326
20760,1271,54
20761,1271,808
20762,1271,1364
20763,1271,916
20764,1271,961
20765,1271,455
20766,1271,1477
20767,1271,703
20768,1271,1203
20769,1271,436
20770,1271,1137
20771,1271,245
20772,1271,647
20773,1271,1032
20774,1271,27
20775,1271,1010
20776,1271,919
20777,1271,1180
20778,1271,670
20779,1271,189
20780,1271,304
20781,1271,1532
20782,1271,1567
20783,1271,340
20784,1271,1518
20785,1271,714
20786,1271,795
20787,1271,1428
20788,1271,789
20789,1271,326
20790,1271,227
20791,1271,406
20792,1271,556
20793,1271,799
20794,1271,513
20795,1271,296
20796,1271,588
20797,1271,1232
20798,1271,1485
20799,1271,319
20800,1271,1162
20801,1271,1111
20802,1271,1061
20803,1271,577
20804,1271,1015
20805,1271,1602
20806,1271,1405
20807,1271,1147
20808,1271,1303
20809,1271,379
20810,1271,623
20811,1271,248
20812,1271,1307
20813,1271,928
20814,1271,469
20815,1271,316
20816,1271,536
20817,1271,318
20818,1271,489
20819,1271,218
20820,1271,1074
20821,1271,1410
20822,1271,638
20823,1271,864
20824,1271,777
20825,1271,320
20826,1271,1331
20827,1271,29
20828,1271,1585
20829,1271,661
20830,1271,1574
20831,1271,199
20832,1271,953
20833,1271,266
20834,1271,807
20835,1271,333
20836,1271,679
20837,1271,814
20838,1271,590
20839,1271,407
20840,1271,818
20841,1271,279
20842,1271,224
20843,1271,1528
20844,1271,186
20845,1271,775
20846,1271,546
20847,1271,1593
20848,1271,431
20849,1271,1348
20850,1271,141
20851,1271,432
20852,1271,110
20853,1271,809
20854,1271,1459
20855,1271,175
20856,1271,1210
20857,1271,642
20858,1271,1182
20859,1271,869
20860,1271,492
20861,1271,247
20862,1271,1268
20863,1271,61
20864,1271,880
20865,1271,1287
20866,1271,1009
20867,1271,1379
20868,1271,259
20869,1271,1472
20870,1271,203
20871,1271,671
20872,1271,20
20873,1271,1560
20874,1271,881
20875,1271,1077
20876,1271,637
20877,1271,629
20878,1271,332
20879,1271,1181
20880,1271,1522
20881,1271,456
20882,1271,1596
20883,1271,1413
20884,1271,991
20885,1271,1044
20886,1271,561
20887,1271,264
20888,1271,345
20889,1271,620
20890,1271,704
20891,1271,153
20892,1271,1136
20893,1271,1612
20894,1271,648
20895,1271,1188
20896,1271,949
20897,1271,112
20898,1271,845
20899,1271,58
20900,1271,1133
20901,1271,1414
20902,1271,1279
20903,1271,1143
20904,1271,1030
20905,1271,1115
20906,1271,514
20907,1271,892
20908,1271,385
20909,1271,1426
20910,1271,803
20911,1271,1584
20912,1271,1384
20913,1271,56
20914,1271,1519
20915,1271,710
20916,1271,94
20917,1271,1553
20918,1271,995
20919,1271,1327
20920,1271,268
20921,1271,1064
20922,1271,760
20923,1271,274
20924,1271,1269
20925,1271,1270
20926,1271,540
20927,1271,692
20928,1271,393
20929,1271,359
20930,1271,1095
20931,1271,1204
20932,1271,11
20933,1271,917
20934,1271,1081
20935,1271,755
20936,1271,625
20937,1271,1398
20938,1271,255
20939,1271,1264
20940,1271,1580
20941,1271,125
20942,1271,337
20943,1271,817
20944,1271,1422
20945,1271,1000
20946,1271,8
20947,1271,1082
20948,1271,91
20949,1271,336
20950,1271,499
20951,1271,1400
20952,1271,1440
20953,1271,475
20954,1271,900
20955,1271,690
20956,1271,701
20957,1271,1508
20958,1271,940
20959,1271,693
20960,1271,1043
20961,1271,812
20962,1271,121
20963,1271,840
20964,1271,1604
20965,1271,578
20966,1271,472
20967,1271,966
20968,1271,1311
20969,1271,503
20970,1271,367
20971,1271,479
20972,1271,380
20973,1271,970
20974,1271,597
20975,1271,635
20976,1271,114
20977,1271,655
20978,1271,566
20979,1271,41
20980,1271,1493
20981,1271,235
20982,1271,145
20983,1271,982
20984,1271,1066
20985,1271,1538
20986,1271,1007
20987,1271,290
20988,1271,1186
20989,1271,1206
20990,1271,1153
20991,1271,197
20992,1271,365
20993,1271,1579
20994,1271,1570
20995,1271,1192
20996,1271,1402
20997,1271,165
20998,1271,520
20999,1271,1397
21000,1271,417
21001,1271,441
21002,1271,626
21003,1271,1556
21004,1271,545
21005,1271,1357
21006,1271,553
21007,1271,1103
21008,1271,1293
21009,1271,838
21010,1271,1373
21011,1271,1159
21012,1271,844
21013,1271,157
21014,1271,1258
21015,1271,523
21016,1271,293
21017,1271,1243
21018,1271,653
21019,1271,1005
21020,1271,82
21021,1271,1347
21022,1271,898
21023,1271,463
21024,1271,1442
21025,1271,603
21026,1271,932
21027,1271,1292
21028,1271,481
21029,1271,903
21030,1271,384
21031,1271,1029
21032,1271,667
21033,1271,126
21034,1271,399
21035,1271,1019
21036,1271,1399
21037,1271,1094
21038,1271,1091
21039,1271,372
21040,1271,939
21041,1271,610
21042,1271,1536
21043,1271,69
21044,1271,1469
21045,1271,592
21046,1271,1572
21047,1271,191
21048,1271,284
21049,1271,1404
21050,1271,1154
21051,1271,451
21052,1271,62
21053,1271,722
21054,1271,971
21055,1271,988
21056,1271,230
21057,1271,563
21058,1271,1060
21059,1271,519
21060,1271,848
21061,1271,815
21062,1271,137
21063,1271,447
21064,1271,105
21065,1271,1394
21066,1271,414
21067,1271,446
21068,1271,739
21069,1271,1468
21070,1271,687
21071,1271,401
21072,1271,1169
21073,1271,954
21074,1271,837
21075,1271,70
21076,1271,1430
21077,1271,945
21078,1271,925
21079,1271,1250
21080,1271,454
21081,1271,460
21082,1271,471
21083,1271,485
21084,1271,402
21085,1271,214
21086,1271,1436
21087,1271,1448
21088,1271,726
21089,1271,1411
21090,1271,1314
21091,1271,537
21092,1271,271
21093,1271,297
21094,1271,1386
21095,1271,1233
21096,1271,533
21097,1271,1491
21098,1271,370
21099,1271,993
21100,1271,50
21101,1271,1619
21102,1271,369
21103,1271,875
21104,1271,25
21105,1271,720
21106,1271,1076
21107,1271,1290
21108,1271,750
21109,1271,1346
21110,1271,346
21111,1271,1392
21112,1271,409
21113,1271,989
21114,1271,1022
21115,1271,1235
21116,1271,1261
21117,1271,1437
21118,1271,286
21119,1271,273
21120,1271,652
21121,1271,1358
21122,1271,621
21123,1271,753
21124,1271,1474
21125,1271,109
21126,1271,315
21127,1271,633
21128,1271,98
21129,1271,612
21130,1271,418
21131,1271,26
21132,1271,1146
21133,1271,257
21134,1271,1087
21135,1271,1558
21136,1271,1042
21137,1271,826
21138,1271,89
21139,1271,361
21140,1271,1352
21141,1271,1345
21142,1271,1403
21143,1271,1244
21144,1271,567
21145,1271,305
21146,1271,560
21147,1271,575
21148,1271,1131
21149,1271,952
21150,1271,786
21151,1271,1265
21152,1271,120
21153,1271,1140
21154,1271,311
21155,1271,1317
21156,1271,171
21157,1271,1476
21158,1271,746
21159,1271,307
21160,1271,1247
21161,1271,1333
21162,1271,1059
21163,1271,1135
21164,1271,1487
21165,1271,217
21166,1271,833
21167,1271,1424
21168,1271,934
21169,1271,483
21170,1271,156
21171,1271,1220
21172,1271,96
21173,1271,64
21174,1271,185
21175,1271,736
21176,1271,500
21177,1271,194
21178,1271,254
21179,1271,200
21180,1271,510
21181,1271,730
21182,1271,33
21183,1271,1246
21184,1271,827
21185,1271,448
21186,1271,1603
21187,1271,1050
21188,1271,484
21189,1271,751
21190,1271,269
21191,1271,10
21192,1271,1057
21193,1271,645
21194,1271,1515
21195,1271,308
21196,1271,35
21197,1271,146
21198,1271,1121
21199,1271,748
21200,1271,46
21201,1271,1467
21202,1271,1328
21203,1271,624
21204,1271,355
21205,1271,229
21206,1271,660
21207,1271,280
21208,1271,1427
21209,1271,641
21210,1271,1218
21211,1271,608
21212,1271,1126
21213,1271,1531
21214,1271,22
21215,1271,349
21216,1271,204
21217,1271,1388
21218,1271,101
21219,1271,1107
21220,1271,712
21221,1271,1510
21222,1271,549
21223,1271,744
21224,1271,1509
21225,1271,206
21226,1271,1150
21227,1271,1505
21228,1271,508
21229,1271,67
21230,1271,357
21231,1271,615
21232,1271,1164
21233,1271,1248
21234,1271,788
21235,1271,1025
21236,1271,1355
21237,1271,594
21238,1271,1497
21239,1271,1526
21240,1271,1037
21241,1271,709
21242,1271,342
21243,1271,1035
21244,1271,1067
21245,1271,42
21246,1271,1234
21247,1271,728
21248,1271,1359
21249,1271,1222
21250,1271,915
21251,1271,804
21252,1271,776
21253,1271,834
21254,1271,1241
21255,1271,769
21256,1271,1003
21257,1271,291
21258,1271,490
21259,1271,1611
21260,1271,1374
21261,1271,1368
21262,1271,300
21263,1271,784
21264,1271,1597
21265,1271,1342
21266,1271,1550
21267,1271,974
21268,1271,1134
21269,1271,824
21270,1271,762
21271,1271,767
21272,1271,571
21273,1271,310
21274,1271,36
21275,1271,133
21276,1271,921
21277,1271,102
21278,1271,144
21279,1271,668
21280,1271,1041
21281,1271,1389
21282,1271,389
21283,1271,222
21284,1271,412
21285,1271,839
21286,1271,276
21287,1271,958
21288,1271,339
21289,1271,356
21290,1271,1002
21291,1271,1236
21292,1271,999
21293,1271,1213
21294,1271,1443
21295,1271,994
21296,1271,785
21297,1271,183
21298,1271,1511
21299,1271,1540
21300,1271,1480
21301,1271,1272
21302,1271,1197
21303,1271,1230
21304,1271,127
21305,1271,956
21306,1271,1194
21307,1271,981
21308,1271,1114
21309,1271,716
21310,1271,581
21311,1271,850
21312,1271,1155
21313,1271,260
21314,1271,599
21315,1271,375
21316,1271,1434
21317,1271,948
21318,1271,408
21319,1275,332
21320,1275,1382
21321,1275,445
21322,1275,337
21323,1275,1218
21324,1275,627
21325,1275,844
21326,1275,139
21327,1275,866
21328,1275,367
21329,1275,1341
21330,1275,778
21331,1275,1511
21332,1275,923
21333,1275,918
21334,1275,16
21335,1275,607
21336,1275,994
21337,1275,1553
21338,1275,977
21339,1275,875
21340,1275,720
21341,1275,424
21342,1275,1284
21343,1275,463
21344,1275,603
21345,1275,1272
21346,1275,544
21347,1275,352
21348,1275,189
21349,1275,872
21350,1275,1025
21351,1275,787
21352,1275,910
21353,1275,208
21354,1275,423
21355,1275,969
21356,1275,724
21357,1275,1288
21358,1275,394
21359,1275,1390
21360,1275,784
21361,1275,944
21362,1275,1158
21363,1275,258
21364,1275,1549
21365,1275,1352
21366,1275,804
21367,1275,261
21368,1275,279
21369,1275,1541
21370,1275,1431
21371,1275,585
21372,1275,118
21373,1275,1617
21374,1275,798
21375,1275,361
21376,1275,1328
21377,1275,467
21378,1275,380
21379,1275,371
21380,1275,958
21381,1275,936
21382,1275,1030
21383,1275,1217
21384,1275,830
21385,1275,1375
21386,1275,194
21387,1275,725
21388,1275,276
21389,1275,624
21390,1275,560
21391,1275,614
21392,1275,184
21393,1275,249
21394,1275,1583
21395,1275,319
21396,1275,932
21397,1275,1376
21398,1275,0
21399,1275,398
21400,1275,733
21401,1275,206
21402,1275,1111
21403,1275,626
21404,1275,1289
21405,1275,537
21406,1275,369
21407,1275,1244
21408,1275,1236
21409,1275,775
21410,1275,756
21411,1275,1448
21412,1275,9
21413,1275,590
21414,1275,539
21415,1275,484
21416,1275,1563
21417,1275,563
21418,1275,921
21419,1275,1414
21420,1275,858
21421,1275,333
21422,1275,216
21423,1275,581
21424,1275,1418
21425,1275,521
21426,1275,1485
21427,1275,145
21428,1275,1373
21429,1275,770
21430,1275,1041
21431,1275,1469
21432,1275,1406
21433,1275,522
21434,1275,736
21435,1275,1004
21436,1275,64
21437,1275,317
21438,1275,870
21439,1275,223
21440,1275,1270
21441,1275,1441
21442,1275,313
21443,1275,731
21444,1275,1363
21445,1275,571
21446,1275,121
21447,1275,200
21448,1275,949
21449,1275,682
21450,1275,1317
21451,1275,1398
21452,1275,1145
21453,1275,832
21454,1275,69
21455,1275,1424
21456,1275,822
21457,1275,749
21458,1275,656
21459,1275,1397
21460,1275,827
21461,1275,314
21462,1275,357
21463,1275,74
21464,1275,499
21465,1275,391
21466,1275,572
21467,1275,552
21468,1275,1028
21469,1275,796
21470,1275,748
21471,1275,1579
21472,1275,550
21473,1275,1597
21474,1275,927
21475,1275,754
21476,1275,304
21477,1275,1023
21478,1275,4
21479,1275,697
21480,1275,1147
21481,1275,660
21482,1275,1203
21483,1275,907
21484,1275,946
21485,1275,704
21486,1275,570
21487,1275,1238
21488,1275,740
21489,1275,893
21490,1275,396
21491,1275,1500
21492,1275,350
21493,1275,1510
21494,1275,162
21495,1275,715
21496,1275,553
21497,1275,245
21498,1275,1353
21499,1275,1121
21500,1275,865
21501,1275,1139
21502,1275,71
21503,1275,288
21504,1275,1483
21505,1275,890
21506,1275,1346
21507,1275,1221
21508,1275,608
21509,1275,1250
21510,1275,878
21511,1275,186
21512,1275,106
21513,1275,1141
21514,1275,123
21515,1275,1173
21516,1275,694
21517,1275,684
21518,1275,29
21519,1275,588
21520,1275,1487
21521,1275,143
21522,1275,876
21523,1275,1149
21524,1275,1542
21525,1275,803
21526,1275,426
21527,1275,349
21528,1275,1365
21529,1275,312
21530,1275,1554
21531,1275,771
21532,1275,1137
21533,1275,1316
21534,1275,939
21535,1275,1428
21536,1275,96
21537,1275,1374
21538,1275,91
21539,1275,1252
21540,1275,1615
21541,1275,503
21542,1275,434
21543,1275,1401
21544,1275,1368
21545,1275,1519
21546,1275,879
21547,1275,341
21548,1275,1207
21549,1275,497
21550,1275,133
21551,1275,1021
21552,1275,1012
21553,1275,294
21554,1275,229
21555,1275,1057
21556,1275,262
21557,1275,1241
21558,1275,43
21559,1275,589
21560,1275,1311
21561,1275,699
21562,1275,536
21563,1275,485
21564,1275,1587
21565,1275,766
21566,1275,580
21567,1275,325
21568,1275,892
21569,1275,900
21570,1275,909
21571,1275,1570
21572,1275,1564
21573,1275,871
21574,1275,1421
21575,1275,1400
21576,1275,1436
21577,1275,989
21578,1275,695
21579,1275,922
21580,1275,158
21581,1275,364
21582,1275,399
21583,1275,58
21584,1275,1575
21585,1275,418
21586,1275,1042
21587,1275,1240
21588,1275,1614
21589,1275,260
21590,1275,993
21591,1275,903
21592,1275,342
21593,1275,523
21594,1275,210
21595,1275,1085
21596,1275,510
21597,1275,1290
21598,1275,1324
21599,1275,195
21600,1275,700
21601,1275,973
21602,1275,264
21603,1275,383
21604,1275,1608
21605,1275,255
21606,1275,344
21607,1275,407
21608,1275,326
21609,1275,30
21610,1275,1461
21611,1275,1518
21612,1275,648
21613,1275,183
21614,1275,1427
21615,1275,622
21616,1275,438
21617,1275,873
21618,1275,869
21619,1275,730
21620,1275,13
21621,1275,1266
21622,1275,849
21623,1275,929
21624,1275,1268
21625,1275,1358
21626,1275,821
21627,1275,547
21628,1275,886
21629,1275,1355
21630,1275,373
21631,1275,1591
21632,1275,1107
21633,1275,628
21634,1275,1220
21635,1275,1074
21636,1275,1239
21637,1275,709
21638,1275,506
21639,1275,532
21640,1275,358
21641,1275,1585
21642,1275,745
21643,1275,147
21644,1275,1076
21645,1275,1078
21646,1275,1199
21647,1275,1569
21648,1275,228
21649,1275,1193
21650,1275,86
21651,1275,1525
21652,1275,568
21653,1275,1156
21654,1275,1106
21655,1275,1153
21656,1275,698
21657,1275,887
21658,1275,251
21659,1275,837
21660,1275,401
21661,1275,1453
21662,1275,1183
21663,1275,287
21664,1275,1287
21665,1275,831
21666,1275,1152
21667,1275,1438
21668,1275,834
21669,1275,776
21670,1275,1388
21671,1275,1143
21672,1275,615
21673,1275,422
21674,1275,376
21675,1275,318
21676,1275,535
21677,1275,193
21678,1275,1089
21679,1275,1009
21680,1275,1179
21681,1275,1451
21682,1275,1213
21683,1275,235
21684,1275,1354
21685,1275,339
21686,1275,1122
21687,1275,214
21688,1275,480
21689,1275,49
21690,1275,1060
21691,1275,1118
21692,1275,1091
21693,1275,577
21694,1275,1292
21695,1275,197
21696,1275,1088
21697,1275,1234
21698,1275,1329
21699,1275,97
21700,1275,1077
21701,1275,416
21702,1275,33
21703,1275,889
21704,1275,244
21705,1275,353
21706,1275,479
21707,1275,1083
21708,1275,611
21709,1275,446
21710,1275,61
21711,1275,1279
21712,1275,573
21713,1275,180
21714,1275,1556
21715,1275,1260
21716,1275,769
21717,1275,17
21718,1275,526
21719,1275,911
21720,1275,1465
21721,1275,1176
21722,1275,1369
21723,1275,1547
21724,1275,529
21725,1275,281
21726,1275,517
21727,1275,1044
21728,1275,442
21729,1275,773
21730,1275,24
21731,1275,328
21732,1275,334
21733,1275,772
21734,1275,1497
21735,1275,456
21736,1275,1035
21737,1275,514
21738,1275,1002
21739,1275,134
21740,1275,1080
21741,1275,1255
21742,1275,913
21743,1275,782
21744,1275,1432
21745,1275,1064
21746,1275,1402
21747,1275,1093
21748,1275,898
21749,1275,545
21750,1275,1115
21751,1275,857
21752,1275,1468
21753,1275,1391
21754,1275,1094
21755,1275,449
21756,1275,311
21757,1275,540
21758,1275,1269
21759,1275,240
21760,1275,268
21761,1275,1335
21762,1275,661
21763,1275,1567
21764,1275,1095
21765,1275,828
21766,1275,1253
21767,1275,931
21768,1275,663
21769,1275,1411
21770,1275,1342
21771,1275,1452
21772,1275,1161
21773,1275,1070
21774,1275,610
21775,1275,21
21776,1275,1151
21777,1275,1187
21778,1275,152
21779,1275,120
21780,1275,307
21781,1275,310
21782,1275,105
21783,1275,116
21784,1275,204
21785,1275,612
21786,1275,1084
21787,1275,732
21788,1275,351
21789,1275,263
21790,1275,711
21791,1275,649
21792,1275,104
21793,1275,826
21794,1275,670
21795,1275,1407
21796,1275,767
21797,1275,908
21798,1275,282
21799,1275,1502
21800,1275,1261
21801,1275,99
21802,1275,205
21803,1275,428
21804,1275,716
21805,1275,1228
21806,1275,1054
21807,1275,1409
21808,1275,757
21809,1275,1100
21810,1275,1105
21811,1275,1188
21812,1275,1133
21813,1275,774
21814,1275,640
21815,1275,303
21816,1275,914
21817,1275,1351
21818,1275,1150
21819,1275,762
21820,1275,818
21821,1275,1271
21822,1275,1538
21823,1275,1574
21824,1275,70
21825,1275,374
21826,1275,1235
21827,1275,618
21828,1275,854
21829,1275,639
21830,1275,1174
21831,1275,1055
21832,1275,488
21833,1275,1560
21834,1275,1474
21835,1275,127
21836,1275,690
21837,1275,941
21838,1275,1532
21839,1275,393
21840,1275,841
21841,1275,1415
21842,1275,165
21843,1275,390
21844,1275,1243
21845,1275,1125
21846,1275,221
21847,1275,812
21848,1275,1222
21849,1275,644
21850,1275,226
21851,1275,6
21852,1275,686
21853,1275,1531
21854,1275,1504
21855,1275,1323
21856,1275,433
21857,1275,861
21858,1275,359
21859,1275,408
21860,1275,254
21861,1275,824
21862,1275,1505
21863,1275,295
21864,1275,1359
21865,1275,976
21866,1275,137
21867,1275,727
21868,1275,203
21869,1275,406
21870,1275,1297
21871,1275,1113
21872,1275,1178
21873,1275,561
21874,1275,56
21875,1275,1319
21876,1275,1557
21877,1275,1410
21878,1275,405
21879,1275,1273
21880,1275,35
21881,1275,1357
21882,1275,1425
21883,1275,439
21884,1275,80
21885,1275,702
21886,1275,1209
21887,1275,592
21888,1275,1015
21889,1275,1003
21890,1275,45
21891,1275,1251
21892,1275,1389
21893,1275,974
21894,1275,1186
21895,1275,247
21896,1275,1026
21897,1275,8
21898,1275,1313
21899,1275,738
21900,1275,1033
21901,1275,1308
21902,1275,227
21903,1275,1520
21904,1275,519
21905,1275,905
21906,1275,1327
21907,1275,72
21908,1275,474
21909,1275,970
21910,1275,1423
21911,1275,494
21912,1275,985
21913,1275,1577
21914,1275,966
21915,1275,1442
21916,1275,1180
21917,1275,1562
21918,1275,933
21919,1275,1013
21920,1275,791
21921,1275,44
21922,1275,1061
21923,1275,301
21924,1275,862
21925,1275,904
21926,1275,250
21927,1275,14
21928,1275,129
21929,1275,1379
21930,1275,63
21931,1275,305
21932,1275,1301
21933,1275,586
21934,1275,953
21935,1275,801
21936,1275,741
21937,1275,478
21938,1275,972
21939,1275,863
21940,1275,679
21941,1275,642
21942,1275,460
21943,1275,542
21944,1275,1330
21945,1275,808
21946,1275,1521
21947,1275,1366
21948,1275,1014
21949,1275,465
21950,1275,248
21951,1275,1075
21952,1275,945
21953,1275,721
21954,1275,142
21955,1275,1473
21956,1275,1248
21957,1275,141
21958,1275,979
21959,1275,638
21960,1275,569
21961,1275,450
21962,1275,508
21963,1275,1496
21964,1275,1506
21965,1275,753
21966,1275,963
21967,1275,1593
21968,1275,995
21969,1275,379
21970,1275,372
21971,1275,280
21972,1275,31
21973,1275,320
21974,1275,273
21975,1275,1367
21976,1275,691
21977,1275,513
21978,1275,951
21979,1275,1508
21980,1275,1102
21981,1275,1527
21982,1275,959
21983,1275,198
21984,1275,714
21985,1275,388
21986,1275,619
21987,1275,1257
21988,1275,948
21989,1275,1462
21990,1275,217
21991,1275,1596
21992,1275,1298
21993,1275,1446
21994,1275,1280
21995,1275,468
21996,1275,1479
21997,1275,1515
21998,1275,1226
21999,1275,1163
22000,1275,925
22001,1275,692
22002,1275,1582
22003,1275,375
22004,1275,599
22005,1275,1072
22006,1281,1498
22007,1281,1392
22008,1281,472
22009,1281,195
22010,1281,706
22011,1281,639
22012,1281,932
22013,1281,1003
22014,1281,1403
22015,1281,770
22016,1281,287
22017,1281,98
22018,1281,733
22019,1281,363
22020,1281,751
22021,1281,760
22022,1281,972
22023,1281,245
22024,1281,223
22025,1281,1235
22026,1281,1355
22027,1281,1279
22028,1281,876
22029,1281,181
22030,1281,127
22031,1281,27
22032,1281,787
22033,1281,210
22034,1281,1609
22035,1281,1617
22036,1281,1339
22037,1281,1211
22038,1281,57
22039,1281,611
22040,1281,399
22041,1281,1152
22042,1281,64
22043,1281,358
22044,1281,539
22045,1281,1451
22046,1281,1535
22047,1281,808
22048,1281,1502
22049,1281,599
22050,1281,922
22051,1281,1472
22052,1281,991
22053,1281,352
22054,1281,183
22055,1281,715
22056,1281,162
22057,1281,1118
22058,1281,1424
22059,1281,739
22060,1281,107
22061,1281,1091
22062,1281,1308
22063,1281,170
22064,1281,25
22065,1281,1029
22066,1281,1258
22067,1281,1411
22068,1281,1208
22069,1281,1580
22070,1281,621
22071,1281,924
22072,1281,1043
22073,1281,227
22074,1281,679
22075,1281,120
22076,1281,1096
22077,1281,438
22078,1281,1556
22079,1281,320
22080,1281,281
22081,1281,517
22082,1281,951
22083,1281,339
22084,1281,1255
22085,1281,1245
22086,1281,446
22087,1281,1331
22088,1281,54
22089,1281,774
22090,1281,24
22091,1281,417
22092,1281,1505
22093,1281,303
22094,1281,684
22095,1281,641
22096,1281,620
22097,1281,807
22098,1281,753
22099,1281,744
22100,1281,360
22101,1281,215
22102,1281,1125
22103,1281,488
22104,1281,582
22105,1281,953
22106,1281,1077
22107,1281,178
22108,1281,941
22109,1281,1520
22110,1281,940
22111,1281,38
22112,1281,573
22113,1281,322
22114,1281,1022
22115,1281,875
22116,1281,986
22117,1281,1244
22118,1281,1016
22119,1281,1329
22120,1281,1026
22121,1281,803
22122,1281,200
22123,1281,261
22124,1281,112
22125,1281,741
22126,1281,967
22127,1281,51
22128,1281,475
22129,1281,1351
22130,1281,937
22131,1281,1442
22132,1281,1297
22133,1281,1038
22134,1281,955
22135,1281,271
22136,1281,1246
22137,1281,198
22138,1281,1536
22139,1281,489
22140,1281,1111
22141,1281,157
22142,1281,204
22143,1281,1115
22144,1281,665
22145,1281,1611
22146,1281,432
22147,1281,642
22148,1281,1527
22149,1281,1271
22150,1281,391
22151,1281,359
22152,1281,415
22153,1281,975
22154,1281,1374
22155,1281,1380
22156,1281,1212
22157,1281,1133
22158,1281,840
22159,1281,1134
22160,1281,217
22161,1281,514
22162,1281,676
22163,1281,1394
22164,1281,989
22165,1281,1105
22166,1281,958
22167,1281,589
22168,1281,1094
22169,1281,716
22170,1281,1409
22171,1281,118
22172,1281,1099
22173,1281,1248
22174,1281,141
22175,1281,1397
22176,1281,1272
22177,1281,781
22178,1281,692
22179,1281,290
22180,1281,10
22181,1281,116
22182,1281,1587
22183,1281,838
22184,1281,1456
22185,1281,203
22186,1281,1260
22187,1281,1428
22188,1281,186
22189,1281,31
22190,1281,1116
22191,1281,825
22192,1281,778
22193,1281,1352
22194,1281,222
22195,1281,625
22196,1281,530
22197,1281,1037
22198,1281,1414
22199,1281,1023
22200,1281,483
22201,1281,630
22202,1281,725
22203,1281,1252
22204,1281,773
22205,1281,1417
22206,1281,1179
22207,1281,36
22208,1281,439
22209,1281,894
22210,1281,1497
22211,1281,818
22212,1281,513
22213,1281,72
22214,1281,918
22215,1281,1317
22216,1281,375
22217,1281,769
22218,1281,821
22219,1281,1479
22220,1281,1346
22221,1281,125
22222,1281,1168
22223,1281,714
22224,1281,1404
22225,1281,1088
22226,1281,936
22227,1281,139
22228,1281,459
22229,1281,1526
22230,1281,1581
22231,1281,250
22232,1281,1462
22233,1281,1183
22234,1281,1283
22235,1281,610
22236,1281,1
22237,1281,351
22238,1281,1362
22239,1281,1064
22240,1281,925
22241,1281,1194
22242,1281,897
22243,1281,393
22244,1281,890
22245,1281,1353
22246,1281,1440
22247,1281,307
22248,1281,1012
22249,1281,345
22250,1281,1117
22251,1281,1226
22252,1281,455
22253,1281,326
22254,1281,342
22255,1281,829
22256,1281,1239
22257,1281,766
22258,1281,337
22259,1281,1206
22260,1281,464
22261,1281,1290
22262,1281,910
22263,1281,959
22264,1281,4
22265,1281,1420
22266,1281,1547
22267,1281,1234
22268,1281,295
22269,1281,1373
22270,1281,1107
22271,1281,726
22272,1281,971
22273,1290,959
22274,1290,1095
22275,1290,690
22276,1290,228
22277,1290,499
22278,1290,1427
22279,1290,777
22280,1290,716
22281,1290,1217
22282,1290,1608
22283,1290,477
22284,1290,17
22285,1290,714
22286,1290,778
22287,1290,1294
22288,1290,965
22289,1290,739
22290,1290,460
22291,1290,280
22292,1290,1178
22293,1290,662
22294,1290,1596
22295,1290,1491
22296,1290,811
22297,1290,197
22298,1290,268
22299,1290,455
22300,1290,193
22301,1290,1143
22302,1290,222
22303,1290,1553
22304,1290,1421
22305,1290,326
22306,1290,932
22307,1290,1352
22308,1290,1359
22309,1290,1140
22310,1290,1210
22311,1290,56
22312,1290,359
22313,1290,418
22314,1290,432
22315,1290,815
22316,1290,1471
22317,1290,1489
22318,1290,763
22319,1290,145
22320,1290,695
22321,1290,804
22322,1290,1480
22323,1290,1187
22324,1290,1181
22325,1290,1245
22326,1290,70
22327,1290,998
22328,1290,1261
22329,1290,805
22330,1290,107
22331,1290,1133
22332,1290,317
22333,1290,1275
22334,1290,298
22335,1290,660
22336,1290,1388
22337,1290,851
22338,1290,133
22339,1290,1528
22340,1290,928
22341,1290,1424
22342,1290,384
22343,1290,881
22344,1290,908
22345,1290,1541
22346,1290,1566
22347,1290,728
22348,1290,288
22349,1290,769
22350,1290,936
22351,1290,408
22352,1290,1311
22353,1290,715
22354,1290,416
22355,1290,756
22356,1290,153
22357,1290,629
22358,1290,346
22359,1290,1145
22360,1290,857
22361,1290,148
22362,1290,1346
22363,1290,244
22364,1290,535
22365,1290,706
22366,1290,1560
22367,1290,1493
22368,1290,1366
22369,1290,1025
22370,1290,732
22371,1290,1017
22372,1290,855
22373,1290,741
22374,1290,1395
22375,1290,776
22376,1290,915
22377,1290,1332
22378,1290,795
22379,1290,183
22380,1290,1462
22381,1290,788
22382,1290,220
22383,1290,104
22384,1290,709
22385,1290,206
22386,1290,1329
22387,1290,255
22388,1290,510
22389,1290,116
22390,1290,235
22391,1290,406
22392,1290,424
22393,1290,358
22394,1290,1
22395,1290,952
22396,1290,846
22397,1290,655
22398,1290,344
22399,1290,1473
22400,1290,1351
22401,1290,1141
22402,1290,592
22403,1290,1111
22404,1290,1422
22405,1290,1374
22406,1290,115
22407,1290,961
22408,1290,325
22409,1290,391
22410,1290,1029
22411,1290,672
22412,1290,337
22413,1290,1253
22414,1290,603
22415,1290,256
22416,1290,768
22417,1290,1113
22418,1290,134
22419,1290,140
22420,1290,1281
22421,1290,1314
22422,1290,199
22423,1290,794
22424,1290,924
22425,1290,1195
22426,1290,80
22427,1290,899
22428,1290,970
22429,1290,1538
22430,1290,59
22431,1290,191
22432,1290,350
22433,1290,195
22434,1290,1203
22435,1290,78
22436,1290,122
22437,1290,1089
22438,1290,1013
22439,1290,698
22440,1290,1431
22441,1290,1287
22442,1290,861
22443,1290,862
22444,1290,824
22445,1290,483
22446,1290,1052
22447,1290,570
22448,1290,968
22449,1290,520
22450,1290,647
22451,1290,248
22452,1290,19
22453,1290,340
22454,1290,508
22455,1290,1005
22456,1290,707
22457,1290,560
22458,1290,1397
22459,1290,1519
22460,1290,114
22461,1290,1078
22462,1290,275
22463,1290,111
22464,1290,272
22465,1290,249
22466,1290,285
22467,1290,682
22468,1290,1527
22469,1290,96
22470,1290,523
22471,1290,658
22472,1290,175
22473,1290,649
22474,1290,264
22475,1290,1573
22476,1290,167
22477,1290,229
22478,1290,412
22479,1290,336
22480,1290,210
22481,1290,532
22482,1290,814
22483,1290,1171
22484,1290,929
22485,1290,127
22486,1290,1114
22487,1290,1339
22488,1290,106
22489,1290,816
22490,1290,773
22491,1290,1479
22492,1290,1348
22493,1290,74
22494,1290,1432
22495,1290,1467
22496,1290,990
22497,1290,91
22498,1290,413
22499,1290,355
22500,1290,357
22501,1290,1378
22502,1290,905
22503,1290,1279
22504,1290,1215
22505,1290,177
22506,1290,334
22507,1290,92
22508,1290,1117
22509,1290,1441
22510,1290,996
22511,1290,67
22512,1290,1442
22513,1290,1026
22514,1290,230
22515,1290,1588
22516,1290,1303
22517,1290,1188
22518,1290,827
22519,1290,923
22520,1290,431
22521,1290,1530
22522,1290,683
22523,1290,898
22524,1290,803
22525,1290,569
22526,1290,1304
22527,1290,1186
22528,1290,1121
22529,1290,1597
22530,1290,974
22531,1290,1316
22532,1290,563
22533,1290,822
22534,1290,825
22535,1290,1289
22536,1290,875
22537,1290,1256
22538,1290,1354
22539,1290,951
22540,1290,284
22541,1290,497
22542,1290,72
22543,1290,1268
22544,1290,1443
22545,1290,1438
22546,1290,162
22547,1290,1126
22548,1290,24
22549,1290,807
22550,1290,1218
22551,1290,1284
22552,1290,1180
22553,1290,648
22554,1290,1504
22555,1290,1257
22556,1290,276
22557,1290,1176
22558,1290,97
22559,1290,345
22560,1290,964
22561,1290,1576
22562,1290,593
22563,1290,642
22564,1290,1382
22565,1290,1156
22566,1290,1485
22567,1290,1197
22568,1290,1578
22569,1290,129
22570,1290,710
22571,1290,1353
22572,1290,1191
22573,1290,712
22574,1290,588
22575,1290,1407
22576,1290,1193
22577,1290,738
22578,1290,511
22579,1290,295
22580,1290,1405
22581,1290,156
22582,1290,1099
22583,1290,1241
22584,1290,438
22585,1290,1575
22586,1290,921
22587,1290,371
22588,1290,1161
22589,1290,830
22590,1290,565
22591,1290,1470
22592,1290,40
22593,1290,294
22594,1290,1159
22595,1290,189
22596,1290,993
22597,1290,1557
22598,1290,652
22599,1290,502
22600,1290,415
22601,1290,216
22602,1290,49
22603,1290,1152
22604,1290,623
22605,1290,754
22606,1290,971
22607,1290,640
22608,1290,316
22609,1290,572
22610,1290,762
22611,1290,796
22612,1290,262
22613,1290,447
22614,1290,1271
22615,1290,1398
22616,1290,753
22617,1290,1075
22618,1290,18
22619,1290,1301
22620,1290,1451
22621,1290,305
22622,1290,374
22623,1290,121
22624,1290,826
22625,1290,611
22626,1290,540
22627,1290,1130
22628,1290,791
22629,1290,381
22630,1290,1535
22631,1290,266
22632,1290,1607
22633,1290,1459
22634,1290,473
22635,1290,1306
22636,1290,787
22637,1290,474
22638,1290,203
22639,1290,719
22640,1290,451
22641,1290,1579
22642,1290,489
22643,1290,1562
22644,1290,775
22645,1290,687
22646,1290,204
22647,1290,48
22648,1290,1619
22649,1290,1558
22650,1290,61
22651,1290,1080
22652,1290,157
22653,1290,910
22654,1290,1077
22655,1290,401
22656,1290,1196
22657,1290,1406
22658,1290,394
22659,1290,1497
22660,1290,1162
22661,1290,819
22662,1290,30
22663,1290,748
22664,1290,1132
22665,1290,1248
22666,1290,1065
22667,1290,561
22668,1290,887
22669,1290,471
22670,1290,865
22671,1290,311
22672,1290,1034
22673,1290,1534
22674,1290,339
22675,1290,278
22676,1290,1206
22677,1290,620
22678,1290,858
22679,1290,701
22680,1290,1072
22681,1290,90
22682,1290,1529
22683,1290,436
22684,1290,1060
22685,1290,926
22686,1290,1570
22687,1290,607
22688,1290,645
22689,1290,1067
22690,1290,916
22691,1290,23
22692,1290,259
22693,1290,448
22694,1290,1515
22695,1290,727
22696,1290,398
22697,1290,1144
22698,1290,286
22699,1290,534
22700,1290,1380
22701,1290,917
22702,1290,349
22703,1290,1243
22704,1290,509
22705,1290,1344
22706,1290,1010
22707,1290,981
22708,1290,500
22709,1290,1088
22710,1290,400
22711,1290,73
22712,1290,1454
22713,1290,989
22714,1290,351
22715,1290,1423
22716,1290,1335
22717,1290,693
22718,1290,4
22719,1290,1387
22720,1290,880
22721,1290,152
22722,1290,1238
22723,1290,948
22724,1290,1563
22725,1290,904
22726,1290,130
22727,1290,1182
22728,1290,886
22729,1290,1175
22730,1290,310
22731,1290,369
22732,1290,1071
22733,1290,250
22734,1290,522
22735,1290,553
22736,1290,1317
22737,1290,1039
22738,1290,279
22739,1290,703
22740,1290,1055
22741,1290,69
22742,1290,120
22743,1290,27
22744,1290,466
22745,1290,1276
22746,1290,1087
22747,1290,467
22748,1290,507
22749,1290,22
22750,1290,1211
22751,1290,731
22752,1290,973
22753,1290,1043
22754,1290,941
22755,1290,625
22756,1290,37
22757,1290,759
22758,1290,208
22759,1290,839
22760,1290,184
22761,1290,573
22762,1290,937
22763,1290,1509
22764,1290,1028
22765,1290,211
22766,1290,1428
22767,1290,188
22768,1290,402
22769,1290,1568
22770,1290,1155
22771,1290,963
22772,1290,1522
22773,1290,1239
22774,1290,789
22775,1290,903
22776,1290,308
22777,1290,519
22778,1290,1207
22779,1290,1472
22780,1290,977
22781,1290,995
22782,1290,641
22783,1290,1417
22784,1290,1300
22785,1290,616
22786,1290,366
22787,1290,86
22788,1290,1244
22789,1290,352
22790,1290,544
22791,1290,691
22792,1290,1213
22793,1290,322
22794,1290,661
22795,1290,1500
22796,1290,730
22797,1290,545
22798,1290,1096
22799,1290,1258
22800,1290,1059
22801,1290,619
22802,1290,1040
22803,1290,757
22804,1290,985
22805,1290,953
22806,1290,65
22807,1290,1331
22808,1290,82
22809,1290,843
22810,1290,452
22811,1290,303
22812,1290,1106
22813,1290,1420
22814,1290,472
22815,1290,785
22816,1290,1547
22817,1290,591
22818,1290,1516
22819,1290,1264
22820,1290,1274
22821,1290,209
22822,1290,774
22823,1290,320
22824,1290,975
22825,1290,1342
22826,1290,1312
22827,1290,991
22828,1290,1056
22829,1290,236
22830,1290,663
22831,1290,238
22832,1290,348
22833,1290,1230
22834,1290,1390
22835,1290,1386
22836,1290,1375
22837,1290,1450
22838,1290,414
22839,1290,1153
22840,1290,869
22841,1290,1358
22842,1290,1021
22843,1290,812
22844,1290,1363
22845,1290,1137
22846,1290,670
22847,1290,1209
22848,1290,409
22849,1290,736
22850,1290,1147
22851,1290,866
22852,1290,942
22853,1290,1138
22854,1290,131
22855,1290,1272
22856,1290,243
22857,1290,599
22858,1290,1007
22859,1290,833
22860,1290,1373
22861,1290,939
22862,1290,1194
22863,1290,10
22864,1290,850
22865,1290,112
22866,1290,584
22867,1290,227
22868,1290,32
22869,1290,517
22870,1290,403
22871,1290,766
22872,1290,11
22873,1290,818
22874,1290,333
22875,1290,1251
22876,1290,1542
22877,1290,911
22878,1290,582
22879,1290,1413
22880,1290,1425
22881,1290,536
22882,1290,221
22883,1290,241
22884,1290,1394
22885,1290,1263
22886,1290,938
22887,1290,889
22888,1290,1062
22889,1290,696
22890,1290,1151
22891,1290,552
22892,1290,332
22893,1290,1355
22894,1290,154
22895,1290,1567
22896,1290,185
22897,1290,966
22898,1290,89
22899,1290,581
22900,1290,624
22901,1290,1283
22902,1290,1011
22903,1290,786
22904,1290,373
22905,1290,1004
22906,1290,1476
22907,1290,146
22908,1290,174
22909,1290,1006
22910,1290,1302
22911,1290,665
22912,1290,1444
22913,1290,410
22914,1290,1610
22915,1290,380
22916,1290,546
22917,1290,751
22918,1290,615
22919,1290,1520
22920,1290,1368
22921,1290,25
22922,1290,1539
22923,1290,972
22924,1290,1185
22925,1290,844
22926,1290,137
22927,1290,1435
22928,1290,883
22929,1290,1246
22930,1290,1054
22931,1290,575
22932,1290,1103
22933,1290,261
22934,1290,118
22935,1290,1327
22936,1290,1154
22937,1290,1574
22938,1290,181
22939,1290,1063
22940,1290,590
22941,1290,282
22942,1290,1399
22943,1290,918
22944,1290,399
22945,1290,568
22946,1290,1511
22947,1290,201
22948,1290,117
22949,1290,1521
22950,1290,1404
22951,1290,1581
22952,1290,1526
22953,1290,1150
22954,1290,765
22955,1290,468
22956,1290,1234
22957,1290,514
22958,1290,291
22959,1290,1297
22960,1290,1403
22961,1290,31
22962,1290,840
22963,1290,983
22964,1290,1609
22965,1290,287
22966,1290,1326
22967,1290,1192
22968,1290,454
22969,1290,1041
22970,1290,242
22971,1290,429
22972,1290,726
22973,1290,273
22974,1290,39
22975,1290,100
22976,1290,42
22977,1290,1508
22978,1290,480
22979,1290,389
22980,1290,628
22981,1290,439
22982,1290,986
22983,1290,1503
22984,1290,580
22985,1290,1081
22986,1290,271
22987,1290,1414
22988,1290,666
22989,1290,226
22990,1290,1580
22991,1290,1468
22992,1290,1440
22993,1290,1085
22994,1290,1232
22995,1290,890
22996,1290,290
22997,1290,46
22998,1290,1546
22999,1290,1384
23000,1290,307
23001,1290,871
23002,1290,281
23003,1290,1118
23004,1290,254
23005,1290,930
23006,1290,1112
23007,1290,767
23008,1290,205
23009,1290,711
23010,1290,906
23011,1290,341
23012,1290,1000
23013,1290,1601
23014,1290,327
23015,1290,128
23016,1290,234
23017,1290,801
23018,1290,1009
23019,1290,450
23020,1290,375
23021,1290,21
23022,1290,1617
23023,1290,186
23024,1290,900
23025,1290,1434
23026,1290,1477
23027,1290,144
23028,1290,1458
23029,1290,1016
23030,1290,831
23031,1290,385
23032,1290,608
23033,1290,745
23034,1290,1533
23035,1290,671
23036,1290,165
23037,1290,1094
23038,1290,158
23039,1290,43
23040,1290,1328
23041,1290,1003
23042,1290,1038
23043,1290,1149
23044,1290,740
23045,1290,784
23046,1290,594
23047,1290,992
23048,1290,309
23049,1290,577
23050,1290,1401
23051,1290,1402
23052,1290,1163
23053,1290,1122
23054,1290,1100
23055,1290,1090
23056,1290,1439
23057,1290,982
23058,1290,239
23059,1290,636
23060,1290,638
23061,1290,893
23062,1290,35
23063,1290,422
23064,1290,1061
23065,1290,44
23066,1294,1405
23067,1294,218
23068,1294,1499
23069,1294,751
23070,1294,889
23071,1294,1398
23072,1294,282
23073,1294,984
23074,1294,457
23075,1294,1132
23076,1294,1240
23077,1294,616
23078,1294,1583
23079,1294,489
23080,1294,977
23081,1294,1448
23082,1294,1208
23083,1294,663
23084,1294,1277
23085,1294,40
23086,1294,1279
23087,1294,1603
23088,1294,1128
23089,1294,58
23090,1294,1267
23091,1294,1515
23092,1294,658
23093,1294,593
23094,1294,530
23095,1294,709
23096,1294,628
23097,1294,1157
23098,1294,981
23099,1294,781
23100,1294,290
23101,1294,633
23102,1294,826
23103,1294,1242
23104,1294,1429
23105,1294,933
23106,1294,483
23107,1294,1317
23108,1294,1231
23109,1294,834
23110,1294,123
23111,1294,646
23112,1294,39
23113,1294,805
23114,1294,1196
23115,1294,1127
23116,1294,831
23117,1294,1081
23118,1294,511
23119,1294,1143
23120,1294,733
23121,1294,153
23122,1294,1503
23123,1294,610
23124,1294,223
23125,1294,116
23126,1294,683
23127,1294,1252
23128,1294,394
23129,1294,784
23130,1294,788
23131,1294,398
23132,1294,835
23133,1294,334
23134,1294,821
23135,1294,1478
23136,1294,1289
23137,1294,729
23138,1294,544
23139,1294,1397
23140,1294,349
23141,1294,51
23142,1294,931
23143,1294,1264
23144,1294,120
23145,1294,369
23146,1294,1121
23147,1294,685
23148,1294,502
23149,1294,59
23150,1294,508
23151,1294,490
23152,1294,1215
23153,1294,1330
23154,1294,1246
23155,1294,691
23156,1294,1281
23157,1294,320
23158,1294,436
23159,1294,13
23160,1294,1195
23161,1294,101
23162,1294,708
23163,1294,674
23164,1294,1371
23165,1294,638
23166,1294,1521
23167,1294,794
23168,1294,614
23169,1294,861
23170,1294,649
23171,1294,1474
23172,1294,785
23173,1294,4
23174,1294,139
23175,1294,875
23176,1294,838
23177,1294,767
23178,1294,1310
23179,1294,185
23180,1294,865
23181,1294,967
23182,1294,778
23183,1294,276
23184,1294,450
23185,1294,1562
23186,1294,41
23187,1294,445
23188,1294,140
23189,1294,1345
23190,1294,240
23191,1294,260
23192,1294,1088
23193,1294,900
23194,1294,1523
23195,1294,238
23196,1294,1404
23197,1294,44
23198,1294,936
23199,1294,494
23200,1294,141
23201,1294,519
23202,1294,135
23203,1294,1133
23204,1294,1489
23205,1294,721
23206,1294,418
23207,1294,1149
23208,1294,634
23209,1294,585
23210,1294,937
23211,1294,54
23212,1294,586
23213,1294,964
23214,1294,754
23215,1294,459
23216,1294,570
23217,1294,307
23218,1294,1243
23219,1294,1485
23220,1294,618
23221,1294,1582
23222,1294,591
23223,1294,879
23224,1294,1423
23225,1294,200
23226,1294,1012
23227,1294,147
23228,1294,621
23229,1294,96
23230,1294,261
23231,1294,870
23232,1294,241
23233,1294,624
23234,1294,1383
23235,1294,1414
23236,1294,594
23237,1294,956
23238,1294,923
23239,1294,529
23240,1294,1101
23241,1294,424
23242,1294,385
23243,1294,189
23244,1294,627
23245,1294,1425
23246,1294,20
23247,1294,1178
23248,1294,828
23249,1294,1456
23250,1294,1498
23251,1294,676
23252,1294,722
23253,1294,92
23254,1294,1347
23255,1302,1502
23256,1302,1213
23257,1302,498
23258,1302,449
23259,1302,1454
23260,1302,726
23261,1302,854
23262,1302,620
23263,1302,740
23264,1302,961
23265,1302,942
23266,1302,1218
23267,1302,533
23268,1302,1617
23269,1302,134
23270,1302,29
23271,1302,460
23272,1302,1494
23273,1302,805
23274,1302,1374
23275,1302,930
23276,1302,1139
23277,1302,623
23278,1302,317
23279,1302,1263
23280,1302,733
23281,1302,1424
23282,1302,1269
23283,1302,1619
23284,1302,1032
23285,1302,1353
23286,1302,128
23287,1302,446
23288,1302,1095
23289,1302,105
23290,1302,597
23291,1302,1426
23292,1302,749
23293,1302,1236
23294,1302,622
23295,1302,235
23296,1302,1192
23297,1302,268
23298,1302,484
23299,1302,844
23300,1302,428
23301,1302,482
23302,1302,833
23303,1302,846
23304,1302,1359
23305,1302,1521
23306,1302,695
23307,1302,1466
23308,1302,1117
23309,1302,429
23310,1302,1520
23311,1302,736
23312,1302,1260
23313,1302,840
23314,1302,301
23315,1302,1415
23316,1302,500
23317,1302,993
23318,1302,106
23319,1302,1238
23320,1302,530
23321,1302,1239
23322,1302,143
23323,1302,1070
23324,1302,223
23325,1302,979
23326,1302,1103
23327,1302,199
23328,1302,1233
23329,1302,451
23330,1302,284
23331,1302,56
23332,1302,179
23333,1302,218
23334,1302,1323
23335,1302,107
23336,1302,1153
23337,1302,472
23338,1302,983
23339,1302,14
23340,1302,1335
23341,1302,892
23342,1302,1410
23343,1302,756
23344,1302,959
23345,1302,1108
23346,1302,463
23347,1302,1003
23348,1302,616
23349,1302,424
23350,1302,478
23351,1302,821
23352,1302,1232
23353,1302,1298
23354,1302,1399
23355,1302,1194
23356,1302,1002
23357,1302,933
23358,1302,1352
23359,1302,278
23360,1302,39
23361,1302,837
23362,1302,1181
23363,1302,209
23364,1302,905
23365,1302,240
23366,1302,445
23367,1302,677
23368,1302,590
23369,1302,148
23370,1302,704
23371,1302,90
23372,1302,728
23373,1302,526
23374,1302,432
23375,1302,1179
23376,1302,657
23377,1302,1099
23378,1302,408
23379,1302,1453
23380,1302,1044
23381,1302,807
23382,1302,1207
23383,1302,22
23384,1302,1289
23385,1302,358
23386,1302,1446
23387,1302,141
23388,1302,1474
23389,1302,868
23390,1302,566
23391,1302,1033
23392,1302,824
23393,1302,1516
23394,1302,556
23395,1302,1162
23396,1302,258
23397,1302,655
23398,1302,497
23399,1302,1116
23400,1302,417
23401,1302,768
23402,1302,1439
23403,1302,28
23404,1302,781
23405,1302,893
23406,1302,1376
23407,1302,1121
23408,1302,676
23409,1302,1342
23410,1302,60
23411,1302,293
23412,1302,1212
23413,1302,266
23414,1302,803
23415,1302,351
23416,1302,1080
23417,1302,1093
23418,1302,1241
23419,1302,659
23420,1302,576
23421,1302,344
23422,1302,9
23423,1302,1131
23424,1302,1037
23425,1302,923
23426,1302,41
23427,1302,99
23428,1302,755
23429,1302,1371
23430,1302,385
23431,1302,273
23432,1302,996
23433,1302,767
23434,1302,180
23435,1302,1373
23436,1302,522
23437,1302,1125
23438,1302,544
23439,1302,244
23440,1302,1452
23441,1302,197
23442,1302,1035
23443,1302,456
23444,1302,69
23445,1302,23
23446,1302,261
23447,1302,715
23448,1302,371
23449,1302,870
23450,1302,1563
23451,1302,1101
23452,1302,436
23453,1302,1333
23454,1302,665
23455,1302,765
23456,1302,1136
23457,1302,661
23458,1302,1551
23459,1302,1475
23460,1302,1310
23461,1302,388
23462,1302,688
23463,1302,44
23464,1302,1176
23465,1302,1087
23466,1302,624
23467,1302,442
23468,1302,369
23469,1302,203
23470,1302,553
23471,1302,857
23472,1302,878
23473,1302,64
23474,1302,1057
23475,1302,748
23476,1302,852
23477,1302,1383
23478,1302,804
23479,1302,1076
23480,1302,1276
23481,1302,1481
23482,1302,1119
23483,1302,956
23484,1302,936
23485,1302,391
23486,1302,1404
23487,1302,1486
23488,1302,760
23489,1302,175
23490,1302,773
23491,1302,326
23492,1302,592
23493,1302,481
23494,1302,1480
23495,1302,795
23496,1302,911
23497,1302,1518
23498,1302,1425
23499,1302,865
23500,1302,1592
23501,1302,814
23502,1302,717
23503,1302,1438
23504,1302,1180
23505,1302,1127
23506,1302,1411
23507,1302,1
23508,1302,54
23509,1302,937
23510,1302,312
23511,1302,569
23512,1302,1414
23513,1302,1497
23514,1302,1234
23515,1302,612
23516,1302,1561
23517,1302,97
23518,1302,1061
23519,1302,335
23520,1302,686
23521,1302,211
23522,1302,1130
23523,1302,176
23524,1302,227
23525,1302,511
23526,1302,1409
23527,1302,262
23528,1302,1429
23529,1302,1191
23530,1302,1133
23531,1302,80
23532,1302,1570
23533,1302,639
23534,1302,571
23535,1302,697
23536,1302,660
23537,1302,540
23538,1302,934
23539,1302,1005
23540,1302,539
23541,1302,1392
23542,1302,477
23543,1302,499
23544,1302,357
23545,1302,355
23546,1302,683
23547,1302,862
23548,1302,1240
23549,1302,1174
23550,1302,1549
23551,1302,1023
23552,1302,776
23553,1302,458
23554,1302,1447
23555,1302,1270
23556,1302,667
23557,1302,1329
23558,1302,1105
23559,1302,520
23560,1302,217
23561,1302,858
23562,1302,271
23563,1302,4
23564,1302,1580
23565,1302,260
23566,1302,1531
23567,1302,798
23568,1302,547
23569,1302,1246
23570,1302,542
23571,1302,48
23572,1302,690
23573,1302,607
23574,1302,954
23575,1302,641
23576,1302,1084
23577,1302,820
23578,1302,722
23579,1302,374
23580,1302,915
23581,1302,1390
23582,1302,1184
23583,1302,139
23584,1302,1226
23585,1302,302
23586,1302,887
23587,1302,584
23588,1302,771
23589,1302,927
23590,1302,742
23591,1302,521
23592,1302,1290
23593,1302,1553
23594,1302,1040
23595,1302,1140
23596,1302,361
23597,1302,1293
23598,1302,1456
23599,1302,789
23600,1302,452
23601,1302,578
23602,1302,791
23603,1302,327
23604,1302,131
23605,1302,205
23606,1302,225
23607,1302,1423
23608,1302,1428
23609,1302,572
23610,1302,848
23611,1302,332
23612,1302,691
23613,1302,1536
23614,1302,401
23615,1302,1511
23616,1302,1394
23617,1302,1328
23618,1302,721
23619,1302,752
23620,1302,897
23621,1302,46
23622,1302,126
23623,1302,1331
23624,1302,647
23625,1302,565
23626,1302,1013
23627,1302,1435
23628,1302,1264
23629,1302,1349
23630,1302,849
23631,1302,186
23632,1302,964
23633,1302,1493
23634,1302,290
23635,1302,1554
23636,1302,1059
23637,1302,350
23638,1302,828
23639,1302,208
23640,1302,279
23641,1302,364
23642,1302,545
23643,1302,1519
23644,1302,1012
23645,1302,441
23646,1302,1149
23647,1302,552
23648,1302,24
23649,1302,621
23650,1302,872
23651,1302,127
23652,1302,1527
23653,1302,1041
23654,1302,747
23655,1302,1397
23656,1302,1387
23657,1302,718
23658,1302,470
23659,1302,308
23660,1302,1400
23661,1302,1509
23662,1302,904
23663,1302,1134
23664,1302,1128
23665,1302,914
23666,1302,191
23667,1302,222
23668,1302,102
23669,1302,1015
23670,1302,1386
23671,1302,363
23672,1302,37
23673,1302,1443
23674,1302,1395
23675,1302,744
23676,1302,831
23677,1302,298
23678,1302,313
23679,1302,1458
23680,1302,334
23681,1302,412
23682,1302,826
23683,1302,75
23684,1302,35
23685,1302,383
23686,1302,817
23687,1302,1025
23688,1302,6
23689,1302,1228
23690,1302,1431
23691,1302,1215
23692,1302,340
23693,1302,167
23694,1302,626
23695,1302,946
23696,1302,619
23697,1302,949
23698,1302,1515
23699,1302,1155
23700,1302,306
23701,1302,1157
23702,1302,117
23703,1302,1564
23704,1302,769
23705,1302,699
23706,1302,963
23707,1302,1348
23708,1302,1273
23709,1302,1248
23710,1302,1558
23711,1302,1063
23712,1302,285
23713,1302,1472
23714,1302,890
23715,1302,1330
23716,1302,1572
23717,1302,706
23718,1302,286
23719,1302,1028
23720,1302,322
23721,1302,1510
23722,1302,1081
23723,1302,1292
23724,1302,859
23725,1302,593
23726,1302,411
23727,1302,531
23728,1302,1479
23729,1302,549
23730,1302,1054
23731,1302,1007
23732,1302,1405
23733,1302,938
23734,1302,398
23735,1302,1610
23736,1302,1217
23737,1302,1243
23738,1302,390
23739,1302,392
23740,1302,325
23741,1302,931
23742,1302,1530
23743,1302,1442
23744,1302,469
23745,1302,1547
23746,1302,546
23747,1302,339
23748,1302,588
23749,1302,614
23750,1302,646
23751,1302,1587
23752,1302,31
23753,1302,42
23754,1302,684
23755,1302,1496
23756,1302,1175
23757,1302,1317
23758,1302,1591
23759,1302,380
23760,1302,671
23761,1302,288
23762,1302,133
23763,1302,1199
23764,1302,318
23765,1302,1602
23766,1302,694
23767,1302,611
23768,1302,210
23769,1302,234
23770,1302,1612
23771,1302,625
23772,1302,649
23773,1302,1171
23774,1302,796
23775,1302,577
23776,1302,573
23777,1302,1004
23778,1302,467
23779,1302,819
23780,1302,507
23781,1302,1268
23782,1302,61
23783,1302,770
23784,1302,707
23785,1302,147
23786,1302,777
23787,1302,1604
23788,1302,50
23789,1302,560
23790,1302,406
23791,1302,759
23792,1302,204
23793,1302,751
23794,1302,193
23795,1302,514
23796,1302,696
23797,1302,30
23798,1302,1427
23799,1302,359
23800,1302,812
23801,1302,195
23802,1302,1345
23803,1302,1244
23804,1302,1473
23805,1302,714
23806,1302,703
23807,1302,788
23808,1302,638
23809,1302,762
23810,1302,1231
23811,1302,489
23812,1302,730
23813,1302,969
23814,1302,982
23815,1302,898
23816,1302,1529
23817,1302,1312
23818,1302,27
23819,1302,233
23820,1302,568
23821,1302,1382
23822,1302,103
23823,1302,418
23824,1302,973
23825,1302,1074
23826,1302,1437
23827,1302,328
23828,1302,861
23829,1302,1052
23830,1302,838
23831,1302,125
23832,1302,563
23833,1302,1193
23834,1302,1523
23835,1302,908
23836,1302,719
23837,1302,630
23838,1302,1096
23839,1302,972
23840,1302,239
23841,1302,1532
23842,1302,582
23843,1302,165
23844,1302,1614
23845,1302,202
23846,1302,1196
23847,1302,198
23848,1302,70
23849,1302,247
23850,1302,509
23851,1302,1596
23852,1302,710
23853,1302,1308
23854,1302,1575
23855,1302,811
23856,1302,738
23857,1302,876
23858,1302,316
23859,1302,415
23860,1302,1326
23861,1302,1448
23862,1302,668
23863,1302,1251
23864,1302,226
23865,1302,1535
23866,1302,111
23867,1302,746
23868,1302,1608
23869,1302,8
23870,1302,917
23871,1302,1362
23872,1302,62
23873,1302,1470
23874,1302,1055
23875,1302,281
23876,1302,1091
23877,1302,1319
23878,1302,642
23879,1302,251
23880,1302,1094
23881,1302,1141
23882,1302,33
23883,1302,196
23884,1302,1489
23885,1302,1242
23886,1302,645
23887,1302,1006
23888,1302,1363
23889,1302,1421
23890,1302,459
23891,1302,1574
23892,1302,181
23893,1302,827
23894,1302,900
23895,1302,1252
23896,1302,975
23897,1302,362
23898,1302,372
23899,1302,1557
23900,1302,663
23901,1302,450
23902,1302,118
23903,1302,1327
23904,1302,476
23905,1302,670
23906,1302,537
23907,1302,851
23908,1302,303
23909,1302,58
23910,1302,1197
23911,1302,891
23912,1302,1111
23913,1335,970
23914,1335,720
23915,1335,1070
23916,1335,1063
23917,1335,464
23918,1335,1468
23919,1335,1081
23920,1335,719
23921,1335,398
23922,1335,558
23923,1335,1274
23924,1335,309
23925,1335,603
23926,1335,1088
23927,1335,768
23928,1335,506
23929,1335,923
23930,1335,1234
23931,1335,570
23932,1335,1472
23933,1335,402
23934,1335,1609
23935,1335,1068
23936,1335,614
23937,1335,690
23938,1335,1130
23939,1335,69
23940,1335,485
23941,1335,1184
23942,1335,1524
23943,1335,961
23944,1335,772
23945,1335,1411
23946,1335,475
23947,1335,305
23948,1335,771
23949,1335,1443
23950,1335,625
23951,1335,499
23952,1335,677
23953,1335,1037
23954,1335,1619
23955,1335,19
23956,1335,807
23957,1335,245
23958,1335,799
23959,1335,935
23960,1335,572
23961,1335,1597
23962,1335,1591
23963,1335,29
23964,1335,1136
23965,1335,290
23966,1335,156
23967,1335,1307
23968,1335,152
23969,1335,652
23970,1335,221
23971,1335,1240
23972,1335,1171
23973,1335,366
23974,1335,500
23975,1335,667
23976,1335,268
23977,1335,248
23978,1335,1516
23979,1335,889
23980,1335,1572
23981,1335,401
23982,1335,1131
23983,1335,868
23984,1335,1010
23985,1335,211
23986,1335,863
23987,1335,1531
23988,1335,1288
23989,1335,1034
23990,1335,105
23991,1335,629
23992,1335,1159
23993,1335,1541
23994,1335,47
23995,1335,488
23996,1335,695
23997,1335,1610
23998,1335,22
23999,1335,599
24000,1335,1122
24001,1335,733
24002,1335,514
24003,1335,550
24004,1335,942
24005,1335,1176
24006,1335,1146
24007,1335,254
24008,1335,351
24009,1335,1028
24010,1335,565
24011,1335,588
24012,1335,502
24013,1335,416
24014,1335,1101
24015,1335,1020
24016,1335,1583
24017,1335,279
24018,1335,145
24019,1335,1447
24020,1335,230
24021,1335,658
24022,1335,408
24023,1335,1040
24024,1335,546
24025,1335,1500
24026,1335,1614
24027,1335,392
24028,1335,1488
24029,1335,498
24030,1335,1575
24031,1335,971
24032,1335,738
24033,1335,1062
24034,1335,195
24035,1335,1056
24036,1335,784
24037,1335,1053
24038,1335,422
24039,1335,1269
24040,1335,359
24041,1335,480
24042,1335,983
24043,1335,1391
24044,1335,1375
24045,1335,1059
24046,1335,1127
24047,1335,1011
24048,1335,1116
24049,1335,189
24050,1335,36
24051,1335,624
24052,1335,530
24053,1335,715
24054,1335,1196
24055,1335,1511
24056,1335,854
24057,1335,1033
24058,1335,1342
24059,1335,1431
24060,1335,1211
24061,1335,114
24062,1335,585
24063,1335,1330
24064,1335,262
24065,1335,560
24066,1335,31
24067,1335,952
24068,1335,460
24069,1335,1538
24070,1335,72
24071,1335,1181
24072,1335,1290
24073,1335,635
24074,1335,38
24075,1335,1394
24076,1335,101
24077,1335,294
24078,1335,258
24079,1335,251
24080,1335,745
24081,1335,853
24082,1335,1000
24083,1335,413
24084,1335,1425
24085,1335,471
24086,1335,1082
24087,1335,774
24088,1335,666
24089,1335,1226
24090,1335,693
24091,1335,655
24092,1335,781
24093,1335,682
24094,1335,1437
24095,1335,61
24096,1335,1359
24097,1335,508
24098,1335,1584
24099,1335,1398
24100,1335,1615
24101,1335,1456
24102,1335,1089
24103,1335,578
24104,1335,803
24105,1335,1139
24106,1335,787
24107,1335,642
24108,1335,1117
24109,1335,1178
24110,1335,1460
24111,1335,728
24112,1335,1275
24113,1335,21
24114,1335,26
24115,1335,186
24116,1335,547
24117,1335,679
24118,1335,374
24119,1335,310
24120,1335,1529
24121,1335,701
24122,1335,1286
24123,1335,179
24124,1335,1270
24125,1335,410
24126,1335,826
24127,1335,1528
24128,1335,1263
24129,1335,545
24130,1335,1473
24131,1335,337
24132,1335,884
24133,1335,561
24134,1335,257
24135,1335,1549
24136,1335,273
24137,1335,479
24138,1335,302
24139,1335,94
24140,1335,259
24141,1335,1203
24142,1335,766
24143,1335,1157
24144,1335,1580
24145,1335,1339
24146,1335,830
24147,1335,198
24148,1335,1248
24149,1335,215
24150,1335,857
24151,1335,928
24152,1335,1603
24153,1335,185
24154,1335,1222
24155,1335,477
24156,1335,1087
24157,1335,969
24158,1335,446
24159,1335,1281
24160,1335,1404
24161,1335,165
24162,1335,1202
24163,1335,497
24164,1335,350
24165,1335,676
24166,1335,1022
24167,1335,467
24168,1335,870
24169,1335,153
24170,1335,356
24171,1335,839
24172,1335,1007
24173,1335,1568
24174,1335,1185
24175,1335,96
24176,1335,1494
24177,1335,1212
24178,1335,1168
24179,1335,628
24180,1335,1523
24181,1335,1314
24182,1335,1078
24183,1335,157
24184,1335,1016
24185,1335,364
24186,1335,915
24187,1335,1024
24188,1335,778
24189,1335,39
24190,1335,457
24191,1335,60
24192,1335,1518
24193,1335,240
24194,1335,1251
24195,1335,878
24196,1335,848
24197,1335,376
24198,1335,326
24199,1335,1186
24200,1335,1436
24201,1335,646
24202,1335,697
24203,1335,1331
24204,1335,11
24205,1335,1577
24206,1335,1154
24207,1335,1169
24208,1335,183
24209,1335,1143
24210,1335,222
24211,1335,998
24212,1335,725
24213,1335,840
24214,1335,776
24215,1335,87
24216,1335,1233
24217,1335,513
24218,1335,986
24219,1335,711
24220,1335,1229
24221,1335,1257
24222,1335,811
24223,1335,936
24224,1335,1134
24225,1335,1469
24226,1335,445
24227,1335,644
24228,1335,494
24229,1335,748
24230,1335,143
24231,1335,608
24232,1335,127
24233,1335,1009
24234,1335,56
24235,1335,1253
24236,1335,120
24237,1335,58
24238,1335,144
24239,1335,908
24240,1335,1477
24241,1335,707
24242,1335,517
24243,1335,244
24244,1335,30
24245,1335,582
24246,1335,910
24247,1335,510
24248,1335,708
24249,1335,1376
24250,1335,911
24251,1335,1611
24252,1335,128
24253,1335,503
24254,1335,1213
24255,1335,390
24256,1335,1570
24257,1335,861
24258,1335,271
24259,1335,897
24260,1335,1410
24261,1335,577
24262,1335,1279
24263,1335,773
24264,1335,276
24265,1335,900
24266,1335,1353
24267,1335,976
24268,1335,1374
24269,1335,1057
24270,1335,834
24271,1335,532
24272,1335,10
24273,1335,948
24274,1335,665
24275,1335,116
24276,1335,706
24277,1335,1344
24278,1335,481
24279,1335,1313
24280,1335,1113
24281,1335,220
24282,1335,1569
24283,1335,24
24284,1335,9
24285,1335,43
24286,1335,219
24287,1335,1479
24288,1335,449
24289,1335,1182
24290,1335,1287
24291,1335,71
24292,1335,176
24293,1335,511
24294,1335,575
24295,1335,1065
24296,1335,74
24297,1335,175
24298,1335,492
24299,1335,1452
24300,1335,988
24301,1335,1156
24302,1335,1372
24303,1335,82
24304,1335,1299
24305,1335,1046
24306,1335,468
24307,1335,150
24308,1335,45
24309,1335,1608
24310,1335,994
24311,1335,533
24312,1335,529
24313,1335,1072
24314,1335,1163
24315,1335,424
24316,1335,1074
24317,1335,325
24318,1335,418
24319,1335,1525
24320,1335,618
24321,1335,1499
24322,1335,1118
24323,1335,688
24324,1335,1397
24325,1335,1587
24326,1335,406
24327,1335,809
24328,1335,372
24329,1335,883
24330,1335,466
24331,1335,1409
24332,1335,979
24333,1335,1221
24334,1335,821
24335,1335,1432
24336,1335,62
24337,1335,749
24338,1335,724
24339,1335,1593
24340,1335,846
24341,1335,1289
24342,1335,1025
24343,1335,975
24344,1335,1261
24345,1335,1448
24346,1335,1489
24347,1335,1392
24348,1335,348
24349,1335,1300
24350,1335,1303
24351,1335,349
24352,1335,770
24353,1335,984
24354,1335,1027
24355,1335,638
24356,1335,763
24357,1335,740
24358,1335,334
24359,1335,1532
24360,1335,509
24361,1335,1041
24362,1335,1470
24363,1335,855
24364,1335,102
24365,1335,730
24366,1335,177
24367,1335,91
24368,1335,956
24369,1335,762
24370,1335,534
24371,1335,1504
24372,1335,218
24373,1335,436
24374,1335,946
24375,1335,223
24376,1335,609
24377,1335,384
24378,1335,1106
24379,1335,549
24380,1335,451
24381,1335,1095
24382,1335,122
24383,1335,659
24384,1335,710
24385,1335,473
24386,1335,360
24387,1335,1418
24388,1335,1358
24389,1335,1327
24390,1335,1208
24391,1335,1509
24392,1335,226
24393,1335,882
24394,1335,540
24395,1335,272
24396,1335,670
24397,1335,645
24398,1335,718
24399,1335,106
24400,1335,1079
24401,1335,844
24402,1335,59
24403,1335,567
24404,1335,103
24405,1335,389
24406,1335,1050
24407,1335,439
24408,1335,755
24409,1335,1199
24410,1335,433
24411,1335,1297
24412,1335,650
24413,1335,996
24414,1335,340
24415,1335,543
24416,1335,432
24417,1335,754
24418,1335,370
24419,1335,1207
24420,1335,875
24421,1335,736
24422,1335,1400
24423,1335,455
24424,1335,1067
24425,1335,1402
24426,1335,995
24427,1335,921
24428,1335,592
24429,1335,589
24430,1335,1326
24431,1335,1194
24432,1335,1466
24433,1335,573
24434,1335,1147
24435,1335,1465
24436,1335,80
24437,1335,1264
24438,1335,303
24439,1335,775
24440,1335,1604
24441,1335,838
24442,1335,23
24443,1335,391
24444,1335,1064
24445,1335,339
24446,1335,1347
24447,1335,92
24448,1335,541
24449,1335,139
24450,1335,700
24451,1335,891
24452,1335,968
24453,1335,590
24454,1335,379
24455,1335,1415
24456,1335,633
24457,1335,281
24458,1335,1271
24459,1335,798
24460,1335,284
24461,1335,423
24462,1335,953
24463,1335,385
24464,1335,536
24465,1335,345
24466,1335,520
24467,1335,1133
24468,1335,1440
24469,1335,1030
24470,1335,1428
24471,1335,280
24472,1335,1195
24473,1335,1075
24474,1335,1135
24475,1335,1245
24476,1335,1244
24477,1335,8
24478,1335,1005
24479,1335,18
24480,1335,1013
24481,1335,115
24482,1335,647
24483,1335,414
24484,1335,1071
24485,1335,1399
24486,1335,1144
24487,1335,1108
24488,1335,980
24489,1335,197
24490,1335,1491
24491,1335,415
24492,1335,814
24493,1335,463
24494,1335,581
24495,1335,247
24496,1335,887
24497,1335,301
24498,1335,726
24499,1335,1316
24500,1335,1387
24501,1335,266
24502,1335,1125
24503,1335,758
24504,1335,1551
24505,1335,1267
24506,1335,1485
24507,1335,1175
24508,1335,1539
24509,1335,287
24510,1335,563
24511,1335,1266
24512,1335,173
24513,1335,819
24514,1335,64
24515,1335,317
24516,1335,469
24517,1335,1414
24518,1335,1562
24519,1335,1429
24520,1335,16
24521,1335,744
24522,1335,1002
24523,1335,941
24524,1335,1302
24525,1335,282
24526,1335,1486
24527,1335,396
24528,1335,314
24529,1335,1128
24530,1335,727
24531,1335,831
24532,1335,1365
24533,1335,607
24534,1335,269
24535,1335,1493
24536,1335,627
24537,1335,694
24538,1335,121
24539,1335,1235
24540,1335,67
24541,1335,99
24542,1335,1556
24543,1335,668
24544,1335,1217
24545,1335,1367
24546,1335,944
24547,1335,1422
24548,1335,932
24549,1335,484
24550,1335,363
24551,1335,458
24552,1335,1530
24553,1335,204
24554,1335,200
24555,1335,255
24556,1335,812
24557,1335,212
24558,1335,288
24559,1335,1421
24560,1335,44
24561,1335,274
24562,1335,1164
24563,1335,1364
24564,1335,829
24565,1335,181
24566,1335,739
24567,1335,1521
24568,1335,214
24569,1335,476
24570,1335,131
24571,1335,224
24572,1335,1520
24573,1335,1112
24574,1335,1197
24575,1335,109
24576,1335,1474
24577,1335,148
24578,1335,817
24579,1335,51
24580,1335,327
24581,1335,1099
24582,1335,1105
24583,1335,1093
24584,1335,657
24585,1335,1535
24586,1335,963
24587,1335,1553
24588,1335,661
24589,1335,619
24590,1335,191
24591,1335,684
24592,1335,767
24593,1335,1272
24594,1335,837
24595,1335,973
24596,1335,428
24597,1335,367
24598,1335,931
24599,1335,869
24600,1335,448
24601,1335,1145
24602,1335,1475
24603,1335,851
24604,1335,1349
24605,1335,90
24606,1335,295
24607,1335,459
24608,1335,470
24609,1335,880
24610,1335,1115
24611,1335,1100
24612,1335,256
24613,1335,328
24614,1335,1312
24615,1335,858
24616,1335,332
24617,1335,1596
24618,1335,227
24619,1335,1527
24620,1335,1413
24621,1335,336
24622,1335,375
24623,1335,1357
24624,1335,916
24625,1335,981
24626,1335,804
24627,1335,922
24628,1335,342
24629,1335,311
24630,1335,490
24631,1335,1319
24632,1335,535
24633,1335,403
24634,1335,142
24635,1335,1061
24636,1335,135
24637,1335,1483
24638,1335,1060
24639,1335,1223
24640,1335,307
24641,1335,1582
24642,1335,818
24643,1335,934
24644,1335,1434
24645,1335,1043
24646,1335,1534
24647,1335,1487
24648,1335,699
24649,1335,1379
24650,1335,1080
24651,1335,681
24652,1335,955
24653,1335,820
24654,1335,365
24655,1335,32
24656,1335,1378
24657,1335,1161
24658,1335,1558
24659,1335,1247
24660,1335,25
24661,1335,958
24662,1335,1386
24663,1335,412
24664,1335,974
24665,1335,1567
24666,1335,1480
24667,1335,717
24668,1335,341
24669,1335,753
24670,1335,1035
24671,1335,320
24672,1335,1132
24673,1335,712
24674,1335,0
24675,1335,1083
24676,1335,483
24677,1335,1545
24678,1335,597
24679,1335,662
24680,1335,1406
24681,1335,229
24682,1335,639
24683,1335,1276
24684,1335,1438
24685,1335,57
24686,1335,1369
24687,1335,1454
24688,1335,1332
24689,1335,917
24690,1335,1501
24691,1335,1003
24692,1335,1230
24693,1335,210
24694,1335,845
24695,1335,756
24696,1335,1576
24697,1335,174
24698,1335,864
24699,1335,890
24700,1335,1505
24701,1335,104
24702,1335,315
24703,1335,1588
24704,1335,13
24705,1335,1256
24706,1335,1152
24707,1335,209
24708,1335,832
24709,1335,1292
24710,1335,1388
24711,1335,940
24712,1335,1405
24713,1335,993
24714,1335,1220
24715,1335,206
24716,1335,1029
24717,1335,1384
24718,1335,1018
24719,1335,17
24720,1335,893
24721,1335,474
24722,1335,293
24723,1335,352
24724,1335,205
24725,1335,966
24726,1335,972
24727,1335,1317
24728,1335,788
24729,1335,1407
24730,1335,866
24731,1335,859
24732,1335,568
24733,1335,759
24734,1335,905
24735,1335,291
24736,1335,615
24737,1335,171
24738,1335,1215
24739,1335,358
24740,1335,380
24741,1335,383
24742,1335,70
24743,1335,1162
24744,1335,1044
24745,1335,65
24746,1335,539
24747,1335,977
24748,1335,1055
24749,1335,1258
24750,1335,1140
24751,1335,925
24752,1335,1441
24753,1392,456
24754,1392,1297
24755,1392,1403
24756,1392,893
24757,1392,769
24758,1392,1384
24759,1392,92
24760,1392,276
24761,1392,1407
24762,1392,827
24763,1392,1327
24764,1392,1250
24765,1392,281
24766,1392,479
24767,1392,889
24768,1392,514
24769,1392,1125
24770,1392,1044
24771,1392,266
24772,1392,62
24773,1392,1263
24774,1392,455
24775,1392,1357
24776,1392,1588
24777,1392,91
24778,1392,1442
24779,1392,1038
24780,1392,1473
24781,1392,821
24782,1392,240
24783,1392,763
24784,1392,221
24785,1392,649
24786,1392,372
24787,1392,1160
24788,1392,1312
24789,1392,981
24790,1392,1017
24791,1392,928
24792,1392,577
24793,1392,833
24794,1392,1536
24795,1392,546
24796,1392,154
24797,1392,1034
24798,1392,1013
24799,1392,952
24800,1392,368
24801,1392,1333
24802,1392,98
24803,1392,837
24804,1392,216
24805,1392,1454
24806,1392,1369
24807,1392,676
24808,1392,1440
24809,1392,1136
24810,1392,150
24811,1392,367
24812,1392,671
24813,1392,1508
24814,1392,490
24815,1392,694
24816,1392,1113
24817,1392,1023
24818,1392,659
24819,1392,619
24820,1392,1208
24821,1392,1476
24822,1392,1012
24823,1392,1210
24824,1392,655
24825,1392,1289
24826,1392,1139
24827,1392,1522
24828,1392,457
24829,1392,217
24830,1392,956
24831,1392,1286
24832,1392,1495
24833,1392,1409
24834,1392,1511
24835,1392,838
24836,1392,56
24837,1392,287
24838,1392,43
24839,1392,762
24840,1392,969
24841,1392,117
24842,1392,66
24843,1392,804
24844,1392,880
24845,1392,383
24846,1392,1090
24847,1392,1589
24848,1392,841
24849,1392,1496
24850,1392,1022
24851,1392,1235
24852,1392,422
24853,1392,665
24854,1392,197
24855,1392,1301
24856,1392,78
24857,1392,1155
24858,1392,843
24859,1392,257
24860,1392,1389
24861,1392,1108
24862,1392,558
24863,1392,135
24864,1392,183
24865,1392,286
24866,1392,778
24867,1392,751
24868,1392,285
24869,1392,698
24870,1392,72
24871,1392,725
24872,1392,1400
24873,1392,1156
24874,1392,989
24875,1392,998
24876,1392,413
24877,1392,903
24878,1392,1171
24879,1392,1531
24880,1392,80
24881,1392,205
24882,1392,1421
24883,1392,738
24884,1392,727
24885,1392,1230
24886,1392,1451
24887,1392,973
24888,1392,644
24889,1392,1087
24890,1392,1372
24891,1392,336
24892,1392,1151
24893,1392,1228
24894,1392,634
24895,1392,1467
24896,1392,1181
24897,1392,876
24898,1392,966
24899,1392,1597
24900,1392,1366
24901,1392,51
24902,1392,839
24903,1392,587
24904,1392,499
24905,1392,1342
24906,1392,1502
24907,1392,434
24908,1392,811
24909,1392,819
24910,1392,1470
24911,1392,1359
24912,1392,549
24913,1392,641
24914,1392,1395
24915,1392,407
24916,1392,1257
24917,1392,961
24918,1392,977
24919,1392,498
24920,1392,1015
24921,1392,563
24922,1392,428
24923,1392,133
24924,1392,26
24925,1392,592
24926,1392,714
24927,1392,511
24928,1392,882
24929,1392,791
24930,1392,1293
24931,1392,925
24932,1392,204
24933,1392,1265
24934,1392,1152
24935,1392,753
24936,1392,126
24937,1392,1481
24938,1392,293
24939,1392,317
24940,1392,1459
24941,1392,1331
24942,1392,742
24943,1392,96
24944,1392,1411
24945,1392,855
24946,1392,1328
24947,1392,290
24948,1392,730
24949,1392,585
24950,1392,719
24951,1392,1487
24952,1392,531
24953,1392,1216
24954,1392,688
24955,1392,521
24956,1392,784
24957,1392,1453
24958,1392,1179
24959,1392,595
24960,1392,1251
24961,1392,868
24962,1392,1526
24963,1392,1520
24964,1392,1260
24965,1392,129
24966,1392,373
24967,1392,872
24968,1392,1059
24969,1392,581
24970,1392,967
24971,1392,370
24972,1392,1534
24973,1392,89
24974,1392,1131
24975,1392,840
24976,1392,552
24977,1392,1290
24978,1392,1246
24979,1392,359
24980,1392,28
24981,1392,1427
24982,1392,1197
24983,1392,629
24984,1392,1009
24985,1392,1241
24986,1392,400
24987,1392,959
24988,1392,1106
24989,1392,141
24990,1392,1116
24991,1392,1583
24992,1392,530
24993,1392,1426
24994,1392,1150
24995,1392,569
24996,1392,1060
24997,1392,1609
24998,1392,1376
24999,1392,547
25000,1392,1572
25001,1392,1540
25002,1392,1324
25003,1392,448
25004,1392,526
25005,1392,1111
25006,1392,220
25007,1392,369
25008,1392,140
25009,1392,366
25010,1392,685
25011,1392,1619
25012,1392,402
25013,1392,412
25014,1392,415
25015,1392,1076
25016,1392,116
25017,1392,1363
25018,1392,110
25019,1392,385
25020,1392,553
25021,1392,1587
25022,1392,208
25023,1392,702
25024,1392,662
25025,1392,1326
25026,1392,1579
25027,1392,1565
25028,1392,770
25029,1392,990
25030,1392,586
25031,1392,438
25032,1392,39
25033,1392,272
25034,1392,1608
25035,1392,114
25036,1392,935
25037,1392,254
25038,1392,214
25039,1392,268
25040,1392,503
25041,1392,1501
25042,1392,955
25043,1392,1483
25044,1392,798
25045,1392,1126
25046,1392,942
25047,1392,1232
25048,1392,107
25049,1392,1035
25050,1392,760
25051,1392,1033
25052,1392,1099
25053,1392,1085
25054,1392,175
25055,1392,670
25056,1392,58
25057,1392,269
25058,1392,1270
25059,1392,639
25060,1392,607
25061,1392,106
25062,1392,1268
25063,1392,365
25064,1392,128
25065,1392,391
25066,1392,1267
25067,1392,831
25068,1392,99
25069,1392,627
25070,1392,1266
25071,1392,1347
25072,1392,849
25073,1392,1346
25074,1392,1351
25075,1392,333
25076,1392,1064
25077,1392,30
25078,1392,636
25079,1392,483
25080,1392,432
25081,1392,485
25082,1392,1316
25083,1392,300
25084,1392,360
25085,1392,650
25086,1392,926
25087,1392,590
25088,1392,517
25089,1392,936
25090,1392,786
25091,1392,1564
25092,1392,740
25093,1392,971
25094,1392,1078
25095,1392,822
25096,1392,1430
25097,1392,1055
25098,1392,101
25099,1392,1042
25100,1392,1443
25101,1392,371
25102,1392,1545
25103,1392,1132
25104,1392,593
25105,1392,1385
25106,1392,897
25107,1392,348
25108,1392,898
25109,1392,1465
25110,1392,469
25111,1392,736
25112,1392,1314
25113,1392,472
25114,1392,1562
25115,1392,21
25116,1392,682
25117,1392,892
25118,1392,1456
25119,1392,859
25120,1392,1074
25121,1392,468
25122,1392,646
25123,1392,1284
25124,1392,1317
25125,1392,1101
25126,1392,645
25127,1392,567
25128,1392,298
25129,1392,1018
25130,1392,911
25131,1392,921
25132,1392,1497
25133,1392,1425
25134,1392,1217
25135,1392,256
25136,1392,765
25137,1392,1567
25138,1392,720
25139,1392,1244
25140,1392,690
25141,1392,1450
25142,1392,398
25143,1392,1428
25144,1392,1528
25145,1392,1471
25146,1392,1402
25147,1392,258
25148,1392,519
25149,1392,137
25150,1392,900
25151,1392,1215
25152,1392,73
25153,1392,1479
25154,1392,471
25155,1392,995
25156,1392,1239
25157,1392,350
25158,1392,653
25159,1392,10
25160,1392,235
25161,1392,1569
25162,1392,152
25163,1392,1233
25164,1392,1580
25165,1392,865
25166,1392,1223
25167,1392,1127
25168,1392,686
25169,1392,633
25170,1392,1362
25171,1392,533
25172,1392,922
25173,1392,1298
25174,1392,344
25175,1392,1105
25176,1392,488
25177,1392,1345
25178,1392,939
25179,1392,87
25180,1392,451
25181,1392,1510
25182,1392,1420
25183,1392,358
25184,1392,1154
25185,1392,744
25186,1392,301
25187,1392,875
25188,1392,1558
25189,1392,584
25190,1392,1574
25191,1392,1563
25192,1392,703
25193,1392,1212
25194,1392,55
25195,1392,11
25196,1392,1050
25197,1392,817
25198,1392,1607
25199,1392,712
25200,1392,544
25201,1392,1080
25202,1392,1406
25203,1392,105
25204,1392,1404
25205,1392,1446
25206,1392,978
25207,1392,1542
25208,1392,706
25209,1392,621
25210,1392,229
25211,1392,1489
25212,1392,1535
25213,1392,1089
25214,1392,4
25215,1392,22
25216,1392,623
25217,1392,869
25218,1392,1294
25219,1392,401
25220,1392,772
25221,1392,65
25222,1392,508
25223,1392,1041
25224,1392,789
25225,1392,1318
25226,1392,410
25227,1392,635
25228,1392,917
25229,1392,436
25230,1392,1617
25231,1392,667
25232,1392,9
25233,1392,715
25234,1392,775
25235,1392,54
25236,1392,785
25237,1392,1206
25238,1392,992
25239,1392,575
25240,1392,1
25241,1392,985
25242,1392,259
25243,1392,94
25244,1392,219
25245,1392,409
25246,1392,1096
25247,1392,993
25248,1392,210
25249,1392,271
25250,1392,932
25251,1392,143
25252,1392,1081
25253,1392,711
25254,1392,1352
25255,1392,815
25256,1392,1082
25257,1392,1388
25258,1392,826
25259,1392,550
25260,1392,1399
25261,1392,1386
25262,1392,697
25263,1392,707
25264,1392,1568
25265,1392,591
25266,1392,1134
25267,1392,1019
25268,1392,1415
25269,1392,726
25270,1392,782
25271,1392,927
25272,1392,63
25273,1392,642
25274,1392,986
25275,1392,390
25276,1392,965
25277,1392,731
25278,1392,121
25279,1392,1541
25280,1392,773
25281,1392,754
25282,1392,1138
25283,1392,475
25284,1392,392
25285,1392,315
25286,1392,103
25287,1392,929
25288,1392,1559
25289,1392,1480
25290,1392,119
25291,1392,408
25292,1392,188
25293,1392,824
25294,1392,1003
25295,1392,1498
25296,1392,1025
25297,1392,1281
25298,1392,467
25299,1392,809
25300,1392,1204
25301,1392,1557
25302,1392,454
25303,1392,890
25304,1392,1486
25305,1392,16
25306,1392,1283
25307,1392,41
25308,1392,999
25309,1392,916
25310,1392,185
25311,1392,1178
25312,1392,260
25313,1392,1258
25314,1392,280
25315,1392,571
25316,1392,679
25317,1392,179
25318,1392,191
25319,1392,340
25320,1392,148
25321,1392,1397
25322,1392,814
25323,1392,637
25324,1392,194
25325,1392,610
25326,1392,1043
25327,1392,1187
25328,1392,1264
25329,1392,1062
25330,1392,611
25331,1392,1527
25332,1392,353
25333,1392,1330
25334,1392,732
25335,1392,1452
25336,1392,31
25337,1392,328
25338,1392,566
25339,1392,1549
25340,1392,1234
25341,1392,1102
25342,1392,1242
25343,1392,582
25344,1392,109
25345,1392,57
25346,1392,845
25347,1392,1137
25348,1392,1174
25349,1392,1603
25350,1392,954
25351,1392,1478
25352,1392,1553
25353,1392,867
25354,1392,112
25355,1392,561
25356,1392,609
25357,1392,246
25358,1392,157
25359,1392,949
25360,1392,459
25361,1392,318
25362,1392,663
25363,1392,37
25364,1392,940
25365,1392,245
25366,1392,356
25367,1392,994
25368,1392,291
25369,1392,1040
25370,1392,1485
25371,1392,1434
25372,1392,355
25373,1392,242
25374,1392,781
25375,1392,380
25376,1392,747
25377,1392,1499
25378,1392,1277
25379,1392,263
25380,1392,1176
25381,1392,255
25382,1392,212
25383,1392,962
25384,1392,1115
25385,1392,931
25386,1392,918
25387,1392,1238
25388,1392,198
25389,1392,345
25390,1392,1007
25391,1392,341
25392,1392,513
25393,1392,32
25394,1392,69
25395,1429,359
25396,1429,1055
25397,1429,290
25398,1429,1538
25399,1429,935
25400,1429,1
25401,1429,648
25402,1429,576
25403,1429,1066
25404,1429,918
25405,1429,633
25406,1429,1255
25407,1429,726
25408,1429,208
25409,1429,1346
25410,1429,497
25411,1429,867
25412,1429,1549
25413,1429,1515
25414,1429,8
25415,1429,707
25416,1429,837
25417,1429,222
25418,1429,1455
25419,1429,1155
25420,1429,37
25421,1429,544
25422,1429,247
25423,1429,1534
25424,1429,1157
25425,1429,234
25426,1429,695
25427,1429,550
25428,1429,1025
25429,1429,126
25430,1429,1578
25431,1429,349
25432,1429,1505
25433,1429,892
25434,1429,436
25435,1429,1423
25436,1429,1378
25437,1429,717
25438,1429,782
25439,1429,811
25440,1429,1041
25441,1429,868
25442,1429,1188
25443,1429,1349
25444,1429,1347
25445,1429,1290
25446,1429,563
25447,1429,1056
25448,1429,542
25449,1429,358
25450,1429,260
25451,1429,275
25452,1429,1475
25453,1429,1054
25454,1429,1473
25455,1429,932
25456,1429,199
25457,1429,307
25458,1429,1139
25459,1429,990
25460,1429,1074
25461,1429,612
25462,1429,1576
25463,1429,1566
25464,1429,105
25465,1429,1328
25466,1429,23
25467,1429,865
25468,1429,281
25469,1429,274
25470,1429,681
25471,1429,819
25472,1429,134
25473,1429,212
25474,1429,54
25475,1429,1382
25476,1429,339
25477,1429,1005
25478,1429,1258
25479,1429,629
25480,1429,1415
25481,1429,1564
25482,1429,369
25483,1429,57
25484,1429,567
25485,1429,626
25486,1429,1080
25487,1429,940
25488,1429,972
25489,1429,977
25490,1429,25
25491,1429,812
25492,1429,594
25493,1429,175
25494,1429,298
25495,1429,1100
25496,1429,765
25497,1429,996
25498,1429,484
25499,1429,1019
25500,1429,1559
25501,1429,762
25502,1429,1558
25503,1429,1339
25504,1429,1501
25505,1429,944
25506,1429,1235
25507,1429,107
25508,1429,635
25509,1429,1593
25510,1429,670
25511,1429,1541
25512,1429,1611
25513,1429,479
25514,1429,22
25515,1429,1310
25516,1429,165
25517,1429,1275
25518,1429,1506
25519,1429,954
25520,1429,1286
25521,1429,708
25522,1429,201
25523,1429,492
25524,1429,755
25525,1429,1215
25526,1429,1316
25527,1429,402
25528,1429,1500
25529,1429,142
25530,1429,967
25531,1429,133
25532,1429,153
25533,1429,1430
25534,1429,167
25535,1429,1497
25536,1429,476
25537,1429,1434
25538,1429,1491
25539,1429,930
25540,1429,620
25541,1429,1553
25542,1429,1511
25543,1429,1524
25544,1429,661
25545,1429,204
25546,1429,1406
25547,1429,72
25548,1429,970
25549,1429,1004
25550,1429,1443
25551,1429,1411
25552,1429,1078
25553,1429,787
25554,1429,333
25555,1429,87
25556,1429,988
25557,1429,526
25558,1429,337
25559,1429,1075
25560,1429,1342
25561,1429,1358
25562,1429,1143
25563,1429,531
25564,1429,24
25565,1429,1264
25566,1429,50
25567,1429,613
25568,1429,432
25569,1429,1432
25570,1429,913
25571,1429,268
25572,1429,449
25573,1429,861
25574,1429,463
25575,1429,688
25576,1429,98
25577,1429,981
25578,1429,79
25579,1429,1518
25580,1429,371
25581,1429,588
25582,1429,1527
25583,1429,1009
25584,1429,1018
25585,1429,210
25586,1429,254
25587,1429,32
25588,1429,410
25589,1429,1329
25590,1429,1311
25591,1429,1185
25592,1429,221
25593,1429,711
25594,1429,725
25595,1429,804
25596,1429,1071
25597,1429,1426
25598,1429,1027
25599,1429,1037
25600,1429,1456
25601,1429,736
25602,1429,456
25603,1429,814
25604,1429,824
25605,1429,342
25606,1429,928
25607,1429,760
25608,1429,1217
25609,1429,33
25610,1429,517
25611,1429,1272
25612,1429,503
25613,1429,1147
25614,1429,1467
25615,1429,1302
25616,1429,1001
25617,1429,934
25618,1429,722
25619,1429,391
25620,1429,556
25621,1429,773
25622,1429,140
25623,1429,1452
25624,1429,1043
25625,1429,808
25626,1429,1348
25627,1429,452
25628,1429,936
25629,1429,1580
25630,1429,128
25631,1429,1195
25632,1429,684
25633,1429,21
25634,1429,679
25635,1429,641
25636,1429,0
25637,1429,1015
25638,1429,1137
25639,1429,63
25640,1429,312
25641,1429,14
25642,1429,1485
25643,1429,357
25644,1429,99
25645,1429,786
25646,1429,946
25647,1429,477
25648,1429,121
25649,1429,251
25650,1429,310
25651,1429,1038
25652,1429,1584
25653,1429,565
25654,1429,1579
25655,1429,94
25656,1429,1364
25657,1429,38
25658,1429,488
25659,1429,173
25660,1429,206
25661,1429,931
25662,1429,447
25663,1429,414
25664,1429,893
25665,1429,911
25666,1429,58
25667,1429,1246
25668,1429,273
25669,1429,1138
25670,1429,805
25671,1429,1199
25672,1429,1359
25673,1429,346
25674,1429,272
25675,1429,262
25676,1429,109
25677,1429,1344
25678,1429,1398
25679,1429,1131
25680,1429,532
25681,1429,728
25682,1429,956
25683,1429,59
25684,1429,514
25685,1429,1153
25686,1429,636
25687,1429,214
25688,1429,1556
25689,1429,1095
25690,1429,362
25691,1429,240
25692,1429,1164
25693,1429,1144
25694,1429,1088
25695,1429,1480
25696,1429,1483
25697,1429,872
25698,1429,578
25699,1429,1151
25700,1429,993
25701,1429,478
25702,1429,887
25703,1429,1588
25704,1429,536
25705,1429,322
25706,1429,863
25707,1429,906
25708,1429,513
25709,1429,438
25710,1429,348
25711,1429,883
25712,1429,43
25713,1429,1367
25714,1429,537
25715,1429,750
25716,1429,974
25717,1429,668
25718,1429,1268
25719,1429,1292
25720,1429,839
25721,1429,446
25722,1429,1532
25723,1429,1039
25724,1429,1587
25725,1429,807
25726,1429,383
25727,1429,1265
25728,1429,694
25729,1429,325
25730,1429,73
25731,1429,549
25732,1429,1140
25733,1429,597
25734,1429,355
25735,1429,992
25736,1429,1197
25737,1429,1064
25738,1429,1108
25739,1429,738
25740,1429,293
25741,1429,1077
25742,1429,1204
25743,1429,1162
25744,1429,1094
25745,1429,1533
25746,1429,731
25747,1429,158
25748,1429,851
25749,1429,1106
25750,1429,655
25751,1429,671
25752,1429,1023
25753,1429,1568
25754,1429,227
25755,1429,471
25756,1429,1351
25757,1429,573
25758,1429,770
25759,1429,703
25760,1429,1545
25761,1429,269
25762,1429,1508
25763,1429,80
25764,1429,1081
25765,1429,366
25766,1429,1191
25767,1429,625
25768,1429,433
25769,1429,624
25770,1429,1273
25771,1429,1114
25772,1429,445
25773,1429,900
25774,1429,809
25775,1429,845
25776,1429,1453
25777,1429,1542
25778,1429,1375
25779,1429,1447
25780,1429,215
25781,1429,356
25782,1429,794
25783,1429,1267
25784,1438,983
25785,1438,500
25786,1438,1362
25787,1438,641
25788,1438,454
25789,1438,178
25790,1438,1157
25791,1438,488
25792,1438,1417
25793,1438,843
25794,1438,1390
25795,1438,475
25796,1438,317
25797,1438,653
25798,1438,650
25799,1438,1505
25800,1438,290
25801,1438,1014
25802,1438,217
25803,1438,1078
25804,1438,92
25805,1438,46
25806,1438,177
25807,1438,750
25808,1438,483
25809,1438,446
25810,1438,32
25811,1438,25
25812,1438,154
25813,1438,301
25814,1438,1251
25815,1438,236
25816,1438,1591
25817,1438,307
25818,1438,189
25819,1438,726
25820,1438,1088
25821,1438,812
25822,1438,964
25823,1438,456
25824,1438,530
25825,1438,1240
25826,1438,241
25827,1438,167
25828,1438,563
25829,1438,662
25830,1438,1032
25831,1438,1486
25832,1438,1328
25833,1438,1462
25834,1438,1563
25835,1438,1339
25836,1438,639
25837,1438,1243
25838,1438,1480
25839,1438,110
25840,1438,628
25841,1438,269
25842,1438,147
25843,1438,832
25844,1438,821
25845,1438,143
25846,1438,44
25847,1438,451
25848,1438,351
25849,1438,875
25850,1438,1399
25851,1438,1607
25852,1438,1281
25853,1438,900
25854,1438,170
25855,1438,411
25856,1438,593
25857,1438,1534
25858,1438,1458
25859,1438,1026
25860,1438,839
25861,1438,1319
25862,1438,1306
25863,1438,620
25864,1438,786
25865,1438,522
25866,1438,634
25867,1438,1435
25868,1438,1094
25869,1438,537
25870,1438,1565
25871,1438,271
25872,1438,82
25873,1438,1299
25874,1438,118
25875,1438,1589
25876,1438,379
25877,1438,1429
25878,1438,1035
25879,1438,916
25880,1438,1330
25881,1438,181
25882,1438,936
25883,1438,939
25884,1438,1585
25885,1438,872
25886,1438,218
25887,1438,310
25888,1438,1576
25889,1438,834
25890,1438,1455
25891,1438,1404
25892,1438,1483
25893,1438,759
25894,1438,315
25895,1438,1539
25896,1438,1061
25897,1438,1174
25898,1438,1151
25899,1438,636
25900,1438,76
25901,1438,1138
25902,1438,1413
25903,1438,468
25904,1438,262
25905,1438,607
25906,1438,95
25907,1438,91
25908,1448,304
25909,1448,359
25910,1448,1208
25911,1448,361
25912,1448,1121
25913,1448,209
25914,1448,1352
25915,1448,801
25916,1448,1056
25917,1448,316
25918,1448,1133
25919,1448,466
25920,1448,1238
25921,1448,1508
25922,1448,706
25923,1448,1411
25924,1448,1242
25925,1448,1000
25926,1448,1427
25927,1448,1196
25928,1448,70
25929,1448,805
25930,1448,438
25931,1448,1579
25932,1448,1475
25933,1448,1503
25934,1448,1206
25935,1448,1382
25936,1448,1487
25937,1448,441
25938,1448,342
25939,1448,1175
25940,1448,642
25941,1448,260
25942,1448,766
25943,1448,978
25944,1448,568
25945,1448,396
25946,1448,318
25947,1448,1115
25948,1448,1260
25949,1448,1233
25950,1448,198
25951,1448,752
25952,1448,448
25953,1448,180
25954,1448,296
25955,1448,1556
25956,1448,57
25957,1448,1483
25958,1448,195
25959,1448,1421
25960,1448,1244
25961,1448,87
25962,1448,716
25963,1448,1446
25964,1448,398
25965,1448,1499
25966,1448,51
25967,1448,290
25968,1448,911
25969,1448,803
25970,1448,840
25971,1448,1151
25972,1448,1530
25973,1448,1535
25974,1448,1009
25975,1448,1506
25976,1448,1162
25977,1448,1197
25978,1448,695
25979,1448,1093
25980,1448,1329
25981,1448,1271
25982,1448,1257
25983,1448,298
25984,1448,242
25985,1448,135
25986,1448,886
25987,1448,1522
25988,1448,1570
25989,1448,995
25990,1448,1218
25991,1448,1084
25992,1448,32
25993,1448,710
25994,1448,208
25995,1448,796
25996,1448,1118
25997,1448,294
25998,1448,753
25999,1448,941
26000,1448,683
26001,1448,644
26002,1448,1005
26003,1448,125
26004,1448,1100
26005,1448,725
26006,1448,311
26007,1448,1392
26008,1448,1222
26009,1448,203
26010,1448,707
26011,1448,1440
26012,1448,1515
26013,1448,25
26014,1448,531
26015,1448,807
26016,1448,679
26017,1448,1087
26018,1448,112
26019,1448,1132
26020,1448,1028
26021,1448,1050
26022,1448,726
26023,1448,455
26024,1448,692
26025,1448,189
26026,1448,921
26027,1448,1171
26028,1448,844
26029,1448,115
26030,1448,736
26031,1448,787
26032,1448,1236
26033,1448,1161
26034,1448,1468
26035,1448,1256
26036,1448,866
26037,1448,907
26038,1448,582
26039,1448,1597
26040,1448,1228
26041,1448,834
26042,1448,597
26043,1448,1111
26044,1448,927
26045,1448,489
26046,1448,733
26047,1448,1518
26048,1448,1
26049,1448,626
26050,1448,460
26051,1448,854
26052,1448,406
26053,1448,63
26054,1448,918
26055,1448,615
26056,1448,1344
26057,1448,1258
26058,1448,373
26059,1448,832
26060,1448,1156
26061,1448,1591
26062,1448,543
26063,1448,581
26064,1448,1453
26065,1448,146
26066,1448,1029
26067,1448,1004
26068,1448,788
26069,1448,1553
26070,1448,424
26071,1448,1510
26072,1448,1423
26073,1448,763
26074,1448,1239
26075,1448,738
26076,1448,1250
26077,1448,246
26078,1448,118
26079,1448,586
26080,1448,993
26081,1448,594
26082,1448,1035
26083,1448,1074
26084,1448,128
26085,1448,1473
26086,1448,1480
26087,1448,1376
26088,1448,1541
26089,1448,1010
26090,1448,1220
26091,1448,1154
26092,1448,122
26093,1448,185
26094,1448,864
26095,1448,49
26096,1448,826
26097,1448,1529
26098,1448,1059
26099,1448,175
26100,1448,1159
26101,1448,16
26102,1448,225
26103,1448,1113
26104,1448,301
26105,1448,183
26106,1448,578
26107,1448,457
26108,1448,1043
26109,1448,1272
26110,1448,975
26111,1448,65
26112,1448,1226
26113,1448,120
26114,1448,938
26115,1448,1055
26116,1448,636
26117,1448,970
26118,1448,542
26119,1448,1280
26120,1448,765
26121,1448,1149
26122,1448,546
26123,1448,959
26124,1448,974
26125,1448,97
26126,1448,399
26127,1448,238
26128,1448,1386
26129,1448,718
26130,1448,1404
26131,1448,1375
26132,1448,1174
26133,1448,691
26134,1448,1207
26135,1448,1516
26136,1448,1108
26137,1448,1460
26138,1448,1451
26139,1448,958
26140,1448,60
26141,1448,156
26142,1448,197
26143,1448,1127
26144,1448,741
26145,1448,502
26146,1448,91
26147,1448,1146
26148,1448,1505
26149,1448,1054
26150,1448,362
26151,1448,625
26152,1448,1037
26153,1448,816
26154,1448,553
26155,1448,205
26156,1448,853
26157,1448,375
26158,1448,1150
26159,1448,603
26160,1448,121
26161,1448,1547
26162,1448,739
26163,1448,287
26164,1448,1061
26165,1448,910
26166,1448,1562
26167,1448,770
26168,1448,1533
26169,1448,66
26170,1448,756
26171,1448,527
26172,1448,768
26173,1448,1007
26174,1448,22
26175,1448,339
26176,1448,1504
26177,1448,681
26178,1448,371
26179,1448,862
26180,1448,31
26181,1448,818
26182,1448,273
26183,1448,1273
26184,1448,1184
26185,1448,93
26186,1448,812
26187,1448,540
26188,1448,415
26189,1448,592
26190,1448,38
26191,1448,328
26192,1448,380
26193,1448,1534
26194,1448,944
26195,1448,1567
26196,1448,1418
26197,1448,341
26198,1448,782
26199,1448,893
26200,1448,167
26201,1448,433
26202,1448,211
26203,1448,1368
26204,1448,588
26205,1448,291
26206,1448,1293
26207,1448,200
26208,1448,250
26209,1448,1276
26210,1448,1243
26211,1448,899
26212,1448,1253
26213,1448,898
26214,1448,1324
26215,1448,498
26216,1448,92
26217,1448,1096
26218,1448,263
26219,1448,127
26220,1452,66
26221,1452,1195
26222,1452,165
26223,1452,415
26224,1452,1151
26225,1452,236
26226,1452,1587
26227,1452,655
26228,1452,791
26229,1452,451
26230,1452,642
26231,1452,1
26232,1452,1397
26233,1452,1535
26234,1452,186
26235,1452,1135
26236,1452,1405
26237,1452,1022
26238,1452,1328
26239,1452,1577
26240,1452,1130
26241,1452,1153
26242,1452,41
26243,1452,563
26244,1452,825
26245,1452,385
26246,1452,795
26247,1452,93
26248,1452,804
26249,1452,478
26250,1452,1342
26251,1452,977
26252,1452,364
26253,1452,1004
26254,1452,975
26255,1452,611
26256,1452,536
26257,1452,1444
26258,1452,464
26259,1452,1273
26260,1452,739
26261,1452,16
26262,1452,285
26263,1452,965
26264,1452,1508
26265,1452,1265
26266,1452,529
26267,1452,1290
26268,1452,9
26269,1452,607
26270,1452,1339
26271,1452,865
26272,1452,201
26273,1452,887
26274,1452,1234
26275,1452,6
26276,1452,710
26277,1452,919
26278,1452,537
26279,1452,1551
26280,1452,1009
26281,1452,610
26282,1452,523
26283,1452,846
26284,1452,759
26285,1452,1401
26286,1452,103
26287,1452,313
26288,1452,1258
26289,1452,143
26290,1452,772
26291,1452,833
26292,1452,97
26293,1452,146
26294,1452,28
26295,1452,830
26296,1452,758
26297,1452,1579
26298,1452,967
26299,1452,1143
26300,1452,707
26301,1452,4
26302,1452,429
26303,1452,773
26304,1452,369
26305,1452,954
26306,1452,1222
26307,1452,1300
26308,1452,1209
26309,1452,305
26310,1452,1515
26311,1452,1114
26312,1452,1499
26313,1452,608
26314,1452,1533
26315,1452,1119
26316,1452,361
26317,1452,194
26318,1452,400
26319,1452,876
26320,1452,31
26321,1452,592
26322,1452,966
26323,1452,417
26324,1452,1341
26325,1452,228
26326,1452,692
26327,1452,510
26328,1452,1207
26329,1452,1039
26330,1452,1576
26331,1452,1464
26332,1452,379
26333,1452,406
26334,1452,531
26335,1452,805
26336,1452,1220
26337,1452,1351
26338,1452,657
26339,1452,539
26340,1452,391
26341,1452,581
26342,1452,782
26343,1452,357
26344,1452,644
26345,1452,112
26346,1452,19
26347,1452,1024
26348,1452,1303
26349,1452,1489
26350,1452,1266
26351,1452,662
26352,1452,641
26353,1452,769
26354,1452,1131
26355,1452,786
26356,1452,794
26357,1452,1071
26358,1452,327
26359,1452,1568
26360,1452,541
26361,1452,556
26362,1452,1394
26363,1452,1134
26364,1452,721
26365,1452,472
26366,1452,1006
26367,1452,1084
26368,1452,588
26369,1452,156
26370,1452,158
26371,1452,1229
26372,1452,1087
26373,1452,1470
26374,1452,1465
26375,1452,909
26376,1452,1476
26377,1452,64
26378,1452,94
26379,1452,849
26380,1452,937
26381,1452,1597
26382,1452,55
26383,1452,995
26384,1452,1574
26385,1452,1573
26386,1452,766
26387,1452,1027
26388,1452,1359
26389,1452,220
26390,1452,148
26391,1452,1607
26392,1452,704
26393,1452,1326
26394,1452,1520
26395,1452,978
26396,1452,1472
26397,1452,870
26398,1452,1496
26399,1452,855
26400,1452,56
26401,1452,677
26402,1452,26
26403,1452,356
26404,1452,39
26405,1452,469
26406,1452,1253
26407,1452,22
26408,1452,1532
26409,1452,13
26410,1452,307
26411,1452,1280
26412,1452,1420
26413,1452,269
26414,1452,1085
26415,1452,1364
26416,1452,278
26417,1452,1113
26418,1452,303
26419,1452,498
26420,1452,1228
26421,1452,688
26422,1452,398
26423,1452,834
26424,1452,615
26425,1452,1467
26426,1452,69
26427,1452,661
26428,1452,199
26429,1452,533
26430,1452,1137
26431,1452,424
26432,1452,1133
26433,1452,576
26434,1452,153
26435,1452,284
26436,1452,511
26437,1452,1525
26438,1452,1559
26439,1452,291
26440,1452,961
26441,1452,326
26442,1452,73
26443,1452,1313
26444,1452,1240
26445,1452,691
26446,1452,1475
26447,1452,380
26448,1452,1422
26449,1452,1353
26450,1452,1346
26451,1452,945
26452,1452,376
26453,1452,1223
26454,1452,1185
26455,1452,262
26456,1452,116
26457,1452,788
26458,1452,1046
26459,1452,446
26460,1452,1011
26461,1452,923
26462,1452,932
26463,1452,1553
26464,1452,778
26465,1452,521
26466,1452,636
26467,1452,711
26468,1452,1443
26469,1452,234
26470,1452,998
26471,1452,513
26472,1452,23
26473,1452,1102
26474,1452,432
26475,1452,861
26476,1452,992
26477,1452,450
26478,1452,29
26479,1452,248
26480,1452,668
26481,1452,1094
26482,1452,1527
26483,1452,542
26484,1452,1387
26485,1452,454
26486,1452,972
26487,1452,1511
26488,1452,455
26489,1452,463
26490,1452,526
26491,1452,753
26492,1452,718
26493,1452,176
26494,1452,572
26495,1452,123
26496,1452,1089
26497,1452,334
26498,1452,51
26499,1452,48
26500,1452,1469
26501,1452,441
26502,1452,499
26503,1452,1216
26504,1452,701
26505,1452,630
26506,1452,1437
26507,1452,1096
26508,1452,1128
26509,1452,1028
26510,1452,1610
26511,1452,1442
26512,1452,964
26513,1452,1161
26514,1452,365
26515,1452,302
26516,1452,1413
26517,1452,212
26518,1452,150
26519,1452,1182
26520,1452,826
26521,1452,916
26522,1452,1080
26523,1452,812
26524,1452,1034
26525,1452,575
26526,1452,1369
26527,1452,815
26528,1452,118
26529,1452,183
26530,1452,335
26531,1452,288
26532,1452,854
26533,1452,741
26534,1452,970
26535,1452,1345
26536,1452,235
26537,1452,1480
26538,1452,1502
26539,1452,1107
26540,1452,983
26541,1452,994
26542,1452,1471
26543,1452,78
26544,1452,1111
26545,1452,282
26546,1452,1061
26547,1452,1411
26548,1452,760
26549,1452,1026
26550,1452,936
26551,1452,799
26552,1452,681
26553,1452,1488
26554,1452,558
26555,1452,1230
26556,1452,1462
26557,1452,483
26558,1452,930
26559,1452,1033
26560,1452,850
26561,1452,1327
26562,1452,476
26563,1452,1517
26564,1452,774
26565,1452,931
26566,1452,941
26567,1452,1583
26568,1452,1526
26569,1452,648
26570,1452,1146
26571,1452,63
26572,1452,824
26573,1452,1245
26574,1452,649
26575,1452,1163
26576,1452,318
26577,1452,178
26578,1452,490
26579,1452,1050
26580,1452,693
26581,1452,315
26582,1452,863
26583,1452,658
26584,1452,244
26585,1452,1127
26586,1452,1171
26587,1452,320
26588,1452,952
26589,1452,1108
26590,1452,1432
26591,1452,33
26592,1452,981
26593,1452,732
26594,1452,333
26595,1452,726
26596,1452,690
26597,1452,886
26598,1452,694
26599,1452,1485
26600,1452,784
26601,1452,0
26602,1452,14
26603,1452,293
26604,1452,1055
26605,1452,301
26606,1452,1585
26607,1452,1454
26608,1452,938
26609,1452,416
26610,1452,1197
26611,1452,203
26612,1452,1122
26613,1452,339
26614,1452,939
26615,1452,570
26616,1452,1236
26617,1452,589
26618,1452,436
26619,1452,1301
26620,1452,683
26621,1452,578
26622,1452,1232
26623,1452,1194
26624,1452,624
26625,1452,1538
26626,1452,757
26627,1452,996
26628,1452,1257
26629,1452,748
26630,1452,1181
26631,1452,869
26632,1452,1162
26633,1452,1403
26634,1452,889
26635,1452,1126
26636,1452,388
26637,1452,363
26638,1452,1297
26639,1452,144
26640,1452,1178
26641,1452,485
26642,1452,777
26643,1452,423
26644,1452,910
26645,1452,431
26646,1452,195
26647,1452,1226
26648,1452,1062
26649,1452,971
26650,1452,703
26651,1452,1100
26652,1452,1268
26653,1452,1070
26654,1452,229
26655,1452,1481
26656,1452,1380
26657,1452,1385
26658,1452,596
26659,1452,204
26660,1452,1030
26661,1452,1106
26662,1452,428
26663,1452,1188
26664,1452,1441
26665,1452,117
26666,1452,749
26667,1452,968
26668,1452,890
26669,1452,868
26670,1452,619
26671,1452,1582
26672,1452,1255
26673,1452,434
26674,1452,221
26675,1452,540
26676,1452,597
26677,1452,881
26678,1452,239
26679,1452,1330
26680,1452,1103
26681,1452,99
26682,1452,893
26683,1452,135
26684,1452,1319
26685,1452,1285
26686,1452,1354
26687,1452,1617
26688,1452,1335
26689,1452,906
26690,1452,1503
26691,1452,1294
26692,1452,390
26693,1452,1125
26694,1452,180
26695,1452,508
26696,1452,629
26697,1452,296
26698,1452,586
26699,1452,131
26700,1452,494
26701,1452,567
26702,1452,47
26703,1452,720
26704,1452,1025
26705,1452,1263
26706,1452,699
26707,1452,577
26708,1452,949
26709,1452,781
26710,1452,1308
26711,1452,1015
26712,1452,1208
26713,1452,1145
26714,1452,626
26715,1452,426
26716,1452,1132
26717,1452,174
26718,1452,616
26719,1452,1474
26720,1452,152
26721,1452,362
26722,1452,171
26723,1452,1493
26724,1452,410
26725,1452,1584
26726,1452,1042
26727,1452,466
26728,1452,621
26729,1452,914
26730,1452,76
26731,1452,480
26732,1452,92
26733,1452,46
26734,1452,18
26735,1452,392
26736,1452,1567
26737,1452,1596
26738,1452,1458
26739,1452,342
26740,1452,859
26741,1452,411
26742,1452,728
26743,1452,650
26744,1452,1478
26745,1452,439
26746,1452,1510
26747,1452,127
26748,1452,488
26749,1452,1363
26750,1452,86
26751,1452,346
26752,1452,663
26753,1452,752
26754,1452,820
26755,1452,1578
26756,1452,1067
26757,1452,1082
26758,1452,729
26759,1452,569
26760,1452,1040
26761,1452,247
26762,1452,639
26763,1452,1193
26764,1452,953
26765,1452,1079
26766,1452,1281
26767,1452,801
26768,1452,1269
26769,1452,1564
26770,1452,1196
26771,1452,1149
26772,1452,798
26773,1452,188
26774,1452,1379
26775,1452,1447
26776,1452,1088
26777,1452,1202
26778,1452,1557
26779,1452,506
26780,1452,1035
26781,1452,1603
26782,1452,1244
26783,1452,1154
26784,1452,1157
26785,1452,260
26786,1452,1486
26787,1452,167
26788,1452,738
26789,1452,709
26790,1452,837
26791,1452,242
26792,1452,1374
26793,1452,1048
26794,1452,177
26795,1452,145
26796,1452,1331
26797,1452,1348
26798,1452,1536
26799,1452,276
26800,1452,1076
26801,1452,951
26802,1452,1275
26803,1452,217
26804,1452,948
26805,1452,17
26806,1452,853
26807,1452,848
26808,1452,1316
26809,1452,1204
26810,1452,142
26811,1452,91
26812,1452,1156
26813,1452,580
26814,1452,1580
26815,1452,745
26816,1452,1528
26817,1452,671
26818,1452,989
26819,1452,871
26820,1452,371
26821,1452,882
26822,1452,1355
26823,1452,102
26824,1452,1347
26825,1452,635
26826,1452,514
26827,1452,925
26828,1452,209
26829,1452,111
26830,1452,821
26831,1452,341
26832,1452,412
26833,1452,1569
26834,1452,1604
26835,1452,891
26836,1452,695
26837,1452,875
26838,1452,1591
26839,1452,219
26840,1452,969
26841,1452,620
26842,1452,11
26843,1452,708
26844,1452,1487
26845,1452,1479
26846,1452,816
26847,1452,958
26848,1452,1010
26849,1452,851
26850,1452,612
26851,1452,1121
26852,1452,883
26853,1452,982
26854,1452,1332
26855,1452,175
26856,1452,1542
26857,1452,1180
26858,1452,899
26859,1452,157
26860,1452,353
26861,1452,519
26862,1452,1239
26863,1452,418
26864,1452,140
26865,1452,565
26866,1452,20
26867,1452,959
26868,1452,241
26869,1452,1139
26870,1452,638
26871,1452,1251
26872,1452,746
26873,1452,1264
26874,1452,1020
26875,1452,263
26876,1452,547
26877,1452,74
26878,1452,785
26879,1452,1044
26880,1452,349
26881,1452,1398
26882,1452,1041
26883,1452,328
26884,1452,1566
26885,1452,336
26886,1452,841
26887,1452,449
26888,1452,8
26889,1452,1276
26890,1452,1439
26891,1452,1547
26892,1452,828
26893,1452,1491
26894,1452,1448
26895,1452,70
26896,1452,550
26897,1452,585
26898,1452,827
26899,1452,104
26900,1452,36
26901,1452,1451
26902,1452,1252
26903,1452,1362
26904,1452,62
26905,1452,687
26906,1452,304
26907,1452,25
26908,1452,736
26909,1452,809
26910,1452,625
26911,1452,1494
26912,1452,1150
26913,1452,344
26914,1452,1014
26915,1452,676
26916,1452,686
26917,1452,1529
26918,1452,818
26919,1452,372
26920,1452,614
26921,1452,1365
26922,1452,1468
26923,1452,218
26924,1452,1414
26925,1452,374
26926,1452,141
26927,1452,684
26928,1452,1554
26929,1452,1376
26930,1452,1169
26931,1452,1460
26932,1452,264
26933,1452,1243
26934,1452,306
26935,1452,907
26936,1452,698
26937,1452,1373
26938,1452,678
26939,1452,1435
26940,1452,45
26941,1452,1059
26942,1452,1093
26943,1452,546
26944,1452,873
26945,1452,1262
26946,1452,1619
26947,1452,988
26948,1452,184
26949,1452,1152
26950,1452,1199
26951,1452,348
26952,1452,115
26953,1452,358
26954,1452,106
26955,1452,520
26956,1452,1286
26957,1452,72
26958,1452,1304
26959,1452,1184
26960,1452,87
26961,1452,254
26962,1452,1505
26963,1452,312
26964,1452,517
26965,1452,845
26966,1452,974
26967,1452,1530
26968,1452,878
26969,1452,1105
26970,1452,714
26971,1452,413
26972,1452,1023
26973,1452,727
26974,1452,1473
26975,1452,1002
26976,1452,1352
26977,1452,96
26978,1452,1504
26979,1452,351
26980,1452,298
26981,1452,1612
26982,1452,1563
26983,1452,250
26984,1452,367
26985,1452,1052
26986,1452,1375
26987,1452,484
26988,1452,1388
26989,1452,1065
26990,1452,7
26991,1452,674
26992,1452,924
26993,1452,1038
26994,1452,1099
26995,1452,763
26996,1452,706
26997,1452,934
26998,1452,1299
26999,1452,1344
27000,1452,1386
27001,1452,1212
27002,1452,1267
27003,1452,660
27004,1452,1497
27005,1452,422
27006,1452,1013
27007,1452,452
27008,1452,1246
27009,1452,373
27010,1452,963
27011,1452,1509
27012,1452,884
27013,1452,1074
27014,1452,35
27015,1452,352
27016,1452,246
27017,1452,679
27018,1452,317
27019,1452,1144
27020,1452,179
27021,1452,1453
27022,1452,1498
27023,1452,460
27024,1452,1288
27025,1452,325
27026,1452,862
27027,1452,767
27028,1452,1598
27029,1452,911
27030,1452,803
27031,1452,1136
27032,1452,1593
27033,1452,459
27034,1452,1091
27035,1452,986
27036,1452,21
27037,1452,955
27038,1452,445
27039,1452,409
27040,1452,765
27041,1452,471
27042,1452,1449
27043,1452,1518
27044,1452,921
27045,1452,10
27046,1452,700
27047,1452,956
27048,1452,647
27049,1452,58
27050,1452,762
27051,1452,1382
27052,1452,750
27053,1452,984
27054,1452,1575
27055,1452,98
27056,1452,509
27057,1452,1043
27058,1478,37
27059,1478,514
27060,1478,880
27061,1478,26
27062,1478,153
27063,1478,356
27064,1478,1394
27065,1478,1021
27066,1478,521
27067,1478,580
27068,1478,371
27069,1478,537
27070,1478,722
27071,1478,1041
27072,1478,931
27073,1478,1281
27074,1478,49
27075,1478,36
27076,1478,695
27077,1478,1273
27078,1478,73
27079,1478,1127
27080,1478,1341
27081,1478,8
27082,1478,1180
27083,1478,1106
27084,1478,333
27085,1478,970
27086,1478,1251
27087,1478,1593
27088,1478,472
27089,1478,881
27090,1478,853
27091,1478,812
27092,1478,546
27093,1478,670
27094,1478,247
27095,1478,814
27096,1478,769
27097,1478,350
27098,1478,1535
27099,1478,57
27100,1478,188
27101,1478,285
27102,1478,520
27103,1478,762
27104,1478,951
27105,1478,741
27106,1478,995
27107,1478,1257
27108,1478,1562
27109,1478,1286
27110,1478,638
27111,1478,1570
27112,1478,1499
27113,1478,1221
27114,1478,581
27115,1478,1140
27116,1478,268
27117,1478,180
27118,1478,1074
27119,1478,843
27120,1478,635
27121,1478,934
27122,1478,1220
27123,1478,718
27124,1478,1476
27125,1478,1029
27126,1478,483
27127,1478,809
27128,1478,322
27129,1478,1357
27130,1478,1206
27131,1478,1324
27132,1478,1411
27133,1478,1446
27134,1478,63
27135,1478,1175
27136,1478,935
27137,1478,868
27138,1478,1331
27139,1478,1093
27140,1478,1096
27141,1478,406
27142,1478,910
27143,1478,975
27144,1478,251
27145,1478,629
27146,1478,996
27147,1478,1588
27148,1478,811
27149,1478,731
27150,1478,337
27151,1478,572
27152,1478,105
27153,1478,665
27154,1478,76
27155,1478,553
27156,1478,857
27157,1478,503
27158,1478,223
27159,1478,1150
27160,1478,636
27161,1478,254
27162,1478,433
27163,1478,585
27164,1478,1522
27165,1478,837
27166,1478,1
27167,1478,599
27168,1478,373
27169,1478,719
27170,1478,1156
27171,1478,544
27172,1478,706
27173,1478,38
27174,1478,1199
27175,1478,1010
27176,1478,376
27177,1478,715
27178,1478,1485
27179,1478,312
27180,1478,1538
27181,1478,1475
27182,1478,567
27183,1478,1009
27184,1478,1060
27185,1478,121
27186,1478,1188
27187,1478,203
27188,1478,1212
27189,1478,1549
27190,1478,556
27191,1478,60
27192,1478,1088
27193,1478,1611
27194,1478,128
27195,1478,1030
27196,1478,358
27197,1478,1144
27198,1478,1352
27199,1478,284
27200,1478,1358
27201,1478,1191
27202,1478,988
27203,1478,414
27204,1478,1539
27205,1478,1407
27206,1478,748
27207,1478,766
27208,1478,1090
27209,1478,1023
27210,1478,1176
27211,1478,1489
27212,1478,927
27213,1478,385
27214,1478,1076
27215,1478,494
27216,1478,1099
27217,1478,924
27218,1478,281
27219,1478,1265
27220,1478,1617
27221,1478,1186
27222,1478,228
27223,1478,763
27224,1478,276
27225,1478,23
27226,1478,282
27227,1478,667
27228,1478,1368
27229,1478,490
27230,1478,509
27231,1478,610
27232,1478,858
27233,1478,859
27234,1478,1100
27235,1478,288
27236,1478,805
27237,1478,1410
27238,1478,374
27239,1478,205
27240,1478,531
27241,1478,1068
27242,1478,840
27243,1478,1292
27244,1478,681
27245,1478,1483
27246,1478,115
27247,1478,1335
27248,1478,739
27249,1478,676
27250,1478,1568
27251,1478,642
27252,1478,1421
27253,1478,1139
27254,1478,16
27255,1478,940
27256,1478,303
27257,1478,1064
27258,1478,1509
27259,1478,485
27260,1478,245
27261,1478,181
27262,1478,1556
27263,1478,389
27264,1478,1072
27265,1478,484
27266,1478,1240
27267,1478,625
27268,1478,690
27269,1478,864
27270,1478,314
27271,1478,1027
27272,1478,866
27273,1478,1013
27274,1478,1311
27275,1478,109
27276,1478,1020
27277,1478,438
27278,1478,824
27279,1478,80
27280,1478,552
27281,1478,563
27282,1478,788
27283,1478,1608
27284,1478,684
27285,1478,1035
27286,1478,1355
27287,1478,422
27288,1478,335
27289,1478,566
27290,1478,424
27291,1478,1161
27292,1478,451
27293,1478,969
27294,1478,1449
27295,1478,118
27296,1478,264
27297,1478,208
27298,1478,755
27299,1478,1558
27300,1478,497
27301,1478,626
27302,1478,1043
27303,1478,44
27304,1478,1215
27305,1478,543
27306,1478,165
27307,1478,1434
27308,1478,367
27309,1478,1515
27310,1478,873
27311,1478,808
27312,1478,1312
27313,1478,1174
27314,1478,355
27315,1478,630
27316,1478,351
27317,1478,974
27318,1478,1511
27319,1478,1425
27320,1478,256
27321,1478,415
27322,1478,959
27323,1478,953
27324,1478,364
27325,1478,1346
27326,1478,1159
27327,1478,20
27328,1478,340
27329,1478,488
27330,1478,849
27331,1478,949
27332,1478,904
27333,1478,1597
27334,1478,271
27335,1478,1164
27336,1478,361
27337,1478,862
27338,1478,326
27339,1478,342
27340,1478,200
27341,1478,1269
27342,1478,1348
27343,1478,45
27344,1478,1080
27345,1478,195
27346,1478,1061
27347,1478,609
27348,1478,1260
27349,1478,782
27350,1478,244
27351,1478,948
27352,1478,221
27353,1478,513
27354,1478,1532
27355,1478,1487
27356,1478,1519
27357,1478,353
27358,1478,590
27359,1478,1610
27360,1478,1518
27361,1478,214
27362,1478,740
27363,1478,1619
27364,1478,107
27365,1478,1505
27366,1478,893
27367,1478,24
27368,1478,481
27369,1478,1574
27370,1478,1255
27371,1478,224
27372,1478,1274
27373,1478,197
27374,1478,129
27375,1478,798
27376,1478,1547
27377,1478,1327
27378,1478,1380
27379,1478,1071
27380,1478,319
27381,1478,916
27382,1478,1210
27383,1478,477
27384,1478,703
27385,1478,659
27386,1478,1258
27387,1478,991
27388,1478,1005
27389,1478,1299
27390,1478,212
27391,1478,1349
27392,1478,349
27393,1478,830
27394,1478,1333
27395,1478,1125
27396,1478,1452
27397,1478,1540
27398,1478,297
27399,1478,65
27400,1478,1275
27401,1478,1306
27402,1478,1572
27403,1478,803
27404,1478,390
27405,1478,1462
27406,1478,58
27407,1478,111
27408,1478,1143
27409,1478,942
27410,1478,339
27411,1478,1091
27412,1478,758
27413,1478,542
27414,1478,1585
27415,1478,936
27416,1478,408
27417,1478,677
27418,1478,887
27419,1478,362
27420,1478,1024
27421,1478,260
27422,1478,455
27423,1478,90
27424,1478,907
27425,1478,412
27426,1478,305
27427,1478,130
27428,1478,78
27429,1502,1553
27430,1515,1144
27431,1515,580
27432,1515,269
27433,1515,609
27434,1515,1456
27435,1515,1596
27436,1515,1255
27437,1515,393
27438,1515,456
27439,1515,471
27440,1515,692
27441,1515,748
27442,1515,757
27443,1515,687
27444,1515,90
27445,1515,1461
27446,1515,612
27447,1515,1212
27448,1515,1004
27449,1515,61
27450,1515,1471
27451,1515,1585
27452,1515,720
27453,1515,738
27454,1515,460
27455,1515,29
27456,1515,1472
27457,1515,532
27458,1515,1059
27459,1515,290
27460,1515,1264
27461,1515,910
27462,1515,195
27463,1515,1576
27464,1515,817
27465,1515,1035
27466,1515,1009
27467,1515,1495
27468,1515,385
27469,1515,146
27470,1515,55
27471,1515,1385
27472,1515,620
27473,1515,1244
27474,1515,818
27475,1515,1302
27476,1515,1355
27477,1515,640
27478,1515,415
27479,1515,709
27480,1515,668
27481,1515,1021
27482,1515,80
27483,1515,1567
27484,1515,1404
27485,1515,863
27486,1515,1209
27487,1515,112
27488,1515,255
27489,1515,782
27490,1515,1474
27491,1515,1096
27492,1515,1480
27493,1515,1536
27494,1515,180
27495,1515,1136
27496,1515,1003
27497,1515,1192
27498,1515,1155
27499,1515,626
27500,1515,10
27501,1515,661
27502,1515,370
27503,1515,1271
27504,1515,246
27505,1515,1297
27506,1515,1204
27507,1515,372
27508,1515,1258
27509,1515,35
27510,1515,663
27511,1515,131
27512,1515,262
27513,1515,1301
27514,1515,417
27515,1515,728
27516,1515,1439
27517,1515,78
27518,1515,1082
27519,1515,936
27520,1515,188
27521,1515,917
27522,1515,1151
27523,1515,1436
27524,1515,569
27525,1515,18
27526,1515,1465
27527,1515,276
27528,1515,1131
27529,1515,1430
27530,1515,1150
27531,1515,1522
27532,1515,1168
27533,1515,472
27534,1515,1223
27535,1515,60
27536,1515,615
27537,1515,1076
27538,1515,203
27539,1515,659
27540,1515,999
27541,1515,1373
27542,1515,900
27543,1515,1538
27544,1515,1459
27545,1515,448
27546,1515,841
27547,1515,563
27548,1515,642
27549,1515,206
27550,1515,1187
27551,1515,1211
27552,1515,844
27553,1515,866
27554,1515,699
27555,1515,320
27556,1515,1598
27557,1515,1119
27558,1515,150
27559,1515,1153
27560,1515,647
27561,1515,1251
27562,1515,438
27563,1515,1401
27564,1515,1431
27565,1515,70
27566,1515,244
27567,1515,175
27568,1515,4
27569,1515,196
27570,1515,58
27571,1515,837
27572,1515,629
27573,1515,762
27574,1515,1034
27575,1515,297
27576,1515,332
27577,1515,101
27578,1515,469
27579,1515,739
27580,1515,1029
27581,1515,315
27582,1515,1072
27583,1515,648
27584,1515,398
27585,1515,1007
27586,1515,1462
27587,1515,1042
27588,1515,309
27589,1515,925
27590,1515,351
27591,1515,1245
27592,1515,89
27593,1515,1375
27594,1515,1520
27595,1515,1238
27596,1515,752
27597,1515,162
27598,1515,545
27599,1515,339
27600,1515,329
27601,1515,1268
27602,1515,383
27603,1515,1181
27604,1515,636
27605,1515,1312
27606,1515,1556
27607,1515,291
27608,1515,464
27609,1515,1195
27610,1515,1180
27611,1515,1453
27612,1515,1293
27613,1515,102
27614,1515,1568
27615,1515,104
27616,1515,939
27617,1515,304
27618,1515,1344
27619,1515,483
27620,1515,184
27621,1515,1418
27622,1515,197
27623,1515,1504
27624,1515,128
27625,1515,1378
27626,1515,1498
27627,1515,474
27628,1515,110
27629,1515,889
27630,1515,851
27631,1515,1609
27632,1515,1563
27633,1515,619
27634,1515,97
27635,1515,1331
27636,1515,374
27637,1515,1159
27638,1515,1413
27639,1515,414
27640,1515,976
27641,1515,264
27642,1515,533
27643,1515,143
27644,1515,1363
27645,1515,763
27646,1515,560
27647,1515,706
27648,1515,1519
27649,1515,722
27650,1515,1130
27651,1515,645
27652,1515,240
27653,1515,1560
27654,1515,799
27655,1515,1304
27656,1515,50
27657,1515,1452
27658,1515,1483
27659,1515,974
27660,1515,16
27661,1515,630
27662,1515,248
27663,1515,228
27664,1515,725
27665,1515,671
27666,1515,1470
27667,1515,376
27668,1515,1018
27669,1515,1509
27670,1515,1311
27671,1515,1499
27672,1515,20
27673,1515,1087
27674,1515,765
27675,1515,479
27676,1515,1351
27677,1515,468
27678,1515,1414
27679,1515,1235
27680,1515,861
27681,1515,862
27682,1515,1608
27683,1515,368
27684,1515,1362
27685,1515,1407
27686,1515,76
27687,1515,1394
27688,1515,676
27689,1515,1588
27690,1515,1138
27691,1515,361
27692,1515,210
27693,1515,1174
27694,1515,1398
27695,1515,616
27696,1515,1583
27697,1515,1535
27698,1515,1549
27699,1515,561
27700,1515,1469
27701,1515,990
27702,1515,662
27703,1515,535
27704,1515,1435
27705,1515,1440
27706,1515,1040
27707,1515,1335
27708,1515,924
27709,1515,406
27710,1515,1054
27711,1515,275
27712,1515,750
27713,1515,7
27714,1515,1062
27715,1515,403
27716,1515,344
27717,1515,1580
27718,1515,716
27719,1515,388
27720,1515,266
27721,1515,816
27722,1515,1232
27723,1515,500
27724,1515,389
27725,1515,0
27726,1515,127
27727,1515,966
27728,1515,1207
27729,1515,208
27730,1515,1064
27731,1515,158
27732,1515,103
27733,1515,137
27734,1515,1114
27735,1515,1162
27736,1515,1533
27737,1515,1032
27738,1515,1038
27739,1515,935
27740,1515,447
27741,1515,670
27742,1515,786
27743,1515,39
27744,1515,1152
27745,1515,1557
27746,1515,644
27747,1515,1078
27748,1515,45
27749,1515,815
27750,1515,1339
27751,1515,958
27752,1515,1369
27753,1515,951
27754,1515,934
27755,1515,36
27756,1515,915
27757,1515,319
27758,1515,584
27759,1515,1612
27760,1515,446
27761,1515,1501
27762,1515,75
27763,1515,717
27764,1515,1173
27765,1515,1156
27766,1515,1572
27767,1515,1342
27768,1515,785
27769,1515,731
27770,1515,927
27771,1515,719
27772,1515,301
27773,1515,727
27774,1515,1619
27775,1515,840
27776,1515,454
27777,1515,1025
27778,1515,371
27779,1515,134
27780,1515,784
27781,1515,308
27782,1515,1041
27783,1515,478
27784,1515,1090
27785,1515,227
27786,1515,286
27787,1515,681
27788,1515,422
27789,1515,199
27790,1515,1468
27791,1515,499
27792,1515,489
27793,1515,1451
27794,1515,791
27795,1515,1263
27796,1515,1475
27797,1515,107
27798,1515,1411
27799,1515,198
27800,1515,1485
27801,1515,1503
27802,1515,1075
27803,1515,684
27804,1515,1446
27805,1515,1573
27806,1515,1578
27807,1515,239
27808,1515,1274
27809,1515,603
27810,1515,1449
27811,1515,872
27812,1515,838
27813,1515,1615
27814,1515,1141
27815,1515,1443
27816,1515,539
27817,1515,94
27818,1515,746
27819,1515,848
27820,1515,578
27821,1515,998
27822,1515,490
27823,1515,705
27824,1515,1022
27825,1515,373
27826,1515,105
27827,1515,1542
27828,1515,503
27829,1515,1267
27830,1515,1550
27831,1515,63
27832,1515,1175
27833,1515,1444
27834,1515,977
27835,1515,1157
27836,1515,1033
27837,1515,1010
27838,1515,1089
27839,1515,1061
27840,1515,310
27841,1515,200
27842,1515,1610
27843,1515,959
27844,1515,633
27845,1515,26
27846,1515,1330
27847,1515,1016
27848,1515,312
27849,1515,945
27850,1515,646
27851,1515,171
27852,1515,803
27853,1515,366
27854,1515,185
27855,1515,205
27856,1515,611
27857,1515,652
27858,1515,994
27859,1515,1406
27860,1515,33
27861,1515,465
27862,1515,8
27863,1515,1317
27864,1515,700
27865,1515,983
27866,1515,575
27867,1515,807
27868,1515,775
27869,1515,242
27870,1515,736
27871,1515,834
27872,1515,826
27873,1515,833
27874,1515,288
27875,1515,759
27876,1515,1508
27877,1515,930
27878,1515,1147
27879,1515,391
27880,1515,1458
27881,1515,869
27882,1515,1265
27883,1515,284
27884,1515,683
27885,1515,1185
27886,1515,116
27887,1515,1149
27888,1515,1353
27889,1515,1551
27890,1515,1037
27891,1515,1230
27892,1515,30
27893,1515,221
27894,1515,87
27895,1515,1074
27896,1515,744
27897,1515,1410
27898,1515,59
27899,1515,1222
27900,1515,952
27901,1515,1597
27902,1515,6
27903,1515,899
27904,1515,1417
27905,1515,1510
27906,1515,230
27907,1515,1178
27908,1515,929
27909,1515,688
27910,1515,257
27911,1515,641
27912,1515,582
27913,1515,657
27914,1515,954
27915,1515,979
27916,1515,157
27917,1515,769
27918,1515,272
27919,1515,819
27920,1515,1294
27921,1515,537
27922,1515,1425
27923,1515,794
27924,1515,211
27925,1515,594
27926,1515,1497
27927,1515,707
27928,1515,115
27929,1515,369
27930,1515,704
27931,1515,1011
27932,1515,235
27933,1515,1314
27934,1515,1540
27935,1515,711
27936,1515,1531
27937,1515,1422
27938,1515,135
27939,1515,1122
27940,1515,679
27941,1515,1359
27942,1515,191
27943,1515,1279
27944,1515,407
27945,1515,245
27946,1515,1386
27947,1515,129
27948,1515,732
27949,1515,740
27950,1515,702
27951,1515,449
27952,1515,218
27953,1515,333
27954,1515,1303
27955,1515,1617
27956,1515,948
27957,1515,635
27958,1515,876
27959,1515,281
27960,1515,996
27961,1515,356
27962,1515,931
27963,1515,961
27964,1515,1050
27965,1515,607
27966,1515,126
27967,1515,23
27968,1515,1108
27969,1515,1593
27970,1515,121
27971,1515,1587
27972,1515,399
27973,1515,1132
27974,1515,367
27975,1515,1052
27976,1515,316
27977,1515,1182
27978,1515,350
27979,1515,1454
27980,1515,881
27981,1515,544
27982,1515,1326
27983,1515,827
27984,1515,978
27985,1515,586
27986,1515,1234
27987,1515,873
27988,1515,1428
27989,1515,488
27990,1515,656
27991,1515,1581
27992,1515,1354
27993,1515,1023
27994,1515,24
27995,1515,1372
27996,1515,1397
27997,1515,1233
27998,1515,263
27999,1515,522
28000,1515,1085
28001,1515,56
28002,1515,1094
28003,1515,634
28004,1515,1140
28005,1515,1467
28006,1515,1169
28007,1515,878
28008,1515,1399
28009,1515,1333
28010,1515,1012
28011,1515,1539
28012,1515,1380
28013,1515,741
28014,1515,1084
28015,1515,1437
28016,1515,1395
28017,1515,1197
28018,1515,880
28019,1515,883
28020,1515,224
28021,1515,400
28022,1515,749
28023,1515,44
28024,1515,570
28025,1515,1091
28026,1515,402
28027,1515,989
28028,1515,1409
28029,1515,1442
28030,1515,608
28031,1515,1532
28032,1515,1352
28033,1515,1126
28034,1515,1402
28035,1515,348
28036,1515,991
28037,1515,98
28038,1515,133
28039,1515,327
28040,1515,796
28041,1515,216
28042,1515,349
28043,1515,1553
28044,1515,526
28045,1515,521
28046,1515,568
28047,1515,1566
28048,1515,971
28049,1515,882
28050,1515,1324
28051,1515,300
28052,1515,1491
28053,1515,1364
28054,1515,1603
28055,1515,1028
28056,1515,498
28057,1515,1191
28058,1515,942
28059,1515,57
28060,1515,822
28061,1515,363
28062,1515,236
28063,1515,254
28064,1515,152
28065,1515,37
28066,1515,22
28067,1515,805
28068,1515,46
28069,1515,1448
28070,1515,875
28071,1515,567
28072,1515,1246
28073,1515,597
28074,1515,1276
28075,1515,148
28076,1515,375
28077,1515,1527
28078,1515,140
28079,1515,867
28080,1515,92
28081,1515,342
28082,1515,40
28083,1515,558
28084,1515,1529
28085,1515,1565
28086,1515,1384
28087,1515,982
28088,1515,517
28089,1515,340
28090,1515,767
28091,1515,42
28092,1515,1257
28093,1515,1117
28094,1515,1494
28095,1515,628
28096,1515,926
28097,1515,853
28098,1515,177
28099,1515,359
28100,1515,431
28101,1515,1218
28102,1515,401
28103,1515,463
28104,1515,1184
28105,1515,1308
28106,1515,1438
28107,1515,238
28108,1517,291
28109,1517,571
28110,1517,1128
28111,1517,530
28112,1517,714
28113,1517,1330
28114,1517,304
28115,1517,887
28116,1517,767
28117,1517,724
28118,1517,775
28119,1517,1238
28120,1517,1284
28121,1517,320
28122,1517,372
28123,1517,1138
28124,1517,980
28125,1517,97
28126,1517,953
28127,1517,521
28128,1517,1274
28129,1517,1155
28130,1517,147
28131,1517,429
28132,1517,474
28133,1517,840
28134,1517,1303
28135,1517,915
28136,1517,1057
28137,1517,1230
28138,1517,262
28139,1517,35
28140,1517,1288
28141,1517,791
28142,1517,1421
28143,1517,469
28144,1517,1499
28145,1517,1108
28146,1517,603
28147,1517,491
28148,1517,1208
28149,1517,1577
28150,1517,1196
28151,1517,858
28152,1517,278
28153,1517,233
28154,1517,998
28155,1517,352
28156,1517,1078
28157,1517,929
28158,1517,730
28159,1517,1530
28160,1517,1331
28161,1517,1318
28162,1517,1131
28163,1517,1039
28164,1517,913
28165,1517,1525
28166,1517,1093
28167,1517,373
28168,1517,483
28169,1517,104
28170,1517,1121
28171,1517,1018
28172,1517,38
28173,1517,650
28174,1517,162
28175,1517,228
28176,1517,882
28177,1517,658
28178,1532,1553
28179,1532,1535
28180,1532,1506
28181,1532,1208
28182,1532,433
28183,1532,1542
28184,1532,1115
28185,1532,1272
28186,1532,1075
28187,1532,125
28188,1532,284
28189,1532,1003
28190,1532,359
28191,1532,1055
28192,1541,759
28193,1541,1572
28194,1541,177
28195,1541,850
28196,1541,1348
28197,1541,992
28198,1541,827
28199,1541,750
28200,1541,259
28201,1541,547
28202,1541,988
28203,1541,1307
28204,1541,11
28205,1541,994
28206,1541,176
28207,1541,1439
28208,1541,621
28209,1541,385
28210,1541,744
28211,1541,892
28212,1541,103
28213,1541,150
28214,1541,1481
28215,1541,246
28216,1541,181
28217,1541,703
28218,1541,346
28219,1541,137
28220,1541,1602
28221,1541,271
28222,1541,42
28223,1541,1607
28224,1541,919
28225,1541,514
28226,1541,340
28227,1541,1178
28228,1541,653
28229,1541,110
28230,1541,666
28231,1541,256
28232,1541,451
28233,1541,1181
28234,1545,1535
28235,1547,1542
28236,1547,1108
28237,1547,641
28238,1547,642
28239,1547,683
28240,1547,863
28241,1547,458
28242,1547,1003
28243,1547,10
28244,1547,448
28245,1547,44
28246,1547,1294
28247,1547,892
28248,1547,1115
28249,1547,808
28250,1547,1508
28251,1547,64
28252,1547,692
28253,1547,959
28254,1547,633
28255,1547,679
28256,1547,429
28257,1547,1134
28258,1547,1125
28259,1547,1055
28260,1547,1469
28261,1547,1553
28262,1547,1176
28263,1547,22
28264,1547,248
28265,1547,567
28266,1547,1096
28267,1547,1037
28268,1547,1272
28269,1547,307
28270,1547,521
28271,1547,1535
28272,1547,7
28273,1547,752
28274,1547,1617
28275,1562,854
28276,1562,1511
28277,1562,687
28278,1562,1136
28279,1562,1478
28280,1562,1403
28281,1562,1256
28282,1562,1347
28283,1562,699
28284,1562,247
28285,1562,426
28286,1562,899
28287,1562,741
28288,1562,1070
28289,1562,603
28290,1562,1573
28291,1562,480
28292,1562,585
28293,1562,527
28294,1562,61
28295,1562,1471
28296,1562,1446
28297,1562,162
28298,1562,337
28299,1562,1389
28300,1562,956
28301,1562,1540
28302,1562,958
28303,1562,1202
28304,1562,192
28305,1562,1480
28306,1562,174
28307,1562,536
28308,1562,1451
28309,1562,1342
28310,1562,939
28311,1562,995
28312,1562,66
28313,1562,925
28314,1562,432
28315,1562,831
28316,1562,747
28317,1562,1132
28318,1562,980
28319,1562,1181
28320,1562,497
28321,1562,32
28322,1562,692
28323,1562,682
28324,1562,946
28325,1562,715
28326,1562,1076
28327,1562,817
28328,1562,1531
28329,1562,668
28330,1562,701
28331,1562,521
28332,1562,1324
28333,1562,940
28334,1562,1133
28335,1562,543
28336,1562,796
28337,1562,286
28338,1562,1006
28339,1562,754
28340,1562,1317
28341,1562,1567
28342,1562,816
28343,1562,226
28344,1562,993
28345,1562,103
28346,1562,145
28347,1562,296
28348,1562,1335
28349,1562,825
28350,1562,657
28351,1562,542
28352,1562,64
28353,1562,1246
28354,1562,1496
28355,1562,302
28356,1562,97
28357,1562,173
28358,1562,375
28359,1562,978
28360,1562,1121
28361,1562,1061
28362,1562,475
28363,1562,560
28364,1562,12
28365,1562,55
28366,1562,235
28367,1562,889
28368,1562,569
28369,1562,274
28370,1562,953
28371,1562,47
28372,1562,1284
28373,1562,1384
28374,1562,218
28375,1562,853
28376,1562,312
28377,1562,1151
28378,1562,359
28379,1562,1204
28380,1562,1405
28381,1562,111
28382,1562,82
28383,1562,576
28384,1562,257
28385,1562,873
28386,1562,788
28387,1562,233
28388,1562,282
28389,1562,1380
28390,1562,141
28391,1562,1319
28392,1562,942
28393,1562,1498
28394,1562,1367
28395,1562,1163
28396,1562,333
28397,1562,834
28398,1562,1453
28399,1562,914
28400,1562,539
28401,1562,1234
28402,1562,1532
28403,1562,403
28404,1562,1443
28405,1562,897
28406,1562,861
28407,1562,1488
28408,1562,1232
28409,1562,979
28410,1562,578
28411,1562,499
28412,1562,1499
28413,1562,1174
28414,1562,483
28415,1562,1154
28416,1562,27
28417,1562,921
28418,1562,494
28419,1562,434
28420,1562,812
28421,1562,1421
28422,1562,314
28423,1562,391
28424,1562,1004
28425,1562,1258
28426,1562,765
28427,1562,297
28428,1562,1143
28429,1562,4
28430,1562,1264
28431,1562,86
28432,1562,125
28433,1562,1473
28434,1562,1230
28435,1562,1541
28436,1562,262
28437,1562,1604
28438,1562,681
28439,1562,135
28440,1562,502
28441,1562,351
28442,1562,357
28443,1562,329
28444,1562,360
28445,1562,1222
28446,1562,40
28447,1562,416
28448,1562,1016
28449,1562,1096
28450,1562,1074
28451,1562,140
28452,1562,127
28453,1562,1341
28454,1562,1497
28455,1562,938
28456,1562,1392
28457,1562,1292
28458,1562,615
28459,1562,1242
28460,1562,828
28461,1562,857
28462,1562,110
28463,1562,1615
28464,1562,1274
28465,1562,1026
28466,1562,1385
28467,1562,394
28468,1562,1481
28469,1562,540
28470,1562,65
28471,1562,1281
28472,1562,221
28473,1562,238
28474,1562,876
28475,1562,923
28476,1562,1303
28477,1562,1250
28478,1562,1159
28479,1562,1240
28480,1562,131
28481,1562,714
28482,1562,969
28483,1562,596
28484,1562,1196
28485,1562,1228
28486,1562,195
28487,1562,1395
28488,1562,1326
28489,1562,916
28490,1562,1108
28491,1562,767
28492,1562,875
28493,1562,1411
28494,1562,1269
28495,1562,838
28496,1562,555
28497,1562,1420
28498,1562,929
28499,1562,1063
28500,1562,824
28501,1562,683
28502,1562,913
28503,1562,222
28504,1562,625
28505,1562,98
28506,1562,1271
28507,1562,1289
28508,1562,290
28509,1562,642
28510,1562,189
28511,1562,203
28512,1562,399
28513,1562,858
28514,1562,1084
28515,1562,1530
28516,1562,1382
28517,1562,1410
28518,1562,1374
28519,1562,1440
28520,1562,303
28521,1562,690
28522,1562,757
28523,1562,1349
28524,1562,1553
28525,1562,184
28526,1562,428
28527,1562,1125
28528,1562,422
28529,1562,830
28530,1562,677
28531,1562,1017
28532,1562,1376
28533,1562,306
28534,1562,1003
28535,1562,18
28536,1562,516
28537,1562,410
28538,1562,200
28539,1562,633
28540,1562,685
28541,1562,446
28542,1562,224
28543,1562,260
28544,1562,1505
28545,1562,344
28546,1562,1220
28547,1562,777
28548,1562,1456
28549,1562,1304
28550,1562,752
28551,1562,117
28552,1562,261
28553,1562,1479
28554,1562,1194
28555,1562,255
28556,1562,269
28557,1562,707
28558,1562,1502
28559,1562,846
28560,1562,1583
28561,1562,1526
28562,1562,19
28563,1562,848
28564,1562,93
28565,1562,789
28566,1562,1245
28567,1562,1276
28568,1562,955
28569,1562,1510
28570,1562,918
28571,1562,727
28572,1562,1054
28573,1562,1534
28574,1562,146
28575,1562,1431
28576,1562,619
28577,1562,134
28578,1562,1040
28579,1562,328
28580,1562,1310
28581,1562,766
28582,1562,1318
28583,1562,1452
28584,1562,1217
28585,1562,1472
28586,1562,1362
28587,1562,469
28588,1562,1406
28589,1562,1536
28590,1562,1105
28591,1562,418
28592,1562,738
28593,1562,1373
28594,1562,1424
28595,1562,1592
28596,1562,1329
28597,1562,1164
28598,1562,859
28599,1562,1404
28600,1562,43
28601,1562,1291
28602,1562,1131
28603,1562,1272
28604,1562,832
28605,1562,785
28606,1562,1195
28607,1562,304
28608,1562,1150
28609,1562,431
28610,1562,580
28611,1562,829
28612,1562,563
28613,1562,552
28614,1562,1012
28615,1562,1116
28616,1562,1371
28617,1562,398
28618,1562,971
28619,1562,568
28620,1562,1122
28621,1562,1273
28622,1562,616
28623,1562,645
28624,1562,611
28625,1562,756
28626,1562,1423
28627,1562,76
28628,1562,51
28629,1562,581
28630,1562,1383
28631,1562,1035
28632,1562,1180
28633,1562,379
