,TF,Target,Label
0,455,405,0
1,989,611,1
2,308,1022,0
3,367,906,0
4,587,643,0
5,966,99,1
6,987,10,1
7,228,477,0
8,292,116,1
9,264,362,0
10,94,55,1
11,162,1048,0
12,745,837,1
13,105,185,1
14,894,805,0
15,846,205,0
16,640,712,0
17,922,185,1
18,413,846,0
19,729,9,1
20,418,754,0
21,917,54,1
22,370,249,0
23,812,634,1
24,680,611,1
25,598,830,1
26,1026,1097,1
27,979,131,0
28,279,361,1
29,460,125,1
30,1117,673,0
31,833,589,0
32,242,21,1
33,980,912,1
34,227,465,0
35,212,144,0
36,749,354,1
37,868,677,0
38,498,719,0
39,177,118,1
40,987,292,1
41,452,83,0
42,118,288,1
43,766,674,0
44,1076,188,0
45,841,523,0
46,319,33,0
47,795,696,0
48,371,694,0
49,324,732,0
50,100,1021,0
51,1030,186,0
52,258,853,0
53,881,1067,1
54,128,610,0
55,1109,179,0
56,329,1002,1
57,393,986,1
58,848,426,1
59,1072,116,1
60,425,980,1
61,1001,29,0
62,605,1036,0
63,906,764,1
64,891,168,0
65,995,292,1
66,55,393,1
67,691,489,0
68,481,680,0
69,358,578,0
70,292,24,1
71,533,175,1
72,606,367,0
73,877,628,0
74,550,240,0
75,179,764,0
76,210,921,0
77,170,136,1
78,880,805,0
79,707,527,0
80,495,160,1
81,1003,456,1
82,1079,570,1
83,1060,381,0
84,413,699,0
85,645,196,1
86,624,490,0
87,501,1032,1
88,187,303,0
89,430,867,1
90,543,471,0
91,136,651,0
92,235,160,0
93,284,281,0
94,1026,479,1
95,628,177,0
96,773,453,0
97,296,609,1
98,867,617,1
99,97,1065,1
100,613,1037,0
101,654,640,1
102,588,399,1
103,921,625,0
104,1107,1065,1
105,991,649,1
106,589,1117,1
107,176,247,0
108,743,944,1
109,928,867,1
110,25,773,0
111,426,55,1
112,705,345,0
113,46,988,0
114,1119,1061,1
115,1061,245,1
116,684,796,0
117,495,286,1
118,343,744,0
119,495,961,1
120,765,456,1
121,867,895,1
122,1055,908,1
123,847,699,0
124,1042,837,1
125,279,1050,0
126,902,153,1
127,727,443,1
128,34,364,1
129,473,291,0
130,346,629,1
131,641,681,0
132,24,700,1
133,1003,173,0
134,582,867,1
135,415,591,0
136,6,79,0
137,79,548,1
138,31,980,1
139,333,478,0
140,812,918,0
141,109,254,0
142,377,446,1
143,118,976,1
144,446,1032,1
145,703,812,1
146,201,239,0
147,177,292,1
148,328,292,1
149,944,1072,0
150,1091,1041,0
151,393,628,1
152,648,258,1
153,727,865,1
154,705,402,1
155,958,691,1
156,1115,466,1
157,786,359,0
158,1076,75,0
159,437,111,1
160,787,743,1
161,24,247,1
162,519,902,0
163,611,90,0
164,1117,817,0
165,48,1033,1
166,721,226,0
167,185,528,1
168,887,800,1
169,358,820,0
170,555,225,1
171,280,460,1
172,1055,105,1
173,407,540,0
174,774,1033,1
175,868,694,0
176,453,4,1
177,595,920,0
178,759,470,0
179,379,40,0
180,983,708,0
181,995,180,0
182,270,427,0
183,367,374,1
184,989,961,1
185,611,976,1
186,287,817,1
187,1053,713,1
188,660,280,0
189,59,661,0
190,748,867,1
191,654,48,1
192,846,475,1
193,329,898,1
194,40,831,1
195,369,567,1
196,679,1103,0
197,312,431,0
198,212,34,1
199,1008,660,1
200,740,1001,0
201,934,302,1
202,764,409,1
203,979,333,0
204,148,328,1
205,726,902,0
206,210,1066,1
207,452,118,0
208,598,867,1
209,266,734,0
210,149,207,1
211,284,757,0
212,1061,648,1
213,79,994,1
214,947,676,0
215,174,89,1
216,358,887,1
217,913,92,0
218,753,822,0
219,941,911,0
220,21,1058,1
221,1111,674,0
222,1004,565,0
223,852,442,0
224,286,566,0
225,915,1100,0
226,109,239,0
227,324,851,0
228,973,614,0
229,344,297,0
230,1033,846,1
231,896,560,0
232,387,111,0
233,225,765,0
234,501,1017,0
235,980,36,0
236,1032,611,1
237,1105,349,0
238,1109,957,0
239,813,196,1
240,292,917,1
241,344,141,0
242,34,470,0
243,473,546,0
244,1099,221,0
245,123,729,1
246,996,125,0
247,125,501,1
248,185,83,1
249,1032,4,1
250,813,1073,0
251,4,495,1
252,327,264,1
253,25,906,0
254,145,148,1
255,865,459,1
256,641,451,1
257,782,247,1
258,482,684,1
259,719,551,0
260,85,217,1
261,660,24,1
262,269,754,1
263,764,242,1
264,944,855,1
265,7,987,1
266,291,757,0
267,63,456,0
268,1033,279,1
269,10,733,1
270,500,562,0
271,898,443,1
272,827,195,0
273,967,999,1
274,777,842,1
275,279,178,1
276,605,884,0
277,342,1065,1
278,660,1044,0
279,868,1033,1
280,1032,247,1
281,887,944,1
282,749,764,0
283,761,823,1
284,71,928,1
285,753,1059,0
286,4,1058,0
287,989,659,0
288,725,1113,0
289,559,196,1
290,645,764,1
291,902,900,0
292,369,459,1
293,922,670,0
294,170,977,0
295,369,976,1
296,602,599,0
297,912,217,1
298,439,813,0
299,779,261,0
300,749,373,0
301,1106,562,1
302,468,346,1
303,781,882,0
304,459,244,0
305,616,692,0
306,745,179,0
307,79,2,1
308,962,322,0
309,221,589,1
310,392,552,0
311,932,423,0
312,221,286,1
313,444,1101,0
314,6,346,0
315,664,1111,1
316,1026,1061,0
317,77,707,0
318,1084,216,0
319,786,898,1
320,1079,588,1
321,765,745,0
322,445,1061,1
323,342,870,0
324,22,635,0
325,843,944,1
326,755,715,1
327,549,586,0
328,316,11,0
329,324,665,0
330,624,311,0
331,103,222,0
332,118,501,1
333,457,172,0
334,292,247,1
335,201,443,0
336,751,555,0
337,573,950,0
338,204,460,1
339,486,703,0
340,418,353,0
341,1107,279,0
342,782,221,1
343,966,329,1
344,364,469,0
345,807,33,0
346,660,21,1
347,611,103,1
348,874,1066,1
349,495,43,1
350,620,157,1
351,939,910,0
352,409,915,0
353,617,423,1
354,495,648,1
355,1084,823,0
356,194,555,0
357,733,649,1
358,857,873,1
359,1022,435,1
360,145,238,0
361,402,342,1
362,21,402,1
363,694,314,0
364,292,878,1
365,554,110,0
366,21,247,1
367,192,170,1
368,4,1026,1
369,1033,1113,1
370,242,764,1
371,328,4,1
372,324,628,0
373,627,389,0
374,402,964,0
375,279,143,0
376,787,582,0
377,551,199,0
378,987,21,0
379,715,94,1
380,423,951,1
381,362,442,0
382,1099,85,1
383,233,151,0
384,998,445,0
385,532,676,1
386,460,680,1
387,519,40,1
388,987,468,1
389,532,83,1
390,720,379,0
391,1032,1119,1
392,185,85,1
393,221,401,0
394,1099,987,1
395,918,295,0
396,868,69,0
397,435,987,1
398,185,480,1
399,65,1081,1
400,806,509,0
401,1022,185,1
402,772,961,1
403,482,708,0
404,54,598,1
405,692,914,0
406,460,85,1
407,1095,745,1
408,54,245,1
409,50,99,1
410,532,10,1
411,448,145,0
412,325,206,1
413,507,160,0
414,439,623,0
415,67,594,0
416,921,1066,1
417,150,188,0
418,175,533,1
419,181,165,0
420,528,896,0
421,387,250,0
422,995,329,1
423,402,1010,1
424,542,454,0
425,962,808,0
426,588,631,1
427,95,763,1
428,1023,812,1
429,791,683,0
430,393,869,1
431,864,1072,0
432,225,1055,1
433,495,501,1
434,1087,521,0
435,226,768,0
436,402,817,1
437,279,1065,1
438,733,495,1
439,940,1028,0
440,966,541,0
441,624,552,0
442,626,907,0
443,915,710,0
444,851,782,1
445,616,182,1
446,116,362,1
447,835,855,1
448,1009,881,0
449,1113,1100,1
450,733,927,0
451,691,922,0
452,568,1113,1
453,356,253,1
454,457,227,0
455,477,655,1
456,999,928,1
457,292,851,1
458,261,1013,0
459,867,664,1
460,286,456,0
461,572,328,0
462,898,928,1
463,1072,948,1
464,367,321,1
465,86,71,1
466,264,3,0
467,392,255,0
468,100,1058,1
469,646,757,0
470,867,529,1
471,368,185,0
472,1008,401,0
473,640,636,0
474,786,259,1
475,367,609,1
476,292,204,1
477,358,105,0
478,174,682,1
479,430,833,0
480,393,443,1
481,205,155,0
482,754,967,1
483,977,519,0
484,105,799,0
485,297,585,0
486,144,525,0
487,369,163,1
488,83,334,1
489,460,532,1
490,430,605,0
491,597,354,1
492,411,595,1
493,415,495,1
494,426,30,0
495,994,961,1
496,349,507,0
497,4,328,1
498,292,865,1
499,484,901,1
500,754,712,1
501,316,685,0
502,723,874,1
503,797,17,0
504,269,305,1
505,977,637,0
506,34,189,1
507,382,15,0
508,994,180,0
509,867,1073,1
510,172,864,0
511,1076,936,0
512,249,597,1
513,21,245,1
514,50,659,0
515,230,369,0
516,889,650,0
517,123,887,0
518,466,837,0
519,403,574,0
520,929,196,1
521,117,636,0
522,286,435,1
523,986,880,1
524,679,827,0
525,994,474,0
526,354,311,0
527,665,211,0
528,475,364,1
529,425,979,1
530,1065,279,1
531,501,160,1
532,4,189,1
533,746,1067,1
534,1076,443,0
535,681,314,0
536,765,411,1
537,167,260,0
538,1028,460,0
539,218,813,0
540,941,145,0
541,114,168,0
542,34,280,1
543,755,272,0
544,146,527,0
545,958,113,0
546,634,690,0
547,1033,868,1
548,785,1031,0
549,588,989,1
550,817,606,0
551,455,908,1
552,276,565,0
553,1030,103,1
554,770,287,1
555,68,539,0
556,364,737,0
557,914,291,0
558,653,616,1
559,287,898,1
560,615,658,0
561,542,318,0
562,998,598,1
563,854,579,0
564,764,775,0
565,85,468,1
566,1028,931,0
567,452,78,0
568,403,772,1
569,1032,519,0
570,495,85,1
571,611,4,1
572,1113,671,1
573,1118,1038,0
574,127,555,0
575,595,443,0
576,167,791,0
577,416,883,1
578,958,469,0
579,660,924,0
580,559,893,0
581,626,895,0
582,975,443,0
583,713,306,0
584,754,629,1
585,640,1045,0
586,589,680,1
587,77,383,1
588,761,790,0
589,989,898,1
590,1083,711,0
591,945,982,0
592,887,320,1
593,723,277,0
594,723,232,1
595,94,475,0
596,379,1084,0
597,116,291,0
598,880,506,0
599,269,63,0
600,1061,185,1
601,139,102,0
602,574,632,0
603,1032,85,0
604,280,816,1
605,498,87,0
606,209,820,0
607,187,758,0
608,308,1036,0
609,562,309,0
610,390,240,0
611,867,34,1
612,172,475,0
613,536,337,0
614,362,532,1
615,444,723,1
616,196,189,1
617,436,638,0
618,177,269,0
619,418,687,0
620,960,282,1
621,649,555,0
622,89,1041,1
623,1011,643,0
624,97,11,1
625,328,269,1
626,891,884,0
627,346,1069,0
628,1072,174,1
629,436,1028,0
630,996,443,1
631,439,970,0
632,989,790,0
633,1079,2,1
634,898,648,1
635,393,267,0
636,939,349,0
637,1097,844,1
638,625,64,0
639,812,703,1
640,748,1080,0
641,611,816,1
642,912,31,1
643,429,502,0
644,868,588,1
645,266,799,0
646,181,307,0
647,605,1101,1
648,393,966,1
649,173,1112,0
650,393,739,0
651,597,702,1
652,210,679,0
653,813,1113,1
654,1022,495,1
655,355,848,0
656,426,86,0
657,148,1065,1
658,994,85,1
659,235,13,0
660,532,922,1
661,766,821,0
662,506,495,0
663,508,936,0
664,1099,842,1
665,1111,287,1
666,821,590,1
667,728,547,0
668,1079,951,1
669,1085,683,0
670,270,804,0
671,1055,455,1
672,218,588,1
673,364,329,1
674,980,987,1
675,49,144,0
676,500,1117,1
677,740,247,0
678,185,500,1
679,961,221,1
680,119,536,1
681,745,528,1
682,654,163,1
683,221,989,1
684,334,10,1
685,21,727,1
686,324,362,1
687,418,503,0
688,628,948,1
689,70,299,0
690,898,976,1
691,1009,515,0
692,678,522,0
693,629,793,0
694,1095,122,0
695,103,216,0
696,1111,260,1
697,930,884,1
698,171,589,1
699,987,922,1
700,364,462,0
701,559,76,1
702,7,399,0
703,694,779,0
704,271,887,0
705,302,870,0
706,280,629,1
707,775,648,1
708,852,511,0
709,369,530,0
710,286,185,1
711,268,204,0
712,473,470,0
713,348,142,0
714,1042,943,0
715,524,645,0
716,587,708,0
717,123,1043,0
718,123,92,0
719,867,342,1
720,374,727,1
721,348,876,0
722,699,252,0
723,118,484,1
724,480,355,1
725,468,1117,1
726,24,201,1
727,24,941,1
728,24,260,1
729,935,670,0
730,292,640,1
731,642,4,1
732,582,1085,0
733,21,874,0
734,305,1085,0
735,807,119,0
736,56,772,0
737,4,460,1
738,99,822,0
739,732,881,0
740,945,764,0
741,63,314,0
742,648,852,1
743,655,846,1
744,1043,85,0
745,266,750,0
746,629,468,1
747,914,491,1
748,613,685,1
749,895,633,0
750,326,990,0
751,416,256,0
752,242,944,1
753,833,79,1
754,674,1048,0
755,460,921,0
756,328,236,0
757,329,917,1
758,1111,789,1
759,880,51,0
760,445,635,0
761,917,906,1
762,835,788,1
763,147,495,0
764,800,723,0
765,242,660,1
766,813,402,1
767,171,286,1
768,777,49,0
769,84,498,0
770,1055,460,1
771,118,286,1
772,702,707,0
773,612,280,0
774,922,532,1
775,772,817,0
776,785,485,0
777,996,673,1
778,532,961,1
779,775,533,1
780,175,1101,1
781,800,576,0
782,245,645,1
783,928,770,1
784,795,744,0
785,1032,286,1
786,374,401,1
787,777,589,1
788,43,1112,0
789,108,503,0
790,504,386,0
791,489,101,0
792,286,171,1
793,951,754,0
794,144,285,0
795,817,736,1
796,785,1036,0
797,898,328,1
798,1009,850,0
799,727,457,0
800,806,77,1
801,987,592,0
802,953,791,0
803,1026,292,0
804,874,829,0
805,595,959,0
806,292,4,1
807,781,998,0
808,185,675,0
809,556,706,0
810,269,465,0
811,990,184,0
812,460,483,1
813,1087,236,1
814,759,1084,0
815,585,759,0
816,902,296,1
817,284,604,0
818,25,334,0
819,1011,241,0
820,185,1072,1
821,989,717,1
822,302,71,0
823,750,114,0
824,660,991,0
825,515,223,0
826,1117,536,1
827,119,706,0
828,502,522,1
829,458,81,1
830,189,889,1
831,4,179,1
832,21,559,1
833,826,75,0
834,384,787,0
835,221,948,1
836,328,148,1
837,270,756,1
838,270,545,0
839,196,632,0
840,537,762,0
841,8,445,1
842,1099,259,0
843,110,358,0
844,655,94,1
845,501,286,1
846,1072,660,1
847,980,964,0
848,434,796,0
849,1002,423,1
850,362,908,1
851,370,274,1
852,149,956,0
853,929,843,1
854,628,898,1
855,700,24,1
856,923,327,0
857,481,65,1
858,928,742,1
859,150,1100,0
860,230,202,0
861,867,423,0
862,764,43,0
863,944,1064,1
864,575,495,1
865,459,369,1
866,328,185,1
867,1023,359,0
868,756,270,1
869,291,31,0
870,898,1040,0
871,1090,895,0
872,364,973,0
873,725,365,0
874,495,280,1
875,402,221,0
876,532,1117,1
877,1119,616,0
878,225,769,0
879,458,63,1
880,564,735,0
881,733,334,1
882,506,950,0
883,483,554,0
884,72,1112,0
885,1113,82,1
886,236,177,0
887,79,917,1
888,1099,346,1
889,922,465,0
890,428,469,0
891,770,295,0
892,334,837,0
893,967,754,1
894,980,217,1
895,327,1101,1
896,238,44,0
897,699,504,0
898,777,138,0
899,1079,302,1
900,24,409,1
901,574,588,1
902,912,393,1
903,287,736,1
904,401,874,1
905,260,865,1
906,334,1040,0
907,1065,1047,1
908,751,991,0
909,785,129,0
910,71,350,0
911,986,448,0
912,148,1105,0
913,4,218,1
914,411,1001,0
915,235,763,0
916,1079,1101,1
917,325,1069,1
918,1095,772,1
919,628,4,1
920,894,503,0
921,218,172,1
922,1079,380,0
923,172,272,0
924,107,846,1
925,1060,86,0
926,629,928,1
927,846,509,1
928,1032,304,0
929,25,519,0
930,655,334,1
931,834,74,0
932,1055,694,0
933,843,466,1
934,1055,218,0
935,468,140,0
936,210,1057,1
937,895,591,0
938,609,383,1
939,417,818,0
940,1073,575,1
941,117,1083,0
942,841,689,0
943,1018,665,0
944,644,1056,0
945,748,450,0
946,1065,639,1
947,994,495,1
948,123,250,1
949,674,530,1
950,141,537,0
951,119,134,0
952,527,8,1
953,1077,147,0
954,225,1119,1
955,418,968,0
956,757,867,1
957,917,292,1
958,178,279,1
959,685,722,0
960,8,703,0
961,185,125,1
962,781,643,0
963,437,301,0
964,755,996,1
965,648,393,1
966,606,479,0
967,1103,442,0
968,426,668,0
969,118,996,1
970,851,118,1
971,24,1116,0
972,446,443,1
973,528,613,0
974,536,247,1
975,967,894,0
976,715,124,0
977,225,532,1
978,806,157,0
979,160,900,0
980,1101,428,1
981,961,937,0
982,865,116,0
983,951,440,0
984,314,1045,0
985,1113,206,1
986,999,1033,1
987,852,302,0
988,456,860,0
989,167,474,0
990,460,941,0
991,1072,903,0
992,364,816,1
993,727,966,1
994,446,473,0
995,324,116,1
996,1107,176,0
997,886,149,0
998,320,940,1
999,817,797,0
1000,564,549,0
1001,865,369,1
1002,887,867,1
1003,292,475,1
1004,326,812,0
1005,249,284,0
1006,913,437,0
1007,613,222,0
1008,416,569,0
1009,444,470,0
1010,699,31,0
1011,881,63,1
1012,1001,307,0
1013,247,976,1
1014,253,964,0
1015,79,89,1
1016,654,315,0
1017,852,364,1
1018,917,929,1
1019,766,1115,0
1020,961,989,1
1021,136,406,0
1022,76,973,0
1023,500,777,1
1024,567,848,1
1025,746,881,1
1026,867,989,1
1027,479,520,0
1028,1119,242,1
1029,855,924,0
1030,393,334,1
1031,1079,775,1
1032,58,963,0
1033,71,781,0
1034,723,1004,1
1035,298,727,0
1036,766,548,0
1037,594,646,0
1038,1111,763,1
1039,21,645,1
1040,2,760,0
1041,549,853,0
1042,887,97,0
1043,118,589,1
1044,913,803,0
1045,501,171,1
1046,977,542,1
1047,364,259,0
1048,286,585,0
1049,1033,443,1
1050,727,361,1
1051,575,131,0
1052,624,539,0
1053,1117,55,1
1054,1042,999,0
1055,468,929,0
1056,715,682,1
1057,302,484,0
1058,612,145,0
1059,444,1018,1
1060,336,689,0
1061,116,618,0
1062,982,981,0
1063,935,533,0
1064,168,817,0
1065,258,648,1
1066,1022,889,1
1067,242,645,1
1068,1026,614,1
1069,501,445,1
1070,536,514,0
1071,761,659,0
1072,393,55,1
1073,99,999,1
1074,1089,337,0
1075,868,472,0
1076,928,113,0
1077,185,34,1
1078,764,1032,1
1079,966,47,0
1080,527,919,1
1081,999,348,0
1082,344,406,0
1083,1081,817,1
1084,982,181,0
1085,843,976,1
1086,247,93,1
1087,354,749,1
1088,528,732,0
1089,953,806,1
1090,908,362,1
1091,996,793,0
1092,1084,422,0
1093,344,178,0
1094,611,185,1
1095,597,270,0
1096,944,929,1
1097,455,1075,1
1098,296,673,1
1099,740,715,1
1100,167,385,0
1101,611,77,0
1102,498,871,0
1103,880,741,0
1104,884,1064,0
1105,7,837,1
1106,869,7,0
1107,1003,598,1
1108,392,648,1
1109,906,981,0
1110,750,679,0
1111,15,1077,0
1112,125,987,1
1113,654,273,1
1114,685,141,0
1115,847,751,0
1116,1032,660,1
1117,495,79,1
1118,448,966,0
1119,385,918,1
1120,1061,290,0
1121,685,506,0
1122,1106,136,0
1123,935,81,1
1124,349,818,0
1125,707,161,0
1126,261,879,0
1127,589,989,1
1128,171,519,0
1129,175,646,0
1130,816,288,1
1131,409,628,1
1132,324,470,0
1133,996,94,0
1134,884,930,1
1135,348,200,0
1136,587,244,0
1137,506,120,0
1138,167,817,1
1139,794,773,0
1140,595,299,0
1141,884,329,1
1142,841,890,0
1143,1032,370,0
1144,951,727,1
1145,502,100,1
1146,1106,94,0
1147,150,1099,0
1148,123,279,0
1149,624,824,0
1150,292,435,1
1151,482,543,0
1152,230,662,0
1153,270,973,0
1154,386,431,0
1155,342,314,0
1156,740,771,0
1157,867,249,1
1158,748,258,0
1159,605,290,0
1160,746,458,1
1161,653,867,1
1162,1055,79,1
1163,556,67,0
1164,40,667,0
1165,287,444,1
1166,280,118,1
1167,653,1091,1
1168,407,403,0
1169,532,429,0
1170,556,61,0
1171,185,328,1
1172,691,404,0
1173,913,101,0
1174,242,189,1
1175,574,363,0
1176,807,987,0
1177,865,844,1
1178,249,202,0
1179,620,631,0
1180,987,31,1
1181,425,912,1
1182,443,393,1
1183,958,343,0
1184,204,970,0
1185,915,242,0
1186,104,917,1
1187,79,1042,1
1188,705,516,0
1189,589,575,1
1190,1083,136,1
1191,160,1084,0
1192,266,542,0
1193,987,284,0
1194,1061,204,1
1195,702,1021,0
1196,640,247,1
1197,994,980,1
1198,555,1119,1
1199,501,328,1
1200,906,460,0
1201,887,926,1
1202,11,859,0
1203,11,742,1
1204,1003,677,0
1205,537,628,1
1206,446,171,1
1207,500,495,1
1208,266,295,0
1209,1072,566,0
1210,245,868,0
1211,1055,785,0
1212,980,238,0
1213,507,903,0
1214,917,21,1
1215,1085,810,0
1216,623,65,0
1217,865,287,1
1218,640,765,1
1219,996,948,1
1220,1022,584,0
1221,851,157,1
1222,779,269,0
1223,528,1042,1
1224,646,660,0
1225,1042,912,1
1226,1050,378,1
1227,403,1095,1
1228,328,533,1
1229,426,309,0
1230,460,118,1
1231,770,1040,0
1232,1111,212,1
1233,595,118,1
1234,547,903,1
1235,1085,26,0
1236,987,842,1
1237,364,611,1
1238,1113,999,1
1239,90,162,0
1240,453,934,0
1241,426,125,1
1242,585,84,0
1243,212,499,1
1244,305,582,1
1245,453,266,0
1246,864,336,0
1247,575,546,0
1248,843,286,1
1249,498,980,0
1250,356,648,1
1251,185,425,1
1252,817,867,1
1253,418,916,0
1254,162,797,0
1255,857,389,1
1256,456,264,0
1257,167,777,1
1258,328,664,0
1259,160,355,1
1260,846,1101,0
1261,249,533,1
1262,196,245,1
1263,196,660,1
1264,817,2,1
1265,653,458,0
1266,484,996,1
1267,720,296,0
1268,351,981,0
1269,89,141,1
1270,171,676,0
1271,364,13,0
1272,1084,976,0
1273,902,184,0
1274,1113,39,1
1275,794,669,0
1276,591,269,0
1277,649,125,1
1278,171,648,1
1279,806,321,1
1280,209,691,1
1281,575,528,1
1282,867,265,1
1283,772,994,1
1284,901,851,1
1285,305,1091,1
1286,319,416,1
1287,428,857,1
1288,72,892,0
1289,327,674,0
1290,458,623,0
1291,442,806,0
1292,446,610,0
1293,835,475,0
1294,1032,21,1
1295,983,314,1
1296,473,769,0
1297,136,442,0
1298,136,1026,1
1299,217,837,1
1300,812,201,1
1301,437,491,0
1302,536,515,1
1303,699,1015,0
1304,1076,804,0
1305,185,362,1
1306,185,842,1
1307,103,987,1
1308,271,783,0
1309,1022,597,0
1310,999,10,0
1311,279,2,1
1312,316,1016,0
1313,6,526,0
1314,867,898,1
1315,1041,1032,1
1316,763,253,0
1317,502,295,0
1318,1033,274,1
1319,763,361,1
1320,415,1030,1
1321,609,296,1
1322,1033,671,0
1323,292,171,1
1324,238,63,1
1325,416,565,0
1326,749,972,0
1327,886,1050,0
1328,7,185,1
1329,98,315,0
1330,1065,459,0
1331,178,240,0
1332,987,103,1
1333,230,70,1
1334,842,383,0
1335,1003,423,1
1336,79,409,0
1337,116,976,1
1338,1032,167,1
1339,966,746,1
1340,92,646,0
1341,280,328,1
1342,817,595,1
1343,896,531,0
1344,212,185,1
1345,385,378,1
1346,18,206,0
1347,591,81,0
1348,457,575,0
1349,273,774,1
1350,268,779,1
1351,846,314,1
1352,448,924,0
1353,829,607,0
1354,755,79,1
1355,280,989,1
1356,733,634,0
1357,537,256,0
1358,800,687,1
1359,148,404,0
1360,178,950,0
1361,1033,582,1
1362,729,385,0
1363,917,167,1
1364,559,917,1
1365,827,731,0
1366,355,737,0
1367,648,501,1
1368,501,225,1
1369,589,460,1
1370,411,362,0
1371,1022,179,1
1372,901,976,1
1373,480,1041,1
1374,806,40,0
1375,79,745,1
1376,891,365,0
1377,728,482,0
1378,939,1073,0
1379,851,613,0
1380,264,497,0
1381,917,369,1
1382,1042,1038,0
1383,1112,829,0
1384,483,317,0
1385,502,857,1
1386,176,308,1
1387,290,810,0
1388,640,769,0
1389,676,664,1
1390,10,393,0
1391,522,453,0
1392,847,1078,0
1393,103,495,1
1394,898,95,1
1395,423,222,0
1396,458,512,0
1397,349,888,0
1398,238,1071,0
1399,230,878,0
1400,105,115,0
1401,814,1053,0
1402,999,301,0
1403,76,89,0
1404,1083,673,0
1405,210,459,0
1406,245,325,0
1407,855,574,0
1408,48,656,0
1409,364,976,1
1410,83,460,1
1411,474,519,0
1412,848,166,0
1413,292,734,1
1414,1081,218,1
1415,1009,1003,0
1416,713,201,1
1417,616,515,1
1418,484,657,0
1419,167,567,1
1420,21,104,1
1421,445,648,1
1422,512,246,0
1423,837,85,1
1424,1072,393,1
1425,640,2,1
1426,111,710,0
1427,173,790,0
1428,814,234,0
1429,989,589,1
1430,165,134,0
1431,902,374,1
1432,79,528,1
1433,1073,79,1
1434,554,633,1
1435,385,1091,1
1436,713,1079,1
1437,265,1091,1
1438,79,641,1
1439,24,861,0
1440,1042,694,0
1441,4,1043,1
1442,89,737,1
1443,889,409,1
1444,871,548,1
1445,865,989,1
1446,833,1077,0
1447,453,714,0
1448,111,437,1
1449,641,874,0
1450,685,648,1
1451,1081,1053,1
1452,85,7,1
1453,43,427,0
1454,653,709,0
1455,707,762,0
1456,320,1062,0
1457,727,1067,0
1458,1079,1103,1
1459,272,810,0
1460,753,275,0
1461,987,648,1
1462,691,852,1
1463,10,1099,1
1464,1101,1093,0
1465,867,260,1
1466,848,605,1
1467,328,928,1
1468,1090,524,1
1469,349,1072,1
1470,65,574,1
1471,413,1056,0
1472,951,499,1
1473,495,34,1
1474,867,733,1
1475,24,634,0
1476,721,33,0
1477,189,34,1
1478,475,123,1
1479,210,115,0
1480,439,835,0
1481,995,1055,0
1482,444,844,1
1483,852,292,1
1484,221,534,0
1485,204,352,0
1486,754,796,0
1487,733,811,0
1488,902,874,1
1489,896,685,1
1490,715,998,0
1491,1117,987,1
1492,527,825,0
1493,1065,519,1
1494,430,1046,0
1495,63,1067,1
1496,49,831,0
1497,935,994,0
1498,56,124,0
1499,998,245,1
1500,47,691,0
1501,589,185,1
1502,501,185,1
1503,807,1084,0
1504,15,479,0
1505,495,745,1
1506,542,363,0
1507,173,682,0
1508,1076,345,0
1509,292,256,0
1510,273,253,1
1511,729,45,0
1512,416,691,1
1513,416,409,1
1514,996,715,1
1515,460,225,1
1516,551,754,1
1517,495,683,0
1518,325,710,0
1519,1065,518,1
1520,638,229,0
1521,895,718,0
1522,455,362,1
1523,430,812,1
1524,352,280,1
1525,941,140,0
1526,1055,324,1
1527,649,460,1
1528,177,154,0
1529,1032,817,1
1530,209,1033,1
1531,81,578,0
1532,681,44,0
1533,479,736,0
1534,1112,324,0
1535,34,1081,1
1536,756,922,0
1537,170,390,0
1538,55,668,0
1539,1003,925,0
1540,869,305,1
1541,356,270,0
1542,961,34,1
1543,320,531,0
1544,416,841,0
1545,481,569,0
1546,1003,917,1
1547,705,812,1
1548,42,171,1
1549,852,541,0
1550,1097,1004,1
1551,409,1106,0
1552,426,185,1
1553,902,1067,1
1554,205,128,0
1555,770,915,0
1556,448,477,1
1557,218,833,0
1558,89,4,1
1559,34,559,1
1560,444,569,0
1561,196,481,0
1562,922,428,0
1563,807,1001,0
1564,576,81,0
1565,501,455,1
1566,665,115,0
1567,361,763,1
1568,627,1019,0
1569,581,700,0
1570,550,287,0
1571,475,423,1
1572,377,474,0
1573,292,1018,1
1574,276,371,0
1575,1064,929,1
1576,279,101,0
1577,524,393,1
1578,524,986,1
1579,788,1031,0
1580,8,455,1
1581,418,513,0
1582,34,989,1
1583,105,495,1
1584,4,967,1
1585,334,1117,1
1586,996,740,1
1587,917,867,1
1588,147,845,0
1589,460,980,1
1590,86,249,0
1591,1064,697,0
1592,475,648,1
1593,817,292,1
1594,85,745,1
1595,369,576,0
1596,846,107,1
1597,680,362,1
1598,891,599,0
1599,724,268,0
1600,928,787,1
1601,456,1117,0
1602,1009,328,0
1603,750,812,1
1604,638,213,0
1605,894,525,0
1606,715,740,1
1607,654,1099,0
1608,50,966,1
1609,729,269,1
1610,305,1035,0
1611,773,598,0
1612,649,991,1
1613,998,1032,1
1614,71,240,0
1615,987,980,1
1616,504,210,0
1617,880,1082,0
1618,54,648,1
1619,495,816,1
1620,576,123,0
1621,81,935,1
1622,479,773,0
1623,325,873,1
1624,105,728,0
1625,391,903,0
1626,694,1009,0
1627,1089,603,0
1628,1117,346,1
1629,782,948,1
1630,1072,76,0
1631,95,865,1
1632,349,807,0
1633,1030,425,0
1634,160,105,1
1635,1018,292,1
1636,947,770,0
1637,185,1055,1
1638,533,249,1
1639,661,25,0
1640,542,1094,1
1641,1003,141,1
1642,486,542,1
1643,1107,428,1
1644,754,995,1
1645,1111,772,0
1646,620,278,0
1647,31,495,1
1648,930,850,0
1649,786,131,0
1650,75,442,0
1651,456,722,0
1652,316,628,1
1653,7,912,1
1654,167,163,1
1655,280,292,1
1656,99,50,1
1657,980,999,0
1658,973,365,0
1659,509,649,1
1660,84,388,0
1661,961,288,1
1662,411,989,1
1663,581,665,0
1664,225,1079,1
1665,641,100,0
1666,1076,208,0
1667,867,77,1
1668,588,817,1
1669,868,627,0
1670,922,713,0
1671,996,979,0
1672,81,1067,1
1673,868,354,0
1674,611,500,1
1675,1022,196,1
1676,817,157,1
1677,602,939,0
1678,185,350,1
1679,567,817,1
1680,754,1102,1
1681,769,889,0
1682,126,1026,0
1683,334,465,0
1684,989,4,1
1685,346,777,1
1686,559,1032,1
1687,172,1109,0
1688,587,737,0
1689,898,959,0
1690,43,171,0
1691,763,532,1
1692,1064,666,0
1693,435,879,0
1694,1076,704,0
1695,898,935,1
1696,576,648,1
1697,918,378,1
1698,415,103,1
1699,515,616,1
1700,635,780,0
1701,79,773,1
1702,991,751,0
1703,409,522,0
1704,917,225,1
1705,613,785,1
1706,456,249,0
1707,165,239,0
1708,611,118,1
1709,1032,901,1
1710,305,307,0
1711,434,716,0
1712,343,603,0
1713,727,552,1
1714,923,124,0
1715,249,755,0
1716,753,599,0
1717,902,871,1
1718,333,393,0
1719,816,75,1
1720,204,1055,1
1721,127,692,0
1722,644,97,0
1723,962,421,0
1724,871,79,1
1725,609,671,0
1726,457,382,0
1727,726,703,1
1728,258,4,1
1729,862,174,0
1730,249,239,0
1731,640,273,0
1732,116,527,1
1733,328,779,1
1734,961,425,1
1735,21,182,1
1736,989,948,1
1737,280,179,1
1738,34,598,1
1739,105,350,1
1740,935,1057,1
1741,34,944,1
1742,626,493,0
1743,1053,137,0
1744,1022,987,1
1745,279,792,0
1746,864,487,0
1747,210,1067,1
1748,1103,638,0
1749,852,1005,0
1750,1018,976,1
1751,367,874,1
1752,204,376,0
1753,1081,1083,0
1754,626,530,0
1755,609,1031,0
1756,868,882,0
1757,765,260,0
1758,1023,868,1
1759,676,95,1
1760,349,204,0
1761,76,452,0
1762,460,745,1
1763,296,1067,1
1764,1105,1087,0
1765,692,749,0
1766,829,213,0
1767,279,269,1
1768,185,991,1
1769,588,1052,1
1770,361,312,1
1771,116,1061,1
1772,146,493,0
1773,588,298,1
1774,528,933,0
1775,413,171,0
1776,989,459,1
1777,611,1000,1
1778,501,1061,1
1779,574,29,0
1780,889,1032,1
1781,336,493,0
1782,1065,361,1
1783,724,284,0
1784,402,1053,1
1785,292,770,1
1786,1023,807,1
1787,483,873,0
1788,70,230,1
1789,1072,196,1
1790,691,588,1
1791,443,691,1
1792,613,272,0
1793,613,634,0
1794,1003,177,1
1795,953,924,0
1796,834,255,0
1797,536,1032,1
1798,519,262,1
1799,459,817,1
1800,346,290,0
1801,867,708,1
1802,664,204,0
1803,245,1022,1
1804,696,693,0
1805,413,764,1
1806,914,964,0
1807,685,977,1
1808,1065,970,0
1809,95,449,0
1810,825,465,1
1811,2,79,1
1812,589,948,1
1813,325,1057,0
1814,527,386,1
1815,581,259,0
1816,348,725,0
1817,212,789,1
1818,1119,849,0
1819,977,970,0
1820,542,245,0
1821,1097,953,1
1822,1042,7,1
1823,867,649,1
1824,889,90,0
1825,1055,788,0
1826,680,532,1
1827,185,1032,1
1828,1099,589,1
1829,445,460,1
1830,975,548,0
1831,185,407,1
1832,91,509,0
1833,642,205,0
1834,475,329,1
1835,1032,495,1
1836,236,342,0
1837,846,727,0
1838,760,265,0
1839,764,765,0
1840,705,866,1
1841,589,823,1
1842,148,727,1
1843,225,125,1
1844,358,406,0
1845,994,278,0
1846,21,976,1
1847,867,917,1
1848,812,175,0
1849,947,69,0
1850,1002,123,0
1851,951,123,0
1852,536,83,1
1853,543,697,0
1854,292,460,1
1855,1113,266,0
1856,854,328,0
1857,555,245,1
1858,342,867,1
1859,725,442,0
1860,177,742,0
1861,812,514,1
1862,932,9,0
1863,782,21,1
1864,81,334,0
1865,466,628,1
1866,678,763,0
1867,79,1059,1
1868,21,1033,1
1869,481,609,0
1870,917,595,1
1871,812,691,1
1872,567,369,1
1873,495,321,0
1874,867,945,0
1875,851,745,0
1876,295,238,0
1877,192,903,0
1878,77,609,1
1879,774,648,1
1880,1051,628,1
1881,967,32,0
1882,69,263,0
1883,824,812,1
1884,867,977,1
1885,34,459,1
1886,881,935,1
1887,994,678,0
1888,1011,674,0
1889,403,326,0
1890,1050,628,0
1891,501,1055,1
1892,2,167,1
1893,655,1032,1
1894,367,296,1
1895,1112,464,0
1896,713,588,1
1897,503,296,0
1898,867,1079,1
1899,34,843,1
1900,501,743,0
1901,543,536,0
1902,260,24,1
1903,846,1118,0
1904,732,289,0
1905,204,27,0
1906,83,495,1
1907,22,1045,0
1908,843,1003,1
1909,835,195,0
1910,1041,23,0
1911,812,979,0
1912,1080,915,0
1913,834,928,1
1914,54,1080,0
1915,733,1117,1
1916,162,574,0
1917,922,1111,1
1918,772,407,1
1919,466,768,0
1920,479,789,1
1921,999,120,0
1922,242,91,0
1923,221,1032,1
1924,660,34,1
1925,994,217,1
1926,204,362,1
1927,628,186,0
1928,123,1083,0
1929,204,975,0
1930,980,568,0
1931,326,107,0
1932,1113,14,1
1933,325,552,1
1934,411,1066,1
1935,466,613,0
1936,998,242,1
1937,759,227,0
1938,628,917,1
1939,649,83,1
1940,877,304,0
1941,987,425,1
1942,1002,586,1
1943,961,171,1
1944,648,4,1
1945,842,332,0
1946,446,495,1
1947,185,221,1
1948,648,917,1
1949,757,450,0
1950,456,300,0
1951,582,564,1
1952,165,68,0
1953,217,575,1
1954,450,727,1
1955,843,21,1
1956,189,1022,1
1957,634,812,1
1958,648,362,1
1959,764,676,1
1960,581,951,0
1961,507,21,0
1962,674,1073,0
1963,868,628,0
1964,640,595,1
1965,34,58,0
1966,192,1022,1
1967,928,857,1
1968,588,319,1
1969,205,949,0
1970,821,299,0
1971,614,571,0
1972,362,976,1
1973,4,961,1
1974,1099,10,1
1975,287,141,0
1976,403,409,0
1977,292,767,0
1978,443,48,1
1979,1000,28,0
1980,247,640,1
1981,68,192,1
1982,18,820,0
1983,91,944,0
1984,961,259,0
1985,468,495,1
1986,655,349,1
1987,724,31,0
1988,895,844,1
1989,24,1008,1
1990,329,846,1
1991,10,680,1
1992,390,749,0
1993,999,754,1
1994,772,861,0
1995,452,61,0
1996,55,477,1
1997,939,748,0
1998,980,5,0
1999,1030,1043,1
2000,426,961,1
2001,699,84,0
2002,1032,515,1
2003,483,76,0
2004,118,917,1
2005,1097,865,1
2006,333,67,0
2007,1111,719,0
2008,382,876,0
2009,2,416,1
2010,987,79,1
2011,460,185,1
2012,364,1003,1
2013,269,328,1
2014,117,783,0
2015,170,423,1
2016,915,172,0
2017,721,719,0
2018,559,645,1
2019,555,34,1
2020,452,471,0
2021,15,316,0
2022,49,229,0
2023,141,917,1
2024,287,279,1
2025,411,68,0
2026,745,386,0
2027,328,898,1
2028,960,1065,1
2029,979,329,0
2030,764,171,1
2031,721,97,0
2032,501,644,0
2033,249,235,1
2034,1113,533,0
2035,1065,1073,1
2036,413,542,0
2037,699,286,0
2038,495,611,1
2039,501,109,0
2040,786,533,0
2041,85,1052,0
2042,928,428,1
2043,527,1117,0
2044,46,109,0
2045,719,1048,0
2046,923,241,0
2047,495,136,0
2048,642,30,0
2049,110,1002,1
2050,116,324,1
2051,167,917,1
2052,270,648,1
2053,167,292,1
2054,280,393,1
2055,127,304,0
2056,756,789,1
2057,48,158,0
2058,986,354,0
2059,1055,292,1
2060,918,888,0
2061,475,976,1
2062,611,649,1
2063,273,566,0
2064,423,966,1
2065,411,177,1
2066,1097,972,0
2067,1064,555,1
2068,591,11,0
2069,203,347,0
2070,665,550,0
2071,89,180,0
2072,453,679,0
2073,977,781,0
2074,1091,869,1
2075,598,497,0
2076,508,892,0
2077,1032,225,1
2078,218,681,1
2079,867,1051,1
2080,382,557,0
2081,439,995,0
2082,538,685,0
2083,685,827,0
2084,179,980,0
2085,185,445,1
2086,189,1064,1
2087,945,1101,1
2088,173,814,0
2089,269,893,0
2090,384,75,0
2091,221,851,1
2092,446,551,1
2093,24,1061,1
2094,626,232,0
2095,136,205,0
2096,444,782,0
2097,105,987,1
2098,1111,34,1
2099,21,653,1
2100,684,945,0
2101,630,132,0
2102,402,1065,1
2103,86,508,0
2104,502,916,0
2105,428,605,1
2106,34,611,1
2107,727,1028,1
2108,336,822,0
2109,260,72,1
2110,58,215,0
2111,503,202,0
2112,807,1082,0
2113,644,822,0
2114,280,660,0
2115,500,680,1
2116,177,369,1
2117,748,681,0
2118,402,896,1
2119,426,590,0
2120,908,1030,0
2121,514,292,1
2122,128,907,0
2123,886,274,0
2124,929,645,1
2125,223,1001,0
2126,980,473,0
2127,260,50,0
2128,996,851,1
2129,423,21,1
2130,139,31,0
2131,1033,576,1
2132,828,168,0
2133,77,548,1
2134,613,549,0
2135,238,1066,1
2136,559,889,1
2137,587,1099,0
2138,824,336,0
2139,75,593,0
2140,287,900,0
2141,179,825,0
2142,740,755,1
2143,703,417,0
2144,765,640,1
2145,737,346,0
2146,532,680,1
2147,763,1081,0
2148,382,200,0
2149,678,661,0
2150,728,877,0
2151,141,1022,0
2152,196,687,0
2153,1080,644,0
2154,495,828,0
2155,727,21,1
2156,628,288,1
2157,214,305,0
2158,435,118,1
2159,1026,24,1
2160,958,600,0
2161,902,383,1
2162,484,595,1
2163,745,961,1
2164,929,1064,1
2165,653,312,0
2166,79,401,1
2167,416,423,0
2168,587,2,0
2169,598,1,0
2170,1061,977,0
2171,1113,881,0
2172,370,402,1
2173,611,961,1
2174,934,447,0
2175,167,589,0
2176,883,928,1
2177,975,855,0
2178,653,727,1
2179,352,646,0
2180,221,459,1
2181,1033,884,1
2182,218,896,1
2183,423,1003,1
2184,916,638,0
2185,460,1042,1
2186,1043,1022,1
2187,887,492,0
2188,453,170,1
2189,775,40,0
2190,613,913,0
2191,1097,168,0
2192,947,646,0
2193,426,364,1
2194,961,500,1
2195,407,495,1
2196,782,817,1
2197,495,435,1
2198,785,215,0
2199,898,1029,1
2200,763,1111,1
2201,292,961,1
2202,729,393,1
2203,1055,680,1
2204,961,842,1
2205,225,445,1
2206,691,883,1
2207,402,727,1
2208,887,6,1
2209,291,340,0
2210,439,736,1
2211,770,549,0
2212,217,79,1
2213,945,815,0
2214,713,214,1
2215,502,1084,0
2216,629,182,0
2217,648,691,1
2218,38,665,0
2219,1022,906,1
2220,68,1083,1
2221,199,679,0
2222,640,848,1
2223,558,146,0
2224,842,10,1
2225,152,528,0
2226,328,976,1
2227,880,774,1
2228,727,201,1
2229,581,734,0
2230,393,585,0
2231,423,852,1
2232,475,615,0
2233,377,1083,0
2234,852,393,1
2235,684,122,0
2236,901,382,0
2237,977,867,1
2238,779,337,0
2239,902,88,0
2240,171,1032,1
2241,685,928,1
2242,598,312,1
2243,635,515,0
2244,519,1065,1
2245,817,898,1
2246,25,402,0
2247,724,79,1
2248,966,320,1
2249,865,1018,1
2250,980,589,1
2251,648,922,1
2252,1115,917,1
2253,612,312,0
2254,98,262,0
2255,1072,539,0
2256,507,745,0
2257,170,89,0
2258,871,679,0
2259,916,983,0
2260,995,539,1
2261,1079,11,1
2262,428,71,1
2263,442,913,0
2264,1032,24,1
2265,185,151,0
2266,477,1117,1
2267,575,56,1
2268,402,482,1
2269,165,114,0
2270,242,906,1
2271,989,113,0
2272,614,270,1
2273,935,210,1
2274,4,1030,1
2275,867,1033,1
2276,575,185,1
2277,1032,976,1
2278,21,995,1
2279,445,566,0
2280,386,62,0
2281,196,354,0
2282,865,411,1
2283,72,468,0
2284,1095,319,0
2285,849,1118,0
2286,409,660,1
2287,928,727,1
2288,175,749,0
2289,572,658,0
2290,648,966,1
2291,266,39,0
2292,522,956,0
2293,559,1022,1
2294,917,1048,0
2295,292,664,0
2296,1079,274,1
2297,392,325,0
2298,648,1090,1
2299,139,106,0
2300,908,324,1
2301,116,393,1
2302,1032,1094,0
2303,857,175,1
2304,100,920,0
2305,930,806,0
2306,312,867,1
2307,382,65,0
2308,691,989,1
2309,2,262,1
2310,480,376,0
2311,71,86,1
2312,372,304,0
2313,989,648,1
2314,199,305,1
2315,1072,953,1
2316,759,437,0
2317,769,670,0
2318,107,1107,0
2319,1113,898,1
2320,361,207,1
2321,364,961,1
2322,871,761,0
2323,846,549,0
2324,14,724,1
2325,38,19,0
2326,648,3,0
2327,167,459,1
2328,227,653,0
2329,918,809,0
2330,1087,676,1
2331,775,451,0
2332,136,192,1
2333,994,987,1
2334,181,502,0
2335,913,270,0
2336,961,589,1
2337,361,524,0
2338,1091,199,0
2339,495,217,1
2340,177,147,0
2341,680,991,1
2342,1032,185,1
2343,506,4,1
2344,76,866,0
2345,1003,341,0
2346,987,1042,1
2347,829,1079,0
2348,1061,1072,1
2349,781,1098,0
2350,555,559,1
2351,314,94,1
2352,692,167,0
2353,634,245,0
2354,481,168,0
2355,10,842,1
2356,83,85,1
2357,1033,743,1
2358,551,0,0
2359,773,121,0
2360,250,961,0
2361,1099,105,1
2362,846,733,1
2363,107,234,0
2364,149,1065,1
2365,325,723,0
2366,1053,949,0
2367,522,624,0
2368,227,500,1
2369,1043,424,0
2370,685,1094,1
2371,105,62,0
2372,967,921,0
2373,392,372,0
2374,171,364,1
2375,104,854,0
2376,346,83,1
2377,1072,629,0
2378,377,420,0
2379,527,1010,0
2380,286,84,0
2381,575,7,1
2382,426,448,1
2383,887,977,1
2384,2,177,1
2385,21,269,1
2386,205,401,0
2387,409,562,0
2388,504,790,0
2389,868,329,1
2390,699,311,0
2391,221,611,1
2392,889,34,1
2393,34,212,1
2394,995,66,1
2395,171,987,1
2396,1065,149,1
2397,1117,628,0
2398,1065,782,1
2399,720,150,0
2400,881,396,0
2401,685,1048,0
2402,549,233,0
2403,588,782,1
2404,558,896,0
2405,1113,873,1
2406,901,34,1
2407,436,645,0
2408,995,206,1
2409,846,48,1
2410,1043,79,1
2411,1065,1057,1
2412,769,326,0
2413,653,917,1
2414,125,96,0
2415,160,1072,1
2416,261,651,0
2417,25,482,0
2418,589,994,1
2419,572,1056,0
2420,218,65,1
2421,967,582,1
2422,764,917,1
2423,543,973,0
2424,473,222,0
2425,2,552,1
2426,79,501,1
2427,1018,383,1
2428,902,844,1
2429,589,85,1
2430,484,1026,0
2431,287,424,0
2432,245,628,1
2433,680,1117,1
2434,915,507,0
2435,450,1023,1
2436,329,49,0
2437,247,1066,1
2438,967,663,0
2439,411,640,1
2440,825,906,0
2441,258,280,1
2442,648,523,0
2443,884,24,1
2444,69,179,0
2445,509,802,0
2446,31,425,1
2447,605,19,0
2448,514,377,0
2449,851,1032,1
2450,751,764,0
2451,10,250,0
2452,1053,588,1
2453,999,1102,1
2454,653,918,1
2455,6,1106,1
2456,453,1083,1
2457,273,1090,1
2458,459,926,0
2459,56,904,0
2460,348,481,0
2461,982,206,0
2462,390,187,0
2463,264,399,0
2464,615,763,1
2465,83,10,1
2466,648,726,1
2467,1077,274,0
2468,71,2,1
2469,865,153,0
2470,740,727,1
2471,953,407,0
2472,812,443,1
2473,226,808,0
2474,480,987,1
2475,902,510,1
2476,732,627,0
2477,816,714,0
2478,286,34,1
2479,703,648,1
2480,429,111,1
2481,763,125,1
2482,459,765,1
2483,906,1040,1
2484,980,963,1
2485,660,1072,1
2486,460,355,1
2487,680,1111,1
2488,812,805,0
2489,217,961,1
2490,645,906,1
2491,684,399,0
2492,21,944,1
2493,807,994,0
2494,1022,242,1
2495,628,133,0
2496,528,495,1
2497,686,1027,0
2498,95,1018,1
2499,474,703,0
2500,1079,826,0
2501,696,45,0
2502,1089,183,0
2503,4,976,1
2504,989,797,0
2505,368,792,0
2506,126,940,0
2507,403,10,0
2508,944,887,1
2509,867,782,1
2510,434,952,0
2511,292,482,1
2512,1004,369,1
2513,176,1074,0
2514,696,1056,0
2515,1033,867,1
2516,15,401,0
2517,572,172,0
2518,597,249,1
2519,987,407,1
2520,1119,736,0
2521,589,611,1
2522,640,364,1
2523,119,386,0
2524,99,966,1
2525,21,15,0
2526,1081,14,0
2527,70,32,0
2528,681,1116,0
2529,774,356,1
2530,960,1013,0
2531,249,605,0
2532,89,714,0
2533,170,39,0
2534,105,897,0
2535,105,478,0
2536,939,482,1
2537,402,898,1
2538,598,171,1
2539,370,269,1
2540,987,355,1
2541,648,475,1
2542,624,174,1
2543,766,945,0
2544,628,292,1
2545,983,334,1
2546,961,1022,1
2547,144,274,0
2548,6,1060,0
2549,117,733,0
2550,260,296,1
2551,1101,212,0
2552,679,985,1
2553,250,475,1
2554,393,292,1
2555,236,773,1
2556,185,589,1
2557,917,660,1
2558,339,192,0
2559,525,785,0
2560,648,280,1
2561,403,179,0
2562,1115,705,1
2563,1065,548,1
2564,374,902,1
2565,1023,667,0
2566,906,34,1
2567,59,1018,0
2568,1028,34,0
2569,7,466,0
2570,719,281,0
2571,1065,1023,1
2572,84,790,0
2573,898,247,1
2574,91,694,0
2575,857,561,1
2576,921,9,0
2577,912,455,1
2578,737,272,0
2579,917,226,0
2580,430,51,0
2581,1018,844,1
2582,185,969,0
2583,265,581,0
2584,989,484,1
2585,1041,465,0
2586,402,791,0
2587,1083,192,1
2588,806,1066,1
2589,817,946,0
2590,743,406,0
2591,287,482,1
2592,192,1085,0
2593,589,468,1
2594,679,929,0
2595,896,402,1
2596,648,898,1
2597,867,966,1
2598,761,788,0
2599,280,961,1
2600,917,741,0
2601,235,925,0
2602,514,588,1
2603,951,539,0
2604,896,207,0
2605,654,305,0
2606,699,48,0
2607,846,1040,1
2608,749,597,1
2609,369,575,0
2610,466,976,1
2611,617,867,1
2612,144,395,0
2613,415,352,0
2614,286,221,1
2615,627,882,0
2616,328,274,1
2617,163,817,1
2618,1061,362,1
2619,720,969,0
2620,99,529,1
2621,754,4,1
2622,502,905,0
2623,255,990,0
2624,352,24,0
2625,676,680,1
2626,1043,179,1
2627,554,391,0
2628,460,445,1
2629,807,218,1
2630,567,177,1
2631,402,713,1
2632,460,998,0
2633,320,750,0
2634,778,22,0
2635,1043,131,0
2636,280,415,1
2637,912,994,1
2638,691,1023,1
2639,987,532,1
2640,319,680,0
2641,221,369,1
2642,245,1008,1
2643,855,224,0
2644,791,873,0
2645,691,446,1
2646,726,842,0
2647,1079,465,0
2648,435,288,1
2649,111,155,0
2650,70,303,0
2651,439,646,0
2652,174,1003,1
2653,1090,691,1
2654,8,1041,0
2655,846,319,0
2656,1032,242,1
2657,729,154,0
2658,754,27,1
2659,613,742,1
2660,1033,1022,0
2661,774,423,1
2662,555,242,1
2663,10,426,1
2664,1002,828,1
2665,84,624,0
2666,536,55,1
2667,402,917,1
2668,615,639,0
2669,929,242,1
2670,1107,26,0
2671,680,212,1
2672,425,833,1
2673,1032,989,1
2674,887,454,0
2675,989,867,1
2676,189,1084,0
2677,163,785,0
2678,280,206,0
2679,489,451,0
2680,754,430,1
2681,428,1101,1
2682,772,202,0
2683,837,31,1
2684,865,297,0
2685,1117,846,1
2686,512,370,0
2687,996,369,1
2688,987,777,1
2689,713,546,0
2690,509,1115,0
2691,225,501,1
2692,889,883,0
2693,329,21,1
2694,83,448,1
2695,901,588,1
2696,961,1099,1
2697,118,446,1
2698,989,435,1
2699,1117,845,0
2700,116,648,1
2701,1009,675,0
2702,23,330,0
2703,961,923,0
2704,696,980,0
2705,501,961,1
2706,556,425,0
2707,597,684,0
2708,770,867,1
2709,772,928,1
2710,23,406,0
2711,582,1033,1
2712,382,893,0
2713,428,329,0
2714,775,897,0
2715,391,396,0
2716,1113,812,1
2717,292,362,1
2718,773,710,0
2719,111,958,0
2720,743,416,1
2721,766,995,0
2722,843,78,0
2723,358,113,0
2724,290,751,1
2725,923,801,0
2726,334,55,1
2727,458,249,0
2728,951,776,0
2729,640,487,0
2730,781,279,0
2731,787,928,1
2732,975,78,0
2733,718,562,0
2734,1103,1079,1
2735,707,970,0
2736,764,363,1
2737,22,852,0
2738,269,293,1
2739,97,989,1
2740,614,648,1
2741,1033,655,1
2742,944,24,1
2743,629,495,1
2744,740,110,0
2745,141,79,1
2746,648,989,1
2747,411,762,0
2748,1091,385,1
2749,894,352,0
2750,896,348,0
2751,498,303,0
2752,326,716,0
2753,628,944,1
2754,987,43,1
2755,725,983,0
2756,502,920,0
2757,840,1024,0
2758,209,44,0
2759,680,78,0
2760,4,683,0
2761,139,75,0
2762,862,833,0
2763,176,589,0
2764,314,884,0
2765,812,631,1
2766,459,177,1
2767,691,787,1
2768,501,105,1
2769,786,565,1
2770,83,185,1
2771,495,185,1
2772,567,873,0
2773,284,736,0
2774,755,639,0
2775,58,636,0
2776,377,893,0
2777,238,881,1
2778,434,169,0
2779,725,413,0
2780,874,902,1
2781,775,928,1
2782,786,89,0
2783,1043,789,0
2784,745,1014,0
2785,125,961,1
2786,59,676,0
2787,384,930,1
2788,1077,967,0
2789,1065,1107,1
2790,374,813,0
2791,118,171,1
2792,1095,641,1
2793,150,457,0
2794,95,664,1
2795,842,346,1
2796,515,903,0
2797,628,604,0
2798,527,116,1
2799,930,654,0
2800,624,443,1
2801,258,510,0
2802,249,226,0
2803,4,929,1
2804,1103,966,0
2805,641,166,1
2806,745,217,1
2807,881,212,1
2808,867,26,1
2809,961,415,1
2810,212,961,1
2811,576,681,0
2812,681,588,1
2813,162,461,0
2814,50,1085,0
2815,770,918,0
2816,987,1072,1
2817,852,856,0
2818,79,403,1
2819,1081,34,1
2820,998,614,0
2821,217,85,1
2822,932,1047,0
2823,727,960,1
2824,774,393,1
2825,95,278,0
2826,816,364,1
2827,628,976,1
2828,743,883,1
2829,961,528,1
2830,728,779,0
2831,726,271,0
2832,883,691,1
2833,165,4,1
2834,686,1097,0
2835,779,333,0
2836,723,865,1
2837,728,961,0
2838,58,147,0
2839,691,576,1
2840,58,1052,0
2841,986,1075,0
2842,917,1008,1
2843,983,536,0
2844,638,893,0
2845,713,134,0
2846,500,987,1
2847,1002,959,0
2848,664,532,1
2849,316,76,0
2850,1103,1055,0
2851,165,367,0
2852,495,1042,1
2853,479,308,0
2854,881,291,0
2855,1026,559,0
2856,334,869,1
2857,495,31,1
2858,374,367,1
2859,855,958,1
2860,1090,1088,0
2861,834,328,1
2862,983,513,0
2863,745,229,0
2864,787,8,0
2865,255,772,1
2866,917,104,1
2867,367,806,1
2868,871,902,1
2869,857,502,1
2870,719,909,0
2871,326,723,0
2872,962,542,0
2873,1113,813,1
2874,145,484,0
2875,292,423,1
2876,384,3,0
2877,81,525,0
2878,778,687,0
2879,611,160,1
2880,484,21,0
2881,782,1079,0
2882,998,917,1
2883,225,987,1
2884,772,747,0
2885,273,74,1
2886,374,874,1
2887,173,228,0
2888,99,27,1
2889,685,167,0
2890,415,1007,0
2891,1032,411,1
2892,97,761,1
2893,628,34,1
2894,125,185,1
2895,369,917,1
2896,1042,745,1
2897,679,449,0
2898,756,248,0
2899,515,1032,1
2900,502,28,0
2901,348,86,0
2902,1117,334,1
2903,4,1014,0
2904,589,842,1
2905,987,262,0
2906,411,292,1
2907,110,637,0
2908,104,1092,0
2909,371,102,0
2910,616,21,1
2911,865,1097,1
2912,290,367,0
2913,107,862,0
2914,225,460,1
2915,319,195,0
2916,272,623,1
2917,874,1097,1
2918,944,1032,1
2919,589,83,1
2920,1095,250,0
2921,77,712,0
2922,1026,901,0
2923,333,111,1
2924,1076,482,1
2925,10,1117,1
2926,640,523,0
2927,481,1052,1
2928,81,1057,1
2929,1033,855,0
2930,1065,685,1
2931,691,884,1
2932,361,598,1
2933,559,963,0
2934,126,895,0
2935,660,568,0
2936,733,961,1
2937,15,608,0
2938,994,612,0
2939,629,269,1
2940,628,889,1
2941,502,722,0
2942,806,624,1
2943,349,34,1
2944,502,247,1
2945,829,932,0
2946,393,852,1
2947,727,884,1
2948,901,1051,0
2949,260,463,0
2950,833,524,0
2951,947,94,0
2952,4,286,1
2953,484,851,1
2954,961,83,1
2955,720,691,1
2956,195,1032,0
2957,83,846,1
2958,302,351,0
2959,34,245,1
2960,162,334,0
2961,176,113,0
2962,1077,1069,0
2963,912,632,0
2964,221,868,0
2965,149,236,1
2966,645,944,1
2967,874,611,0
2968,364,797,0
2969,679,584,0
2970,1084,482,0
2971,249,613,0
2972,966,551,1
2973,572,297,0
2974,528,1111,1
2975,495,75,0
2976,727,1079,1
2977,242,559,1
2978,630,831,0
2979,416,319,1
2980,483,501,0
2981,921,813,0
2982,506,53,0
2983,1119,1081,1
2984,1091,658,0
2985,913,1003,1
2986,966,867,1
2987,328,584,0
2988,181,501,1
2989,1077,337,0
2990,298,718,0
2991,296,902,1
2992,445,501,1
2993,86,1050,0
2994,118,177,1
2995,320,887,1
2996,361,867,1
2997,119,483,0
2998,837,622,0
2999,125,654,0
3000,160,185,1
3001,966,944,1
3002,777,395,0
3003,42,593,0
3004,816,611,1
3005,977,835,0
3006,273,867,1
3007,21,221,1
3008,889,1022,1
3009,1028,736,1
3010,1023,778,0
3011,4,1064,1
3012,144,54,0
3013,660,512,0
3014,824,98,0
3015,111,566,1
3016,367,427,0
3017,443,89,1
3018,923,234,0
3019,640,976,1
3020,748,646,0
3021,881,81,1
3022,640,221,1
3023,589,502,0
3024,746,599,0
3025,867,653,1
3026,680,426,1
3027,343,1004,0
3028,1041,89,1
3029,445,680,1
3030,645,1064,1
3031,908,386,1
3032,501,364,1
3033,1072,460,1
3034,327,1011,0
3035,372,912,0
3036,1032,648,1
3037,483,213,0
3038,24,884,1
3039,105,362,1
3040,869,366,0
3041,15,1023,1
3042,1105,796,0
3043,559,349,0
3044,361,766,0
3045,641,206,1
3046,843,906,1
3047,21,466,1
3048,1022,268,1
3049,967,746,1
3050,1032,349,1
3051,1022,361,0
3052,415,294,0
3053,201,1111,0
3054,841,699,0
3055,258,79,0
3056,480,976,0
3057,645,846,0
3058,355,235,0
3059,24,1065,1
3060,1117,448,1
3061,733,83,1
3062,94,655,1
3063,1079,225,1
3064,554,1062,0
3065,319,648,1
3066,391,514,0
3067,648,495,1
3068,595,81,0
3069,402,1034,1
3070,24,1064,1
3071,86,450,0
3072,1034,1111,0
3073,660,609,0
3074,867,987,0
3075,966,223,1
3076,1055,976,1
3077,901,811,0
3078,295,684,0
3079,961,435,1
3080,79,188,0
3081,640,34,1
3082,105,1099,1
3083,749,618,0
3084,205,650,0
3085,833,745,1
3086,864,809,0
3087,31,460,1
3088,34,1061,1
3089,745,495,1
3090,473,558,0
3091,719,867,1
3092,875,175,0
3093,1072,47,0
3094,721,283,1
3095,434,837,0
3096,770,976,1
3097,638,1063,0
3098,1030,704,0
3099,199,825,0
3100,502,551,1
3101,362,912,1
3102,349,655,1
3103,806,1001,0
3104,623,1007,0
3105,379,639,0
3106,1113,227,0
3107,797,64,0
3108,450,147,1
3109,123,329,1
3110,242,34,1
3111,915,552,0
3112,355,198,0
3113,48,995,1
3114,939,727,0
3115,609,77,1
3116,319,588,1
3117,550,355,0
3118,473,549,0
3119,987,680,1
3120,1076,791,0
3121,48,758,0
3122,481,957,0
3123,908,773,0
3124,745,31,1
3125,812,681,1
3126,204,497,0
3127,713,402,1
3128,641,390,1
3129,825,1033,1
3130,611,292,1
3131,989,21,1
3132,558,823,0
3133,961,948,1
3134,684,948,0
3135,11,97,1
3136,906,153,0
3137,287,675,0
3138,24,245,1
3139,409,929,1
3140,160,611,1
3141,43,961,1
3142,362,185,1
3143,118,460,1
3144,104,8,0
3145,362,589,1
3146,168,992,0
3147,699,875,0
3148,363,405,0
3149,680,83,1
3150,187,246,0
3151,867,538,1
3152,635,32,0
3153,794,666,0
3154,556,756,0
3155,334,350,0
3156,501,989,1
3157,482,896,0
3158,1076,472,0
3159,1103,451,0
3160,765,1003,1
3161,1079,518,1
3162,99,648,1
3163,86,264,0
3164,857,435,0
3165,443,624,1
3166,587,1066,0
3167,1065,413,0
3168,182,515,1
3169,715,444,0
3170,1033,995,1
3171,77,471,0
3172,4,453,1
3173,627,529,0
3174,575,217,1
3175,1090,356,1
3176,846,1,0
3177,1065,1017,0
3178,1117,234,0
3179,24,287,1
3180,765,347,0
3181,852,214,1
3182,982,837,0
3183,328,961,1
3184,445,455,1
3185,994,407,1
3186,21,4,1
3187,1097,723,1
3188,915,731,0
3189,89,174,1
3190,614,259,0
3191,814,174,0
3192,868,209,1
3193,144,722,1
3194,875,56,0
3195,446,34,1
3196,506,296,0
3197,1091,378,1
3198,1053,402,1
3199,292,948,1
3200,22,936,0
3201,779,604,0
3202,864,962,0
3203,460,922,1
3204,1085,574,0
3205,928,772,1
3206,1043,117,0
3207,409,559,1
3208,932,903,0
3209,242,441,0
3210,423,1002,1
3211,286,737,1
3212,223,729,1
3213,754,269,1
3214,370,74,1
3215,867,882,1
3216,508,161,0
3217,437,847,0
3218,800,660,0
3219,367,1067,1
3220,743,463,0
3221,175,327,1
3222,567,828,0
3223,623,447,0
3224,898,774,1
3225,725,1019,0
3226,280,648,1
3227,280,928,1
3228,460,393,1
3229,654,638,1
3230,1113,325,1
3231,460,31,1
3232,761,583,0
3233,459,1032,1
3234,21,515,1
3235,542,809,0
3236,79,107,1
3237,713,436,0
3238,867,269,1
3239,342,492,0
3240,1033,713,1
3241,998,21,1
3242,480,460,1
3243,235,380,0
3244,24,4,1
3245,217,589,1
3246,665,868,0
3247,287,260,1
3248,773,478,0
3249,575,1042,1
3250,605,721,0
3251,364,21,1
3252,370,342,1
3253,961,680,1
3254,356,1019,0
3255,994,528,1
3256,748,440,0
3257,54,772,0
3258,613,927,0
3259,611,865,1
3260,770,433,0
3261,21,54,1
3262,99,582,1
3263,1105,51,0
3264,125,763,1
3265,945,775,1
3266,990,21,1
3267,533,46,0
3268,368,15,0
3269,328,1019,0
3270,928,11,0
3271,361,736,1
3272,242,498,0
3273,777,125,1
3274,1113,604,1
3275,537,581,0
3276,198,325,0
3277,247,555,0
3278,8,1055,1
3279,258,1080,0
3280,930,242,0
3281,446,364,1
3282,755,680,0
3283,582,1113,1
3284,602,67,0
3285,640,917,1
3286,851,984,0
3287,150,263,0
3288,1034,783,0
3289,174,639,0
3290,576,79,0
3291,898,582,1
3292,915,628,0
3293,785,10,0
3294,1105,348,0
3295,685,24,1
3296,961,350,1
3297,567,631,1
3298,402,172,1
3299,733,500,1
3300,554,547,1
3301,279,985,1
3302,788,1079,1
3303,459,1051,0
3304,1061,1,0
3305,764,196,1
3306,196,628,1
3307,2,743,1
3308,292,501,1
3309,305,653,1
3310,755,89,1
3311,369,595,1
3312,50,870,0
3313,867,402,1
3314,21,629,1
3315,79,460,1
3316,930,729,0
3317,434,467,0
3318,495,953,0
3319,460,629,1
3320,249,749,1
3321,99,1096,0
3322,79,4,1
3323,733,357,0
3324,1072,21,1
3325,393,21,1
3326,999,99,1
3327,770,742,1
3328,292,1003,1
3329,116,763,0
3330,292,260,1
3331,772,217,1
3332,136,170,1
3333,928,495,0
3334,961,748,0
3335,986,966,1
3336,363,4,1
3337,602,1018,0
3338,443,577,0
3339,415,894,0
3340,1003,163,1
3341,407,1065,1
3342,934,1094,1
3343,740,420,0
3344,483,987,1
3345,645,628,1
3346,1033,99,1
3347,537,1096,0
3348,205,59,0
3349,21,990,1
3350,594,1026,0
3351,772,542,0
3352,588,578,1
3353,402,588,1
3354,210,238,1
3355,680,922,1
3356,334,1011,0
3357,638,943,0
3358,2,788,1
3359,732,31,0
3360,680,664,1
3361,402,691,1
3362,733,388,0
3363,242,1051,0
3364,514,68,0
3365,141,174,1
3366,877,185,0
3367,1053,172,0
3368,685,135,0
3369,1117,848,1
3370,812,111,1
3371,715,141,1
3372,995,1033,1
3373,230,94,0
3374,764,889,1
3375,320,502,1
3376,589,176,0
3377,922,789,1
3378,1004,292,1
3379,160,1099,1
3380,146,590,0
3381,324,455,1
3382,91,691,1
3383,48,951,0
3384,4,103,1
3385,127,105,0
3386,83,866,0
3387,4,141,1
3388,563,552,0
3389,705,628,0
3390,358,402,0
3391,977,887,1
3392,245,976,1
3393,266,896,0
3394,460,948,1
3395,917,393,1
3396,370,229,0
3397,543,452,0
3398,1033,2,1
3399,393,24,1
3400,187,684,0
3401,152,925,0
3402,312,449,0
3403,640,901,1
3404,572,791,0
3405,402,21,1
3406,588,1081,1
3407,160,773,0
3408,562,6,1
3409,10,629,1
3410,582,101,0
3411,1026,692,0
3412,1099,83,1
3413,392,2,1
3414,292,901,1
3415,953,609,1
3416,230,134,0
3417,460,204,1
3418,117,823,0
3419,727,921,1
3420,751,231,0
3421,582,366,0
3422,1072,292,1
3423,655,944,0
3424,788,835,1
3425,542,486,1
3426,230,448,0
3427,519,942,0
3428,444,296,1
3429,960,863,1
3430,648,48,1
3431,204,166,0
3432,617,329,1
3433,1113,807,1
3434,774,880,1
3435,703,1026,0
3436,194,1085,0
3437,737,1033,1
3438,77,510,1
3439,1004,723,1
3440,221,484,1
3441,756,923,0
3442,626,911,0
3443,718,672,0
3444,393,364,1
3445,837,980,1
3446,196,813,1
3447,411,914,0
3448,760,68,0
3449,538,179,0
3450,4,501,1
3451,846,83,1
3452,960,491,1
3453,945,733,0
3454,63,832,0
3455,538,643,0
3456,1089,636,0
3457,81,238,1
3458,495,528,1
3459,415,507,0
3460,917,1081,1
3461,214,1023,1
3462,764,1022,1
3463,393,314,1
3464,435,42,1
3465,372,301,0
3466,1030,258,1
3467,501,1022,1
3468,290,441,0
3469,198,985,1
3470,235,249,1
3471,794,771,0
3472,100,838,0
3473,384,978,0
3474,533,1012,0
3475,1073,899,0
3476,1000,532,0
3477,867,490,1
3478,867,918,1
3479,961,980,1
3480,63,1010,0
3481,589,217,1
3482,990,702,0
3483,913,608,0
3484,221,288,1
3485,374,787,0
3486,508,924,0
3487,70,677,0
3488,563,629,0
3489,385,232,1
3490,443,1003,1
3491,443,21,1
3492,582,21,1
3493,407,42,0
3494,79,159,1
3495,785,613,1
3496,1003,369,1
3497,480,957,0
3498,1004,411,1
3499,987,745,1
3500,245,1119,1
3501,145,802,1
3502,743,576,1
3503,589,364,1
3504,160,350,1
3505,953,296,1
3506,576,409,1
3507,995,138,0
3508,265,1099,0
3509,435,590,0
3510,99,1065,1
3511,749,308,1
3512,149,676,1
3513,612,987,0
3514,1032,851,1
3515,960,914,1
3516,109,22,0
3517,944,21,1
3518,79,77,1
3519,268,836,0
3520,705,328,1
3521,961,611,1
3522,343,674,0
3523,185,181,1
3524,10,846,1
3525,372,251,0
3526,1064,65,0
3527,989,177,1
3528,1072,271,0
3529,55,157,1
3530,242,1119,1
3531,458,1057,1
3532,602,109,0
3533,279,582,1
3534,782,917,1
3535,817,782,1
3536,1083,1048,0
3537,128,344,0
3538,930,38,0
3539,177,341,0
3540,90,491,0
3541,502,298,0
3542,210,776,0
3543,867,477,1
3544,648,1101,1
3545,426,867,1
3546,105,575,0
3547,71,833,0
3548,393,342,0
3549,929,1032,1
3550,495,808,0
3551,515,230,0
3552,163,369,1
3553,772,403,1
3554,1018,1107,0
3555,718,753,0
3556,325,671,1
3557,1022,364,1
3558,24,34,1
3559,582,629,1
3560,829,575,1
3561,6,723,0
3562,759,257,0
3563,67,811,0
3564,174,443,1
3565,551,1113,1
3566,48,455,0
3567,896,555,0
3568,769,833,0
3569,987,1099,1
3570,160,495,1
3571,842,777,1
3572,1095,1102,0
3573,869,393,1
3574,816,777,1
3575,1077,165,0
3576,940,392,1
3577,740,941,0
3578,1106,925,0
3579,917,958,1
3580,676,167,0
3581,628,969,0
3582,595,567,1
3583,468,197,0
3584,655,34,1
3585,609,723,1
3586,1101,1079,1
3587,448,848,1
3588,69,98,0
3589,411,34,1
3590,912,833,1
3591,177,989,1
3592,402,1033,1
3593,646,1024,0
3594,1072,902,0
3595,551,501,0
3596,648,976,1
3597,495,118,1
3598,764,645,1
3599,875,818,0
3600,346,26,0
3601,270,703,1
3602,999,955,0
3603,34,495,1
3604,649,418,1
3605,628,1032,1
3606,562,531,0
3607,501,356,0
3608,255,994,1
3609,996,1058,1
3610,238,1057,1
3611,616,379,0
3612,549,1099,0
3613,1073,397,0
3614,418,314,1
3615,369,167,1
3616,79,332,0
3617,1119,612,0
3618,245,598,1
3619,595,125,0
3620,402,210,0
3621,297,534,0
3622,748,459,1
3623,980,7,1
3624,59,1001,0
3625,728,780,0
3626,230,928,0
3627,97,1004,0
3628,842,468,1
3629,319,808,0
3630,443,94,0
3631,40,791,0
3632,978,1054,0
3633,1095,811,0
3634,55,94,1
3635,816,976,1
3636,79,755,1
3637,21,1008,1
3638,727,951,1
3639,189,628,1
3640,40,68,0
3641,8,418,0
3642,999,611,0
3643,654,141,0
3644,280,674,1
3645,782,631,1
3646,676,1105,0
3647,837,785,0
3648,141,530,0
3649,880,251,0
3650,261,492,0
3651,500,227,1
3652,555,764,1
3653,740,263,0
3654,594,857,0
3655,891,94,0
3656,1022,171,1
3657,515,603,0
3658,869,719,0
3659,223,1107,0
3660,1008,333,0
3661,107,952,0
3662,585,647,0
3663,628,1115,1
3664,766,65,1
3665,1033,774,1
3666,1072,362,1
3667,932,613,0
3668,617,319,0
3669,655,623,0
3670,432,901,0
3671,4,34,1
3672,501,280,1
3673,109,920,0
3674,265,918,1
3675,326,210,0
3676,292,898,1
3677,418,83,1
3678,743,2,1
3679,1091,1024,0
3680,185,680,1
3681,291,744,0
3682,1041,21,1
3683,889,245,1
3684,614,124,0
3685,34,1058,1
3686,989,673,1
3687,874,953,1
3688,865,151,0
3689,432,449,0
3690,745,161,0
3691,696,146,0
3692,296,487,1
3693,1065,940,1
3694,842,1075,0
3695,411,865,1
3696,951,423,1
3697,185,501,1
3698,1079,927,0
3699,460,987,1
3700,713,1008,0
3701,929,944,1
3702,176,597,1
3703,86,533,1
3704,740,458,0
3705,835,809,0
3706,501,118,1
3707,852,648,1
3708,460,912,1
3709,725,1036,0
3710,775,328,1
3711,674,452,0
3712,196,1008,1
3713,760,795,0
3714,177,167,1
3715,111,94,0
3716,1061,445,1
3717,849,176,0
3718,450,534,0
3719,426,206,0
3720,918,380,0
3721,962,1031,0
3722,86,980,0
3723,721,121,0
3724,179,258,1
3725,495,122,0
3726,325,66,1
3727,987,994,1
3728,740,417,0
3729,867,996,1
3730,645,707,0
3731,898,393,1
3732,634,217,0
3733,446,501,1
3734,348,570,1
3735,777,816,1
3736,356,524,1
3737,932,1019,0
3738,425,238,0
3739,851,204,0
3740,729,435,0
3741,1032,54,1
3742,1079,242,0
3743,595,640,1
3744,1105,853,0
3745,987,171,1
3746,162,784,0
3747,1061,987,1
3748,978,209,0
3749,477,448,1
3750,2,1073,1
3751,821,223,0
3752,6,860,1
3753,221,411,1
3754,379,171,0
3755,996,819,0
3756,83,1065,0
3757,1065,736,1
3758,367,975,0
3759,519,675,0
3760,519,1079,1
3761,868,1007,0
3762,1081,1052,1
3763,939,659,0
3764,867,421,1
3765,214,852,1
3766,987,480,1
3767,500,532,1
3768,702,308,1
3769,437,1019,0
3770,999,0,0
3771,460,1099,1
3772,775,428,1
3773,314,616,0
3774,1001,749,1
3775,228,974,0
3776,364,1022,1
3777,352,494,0
3778,787,538,0
3779,413,1119,0
3780,646,53,0
3781,724,1095,0
3782,582,269,1
3783,655,426,1
3784,582,515,1
3785,786,1070,0
3786,973,730,0
3787,392,1003,1
3788,100,551,1
3789,217,772,1
3790,567,118,1
3791,126,363,0
3792,775,292,1
3793,233,955,0
3794,612,841,0
3795,852,654,1
3796,179,634,0
3797,333,673,0
3798,18,725,0
3799,624,453,0
3800,495,837,1
3801,648,1058,1
3802,54,253,0
3803,991,908,0
3804,833,772,1
3805,342,1119,0
3806,1032,171,1
3807,867,10,1
3808,1033,319,1
3809,402,840,0
3810,1003,364,1
3811,446,306,0
3812,766,728,0
3813,162,825,0
3814,192,147,0
3815,209,592,0
3816,912,407,1
3817,250,79,0
3818,386,481,0
3819,393,116,1
3820,356,941,1
3821,527,908,1
3822,977,685,1
3823,867,677,1
3824,218,807,1
3825,1111,412,0
3826,995,654,1
3827,7,31,1
3828,500,1055,0
3829,746,1080,0
3830,1051,573,0
3831,260,538,1
3832,1091,655,0
3833,450,563,0
3834,740,1019,0
3835,250,907,0
3836,302,617,0
3837,173,765,0
3838,210,95,0
3839,887,2,1
3840,393,362,1
3841,4,221,1
3842,48,846,1
3843,617,837,0
3844,502,1008,0
3845,292,555,1
3846,886,266,0
3847,165,690,0
3848,1090,191,0
3849,998,191,0
3850,528,407,1
3851,999,56,0
3852,582,736,1
3853,995,283,0
3854,835,479,0
3855,150,1044,0
3856,326,281,0
3857,450,789,0
3858,829,872,0
3859,21,48,1
3860,966,648,1
3861,302,1009,1
3862,983,1040,1
3863,247,24,1
3864,824,763,0
3865,86,633,1
3866,58,983,0
3867,1087,224,0
3868,939,781,0
3869,501,951,0
3870,31,823,1
3871,117,705,0
3872,495,103,1
3873,559,245,1
3874,1032,288,1
3875,72,1064,0
3876,18,78,0
3877,613,977,1
3878,935,180,0
3879,126,537,0
3880,54,1058,1
3881,509,846,1
3882,1003,648,1
3883,196,1022,1
3884,648,416,1
3885,1072,830,0
3886,676,94,0
3887,1025,310,0
3888,79,1043,1
3889,336,185,0
3890,297,299,0
3891,881,458,1
3892,1113,389,1
3893,411,221,1
3894,63,1102,1
3895,460,648,1
3896,291,941,0
3897,766,691,1
3898,351,757,0
3899,123,495,0
3900,79,655,1
3901,727,1034,0
3902,21,685,1
3903,879,839,0
3904,613,99,0
3905,425,1042,1
3906,549,769,0
3907,118,733,0
3908,1112,1,0
3909,174,613,0
3910,58,435,0
3911,542,738,0
3912,354,597,1
3913,995,779,1
3914,286,816,1
3915,266,396,0
3916,945,362,0
3917,305,754,1
3918,415,648,1
3919,443,867,1
3920,655,477,1
3921,367,216,0
3922,728,1009,0
3923,676,951,1
3924,641,302,0
3925,826,683,0
3926,79,343,1
3927,987,1055,1
3928,348,924,0
3929,587,714,0
3930,416,796,0
3931,387,1106,0
3932,944,700,1
3933,764,555,1
3934,754,551,1
3935,527,900,0
3936,922,844,1
3937,589,777,1
3938,1004,1066,1
3939,79,1060,1
3940,435,348,0
3941,649,495,1
3942,297,513,0
3943,325,189,0
3944,500,648,1
3945,606,532,0
3946,416,896,0
3947,460,772,1
3948,612,495,0
3949,737,771,0
3950,127,642,0
3951,979,190,0
3952,912,830,0
3953,867,430,1
3954,729,223,1
3955,270,614,1
3956,1084,656,0
3957,292,225,1
3958,165,162,0
3959,504,442,0
3960,217,838,0
3961,685,21,1
3962,407,217,1
3963,648,286,1
3964,595,167,1
3965,979,425,1
3966,320,610,0
3967,901,484,1
3968,128,490,0
3969,325,207,1
3970,270,1091,0
3971,273,393,1
3972,390,352,0
3973,1003,843,1
3974,104,376,0
3975,21,1072,1
3976,582,967,1
3977,782,976,1
3978,929,906,1
3979,764,763,1
3980,749,111,0
3981,413,514,0
3982,522,724,0
3983,386,398,0
3984,996,631,1
3985,865,1065,1
3986,6,335,0
3987,715,570,0
3988,700,4,1
3989,1119,1032,1
3990,912,387,0
3991,273,21,1
3992,868,691,1
3993,349,793,0
3994,1033,798,1
3995,436,635,0
3996,446,482,1
3997,929,628,1
3998,1065,713,1
3999,782,292,1
4000,264,74,0
4001,423,302,0
4002,576,787,1
4003,1064,242,1
4004,456,536,1
4005,921,1032,1
4006,201,294,0
4007,1073,985,1
4008,1079,320,1
4009,821,996,0
4010,466,566,0
4011,763,764,1
4012,196,482,1
4013,614,175,0
4014,430,754,1
4015,934,749,0
4016,987,1061,1
4017,450,302,0
4018,1065,898,1
4019,902,782,1
4020,595,459,1
4021,446,280,1
4022,305,988,0
4023,372,239,0
4024,588,57,1
4025,676,267,0
4026,4,763,1
4027,846,21,1
4028,813,126,0
4029,923,1112,0
4030,483,1059,0
4031,816,495,1
4032,189,456,0
4033,763,784,0
4034,1091,373,0
4035,713,868,1
4036,136,1083,1
4037,723,383,1
4038,807,836,1
4039,435,1029,0
4040,851,34,1
4041,279,1084,0
4042,407,987,1
4043,498,1102,0
4044,385,795,0
4045,648,204,1
4046,1008,1032,1
4047,751,513,0
4048,1099,665,0
4049,423,617,1
4050,425,307,0
4051,912,987,1
4052,782,989,1
4053,654,74,1
4054,616,95,1
4055,71,634,0
4056,22,619,0
4057,2,989,0
4058,821,84,0
4059,945,474,0
4060,1085,76,0
4061,495,532,1
4062,765,1038,0
4063,929,837,0
4064,1090,397,0
4065,929,707,0
4066,628,91,0
4067,352,769,0
4068,1050,194,0
4069,751,859,0
4070,292,1032,1
4071,298,376,0
4072,350,160,1
4073,443,727,1
4074,423,151,0
4075,235,382,0
4076,139,996,0
4077,7,79,1
4078,312,80,0
4079,123,361,0
4080,692,94,0
4081,582,204,0
4082,996,901,1
4083,426,460,1
4084,1032,843,1
4085,187,579,0
4086,515,653,1
4087,1042,469,0
4088,740,786,0
4089,247,952,0
4090,962,1053,0
4091,528,837,1
4092,69,985,0
4093,589,1111,1
4094,79,1030,1
4095,1018,287,1
4096,648,869,1
4097,253,273,1
4098,77,874,1
4099,630,1014,0
4100,127,601,0
4101,944,966,1
4102,721,810,0
4103,221,501,1
4104,269,1065,1
4105,361,629,1
4106,144,233,0
4107,756,258,0
4108,356,273,1
4109,655,48,1
4110,160,844,0
4111,588,79,0
4112,812,574,1
4113,979,637,0
4114,757,955,0
4115,835,519,1
4116,209,801,0
4117,576,319,1
4118,284,994,0
4119,654,1033,1
4120,79,715,1
4121,840,34,0
4122,575,444,0
4123,91,743,1
4124,144,1104,0
4125,325,925,1
4126,1064,559,1
4127,743,1036,0
4128,746,63,1
4129,100,336,0
4130,411,163,1
4131,865,611,1
4132,149,1116,1
4133,44,109,0
4134,576,926,0
4135,782,849,0
4136,944,727,1
4137,989,1032,1
4138,994,79,1
4139,165,695,0
4140,648,685,1
4141,170,126,0
4142,921,727,1
4143,1050,1038,0
4144,991,1087,0
4145,589,961,1
4146,1032,987,1
4147,369,22,0
4148,594,533,0
4149,929,976,1
4150,236,514,1
4151,966,880,1
4152,298,561,0
4153,110,280,0
4154,928,1033,1
4155,34,54,1
4156,503,398,0
4157,79,185,1
4158,640,619,0
4159,595,1032,1
4160,987,1117,1
4161,221,460,1
4162,806,105,0
4163,89,891,0
4164,837,495,1
4165,602,1023,1
4166,149,499,1
4167,367,308,0
4168,352,1023,0
4169,941,1013,0
4170,898,955,1
4171,646,1054,0
4172,833,613,0
4173,84,1033,0
4174,417,272,1
4175,72,444,1
4176,1032,446,1
4177,881,380,0
4178,21,293,1
4179,149,151,0
4180,837,772,1
4181,413,76,0
4182,1064,1032,1
4183,339,40,0
4184,532,212,1
4185,1091,252,0
4186,242,1064,1
4187,24,782,1
4188,1030,121,0
4189,457,462,0
4190,86,928,1
4191,594,446,1
4192,70,848,0
4193,328,519,1
4194,118,185,1
4195,314,63,0
4196,554,674,0
4197,728,887,1
4198,1034,442,0
4199,460,39,0
4200,754,999,1
4201,917,189,1
4202,466,97,1
4203,455,487,0
4204,681,581,0
4205,171,1022,1
4206,615,1109,0
4207,536,364,1
4208,616,86,0
4209,125,285,0
4210,648,1003,1
4211,508,818,0
4212,743,807,0
4213,1079,530,1
4214,824,118,1
4215,582,279,1
4216,549,1028,0
4217,1055,987,1
4218,83,848,1
4219,729,451,0
4220,1002,655,0
4221,898,817,1
4222,777,1096,0
4223,1022,1030,1
4224,56,311,0
4225,98,763,0
4226,118,236,1
4227,1002,1003,1
4228,791,1084,0
4229,653,55,0
4230,700,673,0
4231,70,1016,0
4232,171,4,1
4233,302,1079,1
4234,24,867,1
4235,914,552,0
4236,325,742,1
4237,201,639,0
4238,973,714,0
4239,495,994,1
4240,816,793,0
4241,374,510,1
4242,495,171,1
4243,628,334,0
4244,575,79,1
4245,1065,148,1
4246,14,395,0
4247,109,1071,0
4248,640,177,1
4249,501,532,1
4250,118,961,1
4251,724,541,0
4252,828,41,0
4253,869,983,1
4254,886,322,0
4255,481,707,0
4256,655,392,0
4257,342,853,0
4258,559,249,0
4259,922,648,1
4260,645,886,0
4261,409,189,1
4262,1042,589,1
4263,459,917,1
4264,10,16,0
4265,699,181,0
4266,1089,897,0
4267,56,624,0
4268,648,1072,1
4269,524,317,0
4270,199,462,0
4271,723,776,0
4272,1064,556,0
4273,906,21,1
4274,745,7,1
4275,602,604,0
4276,817,287,1
4277,148,823,0
4278,56,622,0
4279,756,479,1
4280,367,953,1
4281,532,495,1
4282,40,373,0
4283,833,633,0
4284,772,31,1
4285,1079,637,1
4286,247,782,1
4287,479,181,0
4288,612,883,0
4289,15,10,0
4290,699,949,0
4291,374,862,0
4292,806,548,1
4293,439,173,0
4294,336,911,0
4295,1023,273,0
4296,453,1022,1
4297,44,720,0
4298,816,185,1
4299,185,483,1
4300,38,1030,0
4301,1003,740,1
4302,446,987,1
4303,533,235,1
4304,276,364,0
4305,1094,685,1
4306,1018,593,0
4307,751,706,0
4308,196,645,1
4309,986,648,1
4310,614,479,1
4311,1061,532,1
4312,1090,774,1
4313,227,894,0
4314,218,459,0
4315,901,118,1
4316,894,568,0
4317,990,96,0
4318,407,634,1
4319,898,502,1
4320,363,764,1
4321,210,881,1
4322,754,1113,1
4323,290,379,0
4324,99,81,1
4325,342,371,0
4326,559,1086,0
4327,1094,35,0
4328,1065,407,1
4329,85,912,1
4330,627,216,0
4331,653,580,0
4332,648,270,1
4333,1026,949,0
4334,929,400,0
4335,918,351,0
4336,842,85,1
4337,393,669,0
4338,83,536,1
4339,817,607,0
4340,589,912,1
4341,185,948,1
4342,980,809,0
4343,568,579,0
4344,597,625,0
4345,640,989,1
4346,393,670,0
4347,750,88,0
4348,642,1048,0
4349,221,280,1
4350,1043,965,0
4351,812,578,1
4352,961,468,1
4353,940,1065,1
4354,1022,258,1
4355,227,12,0
4356,81,458,1
4357,1099,160,1
4358,217,692,0
4359,833,425,1
4360,687,800,1
4361,426,500,1
4362,445,987,1
4363,982,110,0
4364,867,54,1
4365,1073,670,0
4366,214,402,1
4367,484,34,1
4368,576,544,0
4369,678,812,0
4370,625,907,0
4371,150,763,0
4372,1103,673,0
4373,247,1061,1
4374,290,1026,0
4375,390,1095,1
4376,613,946,0
4377,209,48,0
4378,504,338,0
4379,852,1002,1
4380,85,628,0
4381,528,79,1
4382,1065,477,1
4383,119,1068,0
4384,681,1100,0
4385,898,287,1
4386,292,1033,1
4387,1065,866,1
4388,634,387,0
4389,657,224,0
4390,1032,13,0
4391,928,1094,1
4392,567,582,0
4393,369,481,0
4394,628,245,1
4395,292,611,1
4396,533,406,0
4397,1018,1019,0
4398,961,649,1
4399,328,279,1
4400,70,483,0
4401,50,510,0
4402,185,954,0
4403,532,1055,1
4404,998,292,1
4405,648,500,1
4406,428,775,1
4407,837,528,1
4408,519,552,1
4409,119,969,0
4410,369,996,1
4411,280,987,1
4412,761,515,0
4413,782,609,1
4414,457,342,0
4415,757,132,0
4416,475,654,1
4417,460,426,1
4418,245,247,1
4419,439,428,0
4420,1032,1072,1
4421,437,294,0
4422,723,331,0
4423,79,34,1
4424,661,441,0
4425,1032,177,1
4426,538,887,1
4427,34,1022,1
4428,189,24,1
4429,1023,1055,0
4430,1105,1001,1
4431,148,909,0
4432,1022,989,1
4433,460,679,0
4434,989,639,0
4435,917,196,1
4436,152,670,0
4437,287,874,1
4438,645,161,0
4439,329,582,1
4440,653,305,1
4441,588,1047,0
4442,894,33,0
4443,961,460,1
4444,293,754,1
4445,720,306,0
4446,912,1042,1
4447,961,364,1
4448,960,529,0
4449,1009,745,0
4450,453,478,0
4451,761,393,0
4452,460,292,1
4453,325,613,0
4454,125,1102,0
4455,1034,918,0
4456,480,1007,0
4457,368,826,0
4458,751,418,0
4459,382,995,1
4460,453,68,1
4461,356,84,0
4462,743,662,0
4463,69,545,0
4464,69,412,0
4465,117,812,1
4466,1032,221,1
4467,512,703,0
4468,362,1061,1
4469,145,195,0
4470,648,934,1
4471,182,731,0
4472,242,24,1
4473,1064,944,1
4474,581,434,0
4475,653,536,1
4476,367,548,1
4477,479,1065,1
4478,705,342,1
4479,623,824,0
4480,522,639,0
4481,664,212,1
4482,587,17,0
4483,655,460,1
4484,324,795,0
4485,333,648,0
4486,1072,245,1
4487,616,841,0
4488,751,247,0
4489,1080,434,0
4490,843,596,0
4491,460,346,1
4492,514,236,1
4493,935,763,0
4494,1011,855,0
4495,163,305,0
4496,602,471,0
4497,620,319,0
4498,177,263,0
4499,296,1018,1
4500,705,774,1
4501,846,55,1
4502,686,22,0
4503,917,466,1
4504,21,1041,1
4505,369,765,1
4506,1087,385,0
4507,828,1011,0
4508,70,143,0
4509,655,364,1
4510,906,929,1
4511,7,772,1
4512,729,94,0
4513,901,247,1
4514,182,807,0
4515,846,1004,0
4516,829,392,0
4517,967,4,1
4518,629,1099,1
4519,1008,34,1
4520,280,1099,0
4521,443,917,1
4522,551,1008,0
4523,436,814,0
4524,932,813,0
4525,1111,793,0
4526,547,580,0
4527,772,687,0
4528,460,495,1
4529,896,588,1
4530,1065,778,0
4531,598,648,1
4532,245,298,0
4533,196,63,0
4534,817,369,1
4535,814,971,0
4536,1076,52,0
4537,740,89,1
4538,141,443,1
4539,1003,1097,0
4540,692,825,0
4541,775,1044,0
4542,641,503,0
4543,1105,502,0
4544,655,523,0
4545,821,565,1
4546,829,338,0
4547,21,867,1
4548,21,586,0
4549,266,1037,0
4550,772,1095,1
4551,826,920,0
4552,403,510,0
4553,361,590,1
4554,1050,539,0
4555,855,716,0
4556,245,929,1
4557,328,948,1
4558,1025,247,0
4559,547,425,1
4560,127,585,0
4561,869,107,1
4562,228,573,0
4563,1097,742,0
4564,883,855,1
4565,443,927,0
4566,848,485,0
4567,368,435,0
4568,595,881,0
4569,217,31,1
4570,867,132,0
4571,611,453,0
4572,773,79,1
4573,947,881,1
4574,210,999,0
4575,614,579,0
4576,558,998,0
4577,763,680,1
4578,221,595,1
4579,1101,648,1
4580,279,384,0
4581,586,756,0
4582,495,980,1
4583,1079,578,1
4584,715,443,1
4585,429,1070,0
4586,554,993,0
4587,1105,597,1
4588,821,1005,1
4589,1095,1081,0
4590,171,185,1
4591,629,867,1
4592,982,687,0
4593,877,472,0
4594,228,1015,0
4595,298,402,1
4596,507,1048,0
4597,1065,269,1
4598,85,994,1
4599,406,890,0
4600,149,341,0
4601,312,928,1
4602,914,223,0
4603,705,960,1
4604,996,247,1
4605,1117,842,1
4606,167,865,1
4607,691,269,1
4608,884,813,0
4609,181,382,0
4610,428,559,1
4611,185,733,1
4612,406,999,0
4613,125,580,0
4614,8,332,0
4615,298,285,0
4616,346,495,1
4617,800,448,0
4618,867,713,1
4619,242,248,0
4620,588,481,1
4621,247,1115,1
4622,264,327,1
4623,763,69,0
4624,350,1099,1
4625,477,55,1
4626,536,989,1
4627,99,140,1
4628,426,551,0
4629,737,715,1
4630,1109,801,0
4631,116,501,1
4632,558,1103,0
4633,826,945,0
4634,867,261,0
4635,872,194,0
4636,616,1111,0
4637,118,247,1
4638,1097,136,1
4639,745,460,1
4640,293,801,0
4641,86,857,1
4642,990,179,0
4643,247,901,1
4644,918,1058,1
4645,871,444,0
4646,865,867,1
4647,352,886,0
4648,528,31,1
4649,1050,417,0
4650,763,220,0
4651,917,1061,1
4652,887,928,1
4653,834,825,0
4654,617,835,0
4655,495,511,0
4656,185,1061,1
4657,616,1028,1
4658,34,242,1
4659,393,917,1
4660,247,225,1
4661,980,772,1
4662,348,231,0
4663,269,881,1
4664,564,754,1
4665,1022,103,1
4666,1022,221,1
4667,1085,173,0
4668,334,393,1
4669,90,386,0
4670,356,959,1
4671,700,104,0
4672,524,587,0
4673,1004,865,1
4674,649,520,0
4675,149,415,0
4676,848,451,0
4677,253,956,0
4678,425,906,0
4679,627,675,0
4680,334,314,1
4681,769,659,0
4682,763,865,1
4683,674,613,0
4684,34,1041,1
4685,189,598,1
4686,409,416,1
4687,460,468,1
4688,31,926,0
4689,912,460,1
4690,773,368,0
4691,344,194,0
4692,358,283,0
4693,918,653,1
4694,551,429,0
4695,443,809,0
4696,1022,589,1
4697,79,844,1
4698,393,1072,1
4699,50,466,0
4700,411,575,0
4701,167,118,1
4702,629,368,0
4703,297,778,0
4704,928,67,0
4705,210,601,0
4706,387,793,0
4707,162,904,0
4708,680,185,1
4709,987,733,1
4710,416,14,0
4711,1053,1081,1
4712,228,258,0
4713,953,551,0
4714,173,99,0
4715,807,1023,1
4716,65,218,1
4717,922,1052,0
4718,415,589,1
4719,760,732,0
4720,732,263,0
4721,877,150,0
4722,826,869,0
4723,761,653,0
4724,934,218,0
4725,402,218,1
4726,428,461,1
4727,292,232,1
4728,1079,750,0
4729,8,438,0
4730,364,1033,1
4731,284,423,0
4732,977,899,0
4733,877,401,0
4734,774,150,0
4735,1097,453,1
4736,843,104,1
4737,901,221,1
4738,640,1066,1
4739,1105,409,0
4740,848,477,1
4741,719,362,0
4742,628,843,1
4743,556,241,0
4744,648,986,1
4745,429,771,0
4746,95,676,1
4747,915,548,0
4748,221,167,1
4749,165,830,0
4750,975,501,0
4751,944,415,0
4752,221,292,1
4753,242,790,0
4754,393,1058,1
4755,370,72,0
4756,867,361,1
4757,483,382,0
4758,212,589,1
4759,118,435,1
4760,1072,24,1
4761,1115,722,0
4762,999,881,1
4763,991,495,1
4764,812,481,1
4765,874,1087,0
4766,79,979,1
4767,501,116,1
4768,883,288,0
4769,445,350,1
4770,223,577,0
4771,286,460,1
4772,961,263,0
4773,692,329,0
4774,203,545,0
4775,934,648,1
4776,280,976,1
4777,393,1003,1
4778,95,921,0
4779,684,338,0
4780,750,167,0
4781,177,221,1
4782,68,1026,1
4783,221,983,0
4784,185,805,0
4785,816,199,0
4786,418,764,0
4787,192,453,1
4788,148,512,0
4789,4,948,1
4790,928,24,1
4791,182,727,1
4792,812,480,0
4793,825,530,1
4794,333,93,0
4795,598,189,1
4796,628,104,1
4797,177,2,1
4798,575,1014,0
4799,466,964,0
4800,500,611,1
4801,614,558,0
4802,841,655,0
4803,119,529,0
4804,908,243,0
4805,92,798,0
4806,266,849,0
4807,961,635,0
4808,779,268,1
4809,1022,286,1
4810,655,292,1
4811,4,89,1
4812,935,238,1
4813,761,202,0
4814,265,510,1
4815,150,767,0
4816,1041,740,1
4817,977,650,0
4818,111,738,0
4819,247,1119,1
4820,286,118,1
4821,107,55,1
4822,163,167,1
4823,97,417,0
4824,754,867,1
4825,1053,681,0
4826,990,1075,0
4827,1084,542,0
4828,250,329,1
4829,740,443,1
4830,777,495,1
4831,15,643,0
4832,835,833,0
4833,286,328,1
4834,189,917,1
4835,1101,779,1
4836,901,747,0
4837,1091,562,0
4838,185,1022,1
4839,648,912,1
4840,913,806,0
4841,951,1037,0
4842,210,21,0
4843,829,876,0
4844,417,49,0
4845,10,697,0
4846,430,1060,0
4847,245,4,1
4848,1042,368,0
4849,181,510,1
4850,346,589,1
4851,7,217,1
4852,56,906,0
4853,935,796,0
4854,551,966,1
4855,556,531,0
4856,286,987,1
4857,460,777,1
4858,7,767,0
4859,34,536,1
4860,1109,104,0
4861,85,425,1
4862,595,965,0
4863,286,961,1
4864,446,286,1
4865,713,218,1
4866,105,961,1
4867,319,48,1
4868,174,68,0
4869,173,1101,0
4870,944,275,0
4871,691,274,0
4872,817,715,0
4873,1105,412,0
4874,930,384,1
4875,95,582,1
4876,868,617,1
4877,869,371,0
4878,34,118,1
4879,377,971,0
4880,1065,951,1
4881,691,958,1
4882,889,242,1
4883,648,364,1
4884,887,1079,1
4885,245,189,1
4886,1033,898,1
4887,642,157,1
4888,58,402,0
4889,749,1001,1
4890,24,292,1
4891,1033,654,1
4892,782,901,1
4893,551,170,1
4894,982,1011,0
4895,287,944,1
4896,116,336,0
4897,728,867,1
4898,292,466,1
4899,429,38,0
4900,1004,611,1
4901,989,646,0
4902,430,342,1
4903,864,1021,0
4904,917,1010,1
4905,991,59,0
4906,1089,699,0
4907,1022,4,1
4908,572,389,0
4909,459,473,0
4910,991,233,0
4911,1065,17,0
4912,349,367,1
4913,1028,653,1
4914,753,911,0
4915,833,115,0
4916,393,912,1
4917,1113,66,1
4918,797,1033,1
4919,247,553,0
4920,141,262,0
4921,581,118,0
4922,302,363,0
4923,324,725,0
4924,611,446,1
4925,532,1061,1
4926,162,15,0
4927,245,54,1
4928,445,499,0
4929,791,616,0
4930,235,146,0
4931,349,716,0
4932,589,501,1
4933,806,367,1
4934,638,365,0
4935,1053,373,0
4936,732,235,0
4937,501,1099,1
4938,754,515,1
4939,167,411,1
4940,185,10,1
4941,628,1017,0
4942,296,444,1
4943,1085,823,0
4944,364,328,1
4945,1011,1004,0
4946,109,992,0
4947,117,770,0
4948,705,989,1
4949,446,588,1
4950,104,364,0
4951,217,403,1
4952,432,79,1
4953,18,542,0
4954,173,721,0
4955,446,1026,0
4956,773,306,0
4957,1060,517,0
4958,705,457,0
4959,6,374,0
4960,918,1091,1
4961,620,545,0
4962,917,1032,1
4963,351,504,0
4964,880,966,1
4965,69,330,0
4966,756,367,0
4967,1073,2,1
4968,678,45,0
4969,921,874,1
4970,436,836,0
4971,75,596,0
4972,1083,901,0
4973,54,1041,1
4974,126,810,0
4975,168,963,1
4976,745,987,1
4977,14,581,0
4978,486,400,0
4979,152,982,0
4980,334,867,1
4981,629,533,0
4982,629,460,1
4983,665,988,0
4984,125,676,1
4985,185,212,1
4986,615,42,0
4987,415,682,0
4988,273,880,1
4989,103,1022,1
4990,227,533,0
4991,723,500,0
4992,270,569,0
4993,498,259,0
4994,737,89,1
4995,354,927,0
4996,466,916,0
4997,7,745,1
4998,444,1111,0
4999,364,640,1
5000,648,1032,1
5001,426,158,0
5002,692,61,0
5003,1079,1106,1
5004,336,872,0
5005,962,20,0
5006,364,446,1
5007,328,834,1
5008,343,810,0
5009,975,499,0
5010,280,1108,0
5011,986,1001,0
5012,939,107,0
5013,1023,405,0
5014,178,556,0
5015,4,737,1
5016,684,523,0
5017,589,629,1
5018,34,866,0
5019,34,183,0
5020,996,116,0
5021,291,1024,0
5022,481,719,0
5023,1117,911,0
5024,519,416,1
5025,258,1030,1
5026,500,277,0
5027,1095,390,1
5028,482,263,0
5029,816,896,0
5030,445,919,1
5031,126,680,0
5032,247,673,1
5033,401,79,1
5034,774,341,0
5035,415,185,1
5036,500,472,0
5037,867,510,1
5038,328,987,1
5039,125,500,1
5040,935,565,0
5041,495,446,1
5042,1089,239,0
5043,178,557,0
5044,715,89,1
5045,519,434,0
5046,645,889,1
5047,54,509,0
5048,727,337,0
5049,611,171,1
5050,995,651,0
5051,745,823,1
5052,524,1065,1
5053,782,867,1
5054,8,871,0
5055,1117,532,1
5056,123,540,0
5057,47,515,0
5058,504,148,1
5059,212,100,0
5060,495,407,1
5061,939,33,0
5062,225,245,1
5063,350,615,0
5064,453,136,1
5065,874,548,1
5066,415,280,1
5067,751,656,0
5068,2,392,1
5069,982,173,1
5070,1065,24,1
5071,966,81,1
5072,812,621,0
5073,46,3,0
5074,1030,1006,0
5075,55,536,1
5076,34,349,1
5077,987,212,1
5078,719,112,0
5079,846,329,1
5080,880,3,0
5081,1042,79,1
5082,100,1094,1
5083,352,278,0
5084,501,587,0
5085,692,341,0
5086,779,78,0
5087,443,715,1
5088,1083,910,0
5089,727,117,0
5090,641,800,0
5091,779,775,1
5092,917,1058,1
5093,387,242,1
5094,384,931,0
5095,144,420,0
5096,1103,358,0
5097,423,280,1
5098,1107,999,0
5099,837,1042,1
5100,94,703,1
5101,107,655,1
5102,4,364,1
5103,855,983,0
5104,443,671,0
5105,889,196,1
5106,624,740,1
5107,995,754,1
5108,292,928,1
5109,929,288,1
5110,528,136,0
5111,727,328,1
5112,128,118,0
5113,55,655,1
5114,123,880,0
5115,1061,247,1
5116,977,1065,1
5117,392,719,0
5118,423,819,1
5119,85,575,1
5120,588,898,1
5121,118,1022,1
5122,785,979,0
5123,755,867,1
5124,606,1043,0
5125,271,569,0
5126,502,269,0
5127,884,1033,1
5128,680,76,0
5129,691,582,1
5130,794,209,0
5131,774,705,1
5132,629,754,1
5133,6,991,0
5134,56,645,0
5135,287,844,1
5136,1033,588,1
5137,1055,966,0
5138,430,854,0
5139,230,426,0
5140,430,1030,0
5141,794,424,0
5142,827,634,0
5143,374,609,1
5144,79,217,1
5145,755,727,1
5146,218,812,1
5147,624,930,0
5148,48,329,1
5149,871,610,0
5150,679,136,1
5151,245,986,0
5152,15,644,0
5153,279,648,1
5154,707,155,0
5155,703,1045,0
5156,295,1042,0
5157,409,138,0
5158,980,421,0
5159,935,908,0
5160,25,1078,0
5161,589,310,0
5162,7,34,0
5163,602,904,0
5164,411,300,0
5165,977,509,0
5166,81,746,1
5167,371,42,0
5168,628,606,0
5169,625,265,0
5170,192,1083,1
5171,409,764,1
5172,865,328,1
5173,1097,31,0
5174,269,81,1
5175,292,816,1
5176,645,21,1
5177,508,328,0
5178,528,823,1
5179,898,846,1
5180,374,1067,1
5181,555,628,1
5182,390,127,0
5183,84,867,0
5184,117,1106,1
5185,1084,290,0
5186,806,673,1
5187,641,736,0
5188,648,985,1
5189,10,495,1
5190,460,976,1
5191,221,536,1
5192,982,571,0
5193,1106,117,1
5194,898,423,1
5195,210,805,0
5196,602,817,1
5197,543,71,0
5198,554,127,0
5199,644,165,0
5200,280,288,1
5201,749,259,0
5202,602,499,0
5203,258,231,0
5204,846,94,1
5205,917,944,1
5206,777,893,0
5207,103,179,1
5208,779,834,1
5209,233,413,0
5210,994,7,1
5211,625,130,0
5212,867,1111,1
5213,370,695,0
5214,538,279,1
5215,816,286,1
5216,991,782,0
5217,713,1053,1
5218,250,740,0
5219,576,433,0
5220,1043,189,0
5221,903,796,0
5222,715,815,0
5223,996,385,0
5224,685,1061,0
5225,59,793,0
5226,372,1118,0
5227,961,483,1
5228,325,995,1
5229,182,754,1
5230,1105,571,0
5231,178,742,0
5232,638,938,0
5233,95,898,1
5234,944,1058,1
5235,198,1006,0
5236,1018,738,0
5237,269,430,1
5238,875,717,0
5239,696,747,0
5240,168,827,0
5241,42,813,0
5242,287,1059,0
5243,104,1017,0
5244,271,128,0
5245,308,684,0
5246,204,401,0
5247,532,611,1
5248,217,701,0
5249,118,824,1
5250,898,173,0
5251,843,888,0
5252,364,596,0
5253,825,875,0
5254,1113,708,1
5255,292,446,1
5256,614,946,0
5257,195,476,0
5258,555,871,0
5259,769,418,0
5260,1091,625,0
5261,1106,1056,0
5262,657,387,0
5263,940,623,0
5264,1064,21,1
5265,1087,149,1
5266,128,559,0
5267,292,280,1
5268,918,831,0
5269,416,172,0
5270,24,1033,0
5271,816,391,0
5272,269,729,1
5273,589,1022,1
5274,1064,516,0
5275,928,898,1
5276,56,387,0
5277,346,519,0
5278,355,501,1
5279,287,480,0
5280,1042,612,0
5281,543,856,0
5282,1085,986,0
5283,598,54,1
5284,393,409,1
5285,824,15,0
5286,1087,763,1
5287,445,527,1
5288,576,922,0
5289,1106,446,1
5290,265,823,0
5291,171,611,1
5292,912,867,1
5293,328,495,1
5294,1076,730,0
5295,726,1086,0
5296,296,723,1
5297,606,646,0
5298,507,403,0
5299,425,528,1
5300,624,648,0
5301,1051,466,0
5302,104,199,0
5303,212,495,1
5304,442,1014,0
5305,99,298,0
5306,434,1005,0
5307,409,889,1
5308,370,483,0
5309,874,921,1
5310,181,160,1
5311,185,105,1
5312,260,1018,1
5313,625,838,0
5314,917,1119,1
5315,1065,1033,1
5316,402,868,1
5317,458,935,1
5318,328,288,1
5319,59,1007,0
5320,329,1033,1
5321,75,394,0
5322,407,31,1
5323,551,661,0
5324,772,823,1
5325,928,280,1
5326,680,103,1
5327,906,1022,1
5328,460,915,0
5329,177,490,0
5330,987,445,1
5331,515,727,1
5332,125,532,1
5333,1022,34,1
5334,987,823,1
5335,855,787,1
5336,788,2,1
5337,482,190,0
5338,806,953,1
5339,374,1094,0
5340,8,251,0
5341,355,226,0
5342,272,763,0
5343,364,589,1
5344,290,320,0
5345,21,846,1
5346,944,743,1
5347,167,177,1
5348,325,714,0
5349,989,588,1
5350,54,457,0
5351,872,801,0
5352,733,642,0
5353,136,942,0
5354,168,312,0
5355,443,812,1
5356,105,1055,1
5357,645,34,1
5358,759,69,0
5359,409,906,1
5360,567,771,0
5361,1004,1026,0
5362,944,737,1
5363,891,164,0
5364,55,307,0
5365,362,105,1
5366,680,257,0
5367,417,455,0
5368,1022,192,1
5369,327,764,0
5370,418,605,0
5371,676,1000,0
5372,63,617,0
5373,498,121,0
5374,85,837,1
5375,21,655,1
5376,549,79,0
5377,816,171,1
5378,415,413,0
5379,824,225,1
5380,879,972,0
5381,104,1037,0
5382,416,519,1
5383,437,267,0
5384,995,364,1
5385,242,428,0
5386,432,391,0
5387,775,779,1
5388,364,118,1
5389,185,435,1
5390,886,761,0
5391,445,532,1
5392,527,684,0
5393,459,567,1
5394,575,589,1
5395,906,1032,1
5396,807,812,1
5397,723,976,1
5398,580,709,0
5399,392,298,0
5400,468,85,1
5401,827,743,0
5402,369,1032,1
5403,679,4,1
5404,879,1047,0
5405,371,116,0
5406,638,343,0
5407,364,848,1
5408,812,1116,1
5409,446,611,1
5410,24,648,1
5411,1065,479,1
5412,961,407,1
5413,602,784,0
5414,720,116,0
5415,979,520,0
5416,242,929,1
5417,575,917,0
5418,196,34,1
5419,582,293,1
5420,172,120,0
5421,1033,737,1
5422,761,980,1
5423,519,188,0
5424,362,125,1
5425,100,252,0
5426,812,727,1
5427,640,118,1
5428,279,926,1
5429,249,354,1
5430,83,393,1
5431,589,265,0
5432,316,380,0
5433,889,410,0
5434,1018,95,1
5435,680,961,1
5436,879,486,0
5437,185,43,1
5438,989,865,1
5439,781,672,0
5440,1030,631,0
5441,324,667,0
5442,276,946,0
5443,756,648,1
5444,1065,328,1
5445,416,555,0
5446,654,817,1
5447,991,987,1
5448,177,589,0
5449,354,321,0
5450,872,403,0
5451,446,813,1
5452,743,319,1
5453,542,20,0
5454,824,798,0
5455,1032,906,1
5456,533,328,1
5457,723,900,0
5458,726,239,0
5459,661,926,0
5460,501,435,1
5461,459,198,0
5462,913,17,0
5463,31,85,1
5464,428,533,1
5465,906,889,1
5466,848,928,0
5467,385,1072,0
5468,185,415,1
5469,723,90,0
5470,187,976,0
5471,384,334,0
5472,79,724,1
5473,816,385,0
5474,1090,432,0
5475,369,1004,1
5476,329,966,1
5477,350,480,1
5478,150,60,0
5479,996,221,1
5480,995,846,0
5481,898,616,1
5482,407,772,1
5483,917,247,1
5484,773,1034,0
5485,966,774,1
5486,2,498,0
5487,402,867,1
5488,653,292,1
5489,55,998,0
5490,915,137,0
5491,384,997,0
5492,840,686,0
5493,871,510,1
5494,999,967,1
5495,118,369,1
5496,123,402,1
5497,842,83,1
5498,987,415,1
5499,500,733,1
5500,258,238,0
5501,1055,559,0
5502,42,483,0
5503,456,685,0
5504,486,459,0
5505,616,778,0
5506,947,288,0
5507,740,1086,0
5508,390,147,0
5509,1101,53,0
5510,567,414,0
5511,867,1041,1
5512,807,999,0
5513,55,13,0
5514,727,602,1
5515,634,694,0
5516,67,504,0
5517,116,1055,1
5518,537,852,0
5519,407,980,1
5520,236,817,0
5521,182,618,0
5522,10,468,1
5523,6,45,0
5524,1061,436,0
5525,171,446,1
5526,364,872,0
5527,951,800,1
5528,648,589,1
5529,31,912,1
5530,1094,171,0
5531,425,589,1
5532,1023,691,1
5533,1002,1033,1
5534,443,611,1
5535,44,514,0
5536,720,110,0
5537,42,450,0
5538,998,704,0
5539,615,112,0
5540,296,852,0
5541,881,101,0
5542,559,157,0
5543,944,245,1
5544,753,837,0
5545,754,21,1
5546,883,273,1
5547,743,392,1
5548,225,247,1
5549,987,346,1
5550,826,297,0
5551,986,77,0
5552,79,609,0
5553,79,407,1
5554,111,867,0
5555,623,664,0
5556,192,68,1
5557,423,392,1
5558,350,460,1
5559,468,589,1
5560,589,331,0
5561,696,376,0
5562,575,460,1
5563,867,358,1
5564,549,26,0
5565,700,873,0
5566,48,319,1
5567,759,867,1
5568,703,378,0
5569,542,493,0
5570,962,496,0
5571,609,1097,1
5572,85,1042,1
5573,226,65,0
5574,550,1018,0
5575,891,601,0
5576,69,559,0
5577,654,482,0
5578,210,178,0
5579,181,460,1
5580,351,773,0
5581,374,515,1
5582,1032,961,1
5583,390,641,1
5584,727,557,0
5585,737,843,1
5586,555,889,1
5587,269,1102,1
5588,575,299,0
5589,312,685,0
5590,308,324,0
5591,917,901,1
5592,406,302,0
5593,401,609,1
5594,1117,500,1
5595,829,841,0
5596,580,922,0
5597,247,914,0
5598,680,501,1
5599,435,292,1
5600,392,319,1
5601,634,455,0
5602,567,459,1
5603,10,916,0
5604,641,1095,1
5605,961,362,1
5606,104,628,1
5607,434,865,0
5608,218,296,0
5609,443,1041,1
5610,1113,984,0
5611,99,1069,1
5612,837,589,1
5613,402,298,1
5614,536,118,1
5615,887,387,0
5616,934,417,0
5617,218,49,0
5618,327,1098,1
5619,268,665,0
5620,481,588,1
5621,745,772,1
5622,902,609,1
5623,79,443,1
5624,528,994,1
5625,228,406,0
5626,1079,262,1
5627,843,34,1
5628,922,759,0
5629,723,734,1
5630,236,703,0
5631,1055,125,1
5632,459,221,1
5633,329,475,1
5634,595,369,1
5635,785,512,0
5636,918,288,1
5637,1064,24,1
5638,947,975,0
5639,761,432,0
5640,1061,468,0
5641,729,807,0
5642,95,260,1
5643,7,823,1
5644,918,305,1
5645,189,896,0
5646,196,1032,1
5647,582,958,1
5648,312,1073,1
5649,580,459,0
5650,367,740,0
5651,638,127,0
5652,152,864,0
5653,634,615,0
5654,355,105,1
5655,817,654,1
5656,1106,1054,0
5657,104,877,0
5658,89,443,1
5659,177,640,1
5660,443,88,0
5661,21,616,1
5662,679,926,1
5663,368,1003,0
5664,983,868,0
5665,170,1026,1
5666,495,978,0
5667,719,801,0
5668,1003,582,0
5669,628,390,0
5670,775,601,0
5671,756,25,0
5672,837,984,0
5673,435,34,1
5674,684,709,0
5675,423,100,1
5676,849,467,0
5677,564,465,1
5678,532,501,1
5679,834,771,0
5680,284,63,0
5681,473,581,0
5682,842,678,0
5683,640,456,1
5684,59,378,0
5685,77,79,1
5686,79,7,1
5687,226,218,0
5688,460,362,1
5689,1023,697,0
5690,83,589,1
5691,901,167,1
5692,280,514,1
5693,97,466,1
5694,249,1017,0
5695,648,118,1
5696,994,436,0
5697,218,4,1
5698,918,438,0
5699,43,652,0
5700,296,260,1
5701,4,269,1
5702,1042,407,1
5703,877,539,0
5704,352,393,1
5705,139,466,0
5706,287,782,1
5707,1001,1105,1
5708,989,595,1
5709,928,542,1
5710,987,7,1
5711,4,867,1
5712,867,193,0
5713,589,1042,1
5714,567,34,1
5715,655,1058,1
5716,750,916,0
5717,212,377,0
5718,835,892,0
5719,85,772,1
5720,835,868,0
5721,961,118,1
5722,349,1067,1
5723,589,996,0
5724,374,464,0
5725,718,877,0
5726,79,603,1
5727,732,1119,0
5728,507,631,0
5729,828,949,0
5730,550,255,0
5731,287,989,1
5732,1113,1069,1
5733,989,851,1
5734,319,1002,1
5735,236,951,1
5736,287,775,1
5737,171,292,1
5738,944,648,1
5739,609,367,1
5740,205,1060,0
5741,54,431,0
5742,634,1026,0
5743,687,547,0
5744,160,501,1
5745,479,552,1
5746,966,1090,0
5747,940,319,1
5748,141,717,0
5749,43,409,0
5750,769,1094,0
5751,732,434,1
5752,591,776,1
5753,871,994,0
5754,468,595,0
5755,994,425,1
5756,296,510,1
5757,393,273,1
5758,649,404,0
5759,944,1022,1
5760,328,320,1
5761,455,501,1
5762,170,1041,0
5763,99,419,0
5764,177,13,0
5765,477,536,1
5766,201,797,0
5767,1001,406,0
5768,835,1079,1
5769,960,796,0
5770,655,640,1
5771,355,480,1
5772,443,500,0
5773,921,548,1
5774,745,403,1
5775,834,2,1
5776,34,851,1
5777,1008,865,0
5778,10,961,1
5779,627,383,0
5780,603,403,1
5781,774,1065,1
5782,685,1065,1
5783,286,989,1
5784,867,352,1
5785,895,229,0
5786,1026,608,0
5787,167,416,0
5788,609,1068,0
5789,727,1065,1
5790,4,191,0
5791,483,495,1
5792,854,783,0
5793,837,425,1
5794,460,501,1
5795,898,703,1
5796,333,1102,0
5797,11,370,0
5798,364,48,1
5799,515,339,0
5800,146,311,0
5801,715,919,0
5802,648,661,0
5803,524,513,0
5804,292,1022,1
5805,527,1116,0
5806,10,589,1
5807,48,324,0
5808,21,660,1
5809,951,21,1
5810,628,737,1
5811,887,338,0
5812,10,500,1
5813,1033,126,0
5814,835,474,0
5815,354,1105,1
5816,255,803,0
5817,342,373,0
5818,204,635,0
5819,871,634,0
5820,34,221,1
5821,816,648,1
5822,743,787,1
5823,1099,185,1
5824,199,314,0
5825,648,435,1
5826,85,823,1
5827,261,599,0
5828,953,807,0
5829,189,145,0
5830,448,257,0
5831,589,125,1
5832,209,214,1
5833,221,917,1
5834,31,407,1
5835,139,538,0
5836,2,71,1
5837,749,479,0
5838,795,285,0
5839,411,760,0
5840,812,117,1
5841,564,179,0
5842,71,692,0
5843,727,141,1
5844,786,241,1
5845,475,451,0
5846,443,111,1
5847,409,944,1
5848,119,935,0
5849,634,1065,0
5850,79,337,1
5851,990,747,0
5852,1042,785,0
5853,1065,1116,1
5854,598,799,0
5855,732,646,0
5856,426,987,1
5857,348,272,0
5858,423,726,1
5859,1065,705,1
5860,755,141,1
5861,118,1032,1
5862,797,820,0
5863,664,789,1
5864,508,1107,0
5865,409,1022,1
5866,648,423,1
5867,1113,829,0
5868,589,292,1
5869,533,775,1
5870,196,906,1
5871,152,473,0
5872,898,552,1
5873,987,611,1
5874,31,217,1
5875,996,250,0
5876,174,624,1
5877,588,477,0
5878,178,1105,0
5879,995,382,1
5880,428,687,0
5881,1018,145,0
5882,568,334,0
5883,906,245,1
5884,989,691,1
5885,339,916,0
5886,386,161,0
5887,1042,961,1
5888,34,922,1
5889,843,292,1
5890,877,543,0
5891,55,1040,1
5892,772,641,1
5893,625,1065,0
5894,1055,8,1
5895,477,1033,0
5896,928,779,1
5897,369,568,0
5898,79,78,0
5899,225,1061,1
5900,429,61,0
5901,591,711,0
5902,562,1106,1
5903,746,513,0
5904,460,823,1
5905,475,908,0
5906,635,1032,0
5907,81,966,1
5908,377,1057,0
5909,791,809,0
5910,781,253,0
5911,980,1042,1
5912,55,558,0
5913,983,846,1
5914,42,435,1
5915,996,755,1
5916,585,16,0
5917,983,107,1
5918,361,689,0
5919,961,772,1
5920,779,656,0
5921,242,555,1
5922,812,817,1
5923,100,237,0
5924,370,146,0
5925,196,24,1
5926,507,256,0
5927,1055,393,1
5928,549,707,0
5929,343,281,0
5930,774,953,0
5931,729,301,1
5932,764,708,0
5933,118,782,1
5934,444,72,1
5935,225,980,0
5936,21,213,0
5937,236,778,0
5938,280,185,1
5939,429,798,0
5940,1119,295,0
5941,114,932,0
5942,173,19,0
5943,91,876,0
5944,555,782,1
5945,922,43,0
5946,168,856,0
5947,361,477,1
5948,947,394,0
5949,522,502,1
5950,446,330,0
5951,416,944,1
5952,148,249,1
5953,435,280,1
5954,1064,843,1
5955,826,507,0
5956,628,631,1
5957,361,989,1
5958,460,928,0
5959,1028,568,0
5960,725,1032,0
5961,930,7,0
5962,515,921,1
5963,922,34,1
5964,298,812,1
5965,1081,1032,1
5966,588,520,0
5967,334,733,1
5968,296,287,1
5969,18,408,0
5970,901,139,0
5971,737,21,1
5972,1072,987,1
5973,817,640,1
5974,1000,217,0
5975,1064,4,1
5976,623,272,1
5977,719,528,0
5978,401,69,0
5979,390,776,0
5980,611,443,1
5981,685,867,1
5982,457,559,1
5983,426,733,1
5984,458,1067,1
5985,1053,578,1
5986,634,525,0
5987,772,425,1
5988,1113,552,1
5989,34,409,1
5990,727,684,0
5991,95,985,1
5992,171,495,1
5993,291,63,0
5994,898,786,1
5995,46,903,0
5996,567,333,0
5997,772,603,1
5998,250,498,0
5999,574,812,1
6000,38,503,0
6001,83,922,0
6002,1072,860,0
6003,223,27,0
6004,778,436,1
6005,162,134,0
6006,1065,246,1
6007,528,85,1
6008,1018,969,0
6009,655,919,1
6010,543,243,0
6011,589,733,1
6012,34,1064,1
6013,826,1102,0
6014,185,446,1
6015,661,657,0
6016,1032,853,0
6017,854,159,0
6018,34,996,1
6019,204,116,1
6020,430,666,0
6021,475,179,0
6022,218,298,1
6023,816,948,1
6024,852,304,0
6025,555,644,0
6026,343,209,0
6027,1032,867,1
6028,1099,399,0
6029,85,803,0
6030,385,265,1
6031,435,948,1
6032,108,590,0
6033,362,919,1
6034,446,989,1
6035,245,1081,1
6036,79,167,0
6037,869,709,0
6038,849,670,0
6039,629,987,1
6040,702,56,1
6041,902,77,1
6042,775,1065,1
6043,591,448,0
6044,34,764,1
6045,756,268,0
6046,214,663,0
6047,356,996,0
6048,407,185,1
6049,415,460,1
6050,1101,319,0
6051,996,898,1
6052,428,995,0
6053,393,962,0
6054,509,334,1
6055,812,867,1
6056,869,449,0
6057,532,987,1
6058,719,1022,0
6059,586,1002,1
6060,680,987,1
6061,280,501,1
6062,94,477,0
6063,165,211,0
6064,660,1008,1
6065,715,174,1
6066,258,819,0
6067,364,987,1
6068,917,989,1
6069,912,423,1
6070,111,443,1
6071,594,867,1
6072,500,125,1
6073,94,314,1
6074,7,92,0
6075,75,816,1
6076,210,63,1
6077,1032,459,1
6078,141,921,0
6079,989,118,1
6080,261,1053,0
6081,648,149,1
6082,351,620,0
6083,83,468,1
6084,996,118,1
6085,536,640,1
6086,519,834,1
6087,770,1113,0
6088,69,879,0
6089,777,188,0
6090,314,639,0
6091,887,693,0
6092,495,649,1
6093,390,463,0
6094,425,1095,1
6095,681,713,1
6096,432,801,0
6097,218,1081,1
6098,524,156,0
6099,303,298,0
6100,953,367,1
6101,167,369,1
6102,501,648,1
6103,95,532,1
6104,452,757,0
6105,598,1065,1
6106,620,113,0
6107,83,346,1
6108,648,221,1
6109,460,575,1
6110,212,1111,1
6111,406,17,0
6112,145,1012,0
6113,415,542,0
6114,575,35,0
6115,38,1011,0
6116,1023,402,1
6117,641,338,1
6118,81,1100,0
6119,917,332,0
6120,141,252,0
6121,352,21,0
6122,319,743,1
6123,733,987,1
6124,588,791,1
6125,989,765,1
6126,928,271,0
6127,611,1032,1
6128,125,649,1
6129,214,868,1
6130,589,425,1
6131,230,660,0
6132,181,565,0
6133,7,85,1
6134,210,781,0
6135,42,1092,0
6136,603,830,1
6137,765,989,1
6138,121,142,0
6139,387,687,1
6140,865,548,1
6141,7,994,1
6142,785,594,0
6143,629,582,1
6144,764,559,1
6145,372,999,0
6146,865,383,1
6147,1087,793,0
6148,732,993,0
6149,612,690,0
6150,70,494,0
6151,296,941,0
6152,841,914,0
6153,435,816,1
6154,660,385,0
6155,1033,727,1
6156,187,56,0
6157,679,756,0
6158,660,798,0
6159,987,362,1
6160,333,348,0
6161,906,247,0
6162,445,225,1
6163,362,803,0
6164,772,833,1
6165,1042,31,1
6166,364,221,1
6167,498,790,0
6168,392,1002,1
6169,628,156,0
6170,346,85,1
6171,423,334,0
6172,867,728,1
6173,648,24,1
6174,874,624,1
6175,344,125,0
6176,1101,763,0
6177,934,480,0
6178,812,1033,1
6179,817,812,1
6180,694,366,0
6181,1032,809,0
6182,1090,705,0
6183,691,443,1
6184,989,640,1
6185,547,225,0
6186,867,727,1
6187,1101,605,1
6188,875,145,0
6189,349,976,1
6190,835,741,0
6191,1097,286,0
6192,79,432,1
6193,367,902,1
6194,34,567,1
6195,895,1080,0
6196,245,21,1
6197,350,669,0
6198,287,723,1
6199,43,495,1
6200,951,1065,1
6201,1008,24,1
6202,932,67,0
6203,1115,214,0
6204,484,782,1
6205,460,649,1
6206,4,700,1
6207,453,1066,0
6208,31,889,0
6209,718,592,0
6210,951,231,0
6211,1018,912,0
6212,1109,226,0
6213,77,203,0
6214,588,551,1
6215,929,409,1
6216,1025,570,0
6217,657,57,0
6218,6,703,0
6219,214,713,1
6220,867,353,1
6221,489,963,0
6222,21,1115,1
6223,773,253,0
6224,280,747,0
6225,916,667,0
6226,998,555,1
6227,849,963,1
6228,324,1055,1
6229,1041,417,0
6230,559,457,1
6231,468,895,0
6232,867,1117,1
6233,201,94,0
6234,502,402,1
6235,703,487,0
6236,922,500,1
6237,782,157,1
6238,171,42,1
6239,726,1010,0
6240,328,727,1
6241,426,649,1
6242,787,662,0
6243,1000,435,0
6244,760,268,0
6245,1085,667,0
6246,867,763,1
6247,446,594,1
6248,119,804,0
6249,1113,348,0
6250,273,966,1
6251,22,244,0
6252,944,559,1
6253,1053,749,0
6254,34,79,1
6255,994,460,1
6256,374,352,0
6257,83,987,1
6258,385,334,0
6259,265,1067,1
6260,867,865,1
6261,761,152,0
6262,1000,538,0
6263,867,201,1
6264,720,601,0
6265,1032,944,1
6266,605,648,1
6267,369,2,1
6268,582,1119,0
6269,372,184,0
6270,559,21,1
6271,524,79,1
6272,1055,1001,0
6273,761,913,0
6274,807,402,1
6275,270,112,0
6276,1055,642,0
6277,609,1066,1
6278,880,948,0
6279,425,185,1
6280,1051,867,1
6281,998,648,1
6282,92,183,0
6283,1119,264,0
6284,582,133,0
6285,352,1060,0
6286,987,619,0
6287,908,455,1
6288,292,995,1
6289,175,605,1
6290,603,316,0
6291,865,470,0
6292,361,236,1
6293,840,263,0
6294,1083,570,0
6295,7,830,0
6296,178,389,0
6297,308,617,0
6298,998,1119,1
6299,1030,4,1
6300,4,192,1
6301,172,1079,1
6302,495,1111,1
6303,146,803,0
6304,298,703,1
6305,450,680,0
6306,210,1102,1
6307,575,1073,1
6308,538,1100,0
6309,817,1065,1
6310,329,443,1
6311,1004,1050,0
6312,417,473,0
6313,551,402,1
6314,951,891,0
6315,746,269,1
6316,953,253,0
6317,425,390,1
6318,555,906,1
6319,737,976,1
6320,867,594,1
6321,54,1065,1
6322,995,21,1
6323,576,1033,1
6324,567,692,0
6325,715,476,0
6326,917,764,1
6327,542,928,1
6328,509,1117,1
6329,842,987,1
6330,766,803,0
6331,852,371,0
6332,308,1001,1
6333,486,744,0
6334,475,48,1
6335,617,737,0
6336,295,392,0
6337,235,1044,0
6338,542,613,1
6339,291,332,0
6340,648,460,1
6341,764,189,1
6342,883,427,0
6343,428,86,1
6344,355,959,0
6345,700,944,1
6346,913,451,0
6347,635,429,0
6348,538,711,0
6349,749,382,0
6350,1099,980,0
6351,1079,167,0
6352,1003,765,1
6353,737,486,0
6354,94,46,0
6355,269,557,0
6356,829,196,0
6357,623,702,0
6358,753,1069,0
6359,111,287,1
6360,34,286,1
6361,435,184,0
6362,1113,925,1
6363,895,95,1
6364,1115,873,0
6365,203,800,0
6366,95,895,1
6367,764,377,0
6368,328,2,1
6369,328,589,1
6370,63,746,1
6371,63,81,1
6372,1061,998,1
6373,567,996,1
6374,411,369,1
6375,247,21,1
6376,935,458,1
6377,737,1022,1
6378,245,648,1
6379,588,515,0
6380,595,34,1
6381,928,685,1
6382,71,519,1
6383,303,149,0
6384,163,411,1
6385,446,976,1
6386,403,79,1
6387,344,1073,0
6388,295,343,0
6389,446,4,1
6390,542,755,0
6391,268,74,0
6392,260,444,1
6393,921,856,0
6394,425,837,1
6395,179,727,0
6396,524,350,0
6397,641,772,1
6398,887,24,1
6399,172,218,1
6400,555,1022,1
6401,118,411,1
6402,221,495,1
6403,173,627,0
6404,929,559,1
6405,460,683,0
6406,961,987,1
6407,346,961,1
6408,962,754,0
6409,917,402,1
6410,918,968,0
6411,930,566,0
6412,1107,181,0
6413,141,211,0
6414,123,150,0
6415,293,582,1
6416,917,234,0
6417,407,823,1
6418,179,280,1
6419,995,48,1
6420,1111,185,1
6421,775,1079,1
6422,879,522,0
6423,18,1106,0
6424,182,233,0
6425,554,175,0
6426,242,245,1
6427,328,705,1
6428,1097,902,1
6429,723,1018,1
6430,1097,444,0
6431,1042,958,0
6432,24,1026,1
6433,547,683,0
6434,559,409,1
6435,874,221,0
6436,319,2,1
6437,217,633,0
6438,185,987,1
6439,460,105,1
6440,648,1061,1
6441,512,173,0
6442,642,180,0
6443,18,411,0
6444,49,382,0
6445,352,490,0
6446,79,833,1
6447,1113,283,1
6448,867,83,1
6449,630,457,0
6450,563,1038,0
6451,194,813,0
6452,391,541,0
6453,782,929,1
6454,448,1117,1
6455,119,765,1
6456,917,817,1
6457,22,186,0
6458,255,544,0
6459,887,981,0
6460,817,1081,1
6461,85,407,1
6462,685,1038,0
6463,547,1060,0
6464,426,477,1
6465,837,1001,0
6466,415,258,1
6467,509,130,0
6468,1030,1022,1
6469,446,849,0
6470,995,524,0
6471,536,137,0
6472,1032,245,1
6473,8,919,1
6474,63,1057,1
6475,500,805,0
6476,589,976,1
6477,547,554,1
6478,502,1106,0
6479,889,917,1
6480,743,39,0
6481,519,789,0
6482,814,609,0
6483,328,1079,1
6484,269,705,1
6485,293,521,0
6486,500,83,1
6487,589,212,1
6488,250,294,0
6489,1028,469,0
6490,519,69,0
6491,977,892,0
6492,760,206,0
6493,292,1010,0
6494,922,961,1
6495,269,773,0
6496,611,989,1
6497,692,293,0
6498,995,708,1
6499,1081,65,1
6500,233,738,0
6501,423,624,0
6502,978,394,0
6503,22,513,0
6504,1033,209,1
6505,989,1000,0
6506,916,479,0
6507,1111,500,1
6508,425,7,1
6509,370,430,1
6510,812,705,1
6511,152,353,0
6512,1004,809,0
6513,528,832,0
6514,343,288,0
6515,987,772,1
6516,558,894,0
6517,917,141,1
6518,912,726,1
6519,146,574,0
6520,1118,610,0
6521,1023,115,0
6522,442,889,0
6523,1061,739,0
6524,929,293,0
6525,139,402,0
6526,879,524,0
6527,477,1065,1
6528,117,293,0
6529,298,363,0
6530,479,648,1
6531,342,402,1
6532,661,587,0
6533,609,1101,0
6534,713,446,1
6535,79,1077,1
6536,1113,530,1
6537,314,655,1
6538,1009,324,0
6539,24,328,1
6540,109,1042,0
6541,455,324,1
6542,998,285,0
6543,555,236,0
6544,4,409,1
6545,551,475,1
6546,737,944,1
6547,733,942,0
6548,145,2,0
6549,150,869,0
6550,21,598,1
6551,719,165,0
6552,351,1025,0
6553,928,887,1
6554,15,6,0
6555,34,906,1
6556,634,924,0
6557,582,746,1
6558,1117,364,1
6559,901,598,0
6560,280,221,1
6561,118,611,1
6562,1103,331,0
6563,854,791,0
6564,86,1078,0
6565,81,881,1
6566,609,359,0
6567,125,817,0
6568,374,296,1
6569,664,34,1
6570,932,827,0
6571,349,835,0
6572,163,177,1
6573,179,608,0
6574,1079,1009,1
6575,1003,393,1
6576,1009,774,0
6577,543,549,0
6578,1079,1012,0
6579,1023,526,0
6580,567,166,0
6581,533,886,0
6582,769,157,0
6583,172,58,0
6584,766,27,0
6585,68,869,0
6586,558,611,0
6587,648,103,1
6588,581,297,0
6589,816,754,0
6590,538,960,0
6591,837,460,1
6592,346,842,1
6593,1077,1032,1
6594,225,810,0
6595,482,813,1
6596,1105,354,1
6597,1111,589,1
6598,460,171,1
6599,201,727,1
6600,495,589,1
6601,125,426,1
6602,84,1106,0
6603,1022,948,1
6604,613,486,1
6605,912,39,0
6606,865,296,1
6607,174,141,1
6608,862,61,0
6609,350,362,1
6610,1003,320,1
6611,554,869,0
6612,77,401,1
6613,923,227,0
6614,1000,196,0
6615,1025,104,0
6616,887,1033,1
6617,867,812,1
6618,867,1091,1
6619,623,947,0
6620,869,648,1
6621,912,445,1
6622,589,288,1
6623,460,1072,1
6624,1055,648,1
6625,346,429,0
6626,979,170,0
6627,727,774,1
6628,898,77,0
6629,99,1,1
6630,1103,455,0
6631,953,717,1
6632,320,960,0
6633,989,364,1
6634,79,389,1
6635,379,443,1
6636,1023,602,1
6637,286,1022,1
6638,760,536,1
6639,123,921,0
6640,833,994,1
6641,886,831,0
6642,177,411,1
6643,1043,1067,0
6644,456,126,0
6645,324,445,1
6646,660,245,1
6647,932,919,0
6648,247,689,1
6649,290,784,0
6650,387,883,0
6651,43,381,0
6652,7,246,0
6653,1032,889,1
6654,25,628,0
6655,40,770,0
6656,879,456,0
6657,751,290,1
6658,1111,95,1
6659,214,720,0
6660,585,205,0
6661,843,587,0
6662,446,402,1
6663,1083,960,0
6664,177,587,0
6665,1042,403,1
6666,929,34,1
6667,587,611,0
6668,303,567,0
6669,247,536,1
6670,242,896,0
6671,203,812,1
6672,674,955,0
6673,1026,192,1
6674,746,541,0
6675,757,745,0
6676,163,139,0
6677,8,160,1
6678,923,763,0
6679,460,842,1
6680,196,929,1
6681,648,703,1
6682,782,653,1
6683,961,991,1
6684,634,188,0
6685,221,364,1
6686,702,350,0
6687,848,173,0
6688,475,21,1
6689,502,765,0
6690,1079,788,1
6691,1064,764,1
6692,148,145,1
6693,361,1091,0
6694,825,386,0
6695,894,1087,0
6696,994,376,0
6697,779,579,0
6698,726,1018,0
6699,1072,976,1
6700,605,729,0
6701,705,540,0
6702,227,26,0
6703,508,513,0
6704,127,342,0
6705,175,579,0
6706,203,264,0
6707,763,951,1
6708,401,953,1
6709,25,415,0
6710,766,770,0
6711,435,961,1
6712,624,141,1
6713,1065,54,1
6714,174,755,1
6715,1003,443,1
6716,918,265,1
6717,728,884,1
6718,43,987,1
6719,362,460,1
6720,1073,1086,0
6721,391,531,0
6722,292,288,1
6723,363,596,0
6724,443,713,1
6725,415,367,0
6726,77,1067,1
6727,514,227,0
6728,944,844,0
6729,38,567,0
6730,21,555,1
6731,1111,655,1
6732,55,1058,1
6733,342,798,0
6734,791,398,0
6735,806,164,0
6736,167,1066,1
6737,238,634,0
6738,828,1002,1
6739,759,1094,1
6740,989,752,0
6741,638,851,0
6742,846,869,1
6743,460,415,1
6744,175,926,0
6745,1072,204,1
6746,638,540,0
6747,763,664,1
6748,867,515,1
6749,10,349,0
6750,1089,621,0
6751,109,796,0
6752,479,896,0
6753,14,1114,0
6754,379,966,0
6755,1055,225,1
6756,580,854,0
6757,775,609,0
6758,869,458,0
6759,305,269,1
6760,947,702,0
6761,843,863,0
6762,94,334,1
6763,812,247,1
6764,921,1067,1
6765,748,805,0
6766,55,757,0
6767,868,402,1
6768,648,327,1
6769,932,974,0
6770,273,306,0
6771,7,1024,0
6772,361,771,0
6773,869,563,0
6774,31,79,1
6775,1009,302,1
6776,97,311,0
6777,869,55,1
6778,1008,242,1
6779,477,249,0
6780,179,648,1
6781,1032,1077,1
6782,368,1001,0
6783,34,917,1
6784,326,1111,0
6785,655,732,0
6786,945,650,0
6787,849,846,0
6788,443,755,1
6789,423,985,1
6790,874,1067,1
6791,616,653,1
6792,729,18,0
6793,547,641,1
6794,719,884,0
6795,726,615,0
6796,238,1039,0
6797,834,287,0
6798,179,415,1
6799,753,796,0
6800,835,466,0
6801,945,237,0
6802,1061,976,1
6803,416,737,0
6804,962,132,0
6805,883,47,0
6806,1072,740,1
6807,795,30,0
6808,917,245,1
6809,94,983,1
6810,425,460,1
6811,575,425,1
6812,1050,3,0
6813,1113,754,1
6814,944,555,1
6815,764,477,0
6816,987,83,1
6817,702,230,0
6818,761,528,1
6819,270,395,0
6820,325,185,0
6821,765,371,0
6822,1065,774,1
6823,979,79,1
6824,623,107,0
6825,430,986,0
6826,674,1059,0
6827,272,32,1
6828,386,8,1
6829,727,653,1
6830,867,629,1
6831,680,589,1
6832,364,654,1
6833,825,999,0
6834,902,1097,1
6835,848,109,0
6836,525,1089,0
6837,827,389,0
6838,1026,453,1
6839,89,740,1
6840,1032,517,0
6841,1113,174,0
6842,648,611,1
6843,235,985,0
6844,98,292,0
6845,519,486,0
6846,653,976,1
6847,356,880,1
6848,409,242,1
6849,481,103,0
6850,418,79,1
6851,125,1055,1
6852,100,157,1
6853,77,153,1
6854,782,1065,1
6855,439,963,0
6856,483,331,0
6857,242,872,0
6858,495,1022,1
6859,987,105,1
6860,162,883,0
6861,986,1090,1
6862,269,629,1
6863,204,292,1
6864,533,602,0
6865,1028,616,1
6866,245,889,1
6867,1065,402,1
6868,1004,1097,1
6869,458,238,1
6870,227,919,0
6871,542,862,0
6872,242,697,0
6873,681,71,0
6874,941,99,0
6875,703,898,1
6876,725,875,0
6877,678,548,0
6878,364,83,1
6879,484,1032,1
6880,638,654,1
6881,141,966,0
6882,189,929,1
6883,273,883,1
6884,867,1067,1
6885,209,277,0
6886,705,274,1
6887,11,339,0
6888,912,425,1
6889,1079,727,1
6890,989,688,0
6891,765,177,1
6892,495,537,0
6893,363,701,0
6894,660,387,0
6895,755,101,0
6896,245,499,0
6897,458,210,1
6898,69,283,0
6899,664,95,1
6900,605,587,0
6901,260,95,1
6902,902,241,0
6903,15,48,1
6904,297,848,0
6905,435,460,1
6906,589,648,1
6907,761,97,1
6908,990,947,0
6909,748,858,0
6910,723,370,1
6911,524,390,0
6912,455,441,1
6913,292,706,0
6914,646,512,0
6915,339,396,0
6916,242,137,0
6917,763,521,0
6918,542,152,0
6919,24,681,0
6920,766,490,0
6921,588,343,1
6922,653,923,0
6923,379,902,0
6924,806,510,1
6925,582,552,1
6926,105,474,0
6927,351,696,0
6928,217,980,1
6929,869,854,0
6930,116,1038,0
6931,196,588,1
6932,238,2,0
6933,79,902,1
6934,821,786,1
6935,664,818,0
6936,204,976,1
6937,125,362,1
6938,855,691,1
6939,867,305,1
6940,1032,460,1
6941,314,107,1
6942,935,1067,1
6943,280,611,1
6944,973,1090,0
6945,10,83,1
6946,468,10,1
6947,287,24,1
6948,444,1048,0
6949,1106,481,0
6950,740,1072,1
6951,648,998,1
6952,874,609,1
6953,533,321,0
6954,1064,383,0
6955,755,877,0
6956,296,77,1
6957,1033,1047,0
6958,645,921,0
6959,255,936,0
6960,787,443,0
6961,369,30,0
6962,390,177,0
6963,648,415,1
6964,448,81,0
6965,125,495,1
6966,732,865,0
6967,958,654,0
6968,575,912,1
6969,4,628,1
6970,452,969,0
6971,367,368,0
6972,439,677,0
6973,1003,392,1
6974,841,975,0
6975,217,1055,0
6976,922,726,0
6977,38,824,0
6978,160,8,1
6979,982,909,0
6980,355,185,1
6981,477,211,0
6982,867,759,1
6983,1022,555,1
6984,615,835,0
6985,1079,519,1
6986,176,100,0
6987,827,348,0
6988,352,615,0
6989,917,567,1
6990,460,49,0
6991,336,273,0
6992,55,2,0
6993,996,138,0
6994,1085,144,0
6995,782,996,1
6996,119,729,0
6997,174,727,1
6998,4,1035,0
6999,204,104,0
7000,678,765,0
7001,479,270,1
7002,1065,598,1
7003,349,244,0
7004,928,269,1
7005,116,445,1
7006,362,648,1
7007,1041,480,1
7008,720,292,0
7009,258,415,1
7010,303,306,0
7011,48,21,1
7012,1009,70,0
7013,867,245,1
7014,527,901,0
7015,1033,402,1
7016,912,745,1
7017,917,715,1
7018,501,611,1
7019,402,705,1
7020,1076,865,0
7021,10,165,0
7022,728,700,1
7023,319,606,0
7024,1002,942,0
7025,1083,1097,1
7026,501,362,1
7027,867,385,1
7028,21,1061,1
7029,1119,21,1
7030,489,599,0
7031,1103,65,1
7032,192,136,1
7033,705,898,1
7034,848,628,1
7035,1103,271,0
7036,426,10,1
7037,813,166,0
7038,917,645,1
7039,1003,913,1
7040,181,390,0
7041,525,74,1
7042,727,548,1
7043,406,79,1
7044,612,444,0
7045,812,1052,1
7046,212,125,1
7047,781,773,0
7048,1111,278,0
7049,287,361,1
7050,423,129,0
7051,1042,586,0
7052,352,134,0
7053,915,25,0
7054,92,947,0
7055,589,118,1
7056,270,79,0
7057,869,334,1
7058,990,600,0
7059,917,598,1
7060,387,602,0
7061,944,906,1
7062,951,898,1
7063,368,1116,0
7064,226,588,0
7065,1113,1111,0
7066,951,45,0
7067,812,1010,1
7068,922,125,1
7069,167,901,1
7070,364,995,1
7071,588,139,0
7072,351,647,0
7073,456,765,1
7074,867,548,1
7075,582,691,1
7076,595,221,1
7077,367,32,0
7078,961,85,1
7079,834,235,0
7080,1002,319,1
7081,868,713,1
7082,987,912,1
7083,691,518,1
7084,661,431,0
7085,1000,79,1
7086,167,456,1
7087,855,34,0
7088,720,1048,0
7089,914,536,0
7090,221,169,0
7091,532,648,1
7092,1061,501,1
7093,148,236,0
7094,250,729,1
7095,1079,479,1
7096,425,961,1
7097,729,772,0
7098,1099,530,0
7099,181,203,0
7100,1022,781,0
7101,1090,810,0
7102,284,239,0
7103,14,1113,1
7104,276,673,0
7105,589,446,1
7106,249,1103,1
7107,364,655,1
7108,774,727,1
7109,1091,832,0
7110,1090,673,0
7111,363,535,0
7112,446,1113,1
7113,303,696,0
7114,437,620,0
7115,84,299,0
7116,751,284,0
7117,377,72,0
7118,536,848,1
7119,416,892,0
7120,588,129,0
7121,953,416,0
7122,1051,790,0
7123,1081,462,0
7124,385,819,0
7125,880,524,1
7126,874,287,1
7127,1003,817,1
7128,660,917,1
7129,990,797,0
7130,1065,454,1
7131,103,538,0
7132,598,815,0
7133,1030,705,0
7134,418,760,0
7135,684,422,0
7136,295,689,0
7137,772,495,1
7138,869,655,1
7139,139,242,0
7140,362,961,1
7141,147,217,0
7142,295,861,0
7143,1097,1043,0
7144,582,207,0
7145,855,616,0
7146,723,844,1
7147,676,1106,1
7148,684,427,0
7149,616,47,0
7150,726,299,0
7151,727,721,0
7152,1023,214,1
7153,460,34,1
7154,185,922,1
7155,773,978,0
7156,628,250,0
7157,989,97,1
7158,1003,836,0
7159,174,19,0
7160,640,539,0
7161,935,1111,0
7162,898,867,1
7163,1022,245,1
7164,623,918,0
7165,848,567,1
7166,195,97,0
7167,728,88,0
7168,995,325,1
7169,874,806,1
7170,921,610,0
7171,354,249,1
7172,429,1114,0
7173,685,969,0
7174,685,613,1
7175,22,335,0
7176,958,954,0
7177,966,986,1
7178,77,1106,0
7179,4,589,1
7180,867,21,1
7181,189,559,1
7182,843,645,1
7183,149,584,0
7184,657,786,0
7185,445,393,1
7186,2,519,1
7187,495,483,1
7188,886,344,0
7189,865,118,1
7190,271,123,0
7191,680,460,1
7192,542,977,1
7193,501,181,1
7194,515,782,1
7195,91,531,0
7196,980,528,1
7197,460,435,1
7198,626,586,0
7199,434,697,0
7200,606,778,0
7201,1105,739,0
7202,236,118,1
7203,182,214,0
7204,1079,142,0
7205,664,353,0
7206,369,488,0
7207,390,995,0
7208,867,479,1
7209,4,245,1
7210,1101,877,0
7211,34,292,1
7212,149,530,0
7213,1081,443,1
7214,556,1093,0
7215,967,1060,0
7216,221,1071,0
7217,812,430,1
7218,987,495,1
7219,98,622,0
7220,1002,733,0
7221,537,134,0
7222,10,509,1
7223,817,567,1
7224,512,68,0
7225,1030,648,1
7226,141,624,1
7227,269,1000,0
7228,840,824,0
7229,407,1042,1
7230,272,786,0
7231,86,907,1
7232,245,1032,1
7233,305,524,0
7234,302,1094,1
7235,1041,617,0
7236,532,185,1
7237,953,627,0
7238,185,560,0
7239,649,1105,0
7240,875,459,0
7241,217,407,1
7242,170,363,0
7243,6,863,0
7244,444,867,1
7245,1112,864,0
7246,116,86,0
7247,59,600,0
7248,249,139,0
7249,828,767,0
7250,292,987,1
7251,655,83,1
7252,612,776,0
7253,1028,206,0
7254,960,152,0
7255,1083,68,1
7256,147,660,0
7257,350,363,0
7258,480,1052,0
7259,512,659,0
7260,962,154,0
7261,567,313,0
7262,54,1032,1
7263,218,764,1
7264,411,459,1
7265,947,1011,0
7266,649,961,1
7267,903,547,1
7268,319,392,1
7269,258,173,0
7270,171,816,1
7271,867,296,1
7272,629,589,1
7273,67,156,0
7274,214,706,0
7275,495,777,1
7276,370,199,0
7277,679,668,0
7278,554,804,0
7279,727,1003,1
7280,989,361,1
7281,1099,848,0
7282,475,966,1
7283,2,817,1
7284,72,425,0
7285,249,1001,1
7286,363,848,0
7287,1072,929,1
7288,906,944,1
7289,71,857,1
7290,746,81,1
7291,923,432,0
7292,1055,634,0
7293,185,426,1
7294,889,894,0
7295,995,604,1
7296,409,1032,1
7297,921,182,1
7298,551,76,1
7299,774,966,1
7300,881,499,1
7301,1094,100,1
7302,727,616,1
7303,1065,1079,1
7304,506,1092,0
7305,759,1056,0
7306,272,881,1
7307,245,405,0
7308,506,159,0
7309,1041,419,0
7310,217,425,1
7311,1097,95,1
7312,212,680,1
7313,1094,0,0
7314,794,1003,1
7315,439,640,0
7316,782,370,1
7317,727,57,0
7318,824,898,1
7319,874,515,1
7320,128,520,0
7321,459,478,0
7322,242,196,1
7323,34,177,1
7324,305,199,1
7325,1011,1100,0
7326,620,1019,0
7327,502,242,0
7328,177,34,1
7329,83,426,1
7330,320,1079,1
7331,255,323,0
7332,68,453,1
7333,1008,21,1
7334,837,557,0
7335,573,42,0
7336,807,743,0
7337,1065,4,1
7338,626,499,0
7339,795,318,0
7340,42,912,0
7341,922,290,0
7342,616,1056,0
7343,269,279,1
7344,589,772,1
7345,266,299,0
7346,629,280,1
7347,1072,409,1
7348,1111,664,1
7349,759,306,0
7350,149,993,0
7351,591,221,0
7352,302,987,0
7353,501,292,1
7354,4,118,1
7355,448,640,1
7356,640,1003,1
7357,558,1027,0
7358,834,374,0
7359,175,594,0
7360,519,864,0
7361,648,319,1
7362,392,101,0
7363,598,34,1
7364,867,817,1
7365,495,83,1
7366,221,976,1
7367,797,792,0
7368,480,741,0
7369,56,1065,1
7370,56,301,0
7371,92,322,0
7372,881,789,1
7373,403,385,0
7374,1095,73,0
7375,79,980,1
7376,574,217,0
7377,43,589,1
7378,800,102,0
7379,881,474,0
7380,486,669,0
7381,605,428,1
7382,292,698,0
7383,217,467,0
7384,228,302,0
7385,489,479,1
7386,515,582,1
7387,349,548,1
7388,280,912,1
7389,425,745,1
7390,484,292,1
7391,532,777,1
7392,916,602,0
7393,908,527,1
7394,630,722,0
7395,475,208,0
7396,515,736,1
7397,105,611,1
7398,1081,402,1
7399,370,24,1
7400,34,167,1
7401,995,925,1
7402,581,602,0
7403,436,778,1
7404,868,999,0
7405,242,636,0
7406,653,106,0
7407,1109,171,0
7408,1026,648,1
7409,1064,497,0
7410,777,506,0
7411,413,392,0
7412,586,539,0
7413,648,605,1
7414,828,999,0
7415,1094,759,1
7416,1050,650,0
7417,245,971,0
7418,1009,884,0
7419,782,851,1
7420,588,402,1
7421,1001,1108,0
7422,2,163,1
7423,705,427,0
7424,167,654,1
7425,474,728,0
7426,1004,976,1
7427,774,986,1
7428,624,209,0
7429,468,1099,1
7430,368,1059,0
7431,83,842,1
7432,828,962,0
7433,199,549,0
7434,1090,273,1
7435,1094,928,1
7436,1041,648,1
7437,179,103,1
7438,406,901,0
7439,110,687,0
7440,614,1026,1
7441,85,10,1
7442,34,648,1
7443,773,236,1
7444,500,1111,1
7445,743,370,0
7446,361,570,1
7447,987,46,0
7448,812,1065,1
7449,114,472,0
7450,413,777,0
7451,628,242,1
7452,390,123,0
7453,77,1097,1
7454,260,383,1
7455,967,290,0
7456,723,1015,1
7457,655,1040,1
7458,466,231,0
7459,295,560,0
7460,482,45,0
7461,1065,552,1
7462,630,747,0
7463,245,867,1
7464,242,317,0
7465,1004,459,1
7466,403,1113,0
7467,692,919,0
7468,2,1032,0
7469,989,245,1
7470,89,755,1
7471,727,996,1
7472,459,118,1
7473,168,301,0
7474,34,196,1
7475,1022,362,0
7476,721,1033,0
7477,881,967,0
7478,480,327,0
7479,591,246,0
7480,718,199,0
7481,648,948,1
7482,350,987,1
7483,837,485,0
7484,609,1067,1
7485,848,640,1
7486,182,582,1
7487,867,757,1
7488,160,449,0
7489,782,673,1
7490,528,987,1
7491,292,929,1
7492,460,208,0
7493,851,484,1
7494,350,355,1
7495,442,6,0
7496,945,282,0
7497,1112,749,0
7498,247,812,1
7499,1025,515,0
7500,374,953,1
7501,65,766,1
7502,450,995,0
7503,445,1072,1
7504,1113,568,1
7505,370,723,1
7506,995,354,0
7507,611,221,1
7508,460,181,1
7509,628,848,1
7510,49,1018,0
7511,428,633,1
7512,580,344,0
7513,434,732,1
7514,727,736,1
7515,314,418,1
7516,445,1055,1
7517,828,1033,0
7518,1072,1055,1
7519,423,359,0
7520,402,196,1
7521,846,287,1
7522,935,804,0
7523,423,976,1
7524,512,318,0
7525,468,923,0
7526,774,941,1
7527,980,425,1
7528,328,423,1
7529,439,976,0
7530,402,274,1
7531,255,1040,0
7532,962,767,0
7533,797,395,0
7534,407,745,1
7535,434,855,0
7536,495,680,1
7537,150,1050,0
7538,998,34,1
7539,725,813,0
7540,987,185,1
7541,21,737,1
7542,1072,445,1
7543,385,1015,1
7544,1117,10,1
7545,179,458,0
7546,435,364,1
7547,648,629,1
7548,692,43,0
7549,1061,393,1
7550,481,289,0
7551,854,353,0
7552,614,523,0
7553,443,446,1
7554,842,475,0
7555,249,308,1
7556,1026,1102,0
7557,501,378,0
7558,881,903,0
7559,617,209,1
7560,125,859,0
7561,94,681,0
7562,204,393,1
7563,34,998,1
7564,118,495,1
7565,24,1091,0
7566,249,163,0
7567,393,524,1
7568,1111,867,1
7569,644,71,0
7570,977,861,0
7571,1032,567,1
7572,10,637,0
7573,624,686,0
7574,403,1049,0
7575,468,110,0
7576,978,1008,0
7577,459,1004,1
7578,691,648,1
7579,980,823,1
7580,228,804,0
7581,746,935,1
7582,1113,742,1
7583,990,124,0
7584,947,51,0
7585,764,157,0
7586,364,648,1
7587,270,737,0
7588,787,691,1
7589,426,640,1
7590,450,276,0
7591,994,24,0
7592,83,867,1
7593,987,629,1
7594,1023,15,1
7595,630,540,0
7596,951,953,0
7597,944,718,0
7598,995,592,0
7599,328,1101,1
7600,362,455,1
7601,806,717,1
7602,995,1100,1
7603,40,856,0
7604,185,1040,0
7605,1079,172,1
7606,549,1062,0
7607,930,44,0
7608,249,902,0
7609,785,220,0
7610,125,225,1
7611,773,899,0
7612,21,759,1
7613,837,823,1
7614,105,455,0
7615,450,1033,1
7616,788,947,0
7617,837,607,0
7618,645,245,1
7619,55,314,1
7620,777,185,1
7621,204,17,1
7622,763,514,1
7623,455,445,1
7624,390,620,0
7625,975,708,0
7626,403,523,0
7627,898,1033,1
7628,445,961,1
7629,356,486,0
7630,76,983,0
7631,640,369,1
7632,437,601,0
7633,308,402,0
7634,550,592,0
7635,185,292,1
7636,558,870,0
7637,107,334,1
7638,147,421,0
7639,713,681,1
7640,292,753,0
7641,1061,1032,1
7642,85,31,1
7643,165,984,0
7644,605,252,0
7645,481,127,0
7646,918,920,0
7647,459,571,0
7648,280,258,1
7649,611,680,1
7650,97,420,0
7651,807,860,0
7652,1079,867,1
7653,1079,1084,0
7654,495,288,1
7655,812,713,1
7656,645,1032,1
7657,589,10,1
7658,91,696,0
7659,547,1007,0
7660,348,133,0
7661,225,1048,0
7662,989,567,1
7663,1060,79,1
7664,898,1104,0
7665,551,86,0
7666,109,434,0
7667,1117,38,0
7668,903,767,0
7669,1003,135,0
7670,782,34,1
7671,657,460,0
7672,549,367,0
7673,1064,245,1
7674,912,823,1
7675,329,319,1
7676,763,168,0
7677,6,302,0
7678,588,117,1
7679,737,292,1
7680,649,426,1
7681,554,422,0
7682,654,364,1
7683,611,288,1
7684,1105,308,1
7685,524,519,0
7686,209,1082,0
7687,713,172,1
7688,364,435,1
7689,898,772,1
7690,172,488,0
7691,425,473,0
7692,916,395,0
7693,782,196,0
7694,58,575,0
7695,1112,79,1
7696,342,866,1
7697,279,479,1
7698,407,443,0
7699,189,645,1
7700,848,1119,0
7701,482,196,1
7702,917,559,1
7703,759,635,0
7704,775,1101,1
7705,391,922,0
7706,403,592,0
7707,906,1064,1
7708,418,97,0
7709,906,628,1
7710,737,1038,0
7711,627,474,0
7712,928,2,1
7713,63,161,0
7714,108,786,0
7715,980,460,1
7716,961,374,1
7717,865,1091,0
7718,777,346,1
7719,961,328,1
7720,34,185,1
7721,170,887,0
7722,179,262,0
7723,4,733,0
7724,551,723,0
7725,303,622,0
7726,483,147,0
7727,980,185,1
7728,6,488,0
7729,525,757,0
7730,987,288,1
7731,1022,917,1
7732,616,720,0
7733,1032,189,1
7734,620,992,0
7735,214,2,0
7736,745,85,1
7737,676,272,0
7738,1117,254,0
7739,733,460,1
7740,887,710,0
7741,1003,174,1
7742,628,1072,1
7743,1077,301,0
7744,85,629,1
7745,34,589,1
7746,868,551,1
7747,141,4,1
7748,34,1119,1
7749,8,908,1
7750,269,564,1
7751,325,82,1
7752,585,180,0
7753,1077,650,0
7754,316,1106,0
7755,364,460,1
7756,746,208,0
7757,1032,1064,1
7758,1050,229,0
7759,1091,1043,0
7760,848,67,0
7761,994,1042,1
7762,1060,123,0
7763,624,431,0
7764,935,1078,0
7765,475,1104,0
7766,846,1082,0
7767,118,744,0
7768,325,198,0
7769,71,428,1
7770,555,196,1
7771,754,1065,1
7772,1022,118,1
7773,855,944,1
7774,448,426,1
7775,1053,912,0
7776,611,122,0
7777,1109,471,0
7778,136,68,1
7779,588,1023,1
7780,772,837,1
7781,1061,225,1
7782,1032,1008,1
7783,687,747,0
7784,484,1034,0
7785,588,896,1
7786,175,818,0
7787,966,443,0
7788,103,106,0
7789,1065,40,1
7790,881,269,1
7791,171,961,1
7792,1091,4,0
7793,989,596,0
7794,474,683,0
7795,857,740,0
7796,426,418,1
7797,235,309,0
7798,519,10,0
7799,525,768,0
7800,564,582,1
7801,42,685,0
7802,167,595,1
7803,1053,481,1
7804,328,339,0
7805,247,1032,1
7806,887,269,1
7807,118,34,1
7808,446,868,1
7809,1095,998,0
7810,328,1033,1
7811,444,226,0
7812,1119,483,0
7813,504,643,0
7814,929,555,1
7815,615,423,1
7816,67,641,0
7817,917,411,1
7818,247,498,0
7819,913,570,0
7820,764,507,0
7821,912,373,0
7822,953,844,1
7823,426,495,1
7824,595,411,1
7825,605,262,0
7826,930,540,0
7827,370,812,1
7828,994,255,1
7829,1042,185,1
7830,745,980,1
7831,385,734,1
7832,953,874,1
7833,238,210,1
7834,185,743,0
7835,901,782,1
7836,567,221,1
7837,769,256,0
7838,205,1084,0
7839,1043,263,0
7840,1064,152,0
7841,1043,472,0
7842,8,527,1
7843,435,238,0
7844,896,58,0
7845,97,867,1
7846,1018,865,1
7847,524,959,1
7848,848,214,0
7849,515,1028,1
7850,46,197,0
7851,286,1089,0
7852,54,998,1
7853,1094,819,1
7854,479,959,0
7855,912,280,1
7856,837,100,0
7857,1028,132,0
7858,654,329,1
7859,759,402,0
7860,1002,971,0
7861,847,470,0
7862,253,1088,0
7863,49,790,0
7864,887,419,0
7865,781,484,0
7866,589,346,1
7867,944,88,0
7868,70,1030,0
7869,713,1033,1
7870,446,1106,1
7871,746,754,1
7872,393,356,1
7873,379,730,0
7874,589,495,1
7875,1055,501,1
7876,620,1058,1
7877,457,7,0
7878,21,443,1
7879,10,770,0
7880,1030,39,0
7881,118,865,1
7882,816,522,0
7883,160,362,1
7884,48,364,1
7885,71,873,0
7886,48,5,0
7887,1084,1010,0
7888,185,1117,1
7889,435,529,0
7890,329,223,1
7891,874,811,0
7892,107,869,1
7893,223,455,0
7894,654,275,0
7895,640,79,1
7896,269,21,1
7897,225,992,0
7898,966,1114,0
7899,308,438,0
7900,1065,257,1
7901,125,611,1
7902,284,721,0
7903,881,549,0
7904,110,519,0
7905,980,39,0
7906,532,125,1
7907,842,629,1
7908,1117,83,1
7909,898,1065,1
7910,362,393,1
7911,917,555,1
7912,613,503,0
7913,777,214,0
7914,479,614,1
7915,705,588,1
7916,296,844,1
7917,773,1114,0
7918,524,774,1
7919,479,996,0
7920,559,628,1
7921,390,563,0
7922,265,875,0
7923,961,532,1
7924,800,951,1
7925,879,992,0
7926,918,789,0
7927,703,726,1
7928,917,976,1
7929,538,612,0
7930,107,965,0
7931,290,646,0
7932,944,917,1
7933,532,500,1
7934,1081,517,0
7935,83,680,1
7936,944,34,1
7937,628,393,1
7938,1008,196,1
7939,270,1061,0
7940,934,1033,1
7941,912,185,1
7942,755,1041,1
7943,1115,21,1
7944,387,35,0
7945,89,657,0
7946,369,34,1
7947,996,1032,1
7948,86,27,0
7949,679,288,0
7950,99,882,1
7951,898,1113,1
7952,253,774,1
7953,611,105,1
7954,588,65,1
7955,63,458,1
7956,374,1097,1
7957,588,196,1
7958,646,91,0
7959,922,680,1
7960,355,39,0
7961,185,346,1
7962,99,1113,0
7963,292,445,1
7964,987,328,1
7965,996,557,0
7966,423,170,1
7967,269,582,1
7968,55,79,1
7969,460,7,1
7970,21,543,1
7971,961,1117,1
7972,614,789,1
7973,25,295,0
7974,91,787,1
7975,1111,495,1
7976,778,246,0
7977,435,4,1
7978,182,921,1
7979,961,733,1
7980,458,1066,1
7981,555,645,1
7982,498,383,0
7983,435,989,1
7984,24,1093,0
7985,653,723,1
7986,549,250,0
7987,456,119,1
7988,185,118,1
7989,481,768,0
7990,1061,1119,1
7991,759,685,1
7992,901,640,1
7993,750,612,0
7994,450,824,0
7995,1001,249,1
7996,221,34,1
7997,181,185,1
7998,1065,1103,1
7999,1113,502,1
8000,1090,728,0
8001,1026,623,0
8002,209,402,1
8003,258,1022,1
8004,625,639,0
8005,605,697,0
8006,611,1094,0
8007,1076,721,0
8008,929,1072,1
8009,944,128,0
8010,384,852,0
8011,393,655,1
8012,362,1055,1
8013,966,269,1
8014,4,435,1
8015,361,287,1
8016,79,558,1
8017,817,1058,1
8018,387,913,0
8019,559,554,0
8020,459,938,0
8021,550,218,0
8022,700,859,0
8023,171,435,1
8024,961,816,1
8025,519,473,0
8026,846,277,0
8027,881,88,0
8028,95,125,1
8029,160,128,0
8030,757,319,1
8031,350,349,0
8032,1011,568,0
8033,68,136,1
8034,603,113,0
8035,269,274,1
8036,95,782,1
8037,1094,858,0
8038,201,24,1
8039,218,905,0
8040,648,1043,1
8041,473,171,0
8042,549,754,0
8043,218,466,0
8044,125,922,1
8045,24,242,1
8046,597,308,1
8047,916,269,0
8048,874,374,1
8049,723,444,1
8050,837,961,1
8051,91,416,1
8052,298,357,0
8053,43,654,0
8054,816,292,1
8055,782,288,1
8056,475,467,0
8057,1072,160,1
8058,817,79,0
8059,103,460,1
8060,1085,235,0
8061,279,928,1
8062,393,1061,1
8063,867,328,1
8064,655,536,1
8065,402,551,1
8066,645,986,0
8067,286,843,1
8068,1053,812,1
8069,874,296,1
8070,1080,369,0
8071,1079,382,0
8072,944,287,1
8073,781,562,0
8074,715,737,1
8075,979,25,0
8076,370,763,0
8077,960,432,0
8078,227,663,0
8079,504,74,0
8080,1117,589,1
8081,694,351,0
8082,217,1024,0
8083,640,119,1
8084,47,381,0
8085,212,404,0
8086,684,482,1
8087,707,76,0
8088,685,542,1
8089,589,435,1
8090,928,71,1
8091,18,929,0
8092,77,902,1
8093,777,500,1
8094,781,777,0
8095,533,958,0
8096,1081,632,0
8097,641,317,0
8098,475,250,1
8099,754,691,1
8100,189,245,1
8101,145,1031,1
8102,110,810,0
8103,999,1079,0
8104,342,298,0
8105,328,428,1
8106,595,420,0
8107,629,21,1
8108,225,680,1
8109,172,588,1
8110,480,105,1
8111,479,867,1
8112,928,279,1
8113,586,828,1
8114,648,944,1
8115,31,772,1
8116,777,499,0
8117,573,280,0
8118,774,898,1
8119,364,475,1
8120,889,642,0
8121,402,254,0
8122,894,143,0
8123,103,415,1
8124,616,867,1
8125,857,671,0
8126,415,1043,1
8127,703,764,0
8128,941,356,1
8129,889,645,1
8130,867,648,1
8131,245,1072,1
8132,1009,355,0
8133,423,541,0
8134,390,638,0
8135,812,370,1
8136,293,991,0
8137,272,639,0
8138,1119,824,0
8139,821,135,0
8140,991,961,1
8141,772,589,1
8142,298,588,1
8143,754,99,1
8144,177,1003,1
8145,162,1002,0
8146,726,423,1
8147,869,314,1
8148,185,31,1
8149,649,611,1
8150,1064,217,0
8151,390,79,1
8152,71,328,1
8153,212,367,0
8154,611,286,1
8155,857,428,1
8156,609,401,1
8157,260,396,0
8158,699,502,0
8159,34,789,1
8160,829,614,0
8161,750,478,0
8162,684,481,0
8163,889,944,1
8164,495,4,1
8165,48,482,0
8166,79,495,1
8167,71,261,0
8168,588,214,1
8169,628,645,1
8170,269,1079,1
8171,765,654,0
8172,1081,245,1
8173,173,982,1
8174,721,582,1
8175,443,1011,0
8176,1065,582,1
8177,316,679,0
8178,428,344,0
8179,728,928,1
8180,459,82,0
8181,296,953,1
8182,1111,680,1
8183,986,273,1
8184,1009,934,1
8185,880,1098,0
8186,308,702,1
8187,495,425,1
8188,1113,975,0
8189,994,382,0
8190,437,196,0
8191,556,774,0
8192,953,510,1
8193,1097,179,0
8194,867,705,1
8195,881,1066,1
8196,201,402,1
8197,1022,1026,1
8198,434,396,0
8199,851,996,1
8200,428,719,0
8201,958,65,0
8202,567,809,0
8203,961,922,1
8204,468,842,1
8205,1101,846,0
8206,679,222,0
8207,691,209,1
8208,1022,189,1
8209,605,1082,0
8210,1043,648,1
8211,196,944,1
8212,837,994,1
8213,749,1020,0
8214,628,332,0
8215,1060,55,0
8216,640,163,1
8217,437,1013,0
8218,24,682,0
8219,728,645,0
8220,31,227,0
8221,757,658,0
8222,79,161,1
8223,928,400,0
8224,56,54,0
8225,852,74,1
8226,587,1088,0
8227,676,954,0
8228,723,609,1
8229,732,353,0
8230,975,154,0
8231,367,285,0
8232,434,257,1
8233,1119,528,0
8234,775,605,1
8235,1060,1039,0
8236,989,817,1
8237,816,108,1
8238,238,1102,1
8239,458,46,0
8240,393,846,1
8241,253,238,0
8242,1095,713,0
8243,923,872,0
8244,350,10,0
8245,1094,96,0
8246,364,884,0
8247,103,589,1
8248,21,189,1
8249,718,487,0
8250,174,1041,1
8251,791,626,0
8252,85,79,1
8253,445,324,1
8254,628,1051,1
8255,205,227,0
8256,825,314,0
8257,81,754,1
8258,79,174,1
8259,346,1117,1
8260,100,89,0
8261,794,118,0
8262,935,1038,1
8263,194,857,0
8264,91,993,0
8265,292,673,1
8266,1042,150,0
8267,763,867,1
8268,588,74,0
8269,1032,79,1
8270,402,481,1
8271,443,379,1
8272,500,471,0
8273,245,301,0
8274,1101,327,1
8275,385,103,0
8276,1065,99,1
8277,334,83,1
8278,635,205,0
8279,1091,1073,0
8280,854,1117,0
8281,746,885,0
8282,705,99,1
8283,597,187,0
8284,68,654,0
8285,551,280,0
8286,2,834,1
8287,680,733,1
8288,865,763,1
8289,393,976,1
8290,479,898,1
8291,279,146,0
8292,996,782,1
8293,21,79,1
8294,559,318,0
8295,615,162,0
8296,178,1064,1
8297,245,242,1
8298,877,569,0
8299,586,760,0
8300,92,616,0
8301,588,446,1
8302,86,943,0
8303,95,269,1
8304,922,515,0
8305,482,446,1
8306,1053,1044,0
8307,127,1097,0
8308,34,432,0
8309,589,1004,0
8310,1061,744,0
8311,837,162,0
8312,1083,1026,1
8313,661,1058,1
8314,536,765,1
8315,558,304,1
8316,320,1003,1
8317,98,49,0
8318,991,839,0
8319,425,641,1
8320,753,97,0
8321,40,519,1
8322,961,823,1
8323,653,34,1
8324,392,940,1
8325,887,428,1
8326,4,288,1
8327,816,933,0
8328,588,1053,1
8329,728,679,0
8330,1034,419,0
8331,327,962,0
8332,648,743,1
8333,966,273,1
8334,715,1003,1
8335,824,882,1
8336,935,14,0
8337,715,1041,1
8338,108,816,1
8339,178,71,0
8340,44,446,1
8341,514,107,0
8342,287,1097,1
8343,305,385,1
8344,329,48,1
8345,170,68,1
8346,559,437,0
8347,554,272,0
8348,657,295,0
8349,403,1042,1
8350,696,80,0
8351,754,705,1
8352,1117,110,0
8353,533,269,1
8354,961,31,1
8355,160,100,0
8356,55,584,0
8357,779,995,1
8358,575,31,1
8359,125,1117,1
8360,857,86,1
8361,247,292,1
8362,415,987,1
8363,843,1032,1
8364,563,837,0
8365,443,141,1
8366,928,985,1
8367,684,665,0
8368,23,592,0
8369,339,164,0
8370,896,218,1
8371,1111,648,1
8372,713,727,1
8373,895,886,0
8374,326,751,0
8375,358,867,1
8376,205,437,0
8377,94,107,1
8378,409,917,1
8379,812,454,1
8380,772,987,1
8381,958,566,0
8382,110,892,0
8383,842,589,1
8384,22,106,0
8385,728,864,0
8386,782,24,1
8387,460,217,1
8388,887,736,1
8389,369,1003,1
8390,589,280,1
8391,674,1065,0
8392,445,579,0
8393,270,301,0
8394,185,816,1
8395,475,223,1
8396,11,314,0
8397,148,483,0
8398,760,871,0
8399,1023,588,1
8400,477,848,1
8401,929,829,0
8402,740,993,0
8403,913,938,0
8404,392,210,0
8405,998,695,0
8406,482,1076,1
8407,382,172,0
8408,31,7,1
8409,182,616,1
8410,77,867,1
8411,1018,922,1
8412,233,809,0
8413,104,427,0
8414,1033,1065,1
8415,1003,221,0
8416,795,873,0
8417,125,10,1
8418,425,987,1
8419,21,423,1
8420,21,1081,1
8421,664,125,1
8422,348,155,1
8423,233,1086,0
8424,715,917,1
8425,1091,918,1
8426,1003,1051,0
8427,364,495,1
8428,980,407,1
8429,336,28,0
8430,21,929,1
8431,547,635,0
8432,645,409,1
8433,602,42,0
8434,1043,415,1
8435,692,141,0
8436,83,532,1
8437,148,1103,1
8438,272,71,1
8439,648,614,1
8440,524,477,0
8441,149,435,0
8442,194,45,0
8443,182,653,1
8444,772,240,0
8445,107,94,1
8446,754,881,1
8447,56,612,0
8448,509,565,0
8449,703,465,0
8450,1085,67,0
8451,228,1085,0
8452,867,533,1
8453,887,358,1
8454,576,392,1
8455,996,174,1
8456,748,43,0
8457,71,389,1
8458,624,821,0
8459,94,189,0
8460,588,770,0
8461,483,185,1
8462,83,1067,0
8463,713,454,1
8464,967,311,0
8465,104,677,0
8466,495,912,1
8467,192,815,0
8468,7,589,1
8469,740,624,1
8470,986,725,0
8471,615,968,0
8472,961,777,1
8473,95,443,1
8474,1091,689,0
8475,34,889,1
8476,269,524,1
8477,1001,1079,0
8478,14,312,0
8479,269,921,0
8480,867,685,1
8481,1022,611,1
8482,715,992,0
8483,961,185,1
8484,149,648,1
8485,998,308,0
8486,567,640,1
8487,320,328,1
8488,379,605,0
8489,638,225,0
8490,528,217,1
8491,782,729,0
8492,55,1117,1
8493,718,698,0
8494,582,81,1
8495,898,588,1
8496,173,450,0
8497,409,247,1
8498,455,664,0
8499,817,765,1
8500,760,260,0
8501,576,91,1
8502,406,872,0
8503,843,737,1
8504,598,21,1
8505,163,1003,1
8506,1043,103,1
8507,79,169,0
8508,362,501,1
8509,528,961,1
8510,76,68,0
8511,325,708,1
8512,227,1067,0
8513,760,563,0
8514,328,785,1
8515,628,21,1
8516,6,667,0
8517,260,292,1
8518,582,475,1
8519,292,286,1
8520,402,578,1
8521,980,837,1
8522,528,7,1
8523,549,535,0
8524,851,130,0
8525,328,934,1
8526,1009,333,0
8527,185,961,1
8528,249,426,0
8529,292,561,0
8530,1113,446,1
8531,989,501,1
8532,983,869,1
8533,603,890,0
8534,791,588,1
8535,581,682,0
8536,572,1064,0
8537,582,297,0
8538,614,202,0
8539,346,971,0
8540,223,855,0
8541,362,564,0
8542,917,91,0
8543,875,278,0
8544,459,640,1
8545,182,774,0
8546,271,622,0
8547,369,742,0
8548,342,579,0
8549,589,500,1
8550,1090,564,0
8551,612,573,0
8552,362,452,0
8553,205,105,0
8554,85,35,0
8555,1065,933,0
8556,929,1022,1
8557,119,98,0
8558,772,528,1
8559,581,644,0
8560,840,806,0
8561,1003,715,1
8562,917,628,1
8563,536,817,1
8564,917,843,1
8565,172,214,1
8566,368,889,0
8567,527,267,0
8568,71,233,0
8569,908,116,1
8570,699,350,0
8571,453,869,0
8572,524,253,1
8573,881,238,1
8574,912,582,0
8575,2,411,1
8576,951,867,1
8577,430,224,0
8578,795,633,0
8579,329,654,1
8580,875,35,0
8581,1119,998,1
8582,533,1043,0
8583,727,374,1
8584,425,1019,0
8585,31,920,1
8586,273,960,0
8587,568,1031,0
8588,605,327,1
8589,564,221,0
8590,609,374,1
8591,987,394,0
8592,125,216,0
8593,515,182,1
8594,755,740,1
8595,772,1037,0
8596,47,229,0
8597,721,767,0
8598,40,504,0
8599,648,1026,1
8600,812,896,1
8601,623,959,0
8602,386,527,1
8603,292,737,1
8604,479,816,0
8605,770,928,1
8606,514,65,1
8607,445,292,1
8608,929,254,0
8609,2,887,1
8610,930,917,0
8611,932,274,0
8612,935,1102,1
8613,775,175,1
8614,837,7,1
8615,292,2,1
8616,393,423,1
8617,160,675,0
8618,648,987,1
8619,794,284,0
8620,84,616,0
8621,1002,692,0
8622,185,823,1
8623,172,413,0
8624,989,446,1
8625,195,885,0
8626,205,541,0
8627,279,328,1
8628,817,459,1
8629,1033,976,1
8630,575,1077,0
8631,986,858,0
8632,65,514,1
8633,848,655,1
8634,901,682,1
8635,69,621,0
8636,76,184,1
8637,320,614,0
8638,105,480,1
8639,2,928,1
8640,1002,852,1
8641,81,210,1
8642,1072,655,1
8643,116,919,1
8644,595,716,0
8645,1003,727,1
8646,409,1008,1
8647,761,1061,0
8648,423,648,1
8649,945,646,0
8650,409,1058,1
8651,692,334,0
8652,719,446,1
8653,415,83,0
8654,880,273,1
8655,775,58,0
8656,81,501,0
8657,588,1033,1
8658,1001,1090,0
8659,4,642,1
8660,118,280,1
8661,588,712,1
8662,1119,108,0
8663,653,21,1
8664,286,722,0
8665,687,918,0
8666,646,1009,0
8667,238,925,0
8668,641,618,0
8669,990,628,1
8670,834,79,0
8671,100,2,0
8672,303,1100,0
8673,94,715,1
8674,868,987,0
8675,84,934,0
8676,723,653,1
8677,665,794,0
8678,225,636,0
8679,551,812,1
8680,351,622,0
8681,649,509,1
8682,908,1055,1
8683,460,1061,1
8684,344,1101,0
8685,63,881,1
8686,1095,365,0
8687,47,589,0
8688,179,581,0
8689,319,812,1
8690,871,438,0
8691,411,567,1
8692,980,288,0
8693,448,655,1
8694,217,994,1
8695,42,885,0
8696,628,881,0
8697,7,329,0
8698,369,221,1
8699,538,867,1
8700,766,414,0
8701,1109,951,0
8702,501,460,1
8703,1025,673,0
8704,817,917,1
8705,79,111,1
8706,290,354,0
8707,415,320,0
8708,812,203,1
8709,49,216,0
8710,1115,628,1
8711,316,223,0
8712,292,645,1
8713,325,317,0
8714,727,582,1
8715,1053,950,0
8716,349,717,1
8717,268,199,0
8718,455,8,1
8719,629,328,1
8720,645,843,1
8721,79,462,1
8722,849,957,0
8723,502,787,0
8724,721,120,0
8725,308,876,0
8726,1072,1061,1
8727,1041,917,1
8728,367,303,0
8729,1117,460,1
8730,817,1003,1
8731,598,917,1
8732,598,910,0
8733,1111,1069,0
8734,582,754,1
8735,612,813,0
8736,223,717,0
8737,434,655,0
8738,917,948,1
8739,196,646,0
8740,141,1041,1
8741,700,346,0
8742,287,383,1
8743,748,74,0
8744,645,358,0
8745,79,912,1
8746,139,845,0
8747,22,713,0
8748,881,1015,0
8749,896,492,0
8750,79,854,0
8751,886,120,0
8752,576,954,0
8753,292,782,1
8754,626,648,0
8755,906,645,1
8756,1117,85,1
8757,260,1111,1
8758,524,968,0
8759,460,55,1
8760,328,775,1
8761,951,1079,1
8762,446,185,1
8763,1103,609,0
8764,1117,185,1
8765,727,898,1
8766,118,948,1
8767,111,438,0
8768,585,53,0
8769,533,86,1
8770,377,917,0
8771,634,548,0
8772,576,416,1
8773,653,782,1
8774,996,292,1
8775,1064,917,1
8776,168,199,0
8777,929,1045,0
8778,1089,765,0
8779,1107,109,0
8780,995,389,1
8781,1065,389,1
8782,991,98,0
8783,170,757,0
8784,21,736,1
8785,110,57,0
8786,196,563,0
8787,305,193,0
8788,654,21,1
8789,915,662,0
8790,581,124,0
8791,724,618,0
8792,477,327,0
8793,466,917,1
8794,676,149,1
8795,654,1003,1
8796,572,1090,0
8797,146,196,0
8798,24,1072,1
8799,473,940,0
8800,265,378,1
8801,1032,640,1
8802,145,1102,0
8803,409,555,1
8804,21,475,1
8805,655,184,0
8806,1060,684,0
8807,444,260,1
8808,1053,173,0
8809,291,574,0
8810,524,880,1
8811,185,280,1
8812,1034,1045,0
8813,69,392,0
8814,605,775,1
8815,727,740,1
8816,611,460,1
8817,79,823,1
8818,308,1105,1
8819,733,185,1
8820,107,79,1
8821,582,727,1
8822,286,304,0
8823,898,279,1
8824,817,456,1
8825,409,1013,0
8826,1042,823,1
8827,428,1107,1
8828,42,641,0
8829,1041,34,1
8830,764,4,1
8831,225,34,1
8832,989,667,0
8833,171,126,0
8834,292,700,0
8835,67,58,0
8836,646,84,0
8837,83,1080,0
8838,602,450,1
8839,795,481,0
8840,649,911,0
8841,328,946,0
8842,928,328,1
8843,559,34,1
8844,973,651,0
8845,913,868,0
8846,176,225,0
8847,902,717,1
8848,177,917,1
8849,303,212,0
8850,364,354,0
8851,989,201,1
8852,416,1067,1
8853,980,922,1
8854,1022,453,1
8855,1034,402,1
8856,418,591,0
8857,624,814,0
8858,869,385,1
8859,746,1057,1
8860,648,192,1
8861,745,1042,1
8862,8,154,0
8863,865,717,1
8864,939,647,0
8865,174,917,1
8866,705,1118,0
8867,364,286,1
8868,953,77,1
8869,77,986,0
8870,298,98,0
8871,843,4,1
8872,665,157,0
8873,189,409,1
8874,928,262,1
8875,460,837,1
8876,626,748,0
8877,740,3,0
8878,308,419,0
8879,727,450,1
8880,1001,308,1
8881,407,159,0
8882,978,844,1
8883,185,649,1
8884,245,409,1
8885,99,540,1
8886,432,608,0
8887,605,50,0
8888,536,456,1
8889,1033,617,1
8890,889,929,1
8891,238,907,0
8892,429,618,0
8893,446,713,1
8894,314,778,0
8895,125,95,1
8896,828,586,1
8897,468,818,0
8898,769,582,0
8899,374,462,0
8900,998,1036,0
8901,339,1098,1
8902,273,374,0
8903,787,860,0
8904,70,352,0
8905,185,204,1
8906,582,721,1
8907,686,574,0
8908,71,929,0
8909,171,917,0
8910,121,935,0
8911,934,503,0
8912,589,745,1
8913,575,772,1
8914,824,868,0
8915,292,655,1
8916,24,279,1
8917,1118,832,0
8918,196,764,1
8919,629,83,1
8920,980,1090,0
8921,272,668,0
8922,460,286,1
8923,646,801,0
8924,514,1005,0
8925,453,187,0
8926,266,260,0
8927,989,782,1
8928,1097,287,1
8929,361,26,1
8930,103,680,1
8931,941,273,1
8932,628,100,0
8933,391,374,0
8934,581,841,0
8935,655,79,1
8936,147,450,1
8937,928,361,0
8938,867,588,1
8939,629,249,0
8940,628,537,1
8941,413,730,0
8942,775,287,1
8943,1032,921,1
8944,48,475,1
8945,512,664,0
8946,837,72,0
8947,519,71,1
8948,292,1058,1
8949,908,919,1
8950,786,1016,0
8951,1041,174,1
8952,11,1043,0
8953,426,807,0
8954,922,495,1
8955,906,731,0
8956,458,453,0
8957,1072,89,1
8958,515,548,1
8959,939,241,0
8960,402,201,1
8961,245,312,0
8962,806,1097,1
8963,2,292,1
8964,407,425,1
8965,987,989,1
8966,374,806,1
8967,806,1052,0
8968,314,869,1
8969,1002,110,1
8970,1089,730,0
8971,1061,938,0
8972,55,640,1
8973,989,736,1
8974,24,21,1
8975,293,378,0
8976,996,1038,0
8977,453,1075,0
8978,8,324,1
8979,980,79,1
8980,1042,1100,0
8981,987,378,0
8982,475,617,1
8983,163,292,1
8984,349,1114,0
8985,179,884,0
8986,640,1117,1
8987,764,944,1
8988,550,56,0
8989,871,730,0
8990,903,761,1
8991,107,194,0
8992,21,996,1
8993,79,956,1
8994,280,352,1
8995,700,363,0
8996,377,771,0
8997,702,337,0
8998,928,728,1
8999,724,785,0
9000,848,1117,1
9001,1055,964,0
9002,655,21,1
9003,210,504,0
9004,217,912,1
9005,777,896,0
9006,1099,741,0
9007,655,475,1
9008,606,166,0
9009,255,1008,0
9010,415,882,0
9011,951,149,1
9012,247,867,1
9013,482,939,1
9014,401,1114,0
9015,95,590,0
9016,279,977,1
9017,987,204,1
9018,816,48,0
9019,871,129,0
9020,495,125,1
9021,547,1095,1
9022,1003,976,1
9023,922,287,1
9024,287,548,1
9025,1091,653,1
9026,247,944,0
9027,913,1110,0
9028,628,555,1
9029,648,288,1
9030,872,1032,0
9031,1117,509,1
9032,150,52,0
9033,4,24,1
9034,407,7,1
9035,648,116,1
9036,869,1091,1
9037,238,458,1
9038,435,611,1
9039,14,580,0
9040,764,1064,1
9041,973,545,0
9042,1032,1041,1
9043,495,629,1
9044,795,1050,0
9045,589,7,1
9046,7,407,1
9047,4,1022,1
9048,205,695,0
9049,221,4,1
9050,980,575,1
9051,48,306,0
9052,787,12,0
9053,886,370,0
9054,681,921,0
9055,266,925,0
9056,609,554,0
9057,648,1030,1
9058,1081,334,0
9059,162,1118,0
9060,328,1011,0
9061,325,1113,1
9062,958,855,1
9063,1041,998,1
9064,555,223,0
9065,638,37,0
9066,528,1009,0
9067,460,480,1
9068,34,1072,1
9069,175,428,1
9070,555,651,0
9071,1065,835,0
9072,694,589,0
9073,746,238,1
9074,172,207,0
9075,439,697,0
9076,443,989,1
9077,428,777,0
9078,286,948,1
9079,286,280,1
9080,446,812,1
9081,723,801,0
9082,966,361,1
9083,563,104,0
9084,648,816,1
9085,245,911,0
9086,40,1083,0
9087,141,996,1
9088,95,490,1
9089,350,870,0
9090,812,394,0
9091,435,1022,1
9092,201,812,1
9093,987,1022,1
9094,1030,177,0
9095,212,655,1
9096,864,975,0
9097,719,823,0
9098,634,407,1
9099,103,280,1
9100,287,865,1
9101,21,843,1
9102,319,862,0
9103,879,1110,0
9104,884,887,1
9105,269,966,1
9106,1033,812,1
9107,772,547,1
9108,439,190,0
9109,279,898,1
9110,753,484,0
9111,95,287,1
9112,362,495,1
9113,329,68,0
9114,312,1062,0
9115,727,591,0
9116,1053,929,0
9117,501,446,1
9118,1042,744,1
9119,827,438,0
9120,932,858,0
9121,14,656,0
9122,204,648,1
9123,165,972,0
9124,745,256,0
9125,107,93,0
9126,324,356,0
9127,864,86,0
9128,292,775,1
9129,865,95,1
9130,754,887,1
9131,204,996,0
9132,987,125,1
9133,439,1103,0
9134,620,577,0
9135,79,454,0
9136,628,1077,0
9137,269,999,1
9138,1061,745,0
9139,509,579,0
9140,136,652,0
9141,916,107,0
9142,812,119,0
9143,676,685,1
9144,4,989,1
9145,448,93,0
9146,898,990,1
9147,1032,645,1
9148,358,583,0
9149,1106,1079,1
9150,24,97,1
9151,528,255,0
9152,411,167,1
9153,753,964,0
9154,961,837,1
9155,481,812,1
9156,723,157,1
9157,536,760,1
9158,103,443,0
9159,527,455,1
9160,367,317,0
9161,34,435,1
9162,772,7,1
9163,987,426,1
9164,855,91,1
9165,826,824,0
9166,270,479,1
9167,236,615,0
9168,977,445,0
9169,1064,645,1
9170,387,1029,0
9171,884,148,0
9172,114,381,0
9173,857,989,0
9174,105,318,0
9175,746,271,0
9176,1097,874,1
9177,898,736,1
9178,385,653,1
9179,292,843,1
9180,377,291,0
9181,558,1082,0
9182,409,196,1
9183,409,645,1
9184,459,776,0
9185,486,490,0
9186,245,660,1
9187,723,260,1
9188,945,29,0
9189,314,846,1
9190,532,328,0
9191,245,555,1
9192,746,1102,1
9193,247,898,1
9194,428,648,1
9195,407,961,1
9196,171,261,0
9197,453,371,0
9198,913,1018,0
9199,325,718,0
9200,1033,825,1
9201,329,74,1
9202,119,456,1
9203,174,21,1
9204,393,535,0
9205,754,582,1
9206,328,1084,0
9207,362,204,1
9208,728,648,1
9209,509,896,0
9210,865,898,1
9211,34,555,1
9212,55,983,1
9213,912,588,1
9214,1094,613,1
9215,1117,733,1
9216,525,671,0
9217,928,661,0
9218,611,700,0
9219,543,21,1
9220,327,428,1
9221,787,855,1
9222,715,415,0
9223,595,799,0
9224,21,906,1
9225,198,192,1
9226,1004,693,0
9227,55,364,1
9228,522,301,0
9229,862,153,0
9230,40,2,1
9231,842,1109,0
9232,585,1086,0
9233,940,320,1
9234,835,318,0
9235,1026,1028,0
9236,914,960,1
9237,86,694,0
9238,292,1072,1
9239,382,549,0
9240,170,1083,1
9241,269,736,1
9242,455,875,0
9243,967,1009,0
9244,286,552,0
9245,1065,633,1
9246,326,149,0
9247,1034,869,0
9248,951,851,0
9249,495,922,1
9250,34,326,0
9251,1094,155,0
9252,423,551,1
9253,99,465,1
9254,867,312,1
9255,428,512,0
9256,765,817,1
9257,21,393,1
9258,508,427,0
9259,54,117,0
9260,867,2,1
9261,308,749,1
9262,778,72,0
9263,123,357,0
9264,416,2,1
9265,1113,172,1
9266,648,445,1
9267,103,258,1
9268,305,867,1
9269,1022,292,1
9270,724,269,0
9271,989,1022,1
9272,152,1001,0
9273,928,835,1
9274,1119,917,1
9275,533,867,1
9276,77,624,1
9277,287,98,0
9278,371,755,0
9279,874,844,1
9280,428,327,1
9281,428,227,0
9282,620,998,0
9283,646,285,0
9284,81,999,1
9285,329,655,1
9286,648,273,1
9287,953,401,1
9288,889,764,1
9289,846,778,0
9290,1060,20,0
9291,24,189,1
9292,681,942,0
9293,204,1059,0
9294,609,510,1
9295,786,1005,1
9296,59,64,0
9297,269,4,1
9298,77,503,0
9299,989,221,1
9300,146,1010,0
9301,290,957,0
9302,147,599,0
9303,867,912,1
9304,1065,164,0
9305,846,303,0
9306,312,392,0
9307,107,746,0
9308,615,705,0
9309,85,1117,1
9310,812,1023,1
9311,996,1049,0
9312,880,451,0
9313,495,181,1
9314,401,374,1
9315,1119,225,1
9316,691,812,1
9317,967,1013,0
9318,514,244,0
9319,745,597,0
9320,333,1003,0
9321,640,536,1
9322,947,417,1
9323,756,960,0
9324,868,1119,0
9325,453,1042,0
9326,111,333,1
9327,258,224,0
9328,173,683,0
9329,733,532,1
9330,292,495,1
9331,286,976,1
9332,24,898,1
9333,235,297,0
9334,555,929,1
9335,1111,17,0
9336,456,1003,1
9337,602,159,0
9338,411,1004,1
9339,827,1000,0
9340,779,928,1
9341,611,1022,1
9342,642,1083,0
9343,522,417,1
9344,781,1021,0
9345,127,822,0
9346,922,59,0
9347,727,892,0
9348,980,495,1
9349,1042,772,1
9350,223,475,1
9351,826,550,0
9352,483,589,1
9353,250,844,0
9354,344,27,0
9355,455,706,1
9356,273,515,0
9357,214,581,0
9358,65,75,0
9359,97,944,1
9360,908,142,0
9361,168,493,0
9362,611,34,1
9363,83,649,1
9364,922,664,1
9365,415,935,0
9366,416,743,1
9367,334,464,0
9368,655,329,1
9369,103,185,1
9370,352,648,1
9371,556,312,0
9372,79,737,1
9373,343,588,1
9374,851,901,1
9375,1080,922,0
9376,1103,148,1
9377,199,932,0
9378,759,907,0
9379,648,619,0
