,TF,Target
0,2,623
1,2,680
2,2,1174
3,2,496
4,2,67
5,2,808
6,2,1119
7,2,555
8,2,495
9,2,719
10,2,1111
11,2,167
12,2,539
13,2,861
14,2,481
15,2,1199
16,2,616
17,2,700
18,2,751
19,2,769
20,2,50
21,2,1196
22,2,502
23,2,876
24,2,1091
25,2,127
26,2,305
27,2,1088
28,2,15
29,2,629
30,2,964
31,2,408
32,2,194
33,2,133
34,2,62
35,2,1012
36,2,832
37,2,473
38,2,767
39,2,1010
40,2,609
41,2,250
42,2,857
43,2,647
44,2,308
45,2,684
46,2,907
47,2,949
48,2,466
49,2,17
50,2,484
51,2,784
52,2,240
53,2,1035
54,2,105
55,2,503
56,2,840
57,2,562
58,2,306
59,2,927
60,2,1051
61,2,313
62,2,511
63,2,981
64,2,462
65,2,809
66,2,521
67,2,795
68,2,339
69,2,676
70,2,269
71,2,681
72,2,635
73,2,321
74,2,1103
75,2,1003
76,2,712
77,2,257
78,2,909
79,2,74
80,2,682
81,2,523
82,2,201
83,2,284
84,2,656
85,2,441
86,2,188
87,2,587
88,2,300
89,2,253
90,2,92
91,2,1096
92,2,1181
93,2,479
94,2,1098
95,2,53
96,2,170
97,2,88
98,2,551
99,2,1024
100,2,848
101,2,828
102,2,1156
103,2,486
104,2,801
105,2,446
106,2,330
107,2,295
108,2,159
109,2,438
110,2,444
111,2,157
112,2,283
113,2,762
114,2,787
115,2,1162
116,2,471
117,2,384
118,2,976
119,2,1159
120,2,177
121,2,883
122,2,1101
123,2,244
124,2,222
125,2,245
126,2,191
127,2,783
128,2,367
129,2,412
130,2,1105
131,2,501
132,2,791
133,2,37
134,2,1021
135,2,717
136,2,507
137,2,533
138,2,1163
139,2,73
140,2,707
141,2,697
142,2,124
143,2,14
144,2,372
145,2,893
146,2,1032
147,2,508
148,2,199
149,2,1201
150,2,285
151,2,477
152,2,1092
153,2,945
154,2,817
155,2,819
156,2,225
157,2,480
158,2,1173
159,2,939
160,2,116
161,2,354
162,2,860
163,2,193
164,2,866
165,2,633
166,2,299
167,2,796
168,2,220
169,2,1104
170,2,463
171,2,1070
172,2,877
173,2,535
174,2,591
175,2,326
176,2,754
177,2,96
178,2,936
179,2,558
180,2,369
181,2,875
182,2,276
183,2,829
184,2,460
185,2,1172
186,2,814
187,2,670
188,2,322
189,2,1130
190,2,918
191,2,338
192,2,1177
193,2,1136
194,2,714
195,2,248
196,2,980
197,2,36
198,2,99
199,2,884
200,2,307
201,2,675
202,2,7
203,2,1170
204,2,429
205,2,874
206,2,275
207,2,870
208,2,26
209,2,6
210,2,825
211,2,667
212,2,846
213,2,529
214,2,781
215,2,5
216,2,1093
217,2,1037
218,2,1016
219,2,292
220,2,855
221,2,34
222,2,937
223,2,988
224,2,1066
225,2,713
226,2,990
227,2,336
228,2,406
229,2,119
230,2,1036
231,2,59
232,2,957
233,2,409
234,2,943
235,2,451
236,2,410
237,2,432
238,2,891
239,2,1001
240,2,864
241,2,514
242,2,934
243,2,935
244,2,1160
245,2,1046
246,2,52
247,2,664
248,2,1146
249,2,983
250,2,810
251,2,491
252,2,287
253,2,1132
254,2,60
255,2,143
256,2,140
257,2,352
258,2,277
259,2,142
260,2,764
261,2,165
262,2,166
263,2,710
264,2,415
265,2,187
266,2,258
267,2,1121
268,2,1110
269,2,1147
270,2,102
271,2,30
272,2,401
273,2,1165
274,2,599
275,2,232
276,2,1169
277,2,459
278,2,775
279,2,868
280,2,565
281,2,1109
282,2,212
283,2,247
284,2,908
285,2,804
286,2,164
287,2,748
288,2,992
289,2,333
290,2,933
291,2,941
292,2,741
293,2,888
294,2,849
295,2,950
296,2,97
297,2,318
298,2,958
299,2,474
300,2,732
301,2,22
302,2,890
303,2,739
304,2,1145
305,2,631
306,2,1108
307,2,984
308,2,345
309,2,1167
310,2,997
311,2,743
312,2,765
313,2,953
314,2,46
315,2,90
316,2,1176
317,2,601
318,2,210
319,2,853
320,2,612
321,2,845
322,2,400
323,2,970
324,2,115
325,2,962
326,2,963
327,2,388
328,2,1069
329,2,1047
330,2,54
331,2,440
332,2,813
333,2,663
334,2,916
335,2,1187
336,2,1112
337,2,169
338,2,217
339,2,1038
340,2,1134
341,2,263
342,2,334
343,2,109
344,2,360
345,2,556
346,2,805
347,2,756
348,2,718
349,2,513
350,2,604
351,2,223
352,2,738
353,2,1045
354,2,1113
355,2,1139
356,2,301
357,2,1053
358,2,735
359,2,282
360,2,152
361,2,316
362,2,622
363,2,487
364,2,644
365,2,1054
366,2,1052
367,2,260
368,2,132
369,2,798
370,2,794
371,2,878
372,2,760
373,2,1064
374,2,44
375,2,461
376,2,1189
377,2,1100
378,2,800
379,2,173
380,2,1188
381,2,545
382,2,947
383,2,598
384,2,930
385,2,960
386,2,583
387,2,76
388,2,112
389,2,702
390,2,81
391,2,69
392,2,1067
393,2,370
394,2,1004
395,2,914
396,2,724
397,2,924
398,2,852
399,2,1089
400,2,198
401,2,121
402,2,520
403,2,811
404,2,123
405,2,427
406,2,1044
407,2,314
408,2,766
409,2,174
410,2,397
411,2,125
412,2,239
413,2,207
414,2,426
415,2,85
416,2,183
417,2,290
418,2,467
419,2,755
420,2,1138
421,2,185
422,2,209
423,2,596
424,2,312
425,2,228
426,2,643
427,2,28
428,2,831
429,2,359
430,2,856
431,2,925
432,2,172
433,2,843
434,2,686
435,2,669
436,2,929
437,2,242
438,2,968
439,2,1180
440,2,839
441,2,773
442,2,413
443,2,898
444,2,706
445,2,1178
446,2,261
447,2,580
448,2,650
449,2,379
450,2,375
451,2,500
452,2,1102
453,2,347
454,2,19
455,2,645
456,2,246
457,2,1193
458,2,335
459,2,431
460,2,178
461,2,101
462,2,158
463,2,658
464,2,542
465,2,572
466,2,541
467,2,834
468,2,184
469,2,91
470,2,179
471,2,895
472,2,772
473,2,792
474,2,390
475,2,1190
476,2,337
477,2,87
478,2,991
479,2,559
480,2,380
481,2,492
482,2,621
483,2,241
484,2,1072
485,2,582
486,2,639
487,2,153
488,2,777
489,2,16
490,2,25
491,2,788
492,2,79
493,2,1087
494,2,475
495,2,365
496,2,862
497,2,265
498,2,847
499,2,120
500,2,168
501,2,146
502,2,154
503,2,516
504,2,100
505,2,1149
506,2,56
507,2,196
508,2,464
509,2,740
510,2,368
511,2,624
512,2,448
513,2,534
514,2,254
515,2,610
516,2,238
517,2,252
518,2,519
519,2,998
520,2,353
521,2,197
522,2,657
523,2,722
524,2,824
525,2,49
526,2,9
527,2,268
528,2,63
529,2,1063
530,2,1000
531,2,71
532,2,715
533,2,1041
534,2,1085
535,2,65
536,2,510
537,2,488
538,2,344
539,2,859
540,2,932
541,2,161
542,2,858
543,2,948
544,2,150
545,2,889
546,2,311
547,2,531
548,2,1025
549,2,1166
550,2,1095
551,2,319
552,2,678
553,2,1158
554,2,144
555,2,1073
556,2,297
557,2,841
558,2,1015
559,2,416
560,2,1019
561,2,1140
562,2,716
563,2,761
564,2,0
565,2,628
566,2,8
567,2,942
568,2,137
569,2,227
570,2,51
571,2,108
572,2,454
573,2,882
574,2,546
575,2,31
576,2,362
577,2,586
578,2,1040
579,2,1125
580,2,666
581,2,835
582,2,469
583,2,1061
584,2,961
585,2,386
586,2,901
587,2,328
588,2,442
589,2,557
590,2,744
591,2,590
592,2,720
593,2,315
594,2,83
595,2,554
596,2,867
597,2,349
598,2,331
599,2,29
600,2,404
601,2,1008
602,2,1071
603,2,1117
604,2,708
605,2,1097
606,2,447
607,2,482
608,2,685
609,2,433
610,2,233
611,2,673
612,2,579
613,2,620
614,2,758
615,2,504
616,2,77
617,2,294
618,2,938
619,2,779
620,2,1200
621,2,1107
622,2,1048
623,9,143
624,9,1189
625,9,1185
626,9,898
627,9,1128
628,9,1197
629,9,1155
630,9,1024
631,9,329
632,9,1200
633,9,118
634,9,280
635,9,699
636,9,973
637,9,109
638,9,102
639,9,692
640,9,57
641,9,646
642,9,928
643,9,650
644,9,1038
645,9,1072
646,9,844
647,9,228
648,9,105
649,9,428
650,9,563
651,9,576
652,9,959
653,9,759
654,9,969
655,9,275
656,9,420
657,9,776
658,9,289
659,9,421
660,9,552
661,9,854
662,9,1026
663,9,1156
664,9,989
665,9,935
666,9,460
667,9,743
668,9,187
669,9,896
670,9,958
671,9,1018
672,9,267
673,9,1085
674,9,170
675,9,637
676,9,344
677,9,1047
678,9,1044
679,9,848
680,9,97
681,9,819
682,9,181
683,9,631
684,9,979
685,9,524
686,9,1162
687,9,881
688,9,810
689,9,838
690,9,894
691,9,95
692,9,73
693,9,1159
694,9,1054
695,9,1150
696,9,663
697,9,1203
698,9,195
699,9,809
700,9,868
701,9,530
702,9,910
703,9,513
704,9,144
705,9,248
706,9,298
707,9,461
708,9,225
709,9,685
710,9,330
711,9,231
712,9,1087
713,9,1049
714,9,338
715,9,724
716,9,977
717,9,1113
718,9,183
719,9,779
720,9,274
721,9,622
722,9,444
723,9,33
724,9,396
725,9,941
726,9,664
727,9,119
728,9,91
729,9,1073
730,9,1012
731,9,490
732,9,906
733,9,484
734,9,899
735,9,876
736,9,859
737,9,85
738,9,1030
739,9,1053
740,9,942
741,9,712
742,9,466
743,9,13
744,9,1145
745,9,1029
746,9,416
747,9,661
748,9,855
749,9,708
750,9,737
751,9,620
752,9,683
753,9,907
754,9,165
755,9,1160
756,9,19
757,9,682
758,9,443
759,9,940
760,9,465
761,9,352
762,9,1187
763,9,25
764,9,451
765,9,986
766,9,488
767,9,372
768,9,469
769,9,1141
770,9,1016
771,9,58
772,9,269
773,9,1040
774,9,140
775,9,1
776,9,695
777,9,590
778,9,860
779,9,483
780,9,939
781,9,111
782,9,823
783,9,841
784,9,390
785,9,644
786,9,52
787,9,393
788,9,950
789,9,937
790,9,786
791,9,729
792,9,1015
793,9,639
794,9,437
795,9,908
796,9,1134
797,9,310
798,9,359
799,9,777
800,9,934
801,9,541
802,9,1104
803,9,645
804,9,408
805,9,468
806,9,1191
807,9,611
808,9,560
809,9,963
810,9,912
811,9,103
812,9,536
813,9,435
814,9,556
815,9,309
816,9,254
817,9,829
818,9,242
819,9,295
820,9,1168
821,9,23
822,9,94
823,9,472
824,9,833
825,9,50
826,9,621
827,9,733
828,9,686
829,9,246
830,9,1006
831,9,481
832,9,113
833,9,546
834,9,343
835,9,296
836,9,368
837,9,93
838,9,599
839,9,401
840,9,836
841,9,1102
842,9,407
843,9,361
844,9,77
845,9,643
846,9,981
847,9,201
848,9,121
849,9,1123
850,9,1082
851,9,255
852,9,209
853,9,491
854,9,336
855,9,575
856,9,641
857,9,655
858,9,134
859,9,31
860,9,76
861,9,897
862,9,918
863,9,137
864,9,1075
865,9,852
866,9,82
867,9,297
868,9,869
869,9,1080
870,9,158
871,9,508
872,9,107
873,9,100
874,9,122
875,9,427
876,9,687
877,9,1132
878,9,596
879,9,660
880,9,951
881,9,92
882,9,574
883,9,997
884,9,467
885,9,605
886,9,1171
887,9,1081
888,9,904
889,9,222
890,9,510
891,9,547
892,9,448
893,9,1126
894,9,731
895,9,1139
896,9,264
897,9,807
898,9,172
899,9,193
900,9,561
901,9,1194
902,9,487
903,9,825
904,9,168
905,9,191
906,9,542
907,9,704
908,9,1164
909,9,625
910,9,915
911,9,980
912,9,995
913,9,285
914,9,1001
915,9,492
916,9,283
917,9,609
918,9,635
919,9,1118
920,9,883
921,9,1050
922,9,120
923,9,61
924,9,789
925,9,931
926,9,723
927,9,447
928,9,1129
929,9,175
930,9,1119
931,9,889
932,9,44
933,9,74
934,9,1061
935,9,1133
936,9,272
937,9,970
938,9,1045
939,9,800
940,9,11
941,9,327
942,9,741
943,9,1086
944,9,1052
945,9,528
946,9,774
947,9,778
948,9,70
949,9,1034
950,9,751
951,9,718
952,9,619
953,9,194
954,9,504
955,9,1131
956,9,769
957,9,362
958,9,923
959,9,1008
960,9,155
961,9,700
962,9,314
963,9,42
964,9,821
965,9,463
966,9,186
967,9,595
968,9,257
969,9,212
970,9,353
971,9,888
972,9,870
973,9,830
974,9,384
975,9,403
976,9,893
977,9,36
978,9,758
979,9,1076
980,9,351
981,9,824
982,9,828
983,9,987
984,9,1143
985,9,632
986,9,1114
987,9,602
988,9,669
989,9,1182
990,9,948
991,9,1178
992,9,150
993,9,3
994,9,816
995,9,63
996,9,202
997,9,570
998,9,850
999,9,840
1000,9,1137
1001,9,265
1002,9,1165
1003,9,276
1004,9,347
1005,9,301
1006,9,81
1007,9,333
1008,9,1005
1009,9,553
1010,9,417
1011,9,149
1012,9,886
1013,9,926
1014,9,293
1015,9,818
1016,9,400
1017,9,636
1018,9,924
1019,9,873
1020,9,746
1021,9,2
1022,9,757
1023,9,30
1024,9,714
1025,9,548
1026,9,473
1027,9,130
1028,9,675
1029,9,157
1030,9,726
1031,9,920
1032,9,366
1033,9,474
1034,9,642
1035,9,921
1036,9,952
1037,9,813
1038,9,877
1039,9,227
1040,9,1148
1041,9,604
1042,9,1035
1043,9,299
1044,9,1176
1045,9,792
1046,9,900
1047,9,454
1048,9,192
1049,9,744
1050,9,532
1051,9,340
1052,9,583
1053,9,75
1054,9,281
1055,9,1051
1056,9,1121
1057,9,680
1058,9,509
1059,9,142
1060,9,785
1061,9,1063
1062,9,0
1063,9,884
1064,9,360
1065,9,598
1066,9,707
1067,9,268
1068,9,794
1069,9,710
1070,9,392
1071,9,564
1072,9,486
1073,9,115
1074,9,251
1075,9,775
1076,9,273
1077,9,317
1078,9,688
1079,9,716
1080,9,608
1081,9,381
1082,9,1011
1083,9,580
1084,9,1039
1085,9,706
1086,9,198
1087,9,1023
1088,9,180
1089,9,523
1090,9,501
1091,9,996
1092,9,71
1093,9,394
1094,9,232
1095,9,966
1096,9,628
1097,9,453
1098,9,348
1099,9,203
1100,9,518
1101,9,885
1102,9,887
1103,9,279
1104,9,581
1105,9,5
1106,9,54
1107,9,1103
1108,9,1048
1109,9,167
1110,9,554
1111,9,210
1112,9,305
1113,9,984
1114,9,326
1115,9,151
1116,9,767
1117,9,266
1118,9,648
1119,9,791
1120,9,1084
1121,9,240
1122,9,258
1123,9,703
1124,9,230
1125,9,1138
1126,9,148
1127,9,562
1128,9,291
1129,9,319
1130,9,911
1131,9,947
1132,9,1032
1133,9,659
1134,9,320
1135,9,233
1136,9,976
1137,9,376
1138,9,311
1139,9,802
1140,9,244
1141,9,1099
1142,9,445
1143,9,62
1144,9,124
1145,9,834
1146,9,968
1147,9,185
1148,9,1101
1149,9,684
1150,9,820
1151,9,302
1152,9,1064
1153,9,784
1154,9,849
1155,9,586
1156,9,533
1157,9,413
1158,9,1107
1159,9,127
1160,9,705
1161,9,822
1162,9,1017
1163,9,1010
1164,9,826
1165,9,345
1166,9,1120
1167,9,378
1168,9,629
1169,9,557
1170,9,750
1171,9,960
1172,9,512
1173,9,41
1174,9,294
1175,9,495
1176,9,780
1177,9,656
1178,9,1169
1179,9,56
1180,9,409
1181,9,866
1182,9,375
1183,9,1142
1184,9,1153
1185,9,252
1186,9,1157
1187,9,256
1188,9,773
1189,9,303
1190,9,673
1191,9,35
1192,9,287
1193,9,89
1194,9,615
1195,9,1013
1196,9,843
1197,9,389
1198,9,971
1199,9,321
1200,9,282
1201,9,1097
1202,9,755
1203,9,459
1204,9,1037
1205,9,476
1206,9,1078
1207,9,808
1208,9,651
1209,9,633
1210,9,1201
1211,9,772
1212,9,391
1213,9,342
1214,9,671
1215,9,160
1216,9,1036
1217,9,1167
1218,9,1091
1219,9,67
1220,9,880
1221,9,831
1222,9,412
1223,9,1170
1224,9,1188
1225,9,577
1226,9,612
1227,9,1070
1228,9,713
1229,9,98
1230,9,722
1231,9,243
1232,9,753
1233,9,482
1234,9,760
1235,9,766
1236,9,304
1237,9,578
1238,9,426
1239,9,1151
1240,9,623
1241,9,253
1242,9,112
1243,9,890
1244,9,909
1245,9,369
1246,9,944
1247,9,988
1248,9,388
1249,9,83
1250,9,184
1251,9,929
1252,9,1046
1253,9,397
1254,9,585
1255,9,334
1256,9,517
1257,9,177
1258,9,363
1259,9,173
1260,9,593
1261,9,247
1262,9,851
1263,9,872
1264,9,571
1265,9,1108
1266,9,1106
1267,9,156
1268,9,613
1269,9,1190
1270,9,764
1271,9,783
1272,9,153
1273,9,208
1274,9,914
1275,9,837
1276,9,962
1277,9,891
1278,9,1033
1279,9,68
1280,9,14
1281,9,715
1282,9,6
1283,9,905
1284,9,17
1285,9,806
1286,9,506
1287,9,520
1288,9,720
1289,9,1181
1290,9,239
1291,9,450
1292,9,696
1293,9,47
1294,9,983
1295,9,37
1296,9,229
1297,9,197
1298,9,1025
1299,9,1116
1300,9,551
1301,9,572
1302,9,734
1303,9,864
1304,9,489
1305,9,519
1306,9,1112
1307,9,385
1308,9,1122
1309,9,1105
1310,9,815
1311,9,87
1312,9,349
1313,9,1042
1314,9,79
1315,9,464
1316,9,20
1317,9,1173
1318,9,938
1319,9,903
1320,9,1088
1321,9,719
1322,9,245
1323,9,652
1324,9,367
1325,9,1009
1326,9,534
1327,9,502
1328,9,582
1329,9,135
1330,9,8
1331,9,739
1332,9,1007
1333,9,558
1334,9,431
1335,9,1067
1336,9,1066
1337,9,440
1338,9,434
1339,9,53
1340,9,377
1341,9,930
1342,9,249
1343,20,818
1344,20,222
1345,20,250
1346,20,980
1347,20,987
1348,20,777
1349,20,1196
1350,20,766
1351,20,916
1352,20,313
1353,20,524
1354,20,65
1355,20,405
1356,20,919
1357,64,433
1358,64,844
1359,64,385
1360,64,11
1361,64,370
1362,64,792
1363,64,137
1364,64,389
1365,64,99
1366,64,1109
1367,64,245
1368,64,1202
1369,64,809
1370,64,737
1371,64,841
1372,64,267
1373,64,20
1374,64,291
1375,64,1032
1376,64,625
1377,64,938
1378,64,926
1379,64,233
1380,64,41
1381,64,150
1382,64,1185
1383,64,1123
1384,64,335
1385,64,448
1386,64,296
1387,64,158
1388,64,1083
1389,64,811
1390,64,401
1391,64,1150
1392,64,602
1393,64,9
1394,64,71
1395,64,266
1396,64,273
1397,64,402
1398,64,762
1399,64,53
1400,64,280
1401,64,382
1402,64,636
1403,64,745
1404,64,1047
1405,64,1121
1406,64,297
1407,64,882
1408,64,292
1409,64,709
1410,64,887
1411,64,1184
1412,64,1009
1413,64,166
1414,64,916
1415,64,1024
1416,64,996
1417,64,766
1418,64,56
1419,64,1030
1420,64,960
1421,64,850
1422,64,227
1423,64,905
1424,64,815
1425,64,1012
1426,64,542
1427,64,853
1428,64,1142
1429,64,392
1430,64,697
1431,64,840
1432,64,367
1433,64,637
1434,64,37
1435,64,957
1436,64,1140
1437,64,856
1438,64,510
1439,64,81
1440,64,221
1441,64,592
1442,64,843
1443,64,941
1444,64,1041
1445,64,710
1446,64,268
1447,64,541
1448,64,987
1449,64,89
1450,64,679
1451,64,1070
1452,64,570
1453,64,1076
1454,64,579
1455,64,569
1456,64,981
1457,64,825
1458,64,229
1459,64,659
1460,64,669
1461,64,69
1462,64,591
1463,64,546
1464,64,1061
1465,64,276
1466,64,341
1467,64,559
1468,64,832
1469,64,431
1470,64,888
1471,64,1120
1472,64,207
1473,64,15
1474,64,260
1475,64,1128
1476,64,73
1477,64,161
1478,64,462
1479,64,1028
1480,64,263
1481,64,1037
1482,64,724
1483,64,539
1484,64,378
1485,64,27
1486,64,540
1487,64,937
1488,64,220
1489,64,343
1490,64,805
1491,64,1069
1492,64,1034
1493,64,1046
1494,64,842
1495,64,19
1496,64,565
1497,64,1078
1498,64,506
1499,64,209
1500,64,79
1501,64,198
1502,64,751
1503,64,365
1504,64,28
1505,64,1143
1506,64,725
1507,64,992
1508,64,104
1509,64,68
1510,64,256
1511,64,623
1512,64,650
1513,64,346
1514,64,417
1515,64,1158
1516,64,1063
1517,64,1132
1518,64,1058
1519,64,648
1520,64,1080
1521,64,156
1522,64,883
1523,64,178
1524,64,47
1525,64,290
1526,64,1054
1527,64,457
1528,64,534
1529,64,208
1530,64,589
1531,64,223
1532,64,440
1533,64,350
1534,64,152
1535,64,353
1536,64,607
1537,64,3
1538,64,784
1539,64,49
1540,64,817
1541,64,1195
1542,64,875
1543,64,782
1544,64,428
1545,64,189
1546,64,672
1547,64,898
1548,64,1016
1549,64,363
1550,64,35
1551,64,390
1552,64,682
1553,64,524
1554,64,1067
1555,64,118
1556,64,700
1557,64,1117
1558,64,691
1559,64,901
1560,64,31
1561,64,803
1562,64,340
1563,64,521
1564,64,65
1565,64,1110
1566,64,614
1567,64,594
1568,64,501
1569,64,869
1570,64,369
1571,64,820
1572,64,1160
1573,64,454
1574,64,199
1575,64,1108
1576,64,94
1577,64,474
1578,64,214
1579,64,312
1580,64,295
1581,64,299
1582,64,1014
1583,64,92
1584,64,665
1585,64,1127
1586,64,698
1587,64,858
1588,64,717
1589,64,1051
1590,64,685
1591,64,922
1592,64,801
1593,64,174
1594,64,502
1595,64,799
1596,64,238
1597,64,563
1598,64,998
1599,64,1040
1600,64,596
1601,64,191
1602,64,130
1603,64,1003
1604,64,599
1605,64,826
1606,64,421
1607,64,785
1608,64,253
1609,64,984
1610,64,1199
1611,64,1130
1612,64,259
1613,64,475
1614,64,391
1615,64,193
1616,64,949
1617,64,668
1618,64,482
1619,64,155
1620,64,301
1621,64,409
1622,64,894
1623,64,1196
1624,64,1159
1625,64,168
1626,64,735
1627,64,38
1628,64,348
1629,64,143
1630,64,102
1631,64,347
1632,64,812
1633,64,707
1634,64,603
1635,64,573
1636,64,95
1637,64,202
1638,64,100
1639,64,338
1640,64,128
1641,64,583
1642,64,694
1643,64,835
1644,64,204
1645,64,58
1646,64,658
1647,64,714
1648,64,558
1649,64,522
1650,64,1089
1651,64,84
1652,64,854
1653,64,70
1654,64,22
1655,64,1153
1656,64,1198
1657,64,1180
1658,64,1181
1659,64,1073
1660,64,316
1661,64,1176
1662,64,824
1663,64,973
1664,64,311
1665,64,354
1666,64,125
1667,64,692
1668,64,497
1669,64,432
1670,64,965
1671,64,909
1672,64,781
1673,64,666
1674,64,529
1675,64,961
1676,64,2
1677,64,1023
1678,64,323
1679,64,551
1680,64,788
1681,64,244
1682,64,718
1683,64,43
1684,64,368
1685,64,13
1686,64,588
1687,64,467
1688,64,731
1689,64,438
1690,64,407
1691,64,113
1692,64,21
1693,64,1133
1694,64,574
1695,64,556
1696,64,1164
1697,64,1100
1698,64,1156
1699,64,814
1700,64,860
1701,64,117
1702,64,833
1703,64,275
1704,64,443
1705,64,527
1706,64,46
1707,64,496
1708,64,51
1709,64,765
1710,64,434
1711,64,29
1712,64,1091
1713,64,139
1714,64,397
1715,64,400
1716,64,54
1717,64,304
1718,64,552
1719,64,933
1720,64,471
1721,64,1005
1722,64,321
1723,64,548
1724,64,954
1725,64,601
1726,64,1191
1727,64,107
1728,64,720
1729,64,324
1730,64,760
1731,64,379
1732,64,307
1733,64,643
1734,64,121
1735,64,1112
1736,64,486
1737,64,310
1738,64,983
1739,64,647
1740,64,1081
1741,64,670
1742,64,535
1743,64,320
1744,64,284
1745,64,519
1746,64,989
1747,64,696
1748,64,34
1749,64,164
1750,64,7
1751,64,918
1752,64,1074
1753,64,917
1754,64,75
1755,64,308
1756,64,1060
1757,64,780
1758,64,1098
1759,64,1166
1760,64,1077
1761,64,78
1762,64,997
1763,64,852
1764,64,1171
1765,64,144
1766,64,25
1767,64,1088
1768,64,1141
1769,64,1105
1770,64,795
1771,64,120
1772,64,530
1773,64,257
1774,64,12
1775,64,1019
1776,64,807
1777,64,1149
1778,64,1050
1779,64,140
1780,64,136
1781,64,899
1782,64,327
1783,64,270
1784,64,620
1785,64,298
1786,64,1001
1787,64,935
1788,64,182
1789,64,224
1790,64,562
1791,64,123
1792,64,1103
1793,64,322
1794,64,109
1795,64,914
1796,64,1085
1797,64,1006
1798,64,1059
1799,64,318
1800,64,286
1801,64,976
1802,64,1155
1803,64,560
1804,64,571
1805,64,74
1806,64,425
1807,64,722
1808,64,747
1809,64,1101
1810,64,687
1811,64,485
1812,64,504
1813,64,228
1814,64,837
1815,64,509
1816,64,756
1817,64,876
1818,64,656
1819,64,907
1820,64,1194
1821,64,988
1822,64,1197
1823,64,776
1824,64,388
1825,64,675
1826,64,39
1827,64,226
1828,64,934
1829,64,473
1830,64,172
1831,64,590
1832,64,528
1833,64,1017
1834,64,1043
1835,64,477
1836,64,549
1837,64,106
1838,64,787
1839,64,702
1840,64,713
1841,64,200
1842,64,146
1843,64,481
1844,64,201
1845,64,786
1846,64,196
1847,64,314
1848,64,889
1849,64,410
1850,64,1113
1851,64,1170
1852,64,871
1853,64,274
1854,64,373
1855,64,116
1856,64,315
1857,64,0
1858,64,738
1859,64,554
1860,64,791
1861,64,726
1862,64,797
1863,64,880
1864,64,205
1865,64,461
1866,64,759
1867,64,689
1868,64,265
1869,64,653
1870,64,375
1871,64,351
1872,64,531
1873,64,688
1874,64,715
1875,64,234
1876,64,757
1877,64,446
1878,64,752
1879,64,329
1880,64,187
1881,64,767
1882,64,177
1883,64,243
1884,64,655
1885,64,98
1886,64,23
1887,64,794
1888,64,900
1889,64,349
1890,64,219
1891,64,491
1892,64,61
1893,64,532
1894,64,264
1895,64,222
1896,64,932
1897,64,836
1898,64,634
1899,64,167
1900,64,149
1901,64,293
1902,64,319
1903,64,1190
1904,64,377
1905,64,896
1906,64,1008
1907,64,971
1908,64,1173
1909,64,1152
1910,64,355
1911,64,435
1912,64,157
1913,64,514
1914,64,444
1915,64,991
1916,64,133
1917,64,465
1918,64,1018
1919,64,188
1920,64,1053
1921,64,279
1922,64,545
1923,64,93
1924,64,423
1925,64,642
1926,64,940
1927,64,660
1928,64,460
1929,64,480
1930,64,895
1931,64,646
1932,64,1015
1933,64,927
1934,64,1102
1935,64,796
1936,64,704
1937,64,192
1938,64,676
1939,64,855
1940,64,743
1941,64,450
1942,64,849
1943,64,1136
1944,64,1200
1945,64,693
1946,64,336
1947,64,613
1948,64,968
1949,64,557
1950,64,278
1951,64,884
1952,64,951
1953,64,827
1954,64,493
1955,64,758
1956,64,608
1957,64,631
1958,64,339
1959,64,930
1960,64,240
1961,64,211
1962,64,507
1963,64,553
1964,64,773
1965,64,6
1966,64,544
1967,64,550
1968,64,622
1969,64,142
1970,64,908
1971,64,870
1972,64,1013
1973,64,945
1974,64,134
1975,64,105
1976,64,1048
1977,64,730
1978,64,14
1979,64,306
1980,64,30
1981,64,800
1982,64,180
1983,64,1177
1984,64,580
1985,64,484
1986,64,342
1987,64,910
1988,64,733
1989,64,112
1990,64,1093
1991,64,750
1992,64,948
1993,64,663
1994,64,426
1995,64,861
1996,64,360
1997,64,526
1998,64,305
1999,64,1193
2000,64,598
2001,64,165
2002,64,135
2003,64,52
2004,64,919
2005,64,90
2006,64,1188
2007,64,822
2008,64,764
2009,64,488
2010,64,398
2011,64,294
2012,64,154
2013,64,1174
2014,64,303
2015,64,686
2016,64,492
2017,64,1183
2018,64,990
2019,64,416
2020,64,921
2021,64,819
2022,64,746
2023,64,652
2024,64,1000
2025,64,633
2026,64,498
2027,64,520
2028,64,615
2029,64,830
2030,64,447
2031,64,857
2032,64,1148
2033,64,230
2034,64,1182
2035,64,1129
2036,64,874
2037,100,460
2038,100,1098
2039,100,555
2040,100,745
2041,100,79
2042,100,521
2043,100,185
2044,100,547
2045,100,408
2046,100,1038
2047,100,846
2048,100,750
2049,100,1040
2050,100,914
2051,100,848
2052,100,665
2053,100,709
2054,100,173
2055,100,156
2056,100,1100
2057,100,1177
2058,100,184
2059,100,190
2060,100,545
2061,100,218
2062,100,680
2063,100,1138
2064,100,1165
2065,100,747
2066,100,615
2067,100,1170
2068,100,636
2069,100,68
2070,100,552
2071,100,735
2072,100,1067
2073,100,1101
2074,100,1048
2075,100,473
2076,100,1009
2077,100,854
2078,100,719
2079,100,103
2080,100,359
2081,100,523
2082,100,1147
2083,100,33
2084,100,120
2085,100,732
2086,100,1095
2087,100,1164
2088,100,720
2089,100,1185
2090,100,986
2091,100,626
2092,100,1012
2093,100,682
2094,100,1113
2095,100,118
2096,100,353
2097,100,858
2098,100,691
2099,100,362
2100,100,1174
2101,100,178
2102,100,232
2103,100,736
2104,100,1142
2105,100,906
2106,100,34
2107,100,708
2108,100,74
2109,100,517
2110,100,1173
2111,100,520
2112,100,143
2113,100,308
2114,100,502
2115,100,416
2116,100,1025
2117,100,132
2118,100,785
2119,100,607
2120,100,317
2121,100,663
2122,100,1183
2123,100,421
2124,100,309
2125,100,378
2126,100,764
2127,100,1178
2128,100,950
2129,100,685
2130,100,1058
2131,100,338
2132,100,546
2133,100,240
2134,100,820
2135,100,224
2136,100,328
2137,100,60
2138,100,925
2139,100,1196
2140,100,939
2141,100,407
2142,100,248
2143,100,550
2144,100,859
2145,100,419
2146,100,0
2147,100,1034
2148,100,222
2149,100,1097
2150,100,1092
2151,100,515
2152,100,107
2153,100,1158
2154,100,354
2155,100,908
2156,100,790
2157,100,144
2158,100,273
2159,100,870
2160,100,28
2161,100,1105
2162,100,856
2163,100,633
2164,100,201
2165,100,535
2166,100,373
2167,100,767
2168,100,1016
2169,100,875
2170,100,795
2171,100,1093
2172,100,836
2173,100,264
2174,100,789
2175,100,320
2176,100,621
2177,100,975
2178,100,900
2179,100,936
2180,100,753
2181,100,211
2182,100,78
2183,100,1091
2184,100,452
2185,100,435
2186,100,912
2187,100,422
2188,100,96
2189,100,278
2190,100,431
2191,100,420
2192,100,314
2193,100,943
2194,100,1063
2195,100,657
2196,100,851
2197,100,783
2198,100,1079
2199,100,335
2200,100,349
2201,100,417
2202,100,951
2203,100,976
2204,100,687
2205,100,631
2206,100,861
2207,100,1036
2208,100,934
2209,100,361
2210,100,640
2211,100,20
2212,100,920
2213,100,688
2214,100,787
2215,100,425
2216,100,2
2217,100,759
2218,100,645
2219,100,225
2220,100,915
2221,100,624
2222,100,164
2223,100,322
2224,100,1126
2225,100,271
2226,100,45
2227,100,162
2228,100,398
2229,100,387
2230,100,1181
2231,100,192
2232,100,430
2233,100,534
2234,100,1062
2235,100,874
2236,100,1182
2237,100,987
2238,100,1066
2239,100,532
2240,100,256
2241,100,841
2242,100,592
2243,100,276
2244,100,844
2245,100,958
2246,100,891
2247,100,302
2248,100,839
2249,100,140
2250,100,756
2251,100,221
2252,100,141
2253,100,883
2254,100,321
2255,100,738
2256,100,689
2257,100,158
2258,100,492
2259,100,366
2260,100,318
2261,100,937
2262,100,99
2263,100,1029
2264,100,830
2265,100,616
2266,100,1166
2267,100,1054
2268,100,1160
2269,100,195
2270,100,1018
2271,100,111
2272,100,504
2273,100,898
2274,100,904
2275,100,5
2276,100,852
2277,100,506
2278,100,1039
2279,100,866
2280,100,479
2281,100,279
2282,100,1199
2283,100,613
2284,100,819
2285,100,659
2286,100,540
2287,100,805
2288,100,1088
2289,100,539
2290,100,313
2291,100,744
2292,100,942
2293,100,1145
2294,100,576
2295,100,651
2296,100,868
2297,100,737
2298,100,664
2299,100,450
2300,100,26
2301,100,337
2302,100,918
2303,100,432
2304,100,406
2305,100,396
2306,100,1047
2307,100,457
2308,100,650
2309,100,59
2310,100,822
2311,100,312
2312,100,1010
2313,100,996
2314,100,4
2315,100,137
2316,100,818
2317,100,873
2318,100,1180
2319,100,280
2320,100,1107
2321,100,673
2322,100,257
2323,100,142
2324,100,1121
2325,100,1044
2326,100,1082
2327,100,766
2328,100,226
2329,100,752
2330,100,1201
2331,100,217
2332,100,247
2333,100,698
2334,100,1030
2335,100,981
2336,100,23
2337,100,229
2338,100,1033
2339,100,872
2340,100,751
2341,100,289
2342,100,360
2343,100,718
2344,100,383
2345,100,1005
2346,100,824
2347,100,343
2348,100,1153
2349,100,12
2350,100,763
2351,100,1112
2352,100,385
2353,100,390
2354,100,127
2355,100,347
2356,100,146
2357,100,779
2358,100,116
2359,100,619
2360,100,468
2361,100,81
2362,100,544
2363,100,692
2364,100,962
2365,100,877
2366,100,892
2367,100,490
2368,100,1129
2369,100,564
2370,100,799
2371,100,283
2372,100,677
2373,100,746
2374,100,352
2375,100,1203
2376,100,1152
2377,100,345
2378,100,266
2379,100,412
2380,100,777
2381,100,1110
2382,100,35
2383,100,17
2384,100,833
2385,100,38
2386,100,285
2387,100,778
2388,100,131
2389,100,53
2390,100,561
2391,100,130
2392,100,1001
2393,100,595
2394,100,443
2395,100,165
2396,100,265
2397,100,491
2398,100,1111
2399,100,508
2400,100,85
2401,100,769
2402,100,1123
2403,100,1035
2404,100,971
2405,100,678
2406,100,297
2407,100,286
2408,100,108
2409,100,801
2410,100,1069
2411,100,1200
2412,100,326
2413,100,696
2414,100,10
2415,100,1023
2416,100,1052
2417,100,438
2418,100,464
2419,100,625
2420,100,941
2421,100,963
2422,100,514
2423,100,446
2424,100,76
2425,100,310
2426,100,488
2427,100,77
2428,100,1202
2429,100,931
2430,100,666
2431,100,1041
2432,100,916
2433,100,905
2434,100,114
2435,100,472
2436,100,603
2437,100,52
2438,100,368
2439,100,6
2440,100,1189
2441,100,480
2442,100,216
2443,100,598
2444,100,439
2445,100,135
2446,100,274
2447,100,622
2448,100,503
2449,100,1125
2450,100,1021
2451,100,528
2452,100,128
2453,100,350
2454,100,549
2455,100,1159
2456,100,723
2457,100,462
2458,100,477
2459,100,1132
2460,100,599
2461,100,832
2462,100,50
2463,100,1074
2464,100,903
2465,100,168
2466,100,481
2467,100,701
2468,100,924
2469,100,878
2470,100,1198
2471,100,263
2472,100,809
2473,100,668
2474,100,712
2475,100,583
2476,100,560
2477,100,495
2478,100,1144
2479,100,15
2480,100,175
2481,100,1151
2482,100,935
2483,100,589
2484,100,538
2485,100,268
2486,100,857
2487,100,897
2488,100,591
2489,100,1193
2490,100,612
2491,100,1139
2492,100,812
2493,100,251
2494,100,969
2495,100,102
2496,100,1089
2497,100,1073
2498,100,572
2499,100,465
2500,100,501
2501,100,835
2502,100,172
2503,100,170
2504,100,152
2505,100,1037
2506,100,586
2507,100,574
2508,100,973
2509,100,1042
2510,100,3
2511,100,292
2512,100,653
2513,100,647
2514,100,618
2515,100,803
2516,100,97
2517,100,634
2518,100,926
2519,100,952
2520,100,148
2521,100,22
2522,100,997
2523,100,228
2524,100,700
2525,100,1163
2526,100,667
2527,100,202
2528,100,372
2529,100,705
2530,100,169
2531,100,486
2532,100,814
2533,100,880
2534,100,957
2535,100,83
2536,100,662
2537,100,921
2538,100,1003
2539,100,149
2540,100,562
2541,100,382
2542,100,41
2543,100,16
2544,100,774
2545,100,849
2546,100,729
2547,100,686
2548,100,1053
2549,100,388
2550,100,1172
2551,100,124
2552,100,1150
2553,100,269
2554,100,88
2555,100,1135
2556,100,739
2557,100,876
2558,100,304
2559,100,106
2560,100,761
2561,100,895
2562,100,733
2563,100,838
2564,100,933
2565,100,441
2566,100,1124
2567,100,160
2568,100,1083
2569,100,695
2570,100,722
2571,100,196
2572,100,960
2573,100,1171
2574,100,896
2575,100,330
2576,100,984
2577,100,180
2578,100,281
2579,100,1077
2580,100,1015
2581,100,587
2582,100,808
2583,100,989
2584,100,150
2585,100,772
2586,100,913
2587,100,194
2588,100,25
2589,100,1195
2590,100,493
2591,100,804
2592,100,1043
2593,100,459
2594,100,632
2595,100,530
2596,100,1149
2597,100,600
2598,100,1133
2599,100,775
2600,100,757
2601,100,90
2602,100,167
2603,100,536
2604,100,413
2605,100,831
2606,100,1134
2607,100,537
2608,100,1056
2609,100,1085
2610,100,1007
2611,100,37
2612,100,711
2613,100,73
2614,100,658
2615,100,207
2616,100,588
2617,100,259
2618,100,336
2619,100,513
2620,100,507
2621,100,604
2622,100,113
2623,100,445
2624,100,1186
2625,100,1179
2626,100,444
2627,100,498
2628,100,291
2629,100,46
2630,100,133
2631,100,1136
2632,100,638
2633,100,153
2634,100,174
2635,100,754
2636,100,11
2637,100,198
2638,100,30
2639,100,367
2640,100,928
2641,100,482
2642,100,1080
2643,100,375
2644,100,329
2645,100,370
2646,100,930
2647,100,220
2648,100,641
2649,100,7
2650,100,471
2651,100,341
2652,100,629
2653,100,813
2654,100,258
2655,100,922
2656,100,893
2657,100,773
2658,100,447
2659,100,39
2660,100,123
2661,100,909
2662,100,284
2663,100,966
2664,100,437
2665,100,825
2666,100,95
2667,100,342
2668,100,64
2669,100,855
2670,100,376
2671,100,14
2672,100,92
2673,100,1011
2674,100,1148
2675,100,882
2676,100,557
2677,100,886
2678,100,47
2679,100,136
2680,100,161
2681,100,948
2682,100,334
2683,100,590
2684,100,239
2685,100,570
2686,100,563
2687,100,301
2688,100,365
2689,100,573
2690,100,1002
2691,100,311
2692,100,1192
2693,100,414
2694,100,579
2695,100,484
2696,100,594
2697,100,327
2698,100,864
2699,100,1141
2700,100,571
2701,100,307
2702,100,829
2703,100,949
2704,100,212
2705,100,391
2706,100,303
2707,100,377
2708,100,381
2709,100,679
2710,100,415
2711,100,19
2712,100,403
2713,100,84
2714,100,1115
2715,100,998
2716,100,704
2717,100,797
2718,100,66
2719,100,1187
2720,100,911
2721,100,315
2722,100,246
2723,100,1191
2724,100,295
2725,100,105
2726,100,800
2727,100,1046
2728,100,584
2729,100,29
2730,100,119
2731,100,1004
2732,100,428
2733,100,945
2734,100,49
2735,100,901
2736,100,559
2737,100,1064
2738,100,43
2739,100,121
2740,100,261
2741,100,726
2742,100,684
2743,100,272
2744,100,580
2745,100,204
2746,100,1061
2747,100,569
2748,100,187
2749,100,991
2750,100,710
2751,100,672
2752,144,142
2753,144,495
2754,144,29
2755,144,1059
2756,144,64
2757,144,732
2758,144,329
2759,144,365
2760,144,975
2761,144,56
2762,144,396
2763,144,828
2764,144,65
2765,144,718
2766,144,876
2767,144,872
2768,144,1091
2769,144,643
2770,144,1101
2771,144,477
2772,144,275
2773,144,127
2774,144,69
2775,144,76
2776,144,764
2777,144,278
2778,144,908
2779,144,245
2780,144,325
2781,144,760
2782,144,665
2783,144,532
2784,144,523
2785,144,47
2786,144,197
2787,144,202
2788,144,524
2789,144,924
2790,144,1005
2791,144,1103
2792,144,1183
2793,144,75
2794,144,238
2795,144,942
2796,144,14
2797,144,173
2798,144,183
2799,144,739
2800,144,544
2801,144,199
2802,144,1172
2803,144,155
2804,144,355
2805,144,664
2806,144,1127
2807,144,650
2808,144,246
2809,144,287
2810,144,622
2811,144,150
2812,144,883
2813,144,425
2814,144,1185
2815,144,43
2816,144,499
2817,144,936
2818,144,99
2819,144,364
2820,144,49
2821,144,1006
2822,144,777
2823,144,478
2824,144,520
2825,144,408
2826,144,917
2827,144,345
2828,144,1130
2829,144,625
2830,144,1046
2831,144,253
2832,144,114
2833,144,551
2834,144,248
2835,144,506
2836,144,398
2837,144,501
2838,144,953
2839,144,836
2840,144,615
2841,144,484
2842,144,824
2843,144,819
2844,144,720
2845,144,77
2846,144,363
2847,144,1151
2848,144,1120
2849,144,1200
2850,144,788
2851,144,1158
2852,144,861
2853,144,832
2854,144,403
2855,144,333
2856,144,91
2857,144,565
2858,144,217
2859,144,1000
2860,144,254
2861,144,737
2862,144,124
2863,144,15
2864,144,95
2865,144,177
2866,144,780
2867,144,498
2868,144,87
2869,144,1019
2870,144,900
2871,144,601
2872,144,823
2873,144,250
2874,144,866
2875,144,136
2876,144,1116
2877,144,432
2878,144,580
2879,144,406
2880,144,426
2881,144,837
2882,144,907
2883,144,125
2884,144,416
2885,144,1044
2886,144,1136
2887,144,35
2888,144,319
2889,144,586
2890,144,582
2891,144,7
2892,144,958
2893,144,815
2894,144,166
2895,144,1035
2896,144,957
2897,144,1187
2898,144,996
2899,144,859
2900,144,870
2901,144,1115
2902,144,1135
2903,144,1145
2904,144,885
2905,144,304
2906,144,428
2907,144,795
2908,144,44
2909,144,210
2910,144,1203
2911,144,111
2912,144,297
2913,144,446
2914,144,179
2915,144,488
2916,144,765
2917,144,347
2918,144,519
2919,144,120
2920,144,381
2921,144,518
2922,144,1105
2923,144,1108
2924,144,0
2925,144,58
2926,144,1104
2927,144,61
2928,144,814
2929,144,858
2930,144,1111
2931,144,19
2932,144,843
2933,144,310
2934,144,57
2935,144,338
2936,144,198
2937,144,767
2938,144,923
2939,144,713
2940,144,193
2941,144,579
2942,144,797
2943,144,505
2944,144,201
2945,144,826
2946,144,1199
2947,144,840
2948,144,336
2949,144,775
2950,144,52
2951,144,1131
2952,144,1077
2953,144,614
2954,144,806
2955,144,390
2956,144,1173
2957,144,1196
2958,144,1098
2959,144,932
2960,144,54
2961,144,6
2962,144,17
2963,144,685
2964,144,513
2965,144,486
2966,144,460
2967,144,964
2968,144,457
2969,144,990
2970,144,1048
2971,144,393
2972,144,401
2973,144,856
2974,144,1076
2975,144,320
2976,144,161
2977,144,1139
2978,144,733
2979,144,492
2980,144,189
2981,144,241
2982,144,62
2983,144,961
2984,144,227
2985,144,1148
2986,144,168
2987,144,342
2988,144,688
2989,144,786
2990,144,570
2991,144,817
2992,144,989
2993,144,479
2994,144,1002
2995,144,100
2996,144,229
2997,144,260
2998,144,435
2999,144,316
3000,144,380
3001,144,388
3002,144,118
3003,144,662
3004,144,809
3005,144,1052
3006,144,74
3007,144,776
3008,144,1170
3009,144,1070
3010,144,299
3011,144,541
3012,144,973
3013,144,462
3014,144,1096
3015,144,330
3016,144,261
3017,144,1123
3018,144,295
3019,144,584
3020,144,73
3021,144,588
3022,144,1146
3023,144,429
3024,144,185
3025,144,896
3026,144,655
3027,144,1064
3028,144,563
3029,144,268
3030,144,131
3031,144,794
3032,144,378
3033,144,321
3034,144,444
3035,144,1176
3036,144,1142
3037,144,27
3038,144,1078
3039,144,207
3040,144,1165
3041,144,893
3042,144,441
3043,144,1069
3044,144,112
3045,144,578
3046,144,509
3047,144,629
3048,144,361
3049,144,464
3050,144,648
3051,144,417
3052,144,583
3053,144,292
3054,144,549
3055,144,712
3056,144,863
3057,144,1182
3058,144,53
3059,144,633
3060,144,474
3061,144,534
3062,144,191
3063,144,482
3064,144,102
3065,144,341
3066,144,997
3067,144,759
3068,144,702
3069,144,1159
3070,144,471
3071,144,502
3072,144,679
3073,144,645
3074,144,1195
3075,144,1072
3076,144,20
3077,144,933
3078,144,722
3079,144,564
3080,144,1047
3081,144,834
3082,144,562
3083,144,926
3084,144,675
3085,144,445
3086,144,119
3087,144,663
3088,144,574
3089,144,258
3090,144,83
3091,144,911
3092,144,60
3093,144,1121
3094,144,305
3095,144,117
3096,144,818
3097,144,1037
3098,144,230
3099,144,1062
3100,144,610
3101,144,160
3102,144,909
3103,144,620
3104,144,914
3105,144,752
3106,144,938
3107,144,1081
3108,144,595
3109,144,503
3110,144,939
3111,144,572
3112,144,34
3113,144,844
3114,144,624
3115,144,31
3116,144,869
3117,144,719
3118,144,402
3119,144,934
3120,144,1174
3121,144,536
3122,144,598
3123,144,831
3124,144,21
3125,144,158
3126,144,708
3127,144,656
3128,144,335
3129,144,618
3130,144,647
3131,144,1166
3132,144,603
3133,146,700
3134,146,1104
3135,146,709
3136,146,912
3137,146,1152
3138,146,780
3139,146,186
3140,146,815
3141,146,1123
3142,146,562
3143,146,0
3144,146,785
3145,146,1200
3146,146,50
3147,146,177
3148,146,717
3149,146,652
3150,146,737
3151,146,613
3152,146,163
3153,146,685
3154,146,1066
3155,146,388
3156,146,751
3157,146,666
3158,146,369
3159,146,194
3160,146,1146
3161,146,843
3162,146,1067
3163,146,113
3164,146,279
3165,146,59
3166,146,71
3167,146,980
3168,146,390
3169,146,25
3170,146,287
3171,146,472
3172,146,246
3173,146,53
3174,146,584
3175,146,761
3176,146,275
3177,146,187
3178,146,1006
3179,146,673
3180,146,91
3181,146,10
3182,146,1102
3183,146,248
3184,146,37
3185,146,233
3186,146,469
3187,146,884
3188,146,765
3189,146,518
3190,146,1103
3191,146,656
3192,146,301
3193,146,441
3194,146,1117
3195,146,445
3196,146,155
3197,146,565
3198,146,989
3199,146,900
3200,146,1107
3201,146,519
3202,146,58
3203,146,917
3204,146,678
3205,146,474
3206,146,238
3207,146,953
3208,146,1115
3209,146,1084
3210,146,1058
3211,146,908
3212,146,1172
3213,146,911
3214,146,808
3215,146,188
3216,146,259
3217,146,637
3218,146,70
3219,146,759
3220,146,240
3221,146,74
3222,146,1150
3223,146,368
3224,146,333
3225,146,87
3226,146,280
3227,146,389
3228,146,997
3229,146,1156
3230,146,204
3231,146,603
3232,146,408
3233,146,937
3234,146,1173
3235,146,514
3236,146,582
3237,146,513
3238,146,1188
3239,146,1061
3240,146,1040
3241,146,952
3242,146,138
3243,146,1096
3244,146,460
3245,146,464
3246,146,800
3247,146,530
3248,146,480
3249,146,859
3250,146,394
3251,146,375
3252,146,335
3253,146,118
3254,146,608
3255,146,19
3256,146,403
3257,146,924
3258,146,284
3259,146,569
3260,146,855
3261,146,715
3262,146,277
3263,146,454
3264,146,21
3265,146,191
3266,146,355
3267,146,618
3268,146,1018
3269,146,524
3270,146,1077
3271,146,96
3272,146,579
3273,146,90
3274,146,532
3275,146,1014
3276,146,645
3277,146,447
3278,146,1199
3279,146,263
3280,146,541
3281,146,559
3282,146,130
3283,146,554
3284,146,30
3285,146,402
3286,146,428
3287,146,158
3288,146,88
3289,146,1088
3290,146,482
3291,146,400
3292,146,423
3293,146,1057
3294,146,1002
3295,146,184
3296,146,372
3297,146,923
3298,146,1098
3299,146,838
3300,146,744
3301,146,1180
3302,146,31
3303,146,341
3304,146,660
3305,146,54
3306,146,65
3307,146,136
3308,146,946
3309,146,1046
3310,146,425
3311,146,1196
3312,146,459
3313,146,760
3314,146,612
3315,146,687
3316,146,124
3317,146,852
3318,146,481
3319,146,1030
3320,146,391
3321,146,179
3322,146,641
3323,146,896
3324,146,361
3325,146,754
3326,146,755
3327,146,878
3328,146,175
3329,146,62
3330,146,1193
3331,146,506
3332,146,614
3333,146,574
3334,146,397
3335,146,1145
3336,146,1130
3337,146,549
3338,146,311
3339,146,338
3340,146,312
3341,146,828
3342,146,381
3343,146,926
3344,146,1069
3345,146,318
3346,146,116
3347,146,1045
3348,146,380
3349,146,1122
3350,146,825
3351,146,875
3352,146,152
3353,146,663
3354,146,775
3355,146,1165
3356,146,229
3357,146,210
3358,146,872
3359,146,470
3360,146,73
3361,146,708
3362,146,189
3363,146,935
3364,146,49
3365,146,698
3366,146,502
3367,146,655
3368,146,558
3369,146,207
3370,146,105
3371,146,406
3372,146,360
3373,146,629
3374,146,26
3375,146,1034
3376,146,198
3377,146,902
3378,146,964
3379,146,345
3380,146,928
3381,146,1194
3382,146,1182
3383,146,1064
3384,146,254
3385,146,174
3386,146,986
3387,146,544
3388,146,713
3389,146,226
3390,146,932
3391,146,413
3392,146,833
3393,146,5
3394,146,143
3395,146,52
3396,146,242
3397,146,684
3398,146,43
3399,146,602
3400,146,1159
3401,146,401
3402,146,889
3403,146,239
3404,146,39
3405,146,583
3406,146,336
3407,146,1166
3408,146,883
3409,146,540
3410,146,975
3411,146,1105
3412,146,230
3413,146,414
3414,146,598
3415,146,522
3416,146,720
3417,146,861
3418,146,847
3419,146,1025
3420,146,1142
3421,146,788
3422,146,123
3423,146,165
3424,146,317
3425,146,326
3426,146,131
3427,146,127
3428,146,81
3429,146,876
3430,146,707
3431,146,620
3432,146,507
3433,146,282
3434,146,185
3435,146,556
3436,146,67
3437,146,564
3438,146,536
3439,146,56
3440,146,471
3441,146,733
3442,146,742
3443,146,520
3444,146,83
3445,146,736
3446,146,528
3447,146,99
3448,146,802
3449,146,305
3450,146,1060
3451,146,144
3452,146,435
3453,146,1019
3454,146,92
3455,146,981
3456,146,570
3457,146,936
3458,146,297
3459,146,686
3460,146,529
3461,146,1108
3462,146,308
3463,146,1170
3464,146,245
3465,146,173
3466,146,112
3467,146,892
3468,146,560
3469,146,330
3470,146,817
3471,146,15
3472,146,1176
3473,146,302
3474,146,1054
3475,146,951
3476,146,1035
3477,146,939
3478,146,874
3479,146,1008
3480,146,217
3481,146,539
3482,146,873
3483,146,1005
3484,146,46
3485,146,681
3486,146,342
3487,146,672
3488,146,978
3489,146,119
3490,146,7
3491,146,299
3492,146,44
3493,146,797
3494,146,223
3495,146,1015
3496,146,1041
3497,146,309
3498,146,886
3499,146,1081
3500,146,393
3501,146,107
3502,146,1024
3503,146,36
3504,146,196
3505,146,625
3506,146,1033
3507,146,735
3508,146,41
3509,146,907
3510,146,142
3511,146,836
3512,146,1048
3513,146,1169
3514,146,283
3515,146,60
3516,146,1071
3517,146,442
3518,146,1201
3519,146,195
3520,146,887
3521,146,805
3522,146,133
3523,146,2
3524,146,1003
3525,146,853
3526,146,1095
3527,146,392
3528,146,247
3529,146,1151
3530,146,295
3531,146,1044
3532,146,347
3533,146,710
3534,146,1087
3535,146,533
3536,146,885
3537,146,576
3538,146,178
3539,146,604
3540,146,933
3541,146,1160
3542,146,806
3543,146,957
3544,184,39
3545,184,128
3546,184,21
3547,184,386
3548,184,792
3549,184,415
3550,184,466
3551,184,531
3552,184,25
3553,184,316
3554,184,561
3555,184,826
3556,184,846
3557,184,1156
3558,184,15
3559,184,945
3560,184,168
3561,184,1011
3562,184,827
3563,184,729
3564,184,400
3565,184,166
3566,184,375
3567,184,68
3568,184,984
3569,184,438
3570,184,1085
3571,184,844
3572,184,232
3573,184,331
3574,184,1091
3575,184,794
3576,184,127
3577,184,141
3578,184,1127
3579,184,1166
3580,184,517
3581,184,198
3582,184,341
3583,184,317
3584,184,769
3585,184,602
3586,184,889
3587,184,570
3588,184,518
3589,184,1106
3590,184,67
3591,184,686
3592,184,487
3593,184,398
3594,184,1104
3595,184,665
3596,184,2
3597,184,272
3598,184,756
3599,184,532
3600,184,1007
3601,184,888
3602,184,1170
3603,184,926
3604,184,1136
3605,184,165
3606,184,433
3607,184,330
3608,184,1189
3609,184,377
3610,184,813
3611,184,396
3612,184,277
3613,184,1130
3614,184,8
3615,184,245
3616,184,706
3617,184,522
3618,184,1049
3619,184,280
3620,184,484
3621,184,716
3622,184,786
3623,184,519
3624,184,811
3625,184,1040
3626,184,282
3627,184,1199
3628,184,174
3629,184,388
3630,184,894
3631,184,1053
3632,184,290
3633,184,611
3634,184,544
3635,184,1033
3636,184,1003
3637,184,1191
3638,184,161
3639,184,843
3640,184,432
3641,184,1150
3642,184,241
3643,184,560
3644,184,98
3645,184,800
3646,184,832
3647,184,930
3648,184,153
3649,184,545
3650,184,1013
3651,184,302
3652,184,746
3653,184,35
3654,184,402
3655,184,46
3656,184,672
3657,184,657
3658,184,682
3659,184,225
3660,184,479
3661,184,714
3662,184,380
3663,184,829
3664,184,332
3665,184,504
3666,184,227
3667,184,60
3668,184,136
3669,184,307
3670,184,167
3671,184,417
3672,184,695
3673,184,529
3674,184,551
3675,184,306
3676,184,1140
3677,184,867
3678,184,40
3679,184,618
3680,184,925
3681,184,986
3682,184,674
3683,184,397
3684,184,261
3685,184,994
3686,184,56
3687,184,917
3688,184,821
3689,184,697
3690,184,526
3691,184,1023
3692,184,510
3693,184,1154
3694,184,146
3695,184,467
3696,184,172
3697,184,440
3698,184,1084
3699,184,700
3700,184,741
3701,184,287
3702,184,217
3703,184,670
3704,184,1172
3705,184,1054
3706,184,530
3707,184,1057
3708,184,642
3709,184,927
3710,184,970
3711,184,675
3712,184,473
3713,184,421
3714,184,320
3715,184,1163
3716,184,976
3717,184,645
3718,184,183
3719,184,329
3720,184,414
3721,184,173
3722,184,268
3723,184,964
3724,184,461
3725,184,121
3726,184,445
3727,184,513
3728,184,740
3729,184,956
3730,184,87
3731,184,359
3732,184,1071
3733,184,748
3734,184,1009
3735,184,944
3736,184,115
3737,184,204
3738,184,655
3739,184,1063
3740,184,431
3741,184,1019
3742,184,434
3743,184,977
3744,184,1041
3745,184,448
3746,184,900
3747,184,921
3748,184,936
3749,184,257
3750,184,784
3751,184,839
3752,184,500
3753,184,638
3754,184,73
3755,184,201
3756,184,107
3757,184,120
3758,184,498
3759,184,231
3760,184,737
3761,184,781
3762,184,133
3763,184,1077
3764,184,180
3765,184,63
3766,184,1058
3767,184,16
3768,184,520
3769,184,300
3770,184,546
3771,184,372
3772,184,849
3773,184,304
3774,184,208
3775,184,334
3776,184,1051
3777,184,52
3778,184,910
3779,184,848
3780,184,942
3781,184,997
3782,184,57
3783,184,1180
3784,184,835
3785,184,960
3786,184,973
3787,184,1031
3788,184,840
3789,184,992
3790,184,738
3791,184,496
3792,184,62
3793,184,582
3794,184,1015
3795,184,1121
3796,184,825
3797,184,269
3798,184,831
3799,184,177
3800,184,871
3801,251,1039
3802,251,94
3803,251,633
3804,251,231
3805,251,1016
3806,251,349
3807,251,778
3808,251,504
3809,251,964
3810,251,380
3811,251,995
3812,251,509
3813,251,1165
3814,251,958
3815,251,217
3816,251,827
3817,251,52
3818,251,410
3819,251,222
3820,251,866
3821,251,533
3822,251,314
3823,251,16
3824,251,809
3825,251,182
3826,251,296
3827,251,317
3828,251,282
3829,251,560
3830,251,1089
3831,251,84
3832,251,489
3833,251,408
3834,251,25
3835,251,909
3836,251,309
3837,251,1147
3838,251,977
3839,251,198
3840,251,1148
3841,251,406
3842,251,519
3843,251,429
3844,251,948
3845,251,914
3846,251,808
3847,251,981
3848,251,1057
3849,251,897
3850,251,457
3851,251,124
3852,251,669
3853,251,888
3854,251,783
3855,251,551
3856,251,415
3857,251,955
3858,251,1072
3859,251,15
3860,251,284
3861,251,1078
3862,251,984
3863,251,629
3864,251,1048
3865,251,1034
3866,251,92
3867,251,936
3868,251,394
3869,251,1163
3870,251,204
3871,251,825
3872,251,97
3873,251,720
3874,251,360
3875,251,784
3876,251,289
3877,251,329
3878,251,177
3879,251,1061
3880,251,1107
3881,251,1136
3882,251,759
3883,251,1013
3884,251,227
3885,251,814
3886,251,1032
3887,251,704
3888,251,43
3889,251,502
3890,251,821
3891,251,111
3892,251,1002
3893,251,29
3894,251,77
3895,251,433
3896,251,576
3897,251,746
3898,251,274
3899,251,393
3900,251,1152
3901,251,892
3902,251,872
3903,251,565
3904,251,771
3905,251,1023
3906,251,385
3907,251,482
3908,251,1073
3909,251,158
3910,251,1159
3911,251,383
3912,251,239
3913,251,205
3914,251,303
3915,251,517
3916,251,56
3917,251,392
3918,251,503
3919,251,305
3920,251,342
3921,251,773
3922,251,21
3923,251,465
3924,251,64
3925,251,625
3926,251,246
3927,251,943
3928,251,1035
3929,251,1093
3930,251,152
3931,251,207
3932,251,174
3933,251,667
3934,251,595
3935,251,1181
3936,251,67
3937,251,498
3938,251,657
3939,251,758
3940,251,862
3941,251,767
3942,251,439
3943,251,8
3944,251,1082
3945,251,675
3946,251,664
3947,251,39
3948,251,281
3949,251,794
3950,251,666
3951,251,1177
3952,251,1054
3953,251,980
3954,251,1021
3955,251,471
3956,251,570
3957,251,540
3958,251,1145
3959,251,1160
3960,251,1019
3961,251,172
3962,251,839
3963,251,797
3964,251,167
3965,251,1162
3966,251,61
3967,251,811
3968,251,155
3969,251,368
3970,251,895
3971,251,782
3972,251,779
3973,251,1106
3974,251,11
3975,251,869
3976,251,209
3977,251,707
3978,251,622
3979,251,531
3980,251,1154
3981,251,1009
3982,251,579
3983,251,1119
3984,251,1150
3985,251,850
3986,251,708
3987,251,655
3988,251,852
3989,251,1018
3990,251,777
3991,251,186
3992,251,1151
3993,251,7
3994,251,810
3995,251,881
3996,251,676
3997,251,752
3998,251,260
3999,251,645
4000,251,1120
4001,251,402
4002,251,423
4003,251,68
4004,251,889
4005,251,123
4006,251,740
4007,251,283
4008,251,355
4009,251,582
4010,251,362
4011,251,638
4012,251,802
4013,251,82
4014,251,671
4015,251,127
4016,251,805
4017,251,912
4018,251,1144
4019,251,1076
4020,251,1127
4021,251,268
4022,251,105
4023,251,731
4024,251,878
4025,251,860
4026,251,545
4027,251,801
4028,251,556
4029,251,320
4030,251,156
4031,251,505
4032,251,511
4033,251,901
4034,251,315
4035,251,788
4036,251,62
4037,251,799
4038,251,366
4039,251,745
4040,251,1043
4041,251,441
4042,251,973
4043,251,107
4044,251,58
4045,251,928
4046,251,1116
4047,251,528
4048,251,739
4049,251,953
4050,251,388
4051,251,79
4052,251,837
4053,251,464
4054,251,1040
4055,251,879
4056,251,1122
4057,251,60
4058,251,36
4059,251,513
4060,251,117
4061,251,469
4062,251,957
4063,251,1128
4064,251,1000
4065,251,1008
4066,251,369
4067,251,269
4068,251,287
4069,251,877
4070,251,258
4071,251,78
4072,251,870
4073,251,363
4074,251,330
4075,251,762
4076,251,673
4077,251,843
4078,251,1129
4079,251,683
4080,251,339
4081,251,1133
4082,251,637
4083,251,679
4084,251,950
4085,251,443
4086,251,798
4087,251,516
4088,251,338
4089,251,255
4090,251,916
4091,251,523
4092,251,185
4093,251,396
4094,251,372
4095,251,1109
4096,251,933
4097,251,146
4098,251,229
4099,251,478
4100,251,840
4101,251,230
4102,251,1187
4103,251,421
4104,251,199
4105,251,716
4106,251,800
4107,251,521
4108,251,1007
4109,251,336
4110,251,1049
4111,251,119
4112,251,1050
4113,251,1033
4114,251,50
4115,251,880
4116,251,611
4117,251,628
4118,251,775
4119,251,302
4120,251,113
4121,251,427
4122,251,563
4123,251,925
4124,251,17
4125,251,951
4126,251,450
4127,251,461
4128,251,932
4129,251,702
4130,251,99
4131,251,612
4132,251,1142
4133,251,705
4134,251,241
4135,251,148
4136,251,102
4137,251,130
4138,251,1197
4139,251,765
4140,251,844
4141,251,791
4142,251,1067
4143,251,101
4144,251,1183
4145,251,1085
4146,251,112
4147,251,484
4148,251,795
4149,251,1102
4150,251,34
4151,251,1105
4152,251,1196
4153,251,70
4154,251,188
4155,251,562
4156,251,529
4157,251,1174
4158,251,391
4159,251,492
4160,251,979
4161,251,341
4162,251,1178
4163,251,87
4164,251,949
4165,251,527
4166,251,662
4167,251,294
4168,251,1112
4169,251,333
4170,251,753
4171,251,357
4172,251,197
4173,251,486
4174,251,145
4175,251,270
4176,251,613
4177,251,1180
4178,251,737
4179,251,604
4180,251,1096
4181,251,1130
4182,251,1153
4183,251,608
4184,251,1172
4185,251,468
4186,251,448
4187,251,6
4188,251,717
4189,251,602
4190,251,706
4191,251,796
4192,251,713
4193,251,238
4194,251,987
4195,251,125
4196,251,1158
4197,251,1091
4198,251,760
4199,251,128
4200,251,685
4201,251,83
4202,251,114
4203,251,31
4204,251,108
4205,251,279
4206,251,277
4207,251,756
4208,251,736
4209,251,189
4210,251,1030
4211,251,129
4212,251,390
4213,251,273
4214,251,1184
4215,251,496
4216,251,47
4217,251,445
4218,251,991
4219,251,447
4220,251,316
4221,251,1044
4222,251,137
4223,251,520
4224,251,607
4225,251,934
4226,251,483
4227,251,507
4228,251,257
4229,251,154
4230,251,555
4231,251,997
4232,251,337
4233,251,1064
4234,251,352
4235,251,164
4236,251,428
4237,251,9
4238,251,725
4239,251,549
4240,251,553
4241,251,1003
4242,251,586
4243,251,1156
4244,251,975
4245,251,924
4246,251,885
4247,251,13
4248,251,522
4249,251,738
4250,251,741
4251,251,1139
4252,251,1070
4253,251,1189
4254,251,920
4255,251,157
4256,251,344
4257,251,252
4258,251,937
4259,251,695
4260,251,69
4261,251,400
4262,251,871
4263,251,361
4264,251,118
4265,251,166
4266,251,500
4267,251,1118
4268,251,30
4269,251,75
4270,251,1101
4271,251,179
4272,251,601
4273,251,962
4274,251,851
4275,251,658
4276,251,501
4277,251,905
4278,251,98
4279,251,722
4280,251,1140
4281,251,956
4282,251,642
4283,251,697
4284,251,641
4285,251,691
4286,251,623
4287,251,616
4288,251,481
4289,251,766
4290,251,376
4291,251,149
4292,251,290
4293,251,1017
4294,251,381
4295,251,264
4296,251,1081
4297,251,304
4298,251,245
4299,251,351
4300,251,454
4301,251,474
4302,251,1170
4303,251,652
4304,251,830
4305,251,160
4306,251,425
4307,251,1038
4308,295,924
4309,295,998
4310,295,804
4311,295,73
4312,295,810
4313,295,748
4314,295,17
4315,295,743
4316,295,80
4317,295,136
4318,295,628
4319,295,755
4320,295,907
4321,295,159
4322,295,689
4323,295,142
4324,295,894
4325,295,815
4326,295,313
4327,295,397
4328,295,311
4329,295,928
4330,295,900
4331,295,850
4332,295,516
4333,295,421
4334,295,621
4335,295,248
4336,295,438
4337,295,123
4338,295,633
4339,295,702
4340,295,1112
4341,295,574
4342,295,321
4343,295,209
4344,295,50
4345,295,1051
4346,295,186
4347,295,534
4348,295,486
4349,295,179
4350,295,31
4351,295,5
4352,295,724
4353,295,471
4354,295,1088
4355,295,1174
4356,295,944
4357,295,777
4358,295,1115
4359,295,992
4360,295,1089
4361,295,896
4362,295,752
4363,295,500
4364,295,929
4365,295,995
4366,295,1074
4367,295,32
4368,295,1061
4369,295,1202
4370,295,680
4371,295,651
4372,295,240
4373,295,1124
4374,295,936
4375,295,917
4376,295,671
4377,295,396
4378,295,937
4379,295,254
4380,295,103
4381,295,1014
4382,295,165
4383,295,65
4384,295,1119
4385,295,701
4386,295,244
4387,295,515
4388,295,846
4389,295,39
4390,295,1201
4391,295,860
4392,295,485
4393,295,1122
4394,295,603
4395,295,245
4396,295,694
4397,295,665
4398,295,952
4399,295,811
4400,295,329
4401,295,59
4402,295,294
4403,295,273
4404,295,531
4405,295,760
4406,295,822
4407,295,108
4408,295,711
4409,295,266
4410,295,84
4411,295,1016
4412,295,717
4413,295,184
4414,295,61
4415,295,776
4416,295,605
4417,295,23
4418,295,441
4419,295,501
4420,295,883
4421,295,474
4422,295,1091
4423,295,1097
4424,295,634
4425,295,797
4426,295,7
4427,295,1101
4428,295,564
4429,295,922
4430,295,292
4431,295,706
4432,295,744
4433,295,881
4434,295,301
4435,295,526
4436,295,720
4437,295,257
4438,295,1170
4439,295,118
4440,295,1040
4441,295,1034
4442,295,1026
4443,295,385
4444,295,260
4445,295,27
4446,295,969
4447,295,164
4448,295,1081
4449,295,540
4450,295,778
4451,295,226
4452,295,1099
4453,295,167
4454,295,62
4455,295,1192
4456,295,971
4457,295,251
4458,295,140
4459,295,231
4460,295,26
4461,295,85
4462,295,1183
4463,295,307
4464,295,353
4465,295,154
4466,295,608
4467,295,840
4468,295,135
4469,295,214
4470,295,754
4471,295,1148
4472,295,267
4473,295,156
4474,295,674
4475,295,360
4476,295,304
4477,295,919
4478,295,434
4479,295,1036
4480,295,1044
4481,295,982
4482,295,1138
4483,295,576
4484,295,1113
4485,295,252
4486,295,381
4487,295,1145
4488,295,126
4489,295,336
4490,295,1159
4491,295,819
4492,295,433
4493,295,325
4494,295,130
4495,295,965
4496,295,30
4497,295,349
4498,295,659
4499,295,222
4500,295,914
4501,295,1021
4502,295,973
4503,295,69
4504,295,635
4505,295,863
4506,295,445
4507,295,614
4508,295,194
4509,295,1059
4510,295,322
4511,295,342
4512,295,1160
4513,295,761
4514,295,332
4515,295,889
4516,295,185
4517,295,95
4518,295,193
4519,295,98
4520,295,475
4521,295,430
4522,295,291
4523,295,966
4524,295,517
4525,295,34
4526,295,293
4527,295,1013
4528,295,947
4529,295,1073
4530,295,955
4531,295,343
4532,295,483
4533,295,308
4534,295,208
4535,295,169
4536,295,524
4537,295,829
4538,295,949
4539,295,1067
4540,295,35
4541,295,1156
4542,295,1163
4543,295,838
4544,295,805
4545,295,268
4546,295,800
4547,295,410
4548,295,888
4549,295,869
4550,295,553
4551,295,298
4552,295,934
4553,295,1060
4554,295,713
4555,295,1193
4556,295,529
4557,295,1189
4558,295,968
4559,295,228
4560,295,21
4561,295,528
4562,295,1047
4563,295,530
4564,295,791
4565,295,903
4566,295,1110
4567,295,911
4568,295,428
4569,295,384
4570,295,602
4571,295,920
4572,295,148
4573,295,590
4574,295,352
4575,295,88
4576,295,389
4577,295,987
4578,295,230
4579,295,849
4580,295,243
4581,295,557
4582,295,12
4583,295,1186
4584,295,143
4585,295,93
4586,295,690
4587,295,133
4588,295,305
4589,295,738
4590,295,616
4591,295,697
4592,295,648
4593,295,461
4594,295,106
4595,295,417
4596,295,172
4597,295,152
4598,295,37
4599,295,52
4600,295,959
4601,295,415
4602,295,1001
4603,295,429
4604,295,939
4605,295,241
4606,295,921
4607,295,875
4608,295,1098
4609,295,180
4610,295,1049
4611,295,375
4612,295,487
4613,295,1011
4614,295,1024
4615,295,400
4616,295,40
4617,295,14
4618,295,259
4619,295,613
4620,295,1012
4621,295,493
4622,295,909
4623,295,435
4624,295,769
4625,295,116
4626,295,876
4627,295,1046
4628,295,124
4629,295,879
4630,295,951
4631,295,87
4632,295,239
4633,295,47
4634,295,867
4635,295,641
4636,295,53
4637,295,953
4638,295,918
4639,295,561
4640,295,496
4641,295,83
4642,295,409
4643,295,1140
4644,295,355
4645,295,960
4646,295,925
4647,295,195
4648,295,624
4649,295,1025
4650,295,895
4651,295,420
4652,295,67
4653,295,845
4654,295,984
4655,295,91
4656,295,390
4657,295,519
4658,295,1180
4659,295,402
4660,295,1178
4661,295,932
4662,295,598
4663,295,726
4664,295,457
4665,295,320
4666,295,544
4667,295,346
4668,295,448
4669,295,764
4670,295,513
4671,295,1075
4672,295,714
4673,295,537
4674,295,700
4675,295,317
4676,295,877
4677,295,365
4678,295,372
4679,295,490
4680,295,1194
4681,295,646
4682,295,1157
4683,295,923
4684,295,403
4685,295,497
4686,295,645
4687,295,46
4688,295,722
4689,295,683
4690,295,1197
4691,295,334
4692,295,105
4693,295,44
4694,295,77
4695,295,550
4696,295,562
4697,295,864
4698,295,1030
4699,295,476
4700,295,1094
4701,295,401
4702,295,866
4703,295,464
4704,295,189
4705,295,640
4706,295,175
4707,295,841
4708,295,1087
4709,295,788
4710,295,615
4711,295,300
4712,295,892
4713,295,1096
4714,295,942
4715,295,465
4716,295,527
4717,295,514
4718,295,570
4719,295,119
4720,295,285
4721,295,505
4722,295,1069
4723,295,905
4724,295,853
4725,295,68
4726,295,455
4727,295,589
4728,295,1057
4729,295,269
4730,295,481
4731,295,41
4732,295,601
4733,295,1015
4734,295,588
4735,295,499
4736,295,178
4737,295,1155
4738,295,462
4739,295,333
4740,295,1095
4741,295,382
4742,295,871
4743,295,467
4744,295,1100
4745,295,692
4746,295,203
4747,295,825
4748,295,104
4749,295,153
4750,295,935
4751,295,666
4752,295,1103
4753,295,341
4754,295,1144
4755,295,539
4756,295,431
4757,295,1018
4758,295,956
4759,295,22
4760,295,38
4761,295,599
4762,295,1010
4763,295,1120
4764,295,155
4765,295,591
4766,295,572
4767,295,201
4768,295,818
4769,295,1114
4770,295,886
4771,295,378
4772,295,535
4773,295,326
4774,295,609
4775,295,668
4776,295,629
4777,295,677
4778,295,546
4779,295,573
4780,295,600
4781,295,379
4782,295,980
4783,295,297
4784,295,416
4785,295,1133
4786,295,394
4787,295,427
4788,295,233
4789,295,560
4790,295,522
4791,295,1187
4792,295,492
4793,295,509
4794,295,1062
4795,295,160
4796,295,363
4797,295,276
4798,295,880
4799,295,763
4800,295,432
4801,295,364
4802,295,425
4803,295,681
4804,295,741
4805,295,798
4806,295,878
4807,295,312
4808,295,789
4809,295,882
4810,295,340
4811,295,107
4812,295,801
4813,295,858
4814,295,121
4815,295,224
4816,295,542
4817,295,664
4818,295,212
4819,295,1200
4820,295,739
4821,295,816
4822,295,345
4823,295,1171
4824,295,757
4825,295,948
4826,295,785
4827,295,618
4828,295,736
4829,295,1164
4830,295,205
4831,295,234
4832,295,275
4833,295,174
4834,295,139
4835,295,1199
4836,295,1196
4837,295,173
4838,295,166
4839,295,963
4840,295,558
4841,295,792
4842,295,56
4843,295,335
4844,295,1102
4845,295,177
4846,295,533
4847,295,989
4848,295,679
4849,295,99
4850,295,339
4851,295,391
4852,295,348
4853,295,1041
4854,295,1167
4855,295,510
4856,295,649
4857,295,191
4858,295,82
4859,295,217
4860,295,571
4861,295,642
4862,295,559
4863,295,799
4864,295,1064
4865,295,157
4866,295,813
4867,295,729
4868,295,25
4869,295,1035
4870,295,1022
4871,295,1128
4872,295,912
4873,295,532
4874,295,586
4875,295,1150
4876,295,814
4877,295,709
4878,295,419
4879,295,1109
4880,295,1139
4881,295,518
4882,295,1009
4883,295,678
4884,295,463
4885,295,581
4886,295,1203
4887,295,833
4888,295,1132
4889,295,1052
4890,295,354
4891,295,855
4892,295,373
4893,295,575
4894,295,274
4895,295,198
4896,295,610
4897,295,181
4898,295,1043
4899,295,1090
4900,295,607
4901,295,958
4902,295,808
4903,295,655
4904,295,577
4905,295,90
4906,295,359
4907,295,446
4908,295,386
4909,295,622
4910,295,1173
4911,295,489
4912,295,64
4913,295,983
4914,295,967
4915,295,127
4916,295,1190
4917,295,405
4918,295,362
4919,295,89
4920,295,456
4921,295,979
4922,295,1177
4923,295,206
4924,295,458
4925,295,891
4926,295,834
4927,295,554
4928,295,732
4929,295,1146
4930,295,19
4931,295,885
4932,295,708
4933,295,719
4934,295,672
4935,295,637
4936,295,904
4937,295,699
4938,295,927
4939,295,1056
4940,295,794
4941,295,504
4942,295,579
4943,295,684
4944,295,857
4945,295,899
4946,295,223
4947,295,1066
4948,295,512
4949,295,954
4950,295,75
4951,295,1184
4952,295,638
4953,295,1
4954,295,872
4955,295,404
4956,295,604
4957,295,688
4958,295,626
4959,295,1050
4960,295,263
4961,295,503
4962,295,16
4963,295,566
4964,295,454
4965,295,202
4966,295,112
4967,295,716
4968,295,1002
4969,295,466
4970,295,299
4971,295,361
4972,295,552
4973,295,338
4974,295,931
4975,295,330
4976,295,149
4977,295,1104
4978,295,328
4979,295,134
4980,295,221
4981,295,593
4982,295,828
4983,295,200
4984,295,523
4985,295,324
4986,295,392
4987,295,964
4988,295,658
4989,295,310
4990,295,837
4991,295,848
4992,295,0
4993,295,691
4994,295,1136
4995,295,1054
4996,295,250
4997,295,625
4998,295,1082
4999,295,696
5000,295,1105
5001,295,731
5002,295,1080
5003,295,906
5004,295,652
5005,295,443
5006,295,824
5007,295,1086
5008,295,563
5009,295,13
5010,295,71
5011,295,20
5012,295,1147
5013,295,821
5014,295,460
5015,295,94
5016,295,350
5017,295,96
5018,295,803
5019,295,812
5020,295,986
5021,295,753
5022,295,1142
5023,295,831
5024,295,698
5025,295,412
5026,295,57
5027,295,718
5028,295,913
5029,295,766
5030,295,66
5031,295,2
5032,295,902
5033,295,1185
5034,295,584
5035,295,283
5036,295,851
5037,295,1117
5038,295,351
5039,295,10
5040,295,521
5041,295,70
5042,295,368
5043,295,356
5044,295,1154
5045,295,1143
5046,295,950
5047,295,770
5048,295,309
5049,295,444
5050,295,775
5051,295,1149
5052,295,442
5053,295,611
5054,295,1033
5055,295,587
5056,295,227
5057,295,1176
5058,295,1019
5059,295,413
5060,295,1063
5061,295,101
5062,295,830
5063,351,716
5064,351,1059
5065,351,20
5066,351,88
5067,351,1006
5068,351,1050
5069,351,337
5070,351,997
5071,351,792
5072,351,1
5073,351,971
5074,351,434
5075,351,407
5076,351,1171
5077,351,209
5078,351,683
5079,351,560
5080,351,355
5081,351,614
5082,351,134
5083,351,56
5084,351,68
5085,351,576
5086,351,897
5087,351,632
5088,351,285
5089,351,931
5090,351,1176
5091,351,802
5092,351,1114
5093,351,1133
5094,351,689
5095,351,327
5096,351,818
5097,351,1110
5098,351,817
5099,351,905
5100,351,840
5101,351,948
5102,351,231
5103,351,495
5104,351,308
5105,351,930
5106,351,658
5107,351,518
5108,351,1193
5109,351,95
5110,351,186
5111,351,648
5112,351,479
5113,351,696
5114,351,482
5115,351,1016
5116,351,74
5117,351,425
5118,351,604
5119,351,847
5120,351,814
5121,351,198
5122,351,537
5123,351,453
5124,351,69
5125,351,1066
5126,351,800
5127,351,1014
5128,351,440
5129,351,115
5130,351,144
5131,351,1145
5132,351,127
5133,351,839
5134,351,557
5135,351,287
5136,351,405
5137,351,1094
5138,351,41
5139,351,652
5140,351,47
5141,351,65
5142,351,1026
5143,351,3
5144,351,639
5145,351,1040
5146,351,1172
5147,351,178
5148,351,106
5149,351,699
5150,351,675
5151,351,597
5152,351,14
5153,351,262
5154,351,955
5155,351,509
5156,351,555
5157,351,1042
5158,351,947
5159,351,380
5160,351,1103
5161,351,322
5162,351,253
5163,351,1109
5164,351,28
5165,351,447
5166,351,929
5167,351,1030
5168,351,1032
5169,351,245
5170,351,359
5171,351,195
5172,351,700
5173,351,742
5174,351,51
5175,351,873
5176,351,365
5177,351,1194
5178,351,757
5179,351,119
5180,351,158
5181,351,778
5182,351,78
5183,351,227
5184,351,465
5185,351,835
5186,351,333
5187,351,223
5188,351,612
5189,351,207
5190,351,162
5191,351,1120
5192,351,710
5193,351,402
5194,351,536
5195,351,197
5196,351,1007
5197,351,360
5198,351,801
5199,351,815
5200,351,1190
5201,351,635
5202,351,545
5203,351,918
5204,351,773
5205,351,517
5206,351,761
5207,351,707
5208,351,832
5209,351,790
5210,351,64
5211,351,372
5212,351,770
5213,351,433
5214,351,825
5215,351,766
5216,351,1184
5217,351,70
5218,351,565
5219,351,851
5220,351,172
5221,351,234
5222,351,53
5223,351,875
5224,351,587
5225,351,969
5226,351,304
5227,351,54
5228,351,149
5229,351,55
5230,351,717
5231,351,898
5232,351,477
5233,351,1170
5234,351,578
5235,351,257
5236,351,538
5237,351,1039
5238,351,204
5239,351,559
5240,351,580
5241,351,603
5242,351,442
5243,351,1175
5244,351,950
5245,351,610
5246,351,723
5247,351,563
5248,351,1192
5249,351,834
5250,351,23
5251,351,293
5252,351,472
5253,351,1012
5254,351,630
5255,351,29
5256,351,414
5257,351,899
5258,351,196
5259,351,1044
5260,351,1058
5261,351,413
5262,351,122
5263,351,439
5264,351,664
5265,351,415
5266,351,998
5267,351,893
5268,351,633
5269,351,647
5270,351,396
5271,351,789
5272,351,530
5273,351,421
5274,351,184
5275,351,738
5276,351,977
5277,351,0
5278,351,1165
5279,351,824
5280,351,61
5281,351,1013
5282,351,645
5283,351,636
5284,351,83
5285,351,80
5286,351,1099
5287,351,370
5288,351,579
5289,351,410
5290,351,427
5291,351,431
5292,351,1045
5293,351,137
5294,351,1155
5295,351,42
5296,351,726
5297,351,430
5298,351,398
5299,351,219
5300,351,943
5301,351,549
5302,351,1073
5303,351,323
5304,351,1102
5305,351,1156
5306,351,1098
5307,351,850
5308,351,1049
5309,351,662
5310,351,772
5311,351,651
5312,351,85
5313,351,250
5314,351,906
5315,351,208
5316,351,670
5317,351,340
5318,351,886
5319,351,539
5320,351,486
5321,351,443
5322,351,586
5323,351,885
5324,351,519
5325,351,438
5326,351,991
5327,351,572
5328,351,933
5329,351,286
5330,351,1149
5331,351,627
5332,351,687
5333,351,828
5334,351,1129
5335,351,826
5336,351,691
5337,351,1152
5338,351,856
5339,351,863
5340,351,496
5341,351,382
5342,351,310
5343,351,420
5344,351,1143
5345,351,623
5346,351,484
5347,351,618
5348,351,84
5349,351,913
5350,351,990
5351,351,1072
5352,351,256
5353,351,1063
5354,351,155
5355,351,1139
5356,351,650
5357,351,1173
5358,351,128
5359,351,154
5360,351,305
5361,351,341
5362,351,27
5363,351,574
5364,351,1122
5365,351,956
5366,351,731
5367,351,752
5368,351,108
5369,351,233
5370,351,581
5371,351,600
5372,351,63
5373,351,332
5374,351,140
5375,351,291
5376,351,254
5377,351,366
5378,351,764
5379,351,1017
5380,351,655
5381,351,11
5382,351,553
5383,351,889
5384,351,1125
5385,351,547
5386,351,1080
5387,351,1004
5388,351,644
5389,351,125
5390,351,141
5391,351,191
5392,351,97
5393,351,408
5394,351,481
5395,351,302
5396,351,1178
5397,351,120
5398,351,100
5399,351,177
5400,351,1010
5401,351,1067
5402,351,925
5403,351,213
5404,351,371
5405,351,1090
5406,351,882
5407,351,7
5408,351,915
5409,351,491
5410,351,346
5411,351,846
5412,351,1162
5413,351,870
5414,351,1135
5415,351,1062
5416,351,180
5417,351,951
5418,351,343
5419,351,480
5420,351,403
5421,351,129
5422,351,394
5423,351,152
5424,351,461
5425,351,1041
5426,351,891
5427,351,40
5428,351,823
5429,351,345
5430,351,617
5431,351,919
5432,351,72
5433,351,672
5434,351,369
5435,351,809
5436,351,928
5437,351,116
5438,351,235
5439,351,43
5440,351,959
5441,351,388
5442,351,676
5443,351,348
5444,351,570
5445,351,736
5446,351,367
5447,351,19
5448,351,385
5449,351,230
5450,351,153
5451,351,112
5452,351,754
5453,351,946
5454,351,958
5455,351,976
5456,351,944
5457,351,690
5458,351,157
5459,351,777
5460,351,36
5461,351,677
5462,351,735
5463,351,265
5464,351,270
5465,351,1201
5466,351,952
5467,351,103
5468,351,721
5469,351,471
5470,351,531
5471,351,111
5472,351,940
5473,351,46
5474,351,656
5475,351,58
5476,351,79
5477,351,474
5478,351,118
5479,351,868
5480,351,444
5481,351,705
5482,351,1107
5483,351,49
5484,351,1203
5485,351,871
5486,351,979
5487,351,520
5488,351,91
5489,351,786
5490,351,451
5491,351,411
5492,351,349
5493,351,142
5494,351,1097
5495,351,533
5496,351,1075
5497,351,247
5498,351,1113
5499,351,171
5500,351,830
5501,351,1137
5502,351,268
5503,351,89
5504,351,1047
5505,351,1038
5506,351,32
5507,351,1108
5508,351,347
5509,351,67
5510,351,492
5511,351,497
5512,351,762
5513,351,734
5514,351,6
5515,351,344
5516,351,628
5517,351,806
5518,351,653
5519,351,241
5520,351,485
5521,351,179
5522,351,316
5523,351,995
5524,351,57
5525,351,939
5526,351,793
5527,351,692
5528,351,297
5529,351,101
5530,351,725
5531,351,1089
5532,351,248
5533,351,467
5534,351,274
5535,351,747
5536,351,165
5537,351,862
5538,351,907
5539,351,625
5540,351,794
5541,351,1130
5542,351,212
5543,351,376
5544,351,838
5545,351,908
5546,351,391
5547,351,514
5548,351,767
5549,351,512
5550,351,1197
5551,351,1000
5552,351,1034
5553,351,1154
5554,351,1070
5555,351,714
5556,351,591
5557,351,17
5558,351,412
5559,351,409
5560,351,605
5561,351,819
5562,351,1202
5563,351,1174
5564,351,1088
5565,351,319
5566,351,660
5567,351,1048
5568,351,585
5569,351,637
5570,351,266
5571,351,722
5572,351,1037
5573,351,312
5574,351,334
5575,351,15
5576,351,588
5577,351,383
5578,351,9
5579,351,922
5580,351,776
5581,351,354
5582,351,202
5583,351,1131
5584,351,638
5585,351,852
5586,351,727
5587,351,858
5588,351,37
5589,351,659
5590,351,669
5591,351,1177
5592,351,704
5593,351,34
5594,351,901
5595,351,483
5596,351,251
5597,351,613
5598,351,663
5599,351,506
5600,351,759
5601,351,249
5602,351,986
5603,351,1199
5604,351,836
5605,351,159
5606,351,1057
5607,351,401
5608,351,564
5609,351,1086
5610,351,39
5611,351,279
5612,351,1082
5613,351,861
5614,351,807
5615,351,151
5616,351,895
5617,351,803
5618,351,936
5619,351,96
5620,351,1124
5621,351,463
5622,351,114
5623,351,562
5624,351,1019
5625,351,1196
5626,351,684
5627,351,1056
5628,351,550
5629,351,833
5630,351,989
5631,351,884
5632,351,877
5633,351,719
5634,351,1115
5635,351,1093
5636,351,26
5637,351,909
5638,351,448
5639,351,38
5640,351,552
5641,351,225
5642,351,954
5643,351,522
5644,351,649
5645,351,183
5646,351,760
5647,351,1060
5648,351,1189
5649,351,784
5650,351,743
5651,351,399
5652,351,769
5653,351,432
5654,351,75
5655,351,510
5656,351,1096
5657,351,962
5658,351,526
5659,351,641
5660,351,961
5661,351,810
5662,351,4
5663,351,783
5664,351,797
5665,351,364
5666,351,765
5667,351,1147
5668,351,50
5669,351,697
5670,351,188
5671,351,468
5672,351,1052
5673,351,1123
5674,351,87
5675,351,960
5676,351,435
5677,351,93
5678,351,161
5679,351,500
5680,351,275
5681,351,953
5682,351,102
5683,351,980
5684,351,280
5685,351,52
5686,351,573
5687,351,872
5688,351,513
5689,351,261
5690,351,583
5691,351,318
5692,351,121
5693,351,164
5694,351,822
5695,351,596
5696,351,917
5697,351,750
5698,351,812
5699,351,729
5700,351,730
5701,351,1144
5702,351,378
5703,351,1008
5704,351,920
5705,351,528
5706,351,975
5707,351,503
5708,351,329
5709,351,117
5710,351,622
5711,351,194
5712,351,970
5713,351,1054
5714,351,426
5715,351,984
5716,351,827
5717,351,200
5718,351,1104
5719,351,1023
5720,351,1061
5721,351,173
5722,351,295
5723,351,584
5724,351,667
5725,351,13
5726,351,746
5727,351,1046
5728,351,916
5729,351,1095
5730,351,269
5731,351,1136
5732,351,643
5733,351,98
5734,351,941
5735,351,904
5736,351,71
5737,351,229
5738,351,22
5739,351,1035
5740,351,668
5741,351,611
5742,351,389
5743,351,813
5744,351,182
5745,351,211
5746,351,1167
5747,351,589
5748,351,400
5749,351,203
5750,351,358
5751,351,445
5752,351,540
5753,351,1157
5754,351,66
5755,351,679
5756,351,935
5757,351,798
5758,351,455
5759,351,147
5760,351,787
5761,351,657
5762,351,189
5763,351,2
5764,351,487
5765,351,82
5766,351,289
5767,351,981
5768,351,379
5769,351,126
5770,351,299
5771,351,1112
5772,351,732
5773,351,876
5774,351,693
5775,351,1163
5776,351,381
5777,351,30
5778,351,785
5779,351,16
5780,351,228
5781,351,505
5782,351,775
5783,351,688
5784,351,357
5785,351,258
5786,351,602
5787,351,758
5788,351,1151
5789,351,686
5790,351,791
5791,351,715
5792,351,330
5793,351,469
5794,351,1140
5795,351,733
5796,351,416
5797,351,317
5798,351,146
5799,351,185
5800,351,278
5801,351,853
5802,351,1092
5803,351,260
5804,351,857
5805,351,829
5806,351,942
5807,351,820
5808,351,511
5809,351,992
5810,351,419
5811,351,571
5812,351,460
5813,351,81
5814,351,1148
5815,351,205
5816,351,138
5817,351,338
5818,351,131
5819,351,406
5820,351,751
5821,351,1117
5822,351,529
5823,351,273
5824,351,927
5825,351,968
5826,351,167
5827,351,841
5828,351,608
5829,351,619
5830,351,163
5831,351,957
5832,351,276
5833,351,392
5834,351,546
5835,351,62
5836,355,415
5837,355,981
5838,355,513
5839,355,838
5840,355,52
5841,355,813
5842,355,25
5843,355,61
5844,355,800
5845,355,1196
5846,355,1193
5847,355,759
5848,355,1129
5849,356,745
5850,356,162
5851,356,854
5852,356,1097
5853,356,468
5854,356,182
5855,356,423
5856,356,922
5857,356,235
5858,356,446
5859,356,1007
5860,356,944
5861,356,308
5862,356,683
5863,356,686
5864,356,295
5865,356,68
5866,356,1090
5867,356,732
5868,356,189
5869,356,502
5870,356,836
5871,356,0
5872,356,1053
5873,356,1003
5874,356,973
5875,356,573
5876,356,126
5877,356,923
5878,356,1121
5879,356,263
5880,356,4
5881,356,252
5882,356,576
5883,356,727
5884,356,258
5885,356,1200
5886,356,103
5887,356,1077
5888,356,963
5889,356,284
5890,356,889
5891,356,1028
5892,356,124
5893,356,297
5894,356,149
5895,356,117
5896,356,581
5897,356,926
5898,356,1088
5899,356,71
5900,356,1142
5901,356,685
5902,356,406
5903,356,1184
5904,356,62
5905,356,343
5906,356,372
5907,356,811
5908,356,1095
5909,356,1064
5910,356,537
5911,356,742
5912,356,765
5913,356,817
5914,356,987
5915,356,806
5916,356,611
5917,356,1157
5918,356,272
5919,356,20
5920,356,248
5921,356,716
5922,356,161
5923,356,1052
5924,356,514
5925,356,1150
5926,356,39
5927,356,268
5928,356,443
5929,356,1166
5930,356,488
5931,356,412
5932,356,462
5933,356,253
5934,356,752
5935,356,1045
5936,356,640
5937,356,693
5938,356,57
5939,356,870
5940,356,229
5941,356,924
5942,356,715
5943,356,112
5944,356,209
5945,356,868
5946,356,891
5947,356,612
5948,356,660
5949,356,230
5950,356,759
5951,356,142
5952,356,722
5953,356,160
5954,356,427
5955,356,60
5956,356,1123
5957,356,893
5958,356,200
5959,356,588
5960,356,178
5961,356,549
5962,356,219
5963,356,730
5964,356,775
5965,356,15
5966,356,45
5967,356,1189
5968,356,106
5969,356,861
5970,356,170
5971,356,878
5972,356,428
5973,356,949
5974,356,1104
5975,356,392
5976,356,224
5977,356,132
5978,356,454
5979,356,211
5980,356,452
5981,356,97
5982,356,301
5983,356,202
5984,356,29
5985,356,932
5986,356,351
5987,356,700
5988,356,819
5989,356,1002
5990,356,198
5991,356,758
5992,356,820
5993,356,172
5994,356,1061
5995,356,1140
5996,356,1133
5997,356,401
5998,356,249
5999,356,196
6000,356,609
6001,356,44
6002,356,1127
6003,356,56
6004,356,535
6005,356,1118
6006,356,150
6007,356,1186
6008,356,892
6009,356,458
6010,356,950
6011,356,421
6012,356,309
6013,356,989
6014,356,1112
6015,356,404
6016,356,459
6017,356,643
6018,356,475
6019,356,723
6020,356,798
6021,356,962
6022,356,441
6023,356,6
6024,356,1158
6025,356,579
6026,356,425
6027,356,666
6028,356,1164
6029,356,445
6030,356,165
6031,356,341
6032,356,1037
6033,356,1001
6034,356,122
6035,356,55
6036,356,260
6037,356,1143
6038,356,831
6039,356,805
6040,356,503
6041,356,1146
6042,356,11
6043,356,1062
6044,356,596
6045,356,942
6046,356,99
6047,356,477
6048,356,632
6049,356,1093
6050,356,713
6051,356,317
6052,356,1044
6053,356,678
6054,356,440
6055,356,781
6056,356,911
6057,356,648
6058,356,1010
6059,356,961
6060,356,138
6061,356,794
6062,356,628
6063,356,645
6064,356,61
6065,356,636
6066,356,1193
6067,356,1004
6068,356,398
6069,356,102
6070,356,349
6071,356,1136
6072,356,247
6073,356,314
6074,356,193
6075,356,214
6076,356,520
6077,356,136
6078,356,96
6079,356,900
6080,356,591
6081,356,1015
6082,356,41
6083,356,657
6084,356,1116
6085,356,559
6086,356,808
6087,356,948
6088,356,1076
6089,356,1203
6090,356,327
6091,356,1198
6092,356,1196
6093,356,2
6094,356,917
6095,356,1107
6096,356,31
6097,356,1180
6098,356,511
6099,356,1172
6100,356,1084
6101,356,442
6102,356,1181
6103,356,971
6104,356,1163
6105,356,828
6106,356,1098
6107,356,656
6108,356,647
6109,356,463
6110,356,212
6111,356,484
6112,356,120
6113,356,497
6114,356,476
6115,356,1000
6116,356,194
6117,356,883
6118,356,641
6119,356,75
6120,356,466
6121,356,884
6122,356,809
6123,356,479
6124,356,597
6125,356,977
6126,356,467
6127,356,318
6128,356,909
6129,356,506
6130,356,945
6131,356,166
6132,356,994
6133,356,847
6134,356,361
6135,356,575
6136,356,287
6137,356,737
6138,356,714
6139,356,1021
6140,356,291
6141,356,633
6142,356,394
6143,356,691
6144,356,37
6145,356,191
6146,356,292
6147,356,1100
6148,356,320
6149,356,438
6150,356,968
6151,356,747
6152,356,569
6153,356,397
6154,356,59
6155,356,25
6156,356,896
6157,356,64
6158,356,872
6159,356,1035
6160,356,1058
6161,356,375
6162,356,886
6163,356,1149
6164,356,226
6165,356,990
6166,356,876
6167,356,522
6168,356,266
6169,356,474
6170,356,677
6171,356,992
6172,356,1162
6173,356,624
6174,356,239
6175,356,140
6176,356,336
6177,356,916
6178,356,804
6179,356,998
6180,356,1202
6181,356,980
6182,356,734
6183,356,483
6184,356,188
6185,356,790
6186,356,87
6187,356,339
6188,356,784
6189,356,915
6190,356,1144
6191,356,330
6192,356,204
6193,356,601
6194,356,665
6195,356,487
6196,356,904
6197,356,914
6198,356,1085
6199,356,1049
6200,356,1160
6201,356,1074
6202,356,363
6203,356,1129
6204,356,335
6205,356,1086
6206,356,14
6207,356,767
6208,356,946
6209,356,111
6210,356,157
6211,356,377
6212,356,672
6213,356,1194
6214,356,453
6215,356,540
6216,356,282
6217,356,17
6218,356,137
6219,356,471
6220,356,1047
6221,356,217
6222,356,116
6223,356,280
6224,356,969
6225,356,901
6226,356,802
6227,356,674
6228,356,536
6229,356,908
6230,356,88
6231,356,1148
6232,356,108
6233,356,1089
6234,356,864
6235,356,481
6236,356,54
6237,356,1046
6238,356,65
6239,356,259
6240,356,823
6241,356,509
6242,356,183
6243,356,326
6244,356,334
6245,356,746
6246,356,845
6247,356,9
6248,356,383
6249,356,997
6250,356,461
6251,356,486
6252,356,1072
6253,356,757
6254,356,539
6255,356,175
6256,356,1145
6257,356,725
6258,356,542
6259,356,50
6260,356,1099
6261,356,90
6262,356,407
6263,356,560
6264,356,257
6265,356,405
6266,356,156
6267,356,499
6268,356,125
6269,356,704
6270,356,996
6271,356,429
6272,356,903
6273,356,290
6274,356,186
6275,356,1083
6276,356,639
6277,356,98
6278,356,1018
6279,356,570
6280,356,1183
6281,356,388
6282,356,705
6283,356,552
6284,356,1048
6285,356,965
6286,356,1034
6287,356,1124
6288,356,800
6289,356,158
6290,356,1130
6291,356,744
6292,356,76
6293,356,321
6294,356,521
6295,356,294
6296,356,1105
6297,356,1016
6298,356,373
6299,356,991
6300,356,115
6301,356,267
6302,356,329
6303,356,27
6304,356,92
6305,356,319
6306,356,574
6307,356,676
6308,356,1054
6309,356,839
6310,356,976
6311,356,807
6312,356,393
6313,356,38
6314,356,1079
6315,356,417
6316,356,626
6317,356,1111
6318,356,1066
6319,356,1187
6320,356,353
6321,356,774
6322,356,1199
6323,356,43
6324,356,563
6325,356,604
6326,356,707
6327,356,1173
6328,356,114
6329,356,435
6330,356,843
6331,356,299
6332,356,73
6333,356,531
6334,356,558
6335,356,285
6336,356,302
6337,356,221
6338,356,513
6339,356,378
6340,356,815
6341,356,1139
6342,356,431
6343,356,762
6344,356,1038
6345,356,1040
6346,356,328
6347,356,1103
6348,356,437
6349,356,1131
6350,356,670
6351,356,12
6352,356,1051
6353,356,527
6354,356,507
6355,356,530
6356,356,951
6357,356,21
6358,356,1
6359,356,332
6360,356,898
6361,356,684
6362,356,289
6363,356,269
6364,356,842
6365,356,551
6366,356,840
6367,356,49
6368,356,599
6369,356,382
6370,356,1159
6371,356,367
6372,356,905
6373,356,938
6374,356,16
6375,356,544
6376,356,682
6377,356,799
6378,356,593
6379,356,907
6380,356,1070
6381,356,364
6382,356,123
6383,356,616
6384,356,391
6385,356,844
6386,356,376
6387,356,303
6388,356,432
6389,356,943
6390,356,380
6391,356,1067
6392,356,532
6393,356,439
6394,356,754
6395,356,1101
6396,356,1191
6397,356,603
6398,356,1081
6399,356,7
6400,356,523
6401,356,608
6402,356,756
6403,356,307
6404,356,706
6405,356,721
6406,356,717
6407,356,644
6408,356,788
6409,356,491
6410,356,702
6411,356,787
6412,356,1014
6413,356,858
6414,356,786
6415,356,834
6416,356,954
6417,356,127
6418,356,146
6419,356,1156
6420,356,981
6421,356,304
6422,356,726
6423,356,709
6424,356,1153
6425,356,101
6426,356,925
6427,356,434
6428,356,899
6429,356,227
6430,356,695
6431,356,34
6432,356,859
6433,356,154
6434,356,450
6435,356,333
6436,356,245
6437,356,718
6438,356,338
6439,356,225
6440,356,464
6441,356,777
6442,356,825
6443,356,983
6444,356,242
6445,356,51
6446,356,731
6447,356,1152
6448,356,164
6449,356,814
6450,356,460
6451,356,783
6452,356,692
6453,356,565
6454,356,1023
6455,356,403
6456,356,957
6457,356,635
6458,356,444
6459,356,920
6460,356,733
6461,356,273
6462,356,690
6463,356,310
6464,356,1030
6465,356,1165
6466,356,740
6467,356,515
6468,356,720
6469,356,681
6470,356,84
6471,356,625
6472,356,167
6473,356,192
6474,356,1108
6475,356,46
6476,356,286
6477,356,1036
6478,356,389
6479,356,797
6480,356,561
6481,356,548
6482,356,1110
6483,356,296
6484,356,821
6485,356,912
6486,356,153
6487,356,504
6488,356,362
6489,356,789
6490,356,930
6491,356,885
6492,356,246
6493,356,631
6494,356,701
6495,356,58
6496,356,780
6497,356,689
6498,356,492
6499,356,629
6500,356,465
6501,356,710
6502,356,582
6503,421,815
6504,421,872
6505,421,814
6506,421,92
6507,421,289
6508,421,497
6509,421,483
6510,421,638
6511,421,1200
6512,421,111
6513,421,1134
6514,421,328
6515,421,652
6516,421,937
6517,421,314
6518,421,362
6519,421,943
6520,421,877
6521,421,850
6522,421,970
6523,421,390
6524,421,1034
6525,421,11
6526,421,320
6527,421,1088
6528,421,377
6529,421,692
6530,421,704
6531,421,797
6532,421,20
6533,421,21
6534,421,534
6535,421,442
6536,421,195
6537,421,1123
6538,421,925
6539,421,232
6540,421,643
6541,421,879
6542,421,570
6543,421,242
6544,421,438
6545,421,730
6546,421,312
6547,421,466
6548,421,293
6549,421,439
6550,421,705
6551,421,840
6552,421,197
6553,421,250
6554,421,101
6555,421,1163
6556,421,732
6557,421,1070
6558,421,979
6559,421,1060
6560,421,956
6561,421,624
6562,421,499
6563,421,721
6564,421,720
6565,421,175
6566,421,663
6567,421,750
6568,421,891
6569,421,852
6570,421,122
6571,421,684
6572,421,589
6573,421,963
6574,421,261
6575,421,819
6576,421,584
6577,421,562
6578,421,961
6579,421,166
6580,421,64
6581,421,489
6582,421,113
6583,421,957
6584,421,1142
6585,421,474
6586,421,132
6587,421,460
6588,421,27
6589,421,394
6590,421,425
6591,421,946
6592,421,1151
6593,421,552
6594,421,541
6595,421,41
6596,421,780
6597,421,789
6598,421,544
6599,421,669
6600,421,781
6601,421,267
6602,421,400
6603,421,1167
6604,421,595
6605,421,1000
6606,421,741
6607,421,144
6608,421,180
6609,421,99
6610,421,596
6611,421,670
6612,421,397
6613,421,787
6614,421,515
6615,421,528
6616,421,161
6617,421,120
6618,421,708
6619,421,917
6620,421,82
6621,421,1107
6622,421,689
6623,421,1084
6624,421,187
6625,421,294
6626,421,813
6627,421,209
6628,421,545
6629,421,873
6630,421,165
6631,421,1069
6632,421,170
6633,421,763
6634,421,480
6635,421,976
6636,421,162
6637,421,479
6638,421,913
6639,421,448
6640,421,168
6641,421,404
6642,421,205
6643,421,784
6644,421,509
6645,421,656
6646,421,446
6647,421,893
6648,421,1145
6649,421,227
6650,421,116
6651,421,973
6652,421,44
6653,421,909
6654,421,118
6655,421,965
6656,421,994
6657,421,880
6658,421,63
6659,421,939
6660,421,426
6661,421,542
6662,421,379
6663,421,85
6664,421,207
6665,421,941
6666,421,658
6667,421,1051
6668,421,1203
6669,421,949
6670,421,31
6671,421,531
6672,421,317
6673,421,782
6674,421,971
6675,421,493
6676,421,715
6677,421,1039
6678,421,231
6679,421,247
6680,421,712
6681,421,639
6682,421,115
6683,421,1119
6684,421,555
6685,421,828
6686,421,56
6687,421,409
6688,421,888
6689,421,714
6690,421,295
6691,421,759
6692,421,945
6693,421,1178
6694,421,306
6695,421,811
6696,421,765
6697,421,74
6698,421,271
6699,421,104
6700,421,822
6701,421,39
6702,421,369
6703,421,1015
6704,421,498
6705,421,604
6706,421,1046
6707,421,508
6708,421,28
6709,421,766
6710,421,1169
6711,421,61
6712,421,874
6713,421,774
6714,421,607
6715,421,829
6716,421,368
6717,421,200
6718,421,121
6719,421,804
6720,421,1022
6721,421,486
6722,421,505
6723,421,1058
6724,421,383
6725,421,1041
6726,421,1105
6727,421,429
6728,421,691
6729,421,316
6730,421,1005
6731,421,831
6732,421,535
6733,421,100
6734,421,950
6735,421,245
6736,421,1017
6737,421,1036
6738,421,931
6739,421,253
6740,421,276
6741,421,968
6742,421,133
6743,421,889
6744,421,378
6745,421,279
6746,421,767
6747,421,43
6748,421,450
6749,421,1122
6750,421,754
6751,421,546
6752,421,984
6753,421,1146
6754,421,322
6755,421,867
6756,421,257
6757,421,858
6758,421,244
6759,421,795
6760,421,324
6761,421,657
6762,421,25
6763,421,619
6764,421,519
6765,421,148
6766,421,597
6767,421,220
6768,421,564
6769,421,713
6770,421,1160
6771,421,413
6772,421,91
6773,421,799
6774,421,548
6775,421,210
6776,421,34
6777,421,169
6778,421,212
6779,421,902
6780,421,674
6781,421,816
6782,421,582
6783,421,1072
6784,421,747
6785,421,1193
6786,421,221
6787,421,788
6788,421,386
6789,421,129
6790,421,1152
6791,421,613
6792,421,673
6793,421,477
6794,421,1136
6795,421,297
6796,421,942
6797,421,1158
6798,421,277
6799,421,202
6800,421,900
6801,421,1071
6802,421,304
6803,421,75
6804,421,514
6805,421,353
6806,421,958
6807,421,820
6808,421,1081
6809,421,861
6810,421,912
6811,421,214
6812,421,709
6813,421,502
6814,421,387
6815,421,73
6816,421,58
6817,421,580
6818,421,457
6819,421,769
6820,421,832
6821,421,523
6822,421,1116
6823,421,229
6824,421,143
6825,421,668
6826,421,467
6827,421,311
6828,421,292
6829,421,401
6830,421,916
6831,421,1053
6832,421,870
6833,421,1076
6834,421,695
6835,421,427
6836,421,863
6837,421,298
6838,421,365
6839,421,201
6840,421,1129
6841,421,550
6842,421,1190
6843,421,164
6844,421,1096
6845,421,389
6846,421,904
6847,421,22
6848,421,1102
6849,421,1066
6850,421,60
6851,421,290
6852,421,76
6853,421,96
6854,421,125
6855,421,248
6856,421,1083
6857,421,551
6858,421,263
6859,421,1195
6860,421,149
6861,421,71
6862,421,547
6863,421,484
6864,421,648
6865,421,650
6866,421,339
6867,421,686
6868,421,69
6869,421,571
6870,421,756
6871,421,26
6872,421,1126
6873,421,821
6874,421,275
6875,421,299
6876,421,491
6877,421,609
6878,421,675
6879,421,179
6880,421,506
6881,421,783
6882,421,579
6883,421,844
6884,421,507
6885,421,54
6886,421,786
6887,421,336
6888,421,174
6889,421,553
6890,421,183
6891,421,136
6892,421,102
6893,421,915
6894,421,991
6895,421,622
6896,421,156
6897,421,914
6898,421,918
6899,421,655
6900,421,268
6901,421,647
6902,421,49
6903,421,642
6904,421,226
6905,421,259
6906,421,898
6907,421,986
6908,421,681
6909,421,338
6910,421,836
6911,421,81
6912,421,1154
6913,421,430
6914,421,1111
6915,421,235
6916,421,77
6917,421,1014
6918,421,173
6919,421,660
6920,421,36
6921,421,354
6922,421,955
6923,421,287
6924,421,340
6925,421,919
6926,421,526
6927,421,1049
6928,421,278
6929,421,333
6930,421,35
6931,421,583
6932,421,396
6933,421,186
6934,421,1002
6935,421,1011
6936,421,565
6937,421,392
6938,421,310
6939,421,1103
6940,421,154
6941,421,1001
6942,421,1037
6943,421,641
6944,421,1109
6945,421,1176
6946,421,359
6947,421,503
6948,421,711
6949,421,193
6950,421,678
6951,421,744
6952,421,757
6953,421,1035
6954,421,932
6955,421,139
6956,421,1141
6957,421,246
6958,421,845
6959,421,1110
6960,421,1018
6961,421,629
6962,421,739
6963,421,1183
6964,421,646
6965,421,9
6966,421,160
6967,421,360
6968,421,698
6969,421,954
6970,421,1085
6971,421,1114
6972,421,50
6973,421,1164
6974,421,349
6975,421,834
6976,421,350
6977,421,272
6978,421,885
6979,421,177
6980,421,640
6981,421,1199
6982,421,856
6983,421,752
6984,421,124
6985,421,1101
6986,421,1181
6987,421,1077
6988,421,321
6989,421,529
6990,421,107
6991,421,687
6992,421,114
6993,421,94
6994,421,1144
6995,421,1162
6996,421,481
6997,421,119
6998,421,433
6999,421,343
7000,421,1010
7001,421,296
7002,421,878
7003,421,302
7004,421,435
7005,421,775
7006,421,1104
7007,421,4
7008,421,376
7009,421,1131
7010,421,1026
7011,421,471
7012,421,981
7013,421,62
7014,421,839
7015,421,37
7016,421,117
7017,421,319
7018,421,688
7019,421,1117
7020,421,848
7021,421,883
7022,421,614
7023,421,53
7024,421,532
7025,421,886
7026,421,19
7027,421,351
7028,421,1078
7029,421,414
7030,421,372
7031,421,926
7032,421,55
7033,421,399
7034,421,1153
7035,421,794
7036,421,557
7037,421,907
7038,421,402
7039,421,112
7040,421,260
7041,421,416
7042,421,760
7043,421,1171
7044,421,722
7045,421,785
7046,421,131
7047,421,882
7048,421,361
7049,421,1143
7050,421,630
7051,421,959
7052,421,992
7053,421,282
7054,421,1194
7055,421,1113
7056,421,1094
7057,421,634
7058,421,318
7059,421,817
7060,421,1089
7061,421,764
7062,421,1048
7063,421,305
7064,421,735
7065,421,636
7066,421,823
7067,421,1150
7068,421,599
7069,421,513
7070,421,953
7071,421,445
7072,421,807
7073,421,824
7074,421,676
7075,421,903
7076,421,223
7077,421,853
7078,421,964
7079,421,0
7080,421,1019
7081,421,990
7082,421,558
7083,421,341
7084,421,593
7085,421,911
7086,421,454
7087,421,137
7088,421,142
7089,421,934
7090,421,520
7091,421,518
7092,421,240
7093,421,598
7094,421,405
7095,421,662
7096,421,996
7097,421,563
7098,421,1061
7099,421,792
7100,421,178
7101,421,1097
7102,421,38
7103,421,492
7104,421,869
7105,421,273
7106,421,1033
7107,421,153
7108,421,380
7109,421,258
7110,421,1147
7111,421,808
7112,421,556
7113,421,185
7114,421,1059
7115,421,1187
7116,421,465
7117,421,1197
7118,421,645
7119,577,949
7120,577,879
7121,577,680
7122,577,55
7123,577,331
7124,577,749
7125,577,652
7126,577,1056
7127,577,450
7128,577,1025
7129,577,640
7130,577,1033
7131,577,715
7132,577,1125
7133,577,157
7134,577,495
7135,577,479
7136,577,569
7137,577,871
7138,577,324
7139,577,931
7140,577,888
7141,577,184
7142,577,595
7143,577,451
7144,577,205
7145,577,72
7146,577,751
7147,577,962
7148,577,723
7149,577,476
7150,577,625
7151,577,356
7152,577,1031
7153,577,954
7154,577,903
7155,577,838
7156,577,716
7157,577,1143
7158,577,970
7159,577,769
7160,577,698
7161,577,1164
7162,577,952
7163,692,182
7164,692,991
7165,692,511
7166,692,514
7167,692,1172
7168,692,849
7169,692,1049
7170,692,210
7171,692,685
7172,692,166
7173,692,1066
7174,692,938
7175,692,244
7176,692,479
7177,692,986
7178,692,868
7179,692,519
7180,692,217
7181,692,510
7182,692,488
7183,692,35
7184,692,618
7185,692,896
7186,692,321
7187,692,287
7188,692,258
7189,692,467
7190,692,336
7191,692,551
7192,692,1182
7193,692,183
7194,692,784
7195,692,933
7196,692,711
7197,692,1069
7198,692,218
7199,692,447
7200,692,559
7201,692,524
7202,692,119
7203,692,1159
7204,692,1170
7205,692,951
7206,692,261
7207,692,953
7208,692,1104
7209,692,639
7210,692,609
7211,692,254
7212,692,1046
7213,692,794
7214,692,856
7215,692,626
7216,692,1158
7217,692,663
7218,692,914
7219,692,389
7220,692,295
7221,692,100
7222,692,765
7223,692,274
7224,692,1145
7225,692,380
7226,692,267
7227,692,830
7228,692,454
7229,692,367
7230,692,398
7231,692,506
7232,692,58
7233,692,396
7234,692,735
7235,692,132
7236,692,401
7237,692,1149
7238,692,6
7239,692,27
7240,692,709
7241,692,26
7242,692,123
7243,692,420
7244,692,771
7245,692,791
7246,692,898
7247,692,917
7248,692,672
7249,692,973
7250,692,541
7251,692,560
7252,692,549
7253,692,909
7254,692,673
7255,692,1103
7256,692,603
7257,692,779
7258,692,800
7259,692,21
7260,692,790
7261,692,335
7262,692,885
7263,692,947
7264,692,175
7265,692,1089
7266,692,843
7267,692,43
7268,692,554
7269,692,5
7270,692,379
7271,692,891
7272,692,53
7273,692,758
7274,692,257
7275,692,1134
7276,692,645
7277,692,804
7278,692,755
7279,692,695
7280,692,305
7281,692,1180
7282,692,522
7283,692,1093
7284,692,665
7285,692,889
7286,692,77
7287,692,1162
7288,692,664
7289,692,355
7290,692,616
7291,692,1203
7292,692,245
7293,692,625
7294,692,397
7295,692,273
7296,692,507
7297,692,441
7298,692,180
7299,692,736
7300,692,1109
7301,692,877
7302,692,1117
7303,692,610
7304,692,263
7305,692,311
7306,692,102
7307,692,347
7308,692,924
7309,692,158
7310,692,1146
7311,692,957
7312,692,319
7313,692,1121
7314,692,113
7315,692,961
7316,692,837
7317,692,496
7318,692,1019
7319,692,79
7320,692,558
7321,692,219
7322,692,1183
7323,692,983
7324,692,36
7325,692,1156
7326,692,284
7327,692,248
7328,712,553
7329,712,956
7330,712,542
7331,712,154
7332,712,101
7333,712,246
7334,712,603
7335,712,651
7336,712,1048
7337,712,982
7338,712,229
7339,712,302
7340,712,681
7341,712,430
7342,712,981
7343,712,1143
7344,712,184
7345,712,85
7346,712,15
7347,712,230
7348,712,295
7349,712,947
7350,712,134
7351,712,490
7352,712,1056
7353,712,37
7354,712,832
7355,712,646
7356,712,445
7357,712,284
7358,712,700
7359,712,287
7360,712,680
7361,712,707
7362,712,907
7363,712,116
7364,712,934
7365,712,732
7366,712,652
7367,712,1080
7368,712,724
7369,712,1025
7370,712,174
7371,712,715
7372,712,481
7373,712,913
7374,712,588
7375,712,717
7376,712,175
7377,712,774
7378,712,915
7379,712,862
7380,712,782
7381,712,158
7382,712,992
7383,712,279
7384,712,630
7385,712,986
7386,712,804
7387,712,438
7388,712,42
7389,712,172
7390,712,479
7391,712,919
7392,712,640
7393,712,1078
7394,712,296
7395,712,657
7396,712,685
7397,712,703
7398,712,562
7399,712,961
7400,712,214
7401,712,577
7402,712,1060
7403,712,1195
7404,712,604
7405,712,161
7406,712,68
7407,712,32
7408,712,1035
7409,712,61
7410,712,20
7411,712,533
7412,712,716
7413,712,932
7414,712,312
7415,712,470
7416,712,931
7417,712,255
7418,712,582
7419,712,228
7420,712,966
7421,712,721
7422,712,322
7423,712,686
7424,712,970
7425,712,357
7426,712,973
7427,712,927
7428,712,530
7429,712,589
7430,712,590
7431,712,126
7432,712,701
7433,712,144
7434,712,1007
7435,712,49
7436,712,260
7437,712,72
7438,712,994
7439,712,403
7440,712,944
7441,712,746
7442,712,953
7443,712,998
7444,712,653
7445,712,889
7446,712,419
7447,712,800
7448,712,265
7449,712,534
7450,712,349
7451,712,997
7452,712,311
7453,712,593
7454,712,629
7455,712,485
7456,712,888
7457,712,128
7458,712,332
7459,712,758
7460,712,348
7461,712,209
7462,712,741
7463,712,138
7464,712,558
7465,712,181
7466,712,843
7467,712,1144
7468,712,111
7469,712,36
7470,712,840
7471,712,819
7472,712,1096
7473,712,567
7474,712,597
7475,712,364
7476,712,484
7477,712,1069
7478,712,664
7479,712,330
7480,712,185
7481,712,531
7482,712,324
7483,712,742
7484,712,807
7485,712,674
7486,712,496
7487,712,123
7488,712,1036
7489,712,422
7490,712,1026
7491,712,1155
7492,712,39
7493,712,347
7494,712,269
7495,712,828
7496,712,983
7497,712,904
7498,712,80
7499,712,569
7500,712,661
7501,712,1087
7502,712,146
7503,712,10
7504,712,333
7505,712,1010
7506,712,599
7507,712,995
7508,712,1045
7509,712,872
7510,712,516
7511,712,806
7512,712,1196
7513,712,195
7514,712,935
7515,712,891
7516,712,1118
7517,712,755
7518,712,51
7519,712,1039
7520,712,1041
7521,712,793
7522,712,475
7523,712,356
7524,712,903
7525,712,297
7526,712,1090
7527,712,730
7528,712,673
7529,712,1147
7530,712,641
7531,712,98
7532,712,495
7533,712,963
7534,712,1099
7535,712,336
7536,712,1198
7537,712,27
7538,712,62
7539,712,883
7540,712,341
7541,712,1021
7542,712,555
7543,712,344
7544,712,812
7545,712,1123
7546,712,938
7547,712,223
7548,712,1046
7549,715,234
7550,715,869
7551,715,306
7552,715,552
7553,715,996
7554,715,413
7555,715,809
7556,715,544
7557,715,1073
7558,715,7
7559,715,176
7560,715,829
7561,715,490
7562,715,1088
7563,715,115
7564,715,491
7565,715,698
7566,715,711
7567,715,274
7568,715,817
7569,715,1049
7570,715,528
7571,715,47
7572,715,360
7573,715,670
7574,715,1079
7575,715,537
7576,715,354
7577,715,259
7578,715,757
7579,715,230
7580,715,1200
7581,715,349
7582,715,926
7583,715,769
7584,715,20
7585,715,661
7586,715,1077
7587,715,1145
7588,715,125
7589,715,875
7590,715,766
7591,715,500
7592,715,808
7593,715,355
7594,715,320
7595,715,192
7596,715,743
7597,715,180
7598,715,1182
7599,715,273
7600,715,594
7601,715,324
7602,715,1176
7603,715,35
7604,715,250
7605,715,119
7606,715,1191
7607,715,986
7608,715,402
7609,715,244
7610,715,876
7611,715,1140
7612,715,58
7613,715,212
7614,715,182
7615,715,268
7616,715,647
7617,715,682
7618,715,780
7619,715,673
7620,715,1046
7621,715,812
7622,715,261
7623,715,482
7624,715,90
7625,715,742
7626,715,930
7627,715,158
7628,715,1018
7629,715,253
7630,715,389
7631,715,1126
7632,715,620
7633,715,1003
7634,715,327
7635,715,851
7636,715,577
7637,715,987
7638,715,739
7639,715,81
7640,715,296
7641,715,242
7642,715,937
7643,715,759
7644,715,243
7645,715,834
7646,715,1032
7647,715,957
7648,715,1160
7649,715,177
7650,715,498
7651,715,1150
7652,715,578
7653,715,492
7654,715,1188
7655,715,616
7656,715,378
7657,715,750
7658,715,1002
7659,715,1045
7660,715,1138
7661,715,293
7662,715,1004
7663,715,732
7664,715,434
7665,715,289
7666,715,700
7667,715,1040
7668,715,790
7669,715,667
7670,715,1006
7671,715,430
7672,715,321
7673,715,369
7674,715,348
7675,715,866
7676,715,41
7677,715,463
7678,715,46
7679,715,203
7680,715,132
7681,715,1199
7682,715,795
7683,715,431
7684,715,1095
7685,715,279
7686,715,1052
7687,715,387
7688,715,309
7689,715,900
7690,715,1071
7691,715,472
7692,715,1146
7693,715,638
7694,715,319
7695,715,773
7696,715,1120
7697,715,206
7698,715,325
7699,715,623
7700,715,1098
7701,715,842
7702,715,331
7703,715,499
7704,715,545
7705,715,240
7706,715,1012
7707,715,921
7708,715,165
7709,715,1162
7710,715,901
7711,715,297
7712,715,1190
7713,715,77
7714,715,622
7715,715,859
7716,715,697
7717,715,440
7718,715,569
7719,715,522
7720,715,857
7721,715,277
7722,715,304
7723,715,1164
7724,715,105
7725,715,948
7726,715,1186
7727,715,785
7728,715,154
7729,715,508
7730,715,152
7731,715,1093
7732,715,988
7733,715,660
7734,715,518
7735,715,632
7736,715,375
7737,715,1037
7738,715,608
7739,715,998
7740,715,142
7741,715,89
7742,715,1159
7743,715,898
7744,715,648
7745,715,637
7746,715,1041
7747,715,39
7748,715,1147
7749,715,120
7750,715,702
7751,715,982
7752,715,806
7753,715,843
7754,715,1128
7755,715,344
7756,715,94
7757,715,565
7758,715,159
7759,715,328
7760,715,19
7761,715,218
7762,715,211
7763,715,506
7764,715,1152
7765,715,173
7766,715,361
7767,715,691
7768,715,398
7769,715,415
7770,715,955
7771,715,540
7772,715,63
7773,715,1178
7774,715,467
7775,715,1085
7776,715,442
7777,715,928
7778,715,1133
7779,715,239
7780,715,197
7781,715,792
7782,715,458
7783,715,191
7784,715,674
7785,715,438
7786,715,166
7787,715,1024
7788,715,643
7789,715,417
7790,715,554
7791,715,1196
7792,715,874
7793,715,311
7794,715,1132
7795,715,833
7796,715,14
7797,715,1180
7798,715,264
7799,715,854
7800,715,1131
7801,715,547
7802,715,33
7803,715,879
7804,715,255
7805,715,586
7806,715,1170
7807,715,688
7808,715,32
7809,715,847
7810,715,612
7811,715,1063
7812,715,445
7813,715,562
7814,715,531
7815,715,922
7816,715,800
7817,715,618
7818,715,1025
7819,715,314
7820,715,1187
7821,715,473
7822,715,821
7823,715,1019
7824,715,338
7825,715,1091
7826,715,407
7827,715,520
7828,715,75
7829,715,271
7830,715,782
7831,715,98
7832,715,238
7833,715,878
7834,715,914
7835,715,313
7836,715,1011
7837,715,631
7838,715,1066
7839,715,868
7840,715,233
7841,715,828
7842,715,563
7843,715,1062
7844,715,247
7845,715,666
7846,715,765
7847,715,675
7848,715,272
7849,715,462
7850,715,457
7851,715,1153
7852,715,529
7853,715,1000
7854,715,1154
7855,715,69
7856,715,965
7857,715,907
7858,715,852
7859,715,1039
7860,715,825
7861,715,714
7862,715,1087
7863,715,220
7864,715,709
7865,715,958
7866,715,275
7867,715,819
7868,715,153
7869,715,962
7870,715,241
7871,715,260
7872,715,367
7873,715,705
7874,715,421
7875,715,1117
7876,715,74
7877,715,1097
7878,715,179
7879,715,824
7880,715,1028
7881,715,67
7882,715,178
7883,715,1105
7884,715,927
7885,715,221
7886,715,990
7887,715,252
7888,715,403
7889,715,913
7890,715,95
7891,715,150
7892,715,1155
7893,715,870
7894,715,1189
7895,715,908
7896,715,510
7897,715,287
7898,715,435
7899,715,251
7900,715,52
7901,715,635
7902,715,109
7903,715,1069
7904,715,217
7905,715,512
7906,715,73
7907,715,713
7908,715,515
7909,715,867
7910,715,262
7911,715,539
7912,715,1054
7913,715,1057
7914,715,469
7915,715,561
7916,715,405
7917,715,1005
7918,715,753
7919,715,726
7920,715,263
7921,715,849
7922,715,724
7923,715,1109
7924,715,1169
7925,715,786
7926,715,400
7927,715,448
7928,715,9
7929,715,170
7930,715,1030
7931,715,284
7932,715,949
7933,715,599
7934,715,778
7935,715,777
7936,715,659
7937,715,92
7938,715,44
7939,715,950
7940,715,225
7941,715,942
7942,715,872
7943,715,376
7944,715,754
7945,715,390
7946,715,553
7947,715,1007
7948,715,1192
7949,715,316
7950,715,282
7951,715,960
7952,715,884
7953,715,1102
7954,715,1076
7955,715,342
7956,715,517
7957,715,683
7958,715,936
7959,715,315
7960,715,1163
7961,715,548
7962,715,686
7963,715,341
7964,715,302
7965,715,391
7966,715,486
7967,715,538
7968,715,719
7969,715,83
7970,715,1050
7971,715,836
7972,715,397
7973,715,1167
7974,715,532
7975,715,135
7976,715,912
7977,715,788
7978,715,1061
7979,715,386
7980,715,725
7981,715,410
7982,715,100
7983,715,394
7984,715,1195
7985,715,207
7986,715,71
7987,715,139
7988,715,343
7989,715,761
7990,715,326
7991,715,503
7992,715,807
7993,715,953
7994,715,1165
7995,715,480
7996,715,929
7997,715,1157
7998,715,1104
7999,715,6
8000,715,161
8001,715,97
8002,715,917
8003,715,521
8004,715,308
8005,715,755
8006,715,270
8007,715,873
8008,715,283
8009,715,984
8010,715,382
8011,715,332
8012,715,981
8013,715,443
8014,715,144
8015,715,592
8016,715,895
8017,715,696
8018,715,680
8019,715,464
8020,715,429
8021,715,408
8022,715,1016
8023,715,533
8024,715,441
8025,715,889
8026,715,300
8027,715,536
8028,715,1194
8029,715,794
8030,715,427
8031,715,323
8032,715,658
8033,715,1172
8034,715,1123
8035,715,1064
8036,715,140
8037,715,655
8038,715,107
8039,715,23
8040,715,10
8041,715,70
8042,715,653
8043,715,454
8044,715,181
8045,715,1015
8046,715,596
8047,715,49
8048,715,388
8049,715,101
8050,715,687
8051,715,228
8052,715,31
8053,715,708
8054,715,396
8055,715,133
8056,715,61
8057,715,877
8058,715,1127
8059,715,947
8060,715,312
8061,715,882
8062,715,894
8063,715,681
8064,715,983
8065,715,614
8066,715,772
8067,715,1035
8068,715,624
8069,715,134
8070,715,579
8071,715,626
8072,715,905
8073,715,104
8074,715,1078
8075,715,861
8076,715,235
8077,715,363
8078,715,294
8079,715,940
8080,715,21
8081,715,17
8082,715,366
8083,715,371
8084,715,668
8085,715,737
8086,715,26
8087,715,465
8088,715,961
8089,715,555
8090,715,372
8091,715,205
8092,715,706
8093,715,583
8094,715,209
8095,715,684
8096,715,373
8097,715,748
8098,715,1083
8099,715,1051
8100,715,815
8101,715,214
8102,715,1072
8103,715,676
8104,715,223
8105,715,1110
8106,715,446
8107,715,1082
8108,715,171
8109,715,404
8110,715,541
8111,715,756
8112,715,934
8113,715,840
8114,715,615
8115,715,1198
8116,715,570
8117,715,903
8118,715,938
8119,715,899
8120,715,556
8121,715,805
8122,715,546
8123,715,530
8124,715,185
8125,715,62
8126,715,392
8127,715,650
8128,715,514
8129,715,636
8130,715,810
8131,715,1203
8132,715,722
8133,715,558
8134,715,784
8135,715,478
8136,715,1114
8137,715,595
8138,715,695
8139,715,656
8140,715,559
8141,715,136
8142,715,588
8143,715,718
8144,715,916
8145,715,215
8146,715,501
8147,715,130
8148,715,337
8149,715,797
8150,715,994
8151,715,830
8152,715,689
8153,715,502
8154,715,745
8155,715,201
8156,715,37
8157,715,613
8158,715,951
8159,715,447
8160,715,820
8161,715,333
8162,715,381
8163,715,455
8164,715,497
8165,715,1158
8166,715,519
8167,715,891
8168,715,299
8169,715,607
8170,715,232
8171,715,303
8172,715,598
8173,715,359
8174,715,353
8175,715,30
8176,715,649
8177,715,5
8178,715,526
8179,715,550
8180,715,116
8181,715,317
8182,715,731
8183,715,187
8184,715,542
8185,715,619
8186,715,505
8187,715,751
8188,715,131
8189,715,111
8190,715,1119
8191,715,12
8192,715,459
8193,715,189
8194,715,621
8195,715,128
8196,715,318
8197,715,1070
8198,715,1101
8199,715,59
8200,715,76
8201,715,919
8202,715,880
8203,715,51
8204,715,257
8205,715,29
8206,715,1108
8207,715,226
8208,715,600
8209,715,523
8210,715,783
8211,715,589
8212,715,549
8213,715,194
8214,715,845
8215,715,1044
8216,715,642
8217,715,1060
8218,715,897
8219,715,770
8220,715,932
8221,715,169
8222,715,763
8223,715,452
8224,715,837
8225,715,379
8226,715,601
8227,715,8
8228,715,488
8229,715,723
8230,715,87
8231,715,856
8232,715,1067
8233,715,1094
8234,715,112
8235,715,716
8236,715,365
8237,715,1103
8238,715,227
8239,715,574
8240,715,844
8241,715,560
8242,715,625
8243,715,971
8244,715,693
8245,715,813
8246,715,513
8247,715,222
8248,715,669
8249,715,652
8250,715,339
8251,715,143
8252,715,310
8253,715,881
8254,715,1058
8255,715,738
8256,715,798
8257,715,406
8258,715,433
8259,715,103
8260,715,534
8261,715,1115
8262,715,269
8263,715,511
8264,715,393
8265,715,68
8266,715,155
8267,715,924
8268,715,804
8269,715,276
8270,715,609
8271,715,301
8272,715,1038
8273,715,941
8274,715,168
8275,715,422
8276,716,579
8277,716,450
8278,716,871
8279,716,172
8280,716,624
8281,716,226
8282,716,292
8283,716,551
8284,716,1012
8285,716,1167
8286,716,618
8287,716,432
8288,716,865
8289,716,102
8290,716,31
8291,716,428
8292,716,869
8293,716,1077
8294,716,811
8295,716,386
8296,716,475
8297,716,937
8298,716,447
8299,716,646
8300,716,823
8301,716,389
8302,716,1039
8303,716,5
8304,716,583
8305,716,677
8306,716,191
8307,716,144
8308,716,521
8309,716,565
8310,716,26
8311,716,1022
8312,716,460
8313,716,894
8314,716,794
8315,716,516
8316,716,242
8317,716,473
8318,716,396
8319,716,878
8320,716,1046
8321,716,790
8322,716,309
8323,716,477
8324,716,658
8325,716,409
8326,716,201
8327,716,404
8328,716,1037
8329,716,106
8330,716,146
8331,716,824
8332,716,398
8333,716,239
8334,716,848
8335,716,690
8336,716,1105
8337,716,347
8338,716,590
8339,716,92
8340,716,1152
8341,716,729
8342,716,942
8343,716,747
8344,716,467
8345,716,919
8346,716,912
8347,716,904
8348,716,459
8349,716,531
8350,716,638
8351,716,561
8352,716,216
8353,716,544
8354,716,33
8355,716,362
8356,716,927
8357,716,300
8358,716,980
8359,716,691
8360,716,965
8361,716,587
8362,716,286
8363,716,35
8364,716,1125
8365,716,174
8366,716,723
8367,716,589
8368,716,738
8369,716,673
8370,716,369
8371,716,491
8372,716,879
8373,716,778
8374,716,405
8375,716,1199
8376,716,780
8377,716,227
8378,716,1117
8379,716,235
8380,716,492
8381,716,684
8382,716,840
8383,716,715
8384,716,1173
8385,716,714
8386,716,826
8387,716,502
8388,716,49
8389,716,1197
8390,716,97
8391,716,855
8392,716,458
8393,716,1035
8394,716,898
8395,716,171
8396,716,1118
8397,716,872
8398,716,277
8399,716,149
8400,716,653
8401,716,724
8402,716,970
8403,716,686
8404,716,746
8405,716,1139
8406,716,279
8407,716,177
8408,716,91
8409,716,3
8410,716,858
8411,716,1083
8412,716,839
8413,716,759
8414,716,62
8415,716,501
8416,716,765
8417,716,183
8418,716,464
8419,716,402
8420,716,234
8421,716,63
8422,716,917
8423,716,1043
8424,716,1066
8425,716,123
8426,716,429
8427,716,23
8428,716,462
8429,716,463
8430,716,795
8431,716,178
8432,716,1111
8433,716,204
8434,716,457
8435,716,390
8436,716,1103
8437,716,68
8438,716,752
8439,716,269
8440,716,353
8441,716,564
8442,716,1100
8443,716,529
8444,716,400
8445,716,1087
8446,716,697
8447,716,717
8448,716,1101
8449,716,688
8450,716,918
8451,716,731
8452,716,105
8453,716,1009
8454,716,1072
8455,716,1146
8456,716,595
8457,716,536
8458,716,777
8459,716,1058
8460,716,461
8461,716,1133
8462,716,1005
8463,716,832
8464,716,251
8465,716,609
8466,716,771
8467,716,351
8468,716,338
8469,716,276
8470,716,621
8471,716,1119
8472,716,1142
8473,716,372
8474,716,637
8475,716,704
8476,716,159
8477,716,483
8478,716,22
8479,716,1158
8480,716,197
8481,716,656
8482,716,675
8483,716,532
8484,716,392
8485,716,698
8486,716,255
8487,716,98
8488,716,1121
8489,716,435
8490,716,944
8491,716,1137
8492,716,34
8493,716,308
8494,716,744
8495,716,1145
8496,716,1185
8497,716,1050
8498,716,796
8499,716,669
8500,716,900
8501,716,425
8502,716,496
8503,716,412
8504,716,720
8505,716,74
8506,716,387
8507,716,221
8508,716,818
8509,716,244
8510,716,732
8511,716,9
8512,716,883
8513,716,472
8514,716,524
8515,716,945
8516,716,1130
8517,716,1021
8518,716,1016
8519,716,240
8520,716,783
8521,716,268
8522,716,249
8523,716,7
8524,716,623
8525,716,975
8526,716,722
8527,716,157
8528,716,874
8529,716,143
8530,716,802
8531,716,333
8532,716,1136
8533,716,121
8534,716,1062
8535,716,1023
8536,716,1163
8537,716,1086
8538,716,316
8539,716,322
8540,716,892
8541,716,672
8542,716,708
8543,716,280
8544,716,101
8545,716,1034
8546,716,1176
8547,716,666
8548,716,167
8549,716,248
8550,716,664
8551,716,979
8552,716,801
8553,716,1172
8554,716,850
8555,716,337
8556,716,739
8557,716,955
8558,716,454
8559,716,78
8560,716,775
8561,716,663
8562,716,597
8563,716,46
8564,716,169
8565,716,199
8566,716,1033
8567,716,864
8568,716,757
8569,716,866
8570,716,187
8571,716,182
8572,716,365
8573,716,982
8574,716,407
8575,716,246
8576,716,787
8577,716,1041
8578,716,1198
8579,716,596
8580,716,582
8581,716,667
8582,716,576
8583,716,205
8584,716,1181
8585,716,1177
8586,716,886
8587,716,165
8588,716,1000
8589,716,873
8590,716,456
8591,716,863
8592,716,827
8593,716,443
8594,716,838
8595,716,10
8596,716,329
8597,716,328
8598,716,343
8599,716,1164
8600,716,223
8601,716,924
8602,716,1106
8603,716,814
8604,716,335
8605,716,1030
8606,716,685
8607,716,804
8608,716,1134
8609,716,1180
8610,716,284
8611,716,1188
8612,716,378
8613,716,828
8614,716,977
8615,716,713
8616,716,211
8617,716,1187
8618,716,984
8619,716,584
8620,716,512
8621,716,219
8622,716,920
8623,716,391
8624,716,1102
8625,716,861
8626,716,253
8627,716,209
8628,716,241
8629,716,164
8630,716,633
8631,716,613
8632,716,406
8633,716,69
8634,716,807
8635,716,750
8636,716,867
8637,716,784
8638,716,761
8639,716,8
8640,716,445
8641,716,274
8642,716,186
8643,716,430
8644,716,958
8645,716,651
8646,716,326
8647,716,647
8648,716,200
8649,716,882
8650,716,992
8651,716,1088
8652,716,261
8653,716,1098
8654,716,835
8655,716,767
8656,716,1
8657,716,152
8658,716,1104
8659,716,772
8660,716,1078
8661,716,1169
8662,716,510
8663,716,1193
8664,716,1076
8665,716,486
8666,716,809
8667,716,161
8668,716,1036
8669,716,1025
8670,716,875
8671,716,117
8672,716,546
8673,716,64
8674,716,922
8675,716,487
8676,716,909
8677,716,1171
8678,716,936
8679,716,1040
8680,716,845
8681,716,381
8682,716,27
8683,716,1047
8684,716,819
8685,716,401
8686,716,1203
8687,716,208
8688,716,258
8689,716,212
8690,716,699
8691,716,1069
8692,716,493
8693,716,273
8694,716,657
8695,716,355
8696,716,712
8697,716,770
8698,716,926
8699,716,994
8700,716,160
8701,716,991
8702,716,533
8703,716,526
8704,716,375
8705,716,129
8706,716,969
8707,716,19
8708,716,263
8709,716,730
8710,716,1192
8711,716,16
8712,716,914
8713,716,272
8714,716,433
8715,716,636
8716,716,158
8717,716,607
8718,716,361
8719,716,1097
8720,716,562
8721,716,932
8722,716,755
8723,716,792
8724,716,54
8725,716,632
8726,716,563
8727,716,50
8728,716,408
8729,716,1084
8730,716,12
8731,716,81
8732,716,598
8733,716,122
8734,716,466
8735,716,111
8736,716,51
8737,716,128
8738,716,1112
8739,716,298
8740,716,1003
8741,716,278
8742,716,941
8743,716,753
8744,716,844
8745,716,877
8746,716,1165
8747,716,961
8748,716,816
8749,716,1061
8750,716,555
8751,716,1038
8752,716,1124
8753,716,20
8754,716,841
8755,716,763
8756,716,933
8757,716,593
8758,716,641
8759,716,342
8760,716,1122
8761,716,789
8762,716,660
8763,716,257
8764,716,349
8765,716,252
8766,716,556
8767,716,1160
8768,716,287
8769,716,1014
8770,716,17
8771,716,112
8772,716,465
8773,716,393
8774,716,862
8775,716,45
8776,716,705
8777,716,895
8778,716,935
8779,716,67
8780,716,1129
8781,716,964
8782,716,224
8783,716,923
8784,716,137
8785,716,671
8786,716,1126
8787,716,1049
8788,716,1029
8789,716,591
8790,716,573
8791,716,889
8792,716,1143
8793,716,124
8794,716,910
8795,716,700
8796,716,803
8797,716,1063
8798,716,1174
8799,716,285
8800,716,1131
8801,716,966
8802,716,736
8803,716,721
8804,716,41
8805,716,217
8806,716,528
8807,716,559
8808,716,813
8809,716,14
8810,716,207
8811,716,1080
8812,716,989
8813,716,1159
8814,716,908
8815,716,289
8816,716,1019
8817,716,649
8818,716,928
8819,716,1004
8820,716,1075
8821,716,644
8822,716,566
8823,716,773
8824,716,100
8825,716,173
8826,716,683
8827,716,825
8828,716,817
8829,716,1147
8830,716,934
8831,716,426
8832,716,916
8833,716,220
8834,716,885
8835,716,599
8836,716,266
8837,716,709
8838,716,89
8839,716,860
8840,716,821
8841,716,210
8842,716,1090
8843,716,511
8844,716,344
8845,716,330
8846,716,303
8847,716,185
8848,716,254
8849,716,499
8850,716,518
8851,716,321
8852,716,897
8853,716,781
8854,716,1116
8855,716,437
8856,716,1155
8857,716,1017
8858,716,515
8859,716,1127
8860,716,535
8861,716,659
8862,716,983
8863,716,762
8864,716,702
8865,716,799
8866,716,981
8867,716,737
8868,716,1150
8869,716,421
8870,716,380
8871,716,513
8872,716,325
8873,716,260
8874,716,694
8875,716,830
8876,716,490
8877,716,741
8878,716,368
8879,716,28
8880,716,264
8881,716,119
8882,716,602
8883,716,469
8884,716,135
8885,716,1002
8886,716,21
8887,716,859
8888,716,953
8889,716,503
8890,716,570
8891,716,441
8892,716,652
8893,716,482
8894,716,893
8895,716,125
8896,716,1099
8897,716,319
8898,716,674
8899,716,1115
8900,716,631
8901,716,281
8902,716,310
8903,716,572
8904,716,643
8905,716,206
8906,716,40
8907,716,745
8908,716,805
8909,716,1011
8910,716,417
8911,716,620
8912,716,377
8913,716,911
8914,716,75
8915,716,764
8916,716,1052
8917,716,455
8918,716,166
8919,716,968
8920,716,1156
8921,716,806
8922,716,1067
8923,716,751
8924,716,655
8925,716,815
8926,716,339
8927,716,687
8928,716,155
8929,716,586
8930,716,973
8931,716,600
8932,716,416
8933,716,403
8934,716,385
8935,716,140
8936,716,509
8937,716,504
8938,716,481
8939,716,507
8940,716,603
8941,716,925
8942,716,857
8943,716,616
8944,716,1071
8945,716,225
8946,716,189
8947,716,153
8948,716,94
8949,716,1144
8950,716,1190
8951,716,116
8952,716,1151
8953,716,156
8954,716,295
8955,716,939
8956,716,1138
8957,716,520
8958,716,57
8959,716,196
8960,716,484
8961,716,13
8962,716,971
8963,716,630
8964,716,238
8965,716,250
8966,716,574
8967,716,956
8968,716,670
8969,716,1070
8970,716,315
8971,716,557
8972,716,305
8973,716,1195
8974,716,608
8975,716,38
8976,716,423
8977,716,259
8978,716,65
8979,716,32
8980,716,87
8981,716,890
8982,716,856
8983,716,431
8984,716,243
8985,716,798
8986,716,1001
8987,716,413
8988,716,547
8989,716,71
8990,716,126
8991,716,332
8992,716,76
8993,716,397
8994,716,628
8995,716,726
8996,769,165
8997,769,245
8998,769,921
8999,769,68
9000,769,773
9001,769,1061
9002,769,567
9003,769,1047
9004,769,403
9005,769,1198
9006,769,555
9007,769,898
9008,769,569
9009,769,197
9010,769,544
9011,769,414
9012,769,217
9013,769,1165
9014,769,633
9015,769,500
9016,769,1163
9017,769,238
9018,769,628
9019,769,1048
9020,769,380
9021,769,19
9022,769,736
9023,769,102
9024,769,52
9025,769,297
9026,769,441
9027,769,662
9028,769,242
9029,769,840
9030,769,1046
9031,769,221
9032,769,869
9033,769,1008
9034,769,528
9035,769,224
9036,769,152
9037,769,1197
9038,769,253
9039,769,355
9040,769,843
9041,769,363
9042,769,952
9043,769,846
9044,769,127
9045,769,119
9046,769,199
9047,769,663
9048,769,574
9049,769,372
9050,769,90
9051,769,636
9052,769,785
9053,769,827
9054,769,707
9055,769,442
9056,769,302
9057,769,733
9058,769,661
9059,769,1093
9060,769,417
9061,769,394
9062,769,1156
9063,769,77
9064,769,62
9065,769,258
9066,769,85
9067,769,1138
9068,769,953
9069,769,941
9070,769,1019
9071,769,777
9072,769,239
9073,769,821
9074,769,333
9075,769,259
9076,769,819
9077,769,136
9078,769,743
9079,769,744
9080,769,859
9081,769,1035
9082,769,847
9083,769,460
9084,769,532
9085,769,762
9086,769,1125
9087,769,1136
9088,769,613
9089,769,280
9090,769,877
9091,769,934
9092,769,870
9093,769,554
9094,769,1040
9095,769,1144
9096,769,1160
9097,769,1064
9098,769,244
9099,769,503
9100,769,609
9101,769,180
9102,769,142
9103,769,524
9104,769,685
9105,769,378
9106,769,325
9107,769,37
9108,769,767
9109,769,1116
9110,769,518
9111,769,838
9112,769,1203
9113,769,1143
9114,769,11
9115,769,446
9116,769,1069
9117,769,522
9118,769,206
9119,769,716
9120,769,410
9121,769,1041
9122,769,937
9123,769,0
9124,769,655
9125,769,591
9126,769,950
9127,769,445
9128,769,351
9129,769,735
9130,769,534
9131,769,416
9132,769,350
9133,769,488
9134,769,816
9135,769,1169
9136,769,124
9137,769,141
9138,769,1190
9139,769,514
9140,769,230
9141,769,558
9142,769,1002
9143,769,184
9144,769,241
9145,769,580
9146,769,493
9147,769,218
9148,769,905
9149,769,101
9150,769,82
9151,769,672
9152,769,496
9153,769,1146
9154,769,366
9155,769,806
9156,769,1112
9157,769,290
9158,769,1109
9159,769,701
9160,769,914
9161,769,977
9162,769,1140
9163,769,47
9164,769,95
9165,769,936
9166,769,1120
9167,769,1174
9168,769,284
9169,769,1057
9170,769,692
9171,769,995
9172,769,666
9173,769,740
9174,769,513
9175,769,265
9176,769,836
9177,769,552
9178,769,981
9179,769,421
9180,769,556
9181,769,951
9182,769,976
9183,769,26
9184,769,60
9185,769,1015
9186,769,157
9187,769,177
9188,769,889
9189,769,548
9190,769,279
9191,769,285
9192,769,602
9193,769,365
9194,769,475
9195,769,920
9196,769,946
9197,769,467
9198,769,299
9199,769,1012
9200,769,584
9201,769,447
9202,769,1189
9203,769,598
9204,769,1115
9205,769,16
9206,769,13
9207,769,188
9208,769,154
9209,769,97
9210,769,5
9211,769,792
9212,769,758
9213,769,204
9214,769,756
9215,769,818
9216,769,599
9217,769,150
9218,769,1130
9219,769,397
9220,769,963
9221,769,650
9222,769,996
9223,769,917
9224,769,826
9225,769,481
9226,769,88
9227,769,172
9228,769,1145
9229,769,547
9230,769,9
9231,769,624
9232,769,896
9233,769,255
9234,769,398
9235,769,830
9236,769,909
9237,769,305
9238,769,616
9239,769,61
9240,769,294
9241,769,388
9242,769,1083
9243,769,304
9244,769,125
9245,769,983
9246,769,486
9247,769,885
9248,769,648
9249,769,931
9250,769,579
9251,769,516
9252,769,246
9253,769,278
9254,769,451
9255,769,70
9256,769,144
9257,769,520
9258,769,1171
9259,769,472
9260,769,1058
9261,769,600
9262,769,942
9263,769,225
9264,769,1044
9265,769,1092
9266,769,1166
9267,769,29
9268,769,25
9269,769,1193
9270,769,649
9271,769,1152
9272,769,515
9273,769,814
9274,769,376
9275,769,706
9276,769,1131
9277,769,755
9278,769,178
9279,769,781
9280,769,542
9281,769,287
9282,769,512
9283,769,87
9284,769,635
9285,769,1072
9286,769,641
9287,769,680
9288,769,252
9289,769,858
9290,769,83
9291,769,432
9292,769,626
9293,769,277
9294,769,634
9295,769,482
9296,769,709
9297,769,828
9298,769,883
9299,769,800
9300,769,927
9301,769,656
9302,769,57
9303,769,465
9304,769,871
9305,769,439
9306,769,336
9307,769,539
9308,769,1021
9309,769,669
9310,769,582
9311,769,956
9312,778,1005
9313,778,1064
9314,778,556
9315,778,292
9316,778,633
9317,778,1061
9318,778,1122
9319,778,96
9320,778,1100
9321,778,604
9322,778,1104
9323,778,855
9324,778,469
9325,778,365
9326,778,741
9327,778,473
9328,778,911
9329,778,623
9330,778,786
9331,778,487
9332,778,655
9333,778,98
9334,778,448
9335,778,643
9336,778,118
9337,778,732
9338,778,21
9339,778,721
9340,778,153
9341,778,960
9342,778,918
9343,778,113
9344,778,264
9345,778,1182
9346,778,956
9347,778,923
9348,778,889
9349,778,482
9350,778,259
9351,778,1099
9352,778,930
9353,778,632
9354,778,882
9355,778,563
9356,778,558
9357,778,63
9358,778,1021
9359,778,242
9360,778,936
9361,778,754
9362,778,15
9363,778,832
9364,778,380
9365,778,849
9366,778,1074
9367,778,17
9368,778,94
9369,778,980
9370,778,398
9371,778,758
9372,778,1009
9373,778,67
9374,778,962
9375,778,1093
9376,778,134
9377,778,689
9378,778,532
9379,778,246
9380,778,718
9381,778,893
9382,778,880
9383,778,421
9384,778,474
9385,778,1180
9386,778,582
9387,778,657
9388,778,703
9389,778,876
9390,778,141
9391,778,1141
9392,778,387
9393,778,239
9394,778,1080
9395,778,30
9396,778,642
9397,778,738
9398,778,964
9399,778,963
9400,778,789
9401,778,1176
9402,778,901
9403,778,414
9404,778,217
9405,778,593
9406,778,1037
9407,778,702
9408,778,87
9409,778,682
9410,778,827
9411,778,826
9412,778,800
9413,778,269
9414,778,613
9415,778,1121
9416,778,823
9417,778,415
9418,778,117
9419,778,278
9420,778,1137
9421,778,896
9422,778,99
9423,778,838
9424,778,507
9425,778,1013
9426,778,366
9427,778,56
9428,778,1023
9429,778,310
9430,778,691
9431,778,8
9432,778,100
9433,778,420
9434,778,560
9435,778,52
9436,778,128
9437,778,944
9438,778,1057
9439,778,994
9440,778,981
9441,778,1109
9442,778,813
9443,778,736
9444,778,279
9445,778,748
9446,778,902
9447,778,312
9448,778,715
9449,778,941
9450,778,150
9451,778,895
9452,778,649
9453,778,296
9454,778,779
9455,778,1071
9456,778,1025
9457,778,1048
9458,778,774
9459,778,136
9460,778,509
9461,778,1035
9462,778,26
9463,778,686
9464,778,760
9465,778,775
9466,778,295
9467,778,174
9468,778,704
9469,778,812
9470,778,445
9471,778,1033
9472,778,38
9473,778,208
9474,778,988
9475,804,503
9476,804,675
9477,804,7
9478,804,824
9479,804,223
9480,804,35
9481,804,1091
9482,804,310
9483,804,377
9484,804,1047
9485,804,1156
9486,804,708
9487,804,958
9488,804,797
9489,804,775
9490,804,711
9491,804,58
9492,804,264
9493,804,1078
9494,804,1145
9495,804,63
9496,804,131
9497,804,81
9498,804,37
9499,804,616
9500,804,70
9501,804,746
9502,804,280
9503,804,267
9504,804,1045
9505,804,247
9506,804,398
9507,804,980
9508,804,193
9509,804,158
9510,804,1071
9511,804,160
9512,804,1069
9513,804,369
9514,804,612
9515,804,1057
9516,804,848
9517,804,46
9518,804,673
9519,804,1054
9520,804,303
9521,804,143
9522,804,707
9523,804,284
9524,804,132
9525,804,813
9526,804,107
9527,804,278
9528,804,315
9529,804,409
9530,804,947
9531,804,52
9532,804,1046
9533,804,722
9534,804,572
9535,804,718
9536,804,932
9537,804,933
9538,804,96
9539,804,455
9540,804,781
9541,804,388
9542,804,308
9543,804,1203
9544,804,853
9545,804,648
9546,804,1120
9547,804,578
9548,804,1162
9549,804,1064
9550,804,154
9551,804,678
9552,804,792
9553,804,375
9554,804,1024
9555,804,758
9556,804,687
9557,804,325
9558,804,130
9559,804,1129
9560,804,700
9561,804,241
9562,804,773
9563,804,446
9564,804,404
9565,804,1140
9566,804,1037
9567,804,531
9568,804,736
9569,804,766
9570,804,691
9571,804,1143
9572,804,595
9573,804,872
9574,804,1101
9575,804,331
9576,804,672
9577,804,719
9578,804,516
9579,804,426
9580,804,169
9581,804,355
9582,804,926
9583,804,805
9584,804,846
9585,804,877
9586,804,513
9587,804,802
9588,804,900
9589,804,570
9590,804,1082
9591,804,33
9592,804,252
9593,804,59
9594,804,12
9595,804,753
9596,804,559
9597,804,304
9598,804,684
9599,804,925
9600,804,349
9601,804,53
9602,804,1186
9603,804,289
9604,804,625
9605,804,823
9606,804,62
9607,804,544
9608,804,755
9609,804,425
9610,804,76
9611,804,414
9612,804,613
9613,804,1005
9614,804,439
9615,804,674
9616,804,690
9617,804,538
9618,804,460
9619,804,229
9620,804,150
9621,804,69
9622,804,174
9623,804,576
9624,804,633
9625,804,54
9626,804,101
9627,804,936
9628,804,461
9629,804,486
9630,804,878
9631,804,614
9632,804,29
9633,804,875
9634,804,1096
9635,804,497
9636,804,279
9637,804,866
9638,804,914
9639,804,22
9640,804,467
9641,804,511
9642,804,205
9643,804,431
9644,804,397
9645,804,642
9646,804,894
9647,804,450
9648,804,893
9649,804,618
9650,804,133
9651,804,508
9652,804,100
9653,804,406
9654,804,352
9655,804,299
9656,804,141
9657,804,332
9658,804,394
9659,804,957
9660,804,65
9661,804,871
9662,804,1177
9663,804,430
9664,804,830
9665,804,864
9666,804,589
9667,804,82
9668,804,564
9669,804,1025
9670,804,333
9671,804,962
9672,804,1201
9673,804,125
9674,804,665
9675,804,259
9676,804,662
9677,804,546
9678,804,856
9679,804,260
9680,804,939
9681,804,668
9682,804,759
9683,804,77
9684,804,1019
9685,804,861
9686,804,1033
9687,804,549
9688,804,731
9689,804,1032
9690,804,787
9691,804,129
9692,804,75
9693,804,643
9694,804,509
9695,804,521
9696,804,666
9697,804,87
9698,804,539
9699,804,744
9700,804,557
9701,804,466
9702,804,209
9703,804,598
9704,804,709
9705,804,1152
9706,804,651
9707,804,210
9708,804,1073
9709,804,765
9710,804,760
9711,804,641
9712,804,1051
9713,804,1176
9714,804,1040
9715,804,419
9716,804,897
9717,804,433
9718,804,1087
9719,804,1182
9720,804,1039
9721,804,1103
9722,804,858
9723,804,644
9724,804,1000
9725,804,785
9726,804,294
9727,804,1198
9728,804,776
9729,804,1178
9730,804,903
9731,804,541
9732,804,730
9733,804,1095
9734,804,740
9735,804,784
9736,804,905
9737,804,1049
9738,804,973
9739,804,934
9740,804,1063
9741,804,0
9742,804,968
9743,804,36
9744,804,84
9745,804,638
9746,804,336
9747,804,851
9748,804,322
9749,804,994
9750,804,127
9751,804,300
9752,804,704
9753,804,471
9754,804,1158
9755,804,624
9756,804,477
9757,804,1147
9758,804,170
9759,804,814
9760,804,862
9761,804,880
9762,804,50
9763,804,1194
9764,804,1008
9765,804,1122
9766,804,97
9767,804,14
9768,804,364
9769,804,159
9770,804,61
9771,804,655
9772,804,1172
9773,804,815
9774,804,412
9775,804,123
9776,804,185
9777,804,320
9778,804,960
9779,804,879
9780,804,737
9781,804,1116
9782,804,217
9783,804,134
9784,804,716
9785,804,1112
9786,804,987
9787,804,519
9788,804,441
9789,804,1133
9790,804,1014
9791,804,285
9792,804,166
9793,804,173
9794,804,233
9795,804,492
9796,804,996
9797,804,1009
9798,804,909
9799,804,1166
9800,804,1113
9801,804,790
9802,804,1088
9803,804,319
9804,804,457
9805,804,863
9806,804,683
9807,804,670
9808,804,274
9809,804,434
9810,804,780
9811,804,1180
9812,804,507
9813,804,1058
9814,804,837
9815,804,401
9816,804,924
9817,804,1183
9818,804,1089
9819,804,1189
9820,804,207
9821,804,738
9822,804,335
9823,804,1151
9824,804,653
9825,804,1193
9826,804,164
9827,804,907
9828,804,917
9829,804,60
9830,804,189
9831,804,302
9832,804,927
9833,804,194
9834,804,586
9835,804,474
9836,804,135
9837,804,228
9838,804,645
9839,804,635
9840,804,64
9841,804,838
9842,804,1190
9843,804,293
9844,804,942
9845,804,529
9846,804,1072
9847,804,1163
9848,804,949
9849,804,807
9850,804,961
9851,804,257
9852,804,671
9853,804,1002
9854,804,954
9855,804,6
9856,804,745
9857,804,911
9858,804,794
9859,804,524
9860,804,647
9861,804,330
9862,804,313
9863,804,518
9864,804,892
9865,804,376
9866,804,1004
9867,804,779
9868,804,1015
9869,804,1092
9870,804,221
9871,804,652
9872,804,834
9873,804,222
9874,804,258
9875,804,235
9876,804,1016
9877,804,178
9878,804,338
9879,804,117
9880,804,1081
9881,804,685
9882,804,137
9883,804,966
9884,804,944
9885,804,220
9886,804,726
9887,804,533
9888,804,729
9889,804,1132
9890,804,946
9891,804,979
9892,804,656
9893,804,916
9894,804,104
9895,804,345
9896,804,85
9897,804,1144
9898,804,1119
9899,804,786
9900,804,757
9901,804,556
9902,804,410
9903,804,451
9904,804,20
9905,804,1107
9906,804,473
9907,804,1085
9908,804,825
9909,804,39
9910,804,989
9911,804,112
9912,804,1094
9913,804,889
9914,804,1196
9915,804,1035
9916,804,836
9917,804,242
9918,804,628
9919,804,379
9920,804,297
9921,804,832
9922,804,440
9923,804,171
9924,804,16
9925,804,562
9926,804,859
9927,804,102
9928,804,583
9929,804,849
9930,804,389
9931,804,445
9932,804,515
9933,804,482
9934,804,632
9935,804,1134
9936,804,771
9937,804,47
9938,804,580
9939,804,712
9940,804,1139
9941,804,629
9942,804,152
9943,804,751
9944,804,593
9945,804,526
9946,804,98
9947,804,560
9948,804,367
9949,804,611
9950,804,743
9951,804,479
9952,804,951
9953,804,886
9954,804,120
9955,804,901
9956,804,918
9957,804,167
9958,804,964
9959,804,1100
9960,804,83
9961,804,56
9962,804,113
9963,804,1109
9964,804,1006
9965,804,1108
9966,804,883
9967,804,416
9968,804,43
9969,804,1038
9970,804,106
9971,804,253
9972,804,1115
9973,804,791
9974,804,698
9975,804,535
9976,804,882
9977,804,432
9978,804,92
9979,804,212
9980,804,941
9981,804,1123
9982,804,714
9983,804,908
9984,804,157
9985,804,307
9986,804,187
9987,804,649
9988,804,604
9989,804,199
9990,804,1142
9991,804,246
9992,804,577
9993,804,986
9994,804,554
9995,804,1187
9996,804,1171
9997,804,454
9998,804,317
9999,804,41
10000,804,121
10001,804,435
10002,804,660
10003,804,365
10004,804,172
10005,804,105
10006,804,444
10007,804,9
10008,804,1097
10009,804,782
10010,804,1029
10011,804,885
10012,804,1202
10013,804,733
10014,804,658
10015,804,829
10016,804,1034
10017,804,778
10018,804,990
10019,804,74
10020,804,277
10021,804,896
10022,804,953
10023,804,563
10024,804,79
10025,804,599
10026,804,295
10027,804,255
10028,804,329
10029,804,1053
10030,804,272
10031,804,227
10032,804,620
10033,834,331
10034,834,455
10035,834,445
10036,834,286
10037,834,1142
10038,834,141
10039,834,971
10040,834,685
10041,834,341
10042,834,957
10043,834,280
10044,834,604
10045,834,60
10046,834,963
10047,834,56
10048,834,649
10049,834,580
10050,834,23
10051,834,70
10052,834,1014
10053,834,216
10054,834,892
10055,834,269
10056,834,92
10057,834,705
10058,834,37
10059,834,782
10060,834,895
10061,834,676
10062,834,1121
10063,834,61
10064,834,927
10065,834,283
10066,834,1069
10067,834,1031
10068,834,230
10069,834,207
10070,834,706
10071,834,900
10072,834,679
10073,834,1146
10074,834,799
10075,834,1089
10076,834,299
10077,834,191
10078,834,844
10079,834,828
10080,834,800
10081,834,1104
10082,834,398
10083,834,636
10084,834,231
10085,834,562
10086,834,836
10087,834,471
10088,834,926
10089,834,955
10090,834,756
10091,834,482
10092,834,811
10093,834,1168
10094,834,155
10095,834,1085
10096,834,1198
10097,834,245
10098,834,564
10099,834,416
10100,834,1183
10101,834,847
10102,834,563
10103,834,990
10104,834,153
10105,834,950
10106,834,657
10107,834,1118
10108,834,247
10109,834,596
10110,834,317
10111,834,201
10112,834,96
10113,834,645
10114,834,528
10115,834,432
10116,834,148
10117,834,275
10118,834,1119
10119,834,264
10120,834,882
10121,834,361
10122,834,743
10123,834,330
10124,834,502
10125,834,379
10126,834,462
10127,834,67
10128,834,54
10129,834,648
10130,834,863
10131,834,686
10132,834,733
10133,834,1041
10134,834,655
10135,834,448
10136,834,725
10137,834,441
10138,834,180
10139,834,366
10140,834,46
10141,834,1095
10142,834,157
10143,834,859
10144,834,115
10145,834,477
10146,834,464
10147,834,2
10148,834,319
10149,834,683
10150,834,1064
10151,834,729
10152,834,1109
10153,834,481
10154,834,1017
10155,834,696
10156,834,524
10157,834,342
10158,834,765
10159,834,552
10160,834,328
10161,834,717
10162,834,496
10163,834,666
10164,834,1122
10165,834,177
10166,834,433
10167,834,435
10168,834,752
10169,834,16
10170,834,553
10171,834,1006
10172,834,302
10173,834,111
10174,834,989
10175,834,565
10176,834,1169
10177,834,509
10178,834,1165
10179,834,345
10180,834,1046
10181,834,919
10182,834,1015
10183,834,624
10184,834,102
10185,834,523
10186,834,951
10187,834,249
10188,834,560
10189,834,630
10190,834,193
10191,834,783
10192,834,1158
10193,834,747
10194,834,174
10195,834,784
10196,834,699
10197,834,675
10198,834,559
10199,834,1032
10200,834,304
10201,834,1061
10202,834,425
10203,834,500
10204,834,886
10205,834,322
10206,834,501
10207,834,32
10208,834,403
10209,834,333
10210,834,762
10211,834,934
10212,834,714
10213,834,84
10214,834,1136
10215,834,790
10216,834,369
10217,834,674
10218,834,769
10219,834,1116
10220,834,39
10221,834,377
10222,834,258
10223,834,486
10224,834,1152
10225,834,840
10226,834,352
10227,834,241
10228,834,941
10229,834,498
10230,834,1114
10231,834,209
10232,834,58
10233,834,914
10234,834,982
10235,834,753
10236,834,429
10237,834,1093
10238,834,50
10239,834,1076
10240,834,260
10241,834,1097
10242,834,808
10243,834,521
10244,834,263
10245,834,656
10246,834,639
10247,834,34
10248,834,888
10249,834,499
10250,834,336
10251,834,532
10252,834,794
10253,834,1176
10254,834,1147
10255,834,664
10256,834,647
10257,834,805
10258,834,669
10259,834,1177
10260,834,904
10261,834,984
10262,834,968
10263,834,846
10264,834,833
10265,834,939
10266,834,52
10267,834,737
10268,834,33
10269,834,30
10270,834,57
10271,834,1005
10272,834,491
10273,834,712
10274,834,199
10275,834,505
10276,834,202
10277,834,167
10278,834,242
10279,834,760
10280,834,1179
10281,834,133
10282,834,531
10283,834,1001
10284,834,948
10285,834,1039
10286,834,185
10287,834,1054
10288,834,561
10289,834,228
10290,834,388
10291,834,326
10292,834,814
10293,834,68
10294,834,837
10295,834,179
10296,834,370
10297,834,825
10298,834,117
10299,834,823
10300,834,1167
10301,834,806
10302,834,182
10303,834,334
10304,834,640
10305,834,601
10306,834,1171
10307,834,113
10308,834,431
10309,834,786
10310,834,1188
10311,834,574
10312,834,824
10313,834,594
10314,834,849
10315,834,901
10316,834,1016
10317,834,101
10318,834,272
10319,834,877
10320,834,229
10321,834,118
10322,834,198
10323,834,75
10324,834,789
10325,834,709
10326,834,740
10327,834,746
10328,834,797
10329,834,307
10330,834,897
10331,834,879
10332,834,688
10333,834,390
10334,834,614
10335,834,607
10336,834,287
10337,834,662
10338,834,1040
10339,834,284
10340,834,977
10341,834,217
10342,834,493
10343,834,476
10344,834,142
10345,834,809
10346,834,860
10347,834,935
10348,834,1066
10349,834,681
10350,834,907
10351,834,150
10352,834,125
10353,834,1051
10354,834,21
10355,834,894
10356,834,591
10357,834,798
10358,834,130
10359,834,73
10360,834,541
10361,834,79
10362,840,975
10363,840,775
10364,840,46
10365,840,637
10366,840,1049
10367,840,621
10368,840,695
10369,840,945
10370,840,843
10371,840,1006
10372,840,68
10373,840,996
10374,840,154
10375,840,665
10376,840,87
10377,840,935
10378,840,638
10379,840,593
10380,840,71
10381,840,229
10382,840,553
10383,840,468
10384,840,710
10385,840,1153
10386,840,36
10387,840,339
10388,840,125
10389,840,302
10390,840,221
10391,840,189
10392,840,427
10393,840,959
10394,840,666
10395,840,333
10396,840,415
10397,840,526
10398,840,317
10399,840,1051
10400,840,277
10401,840,608
10402,840,835
10403,840,755
10404,840,19
10405,840,348
10406,840,649
10407,840,787
10408,840,426
10409,840,8
10410,840,1002
10411,840,1023
10412,840,231
10413,840,489
10414,840,123
10415,840,433
10416,840,322
10417,840,144
10418,840,891
10419,840,658
10420,840,9
10421,840,834
10422,840,1040
10423,840,973
10424,840,738
10425,840,1163
10426,840,368
10427,840,752
10428,840,607
10429,840,1197
10430,840,1182
10431,840,583
10432,840,524
10433,840,366
10434,840,550
10435,840,1125
10436,840,516
10437,840,664
10438,840,105
10439,840,17
10440,840,438
10441,840,260
10442,840,261
10443,840,406
10444,840,838
10445,840,207
10446,840,1078
10447,840,836
10448,840,765
10449,840,1148
10450,840,600
10451,840,1021
10452,840,372
10453,840,26
10454,840,849
10455,840,984
10456,840,544
10457,840,481
10458,840,379
10459,840,254
10460,840,352
10461,840,905
10462,840,336
10463,840,338
10464,840,344
10465,840,369
10466,840,1183
10467,840,759
10468,840,293
10469,840,241
10470,840,894
10471,840,682
10472,840,330
10473,840,161
10474,840,855
10475,840,1061
10476,840,1111
10477,840,1047
10478,840,806
10479,840,908
10480,840,950
10481,840,802
10482,840,528
10483,840,679
10484,840,82
10485,840,852
10486,840,266
10487,840,551
10488,840,535
10489,840,554
10490,840,204
10491,840,239
10492,840,1150
10493,840,1091
10494,840,1119
10495,840,911
10496,840,581
10497,840,381
10498,840,556
10499,840,1
10500,840,396
10501,840,1084
10502,840,991
10503,840,1088
10504,840,1140
10505,840,542
10506,840,845
10507,840,866
10508,840,1102
10509,840,580
10510,840,783
10511,840,81
10512,840,292
10513,840,442
10514,840,729
10515,840,1130
10516,840,601
10517,840,1033
10518,840,895
10519,840,95
10520,840,1001
10521,840,1013
10522,840,429
10523,840,540
10524,840,235
10525,840,20
10526,840,459
10527,840,788
10528,840,1095
10529,840,315
10530,840,1005
10531,840,448
10532,840,530
10533,840,175
10534,840,1077
10535,840,909
10536,840,781
10537,840,157
10538,840,626
10539,840,613
10540,840,488
10541,840,960
10542,840,760
10543,840,1198
10544,840,932
10545,840,962
10546,840,773
10547,840,1188
10548,840,1146
10549,840,298
10550,840,444
10551,840,634
10552,840,629
10553,840,552
10554,840,242
10555,840,707
10556,840,151
10557,840,827
10558,840,518
10559,840,798
10560,840,700
10561,840,1116
10562,840,604
10563,840,146
10564,840,44
10565,840,954
10566,840,1176
10567,840,522
10568,840,934
10569,840,440
10570,840,185
10571,840,545
10572,840,770
10573,840,473
10574,840,561
10575,840,466
10576,840,523
10577,840,43
10578,840,356
10579,840,50
10580,840,596
10581,840,862
10582,840,383
10583,840,280
10584,840,844
10585,840,558
10586,840,278
10587,840,559
10588,840,534
10589,840,228
10590,840,735
10591,840,297
10592,840,376
10593,840,831
10594,840,603
10595,840,1000
10596,840,1164
10597,840,889
10598,840,800
10599,840,818
10600,840,979
10601,840,11
10602,840,672
10603,840,6
10604,840,1190
10605,840,332
10606,840,709
10607,840,722
10608,840,394
10609,840,1181
10610,840,1034
10611,840,142
10612,840,698
10613,840,273
10614,840,1115
10615,840,520
10616,840,1010
10617,840,321
10618,840,341
10619,840,789
10620,840,823
10621,840,1081
10622,840,172
10623,840,167
10624,840,713
10625,840,272
10626,840,633
10627,840,733
10628,840,955
10629,840,956
10630,840,282
10631,840,569
10632,840,259
10633,840,527
10634,840,732
10635,840,892
10636,840,359
10637,840,647
10638,840,925
10639,840,655
10640,840,153
10641,840,353
10642,840,246
10643,840,342
10644,840,495
10645,840,680
10646,840,388
10647,840,839
10648,840,188
10649,840,602
10650,840,59
10651,840,182
10652,840,928
10653,840,15
10654,840,1067
10655,840,469
10656,840,180
10657,840,828
10658,840,946
10659,840,941
10660,840,156
10661,840,7
10662,840,678
10663,840,170
10664,840,1106
10665,840,303
10666,840,195
10667,840,687
10668,840,782
10669,840,976
10670,840,821
10671,840,217
10672,840,598
10673,840,79
10674,840,509
10675,840,158
10676,840,287
10677,840,912
10678,840,1187
10679,840,697
10680,840,704
10681,840,830
10682,840,1045
10683,840,1008
10684,840,178
10685,840,53
10686,840,380
10687,840,165
10688,840,4
10689,840,310
10690,840,294
10691,840,767
10692,840,801
10693,840,706
10694,840,529
10695,840,903
10696,840,986
10697,840,825
10698,840,16
10699,840,124
10700,840,206
10701,840,96
10702,840,507
10703,840,361
10704,840,983
10705,840,34
10706,840,389
10707,840,102
10708,840,399
10709,840,1202
10710,840,296
10711,840,977
10712,840,1017
10713,840,483
10714,840,461
10715,840,90
10716,840,472
10717,840,814
10718,840,70
10719,840,651
10720,840,274
10721,840,225
10722,840,386
10723,840,721
10724,840,279
10725,840,417
10726,840,120
10727,840,1073
10728,840,78
10729,840,869
10730,840,367
10731,840,1139
10732,840,1156
10733,840,756
10734,840,76
10735,840,197
10736,840,675
10737,840,957
10738,840,994
10739,840,210
10740,840,318
10741,840,754
10742,840,325
10743,840,692
10744,840,968
10745,840,500
10746,840,643
10747,840,936
10748,840,1036
10749,840,1089
10750,840,591
10751,840,1087
10752,840,790
10753,840,179
10754,840,199
10755,840,1039
10756,840,1105
10757,840,116
10758,840,901
10759,840,555
10760,840,1124
10761,840,320
10762,840,858
10763,840,623
10764,840,625
10765,840,660
10766,840,271
10767,840,969
10768,840,949
10769,840,393
10770,840,990
10771,840,582
10772,840,445
10773,840,995
10774,840,609
10775,840,859
10776,840,514
10777,840,874
10778,840,132
10779,840,734
10780,840,362
10781,840,1108
10782,840,328
10783,840,571
10784,840,871
10785,840,515
10786,840,873
10787,840,1012
10788,840,1154
10789,840,25
10790,840,349
10791,840,804
10792,840,230
10793,840,696
10794,840,283
10795,840,130
10796,840,797
10797,840,989
10798,840,739
10799,840,232
10800,840,560
10801,840,927
10802,840,249
10803,840,455
10804,840,435
10805,840,883
10806,840,876
10807,840,1003
10808,840,813
10809,840,58
10810,840,650
10811,840,1071
10812,840,453
10813,840,439
10814,840,1014
10815,840,817
10816,840,378
10817,840,926
10818,840,579
10819,840,741
10820,840,1166
10821,840,477
10822,840,1142
10823,840,681
10824,840,737
10825,840,1174
10826,840,402
10827,840,462
10828,840,432
10829,840,717
10830,840,1172
10831,840,532
10832,840,475
10833,840,736
10834,840,286
10835,840,982
10836,843,800
10837,843,155
10838,843,733
10839,843,481
10840,843,115
10841,843,1060
10842,919,195
10843,919,182
10844,919,523
10845,919,219
10846,919,747
10847,919,257
10848,919,76
10849,919,251
10850,919,926
10851,919,920
10852,919,741
10853,919,444
10854,919,699
10855,919,298
10856,919,462
10857,919,289
10858,919,584
10859,919,537
10860,919,611
10861,919,774
10862,919,833
10863,919,542
10864,919,173
10865,919,1114
10866,919,1062
10867,919,372
10868,919,762
10869,919,533
10870,919,740
10871,919,879
10872,919,329
10873,919,739
10874,919,545
10875,919,923
10876,919,1160
10877,919,956
10878,919,582
10879,919,383
10880,919,1034
10881,919,165
10882,919,419
10883,919,269
10884,919,410
10885,919,589
10886,919,1061
10887,919,968
10888,919,169
10889,919,378
10890,919,630
10891,919,900
10892,919,970
10893,919,991
10894,919,564
10895,919,202
10896,919,241
10897,919,844
10898,919,67
10899,919,1112
10900,919,322
10901,919,432
10902,919,881
10903,919,1120
10904,919,612
10905,919,1139
10906,919,1183
10907,919,754
10908,919,487
10909,919,506
10910,919,263
10911,919,1147
10912,919,29
10913,919,936
10914,919,780
10915,919,674
10916,919,979
10917,919,845
10918,919,364
10919,919,442
10920,919,737
10921,919,396
10922,919,751
10923,919,403
10924,919,714
10925,919,791
10926,919,1008
10927,919,784
10928,919,890
10929,919,647
10930,919,1092
10931,919,616
10932,919,1122
10933,919,929
10934,919,105
10935,919,939
10936,919,743
10937,919,643
10938,919,433
10939,919,1144
10940,919,22
10941,919,877
10942,919,561
10943,919,607
10944,919,870
10945,919,1101
10946,919,904
10947,919,1182
10948,919,771
10949,919,398
10950,919,951
10951,919,320
10952,919,414
10953,919,778
10954,919,769
10955,919,1198
10956,919,305
10957,919,335
10958,919,860
10959,919,451
10960,919,1124
10961,919,150
10962,919,722
10963,919,61
10964,919,520
10965,919,902
10966,919,716
10967,919,1108
10968,919,794
10969,919,50
10970,919,1059
10971,919,221
10972,919,111
10973,919,921
10974,919,562
10975,919,781
10976,919,181
10977,919,984
10978,919,1024
10979,919,225
10980,919,491
10981,919,800
10982,919,179
10983,919,758
10984,919,633
10985,919,1109
10986,919,556
10987,919,604
10988,919,945
10989,919,480
10990,919,1167
10991,919,1087
10992,919,36
10993,919,927
10994,919,509
10995,919,1032
10996,919,767
10997,919,932
10998,919,640
10999,919,742
11000,919,1079
11001,919,981
11002,919,367
11003,919,950
11004,919,429
11005,919,258
11006,919,56
11007,919,1130
11008,919,255
11009,919,602
11010,919,45
11011,919,872
11012,919,649
11013,919,229
11014,919,1150
11015,919,644
11016,919,427
11017,919,235
11018,919,306
11019,919,438
11020,919,192
11021,919,292
11022,919,1164
11023,919,783
11024,919,933
11025,919,532
11026,919,196
11027,919,806
11028,919,573
11029,919,773
11030,919,943
11031,919,125
11032,919,23
11033,919,312
11034,919,587
11035,919,178
11036,919,1089
11037,919,619
11038,944,9
11039,944,249
11040,962,1199
11041,962,1092
11042,962,574
11043,962,1130
11044,962,387
11045,962,575
11046,962,217
11047,962,38
11048,962,430
11049,962,1198
11050,962,579
11051,962,1062
11052,962,941
11053,962,1178
11054,962,1011
11055,962,340
11056,962,472
11057,962,12
11058,962,871
11059,962,326
11060,962,1112
11061,962,177
11062,962,102
11063,962,637
11064,962,844
11065,962,707
11066,962,1044
11067,962,1172
11068,962,95
11069,962,1119
11070,962,773
11071,962,367
11072,962,434
11073,962,1040
11074,962,622
11075,962,765
11076,962,58
11077,962,968
11078,962,603
11079,962,83
11080,962,417
11081,962,824
11082,962,333
11083,962,586
11084,962,502
11085,962,400
11086,962,743
11087,962,1007
11088,962,914
11089,962,1090
11090,962,679
11091,962,1163
11092,962,930
11093,962,1140
11094,962,681
11095,962,1176
11096,962,445
11097,962,1071
11098,962,243
11099,962,235
11100,962,648
11101,962,938
11102,962,1187
11103,962,503
11104,962,368
11105,962,977
11106,962,625
11107,962,424
11108,962,816
11109,962,281
11110,962,270
11111,962,812
11112,962,780
11113,962,1051
11114,962,1174
11115,962,570
11116,962,660
11117,962,775
11118,962,291
11119,962,516
11120,962,912
11121,962,376
11122,962,759
11123,962,970
11124,962,834
11125,962,238
11126,962,924
11127,962,890
11128,962,626
11129,962,800
11130,962,279
11131,962,609
11132,962,600
11133,962,674
11134,962,1131
11135,962,899
11136,962,761
11137,962,1123
11138,962,135
11139,962,1115
11140,962,370
11141,962,576
11142,962,22
11143,962,555
11144,962,390
11145,962,59
11146,962,372
11147,962,1000
11148,962,1141
11149,962,1181
11150,962,861
11151,962,1192
11152,962,57
11153,962,357
11154,962,1151
11155,962,664
11156,962,1124
11157,962,509
11158,962,852
11159,962,1076
11160,962,996
11161,962,935
11162,962,992
11163,962,226
11164,962,863
11165,962,1159
11166,962,176
11167,962,460
11168,962,804
11169,962,1162
11170,962,280
11171,962,744
11172,962,275
11173,962,1057
11174,962,202
11175,962,1080
11176,962,566
11177,962,889
11178,962,385
11179,962,777
11180,962,101
11181,962,221
11182,962,602
11183,962,128
11184,962,811
11185,962,515
11186,962,916
11187,962,1156
11188,962,371
11189,962,495
11190,962,904
11191,962,485
11192,962,548
11193,962,656
11194,962,642
11195,962,253
11196,962,201
11197,962,919
11198,962,619
11199,962,195
11200,962,1074
11201,962,571
11202,962,481
11203,962,187
11204,962,732
11205,962,107
11206,962,751
11207,962,14
11208,962,9
11209,962,794
11210,962,953
11211,962,192
11212,962,618
11213,962,393
11214,962,466
11215,962,1150
11216,962,92
11217,962,1069
11218,962,158
11219,962,859
11220,962,1061
11221,962,902
11222,962,114
11223,962,544
11224,962,71
11225,962,845
11226,962,363
11227,962,274
11228,962,269
11229,962,988
11230,962,465
11231,962,621
11232,962,1165
11233,962,666
11234,962,364
11235,962,501
11236,962,410
11237,962,73
11238,962,1018
11239,962,1043
11240,962,1009
11241,962,354
11242,962,546
11243,962,652
11244,962,1016
11245,962,440
11246,962,272
11247,962,1160
11248,962,713
11249,962,669
11250,962,598
11251,962,931
11252,962,428
11253,962,1004
11254,962,936
11255,962,738
11256,962,998
11257,962,1021
11258,962,21
11259,962,423
11260,962,1031
11261,962,641
11262,962,597
11263,962,44
11264,962,735
11265,962,375
11266,962,475
11267,962,1036
11268,962,1139
11269,962,131
11270,962,244
11271,962,1035
11272,962,444
11273,962,250
11274,962,1079
11275,962,876
11276,962,492
11277,962,507
11278,962,300
11279,962,347
11280,962,482
11281,962,891
11282,962,715
11283,962,120
11284,962,152
11285,962,348
11286,962,6
11287,962,701
11288,962,948
11289,962,792
11290,962,154
11291,962,297
11292,962,678
11293,962,398
11294,962,1041
11295,962,840
11296,962,875
11297,962,839
11298,962,320
11299,962,403
11300,962,542
11301,962,817
11302,962,1201
11303,962,230
11304,962,1120
11305,962,78
11306,962,739
11307,962,296
11308,962,821
11309,962,386
11310,962,1088
11311,962,1102
11312,962,81
11313,962,416
11314,962,321
11315,962,292
11316,962,1099
11317,962,310
11318,962,62
11319,962,1158
11320,962,359
11321,962,791
11322,962,119
11323,962,409
11324,962,552
11325,962,760
11326,962,969
11327,962,329
11328,962,447
11329,962,96
11330,962,307
11331,962,564
11332,962,614
11333,962,545
11334,962,26
11335,962,560
11336,962,1025
11337,962,1180
11338,962,881
11339,962,199
11340,962,166
11341,962,242
11342,962,1075
11343,962,1122
11344,962,828
11345,962,1049
11346,962,439
11347,962,710
11348,962,1100
11349,962,1038
11350,962,374
11351,962,514
11352,962,708
11353,962,915
11354,962,132
11355,962,335
11356,962,500
11357,962,520
11358,962,451
11359,962,888
11360,962,47
11361,962,173
11362,962,797
11363,962,830
11364,962,420
11365,962,303
11366,962,668
11367,962,160
11368,962,870
11369,962,179
11370,962,365
11371,962,1012
11372,962,528
11373,962,69
11374,962,11
11375,962,610
11376,962,1136
11377,962,381
11378,962,336
11379,962,541
11380,962,795
11381,962,640
11382,962,98
11383,962,843
11384,962,345
11385,962,788
11386,962,174
11387,962,127
11388,962,820
11389,962,488
11390,962,588
11391,962,1103
11392,962,121
11393,962,168
11394,962,556
11395,962,505
11396,962,991
11397,962,572
11398,962,578
11399,962,484
11400,962,498
11401,962,813
11402,962,1177
11403,962,1116
11404,962,733
11405,962,330
11406,962,312
11407,962,377
11408,962,853
11409,962,1182
11410,962,823
11411,962,414
11412,962,783
11413,962,670
11414,962,144
11415,962,1058
11416,962,790
11417,962,826
11418,962,653
11419,962,1060
11420,962,1167
11421,962,268
11422,962,413
11423,962,241
11424,962,180
11425,962,661
11426,962,703
11427,962,99
11428,962,426
11429,962,696
11430,962,782
11431,962,884
11432,962,506
11433,962,789
11434,962,582
11435,962,50
11436,962,617
11437,962,741
11438,962,23
11439,962,550
11440,962,874
11441,962,378
11442,962,111
11443,962,959
11444,962,1127
11445,962,530
11446,962,705
11447,962,1142
11448,962,1002
11449,962,182
11450,962,1015
11451,962,7
11452,962,10
11453,962,553
11454,962,1107
11455,962,755
11456,962,1077
11457,962,815
11458,962,585
11459,962,752
11460,962,457
11461,962,90
11462,962,510
11463,962,1106
11464,962,645
11465,962,987
11466,962,285
11467,962,170
11468,962,156
11469,962,1054
11470,962,1047
11471,962,435
11472,962,1169
11473,962,308
11474,962,662
11475,962,1053
11476,962,1024
11477,962,628
11478,962,727
11479,962,317
11480,962,149
11481,962,392
11482,962,750
11483,962,328
11484,962,60
11485,962,964
11486,962,399
11487,962,724
11488,962,325
11489,962,402
11490,962,136
11491,962,87
11492,962,159
11493,962,437
11494,962,562
11495,962,947
11496,962,971
11497,962,388
11498,962,80
11499,962,1098
11500,962,305
11501,962,749
11502,962,629
11503,962,431
11504,962,20
11505,962,723
11506,962,665
11507,962,581
11508,962,1175
11509,962,212
11510,962,722
11511,962,304
11512,962,61
11513,962,1089
11514,962,455
11515,962,999
11516,962,1005
11517,962,397
11518,962,1078
11519,962,408
11520,962,157
11521,962,105
11522,962,551
11523,962,198
11524,962,415
11525,962,205
11526,962,324
11527,962,730
11528,962,143
11529,962,667
11530,962,1118
11531,962,84
11532,962,558
11533,962,878
11534,962,273
11535,962,1170
11536,962,1105
11537,962,1202
11538,962,763
11539,962,115
11540,962,527
11541,962,655
11542,962,1125
11543,962,188
11544,962,536
11545,962,850
11546,962,798
11547,962,93
11548,962,405
11549,962,327
11550,962,819
11551,962,801
11552,962,245
11553,962,951
11554,962,887
11555,962,920
11556,962,193
11557,962,595
11558,962,554
11559,962,239
11560,962,532
11561,962,549
11562,962,895
11563,962,412
11564,962,764
11565,962,172
11566,962,265
11567,962,907
11568,962,15
11569,962,323
11570,962,833
11571,962,994
11572,962,85
11573,962,805
11574,962,27
11575,962,267
11576,962,933
11577,962,767
11578,962,169
11579,962,126
11580,962,469
11581,962,373
11582,962,150
11583,962,112
11584,962,647
11585,962,636
11586,962,362
11587,962,491
11588,962,682
11589,962,259
11590,962,835
11591,962,130
11592,962,1050
11593,962,631
11594,962,856
11595,962,736
11596,962,178
11597,962,189
11598,962,709
11599,962,698
11600,962,197
11601,962,133
11602,962,223
11603,962,282
11604,962,838
11605,962,109
11606,962,557
11607,962,1132
11608,962,569
11609,962,512
11610,962,214
11611,962,508
11612,962,607
11613,962,138
11614,962,497
11615,962,1019
11616,962,531
11617,962,872
11618,962,1173
11619,962,478
11620,962,504
11621,962,1171
11622,962,770
11623,962,459
11624,962,704
11625,962,1195
11626,962,922
11627,962,422
11628,962,246
11629,962,677
11630,962,781
11631,962,77
11632,962,184
11633,962,406
11634,962,122
11635,962,1008
11636,962,251
11637,962,934
11638,962,818
11639,962,490
11640,962,124
11641,962,52
11642,962,827
11643,962,453
11644,962,849
11645,962,1010
11646,962,479
11647,962,175
11648,962,442
11649,962,535
11650,962,379
11651,962,702
11652,962,499
11653,962,684
11654,962,118
11655,962,3
11656,962,757
11657,962,990
11658,962,894
11659,962,583
11660,962,13
11661,962,957
11662,962,429
11663,962,847
11664,962,360
11665,962,1186
11666,962,1197
11667,962,687
11668,962,1134
11669,962,231
11670,962,1006
11671,962,909
11672,962,432
11673,962,36
11674,962,207
11675,962,901
11676,962,1185
11677,962,448
11678,962,837
11679,962,216
11680,962,311
11681,962,278
11682,962,692
11683,962,997
11684,962,233
11685,962,689
11686,962,200
11687,962,433
11688,962,559
11689,962,779
11690,962,1072
11691,962,882
11692,962,720
11693,962,1191
11694,962,1126
11695,962,1097
11696,962,344
11697,962,873
11698,962,220
11699,962,240
11700,962,461
11701,962,748
11702,962,694
11703,962,663
11704,962,939
11705,962,161
11706,962,165
11707,962,51
11708,962,978
11709,962,55
11710,962,721
11711,962,1052
11712,962,404
11713,962,793
11714,962,215
11715,962,228
11716,962,142
11717,962,470
11718,962,879
11719,962,454
11720,962,319
11721,962,784
11722,962,917
11723,962,771
11724,962,255
11725,962,524
11726,962,639
11727,962,314
11728,962,391
11729,962,1037
11730,962,518
11731,962,446
11732,962,486
11733,962,976
11734,962,841
11735,962,206
11736,962,295
11737,962,975
11738,962,89
11739,962,897
11740,962,343
11741,962,529
11742,962,1085
11743,962,1129
11744,962,91
11745,962,937
11746,962,271
11747,962,877
11748,962,683
11749,962,1023
11750,962,799
11751,962,4
11752,986,615
11753,986,874
11754,986,8
11755,986,497
11756,986,82
11757,986,887
11758,986,744
11759,986,845
11760,986,642
11761,986,953
11762,986,556
11763,986,412
11764,986,1141
11765,986,81
11766,986,176
11767,986,481
11768,986,761
11769,986,752
11770,986,300
11771,986,783
11772,986,0
11773,986,899
11774,986,198
11775,986,1036
11776,986,687
11777,986,93
11778,986,137
11779,986,51
11780,986,1155
11781,986,230
11782,986,1203
11783,986,261
11784,986,365
11785,986,886
11786,986,359
11787,986,596
11788,986,897
11789,986,57
11790,986,859
11791,986,900
11792,986,318
11793,986,270
11794,986,469
11795,986,613
11796,986,1041
11797,986,1125
11798,986,1045
11799,986,53
11800,986,122
11801,986,323
11802,986,316
11803,986,1172
11804,986,1110
11805,986,699
11806,986,863
11807,986,1024
11808,986,583
11809,986,652
11810,986,1078
11811,986,812
11812,986,965
11813,986,535
11814,986,377
11815,986,42
11816,986,91
11817,986,617
11818,986,273
11819,986,157
11820,986,828
11821,986,293
11822,986,500
11823,986,841
11824,986,315
11825,986,159
11826,986,604
11827,986,554
11828,986,1042
11829,986,593
11830,986,1000
11831,986,939
11832,986,99
11833,986,896
11834,986,1068
11835,986,188
11836,986,1044
11837,986,1146
11838,986,142
11839,986,763
11840,986,438
11841,986,470
11842,986,193
11843,986,225
11844,986,1095
11845,986,466
11846,986,564
11847,986,1167
11848,986,1018
11849,986,1112
11850,986,612
11851,986,248
11852,986,1053
11853,986,1030
11854,986,718
11855,986,150
11856,986,703
11857,986,90
11858,986,178
11859,986,67
11860,986,720
11861,986,1182
11862,986,578
11863,986,459
11864,986,156
11865,986,1118
11866,986,30
11867,986,226
11868,986,1108
11869,986,918
11870,986,873
11871,986,337
11872,986,305
11873,986,799
11874,986,1159
11875,986,338
11876,986,313
11877,986,184
11878,986,786
11879,986,759
11880,986,434
11881,986,211
11882,986,913
11883,986,1047
11884,986,771
11885,986,60
11886,986,772
11887,986,695
11888,986,853
11889,986,691
11890,986,1150
11891,986,1038
11892,986,1031
11893,986,425
11894,986,825
11895,986,442
11896,986,279
11897,986,1169
11898,986,507
11899,986,89
11900,986,25
11901,986,410
11902,986,821
11903,986,361
11904,986,925
11905,986,1046
11906,986,723
11907,986,560
11908,986,914
11909,986,9
11910,986,280
11911,986,978
11912,986,658
11913,986,1059
11914,986,166
11915,986,802
11916,986,700
11917,986,566
11918,986,929
11919,986,881
11920,986,1010
11921,986,430
11922,986,880
11923,986,716
11924,986,227
11925,986,306
11926,986,607
11927,986,1088
11928,986,982
11929,986,388
11930,986,79
11931,986,266
11932,986,876
11933,986,883
11934,986,808
11935,986,1131
11936,986,794
11937,986,709
11938,986,228
11939,986,816
11940,986,923
11941,986,1190
11942,986,611
11943,986,936
11944,986,421
11945,986,951
11946,986,1120
11947,986,561
11948,986,933
11949,986,355
11950,986,539
11951,986,764
11952,986,855
11953,986,775
11954,986,659
11955,986,861
11956,986,31
11957,986,381
11958,986,243
11959,986,903
11960,986,610
11961,986,987
11962,986,849
11963,986,427
11964,986,674
11965,986,186
11966,986,401
11967,986,27
11968,986,1096
11969,986,774
11970,986,941
11971,986,220
11972,986,660
11973,986,205
11974,986,463
11975,986,609
11976,986,392
11977,986,1029
11978,986,83
11979,986,968
11980,986,516
11981,986,1177
11982,986,778
11983,986,834
11984,986,796
11985,986,1072
11986,986,668
11987,986,749
11988,986,196
11989,986,29
11990,986,940
11991,986,731
11992,986,235
11993,986,608
11994,986,755
11995,986,416
11996,986,1028
11997,986,34
11998,986,22
11999,986,360
12000,986,555
12001,986,789
12002,986,234
12003,986,14
12004,986,103
12005,986,879
12006,986,714
12007,986,375
12008,986,630
12009,986,902
12010,986,995
12011,986,717
12012,986,47
12013,986,283
12014,986,451
12015,986,787
12016,986,684
12017,986,473
12018,986,334
12019,986,462
12020,986,847
12021,986,810
12022,986,441
12023,986,262
12024,986,994
12025,986,572
12026,986,1176
12027,986,1144
12028,986,707
12029,986,603
12030,986,162
12031,986,455
12032,986,1129
12033,986,333
12034,986,1191
12035,986,115
12036,986,1105
12037,986,884
12038,986,559
12039,986,112
12040,986,1162
12041,986,403
12042,986,552
12043,986,489
12044,986,483
12045,986,488
12046,986,949
12047,986,1001
12048,986,688
12049,986,479
12050,986,1006
12051,986,58
12052,986,676
12053,986,1079
12054,986,1103
12055,986,910
12056,986,1166
12057,986,292
12058,986,1048
12059,986,195
12060,986,339
12061,986,1174
12062,986,229
12063,986,550
12064,986,548
12065,986,160
12066,986,973
12067,986,798
12068,986,992
12069,986,945
12070,986,817
12071,986,811
12072,986,311
12073,986,136
12074,986,482
12075,986,602
12076,986,310
12077,986,54
12078,986,158
12079,986,182
12080,986,61
12081,986,748
12082,986,1037
12083,986,252
12084,986,123
12085,986,1157
12086,986,174
12087,986,321
12088,986,1021
12089,986,11
12090,986,927
12091,986,619
12092,986,1123
12093,986,503
12094,986,169
12095,986,398
12096,986,582
12097,986,905
12098,986,959
12099,986,448
12100,986,96
12101,986,505
12102,986,969
12103,986,710
12104,986,952
12105,986,926
12106,986,1054
12107,986,594
12108,986,432
12109,986,860
12110,986,400
12111,986,540
12112,986,203
12113,986,827
12114,986,1111
12115,986,989
12116,986,167
12117,986,12
12118,986,1099
12119,986,352
12120,986,647
12121,986,990
12122,986,1005
12123,986,957
12124,986,673
12125,986,1126
12126,986,511
12127,986,625
12128,986,634
12129,986,1016
12130,986,521
12131,986,208
12132,986,346
12133,986,1140
12134,986,722
12135,986,1194
12136,986,719
12137,986,1119
12138,986,657
12139,986,1145
12140,986,453
12141,986,960
12142,986,850
12143,986,439
12144,986,1100
12145,986,92
12146,986,598
12147,986,467
12148,986,698
12149,986,762
12150,986,1019
12151,986,506
12152,986,1192
12153,986,571
12154,986,600
12155,986,271
12156,986,730
12157,986,935
12158,986,275
12159,986,1067
12160,986,1040
12161,986,295
12162,986,679
12163,986,1198
12164,986,819
12165,986,868
12166,986,1202
12167,986,141
12168,986,499
12169,986,739
12170,986,702
12171,986,715
12172,986,317
12173,986,1025
12174,986,712
12175,986,919
12176,986,420
12177,986,832
12178,986,1035
12179,986,168
12180,986,26
12181,986,1185
12182,986,526
12183,986,341
12184,986,512
12185,986,429
12186,986,134
12187,986,866
12188,986,1056
12189,986,423
12190,986,746
12191,986,898
12192,986,844
12193,986,624
12194,986,460
12195,986,452
12196,986,1011
12197,986,1012
12198,986,165
12199,986,84
12200,986,656
12201,986,1039
12202,986,581
12203,986,1148
12204,986,267
12205,986,697
12206,986,1180
12207,986,118
12208,986,909
12209,986,575
12210,986,944
12211,986,322
12212,986,70
12213,986,678
12214,986,101
12215,986,541
12216,986,326
12217,986,28
12218,986,376
12219,986,1064
12220,986,1201
12221,986,302
12222,986,662
12223,986,889
12224,986,614
12225,986,247
12226,986,514
12227,986,21
12228,986,69
12229,986,465
12230,986,1017
12231,986,1121
12232,986,831
12233,986,104
12234,986,387
12235,986,770
12236,986,37
12237,986,125
12238,986,109
12239,986,50
12240,986,891
12241,986,405
12242,986,76
12243,986,864
12244,986,140
12245,986,888
12246,986,836
12247,986,753
12248,986,524
12249,986,468
12250,986,711
12251,986,579
12252,986,97
12253,986,767
12254,986,297
12255,986,501
12256,986,820
12257,986,1106
12258,986,472
12259,986,173
12260,986,199
12261,986,435
12262,986,232
12263,986,36
12264,986,839
12265,986,153
12266,986,328
12267,986,1063
12268,986,75
12269,986,1127
12270,986,498
12271,986,353
12272,986,565
12273,986,977
12274,986,132
12275,986,74
12276,986,197
12277,986,298
12278,986,651
12279,986,335
12280,986,296
12281,986,692
12282,986,704
12283,986,824
12284,986,1160
12285,986,950
12286,986,289
12287,986,776
12288,986,533
12289,986,962
12290,986,735
12291,986,369
12292,986,756
12293,986,1076
12294,986,573
12295,986,797
12296,986,587
12297,986,542
12298,986,130
12299,986,149
12300,986,904
12301,986,368
12302,986,706
12303,986,911
12304,986,557
12305,986,534
12306,986,726
12307,986,63
12308,986,661
12309,986,636
12310,986,223
12311,986,574
12312,986,690
12313,986,389
12314,986,43
12315,986,975
12316,986,788
12317,986,734
12318,986,383
12319,986,980
12320,986,1083
12321,986,95
12322,986,257
12323,986,117
12324,986,743
12325,986,1184
12326,986,917
12327,986,815
12328,986,635
12329,986,454
12330,986,320
12331,986,331
12332,986,733
12333,986,1199
12334,986,143
12335,986,1091
12336,986,765
12337,986,956
12338,986,127
12339,986,988
12340,986,518
12341,986,999
12342,986,822
12343,986,537
12344,986,643
12345,986,4
12346,986,485
12347,986,1087
12348,986,1032
12349,986,513
12350,986,963
12351,986,189
12352,986,655
12353,986,187
12354,986,253
12355,986,682
12356,986,1175
12357,986,1049
12358,986,64
12359,986,1115
12360,986,240
12361,986,260
12362,986,1085
12363,986,276
12364,986,641
12365,986,419
12366,986,77
12367,986,110
12368,986,1008
12369,986,858
12370,986,175
12371,986,364
12372,986,922
12373,986,68
12374,986,367
12375,986,269
12376,986,1086
12377,986,294
12378,986,206
12379,986,921
12380,986,1034
12381,986,942
12382,986,1132
12383,986,1
12384,986,210
12385,986,329
12386,986,1073
12387,986,954
12388,986,33
12389,986,239
12390,986,131
12391,986,779
12392,986,1133
12393,986,781
12394,986,522
12395,986,803
12396,986,757
12397,986,145
12398,986,1163
12399,986,585
12400,986,200
12401,986,928
12402,986,1181
12403,986,1158
12404,986,751
12405,986,46
12406,986,49
12407,986,324
12408,986,431
12409,986,397
12410,986,620
12411,986,807
12412,986,1151
12413,986,665
12414,986,1189
12415,986,426
12416,986,1183
12417,986,35
12418,986,263
12419,986,729
12420,986,98
12421,986,216
12422,986,517
12423,986,1089
12424,986,278
12425,986,754
12426,986,407
12427,986,161
12428,986,370
12429,986,100
12430,986,638
12431,986,244
12432,986,878
12433,986,1058
12434,986,124
12435,986,201
12436,986,325
12437,986,1196
12438,986,214
12439,986,1143
12440,986,621
12441,986,406
12442,986,605
12443,986,721
12444,986,402
12445,986,274
12446,986,848
12447,986,979
12448,986,738
12449,986,135
12450,986,1142
12451,986,251
12452,986,471
12453,986,458
12454,986,851
12455,986,1033
12456,986,106
12457,986,882
12458,986,553
12459,986,528
12460,986,1093
12461,986,20
12462,986,592
12463,986,653
12464,986,177
12465,986,332
12466,986,829
12467,986,1130
12468,986,256
12469,986,52
12470,986,268
12471,986,981
12472,986,330
12473,986,487
12474,986,111
12475,986,144
12476,986,648
12477,986,384
12478,986,870
12479,986,872
12480,986,5
12481,986,696
12482,986,114
12483,986,510
12484,986,350
12485,986,396
12486,986,1128
12487,986,930
12488,986,946
12489,986,629
12490,986,255
12491,986,155
12492,986,760
12493,986,795
12494,986,646
12495,986,686
12496,986,784
12497,986,180
12498,986,616
12499,986,1134
12500,986,102
12501,986,44
12502,986,1043
12503,986,588
12504,986,558
12505,986,490
12506,986,932
12507,986,577
12508,986,838
12509,986,301
12510,986,94
12511,986,667
12512,986,1138
12513,986,852
12514,986,233
12515,1006,447
12516,1006,800
12517,1006,206
12518,1006,65
12519,1064,458
12520,1064,892
12521,1064,1063
12522,1064,451
12523,1064,1052
12524,1064,1111
12525,1064,108
12526,1064,849
12527,1064,1046
12528,1064,988
12529,1064,334
12530,1064,965
12531,1064,70
12532,1064,336
12533,1064,771
12534,1064,1121
12535,1064,153
12536,1064,51
12537,1064,699
12538,1064,540
12539,1064,188
12540,1064,3
12541,1064,1142
12542,1064,65
12543,1064,904
12544,1064,876
12545,1064,921
12546,1064,968
12547,1064,475
12548,1064,1034
12549,1064,1131
12550,1064,604
12551,1064,58
12552,1064,28
12553,1064,117
12554,1064,121
12555,1064,633
12556,1064,581
12557,1064,1182
12558,1064,281
12559,1064,1081
12560,1064,1088
12561,1064,118
12562,1064,565
12563,1064,447
12564,1064,1153
12565,1064,29
12566,1064,192
12567,1064,60
12568,1064,1105
12569,1064,239
12570,1064,233
12571,1064,1087
12572,1064,609
12573,1064,304
12574,1064,878
12575,1064,812
12576,1064,560
12577,1064,643
12578,1064,651
12579,1064,512
12580,1064,205
12581,1064,948
12582,1064,352
12583,1064,480
12584,1064,1070
12585,1064,674
12586,1064,772
12587,1064,1116
12588,1064,365
12589,1064,538
12590,1064,536
12591,1064,148
12592,1064,299
12593,1064,1108
12594,1064,136
12595,1064,170
12596,1064,495
12597,1064,49
12598,1064,1176
12599,1064,478
12600,1064,102
12601,1064,894
12602,1064,1104
12603,1064,653
12604,1064,754
12605,1064,798
12606,1064,551
12607,1064,794
12608,1064,671
12609,1064,119
12610,1064,368
12611,1064,1071
12612,1064,998
12613,1064,503
12614,1064,1196
12615,1064,807
12616,1064,973
12617,1064,186
12618,1064,337
12619,1064,583
12620,1064,247
12621,1064,468
12622,1064,487
12623,1064,722
12624,1064,15
12625,1064,464
12626,1064,461
12627,1064,764
12628,1064,154
12629,1064,1201
12630,1064,782
12631,1064,781
12632,1064,145
12633,1064,1191
12634,1064,603
12635,1064,1198
12636,1064,800
12637,1064,350
12638,1064,773
12639,1064,656
12640,1064,164
12641,1064,387
12642,1064,1067
12643,1064,73
12644,1064,1053
12645,1064,893
12646,1064,380
12647,1064,1125
12648,1064,38
12649,1064,859
12650,1064,1174
12651,1064,428
12652,1064,490
12653,1064,27
12654,1064,25
12655,1064,817
12656,1064,1101
12657,1064,960
12658,1064,595
12659,1064,881
12660,1064,839
12661,1064,924
12662,1064,514
12663,1064,763
12664,1064,896
12665,1064,805
12666,1064,477
12667,1064,879
12668,1064,652
12669,1064,1175
12670,1064,942
12671,1064,258
12672,1064,161
12673,1064,502
12674,1064,922
12675,1064,302
12676,1064,277
12677,1064,496
12678,1064,1203
12679,1064,34
12680,1064,1177
12681,1064,695
12682,1064,243
12683,1064,1093
12684,1064,1147
12685,1064,426
12686,1064,77
12687,1064,309
12688,1064,353
12689,1064,383
12690,1064,734
12691,1064,584
12692,1064,335
12693,1064,770
12694,1064,347
12695,1064,1128
12696,1064,430
12697,1064,370
12698,1064,698
12699,1064,552
12700,1064,545
12701,1064,115
12702,1064,2
12703,1064,994
12704,1064,301
12705,1064,733
12706,1064,1138
12707,1064,820
12708,1064,263
12709,1064,1189
12710,1064,53
12711,1064,1003
12712,1064,44
12713,1064,465
12714,1064,1074
12715,1064,903
12716,1064,531
12717,1064,522
12718,1064,907
12719,1064,991
12720,1064,1042
12721,1064,735
12722,1064,339
12723,1064,197
12724,1064,870
12725,1064,640
12726,1064,427
12727,1064,98
12728,1064,22
12729,1064,345
12730,1064,766
12731,1064,355
12732,1064,863
12733,1064,932
12734,1064,255
12735,1064,217
12736,1064,752
12737,1064,484
12738,1064,909
12739,1064,602
12740,1064,509
12741,1064,738
12742,1064,311
12743,1064,872
12744,1064,221
12745,1064,1152
12746,1064,1134
12747,1064,212
12748,1064,421
12749,1064,723
12750,1064,613
12751,1064,1133
12752,1064,819
12753,1064,975
12754,1064,211
12755,1064,1166
12756,1064,579
12757,1064,919
12758,1064,841
12759,1064,326
12760,1064,789
12761,1064,1040
12762,1064,390
12763,1064,1092
12764,1064,435
12765,1064,55
12766,1064,160
12767,1064,580
12768,1064,641
12769,1064,47
12770,1064,760
12771,1064,297
12772,1064,697
12773,1064,508
12774,1064,873
12775,1064,874
12776,1064,958
12777,1064,143
12778,1064,696
12779,1064,642
12780,1064,624
12781,1064,759
12782,1064,895
12783,1064,795
12784,1064,324
12785,1064,724
12786,1064,920
12787,1064,226
12788,1064,88
12789,1064,822
12790,1064,790
12791,1064,1050
12792,1064,816
12793,1064,890
12794,1064,499
12795,1064,867
12796,1064,132
12797,1064,1038
12798,1064,611
12799,1064,648
12800,1064,1021
12801,1064,986
12802,1064,1186
12803,1064,1172
12804,1064,286
12805,1064,729
12806,1064,1112
12807,1064,367
12808,1064,1044
12809,1064,821
12810,1064,757
12811,1064,620
12812,1064,344
12813,1064,493
12814,1064,956
12815,1064,133
12816,1064,621
12817,1064,811
12818,1064,949
12819,1064,721
12820,1064,1061
12821,1064,1145
12822,1064,469
12823,1064,287
12824,1064,398
12825,1064,600
12826,1064,1190
12827,1064,35
12828,1064,901
12829,1064,96
12830,1064,726
12831,1064,1139
12832,1064,39
12833,1064,1025
12834,1064,732
12835,1064,747
12836,1064,989
12837,1064,1045
12838,1064,758
12839,1064,539
12840,1064,318
12841,1064,639
12842,1064,31
12843,1064,899
12844,1064,139
12845,1064,513
12846,1064,959
12847,1064,41
12848,1064,964
12849,1064,225
12850,1064,91
12851,1064,687
12852,1064,135
12853,1064,751
12854,1064,987
12855,1064,168
12856,1064,673
12857,1064,1156
12858,1064,377
12859,1064,340
12860,1064,745
12861,1064,1085
12862,1064,64
12863,1064,507
12864,1064,16
12865,1064,1002
12866,1064,349
12867,1064,271
12868,1064,440
12869,1064,325
12870,1064,50
12871,1064,314
12872,1064,215
12873,1064,1039
12874,1064,228
12875,1064,937
12876,1064,541
12877,1064,688
12878,1064,359
12879,1064,791
12880,1064,423
12881,1064,312
12882,1064,596
12883,1064,1168
12884,1064,848
12885,1064,996
12886,1064,941
12887,1064,884
12888,1064,801
12889,1064,315
12890,1064,298
12891,1064,532
12892,1064,279
12893,1064,291
12894,1064,1126
12895,1064,1072
12896,1064,99
12897,1064,615
12898,1064,608
12899,1064,373
12900,1064,833
12901,1064,129
12902,1064,702
12903,1064,1110
12904,1064,1136
12905,1064,366
12906,1064,410
12907,1064,361
12908,1064,1097
12909,1064,711
12910,1064,422
12911,1064,690
12912,1064,105
12913,1064,52
12914,1064,166
12915,1064,535
12916,1064,431
12917,1064,268
12918,1064,668
12919,1064,174
12920,1064,934
12921,1064,598
12922,1064,1167
12923,1064,397
12924,1064,393
12925,1064,664
12926,1064,534
12927,1064,1170
12928,1064,1109
12929,1064,501
12930,1064,938
12931,1064,59
12932,1064,446
12933,1064,1199
12934,1064,403
12935,1064,831
12936,1064,564
12937,1064,868
12938,1064,438
12939,1064,1043
12940,1064,1187
12941,1064,824
12942,1064,1197
12943,1064,709
12944,1064,809
12945,1064,57
12946,1064,1103
12947,1064,743
12948,1064,900
12949,1064,425
12950,1064,313
12951,1064,846
12952,1064,861
12953,1064,178
12954,1064,1129
12955,1064,882
12956,1064,569
12957,1064,1083
12958,1064,823
12959,1064,704
12960,1064,725
12961,1064,471
12962,1064,785
12963,1064,544
12964,1064,1057
12965,1064,246
12966,1064,404
12967,1064,79
12968,1064,131
12969,1064,245
12970,1064,1047
12971,1064,1023
12972,1064,474
12973,1064,201
12974,1064,316
12975,1064,261
12976,1064,424
12977,1064,321
12978,1064,278
12979,1064,1132
12980,1064,660
12981,1064,72
12982,1064,97
12983,1064,140
12984,1064,1062
12985,1064,23
12986,1064,13
12987,1064,156
12988,1064,586
12989,1064,342
12990,1064,308
12991,1064,931
12992,1064,84
12993,1064,746
12994,1064,199
12995,1064,1016
12996,1064,322
12997,1064,238
12998,1064,181
12999,1064,66
13000,1064,20
13001,1064,980
13002,1064,644
13003,1064,847
13004,1064,619
13005,1064,520
13006,1064,1012
13007,1064,918
13008,1064,450
13009,1064,21
13010,1064,300
13011,1064,990
13012,1064,388
13013,1064,706
13014,1064,1009
13015,1064,248
13016,1064,1194
13017,1064,599
13018,1064,208
13019,1064,736
13020,1064,1178
13021,1064,830
13022,1064,30
13023,1064,955
13024,1064,1100
13025,1064,200
13026,1064,443
13027,1064,686
13028,1064,765
13029,1064,1056
13030,1064,272
13031,1064,852
13032,1064,1089
13033,1064,984
13034,1064,756
13035,1064,372
13036,1064,548
13037,1064,1119
13038,1064,832
13039,1064,100
13040,1064,1127
13041,1064,762
13042,1064,81
13043,1064,407
13044,1064,829
13045,1064,254
13046,1064,7
13047,1064,159
13048,1064,463
13049,1064,210
13050,1064,83
13051,1064,416
13052,1064,152
13053,1064,1014
13054,1064,150
13055,1064,774
13056,1064,712
13057,1064,979
13058,1064,1095
13059,1064,911
13060,1064,329
13061,1064,851
13062,1064,151
13063,1064,71
13064,1064,1004
13065,1064,253
13066,1064,683
13067,1064,843
13068,1064,42
13069,1064,1008
13070,1064,289
13071,1064,171
13072,1064,0
13073,1064,1159
13074,1064,266
13075,1064,954
13076,1064,33
13077,1064,582
13078,1064,127
13079,1064,649
13080,1064,1000
13081,1064,591
13082,1064,453
13083,1064,46
13084,1064,605
13085,1064,214
13086,1064,597
13087,1064,144
13088,1064,445
13089,1064,392
13090,1064,155
13091,1064,1031
13092,1064,572
13093,1064,715
13094,1064,857
13095,1064,1122
13096,1064,470
13097,1064,689
13098,1064,191
13099,1064,983
13100,1064,459
13101,1064,378
13102,1064,142
13103,1064,429
13104,1064,926
13105,1064,95
13106,1064,472
13107,1064,415
13108,1064,74
13109,1064,1041
13110,1064,915
13111,1064,1171
13112,1064,786
13113,1064,748
13114,1064,950
13115,1064,11
13116,1064,89
13117,1064,56
13118,1064,717
13119,1064,883
13120,1064,506
13121,1064,1098
13122,1064,669
13123,1064,462
13124,1064,1183
13125,1064,457
13126,1064,104
13127,1064,670
13128,1064,43
13129,1064,557
13130,1064,439
13131,1064,561
13132,1064,256
13133,1064,180
13134,1064,914
13135,1064,1096
13136,1064,363
13137,1064,134
13138,1064,515
13139,1064,607
13140,1064,112
13141,1064,1079
13142,1064,629
13143,1064,516
13144,1064,929
13145,1064,905
13146,1064,814
13147,1064,678
13148,1064,69
13149,1064,844
13150,1064,1140
13151,1064,6
13152,1064,319
13153,1064,209
13154,1064,389
13155,1064,341
13156,1064,270
13157,1064,647
13158,1064,432
13159,1064,1076
13160,1064,623
13161,1064,1048
13162,1064,1010
13163,1064,612
13164,1064,981
13165,1064,103
13166,1064,718
13167,1064,943
13168,1064,488
13169,1064,630
13170,1064,511
13171,1064,283
13172,1064,1144
13173,1064,109
13174,1064,792
13175,1064,482
13176,1064,923
13177,1064,294
13178,1064,338
13179,1064,1080
13180,1064,1165
13181,1064,549
13182,1064,82
13183,1064,806
13184,1064,327
13185,1064,130
13186,1064,1006
13187,1064,1181
13188,1064,1091
13189,1064,825
13190,1064,571
13191,1064,578
13192,1064,1130
13193,1064,761
13194,1064,343
13195,1064,517
13196,1064,75
13197,1064,394
13198,1064,897
13199,1064,777
13200,1064,1066
13201,1064,951
13202,1064,1099
13203,1064,223
13204,1064,120
13205,1064,650
13206,1064,402
13207,1064,369
13208,1064,585
13209,1064,5
13210,1064,813
13211,1064,125
13212,1064,783
13213,1064,364
13214,1064,778
13215,1064,927
13216,1064,672
13217,1064,305
13218,1064,655
13219,1064,866
13220,1064,290
13221,1064,982
13222,1064,925
13223,1064,486
13224,1064,1193
13225,1064,930
13226,1064,913
13227,1064,240
13228,1064,510
13229,1064,780
13230,1064,114
13231,1143,601
13232,1143,393
13233,1143,243
13234,1143,642
13235,1143,461
13236,1143,154
13237,1143,686
13238,1143,258
13239,1143,923
13240,1143,355
13241,1143,843
13242,1143,542
13243,1143,1140
13244,1143,609
13245,1143,153
13246,1143,16
13247,1143,992
13248,1143,34
13249,1143,770
13250,1143,20
13251,1143,935
13252,1143,74
13253,1143,166
13254,1143,569
13255,1143,860
13256,1143,377
13257,1143,829
13258,1143,1135
13259,1143,507
13260,1143,316
13261,1143,200
13262,1143,1151
13263,1143,982
13264,1143,959
13265,1143,776
13266,1143,39
13267,1143,621
13268,1143,946
13269,1143,685
13270,1143,23
13271,1143,367
13272,1143,448
13273,1143,127
13274,1143,683
13275,1143,1086
13276,1143,619
13277,1143,433
13278,1143,751
13279,1143,634
13280,1143,897
13281,1143,413
13282,1143,1185
13283,1143,521
13284,1143,898
13285,1143,330
13286,1143,280
13287,1143,1004
13288,1143,694
13289,1143,1099
13290,1143,300
13291,1143,246
13292,1143,666
13293,1143,1201
13294,1143,398
13295,1143,1181
13296,1143,45
13297,1143,516
13298,1143,760
13299,1143,1097
13300,1143,1075
13301,1143,226
13302,1143,529
13303,1143,653
13304,1143,637
13305,1143,867
13306,1143,442
13307,1143,99
13308,1143,1152
13309,1143,84
13310,1143,380
13311,1143,467
13312,1143,1112
13313,1143,59
13314,1143,790
13315,1143,135
13316,1143,351
13317,1143,669
13318,1143,1019
13319,1143,502
13320,1143,555
13321,1143,744
13322,1143,498
13323,1143,385
13324,1143,597
13325,1143,758
13326,1143,1015
13327,1143,164
13328,1143,942
13329,1143,920
13330,1143,469
13331,1143,109
13332,1143,745
13333,1143,1087
13334,1143,625
13335,1143,580
13336,1143,1146
13337,1143,803
13338,1143,1007
13339,1143,426
13340,1143,378
13341,1143,242
13342,1143,308
13343,1143,49
13344,1143,528
13345,1143,58
13346,1143,98
13347,1143,62
13348,1143,1064
13349,1143,747
13350,1143,524
13351,1143,266
13352,1143,410
13353,1143,430
13354,1143,565
13355,1143,1145
13356,1143,773
13357,1143,180
13358,1143,746
13359,1143,684
13360,1143,212
13361,1143,835
13362,1143,687
13363,1143,136
13364,1143,981
13365,1143,1016
13366,1143,239
13367,1143,900
13368,1143,598
13369,1143,14
13370,1143,4
13371,1143,353
13372,1143,725
13373,1143,304
13374,1143,715
13375,1143,346
13376,1143,143
13377,1143,282
13378,1143,782
13379,1143,44
13380,1143,295
13381,1143,789
13382,1143,178
13383,1143,272
13384,1143,472
13385,1143,801
13386,1143,531
13387,1143,234
13388,1143,661
13389,1143,630
13390,1143,1160
13391,1143,177
13392,1143,1085
13393,1143,1093
13394,1143,807
13395,1143,267
13396,1143,438
13397,1143,415
13398,1143,949
13399,1143,936
13400,1143,523
13401,1143,290
13402,1143,822
13403,1143,363
13404,1143,263
13405,1143,1095
13406,1143,352
13407,1143,307
13408,1143,952
13409,1143,1024
13410,1143,541
13411,1143,113
13412,1143,112
13413,1143,567
13414,1143,1058
13415,1143,607
13416,1143,573
13417,1143,105
13418,1143,644
13419,1143,1073
13420,1143,60
13421,1143,187
13422,1143,740
13423,1143,608
13424,1143,72
13425,1143,253
13426,1143,945
13427,1143,28
13428,1143,142
13429,1143,405
13430,1143,857
13431,1143,419
13432,1143,1177
13433,1143,612
13434,1143,342
13435,1143,903
13436,1143,890
13437,1143,861
13438,1143,622
13439,1143,928
13440,1143,692
13441,1143,1123
13442,1143,963
13443,1143,1172
13444,1143,1069
13445,1143,465
13446,1143,278
13447,1143,501
13448,1143,591
13449,1143,309
13450,1143,471
13451,1143,853
13452,1143,902
13453,1143,131
13454,1143,548
13455,1143,119
13456,1143,956
13457,1143,767
13458,1143,1017
13459,1143,340
13460,1143,721
13461,1143,77
13462,1143,662
13463,1143,854
13464,1143,458
13465,1143,64
13466,1143,372
13467,1143,1199
13468,1143,85
13469,1143,805
13470,1143,90
13471,1143,559
13472,1143,104
13473,1143,457
13474,1143,908
13475,1143,305
13476,1143,1162
13477,1143,596
13478,1143,1084
13479,1143,1037
13480,1143,1040
13481,1143,1104
13482,1143,629
13483,1143,192
13484,1143,356
13485,1143,704
13486,1143,824
13487,1143,140
13488,1143,794
13489,1143,453
13490,1143,275
13491,1143,1108
13492,1143,1077
13493,1143,1131
13494,1143,422
13495,1143,257
13496,1143,599
13497,1143,512
13498,1143,1060
13499,1143,1042
13500,1143,517
13501,1143,167
13502,1143,1044
13503,1143,613
13504,1143,680
13505,1143,1003
13506,1143,1124
13507,1143,791
13508,1143,482
13509,1143,1170
13510,1143,1156
13511,1143,431
13512,1143,774
13513,1143,879
13514,1143,756
13515,1143,207
13516,1143,271
13517,1143,1196
13518,1143,614
13519,1143,1050
13520,1143,530
13521,1143,1139
13522,1143,546
13523,1143,1052
13524,1143,922
13525,1143,265
13526,1143,874
13527,1143,2
13528,1143,944
13529,1143,864
13530,1143,1043
13531,1143,526
13532,1143,696
13533,1143,225
13534,1143,195
13535,1143,354
13536,1143,315
13537,1143,175
13538,1143,797
13539,1143,491
13540,1143,841
13541,1143,416
13542,1143,830
13543,1143,658
13544,1143,15
13545,1143,146
13546,1143,674
13547,1143,547
13548,1143,1128
13549,1143,708
13550,1143,943
13551,1143,1081
13552,1143,933
13553,1143,447
13554,1143,1008
13555,1143,961
13556,1143,373
13557,1143,231
13558,1143,924
13559,1143,1105
13560,1143,837
13561,1143,376
13562,1143,535
13563,1143,651
13564,1143,273
13565,1143,701
13566,1143,707
13567,1143,998
13568,1143,1141
13569,1143,255
13570,1143,702
13571,1143,404
13572,1143,182
13573,1143,672
13574,1143,718
13575,1143,6
13576,1143,486
13577,1143,12
13578,1143,1074
13579,1143,338
13580,1143,138
13581,1143,948
13582,1143,742
13583,1143,1066
13584,1143,990
13585,1143,950
13586,1143,527
13587,1143,556
13588,1143,710
13589,1143,199
13590,1143,53
13591,1143,786
13592,1143,536
13593,1143,496
13594,1143,21
13595,1143,792
13596,1143,111
13597,1143,885
13598,1143,522
13599,1143,1190
13600,1143,87
13601,1143,624
13602,1143,428
13603,1143,732
13604,1143,931
13605,1143,133
13606,1143,611
13607,1143,36
13608,1143,1107
13609,1143,132
13610,1143,564
13611,1143,576
13612,1143,975
13613,1143,368
13614,1143,235
13615,1143,771
13616,1143,553
13617,1143,1083
13618,1143,987
13619,1143,281
13620,1143,1006
13621,1143,256
13622,1143,179
13623,1143,19
13624,1143,1125
13625,1143,884
13626,1143,509
13627,1143,679
13628,1143,493
13629,1143,955
13630,1143,964
13631,1143,240
13632,1143,149
13633,1143,518
13634,1143,479
13635,1143,914
13636,1143,820
13637,1143,488
13638,1143,299
13639,1143,503
13640,1143,514
13641,1143,1076
13642,1143,434
13643,1143,443
13644,1143,650
13645,1143,1198
13646,1143,1176
13647,1143,7
13648,1143,360
13649,1143,705
13650,1143,277
13651,1143,904
13652,1143,670
13653,1143,144
13654,1143,95
13655,1143,912
13656,1143,217
13657,1143,859
13658,1143,636
13659,1143,586
13660,1143,462
13661,1143,188
13662,1143,116
13663,1143,129
13664,1143,420
13665,1143,92
13666,1143,648
13667,1143,896
13668,1143,229
13669,1143,927
13670,1143,139
13671,1143,991
13672,1143,68
13673,1143,605
13674,1143,1115
13675,1143,1165
13676,1143,124
13677,1143,780
13678,1143,204
13679,1143,566
13680,1143,893
13681,1143,162
13682,1143,71
13683,1143,414
13684,1143,5
13685,1143,735
13686,1143,537
13687,1143,1049
13688,1143,130
13689,1143,646
13690,1143,329
13691,1143,862
13692,1143,1067
13693,1143,520
13694,1143,877
13695,1143,339
13696,1143,1163
13697,1143,617
13698,1143,417
13699,1143,821
13700,1143,631
13701,1143,1100
13702,1143,1200
13703,1143,783
13704,1143,918
13705,1143,455
13706,1143,1193
13707,1143,659
13708,1143,826
13709,1143,336
13710,1143,97
13711,1143,563
13712,1143,186
13713,1143,925
13714,1143,497
13715,1143,446
13716,1143,421
13717,1143,1000
13718,1143,464
13719,1143,691
13720,1143,813
13721,1143,201
13722,1143,883
13723,1143,327
13724,1143,519
13725,1143,748
13726,1143,663
13727,1143,88
13728,1143,1062
13729,1143,285
13730,1143,11
13731,1143,558
13732,1143,224
13733,1143,1014
13734,1143,689
13735,1143,668
13736,1143,238
13737,1143,1130
13738,1143,444
13739,1143,866
13740,1143,870
13741,1143,362
13742,1143,681
13743,1143,117
13744,1143,851
13745,1143,1129
13746,1143,37
13747,1143,160
13748,1143,197
13749,1143,196
13750,1143,980
13751,1143,89
13752,1143,298
13753,1143,296
13754,1143,379
13755,1143,604
13756,1143,451
13757,1143,396
13758,1143,852
13759,1143,848
13760,1143,1039
13761,1143,499
13762,1143,971
13763,1143,643
13764,1143,572
13765,1143,976
13766,1143,788
13767,1143,326
13768,1143,1061
13769,1143,470
13770,1143,475
13771,1143,1091
13772,1143,390
13773,1143,1136
13774,1143,310
13775,1143,31
13776,1143,1197
13777,1143,168
13778,1143,82
13779,1143,241
13780,1143,294
13781,1143,917
13782,1143,678
13783,1143,736
13784,1143,481
13785,1143,191
13786,1143,69
13787,1143,259
13788,1143,800
13789,1143,1051
13790,1143,970
13791,1143,957
13792,1143,655
13793,1143,989
13794,1143,291
13795,1143,283
13796,1143,247
13797,1143,1035
13798,1143,391
13799,1143,554
13800,1143,844
13801,1143,590
13802,1143,876
13803,1143,121
13804,1143,209
13805,1143,552
13806,1143,276
13807,1143,484
13808,1143,560
13809,1143,474
13810,1143,1195
13811,1143,429
13812,1143,1103
13813,1143,618
13814,1143,610
13815,1143,574
13816,1143,551
13817,1143,719
13818,1143,1203
13819,1143,817
13820,1143,919
13821,1143,973
13822,1143,1063
13823,1143,1032
13824,1143,1102
13825,1143,228
13826,1143,1034
13827,1143,603
13828,1143,916
13829,1143,869
13830,1143,839
13831,1143,1023
13832,1143,652
13833,1143,50
13834,1143,1119
13835,1143,47
13836,1143,967
13837,1143,312
13838,1143,582
13839,1143,227
13840,1143,769
13841,1143,784
13842,1143,796
13843,1143,778
13844,1143,675
13845,1143,833
13846,1143,375
13847,1143,997
13848,1143,713
13849,1143,1147
13850,1143,508
13851,1143,432
13852,1143,1167
13853,1143,284
13854,1143,205
13855,1143,83
13856,1143,254
13857,1143,41
13858,1143,1021
13859,1143,244
13860,1143,656
13861,1143,445
13862,1143,406
13863,1143,937
13864,1143,189
13865,1143,994
13866,1143,495
13867,1143,289
13868,1143,1194
13869,1143,639
13870,1143,76
13871,1143,51
13872,1143,260
13873,1143,392
13874,1143,1126
13875,1143,711
13876,1143,688
13877,1143,888
13878,1143,1144
13879,1143,345
13880,1143,183
13881,1143,575
13882,1143,850
13883,1143,157
13884,1143,1188
13885,1143,223
13886,1143,1134
13887,1143,1072
13888,1143,350
13889,1143,1120
13890,1143,1046
13891,1143,1045
13892,1143,3
13893,1143,106
13894,1143,588
13895,1143,1088
13896,1143,811
13897,1143,1078
13898,1143,27
13899,1143,73
13900,1143,825
13901,1143,174
13902,1143,485
13903,1143,763
13904,1143,184
13905,1143,677
13906,1143,1184
13907,1143,332
13908,1143,264
13909,1143,412
13910,1143,818
13911,1143,863
13912,1143,649
13913,1143,185
13914,1143,828
13915,1143,56
13916,1143,389
13917,1143,400
13918,1143,55
13919,1143,402
13920,1143,321
13921,1143,615
13922,1143,297
13923,1143,303
13924,1143,96
13925,1143,544
13926,1143,700
13927,1143,100
13928,1143,151
13929,1143,450
13930,1143,347
13931,1143,697
13932,1143,381
13933,1143,712
13934,1143,932
13935,1143,387
13936,1143,540
13937,1143,115
13938,1143,1187
13939,1162,1037
13940,1162,50
13941,1162,1086
13942,1162,879
13943,1162,1123
13944,1162,1011
13945,1162,699
13946,1162,1153
13947,1162,1060
13948,1162,1158
13949,1162,29
13950,1162,578
13951,1162,785
13952,1162,819
13953,1162,203
13954,1162,490
13955,1162,881
13956,1162,574
13957,1162,1038
13958,1162,641
13959,1162,1077
13960,1162,527
13961,1162,552
13962,1162,13
13963,1162,1016
13964,1162,962
13965,1162,230
13966,1162,26
13967,1162,757
13968,1162,212
13969,1162,955
13970,1162,1036
13971,1162,323
13972,1162,716
13973,1162,839
13974,1162,966
13975,1162,892
13976,1162,135
13977,1162,923
13978,1162,958
13979,1162,545
13980,1162,491
13981,1162,1172
13982,1162,933
13983,1162,1053
13984,1162,894
13985,1162,364
13986,1162,662
13987,1162,704
13988,1162,924
13989,1162,392
13990,1162,503
13991,1162,144
13992,1162,961
13993,1162,452
13994,1162,42
13995,1162,1167
13996,1162,6
13997,1162,220
13998,1162,214
13999,1162,711
14000,1162,341
14001,1162,342
14002,1162,379
14003,1162,53
14004,1162,772
14005,1162,326
14006,1162,188
14007,1162,560
14008,1162,692
14009,1162,471
14010,1162,856
14011,1162,160
14012,1162,758
14013,1162,152
14014,1162,673
14015,1162,619
14016,1162,555
14017,1162,870
14018,1162,700
14019,1162,1194
14020,1162,781
14021,1162,826
14022,1162,612
14023,1162,348
14024,1162,213
14025,1162,142
14026,1162,1120
14027,1162,850
14028,1162,1075
14029,1162,558
14030,1162,807
14031,1162,956
14032,1162,195
14033,1162,912
14034,1162,1136
14035,1162,474
14036,1162,536
14037,1162,11
14038,1162,1100
14039,1162,1188
14040,1162,1054
14041,1162,1138
14042,1162,854
14043,1162,927
14044,1162,928
14045,1162,270
14046,1162,998
14047,1162,937
14048,1162,1002
14049,1162,907
14050,1162,1097
14051,1162,518
14052,1162,571
14053,1162,1083
14054,1162,784
14055,1162,899
14056,1162,334
14057,1162,1131
14058,1162,235
14059,1162,93
14060,1162,402
14061,1162,229
14062,1162,319
14063,1162,427
14064,1162,370
14065,1162,372
14066,1162,626
14067,1162,921
14068,1162,375
14069,1162,259
14070,1162,292
14071,1162,1106
14072,1162,931
14073,1162,43
14074,1162,695
14075,1162,610
14076,1162,105
14077,1162,842
14078,1162,371
14079,1162,127
14080,1162,311
14081,1162,267
14082,1162,1072
14083,1162,1169
14084,1162,812
14085,1162,451
14086,1162,847
14087,1162,57
14088,1162,791
14089,1162,407
14090,1162,898
14091,1162,204
14092,1162,201
14093,1162,400
14094,1162,1154
14095,1162,667
14096,1162,1099
14097,1162,605
14098,1162,207
14099,1162,1098
14100,1162,298
14101,1162,747
14102,1162,688
14103,1162,872
14104,1162,551
14105,1162,769
14106,1162,797
14107,1162,963
14108,1162,10
14109,1162,74
14110,1162,337
14111,1162,777
14112,1162,506
14113,1162,530
14114,1162,1015
14115,1162,650
14116,1162,544
14117,1162,130
14118,1162,657
14119,1162,622
14120,1162,671
14121,1162,435
14122,1162,611
14123,1162,730
14124,1162,158
14125,1162,959
14126,1162,941
14127,1162,303
14128,1162,173
14129,1162,412
14130,1162,361
14131,1162,888
14132,1162,672
14133,1162,689
14134,1162,413
14135,1162,729
14136,1162,338
14137,1162,691
14138,1162,830
14139,1162,947
14140,1162,1127
14141,1162,618
14142,1162,314
14143,1162,868
14144,1162,131
14145,1162,269
14146,1162,1189
14147,1162,1090
14148,1162,206
14149,1162,1046
14150,1162,217
14151,1162,354
14152,1162,104
14153,1162,351
14154,1162,434
14155,1162,37
14156,1162,262
14157,1162,79
14158,1162,529
14159,1162,1034
14160,1162,570
14161,1162,416
14162,1162,243
14163,1162,89
14164,1162,1003
14165,1162,287
14166,1162,659
14167,1162,664
14168,1162,414
14169,1162,855
14170,1162,289
14171,1162,1116
14172,1162,707
14173,1162,493
14174,1162,141
14175,1162,512
14176,1162,763
14177,1162,1159
14178,1162,111
14179,1162,120
14180,1162,1063
14181,1162,1102
14182,1162,521
14183,1162,306
14184,1162,893
14185,1162,683
14186,1162,971
14187,1162,810
14188,1162,260
14189,1162,718
14190,1162,1040
14191,1162,194
14192,1162,1114
14193,1162,186
14194,1162,1160
14195,1162,954
14196,1162,660
14197,1162,596
14198,1162,483
14199,1162,322
14200,1162,439
14201,1162,588
14202,1162,754
14203,1162,1115
14204,1162,778
14205,1162,114
14206,1162,70
14207,1162,576
14208,1162,1025
14209,1162,540
14210,1162,638
14211,1162,1028
14212,1162,726
14213,1162,332
14214,1162,1119
14215,1162,831
14216,1162,584
14217,1162,189
14218,1162,1141
14219,1162,257
14220,1162,919
14221,1162,1067
14222,1162,1059
14223,1162,580
14224,1162,455
14225,1162,140
14226,1162,824
14227,1162,357
14228,1162,663
14229,1162,478
14230,1162,486
14231,1162,782
14232,1162,838
14233,1162,9
14234,1162,554
14235,1162,1079
14236,1162,1179
14237,1162,191
14238,1162,181
14239,1162,426
14240,1162,242
14241,1162,456
14242,1162,569
14243,1162,508
14244,1162,748
14245,1162,873
14246,1162,422
14247,1162,117
14248,1162,296
14249,1162,447
14250,1162,548
14251,1162,41
14252,1162,84
14253,1162,599
14254,1162,184
14255,1162,353
14256,1162,633
14257,1162,1163
14258,1162,796
14259,1162,454
14260,1162,878
14261,1162,802
14262,1162,631
14263,1162,734
14264,1162,38
14265,1162,617
14266,1162,989
14267,1162,75
14268,1162,405
14269,1162,514
14270,1162,441
14271,1162,751
14272,1162,607
14273,1162,834
14274,1162,409
14275,1162,553
14276,1162,573
14277,1162,472
14278,1162,586
14279,1162,725
14280,1162,867
14281,1162,950
14282,1162,926
14283,1162,295
14284,1162,1147
14285,1162,273
14286,1162,674
14287,1162,889
14288,1162,52
14289,1162,1124
14290,1162,579
14291,1162,27
14292,1162,666
14293,1162,517
14294,1162,380
14295,1162,165
14296,1162,832
14297,1162,1051
14298,1162,149
14299,1162,461
14300,1162,381
14301,1162,308
14302,1162,1203
14303,1162,614
14304,1162,248
14305,1162,197
14306,1162,942
14307,1162,1144
14308,1162,651
14309,1162,643
14310,1162,448
14311,1162,739
14312,1162,1145
14313,1162,589
14314,1162,25
14315,1162,811
14316,1162,844
14317,1162,297
14318,1162,378
14319,1162,587
14320,1162,964
14321,1162,615
14322,1162,906
14323,1162,1174
14324,1162,288
14325,1162,845
14326,1162,330
14327,1162,424
14328,1162,965
14329,1162,995
14330,1162,823
14331,1162,2
14332,1162,34
14333,1162,196
14334,1162,935
14335,1162,161
14336,1162,601
14337,1162,656
14338,1162,363
14339,1162,450
14340,1162,368
14341,1162,640
14342,1162,1195
14343,1162,162
14344,1162,639
14345,1162,562
14346,1162,948
14347,1162,137
14348,1162,61
14349,1162,1176
14350,1162,885
14351,1162,240
14352,1162,423
14353,1162,463
14354,1162,900
14355,1162,179
14356,1162,475
14357,1162,1166
14358,1162,420
14359,1162,1095
14360,1162,943
14361,1162,394
14362,1162,1129
14363,1162,1017
14364,1162,990
14365,1162,1008
14366,1162,272
14367,1162,572
14368,1162,102
14369,1162,620
14370,1162,975
14371,1162,944
14372,1162,1023
14373,1162,487
14374,1162,261
14375,1162,986
14376,1162,258
14377,1162,263
14378,1162,238
14379,1162,753
14380,1162,723
14381,1162,759
14382,1162,1134
14383,1162,745
14384,1162,19
14385,1162,280
14386,1162,616
14387,1162,649
14388,1162,783
14389,1162,386
14390,1162,119
14391,1162,88
14392,1162,916
14393,1162,627
14394,1162,957
14395,1162,190
14396,1162,33
14397,1162,792
14398,1162,234
14399,1162,513
14400,1162,644
14401,1162,629
14402,1162,675
14403,1162,233
14404,1162,193
14405,1162,199
14406,1162,835
14407,1162,1109
14408,1162,1201
14409,1162,981
14410,1162,31
14411,1162,827
14412,1162,1033
14413,1162,1070
14414,1162,154
14415,1162,222
14416,1162,329
14417,1162,247
14418,1162,425
14419,1162,1108
14420,1162,849
14421,1162,779
14422,1162,60
14423,1162,874
14424,1162,788
14425,1162,818
14426,1162,786
14427,1162,446
14428,1162,801
14429,1162,278
14430,1162,406
14431,1162,347
14432,1162,648
14433,1162,1081
14434,1162,1177
14435,1162,669
14436,1162,511
14437,1162,546
14438,1162,911
14439,1162,155
14440,1162,166
14441,1162,743
14442,1162,64
14443,1162,1058
14444,1162,459
14445,1162,1196
14446,1162,1082
14447,1162,39
14448,1162,318
14449,1162,1101
14450,1162,533
14451,1162,1039
14452,1162,385
14453,1162,421
14454,1162,417
14455,1162,345
14456,1162,930
14457,1162,367
14458,1162,800
14459,1162,1010
14460,1162,567
14461,1162,90
14462,1162,635
14463,1162,563
14464,1162,901
14465,1162,150
14466,1162,713
14467,1162,914
14468,1162,265
14469,1162,183
14470,1162,814
14471,1162,817
14472,1162,936
14473,1162,294
14474,1162,550
14475,1162,1180
14476,1162,520
14477,1162,71
14478,1162,575
14479,1162,813
14480,1162,709
14481,1162,40
14482,1162,219
14483,1162,1005
14484,1162,284
14485,1162,30
14486,1162,915
14487,1162,502
14488,1162,983
14489,1162,1071
14490,1162,281
14491,1162,23
14492,1162,1
14493,1162,997
14494,1162,63
14495,1162,1200
14496,1162,500
14497,1162,300
14498,1162,108
14499,1162,1088
14500,1162,143
14501,1162,984
14502,1162,815
14503,1162,5
14504,1162,390
14505,1162,804
14506,1162,1104
14507,1162,91
14508,1162,670
14509,1162,255
14510,1162,307
14511,1162,362
14512,1162,80
14513,1162,1084
14514,1162,481
14515,1162,121
14516,1162,775
14517,1162,224
14518,1162,1142
14519,1162,577
14520,1162,903
14521,1162,703
14522,1162,583
14523,1162,309
14524,1162,908
14525,1162,556
14526,1162,133
14527,1162,1050
14528,1162,1155
14529,1162,101
14530,1162,78
14531,1162,442
14532,1162,632
14533,1162,661
14534,1162,764
14535,1162,960
14536,1162,808
14537,1162,159
14538,1162,630
14539,1162,647
14540,1162,1035
14541,1162,453
14542,1162,1192
14543,1162,736
14544,1162,1056
14545,1162,1110
14546,1162,820
14547,1162,799
14548,1162,1165
14549,1162,129
14550,1162,180
14551,1162,581
14552,1162,774
14553,1162,58
14554,1162,388
14555,1162,891
14556,1162,1042
14557,1162,4
14558,1162,128
14559,1162,1085
14560,1162,355
14561,1162,496
14562,1162,1150
14563,1162,410
14564,1162,1111
14565,1162,861
14566,1162,488
14567,1162,264
14568,1162,564
14569,1162,171
14570,1162,28
14571,1162,458
14572,1162,1130
14573,1162,271
14574,1162,249
14575,1162,1148
14576,1162,187
14577,1162,561
14578,1162,1031
14579,1162,987
14580,1162,14
14581,1162,590
14582,1162,982
14583,1162,1032
14584,1162,705
14585,1162,535
14586,1162,16
14587,1162,1175
14588,1162,833
14589,1162,1128
14590,1162,97
14591,1162,20
14592,1162,225
14593,1162,613
14594,1162,333
14595,1162,828
14596,1162,1064
14597,1162,374
14598,1162,702
14599,1162,244
14600,1162,951
14601,1162,714
14602,1162,871
14603,1162,1044
14604,1162,735
14605,1162,253
14606,1162,301
14607,1162,680
14608,1162,866
14609,1162,1048
14610,1162,205
14611,1162,305
14612,1162,634
14613,1162,1009
14614,1162,250
14615,1162,860
14616,1162,658
14617,1162,397
14618,1162,283
14619,1162,476
14620,1162,701
14621,1162,192
14622,1162,36
14623,1162,1021
14624,1162,499
14625,1162,917
14626,1162,1018
14627,1162,1112
14628,1162,282
14629,1162,505
14630,1162,1001
14631,1162,432
14632,1162,821
14633,1162,59
14634,1162,1199
14635,1162,636
14636,1162,1062
14637,1162,76
14638,1162,252
14639,1162,373
14640,1162,794
14641,1162,547
14642,1162,597
14643,1162,996
14644,1162,686
14645,1162,1190
14646,1162,519
14647,1162,1113
14648,1162,164
14649,1162,328
14650,1162,336
14651,1162,582
14652,1162,209
14653,1162,44
14654,1162,755
14655,1162,126
14656,1162,73
14657,1162,559
14658,1162,565
14659,1162,324
14660,1162,706
14661,1162,138
14662,1162,988
14663,1162,118
14664,1162,1191
14665,1162,738
14666,1162,1091
14667,1162,624
14668,1162,69
14669,1162,604
14670,1162,1043
14671,1162,1198
14672,1162,1186
14673,1162,979
14674,1162,232
14675,1162,905
14676,1162,438
14677,1162,484
14678,1162,851
14679,1162,153
14680,1162,157
14681,1162,198
14682,1162,1019
14683,1162,1004
14684,1162,852
14685,1162,1093
14686,1162,1202
14687,1162,136
14688,1162,286
14689,1162,1014
14690,1162,836
14691,1162,45
14692,1162,277
14693,1162,848
14694,1162,216
14695,1162,875
14696,1162,746
14697,1162,473
14698,1162,344
14699,1162,22
14700,1162,696
14701,1162,913
14702,1162,293
14703,1162,884
14704,1162,1135
14705,1162,391
14706,1162,843
