,TF,Target,Label
0,2,623,1
1,2,680,1
2,2,1174,1
3,2,496,1
4,2,67,1
5,2,808,1
6,2,1119,1
7,2,555,1
8,2,495,1
9,2,719,1
10,2,1111,1
11,2,167,1
12,2,539,1
13,2,861,1
14,2,481,1
15,2,1199,1
16,2,616,1
17,2,700,1
18,2,751,1
19,2,769,1
20,2,50,1
21,2,1196,1
22,2,502,1
23,2,876,1
24,2,1091,1
25,2,127,1
26,2,305,1
27,2,1088,1
28,2,15,1
29,2,629,1
30,2,964,1
31,2,408,1
32,2,194,1
33,2,133,1
34,2,62,1
35,2,1012,1
36,2,832,1
37,2,473,1
38,2,767,1
39,2,1010,1
40,2,609,1
41,2,250,1
42,2,857,1
43,2,647,1
44,2,308,1
45,2,684,1
46,2,907,1
47,2,949,1
48,2,466,1
49,2,17,1
50,2,484,1
51,2,784,1
52,2,240,1
53,2,1035,1
54,2,105,1
55,2,503,1
56,2,840,1
57,2,562,1
58,2,306,1
59,2,927,1
60,2,1051,1
61,2,313,1
62,2,511,1
63,2,981,1
64,2,462,1
65,2,809,1
66,2,521,1
67,2,795,1
68,2,339,1
69,2,676,1
70,2,269,1
71,2,681,1
72,2,635,1
73,2,321,1
74,2,1103,1
75,2,1003,1
76,2,712,1
77,2,257,1
78,2,909,1
79,2,74,1
80,2,682,1
81,2,523,1
82,2,201,1
83,2,284,1
84,2,656,1
85,2,441,1
86,2,188,1
87,2,587,1
88,2,300,1
89,2,253,1
90,2,92,1
91,2,1096,1
92,2,1181,1
93,2,479,1
94,2,1098,1
95,2,53,1
96,2,170,1
97,2,88,1
98,2,551,1
99,2,1024,1
100,2,848,1
101,2,828,1
102,2,1156,1
103,2,486,1
104,2,801,1
105,2,446,1
106,2,330,1
107,2,295,1
108,2,159,1
109,2,438,1
110,2,444,1
111,2,157,1
112,2,283,1
113,2,762,1
114,2,787,1
115,2,1162,1
116,2,471,1
117,2,384,1
118,2,976,1
119,2,1159,1
120,2,177,1
121,2,883,1
122,2,1101,1
123,2,244,1
124,2,222,1
125,2,245,1
126,2,191,1
127,2,783,1
128,2,367,1
129,2,412,1
130,2,1105,1
131,2,501,1
132,2,791,1
133,2,37,1
134,2,1021,1
135,2,717,1
136,2,507,1
137,2,533,1
138,2,1163,1
139,2,73,1
140,2,707,1
141,2,697,1
142,2,124,1
143,2,14,1
144,2,372,1
145,2,893,1
146,2,1032,1
147,2,508,1
148,2,199,1
149,2,1201,1
150,2,285,1
151,2,477,1
152,2,1092,1
153,2,945,1
154,2,817,1
155,2,819,1
156,2,225,1
157,2,480,1
158,2,1173,1
159,2,939,1
160,2,116,1
161,2,354,1
162,2,860,1
163,2,193,1
164,2,866,1
165,2,633,1
166,2,299,1
167,2,796,1
168,2,220,1
169,2,1104,1
170,2,463,1
171,2,1070,1
172,2,877,1
173,2,535,1
174,2,591,1
175,2,326,1
176,2,754,1
177,2,96,1
178,2,936,1
179,2,558,1
180,2,369,1
181,2,875,1
182,2,276,1
183,2,829,1
184,2,460,1
185,2,1172,1
186,2,814,1
187,2,670,1
188,2,322,1
189,2,1130,1
190,2,918,1
191,2,338,1
192,2,1177,1
193,2,1136,1
194,2,714,1
195,2,248,1
196,2,980,1
197,2,36,1
198,2,99,1
199,2,884,1
200,2,307,1
201,2,675,1
202,2,7,1
203,2,1170,1
204,2,429,1
205,2,874,1
206,2,275,1
207,2,870,1
208,2,26,1
209,2,6,1
210,2,825,1
211,2,667,1
212,2,846,1
213,2,529,1
214,2,781,1
215,2,5,1
216,2,1093,1
217,2,1037,1
218,2,1016,1
219,2,292,1
220,2,855,1
221,2,34,1
222,2,937,1
223,2,988,1
224,2,1066,1
225,2,713,1
226,2,990,1
227,2,336,1
228,2,406,1
229,2,119,1
230,2,1036,1
231,2,59,1
232,2,957,1
233,2,409,1
234,2,943,1
235,2,451,1
236,2,410,1
237,2,432,1
238,2,891,1
239,2,1001,1
240,2,864,1
241,2,514,1
242,2,934,1
243,2,935,1
244,2,1160,1
245,2,1046,1
246,2,52,1
247,2,664,1
248,2,1146,1
249,2,983,1
250,2,810,1
251,2,491,1
252,2,287,1
253,2,1132,1
254,2,60,1
255,2,143,1
256,2,140,1
257,2,352,1
258,2,277,1
259,2,142,1
260,2,764,1
261,2,165,1
262,2,166,1
263,2,710,1
264,2,415,1
265,2,187,1
266,2,258,1
267,2,1121,1
268,2,1110,1
269,2,1147,1
270,2,102,1
271,2,30,1
272,2,401,1
273,2,1165,1
274,2,599,1
275,2,232,1
276,2,1169,1
277,2,459,1
278,2,775,1
279,2,868,1
280,2,565,1
281,2,1109,1
282,2,212,1
283,2,247,1
284,2,908,1
285,2,804,1
286,2,164,1
287,2,748,1
288,2,992,1
289,2,333,1
290,2,933,1
291,2,941,1
292,2,741,1
293,2,888,1
294,2,849,1
295,2,950,1
296,2,97,1
297,2,318,1
298,2,958,1
299,2,474,1
300,2,732,1
301,2,22,1
302,2,890,1
303,2,739,1
304,2,1145,1
305,2,631,1
306,2,1108,1
307,2,984,1
308,2,345,1
309,2,1167,1
310,2,997,1
311,2,743,1
312,2,765,1
313,2,953,1
314,2,46,1
315,2,90,1
316,2,1176,1
317,2,601,1
318,2,210,1
319,2,853,1
320,2,612,1
321,2,845,1
322,2,400,1
323,2,970,1
324,2,115,1
325,2,962,1
326,2,963,1
327,2,388,1
328,2,1069,1
329,2,1047,1
330,2,54,1
331,2,440,1
332,2,813,1
333,2,663,1
334,2,916,1
335,2,1187,1
336,2,1112,1
337,2,169,1
338,2,217,1
339,2,1038,1
340,2,1134,1
341,2,263,1
342,2,334,1
343,2,109,1
344,2,360,1
345,2,556,1
346,2,805,1
347,2,756,1
348,2,718,1
349,2,513,1
350,2,604,1
351,2,223,1
352,2,738,1
353,2,1045,1
354,2,1113,1
355,2,1139,1
356,2,301,1
357,2,1053,1
358,2,735,1
359,2,282,1
360,2,152,1
361,2,316,1
362,2,622,1
363,2,487,1
364,2,644,1
365,2,1054,1
366,2,1052,1
367,2,260,1
368,2,132,1
369,2,798,1
370,2,794,1
371,2,878,1
372,2,760,1
373,2,1064,1
374,2,44,1
375,2,461,1
376,2,1189,1
377,2,1100,1
378,2,800,1
379,2,173,1
380,2,1188,1
381,2,545,1
382,2,947,1
383,2,598,1
384,2,930,1
385,2,960,1
386,2,583,1
387,2,76,1
388,2,112,1
389,2,702,1
390,2,81,1
391,2,69,1
392,2,1067,1
393,2,370,1
394,2,1004,1
395,2,914,1
396,2,724,1
397,2,924,1
398,2,852,1
399,2,1089,1
400,2,198,1
401,2,121,1
402,2,520,1
403,2,811,1
404,2,123,1
405,2,427,1
406,2,1044,1
407,2,314,1
408,2,766,1
409,2,174,1
410,2,397,1
411,2,125,1
412,2,239,1
413,2,207,1
414,2,426,1
415,2,85,1
416,2,183,1
417,2,290,1
418,2,467,1
419,2,755,1
420,2,1138,1
421,2,185,1
422,2,209,1
423,2,596,1
424,2,312,1
425,2,228,1
426,2,643,1
427,2,28,1
428,2,831,1
429,2,359,1
430,2,856,1
431,2,925,1
432,2,172,1
433,2,843,1
434,2,686,1
435,2,669,1
436,2,929,1
437,2,242,1
438,2,968,1
439,2,1180,1
440,2,839,1
441,2,773,1
442,2,413,1
443,2,898,1
444,2,706,1
445,2,1178,1
446,2,261,1
447,2,580,1
448,2,650,1
449,2,379,1
450,2,375,1
451,2,500,1
452,2,1102,1
453,2,347,1
454,2,19,1
455,2,645,1
456,2,246,1
457,2,1193,1
458,2,335,1
459,2,431,1
460,2,178,1
461,2,101,1
462,2,158,1
463,2,658,1
464,2,542,1
465,2,572,1
466,2,541,1
467,2,834,1
468,2,184,1
469,2,91,1
470,2,179,1
471,2,895,1
472,2,772,1
473,2,792,1
474,2,390,1
475,2,1190,1
476,2,337,1
477,2,87,1
478,2,991,1
479,2,559,1
480,2,380,1
481,2,492,1
482,2,621,1
483,2,241,1
484,2,1072,1
485,2,582,1
486,2,639,1
487,2,153,1
488,2,777,1
489,2,16,1
490,2,25,1
491,2,788,1
492,2,79,1
493,2,1087,1
494,2,475,1
495,2,365,1
496,2,862,1
497,2,265,1
498,2,847,1
499,2,120,1
500,2,168,1
501,2,146,1
502,2,154,1
503,2,516,1
504,2,100,1
505,2,1149,1
506,2,56,1
507,2,196,1
508,2,464,1
509,2,740,1
510,2,368,1
511,2,624,1
512,2,448,1
513,2,534,1
514,2,254,1
515,2,610,1
516,2,238,1
517,2,252,1
518,2,519,1
519,2,998,1
520,2,353,1
521,2,197,1
522,2,657,1
523,2,722,1
524,2,824,1
525,2,49,1
526,2,9,1
527,2,268,1
528,2,63,1
529,2,1063,1
530,2,1000,1
531,2,71,1
532,2,715,1
533,2,1041,1
534,2,1085,1
535,2,65,1
536,2,510,1
537,2,488,1
538,2,344,1
539,2,859,1
540,2,932,1
541,2,161,1
542,2,858,1
543,2,948,1
544,2,150,1
545,2,889,1
546,2,311,1
547,2,531,1
548,2,1025,1
549,2,1166,1
550,2,1095,1
551,2,319,1
552,2,678,1
553,2,1158,1
554,2,144,1
555,2,1073,1
556,2,297,1
557,2,841,1
558,2,1015,1
559,2,416,1
560,2,1019,1
561,2,1140,1
562,2,716,1
563,2,761,1
564,2,0,1
565,2,628,1
566,2,8,1
567,2,942,1
568,2,137,1
569,2,227,1
570,2,51,1
571,2,108,1
572,2,454,1
573,2,882,1
574,2,546,1
575,2,31,1
576,2,362,1
577,2,586,1
578,2,1040,1
579,2,1125,1
580,2,666,1
581,2,835,1
582,2,469,1
583,2,1061,1
584,2,961,1
585,2,386,1
586,2,901,1
587,2,328,1
588,2,442,1
589,2,557,1
590,2,744,1
591,2,590,1
592,2,720,1
593,2,315,1
594,2,83,1
595,2,554,1
596,2,867,1
597,2,349,1
598,2,331,1
599,2,29,1
600,2,404,1
601,2,1008,1
602,2,1071,1
603,2,1117,1
604,2,708,1
605,2,1097,1
606,2,447,1
607,2,482,1
608,2,685,1
609,2,433,1
610,2,233,1
611,2,673,1
612,2,579,1
613,2,620,1
614,2,758,1
615,2,504,1
616,2,77,1
617,2,294,1
618,2,938,1
619,2,779,1
620,2,1200,1
621,2,1107,1
622,2,1048,1
623,9,143,1
624,9,1189,1
625,9,1185,1
626,9,898,1
627,9,1128,1
628,9,1197,1
629,9,1155,1
630,9,1024,1
631,9,329,1
632,9,1200,1
633,9,118,1
634,9,280,1
635,9,699,1
636,9,973,1
637,9,109,1
638,9,102,1
639,9,692,1
640,9,57,1
641,9,646,1
642,9,928,1
643,9,650,1
644,9,1038,1
645,9,1072,1
646,9,844,1
647,9,228,1
648,9,105,1
649,9,428,1
650,9,563,1
651,9,576,1
652,9,959,1
653,9,759,1
654,9,969,1
655,9,275,1
656,9,420,1
657,9,776,1
658,9,289,1
659,9,421,1
660,9,552,1
661,9,854,1
662,9,1026,1
663,9,1156,1
664,9,989,1
665,9,935,1
666,9,460,1
667,9,743,1
668,9,187,1
669,9,896,1
670,9,958,1
671,9,1018,1
672,9,267,1
673,9,1085,1
674,9,170,1
675,9,637,1
676,9,344,1
677,9,1047,1
678,9,1044,1
679,9,848,1
680,9,97,1
681,9,819,1
682,9,181,1
683,9,631,1
684,9,979,1
685,9,524,1
686,9,1162,1
687,9,881,1
688,9,810,1
689,9,838,1
690,9,894,1
691,9,95,1
692,9,73,1
693,9,1159,1
694,9,1054,1
695,9,1150,1
696,9,663,1
697,9,1203,1
698,9,195,1
699,9,809,1
700,9,868,1
701,9,530,1
702,9,910,1
703,9,513,1
704,9,144,1
705,9,248,1
706,9,298,1
707,9,461,1
708,9,225,1
709,9,685,1
710,9,330,1
711,9,231,1
712,9,1087,1
713,9,1049,1
714,9,338,1
715,9,724,1
716,9,977,1
717,9,1113,1
718,9,183,1
719,9,779,1
720,9,274,1
721,9,622,1
722,9,444,1
723,9,33,1
724,9,396,1
725,9,941,1
726,9,664,1
727,9,119,1
728,9,91,1
729,9,1073,1
730,9,1012,1
731,9,490,1
732,9,906,1
733,9,484,1
734,9,899,1
735,9,876,1
736,9,859,1
737,9,85,1
738,9,1030,1
739,9,1053,1
740,9,942,1
741,9,712,1
742,9,466,1
743,9,13,1
744,9,1145,1
745,9,1029,1
746,9,416,1
747,9,661,1
748,9,855,1
749,9,708,1
750,9,737,1
751,9,620,1
752,9,683,1
753,9,907,1
754,9,165,1
755,9,1160,1
756,9,19,1
757,9,682,1
758,9,443,1
759,9,940,1
760,9,465,1
761,9,352,1
762,9,1187,1
763,9,25,1
764,9,451,1
765,9,986,1
766,9,488,1
767,9,372,1
768,9,469,1
769,9,1141,1
770,9,1016,1
771,9,58,1
772,9,269,1
773,9,1040,1
774,9,140,1
775,9,1,1
776,9,695,1
777,9,590,1
778,9,860,1
779,9,483,1
780,9,939,1
781,9,111,1
782,9,823,1
783,9,841,1
784,9,390,1
785,9,644,1
786,9,52,1
787,9,393,1
788,9,950,1
789,9,937,1
790,9,786,1
791,9,729,1
792,9,1015,1
793,9,639,1
794,9,437,1
795,9,908,1
796,9,1134,1
797,9,310,1
798,9,359,1
799,9,777,1
800,9,934,1
801,9,541,1
802,9,1104,1
803,9,645,1
804,9,408,1
805,9,468,1
806,9,1191,1
807,9,611,1
808,9,560,1
809,9,963,1
810,9,912,1
811,9,103,1
812,9,536,1
813,9,435,1
814,9,556,1
815,9,309,1
816,9,254,1
817,9,829,1
818,9,242,1
819,9,295,1
820,9,1168,1
821,9,23,1
822,9,94,1
823,9,472,1
824,9,833,1
825,9,50,1
826,9,621,1
827,9,733,1
828,9,686,1
829,9,246,1
830,9,1006,1
831,9,481,1
832,9,113,1
833,9,546,1
834,9,343,1
835,9,296,1
836,9,368,1
837,9,93,1
838,9,599,1
839,9,401,1
840,9,836,1
841,9,1102,1
842,9,407,1
843,9,361,1
844,9,77,1
845,9,643,1
846,9,981,1
847,9,201,1
848,9,121,1
849,9,1123,1
850,9,1082,1
851,9,255,1
852,9,209,1
853,9,491,1
854,9,336,1
855,9,575,1
856,9,641,1
857,9,655,1
858,9,134,1
859,9,31,1
860,9,76,1
861,9,897,1
862,9,918,1
863,9,137,1
864,9,1075,1
865,9,852,1
866,9,82,1
867,9,297,1
868,9,869,1
869,9,1080,1
870,9,158,1
871,9,508,1
872,9,107,1
873,9,100,1
874,9,122,1
875,9,427,1
876,9,687,1
877,9,1132,1
878,9,596,1
879,9,660,1
880,9,951,1
881,9,92,1
882,9,574,1
883,9,997,1
884,9,467,1
885,9,605,1
886,9,1171,1
887,9,1081,1
888,9,904,1
889,9,222,1
890,9,510,1
891,9,547,1
892,9,448,1
893,9,1126,1
894,9,731,1
895,9,1139,1
896,9,264,1
897,9,807,1
898,9,172,1
899,9,193,1
900,9,561,1
901,9,1194,1
902,9,487,1
903,9,825,1
904,9,168,1
905,9,191,1
906,9,542,1
907,9,704,1
908,9,1164,1
909,9,625,1
910,9,915,1
911,9,980,1
912,9,995,1
913,9,285,1
914,9,1001,1
915,9,492,1
916,9,283,1
917,9,609,1
918,9,635,1
919,9,1118,1
920,9,883,1
921,9,1050,1
922,9,120,1
923,9,61,1
924,9,789,1
925,9,931,1
926,9,723,1
927,9,447,1
928,9,1129,1
929,9,175,1
930,9,1119,1
931,9,889,1
932,9,44,1
933,9,74,1
934,9,1061,1
935,9,1133,1
936,9,272,1
937,9,970,1
938,9,1045,1
939,9,800,1
940,9,11,1
941,9,327,1
942,9,741,1
943,9,1086,1
944,9,1052,1
945,9,528,1
946,9,774,1
947,9,778,1
948,9,70,1
949,9,1034,1
950,9,751,1
951,9,718,1
952,9,619,1
953,9,194,1
954,9,504,1
955,9,1131,1
956,9,769,1
957,9,362,1
958,9,923,1
959,9,1008,1
960,9,155,1
961,9,700,1
962,9,314,1
963,9,42,1
964,9,821,1
965,9,463,1
966,9,186,1
967,9,595,1
968,9,257,1
969,9,212,1
970,9,353,1
971,9,888,1
972,9,870,1
973,9,830,1
974,9,384,1
975,9,403,1
976,9,893,1
977,9,36,1
978,9,758,1
979,9,1076,1
980,9,351,1
981,9,824,1
982,9,828,1
983,9,987,1
984,9,1143,1
985,9,632,1
986,9,1114,1
987,9,602,1
988,9,669,1
989,9,1182,1
990,9,948,1
991,9,1178,1
992,9,150,1
993,9,3,1
994,9,816,1
995,9,63,1
996,9,202,1
997,9,570,1
998,9,850,1
999,9,840,1
1000,9,1137,1
1001,9,265,1
1002,9,1165,1
1003,9,276,1
1004,9,347,1
1005,9,301,1
1006,9,81,1
1007,9,333,1
1008,9,1005,1
1009,9,553,1
1010,9,417,1
1011,9,149,1
1012,9,886,1
1013,9,926,1
1014,9,293,1
1015,9,818,1
1016,9,400,1
1017,9,636,1
1018,9,924,1
1019,9,873,1
1020,9,746,1
1021,9,2,1
1022,9,757,1
1023,9,30,1
1024,9,714,1
1025,9,548,1
1026,9,473,1
1027,9,130,1
1028,9,675,1
1029,9,157,1
1030,9,726,1
1031,9,920,1
1032,9,366,1
1033,9,474,1
1034,9,642,1
1035,9,921,1
1036,9,952,1
1037,9,813,1
1038,9,877,1
1039,9,227,1
1040,9,1148,1
1041,9,604,1
1042,9,1035,1
1043,9,299,1
1044,9,1176,1
1045,9,792,1
1046,9,900,1
1047,9,454,1
1048,9,192,1
1049,9,744,1
1050,9,532,1
1051,9,340,1
1052,9,583,1
1053,9,75,1
1054,9,281,1
1055,9,1051,1
1056,9,1121,1
1057,9,680,1
1058,9,509,1
1059,9,142,1
1060,9,785,1
1061,9,1063,1
1062,9,0,1
1063,9,884,1
1064,9,360,1
1065,9,598,1
1066,9,707,1
1067,9,268,1
1068,9,794,1
1069,9,710,1
1070,9,392,1
1071,9,564,1
1072,9,486,1
1073,9,115,1
1074,9,251,1
1075,9,775,1
1076,9,273,1
1077,9,317,1
1078,9,688,1
1079,9,716,1
1080,9,608,1
1081,9,381,1
1082,9,1011,1
1083,9,580,1
1084,9,1039,1
1085,9,706,1
1086,9,198,1
1087,9,1023,1
1088,9,180,1
1089,9,523,1
1090,9,501,1
1091,9,996,1
1092,9,71,1
1093,9,394,1
1094,9,232,1
1095,9,966,1
1096,9,628,1
1097,9,453,1
1098,9,348,1
1099,9,203,1
1100,9,518,1
1101,9,885,1
1102,9,887,1
1103,9,279,1
1104,9,581,1
1105,9,5,1
1106,9,54,1
1107,9,1103,1
1108,9,1048,1
1109,9,167,1
1110,9,554,1
1111,9,210,1
1112,9,305,1
1113,9,984,1
1114,9,326,1
1115,9,151,1
1116,9,767,1
1117,9,266,1
1118,9,648,1
1119,9,791,1
1120,9,1084,1
1121,9,240,1
1122,9,258,1
1123,9,703,1
1124,9,230,1
1125,9,1138,1
1126,9,148,1
1127,9,562,1
1128,9,291,1
1129,9,319,1
1130,9,911,1
1131,9,947,1
1132,9,1032,1
1133,9,659,1
1134,9,320,1
1135,9,233,1
1136,9,976,1
1137,9,376,1
1138,9,311,1
1139,9,802,1
1140,9,244,1
1141,9,1099,1
1142,9,445,1
1143,9,62,1
1144,9,124,1
1145,9,834,1
1146,9,968,1
1147,9,185,1
1148,9,1101,1
1149,9,684,1
1150,9,820,1
1151,9,302,1
1152,9,1064,1
1153,9,784,1
1154,9,849,1
1155,9,586,1
1156,9,533,1
1157,9,413,1
1158,9,1107,1
1159,9,127,1
1160,9,705,1
1161,9,822,1
1162,9,1017,1
1163,9,1010,1
1164,9,826,1
1165,9,345,1
1166,9,1120,1
1167,9,378,1
1168,9,629,1
1169,9,557,1
1170,9,750,1
1171,9,960,1
1172,9,512,1
1173,9,41,1
1174,9,294,1
1175,9,495,1
1176,9,780,1
1177,9,656,1
1178,9,1169,1
1179,9,56,1
1180,9,409,1
1181,9,866,1
1182,9,375,1
1183,9,1142,1
1184,9,1153,1
1185,9,252,1
1186,9,1157,1
1187,9,256,1
1188,9,773,1
1189,9,303,1
1190,9,673,1
1191,9,35,1
1192,9,287,1
1193,9,89,1
1194,9,615,1
1195,9,1013,1
1196,9,843,1
1197,9,389,1
1198,9,971,1
1199,9,321,1
1200,9,282,1
1201,9,1097,1
1202,9,755,1
1203,9,459,1
1204,9,1037,1
1205,9,476,1
1206,9,1078,1
1207,9,808,1
1208,9,651,1
1209,9,633,1
1210,9,1201,1
1211,9,772,1
1212,9,391,1
1213,9,342,1
1214,9,671,1
1215,9,160,1
1216,9,1036,1
1217,9,1167,1
1218,9,1091,1
1219,9,67,1
1220,9,880,1
1221,9,831,1
1222,9,412,1
1223,9,1170,1
1224,9,1188,1
1225,9,577,1
1226,9,612,1
1227,9,1070,1
1228,9,713,1
1229,9,98,1
1230,9,722,1
1231,9,243,1
1232,9,753,1
1233,9,482,1
1234,9,760,1
1235,9,766,1
1236,9,304,1
1237,9,578,1
1238,9,426,1
1239,9,1151,1
1240,9,623,1
1241,9,253,1
1242,9,112,1
1243,9,890,1
1244,9,909,1
1245,9,369,1
1246,9,944,1
1247,9,988,1
1248,9,388,1
1249,9,83,1
1250,9,184,1
1251,9,929,1
1252,9,1046,1
1253,9,397,1
1254,9,585,1
1255,9,334,1
1256,9,517,1
1257,9,177,1
1258,9,363,1
1259,9,173,1
1260,9,593,1
1261,9,247,1
1262,9,851,1
1263,9,872,1
1264,9,571,1
1265,9,1108,1
1266,9,1106,1
1267,9,156,1
1268,9,613,1
1269,9,1190,1
1270,9,764,1
1271,9,783,1
1272,9,153,1
1273,9,208,1
1274,9,914,1
1275,9,837,1
1276,9,962,1
1277,9,891,1
1278,9,1033,1
1279,9,68,1
1280,9,14,1
1281,9,715,1
1282,9,6,1
1283,9,905,1
1284,9,17,1
1285,9,806,1
1286,9,506,1
1287,9,520,1
1288,9,720,1
1289,9,1181,1
1290,9,239,1
1291,9,450,1
1292,9,696,1
1293,9,47,1
1294,9,983,1
1295,9,37,1
1296,9,229,1
1297,9,197,1
1298,9,1025,1
1299,9,1116,1
1300,9,551,1
1301,9,572,1
1302,9,734,1
1303,9,864,1
1304,9,489,1
1305,9,519,1
1306,9,1112,1
1307,9,385,1
1308,9,1122,1
1309,9,1105,1
1310,9,815,1
1311,9,87,1
1312,9,349,1
1313,9,1042,1
1314,9,79,1
1315,9,464,1
1316,9,20,1
1317,9,1173,1
1318,9,938,1
1319,9,903,1
1320,9,1088,1
1321,9,719,1
1322,9,245,1
1323,9,652,1
1324,9,367,1
1325,9,1009,1
1326,9,534,1
1327,9,502,1
1328,9,582,1
1329,9,135,1
1330,9,8,1
1331,9,739,1
1332,9,1007,1
1333,9,558,1
1334,9,431,1
1335,9,1067,1
1336,9,1066,1
1337,9,440,1
1338,9,434,1
1339,9,53,1
1340,9,377,1
1341,9,930,1
1342,9,249,1
1343,20,818,1
1344,20,222,1
1345,20,250,1
1346,20,980,1
1347,20,987,1
1348,20,777,1
1349,20,1196,1
1350,20,766,1
1351,20,916,1
1352,20,313,1
1353,20,524,1
1354,20,65,1
1355,20,405,1
1356,20,919,1
1357,64,433,1
1358,64,844,1
1359,64,385,1
1360,64,11,1
1361,64,370,1
1362,64,792,1
1363,64,137,1
1364,64,389,1
1365,64,99,1
1366,64,1109,1
1367,64,245,1
1368,64,1202,1
1369,64,809,1
1370,64,737,1
1371,64,841,1
1372,64,267,1
1373,64,20,1
1374,64,291,1
1375,64,1032,1
1376,64,625,1
1377,64,938,1
1378,64,926,1
1379,64,233,1
1380,64,41,1
1381,64,150,1
1382,64,1185,1
1383,64,1123,1
1384,64,335,1
1385,64,448,1
1386,64,296,1
1387,64,158,1
1388,64,1083,1
1389,64,811,1
1390,64,401,1
1391,64,1150,1
1392,64,602,1
1393,64,9,1
1394,64,71,1
1395,64,266,1
1396,64,273,1
1397,64,402,1
1398,64,762,1
1399,64,53,1
1400,64,280,1
1401,64,382,1
1402,64,636,1
1403,64,745,1
1404,64,1047,1
1405,64,1121,1
1406,64,297,1
1407,64,882,1
1408,64,292,1
1409,64,709,1
1410,64,887,1
1411,64,1184,1
1412,64,1009,1
1413,64,166,1
1414,64,916,1
1415,64,1024,1
1416,64,996,1
1417,64,766,1
1418,64,56,1
1419,64,1030,1
1420,64,960,1
1421,64,850,1
1422,64,227,1
1423,64,905,1
1424,64,815,1
1425,64,1012,1
1426,64,542,1
1427,64,853,1
1428,64,1142,1
1429,64,392,1
1430,64,697,1
1431,64,840,1
1432,64,367,1
1433,64,637,1
1434,64,37,1
1435,64,957,1
1436,64,1140,1
1437,64,856,1
1438,64,510,1
1439,64,81,1
1440,64,221,1
1441,64,592,1
1442,64,843,1
1443,64,941,1
1444,64,1041,1
1445,64,710,1
1446,64,268,1
1447,64,541,1
1448,64,987,1
1449,64,89,1
1450,64,679,1
1451,64,1070,1
1452,64,570,1
1453,64,1076,1
1454,64,579,1
1455,64,569,1
1456,64,981,1
1457,64,825,1
1458,64,229,1
1459,64,659,1
1460,64,669,1
1461,64,69,1
1462,64,591,1
1463,64,546,1
1464,64,1061,1
1465,64,276,1
1466,64,341,1
1467,64,559,1
1468,64,832,1
1469,64,431,1
1470,64,888,1
1471,64,1120,1
1472,64,207,1
1473,64,15,1
1474,64,260,1
1475,64,1128,1
1476,64,73,1
1477,64,161,1
1478,64,462,1
1479,64,1028,1
1480,64,263,1
1481,64,1037,1
1482,64,724,1
1483,64,539,1
1484,64,378,1
1485,64,27,1
1486,64,540,1
1487,64,937,1
1488,64,220,1
1489,64,343,1
1490,64,805,1
1491,64,1069,1
1492,64,1034,1
1493,64,1046,1
1494,64,842,1
1495,64,19,1
1496,64,565,1
1497,64,1078,1
1498,64,506,1
1499,64,209,1
1500,64,79,1
1501,64,198,1
1502,64,751,1
1503,64,365,1
1504,64,28,1
1505,64,1143,1
1506,64,725,1
1507,64,992,1
1508,64,104,1
1509,64,68,1
1510,64,256,1
1511,64,623,1
1512,64,650,1
1513,64,346,1
1514,64,417,1
1515,64,1158,1
1516,64,1063,1
1517,64,1132,1
1518,64,1058,1
1519,64,648,1
1520,64,1080,1
1521,64,156,1
1522,64,883,1
1523,64,178,1
1524,64,47,1
1525,64,290,1
1526,64,1054,1
1527,64,457,1
1528,64,534,1
1529,64,208,1
1530,64,589,1
1531,64,223,1
1532,64,440,1
1533,64,350,1
1534,64,152,1
1535,64,353,1
1536,64,607,1
1537,64,3,1
1538,64,784,1
1539,64,49,1
1540,64,817,1
1541,64,1195,1
1542,64,875,1
1543,64,782,1
1544,64,428,1
1545,64,189,1
1546,64,672,1
1547,64,898,1
1548,64,1016,1
1549,64,363,1
1550,64,35,1
1551,64,390,1
1552,64,682,1
1553,64,524,1
1554,64,1067,1
1555,64,118,1
1556,64,700,1
1557,64,1117,1
1558,64,691,1
1559,64,901,1
1560,64,31,1
1561,64,803,1
1562,64,340,1
1563,64,521,1
1564,64,65,1
1565,64,1110,1
1566,64,614,1
1567,64,594,1
1568,64,501,1
1569,64,869,1
1570,64,369,1
1571,64,820,1
1572,64,1160,1
1573,64,454,1
1574,64,199,1
1575,64,1108,1
1576,64,94,1
1577,64,474,1
1578,64,214,1
1579,64,312,1
1580,64,295,1
1581,64,299,1
1582,64,1014,1
1583,64,92,1
1584,64,665,1
1585,64,1127,1
1586,64,698,1
1587,64,858,1
1588,64,717,1
1589,64,1051,1
1590,64,685,1
1591,64,922,1
1592,64,801,1
1593,64,174,1
1594,64,502,1
1595,64,799,1
1596,64,238,1
1597,64,563,1
1598,64,998,1
1599,64,1040,1
1600,64,596,1
1601,64,191,1
1602,64,130,1
1603,64,1003,1
1604,64,599,1
1605,64,826,1
1606,64,421,1
1607,64,785,1
1608,64,253,1
1609,64,984,1
1610,64,1199,1
1611,64,1130,1
1612,64,259,1
1613,64,475,1
1614,64,391,1
1615,64,193,1
1616,64,949,1
1617,64,668,1
1618,64,482,1
1619,64,155,1
1620,64,301,1
1621,64,409,1
1622,64,894,1
1623,64,1196,1
1624,64,1159,1
1625,64,168,1
1626,64,735,1
1627,64,38,1
1628,64,348,1
1629,64,143,1
1630,64,102,1
1631,64,347,1
1632,64,812,1
1633,64,707,1
1634,64,603,1
1635,64,573,1
1636,64,95,1
1637,64,202,1
1638,64,100,1
1639,64,338,1
1640,64,128,1
1641,64,583,1
1642,64,694,1
1643,64,835,1
1644,64,204,1
1645,64,58,1
1646,64,658,1
1647,64,714,1
1648,64,558,1
1649,64,522,1
1650,64,1089,1
1651,64,84,1
1652,64,854,1
1653,64,70,1
1654,64,22,1
1655,64,1153,1
1656,64,1198,1
1657,64,1180,1
1658,64,1181,1
1659,64,1073,1
1660,64,316,1
1661,64,1176,1
1662,64,824,1
1663,64,973,1
1664,64,311,1
1665,64,354,1
1666,64,125,1
1667,64,692,1
1668,64,497,1
1669,64,432,1
1670,64,965,1
1671,64,909,1
1672,64,781,1
1673,64,666,1
1674,64,529,1
1675,64,961,1
1676,64,2,1
1677,64,1023,1
1678,64,323,1
1679,64,551,1
1680,64,788,1
1681,64,244,1
1682,64,718,1
1683,64,43,1
1684,64,368,1
1685,64,13,1
1686,64,588,1
1687,64,467,1
1688,64,731,1
1689,64,438,1
1690,64,407,1
1691,64,113,1
1692,64,21,1
1693,64,1133,1
1694,64,574,1
1695,64,556,1
1696,64,1164,1
1697,64,1100,1
1698,64,1156,1
1699,64,814,1
1700,64,860,1
1701,64,117,1
1702,64,833,1
1703,64,275,1
1704,64,443,1
1705,64,527,1
1706,64,46,1
1707,64,496,1
1708,64,51,1
1709,64,765,1
1710,64,434,1
1711,64,29,1
1712,64,1091,1
1713,64,139,1
1714,64,397,1
1715,64,400,1
1716,64,54,1
1717,64,304,1
1718,64,552,1
1719,64,933,1
1720,64,471,1
1721,64,1005,1
1722,64,321,1
1723,64,548,1
1724,64,954,1
1725,64,601,1
1726,64,1191,1
1727,64,107,1
1728,64,720,1
1729,64,324,1
1730,64,760,1
1731,64,379,1
1732,64,307,1
1733,64,643,1
1734,64,121,1
1735,64,1112,1
1736,64,486,1
1737,64,310,1
1738,64,983,1
1739,64,647,1
1740,64,1081,1
1741,64,670,1
1742,64,535,1
1743,64,320,1
1744,64,284,1
1745,64,519,1
1746,64,989,1
1747,64,696,1
1748,64,34,1
1749,64,164,1
1750,64,7,1
1751,64,918,1
1752,64,1074,1
1753,64,917,1
1754,64,75,1
1755,64,308,1
1756,64,1060,1
1757,64,780,1
1758,64,1098,1
1759,64,1166,1
1760,64,1077,1
1761,64,78,1
1762,64,997,1
1763,64,852,1
1764,64,1171,1
1765,64,144,1
1766,64,25,1
1767,64,1088,1
1768,64,1141,1
1769,64,1105,1
1770,64,795,1
1771,64,120,1
1772,64,530,1
1773,64,257,1
1774,64,12,1
1775,64,1019,1
1776,64,807,1
1777,64,1149,1
1778,64,1050,1
1779,64,140,1
1780,64,136,1
1781,64,899,1
1782,64,327,1
1783,64,270,1
1784,64,620,1
1785,64,298,1
1786,64,1001,1
1787,64,935,1
1788,64,182,1
1789,64,224,1
1790,64,562,1
1791,64,123,1
1792,64,1103,1
1793,64,322,1
1794,64,109,1
1795,64,914,1
1796,64,1085,1
1797,64,1006,1
1798,64,1059,1
1799,64,318,1
1800,64,286,1
1801,64,976,1
1802,64,1155,1
1803,64,560,1
1804,64,571,1
1805,64,74,1
1806,64,425,1
1807,64,722,1
1808,64,747,1
1809,64,1101,1
1810,64,687,1
1811,64,485,1
1812,64,504,1
1813,64,228,1
1814,64,837,1
1815,64,509,1
1816,64,756,1
1817,64,876,1
1818,64,656,1
1819,64,907,1
1820,64,1194,1
1821,64,988,1
1822,64,1197,1
1823,64,776,1
1824,64,388,1
1825,64,675,1
1826,64,39,1
1827,64,226,1
1828,64,934,1
1829,64,473,1
1830,64,172,1
1831,64,590,1
1832,64,528,1
1833,64,1017,1
1834,64,1043,1
1835,64,477,1
1836,64,549,1
1837,64,106,1
1838,64,787,1
1839,64,702,1
1840,64,713,1
1841,64,200,1
1842,64,146,1
1843,64,481,1
1844,64,201,1
1845,64,786,1
1846,64,196,1
1847,64,314,1
1848,64,889,1
1849,64,410,1
1850,64,1113,1
1851,64,1170,1
1852,64,871,1
1853,64,274,1
1854,64,373,1
1855,64,116,1
1856,64,315,1
1857,64,0,1
1858,64,738,1
1859,64,554,1
1860,64,791,1
1861,64,726,1
1862,64,797,1
1863,64,880,1
1864,64,205,1
1865,64,461,1
1866,64,759,1
1867,64,689,1
1868,64,265,1
1869,64,653,1
1870,64,375,1
1871,64,351,1
1872,64,531,1
1873,64,688,1
1874,64,715,1
1875,64,234,1
1876,64,757,1
1877,64,446,1
1878,64,752,1
1879,64,329,1
1880,64,187,1
1881,64,767,1
1882,64,177,1
1883,64,243,1
1884,64,655,1
1885,64,98,1
1886,64,23,1
1887,64,794,1
1888,64,900,1
1889,64,349,1
1890,64,219,1
1891,64,491,1
1892,64,61,1
1893,64,532,1
1894,64,264,1
1895,64,222,1
1896,64,932,1
1897,64,836,1
1898,64,634,1
1899,64,167,1
1900,64,149,1
1901,64,293,1
1902,64,319,1
1903,64,1190,1
1904,64,377,1
1905,64,896,1
1906,64,1008,1
1907,64,971,1
1908,64,1173,1
1909,64,1152,1
1910,64,355,1
1911,64,435,1
1912,64,157,1
1913,64,514,1
1914,64,444,1
1915,64,991,1
1916,64,133,1
1917,64,465,1
1918,64,1018,1
1919,64,188,1
1920,64,1053,1
1921,64,279,1
1922,64,545,1
1923,64,93,1
1924,64,423,1
1925,64,642,1
1926,64,940,1
1927,64,660,1
1928,64,460,1
1929,64,480,1
1930,64,895,1
1931,64,646,1
1932,64,1015,1
1933,64,927,1
1934,64,1102,1
1935,64,796,1
1936,64,704,1
1937,64,192,1
1938,64,676,1
1939,64,855,1
1940,64,743,1
1941,64,450,1
1942,64,849,1
1943,64,1136,1
1944,64,1200,1
1945,64,693,1
1946,64,336,1
1947,64,613,1
1948,64,968,1
1949,64,557,1
1950,64,278,1
1951,64,884,1
1952,64,951,1
1953,64,827,1
1954,64,493,1
1955,64,758,1
1956,64,608,1
1957,64,631,1
1958,64,339,1
1959,64,930,1
1960,64,240,1
1961,64,211,1
1962,64,507,1
1963,64,553,1
1964,64,773,1
1965,64,6,1
1966,64,544,1
1967,64,550,1
1968,64,622,1
1969,64,142,1
1970,64,908,1
1971,64,870,1
1972,64,1013,1
1973,64,945,1
1974,64,134,1
1975,64,105,1
1976,64,1048,1
1977,64,730,1
1978,64,14,1
1979,64,306,1
1980,64,30,1
1981,64,800,1
1982,64,180,1
1983,64,1177,1
1984,64,580,1
1985,64,484,1
1986,64,342,1
1987,64,910,1
1988,64,733,1
1989,64,112,1
1990,64,1093,1
1991,64,750,1
1992,64,948,1
1993,64,663,1
1994,64,426,1
1995,64,861,1
1996,64,360,1
1997,64,526,1
1998,64,305,1
1999,64,1193,1
2000,64,598,1
2001,64,165,1
2002,64,135,1
2003,64,52,1
2004,64,919,1
2005,64,90,1
2006,64,1188,1
2007,64,822,1
2008,64,764,1
2009,64,488,1
2010,64,398,1
2011,64,294,1
2012,64,154,1
2013,64,1174,1
2014,64,303,1
2015,64,686,1
2016,64,492,1
2017,64,1183,1
2018,64,990,1
2019,64,416,1
2020,64,921,1
2021,64,819,1
2022,64,746,1
2023,64,652,1
2024,64,1000,1
2025,64,633,1
2026,64,498,1
2027,64,520,1
2028,64,615,1
2029,64,830,1
2030,64,447,1
2031,64,857,1
2032,64,1148,1
2033,64,230,1
2034,64,1182,1
2035,64,1129,1
2036,64,874,1
2037,100,460,1
2038,100,1098,1
2039,100,555,1
2040,100,745,1
2041,100,79,1
2042,100,521,1
2043,100,185,1
2044,100,547,1
2045,100,408,1
2046,100,1038,1
2047,100,846,1
2048,100,750,1
2049,100,1040,1
2050,100,914,1
2051,100,848,1
2052,100,665,1
2053,100,709,1
2054,100,173,1
2055,100,156,1
2056,100,1100,1
2057,100,1177,1
2058,100,184,1
2059,100,190,1
2060,100,545,1
2061,100,218,1
2062,100,680,1
2063,100,1138,1
2064,100,1165,1
2065,100,747,1
2066,100,615,1
2067,100,1170,1
2068,100,636,1
2069,100,68,1
2070,100,552,1
2071,100,735,1
2072,100,1067,1
2073,100,1101,1
2074,100,1048,1
2075,100,473,1
2076,100,1009,1
2077,100,854,1
2078,100,719,1
2079,100,103,1
2080,100,359,1
2081,100,523,1
2082,100,1147,1
2083,100,33,1
2084,100,120,1
2085,100,732,1
2086,100,1095,1
2087,100,1164,1
2088,100,720,1
2089,100,1185,1
2090,100,986,1
2091,100,626,1
2092,100,1012,1
2093,100,682,1
2094,100,1113,1
2095,100,118,1
2096,100,353,1
2097,100,858,1
2098,100,691,1
2099,100,362,1
2100,100,1174,1
2101,100,178,1
2102,100,232,1
2103,100,736,1
2104,100,1142,1
2105,100,906,1
2106,100,34,1
2107,100,708,1
2108,100,74,1
2109,100,517,1
2110,100,1173,1
2111,100,520,1
2112,100,143,1
2113,100,308,1
2114,100,502,1
2115,100,416,1
2116,100,1025,1
2117,100,132,1
2118,100,785,1
2119,100,607,1
2120,100,317,1
2121,100,663,1
2122,100,1183,1
2123,100,421,1
2124,100,309,1
2125,100,378,1
2126,100,764,1
2127,100,1178,1
2128,100,950,1
2129,100,685,1
2130,100,1058,1
2131,100,338,1
2132,100,546,1
2133,100,240,1
2134,100,820,1
2135,100,224,1
2136,100,328,1
2137,100,60,1
2138,100,925,1
2139,100,1196,1
2140,100,939,1
2141,100,407,1
2142,100,248,1
2143,100,550,1
2144,100,859,1
2145,100,419,1
2146,100,0,1
2147,100,1034,1
2148,100,222,1
2149,100,1097,1
2150,100,1092,1
2151,100,515,1
2152,100,107,1
2153,100,1158,1
2154,100,354,1
2155,100,908,1
2156,100,790,1
2157,100,144,1
2158,100,273,1
2159,100,870,1
2160,100,28,1
2161,100,1105,1
2162,100,856,1
2163,100,633,1
2164,100,201,1
2165,100,535,1
2166,100,373,1
2167,100,767,1
2168,100,1016,1
2169,100,875,1
2170,100,795,1
2171,100,1093,1
2172,100,836,1
2173,100,264,1
2174,100,789,1
2175,100,320,1
2176,100,621,1
2177,100,975,1
2178,100,900,1
2179,100,936,1
2180,100,753,1
2181,100,211,1
2182,100,78,1
2183,100,1091,1
2184,100,452,1
2185,100,435,1
2186,100,912,1
2187,100,422,1
2188,100,96,1
2189,100,278,1
2190,100,431,1
2191,100,420,1
2192,100,314,1
2193,100,943,1
2194,100,1063,1
2195,100,657,1
2196,100,851,1
2197,100,783,1
2198,100,1079,1
2199,100,335,1
2200,100,349,1
2201,100,417,1
2202,100,951,1
2203,100,976,1
2204,100,687,1
2205,100,631,1
2206,100,861,1
2207,100,1036,1
2208,100,934,1
2209,100,361,1
2210,100,640,1
2211,100,20,1
2212,100,920,1
2213,100,688,1
2214,100,787,1
2215,100,425,1
2216,100,2,1
2217,100,759,1
2218,100,645,1
2219,100,225,1
2220,100,915,1
2221,100,624,1
2222,100,164,1
2223,100,322,1
2224,100,1126,1
2225,100,271,1
2226,100,45,1
2227,100,162,1
2228,100,398,1
2229,100,387,1
2230,100,1181,1
2231,100,192,1
2232,100,430,1
2233,100,534,1
2234,100,1062,1
2235,100,874,1
2236,100,1182,1
2237,100,987,1
2238,100,1066,1
2239,100,532,1
2240,100,256,1
2241,100,841,1
2242,100,592,1
2243,100,276,1
2244,100,844,1
2245,100,958,1
2246,100,891,1
2247,100,302,1
2248,100,839,1
2249,100,140,1
2250,100,756,1
2251,100,221,1
2252,100,141,1
2253,100,883,1
2254,100,321,1
2255,100,738,1
2256,100,689,1
2257,100,158,1
2258,100,492,1
2259,100,366,1
2260,100,318,1
2261,100,937,1
2262,100,99,1
2263,100,1029,1
2264,100,830,1
2265,100,616,1
2266,100,1166,1
2267,100,1054,1
2268,100,1160,1
2269,100,195,1
2270,100,1018,1
2271,100,111,1
2272,100,504,1
2273,100,898,1
2274,100,904,1
2275,100,5,1
2276,100,852,1
2277,100,506,1
2278,100,1039,1
2279,100,866,1
2280,100,479,1
2281,100,279,1
2282,100,1199,1
2283,100,613,1
2284,100,819,1
2285,100,659,1
2286,100,540,1
2287,100,805,1
2288,100,1088,1
2289,100,539,1
2290,100,313,1
2291,100,744,1
2292,100,942,1
2293,100,1145,1
2294,100,576,1
2295,100,651,1
2296,100,868,1
2297,100,737,1
2298,100,664,1
2299,100,450,1
2300,100,26,1
2301,100,337,1
2302,100,918,1
2303,100,432,1
2304,100,406,1
2305,100,396,1
2306,100,1047,1
2307,100,457,1
2308,100,650,1
2309,100,59,1
2310,100,822,1
2311,100,312,1
2312,100,1010,1
2313,100,996,1
2314,100,4,1
2315,100,137,1
2316,100,818,1
2317,100,873,1
2318,100,1180,1
2319,100,280,1
2320,100,1107,1
2321,100,673,1
2322,100,257,1
2323,100,142,1
2324,100,1121,1
2325,100,1044,1
2326,100,1082,1
2327,100,766,1
2328,100,226,1
2329,100,752,1
2330,100,1201,1
2331,100,217,1
2332,100,247,1
2333,100,698,1
2334,100,1030,1
2335,100,981,1
2336,100,23,1
2337,100,229,1
2338,100,1033,1
2339,100,872,1
2340,100,751,1
2341,100,289,1
2342,100,360,1
2343,100,718,1
2344,100,383,1
2345,100,1005,1
2346,100,824,1
2347,100,343,1
2348,100,1153,1
2349,100,12,1
2350,100,763,1
2351,100,1112,1
2352,100,385,1
2353,100,390,1
2354,100,127,1
2355,100,347,1
2356,100,146,1
2357,100,779,1
2358,100,116,1
2359,100,619,1
2360,100,468,1
2361,100,81,1
2362,100,544,1
2363,100,692,1
2364,100,962,1
2365,100,877,1
2366,100,892,1
2367,100,490,1
2368,100,1129,1
2369,100,564,1
2370,100,799,1
2371,100,283,1
2372,100,677,1
2373,100,746,1
2374,100,352,1
2375,100,1203,1
2376,100,1152,1
2377,100,345,1
2378,100,266,1
2379,100,412,1
2380,100,777,1
2381,100,1110,1
2382,100,35,1
2383,100,17,1
2384,100,833,1
2385,100,38,1
2386,100,285,1
2387,100,778,1
2388,100,131,1
2389,100,53,1
2390,100,561,1
2391,100,130,1
2392,100,1001,1
2393,100,595,1
2394,100,443,1
2395,100,165,1
2396,100,265,1
2397,100,491,1
2398,100,1111,1
2399,100,508,1
2400,100,85,1
2401,100,769,1
2402,100,1123,1
2403,100,1035,1
2404,100,971,1
2405,100,678,1
2406,100,297,1
2407,100,286,1
2408,100,108,1
2409,100,801,1
2410,100,1069,1
2411,100,1200,1
2412,100,326,1
2413,100,696,1
2414,100,10,1
2415,100,1023,1
2416,100,1052,1
2417,100,438,1
2418,100,464,1
2419,100,625,1
2420,100,941,1
2421,100,963,1
2422,100,514,1
2423,100,446,1
2424,100,76,1
2425,100,310,1
2426,100,488,1
2427,100,77,1
2428,100,1202,1
2429,100,931,1
2430,100,666,1
2431,100,1041,1
2432,100,916,1
2433,100,905,1
2434,100,114,1
2435,100,472,1
2436,100,603,1
2437,100,52,1
2438,100,368,1
2439,100,6,1
2440,100,1189,1
2441,100,480,1
2442,100,216,1
2443,100,598,1
2444,100,439,1
2445,100,135,1
2446,100,274,1
2447,100,622,1
2448,100,503,1
2449,100,1125,1
2450,100,1021,1
2451,100,528,1
2452,100,128,1
2453,100,350,1
2454,100,549,1
2455,100,1159,1
2456,100,723,1
2457,100,462,1
2458,100,477,1
2459,100,1132,1
2460,100,599,1
2461,100,832,1
2462,100,50,1
2463,100,1074,1
2464,100,903,1
2465,100,168,1
2466,100,481,1
2467,100,701,1
2468,100,924,1
2469,100,878,1
2470,100,1198,1
2471,100,263,1
2472,100,809,1
2473,100,668,1
2474,100,712,1
2475,100,583,1
2476,100,560,1
2477,100,495,1
2478,100,1144,1
2479,100,15,1
2480,100,175,1
2481,100,1151,1
2482,100,935,1
2483,100,589,1
2484,100,538,1
2485,100,268,1
2486,100,857,1
2487,100,897,1
2488,100,591,1
2489,100,1193,1
2490,100,612,1
2491,100,1139,1
2492,100,812,1
2493,100,251,1
2494,100,969,1
2495,100,102,1
2496,100,1089,1
2497,100,1073,1
2498,100,572,1
2499,100,465,1
2500,100,501,1
2501,100,835,1
2502,100,172,1
2503,100,170,1
2504,100,152,1
2505,100,1037,1
2506,100,586,1
2507,100,574,1
2508,100,973,1
2509,100,1042,1
2510,100,3,1
2511,100,292,1
2512,100,653,1
2513,100,647,1
2514,100,618,1
2515,100,803,1
2516,100,97,1
2517,100,634,1
2518,100,926,1
2519,100,952,1
2520,100,148,1
2521,100,22,1
2522,100,997,1
2523,100,228,1
2524,100,700,1
2525,100,1163,1
2526,100,667,1
2527,100,202,1
2528,100,372,1
2529,100,705,1
2530,100,169,1
2531,100,486,1
2532,100,814,1
2533,100,880,1
2534,100,957,1
2535,100,83,1
2536,100,662,1
2537,100,921,1
2538,100,1003,1
2539,100,149,1
2540,100,562,1
2541,100,382,1
2542,100,41,1
2543,100,16,1
2544,100,774,1
2545,100,849,1
2546,100,729,1
2547,100,686,1
2548,100,1053,1
2549,100,388,1
2550,100,1172,1
2551,100,124,1
2552,100,1150,1
2553,100,269,1
2554,100,88,1
2555,100,1135,1
2556,100,739,1
2557,100,876,1
2558,100,304,1
2559,100,106,1
2560,100,761,1
2561,100,895,1
2562,100,733,1
2563,100,838,1
2564,100,933,1
2565,100,441,1
2566,100,1124,1
2567,100,160,1
2568,100,1083,1
2569,100,695,1
2570,100,722,1
2571,100,196,1
2572,100,960,1
2573,100,1171,1
2574,100,896,1
2575,100,330,1
2576,100,984,1
2577,100,180,1
2578,100,281,1
2579,100,1077,1
2580,100,1015,1
2581,100,587,1
2582,100,808,1
2583,100,989,1
2584,100,150,1
2585,100,772,1
2586,100,913,1
2587,100,194,1
2588,100,25,1
2589,100,1195,1
2590,100,493,1
2591,100,804,1
2592,100,1043,1
2593,100,459,1
2594,100,632,1
2595,100,530,1
2596,100,1149,1
2597,100,600,1
2598,100,1133,1
2599,100,775,1
2600,100,757,1
2601,100,90,1
2602,100,167,1
2603,100,536,1
2604,100,413,1
2605,100,831,1
2606,100,1134,1
2607,100,537,1
2608,100,1056,1
2609,100,1085,1
2610,100,1007,1
2611,100,37,1
2612,100,711,1
2613,100,73,1
2614,100,658,1
2615,100,207,1
2616,100,588,1
2617,100,259,1
2618,100,336,1
2619,100,513,1
2620,100,507,1
2621,100,604,1
2622,100,113,1
2623,100,445,1
2624,100,1186,1
2625,100,1179,1
2626,100,444,1
2627,100,498,1
2628,100,291,1
2629,100,46,1
2630,100,133,1
2631,100,1136,1
2632,100,638,1
2633,100,153,1
2634,100,174,1
2635,100,754,1
2636,100,11,1
2637,100,198,1
2638,100,30,1
2639,100,367,1
2640,100,928,1
2641,100,482,1
2642,100,1080,1
2643,100,375,1
2644,100,329,1
2645,100,370,1
2646,100,930,1
2647,100,220,1
2648,100,641,1
2649,100,7,1
2650,100,471,1
2651,100,341,1
2652,100,629,1
2653,100,813,1
2654,100,258,1
2655,100,922,1
2656,100,893,1
2657,100,773,1
2658,100,447,1
2659,100,39,1
2660,100,123,1
2661,100,909,1
2662,100,284,1
2663,100,966,1
2664,100,437,1
2665,100,825,1
2666,100,95,1
2667,100,342,1
2668,100,64,1
2669,100,855,1
2670,100,376,1
2671,100,14,1
2672,100,92,1
2673,100,1011,1
2674,100,1148,1
2675,100,882,1
2676,100,557,1
2677,100,886,1
2678,100,47,1
2679,100,136,1
2680,100,161,1
2681,100,948,1
2682,100,334,1
2683,100,590,1
2684,100,239,1
2685,100,570,1
2686,100,563,1
2687,100,301,1
2688,100,365,1
2689,100,573,1
2690,100,1002,1
2691,100,311,1
2692,100,1192,1
2693,100,414,1
2694,100,579,1
2695,100,484,1
2696,100,594,1
2697,100,327,1
2698,100,864,1
2699,100,1141,1
2700,100,571,1
2701,100,307,1
2702,100,829,1
2703,100,949,1
2704,100,212,1
2705,100,391,1
2706,100,303,1
2707,100,377,1
2708,100,381,1
2709,100,679,1
2710,100,415,1
2711,100,19,1
2712,100,403,1
2713,100,84,1
2714,100,1115,1
2715,100,998,1
2716,100,704,1
2717,100,797,1
2718,100,66,1
2719,100,1187,1
2720,100,911,1
2721,100,315,1
2722,100,246,1
2723,100,1191,1
2724,100,295,1
2725,100,105,1
2726,100,800,1
2727,100,1046,1
2728,100,584,1
2729,100,29,1
2730,100,119,1
2731,100,1004,1
2732,100,428,1
2733,100,945,1
2734,100,49,1
2735,100,901,1
2736,100,559,1
2737,100,1064,1
2738,100,43,1
2739,100,121,1
2740,100,261,1
2741,100,726,1
2742,100,684,1
2743,100,272,1
2744,100,580,1
2745,100,204,1
2746,100,1061,1
2747,100,569,1
2748,100,187,1
2749,100,991,1
2750,100,710,1
2751,100,672,1
2752,144,142,1
2753,144,495,1
2754,144,29,1
2755,144,1059,1
2756,144,64,1
2757,144,732,1
2758,144,329,1
2759,144,365,1
2760,144,975,1
2761,144,56,1
2762,144,396,1
2763,144,828,1
2764,144,65,1
2765,144,718,1
2766,144,876,1
2767,144,872,1
2768,144,1091,1
2769,144,643,1
2770,144,1101,1
2771,144,477,1
2772,144,275,1
2773,144,127,1
2774,144,69,1
2775,144,76,1
2776,144,764,1
2777,144,278,1
2778,144,908,1
2779,144,245,1
2780,144,325,1
2781,144,760,1
2782,144,665,1
2783,144,532,1
2784,144,523,1
2785,144,47,1
2786,144,197,1
2787,144,202,1
2788,144,524,1
2789,144,924,1
2790,144,1005,1
2791,144,1103,1
2792,144,1183,1
2793,144,75,1
2794,144,238,1
2795,144,942,1
2796,144,14,1
2797,144,173,1
2798,144,183,1
2799,144,739,1
2800,144,544,1
2801,144,199,1
2802,144,1172,1
2803,144,155,1
2804,144,355,1
2805,144,664,1
2806,144,1127,1
2807,144,650,1
2808,144,246,1
2809,144,287,1
2810,144,622,1
2811,144,150,1
2812,144,883,1
2813,144,425,1
2814,144,1185,1
2815,144,43,1
2816,144,499,1
2817,144,936,1
2818,144,99,1
2819,144,364,1
2820,144,49,1
2821,144,1006,1
2822,144,777,1
2823,144,478,1
2824,144,520,1
2825,144,408,1
2826,144,917,1
2827,144,345,1
2828,144,1130,1
2829,144,625,1
2830,144,1046,1
2831,144,253,1
2832,144,114,1
2833,144,551,1
2834,144,248,1
2835,144,506,1
2836,144,398,1
2837,144,501,1
2838,144,953,1
2839,144,836,1
2840,144,615,1
2841,144,484,1
2842,144,824,1
2843,144,819,1
2844,144,720,1
2845,144,77,1
2846,144,363,1
2847,144,1151,1
2848,144,1120,1
2849,144,1200,1
2850,144,788,1
2851,144,1158,1
2852,144,861,1
2853,144,832,1
2854,144,403,1
2855,144,333,1
2856,144,91,1
2857,144,565,1
2858,144,217,1
2859,144,1000,1
2860,144,254,1
2861,144,737,1
2862,144,124,1
2863,144,15,1
2864,144,95,1
2865,144,177,1
2866,144,780,1
2867,144,498,1
2868,144,87,1
2869,144,1019,1
2870,144,900,1
2871,144,601,1
2872,144,823,1
2873,144,250,1
2874,144,866,1
2875,144,136,1
2876,144,1116,1
2877,144,432,1
2878,144,580,1
2879,144,406,1
2880,144,426,1
2881,144,837,1
2882,144,907,1
2883,144,125,1
2884,144,416,1
2885,144,1044,1
2886,144,1136,1
2887,144,35,1
2888,144,319,1
2889,144,586,1
2890,144,582,1
2891,144,7,1
2892,144,958,1
2893,144,815,1
2894,144,166,1
2895,144,1035,1
2896,144,957,1
2897,144,1187,1
2898,144,996,1
2899,144,859,1
2900,144,870,1
2901,144,1115,1
2902,144,1135,1
2903,144,1145,1
2904,144,885,1
2905,144,304,1
2906,144,428,1
2907,144,795,1
2908,144,44,1
2909,144,210,1
2910,144,1203,1
2911,144,111,1
2912,144,297,1
2913,144,446,1
2914,144,179,1
2915,144,488,1
2916,144,765,1
2917,144,347,1
2918,144,519,1
2919,144,120,1
2920,144,381,1
2921,144,518,1
2922,144,1105,1
2923,144,1108,1
2924,144,0,1
2925,144,58,1
2926,144,1104,1
2927,144,61,1
2928,144,814,1
2929,144,858,1
2930,144,1111,1
2931,144,19,1
2932,144,843,1
2933,144,310,1
2934,144,57,1
2935,144,338,1
2936,144,198,1
2937,144,767,1
2938,144,923,1
2939,144,713,1
2940,144,193,1
2941,144,579,1
2942,144,797,1
2943,144,505,1
2944,144,201,1
2945,144,826,1
2946,144,1199,1
2947,144,840,1
2948,144,336,1
2949,144,775,1
2950,144,52,1
2951,144,1131,1
2952,144,1077,1
2953,144,614,1
2954,144,806,1
2955,144,390,1
2956,144,1173,1
2957,144,1196,1
2958,144,1098,1
2959,144,932,1
2960,144,54,1
2961,144,6,1
2962,144,17,1
2963,144,685,1
2964,144,513,1
2965,144,486,1
2966,144,460,1
2967,144,964,1
2968,144,457,1
2969,144,990,1
2970,144,1048,1
2971,144,393,1
2972,144,401,1
2973,144,856,1
2974,144,1076,1
2975,144,320,1
2976,144,161,1
2977,144,1139,1
2978,144,733,1
2979,144,492,1
2980,144,189,1
2981,144,241,1
2982,144,62,1
2983,144,961,1
2984,144,227,1
2985,144,1148,1
2986,144,168,1
2987,144,342,1
2988,144,688,1
2989,144,786,1
2990,144,570,1
2991,144,817,1
2992,144,989,1
2993,144,479,1
2994,144,1002,1
2995,144,100,1
2996,144,229,1
2997,144,260,1
2998,144,435,1
2999,144,316,1
3000,144,380,1
3001,144,388,1
3002,144,118,1
3003,144,662,1
3004,144,809,1
3005,144,1052,1
3006,144,74,1
3007,144,776,1
3008,144,1170,1
3009,144,1070,1
3010,144,299,1
3011,144,541,1
3012,144,973,1
3013,144,462,1
3014,144,1096,1
3015,144,330,1
3016,144,261,1
3017,144,1123,1
3018,144,295,1
3019,144,584,1
3020,144,73,1
3021,144,588,1
3022,144,1146,1
3023,144,429,1
3024,144,185,1
3025,144,896,1
3026,144,655,1
3027,144,1064,1
3028,144,563,1
3029,144,268,1
3030,144,131,1
3031,144,794,1
3032,144,378,1
3033,144,321,1
3034,144,444,1
3035,144,1176,1
3036,144,1142,1
3037,144,27,1
3038,144,1078,1
3039,144,207,1
3040,144,1165,1
3041,144,893,1
3042,144,441,1
3043,144,1069,1
3044,144,112,1
3045,144,578,1
3046,144,509,1
3047,144,629,1
3048,144,361,1
3049,144,464,1
3050,144,648,1
3051,144,417,1
3052,144,583,1
3053,144,292,1
3054,144,549,1
3055,144,712,1
3056,144,863,1
3057,144,1182,1
3058,144,53,1
3059,144,633,1
3060,144,474,1
3061,144,534,1
3062,144,191,1
3063,144,482,1
3064,144,102,1
3065,144,341,1
3066,144,997,1
3067,144,759,1
3068,144,702,1
3069,144,1159,1
3070,144,471,1
3071,144,502,1
3072,144,679,1
3073,144,645,1
3074,144,1195,1
3075,144,1072,1
3076,144,20,1
3077,144,933,1
3078,144,722,1
3079,144,564,1
3080,144,1047,1
3081,144,834,1
3082,144,562,1
3083,144,926,1
3084,144,675,1
3085,144,445,1
3086,144,119,1
3087,144,663,1
3088,144,574,1
3089,144,258,1
3090,144,83,1
3091,144,911,1
3092,144,60,1
3093,144,1121,1
3094,144,305,1
3095,144,117,1
3096,144,818,1
3097,144,1037,1
3098,144,230,1
3099,144,1062,1
3100,144,610,1
3101,144,160,1
3102,144,909,1
3103,144,620,1
3104,144,914,1
3105,144,752,1
3106,144,938,1
3107,144,1081,1
3108,144,595,1
3109,144,503,1
3110,144,939,1
3111,144,572,1
3112,144,34,1
3113,144,844,1
3114,144,624,1
3115,144,31,1
3116,144,869,1
3117,144,719,1
3118,144,402,1
3119,144,934,1
3120,144,1174,1
3121,144,536,1
3122,144,598,1
3123,144,831,1
3124,144,21,1
3125,144,158,1
3126,144,708,1
3127,144,656,1
3128,144,335,1
3129,144,618,1
3130,144,647,1
3131,144,1166,1
3132,144,603,1
3133,146,700,1
3134,146,1104,1
3135,146,709,1
3136,146,912,1
3137,146,1152,1
3138,146,780,1
3139,146,186,1
3140,146,815,1
3141,146,1123,1
3142,146,562,1
3143,146,0,1
3144,146,785,1
3145,146,1200,1
3146,146,50,1
3147,146,177,1
3148,146,717,1
3149,146,652,1
3150,146,737,1
3151,146,613,1
3152,146,163,1
3153,146,685,1
3154,146,1066,1
3155,146,388,1
3156,146,751,1
3157,146,666,1
3158,146,369,1
3159,146,194,1
3160,146,1146,1
3161,146,843,1
3162,146,1067,1
3163,146,113,1
3164,146,279,1
3165,146,59,1
3166,146,71,1
3167,146,980,1
3168,146,390,1
3169,146,25,1
3170,146,287,1
3171,146,472,1
3172,146,246,1
3173,146,53,1
3174,146,584,1
3175,146,761,1
3176,146,275,1
3177,146,187,1
3178,146,1006,1
3179,146,673,1
3180,146,91,1
3181,146,10,1
3182,146,1102,1
3183,146,248,1
3184,146,37,1
3185,146,233,1
3186,146,469,1
3187,146,884,1
3188,146,765,1
3189,146,518,1
3190,146,1103,1
3191,146,656,1
3192,146,301,1
3193,146,441,1
3194,146,1117,1
3195,146,445,1
3196,146,155,1
3197,146,565,1
3198,146,989,1
3199,146,900,1
3200,146,1107,1
3201,146,519,1
3202,146,58,1
3203,146,917,1
3204,146,678,1
3205,146,474,1
3206,146,238,1
3207,146,953,1
3208,146,1115,1
3209,146,1084,1
3210,146,1058,1
3211,146,908,1
3212,146,1172,1
3213,146,911,1
3214,146,808,1
3215,146,188,1
3216,146,259,1
3217,146,637,1
3218,146,70,1
3219,146,759,1
3220,146,240,1
3221,146,74,1
3222,146,1150,1
3223,146,368,1
3224,146,333,1
3225,146,87,1
3226,146,280,1
3227,146,389,1
3228,146,997,1
3229,146,1156,1
3230,146,204,1
3231,146,603,1
3232,146,408,1
3233,146,937,1
3234,146,1173,1
3235,146,514,1
3236,146,582,1
3237,146,513,1
3238,146,1188,1
3239,146,1061,1
3240,146,1040,1
3241,146,952,1
3242,146,138,1
3243,146,1096,1
3244,146,460,1
3245,146,464,1
3246,146,800,1
3247,146,530,1
3248,146,480,1
3249,146,859,1
3250,146,394,1
3251,146,375,1
3252,146,335,1
3253,146,118,1
3254,146,608,1
3255,146,19,1
3256,146,403,1
3257,146,924,1
3258,146,284,1
3259,146,569,1
3260,146,855,1
3261,146,715,1
3262,146,277,1
3263,146,454,1
3264,146,21,1
3265,146,191,1
3266,146,355,1
3267,146,618,1
3268,146,1018,1
3269,146,524,1
3270,146,1077,1
3271,146,96,1
3272,146,579,1
3273,146,90,1
3274,146,532,1
3275,146,1014,1
3276,146,645,1
3277,146,447,1
3278,146,1199,1
3279,146,263,1
3280,146,541,1
3281,146,559,1
3282,146,130,1
3283,146,554,1
3284,146,30,1
3285,146,402,1
3286,146,428,1
3287,146,158,1
3288,146,88,1
3289,146,1088,1
3290,146,482,1
3291,146,400,1
3292,146,423,1
3293,146,1057,1
3294,146,1002,1
3295,146,184,1
3296,146,372,1
3297,146,923,1
3298,146,1098,1
3299,146,838,1
3300,146,744,1
3301,146,1180,1
3302,146,31,1
3303,146,341,1
3304,146,660,1
3305,146,54,1
3306,146,65,1
3307,146,136,1
3308,146,946,1
3309,146,1046,1
3310,146,425,1
3311,146,1196,1
3312,146,459,1
3313,146,760,1
3314,146,612,1
3315,146,687,1
3316,146,124,1
3317,146,852,1
3318,146,481,1
3319,146,1030,1
3320,146,391,1
3321,146,179,1
3322,146,641,1
3323,146,896,1
3324,146,361,1
3325,146,754,1
3326,146,755,1
3327,146,878,1
3328,146,175,1
3329,146,62,1
3330,146,1193,1
3331,146,506,1
3332,146,614,1
3333,146,574,1
3334,146,397,1
3335,146,1145,1
3336,146,1130,1
3337,146,549,1
3338,146,311,1
3339,146,338,1
3340,146,312,1
3341,146,828,1
3342,146,381,1
3343,146,926,1
3344,146,1069,1
3345,146,318,1
3346,146,116,1
3347,146,1045,1
3348,146,380,1
3349,146,1122,1
3350,146,825,1
3351,146,875,1
3352,146,152,1
3353,146,663,1
3354,146,775,1
3355,146,1165,1
3356,146,229,1
3357,146,210,1
3358,146,872,1
3359,146,470,1
3360,146,73,1
3361,146,708,1
3362,146,189,1
3363,146,935,1
3364,146,49,1
3365,146,698,1
3366,146,502,1
3367,146,655,1
3368,146,558,1
3369,146,207,1
3370,146,105,1
3371,146,406,1
3372,146,360,1
3373,146,629,1
3374,146,26,1
3375,146,1034,1
3376,146,198,1
3377,146,902,1
3378,146,964,1
3379,146,345,1
3380,146,928,1
3381,146,1194,1
3382,146,1182,1
3383,146,1064,1
3384,146,254,1
3385,146,174,1
3386,146,986,1
3387,146,544,1
3388,146,713,1
3389,146,226,1
3390,146,932,1
3391,146,413,1
3392,146,833,1
3393,146,5,1
3394,146,143,1
3395,146,52,1
3396,146,242,1
3397,146,684,1
3398,146,43,1
3399,146,602,1
3400,146,1159,1
3401,146,401,1
3402,146,889,1
3403,146,239,1
3404,146,39,1
3405,146,583,1
3406,146,336,1
3407,146,1166,1
3408,146,883,1
3409,146,540,1
3410,146,975,1
3411,146,1105,1
3412,146,230,1
3413,146,414,1
3414,146,598,1
3415,146,522,1
3416,146,720,1
3417,146,861,1
3418,146,847,1
3419,146,1025,1
3420,146,1142,1
3421,146,788,1
3422,146,123,1
3423,146,165,1
3424,146,317,1
3425,146,326,1
3426,146,131,1
3427,146,127,1
3428,146,81,1
3429,146,876,1
3430,146,707,1
3431,146,620,1
3432,146,507,1
3433,146,282,1
3434,146,185,1
3435,146,556,1
3436,146,67,1
3437,146,564,1
3438,146,536,1
3439,146,56,1
3440,146,471,1
3441,146,733,1
3442,146,742,1
3443,146,520,1
3444,146,83,1
3445,146,736,1
3446,146,528,1
3447,146,99,1
3448,146,802,1
3449,146,305,1
3450,146,1060,1
3451,146,144,1
3452,146,435,1
3453,146,1019,1
3454,146,92,1
3455,146,981,1
3456,146,570,1
3457,146,936,1
3458,146,297,1
3459,146,686,1
3460,146,529,1
3461,146,1108,1
3462,146,308,1
3463,146,1170,1
3464,146,245,1
3465,146,173,1
3466,146,112,1
3467,146,892,1
3468,146,560,1
3469,146,330,1
3470,146,817,1
3471,146,15,1
3472,146,1176,1
3473,146,302,1
3474,146,1054,1
3475,146,951,1
3476,146,1035,1
3477,146,939,1
3478,146,874,1
3479,146,1008,1
3480,146,217,1
3481,146,539,1
3482,146,873,1
3483,146,1005,1
3484,146,46,1
3485,146,681,1
3486,146,342,1
3487,146,672,1
3488,146,978,1
3489,146,119,1
3490,146,7,1
3491,146,299,1
3492,146,44,1
3493,146,797,1
3494,146,223,1
3495,146,1015,1
3496,146,1041,1
3497,146,309,1
3498,146,886,1
3499,146,1081,1
3500,146,393,1
3501,146,107,1
3502,146,1024,1
3503,146,36,1
3504,146,196,1
3505,146,625,1
3506,146,1033,1
3507,146,735,1
3508,146,41,1
3509,146,907,1
3510,146,142,1
3511,146,836,1
3512,146,1048,1
3513,146,1169,1
3514,146,283,1
3515,146,60,1
3516,146,1071,1
3517,146,442,1
3518,146,1201,1
3519,146,195,1
3520,146,887,1
3521,146,805,1
3522,146,133,1
3523,146,2,1
3524,146,1003,1
3525,146,853,1
3526,146,1095,1
3527,146,392,1
3528,146,247,1
3529,146,1151,1
3530,146,295,1
3531,146,1044,1
3532,146,347,1
3533,146,710,1
3534,146,1087,1
3535,146,533,1
3536,146,885,1
3537,146,576,1
3538,146,178,1
3539,146,604,1
3540,146,933,1
3541,146,1160,1
3542,146,806,1
3543,146,957,1
3544,184,39,1
3545,184,128,1
3546,184,21,1
3547,184,386,1
3548,184,792,1
3549,184,415,1
3550,184,466,1
3551,184,531,1
3552,184,25,1
3553,184,316,1
3554,184,561,1
3555,184,826,1
3556,184,846,1
3557,184,1156,1
3558,184,15,1
3559,184,945,1
3560,184,168,1
3561,184,1011,1
3562,184,827,1
3563,184,729,1
3564,184,400,1
3565,184,166,1
3566,184,375,1
3567,184,68,1
3568,184,984,1
3569,184,438,1
3570,184,1085,1
3571,184,844,1
3572,184,232,1
3573,184,331,1
3574,184,1091,1
3575,184,794,1
3576,184,127,1
3577,184,141,1
3578,184,1127,1
3579,184,1166,1
3580,184,517,1
3581,184,198,1
3582,184,341,1
3583,184,317,1
3584,184,769,1
3585,184,602,1
3586,184,889,1
3587,184,570,1
3588,184,518,1
3589,184,1106,1
3590,184,67,1
3591,184,686,1
3592,184,487,1
3593,184,398,1
3594,184,1104,1
3595,184,665,1
3596,184,2,1
3597,184,272,1
3598,184,756,1
3599,184,532,1
3600,184,1007,1
3601,184,888,1
3602,184,1170,1
3603,184,926,1
3604,184,1136,1
3605,184,165,1
3606,184,433,1
3607,184,330,1
3608,184,1189,1
3609,184,377,1
3610,184,813,1
3611,184,396,1
3612,184,277,1
3613,184,1130,1
3614,184,8,1
3615,184,245,1
3616,184,706,1
3617,184,522,1
3618,184,1049,1
3619,184,280,1
3620,184,484,1
3621,184,716,1
3622,184,786,1
3623,184,519,1
3624,184,811,1
3625,184,1040,1
3626,184,282,1
3627,184,1199,1
3628,184,174,1
3629,184,388,1
3630,184,894,1
3631,184,1053,1
3632,184,290,1
3633,184,611,1
3634,184,544,1
3635,184,1033,1
3636,184,1003,1
3637,184,1191,1
3638,184,161,1
3639,184,843,1
3640,184,432,1
3641,184,1150,1
3642,184,241,1
3643,184,560,1
3644,184,98,1
3645,184,800,1
3646,184,832,1
3647,184,930,1
3648,184,153,1
3649,184,545,1
3650,184,1013,1
3651,184,302,1
3652,184,746,1
3653,184,35,1
3654,184,402,1
3655,184,46,1
3656,184,672,1
3657,184,657,1
3658,184,682,1
3659,184,225,1
3660,184,479,1
3661,184,714,1
3662,184,380,1
3663,184,829,1
3664,184,332,1
3665,184,504,1
3666,184,227,1
3667,184,60,1
3668,184,136,1
3669,184,307,1
3670,184,167,1
3671,184,417,1
3672,184,695,1
3673,184,529,1
3674,184,551,1
3675,184,306,1
3676,184,1140,1
3677,184,867,1
3678,184,40,1
3679,184,618,1
3680,184,925,1
3681,184,986,1
3682,184,674,1
3683,184,397,1
3684,184,261,1
3685,184,994,1
3686,184,56,1
3687,184,917,1
3688,184,821,1
3689,184,697,1
3690,184,526,1
3691,184,1023,1
3692,184,510,1
3693,184,1154,1
3694,184,146,1
3695,184,467,1
3696,184,172,1
3697,184,440,1
3698,184,1084,1
3699,184,700,1
3700,184,741,1
3701,184,287,1
3702,184,217,1
3703,184,670,1
3704,184,1172,1
3705,184,1054,1
3706,184,530,1
3707,184,1057,1
3708,184,642,1
3709,184,927,1
3710,184,970,1
3711,184,675,1
3712,184,473,1
3713,184,421,1
3714,184,320,1
3715,184,1163,1
3716,184,976,1
3717,184,645,1
3718,184,183,1
3719,184,329,1
3720,184,414,1
3721,184,173,1
3722,184,268,1
3723,184,964,1
3724,184,461,1
3725,184,121,1
3726,184,445,1
3727,184,513,1
3728,184,740,1
3729,184,956,1
3730,184,87,1
3731,184,359,1
3732,184,1071,1
3733,184,748,1
3734,184,1009,1
3735,184,944,1
3736,184,115,1
3737,184,204,1
3738,184,655,1
3739,184,1063,1
3740,184,431,1
3741,184,1019,1
3742,184,434,1
3743,184,977,1
3744,184,1041,1
3745,184,448,1
3746,184,900,1
3747,184,921,1
3748,184,936,1
3749,184,257,1
3750,184,784,1
3751,184,839,1
3752,184,500,1
3753,184,638,1
3754,184,73,1
3755,184,201,1
3756,184,107,1
3757,184,120,1
3758,184,498,1
3759,184,231,1
3760,184,737,1
3761,184,781,1
3762,184,133,1
3763,184,1077,1
3764,184,180,1
3765,184,63,1
3766,184,1058,1
3767,184,16,1
3768,184,520,1
3769,184,300,1
3770,184,546,1
3771,184,372,1
3772,184,849,1
3773,184,304,1
3774,184,208,1
3775,184,334,1
3776,184,1051,1
3777,184,52,1
3778,184,910,1
3779,184,848,1
3780,184,942,1
3781,184,997,1
3782,184,57,1
3783,184,1180,1
3784,184,835,1
3785,184,960,1
3786,184,973,1
3787,184,1031,1
3788,184,840,1
3789,184,992,1
3790,184,738,1
3791,184,496,1
3792,184,62,1
3793,184,582,1
3794,184,1015,1
3795,184,1121,1
3796,184,825,1
3797,184,269,1
3798,184,831,1
3799,184,177,1
3800,184,871,1
3801,251,1039,1
3802,251,94,1
3803,251,633,1
3804,251,231,1
3805,251,1016,1
3806,251,349,1
3807,251,778,1
3808,251,504,1
3809,251,964,1
3810,251,380,1
3811,251,995,1
3812,251,509,1
3813,251,1165,1
3814,251,958,1
3815,251,217,1
3816,251,827,1
3817,251,52,1
3818,251,410,1
3819,251,222,1
3820,251,866,1
3821,251,533,1
3822,251,314,1
3823,251,16,1
3824,251,809,1
3825,251,182,1
3826,251,296,1
3827,251,317,1
3828,251,282,1
3829,251,560,1
3830,251,1089,1
3831,251,84,1
3832,251,489,1
3833,251,408,1
3834,251,25,1
3835,251,909,1
3836,251,309,1
3837,251,1147,1
3838,251,977,1
3839,251,198,1
3840,251,1148,1
3841,251,406,1
3842,251,519,1
3843,251,429,1
3844,251,948,1
3845,251,914,1
3846,251,808,1
3847,251,981,1
3848,251,1057,1
3849,251,897,1
3850,251,457,1
3851,251,124,1
3852,251,669,1
3853,251,888,1
3854,251,783,1
3855,251,551,1
3856,251,415,1
3857,251,955,1
3858,251,1072,1
3859,251,15,1
3860,251,284,1
3861,251,1078,1
3862,251,984,1
3863,251,629,1
3864,251,1048,1
3865,251,1034,1
3866,251,92,1
3867,251,936,1
3868,251,394,1
3869,251,1163,1
3870,251,204,1
3871,251,825,1
3872,251,97,1
3873,251,720,1
3874,251,360,1
3875,251,784,1
3876,251,289,1
3877,251,329,1
3878,251,177,1
3879,251,1061,1
3880,251,1107,1
3881,251,1136,1
3882,251,759,1
3883,251,1013,1
3884,251,227,1
3885,251,814,1
3886,251,1032,1
3887,251,704,1
3888,251,43,1
3889,251,502,1
3890,251,821,1
3891,251,111,1
3892,251,1002,1
3893,251,29,1
3894,251,77,1
3895,251,433,1
3896,251,576,1
3897,251,746,1
3898,251,274,1
3899,251,393,1
3900,251,1152,1
3901,251,892,1
3902,251,872,1
3903,251,565,1
3904,251,771,1
3905,251,1023,1
3906,251,385,1
3907,251,482,1
3908,251,1073,1
3909,251,158,1
3910,251,1159,1
3911,251,383,1
3912,251,239,1
3913,251,205,1
3914,251,303,1
3915,251,517,1
3916,251,56,1
3917,251,392,1
3918,251,503,1
3919,251,305,1
3920,251,342,1
3921,251,773,1
3922,251,21,1
3923,251,465,1
3924,251,64,1
3925,251,625,1
3926,251,246,1
3927,251,943,1
3928,251,1035,1
3929,251,1093,1
3930,251,152,1
3931,251,207,1
3932,251,174,1
3933,251,667,1
3934,251,595,1
3935,251,1181,1
3936,251,67,1
3937,251,498,1
3938,251,657,1
3939,251,758,1
3940,251,862,1
3941,251,767,1
3942,251,439,1
3943,251,8,1
3944,251,1082,1
3945,251,675,1
3946,251,664,1
3947,251,39,1
3948,251,281,1
3949,251,794,1
3950,251,666,1
3951,251,1177,1
3952,251,1054,1
3953,251,980,1
3954,251,1021,1
3955,251,471,1
3956,251,570,1
3957,251,540,1
3958,251,1145,1
3959,251,1160,1
3960,251,1019,1
3961,251,172,1
3962,251,839,1
3963,251,797,1
3964,251,167,1
3965,251,1162,1
3966,251,61,1
3967,251,811,1
3968,251,155,1
3969,251,368,1
3970,251,895,1
3971,251,782,1
3972,251,779,1
3973,251,1106,1
3974,251,11,1
3975,251,869,1
3976,251,209,1
3977,251,707,1
3978,251,622,1
3979,251,531,1
3980,251,1154,1
3981,251,1009,1
3982,251,579,1
3983,251,1119,1
3984,251,1150,1
3985,251,850,1
3986,251,708,1
3987,251,655,1
3988,251,852,1
3989,251,1018,1
3990,251,777,1
3991,251,186,1
3992,251,1151,1
3993,251,7,1
3994,251,810,1
3995,251,881,1
3996,251,676,1
3997,251,752,1
3998,251,260,1
3999,251,645,1
4000,251,1120,1
4001,251,402,1
4002,251,423,1
4003,251,68,1
4004,251,889,1
4005,251,123,1
4006,251,740,1
4007,251,283,1
4008,251,355,1
4009,251,582,1
4010,251,362,1
4011,251,638,1
4012,251,802,1
4013,251,82,1
4014,251,671,1
4015,251,127,1
4016,251,805,1
4017,251,912,1
4018,251,1144,1
4019,251,1076,1
4020,251,1127,1
4021,251,268,1
4022,251,105,1
4023,251,731,1
4024,251,878,1
4025,251,860,1
4026,251,545,1
4027,251,801,1
4028,251,556,1
4029,251,320,1
4030,251,156,1
4031,251,505,1
4032,251,511,1
4033,251,901,1
4034,251,315,1
4035,251,788,1
4036,251,62,1
4037,251,799,1
4038,251,366,1
4039,251,745,1
4040,251,1043,1
4041,251,441,1
4042,251,973,1
4043,251,107,1
4044,251,58,1
4045,251,928,1
4046,251,1116,1
4047,251,528,1
4048,251,739,1
4049,251,953,1
4050,251,388,1
4051,251,79,1
4052,251,837,1
4053,251,464,1
4054,251,1040,1
4055,251,879,1
4056,251,1122,1
4057,251,60,1
4058,251,36,1
4059,251,513,1
4060,251,117,1
4061,251,469,1
4062,251,957,1
4063,251,1128,1
4064,251,1000,1
4065,251,1008,1
4066,251,369,1
4067,251,269,1
4068,251,287,1
4069,251,877,1
4070,251,258,1
4071,251,78,1
4072,251,870,1
4073,251,363,1
4074,251,330,1
4075,251,762,1
4076,251,673,1
4077,251,843,1
4078,251,1129,1
4079,251,683,1
4080,251,339,1
4081,251,1133,1
4082,251,637,1
4083,251,679,1
4084,251,950,1
4085,251,443,1
4086,251,798,1
4087,251,516,1
4088,251,338,1
4089,251,255,1
4090,251,916,1
4091,251,523,1
4092,251,185,1
4093,251,396,1
4094,251,372,1
4095,251,1109,1
4096,251,933,1
4097,251,146,1
4098,251,229,1
4099,251,478,1
4100,251,840,1
4101,251,230,1
4102,251,1187,1
4103,251,421,1
4104,251,199,1
4105,251,716,1
4106,251,800,1
4107,251,521,1
4108,251,1007,1
4109,251,336,1
4110,251,1049,1
4111,251,119,1
4112,251,1050,1
4113,251,1033,1
4114,251,50,1
4115,251,880,1
4116,251,611,1
4117,251,628,1
4118,251,775,1
4119,251,302,1
4120,251,113,1
4121,251,427,1
4122,251,563,1
4123,251,925,1
4124,251,17,1
4125,251,951,1
4126,251,450,1
4127,251,461,1
4128,251,932,1
4129,251,702,1
4130,251,99,1
4131,251,612,1
4132,251,1142,1
4133,251,705,1
4134,251,241,1
4135,251,148,1
4136,251,102,1
4137,251,130,1
4138,251,1197,1
4139,251,765,1
4140,251,844,1
4141,251,791,1
4142,251,1067,1
4143,251,101,1
4144,251,1183,1
4145,251,1085,1
4146,251,112,1
4147,251,484,1
4148,251,795,1
4149,251,1102,1
4150,251,34,1
4151,251,1105,1
4152,251,1196,1
4153,251,70,1
4154,251,188,1
4155,251,562,1
4156,251,529,1
4157,251,1174,1
4158,251,391,1
4159,251,492,1
4160,251,979,1
4161,251,341,1
4162,251,1178,1
4163,251,87,1
4164,251,949,1
4165,251,527,1
4166,251,662,1
4167,251,294,1
4168,251,1112,1
4169,251,333,1
4170,251,753,1
4171,251,357,1
4172,251,197,1
4173,251,486,1
4174,251,145,1
4175,251,270,1
4176,251,613,1
4177,251,1180,1
4178,251,737,1
4179,251,604,1
4180,251,1096,1
4181,251,1130,1
4182,251,1153,1
4183,251,608,1
4184,251,1172,1
4185,251,468,1
4186,251,448,1
4187,251,6,1
4188,251,717,1
4189,251,602,1
4190,251,706,1
4191,251,796,1
4192,251,713,1
4193,251,238,1
4194,251,987,1
4195,251,125,1
4196,251,1158,1
4197,251,1091,1
4198,251,760,1
4199,251,128,1
4200,251,685,1
4201,251,83,1
4202,251,114,1
4203,251,31,1
4204,251,108,1
4205,251,279,1
4206,251,277,1
4207,251,756,1
4208,251,736,1
4209,251,189,1
4210,251,1030,1
4211,251,129,1
4212,251,390,1
4213,251,273,1
4214,251,1184,1
4215,251,496,1
4216,251,47,1
4217,251,445,1
4218,251,991,1
4219,251,447,1
4220,251,316,1
4221,251,1044,1
4222,251,137,1
4223,251,520,1
4224,251,607,1
4225,251,934,1
4226,251,483,1
4227,251,507,1
4228,251,257,1
4229,251,154,1
4230,251,555,1
4231,251,997,1
4232,251,337,1
4233,251,1064,1
4234,251,352,1
4235,251,164,1
4236,251,428,1
4237,251,9,1
4238,251,725,1
4239,251,549,1
4240,251,553,1
4241,251,1003,1
4242,251,586,1
4243,251,1156,1
4244,251,975,1
4245,251,924,1
4246,251,885,1
4247,251,13,1
4248,251,522,1
4249,251,738,1
4250,251,741,1
4251,251,1139,1
4252,251,1070,1
4253,251,1189,1
4254,251,920,1
4255,251,157,1
4256,251,344,1
4257,251,252,1
4258,251,937,1
4259,251,695,1
4260,251,69,1
4261,251,400,1
4262,251,871,1
4263,251,361,1
4264,251,118,1
4265,251,166,1
4266,251,500,1
4267,251,1118,1
4268,251,30,1
4269,251,75,1
4270,251,1101,1
4271,251,179,1
4272,251,601,1
4273,251,962,1
4274,251,851,1
4275,251,658,1
4276,251,501,1
4277,251,905,1
4278,251,98,1
4279,251,722,1
4280,251,1140,1
4281,251,956,1
4282,251,642,1
4283,251,697,1
4284,251,641,1
4285,251,691,1
4286,251,623,1
4287,251,616,1
4288,251,481,1
4289,251,766,1
4290,251,376,1
4291,251,149,1
4292,251,290,1
4293,251,1017,1
4294,251,381,1
4295,251,264,1
4296,251,1081,1
4297,251,304,1
4298,251,245,1
4299,251,351,1
4300,251,454,1
4301,251,474,1
4302,251,1170,1
4303,251,652,1
4304,251,830,1
4305,251,160,1
4306,251,425,1
4307,251,1038,1
4308,295,924,1
4309,295,998,1
4310,295,804,1
4311,295,73,1
4312,295,810,1
4313,295,748,1
4314,295,17,1
4315,295,743,1
4316,295,80,1
4317,295,136,1
4318,295,628,1
4319,295,755,1
4320,295,907,1
4321,295,159,1
4322,295,689,1
4323,295,142,1
4324,295,894,1
4325,295,815,1
4326,295,313,1
4327,295,397,1
4328,295,311,1
4329,295,928,1
4330,295,900,1
4331,295,850,1
4332,295,516,1
4333,295,421,1
4334,295,621,1
4335,295,248,1
4336,295,438,1
4337,295,123,1
4338,295,633,1
4339,295,702,1
4340,295,1112,1
4341,295,574,1
4342,295,321,1
4343,295,209,1
4344,295,50,1
4345,295,1051,1
4346,295,186,1
4347,295,534,1
4348,295,486,1
4349,295,179,1
4350,295,31,1
4351,295,5,1
4352,295,724,1
4353,295,471,1
4354,295,1088,1
4355,295,1174,1
4356,295,944,1
4357,295,777,1
4358,295,1115,1
4359,295,992,1
4360,295,1089,1
4361,295,896,1
4362,295,752,1
4363,295,500,1
4364,295,929,1
4365,295,995,1
4366,295,1074,1
4367,295,32,1
4368,295,1061,1
4369,295,1202,1
4370,295,680,1
4371,295,651,1
4372,295,240,1
4373,295,1124,1
4374,295,936,1
4375,295,917,1
4376,295,671,1
4377,295,396,1
4378,295,937,1
4379,295,254,1
4380,295,103,1
4381,295,1014,1
4382,295,165,1
4383,295,65,1
4384,295,1119,1
4385,295,701,1
4386,295,244,1
4387,295,515,1
4388,295,846,1
4389,295,39,1
4390,295,1201,1
4391,295,860,1
4392,295,485,1
4393,295,1122,1
4394,295,603,1
4395,295,245,1
4396,295,694,1
4397,295,665,1
4398,295,952,1
4399,295,811,1
4400,295,329,1
4401,295,59,1
4402,295,294,1
4403,295,273,1
4404,295,531,1
4405,295,760,1
4406,295,822,1
4407,295,108,1
4408,295,711,1
4409,295,266,1
4410,295,84,1
4411,295,1016,1
4412,295,717,1
4413,295,184,1
4414,295,61,1
4415,295,776,1
4416,295,605,1
4417,295,23,1
4418,295,441,1
4419,295,501,1
4420,295,883,1
4421,295,474,1
4422,295,1091,1
4423,295,1097,1
4424,295,634,1
4425,295,797,1
4426,295,7,1
4427,295,1101,1
4428,295,564,1
4429,295,922,1
4430,295,292,1
4431,295,706,1
4432,295,744,1
4433,295,881,1
4434,295,301,1
4435,295,526,1
4436,295,720,1
4437,295,257,1
4438,295,1170,1
4439,295,118,1
4440,295,1040,1
4441,295,1034,1
4442,295,1026,1
4443,295,385,1
4444,295,260,1
4445,295,27,1
4446,295,969,1
4447,295,164,1
4448,295,1081,1
4449,295,540,1
4450,295,778,1
4451,295,226,1
4452,295,1099,1
4453,295,167,1
4454,295,62,1
4455,295,1192,1
4456,295,971,1
4457,295,251,1
4458,295,140,1
4459,295,231,1
4460,295,26,1
4461,295,85,1
4462,295,1183,1
4463,295,307,1
4464,295,353,1
4465,295,154,1
4466,295,608,1
4467,295,840,1
4468,295,135,1
4469,295,214,1
4470,295,754,1
4471,295,1148,1
4472,295,267,1
4473,295,156,1
4474,295,674,1
4475,295,360,1
4476,295,304,1
4477,295,919,1
4478,295,434,1
4479,295,1036,1
4480,295,1044,1
4481,295,982,1
4482,295,1138,1
4483,295,576,1
4484,295,1113,1
4485,295,252,1
4486,295,381,1
4487,295,1145,1
4488,295,126,1
4489,295,336,1
4490,295,1159,1
4491,295,819,1
4492,295,433,1
4493,295,325,1
4494,295,130,1
4495,295,965,1
4496,295,30,1
4497,295,349,1
4498,295,659,1
4499,295,222,1
4500,295,914,1
4501,295,1021,1
4502,295,973,1
4503,295,69,1
4504,295,635,1
4505,295,863,1
4506,295,445,1
4507,295,614,1
4508,295,194,1
4509,295,1059,1
4510,295,322,1
4511,295,342,1
4512,295,1160,1
4513,295,761,1
4514,295,332,1
4515,295,889,1
4516,295,185,1
4517,295,95,1
4518,295,193,1
4519,295,98,1
4520,295,475,1
4521,295,430,1
4522,295,291,1
4523,295,966,1
4524,295,517,1
4525,295,34,1
4526,295,293,1
4527,295,1013,1
4528,295,947,1
4529,295,1073,1
4530,295,955,1
4531,295,343,1
4532,295,483,1
4533,295,308,1
4534,295,208,1
4535,295,169,1
4536,295,524,1
4537,295,829,1
4538,295,949,1
4539,295,1067,1
4540,295,35,1
4541,295,1156,1
4542,295,1163,1
4543,295,838,1
4544,295,805,1
4545,295,268,1
4546,295,800,1
4547,295,410,1
4548,295,888,1
4549,295,869,1
4550,295,553,1
4551,295,298,1
4552,295,934,1
4553,295,1060,1
4554,295,713,1
4555,295,1193,1
4556,295,529,1
4557,295,1189,1
4558,295,968,1
4559,295,228,1
4560,295,21,1
4561,295,528,1
4562,295,1047,1
4563,295,530,1
4564,295,791,1
4565,295,903,1
4566,295,1110,1
4567,295,911,1
4568,295,428,1
4569,295,384,1
4570,295,602,1
4571,295,920,1
4572,295,148,1
4573,295,590,1
4574,295,352,1
4575,295,88,1
4576,295,389,1
4577,295,987,1
4578,295,230,1
4579,295,849,1
4580,295,243,1
4581,295,557,1
4582,295,12,1
4583,295,1186,1
4584,295,143,1
4585,295,93,1
4586,295,690,1
4587,295,133,1
4588,295,305,1
4589,295,738,1
4590,295,616,1
4591,295,697,1
4592,295,648,1
4593,295,461,1
4594,295,106,1
4595,295,417,1
4596,295,172,1
4597,295,152,1
4598,295,37,1
4599,295,52,1
4600,295,959,1
4601,295,415,1
4602,295,1001,1
4603,295,429,1
4604,295,939,1
4605,295,241,1
4606,295,921,1
4607,295,875,1
4608,295,1098,1
4609,295,180,1
4610,295,1049,1
4611,295,375,1
4612,295,487,1
4613,295,1011,1
4614,295,1024,1
4615,295,400,1
4616,295,40,1
4617,295,14,1
4618,295,259,1
4619,295,613,1
4620,295,1012,1
4621,295,493,1
4622,295,909,1
4623,295,435,1
4624,295,769,1
4625,295,116,1
4626,295,876,1
4627,295,1046,1
4628,295,124,1
4629,295,879,1
4630,295,951,1
4631,295,87,1
4632,295,239,1
4633,295,47,1
4634,295,867,1
4635,295,641,1
4636,295,53,1
4637,295,953,1
4638,295,918,1
4639,295,561,1
4640,295,496,1
4641,295,83,1
4642,295,409,1
4643,295,1140,1
4644,295,355,1
4645,295,960,1
4646,295,925,1
4647,295,195,1
4648,295,624,1
4649,295,1025,1
4650,295,895,1
4651,295,420,1
4652,295,67,1
4653,295,845,1
4654,295,984,1
4655,295,91,1
4656,295,390,1
4657,295,519,1
4658,295,1180,1
4659,295,402,1
4660,295,1178,1
4661,295,932,1
4662,295,598,1
4663,295,726,1
4664,295,457,1
4665,295,320,1
4666,295,544,1
4667,295,346,1
4668,295,448,1
4669,295,764,1
4670,295,513,1
4671,295,1075,1
4672,295,714,1
4673,295,537,1
4674,295,700,1
4675,295,317,1
4676,295,877,1
4677,295,365,1
4678,295,372,1
4679,295,490,1
4680,295,1194,1
4681,295,646,1
4682,295,1157,1
4683,295,923,1
4684,295,403,1
4685,295,497,1
4686,295,645,1
4687,295,46,1
4688,295,722,1
4689,295,683,1
4690,295,1197,1
4691,295,334,1
4692,295,105,1
4693,295,44,1
4694,295,77,1
4695,295,550,1
4696,295,562,1
4697,295,864,1
4698,295,1030,1
4699,295,476,1
4700,295,1094,1
4701,295,401,1
4702,295,866,1
4703,295,464,1
4704,295,189,1
4705,295,640,1
4706,295,175,1
4707,295,841,1
4708,295,1087,1
4709,295,788,1
4710,295,615,1
4711,295,300,1
4712,295,892,1
4713,295,1096,1
4714,295,942,1
4715,295,465,1
4716,295,527,1
4717,295,514,1
4718,295,570,1
4719,295,119,1
4720,295,285,1
4721,295,505,1
4722,295,1069,1
4723,295,905,1
4724,295,853,1
4725,295,68,1
4726,295,455,1
4727,295,589,1
4728,295,1057,1
4729,295,269,1
4730,295,481,1
4731,295,41,1
4732,295,601,1
4733,295,1015,1
4734,295,588,1
4735,295,499,1
4736,295,178,1
4737,295,1155,1
4738,295,462,1
4739,295,333,1
4740,295,1095,1
4741,295,382,1
4742,295,871,1
4743,295,467,1
4744,295,1100,1
4745,295,692,1
4746,295,203,1
4747,295,825,1
4748,295,104,1
4749,295,153,1
4750,295,935,1
4751,295,666,1
4752,295,1103,1
4753,295,341,1
4754,295,1144,1
4755,295,539,1
4756,295,431,1
4757,295,1018,1
4758,295,956,1
4759,295,22,1
4760,295,38,1
4761,295,599,1
4762,295,1010,1
4763,295,1120,1
4764,295,155,1
4765,295,591,1
4766,295,572,1
4767,295,201,1
4768,295,818,1
4769,295,1114,1
4770,295,886,1
4771,295,378,1
4772,295,535,1
4773,295,326,1
4774,295,609,1
4775,295,668,1
4776,295,629,1
4777,295,677,1
4778,295,546,1
4779,295,573,1
4780,295,600,1
4781,295,379,1
4782,295,980,1
4783,295,297,1
4784,295,416,1
4785,295,1133,1
4786,295,394,1
4787,295,427,1
4788,295,233,1
4789,295,560,1
4790,295,522,1
4791,295,1187,1
4792,295,492,1
4793,295,509,1
4794,295,1062,1
4795,295,160,1
4796,295,363,1
4797,295,276,1
4798,295,880,1
4799,295,763,1
4800,295,432,1
4801,295,364,1
4802,295,425,1
4803,295,681,1
4804,295,741,1
4805,295,798,1
4806,295,878,1
4807,295,312,1
4808,295,789,1
4809,295,882,1
4810,295,340,1
4811,295,107,1
4812,295,801,1
4813,295,858,1
4814,295,121,1
4815,295,224,1
4816,295,542,1
4817,295,664,1
4818,295,212,1
4819,295,1200,1
4820,295,739,1
4821,295,816,1
4822,295,345,1
4823,295,1171,1
4824,295,757,1
4825,295,948,1
4826,295,785,1
4827,295,618,1
4828,295,736,1
4829,295,1164,1
4830,295,205,1
4831,295,234,1
4832,295,275,1
4833,295,174,1
4834,295,139,1
4835,295,1199,1
4836,295,1196,1
4837,295,173,1
4838,295,166,1
4839,295,963,1
4840,295,558,1
4841,295,792,1
4842,295,56,1
4843,295,335,1
4844,295,1102,1
4845,295,177,1
4846,295,533,1
4847,295,989,1
4848,295,679,1
4849,295,99,1
4850,295,339,1
4851,295,391,1
4852,295,348,1
4853,295,1041,1
4854,295,1167,1
4855,295,510,1
4856,295,649,1
4857,295,191,1
4858,295,82,1
4859,295,217,1
4860,295,571,1
4861,295,642,1
4862,295,559,1
4863,295,799,1
4864,295,1064,1
4865,295,157,1
4866,295,813,1
4867,295,729,1
4868,295,25,1
4869,295,1035,1
4870,295,1022,1
4871,295,1128,1
4872,295,912,1
4873,295,532,1
4874,295,586,1
4875,295,1150,1
4876,295,814,1
4877,295,709,1
4878,295,419,1
4879,295,1109,1
4880,295,1139,1
4881,295,518,1
4882,295,1009,1
4883,295,678,1
4884,295,463,1
4885,295,581,1
4886,295,1203,1
4887,295,833,1
4888,295,1132,1
4889,295,1052,1
4890,295,354,1
4891,295,855,1
4892,295,373,1
4893,295,575,1
4894,295,274,1
4895,295,198,1
4896,295,610,1
4897,295,181,1
4898,295,1043,1
4899,295,1090,1
4900,295,607,1
4901,295,958,1
4902,295,808,1
4903,295,655,1
4904,295,577,1
4905,295,90,1
4906,295,359,1
4907,295,446,1
4908,295,386,1
4909,295,622,1
4910,295,1173,1
4911,295,489,1
4912,295,64,1
4913,295,983,1
4914,295,967,1
4915,295,127,1
4916,295,1190,1
4917,295,405,1
4918,295,362,1
4919,295,89,1
4920,295,456,1
4921,295,979,1
4922,295,1177,1
4923,295,206,1
4924,295,458,1
4925,295,891,1
4926,295,834,1
4927,295,554,1
4928,295,732,1
4929,295,1146,1
4930,295,19,1
4931,295,885,1
4932,295,708,1
4933,295,719,1
4934,295,672,1
4935,295,637,1
4936,295,904,1
4937,295,699,1
4938,295,927,1
4939,295,1056,1
4940,295,794,1
4941,295,504,1
4942,295,579,1
4943,295,684,1
4944,295,857,1
4945,295,899,1
4946,295,223,1
4947,295,1066,1
4948,295,512,1
4949,295,954,1
4950,295,75,1
4951,295,1184,1
4952,295,638,1
4953,295,1,1
4954,295,872,1
4955,295,404,1
4956,295,604,1
4957,295,688,1
4958,295,626,1
4959,295,1050,1
4960,295,263,1
4961,295,503,1
4962,295,16,1
4963,295,566,1
4964,295,454,1
4965,295,202,1
4966,295,112,1
4967,295,716,1
4968,295,1002,1
4969,295,466,1
4970,295,299,1
4971,295,361,1
4972,295,552,1
4973,295,338,1
4974,295,931,1
4975,295,330,1
4976,295,149,1
4977,295,1104,1
4978,295,328,1
4979,295,134,1
4980,295,221,1
4981,295,593,1
4982,295,828,1
4983,295,200,1
4984,295,523,1
4985,295,324,1
4986,295,392,1
4987,295,964,1
4988,295,658,1
4989,295,310,1
4990,295,837,1
4991,295,848,1
4992,295,0,1
4993,295,691,1
4994,295,1136,1
4995,295,1054,1
4996,295,250,1
4997,295,625,1
4998,295,1082,1
4999,295,696,1
5000,295,1105,1
5001,295,731,1
5002,295,1080,1
5003,295,906,1
5004,295,652,1
5005,295,443,1
5006,295,824,1
5007,295,1086,1
5008,295,563,1
5009,295,13,1
5010,295,71,1
5011,295,20,1
5012,295,1147,1
5013,295,821,1
5014,295,460,1
5015,295,94,1
5016,295,350,1
5017,295,96,1
5018,295,803,1
5019,295,812,1
5020,295,986,1
5021,295,753,1
5022,295,1142,1
5023,295,831,1
5024,295,698,1
5025,295,412,1
5026,295,57,1
5027,295,718,1
5028,295,913,1
5029,295,766,1
5030,295,66,1
5031,295,2,1
5032,295,902,1
5033,295,1185,1
5034,295,584,1
5035,295,283,1
5036,295,851,1
5037,295,1117,1
5038,295,351,1
5039,295,10,1
5040,295,521,1
5041,295,70,1
5042,295,368,1
5043,295,356,1
5044,295,1154,1
5045,295,1143,1
5046,295,950,1
5047,295,770,1
5048,295,309,1
5049,295,444,1
5050,295,775,1
5051,295,1149,1
5052,295,442,1
5053,295,611,1
5054,295,1033,1
5055,295,587,1
5056,295,227,1
5057,295,1176,1
5058,295,1019,1
5059,295,413,1
5060,295,1063,1
5061,295,101,1
5062,295,830,1
5063,351,716,1
5064,351,1059,1
5065,351,20,1
5066,351,88,1
5067,351,1006,1
5068,351,1050,1
5069,351,337,1
5070,351,997,1
5071,351,792,1
5072,351,1,1
5073,351,971,1
5074,351,434,1
5075,351,407,1
5076,351,1171,1
5077,351,209,1
5078,351,683,1
5079,351,560,1
5080,351,355,1
5081,351,614,1
5082,351,134,1
5083,351,56,1
5084,351,68,1
5085,351,576,1
5086,351,897,1
5087,351,632,1
5088,351,285,1
5089,351,931,1
5090,351,1176,1
5091,351,802,1
5092,351,1114,1
5093,351,1133,1
5094,351,689,1
5095,351,327,1
5096,351,818,1
5097,351,1110,1
5098,351,817,1
5099,351,905,1
5100,351,840,1
5101,351,948,1
5102,351,231,1
5103,351,495,1
5104,351,308,1
5105,351,930,1
5106,351,658,1
5107,351,518,1
5108,351,1193,1
5109,351,95,1
5110,351,186,1
5111,351,648,1
5112,351,479,1
5113,351,696,1
5114,351,482,1
5115,351,1016,1
5116,351,74,1
5117,351,425,1
5118,351,604,1
5119,351,847,1
5120,351,814,1
5121,351,198,1
5122,351,537,1
5123,351,453,1
5124,351,69,1
5125,351,1066,1
5126,351,800,1
5127,351,1014,1
5128,351,440,1
5129,351,115,1
5130,351,144,1
5131,351,1145,1
5132,351,127,1
5133,351,839,1
5134,351,557,1
5135,351,287,1
5136,351,405,1
5137,351,1094,1
5138,351,41,1
5139,351,652,1
5140,351,47,1
5141,351,65,1
5142,351,1026,1
5143,351,3,1
5144,351,639,1
5145,351,1040,1
5146,351,1172,1
5147,351,178,1
5148,351,106,1
5149,351,699,1
5150,351,675,1
5151,351,597,1
5152,351,14,1
5153,351,262,1
5154,351,955,1
5155,351,509,1
5156,351,555,1
5157,351,1042,1
5158,351,947,1
5159,351,380,1
5160,351,1103,1
5161,351,322,1
5162,351,253,1
5163,351,1109,1
5164,351,28,1
5165,351,447,1
5166,351,929,1
5167,351,1030,1
5168,351,1032,1
5169,351,245,1
5170,351,359,1
5171,351,195,1
5172,351,700,1
5173,351,742,1
5174,351,51,1
5175,351,873,1
5176,351,365,1
5177,351,1194,1
5178,351,757,1
5179,351,119,1
5180,351,158,1
5181,351,778,1
5182,351,78,1
5183,351,227,1
5184,351,465,1
5185,351,835,1
5186,351,333,1
5187,351,223,1
5188,351,612,1
5189,351,207,1
5190,351,162,1
5191,351,1120,1
5192,351,710,1
5193,351,402,1
5194,351,536,1
5195,351,197,1
5196,351,1007,1
5197,351,360,1
5198,351,801,1
5199,351,815,1
5200,351,1190,1
5201,351,635,1
5202,351,545,1
5203,351,918,1
5204,351,773,1
5205,351,517,1
5206,351,761,1
5207,351,707,1
5208,351,832,1
5209,351,790,1
5210,351,64,1
5211,351,372,1
5212,351,770,1
5213,351,433,1
5214,351,825,1
5215,351,766,1
5216,351,1184,1
5217,351,70,1
5218,351,565,1
5219,351,851,1
5220,351,172,1
5221,351,234,1
5222,351,53,1
5223,351,875,1
5224,351,587,1
5225,351,969,1
5226,351,304,1
5227,351,54,1
5228,351,149,1
5229,351,55,1
5230,351,717,1
5231,351,898,1
5232,351,477,1
5233,351,1170,1
5234,351,578,1
5235,351,257,1
5236,351,538,1
5237,351,1039,1
5238,351,204,1
5239,351,559,1
5240,351,580,1
5241,351,603,1
5242,351,442,1
5243,351,1175,1
5244,351,950,1
5245,351,610,1
5246,351,723,1
5247,351,563,1
5248,351,1192,1
5249,351,834,1
5250,351,23,1
5251,351,293,1
5252,351,472,1
5253,351,1012,1
5254,351,630,1
5255,351,29,1
5256,351,414,1
5257,351,899,1
5258,351,196,1
5259,351,1044,1
5260,351,1058,1
5261,351,413,1
5262,351,122,1
5263,351,439,1
5264,351,664,1
5265,351,415,1
5266,351,998,1
5267,351,893,1
5268,351,633,1
5269,351,647,1
5270,351,396,1
5271,351,789,1
5272,351,530,1
5273,351,421,1
5274,351,184,1
5275,351,738,1
5276,351,977,1
5277,351,0,1
5278,351,1165,1
5279,351,824,1
5280,351,61,1
5281,351,1013,1
5282,351,645,1
5283,351,636,1
5284,351,83,1
5285,351,80,1
5286,351,1099,1
5287,351,370,1
5288,351,579,1
5289,351,410,1
5290,351,427,1
5291,351,431,1
5292,351,1045,1
5293,351,137,1
5294,351,1155,1
5295,351,42,1
5296,351,726,1
5297,351,430,1
5298,351,398,1
5299,351,219,1
5300,351,943,1
5301,351,549,1
5302,351,1073,1
5303,351,323,1
5304,351,1102,1
5305,351,1156,1
5306,351,1098,1
5307,351,850,1
5308,351,1049,1
5309,351,662,1
5310,351,772,1
5311,351,651,1
5312,351,85,1
5313,351,250,1
5314,351,906,1
5315,351,208,1
5316,351,670,1
5317,351,340,1
5318,351,886,1
5319,351,539,1
5320,351,486,1
5321,351,443,1
5322,351,586,1
5323,351,885,1
5324,351,519,1
5325,351,438,1
5326,351,991,1
5327,351,572,1
5328,351,933,1
5329,351,286,1
5330,351,1149,1
5331,351,627,1
5332,351,687,1
5333,351,828,1
5334,351,1129,1
5335,351,826,1
5336,351,691,1
5337,351,1152,1
5338,351,856,1
5339,351,863,1
5340,351,496,1
5341,351,382,1
5342,351,310,1
5343,351,420,1
5344,351,1143,1
5345,351,623,1
5346,351,484,1
5347,351,618,1
5348,351,84,1
5349,351,913,1
5350,351,990,1
5351,351,1072,1
5352,351,256,1
5353,351,1063,1
5354,351,155,1
5355,351,1139,1
5356,351,650,1
5357,351,1173,1
5358,351,128,1
5359,351,154,1
5360,351,305,1
5361,351,341,1
5362,351,27,1
5363,351,574,1
5364,351,1122,1
5365,351,956,1
5366,351,731,1
5367,351,752,1
5368,351,108,1
5369,351,233,1
5370,351,581,1
5371,351,600,1
5372,351,63,1
5373,351,332,1
5374,351,140,1
5375,351,291,1
5376,351,254,1
5377,351,366,1
5378,351,764,1
5379,351,1017,1
5380,351,655,1
5381,351,11,1
5382,351,553,1
5383,351,889,1
5384,351,1125,1
5385,351,547,1
5386,351,1080,1
5387,351,1004,1
5388,351,644,1
5389,351,125,1
5390,351,141,1
5391,351,191,1
5392,351,97,1
5393,351,408,1
5394,351,481,1
5395,351,302,1
5396,351,1178,1
5397,351,120,1
5398,351,100,1
5399,351,177,1
5400,351,1010,1
5401,351,1067,1
5402,351,925,1
5403,351,213,1
5404,351,371,1
5405,351,1090,1
5406,351,882,1
5407,351,7,1
5408,351,915,1
5409,351,491,1
5410,351,346,1
5411,351,846,1
5412,351,1162,1
5413,351,870,1
5414,351,1135,1
5415,351,1062,1
5416,351,180,1
5417,351,951,1
5418,351,343,1
5419,351,480,1
5420,351,403,1
5421,351,129,1
5422,351,394,1
5423,351,152,1
5424,351,461,1
5425,351,1041,1
5426,351,891,1
5427,351,40,1
5428,351,823,1
5429,351,345,1
5430,351,617,1
5431,351,919,1
5432,351,72,1
5433,351,672,1
5434,351,369,1
5435,351,809,1
5436,351,928,1
5437,351,116,1
5438,351,235,1
5439,351,43,1
5440,351,959,1
5441,351,388,1
5442,351,676,1
5443,351,348,1
5444,351,570,1
5445,351,736,1
5446,351,367,1
5447,351,19,1
5448,351,385,1
5449,351,230,1
5450,351,153,1
5451,351,112,1
5452,351,754,1
5453,351,946,1
5454,351,958,1
5455,351,976,1
5456,351,944,1
5457,351,690,1
5458,351,157,1
5459,351,777,1
5460,351,36,1
5461,351,677,1
5462,351,735,1
5463,351,265,1
5464,351,270,1
5465,351,1201,1
5466,351,952,1
5467,351,103,1
5468,351,721,1
5469,351,471,1
5470,351,531,1
5471,351,111,1
5472,351,940,1
5473,351,46,1
5474,351,656,1
5475,351,58,1
5476,351,79,1
5477,351,474,1
5478,351,118,1
5479,351,868,1
5480,351,444,1
5481,351,705,1
5482,351,1107,1
5483,351,49,1
5484,351,1203,1
5485,351,871,1
5486,351,979,1
5487,351,520,1
5488,351,91,1
5489,351,786,1
5490,351,451,1
5491,351,411,1
5492,351,349,1
5493,351,142,1
5494,351,1097,1
5495,351,533,1
5496,351,1075,1
5497,351,247,1
5498,351,1113,1
5499,351,171,1
5500,351,830,1
5501,351,1137,1
5502,351,268,1
5503,351,89,1
5504,351,1047,1
5505,351,1038,1
5506,351,32,1
5507,351,1108,1
5508,351,347,1
5509,351,67,1
5510,351,492,1
5511,351,497,1
5512,351,762,1
5513,351,734,1
5514,351,6,1
5515,351,344,1
5516,351,628,1
5517,351,806,1
5518,351,653,1
5519,351,241,1
5520,351,485,1
5521,351,179,1
5522,351,316,1
5523,351,995,1
5524,351,57,1
5525,351,939,1
5526,351,793,1
5527,351,692,1
5528,351,297,1
5529,351,101,1
5530,351,725,1
5531,351,1089,1
5532,351,248,1
5533,351,467,1
5534,351,274,1
5535,351,747,1
5536,351,165,1
5537,351,862,1
5538,351,907,1
5539,351,625,1
5540,351,794,1
5541,351,1130,1
5542,351,212,1
5543,351,376,1
5544,351,838,1
5545,351,908,1
5546,351,391,1
5547,351,514,1
5548,351,767,1
5549,351,512,1
5550,351,1197,1
5551,351,1000,1
5552,351,1034,1
5553,351,1154,1
5554,351,1070,1
5555,351,714,1
5556,351,591,1
5557,351,17,1
5558,351,412,1
5559,351,409,1
5560,351,605,1
5561,351,819,1
5562,351,1202,1
5563,351,1174,1
5564,351,1088,1
5565,351,319,1
5566,351,660,1
5567,351,1048,1
5568,351,585,1
5569,351,637,1
5570,351,266,1
5571,351,722,1
5572,351,1037,1
5573,351,312,1
5574,351,334,1
5575,351,15,1
5576,351,588,1
5577,351,383,1
5578,351,9,1
5579,351,922,1
5580,351,776,1
5581,351,354,1
5582,351,202,1
5583,351,1131,1
5584,351,638,1
5585,351,852,1
5586,351,727,1
5587,351,858,1
5588,351,37,1
5589,351,659,1
5590,351,669,1
5591,351,1177,1
5592,351,704,1
5593,351,34,1
5594,351,901,1
5595,351,483,1
5596,351,251,1
5597,351,613,1
5598,351,663,1
5599,351,506,1
5600,351,759,1
5601,351,249,1
5602,351,986,1
5603,351,1199,1
5604,351,836,1
5605,351,159,1
5606,351,1057,1
5607,351,401,1
5608,351,564,1
5609,351,1086,1
5610,351,39,1
5611,351,279,1
5612,351,1082,1
5613,351,861,1
5614,351,807,1
5615,351,151,1
5616,351,895,1
5617,351,803,1
5618,351,936,1
5619,351,96,1
5620,351,1124,1
5621,351,463,1
5622,351,114,1
5623,351,562,1
5624,351,1019,1
5625,351,1196,1
5626,351,684,1
5627,351,1056,1
5628,351,550,1
5629,351,833,1
5630,351,989,1
5631,351,884,1
5632,351,877,1
5633,351,719,1
5634,351,1115,1
5635,351,1093,1
5636,351,26,1
5637,351,909,1
5638,351,448,1
5639,351,38,1
5640,351,552,1
5641,351,225,1
5642,351,954,1
5643,351,522,1
5644,351,649,1
5645,351,183,1
5646,351,760,1
5647,351,1060,1
5648,351,1189,1
5649,351,784,1
5650,351,743,1
5651,351,399,1
5652,351,769,1
5653,351,432,1
5654,351,75,1
5655,351,510,1
5656,351,1096,1
5657,351,962,1
5658,351,526,1
5659,351,641,1
5660,351,961,1
5661,351,810,1
5662,351,4,1
5663,351,783,1
5664,351,797,1
5665,351,364,1
5666,351,765,1
5667,351,1147,1
5668,351,50,1
5669,351,697,1
5670,351,188,1
5671,351,468,1
5672,351,1052,1
5673,351,1123,1
5674,351,87,1
5675,351,960,1
5676,351,435,1
5677,351,93,1
5678,351,161,1
5679,351,500,1
5680,351,275,1
5681,351,953,1
5682,351,102,1
5683,351,980,1
5684,351,280,1
5685,351,52,1
5686,351,573,1
5687,351,872,1
5688,351,513,1
5689,351,261,1
5690,351,583,1
5691,351,318,1
5692,351,121,1
5693,351,164,1
5694,351,822,1
5695,351,596,1
5696,351,917,1
5697,351,750,1
5698,351,812,1
5699,351,729,1
5700,351,730,1
5701,351,1144,1
5702,351,378,1
5703,351,1008,1
5704,351,920,1
5705,351,528,1
5706,351,975,1
5707,351,503,1
5708,351,329,1
5709,351,117,1
5710,351,622,1
5711,351,194,1
5712,351,970,1
5713,351,1054,1
5714,351,426,1
5715,351,984,1
5716,351,827,1
5717,351,200,1
5718,351,1104,1
5719,351,1023,1
5720,351,1061,1
5721,351,173,1
5722,351,295,1
5723,351,584,1
5724,351,667,1
5725,351,13,1
5726,351,746,1
5727,351,1046,1
5728,351,916,1
5729,351,1095,1
5730,351,269,1
5731,351,1136,1
5732,351,643,1
5733,351,98,1
5734,351,941,1
5735,351,904,1
5736,351,71,1
5737,351,229,1
5738,351,22,1
5739,351,1035,1
5740,351,668,1
5741,351,611,1
5742,351,389,1
5743,351,813,1
5744,351,182,1
5745,351,211,1
5746,351,1167,1
5747,351,589,1
5748,351,400,1
5749,351,203,1
5750,351,358,1
5751,351,445,1
5752,351,540,1
5753,351,1157,1
5754,351,66,1
5755,351,679,1
5756,351,935,1
5757,351,798,1
5758,351,455,1
5759,351,147,1
5760,351,787,1
5761,351,657,1
5762,351,189,1
5763,351,2,1
5764,351,487,1
5765,351,82,1
5766,351,289,1
5767,351,981,1
5768,351,379,1
5769,351,126,1
5770,351,299,1
5771,351,1112,1
5772,351,732,1
5773,351,876,1
5774,351,693,1
5775,351,1163,1
5776,351,381,1
5777,351,30,1
5778,351,785,1
5779,351,16,1
5780,351,228,1
5781,351,505,1
5782,351,775,1
5783,351,688,1
5784,351,357,1
5785,351,258,1
5786,351,602,1
5787,351,758,1
5788,351,1151,1
5789,351,686,1
5790,351,791,1
5791,351,715,1
5792,351,330,1
5793,351,469,1
5794,351,1140,1
5795,351,733,1
5796,351,416,1
5797,351,317,1
5798,351,146,1
5799,351,185,1
5800,351,278,1
5801,351,853,1
5802,351,1092,1
5803,351,260,1
5804,351,857,1
5805,351,829,1
5806,351,942,1
5807,351,820,1
5808,351,511,1
5809,351,992,1
5810,351,419,1
5811,351,571,1
5812,351,460,1
5813,351,81,1
5814,351,1148,1
5815,351,205,1
5816,351,138,1
5817,351,338,1
5818,351,131,1
5819,351,406,1
5820,351,751,1
5821,351,1117,1
5822,351,529,1
5823,351,273,1
5824,351,927,1
5825,351,968,1
5826,351,167,1
5827,351,841,1
5828,351,608,1
5829,351,619,1
5830,351,163,1
5831,351,957,1
5832,351,276,1
5833,351,392,1
5834,351,546,1
5835,351,62,1
5836,355,415,1
5837,355,981,1
5838,355,513,1
5839,355,838,1
5840,355,52,1
5841,355,813,1
5842,355,25,1
5843,355,61,1
5844,355,800,1
5845,355,1196,1
5846,355,1193,1
5847,355,759,1
5848,355,1129,1
5849,356,745,1
5850,356,162,1
5851,356,854,1
5852,356,1097,1
5853,356,468,1
5854,356,182,1
5855,356,423,1
5856,356,922,1
5857,356,235,1
5858,356,446,1
5859,356,1007,1
5860,356,944,1
5861,356,308,1
5862,356,683,1
5863,356,686,1
5864,356,295,1
5865,356,68,1
5866,356,1090,1
5867,356,732,1
5868,356,189,1
5869,356,502,1
5870,356,836,1
5871,356,0,1
5872,356,1053,1
5873,356,1003,1
5874,356,973,1
5875,356,573,1
5876,356,126,1
5877,356,923,1
5878,356,1121,1
5879,356,263,1
5880,356,4,1
5881,356,252,1
5882,356,576,1
5883,356,727,1
5884,356,258,1
5885,356,1200,1
5886,356,103,1
5887,356,1077,1
5888,356,963,1
5889,356,284,1
5890,356,889,1
5891,356,1028,1
5892,356,124,1
5893,356,297,1
5894,356,149,1
5895,356,117,1
5896,356,581,1
5897,356,926,1
5898,356,1088,1
5899,356,71,1
5900,356,1142,1
5901,356,685,1
5902,356,406,1
5903,356,1184,1
5904,356,62,1
5905,356,343,1
5906,356,372,1
5907,356,811,1
5908,356,1095,1
5909,356,1064,1
5910,356,537,1
5911,356,742,1
5912,356,765,1
5913,356,817,1
5914,356,987,1
5915,356,806,1
5916,356,611,1
5917,356,1157,1
5918,356,272,1
5919,356,20,1
5920,356,248,1
5921,356,716,1
5922,356,161,1
5923,356,1052,1
5924,356,514,1
5925,356,1150,1
5926,356,39,1
5927,356,268,1
5928,356,443,1
5929,356,1166,1
5930,356,488,1
5931,356,412,1
5932,356,462,1
5933,356,253,1
5934,356,752,1
5935,356,1045,1
5936,356,640,1
5937,356,693,1
5938,356,57,1
5939,356,870,1
5940,356,229,1
5941,356,924,1
5942,356,715,1
5943,356,112,1
5944,356,209,1
5945,356,868,1
5946,356,891,1
5947,356,612,1
5948,356,660,1
5949,356,230,1
5950,356,759,1
5951,356,142,1
5952,356,722,1
5953,356,160,1
5954,356,427,1
5955,356,60,1
5956,356,1123,1
5957,356,893,1
5958,356,200,1
5959,356,588,1
5960,356,178,1
5961,356,549,1
5962,356,219,1
5963,356,730,1
5964,356,775,1
5965,356,15,1
5966,356,45,1
5967,356,1189,1
5968,356,106,1
5969,356,861,1
5970,356,170,1
5971,356,878,1
5972,356,428,1
5973,356,949,1
5974,356,1104,1
5975,356,392,1
5976,356,224,1
5977,356,132,1
5978,356,454,1
5979,356,211,1
5980,356,452,1
5981,356,97,1
5982,356,301,1
5983,356,202,1
5984,356,29,1
5985,356,932,1
5986,356,351,1
5987,356,700,1
5988,356,819,1
5989,356,1002,1
5990,356,198,1
5991,356,758,1
5992,356,820,1
5993,356,172,1
5994,356,1061,1
5995,356,1140,1
5996,356,1133,1
5997,356,401,1
5998,356,249,1
5999,356,196,1
6000,356,609,1
6001,356,44,1
6002,356,1127,1
6003,356,56,1
6004,356,535,1
6005,356,1118,1
6006,356,150,1
6007,356,1186,1
6008,356,892,1
6009,356,458,1
6010,356,950,1
6011,356,421,1
6012,356,309,1
6013,356,989,1
6014,356,1112,1
6015,356,404,1
6016,356,459,1
6017,356,643,1
6018,356,475,1
6019,356,723,1
6020,356,798,1
6021,356,962,1
6022,356,441,1
6023,356,6,1
6024,356,1158,1
6025,356,579,1
6026,356,425,1
6027,356,666,1
6028,356,1164,1
6029,356,445,1
6030,356,165,1
6031,356,341,1
6032,356,1037,1
6033,356,1001,1
6034,356,122,1
6035,356,55,1
6036,356,260,1
6037,356,1143,1
6038,356,831,1
6039,356,805,1
6040,356,503,1
6041,356,1146,1
6042,356,11,1
6043,356,1062,1
6044,356,596,1
6045,356,942,1
6046,356,99,1
6047,356,477,1
6048,356,632,1
6049,356,1093,1
6050,356,713,1
6051,356,317,1
6052,356,1044,1
6053,356,678,1
6054,356,440,1
6055,356,781,1
6056,356,911,1
6057,356,648,1
6058,356,1010,1
6059,356,961,1
6060,356,138,1
6061,356,794,1
6062,356,628,1
6063,356,645,1
6064,356,61,1
6065,356,636,1
6066,356,1193,1
6067,356,1004,1
6068,356,398,1
6069,356,102,1
6070,356,349,1
6071,356,1136,1
6072,356,247,1
6073,356,314,1
6074,356,193,1
6075,356,214,1
6076,356,520,1
6077,356,136,1
6078,356,96,1
6079,356,900,1
6080,356,591,1
6081,356,1015,1
6082,356,41,1
6083,356,657,1
6084,356,1116,1
6085,356,559,1
6086,356,808,1
6087,356,948,1
6088,356,1076,1
6089,356,1203,1
6090,356,327,1
6091,356,1198,1
6092,356,1196,1
6093,356,2,1
6094,356,917,1
6095,356,1107,1
6096,356,31,1
6097,356,1180,1
6098,356,511,1
6099,356,1172,1
6100,356,1084,1
6101,356,442,1
6102,356,1181,1
6103,356,971,1
6104,356,1163,1
6105,356,828,1
6106,356,1098,1
6107,356,656,1
6108,356,647,1
6109,356,463,1
6110,356,212,1
6111,356,484,1
6112,356,120,1
6113,356,497,1
6114,356,476,1
6115,356,1000,1
6116,356,194,1
6117,356,883,1
6118,356,641,1
6119,356,75,1
6120,356,466,1
6121,356,884,1
6122,356,809,1
6123,356,479,1
6124,356,597,1
6125,356,977,1
6126,356,467,1
6127,356,318,1
6128,356,909,1
6129,356,506,1
6130,356,945,1
6131,356,166,1
6132,356,994,1
6133,356,847,1
6134,356,361,1
6135,356,575,1
6136,356,287,1
6137,356,737,1
6138,356,714,1
6139,356,1021,1
6140,356,291,1
6141,356,633,1
6142,356,394,1
6143,356,691,1
6144,356,37,1
6145,356,191,1
6146,356,292,1
6147,356,1100,1
6148,356,320,1
6149,356,438,1
6150,356,968,1
6151,356,747,1
6152,356,569,1
6153,356,397,1
6154,356,59,1
6155,356,25,1
6156,356,896,1
6157,356,64,1
6158,356,872,1
6159,356,1035,1
6160,356,1058,1
6161,356,375,1
6162,356,886,1
6163,356,1149,1
6164,356,226,1
6165,356,990,1
6166,356,876,1
6167,356,522,1
6168,356,266,1
6169,356,474,1
6170,356,677,1
6171,356,992,1
6172,356,1162,1
6173,356,624,1
6174,356,239,1
6175,356,140,1
6176,356,336,1
6177,356,916,1
6178,356,804,1
6179,356,998,1
6180,356,1202,1
6181,356,980,1
6182,356,734,1
6183,356,483,1
6184,356,188,1
6185,356,790,1
6186,356,87,1
6187,356,339,1
6188,356,784,1
6189,356,915,1
6190,356,1144,1
6191,356,330,1
6192,356,204,1
6193,356,601,1
6194,356,665,1
6195,356,487,1
6196,356,904,1
6197,356,914,1
6198,356,1085,1
6199,356,1049,1
6200,356,1160,1
6201,356,1074,1
6202,356,363,1
6203,356,1129,1
6204,356,335,1
6205,356,1086,1
6206,356,14,1
6207,356,767,1
6208,356,946,1
6209,356,111,1
6210,356,157,1
6211,356,377,1
6212,356,672,1
6213,356,1194,1
6214,356,453,1
6215,356,540,1
6216,356,282,1
6217,356,17,1
6218,356,137,1
6219,356,471,1
6220,356,1047,1
6221,356,217,1
6222,356,116,1
6223,356,280,1
6224,356,969,1
6225,356,901,1
6226,356,802,1
6227,356,674,1
6228,356,536,1
6229,356,908,1
6230,356,88,1
6231,356,1148,1
6232,356,108,1
6233,356,1089,1
6234,356,864,1
6235,356,481,1
6236,356,54,1
6237,356,1046,1
6238,356,65,1
6239,356,259,1
6240,356,823,1
6241,356,509,1
6242,356,183,1
6243,356,326,1
6244,356,334,1
6245,356,746,1
6246,356,845,1
6247,356,9,1
6248,356,383,1
6249,356,997,1
6250,356,461,1
6251,356,486,1
6252,356,1072,1
6253,356,757,1
6254,356,539,1
6255,356,175,1
6256,356,1145,1
6257,356,725,1
6258,356,542,1
6259,356,50,1
6260,356,1099,1
6261,356,90,1
6262,356,407,1
6263,356,560,1
6264,356,257,1
6265,356,405,1
6266,356,156,1
6267,356,499,1
6268,356,125,1
6269,356,704,1
6270,356,996,1
6271,356,429,1
6272,356,903,1
6273,356,290,1
6274,356,186,1
6275,356,1083,1
6276,356,639,1
6277,356,98,1
6278,356,1018,1
6279,356,570,1
6280,356,1183,1
6281,356,388,1
6282,356,705,1
6283,356,552,1
6284,356,1048,1
6285,356,965,1
6286,356,1034,1
6287,356,1124,1
6288,356,800,1
6289,356,158,1
6290,356,1130,1
6291,356,744,1
6292,356,76,1
6293,356,321,1
6294,356,521,1
6295,356,294,1
6296,356,1105,1
6297,356,1016,1
6298,356,373,1
6299,356,991,1
6300,356,115,1
6301,356,267,1
6302,356,329,1
6303,356,27,1
6304,356,92,1
6305,356,319,1
6306,356,574,1
6307,356,676,1
6308,356,1054,1
6309,356,839,1
6310,356,976,1
6311,356,807,1
6312,356,393,1
6313,356,38,1
6314,356,1079,1
6315,356,417,1
6316,356,626,1
6317,356,1111,1
6318,356,1066,1
6319,356,1187,1
6320,356,353,1
6321,356,774,1
6322,356,1199,1
6323,356,43,1
6324,356,563,1
6325,356,604,1
6326,356,707,1
6327,356,1173,1
6328,356,114,1
6329,356,435,1
6330,356,843,1
6331,356,299,1
6332,356,73,1
6333,356,531,1
6334,356,558,1
6335,356,285,1
6336,356,302,1
6337,356,221,1
6338,356,513,1
6339,356,378,1
6340,356,815,1
6341,356,1139,1
6342,356,431,1
6343,356,762,1
6344,356,1038,1
6345,356,1040,1
6346,356,328,1
6347,356,1103,1
6348,356,437,1
6349,356,1131,1
6350,356,670,1
6351,356,12,1
6352,356,1051,1
6353,356,527,1
6354,356,507,1
6355,356,530,1
6356,356,951,1
6357,356,21,1
6358,356,1,1
6359,356,332,1
6360,356,898,1
6361,356,684,1
6362,356,289,1
6363,356,269,1
6364,356,842,1
6365,356,551,1
6366,356,840,1
6367,356,49,1
6368,356,599,1
6369,356,382,1
6370,356,1159,1
6371,356,367,1
6372,356,905,1
6373,356,938,1
6374,356,16,1
6375,356,544,1
6376,356,682,1
6377,356,799,1
6378,356,593,1
6379,356,907,1
6380,356,1070,1
6381,356,364,1
6382,356,123,1
6383,356,616,1
6384,356,391,1
6385,356,844,1
6386,356,376,1
6387,356,303,1
6388,356,432,1
6389,356,943,1
6390,356,380,1
6391,356,1067,1
6392,356,532,1
6393,356,439,1
6394,356,754,1
6395,356,1101,1
6396,356,1191,1
6397,356,603,1
6398,356,1081,1
6399,356,7,1
6400,356,523,1
6401,356,608,1
6402,356,756,1
6403,356,307,1
6404,356,706,1
6405,356,721,1
6406,356,717,1
6407,356,644,1
6408,356,788,1
6409,356,491,1
6410,356,702,1
6411,356,787,1
6412,356,1014,1
6413,356,858,1
6414,356,786,1
6415,356,834,1
6416,356,954,1
6417,356,127,1
6418,356,146,1
6419,356,1156,1
6420,356,981,1
6421,356,304,1
6422,356,726,1
6423,356,709,1
6424,356,1153,1
6425,356,101,1
6426,356,925,1
6427,356,434,1
6428,356,899,1
6429,356,227,1
6430,356,695,1
6431,356,34,1
6432,356,859,1
6433,356,154,1
6434,356,450,1
6435,356,333,1
6436,356,245,1
6437,356,718,1
6438,356,338,1
6439,356,225,1
6440,356,464,1
6441,356,777,1
6442,356,825,1
6443,356,983,1
6444,356,242,1
6445,356,51,1
6446,356,731,1
6447,356,1152,1
6448,356,164,1
6449,356,814,1
6450,356,460,1
6451,356,783,1
6452,356,692,1
6453,356,565,1
6454,356,1023,1
6455,356,403,1
6456,356,957,1
6457,356,635,1
6458,356,444,1
6459,356,920,1
6460,356,733,1
6461,356,273,1
6462,356,690,1
6463,356,310,1
6464,356,1030,1
6465,356,1165,1
6466,356,740,1
6467,356,515,1
6468,356,720,1
6469,356,681,1
6470,356,84,1
6471,356,625,1
6472,356,167,1
6473,356,192,1
6474,356,1108,1
6475,356,46,1
6476,356,286,1
6477,356,1036,1
6478,356,389,1
6479,356,797,1
6480,356,561,1
6481,356,548,1
6482,356,1110,1
6483,356,296,1
6484,356,821,1
6485,356,912,1
6486,356,153,1
6487,356,504,1
6488,356,362,1
6489,356,789,1
6490,356,930,1
6491,356,885,1
6492,356,246,1
6493,356,631,1
6494,356,701,1
6495,356,58,1
6496,356,780,1
6497,356,689,1
6498,356,492,1
6499,356,629,1
6500,356,465,1
6501,356,710,1
6502,356,582,1
6503,421,815,1
6504,421,872,1
6505,421,814,1
6506,421,92,1
6507,421,289,1
6508,421,497,1
6509,421,483,1
6510,421,638,1
6511,421,1200,1
6512,421,111,1
6513,421,1134,1
6514,421,328,1
6515,421,652,1
6516,421,937,1
6517,421,314,1
6518,421,362,1
6519,421,943,1
6520,421,877,1
6521,421,850,1
6522,421,970,1
6523,421,390,1
6524,421,1034,1
6525,421,11,1
6526,421,320,1
6527,421,1088,1
6528,421,377,1
6529,421,692,1
6530,421,704,1
6531,421,797,1
6532,421,20,1
6533,421,21,1
6534,421,534,1
6535,421,442,1
6536,421,195,1
6537,421,1123,1
6538,421,925,1
6539,421,232,1
6540,421,643,1
6541,421,879,1
6542,421,570,1
6543,421,242,1
6544,421,438,1
6545,421,730,1
6546,421,312,1
6547,421,466,1
6548,421,293,1
6549,421,439,1
6550,421,705,1
6551,421,840,1
6552,421,197,1
6553,421,250,1
6554,421,101,1
6555,421,1163,1
6556,421,732,1
6557,421,1070,1
6558,421,979,1
6559,421,1060,1
6560,421,956,1
6561,421,624,1
6562,421,499,1
6563,421,721,1
6564,421,720,1
6565,421,175,1
6566,421,663,1
6567,421,750,1
6568,421,891,1
6569,421,852,1
6570,421,122,1
6571,421,684,1
6572,421,589,1
6573,421,963,1
6574,421,261,1
6575,421,819,1
6576,421,584,1
6577,421,562,1
6578,421,961,1
6579,421,166,1
6580,421,64,1
6581,421,489,1
6582,421,113,1
6583,421,957,1
6584,421,1142,1
6585,421,474,1
6586,421,132,1
6587,421,460,1
6588,421,27,1
6589,421,394,1
6590,421,425,1
6591,421,946,1
6592,421,1151,1
6593,421,552,1
6594,421,541,1
6595,421,41,1
6596,421,780,1
6597,421,789,1
6598,421,544,1
6599,421,669,1
6600,421,781,1
6601,421,267,1
6602,421,400,1
6603,421,1167,1
6604,421,595,1
6605,421,1000,1
6606,421,741,1
6607,421,144,1
6608,421,180,1
6609,421,99,1
6610,421,596,1
6611,421,670,1
6612,421,397,1
6613,421,787,1
6614,421,515,1
6615,421,528,1
6616,421,161,1
6617,421,120,1
6618,421,708,1
6619,421,917,1
6620,421,82,1
6621,421,1107,1
6622,421,689,1
6623,421,1084,1
6624,421,187,1
6625,421,294,1
6626,421,813,1
6627,421,209,1
6628,421,545,1
6629,421,873,1
6630,421,165,1
6631,421,1069,1
6632,421,170,1
6633,421,763,1
6634,421,480,1
6635,421,976,1
6636,421,162,1
6637,421,479,1
6638,421,913,1
6639,421,448,1
6640,421,168,1
6641,421,404,1
6642,421,205,1
6643,421,784,1
6644,421,509,1
6645,421,656,1
6646,421,446,1
6647,421,893,1
6648,421,1145,1
6649,421,227,1
6650,421,116,1
6651,421,973,1
6652,421,44,1
6653,421,909,1
6654,421,118,1
6655,421,965,1
6656,421,994,1
6657,421,880,1
6658,421,63,1
6659,421,939,1
6660,421,426,1
6661,421,542,1
6662,421,379,1
6663,421,85,1
6664,421,207,1
6665,421,941,1
6666,421,658,1
6667,421,1051,1
6668,421,1203,1
6669,421,949,1
6670,421,31,1
6671,421,531,1
6672,421,317,1
6673,421,782,1
6674,421,971,1
6675,421,493,1
6676,421,715,1
6677,421,1039,1
6678,421,231,1
6679,421,247,1
6680,421,712,1
6681,421,639,1
6682,421,115,1
6683,421,1119,1
6684,421,555,1
6685,421,828,1
6686,421,56,1
6687,421,409,1
6688,421,888,1
6689,421,714,1
6690,421,295,1
6691,421,759,1
6692,421,945,1
6693,421,1178,1
6694,421,306,1
6695,421,811,1
6696,421,765,1
6697,421,74,1
6698,421,271,1
6699,421,104,1
6700,421,822,1
6701,421,39,1
6702,421,369,1
6703,421,1015,1
6704,421,498,1
6705,421,604,1
6706,421,1046,1
6707,421,508,1
6708,421,28,1
6709,421,766,1
6710,421,1169,1
6711,421,61,1
6712,421,874,1
6713,421,774,1
6714,421,607,1
6715,421,829,1
6716,421,368,1
6717,421,200,1
6718,421,121,1
6719,421,804,1
6720,421,1022,1
6721,421,486,1
6722,421,505,1
6723,421,1058,1
6724,421,383,1
6725,421,1041,1
6726,421,1105,1
6727,421,429,1
6728,421,691,1
6729,421,316,1
6730,421,1005,1
6731,421,831,1
6732,421,535,1
6733,421,100,1
6734,421,950,1
6735,421,245,1
6736,421,1017,1
6737,421,1036,1
6738,421,931,1
6739,421,253,1
6740,421,276,1
6741,421,968,1
6742,421,133,1
6743,421,889,1
6744,421,378,1
6745,421,279,1
6746,421,767,1
6747,421,43,1
6748,421,450,1
6749,421,1122,1
6750,421,754,1
6751,421,546,1
6752,421,984,1
6753,421,1146,1
6754,421,322,1
6755,421,867,1
6756,421,257,1
6757,421,858,1
6758,421,244,1
6759,421,795,1
6760,421,324,1
6761,421,657,1
6762,421,25,1
6763,421,619,1
6764,421,519,1
6765,421,148,1
6766,421,597,1
6767,421,220,1
6768,421,564,1
6769,421,713,1
6770,421,1160,1
6771,421,413,1
6772,421,91,1
6773,421,799,1
6774,421,548,1
6775,421,210,1
6776,421,34,1
6777,421,169,1
6778,421,212,1
6779,421,902,1
6780,421,674,1
6781,421,816,1
6782,421,582,1
6783,421,1072,1
6784,421,747,1
6785,421,1193,1
6786,421,221,1
6787,421,788,1
6788,421,386,1
6789,421,129,1
6790,421,1152,1
6791,421,613,1
6792,421,673,1
6793,421,477,1
6794,421,1136,1
6795,421,297,1
6796,421,942,1
6797,421,1158,1
6798,421,277,1
6799,421,202,1
6800,421,900,1
6801,421,1071,1
6802,421,304,1
6803,421,75,1
6804,421,514,1
6805,421,353,1
6806,421,958,1
6807,421,820,1
6808,421,1081,1
6809,421,861,1
6810,421,912,1
6811,421,214,1
6812,421,709,1
6813,421,502,1
6814,421,387,1
6815,421,73,1
6816,421,58,1
6817,421,580,1
6818,421,457,1
6819,421,769,1
6820,421,832,1
6821,421,523,1
6822,421,1116,1
6823,421,229,1
6824,421,143,1
6825,421,668,1
6826,421,467,1
6827,421,311,1
6828,421,292,1
6829,421,401,1
6830,421,916,1
6831,421,1053,1
6832,421,870,1
6833,421,1076,1
6834,421,695,1
6835,421,427,1
6836,421,863,1
6837,421,298,1
6838,421,365,1
6839,421,201,1
6840,421,1129,1
6841,421,550,1
6842,421,1190,1
6843,421,164,1
6844,421,1096,1
6845,421,389,1
6846,421,904,1
6847,421,22,1
6848,421,1102,1
6849,421,1066,1
6850,421,60,1
6851,421,290,1
6852,421,76,1
6853,421,96,1
6854,421,125,1
6855,421,248,1
6856,421,1083,1
6857,421,551,1
6858,421,263,1
6859,421,1195,1
6860,421,149,1
6861,421,71,1
6862,421,547,1
6863,421,484,1
6864,421,648,1
6865,421,650,1
6866,421,339,1
6867,421,686,1
6868,421,69,1
6869,421,571,1
6870,421,756,1
6871,421,26,1
6872,421,1126,1
6873,421,821,1
6874,421,275,1
6875,421,299,1
6876,421,491,1
6877,421,609,1
6878,421,675,1
6879,421,179,1
6880,421,506,1
6881,421,783,1
6882,421,579,1
6883,421,844,1
6884,421,507,1
6885,421,54,1
6886,421,786,1
6887,421,336,1
6888,421,174,1
6889,421,553,1
6890,421,183,1
6891,421,136,1
6892,421,102,1
6893,421,915,1
6894,421,991,1
6895,421,622,1
6896,421,156,1
6897,421,914,1
6898,421,918,1
6899,421,655,1
6900,421,268,1
6901,421,647,1
6902,421,49,1
6903,421,642,1
6904,421,226,1
6905,421,259,1
6906,421,898,1
6907,421,986,1
6908,421,681,1
6909,421,338,1
6910,421,836,1
6911,421,81,1
6912,421,1154,1
6913,421,430,1
6914,421,1111,1
6915,421,235,1
6916,421,77,1
6917,421,1014,1
6918,421,173,1
6919,421,660,1
6920,421,36,1
6921,421,354,1
6922,421,955,1
6923,421,287,1
6924,421,340,1
6925,421,919,1
6926,421,526,1
6927,421,1049,1
6928,421,278,1
6929,421,333,1
6930,421,35,1
6931,421,583,1
6932,421,396,1
6933,421,186,1
6934,421,1002,1
6935,421,1011,1
6936,421,565,1
6937,421,392,1
6938,421,310,1
6939,421,1103,1
6940,421,154,1
6941,421,1001,1
6942,421,1037,1
6943,421,641,1
6944,421,1109,1
6945,421,1176,1
6946,421,359,1
6947,421,503,1
6948,421,711,1
6949,421,193,1
6950,421,678,1
6951,421,744,1
6952,421,757,1
6953,421,1035,1
6954,421,932,1
6955,421,139,1
6956,421,1141,1
6957,421,246,1
6958,421,845,1
6959,421,1110,1
6960,421,1018,1
6961,421,629,1
6962,421,739,1
6963,421,1183,1
6964,421,646,1
6965,421,9,1
6966,421,160,1
6967,421,360,1
6968,421,698,1
6969,421,954,1
6970,421,1085,1
6971,421,1114,1
6972,421,50,1
6973,421,1164,1
6974,421,349,1
6975,421,834,1
6976,421,350,1
6977,421,272,1
6978,421,885,1
6979,421,177,1
6980,421,640,1
6981,421,1199,1
6982,421,856,1
6983,421,752,1
6984,421,124,1
6985,421,1101,1
6986,421,1181,1
6987,421,1077,1
6988,421,321,1
6989,421,529,1
6990,421,107,1
6991,421,687,1
6992,421,114,1
6993,421,94,1
6994,421,1144,1
6995,421,1162,1
6996,421,481,1
6997,421,119,1
6998,421,433,1
6999,421,343,1
7000,421,1010,1
7001,421,296,1
7002,421,878,1
7003,421,302,1
7004,421,435,1
7005,421,775,1
7006,421,1104,1
7007,421,4,1
7008,421,376,1
7009,421,1131,1
7010,421,1026,1
7011,421,471,1
7012,421,981,1
7013,421,62,1
7014,421,839,1
7015,421,37,1
7016,421,117,1
7017,421,319,1
7018,421,688,1
7019,421,1117,1
7020,421,848,1
7021,421,883,1
7022,421,614,1
7023,421,53,1
7024,421,532,1
7025,421,886,1
7026,421,19,1
7027,421,351,1
7028,421,1078,1
7029,421,414,1
7030,421,372,1
7031,421,926,1
7032,421,55,1
7033,421,399,1
7034,421,1153,1
7035,421,794,1
7036,421,557,1
7037,421,907,1
7038,421,402,1
7039,421,112,1
7040,421,260,1
7041,421,416,1
7042,421,760,1
7043,421,1171,1
7044,421,722,1
7045,421,785,1
7046,421,131,1
7047,421,882,1
7048,421,361,1
7049,421,1143,1
7050,421,630,1
7051,421,959,1
7052,421,992,1
7053,421,282,1
7054,421,1194,1
7055,421,1113,1
7056,421,1094,1
7057,421,634,1
7058,421,318,1
7059,421,817,1
7060,421,1089,1
7061,421,764,1
7062,421,1048,1
7063,421,305,1
7064,421,735,1
7065,421,636,1
7066,421,823,1
7067,421,1150,1
7068,421,599,1
7069,421,513,1
7070,421,953,1
7071,421,445,1
7072,421,807,1
7073,421,824,1
7074,421,676,1
7075,421,903,1
7076,421,223,1
7077,421,853,1
7078,421,964,1
7079,421,0,1
7080,421,1019,1
7081,421,990,1
7082,421,558,1
7083,421,341,1
7084,421,593,1
7085,421,911,1
7086,421,454,1
7087,421,137,1
7088,421,142,1
7089,421,934,1
7090,421,520,1
7091,421,518,1
7092,421,240,1
7093,421,598,1
7094,421,405,1
7095,421,662,1
7096,421,996,1
7097,421,563,1
7098,421,1061,1
7099,421,792,1
7100,421,178,1
7101,421,1097,1
7102,421,38,1
7103,421,492,1
7104,421,869,1
7105,421,273,1
7106,421,1033,1
7107,421,153,1
7108,421,380,1
7109,421,258,1
7110,421,1147,1
7111,421,808,1
7112,421,556,1
7113,421,185,1
7114,421,1059,1
7115,421,1187,1
7116,421,465,1
7117,421,1197,1
7118,421,645,1
7119,577,949,1
7120,577,879,1
7121,577,680,1
7122,577,55,1
7123,577,331,1
7124,577,749,1
7125,577,652,1
7126,577,1056,1
7127,577,450,1
7128,577,1025,1
7129,577,640,1
7130,577,1033,1
7131,577,715,1
7132,577,1125,1
7133,577,157,1
7134,577,495,1
7135,577,479,1
7136,577,569,1
7137,577,871,1
7138,577,324,1
7139,577,931,1
7140,577,888,1
7141,577,184,1
7142,577,595,1
7143,577,451,1
7144,577,205,1
7145,577,72,1
7146,577,751,1
7147,577,962,1
7148,577,723,1
7149,577,476,1
7150,577,625,1
7151,577,356,1
7152,577,1031,1
7153,577,954,1
7154,577,903,1
7155,577,838,1
7156,577,716,1
7157,577,1143,1
7158,577,970,1
7159,577,769,1
7160,577,698,1
7161,577,1164,1
7162,577,952,1
7163,692,182,1
7164,692,991,1
7165,692,511,1
7166,692,514,1
7167,692,1172,1
7168,692,849,1
7169,692,1049,1
7170,692,210,1
7171,692,685,1
7172,692,166,1
7173,692,1066,1
7174,692,938,1
7175,692,244,1
7176,692,479,1
7177,692,986,1
7178,692,868,1
7179,692,519,1
7180,692,217,1
7181,692,510,1
7182,692,488,1
7183,692,35,1
7184,692,618,1
7185,692,896,1
7186,692,321,1
7187,692,287,1
7188,692,258,1
7189,692,467,1
7190,692,336,1
7191,692,551,1
7192,692,1182,1
7193,692,183,1
7194,692,784,1
7195,692,933,1
7196,692,711,1
7197,692,1069,1
7198,692,218,1
7199,692,447,1
7200,692,559,1
7201,692,524,1
7202,692,119,1
7203,692,1159,1
7204,692,1170,1
7205,692,951,1
7206,692,261,1
7207,692,953,1
7208,692,1104,1
7209,692,639,1
7210,692,609,1
7211,692,254,1
7212,692,1046,1
7213,692,794,1
7214,692,856,1
7215,692,626,1
7216,692,1158,1
7217,692,663,1
7218,692,914,1
7219,692,389,1
7220,692,295,1
7221,692,100,1
7222,692,765,1
7223,692,274,1
7224,692,1145,1
7225,692,380,1
7226,692,267,1
7227,692,830,1
7228,692,454,1
7229,692,367,1
7230,692,398,1
7231,692,506,1
7232,692,58,1
7233,692,396,1
7234,692,735,1
7235,692,132,1
7236,692,401,1
7237,692,1149,1
7238,692,6,1
7239,692,27,1
7240,692,709,1
7241,692,26,1
7242,692,123,1
7243,692,420,1
7244,692,771,1
7245,692,791,1
7246,692,898,1
7247,692,917,1
7248,692,672,1
7249,692,973,1
7250,692,541,1
7251,692,560,1
7252,692,549,1
7253,692,909,1
7254,692,673,1
7255,692,1103,1
7256,692,603,1
7257,692,779,1
7258,692,800,1
7259,692,21,1
7260,692,790,1
7261,692,335,1
7262,692,885,1
7263,692,947,1
7264,692,175,1
7265,692,1089,1
7266,692,843,1
7267,692,43,1
7268,692,554,1
7269,692,5,1
7270,692,379,1
7271,692,891,1
7272,692,53,1
7273,692,758,1
7274,692,257,1
7275,692,1134,1
7276,692,645,1
7277,692,804,1
7278,692,755,1
7279,692,695,1
7280,692,305,1
7281,692,1180,1
7282,692,522,1
7283,692,1093,1
7284,692,665,1
7285,692,889,1
7286,692,77,1
7287,692,1162,1
7288,692,664,1
7289,692,355,1
7290,692,616,1
7291,692,1203,1
7292,692,245,1
7293,692,625,1
7294,692,397,1
7295,692,273,1
7296,692,507,1
7297,692,441,1
7298,692,180,1
7299,692,736,1
7300,692,1109,1
7301,692,877,1
7302,692,1117,1
7303,692,610,1
7304,692,263,1
7305,692,311,1
7306,692,102,1
7307,692,347,1
7308,692,924,1
7309,692,158,1
7310,692,1146,1
7311,692,957,1
7312,692,319,1
7313,692,1121,1
7314,692,113,1
7315,692,961,1
7316,692,837,1
7317,692,496,1
7318,692,1019,1
7319,692,79,1
7320,692,558,1
7321,692,219,1
7322,692,1183,1
7323,692,983,1
7324,692,36,1
7325,692,1156,1
7326,692,284,1
7327,692,248,1
7328,712,553,1
7329,712,956,1
7330,712,542,1
7331,712,154,1
7332,712,101,1
7333,712,246,1
7334,712,603,1
7335,712,651,1
7336,712,1048,1
7337,712,982,1
7338,712,229,1
7339,712,302,1
7340,712,681,1
7341,712,430,1
7342,712,981,1
7343,712,1143,1
7344,712,184,1
7345,712,85,1
7346,712,15,1
7347,712,230,1
7348,712,295,1
7349,712,947,1
7350,712,134,1
7351,712,490,1
7352,712,1056,1
7353,712,37,1
7354,712,832,1
7355,712,646,1
7356,712,445,1
7357,712,284,1
7358,712,700,1
7359,712,287,1
7360,712,680,1
7361,712,707,1
7362,712,907,1
7363,712,116,1
7364,712,934,1
7365,712,732,1
7366,712,652,1
7367,712,1080,1
7368,712,724,1
7369,712,1025,1
7370,712,174,1
7371,712,715,1
7372,712,481,1
7373,712,913,1
7374,712,588,1
7375,712,717,1
7376,712,175,1
7377,712,774,1
7378,712,915,1
7379,712,862,1
7380,712,782,1
7381,712,158,1
7382,712,992,1
7383,712,279,1
7384,712,630,1
7385,712,986,1
7386,712,804,1
7387,712,438,1
7388,712,42,1
7389,712,172,1
7390,712,479,1
7391,712,919,1
7392,712,640,1
7393,712,1078,1
7394,712,296,1
7395,712,657,1
7396,712,685,1
7397,712,703,1
7398,712,562,1
7399,712,961,1
7400,712,214,1
7401,712,577,1
7402,712,1060,1
7403,712,1195,1
7404,712,604,1
7405,712,161,1
7406,712,68,1
7407,712,32,1
7408,712,1035,1
7409,712,61,1
7410,712,20,1
7411,712,533,1
7412,712,716,1
7413,712,932,1
7414,712,312,1
7415,712,470,1
7416,712,931,1
7417,712,255,1
7418,712,582,1
7419,712,228,1
7420,712,966,1
7421,712,721,1
7422,712,322,1
7423,712,686,1
7424,712,970,1
7425,712,357,1
7426,712,973,1
7427,712,927,1
7428,712,530,1
7429,712,589,1
7430,712,590,1
7431,712,126,1
7432,712,701,1
7433,712,144,1
7434,712,1007,1
7435,712,49,1
7436,712,260,1
7437,712,72,1
7438,712,994,1
7439,712,403,1
7440,712,944,1
7441,712,746,1
7442,712,953,1
7443,712,998,1
7444,712,653,1
7445,712,889,1
7446,712,419,1
7447,712,800,1
7448,712,265,1
7449,712,534,1
7450,712,349,1
7451,712,997,1
7452,712,311,1
7453,712,593,1
7454,712,629,1
7455,712,485,1
7456,712,888,1
7457,712,128,1
7458,712,332,1
7459,712,758,1
7460,712,348,1
7461,712,209,1
7462,712,741,1
7463,712,138,1
7464,712,558,1
7465,712,181,1
7466,712,843,1
7467,712,1144,1
7468,712,111,1
7469,712,36,1
7470,712,840,1
7471,712,819,1
7472,712,1096,1
7473,712,567,1
7474,712,597,1
7475,712,364,1
7476,712,484,1
7477,712,1069,1
7478,712,664,1
7479,712,330,1
7480,712,185,1
7481,712,531,1
7482,712,324,1
7483,712,742,1
7484,712,807,1
7485,712,674,1
7486,712,496,1
7487,712,123,1
7488,712,1036,1
7489,712,422,1
7490,712,1026,1
7491,712,1155,1
7492,712,39,1
7493,712,347,1
7494,712,269,1
7495,712,828,1
7496,712,983,1
7497,712,904,1
7498,712,80,1
7499,712,569,1
7500,712,661,1
7501,712,1087,1
7502,712,146,1
7503,712,10,1
7504,712,333,1
7505,712,1010,1
7506,712,599,1
7507,712,995,1
7508,712,1045,1
7509,712,872,1
7510,712,516,1
7511,712,806,1
7512,712,1196,1
7513,712,195,1
7514,712,935,1
7515,712,891,1
7516,712,1118,1
7517,712,755,1
7518,712,51,1
7519,712,1039,1
7520,712,1041,1
7521,712,793,1
7522,712,475,1
7523,712,356,1
7524,712,903,1
7525,712,297,1
7526,712,1090,1
7527,712,730,1
7528,712,673,1
7529,712,1147,1
7530,712,641,1
7531,712,98,1
7532,712,495,1
7533,712,963,1
7534,712,1099,1
7535,712,336,1
7536,712,1198,1
7537,712,27,1
7538,712,62,1
7539,712,883,1
7540,712,341,1
7541,712,1021,1
7542,712,555,1
7543,712,344,1
7544,712,812,1
7545,712,1123,1
7546,712,938,1
7547,712,223,1
7548,712,1046,1
7549,715,234,1
7550,715,869,1
7551,715,306,1
7552,715,552,1
7553,715,996,1
7554,715,413,1
7555,715,809,1
7556,715,544,1
7557,715,1073,1
7558,715,7,1
7559,715,176,1
7560,715,829,1
7561,715,490,1
7562,715,1088,1
7563,715,115,1
7564,715,491,1
7565,715,698,1
7566,715,711,1
7567,715,274,1
7568,715,817,1
7569,715,1049,1
7570,715,528,1
7571,715,47,1
7572,715,360,1
7573,715,670,1
7574,715,1079,1
7575,715,537,1
7576,715,354,1
7577,715,259,1
7578,715,757,1
7579,715,230,1
7580,715,1200,1
7581,715,349,1
7582,715,926,1
7583,715,769,1
7584,715,20,1
7585,715,661,1
7586,715,1077,1
7587,715,1145,1
7588,715,125,1
7589,715,875,1
7590,715,766,1
7591,715,500,1
7592,715,808,1
7593,715,355,1
7594,715,320,1
7595,715,192,1
7596,715,743,1
7597,715,180,1
7598,715,1182,1
7599,715,273,1
7600,715,594,1
7601,715,324,1
7602,715,1176,1
7603,715,35,1
7604,715,250,1
7605,715,119,1
7606,715,1191,1
7607,715,986,1
7608,715,402,1
7609,715,244,1
7610,715,876,1
7611,715,1140,1
7612,715,58,1
7613,715,212,1
7614,715,182,1
7615,715,268,1
7616,715,647,1
7617,715,682,1
7618,715,780,1
7619,715,673,1
7620,715,1046,1
7621,715,812,1
7622,715,261,1
7623,715,482,1
7624,715,90,1
7625,715,742,1
7626,715,930,1
7627,715,158,1
7628,715,1018,1
7629,715,253,1
7630,715,389,1
7631,715,1126,1
7632,715,620,1
7633,715,1003,1
7634,715,327,1
7635,715,851,1
7636,715,577,1
7637,715,987,1
7638,715,739,1
7639,715,81,1
7640,715,296,1
7641,715,242,1
7642,715,937,1
7643,715,759,1
7644,715,243,1
7645,715,834,1
7646,715,1032,1
7647,715,957,1
7648,715,1160,1
7649,715,177,1
7650,715,498,1
7651,715,1150,1
7652,715,578,1
7653,715,492,1
7654,715,1188,1
7655,715,616,1
7656,715,378,1
7657,715,750,1
7658,715,1002,1
7659,715,1045,1
7660,715,1138,1
7661,715,293,1
7662,715,1004,1
7663,715,732,1
7664,715,434,1
7665,715,289,1
7666,715,700,1
7667,715,1040,1
7668,715,790,1
7669,715,667,1
7670,715,1006,1
7671,715,430,1
7672,715,321,1
7673,715,369,1
7674,715,348,1
7675,715,866,1
7676,715,41,1
7677,715,463,1
7678,715,46,1
7679,715,203,1
7680,715,132,1
7681,715,1199,1
7682,715,795,1
7683,715,431,1
7684,715,1095,1
7685,715,279,1
7686,715,1052,1
7687,715,387,1
7688,715,309,1
7689,715,900,1
7690,715,1071,1
7691,715,472,1
7692,715,1146,1
7693,715,638,1
7694,715,319,1
7695,715,773,1
7696,715,1120,1
7697,715,206,1
7698,715,325,1
7699,715,623,1
7700,715,1098,1
7701,715,842,1
7702,715,331,1
7703,715,499,1
7704,715,545,1
7705,715,240,1
7706,715,1012,1
7707,715,921,1
7708,715,165,1
7709,715,1162,1
7710,715,901,1
7711,715,297,1
7712,715,1190,1
7713,715,77,1
7714,715,622,1
7715,715,859,1
7716,715,697,1
7717,715,440,1
7718,715,569,1
7719,715,522,1
7720,715,857,1
7721,715,277,1
7722,715,304,1
7723,715,1164,1
7724,715,105,1
7725,715,948,1
7726,715,1186,1
7727,715,785,1
7728,715,154,1
7729,715,508,1
7730,715,152,1
7731,715,1093,1
7732,715,988,1
7733,715,660,1
7734,715,518,1
7735,715,632,1
7736,715,375,1
7737,715,1037,1
7738,715,608,1
7739,715,998,1
7740,715,142,1
7741,715,89,1
7742,715,1159,1
7743,715,898,1
7744,715,648,1
7745,715,637,1
7746,715,1041,1
7747,715,39,1
7748,715,1147,1
7749,715,120,1
7750,715,702,1
7751,715,982,1
7752,715,806,1
7753,715,843,1
7754,715,1128,1
7755,715,344,1
7756,715,94,1
7757,715,565,1
7758,715,159,1
7759,715,328,1
7760,715,19,1
7761,715,218,1
7762,715,211,1
7763,715,506,1
7764,715,1152,1
7765,715,173,1
7766,715,361,1
7767,715,691,1
7768,715,398,1
7769,715,415,1
7770,715,955,1
7771,715,540,1
7772,715,63,1
7773,715,1178,1
7774,715,467,1
7775,715,1085,1
7776,715,442,1
7777,715,928,1
7778,715,1133,1
7779,715,239,1
7780,715,197,1
7781,715,792,1
7782,715,458,1
7783,715,191,1
7784,715,674,1
7785,715,438,1
7786,715,166,1
7787,715,1024,1
7788,715,643,1
7789,715,417,1
7790,715,554,1
7791,715,1196,1
7792,715,874,1
7793,715,311,1
7794,715,1132,1
7795,715,833,1
7796,715,14,1
7797,715,1180,1
7798,715,264,1
7799,715,854,1
7800,715,1131,1
7801,715,547,1
7802,715,33,1
7803,715,879,1
7804,715,255,1
7805,715,586,1
7806,715,1170,1
7807,715,688,1
7808,715,32,1
7809,715,847,1
7810,715,612,1
7811,715,1063,1
7812,715,445,1
7813,715,562,1
7814,715,531,1
7815,715,922,1
7816,715,800,1
7817,715,618,1
7818,715,1025,1
7819,715,314,1
7820,715,1187,1
7821,715,473,1
7822,715,821,1
7823,715,1019,1
7824,715,338,1
7825,715,1091,1
7826,715,407,1
7827,715,520,1
7828,715,75,1
7829,715,271,1
7830,715,782,1
7831,715,98,1
7832,715,238,1
7833,715,878,1
7834,715,914,1
7835,715,313,1
7836,715,1011,1
7837,715,631,1
7838,715,1066,1
7839,715,868,1
7840,715,233,1
7841,715,828,1
7842,715,563,1
7843,715,1062,1
7844,715,247,1
7845,715,666,1
7846,715,765,1
7847,715,675,1
7848,715,272,1
7849,715,462,1
7850,715,457,1
7851,715,1153,1
7852,715,529,1
7853,715,1000,1
7854,715,1154,1
7855,715,69,1
7856,715,965,1
7857,715,907,1
7858,715,852,1
7859,715,1039,1
7860,715,825,1
7861,715,714,1
7862,715,1087,1
7863,715,220,1
7864,715,709,1
7865,715,958,1
7866,715,275,1
7867,715,819,1
7868,715,153,1
7869,715,962,1
7870,715,241,1
7871,715,260,1
7872,715,367,1
7873,715,705,1
7874,715,421,1
7875,715,1117,1
7876,715,74,1
7877,715,1097,1
7878,715,179,1
7879,715,824,1
7880,715,1028,1
7881,715,67,1
7882,715,178,1
7883,715,1105,1
7884,715,927,1
7885,715,221,1
7886,715,990,1
7887,715,252,1
7888,715,403,1
7889,715,913,1
7890,715,95,1
7891,715,150,1
7892,715,1155,1
7893,715,870,1
7894,715,1189,1
7895,715,908,1
7896,715,510,1
7897,715,287,1
7898,715,435,1
7899,715,251,1
7900,715,52,1
7901,715,635,1
7902,715,109,1
7903,715,1069,1
7904,715,217,1
7905,715,512,1
7906,715,73,1
7907,715,713,1
7908,715,515,1
7909,715,867,1
7910,715,262,1
7911,715,539,1
7912,715,1054,1
7913,715,1057,1
7914,715,469,1
7915,715,561,1
7916,715,405,1
7917,715,1005,1
7918,715,753,1
7919,715,726,1
7920,715,263,1
7921,715,849,1
7922,715,724,1
7923,715,1109,1
7924,715,1169,1
7925,715,786,1
7926,715,400,1
7927,715,448,1
7928,715,9,1
7929,715,170,1
7930,715,1030,1
7931,715,284,1
7932,715,949,1
7933,715,599,1
7934,715,778,1
7935,715,777,1
7936,715,659,1
7937,715,92,1
7938,715,44,1
7939,715,950,1
7940,715,225,1
7941,715,942,1
7942,715,872,1
7943,715,376,1
7944,715,754,1
7945,715,390,1
7946,715,553,1
7947,715,1007,1
7948,715,1192,1
7949,715,316,1
7950,715,282,1
7951,715,960,1
7952,715,884,1
7953,715,1102,1
7954,715,1076,1
7955,715,342,1
7956,715,517,1
7957,715,683,1
7958,715,936,1
7959,715,315,1
7960,715,1163,1
7961,715,548,1
7962,715,686,1
7963,715,341,1
7964,715,302,1
7965,715,391,1
7966,715,486,1
7967,715,538,1
7968,715,719,1
7969,715,83,1
7970,715,1050,1
7971,715,836,1
7972,715,397,1
7973,715,1167,1
7974,715,532,1
7975,715,135,1
7976,715,912,1
7977,715,788,1
7978,715,1061,1
7979,715,386,1
7980,715,725,1
7981,715,410,1
7982,715,100,1
7983,715,394,1
7984,715,1195,1
7985,715,207,1
7986,715,71,1
7987,715,139,1
7988,715,343,1
7989,715,761,1
7990,715,326,1
7991,715,503,1
7992,715,807,1
7993,715,953,1
7994,715,1165,1
7995,715,480,1
7996,715,929,1
7997,715,1157,1
7998,715,1104,1
7999,715,6,1
8000,715,161,1
8001,715,97,1
8002,715,917,1
8003,715,521,1
8004,715,308,1
8005,715,755,1
8006,715,270,1
8007,715,873,1
8008,715,283,1
8009,715,984,1
8010,715,382,1
8011,715,332,1
8012,715,981,1
8013,715,443,1
8014,715,144,1
8015,715,592,1
8016,715,895,1
8017,715,696,1
8018,715,680,1
8019,715,464,1
8020,715,429,1
8021,715,408,1
8022,715,1016,1
8023,715,533,1
8024,715,441,1
8025,715,889,1
8026,715,300,1
8027,715,536,1
8028,715,1194,1
8029,715,794,1
8030,715,427,1
8031,715,323,1
8032,715,658,1
8033,715,1172,1
8034,715,1123,1
8035,715,1064,1
8036,715,140,1
8037,715,655,1
8038,715,107,1
8039,715,23,1
8040,715,10,1
8041,715,70,1
8042,715,653,1
8043,715,454,1
8044,715,181,1
8045,715,1015,1
8046,715,596,1
8047,715,49,1
8048,715,388,1
8049,715,101,1
8050,715,687,1
8051,715,228,1
8052,715,31,1
8053,715,708,1
8054,715,396,1
8055,715,133,1
8056,715,61,1
8057,715,877,1
8058,715,1127,1
8059,715,947,1
8060,715,312,1
8061,715,882,1
8062,715,894,1
8063,715,681,1
8064,715,983,1
8065,715,614,1
8066,715,772,1
8067,715,1035,1
8068,715,624,1
8069,715,134,1
8070,715,579,1
8071,715,626,1
8072,715,905,1
8073,715,104,1
8074,715,1078,1
8075,715,861,1
8076,715,235,1
8077,715,363,1
8078,715,294,1
8079,715,940,1
8080,715,21,1
8081,715,17,1
8082,715,366,1
8083,715,371,1
8084,715,668,1
8085,715,737,1
8086,715,26,1
8087,715,465,1
8088,715,961,1
8089,715,555,1
8090,715,372,1
8091,715,205,1
8092,715,706,1
8093,715,583,1
8094,715,209,1
8095,715,684,1
8096,715,373,1
8097,715,748,1
8098,715,1083,1
8099,715,1051,1
8100,715,815,1
8101,715,214,1
8102,715,1072,1
8103,715,676,1
8104,715,223,1
8105,715,1110,1
8106,715,446,1
8107,715,1082,1
8108,715,171,1
8109,715,404,1
8110,715,541,1
8111,715,756,1
8112,715,934,1
8113,715,840,1
8114,715,615,1
8115,715,1198,1
8116,715,570,1
8117,715,903,1
8118,715,938,1
8119,715,899,1
8120,715,556,1
8121,715,805,1
8122,715,546,1
8123,715,530,1
8124,715,185,1
8125,715,62,1
8126,715,392,1
8127,715,650,1
8128,715,514,1
8129,715,636,1
8130,715,810,1
8131,715,1203,1
8132,715,722,1
8133,715,558,1
8134,715,784,1
8135,715,478,1
8136,715,1114,1
8137,715,595,1
8138,715,695,1
8139,715,656,1
8140,715,559,1
8141,715,136,1
8142,715,588,1
8143,715,718,1
8144,715,916,1
8145,715,215,1
8146,715,501,1
8147,715,130,1
8148,715,337,1
8149,715,797,1
8150,715,994,1
8151,715,830,1
8152,715,689,1
8153,715,502,1
8154,715,745,1
8155,715,201,1
8156,715,37,1
8157,715,613,1
8158,715,951,1
8159,715,447,1
8160,715,820,1
8161,715,333,1
8162,715,381,1
8163,715,455,1
8164,715,497,1
8165,715,1158,1
8166,715,519,1
8167,715,891,1
8168,715,299,1
8169,715,607,1
8170,715,232,1
8171,715,303,1
8172,715,598,1
8173,715,359,1
8174,715,353,1
8175,715,30,1
8176,715,649,1
8177,715,5,1
8178,715,526,1
8179,715,550,1
8180,715,116,1
8181,715,317,1
8182,715,731,1
8183,715,187,1
8184,715,542,1
8185,715,619,1
8186,715,505,1
8187,715,751,1
8188,715,131,1
8189,715,111,1
8190,715,1119,1
8191,715,12,1
8192,715,459,1
8193,715,189,1
8194,715,621,1
8195,715,128,1
8196,715,318,1
8197,715,1070,1
8198,715,1101,1
8199,715,59,1
8200,715,76,1
8201,715,919,1
8202,715,880,1
8203,715,51,1
8204,715,257,1
8205,715,29,1
8206,715,1108,1
8207,715,226,1
8208,715,600,1
8209,715,523,1
8210,715,783,1
8211,715,589,1
8212,715,549,1
8213,715,194,1
8214,715,845,1
8215,715,1044,1
8216,715,642,1
8217,715,1060,1
8218,715,897,1
8219,715,770,1
8220,715,932,1
8221,715,169,1
8222,715,763,1
8223,715,452,1
8224,715,837,1
8225,715,379,1
8226,715,601,1
8227,715,8,1
8228,715,488,1
8229,715,723,1
8230,715,87,1
8231,715,856,1
8232,715,1067,1
8233,715,1094,1
8234,715,112,1
8235,715,716,1
8236,715,365,1
8237,715,1103,1
8238,715,227,1
8239,715,574,1
8240,715,844,1
8241,715,560,1
8242,715,625,1
8243,715,971,1
8244,715,693,1
8245,715,813,1
8246,715,513,1
8247,715,222,1
8248,715,669,1
8249,715,652,1
8250,715,339,1
8251,715,143,1
8252,715,310,1
8253,715,881,1
8254,715,1058,1
8255,715,738,1
8256,715,798,1
8257,715,406,1
8258,715,433,1
8259,715,103,1
8260,715,534,1
8261,715,1115,1
8262,715,269,1
8263,715,511,1
8264,715,393,1
8265,715,68,1
8266,715,155,1
8267,715,924,1
8268,715,804,1
8269,715,276,1
8270,715,609,1
8271,715,301,1
8272,715,1038,1
8273,715,941,1
8274,715,168,1
8275,715,422,1
8276,716,579,1
8277,716,450,1
8278,716,871,1
8279,716,172,1
8280,716,624,1
8281,716,226,1
8282,716,292,1
8283,716,551,1
8284,716,1012,1
8285,716,1167,1
8286,716,618,1
8287,716,432,1
8288,716,865,1
8289,716,102,1
8290,716,31,1
8291,716,428,1
8292,716,869,1
8293,716,1077,1
8294,716,811,1
8295,716,386,1
8296,716,475,1
8297,716,937,1
8298,716,447,1
8299,716,646,1
8300,716,823,1
8301,716,389,1
8302,716,1039,1
8303,716,5,1
8304,716,583,1
8305,716,677,1
8306,716,191,1
8307,716,144,1
8308,716,521,1
8309,716,565,1
8310,716,26,1
8311,716,1022,1
8312,716,460,1
8313,716,894,1
8314,716,794,1
8315,716,516,1
8316,716,242,1
8317,716,473,1
8318,716,396,1
8319,716,878,1
8320,716,1046,1
8321,716,790,1
8322,716,309,1
8323,716,477,1
8324,716,658,1
8325,716,409,1
8326,716,201,1
8327,716,404,1
8328,716,1037,1
8329,716,106,1
8330,716,146,1
8331,716,824,1
8332,716,398,1
8333,716,239,1
8334,716,848,1
8335,716,690,1
8336,716,1105,1
8337,716,347,1
8338,716,590,1
8339,716,92,1
8340,716,1152,1
8341,716,729,1
8342,716,942,1
8343,716,747,1
8344,716,467,1
8345,716,919,1
8346,716,912,1
8347,716,904,1
8348,716,459,1
8349,716,531,1
8350,716,638,1
8351,716,561,1
8352,716,216,1
8353,716,544,1
8354,716,33,1
8355,716,362,1
8356,716,927,1
8357,716,300,1
8358,716,980,1
8359,716,691,1
8360,716,965,1
8361,716,587,1
8362,716,286,1
8363,716,35,1
8364,716,1125,1
8365,716,174,1
8366,716,723,1
8367,716,589,1
8368,716,738,1
8369,716,673,1
8370,716,369,1
8371,716,491,1
8372,716,879,1
8373,716,778,1
8374,716,405,1
8375,716,1199,1
8376,716,780,1
8377,716,227,1
8378,716,1117,1
8379,716,235,1
8380,716,492,1
8381,716,684,1
8382,716,840,1
8383,716,715,1
8384,716,1173,1
8385,716,714,1
8386,716,826,1
8387,716,502,1
8388,716,49,1
8389,716,1197,1
8390,716,97,1
8391,716,855,1
8392,716,458,1
8393,716,1035,1
8394,716,898,1
8395,716,171,1
8396,716,1118,1
8397,716,872,1
8398,716,277,1
8399,716,149,1
8400,716,653,1
8401,716,724,1
8402,716,970,1
8403,716,686,1
8404,716,746,1
8405,716,1139,1
8406,716,279,1
8407,716,177,1
8408,716,91,1
8409,716,3,1
8410,716,858,1
8411,716,1083,1
8412,716,839,1
8413,716,759,1
8414,716,62,1
8415,716,501,1
8416,716,765,1
8417,716,183,1
8418,716,464,1
8419,716,402,1
8420,716,234,1
8421,716,63,1
8422,716,917,1
8423,716,1043,1
8424,716,1066,1
8425,716,123,1
8426,716,429,1
8427,716,23,1
8428,716,462,1
8429,716,463,1
8430,716,795,1
8431,716,178,1
8432,716,1111,1
8433,716,204,1
8434,716,457,1
8435,716,390,1
8436,716,1103,1
8437,716,68,1
8438,716,752,1
8439,716,269,1
8440,716,353,1
8441,716,564,1
8442,716,1100,1
8443,716,529,1
8444,716,400,1
8445,716,1087,1
8446,716,697,1
8447,716,717,1
8448,716,1101,1
8449,716,688,1
8450,716,918,1
8451,716,731,1
8452,716,105,1
8453,716,1009,1
8454,716,1072,1
8455,716,1146,1
8456,716,595,1
8457,716,536,1
8458,716,777,1
8459,716,1058,1
8460,716,461,1
8461,716,1133,1
8462,716,1005,1
8463,716,832,1
8464,716,251,1
8465,716,609,1
8466,716,771,1
8467,716,351,1
8468,716,338,1
8469,716,276,1
8470,716,621,1
8471,716,1119,1
8472,716,1142,1
8473,716,372,1
8474,716,637,1
8475,716,704,1
8476,716,159,1
8477,716,483,1
8478,716,22,1
8479,716,1158,1
8480,716,197,1
8481,716,656,1
8482,716,675,1
8483,716,532,1
8484,716,392,1
8485,716,698,1
8486,716,255,1
8487,716,98,1
8488,716,1121,1
8489,716,435,1
8490,716,944,1
8491,716,1137,1
8492,716,34,1
8493,716,308,1
8494,716,744,1
8495,716,1145,1
8496,716,1185,1
8497,716,1050,1
8498,716,796,1
8499,716,669,1
8500,716,900,1
8501,716,425,1
8502,716,496,1
8503,716,412,1
8504,716,720,1
8505,716,74,1
8506,716,387,1
8507,716,221,1
8508,716,818,1
8509,716,244,1
8510,716,732,1
8511,716,9,1
8512,716,883,1
8513,716,472,1
8514,716,524,1
8515,716,945,1
8516,716,1130,1
8517,716,1021,1
8518,716,1016,1
8519,716,240,1
8520,716,783,1
8521,716,268,1
8522,716,249,1
8523,716,7,1
8524,716,623,1
8525,716,975,1
8526,716,722,1
8527,716,157,1
8528,716,874,1
8529,716,143,1
8530,716,802,1
8531,716,333,1
8532,716,1136,1
8533,716,121,1
8534,716,1062,1
8535,716,1023,1
8536,716,1163,1
8537,716,1086,1
8538,716,316,1
8539,716,322,1
8540,716,892,1
8541,716,672,1
8542,716,708,1
8543,716,280,1
8544,716,101,1
8545,716,1034,1
8546,716,1176,1
8547,716,666,1
8548,716,167,1
8549,716,248,1
8550,716,664,1
8551,716,979,1
8552,716,801,1
8553,716,1172,1
8554,716,850,1
8555,716,337,1
8556,716,739,1
8557,716,955,1
8558,716,454,1
8559,716,78,1
8560,716,775,1
8561,716,663,1
8562,716,597,1
8563,716,46,1
8564,716,169,1
8565,716,199,1
8566,716,1033,1
8567,716,864,1
8568,716,757,1
8569,716,866,1
8570,716,187,1
8571,716,182,1
8572,716,365,1
8573,716,982,1
8574,716,407,1
8575,716,246,1
8576,716,787,1
8577,716,1041,1
8578,716,1198,1
8579,716,596,1
8580,716,582,1
8581,716,667,1
8582,716,576,1
8583,716,205,1
8584,716,1181,1
8585,716,1177,1
8586,716,886,1
8587,716,165,1
8588,716,1000,1
8589,716,873,1
8590,716,456,1
8591,716,863,1
8592,716,827,1
8593,716,443,1
8594,716,838,1
8595,716,10,1
8596,716,329,1
8597,716,328,1
8598,716,343,1
8599,716,1164,1
8600,716,223,1
8601,716,924,1
8602,716,1106,1
8603,716,814,1
8604,716,335,1
8605,716,1030,1
8606,716,685,1
8607,716,804,1
8608,716,1134,1
8609,716,1180,1
8610,716,284,1
8611,716,1188,1
8612,716,378,1
8613,716,828,1
8614,716,977,1
8615,716,713,1
8616,716,211,1
8617,716,1187,1
8618,716,984,1
8619,716,584,1
8620,716,512,1
8621,716,219,1
8622,716,920,1
8623,716,391,1
8624,716,1102,1
8625,716,861,1
8626,716,253,1
8627,716,209,1
8628,716,241,1
8629,716,164,1
8630,716,633,1
8631,716,613,1
8632,716,406,1
8633,716,69,1
8634,716,807,1
8635,716,750,1
8636,716,867,1
8637,716,784,1
8638,716,761,1
8639,716,8,1
8640,716,445,1
8641,716,274,1
8642,716,186,1
8643,716,430,1
8644,716,958,1
8645,716,651,1
8646,716,326,1
8647,716,647,1
8648,716,200,1
8649,716,882,1
8650,716,992,1
8651,716,1088,1
8652,716,261,1
8653,716,1098,1
8654,716,835,1
8655,716,767,1
8656,716,1,1
8657,716,152,1
8658,716,1104,1
8659,716,772,1
8660,716,1078,1
8661,716,1169,1
8662,716,510,1
8663,716,1193,1
8664,716,1076,1
8665,716,486,1
8666,716,809,1
8667,716,161,1
8668,716,1036,1
8669,716,1025,1
8670,716,875,1
8671,716,117,1
8672,716,546,1
8673,716,64,1
8674,716,922,1
8675,716,487,1
8676,716,909,1
8677,716,1171,1
8678,716,936,1
8679,716,1040,1
8680,716,845,1
8681,716,381,1
8682,716,27,1
8683,716,1047,1
8684,716,819,1
8685,716,401,1
8686,716,1203,1
8687,716,208,1
8688,716,258,1
8689,716,212,1
8690,716,699,1
8691,716,1069,1
8692,716,493,1
8693,716,273,1
8694,716,657,1
8695,716,355,1
8696,716,712,1
8697,716,770,1
8698,716,926,1
8699,716,994,1
8700,716,160,1
8701,716,991,1
8702,716,533,1
8703,716,526,1
8704,716,375,1
8705,716,129,1
8706,716,969,1
8707,716,19,1
8708,716,263,1
8709,716,730,1
8710,716,1192,1
8711,716,16,1
8712,716,914,1
8713,716,272,1
8714,716,433,1
8715,716,636,1
8716,716,158,1
8717,716,607,1
8718,716,361,1
8719,716,1097,1
8720,716,562,1
8721,716,932,1
8722,716,755,1
8723,716,792,1
8724,716,54,1
8725,716,632,1
8726,716,563,1
8727,716,50,1
8728,716,408,1
8729,716,1084,1
8730,716,12,1
8731,716,81,1
8732,716,598,1
8733,716,122,1
8734,716,466,1
8735,716,111,1
8736,716,51,1
8737,716,128,1
8738,716,1112,1
8739,716,298,1
8740,716,1003,1
8741,716,278,1
8742,716,941,1
8743,716,753,1
8744,716,844,1
8745,716,877,1
8746,716,1165,1
8747,716,961,1
8748,716,816,1
8749,716,1061,1
8750,716,555,1
8751,716,1038,1
8752,716,1124,1
8753,716,20,1
8754,716,841,1
8755,716,763,1
8756,716,933,1
8757,716,593,1
8758,716,641,1
8759,716,342,1
8760,716,1122,1
8761,716,789,1
8762,716,660,1
8763,716,257,1
8764,716,349,1
8765,716,252,1
8766,716,556,1
8767,716,1160,1
8768,716,287,1
8769,716,1014,1
8770,716,17,1
8771,716,112,1
8772,716,465,1
8773,716,393,1
8774,716,862,1
8775,716,45,1
8776,716,705,1
8777,716,895,1
8778,716,935,1
8779,716,67,1
8780,716,1129,1
8781,716,964,1
8782,716,224,1
8783,716,923,1
8784,716,137,1
8785,716,671,1
8786,716,1126,1
8787,716,1049,1
8788,716,1029,1
8789,716,591,1
8790,716,573,1
8791,716,889,1
8792,716,1143,1
8793,716,124,1
8794,716,910,1
8795,716,700,1
8796,716,803,1
8797,716,1063,1
8798,716,1174,1
8799,716,285,1
8800,716,1131,1
8801,716,966,1
8802,716,736,1
8803,716,721,1
8804,716,41,1
8805,716,217,1
8806,716,528,1
8807,716,559,1
8808,716,813,1
8809,716,14,1
8810,716,207,1
8811,716,1080,1
8812,716,989,1
8813,716,1159,1
8814,716,908,1
8815,716,289,1
8816,716,1019,1
8817,716,649,1
8818,716,928,1
8819,716,1004,1
8820,716,1075,1
8821,716,644,1
8822,716,566,1
8823,716,773,1
8824,716,100,1
8825,716,173,1
8826,716,683,1
8827,716,825,1
8828,716,817,1
8829,716,1147,1
8830,716,934,1
8831,716,426,1
8832,716,916,1
8833,716,220,1
8834,716,885,1
8835,716,599,1
8836,716,266,1
8837,716,709,1
8838,716,89,1
8839,716,860,1
8840,716,821,1
8841,716,210,1
8842,716,1090,1
8843,716,511,1
8844,716,344,1
8845,716,330,1
8846,716,303,1
8847,716,185,1
8848,716,254,1
8849,716,499,1
8850,716,518,1
8851,716,321,1
8852,716,897,1
8853,716,781,1
8854,716,1116,1
8855,716,437,1
8856,716,1155,1
8857,716,1017,1
8858,716,515,1
8859,716,1127,1
8860,716,535,1
8861,716,659,1
8862,716,983,1
8863,716,762,1
8864,716,702,1
8865,716,799,1
8866,716,981,1
8867,716,737,1
8868,716,1150,1
8869,716,421,1
8870,716,380,1
8871,716,513,1
8872,716,325,1
8873,716,260,1
8874,716,694,1
8875,716,830,1
8876,716,490,1
8877,716,741,1
8878,716,368,1
8879,716,28,1
8880,716,264,1
8881,716,119,1
8882,716,602,1
8883,716,469,1
8884,716,135,1
8885,716,1002,1
8886,716,21,1
8887,716,859,1
8888,716,953,1
8889,716,503,1
8890,716,570,1
8891,716,441,1
8892,716,652,1
8893,716,482,1
8894,716,893,1
8895,716,125,1
8896,716,1099,1
8897,716,319,1
8898,716,674,1
8899,716,1115,1
8900,716,631,1
8901,716,281,1
8902,716,310,1
8903,716,572,1
8904,716,643,1
8905,716,206,1
8906,716,40,1
8907,716,745,1
8908,716,805,1
8909,716,1011,1
8910,716,417,1
8911,716,620,1
8912,716,377,1
8913,716,911,1
8914,716,75,1
8915,716,764,1
8916,716,1052,1
8917,716,455,1
8918,716,166,1
8919,716,968,1
8920,716,1156,1
8921,716,806,1
8922,716,1067,1
8923,716,751,1
8924,716,655,1
8925,716,815,1
8926,716,339,1
8927,716,687,1
8928,716,155,1
8929,716,586,1
8930,716,973,1
8931,716,600,1
8932,716,416,1
8933,716,403,1
8934,716,385,1
8935,716,140,1
8936,716,509,1
8937,716,504,1
8938,716,481,1
8939,716,507,1
8940,716,603,1
8941,716,925,1
8942,716,857,1
8943,716,616,1
8944,716,1071,1
8945,716,225,1
8946,716,189,1
8947,716,153,1
8948,716,94,1
8949,716,1144,1
8950,716,1190,1
8951,716,116,1
8952,716,1151,1
8953,716,156,1
8954,716,295,1
8955,716,939,1
8956,716,1138,1
8957,716,520,1
8958,716,57,1
8959,716,196,1
8960,716,484,1
8961,716,13,1
8962,716,971,1
8963,716,630,1
8964,716,238,1
8965,716,250,1
8966,716,574,1
8967,716,956,1
8968,716,670,1
8969,716,1070,1
8970,716,315,1
8971,716,557,1
8972,716,305,1
8973,716,1195,1
8974,716,608,1
8975,716,38,1
8976,716,423,1
8977,716,259,1
8978,716,65,1
8979,716,32,1
8980,716,87,1
8981,716,890,1
8982,716,856,1
8983,716,431,1
8984,716,243,1
8985,716,798,1
8986,716,1001,1
8987,716,413,1
8988,716,547,1
8989,716,71,1
8990,716,126,1
8991,716,332,1
8992,716,76,1
8993,716,397,1
8994,716,628,1
8995,716,726,1
8996,769,165,1
8997,769,245,1
8998,769,921,1
8999,769,68,1
9000,769,773,1
9001,769,1061,1
9002,769,567,1
9003,769,1047,1
9004,769,403,1
9005,769,1198,1
9006,769,555,1
9007,769,898,1
9008,769,569,1
9009,769,197,1
9010,769,544,1
9011,769,414,1
9012,769,217,1
9013,769,1165,1
9014,769,633,1
9015,769,500,1
9016,769,1163,1
9017,769,238,1
9018,769,628,1
9019,769,1048,1
9020,769,380,1
9021,769,19,1
9022,769,736,1
9023,769,102,1
9024,769,52,1
9025,769,297,1
9026,769,441,1
9027,769,662,1
9028,769,242,1
9029,769,840,1
9030,769,1046,1
9031,769,221,1
9032,769,869,1
9033,769,1008,1
9034,769,528,1
9035,769,224,1
9036,769,152,1
9037,769,1197,1
9038,769,253,1
9039,769,355,1
9040,769,843,1
9041,769,363,1
9042,769,952,1
9043,769,846,1
9044,769,127,1
9045,769,119,1
9046,769,199,1
9047,769,663,1
9048,769,574,1
9049,769,372,1
9050,769,90,1
9051,769,636,1
9052,769,785,1
9053,769,827,1
9054,769,707,1
9055,769,442,1
9056,769,302,1
9057,769,733,1
9058,769,661,1
9059,769,1093,1
9060,769,417,1
9061,769,394,1
9062,769,1156,1
9063,769,77,1
9064,769,62,1
9065,769,258,1
9066,769,85,1
9067,769,1138,1
9068,769,953,1
9069,769,941,1
9070,769,1019,1
9071,769,777,1
9072,769,239,1
9073,769,821,1
9074,769,333,1
9075,769,259,1
9076,769,819,1
9077,769,136,1
9078,769,743,1
9079,769,744,1
9080,769,859,1
9081,769,1035,1
9082,769,847,1
9083,769,460,1
9084,769,532,1
9085,769,762,1
9086,769,1125,1
9087,769,1136,1
9088,769,613,1
9089,769,280,1
9090,769,877,1
9091,769,934,1
9092,769,870,1
9093,769,554,1
9094,769,1040,1
9095,769,1144,1
9096,769,1160,1
9097,769,1064,1
9098,769,244,1
9099,769,503,1
9100,769,609,1
9101,769,180,1
9102,769,142,1
9103,769,524,1
9104,769,685,1
9105,769,378,1
9106,769,325,1
9107,769,37,1
9108,769,767,1
9109,769,1116,1
9110,769,518,1
9111,769,838,1
9112,769,1203,1
9113,769,1143,1
9114,769,11,1
9115,769,446,1
9116,769,1069,1
9117,769,522,1
9118,769,206,1
9119,769,716,1
9120,769,410,1
9121,769,1041,1
9122,769,937,1
9123,769,0,1
9124,769,655,1
9125,769,591,1
9126,769,950,1
9127,769,445,1
9128,769,351,1
9129,769,735,1
9130,769,534,1
9131,769,416,1
9132,769,350,1
9133,769,488,1
9134,769,816,1
9135,769,1169,1
9136,769,124,1
9137,769,141,1
9138,769,1190,1
9139,769,514,1
9140,769,230,1
9141,769,558,1
9142,769,1002,1
9143,769,184,1
9144,769,241,1
9145,769,580,1
9146,769,493,1
9147,769,218,1
9148,769,905,1
9149,769,101,1
9150,769,82,1
9151,769,672,1
9152,769,496,1
9153,769,1146,1
9154,769,366,1
9155,769,806,1
9156,769,1112,1
9157,769,290,1
9158,769,1109,1
9159,769,701,1
9160,769,914,1
9161,769,977,1
9162,769,1140,1
9163,769,47,1
9164,769,95,1
9165,769,936,1
9166,769,1120,1
9167,769,1174,1
9168,769,284,1
9169,769,1057,1
9170,769,692,1
9171,769,995,1
9172,769,666,1
9173,769,740,1
9174,769,513,1
9175,769,265,1
9176,769,836,1
9177,769,552,1
9178,769,981,1
9179,769,421,1
9180,769,556,1
9181,769,951,1
9182,769,976,1
9183,769,26,1
9184,769,60,1
9185,769,1015,1
9186,769,157,1
9187,769,177,1
9188,769,889,1
9189,769,548,1
9190,769,279,1
9191,769,285,1
9192,769,602,1
9193,769,365,1
9194,769,475,1
9195,769,920,1
9196,769,946,1
9197,769,467,1
9198,769,299,1
9199,769,1012,1
9200,769,584,1
9201,769,447,1
9202,769,1189,1
9203,769,598,1
9204,769,1115,1
9205,769,16,1
9206,769,13,1
9207,769,188,1
9208,769,154,1
9209,769,97,1
9210,769,5,1
9211,769,792,1
9212,769,758,1
9213,769,204,1
9214,769,756,1
9215,769,818,1
9216,769,599,1
9217,769,150,1
9218,769,1130,1
9219,769,397,1
9220,769,963,1
9221,769,650,1
9222,769,996,1
9223,769,917,1
9224,769,826,1
9225,769,481,1
9226,769,88,1
9227,769,172,1
9228,769,1145,1
9229,769,547,1
9230,769,9,1
9231,769,624,1
9232,769,896,1
9233,769,255,1
9234,769,398,1
9235,769,830,1
9236,769,909,1
9237,769,305,1
9238,769,616,1
9239,769,61,1
9240,769,294,1
9241,769,388,1
9242,769,1083,1
9243,769,304,1
9244,769,125,1
9245,769,983,1
9246,769,486,1
9247,769,885,1
9248,769,648,1
9249,769,931,1
9250,769,579,1
9251,769,516,1
9252,769,246,1
9253,769,278,1
9254,769,451,1
9255,769,70,1
9256,769,144,1
9257,769,520,1
9258,769,1171,1
9259,769,472,1
9260,769,1058,1
9261,769,600,1
9262,769,942,1
9263,769,225,1
9264,769,1044,1
9265,769,1092,1
9266,769,1166,1
9267,769,29,1
9268,769,25,1
9269,769,1193,1
9270,769,649,1
9271,769,1152,1
9272,769,515,1
9273,769,814,1
9274,769,376,1
9275,769,706,1
9276,769,1131,1
9277,769,755,1
9278,769,178,1
9279,769,781,1
9280,769,542,1
9281,769,287,1
9282,769,512,1
9283,769,87,1
9284,769,635,1
9285,769,1072,1
9286,769,641,1
9287,769,680,1
9288,769,252,1
9289,769,858,1
9290,769,83,1
9291,769,432,1
9292,769,626,1
9293,769,277,1
9294,769,634,1
9295,769,482,1
9296,769,709,1
9297,769,828,1
9298,769,883,1
9299,769,800,1
9300,769,927,1
9301,769,656,1
9302,769,57,1
9303,769,465,1
9304,769,871,1
9305,769,439,1
9306,769,336,1
9307,769,539,1
9308,769,1021,1
9309,769,669,1
9310,769,582,1
9311,769,956,1
9312,778,1005,1
9313,778,1064,1
9314,778,556,1
9315,778,292,1
9316,778,633,1
9317,778,1061,1
9318,778,1122,1
9319,778,96,1
9320,778,1100,1
9321,778,604,1
9322,778,1104,1
9323,778,855,1
9324,778,469,1
9325,778,365,1
9326,778,741,1
9327,778,473,1
9328,778,911,1
9329,778,623,1
9330,778,786,1
9331,778,487,1
9332,778,655,1
9333,778,98,1
9334,778,448,1
9335,778,643,1
9336,778,118,1
9337,778,732,1
9338,778,21,1
9339,778,721,1
9340,778,153,1
9341,778,960,1
9342,778,918,1
9343,778,113,1
9344,778,264,1
9345,778,1182,1
9346,778,956,1
9347,778,923,1
9348,778,889,1
9349,778,482,1
9350,778,259,1
9351,778,1099,1
9352,778,930,1
9353,778,632,1
9354,778,882,1
9355,778,563,1
9356,778,558,1
9357,778,63,1
9358,778,1021,1
9359,778,242,1
9360,778,936,1
9361,778,754,1
9362,778,15,1
9363,778,832,1
9364,778,380,1
9365,778,849,1
9366,778,1074,1
9367,778,17,1
9368,778,94,1
9369,778,980,1
9370,778,398,1
9371,778,758,1
9372,778,1009,1
9373,778,67,1
9374,778,962,1
9375,778,1093,1
9376,778,134,1
9377,778,689,1
9378,778,532,1
9379,778,246,1
9380,778,718,1
9381,778,893,1
9382,778,880,1
9383,778,421,1
9384,778,474,1
9385,778,1180,1
9386,778,582,1
9387,778,657,1
9388,778,703,1
9389,778,876,1
9390,778,141,1
9391,778,1141,1
9392,778,387,1
9393,778,239,1
9394,778,1080,1
9395,778,30,1
9396,778,642,1
9397,778,738,1
9398,778,964,1
9399,778,963,1
9400,778,789,1
9401,778,1176,1
9402,778,901,1
9403,778,414,1
9404,778,217,1
9405,778,593,1
9406,778,1037,1
9407,778,702,1
9408,778,87,1
9409,778,682,1
9410,778,827,1
9411,778,826,1
9412,778,800,1
9413,778,269,1
9414,778,613,1
9415,778,1121,1
9416,778,823,1
9417,778,415,1
9418,778,117,1
9419,778,278,1
9420,778,1137,1
9421,778,896,1
9422,778,99,1
9423,778,838,1
9424,778,507,1
9425,778,1013,1
9426,778,366,1
9427,778,56,1
9428,778,1023,1
9429,778,310,1
9430,778,691,1
9431,778,8,1
9432,778,100,1
9433,778,420,1
9434,778,560,1
9435,778,52,1
9436,778,128,1
9437,778,944,1
9438,778,1057,1
9439,778,994,1
9440,778,981,1
9441,778,1109,1
9442,778,813,1
9443,778,736,1
9444,778,279,1
9445,778,748,1
9446,778,902,1
9447,778,312,1
9448,778,715,1
9449,778,941,1
9450,778,150,1
9451,778,895,1
9452,778,649,1
9453,778,296,1
9454,778,779,1
9455,778,1071,1
9456,778,1025,1
9457,778,1048,1
9458,778,774,1
9459,778,136,1
9460,778,509,1
9461,778,1035,1
9462,778,26,1
9463,778,686,1
9464,778,760,1
9465,778,775,1
9466,778,295,1
9467,778,174,1
9468,778,704,1
9469,778,812,1
9470,778,445,1
9471,778,1033,1
9472,778,38,1
9473,778,208,1
9474,778,988,1
9475,804,503,1
9476,804,675,1
9477,804,7,1
9478,804,824,1
9479,804,223,1
9480,804,35,1
9481,804,1091,1
9482,804,310,1
9483,804,377,1
9484,804,1047,1
9485,804,1156,1
9486,804,708,1
9487,804,958,1
9488,804,797,1
9489,804,775,1
9490,804,711,1
9491,804,58,1
9492,804,264,1
9493,804,1078,1
9494,804,1145,1
9495,804,63,1
9496,804,131,1
9497,804,81,1
9498,804,37,1
9499,804,616,1
9500,804,70,1
9501,804,746,1
9502,804,280,1
9503,804,267,1
9504,804,1045,1
9505,804,247,1
9506,804,398,1
9507,804,980,1
9508,804,193,1
9509,804,158,1
9510,804,1071,1
9511,804,160,1
9512,804,1069,1
9513,804,369,1
9514,804,612,1
9515,804,1057,1
9516,804,848,1
9517,804,46,1
9518,804,673,1
9519,804,1054,1
9520,804,303,1
9521,804,143,1
9522,804,707,1
9523,804,284,1
9524,804,132,1
9525,804,813,1
9526,804,107,1
9527,804,278,1
9528,804,315,1
9529,804,409,1
9530,804,947,1
9531,804,52,1
9532,804,1046,1
9533,804,722,1
9534,804,572,1
9535,804,718,1
9536,804,932,1
9537,804,933,1
9538,804,96,1
9539,804,455,1
9540,804,781,1
9541,804,388,1
9542,804,308,1
9543,804,1203,1
9544,804,853,1
9545,804,648,1
9546,804,1120,1
9547,804,578,1
9548,804,1162,1
9549,804,1064,1
9550,804,154,1
9551,804,678,1
9552,804,792,1
9553,804,375,1
9554,804,1024,1
9555,804,758,1
9556,804,687,1
9557,804,325,1
9558,804,130,1
9559,804,1129,1
9560,804,700,1
9561,804,241,1
9562,804,773,1
9563,804,446,1
9564,804,404,1
9565,804,1140,1
9566,804,1037,1
9567,804,531,1
9568,804,736,1
9569,804,766,1
9570,804,691,1
9571,804,1143,1
9572,804,595,1
9573,804,872,1
9574,804,1101,1
9575,804,331,1
9576,804,672,1
9577,804,719,1
9578,804,516,1
9579,804,426,1
9580,804,169,1
9581,804,355,1
9582,804,926,1
9583,804,805,1
9584,804,846,1
9585,804,877,1
9586,804,513,1
9587,804,802,1
9588,804,900,1
9589,804,570,1
9590,804,1082,1
9591,804,33,1
9592,804,252,1
9593,804,59,1
9594,804,12,1
9595,804,753,1
9596,804,559,1
9597,804,304,1
9598,804,684,1
9599,804,925,1
9600,804,349,1
9601,804,53,1
9602,804,1186,1
9603,804,289,1
9604,804,625,1
9605,804,823,1
9606,804,62,1
9607,804,544,1
9608,804,755,1
9609,804,425,1
9610,804,76,1
9611,804,414,1
9612,804,613,1
9613,804,1005,1
9614,804,439,1
9615,804,674,1
9616,804,690,1
9617,804,538,1
9618,804,460,1
9619,804,229,1
9620,804,150,1
9621,804,69,1
9622,804,174,1
9623,804,576,1
9624,804,633,1
9625,804,54,1
9626,804,101,1
9627,804,936,1
9628,804,461,1
9629,804,486,1
9630,804,878,1
9631,804,614,1
9632,804,29,1
9633,804,875,1
9634,804,1096,1
9635,804,497,1
9636,804,279,1
9637,804,866,1
9638,804,914,1
9639,804,22,1
9640,804,467,1
9641,804,511,1
9642,804,205,1
9643,804,431,1
9644,804,397,1
9645,804,642,1
9646,804,894,1
9647,804,450,1
9648,804,893,1
9649,804,618,1
9650,804,133,1
9651,804,508,1
9652,804,100,1
9653,804,406,1
9654,804,352,1
9655,804,299,1
9656,804,141,1
9657,804,332,1
9658,804,394,1
9659,804,957,1
9660,804,65,1
9661,804,871,1
9662,804,1177,1
9663,804,430,1
9664,804,830,1
9665,804,864,1
9666,804,589,1
9667,804,82,1
9668,804,564,1
9669,804,1025,1
9670,804,333,1
9671,804,962,1
9672,804,1201,1
9673,804,125,1
9674,804,665,1
9675,804,259,1
9676,804,662,1
9677,804,546,1
9678,804,856,1
9679,804,260,1
9680,804,939,1
9681,804,668,1
9682,804,759,1
9683,804,77,1
9684,804,1019,1
9685,804,861,1
9686,804,1033,1
9687,804,549,1
9688,804,731,1
9689,804,1032,1
9690,804,787,1
9691,804,129,1
9692,804,75,1
9693,804,643,1
9694,804,509,1
9695,804,521,1
9696,804,666,1
9697,804,87,1
9698,804,539,1
9699,804,744,1
9700,804,557,1
9701,804,466,1
9702,804,209,1
9703,804,598,1
9704,804,709,1
9705,804,1152,1
9706,804,651,1
9707,804,210,1
9708,804,1073,1
9709,804,765,1
9710,804,760,1
9711,804,641,1
9712,804,1051,1
9713,804,1176,1
9714,804,1040,1
9715,804,419,1
9716,804,897,1
9717,804,433,1
9718,804,1087,1
9719,804,1182,1
9720,804,1039,1
9721,804,1103,1
9722,804,858,1
9723,804,644,1
9724,804,1000,1
9725,804,785,1
9726,804,294,1
9727,804,1198,1
9728,804,776,1
9729,804,1178,1
9730,804,903,1
9731,804,541,1
9732,804,730,1
9733,804,1095,1
9734,804,740,1
9735,804,784,1
9736,804,905,1
9737,804,1049,1
9738,804,973,1
9739,804,934,1
9740,804,1063,1
9741,804,0,1
9742,804,968,1
9743,804,36,1
9744,804,84,1
9745,804,638,1
9746,804,336,1
9747,804,851,1
9748,804,322,1
9749,804,994,1
9750,804,127,1
9751,804,300,1
9752,804,704,1
9753,804,471,1
9754,804,1158,1
9755,804,624,1
9756,804,477,1
9757,804,1147,1
9758,804,170,1
9759,804,814,1
9760,804,862,1
9761,804,880,1
9762,804,50,1
9763,804,1194,1
9764,804,1008,1
9765,804,1122,1
9766,804,97,1
9767,804,14,1
9768,804,364,1
9769,804,159,1
9770,804,61,1
9771,804,655,1
9772,804,1172,1
9773,804,815,1
9774,804,412,1
9775,804,123,1
9776,804,185,1
9777,804,320,1
9778,804,960,1
9779,804,879,1
9780,804,737,1
9781,804,1116,1
9782,804,217,1
9783,804,134,1
9784,804,716,1
9785,804,1112,1
9786,804,987,1
9787,804,519,1
9788,804,441,1
9789,804,1133,1
9790,804,1014,1
9791,804,285,1
9792,804,166,1
9793,804,173,1
9794,804,233,1
9795,804,492,1
9796,804,996,1
9797,804,1009,1
9798,804,909,1
9799,804,1166,1
9800,804,1113,1
9801,804,790,1
9802,804,1088,1
9803,804,319,1
9804,804,457,1
9805,804,863,1
9806,804,683,1
9807,804,670,1
9808,804,274,1
9809,804,434,1
9810,804,780,1
9811,804,1180,1
9812,804,507,1
9813,804,1058,1
9814,804,837,1
9815,804,401,1
9816,804,924,1
9817,804,1183,1
9818,804,1089,1
9819,804,1189,1
9820,804,207,1
9821,804,738,1
9822,804,335,1
9823,804,1151,1
9824,804,653,1
9825,804,1193,1
9826,804,164,1
9827,804,907,1
9828,804,917,1
9829,804,60,1
9830,804,189,1
9831,804,302,1
9832,804,927,1
9833,804,194,1
9834,804,586,1
9835,804,474,1
9836,804,135,1
9837,804,228,1
9838,804,645,1
9839,804,635,1
9840,804,64,1
9841,804,838,1
9842,804,1190,1
9843,804,293,1
9844,804,942,1
9845,804,529,1
9846,804,1072,1
9847,804,1163,1
9848,804,949,1
9849,804,807,1
9850,804,961,1
9851,804,257,1
9852,804,671,1
9853,804,1002,1
9854,804,954,1
9855,804,6,1
9856,804,745,1
9857,804,911,1
9858,804,794,1
9859,804,524,1
9860,804,647,1
9861,804,330,1
9862,804,313,1
9863,804,518,1
9864,804,892,1
9865,804,376,1
9866,804,1004,1
9867,804,779,1
9868,804,1015,1
9869,804,1092,1
9870,804,221,1
9871,804,652,1
9872,804,834,1
9873,804,222,1
9874,804,258,1
9875,804,235,1
9876,804,1016,1
9877,804,178,1
9878,804,338,1
9879,804,117,1
9880,804,1081,1
9881,804,685,1
9882,804,137,1
9883,804,966,1
9884,804,944,1
9885,804,220,1
9886,804,726,1
9887,804,533,1
9888,804,729,1
9889,804,1132,1
9890,804,946,1
9891,804,979,1
9892,804,656,1
9893,804,916,1
9894,804,104,1
9895,804,345,1
9896,804,85,1
9897,804,1144,1
9898,804,1119,1
9899,804,786,1
9900,804,757,1
9901,804,556,1
9902,804,410,1
9903,804,451,1
9904,804,20,1
9905,804,1107,1
9906,804,473,1
9907,804,1085,1
9908,804,825,1
9909,804,39,1
9910,804,989,1
9911,804,112,1
9912,804,1094,1
9913,804,889,1
9914,804,1196,1
9915,804,1035,1
9916,804,836,1
9917,804,242,1
9918,804,628,1
9919,804,379,1
9920,804,297,1
9921,804,832,1
9922,804,440,1
9923,804,171,1
9924,804,16,1
9925,804,562,1
9926,804,859,1
9927,804,102,1
9928,804,583,1
9929,804,849,1
9930,804,389,1
9931,804,445,1
9932,804,515,1
9933,804,482,1
9934,804,632,1
9935,804,1134,1
9936,804,771,1
9937,804,47,1
9938,804,580,1
9939,804,712,1
9940,804,1139,1
9941,804,629,1
9942,804,152,1
9943,804,751,1
9944,804,593,1
9945,804,526,1
9946,804,98,1
9947,804,560,1
9948,804,367,1
9949,804,611,1
9950,804,743,1
9951,804,479,1
9952,804,951,1
9953,804,886,1
9954,804,120,1
9955,804,901,1
9956,804,918,1
9957,804,167,1
9958,804,964,1
9959,804,1100,1
9960,804,83,1
9961,804,56,1
9962,804,113,1
9963,804,1109,1
9964,804,1006,1
9965,804,1108,1
9966,804,883,1
9967,804,416,1
9968,804,43,1
9969,804,1038,1
9970,804,106,1
9971,804,253,1
9972,804,1115,1
9973,804,791,1
9974,804,698,1
9975,804,535,1
9976,804,882,1
9977,804,432,1
9978,804,92,1
9979,804,212,1
9980,804,941,1
9981,804,1123,1
9982,804,714,1
9983,804,908,1
9984,804,157,1
9985,804,307,1
9986,804,187,1
9987,804,649,1
9988,804,604,1
9989,804,199,1
9990,804,1142,1
9991,804,246,1
9992,804,577,1
9993,804,986,1
9994,804,554,1
9995,804,1187,1
9996,804,1171,1
9997,804,454,1
9998,804,317,1
9999,804,41,1
10000,804,121,1
10001,804,435,1
10002,804,660,1
10003,804,365,1
10004,804,172,1
10005,804,105,1
10006,804,444,1
10007,804,9,1
10008,804,1097,1
10009,804,782,1
10010,804,1029,1
10011,804,885,1
10012,804,1202,1
10013,804,733,1
10014,804,658,1
10015,804,829,1
10016,804,1034,1
10017,804,778,1
10018,804,990,1
10019,804,74,1
10020,804,277,1
10021,804,896,1
10022,804,953,1
10023,804,563,1
10024,804,79,1
10025,804,599,1
10026,804,295,1
10027,804,255,1
10028,804,329,1
10029,804,1053,1
10030,804,272,1
10031,804,227,1
10032,804,620,1
10033,834,331,1
10034,834,455,1
10035,834,445,1
10036,834,286,1
10037,834,1142,1
10038,834,141,1
10039,834,971,1
10040,834,685,1
10041,834,341,1
10042,834,957,1
10043,834,280,1
10044,834,604,1
10045,834,60,1
10046,834,963,1
10047,834,56,1
10048,834,649,1
10049,834,580,1
10050,834,23,1
10051,834,70,1
10052,834,1014,1
10053,834,216,1
10054,834,892,1
10055,834,269,1
10056,834,92,1
10057,834,705,1
10058,834,37,1
10059,834,782,1
10060,834,895,1
10061,834,676,1
10062,834,1121,1
10063,834,61,1
10064,834,927,1
10065,834,283,1
10066,834,1069,1
10067,834,1031,1
10068,834,230,1
10069,834,207,1
10070,834,706,1
10071,834,900,1
10072,834,679,1
10073,834,1146,1
10074,834,799,1
10075,834,1089,1
10076,834,299,1
10077,834,191,1
10078,834,844,1
10079,834,828,1
10080,834,800,1
10081,834,1104,1
10082,834,398,1
10083,834,636,1
10084,834,231,1
10085,834,562,1
10086,834,836,1
10087,834,471,1
10088,834,926,1
10089,834,955,1
10090,834,756,1
10091,834,482,1
10092,834,811,1
10093,834,1168,1
10094,834,155,1
10095,834,1085,1
10096,834,1198,1
10097,834,245,1
10098,834,564,1
10099,834,416,1
10100,834,1183,1
10101,834,847,1
10102,834,563,1
10103,834,990,1
10104,834,153,1
10105,834,950,1
10106,834,657,1
10107,834,1118,1
10108,834,247,1
10109,834,596,1
10110,834,317,1
10111,834,201,1
10112,834,96,1
10113,834,645,1
10114,834,528,1
10115,834,432,1
10116,834,148,1
10117,834,275,1
10118,834,1119,1
10119,834,264,1
10120,834,882,1
10121,834,361,1
10122,834,743,1
10123,834,330,1
10124,834,502,1
10125,834,379,1
10126,834,462,1
10127,834,67,1
10128,834,54,1
10129,834,648,1
10130,834,863,1
10131,834,686,1
10132,834,733,1
10133,834,1041,1
10134,834,655,1
10135,834,448,1
10136,834,725,1
10137,834,441,1
10138,834,180,1
10139,834,366,1
10140,834,46,1
10141,834,1095,1
10142,834,157,1
10143,834,859,1
10144,834,115,1
10145,834,477,1
10146,834,464,1
10147,834,2,1
10148,834,319,1
10149,834,683,1
10150,834,1064,1
10151,834,729,1
10152,834,1109,1
10153,834,481,1
10154,834,1017,1
10155,834,696,1
10156,834,524,1
10157,834,342,1
10158,834,765,1
10159,834,552,1
10160,834,328,1
10161,834,717,1
10162,834,496,1
10163,834,666,1
10164,834,1122,1
10165,834,177,1
10166,834,433,1
10167,834,435,1
10168,834,752,1
10169,834,16,1
10170,834,553,1
10171,834,1006,1
10172,834,302,1
10173,834,111,1
10174,834,989,1
10175,834,565,1
10176,834,1169,1
10177,834,509,1
10178,834,1165,1
10179,834,345,1
10180,834,1046,1
10181,834,919,1
10182,834,1015,1
10183,834,624,1
10184,834,102,1
10185,834,523,1
10186,834,951,1
10187,834,249,1
10188,834,560,1
10189,834,630,1
10190,834,193,1
10191,834,783,1
10192,834,1158,1
10193,834,747,1
10194,834,174,1
10195,834,784,1
10196,834,699,1
10197,834,675,1
10198,834,559,1
10199,834,1032,1
10200,834,304,1
10201,834,1061,1
10202,834,425,1
10203,834,500,1
10204,834,886,1
10205,834,322,1
10206,834,501,1
10207,834,32,1
10208,834,403,1
10209,834,333,1
10210,834,762,1
10211,834,934,1
10212,834,714,1
10213,834,84,1
10214,834,1136,1
10215,834,790,1
10216,834,369,1
10217,834,674,1
10218,834,769,1
10219,834,1116,1
10220,834,39,1
10221,834,377,1
10222,834,258,1
10223,834,486,1
10224,834,1152,1
10225,834,840,1
10226,834,352,1
10227,834,241,1
10228,834,941,1
10229,834,498,1
10230,834,1114,1
10231,834,209,1
10232,834,58,1
10233,834,914,1
10234,834,982,1
10235,834,753,1
10236,834,429,1
10237,834,1093,1
10238,834,50,1
10239,834,1076,1
10240,834,260,1
10241,834,1097,1
10242,834,808,1
10243,834,521,1
10244,834,263,1
10245,834,656,1
10246,834,639,1
10247,834,34,1
10248,834,888,1
10249,834,499,1
10250,834,336,1
10251,834,532,1
10252,834,794,1
10253,834,1176,1
10254,834,1147,1
10255,834,664,1
10256,834,647,1
10257,834,805,1
10258,834,669,1
10259,834,1177,1
10260,834,904,1
10261,834,984,1
10262,834,968,1
10263,834,846,1
10264,834,833,1
10265,834,939,1
10266,834,52,1
10267,834,737,1
10268,834,33,1
10269,834,30,1
10270,834,57,1
10271,834,1005,1
10272,834,491,1
10273,834,712,1
10274,834,199,1
10275,834,505,1
10276,834,202,1
10277,834,167,1
10278,834,242,1
10279,834,760,1
10280,834,1179,1
10281,834,133,1
10282,834,531,1
10283,834,1001,1
10284,834,948,1
10285,834,1039,1
10286,834,185,1
10287,834,1054,1
10288,834,561,1
10289,834,228,1
10290,834,388,1
10291,834,326,1
10292,834,814,1
10293,834,68,1
10294,834,837,1
10295,834,179,1
10296,834,370,1
10297,834,825,1
10298,834,117,1
10299,834,823,1
10300,834,1167,1
10301,834,806,1
10302,834,182,1
10303,834,334,1
10304,834,640,1
10305,834,601,1
10306,834,1171,1
10307,834,113,1
10308,834,431,1
10309,834,786,1
10310,834,1188,1
10311,834,574,1
10312,834,824,1
10313,834,594,1
10314,834,849,1
10315,834,901,1
10316,834,1016,1
10317,834,101,1
10318,834,272,1
10319,834,877,1
10320,834,229,1
10321,834,118,1
10322,834,198,1
10323,834,75,1
10324,834,789,1
10325,834,709,1
10326,834,740,1
10327,834,746,1
10328,834,797,1
10329,834,307,1
10330,834,897,1
10331,834,879,1
10332,834,688,1
10333,834,390,1
10334,834,614,1
10335,834,607,1
10336,834,287,1
10337,834,662,1
10338,834,1040,1
10339,834,284,1
10340,834,977,1
10341,834,217,1
10342,834,493,1
10343,834,476,1
10344,834,142,1
10345,834,809,1
10346,834,860,1
10347,834,935,1
10348,834,1066,1
10349,834,681,1
10350,834,907,1
10351,834,150,1
10352,834,125,1
10353,834,1051,1
10354,834,21,1
10355,834,894,1
10356,834,591,1
10357,834,798,1
10358,834,130,1
10359,834,73,1
10360,834,541,1
10361,834,79,1
10362,840,975,1
10363,840,775,1
10364,840,46,1
10365,840,637,1
10366,840,1049,1
10367,840,621,1
10368,840,695,1
10369,840,945,1
10370,840,843,1
10371,840,1006,1
10372,840,68,1
10373,840,996,1
10374,840,154,1
10375,840,665,1
10376,840,87,1
10377,840,935,1
10378,840,638,1
10379,840,593,1
10380,840,71,1
10381,840,229,1
10382,840,553,1
10383,840,468,1
10384,840,710,1
10385,840,1153,1
10386,840,36,1
10387,840,339,1
10388,840,125,1
10389,840,302,1
10390,840,221,1
10391,840,189,1
10392,840,427,1
10393,840,959,1
10394,840,666,1
10395,840,333,1
10396,840,415,1
10397,840,526,1
10398,840,317,1
10399,840,1051,1
10400,840,277,1
10401,840,608,1
10402,840,835,1
10403,840,755,1
10404,840,19,1
10405,840,348,1
10406,840,649,1
10407,840,787,1
10408,840,426,1
10409,840,8,1
10410,840,1002,1
10411,840,1023,1
10412,840,231,1
10413,840,489,1
10414,840,123,1
10415,840,433,1
10416,840,322,1
10417,840,144,1
10418,840,891,1
10419,840,658,1
10420,840,9,1
10421,840,834,1
10422,840,1040,1
10423,840,973,1
10424,840,738,1
10425,840,1163,1
10426,840,368,1
10427,840,752,1
10428,840,607,1
10429,840,1197,1
10430,840,1182,1
10431,840,583,1
10432,840,524,1
10433,840,366,1
10434,840,550,1
10435,840,1125,1
10436,840,516,1
10437,840,664,1
10438,840,105,1
10439,840,17,1
10440,840,438,1
10441,840,260,1
10442,840,261,1
10443,840,406,1
10444,840,838,1
10445,840,207,1
10446,840,1078,1
10447,840,836,1
10448,840,765,1
10449,840,1148,1
10450,840,600,1
10451,840,1021,1
10452,840,372,1
10453,840,26,1
10454,840,849,1
10455,840,984,1
10456,840,544,1
10457,840,481,1
10458,840,379,1
10459,840,254,1
10460,840,352,1
10461,840,905,1
10462,840,336,1
10463,840,338,1
10464,840,344,1
10465,840,369,1
10466,840,1183,1
10467,840,759,1
10468,840,293,1
10469,840,241,1
10470,840,894,1
10471,840,682,1
10472,840,330,1
10473,840,161,1
10474,840,855,1
10475,840,1061,1
10476,840,1111,1
10477,840,1047,1
10478,840,806,1
10479,840,908,1
10480,840,950,1
10481,840,802,1
10482,840,528,1
10483,840,679,1
10484,840,82,1
10485,840,852,1
10486,840,266,1
10487,840,551,1
10488,840,535,1
10489,840,554,1
10490,840,204,1
10491,840,239,1
10492,840,1150,1
10493,840,1091,1
10494,840,1119,1
10495,840,911,1
10496,840,581,1
10497,840,381,1
10498,840,556,1
10499,840,1,1
10500,840,396,1
10501,840,1084,1
10502,840,991,1
10503,840,1088,1
10504,840,1140,1
10505,840,542,1
10506,840,845,1
10507,840,866,1
10508,840,1102,1
10509,840,580,1
10510,840,783,1
10511,840,81,1
10512,840,292,1
10513,840,442,1
10514,840,729,1
10515,840,1130,1
10516,840,601,1
10517,840,1033,1
10518,840,895,1
10519,840,95,1
10520,840,1001,1
10521,840,1013,1
10522,840,429,1
10523,840,540,1
10524,840,235,1
10525,840,20,1
10526,840,459,1
10527,840,788,1
10528,840,1095,1
10529,840,315,1
10530,840,1005,1
10531,840,448,1
10532,840,530,1
10533,840,175,1
10534,840,1077,1
10535,840,909,1
10536,840,781,1
10537,840,157,1
10538,840,626,1
10539,840,613,1
10540,840,488,1
10541,840,960,1
10542,840,760,1
10543,840,1198,1
10544,840,932,1
10545,840,962,1
10546,840,773,1
10547,840,1188,1
10548,840,1146,1
10549,840,298,1
10550,840,444,1
10551,840,634,1
10552,840,629,1
10553,840,552,1
10554,840,242,1
10555,840,707,1
10556,840,151,1
10557,840,827,1
10558,840,518,1
10559,840,798,1
10560,840,700,1
10561,840,1116,1
10562,840,604,1
10563,840,146,1
10564,840,44,1
10565,840,954,1
10566,840,1176,1
10567,840,522,1
10568,840,934,1
10569,840,440,1
10570,840,185,1
10571,840,545,1
10572,840,770,1
10573,840,473,1
10574,840,561,1
10575,840,466,1
10576,840,523,1
10577,840,43,1
10578,840,356,1
10579,840,50,1
10580,840,596,1
10581,840,862,1
10582,840,383,1
10583,840,280,1
10584,840,844,1
10585,840,558,1
10586,840,278,1
10587,840,559,1
10588,840,534,1
10589,840,228,1
10590,840,735,1
10591,840,297,1
10592,840,376,1
10593,840,831,1
10594,840,603,1
10595,840,1000,1
10596,840,1164,1
10597,840,889,1
10598,840,800,1
10599,840,818,1
10600,840,979,1
10601,840,11,1
10602,840,672,1
10603,840,6,1
10604,840,1190,1
10605,840,332,1
10606,840,709,1
10607,840,722,1
10608,840,394,1
10609,840,1181,1
10610,840,1034,1
10611,840,142,1
10612,840,698,1
10613,840,273,1
10614,840,1115,1
10615,840,520,1
10616,840,1010,1
10617,840,321,1
10618,840,341,1
10619,840,789,1
10620,840,823,1
10621,840,1081,1
10622,840,172,1
10623,840,167,1
10624,840,713,1
10625,840,272,1
10626,840,633,1
10627,840,733,1
10628,840,955,1
10629,840,956,1
10630,840,282,1
10631,840,569,1
10632,840,259,1
10633,840,527,1
10634,840,732,1
10635,840,892,1
10636,840,359,1
10637,840,647,1
10638,840,925,1
10639,840,655,1
10640,840,153,1
10641,840,353,1
10642,840,246,1
10643,840,342,1
10644,840,495,1
10645,840,680,1
10646,840,388,1
10647,840,839,1
10648,840,188,1
10649,840,602,1
10650,840,59,1
10651,840,182,1
10652,840,928,1
10653,840,15,1
10654,840,1067,1
10655,840,469,1
10656,840,180,1
10657,840,828,1
10658,840,946,1
10659,840,941,1
10660,840,156,1
10661,840,7,1
10662,840,678,1
10663,840,170,1
10664,840,1106,1
10665,840,303,1
10666,840,195,1
10667,840,687,1
10668,840,782,1
10669,840,976,1
10670,840,821,1
10671,840,217,1
10672,840,598,1
10673,840,79,1
10674,840,509,1
10675,840,158,1
10676,840,287,1
10677,840,912,1
10678,840,1187,1
10679,840,697,1
10680,840,704,1
10681,840,830,1
10682,840,1045,1
10683,840,1008,1
10684,840,178,1
10685,840,53,1
10686,840,380,1
10687,840,165,1
10688,840,4,1
10689,840,310,1
10690,840,294,1
10691,840,767,1
10692,840,801,1
10693,840,706,1
10694,840,529,1
10695,840,903,1
10696,840,986,1
10697,840,825,1
10698,840,16,1
10699,840,124,1
10700,840,206,1
10701,840,96,1
10702,840,507,1
10703,840,361,1
10704,840,983,1
10705,840,34,1
10706,840,389,1
10707,840,102,1
10708,840,399,1
10709,840,1202,1
10710,840,296,1
10711,840,977,1
10712,840,1017,1
10713,840,483,1
10714,840,461,1
10715,840,90,1
10716,840,472,1
10717,840,814,1
10718,840,70,1
10719,840,651,1
10720,840,274,1
10721,840,225,1
10722,840,386,1
10723,840,721,1
10724,840,279,1
10725,840,417,1
10726,840,120,1
10727,840,1073,1
10728,840,78,1
10729,840,869,1
10730,840,367,1
10731,840,1139,1
10732,840,1156,1
10733,840,756,1
10734,840,76,1
10735,840,197,1
10736,840,675,1
10737,840,957,1
10738,840,994,1
10739,840,210,1
10740,840,318,1
10741,840,754,1
10742,840,325,1
10743,840,692,1
10744,840,968,1
10745,840,500,1
10746,840,643,1
10747,840,936,1
10748,840,1036,1
10749,840,1089,1
10750,840,591,1
10751,840,1087,1
10752,840,790,1
10753,840,179,1
10754,840,199,1
10755,840,1039,1
10756,840,1105,1
10757,840,116,1
10758,840,901,1
10759,840,555,1
10760,840,1124,1
10761,840,320,1
10762,840,858,1
10763,840,623,1
10764,840,625,1
10765,840,660,1
10766,840,271,1
10767,840,969,1
10768,840,949,1
10769,840,393,1
10770,840,990,1
10771,840,582,1
10772,840,445,1
10773,840,995,1
10774,840,609,1
10775,840,859,1
10776,840,514,1
10777,840,874,1
10778,840,132,1
10779,840,734,1
10780,840,362,1
10781,840,1108,1
10782,840,328,1
10783,840,571,1
10784,840,871,1
10785,840,515,1
10786,840,873,1
10787,840,1012,1
10788,840,1154,1
10789,840,25,1
10790,840,349,1
10791,840,804,1
10792,840,230,1
10793,840,696,1
10794,840,283,1
10795,840,130,1
10796,840,797,1
10797,840,989,1
10798,840,739,1
10799,840,232,1
10800,840,560,1
10801,840,927,1
10802,840,249,1
10803,840,455,1
10804,840,435,1
10805,840,883,1
10806,840,876,1
10807,840,1003,1
10808,840,813,1
10809,840,58,1
10810,840,650,1
10811,840,1071,1
10812,840,453,1
10813,840,439,1
10814,840,1014,1
10815,840,817,1
10816,840,378,1
10817,840,926,1
10818,840,579,1
10819,840,741,1
10820,840,1166,1
10821,840,477,1
10822,840,1142,1
10823,840,681,1
10824,840,737,1
10825,840,1174,1
10826,840,402,1
10827,840,462,1
10828,840,432,1
10829,840,717,1
10830,840,1172,1
10831,840,532,1
10832,840,475,1
10833,840,736,1
10834,840,286,1
10835,840,982,1
10836,843,800,1
10837,843,155,1
10838,843,733,1
10839,843,481,1
10840,843,115,1
10841,843,1060,1
10842,919,195,1
10843,919,182,1
10844,919,523,1
10845,919,219,1
10846,919,747,1
10847,919,257,1
10848,919,76,1
10849,919,251,1
10850,919,926,1
10851,919,920,1
10852,919,741,1
10853,919,444,1
10854,919,699,1
10855,919,298,1
10856,919,462,1
10857,919,289,1
10858,919,584,1
10859,919,537,1
10860,919,611,1
10861,919,774,1
10862,919,833,1
10863,919,542,1
10864,919,173,1
10865,919,1114,1
10866,919,1062,1
10867,919,372,1
10868,919,762,1
10869,919,533,1
10870,919,740,1
10871,919,879,1
10872,919,329,1
10873,919,739,1
10874,919,545,1
10875,919,923,1
10876,919,1160,1
10877,919,956,1
10878,919,582,1
10879,919,383,1
10880,919,1034,1
10881,919,165,1
10882,919,419,1
10883,919,269,1
10884,919,410,1
10885,919,589,1
10886,919,1061,1
10887,919,968,1
10888,919,169,1
10889,919,378,1
10890,919,630,1
10891,919,900,1
10892,919,970,1
10893,919,991,1
10894,919,564,1
10895,919,202,1
10896,919,241,1
10897,919,844,1
10898,919,67,1
10899,919,1112,1
10900,919,322,1
10901,919,432,1
10902,919,881,1
10903,919,1120,1
10904,919,612,1
10905,919,1139,1
10906,919,1183,1
10907,919,754,1
10908,919,487,1
10909,919,506,1
10910,919,263,1
10911,919,1147,1
10912,919,29,1
10913,919,936,1
10914,919,780,1
10915,919,674,1
10916,919,979,1
10917,919,845,1
10918,919,364,1
10919,919,442,1
10920,919,737,1
10921,919,396,1
10922,919,751,1
10923,919,403,1
10924,919,714,1
10925,919,791,1
10926,919,1008,1
10927,919,784,1
10928,919,890,1
10929,919,647,1
10930,919,1092,1
10931,919,616,1
10932,919,1122,1
10933,919,929,1
10934,919,105,1
10935,919,939,1
10936,919,743,1
10937,919,643,1
10938,919,433,1
10939,919,1144,1
10940,919,22,1
10941,919,877,1
10942,919,561,1
10943,919,607,1
10944,919,870,1
10945,919,1101,1
10946,919,904,1
10947,919,1182,1
10948,919,771,1
10949,919,398,1
10950,919,951,1
10951,919,320,1
10952,919,414,1
10953,919,778,1
10954,919,769,1
10955,919,1198,1
10956,919,305,1
10957,919,335,1
10958,919,860,1
10959,919,451,1
10960,919,1124,1
10961,919,150,1
10962,919,722,1
10963,919,61,1
10964,919,520,1
10965,919,902,1
10966,919,716,1
10967,919,1108,1
10968,919,794,1
10969,919,50,1
10970,919,1059,1
10971,919,221,1
10972,919,111,1
10973,919,921,1
10974,919,562,1
10975,919,781,1
10976,919,181,1
10977,919,984,1
10978,919,1024,1
10979,919,225,1
10980,919,491,1
10981,919,800,1
10982,919,179,1
10983,919,758,1
10984,919,633,1
10985,919,1109,1
10986,919,556,1
10987,919,604,1
10988,919,945,1
10989,919,480,1
10990,919,1167,1
10991,919,1087,1
10992,919,36,1
10993,919,927,1
10994,919,509,1
10995,919,1032,1
10996,919,767,1
10997,919,932,1
10998,919,640,1
10999,919,742,1
11000,919,1079,1
11001,919,981,1
11002,919,367,1
11003,919,950,1
11004,919,429,1
11005,919,258,1
11006,919,56,1
11007,919,1130,1
11008,919,255,1
11009,919,602,1
11010,919,45,1
11011,919,872,1
11012,919,649,1
11013,919,229,1
11014,919,1150,1
11015,919,644,1
11016,919,427,1
11017,919,235,1
11018,919,306,1
11019,919,438,1
11020,919,192,1
11021,919,292,1
11022,919,1164,1
11023,919,783,1
11024,919,933,1
11025,919,532,1
11026,919,196,1
11027,919,806,1
11028,919,573,1
11029,919,773,1
11030,919,943,1
11031,919,125,1
11032,919,23,1
11033,919,312,1
11034,919,587,1
11035,919,178,1
11036,919,1089,1
11037,919,619,1
11038,944,9,1
11039,944,249,1
11040,962,1199,1
11041,962,1092,1
11042,962,574,1
11043,962,1130,1
11044,962,387,1
11045,962,575,1
11046,962,217,1
11047,962,38,1
11048,962,430,1
11049,962,1198,1
11050,962,579,1
11051,962,1062,1
11052,962,941,1
11053,962,1178,1
11054,962,1011,1
11055,962,340,1
11056,962,472,1
11057,962,12,1
11058,962,871,1
11059,962,326,1
11060,962,1112,1
11061,962,177,1
11062,962,102,1
11063,962,637,1
11064,962,844,1
11065,962,707,1
11066,962,1044,1
11067,962,1172,1
11068,962,95,1
11069,962,1119,1
11070,962,773,1
11071,962,367,1
11072,962,434,1
11073,962,1040,1
11074,962,622,1
11075,962,765,1
11076,962,58,1
11077,962,968,1
11078,962,603,1
11079,962,83,1
11080,962,417,1
11081,962,824,1
11082,962,333,1
11083,962,586,1
11084,962,502,1
11085,962,400,1
11086,962,743,1
11087,962,1007,1
11088,962,914,1
11089,962,1090,1
11090,962,679,1
11091,962,1163,1
11092,962,930,1
11093,962,1140,1
11094,962,681,1
11095,962,1176,1
11096,962,445,1
11097,962,1071,1
11098,962,243,1
11099,962,235,1
11100,962,648,1
11101,962,938,1
11102,962,1187,1
11103,962,503,1
11104,962,368,1
11105,962,977,1
11106,962,625,1
11107,962,424,1
11108,962,816,1
11109,962,281,1
11110,962,270,1
11111,962,812,1
11112,962,780,1
11113,962,1051,1
11114,962,1174,1
11115,962,570,1
11116,962,660,1
11117,962,775,1
11118,962,291,1
11119,962,516,1
11120,962,912,1
11121,962,376,1
11122,962,759,1
11123,962,970,1
11124,962,834,1
11125,962,238,1
11126,962,924,1
11127,962,890,1
11128,962,626,1
11129,962,800,1
11130,962,279,1
11131,962,609,1
11132,962,600,1
11133,962,674,1
11134,962,1131,1
11135,962,899,1
11136,962,761,1
11137,962,1123,1
11138,962,135,1
11139,962,1115,1
11140,962,370,1
11141,962,576,1
11142,962,22,1
11143,962,555,1
11144,962,390,1
11145,962,59,1
11146,962,372,1
11147,962,1000,1
11148,962,1141,1
11149,962,1181,1
11150,962,861,1
11151,962,1192,1
11152,962,57,1
11153,962,357,1
11154,962,1151,1
11155,962,664,1
11156,962,1124,1
11157,962,509,1
11158,962,852,1
11159,962,1076,1
11160,962,996,1
11161,962,935,1
11162,962,992,1
11163,962,226,1
11164,962,863,1
11165,962,1159,1
11166,962,176,1
11167,962,460,1
11168,962,804,1
11169,962,1162,1
11170,962,280,1
11171,962,744,1
11172,962,275,1
11173,962,1057,1
11174,962,202,1
11175,962,1080,1
11176,962,566,1
11177,962,889,1
11178,962,385,1
11179,962,777,1
11180,962,101,1
11181,962,221,1
11182,962,602,1
11183,962,128,1
11184,962,811,1
11185,962,515,1
11186,962,916,1
11187,962,1156,1
11188,962,371,1
11189,962,495,1
11190,962,904,1
11191,962,485,1
11192,962,548,1
11193,962,656,1
11194,962,642,1
11195,962,253,1
11196,962,201,1
11197,962,919,1
11198,962,619,1
11199,962,195,1
11200,962,1074,1
11201,962,571,1
11202,962,481,1
11203,962,187,1
11204,962,732,1
11205,962,107,1
11206,962,751,1
11207,962,14,1
11208,962,9,1
11209,962,794,1
11210,962,953,1
11211,962,192,1
11212,962,618,1
11213,962,393,1
11214,962,466,1
11215,962,1150,1
11216,962,92,1
11217,962,1069,1
11218,962,158,1
11219,962,859,1
11220,962,1061,1
11221,962,902,1
11222,962,114,1
11223,962,544,1
11224,962,71,1
11225,962,845,1
11226,962,363,1
11227,962,274,1
11228,962,269,1
11229,962,988,1
11230,962,465,1
11231,962,621,1
11232,962,1165,1
11233,962,666,1
11234,962,364,1
11235,962,501,1
11236,962,410,1
11237,962,73,1
11238,962,1018,1
11239,962,1043,1
11240,962,1009,1
11241,962,354,1
11242,962,546,1
11243,962,652,1
11244,962,1016,1
11245,962,440,1
11246,962,272,1
11247,962,1160,1
11248,962,713,1
11249,962,669,1
11250,962,598,1
11251,962,931,1
11252,962,428,1
11253,962,1004,1
11254,962,936,1
11255,962,738,1
11256,962,998,1
11257,962,1021,1
11258,962,21,1
11259,962,423,1
11260,962,1031,1
11261,962,641,1
11262,962,597,1
11263,962,44,1
11264,962,735,1
11265,962,375,1
11266,962,475,1
11267,962,1036,1
11268,962,1139,1
11269,962,131,1
11270,962,244,1
11271,962,1035,1
11272,962,444,1
11273,962,250,1
11274,962,1079,1
11275,962,876,1
11276,962,492,1
11277,962,507,1
11278,962,300,1
11279,962,347,1
11280,962,482,1
11281,962,891,1
11282,962,715,1
11283,962,120,1
11284,962,152,1
11285,962,348,1
11286,962,6,1
11287,962,701,1
11288,962,948,1
11289,962,792,1
11290,962,154,1
11291,962,297,1
11292,962,678,1
11293,962,398,1
11294,962,1041,1
11295,962,840,1
11296,962,875,1
11297,962,839,1
11298,962,320,1
11299,962,403,1
11300,962,542,1
11301,962,817,1
11302,962,1201,1
11303,962,230,1
11304,962,1120,1
11305,962,78,1
11306,962,739,1
11307,962,296,1
11308,962,821,1
11309,962,386,1
11310,962,1088,1
11311,962,1102,1
11312,962,81,1
11313,962,416,1
11314,962,321,1
11315,962,292,1
11316,962,1099,1
11317,962,310,1
11318,962,62,1
11319,962,1158,1
11320,962,359,1
11321,962,791,1
11322,962,119,1
11323,962,409,1
11324,962,552,1
11325,962,760,1
11326,962,969,1
11327,962,329,1
11328,962,447,1
11329,962,96,1
11330,962,307,1
11331,962,564,1
11332,962,614,1
11333,962,545,1
11334,962,26,1
11335,962,560,1
11336,962,1025,1
11337,962,1180,1
11338,962,881,1
11339,962,199,1
11340,962,166,1
11341,962,242,1
11342,962,1075,1
11343,962,1122,1
11344,962,828,1
11345,962,1049,1
11346,962,439,1
11347,962,710,1
11348,962,1100,1
11349,962,1038,1
11350,962,374,1
11351,962,514,1
11352,962,708,1
11353,962,915,1
11354,962,132,1
11355,962,335,1
11356,962,500,1
11357,962,520,1
11358,962,451,1
11359,962,888,1
11360,962,47,1
11361,962,173,1
11362,962,797,1
11363,962,830,1
11364,962,420,1
11365,962,303,1
11366,962,668,1
11367,962,160,1
11368,962,870,1
11369,962,179,1
11370,962,365,1
11371,962,1012,1
11372,962,528,1
11373,962,69,1
11374,962,11,1
11375,962,610,1
11376,962,1136,1
11377,962,381,1
11378,962,336,1
11379,962,541,1
11380,962,795,1
11381,962,640,1
11382,962,98,1
11383,962,843,1
11384,962,345,1
11385,962,788,1
11386,962,174,1
11387,962,127,1
11388,962,820,1
11389,962,488,1
11390,962,588,1
11391,962,1103,1
11392,962,121,1
11393,962,168,1
11394,962,556,1
11395,962,505,1
11396,962,991,1
11397,962,572,1
11398,962,578,1
11399,962,484,1
11400,962,498,1
11401,962,813,1
11402,962,1177,1
11403,962,1116,1
11404,962,733,1
11405,962,330,1
11406,962,312,1
11407,962,377,1
11408,962,853,1
11409,962,1182,1
11410,962,823,1
11411,962,414,1
11412,962,783,1
11413,962,670,1
11414,962,144,1
11415,962,1058,1
11416,962,790,1
11417,962,826,1
11418,962,653,1
11419,962,1060,1
11420,962,1167,1
11421,962,268,1
11422,962,413,1
11423,962,241,1
11424,962,180,1
11425,962,661,1
11426,962,703,1
11427,962,99,1
11428,962,426,1
11429,962,696,1
11430,962,782,1
11431,962,884,1
11432,962,506,1
11433,962,789,1
11434,962,582,1
11435,962,50,1
11436,962,617,1
11437,962,741,1
11438,962,23,1
11439,962,550,1
11440,962,874,1
11441,962,378,1
11442,962,111,1
11443,962,959,1
11444,962,1127,1
11445,962,530,1
11446,962,705,1
11447,962,1142,1
11448,962,1002,1
11449,962,182,1
11450,962,1015,1
11451,962,7,1
11452,962,10,1
11453,962,553,1
11454,962,1107,1
11455,962,755,1
11456,962,1077,1
11457,962,815,1
11458,962,585,1
11459,962,752,1
11460,962,457,1
11461,962,90,1
11462,962,510,1
11463,962,1106,1
11464,962,645,1
11465,962,987,1
11466,962,285,1
11467,962,170,1
11468,962,156,1
11469,962,1054,1
11470,962,1047,1
11471,962,435,1
11472,962,1169,1
11473,962,308,1
11474,962,662,1
11475,962,1053,1
11476,962,1024,1
11477,962,628,1
11478,962,727,1
11479,962,317,1
11480,962,149,1
11481,962,392,1
11482,962,750,1
11483,962,328,1
11484,962,60,1
11485,962,964,1
11486,962,399,1
11487,962,724,1
11488,962,325,1
11489,962,402,1
11490,962,136,1
11491,962,87,1
11492,962,159,1
11493,962,437,1
11494,962,562,1
11495,962,947,1
11496,962,971,1
11497,962,388,1
11498,962,80,1
11499,962,1098,1
11500,962,305,1
11501,962,749,1
11502,962,629,1
11503,962,431,1
11504,962,20,1
11505,962,723,1
11506,962,665,1
11507,962,581,1
11508,962,1175,1
11509,962,212,1
11510,962,722,1
11511,962,304,1
11512,962,61,1
11513,962,1089,1
11514,962,455,1
11515,962,999,1
11516,962,1005,1
11517,962,397,1
11518,962,1078,1
11519,962,408,1
11520,962,157,1
11521,962,105,1
11522,962,551,1
11523,962,198,1
11524,962,415,1
11525,962,205,1
11526,962,324,1
11527,962,730,1
11528,962,143,1
11529,962,667,1
11530,962,1118,1
11531,962,84,1
11532,962,558,1
11533,962,878,1
11534,962,273,1
11535,962,1170,1
11536,962,1105,1
11537,962,1202,1
11538,962,763,1
11539,962,115,1
11540,962,527,1
11541,962,655,1
11542,962,1125,1
11543,962,188,1
11544,962,536,1
11545,962,850,1
11546,962,798,1
11547,962,93,1
11548,962,405,1
11549,962,327,1
11550,962,819,1
11551,962,801,1
11552,962,245,1
11553,962,951,1
11554,962,887,1
11555,962,920,1
11556,962,193,1
11557,962,595,1
11558,962,554,1
11559,962,239,1
11560,962,532,1
11561,962,549,1
11562,962,895,1
11563,962,412,1
11564,962,764,1
11565,962,172,1
11566,962,265,1
11567,962,907,1
11568,962,15,1
11569,962,323,1
11570,962,833,1
11571,962,994,1
11572,962,85,1
11573,962,805,1
11574,962,27,1
11575,962,267,1
11576,962,933,1
11577,962,767,1
11578,962,169,1
11579,962,126,1
11580,962,469,1
11581,962,373,1
11582,962,150,1
11583,962,112,1
11584,962,647,1
11585,962,636,1
11586,962,362,1
11587,962,491,1
11588,962,682,1
11589,962,259,1
11590,962,835,1
11591,962,130,1
11592,962,1050,1
11593,962,631,1
11594,962,856,1
11595,962,736,1
11596,962,178,1
11597,962,189,1
11598,962,709,1
11599,962,698,1
11600,962,197,1
11601,962,133,1
11602,962,223,1
11603,962,282,1
11604,962,838,1
11605,962,109,1
11606,962,557,1
11607,962,1132,1
11608,962,569,1
11609,962,512,1
11610,962,214,1
11611,962,508,1
11612,962,607,1
11613,962,138,1
11614,962,497,1
11615,962,1019,1
11616,962,531,1
11617,962,872,1
11618,962,1173,1
11619,962,478,1
11620,962,504,1
11621,962,1171,1
11622,962,770,1
11623,962,459,1
11624,962,704,1
11625,962,1195,1
11626,962,922,1
11627,962,422,1
11628,962,246,1
11629,962,677,1
11630,962,781,1
11631,962,77,1
11632,962,184,1
11633,962,406,1
11634,962,122,1
11635,962,1008,1
11636,962,251,1
11637,962,934,1
11638,962,818,1
11639,962,490,1
11640,962,124,1
11641,962,52,1
11642,962,827,1
11643,962,453,1
11644,962,849,1
11645,962,1010,1
11646,962,479,1
11647,962,175,1
11648,962,442,1
11649,962,535,1
11650,962,379,1
11651,962,702,1
11652,962,499,1
11653,962,684,1
11654,962,118,1
11655,962,3,1
11656,962,757,1
11657,962,990,1
11658,962,894,1
11659,962,583,1
11660,962,13,1
11661,962,957,1
11662,962,429,1
11663,962,847,1
11664,962,360,1
11665,962,1186,1
11666,962,1197,1
11667,962,687,1
11668,962,1134,1
11669,962,231,1
11670,962,1006,1
11671,962,909,1
11672,962,432,1
11673,962,36,1
11674,962,207,1
11675,962,901,1
11676,962,1185,1
11677,962,448,1
11678,962,837,1
11679,962,216,1
11680,962,311,1
11681,962,278,1
11682,962,692,1
11683,962,997,1
11684,962,233,1
11685,962,689,1
11686,962,200,1
11687,962,433,1
11688,962,559,1
11689,962,779,1
11690,962,1072,1
11691,962,882,1
11692,962,720,1
11693,962,1191,1
11694,962,1126,1
11695,962,1097,1
11696,962,344,1
11697,962,873,1
11698,962,220,1
11699,962,240,1
11700,962,461,1
11701,962,748,1
11702,962,694,1
11703,962,663,1
11704,962,939,1
11705,962,161,1
11706,962,165,1
11707,962,51,1
11708,962,978,1
11709,962,55,1
11710,962,721,1
11711,962,1052,1
11712,962,404,1
11713,962,793,1
11714,962,215,1
11715,962,228,1
11716,962,142,1
11717,962,470,1
11718,962,879,1
11719,962,454,1
11720,962,319,1
11721,962,784,1
11722,962,917,1
11723,962,771,1
11724,962,255,1
11725,962,524,1
11726,962,639,1
11727,962,314,1
11728,962,391,1
11729,962,1037,1
11730,962,518,1
11731,962,446,1
11732,962,486,1
11733,962,976,1
11734,962,841,1
11735,962,206,1
11736,962,295,1
11737,962,975,1
11738,962,89,1
11739,962,897,1
11740,962,343,1
11741,962,529,1
11742,962,1085,1
11743,962,1129,1
11744,962,91,1
11745,962,937,1
11746,962,271,1
11747,962,877,1
11748,962,683,1
11749,962,1023,1
11750,962,799,1
11751,962,4,1
11752,986,615,1
11753,986,874,1
11754,986,8,1
11755,986,497,1
11756,986,82,1
11757,986,887,1
11758,986,744,1
11759,986,845,1
11760,986,642,1
11761,986,953,1
11762,986,556,1
11763,986,412,1
11764,986,1141,1
11765,986,81,1
11766,986,176,1
11767,986,481,1
11768,986,761,1
11769,986,752,1
11770,986,300,1
11771,986,783,1
11772,986,0,1
11773,986,899,1
11774,986,198,1
11775,986,1036,1
11776,986,687,1
11777,986,93,1
11778,986,137,1
11779,986,51,1
11780,986,1155,1
11781,986,230,1
11782,986,1203,1
11783,986,261,1
11784,986,365,1
11785,986,886,1
11786,986,359,1
11787,986,596,1
11788,986,897,1
11789,986,57,1
11790,986,859,1
11791,986,900,1
11792,986,318,1
11793,986,270,1
11794,986,469,1
11795,986,613,1
11796,986,1041,1
11797,986,1125,1
11798,986,1045,1
11799,986,53,1
11800,986,122,1
11801,986,323,1
11802,986,316,1
11803,986,1172,1
11804,986,1110,1
11805,986,699,1
11806,986,863,1
11807,986,1024,1
11808,986,583,1
11809,986,652,1
11810,986,1078,1
11811,986,812,1
11812,986,965,1
11813,986,535,1
11814,986,377,1
11815,986,42,1
11816,986,91,1
11817,986,617,1
11818,986,273,1
11819,986,157,1
11820,986,828,1
11821,986,293,1
11822,986,500,1
11823,986,841,1
11824,986,315,1
11825,986,159,1
11826,986,604,1
11827,986,554,1
11828,986,1042,1
11829,986,593,1
11830,986,1000,1
11831,986,939,1
11832,986,99,1
11833,986,896,1
11834,986,1068,1
11835,986,188,1
11836,986,1044,1
11837,986,1146,1
11838,986,142,1
11839,986,763,1
11840,986,438,1
11841,986,470,1
11842,986,193,1
11843,986,225,1
11844,986,1095,1
11845,986,466,1
11846,986,564,1
11847,986,1167,1
11848,986,1018,1
11849,986,1112,1
11850,986,612,1
11851,986,248,1
11852,986,1053,1
11853,986,1030,1
11854,986,718,1
11855,986,150,1
11856,986,703,1
11857,986,90,1
11858,986,178,1
11859,986,67,1
11860,986,720,1
11861,986,1182,1
11862,986,578,1
11863,986,459,1
11864,986,156,1
11865,986,1118,1
11866,986,30,1
11867,986,226,1
11868,986,1108,1
11869,986,918,1
11870,986,873,1
11871,986,337,1
11872,986,305,1
11873,986,799,1
11874,986,1159,1
11875,986,338,1
11876,986,313,1
11877,986,184,1
11878,986,786,1
11879,986,759,1
11880,986,434,1
11881,986,211,1
11882,986,913,1
11883,986,1047,1
11884,986,771,1
11885,986,60,1
11886,986,772,1
11887,986,695,1
11888,986,853,1
11889,986,691,1
11890,986,1150,1
11891,986,1038,1
11892,986,1031,1
11893,986,425,1
11894,986,825,1
11895,986,442,1
11896,986,279,1
11897,986,1169,1
11898,986,507,1
11899,986,89,1
11900,986,25,1
11901,986,410,1
11902,986,821,1
11903,986,361,1
11904,986,925,1
11905,986,1046,1
11906,986,723,1
11907,986,560,1
11908,986,914,1
11909,986,9,1
11910,986,280,1
11911,986,978,1
11912,986,658,1
11913,986,1059,1
11914,986,166,1
11915,986,802,1
11916,986,700,1
11917,986,566,1
11918,986,929,1
11919,986,881,1
11920,986,1010,1
11921,986,430,1
11922,986,880,1
11923,986,716,1
11924,986,227,1
11925,986,306,1
11926,986,607,1
11927,986,1088,1
11928,986,982,1
11929,986,388,1
11930,986,79,1
11931,986,266,1
11932,986,876,1
11933,986,883,1
11934,986,808,1
11935,986,1131,1
11936,986,794,1
11937,986,709,1
11938,986,228,1
11939,986,816,1
11940,986,923,1
11941,986,1190,1
11942,986,611,1
11943,986,936,1
11944,986,421,1
11945,986,951,1
11946,986,1120,1
11947,986,561,1
11948,986,933,1
11949,986,355,1
11950,986,539,1
11951,986,764,1
11952,986,855,1
11953,986,775,1
11954,986,659,1
11955,986,861,1
11956,986,31,1
11957,986,381,1
11958,986,243,1
11959,986,903,1
11960,986,610,1
11961,986,987,1
11962,986,849,1
11963,986,427,1
11964,986,674,1
11965,986,186,1
11966,986,401,1
11967,986,27,1
11968,986,1096,1
11969,986,774,1
11970,986,941,1
11971,986,220,1
11972,986,660,1
11973,986,205,1
11974,986,463,1
11975,986,609,1
11976,986,392,1
11977,986,1029,1
11978,986,83,1
11979,986,968,1
11980,986,516,1
11981,986,1177,1
11982,986,778,1
11983,986,834,1
11984,986,796,1
11985,986,1072,1
11986,986,668,1
11987,986,749,1
11988,986,196,1
11989,986,29,1
11990,986,940,1
11991,986,731,1
11992,986,235,1
11993,986,608,1
11994,986,755,1
11995,986,416,1
11996,986,1028,1
11997,986,34,1
11998,986,22,1
11999,986,360,1
12000,986,555,1
12001,986,789,1
12002,986,234,1
12003,986,14,1
12004,986,103,1
12005,986,879,1
12006,986,714,1
12007,986,375,1
12008,986,630,1
12009,986,902,1
12010,986,995,1
12011,986,717,1
12012,986,47,1
12013,986,283,1
12014,986,451,1
12015,986,787,1
12016,986,684,1
12017,986,473,1
12018,986,334,1
12019,986,462,1
12020,986,847,1
12021,986,810,1
12022,986,441,1
12023,986,262,1
12024,986,994,1
12025,986,572,1
12026,986,1176,1
12027,986,1144,1
12028,986,707,1
12029,986,603,1
12030,986,162,1
12031,986,455,1
12032,986,1129,1
12033,986,333,1
12034,986,1191,1
12035,986,115,1
12036,986,1105,1
12037,986,884,1
12038,986,559,1
12039,986,112,1
12040,986,1162,1
12041,986,403,1
12042,986,552,1
12043,986,489,1
12044,986,483,1
12045,986,488,1
12046,986,949,1
12047,986,1001,1
12048,986,688,1
12049,986,479,1
12050,986,1006,1
12051,986,58,1
12052,986,676,1
12053,986,1079,1
12054,986,1103,1
12055,986,910,1
12056,986,1166,1
12057,986,292,1
12058,986,1048,1
12059,986,195,1
12060,986,339,1
12061,986,1174,1
12062,986,229,1
12063,986,550,1
12064,986,548,1
12065,986,160,1
12066,986,973,1
12067,986,798,1
12068,986,992,1
12069,986,945,1
12070,986,817,1
12071,986,811,1
12072,986,311,1
12073,986,136,1
12074,986,482,1
12075,986,602,1
12076,986,310,1
12077,986,54,1
12078,986,158,1
12079,986,182,1
12080,986,61,1
12081,986,748,1
12082,986,1037,1
12083,986,252,1
12084,986,123,1
12085,986,1157,1
12086,986,174,1
12087,986,321,1
12088,986,1021,1
12089,986,11,1
12090,986,927,1
12091,986,619,1
12092,986,1123,1
12093,986,503,1
12094,986,169,1
12095,986,398,1
12096,986,582,1
12097,986,905,1
12098,986,959,1
12099,986,448,1
12100,986,96,1
12101,986,505,1
12102,986,969,1
12103,986,710,1
12104,986,952,1
12105,986,926,1
12106,986,1054,1
12107,986,594,1
12108,986,432,1
12109,986,860,1
12110,986,400,1
12111,986,540,1
12112,986,203,1
12113,986,827,1
12114,986,1111,1
12115,986,989,1
12116,986,167,1
12117,986,12,1
12118,986,1099,1
12119,986,352,1
12120,986,647,1
12121,986,990,1
12122,986,1005,1
12123,986,957,1
12124,986,673,1
12125,986,1126,1
12126,986,511,1
12127,986,625,1
12128,986,634,1
12129,986,1016,1
12130,986,521,1
12131,986,208,1
12132,986,346,1
12133,986,1140,1
12134,986,722,1
12135,986,1194,1
12136,986,719,1
12137,986,1119,1
12138,986,657,1
12139,986,1145,1
12140,986,453,1
12141,986,960,1
12142,986,850,1
12143,986,439,1
12144,986,1100,1
12145,986,92,1
12146,986,598,1
12147,986,467,1
12148,986,698,1
12149,986,762,1
12150,986,1019,1
12151,986,506,1
12152,986,1192,1
12153,986,571,1
12154,986,600,1
12155,986,271,1
12156,986,730,1
12157,986,935,1
12158,986,275,1
12159,986,1067,1
12160,986,1040,1
12161,986,295,1
12162,986,679,1
12163,986,1198,1
12164,986,819,1
12165,986,868,1
12166,986,1202,1
12167,986,141,1
12168,986,499,1
12169,986,739,1
12170,986,702,1
12171,986,715,1
12172,986,317,1
12173,986,1025,1
12174,986,712,1
12175,986,919,1
12176,986,420,1
12177,986,832,1
12178,986,1035,1
12179,986,168,1
12180,986,26,1
12181,986,1185,1
12182,986,526,1
12183,986,341,1
12184,986,512,1
12185,986,429,1
12186,986,134,1
12187,986,866,1
12188,986,1056,1
12189,986,423,1
12190,986,746,1
12191,986,898,1
12192,986,844,1
12193,986,624,1
12194,986,460,1
12195,986,452,1
12196,986,1011,1
12197,986,1012,1
12198,986,165,1
12199,986,84,1
12200,986,656,1
12201,986,1039,1
12202,986,581,1
12203,986,1148,1
12204,986,267,1
12205,986,697,1
12206,986,1180,1
12207,986,118,1
12208,986,909,1
12209,986,575,1
12210,986,944,1
12211,986,322,1
12212,986,70,1
12213,986,678,1
12214,986,101,1
12215,986,541,1
12216,986,326,1
12217,986,28,1
12218,986,376,1
12219,986,1064,1
12220,986,1201,1
12221,986,302,1
12222,986,662,1
12223,986,889,1
12224,986,614,1
12225,986,247,1
12226,986,514,1
12227,986,21,1
12228,986,69,1
12229,986,465,1
12230,986,1017,1
12231,986,1121,1
12232,986,831,1
12233,986,104,1
12234,986,387,1
12235,986,770,1
12236,986,37,1
12237,986,125,1
12238,986,109,1
12239,986,50,1
12240,986,891,1
12241,986,405,1
12242,986,76,1
12243,986,864,1
12244,986,140,1
12245,986,888,1
12246,986,836,1
12247,986,753,1
12248,986,524,1
12249,986,468,1
12250,986,711,1
12251,986,579,1
12252,986,97,1
12253,986,767,1
12254,986,297,1
12255,986,501,1
12256,986,820,1
12257,986,1106,1
12258,986,472,1
12259,986,173,1
12260,986,199,1
12261,986,435,1
12262,986,232,1
12263,986,36,1
12264,986,839,1
12265,986,153,1
12266,986,328,1
12267,986,1063,1
12268,986,75,1
12269,986,1127,1
12270,986,498,1
12271,986,353,1
12272,986,565,1
12273,986,977,1
12274,986,132,1
12275,986,74,1
12276,986,197,1
12277,986,298,1
12278,986,651,1
12279,986,335,1
12280,986,296,1
12281,986,692,1
12282,986,704,1
12283,986,824,1
12284,986,1160,1
12285,986,950,1
12286,986,289,1
12287,986,776,1
12288,986,533,1
12289,986,962,1
12290,986,735,1
12291,986,369,1
12292,986,756,1
12293,986,1076,1
12294,986,573,1
12295,986,797,1
12296,986,587,1
12297,986,542,1
12298,986,130,1
12299,986,149,1
12300,986,904,1
12301,986,368,1
12302,986,706,1
12303,986,911,1
12304,986,557,1
12305,986,534,1
12306,986,726,1
12307,986,63,1
12308,986,661,1
12309,986,636,1
12310,986,223,1
12311,986,574,1
12312,986,690,1
12313,986,389,1
12314,986,43,1
12315,986,975,1
12316,986,788,1
12317,986,734,1
12318,986,383,1
12319,986,980,1
12320,986,1083,1
12321,986,95,1
12322,986,257,1
12323,986,117,1
12324,986,743,1
12325,986,1184,1
12326,986,917,1
12327,986,815,1
12328,986,635,1
12329,986,454,1
12330,986,320,1
12331,986,331,1
12332,986,733,1
12333,986,1199,1
12334,986,143,1
12335,986,1091,1
12336,986,765,1
12337,986,956,1
12338,986,127,1
12339,986,988,1
12340,986,518,1
12341,986,999,1
12342,986,822,1
12343,986,537,1
12344,986,643,1
12345,986,4,1
12346,986,485,1
12347,986,1087,1
12348,986,1032,1
12349,986,513,1
12350,986,963,1
12351,986,189,1
12352,986,655,1
12353,986,187,1
12354,986,253,1
12355,986,682,1
12356,986,1175,1
12357,986,1049,1
12358,986,64,1
12359,986,1115,1
12360,986,240,1
12361,986,260,1
12362,986,1085,1
12363,986,276,1
12364,986,641,1
12365,986,419,1
12366,986,77,1
12367,986,110,1
12368,986,1008,1
12369,986,858,1
12370,986,175,1
12371,986,364,1
12372,986,922,1
12373,986,68,1
12374,986,367,1
12375,986,269,1
12376,986,1086,1
12377,986,294,1
12378,986,206,1
12379,986,921,1
12380,986,1034,1
12381,986,942,1
12382,986,1132,1
12383,986,1,1
12384,986,210,1
12385,986,329,1
12386,986,1073,1
12387,986,954,1
12388,986,33,1
12389,986,239,1
12390,986,131,1
12391,986,779,1
12392,986,1133,1
12393,986,781,1
12394,986,522,1
12395,986,803,1
12396,986,757,1
12397,986,145,1
12398,986,1163,1
12399,986,585,1
12400,986,200,1
12401,986,928,1
12402,986,1181,1
12403,986,1158,1
12404,986,751,1
12405,986,46,1
12406,986,49,1
12407,986,324,1
12408,986,431,1
12409,986,397,1
12410,986,620,1
12411,986,807,1
12412,986,1151,1
12413,986,665,1
12414,986,1189,1
12415,986,426,1
12416,986,1183,1
12417,986,35,1
12418,986,263,1
12419,986,729,1
12420,986,98,1
12421,986,216,1
12422,986,517,1
12423,986,1089,1
12424,986,278,1
12425,986,754,1
12426,986,407,1
12427,986,161,1
12428,986,370,1
12429,986,100,1
12430,986,638,1
12431,986,244,1
12432,986,878,1
12433,986,1058,1
12434,986,124,1
12435,986,201,1
12436,986,325,1
12437,986,1196,1
12438,986,214,1
12439,986,1143,1
12440,986,621,1
12441,986,406,1
12442,986,605,1
12443,986,721,1
12444,986,402,1
12445,986,274,1
12446,986,848,1
12447,986,979,1
12448,986,738,1
12449,986,135,1
12450,986,1142,1
12451,986,251,1
12452,986,471,1
12453,986,458,1
12454,986,851,1
12455,986,1033,1
12456,986,106,1
12457,986,882,1
12458,986,553,1
12459,986,528,1
12460,986,1093,1
12461,986,20,1
12462,986,592,1
12463,986,653,1
12464,986,177,1
12465,986,332,1
12466,986,829,1
12467,986,1130,1
12468,986,256,1
12469,986,52,1
12470,986,268,1
12471,986,981,1
12472,986,330,1
12473,986,487,1
12474,986,111,1
12475,986,144,1
12476,986,648,1
12477,986,384,1
12478,986,870,1
12479,986,872,1
12480,986,5,1
12481,986,696,1
12482,986,114,1
12483,986,510,1
12484,986,350,1
12485,986,396,1
12486,986,1128,1
12487,986,930,1
12488,986,946,1
12489,986,629,1
12490,986,255,1
12491,986,155,1
12492,986,760,1
12493,986,795,1
12494,986,646,1
12495,986,686,1
12496,986,784,1
12497,986,180,1
12498,986,616,1
12499,986,1134,1
12500,986,102,1
12501,986,44,1
12502,986,1043,1
12503,986,588,1
12504,986,558,1
12505,986,490,1
12506,986,932,1
12507,986,577,1
12508,986,838,1
12509,986,301,1
12510,986,94,1
12511,986,667,1
12512,986,1138,1
12513,986,852,1
12514,986,233,1
12515,1006,447,1
12516,1006,800,1
12517,1006,206,1
12518,1006,65,1
12519,1064,458,1
12520,1064,892,1
12521,1064,1063,1
12522,1064,451,1
12523,1064,1052,1
12524,1064,1111,1
12525,1064,108,1
12526,1064,849,1
12527,1064,1046,1
12528,1064,988,1
12529,1064,334,1
12530,1064,965,1
12531,1064,70,1
12532,1064,336,1
12533,1064,771,1
12534,1064,1121,1
12535,1064,153,1
12536,1064,51,1
12537,1064,699,1
12538,1064,540,1
12539,1064,188,1
12540,1064,3,1
12541,1064,1142,1
12542,1064,65,1
12543,1064,904,1
12544,1064,876,1
12545,1064,921,1
12546,1064,968,1
12547,1064,475,1
12548,1064,1034,1
12549,1064,1131,1
12550,1064,604,1
12551,1064,58,1
12552,1064,28,1
12553,1064,117,1
12554,1064,121,1
12555,1064,633,1
12556,1064,581,1
12557,1064,1182,1
12558,1064,281,1
12559,1064,1081,1
12560,1064,1088,1
12561,1064,118,1
12562,1064,565,1
12563,1064,447,1
12564,1064,1153,1
12565,1064,29,1
12566,1064,192,1
12567,1064,60,1
12568,1064,1105,1
12569,1064,239,1
12570,1064,233,1
12571,1064,1087,1
12572,1064,609,1
12573,1064,304,1
12574,1064,878,1
12575,1064,812,1
12576,1064,560,1
12577,1064,643,1
12578,1064,651,1
12579,1064,512,1
12580,1064,205,1
12581,1064,948,1
12582,1064,352,1
12583,1064,480,1
12584,1064,1070,1
12585,1064,674,1
12586,1064,772,1
12587,1064,1116,1
12588,1064,365,1
12589,1064,538,1
12590,1064,536,1
12591,1064,148,1
12592,1064,299,1
12593,1064,1108,1
12594,1064,136,1
12595,1064,170,1
12596,1064,495,1
12597,1064,49,1
12598,1064,1176,1
12599,1064,478,1
12600,1064,102,1
12601,1064,894,1
12602,1064,1104,1
12603,1064,653,1
12604,1064,754,1
12605,1064,798,1
12606,1064,551,1
12607,1064,794,1
12608,1064,671,1
12609,1064,119,1
12610,1064,368,1
12611,1064,1071,1
12612,1064,998,1
12613,1064,503,1
12614,1064,1196,1
12615,1064,807,1
12616,1064,973,1
12617,1064,186,1
12618,1064,337,1
12619,1064,583,1
12620,1064,247,1
12621,1064,468,1
12622,1064,487,1
12623,1064,722,1
12624,1064,15,1
12625,1064,464,1
12626,1064,461,1
12627,1064,764,1
12628,1064,154,1
12629,1064,1201,1
12630,1064,782,1
12631,1064,781,1
12632,1064,145,1
12633,1064,1191,1
12634,1064,603,1
12635,1064,1198,1
12636,1064,800,1
12637,1064,350,1
12638,1064,773,1
12639,1064,656,1
12640,1064,164,1
12641,1064,387,1
12642,1064,1067,1
12643,1064,73,1
12644,1064,1053,1
12645,1064,893,1
12646,1064,380,1
12647,1064,1125,1
12648,1064,38,1
12649,1064,859,1
12650,1064,1174,1
12651,1064,428,1
12652,1064,490,1
12653,1064,27,1
12654,1064,25,1
12655,1064,817,1
12656,1064,1101,1
12657,1064,960,1
12658,1064,595,1
12659,1064,881,1
12660,1064,839,1
12661,1064,924,1
12662,1064,514,1
12663,1064,763,1
12664,1064,896,1
12665,1064,805,1
12666,1064,477,1
12667,1064,879,1
12668,1064,652,1
12669,1064,1175,1
12670,1064,942,1
12671,1064,258,1
12672,1064,161,1
12673,1064,502,1
12674,1064,922,1
12675,1064,302,1
12676,1064,277,1
12677,1064,496,1
12678,1064,1203,1
12679,1064,34,1
12680,1064,1177,1
12681,1064,695,1
12682,1064,243,1
12683,1064,1093,1
12684,1064,1147,1
12685,1064,426,1
12686,1064,77,1
12687,1064,309,1
12688,1064,353,1
12689,1064,383,1
12690,1064,734,1
12691,1064,584,1
12692,1064,335,1
12693,1064,770,1
12694,1064,347,1
12695,1064,1128,1
12696,1064,430,1
12697,1064,370,1
12698,1064,698,1
12699,1064,552,1
12700,1064,545,1
12701,1064,115,1
12702,1064,2,1
12703,1064,994,1
12704,1064,301,1
12705,1064,733,1
12706,1064,1138,1
12707,1064,820,1
12708,1064,263,1
12709,1064,1189,1
12710,1064,53,1
12711,1064,1003,1
12712,1064,44,1
12713,1064,465,1
12714,1064,1074,1
12715,1064,903,1
12716,1064,531,1
12717,1064,522,1
12718,1064,907,1
12719,1064,991,1
12720,1064,1042,1
12721,1064,735,1
12722,1064,339,1
12723,1064,197,1
12724,1064,870,1
12725,1064,640,1
12726,1064,427,1
12727,1064,98,1
12728,1064,22,1
12729,1064,345,1
12730,1064,766,1
12731,1064,355,1
12732,1064,863,1
12733,1064,932,1
12734,1064,255,1
12735,1064,217,1
12736,1064,752,1
12737,1064,484,1
12738,1064,909,1
12739,1064,602,1
12740,1064,509,1
12741,1064,738,1
12742,1064,311,1
12743,1064,872,1
12744,1064,221,1
12745,1064,1152,1
12746,1064,1134,1
12747,1064,212,1
12748,1064,421,1
12749,1064,723,1
12750,1064,613,1
12751,1064,1133,1
12752,1064,819,1
12753,1064,975,1
12754,1064,211,1
12755,1064,1166,1
12756,1064,579,1
12757,1064,919,1
12758,1064,841,1
12759,1064,326,1
12760,1064,789,1
12761,1064,1040,1
12762,1064,390,1
12763,1064,1092,1
12764,1064,435,1
12765,1064,55,1
12766,1064,160,1
12767,1064,580,1
12768,1064,641,1
12769,1064,47,1
12770,1064,760,1
12771,1064,297,1
12772,1064,697,1
12773,1064,508,1
12774,1064,873,1
12775,1064,874,1
12776,1064,958,1
12777,1064,143,1
12778,1064,696,1
12779,1064,642,1
12780,1064,624,1
12781,1064,759,1
12782,1064,895,1
12783,1064,795,1
12784,1064,324,1
12785,1064,724,1
12786,1064,920,1
12787,1064,226,1
12788,1064,88,1
12789,1064,822,1
12790,1064,790,1
12791,1064,1050,1
12792,1064,816,1
12793,1064,890,1
12794,1064,499,1
12795,1064,867,1
12796,1064,132,1
12797,1064,1038,1
12798,1064,611,1
12799,1064,648,1
12800,1064,1021,1
12801,1064,986,1
12802,1064,1186,1
12803,1064,1172,1
12804,1064,286,1
12805,1064,729,1
12806,1064,1112,1
12807,1064,367,1
12808,1064,1044,1
12809,1064,821,1
12810,1064,757,1
12811,1064,620,1
12812,1064,344,1
12813,1064,493,1
12814,1064,956,1
12815,1064,133,1
12816,1064,621,1
12817,1064,811,1
12818,1064,949,1
12819,1064,721,1
12820,1064,1061,1
12821,1064,1145,1
12822,1064,469,1
12823,1064,287,1
12824,1064,398,1
12825,1064,600,1
12826,1064,1190,1
12827,1064,35,1
12828,1064,901,1
12829,1064,96,1
12830,1064,726,1
12831,1064,1139,1
12832,1064,39,1
12833,1064,1025,1
12834,1064,732,1
12835,1064,747,1
12836,1064,989,1
12837,1064,1045,1
12838,1064,758,1
12839,1064,539,1
12840,1064,318,1
12841,1064,639,1
12842,1064,31,1
12843,1064,899,1
12844,1064,139,1
12845,1064,513,1
12846,1064,959,1
12847,1064,41,1
12848,1064,964,1
12849,1064,225,1
12850,1064,91,1
12851,1064,687,1
12852,1064,135,1
12853,1064,751,1
12854,1064,987,1
12855,1064,168,1
12856,1064,673,1
12857,1064,1156,1
12858,1064,377,1
12859,1064,340,1
12860,1064,745,1
12861,1064,1085,1
12862,1064,64,1
12863,1064,507,1
12864,1064,16,1
12865,1064,1002,1
12866,1064,349,1
12867,1064,271,1
12868,1064,440,1
12869,1064,325,1
12870,1064,50,1
12871,1064,314,1
12872,1064,215,1
12873,1064,1039,1
12874,1064,228,1
12875,1064,937,1
12876,1064,541,1
12877,1064,688,1
12878,1064,359,1
12879,1064,791,1
12880,1064,423,1
12881,1064,312,1
12882,1064,596,1
12883,1064,1168,1
12884,1064,848,1
12885,1064,996,1
12886,1064,941,1
12887,1064,884,1
12888,1064,801,1
12889,1064,315,1
12890,1064,298,1
12891,1064,532,1
12892,1064,279,1
12893,1064,291,1
12894,1064,1126,1
12895,1064,1072,1
12896,1064,99,1
12897,1064,615,1
12898,1064,608,1
12899,1064,373,1
12900,1064,833,1
12901,1064,129,1
12902,1064,702,1
12903,1064,1110,1
12904,1064,1136,1
12905,1064,366,1
12906,1064,410,1
12907,1064,361,1
12908,1064,1097,1
12909,1064,711,1
12910,1064,422,1
12911,1064,690,1
12912,1064,105,1
12913,1064,52,1
12914,1064,166,1
12915,1064,535,1
12916,1064,431,1
12917,1064,268,1
12918,1064,668,1
12919,1064,174,1
12920,1064,934,1
12921,1064,598,1
12922,1064,1167,1
12923,1064,397,1
12924,1064,393,1
12925,1064,664,1
12926,1064,534,1
12927,1064,1170,1
12928,1064,1109,1
12929,1064,501,1
12930,1064,938,1
12931,1064,59,1
12932,1064,446,1
12933,1064,1199,1
12934,1064,403,1
12935,1064,831,1
12936,1064,564,1
12937,1064,868,1
12938,1064,438,1
12939,1064,1043,1
12940,1064,1187,1
12941,1064,824,1
12942,1064,1197,1
12943,1064,709,1
12944,1064,809,1
12945,1064,57,1
12946,1064,1103,1
12947,1064,743,1
12948,1064,900,1
12949,1064,425,1
12950,1064,313,1
12951,1064,846,1
12952,1064,861,1
12953,1064,178,1
12954,1064,1129,1
12955,1064,882,1
12956,1064,569,1
12957,1064,1083,1
12958,1064,823,1
12959,1064,704,1
12960,1064,725,1
12961,1064,471,1
12962,1064,785,1
12963,1064,544,1
12964,1064,1057,1
12965,1064,246,1
12966,1064,404,1
12967,1064,79,1
12968,1064,131,1
12969,1064,245,1
12970,1064,1047,1
12971,1064,1023,1
12972,1064,474,1
12973,1064,201,1
12974,1064,316,1
12975,1064,261,1
12976,1064,424,1
12977,1064,321,1
12978,1064,278,1
12979,1064,1132,1
12980,1064,660,1
12981,1064,72,1
12982,1064,97,1
12983,1064,140,1
12984,1064,1062,1
12985,1064,23,1
12986,1064,13,1
12987,1064,156,1
12988,1064,586,1
12989,1064,342,1
12990,1064,308,1
12991,1064,931,1
12992,1064,84,1
12993,1064,746,1
12994,1064,199,1
12995,1064,1016,1
12996,1064,322,1
12997,1064,238,1
12998,1064,181,1
12999,1064,66,1
13000,1064,20,1
13001,1064,980,1
13002,1064,644,1
13003,1064,847,1
13004,1064,619,1
13005,1064,520,1
13006,1064,1012,1
13007,1064,918,1
13008,1064,450,1
13009,1064,21,1
13010,1064,300,1
13011,1064,990,1
13012,1064,388,1
13013,1064,706,1
13014,1064,1009,1
13015,1064,248,1
13016,1064,1194,1
13017,1064,599,1
13018,1064,208,1
13019,1064,736,1
13020,1064,1178,1
13021,1064,830,1
13022,1064,30,1
13023,1064,955,1
13024,1064,1100,1
13025,1064,200,1
13026,1064,443,1
13027,1064,686,1
13028,1064,765,1
13029,1064,1056,1
13030,1064,272,1
13031,1064,852,1
13032,1064,1089,1
13033,1064,984,1
13034,1064,756,1
13035,1064,372,1
13036,1064,548,1
13037,1064,1119,1
13038,1064,832,1
13039,1064,100,1
13040,1064,1127,1
13041,1064,762,1
13042,1064,81,1
13043,1064,407,1
13044,1064,829,1
13045,1064,254,1
13046,1064,7,1
13047,1064,159,1
13048,1064,463,1
13049,1064,210,1
13050,1064,83,1
13051,1064,416,1
13052,1064,152,1
13053,1064,1014,1
13054,1064,150,1
13055,1064,774,1
13056,1064,712,1
13057,1064,979,1
13058,1064,1095,1
13059,1064,911,1
13060,1064,329,1
13061,1064,851,1
13062,1064,151,1
13063,1064,71,1
13064,1064,1004,1
13065,1064,253,1
13066,1064,683,1
13067,1064,843,1
13068,1064,42,1
13069,1064,1008,1
13070,1064,289,1
13071,1064,171,1
13072,1064,0,1
13073,1064,1159,1
13074,1064,266,1
13075,1064,954,1
13076,1064,33,1
13077,1064,582,1
13078,1064,127,1
13079,1064,649,1
13080,1064,1000,1
13081,1064,591,1
13082,1064,453,1
13083,1064,46,1
13084,1064,605,1
13085,1064,214,1
13086,1064,597,1
13087,1064,144,1
13088,1064,445,1
13089,1064,392,1
13090,1064,155,1
13091,1064,1031,1
13092,1064,572,1
13093,1064,715,1
13094,1064,857,1
13095,1064,1122,1
13096,1064,470,1
13097,1064,689,1
13098,1064,191,1
13099,1064,983,1
13100,1064,459,1
13101,1064,378,1
13102,1064,142,1
13103,1064,429,1
13104,1064,926,1
13105,1064,95,1
13106,1064,472,1
13107,1064,415,1
13108,1064,74,1
13109,1064,1041,1
13110,1064,915,1
13111,1064,1171,1
13112,1064,786,1
13113,1064,748,1
13114,1064,950,1
13115,1064,11,1
13116,1064,89,1
13117,1064,56,1
13118,1064,717,1
13119,1064,883,1
13120,1064,506,1
13121,1064,1098,1
13122,1064,669,1
13123,1064,462,1
13124,1064,1183,1
13125,1064,457,1
13126,1064,104,1
13127,1064,670,1
13128,1064,43,1
13129,1064,557,1
13130,1064,439,1
13131,1064,561,1
13132,1064,256,1
13133,1064,180,1
13134,1064,914,1
13135,1064,1096,1
13136,1064,363,1
13137,1064,134,1
13138,1064,515,1
13139,1064,607,1
13140,1064,112,1
13141,1064,1079,1
13142,1064,629,1
13143,1064,516,1
13144,1064,929,1
13145,1064,905,1
13146,1064,814,1
13147,1064,678,1
13148,1064,69,1
13149,1064,844,1
13150,1064,1140,1
13151,1064,6,1
13152,1064,319,1
13153,1064,209,1
13154,1064,389,1
13155,1064,341,1
13156,1064,270,1
13157,1064,647,1
13158,1064,432,1
13159,1064,1076,1
13160,1064,623,1
13161,1064,1048,1
13162,1064,1010,1
13163,1064,612,1
13164,1064,981,1
13165,1064,103,1
13166,1064,718,1
13167,1064,943,1
13168,1064,488,1
13169,1064,630,1
13170,1064,511,1
13171,1064,283,1
13172,1064,1144,1
13173,1064,109,1
13174,1064,792,1
13175,1064,482,1
13176,1064,923,1
13177,1064,294,1
13178,1064,338,1
13179,1064,1080,1
13180,1064,1165,1
13181,1064,549,1
13182,1064,82,1
13183,1064,806,1
13184,1064,327,1
13185,1064,130,1
13186,1064,1006,1
13187,1064,1181,1
13188,1064,1091,1
13189,1064,825,1
13190,1064,571,1
13191,1064,578,1
13192,1064,1130,1
13193,1064,761,1
13194,1064,343,1
13195,1064,517,1
13196,1064,75,1
13197,1064,394,1
13198,1064,897,1
13199,1064,777,1
13200,1064,1066,1
13201,1064,951,1
13202,1064,1099,1
13203,1064,223,1
13204,1064,120,1
13205,1064,650,1
13206,1064,402,1
13207,1064,369,1
13208,1064,585,1
13209,1064,5,1
13210,1064,813,1
13211,1064,125,1
13212,1064,783,1
13213,1064,364,1
13214,1064,778,1
13215,1064,927,1
13216,1064,672,1
13217,1064,305,1
13218,1064,655,1
13219,1064,866,1
13220,1064,290,1
13221,1064,982,1
13222,1064,925,1
13223,1064,486,1
13224,1064,1193,1
13225,1064,930,1
13226,1064,913,1
13227,1064,240,1
13228,1064,510,1
13229,1064,780,1
13230,1064,114,1
13231,1143,601,1
13232,1143,393,1
13233,1143,243,1
13234,1143,642,1
13235,1143,461,1
13236,1143,154,1
13237,1143,686,1
13238,1143,258,1
13239,1143,923,1
13240,1143,355,1
13241,1143,843,1
13242,1143,542,1
13243,1143,1140,1
13244,1143,609,1
13245,1143,153,1
13246,1143,16,1
13247,1143,992,1
13248,1143,34,1
13249,1143,770,1
13250,1143,20,1
13251,1143,935,1
13252,1143,74,1
13253,1143,166,1
13254,1143,569,1
13255,1143,860,1
13256,1143,377,1
13257,1143,829,1
13258,1143,1135,1
13259,1143,507,1
13260,1143,316,1
13261,1143,200,1
13262,1143,1151,1
13263,1143,982,1
13264,1143,959,1
13265,1143,776,1
13266,1143,39,1
13267,1143,621,1
13268,1143,946,1
13269,1143,685,1
13270,1143,23,1
13271,1143,367,1
13272,1143,448,1
13273,1143,127,1
13274,1143,683,1
13275,1143,1086,1
13276,1143,619,1
13277,1143,433,1
13278,1143,751,1
13279,1143,634,1
13280,1143,897,1
13281,1143,413,1
13282,1143,1185,1
13283,1143,521,1
13284,1143,898,1
13285,1143,330,1
13286,1143,280,1
13287,1143,1004,1
13288,1143,694,1
13289,1143,1099,1
13290,1143,300,1
13291,1143,246,1
13292,1143,666,1
13293,1143,1201,1
13294,1143,398,1
13295,1143,1181,1
13296,1143,45,1
13297,1143,516,1
13298,1143,760,1
13299,1143,1097,1
13300,1143,1075,1
13301,1143,226,1
13302,1143,529,1
13303,1143,653,1
13304,1143,637,1
13305,1143,867,1
13306,1143,442,1
13307,1143,99,1
13308,1143,1152,1
13309,1143,84,1
13310,1143,380,1
13311,1143,467,1
13312,1143,1112,1
13313,1143,59,1
13314,1143,790,1
13315,1143,135,1
13316,1143,351,1
13317,1143,669,1
13318,1143,1019,1
13319,1143,502,1
13320,1143,555,1
13321,1143,744,1
13322,1143,498,1
13323,1143,385,1
13324,1143,597,1
13325,1143,758,1
13326,1143,1015,1
13327,1143,164,1
13328,1143,942,1
13329,1143,920,1
13330,1143,469,1
13331,1143,109,1
13332,1143,745,1
13333,1143,1087,1
13334,1143,625,1
13335,1143,580,1
13336,1143,1146,1
13337,1143,803,1
13338,1143,1007,1
13339,1143,426,1
13340,1143,378,1
13341,1143,242,1
13342,1143,308,1
13343,1143,49,1
13344,1143,528,1
13345,1143,58,1
13346,1143,98,1
13347,1143,62,1
13348,1143,1064,1
13349,1143,747,1
13350,1143,524,1
13351,1143,266,1
13352,1143,410,1
13353,1143,430,1
13354,1143,565,1
13355,1143,1145,1
13356,1143,773,1
13357,1143,180,1
13358,1143,746,1
13359,1143,684,1
13360,1143,212,1
13361,1143,835,1
13362,1143,687,1
13363,1143,136,1
13364,1143,981,1
13365,1143,1016,1
13366,1143,239,1
13367,1143,900,1
13368,1143,598,1
13369,1143,14,1
13370,1143,4,1
13371,1143,353,1
13372,1143,725,1
13373,1143,304,1
13374,1143,715,1
13375,1143,346,1
13376,1143,143,1
13377,1143,282,1
13378,1143,782,1
13379,1143,44,1
13380,1143,295,1
13381,1143,789,1
13382,1143,178,1
13383,1143,272,1
13384,1143,472,1
13385,1143,801,1
13386,1143,531,1
13387,1143,234,1
13388,1143,661,1
13389,1143,630,1
13390,1143,1160,1
13391,1143,177,1
13392,1143,1085,1
13393,1143,1093,1
13394,1143,807,1
13395,1143,267,1
13396,1143,438,1
13397,1143,415,1
13398,1143,949,1
13399,1143,936,1
13400,1143,523,1
13401,1143,290,1
13402,1143,822,1
13403,1143,363,1
13404,1143,263,1
13405,1143,1095,1
13406,1143,352,1
13407,1143,307,1
13408,1143,952,1
13409,1143,1024,1
13410,1143,541,1
13411,1143,113,1
13412,1143,112,1
13413,1143,567,1
13414,1143,1058,1
13415,1143,607,1
13416,1143,573,1
13417,1143,105,1
13418,1143,644,1
13419,1143,1073,1
13420,1143,60,1
13421,1143,187,1
13422,1143,740,1
13423,1143,608,1
13424,1143,72,1
13425,1143,253,1
13426,1143,945,1
13427,1143,28,1
13428,1143,142,1
13429,1143,405,1
13430,1143,857,1
13431,1143,419,1
13432,1143,1177,1
13433,1143,612,1
13434,1143,342,1
13435,1143,903,1
13436,1143,890,1
13437,1143,861,1
13438,1143,622,1
13439,1143,928,1
13440,1143,692,1
13441,1143,1123,1
13442,1143,963,1
13443,1143,1172,1
13444,1143,1069,1
13445,1143,465,1
13446,1143,278,1
13447,1143,501,1
13448,1143,591,1
13449,1143,309,1
13450,1143,471,1
13451,1143,853,1
13452,1143,902,1
13453,1143,131,1
13454,1143,548,1
13455,1143,119,1
13456,1143,956,1
13457,1143,767,1
13458,1143,1017,1
13459,1143,340,1
13460,1143,721,1
13461,1143,77,1
13462,1143,662,1
13463,1143,854,1
13464,1143,458,1
13465,1143,64,1
13466,1143,372,1
13467,1143,1199,1
13468,1143,85,1
13469,1143,805,1
13470,1143,90,1
13471,1143,559,1
13472,1143,104,1
13473,1143,457,1
13474,1143,908,1
13475,1143,305,1
13476,1143,1162,1
13477,1143,596,1
13478,1143,1084,1
13479,1143,1037,1
13480,1143,1040,1
13481,1143,1104,1
13482,1143,629,1
13483,1143,192,1
13484,1143,356,1
13485,1143,704,1
13486,1143,824,1
13487,1143,140,1
13488,1143,794,1
13489,1143,453,1
13490,1143,275,1
13491,1143,1108,1
13492,1143,1077,1
13493,1143,1131,1
13494,1143,422,1
13495,1143,257,1
13496,1143,599,1
13497,1143,512,1
13498,1143,1060,1
13499,1143,1042,1
13500,1143,517,1
13501,1143,167,1
13502,1143,1044,1
13503,1143,613,1
13504,1143,680,1
13505,1143,1003,1
13506,1143,1124,1
13507,1143,791,1
13508,1143,482,1
13509,1143,1170,1
13510,1143,1156,1
13511,1143,431,1
13512,1143,774,1
13513,1143,879,1
13514,1143,756,1
13515,1143,207,1
13516,1143,271,1
13517,1143,1196,1
13518,1143,614,1
13519,1143,1050,1
13520,1143,530,1
13521,1143,1139,1
13522,1143,546,1
13523,1143,1052,1
13524,1143,922,1
13525,1143,265,1
13526,1143,874,1
13527,1143,2,1
13528,1143,944,1
13529,1143,864,1
13530,1143,1043,1
13531,1143,526,1
13532,1143,696,1
13533,1143,225,1
13534,1143,195,1
13535,1143,354,1
13536,1143,315,1
13537,1143,175,1
13538,1143,797,1
13539,1143,491,1
13540,1143,841,1
13541,1143,416,1
13542,1143,830,1
13543,1143,658,1
13544,1143,15,1
13545,1143,146,1
13546,1143,674,1
13547,1143,547,1
13548,1143,1128,1
13549,1143,708,1
13550,1143,943,1
13551,1143,1081,1
13552,1143,933,1
13553,1143,447,1
13554,1143,1008,1
13555,1143,961,1
13556,1143,373,1
13557,1143,231,1
13558,1143,924,1
13559,1143,1105,1
13560,1143,837,1
13561,1143,376,1
13562,1143,535,1
13563,1143,651,1
13564,1143,273,1
13565,1143,701,1
13566,1143,707,1
13567,1143,998,1
13568,1143,1141,1
13569,1143,255,1
13570,1143,702,1
13571,1143,404,1
13572,1143,182,1
13573,1143,672,1
13574,1143,718,1
13575,1143,6,1
13576,1143,486,1
13577,1143,12,1
13578,1143,1074,1
13579,1143,338,1
13580,1143,138,1
13581,1143,948,1
13582,1143,742,1
13583,1143,1066,1
13584,1143,990,1
13585,1143,950,1
13586,1143,527,1
13587,1143,556,1
13588,1143,710,1
13589,1143,199,1
13590,1143,53,1
13591,1143,786,1
13592,1143,536,1
13593,1143,496,1
13594,1143,21,1
13595,1143,792,1
13596,1143,111,1
13597,1143,885,1
13598,1143,522,1
13599,1143,1190,1
13600,1143,87,1
13601,1143,624,1
13602,1143,428,1
13603,1143,732,1
13604,1143,931,1
13605,1143,133,1
13606,1143,611,1
13607,1143,36,1
13608,1143,1107,1
13609,1143,132,1
13610,1143,564,1
13611,1143,576,1
13612,1143,975,1
13613,1143,368,1
13614,1143,235,1
13615,1143,771,1
13616,1143,553,1
13617,1143,1083,1
13618,1143,987,1
13619,1143,281,1
13620,1143,1006,1
13621,1143,256,1
13622,1143,179,1
13623,1143,19,1
13624,1143,1125,1
13625,1143,884,1
13626,1143,509,1
13627,1143,679,1
13628,1143,493,1
13629,1143,955,1
13630,1143,964,1
13631,1143,240,1
13632,1143,149,1
13633,1143,518,1
13634,1143,479,1
13635,1143,914,1
13636,1143,820,1
13637,1143,488,1
13638,1143,299,1
13639,1143,503,1
13640,1143,514,1
13641,1143,1076,1
13642,1143,434,1
13643,1143,443,1
13644,1143,650,1
13645,1143,1198,1
13646,1143,1176,1
13647,1143,7,1
13648,1143,360,1
13649,1143,705,1
13650,1143,277,1
13651,1143,904,1
13652,1143,670,1
13653,1143,144,1
13654,1143,95,1
13655,1143,912,1
13656,1143,217,1
13657,1143,859,1
13658,1143,636,1
13659,1143,586,1
13660,1143,462,1
13661,1143,188,1
13662,1143,116,1
13663,1143,129,1
13664,1143,420,1
13665,1143,92,1
13666,1143,648,1
13667,1143,896,1
13668,1143,229,1
13669,1143,927,1
13670,1143,139,1
13671,1143,991,1
13672,1143,68,1
13673,1143,605,1
13674,1143,1115,1
13675,1143,1165,1
13676,1143,124,1
13677,1143,780,1
13678,1143,204,1
13679,1143,566,1
13680,1143,893,1
13681,1143,162,1
13682,1143,71,1
13683,1143,414,1
13684,1143,5,1
13685,1143,735,1
13686,1143,537,1
13687,1143,1049,1
13688,1143,130,1
13689,1143,646,1
13690,1143,329,1
13691,1143,862,1
13692,1143,1067,1
13693,1143,520,1
13694,1143,877,1
13695,1143,339,1
13696,1143,1163,1
13697,1143,617,1
13698,1143,417,1
13699,1143,821,1
13700,1143,631,1
13701,1143,1100,1
13702,1143,1200,1
13703,1143,783,1
13704,1143,918,1
13705,1143,455,1
13706,1143,1193,1
13707,1143,659,1
13708,1143,826,1
13709,1143,336,1
13710,1143,97,1
13711,1143,563,1
13712,1143,186,1
13713,1143,925,1
13714,1143,497,1
13715,1143,446,1
13716,1143,421,1
13717,1143,1000,1
13718,1143,464,1
13719,1143,691,1
13720,1143,813,1
13721,1143,201,1
13722,1143,883,1
13723,1143,327,1
13724,1143,519,1
13725,1143,748,1
13726,1143,663,1
13727,1143,88,1
13728,1143,1062,1
13729,1143,285,1
13730,1143,11,1
13731,1143,558,1
13732,1143,224,1
13733,1143,1014,1
13734,1143,689,1
13735,1143,668,1
13736,1143,238,1
13737,1143,1130,1
13738,1143,444,1
13739,1143,866,1
13740,1143,870,1
13741,1143,362,1
13742,1143,681,1
13743,1143,117,1
13744,1143,851,1
13745,1143,1129,1
13746,1143,37,1
13747,1143,160,1
13748,1143,197,1
13749,1143,196,1
13750,1143,980,1
13751,1143,89,1
13752,1143,298,1
13753,1143,296,1
13754,1143,379,1
13755,1143,604,1
13756,1143,451,1
13757,1143,396,1
13758,1143,852,1
13759,1143,848,1
13760,1143,1039,1
13761,1143,499,1
13762,1143,971,1
13763,1143,643,1
13764,1143,572,1
13765,1143,976,1
13766,1143,788,1
13767,1143,326,1
13768,1143,1061,1
13769,1143,470,1
13770,1143,475,1
13771,1143,1091,1
13772,1143,390,1
13773,1143,1136,1
13774,1143,310,1
13775,1143,31,1
13776,1143,1197,1
13777,1143,168,1
13778,1143,82,1
13779,1143,241,1
13780,1143,294,1
13781,1143,917,1
13782,1143,678,1
13783,1143,736,1
13784,1143,481,1
13785,1143,191,1
13786,1143,69,1
13787,1143,259,1
13788,1143,800,1
13789,1143,1051,1
13790,1143,970,1
13791,1143,957,1
13792,1143,655,1
13793,1143,989,1
13794,1143,291,1
13795,1143,283,1
13796,1143,247,1
13797,1143,1035,1
13798,1143,391,1
13799,1143,554,1
13800,1143,844,1
13801,1143,590,1
13802,1143,876,1
13803,1143,121,1
13804,1143,209,1
13805,1143,552,1
13806,1143,276,1
13807,1143,484,1
13808,1143,560,1
13809,1143,474,1
13810,1143,1195,1
13811,1143,429,1
13812,1143,1103,1
13813,1143,618,1
13814,1143,610,1
13815,1143,574,1
13816,1143,551,1
13817,1143,719,1
13818,1143,1203,1
13819,1143,817,1
13820,1143,919,1
13821,1143,973,1
13822,1143,1063,1
13823,1143,1032,1
13824,1143,1102,1
13825,1143,228,1
13826,1143,1034,1
13827,1143,603,1
13828,1143,916,1
13829,1143,869,1
13830,1143,839,1
13831,1143,1023,1
13832,1143,652,1
13833,1143,50,1
13834,1143,1119,1
13835,1143,47,1
13836,1143,967,1
13837,1143,312,1
13838,1143,582,1
13839,1143,227,1
13840,1143,769,1
13841,1143,784,1
13842,1143,796,1
13843,1143,778,1
13844,1143,675,1
13845,1143,833,1
13846,1143,375,1
13847,1143,997,1
13848,1143,713,1
13849,1143,1147,1
13850,1143,508,1
13851,1143,432,1
13852,1143,1167,1
13853,1143,284,1
13854,1143,205,1
13855,1143,83,1
13856,1143,254,1
13857,1143,41,1
13858,1143,1021,1
13859,1143,244,1
13860,1143,656,1
13861,1143,445,1
13862,1143,406,1
13863,1143,937,1
13864,1143,189,1
13865,1143,994,1
13866,1143,495,1
13867,1143,289,1
13868,1143,1194,1
13869,1143,639,1
13870,1143,76,1
13871,1143,51,1
13872,1143,260,1
13873,1143,392,1
13874,1143,1126,1
13875,1143,711,1
13876,1143,688,1
13877,1143,888,1
13878,1143,1144,1
13879,1143,345,1
13880,1143,183,1
13881,1143,575,1
13882,1143,850,1
13883,1143,157,1
13884,1143,1188,1
13885,1143,223,1
13886,1143,1134,1
13887,1143,1072,1
13888,1143,350,1
13889,1143,1120,1
13890,1143,1046,1
13891,1143,1045,1
13892,1143,3,1
13893,1143,106,1
13894,1143,588,1
13895,1143,1088,1
13896,1143,811,1
13897,1143,1078,1
13898,1143,27,1
13899,1143,73,1
13900,1143,825,1
13901,1143,174,1
13902,1143,485,1
13903,1143,763,1
13904,1143,184,1
13905,1143,677,1
13906,1143,1184,1
13907,1143,332,1
13908,1143,264,1
13909,1143,412,1
13910,1143,818,1
13911,1143,863,1
13912,1143,649,1
13913,1143,185,1
13914,1143,828,1
13915,1143,56,1
13916,1143,389,1
13917,1143,400,1
13918,1143,55,1
13919,1143,402,1
13920,1143,321,1
13921,1143,615,1
13922,1143,297,1
13923,1143,303,1
13924,1143,96,1
13925,1143,544,1
13926,1143,700,1
13927,1143,100,1
13928,1143,151,1
13929,1143,450,1
13930,1143,347,1
13931,1143,697,1
13932,1143,381,1
13933,1143,712,1
13934,1143,932,1
13935,1143,387,1
13936,1143,540,1
13937,1143,115,1
13938,1143,1187,1
13939,1162,1037,1
13940,1162,50,1
13941,1162,1086,1
13942,1162,879,1
13943,1162,1123,1
13944,1162,1011,1
13945,1162,699,1
13946,1162,1153,1
13947,1162,1060,1
13948,1162,1158,1
13949,1162,29,1
13950,1162,578,1
13951,1162,785,1
13952,1162,819,1
13953,1162,203,1
13954,1162,490,1
13955,1162,881,1
13956,1162,574,1
13957,1162,1038,1
13958,1162,641,1
13959,1162,1077,1
13960,1162,527,1
13961,1162,552,1
13962,1162,13,1
13963,1162,1016,1
13964,1162,962,1
13965,1162,230,1
13966,1162,26,1
13967,1162,757,1
13968,1162,212,1
13969,1162,955,1
13970,1162,1036,1
13971,1162,323,1
13972,1162,716,1
13973,1162,839,1
13974,1162,966,1
13975,1162,892,1
13976,1162,135,1
13977,1162,923,1
13978,1162,958,1
13979,1162,545,1
13980,1162,491,1
13981,1162,1172,1
13982,1162,933,1
13983,1162,1053,1
13984,1162,894,1
13985,1162,364,1
13986,1162,662,1
13987,1162,704,1
13988,1162,924,1
13989,1162,392,1
13990,1162,503,1
13991,1162,144,1
13992,1162,961,1
13993,1162,452,1
13994,1162,42,1
13995,1162,1167,1
13996,1162,6,1
13997,1162,220,1
13998,1162,214,1
13999,1162,711,1
14000,1162,341,1
14001,1162,342,1
14002,1162,379,1
14003,1162,53,1
14004,1162,772,1
14005,1162,326,1
14006,1162,188,1
14007,1162,560,1
14008,1162,692,1
14009,1162,471,1
14010,1162,856,1
14011,1162,160,1
14012,1162,758,1
14013,1162,152,1
14014,1162,673,1
14015,1162,619,1
14016,1162,555,1
14017,1162,870,1
14018,1162,700,1
14019,1162,1194,1
14020,1162,781,1
14021,1162,826,1
14022,1162,612,1
14023,1162,348,1
14024,1162,213,1
14025,1162,142,1
14026,1162,1120,1
14027,1162,850,1
14028,1162,1075,1
14029,1162,558,1
14030,1162,807,1
14031,1162,956,1
14032,1162,195,1
14033,1162,912,1
14034,1162,1136,1
14035,1162,474,1
14036,1162,536,1
14037,1162,11,1
14038,1162,1100,1
14039,1162,1188,1
14040,1162,1054,1
14041,1162,1138,1
14042,1162,854,1
14043,1162,927,1
14044,1162,928,1
14045,1162,270,1
14046,1162,998,1
14047,1162,937,1
14048,1162,1002,1
14049,1162,907,1
14050,1162,1097,1
14051,1162,518,1
14052,1162,571,1
14053,1162,1083,1
14054,1162,784,1
14055,1162,899,1
14056,1162,334,1
14057,1162,1131,1
14058,1162,235,1
14059,1162,93,1
14060,1162,402,1
14061,1162,229,1
14062,1162,319,1
14063,1162,427,1
14064,1162,370,1
14065,1162,372,1
14066,1162,626,1
14067,1162,921,1
14068,1162,375,1
14069,1162,259,1
14070,1162,292,1
14071,1162,1106,1
14072,1162,931,1
14073,1162,43,1
14074,1162,695,1
14075,1162,610,1
14076,1162,105,1
14077,1162,842,1
14078,1162,371,1
14079,1162,127,1
14080,1162,311,1
14081,1162,267,1
14082,1162,1072,1
14083,1162,1169,1
14084,1162,812,1
14085,1162,451,1
14086,1162,847,1
14087,1162,57,1
14088,1162,791,1
14089,1162,407,1
14090,1162,898,1
14091,1162,204,1
14092,1162,201,1
14093,1162,400,1
14094,1162,1154,1
14095,1162,667,1
14096,1162,1099,1
14097,1162,605,1
14098,1162,207,1
14099,1162,1098,1
14100,1162,298,1
14101,1162,747,1
14102,1162,688,1
14103,1162,872,1
14104,1162,551,1
14105,1162,769,1
14106,1162,797,1
14107,1162,963,1
14108,1162,10,1
14109,1162,74,1
14110,1162,337,1
14111,1162,777,1
14112,1162,506,1
14113,1162,530,1
14114,1162,1015,1
14115,1162,650,1
14116,1162,544,1
14117,1162,130,1
14118,1162,657,1
14119,1162,622,1
14120,1162,671,1
14121,1162,435,1
14122,1162,611,1
14123,1162,730,1
14124,1162,158,1
14125,1162,959,1
14126,1162,941,1
14127,1162,303,1
14128,1162,173,1
14129,1162,412,1
14130,1162,361,1
14131,1162,888,1
14132,1162,672,1
14133,1162,689,1
14134,1162,413,1
14135,1162,729,1
14136,1162,338,1
14137,1162,691,1
14138,1162,830,1
14139,1162,947,1
14140,1162,1127,1
14141,1162,618,1
14142,1162,314,1
14143,1162,868,1
14144,1162,131,1
14145,1162,269,1
14146,1162,1189,1
14147,1162,1090,1
14148,1162,206,1
14149,1162,1046,1
14150,1162,217,1
14151,1162,354,1
14152,1162,104,1
14153,1162,351,1
14154,1162,434,1
14155,1162,37,1
14156,1162,262,1
14157,1162,79,1
14158,1162,529,1
14159,1162,1034,1
14160,1162,570,1
14161,1162,416,1
14162,1162,243,1
14163,1162,89,1
14164,1162,1003,1
14165,1162,287,1
14166,1162,659,1
14167,1162,664,1
14168,1162,414,1
14169,1162,855,1
14170,1162,289,1
14171,1162,1116,1
14172,1162,707,1
14173,1162,493,1
14174,1162,141,1
14175,1162,512,1
14176,1162,763,1
14177,1162,1159,1
14178,1162,111,1
14179,1162,120,1
14180,1162,1063,1
14181,1162,1102,1
14182,1162,521,1
14183,1162,306,1
14184,1162,893,1
14185,1162,683,1
14186,1162,971,1
14187,1162,810,1
14188,1162,260,1
14189,1162,718,1
14190,1162,1040,1
14191,1162,194,1
14192,1162,1114,1
14193,1162,186,1
14194,1162,1160,1
14195,1162,954,1
14196,1162,660,1
14197,1162,596,1
14198,1162,483,1
14199,1162,322,1
14200,1162,439,1
14201,1162,588,1
14202,1162,754,1
14203,1162,1115,1
14204,1162,778,1
14205,1162,114,1
14206,1162,70,1
14207,1162,576,1
14208,1162,1025,1
14209,1162,540,1
14210,1162,638,1
14211,1162,1028,1
14212,1162,726,1
14213,1162,332,1
14214,1162,1119,1
14215,1162,831,1
14216,1162,584,1
14217,1162,189,1
14218,1162,1141,1
14219,1162,257,1
14220,1162,919,1
14221,1162,1067,1
14222,1162,1059,1
14223,1162,580,1
14224,1162,455,1
14225,1162,140,1
14226,1162,824,1
14227,1162,357,1
14228,1162,663,1
14229,1162,478,1
14230,1162,486,1
14231,1162,782,1
14232,1162,838,1
14233,1162,9,1
14234,1162,554,1
14235,1162,1079,1
14236,1162,1179,1
14237,1162,191,1
14238,1162,181,1
14239,1162,426,1
14240,1162,242,1
14241,1162,456,1
14242,1162,569,1
14243,1162,508,1
14244,1162,748,1
14245,1162,873,1
14246,1162,422,1
14247,1162,117,1
14248,1162,296,1
14249,1162,447,1
14250,1162,548,1
14251,1162,41,1
14252,1162,84,1
14253,1162,599,1
14254,1162,184,1
14255,1162,353,1
14256,1162,633,1
14257,1162,1163,1
14258,1162,796,1
14259,1162,454,1
14260,1162,878,1
14261,1162,802,1
14262,1162,631,1
14263,1162,734,1
14264,1162,38,1
14265,1162,617,1
14266,1162,989,1
14267,1162,75,1
14268,1162,405,1
14269,1162,514,1
14270,1162,441,1
14271,1162,751,1
14272,1162,607,1
14273,1162,834,1
14274,1162,409,1
14275,1162,553,1
14276,1162,573,1
14277,1162,472,1
14278,1162,586,1
14279,1162,725,1
14280,1162,867,1
14281,1162,950,1
14282,1162,926,1
14283,1162,295,1
14284,1162,1147,1
14285,1162,273,1
14286,1162,674,1
14287,1162,889,1
14288,1162,52,1
14289,1162,1124,1
14290,1162,579,1
14291,1162,27,1
14292,1162,666,1
14293,1162,517,1
14294,1162,380,1
14295,1162,165,1
14296,1162,832,1
14297,1162,1051,1
14298,1162,149,1
14299,1162,461,1
14300,1162,381,1
14301,1162,308,1
14302,1162,1203,1
14303,1162,614,1
14304,1162,248,1
14305,1162,197,1
14306,1162,942,1
14307,1162,1144,1
14308,1162,651,1
14309,1162,643,1
14310,1162,448,1
14311,1162,739,1
14312,1162,1145,1
14313,1162,589,1
14314,1162,25,1
14315,1162,811,1
14316,1162,844,1
14317,1162,297,1
14318,1162,378,1
14319,1162,587,1
14320,1162,964,1
14321,1162,615,1
14322,1162,906,1
14323,1162,1174,1
14324,1162,288,1
14325,1162,845,1
14326,1162,330,1
14327,1162,424,1
14328,1162,965,1
14329,1162,995,1
14330,1162,823,1
14331,1162,2,1
14332,1162,34,1
14333,1162,196,1
14334,1162,935,1
14335,1162,161,1
14336,1162,601,1
14337,1162,656,1
14338,1162,363,1
14339,1162,450,1
14340,1162,368,1
14341,1162,640,1
14342,1162,1195,1
14343,1162,162,1
14344,1162,639,1
14345,1162,562,1
14346,1162,948,1
14347,1162,137,1
14348,1162,61,1
14349,1162,1176,1
14350,1162,885,1
14351,1162,240,1
14352,1162,423,1
14353,1162,463,1
14354,1162,900,1
14355,1162,179,1
14356,1162,475,1
14357,1162,1166,1
14358,1162,420,1
14359,1162,1095,1
14360,1162,943,1
14361,1162,394,1
14362,1162,1129,1
14363,1162,1017,1
14364,1162,990,1
14365,1162,1008,1
14366,1162,272,1
14367,1162,572,1
14368,1162,102,1
14369,1162,620,1
14370,1162,975,1
14371,1162,944,1
14372,1162,1023,1
14373,1162,487,1
14374,1162,261,1
14375,1162,986,1
14376,1162,258,1
14377,1162,263,1
14378,1162,238,1
14379,1162,753,1
14380,1162,723,1
14381,1162,759,1
14382,1162,1134,1
14383,1162,745,1
14384,1162,19,1
14385,1162,280,1
14386,1162,616,1
14387,1162,649,1
14388,1162,783,1
14389,1162,386,1
14390,1162,119,1
14391,1162,88,1
14392,1162,916,1
14393,1162,627,1
14394,1162,957,1
14395,1162,190,1
14396,1162,33,1
14397,1162,792,1
14398,1162,234,1
14399,1162,513,1
14400,1162,644,1
14401,1162,629,1
14402,1162,675,1
14403,1162,233,1
14404,1162,193,1
14405,1162,199,1
14406,1162,835,1
14407,1162,1109,1
14408,1162,1201,1
14409,1162,981,1
14410,1162,31,1
14411,1162,827,1
14412,1162,1033,1
14413,1162,1070,1
14414,1162,154,1
14415,1162,222,1
14416,1162,329,1
14417,1162,247,1
14418,1162,425,1
14419,1162,1108,1
14420,1162,849,1
14421,1162,779,1
14422,1162,60,1
14423,1162,874,1
14424,1162,788,1
14425,1162,818,1
14426,1162,786,1
14427,1162,446,1
14428,1162,801,1
14429,1162,278,1
14430,1162,406,1
14431,1162,347,1
14432,1162,648,1
14433,1162,1081,1
14434,1162,1177,1
14435,1162,669,1
14436,1162,511,1
14437,1162,546,1
14438,1162,911,1
14439,1162,155,1
14440,1162,166,1
14441,1162,743,1
14442,1162,64,1
14443,1162,1058,1
14444,1162,459,1
14445,1162,1196,1
14446,1162,1082,1
14447,1162,39,1
14448,1162,318,1
14449,1162,1101,1
14450,1162,533,1
14451,1162,1039,1
14452,1162,385,1
14453,1162,421,1
14454,1162,417,1
14455,1162,345,1
14456,1162,930,1
14457,1162,367,1
14458,1162,800,1
14459,1162,1010,1
14460,1162,567,1
14461,1162,90,1
14462,1162,635,1
14463,1162,563,1
14464,1162,901,1
14465,1162,150,1
14466,1162,713,1
14467,1162,914,1
14468,1162,265,1
14469,1162,183,1
14470,1162,814,1
14471,1162,817,1
14472,1162,936,1
14473,1162,294,1
14474,1162,550,1
14475,1162,1180,1
14476,1162,520,1
14477,1162,71,1
14478,1162,575,1
14479,1162,813,1
14480,1162,709,1
14481,1162,40,1
14482,1162,219,1
14483,1162,1005,1
14484,1162,284,1
14485,1162,30,1
14486,1162,915,1
14487,1162,502,1
14488,1162,983,1
14489,1162,1071,1
14490,1162,281,1
14491,1162,23,1
14492,1162,1,1
14493,1162,997,1
14494,1162,63,1
14495,1162,1200,1
14496,1162,500,1
14497,1162,300,1
14498,1162,108,1
14499,1162,1088,1
14500,1162,143,1
14501,1162,984,1
14502,1162,815,1
14503,1162,5,1
14504,1162,390,1
14505,1162,804,1
14506,1162,1104,1
14507,1162,91,1
14508,1162,670,1
14509,1162,255,1
14510,1162,307,1
14511,1162,362,1
14512,1162,80,1
14513,1162,1084,1
14514,1162,481,1
14515,1162,121,1
14516,1162,775,1
14517,1162,224,1
14518,1162,1142,1
14519,1162,577,1
14520,1162,903,1
14521,1162,703,1
14522,1162,583,1
14523,1162,309,1
14524,1162,908,1
14525,1162,556,1
14526,1162,133,1
14527,1162,1050,1
14528,1162,1155,1
14529,1162,101,1
14530,1162,78,1
14531,1162,442,1
14532,1162,632,1
14533,1162,661,1
14534,1162,764,1
14535,1162,960,1
14536,1162,808,1
14537,1162,159,1
14538,1162,630,1
14539,1162,647,1
14540,1162,1035,1
14541,1162,453,1
14542,1162,1192,1
14543,1162,736,1
14544,1162,1056,1
14545,1162,1110,1
14546,1162,820,1
14547,1162,799,1
14548,1162,1165,1
14549,1162,129,1
14550,1162,180,1
14551,1162,581,1
14552,1162,774,1
14553,1162,58,1
14554,1162,388,1
14555,1162,891,1
14556,1162,1042,1
14557,1162,4,1
14558,1162,128,1
14559,1162,1085,1
14560,1162,355,1
14561,1162,496,1
14562,1162,1150,1
14563,1162,410,1
14564,1162,1111,1
14565,1162,861,1
14566,1162,488,1
14567,1162,264,1
14568,1162,564,1
14569,1162,171,1
14570,1162,28,1
14571,1162,458,1
14572,1162,1130,1
14573,1162,271,1
14574,1162,249,1
14575,1162,1148,1
14576,1162,187,1
14577,1162,561,1
14578,1162,1031,1
14579,1162,987,1
14580,1162,14,1
14581,1162,590,1
14582,1162,982,1
14583,1162,1032,1
14584,1162,705,1
14585,1162,535,1
14586,1162,16,1
14587,1162,1175,1
14588,1162,833,1
14589,1162,1128,1
14590,1162,97,1
14591,1162,20,1
14592,1162,225,1
14593,1162,613,1
14594,1162,333,1
14595,1162,828,1
14596,1162,1064,1
14597,1162,374,1
14598,1162,702,1
14599,1162,244,1
14600,1162,951,1
14601,1162,714,1
14602,1162,871,1
14603,1162,1044,1
14604,1162,735,1
14605,1162,253,1
14606,1162,301,1
14607,1162,680,1
14608,1162,866,1
14609,1162,1048,1
14610,1162,205,1
14611,1162,305,1
14612,1162,634,1
14613,1162,1009,1
14614,1162,250,1
14615,1162,860,1
14616,1162,658,1
14617,1162,397,1
14618,1162,283,1
14619,1162,476,1
14620,1162,701,1
14621,1162,192,1
14622,1162,36,1
14623,1162,1021,1
14624,1162,499,1
14625,1162,917,1
14626,1162,1018,1
14627,1162,1112,1
14628,1162,282,1
14629,1162,505,1
14630,1162,1001,1
14631,1162,432,1
14632,1162,821,1
14633,1162,59,1
14634,1162,1199,1
14635,1162,636,1
14636,1162,1062,1
14637,1162,76,1
14638,1162,252,1
14639,1162,373,1
14640,1162,794,1
14641,1162,547,1
14642,1162,597,1
14643,1162,996,1
14644,1162,686,1
14645,1162,1190,1
14646,1162,519,1
14647,1162,1113,1
14648,1162,164,1
14649,1162,328,1
14650,1162,336,1
14651,1162,582,1
14652,1162,209,1
14653,1162,44,1
14654,1162,755,1
14655,1162,126,1
14656,1162,73,1
14657,1162,559,1
14658,1162,565,1
14659,1162,324,1
14660,1162,706,1
14661,1162,138,1
14662,1162,988,1
14663,1162,118,1
14664,1162,1191,1
14665,1162,738,1
14666,1162,1091,1
14667,1162,624,1
14668,1162,69,1
14669,1162,604,1
14670,1162,1043,1
14671,1162,1198,1
14672,1162,1186,1
14673,1162,979,1
14674,1162,232,1
14675,1162,905,1
14676,1162,438,1
14677,1162,484,1
14678,1162,851,1
14679,1162,153,1
14680,1162,157,1
14681,1162,198,1
14682,1162,1019,1
14683,1162,1004,1
14684,1162,852,1
14685,1162,1093,1
14686,1162,1202,1
14687,1162,136,1
14688,1162,286,1
14689,1162,1014,1
14690,1162,836,1
14691,1162,45,1
14692,1162,277,1
14693,1162,848,1
14694,1162,216,1
14695,1162,875,1
14696,1162,746,1
14697,1162,473,1
14698,1162,344,1
14699,1162,22,1
14700,1162,696,1
14701,1162,913,1
14702,1162,293,1
14703,1162,884,1
14704,1162,1135,1
14705,1162,391,1
14706,1162,843,1
14707,2,573,0
14708,2,851,0
14709,2,325,0
14710,2,237,0
14711,2,340,0
14712,2,436,0
14713,2,569,0
14714,2,267,0
14715,2,967,0
14716,2,86,0
14717,2,1184,0
14718,2,1074,0
14719,2,881,0
14720,2,215,0
14721,2,1148,0
14722,2,483,0
14723,2,243,0
14724,2,192,0
14725,2,774,0
14726,2,110,0
14727,2,763,0
14728,2,854,0
14729,2,208,0
14730,2,577,0
14731,2,489,0
14732,2,453,0
14733,2,575,0
14734,2,567,0
14735,2,156,0
14736,2,652,0
14737,2,262,0
14738,2,571,0
14739,2,615,0
14740,2,200,0
14741,2,298,0
14742,2,424,0
14743,2,842,0
14744,2,1042,0
14745,2,122,0
14746,2,202,0
14747,2,190,0
14748,2,1022,0
14749,2,978,0
14750,2,206,0
14751,2,999,0
14752,2,126,0
14753,2,640,0
14754,2,1186,0
14755,2,1084,0
14756,2,346,0
14757,2,211,0
14758,2,205,0
14759,2,1161,0
14760,2,176,0
14761,2,956,0
14762,2,653,0
14763,2,1191,0
14764,2,1027,0
14765,2,236,0
14766,2,1192,0
14767,2,145,0
14768,2,803,0
14769,2,566,0
14770,2,1017,0
14771,2,490,0
14772,2,1082,0
14773,2,134,0
14774,2,1124,0
14775,2,552,0
14776,2,1068,0
14777,2,727,0
14778,2,630,0
14779,2,753,0
14780,2,358,0
14781,2,592,0
14782,2,886,0
14783,2,104,0
14784,2,538,0
14785,2,68,0
14786,2,974,0
14787,2,66,0
14788,2,138,0
14789,2,1099,0
14790,2,899,0
14791,2,332,0
14792,2,366,0
14793,2,139,0
14794,2,931,0
14795,2,749,0
14796,2,581,0
14797,2,646,0
14798,2,1065,0
14799,2,969,0
14800,2,171,0
14801,2,636,0
14802,2,995,0
14803,2,671,0
14804,2,677,0
14805,2,48,0
14806,2,585,0
14807,2,458,0
14808,2,395,0
14809,2,288,0
14810,2,371,0
14811,2,45,0
14812,2,910,0
14813,2,711,0
14814,2,547,0
14815,2,906,0
14816,2,324,0
14817,2,343,0
14818,2,1114,0
14819,2,696,0
14820,2,468,0
14821,2,1056,0
14822,2,903,0
14823,2,703,0
14824,2,214,0
14825,2,816,0
14826,2,693,0
14827,2,550,0
14828,2,694,0
14829,2,1079,0
14830,2,536,0
14831,2,887,0
14832,2,421,0
14833,2,1141,0
14834,2,799,0
14835,2,437,0
14836,2,231,0
14837,2,216,0
14838,2,1086,0
14839,2,1031,0
14840,2,40,0
14841,2,195,0
14842,2,952,0
14843,2,414,0
14844,2,128,0
14845,2,594,0
14846,2,913,0
14847,2,1118,0
14848,2,234,0
14849,2,4,0
14850,2,742,0
14851,2,93,0
14852,2,18,0
14853,2,430,0
14854,2,478,0
14855,2,449,0
14856,2,382,0
14857,2,1055,0
14858,2,1020,0
14859,2,619,0
14860,2,793,0
14861,2,419,0
14862,2,286,0
14863,2,985,0
14864,2,1154,0
14865,2,323,0
14866,2,820,0
14867,2,597,0
14868,2,959,0
14869,2,293,0
14870,2,728,0
14871,2,1106,0
14872,2,638,0
14873,2,256,0
14874,2,578,0
14875,2,568,0
14876,2,356,0
14877,2,701,0
14878,2,661,0
14879,2,517,0
14880,2,606,0
14881,2,986,0
14882,2,1168,0
14883,2,213,0
14884,2,812,0
14885,2,1137,0
14886,2,605,0
14887,2,1059,0
14888,2,407,0
14889,9,270,0
14890,9,793,0
14891,9,730,0
14892,9,538,0
14893,9,967,0
14894,9,592,0
14895,9,1020,0
14896,9,313,0
14897,9,902,0
14898,9,196,0
14899,9,606,0
14900,9,1110,0
14901,9,740,0
14902,9,1068,0
14903,9,18,0
14904,9,618,0
14905,9,399,0
14906,9,568,0
14907,9,728,0
14908,9,418,0
14909,9,500,0
14910,9,1027,0
14911,9,1055,0
14912,9,356,0
14913,9,972,0
14914,9,86,0
14915,9,224,0
14916,9,48,0
14917,9,262,0
14918,9,236,0
14919,9,727,0
14920,9,690,0
14921,9,24,0
14922,9,350,0
14923,9,993,0
14924,9,147,0
14925,9,617,0
14926,9,567,0
14927,9,176,0
14928,9,66,0
14929,9,550,0
14930,9,493,0
14931,9,677,0
14932,9,218,0
14933,9,51,0
14934,9,45,0
14935,9,411,0
14936,9,842,0
14937,9,999,0
14938,9,190,0
14939,9,358,0
14940,9,364,0
14941,9,200,0
14942,9,470,0
14943,9,475,0
14944,9,28,0
14945,9,654,0
14946,9,965,0
14947,9,213,0
14948,9,371,0
14949,9,701,0
14950,9,749,0
14951,9,40,0
14952,9,515,0
14953,9,424,0
14954,9,10,0
14955,9,234,0
14956,9,573,0
14957,9,32,0
14958,9,588,0
14959,9,110,0
14960,9,382,0
14961,9,711,0
14962,9,1100,0
14963,9,452,0
14964,9,480,0
14965,9,742,0
14966,9,1175,0
14967,9,527,0
14968,9,627,0
14969,9,215,0
14970,9,288,0
14971,9,1090,0
14972,9,974,0
14973,9,323,0
14974,20,671,0
14975,20,654,0
14976,20,740,0
14977,20,1165,0
14978,20,677,0
14979,20,80,0
14980,20,826,0
14981,20,84,0
14982,20,856,0
14983,20,113,0
14984,20,496,0
14985,20,328,0
14986,20,1080,0
14987,20,587,0
14988,20,914,0
14989,20,373,0
14990,20,805,0
14991,20,549,0
14992,20,985,0
14993,20,24,0
14994,20,648,0
14995,20,410,0
14996,20,786,0
14997,20,927,0
14998,20,156,0
14999,20,254,0
15000,20,226,0
15001,20,1170,0
15002,20,16,0
15003,20,1188,0
15004,20,680,0
15005,20,1147,0
15006,20,640,0
15007,20,997,0
15008,20,401,0
15009,20,414,0
15010,20,552,0
15011,20,799,0
15012,20,984,0
15013,20,392,0
15014,20,830,0
15015,20,316,0
15016,20,326,0
15017,20,876,0
15018,20,732,0
15019,20,893,0
15020,20,495,0
15021,20,973,0
15022,20,458,0
15023,20,207,0
15024,20,564,0
15025,20,718,0
15026,20,846,0
15027,20,1134,0
15028,20,761,0
15029,20,247,0
15030,20,346,0
15031,20,644,0
15032,20,1091,0
15033,20,361,0
15034,20,847,0
15035,20,629,0
15036,20,89,0
15037,20,1184,0
15038,20,851,0
15039,20,655,0
15040,20,403,0
15041,20,583,0
15042,20,1172,0
15043,20,1039,0
15044,20,717,0
15045,20,437,0
15046,20,744,0
15047,20,582,0
15048,20,1038,0
15049,20,1125,0
15050,20,339,0
15051,20,497,0
15052,20,1127,0
15053,20,785,0
15054,20,665,0
15055,20,199,0
15056,20,1015,0
15057,20,144,0
15058,20,571,0
15059,20,877,0
15060,20,111,0
15061,20,578,0
15062,20,219,0
15063,20,376,0
15064,20,154,0
15065,20,1160,0
15066,20,212,0
15067,20,674,0
15068,20,302,0
15069,20,220,0
15070,20,1043,0
15071,20,1014,0
15072,20,95,0
15073,20,630,0
15074,20,1072,0
15075,20,1156,0
15076,20,1037,0
15077,20,765,0
15078,20,946,0
15079,20,453,0
15080,20,201,0
15081,20,986,0
15082,20,390,0
15083,20,656,0
15084,20,6,0
15085,20,544,0
15086,20,910,0
15087,20,1049,0
15088,20,439,0
15089,20,952,0
15090,20,126,0
15091,20,619,0
15092,20,863,0
15093,20,961,0
15094,20,225,0
15095,20,580,0
15096,20,180,0
15097,20,98,0
15098,20,886,0
15099,20,128,0
15100,20,310,0
15101,20,298,0
15102,20,419,0
15103,20,947,0
15104,20,244,0
15105,20,888,0
15106,20,375,0
15107,20,731,0
15108,20,513,0
15109,20,400,0
15110,20,1122,0
15111,20,12,0
15112,20,1108,0
15113,20,273,0
15114,20,463,0
15115,20,516,0
15116,20,1056,0
15117,20,1011,0
15118,20,230,0
15119,20,61,0
15120,20,1007,0
15121,20,447,0
15122,20,1069,0
15123,20,873,0
15124,20,487,0
15125,20,936,0
15126,20,1161,0
15127,20,158,0
15128,20,87,0
15129,20,358,0
15130,20,256,0
15131,20,941,0
15132,20,885,0
15133,20,21,0
15134,20,293,0
15135,20,163,0
15136,20,19,0
15137,20,596,0
15138,20,767,0
15139,20,525,0
15140,20,1118,0
15141,20,862,0
15142,20,704,0
15143,20,445,0
15144,20,1199,0
15145,20,854,0
15146,20,527,0
15147,20,438,0
15148,20,610,0
15149,20,820,0
15150,20,446,0
15151,20,1046,0
15152,20,1193,0
15153,20,969,0
15154,20,491,0
15155,20,186,0
15156,20,1050,0
15157,20,224,0
15158,20,484,0
15159,20,1148,0
15160,20,427,0
15161,20,198,0
15162,20,450,0
15163,20,110,0
15164,20,9,0
15165,20,283,0
15166,20,49,0
15167,20,613,0
15168,20,1121,0
15169,20,970,0
15170,20,1176,0
15171,20,398,0
15172,20,167,0
15173,20,993,0
15174,20,1010,0
15175,20,1034,0
15176,20,96,0
15177,20,1076,0
15178,20,367,0
15179,20,1079,0
15180,20,1090,0
15181,20,27,0
15182,20,1053,0
15183,20,626,0
15184,20,770,0
15185,20,262,0
15186,20,834,0
15187,20,141,0
15188,20,1131,0
15189,20,738,0
15190,20,828,0
15191,20,195,0
15192,20,1073,0
15193,20,76,0
15194,20,781,0
15195,20,101,0
15196,20,1178,0
15197,20,218,0
15198,20,787,0
15199,20,1098,0
15200,20,297,0
15201,20,695,0
15202,20,146,0
15203,20,779,0
15204,20,168,0
15205,20,1109,0
15206,20,246,0
15207,20,1110,0
15208,20,135,0
15209,20,1181,0
15210,20,425,0
15211,20,17,0
15212,20,617,0
15213,20,287,0
15214,20,753,0
15215,20,362,0
15216,20,687,0
15217,20,241,0
15218,20,433,0
15219,20,423,0
15220,20,341,0
15221,20,798,0
15222,20,864,0
15223,20,434,0
15224,20,1077,0
15225,20,729,0
15226,20,69,0
15227,20,662,0
15228,20,991,0
15229,20,208,0
15230,20,1051,0
15231,20,1154,0
15232,20,157,0
15233,20,510,0
15234,20,159,0
15235,20,535,0
15236,20,23,0
15237,20,741,0
15238,20,551,0
15239,20,258,0
15240,20,532,0
15241,20,978,0
15242,20,1111,0
15243,20,842,0
15244,20,173,0
15245,20,351,0
15246,20,908,0
15247,20,949,0
15248,20,468,0
15249,20,541,0
15250,20,748,0
15251,20,441,0
15252,20,395,0
15253,20,1155,0
15254,20,710,0
15255,20,160,0
15256,20,714,0
15257,20,284,0
15258,20,1063,0
15259,20,454,0
15260,20,299,0
15261,20,51,0
15262,20,100,0
15263,20,1031,0
15264,20,783,0
15265,20,1083,0
15266,20,579,0
15267,20,682,0
15268,20,575,0
15269,20,1107,0
15270,20,345,0
15271,20,643,0
15272,20,691,0
15273,20,576,0
15274,20,1113,0
15275,20,1180,0
15276,20,1030,0
15277,20,60,0
15278,20,266,0
15279,20,966,0
15280,20,723,0
15281,20,606,0
15282,20,14,0
15283,20,1092,0
15284,20,651,0
15285,20,364,0
15286,20,686,0
15287,20,236,0
15288,20,479,0
15289,20,964,0
15290,20,759,0
15291,20,482,0
15292,20,196,0
15293,20,955,0
15294,20,844,0
15295,20,1152,0
15296,20,63,0
15297,20,1081,0
15298,20,816,0
15299,20,1143,0
15300,20,929,0
15301,20,114,0
15302,20,183,0
15303,20,950,0
15304,20,979,0
15305,20,103,0
15306,20,1096,0
15307,20,1062,0
15308,20,727,0
15309,20,40,0
15310,20,658,0
15311,20,827,0
15312,20,879,0
15313,20,531,0
15314,20,891,0
15315,20,1133,0
15316,20,676,0
15317,20,426,0
15318,20,48,0
15319,20,519,0
15320,20,521,0
15321,20,15,0
15322,20,213,0
15323,20,379,0
15324,20,424,0
15325,20,206,0
15326,20,823,0
15327,20,13,0
15328,20,138,0
15329,20,399,0
15330,20,1102,0
15331,20,292,0
15332,20,104,0
15333,20,193,0
15334,20,550,0
15335,20,32,0
15336,20,922,0
15337,20,82,0
15338,20,940,0
15339,20,1186,0
15340,20,267,0
15341,20,436,0
15342,20,34,0
15343,20,257,0
15344,20,149,0
15345,20,882,0
15346,20,530,0
15347,20,726,0
15348,20,566,0
15349,20,815,0
15350,20,804,0
15351,20,5,0
15352,20,636,0
15353,20,624,0
15354,20,661,0
15355,20,602,0
15356,20,363,0
15357,20,143,0
15358,20,54,0
15359,20,68,0
15360,20,108,0
15361,20,763,0
15362,20,368,0
15363,20,1048,0
15364,20,384,0
15365,20,38,0
15366,20,217,0
15367,20,269,0
15368,20,1132,0
15369,20,442,0
15370,20,214,0
15371,20,1006,0
15372,20,237,0
15373,20,1166,0
15374,20,1130,0
15375,20,923,0
15376,20,666,0
15377,20,505,0
15378,20,649,0
15379,20,234,0
15380,20,1097,0
15381,20,866,0
15382,20,581,0
15383,20,632,0
15384,20,620,0
15385,20,35,0
15386,20,122,0
15387,20,1106,0
15388,20,715,0
15389,20,356,0
15390,20,743,0
15391,20,603,0
15392,20,810,0
15393,20,840,0
15394,20,1126,0
15395,20,420,0
15396,20,958,0
15397,20,304,0
15398,20,276,0
15399,20,565,0
15400,20,329,0
15401,20,896,0
15402,20,1138,0
15403,20,1163,0
15404,20,904,0
15405,20,1002,0
15406,20,1136,0
15407,20,1173,0
15408,20,607,0
15409,20,663,0
15410,20,540,0
15411,20,858,0
15412,20,911,0
15413,20,650,0
15414,20,1120,0
15415,20,99,0
15416,20,478,0
15417,20,359,0
15418,20,1094,0
15419,20,1064,0
15420,20,1012,0
15421,20,1150,0
15422,20,285,0
15423,20,901,0
15424,20,831,0
15425,20,971,0
15426,20,469,0
15427,20,325,0
15428,20,1174,0
15429,20,534,0
15430,20,1055,0
15431,20,801,0
15432,20,275,0
15433,20,920,0
15434,20,1142,0
15435,20,1116,0
15436,20,432,0
15437,20,243,0
15438,20,118,0
15439,20,286,0
15440,20,161,0
15441,20,784,0
15442,20,595,0
15443,20,1021,0
15444,20,397,0
15445,20,537,0
15446,20,633,0
15447,20,1075,0
15448,20,140,0
15449,20,10,0
15450,20,200,0
15451,20,750,0
15452,20,900,0
15453,20,321,0
15454,20,1067,0
15455,20,164,0
15456,20,74,0
15457,20,259,0
15458,20,155,0
15459,20,561,0
15460,20,411,0
15461,20,653,0
15462,20,177,0
15463,20,249,0
15464,20,337,0
15465,20,562,0
15466,20,733,0
15467,20,841,0
15468,20,573,0
15469,20,238,0
15470,20,542,0
15471,20,1052,0
15472,20,1036,0
15473,20,466,0
15474,20,31,0
15475,20,523,0
15476,20,517,0
15477,20,849,0
15478,20,590,0
15479,20,601,0
15480,20,623,0
15481,20,627,0
15482,20,554,0
15483,20,150,0
15484,20,191,0
15485,20,614,0
15486,20,764,0
15487,20,169,0
15488,20,789,0
15489,20,832,0
15490,20,170,0
15491,20,323,0
15492,20,894,0
15493,20,494,0
15494,20,812,0
15495,20,483,0
15496,20,1029,0
15497,20,1087,0
15498,20,470,0
15499,20,360,0
15500,20,972,0
15501,20,734,0
15502,20,647,0
15503,20,906,0
15504,20,616,0
15505,20,402,0
15506,20,428,0
15507,20,605,0
15508,20,1,0
15509,20,252,0
15510,20,309,0
15511,20,1139,0
15512,20,300,0
15513,20,621,0
15514,20,683,0
15515,20,1169,0
15516,20,907,0
15517,20,762,0
15518,20,1158,0
15519,20,153,0
15520,20,837,0
15521,20,737,0
15522,20,868,0
15523,20,125,0
15524,20,803,0
15525,20,593,0
15526,20,322,0
15527,20,194,0
15528,20,492,0
15529,20,389,0
15530,20,349,0
15531,20,26,0
15532,20,921,0
15533,20,609,0
15534,20,570,0
15535,20,152,0
15536,20,115,0
15537,20,926,0
15538,20,782,0
15539,20,289,0
15540,20,539,0
15541,20,776,0
15542,20,778,0
15543,20,240,0
15544,20,58,0
15545,20,588,0
15546,20,553,0
15547,20,822,0
15548,20,46,0
15549,20,475,0
15550,20,50,0
15551,20,1001,0
15552,20,659,0
15553,20,1060,0
15554,20,1041,0
15555,20,486,0
15556,20,291,0
15557,20,444,0
15558,20,963,0
15559,20,925,0
15560,20,690,0
15561,20,1047,0
15562,20,145,0
15563,20,354,0
15564,20,1164,0
15565,20,320,0
15566,20,260,0
15567,20,443,0
15568,20,556,0
15569,20,29,0
15570,20,865,0
15571,20,938,0
15572,20,817,0
15573,20,348,0
15574,20,634,0
15575,20,91,0
15576,20,547,0
15577,20,1177,0
15578,20,1168,0
15579,20,509,0
15580,20,615,0
15581,20,1189,0
15582,20,347,0
15583,20,1140,0
15584,20,861,0
15585,20,39,0
15586,20,305,0
15587,20,1145,0
15588,20,558,0
15589,20,455,0
15590,20,775,0
15591,20,265,0
15592,20,1054,0
15593,20,965,0
15594,20,892,0
15595,20,760,0
15596,20,1032,0
15597,20,728,0
15598,20,57,0
15599,20,52,0
15600,20,66,0
15601,20,3,0
15602,20,833,0
15603,20,1082,0
15604,20,1009,0
15605,20,942,0
15606,20,685,0
15607,20,1099,0
15608,20,836,0
15609,20,1068,0
15610,20,935,0
15611,20,344,0
15612,20,1042,0
15613,20,1026,0
15614,20,708,0
15615,20,134,0
15616,20,883,0
15617,20,45,0
15618,20,333,0
15619,20,813,0
15620,20,499,0
15621,20,563,0
15622,20,394,0
15623,20,689,0
15624,20,55,0
15625,20,874,0
15626,20,86,0
15627,20,720,0
15628,20,1175,0
15629,20,317,0
15630,20,1100,0
15631,20,332,0
15632,20,895,0
15633,20,560,0
15634,20,693,0
15635,20,272,0
15636,20,721,0
15637,20,526,0
15638,20,859,0
15639,20,239,0
15640,20,421,0
15641,20,205,0
15642,20,1035,0
15643,20,386,0
15644,20,529,0
15645,20,599,0
15646,20,696,0
15647,20,1033,0
15648,20,982,0
15649,20,716,0
15650,20,1162,0
15651,20,756,0
15652,20,913,0
15653,20,449,0
15654,20,1028,0
15655,20,754,0
15656,20,1019,0
15657,20,709,0
15658,20,638,0
15659,20,1089,0
15660,20,340,0
15661,20,612,0
15662,20,520,0
15663,20,543,0
15664,20,127,0
15665,20,917,0
15666,20,511,0
15667,20,232,0
15668,20,968,0
15669,20,189,0
15670,20,998,0
15671,20,1095,0
15672,20,474,0
15673,20,625,0
15674,20,538,0
15675,20,730,0
15676,20,1057,0
15677,20,915,0
15678,20,528,0
15679,20,166,0
15680,20,315,0
15681,20,688,0
15682,20,355,0
15683,20,7,0
15684,20,112,0
15685,20,797,0
15686,20,311,0
15687,20,452,0
15688,20,1187,0
15689,20,898,0
15690,20,977,0
15691,20,592,0
15692,20,664,0
15693,20,37,0
15694,20,142,0
15695,20,334,0
15696,20,555,0
15697,20,308,0
15698,20,1128,0
15699,20,92,0
15700,20,962,0
15701,20,622,0
15702,20,47,0
15703,20,90,0
15704,20,990,0
15705,20,1105,0
15706,20,747,0
15707,20,480,0
15708,20,713,0
15709,20,70,0
15710,20,819,0
15711,20,336,0
15712,20,129,0
15713,20,274,0
15714,20,1157,0
15715,20,1070,0
15716,20,848,0
15717,20,996,0
15718,20,1013,0
15719,20,290,0
15720,20,404,0
15721,20,192,0
15722,20,645,0
15723,20,204,0
15724,20,242,0
15725,20,569,0
15726,20,461,0
15727,20,1185,0
15728,20,956,0
15729,20,939,0
15730,20,187,0
15731,20,79,0
15732,20,107,0
15733,20,1024,0
15734,20,681,0
15735,20,278,0
15736,20,147,0
15737,20,903,0
15738,20,1020,0
15739,20,637,0
15740,20,251,0
15741,20,684,0
15742,20,867,0
15743,20,350,0
15744,20,944,0
15745,20,151,0
15746,20,698,0
15747,20,577,0
15748,20,948,0
15749,20,881,0
15750,20,699,0
15751,20,802,0
15752,20,604,0
15753,20,343,0
15754,20,652,0
15755,20,791,0
15756,20,697,0
15757,20,1066,0
15758,20,853,0
15759,20,429,0
15760,20,457,0
15761,20,380,0
15762,20,77,0
15763,20,203,0
15764,20,56,0
15765,64,449,0
15766,64,67,0
15767,64,288,0
15768,64,151,0
15769,64,741,0
15770,64,490,0
15771,64,42,0
15772,64,249,0
15773,64,617,0
15774,64,1033,0
15775,64,677,0
15776,64,577,0
15777,64,1020,0
15778,64,1026,0
15779,64,956,0
15780,64,138,0
15781,64,904,0
15782,64,494,0
15783,64,749,0
15784,64,374,0
15785,64,418,0
15786,64,145,0
15787,64,452,0
15788,64,903,0
15789,64,567,0
15790,64,126,0
15791,64,793,0
15792,64,651,0
15793,64,419,0
15794,64,999,0
15795,64,929,0
15796,64,1179,0
15797,64,366,0
15798,64,865,0
15799,64,969,0
15800,64,1065,0
15801,64,902,0
15802,64,184,0
15803,64,1,0
15804,64,195,0
15805,64,1168,0
15806,64,141,0
15807,64,619,0
15808,64,411,0
15809,64,839,0
15810,64,1075,0
15811,64,1042,0
15812,64,952,0
15813,64,24,0
15814,64,630,0
15815,64,727,0
15816,64,1022,0
15817,64,422,0
15818,64,216,0
15819,64,40,0
15820,64,538,0
15821,64,967,0
15822,64,1027,0
15823,64,626,0
15824,64,332,0
15825,64,606,0
15826,64,974,0
15827,64,72,0
15828,64,661,0
15829,64,701,0
15830,64,358,0
15831,64,1090,0
15832,64,575,0
15833,64,236,0
15834,64,427,0
15835,64,944,0
15836,64,16,0
15837,64,129,0
15838,64,55,0
15839,64,218,0
15840,64,203,0
15841,64,632,0
15842,64,684,0
15843,64,10,0
15844,64,959,0
15845,64,80,0
15846,64,399,0
15847,64,424,0
15848,64,483,0
15849,64,1161,0
15850,64,176,0
15851,64,566,0
15852,64,1114,0
15853,64,1167,0
15854,64,993,0
15855,64,931,0
15856,64,114,0
15857,64,851,0
15858,64,237,0
15859,64,1055,0
15860,64,476,0
15861,64,966,0
15862,64,985,0
15863,64,906,0
15864,64,657,0
15865,64,729,0
15866,64,886,0
15867,64,181,0
15868,64,763,0
15869,64,468,0
15870,64,543,0
15871,64,978,0
15872,64,163,0
15873,64,1175,0
15874,64,1154,0
15875,64,372,0
15876,64,86,0
15877,64,162,0
15878,64,789,0
15879,64,525,0
15880,64,147,0
15881,64,262,0
15882,64,671,0
15883,64,436,0
15884,64,804,0
15885,64,703,0
15886,64,1062,0
15887,64,1137,0
15888,64,774,0
15889,64,517,0
15890,100,1068,0
15891,100,231,0
15892,100,728,0
15893,100,1094,0
15894,100,597,0
15895,100,1090,0
15896,100,203,0
15897,100,348,0
15898,100,306,0
15899,100,578,0
15900,100,1020,0
15901,100,147,0
15902,100,623,0
15903,100,358,0
15904,100,176,0
15905,100,967,0
15906,100,356,0
15907,100,234,0
15908,100,487,0
15909,100,418,0
15910,100,40,0
15911,100,694,0
15912,100,888,0
15913,100,770,0
15914,100,262,0
15915,100,965,0
15916,100,810,0
15917,100,72,0
15918,100,485,0
15919,100,693,0
15920,100,879,0
15921,100,630,0
15922,100,654,0
15923,100,215,0
15924,100,208,0
15925,100,993,0
15926,100,972,0
15927,100,734,0
15928,100,55,0
15929,100,974,0
15930,100,999,0
15931,100,374,0
15932,100,436,0
15933,100,1,0
15934,100,646,0
15935,100,449,0
15936,100,213,0
15937,100,1055,0
15938,100,42,0
15939,100,566,0
15940,100,24,0
15941,100,122,0
15942,100,126,0
15943,100,995,0
15944,100,86,0
15945,100,249,0
15946,100,270,0
15947,100,697,0
15948,100,978,0
15949,100,489,0
15950,100,575,0
15951,100,331,0
15952,100,1017,0
15953,100,163,0
15954,100,181,0
15955,100,386,0
15956,100,138,0
15957,100,681,0
15958,100,661,0
15959,100,606,0
15960,100,399,0
15961,100,725,0
15962,100,151,0
15963,100,1168,0
15964,100,8,0
15965,100,494,0
15966,100,881,0
15967,100,340,0
15968,100,1075,0
15969,100,768,0
15970,100,51,0
15971,100,371,0
15972,100,1114,0
15973,100,581,0
15974,100,476,0
15975,100,357,0
15976,100,48,0
15977,100,977,0
15978,100,923,0
15979,100,567,0
15980,144,846,0
15981,144,1140,0
15982,144,543,0
15983,144,592,0
15984,144,621,0
15985,144,640,0
15986,144,156,0
15987,144,1163,0
15988,144,731,0
15989,144,600,0
15990,144,611,0
15991,144,302,0
15992,144,288,0
15993,144,1030,0
15994,144,366,0
15995,144,306,0
15996,144,740,0
15997,144,1085,0
15998,144,126,0
15999,144,1017,0
16000,144,153,0
16001,144,749,0
16002,144,1045,0
16003,144,516,0
16004,144,715,0
16005,144,1110,0
16006,144,636,0
16007,144,515,0
16008,144,694,0
16009,144,1129,0
16010,144,757,0
16011,144,969,0
16012,144,1178,0
16013,144,704,0
16014,144,163,0
16015,144,1179,0
16016,144,698,0
16017,144,728,0
16018,144,1153,0
16019,144,781,0
16020,144,1039,0
16021,144,557,0
16022,144,906,0
16023,144,1202,0
16024,144,385,0
16025,144,382,0
16026,144,709,0
16027,144,159,0
16028,144,71,0
16029,144,511,0
16030,144,1043,0
16031,144,734,0
16032,144,476,0
16033,144,960,0
16034,144,33,0
16035,144,864,0
16036,144,651,0
16037,144,653,0
16038,144,512,0
16039,144,203,0
16040,144,1023,0
16041,144,39,0
16042,144,955,0
16043,144,571,0
16044,144,783,0
16045,144,1092,0
16046,144,568,0
16047,144,871,0
16048,144,123,0
16049,144,1094,0
16050,144,796,0
16051,144,271,0
16052,144,434,0
16053,144,577,0
16054,144,545,0
16055,144,854,0
16056,144,172,0
16057,144,935,0
16058,144,972,0
16059,144,1016,0
16060,144,778,0
16061,144,223,0
16062,144,110,0
16063,144,452,0
16064,144,879,0
16065,144,1161,0
16066,144,736,0
16067,144,925,0
16068,144,791,0
16069,144,134,0
16070,144,371,0
16071,144,753,0
16072,144,1150,0
16073,144,252,0
16074,144,235,0
16075,144,255,0
16076,144,5,0
16077,144,902,0
16078,144,422,0
16079,144,716,0
16080,144,700,0
16081,144,985,0
16082,144,405,0
16083,144,1106,0
16084,144,178,0
16085,144,146,0
16086,144,1157,0
16087,144,263,0
16088,144,40,0
16089,144,895,0
16090,144,24,0
16091,144,768,0
16092,144,552,0
16093,144,339,0
16094,144,440,0
16095,144,455,0
16096,144,658,0
16097,144,619,0
16098,144,779,0
16099,144,594,0
16100,144,410,0
16101,144,1128,0
16102,144,1011,0
16103,144,980,0
16104,144,772,0
16105,144,567,0
16106,144,742,0
16107,144,1080,0
16108,144,803,0
16109,144,82,0
16110,144,1167,0
16111,144,324,0
16112,144,677,0
16113,144,865,0
16114,144,243,0
16115,144,746,0
16116,144,411,0
16117,144,200,0
16118,144,504,0
16119,144,1164,0
16120,144,1168,0
16121,144,847,0
16122,144,644,0
16123,144,1013,0
16124,144,1003,0
16125,144,1192,0
16126,144,1063,0
16127,144,448,0
16128,144,145,0
16129,144,978,0
16130,144,671,0
16131,144,103,0
16132,144,804,0
16133,144,1171,0
16134,144,358,0
16135,144,22,0
16136,144,48,0
16137,144,286,0
16138,144,993,0
16139,144,1107,0
16140,144,383,0
16141,144,699,0
16142,144,851,0
16143,144,531,0
16144,144,373,0
16145,144,548,0
16146,144,475,0
16147,144,196,0
16148,144,317,0
16149,144,649,0
16150,144,500,0
16151,144,687,0
16152,144,357,0
16153,144,1181,0
16154,144,987,0
16155,144,141,0
16156,144,442,0
16157,144,1088,0
16158,144,607,0
16159,144,867,0
16160,144,1084,0
16161,144,350,0
16162,144,947,0
16163,144,469,0
16164,144,282,0
16165,144,1075,0
16166,144,1144,0
16167,144,941,0
16168,144,211,0
16169,144,220,0
16170,144,1114,0
16171,144,963,0
16172,144,745,0
16173,144,668,0
16174,144,251,0
16175,144,343,0
16176,144,151,0
16177,144,270,0
16178,144,868,0
16179,144,387,0
16180,144,555,0
16181,144,16,0
16182,144,1141,0
16183,144,80,0
16184,144,591,0
16185,144,1152,0
16186,144,589,0
16187,144,820,0
16188,144,427,0
16189,144,1102,0
16190,144,237,0
16191,144,860,0
16192,144,525,0
16193,144,654,0
16194,144,1184,0
16195,144,635,0
16196,144,205,0
16197,144,190,0
16198,144,1186,0
16199,144,581,0
16200,144,771,0
16201,144,344,0
16202,144,569,0
16203,144,78,0
16204,144,81,0
16205,144,994,0
16206,144,1149,0
16207,144,769,0
16208,144,530,0
16209,144,1041,0
16210,144,637,0
16211,144,1036,0
16212,144,128,0
16213,144,42,0
16214,144,1051,0
16215,144,129,0
16216,144,165,0
16217,144,670,0
16218,144,186,0
16219,144,1125,0
16220,144,1160,0
16221,144,419,0
16222,144,952,0
16223,144,234,0
16224,144,68,0
16225,144,835,0
16226,144,276,0
16227,144,510,0
16228,144,4,0
16229,144,1009,0
16230,144,954,0
16231,144,1028,0
16232,144,626,0
16233,144,372,0
16234,144,982,0
16235,144,1071,0
16236,144,266,0
16237,144,750,0
16238,144,784,0
16239,144,1090,0
16240,144,813,0
16241,144,494,0
16242,144,265,0
16243,144,922,0
16244,144,940,0
16245,144,1058,0
16246,144,109,0
16247,144,903,0
16248,144,693,0
16249,144,89,0
16250,144,881,0
16251,144,705,0
16252,144,761,0
16253,144,612,0
16254,144,458,0
16255,144,23,0
16256,144,1193,0
16257,144,915,0
16258,144,927,0
16259,144,521,0
16260,144,88,0
16261,144,313,0
16262,144,436,0
16263,144,508,0
16264,144,585,0
16265,144,8,0
16266,144,290,0
16267,144,259,0
16268,144,1113,0
16269,144,669,0
16270,144,845,0
16271,144,1117,0
16272,144,894,0
16273,144,1065,0
16274,144,214,0
16275,144,473,0
16276,144,352,0
16277,144,590,0
16278,144,950,0
16279,144,587,0
16280,144,312,0
16281,144,741,0
16282,144,384,0
16283,144,646,0
16284,144,182,0
16285,144,13,0
16286,144,1074,0
16287,144,283,0
16288,144,683,0
16289,144,634,0
16290,144,616,0
16291,144,1087,0
16292,144,195,0
16293,144,754,0
16294,144,913,0
16295,144,1191,0
16296,144,550,0
16297,144,162,0
16298,144,848,0
16299,144,72,0
16300,144,721,0
16301,144,899,0
16302,144,334,0
16303,144,1147,0
16304,144,527,0
16305,144,491,0
16306,144,667,0
16307,144,1097,0
16308,144,1004,0
16309,144,468,0
16310,144,1027,0
16311,144,882,0
16312,144,606,0
16313,144,659,0
16314,144,461,0
16315,144,86,0
16316,144,642,0
16317,144,152,0
16318,144,1134,0
16319,144,689,0
16320,144,839,0
16321,144,231,0
16322,144,356,0
16323,144,1143,0
16324,144,850,0
16325,144,18,0
16326,144,143,0
16327,144,291,0
16328,144,1099,0
16329,144,605,0
16330,144,392,0
16331,144,711,0
16332,144,194,0
16333,144,1057,0
16334,144,593,0
16335,144,85,0
16336,144,395,0
16337,144,293,0
16338,144,756,0
16339,144,910,0
16340,144,1188,0
16341,144,463,0
16342,144,147,0
16343,144,93,0
16344,144,880,0
16345,144,597,0
16346,144,1112,0
16347,144,748,0
16348,144,627,0
16349,144,970,0
16350,144,262,0
16351,144,986,0
16352,144,886,0
16353,144,799,0
16354,144,723,0
16355,144,825,0
16356,144,281,0
16357,144,67,0
16358,144,3,0
16359,144,1175,0
16360,144,696,0
16361,144,453,0
16362,144,1031,0
16363,144,912,0
16364,144,314,0
16365,144,725,0
16366,144,1050,0
16367,144,652,0
16368,144,1068,0
16369,144,790,0
16370,144,905,0
16371,144,1122,0
16372,144,535,0
16373,144,9,0
16374,144,489,0
16375,144,222,0
16376,144,789,0
16377,144,674,0
16378,144,215,0
16379,144,374,0
16380,144,171,0
16381,144,680,0
16382,144,331,0
16383,144,537,0
16384,144,497,0
16385,144,362,0
16386,144,332,0
16387,144,1040,0
16388,144,351,0
16389,144,38,0
16390,144,32,0
16391,144,1083,0
16392,144,1079,0
16393,144,294,0
16394,144,340,0
16395,144,311,0
16396,144,944,0
16397,144,628,0
16398,144,546,0
16399,144,456,0
16400,144,301,0
16401,144,929,0
16402,144,1137,0
16403,144,638,0
16404,146,437,0
16405,146,24,0
16406,146,139,0
16407,146,1195,0
16408,146,1144,0
16409,146,3,0
16410,146,864,0
16411,146,1099,0
16412,146,610,0
16413,146,537,0
16414,146,491,0
16415,146,851,0
16416,146,1189,0
16417,146,495,0
16418,146,1038,0
16419,146,45,0
16420,146,449,0
16421,146,812,0
16422,146,680,0
16423,146,617,0
16424,146,1178,0
16425,146,348,0
16426,146,790,0
16427,146,111,0
16428,146,531,0
16429,146,42,0
16430,146,545,0
16431,146,359,0
16432,146,411,0
16433,146,638,0
16434,146,999,0
16435,146,749,0
16436,146,801,0
16437,146,807,0
16438,146,331,0
16439,146,1128,0
16440,146,581,0
16441,146,995,0
16442,146,270,0
16443,146,483,0
16444,146,948,0
16445,146,634,0
16446,146,508,0
16447,146,985,0
16448,146,1110,0
16449,146,202,0
16450,146,882,0
16451,146,592,0
16452,146,728,0
16453,146,1112,0
16454,146,517,0
16455,146,636,0
16456,146,762,0
16457,146,225,0
16458,146,689,0
16459,146,337,0
16460,146,1141,0
16461,146,996,0
16462,146,1185,0
16463,146,903,0
16464,146,526,0
16465,146,586,0
16466,146,850,0
16467,146,734,0
16468,146,461,0
16469,146,504,0
16470,146,842,0
16471,146,376,0
16472,146,1076,0
16473,146,12,0
16474,146,421,0
16475,146,766,0
16476,146,48,0
16477,146,382,0
16478,146,783,0
16479,146,1051,0
16480,146,64,0
16481,146,466,0
16482,146,387,0
16483,146,1013,0
16484,146,267,0
16485,146,255,0
16486,146,747,0
16487,146,763,0
16488,146,970,0
16489,146,501,0
16490,146,893,0
16491,146,611,0
16492,146,89,0
16493,146,674,0
16494,146,493,0
16495,146,1043,0
16496,146,290,0
16497,146,332,0
16498,146,286,0
16499,146,1168,0
16500,146,841,0
16501,146,1136,0
16502,146,329,0
16503,146,28,0
16504,146,993,0
16505,146,452,0
16506,146,934,0
16507,146,577,0
16508,146,16,0
16509,146,350,0
16510,146,269,0
16511,146,249,0
16512,146,979,0
16513,146,265,0
16514,146,1007,0
16515,146,86,0
16516,146,424,0
16517,146,809,0
16518,146,994,0
16519,146,741,0
16520,146,1186,0
16521,146,589,0
16522,146,925,0
16523,146,455,0
16524,146,97,0
16525,146,845,0
16526,146,404,0
16527,146,832,0
16528,146,205,0
16529,146,1080,0
16530,146,543,0
16531,146,821,0
16532,146,40,0
16533,146,571,0
16534,146,1065,0
16535,146,151,0
16536,146,208,0
16537,146,573,0
16538,146,1010,0
16539,146,627,0
16540,146,880,0
16541,146,671,0
16542,146,214,0
16543,146,654,0
16544,146,1017,0
16545,146,398,0
16546,146,1036,0
16547,146,667,0
16548,146,1125,0
16549,146,180,0
16550,146,436,0
16551,146,624,0
16552,146,860,0
16553,146,705,0
16554,146,1055,0
16555,146,894,0
16556,146,458,0
16557,146,1009,0
16558,146,463,0
16559,146,224,0
16560,146,110,0
16561,146,769,0
16562,146,810,0
16563,146,786,0
16564,146,753,0
16565,146,503,0
16566,146,1023,0
16567,146,1181,0
16568,146,1153,0
16569,146,55,0
16570,146,777,0
16571,146,231,0
16572,146,327,0
16573,146,1197,0
16574,146,827,0
16575,146,804,0
16576,146,816,0
16577,146,732,0
16578,146,639,0
16579,146,1029,0
16580,146,958,0
16581,146,201,0
16582,146,362,0
16583,146,492,0
16584,146,383,0
16585,146,941,0
16586,146,1062,0
16587,146,364,0
16588,146,66,0
16589,146,266,0
16590,146,1106,0
16591,146,863,0
16592,146,959,0
16593,146,323,0
16594,146,965,0
16595,146,349,0
16596,146,79,0
16597,146,849,0
16598,146,947,0
16599,146,913,0
16600,146,1027,0
16601,146,768,0
16602,146,899,0
16603,146,527,0
16604,146,910,0
16605,146,212,0
16606,146,17,0
16607,146,723,0
16608,146,631,0
16609,146,448,0
16610,146,82,0
16611,146,511,0
16612,146,18,0
16613,146,626,0
16614,146,264,0
16615,146,796,0
16616,146,218,0
16617,146,1138,0
16618,146,803,0
16619,146,677,0
16620,146,250,0
16621,146,490,0
16622,146,702,0
16623,146,278,0
16624,146,701,0
16625,146,693,0
16626,146,129,0
16627,146,34,0
16628,146,156,0
16629,146,547,0
16630,146,407,0
16631,146,831,0
16632,146,243,0
16633,146,101,0
16634,146,904,0
16635,146,126,0
16636,146,325,0
16637,146,450,0
16638,146,867,0
16639,146,623,0
16640,146,1042,0
16641,146,443,0
16642,146,1032,0
16643,146,557,0
16644,146,1120,0
16645,146,456,0
16646,146,106,0
16647,146,644,0
16648,146,199,0
16649,146,221,0
16650,146,1022,0
16651,146,334,0
16652,146,228,0
16653,146,8,0
16654,146,169,0
16655,146,476,0
16656,146,955,0
16657,146,125,0
16658,146,653,0
16659,146,211,0
16660,146,930,0
16661,146,51,0
16662,146,642,0
16663,146,822,0
16664,146,1011,0
16665,146,1059,0
16666,146,356,0
16667,146,605,0
16668,146,63,0
16669,146,140,0
16670,146,590,0
16671,146,1161,0
16672,146,703,0
16673,146,714,0
16674,146,552,0
16675,146,293,0
16676,146,745,0
16677,146,1148,0
16678,146,170,0
16679,146,575,0
16680,146,1052,0
16681,146,509,0
16682,146,307,0
16683,146,724,0
16684,146,535,0
16685,146,115,0
16686,146,914,0
16687,146,1139,0
16688,146,834,0
16689,146,921,0
16690,146,385,0
16691,146,1100,0
16692,146,661,0
16693,146,905,0
16694,146,711,0
16695,146,219,0
16696,146,719,0
16697,146,122,0
16698,146,13,0
16699,146,457,0
16700,146,1127,0
16701,146,881,0
16702,146,412,0
16703,146,897,0
16704,146,1118,0
16705,146,399,0
16706,146,820,0
16707,146,192,0
16708,146,1050,0
16709,146,740,0
16710,146,366,0
16711,146,1063,0
16712,146,944,0
16713,146,778,0
16714,146,770,0
16715,146,371,0
16716,146,418,0
16717,146,1090,0
16718,146,234,0
16719,146,181,0
16720,146,209,0
16721,146,998,0
16722,146,588,0
16723,146,982,0
16724,146,1175,0
16725,146,1016,0
16726,146,193,0
16727,146,328,0
16728,146,870,0
16729,146,384,0
16730,146,662,0
16731,146,128,0
16732,146,396,0
16733,146,494,0
16734,146,984,0
16735,146,567,0
16736,146,635,0
16737,146,865,0
16738,146,251,0
16739,146,94,0
16740,146,515,0
16741,146,607,0
16742,146,200,0
16743,146,789,0
16744,146,321,0
16745,146,324,0
16746,146,1149,0
16747,146,725,0
16748,146,232,0
16749,146,1191,0
16750,146,268,0
16751,146,748,0
16752,146,697,0
16753,146,475,0
16754,146,746,0
16755,146,546,0
16756,146,650,0
16757,146,256,0
16758,146,675,0
16759,146,377,0
16760,146,176,0
16761,146,429,0
16762,146,972,0
16763,146,868,0
16764,146,726,0
16765,146,962,0
16766,146,147,0
16767,146,1031,0
16768,146,386,0
16769,146,716,0
16770,146,77,0
16771,146,374,0
16772,146,27,0
16773,146,395,0
16774,146,1053,0
16775,146,1094,0
16776,146,521,0
16777,146,829,0
16778,146,35,0
16779,146,743,0
16780,146,451,0
16781,146,516,0
16782,146,1113,0
16783,146,967,0
16784,146,597,0
16785,146,931,0
16786,146,69,0
16787,146,137,0
16788,146,203,0
16789,146,890,0
16790,146,510,0
16791,146,750,0
16792,146,479,0
16793,146,854,0
16794,146,32,0
16795,146,968,0
16796,146,764,0
16797,146,148,0
16798,184,735,0
16799,184,864,0
16800,184,1192,0
16801,184,156,0
16802,184,179,0
16803,184,1138,0
16804,184,1012,0
16805,184,587,0
16806,184,36,0
16807,184,224,0
16808,184,293,0
16809,184,176,0
16810,184,462,0
16811,184,425,0
16812,184,12,0
16813,184,952,0
16814,184,189,0
16815,184,1110,0
16816,184,534,0
16817,184,424,0
16818,184,190,0
16819,184,1086,0
16820,184,920,0
16821,184,615,0
16822,184,420,0
16823,184,603,0
16824,184,278,0
16825,184,1094,0
16826,184,533,0
16827,184,27,0
16828,184,585,0
16829,184,235,0
16830,184,185,0
16831,184,1162,0
16832,184,1159,0
16833,184,19,0
16834,184,904,0
16835,184,343,0
16836,184,787,0
16837,184,719,0
16838,184,155,0
16839,184,584,0
16840,184,953,0
16841,184,1109,0
16842,184,371,0
16843,184,273,0
16844,184,814,0
16845,184,164,0
16846,184,694,0
16847,184,249,0
16848,184,11,0
16849,184,390,0
16850,184,1177,0
16851,184,126,0
16852,184,29,0
16853,184,453,0
16854,184,1037,0
16855,184,887,0
16856,184,110,0
16857,184,103,0
16858,184,878,0
16859,184,594,0
16860,184,439,0
16861,184,191,0
16862,184,233,0
16863,184,850,0
16864,184,1004,0
16865,184,820,0
16866,184,350,0
16867,184,149,0
16868,184,1194,0
16869,184,1100,0
16870,184,340,0
16871,184,1095,0
16872,184,129,0
16873,184,664,0
16874,184,975,0
16875,184,383,0
16876,184,139,0
16877,184,540,0
16878,184,692,0
16879,184,625,0
16880,184,1056,0
16881,184,1134,0
16882,184,45,0
16883,184,443,0
16884,184,50,0
16885,184,673,0
16886,184,37,0
16887,184,1171,0
16888,184,608,0
16889,184,89,0
16890,184,134,0
16891,184,151,0
16892,184,470,0
16893,184,131,0
16894,184,730,0
16895,184,776,0
16896,184,576,0
16897,184,426,0
16898,184,663,0
16899,184,1093,0
16900,184,348,0
16901,184,1078,0
16902,184,200,0
16903,184,734,0
16904,184,676,0
16905,184,253,0
16906,184,1036,0
16907,184,1178,0
16908,184,575,0
16909,184,755,0
16910,184,1018,0
16911,184,612,0
16912,184,256,0
16913,184,410,0
16914,184,1157,0
16915,184,1043,0
16916,184,614,0
16917,184,948,0
16918,184,939,0
16919,184,1030,0
16920,184,84,0
16921,184,703,0
16922,184,535,0
16923,184,797,0
16924,184,752,0
16925,184,728,0
16926,184,93,0
16927,184,775,0
16928,184,1200,0
16929,184,869,0
16930,184,897,0
16931,184,527,0
16932,184,509,0
16933,184,1148,0
16934,184,918,0
16935,184,525,0
16936,184,1083,0
16937,184,845,0
16938,184,541,0
16939,184,649,0
16940,184,1052,0
16941,184,422,0
16942,184,606,0
16943,184,591,0
16944,184,188,0
16945,184,928,0
16946,184,1055,0
16947,184,485,0
16948,184,909,0
16949,184,1039,0
16950,184,620,0
16951,184,409,0
16952,184,1182,0
16953,184,281,0
16954,184,550,0
16955,184,908,0
16956,184,1,0
16957,184,1118,0
16958,184,985,0
16959,184,763,0
16960,184,650,0
16961,184,1048,0
16962,184,494,0
16963,184,266,0
16964,184,312,0
16965,184,961,0
16966,184,314,0
16967,184,1029,0
16968,184,617,0
16969,184,1067,0
16970,184,715,0
16971,184,896,0
16972,184,122,0
16973,184,929,0
16974,184,419,0
16975,184,465,0
16976,184,709,0
16977,184,788,0
16978,184,553,0
16979,184,837,0
16980,184,726,0
16981,184,1059,0
16982,184,514,0
16983,184,294,0
16984,184,178,0
16985,184,1196,0
16986,184,1080,0
16987,184,907,0
16988,184,557,0
16989,184,1024,0
16990,184,1141,0
16991,184,292,0
16992,184,358,0
16993,184,865,0
16994,184,1186,0
16995,184,856,0
16996,184,28,0
16997,184,705,0
16998,184,636,0
16999,184,196,0
17000,184,873,0
17001,184,75,0
17002,184,1046,0
17003,184,803,0
17004,184,793,0
17005,184,1139,0
17006,184,1201,0
17007,184,641,0
17008,184,859,0
17009,184,696,0
17010,184,474,0
17011,184,884,0
17012,184,1032,0
17013,184,163,0
17014,184,581,0
17015,184,590,0
17016,184,1143,0
17017,184,631,0
17018,184,528,0
17019,184,452,0
17020,184,766,0
17021,184,86,0
17022,184,1097,0
17023,184,405,0
17024,184,805,0
17025,184,104,0
17026,184,236,0
17027,184,384,0
17028,184,1169,0
17029,184,195,0
17030,184,754,0
17031,184,102,0
17032,184,1114,0
17033,184,691,0
17034,184,78,0
17035,184,497,0
17036,184,351,0
17037,184,830,0
17038,184,1006,0
17039,184,779,0
17040,184,654,0
17041,184,980,0
17042,184,69,0
17043,184,539,0
17044,184,1133,0
17045,184,338,0
17046,184,117,0
17047,184,982,0
17048,184,868,0
17049,184,472,0
17050,184,722,0
17051,184,90,0
17052,184,285,0
17053,184,1001,0
17054,184,772,0
17055,184,818,0
17056,184,688,0
17057,184,501,0
17058,184,353,0
17059,184,247,0
17060,184,295,0
17061,184,537,0
17062,184,572,0
17063,184,965,0
17064,184,1092,0
17065,184,1042,0
17066,184,1132,0
17067,184,693,0
17068,184,1045,0
17069,184,578,0
17070,184,116,0
17071,184,502,0
17072,184,248,0
17073,184,723,0
17074,184,919,0
17075,184,209,0
17076,184,222,0
17077,184,743,0
17078,184,1120,0
17079,184,656,0
17080,184,858,0
17081,184,981,0
17082,184,796,0
17083,184,857,0
17084,184,646,0
17085,184,259,0
17086,184,145,0
17087,184,507,0
17088,184,387,0
17089,184,563,0
17090,184,152,0
17091,184,957,0
17092,184,1149,0
17093,184,427,0
17094,184,274,0
17095,184,571,0
17096,184,1000,0
17097,184,785,0
17098,184,633,0
17099,184,771,0
17100,184,549,0
17101,184,192,0
17102,184,876,0
17103,184,943,0
17104,184,789,0
17105,184,683,0
17106,184,745,0
17107,184,207,0
17108,184,566,0
17109,184,135,0
17110,184,214,0
17111,184,583,0
17112,184,810,0
17113,184,79,0
17114,184,10,0
17115,184,491,0
17116,184,739,0
17117,184,630,0
17118,184,995,0
17119,184,1193,0
17120,184,321,0
17121,184,444,0
17122,184,297,0
17123,184,639,0
17124,184,468,0
17125,184,724,0
17126,184,841,0
17127,184,480,0
17128,184,17,0
17129,184,1047,0
17130,184,33,0
17131,184,809,0
17132,184,842,0
17133,184,596,0
17134,184,1119,0
17135,184,1158,0
17136,184,515,0
17137,184,954,0
17138,184,598,0
17139,184,435,0
17140,184,240,0
17141,184,547,0
17142,184,219,0
17143,184,495,0
17144,184,365,0
17145,184,76,0
17146,184,660,0
17147,184,328,0
17148,184,389,0
17149,184,1165,0
17150,184,47,0
17151,184,333,0
17152,184,710,0
17153,184,819,0
17154,184,1108,0
17155,184,237,0
17156,184,941,0
17157,184,1124,0
17158,184,154,0
17159,184,1126,0
17160,184,193,0
17161,184,1010,0
17162,184,187,0
17163,184,971,0
17164,184,413,0
17165,184,213,0
17166,184,48,0
17167,184,671,0
17168,184,140,0
17169,184,1098,0
17170,184,717,0
17171,184,210,0
17172,184,4,0
17173,184,270,0
17174,184,1028,0
17175,184,647,0
17176,184,7,0
17177,184,1187,0
17178,184,668,0
17179,184,464,0
17180,184,853,0
17181,184,252,0
17182,184,403,0
17183,184,699,0
17184,184,393,0
17185,184,972,0
17186,184,764,0
17187,184,762,0
17188,184,634,0
17189,184,548,0
17190,184,862,0
17191,184,223,0
17192,184,993,0
17193,184,1076,0
17194,184,780,0
17195,184,267,0
17196,184,355,0
17197,184,345,0
17198,184,1137,0
17199,184,229,0
17200,184,342,0
17201,184,713,0
17202,184,555,0
17203,184,243,0
17204,184,778,0
17205,184,860,0
17206,184,554,0
17207,184,802,0
17208,184,395,0
17209,184,475,0
17210,184,915,0
17211,184,861,0
17212,184,899,0
17213,184,855,0
17214,184,482,0
17215,184,283,0
17216,184,605,0
17217,184,360,0
17218,184,423,0
17219,184,1044,0
17220,184,1153,0
17221,184,441,0
17222,184,182,0
17223,184,1155,0
17224,184,1035,0
17225,184,872,0
17226,184,41,0
17227,184,648,0
17228,184,66,0
17229,184,627,0
17230,184,1135,0
17231,184,71,0
17232,184,988,0
17233,184,816,0
17234,184,239,0
17235,184,521,0
17236,184,284,0
17237,184,216,0
17238,184,567,0
17239,184,142,0
17240,184,768,0
17241,184,251,0
17242,184,924,0
17243,184,511,0
17244,184,1072,0
17245,184,275,0
17246,184,750,0
17247,184,20,0
17248,184,437,0
17249,184,499,0
17250,184,666,0
17251,184,721,0
17252,184,1016,0
17253,184,483,0
17254,184,124,0
17255,184,836,0
17256,184,804,0
17257,184,1060,0
17258,184,148,0
17259,184,1197,0
17260,184,558,0
17261,184,597,0
17262,184,680,0
17263,184,1115,0
17264,184,354,0
17265,184,106,0
17266,184,471,0
17267,184,197,0
17268,184,589,0
17269,184,363,0
17270,184,881,0
17271,184,733,0
17272,184,950,0
17273,184,955,0
17274,184,893,0
17275,184,456,0
17276,184,938,0
17277,184,158,0
17278,184,364,0
17279,184,170,0
17280,184,1181,0
17281,184,808,0
17282,184,376,0
17283,184,1117,0
17284,184,368,0
17285,184,711,0
17286,184,451,0
17287,184,14,0
17288,184,1202,0
17289,184,416,0
17290,184,322,0
17291,184,18,0
17292,184,989,0
17293,184,226,0
17294,184,604,0
17295,184,58,0
17296,184,852,0
17297,184,113,0
17298,184,218,0
17299,184,95,0
17300,184,1096,0
17301,184,951,0
17302,184,289,0
17303,184,667,0
17304,184,418,0
17305,184,1175,0
17306,184,640,0
17307,184,607,0
17308,184,111,0
17309,184,80,0
17310,184,822,0
17311,184,238,0
17312,184,91,0
17313,184,374,0
17314,184,24,0
17315,184,114,0
17316,184,677,0
17317,184,379,0
17318,184,488,0
17319,184,600,0
17320,184,799,0
17321,184,118,0
17322,184,313,0
17323,184,901,0
17324,184,1102,0
17325,184,568,0
17326,184,394,0
17327,184,234,0
17328,184,751,0
17329,184,659,0
17330,184,759,0
17331,184,503,0
17332,184,1025,0
17333,184,399,0
17334,184,125,0
17335,184,288,0
17336,184,1090,0
17337,184,749,0
17338,184,262,0
17339,184,311,0
17340,184,65,0
17341,184,64,0
17342,184,263,0
17343,184,1079,0
17344,184,1113,0
17345,184,105,0
17346,251,226,0
17347,251,1087,0
17348,251,1090,0
17349,251,952,0
17350,251,846,0
17351,251,1175,0
17352,251,460,0
17353,251,488,0
17354,251,537,0
17355,251,53,0
17356,251,883,0
17357,251,340,0
17358,251,790,0
17359,251,1126,0
17360,251,178,0
17361,251,617,0
17362,251,992,0
17363,251,715,0
17364,251,566,0
17365,251,219,0
17366,251,419,0
17367,251,896,0
17368,251,593,0
17369,251,453,0
17370,251,734,0
17371,251,569,0
17372,251,677,0
17373,251,961,0
17374,251,389,0
17375,251,348,0
17376,251,12,0
17377,251,588,0
17378,251,131,0
17379,251,621,0
17380,251,495,0
17381,251,470,0
17382,251,171,0
17383,251,286,0
17384,251,590,0
17385,251,384,0
17386,251,854,0
17387,251,538,0
17388,251,698,0
17389,251,915,0
17390,251,1010,0
17391,251,822,0
17392,251,313,0
17393,251,88,0
17394,251,80,0
17395,251,749,0
17396,251,508,0
17397,251,211,0
17398,251,712,0
17399,251,216,0
17400,251,162,0
17401,251,847,0
17402,251,1125,0
17403,251,874,0
17404,251,1025,0
17405,251,573,0
17406,251,615,0
17407,251,1132,0
17408,251,678,0
17409,251,308,0
17410,251,193,0
17411,251,1179,0
17412,251,51,0
17413,251,399,0
17414,251,194,0
17415,251,768,0
17416,251,998,0
17417,251,1079,0
17418,251,262,0
17419,251,319,0
17420,251,606,0
17421,251,1060,0
17422,251,288,0
17423,251,763,0
17424,251,1176,0
17425,251,72,0
17426,251,370,0
17427,251,407,0
17428,251,1117,0
17429,251,732,0
17430,251,442,0
17431,251,723,0
17432,251,266,0
17433,251,682,0
17434,251,237,0
17435,251,479,0
17436,251,350,0
17437,251,947,0
17438,251,974,0
17439,251,434,0
17440,251,1037,0
17441,251,1113,0
17442,251,267,0
17443,251,614,0
17444,251,988,0
17445,251,803,0
17446,251,110,0
17447,251,1115,0
17448,251,202,0
17449,251,324,0
17450,251,206,0
17451,251,1143,0
17452,251,452,0
17453,251,568,0
17454,251,48,0
17455,251,906,0
17456,251,982,0
17457,251,365,0
17458,251,140,0
17459,251,224,0
17460,251,291,0
17461,251,371,0
17462,251,836,0
17463,251,159,0
17464,251,819,0
17465,251,0,0
17466,251,681,0
17467,251,18,0
17468,251,841,0
17469,251,861,0
17470,251,1121,0
17471,251,476,0
17472,251,1029,0
17473,251,490,0
17474,251,462,0
17475,251,1188,0
17476,251,195,0
17477,251,412,0
17478,251,832,0
17479,251,542,0
17480,251,781,0
17481,251,3,0
17482,251,213,0
17483,251,680,0
17484,251,954,0
17485,251,965,0
17486,251,654,0
17487,251,630,0
17488,251,416,0
17489,251,54,0
17490,251,534,0
17491,251,42,0
17492,251,175,0
17493,251,374,0
17494,251,106,0
17495,251,181,0
17496,251,375,0
17497,251,543,0
17498,251,550,0
17499,251,1080,0
17500,251,554,0
17501,251,807,0
17502,251,583,0
17503,251,727,0
17504,251,575,0
17505,251,910,0
17506,251,413,0
17507,251,694,0
17508,251,967,0
17509,251,323,0
17510,251,95,0
17511,251,728,0
17512,251,405,0
17513,251,769,0
17514,251,1065,0
17515,251,1031,0
17516,251,699,0
17517,251,838,0
17518,251,297,0
17519,251,971,0
17520,251,248,0
17521,251,1026,0
17522,251,1,0
17523,251,10,0
17524,251,218,0
17525,251,693,0
17526,251,295,0
17527,251,891,0
17528,251,1202,0
17529,251,729,0
17530,251,634,0
17531,251,686,0
17532,251,793,0
17533,251,577,0
17534,251,28,0
17535,251,455,0
17536,251,594,0
17537,251,873,0
17538,251,742,0
17539,251,530,0
17540,251,1193,0
17541,251,318,0
17542,251,585,0
17543,251,244,0
17544,251,724,0
17545,251,32,0
17546,251,834,0
17547,251,526,0
17548,251,4,0
17549,251,875,0
17550,251,147,0
17551,251,730,0
17552,251,820,0
17553,251,646,0
17554,251,650,0
17555,251,1114,0
17556,251,512,0
17557,251,1134,0
17558,251,325,0
17559,251,276,0
17560,251,1155,0
17561,251,411,0
17562,251,138,0
17563,251,89,0
17564,251,480,0
17565,251,1141,0
17566,251,755,0
17567,251,1195,0
17568,251,776,0
17569,251,1094,0
17570,251,225,0
17571,251,473,0
17572,251,364,0
17573,251,976,0
17574,251,567,0
17575,251,436,0
17576,251,886,0
17577,251,494,0
17578,251,826,0
17579,251,306,0
17580,251,985,0
17581,251,200,0
17582,251,1075,0
17583,251,1095,0
17584,251,692,0
17585,251,14,0
17586,251,940,0
17587,251,451,0
17588,251,1164,0
17589,251,1068,0
17590,251,1027,0
17591,251,24,0
17592,251,126,0
17593,251,999,0
17594,251,1001,0
17595,251,887,0
17596,251,558,0
17597,251,236,0
17598,251,40,0
17599,251,151,0
17600,251,627,0
17601,251,382,0
17602,251,993,0
17603,251,696,0
17604,251,240,0
17605,251,1063,0
17606,251,1157,0
17607,251,804,0
17608,251,812,0
17609,251,1028,0
17610,251,619,0
17611,251,136,0
17612,251,835,0
17613,251,751,0
17614,251,1074,0
17615,251,359,0
17616,251,41,0
17617,251,459,0
17618,251,744,0
17619,251,930,0
17620,251,665,0
17621,251,674,0
17622,251,163,0
17623,251,636,0
17624,251,1191,0
17625,251,215,0
17626,251,661,0
17627,251,1200,0
17628,251,1167,0
17629,251,346,0
17630,251,1124,0
17631,251,1059,0
17632,251,599,0
17633,251,597,0
17634,251,417,0
17635,251,44,0
17636,251,103,0
17637,251,711,0
17638,251,761,0
17639,251,491,0
17640,251,293,0
17641,251,668,0
17642,251,33,0
17643,251,122,0
17644,295,147,0
17645,295,42,0
17646,295,568,0
17647,295,436,0
17648,295,374,0
17649,295,1106,0
17650,295,1161,0
17651,295,18,0
17652,295,525,0
17653,295,270,0
17654,295,1137,0
17655,295,974,0
17656,295,978,0
17657,295,842,0
17658,295,993,0
17659,295,395,0
17660,295,163,0
17661,295,86,0
17662,295,910,0
17663,295,592,0
17664,295,236,0
17665,295,940,0
17666,295,1031,0
17667,295,627,0
17668,295,151,0
17669,295,1179,0
17670,295,1027,0
17671,295,218,0
17672,295,449,0
17673,295,585,0
17674,295,654,0
17675,295,793,0
17676,295,262,0
17677,295,288,0
17678,295,865,0
17679,295,749,0
17680,295,1020,0
17681,295,728,0
17682,295,985,0
17683,295,190,0
17684,295,1079,0
17685,295,693,0
17686,295,1017,0
17687,295,606,0
17688,295,742,0
17689,295,110,0
17690,295,617,0
17691,295,835,0
17692,295,569,0
17693,295,399,0
17694,351,374,0
17695,351,1065,0
17696,351,237,0
17697,351,568,0
17698,351,854,0
17699,351,418,0
17700,351,1055,0
17701,351,395,0
17702,351,288,0
17703,351,48,0
17704,351,1068,0
17705,351,494,0
17706,351,1179,0
17707,351,842,0
17708,351,606,0
17709,351,999,0
17710,351,543,0
17711,351,18,0
17712,351,592,0
17713,351,1027,0
17714,351,985,0
17715,351,967,0
17716,351,993,0
17717,351,437,0
17718,351,384,0
17719,351,768,0
17720,351,972,0
17721,351,449,0
17722,351,703,0
17723,351,424,0
17724,351,569,0
17725,351,1161,0
17726,355,774,0
17727,355,1050,0
17728,355,1032,0
17729,355,767,0
17730,355,8,0
17731,355,646,0
17732,355,293,0
17733,355,472,0
17734,355,57,0
17735,355,1089,0
17736,355,775,0
17737,355,1126,0
17738,355,265,0
17739,355,787,0
17740,355,112,0
17741,355,404,0
17742,355,620,0
17743,355,483,0
17744,355,307,0
17745,355,720,0
17746,355,734,0
17747,355,152,0
17748,355,248,0
17749,355,1082,0
17750,355,578,0
17751,355,425,0
17752,355,950,0
17753,355,193,0
17754,355,169,0
17755,355,367,0
17756,355,554,0
17757,355,466,0
17758,355,309,0
17759,355,730,0
17760,355,289,0
17761,355,642,0
17762,355,301,0
17763,355,1028,0
17764,355,332,0
17765,355,542,0
17766,355,905,0
17767,355,11,0
17768,355,436,0
17769,355,550,0
17770,355,1037,0
17771,355,14,0
17772,355,900,0
17773,355,947,0
17774,355,583,0
17775,355,322,0
17776,355,680,0
17777,355,133,0
17778,355,840,0
17779,355,561,0
17780,355,463,0
17781,355,162,0
17782,355,1171,0
17783,355,576,0
17784,355,105,0
17785,355,447,0
17786,355,125,0
17787,355,1017,0
17788,355,234,0
17789,355,877,0
17790,355,1141,0
17791,355,429,0
17792,355,1116,0
17793,355,1086,0
17794,355,863,0
17795,355,272,0
17796,355,865,0
17797,355,1191,0
17798,355,1059,0
17799,355,17,0
17800,355,585,0
17801,355,337,0
17802,355,1064,0
17803,355,675,0
17804,355,893,0
17805,355,388,0
17806,355,634,0
17807,355,256,0
17808,355,563,0
17809,355,157,0
17810,355,253,0
17811,355,524,0
17812,355,562,0
17813,355,752,0
17814,355,58,0
17815,355,644,0
17816,355,647,0
17817,355,553,0
17818,355,119,0
17819,355,791,0
17820,355,1011,0
17821,355,160,0
17822,355,995,0
17823,355,685,0
17824,355,867,0
17825,355,549,0
17826,355,359,0
17827,355,401,0
17828,355,1111,0
17829,355,1140,0
17830,355,233,0
17831,355,229,0
17832,355,543,0
17833,355,1075,0
17834,355,116,0
17835,355,216,0
17836,355,502,0
17837,355,1147,0
17838,355,417,0
17839,355,300,0
17840,355,195,0
17841,355,871,0
17842,355,935,0
17843,355,1128,0
17844,355,831,0
17845,355,535,0
17846,355,783,0
17847,355,240,0
17848,355,794,0
17849,355,487,0
17850,355,247,0
17851,355,318,0
17852,355,786,0
17853,355,941,0
17854,355,379,0
17855,355,1065,0
17856,355,412,0
17857,355,934,0
17858,355,500,0
17859,355,756,0
17860,355,696,0
17861,355,705,0
17862,355,1003,0
17863,355,431,0
17864,355,414,0
17865,355,155,0
17866,355,750,0
17867,355,312,0
17868,355,997,0
17869,355,556,0
17870,355,1010,0
17871,355,823,0
17872,355,1084,0
17873,355,771,0
17874,355,311,0
17875,355,197,0
17876,355,712,0
17877,355,611,0
17878,355,994,0
17879,355,32,0
17880,355,733,0
17881,355,886,0
17882,355,81,0
17883,355,952,0
17884,355,441,0
17885,355,525,0
17886,355,1025,0
17887,355,257,0
17888,355,1033,0
17889,355,389,0
17890,355,371,0
17891,355,796,0
17892,355,474,0
17893,355,638,0
17894,355,1090,0
17895,355,986,0
17896,355,305,0
17897,355,1012,0
17898,355,27,0
17899,355,1162,0
17900,355,354,0
17901,355,18,0
17902,355,239,0
17903,355,702,0
17904,355,698,0
17905,355,843,0
17906,355,1045,0
17907,355,631,0
17908,355,709,0
17909,355,1178,0
17910,355,1181,0
17911,355,175,0
17912,355,727,0
17913,355,205,0
17914,355,303,0
17915,355,724,0
17916,355,219,0
17917,355,40,0
17918,355,654,0
17919,355,1133,0
17920,355,508,0
17921,355,1125,0
17922,355,885,0
17923,355,45,0
17924,355,798,0
17925,355,73,0
17926,355,946,0
17927,355,97,0
17928,355,118,0
17929,355,221,0
17930,355,948,0
17931,355,1047,0
17932,355,862,0
17933,355,529,0
17934,355,1072,0
17935,355,93,0
17936,355,584,0
17937,355,1136,0
17938,355,156,0
17939,355,630,0
17940,355,285,0
17941,355,64,0
17942,355,758,0
17943,355,938,0
17944,355,400,0
17945,355,651,0
17946,355,828,0
17947,355,421,0
17948,355,778,0
17949,355,965,0
17950,355,134,0
17951,355,1151,0
17952,355,280,0
17953,355,911,0
17954,355,55,0
17955,355,876,0
17956,355,259,0
17957,355,117,0
17958,355,671,0
17959,355,581,0
17960,355,1130,0
17961,355,762,0
17962,355,48,0
17963,355,391,0
17964,355,398,0
17965,355,362,0
17966,355,154,0
17967,355,246,0
17968,355,670,0
17969,355,109,0
17970,355,1185,0
17971,355,252,0
17972,355,979,0
17973,355,594,0
17974,355,344,0
17975,355,5,0
17976,355,7,0
17977,355,976,0
17978,355,1020,0
17979,355,1177,0
17980,355,617,0
17981,355,816,0
17982,355,12,0
17983,355,894,0
17984,355,521,0
17985,355,856,0
17986,355,512,0
17987,355,341,0
17988,355,410,0
17989,355,1069,0
17990,355,552,0
17991,355,548,0
17992,355,903,0
17993,355,108,0
17994,355,237,0
17995,355,1009,0
17996,355,275,0
17997,355,1127,0
17998,355,50,0
17999,355,781,0
18000,355,916,0
18001,355,890,0
18002,355,46,0
18003,355,1098,0
18004,355,678,0
18005,355,132,0
18006,355,847,0
18007,355,971,0
18008,355,1036,0
18009,355,575,0
18010,355,655,0
18011,355,1168,0
18012,355,315,0
18013,355,836,0
18014,355,450,0
18015,355,884,0
18016,355,1172,0
18017,355,218,0
18018,355,963,0
18019,355,115,0
18020,355,615,0
18021,355,956,0
18022,355,215,0
18023,355,489,0
18024,355,815,0
18025,355,899,0
18026,355,1120,0
18027,355,621,0
18028,355,928,0
18029,355,475,0
18030,355,829,0
18031,355,491,0
18032,355,1165,0
18033,355,1103,0
18034,355,129,0
18035,355,67,0
18036,355,403,0
18037,355,281,0
18038,355,708,0
18039,355,864,0
18040,355,1048,0
18041,355,95,0
18042,355,714,0
18043,355,540,0
18044,355,139,0
18045,355,742,0
18046,355,271,0
18047,355,206,0
18048,355,1197,0
18049,355,1097,0
18050,355,954,0
18051,355,142,0
18052,355,486,0
18053,355,842,0
18054,355,427,0
18055,355,171,0
18056,355,434,0
18057,355,618,0
18058,355,481,0
18059,355,356,0
18060,355,915,0
18061,355,364,0
18062,355,402,0
18063,355,873,0
18064,355,737,0
18065,355,693,0
18066,355,858,0
18067,355,1137,0
18068,355,1083,0
18069,355,350,0
18070,355,687,0
18071,355,42,0
18072,355,380,0
18073,355,573,0
18074,355,1081,0
18075,355,1108,0
18076,355,718,0
18077,355,325,0
18078,355,1099,0
18079,355,1041,0
18080,355,1107,0
18081,355,509,0
18082,355,274,0
18083,355,835,0
18084,355,544,0
18085,355,601,0
18086,355,1135,0
18087,355,102,0
18088,355,929,0
18089,355,15,0
18090,355,776,0
18091,355,90,0
18092,355,970,0
18093,355,1055,0
18094,355,1014,0
18095,355,1030,0
18096,355,806,0
18097,355,744,0
18098,355,53,0
18099,355,968,0
18100,355,1188,0
18101,355,243,0
18102,355,149,0
18103,355,59,0
18104,355,37,0
18105,355,1189,0
18106,355,1096,0
18107,355,805,0
18108,355,381,0
18109,355,661,0
18110,355,203,0
18111,355,604,0
18112,355,683,0
18113,355,349,0
18114,355,636,0
18115,355,264,0
18116,355,790,0
18117,355,217,0
18118,355,88,0
18119,355,801,0
18120,355,892,0
18121,355,1155,0
18122,355,1143,0
18123,355,1092,0
18124,355,340,0
18125,355,795,0
18126,355,597,0
18127,355,358,0
18128,355,984,0
18129,355,1109,0
18130,355,1019,0
18131,355,1192,0
18132,355,54,0
18133,355,339,0
18134,355,214,0
18135,355,882,0
18136,355,566,0
18137,355,209,0
18138,355,328,0
18139,355,430,0
18140,355,471,0
18141,355,1053,0
18142,355,789,0
18143,355,716,0
18144,355,208,0
18145,355,183,0
18146,355,420,0
18147,355,677,0
18148,355,1150,0
18149,355,612,0
18150,355,993,0
18151,355,174,0
18152,355,741,0
18153,355,145,0
18154,355,1067,0
18155,355,723,0
18156,355,613,0
18157,355,927,0
18158,355,16,0
18159,355,198,0
18160,355,660,0
18161,355,962,0
18162,355,1102,0
18163,355,627,0
18164,355,773,0
18165,355,334,0
18166,355,807,0
18167,355,1,0
18168,355,1153,0
18169,355,29,0
18170,355,684,0
18171,355,572,0
18172,355,754,0
18173,355,232,0
18174,355,1194,0
18175,355,551,0
18176,355,920,0
18177,355,452,0
18178,355,688,0
18179,355,1159,0
18180,355,124,0
18181,355,1016,0
18182,355,942,0
18183,355,113,0
18184,355,972,0
18185,355,949,0
18186,355,603,0
18187,355,1146,0
18188,355,1038,0
18189,355,91,0
18190,355,605,0
18191,355,442,0
18192,355,75,0
18193,355,33,0
18194,355,44,0
18195,355,207,0
18196,355,622,0
18197,355,498,0
18198,355,851,0
18199,355,286,0
18200,355,745,0
18201,355,1203,0
18202,355,793,0
18203,355,1023,0
18204,355,1182,0
18205,355,922,0
18206,355,625,0
18207,355,924,0
18208,355,1157,0
18209,355,973,0
18210,355,811,0
18211,355,1044,0
18212,355,846,0
18213,355,460,0
18214,355,1199,0
18215,355,1034,0
18216,355,39,0
18217,355,4,0
18218,355,120,0
18219,355,990,0
18220,355,399,0
18221,355,1052,0
18222,355,478,0
18223,355,338,0
18224,355,35,0
18225,355,533,0
18226,355,1077,0
18227,355,342,0
18228,355,932,0
18229,355,818,0
18230,355,704,0
18231,355,832,0
18232,355,244,0
18233,355,138,0
18234,355,565,0
18235,355,674,0
18236,355,373,0
18237,355,408,0
18238,355,467,0
18239,355,453,0
18240,355,991,0
18241,355,1145,0
18242,355,849,0
18243,355,587,0
18244,355,743,0
18245,355,1005,0
18246,355,283,0
18247,355,1060,0
18248,355,852,0
18249,355,506,0
18250,355,74,0
18251,355,492,0
18252,355,320,0
18253,355,30,0
18254,355,596,0
18255,355,428,0
18256,355,1160,0
18257,355,151,0
18258,355,262,0
18259,355,6,0
18260,355,488,0
18261,355,406,0
18262,355,445,0
18263,355,188,0
18264,355,602,0
18265,355,812,0
18266,355,1071,0
18267,355,121,0
18268,355,287,0
18269,355,194,0
18270,355,1164,0
18271,355,814,0
18272,355,726,0
18273,355,457,0
18274,355,385,0
18275,355,746,0
18276,355,277,0
18277,355,761,0
18278,355,866,0
18279,355,1166,0
18280,355,719,0
18281,355,376,0
18282,355,122,0
18283,355,140,0
18284,355,424,0
18285,355,663,0
18286,355,1079,0
18287,355,1200,0
18288,355,484,0
18289,355,258,0
18290,355,1094,0
18291,355,1156,0
18292,355,624,0
18293,355,992,0
18294,355,446,0
18295,355,653,0
18296,355,1174,0
18297,355,809,0
18298,355,41,0
18299,355,861,0
18300,355,904,0
18301,355,1183,0
18302,355,20,0
18303,355,60,0
18304,355,996,0
18305,355,501,0
18306,355,468,0
18307,355,329,0
18308,355,891,0
18309,355,582,0
18310,355,85,0
18311,355,536,0
18312,355,591,0
18313,355,143,0
18314,355,222,0
18315,355,212,0
18316,355,869,0
18317,355,665,0
18318,355,62,0
18319,355,589,0
18320,355,365,0
18321,355,87,0
18322,355,827,0
18323,355,715,0
18324,355,372,0
18325,355,763,0
18326,355,1163,0
18327,355,921,0
18328,355,902,0
18329,355,768,0
18330,355,292,0
18331,355,668,0
18332,355,546,0
18333,355,764,0
18334,355,648,0
18335,355,511,0
18336,355,537,0
18337,355,532,0
18338,355,749,0
18339,355,130,0
18340,355,592,0
18341,355,944,0
18342,355,150,0
18343,355,477,0
18344,355,310,0
18345,355,225,0
18346,355,770,0
18347,355,144,0
18348,355,1006,0
18349,355,1063,0
18350,355,199,0
18351,355,370,0
18352,355,461,0
18353,355,933,0
18354,355,384,0
18355,355,220,0
18356,355,251,0
18357,355,127,0
18358,355,848,0
18359,355,580,0
18360,355,278,0
18361,355,104,0
18362,355,989,0
18363,355,79,0
18364,355,131,0
18365,355,987,0
18366,355,707,0
18367,355,28,0
18368,355,850,0
18369,355,1078,0
18370,355,34,0
18371,355,409,0
18372,355,667,0
18373,355,224,0
18374,355,1087,0
18375,355,616,0
18376,355,788,0
18377,355,110,0
18378,355,538,0
18379,355,84,0
18380,355,747,0
18381,355,267,0
18382,355,510,0
18383,355,180,0
18384,355,308,0
18385,355,101,0
18386,355,1142,0
18387,355,1187,0
18388,355,1031,0
18389,355,504,0
18390,355,66,0
18391,355,639,0
18392,355,760,0
18393,355,1139,0
18394,355,1039,0
18395,355,56,0
18396,355,527,0
18397,355,1021,0
18398,355,1073,0
18399,355,898,0
18400,355,1104,0
18401,355,560,0
18402,355,454,0
18403,355,689,0
18404,355,165,0
18405,355,250,0
18406,355,392,0
18407,355,378,0
18408,355,936,0
18409,355,1051,0
18410,355,464,0
18411,355,672,0
18412,355,1029,0
18413,355,211,0
18414,355,1061,0
18415,355,957,0
18416,355,826,0
18417,355,686,0
18418,355,923,0
18419,355,161,0
18420,355,906,0
18421,355,930,0
18422,355,386,0
18423,355,1026,0
18424,355,855,0
18425,355,919,0
18426,355,1110,0
18427,355,235,0
18428,355,1114,0
18429,355,163,0
18430,355,839,0
18431,355,147,0
18432,355,178,0
18433,355,1169,0
18434,355,699,0
18435,355,1119,0
18436,355,517,0
18437,355,669,0
18438,355,173,0
18439,355,640,0
18440,355,1100,0
18441,355,918,0
18442,355,739,0
18443,355,931,0
18444,355,360,0
18445,355,43,0
18446,355,1138,0
18447,355,382,0
18448,355,658,0
18449,355,254,0
18450,355,664,0
18451,355,662,0
18452,355,1195,0
18453,355,411,0
18454,355,969,0
18455,355,416,0
18456,355,629,0
18457,355,608,0
18458,355,751,0
18459,355,1106,0
18460,355,643,0
18461,355,313,0
18462,355,534,0
18463,355,692,0
18464,355,1167,0
18465,355,276,0
18466,355,526,0
18467,355,681,0
18468,355,2,0
18469,355,1027,0
18470,355,837,0
18471,355,953,0
18472,355,71,0
18473,355,179,0
18474,355,1088,0
18475,355,819,0
18476,355,451,0
18477,355,697,0
18478,355,494,0
18479,355,913,0
18480,355,96,0
18481,355,721,0
18482,355,135,0
18483,355,1113,0
18484,355,820,0
18485,355,168,0
18486,355,92,0
18487,355,465,0
18488,355,1080,0
18489,355,448,0
18490,355,766,0
18491,355,729,0
18492,355,610,0
18493,355,141,0
18494,355,343,0
18495,355,158,0
18496,355,797,0
18497,355,623,0
18498,355,975,0
18499,355,1158,0
18500,355,650,0
18501,355,440,0
18502,355,966,0
18503,355,269,0
18504,355,357,0
18505,355,1124,0
18506,355,177,0
18507,355,176,0
18508,355,348,0
18509,355,480,0
18510,355,682,0
18511,355,503,0
18512,355,1123,0
18513,355,284,0
18514,355,830,0
18515,355,419,0
18516,355,700,0
18517,355,201,0
18518,356,528,0
18519,356,1024,0
18520,356,699,0
18521,356,371,0
18522,356,264,0
18523,356,357,0
18524,356,879,0
18525,356,8,0
18526,356,89,0
18527,356,195,0
18528,356,415,0
18529,356,386,0
18530,356,1065,0
18531,356,816,0
18532,356,1132,0
18533,356,288,0
18534,356,40,0
18535,356,902,0
18536,356,134,0
18537,356,1094,0
18538,356,669,0
18539,356,1078,0
18540,356,875,0
18541,356,724,0
18542,356,761,0
18543,356,1167,0
18544,356,1055,0
18545,356,1091,0
18546,356,42,0
18547,356,627,0
18548,356,768,0
18549,356,147,0
18550,356,1063,0
18551,356,615,0
18552,356,436,0
18553,356,81,0
18554,356,1147,0
18555,356,1022,0
18556,356,313,0
18557,356,1175,0
18558,356,67,0
18559,356,190,0
18560,356,213,0
18561,356,410,0
18562,356,1141,0
18563,356,424,0
18564,356,880,0
18565,356,956,0
18566,356,974,0
18567,356,613,0
18568,356,1168,0
18569,356,538,0
18570,356,1171,0
18571,356,906,0
18572,356,78,0
18573,356,921,0
18574,356,63,0
18575,356,605,0
18576,356,110,0
18577,356,13,0
18578,356,306,0
18579,356,972,0
18580,356,590,0
18581,356,913,0
18582,356,719,0
18583,356,456,0
18584,356,1092,0
18585,356,583,0
18586,356,621,0
18587,356,271,0
18588,356,543,0
18589,356,74,0
18590,356,395,0
18591,356,251,0
18592,356,929,0
18593,356,711,0
18594,356,473,0
18595,356,374,0
18596,356,215,0
18597,356,489,0
18598,356,337,0
18599,356,637,0
18600,356,970,0
18601,356,369,0
18602,356,694,0
18603,356,184,0
18604,356,94,0
18605,356,359,0
18606,356,234,0
18607,356,1031,0
18608,356,243,0
18609,356,881,0
18610,356,810,0
18611,356,387,0
18612,356,610,0
18613,356,422,0
18614,356,490,0
18615,356,420,0
18616,356,385,0
18617,356,145,0
18618,356,480,0
18619,356,967,0
18620,356,525,0
18621,356,86,0
18622,356,662,0
18623,356,358,0
18624,356,550,0
18625,356,696,0
18626,356,1011,0
18627,356,634,0
18628,356,985,0
18629,356,671,0
18630,356,411,0
18631,356,1137,0
18632,356,853,0
18633,356,18,0
18634,356,494,0
18635,356,128,0
18636,356,1179,0
18637,356,999,0
18638,356,28,0
18639,356,995,0
18640,356,352,0
18641,356,703,0
18642,356,1174,0
18643,356,812,0
18644,356,546,0
18645,356,1125,0
18646,356,311,0
18647,356,1138,0
18648,356,236,0
18649,356,346,0
18650,356,152,0
18651,356,237,0
18652,356,366,0
18653,356,888,0
18654,356,48,0
18655,356,1017,0
18656,356,402,0
18657,356,567,0
18658,356,72,0
18659,356,508,0
18660,356,331,0
18661,356,485,0
18662,356,419,0
18663,356,661,0
18664,356,418,0
18665,356,22,0
18666,356,151,0
18667,356,1135,0
18668,356,697,0
18669,421,833,0
18670,421,391,0
18671,421,8,0
18672,421,740,0
18673,421,1135,0
18674,421,948,0
18675,421,357,0
18676,421,32,0
18677,421,1168,0
18678,421,434,0
18679,421,801,0
18680,421,105,0
18681,421,444,0
18682,421,978,0
18683,421,1120,0
18684,421,693,0
18685,421,211,0
18686,421,288,0
18687,421,1148,0
18688,421,128,0
18689,421,993,0
18690,421,592,0
18691,421,10,0
18692,421,464,0
18693,421,358,0
18694,421,371,0
18695,421,924,0
18696,421,364,0
18697,421,218,0
18698,421,590,0
18699,421,773,0
18700,421,51,0
18701,421,222,0
18702,421,605,0
18703,421,93,0
18704,421,719,0
18705,421,159,0
18706,421,975,0
18707,421,1090,0
18708,421,215,0
18709,421,717,0
18710,421,451,0
18711,421,86,0
18712,421,690,0
18713,421,854,0
18714,421,145,0
18715,421,475,0
18716,421,72,0
18717,421,999,0
18718,421,653,0
18719,421,291,0
18720,421,1179,0
18721,421,190,0
18722,421,865,0
18723,421,249,0
18724,421,568,0
18725,421,851,0
18726,421,803,0
18727,421,887,0
18728,421,972,0
18729,421,899,0
18730,421,155,0
18731,421,84,0
18732,421,841,0
18733,421,537,0
18734,421,680,0
18735,421,1080,0
18736,421,837,0
18737,421,1175,0
18738,421,530,0
18739,421,1118,0
18740,421,538,0
18741,421,751,0
18742,421,1082,0
18743,421,1159,0
18744,421,88,0
18745,421,790,0
18746,421,525,0
18747,421,659,0
18748,421,163,0
18749,421,729,0
18750,421,204,0
18751,421,566,0
18752,421,274,0
18753,421,23,0
18754,421,206,0
18755,421,203,0
18756,421,718,0
18757,421,1056,0
18758,421,578,0
18759,421,1098,0
18760,421,969,0
18761,421,846,0
18762,421,192,0
18763,421,753,0
18764,421,208,0
18765,421,842,0
18766,421,793,0
18767,421,266,0
18768,421,490,0
18769,421,308,0
18770,421,468,0
18771,421,1139,0
18772,421,1065,0
18773,421,40,0
18774,421,890,0
18775,421,573,0
18776,421,251,0
18777,421,270,0
18778,421,768,0
18779,421,418,0
18780,421,1092,0
18781,421,151,0
18782,421,331,0
18783,421,216,0
18784,421,334,0
18785,421,47,0
18786,421,745,0
18787,421,952,0
18788,421,895,0
18789,421,812,0
18790,421,710,0
18791,421,1125,0
18792,421,1137,0
18793,421,1027,0
18794,421,868,0
18795,421,922,0
18796,421,110,0
18797,421,631,0
18798,421,594,0
18799,421,1074,0
18800,421,581,0
18801,421,1068,0
18802,421,517,0
18803,421,974,0
18804,421,1055,0
18805,421,79,0
18806,421,382,0
18807,421,140,0
18808,421,356,0
18809,421,109,0
18810,421,80,0
18811,421,256,0
18812,421,930,0
18813,421,610,0
18814,421,857,0
18815,421,966,0
18816,421,407,0
18817,421,67,0
18818,421,731,0
18819,421,707,0
18820,421,3,0
18821,421,960,0
18822,421,108,0
18823,421,374,0
18824,421,1099,0
18825,421,494,0
18826,421,906,0
18827,421,683,0
18828,421,262,0
18829,421,618,0
18830,421,184,0
18831,421,671,0
18832,421,699,0
18833,421,428,0
18834,421,830,0
18835,421,1020,0
18836,421,1161,0
18837,421,45,0
18838,421,632,0
18839,421,1086,0
18840,421,654,0
18841,421,443,0
18842,421,420,0
18843,421,1128,0
18844,421,985,0
18845,421,176,0
18846,421,237,0
18847,421,283,0
18848,421,929,0
18849,421,728,0
18850,421,588,0
18851,421,436,0
18852,421,411,0
18853,421,17,0
18854,421,440,0
18855,421,667,0
18856,421,677,0
18857,421,1112,0
18858,577,875,0
18859,577,271,0
18860,577,291,0
18861,577,4,0
18862,577,150,0
18863,577,845,0
18864,577,781,0
18865,577,937,0
18866,577,1091,0
18867,577,611,0
18868,577,956,0
18869,577,480,0
18870,577,353,0
18871,577,1032,0
18872,577,530,0
18873,577,370,0
18874,577,38,0
18875,577,238,0
18876,577,1022,0
18877,577,311,0
18878,577,425,0
18879,577,1184,0
18880,577,671,0
18881,577,198,0
18882,577,786,0
18883,577,290,0
18884,577,995,0
18885,577,156,0
18886,577,971,0
18887,577,478,0
18888,577,774,0
18889,577,1148,0
18890,577,80,0
18891,577,390,0
18892,577,691,0
18893,577,210,0
18894,577,25,0
18895,577,374,0
18896,577,602,0
18897,577,1114,0
18898,577,155,0
18899,577,1103,0
18900,577,413,0
18901,577,326,0
18902,577,231,0
18903,577,139,0
18904,577,239,0
18905,577,1082,0
18906,577,315,0
18907,577,375,0
18908,577,1086,0
18909,577,407,0
18910,577,869,0
18911,577,138,0
18912,577,1052,0
18913,577,474,0
18914,577,321,0
18915,577,1175,0
18916,577,624,0
18917,577,573,0
18918,577,532,0
18919,577,787,0
18920,577,279,0
18921,577,1026,0
18922,577,459,0
18923,577,806,0
18924,577,998,0
18925,577,684,0
18926,577,135,0
18927,577,67,0
18928,577,902,0
18929,577,756,0
18930,577,761,0
18931,577,401,0
18932,577,1157,0
18933,577,910,0
18934,577,617,0
18935,577,73,0
18936,577,542,0
18937,577,405,0
18938,577,909,0
18939,577,339,0
18940,577,1145,0
18941,577,732,0
18942,577,659,0
18943,577,929,0
18944,577,489,0
18945,577,283,0
18946,577,277,0
18947,577,114,0
18948,577,39,0
18949,577,473,0
18950,577,775,0
18951,577,399,0
18952,577,214,0
18953,577,736,0
18954,577,762,0
18955,577,464,0
18956,577,202,0
18957,577,441,0
18958,577,559,0
18959,577,1118,0
18960,577,976,0
18961,577,992,0
18962,577,185,0
18963,577,488,0
18964,577,966,0
18965,577,1016,0
18966,577,177,0
18967,577,1029,0
18968,577,1191,0
18969,577,1050,0
18970,577,468,0
18971,577,943,0
18972,577,223,0
18973,577,1183,0
18974,577,62,0
18975,577,422,0
18976,577,151,0
18977,577,143,0
18978,577,783,0
18979,577,1177,0
18980,577,1098,0
18981,577,461,0
18982,577,17,0
18983,577,558,0
18984,577,850,0
18985,577,281,0
18986,577,199,0
18987,577,844,0
18988,577,344,0
18989,577,298,0
18990,577,126,0
18991,577,316,0
18992,577,921,0
18993,577,570,0
18994,577,499,0
18995,577,815,0
18996,577,555,0
18997,577,599,0
18998,577,985,0
18999,577,662,0
19000,577,497,0
19001,577,36,0
19002,577,922,0
19003,577,571,0
19004,577,794,0
19005,577,237,0
19006,577,112,0
19007,577,435,0
19008,577,386,0
19009,577,180,0
19010,577,267,0
19011,577,960,0
19012,577,812,0
19013,577,612,0
19014,577,362,0
19015,577,890,0
19016,577,872,0
19017,577,975,0
19018,577,77,0
19019,577,889,0
19020,577,556,0
19021,577,990,0
19022,577,416,0
19023,577,920,0
19024,577,675,0
19025,577,548,0
19026,577,739,0
19027,577,1064,0
19028,577,1200,0
19029,577,1179,0
19030,577,600,0
19031,577,948,0
19032,577,584,0
19033,577,469,0
19034,577,701,0
19035,577,646,0
19036,577,1018,0
19037,577,852,0
19038,577,256,0
19039,577,115,0
19040,577,799,0
19041,577,137,0
19042,577,687,0
19043,577,206,0
19044,577,531,0
19045,577,549,0
19046,577,677,0
19047,577,518,0
19048,577,864,0
19049,577,264,0
19050,577,837,0
19051,577,1166,0
19052,577,1008,0
19053,577,498,0
19054,577,85,0
19055,577,1167,0
19056,577,124,0
19057,577,144,0
19058,577,280,0
19059,577,1176,0
19060,577,98,0
19061,577,163,0
19062,577,621,0
19063,577,605,0
19064,577,95,0
19065,577,965,0
19066,577,916,0
19067,577,1127,0
19068,577,695,0
19069,577,21,0
19070,577,807,0
19071,577,771,0
19072,577,978,0
19073,577,881,0
19074,577,102,0
19075,577,817,0
19076,577,1201,0
19077,577,307,0
19078,577,417,0
19079,577,1094,0
19080,577,907,0
19081,577,539,0
19082,577,146,0
19083,577,347,0
19084,577,241,0
19085,577,189,0
19086,577,366,0
19087,577,886,0
19088,577,496,0
19089,577,1128,0
19090,577,367,0
19091,577,581,0
19092,577,802,0
19093,577,1193,0
19094,577,261,0
19095,577,968,0
19096,577,103,0
19097,577,644,0
19098,577,336,0
19099,577,933,0
19100,577,200,0
19101,577,686,0
19102,577,109,0
19103,577,1134,0
19104,577,529,0
19105,577,1055,0
19106,577,113,0
19107,577,866,0
19108,577,240,0
19109,577,777,0
19110,577,149,0
19111,577,194,0
19112,577,574,0
19113,577,601,0
19114,577,178,0
19115,577,158,0
19116,577,703,0
19117,577,831,0
19118,577,174,0
19119,577,755,0
19120,577,1147,0
19121,577,1054,0
19122,577,891,0
19123,577,275,0
19124,577,97,0
19125,577,598,0
19126,577,526,0
19127,577,816,0
19128,577,820,0
19129,577,287,0
19130,577,1057,0
19131,577,511,0
19132,577,796,0
19133,577,234,0
19134,577,693,0
19135,577,811,0
19136,577,851,0
19137,577,1067,0
19138,577,439,0
19139,577,1058,0
19140,577,930,0
19141,577,547,0
19142,577,1066,0
19143,577,894,0
19144,577,380,0
19145,577,104,0
19146,577,116,0
19147,577,302,0
19148,577,70,0
19149,577,726,0
19150,577,265,0
19151,577,1160,0
19152,577,918,0
19153,577,1178,0
19154,577,583,0
19155,577,1189,0
19156,577,288,0
19157,577,387,0
19158,577,1119,0
19159,577,1044,0
19160,577,1039,0
19161,577,154,0
19162,577,673,0
19163,577,266,0
19164,577,1093,0
19165,577,1007,0
19166,577,658,0
19167,577,43,0
19168,577,11,0
19169,577,345,0
19170,577,1013,0
19171,577,1168,0
19172,577,939,0
19173,577,828,0
19174,577,462,0
19175,577,348,0
19176,577,282,0
19177,577,1129,0
19178,577,1075,0
19179,577,483,0
19180,577,607,0
19181,577,935,0
19182,577,86,0
19183,577,1004,0
19184,577,20,0
19185,577,148,0
19186,577,1170,0
19187,577,1109,0
19188,577,553,0
19189,577,754,0
19190,577,814,0
19191,577,244,0
19192,577,1023,0
19193,577,262,0
19194,577,379,0
19195,577,108,0
19196,577,384,0
19197,577,1087,0
19198,577,635,0
19199,577,899,0
19200,577,676,0
19201,577,309,0
19202,577,1040,0
19203,577,1000,0
19204,577,211,0
19205,577,609,0
19206,577,322,0
19207,577,259,0
19208,577,170,0
19209,577,579,0
19210,577,181,0
19211,577,623,0
19212,577,424,0
19213,577,142,0
19214,577,268,0
19215,577,643,0
19216,577,40,0
19217,577,1060,0
19218,577,492,0
19219,577,572,0
19220,577,248,0
19221,577,343,0
19222,577,861,0
19223,577,230,0
19224,577,1053,0
19225,577,1017,0
19226,577,810,0
19227,577,335,0
19228,577,974,0
19229,577,714,0
19230,577,134,0
19231,577,130,0
19232,577,719,0
19233,577,463,0
19234,577,876,0
19235,577,692,0
19236,577,834,0
19237,577,843,0
19238,577,648,0
19239,577,296,0
19240,577,376,0
19241,577,1106,0
19242,577,195,0
19243,577,342,0
19244,577,365,0
19245,577,697,0
19246,577,136,0
19247,577,927,0
19248,577,1073,0
19249,577,655,0
19250,577,630,0
19251,577,423,0
19252,577,809,0
19253,577,145,0
19254,577,1099,0
19255,577,257,0
19256,577,456,0
19257,577,1203,0
19258,577,81,0
19259,577,728,0
19260,577,78,0
19261,577,699,0
19262,577,1155,0
19263,577,1089,0
19264,577,926,0
19265,577,54,0
19266,577,129,0
19267,577,596,0
19268,577,668,0
19269,577,540,0
19270,577,904,0
19271,577,1049,0
19272,577,1150,0
19273,577,544,0
19274,577,1113,0
19275,577,636,0
19276,577,830,0
19277,577,637,0
19278,577,220,0
19279,577,169,0
19280,577,1130,0
19281,577,166,0
19282,577,133,0
19283,577,986,0
19284,577,1084,0
19285,577,66,0
19286,577,730,0
19287,577,453,0
19288,577,513,0
19289,577,1187,0
19290,577,100,0
19291,577,1085,0
19292,577,389,0
19293,577,1003,0
19294,577,18,0
19295,577,964,0
19296,577,1081,0
19297,577,358,0
19298,577,856,0
19299,577,561,0
19300,577,31,0
19301,577,141,0
19302,577,521,0
19303,577,797,0
19304,577,34,0
19305,577,383,0
19306,577,906,0
19307,577,255,0
19308,577,228,0
19309,577,1199,0
19310,577,713,0
19311,577,233,0
19312,577,222,0
19313,577,427,0
19314,577,608,0
19315,577,1030,0
19316,577,12,0
19317,577,94,0
19318,577,679,0
19319,577,670,0
19320,577,1045,0
19321,577,359,0
19322,577,448,0
19323,577,460,0
19324,577,614,0
19325,577,447,0
19326,577,1034,0
19327,577,788,0
19328,577,305,0
19329,577,545,0
19330,577,836,0
19331,577,923,0
19332,577,37,0
19333,577,503,0
19334,577,1095,0
19335,577,355,0
19336,577,827,0
19337,577,13,0
19338,577,1006,0
19339,577,746,0
19340,577,552,0
19341,577,1197,0
19342,577,273,0
19343,577,1154,0
19344,577,377,0
19345,577,294,0
19346,577,858,0
19347,577,1001,0
19348,577,690,0
19349,577,429,0
19350,577,724,0
19351,577,1124,0
19352,577,764,0
19353,577,1146,0
19354,577,688,0
19355,577,803,0
19356,577,1011,0
19357,577,412,0
19358,577,849,0
19359,577,1037,0
19360,577,1102,0
19361,577,84,0
19362,577,594,0
19363,577,481,0
19364,577,1162,0
19365,577,403,0
19366,577,1135,0
19367,577,445,0
19368,577,982,0
19369,577,443,0
19370,577,1156,0
19371,577,1152,0
19372,577,722,0
19373,577,972,0
19374,577,878,0
19375,577,721,0
19376,577,1141,0
19377,577,313,0
19378,577,263,0
19379,577,48,0
19380,577,1021,0
19381,577,45,0
19382,577,131,0
19383,577,563,0
19384,577,1012,0
19385,577,862,0
19386,577,254,0
19387,577,911,0
19388,577,712,0
19389,577,938,0
19390,577,1078,0
19391,577,582,0
19392,577,1042,0
19393,577,292,0
19394,577,260,0
19395,577,1080,0
19396,577,1161,0
19397,577,1140,0
19398,577,1142,0
19399,577,430,0
19400,577,1192,0
19401,577,221,0
19402,577,1186,0
19403,577,1180,0
19404,577,823,0
19405,577,215,0
19406,577,299,0
19407,577,704,0
19408,577,708,0
19409,577,440,0
19410,577,696,0
19411,577,642,0
19412,577,805,0
19413,577,236,0
19414,577,27,0
19415,577,853,0
19416,577,118,0
19417,577,798,0
19418,577,47,0
19419,577,578,0
19420,577,41,0
19421,577,516,0
19422,577,83,0
19423,577,107,0
19424,577,707,0
19425,577,1027,0
19426,577,884,0
19427,577,865,0
19428,577,628,0
19429,577,727,0
19430,577,398,0
19431,577,414,0
19432,577,79,0
19433,577,9,0
19434,577,757,0
19435,577,274,0
19436,577,506,0
19437,577,392,0
19438,577,419,0
19439,577,1151,0
19440,577,182,0
19441,577,867,0
19442,577,632,0
19443,577,997,0
19444,577,402,0
19445,577,1173,0
19446,577,346,0
19447,577,105,0
19448,577,536,0
19449,577,597,0
19450,577,588,0
19451,577,1048,0
19452,577,768,0
19453,577,1063,0
19454,577,649,0
19455,577,466,0
19456,577,841,0
19457,577,505,0
19458,577,620,0
19459,577,616,0
19460,577,905,0
19461,577,1010,0
19462,577,1149,0
19463,577,458,0
19464,577,32,0
19465,577,242,0
19466,577,752,0
19467,577,1195,0
19468,577,192,0
19469,577,58,0
19470,577,963,0
19471,577,870,0
19472,577,197,0
19473,577,74,0
19474,577,1165,0
19475,577,1144,0
19476,577,1105,0
19477,577,519,0
19478,577,120,0
19479,577,276,0
19480,577,772,0
19481,577,1051,0
19482,577,493,0
19483,577,678,0
19484,577,793,0
19485,577,1046,0
19486,577,147,0
19487,577,1153,0
19488,577,737,0
19489,577,382,0
19490,577,1041,0
19491,577,535,0
19492,577,999,0
19493,577,1108,0
19494,577,829,0
19495,577,984,0
19496,577,1185,0
19497,577,770,0
19498,577,1062,0
19499,577,855,0
19500,577,411,0
19501,577,634,0
19502,577,15,0
19503,577,883,0
19504,577,361,0
19505,577,587,0
19506,577,958,0
19507,577,306,0
19508,577,204,0
19509,577,729,0
19510,577,357,0
19511,577,915,0
19512,577,880,0
19513,577,979,0
19514,577,833,0
19515,577,825,0
19516,577,564,0
19517,577,330,0
19518,577,645,0
19519,577,64,0
19520,577,711,0
19521,577,308,0
19522,577,209,0
19523,577,633,0
19524,577,91,0
19525,577,967,0
19526,577,1019,0
19527,577,857,0
19528,577,819,0
19529,577,950,0
19530,577,613,0
19531,577,487,0
19532,577,8,0
19533,577,63,0
19534,577,638,0
19535,577,656,0
19536,577,406,0
19537,577,987,0
19538,577,428,0
19539,577,106,0
19540,577,1015,0
19541,577,69,0
19542,577,763,0
19543,577,247,0
19544,577,354,0
19545,577,951,0
19546,577,991,0
19547,577,3,0
19548,577,1070,0
19549,577,312,0
19550,577,735,0
19551,577,685,0
19552,577,68,0
19553,577,173,0
19554,577,706,0
19555,577,29,0
19556,577,953,0
19557,577,381,0
19558,577,224,0
19559,577,338,0
19560,577,784,0
19561,577,418,0
19562,577,218,0
19563,577,767,0
19564,577,1035,0
19565,577,75,0
19566,577,1043,0
19567,577,631,0
19568,577,172,0
19569,577,619,0
19570,577,452,0
19571,577,438,0
19572,577,404,0
19573,577,245,0
19574,577,46,0
19575,577,190,0
19576,577,590,0
19577,577,733,0
19578,577,1071,0
19579,577,191,0
19580,577,485,0
19581,577,1024,0
19582,577,328,0
19583,577,1068,0
19584,577,33,0
19585,577,232,0
19586,577,314,0
19587,577,394,0
19588,577,304,0
19589,577,618,0
19590,577,125,0
19591,577,1101,0
19592,577,1002,0
19593,577,71,0
19594,577,1126,0
19595,577,76,0
19596,577,667,0
19597,577,873,0
19598,577,758,0
19599,577,917,0
19600,577,369,0
19601,577,1198,0
19602,577,373,0
19603,577,523,0
19604,577,702,0
19605,577,396,0
19606,577,1061,0
19607,577,51,0
19608,577,250,0
19609,577,832,0
19610,577,334,0
19611,577,482,0
19612,577,946,0
19613,577,895,0
19614,577,1104,0
19615,577,565,0
19616,577,471,0
19617,577,700,0
19618,577,790,0
19619,692,1061,0
19620,692,268,0
19621,692,723,0
19622,692,8,0
19623,692,490,0
19624,692,921,0
19625,692,660,0
19626,692,562,0
19627,692,862,0
19628,692,782,0
19629,692,201,0
19630,692,414,0
19631,692,944,0
19632,692,78,0
19633,692,555,0
19634,692,475,0
19635,692,202,0
19636,692,205,0
19637,692,696,0
19638,692,652,0
19639,692,703,0
19640,692,418,0
19641,692,300,0
19642,692,788,0
19643,692,662,0
19644,692,171,0
19645,692,144,0
19646,692,982,0
19647,692,426,0
19648,692,763,0
19649,692,679,0
19650,692,1136,0
19651,692,767,0
19652,692,828,0
19653,692,969,0
19654,692,796,0
19655,692,783,0
19656,692,853,0
19657,692,145,0
19658,692,133,0
19659,692,185,0
19660,692,809,0
19661,692,329,0
19662,692,627,0
19663,692,1037,0
19664,692,746,0
19665,692,717,0
19666,692,749,0
19667,692,425,0
19668,692,352,0
19669,692,30,0
19670,692,619,0
19671,692,341,0
19672,692,657,0
19673,692,1057,0
19674,692,70,0
19675,692,842,0
19676,692,884,0
19677,692,434,0
19678,692,799,0
19679,692,124,0
19680,692,565,0
19681,692,234,0
19682,692,863,0
19683,692,165,0
19684,692,722,0
19685,692,916,0
19686,692,532,0
19687,692,580,0
19688,692,1095,0
19689,692,1084,0
19690,692,226,0
19691,692,992,0
19692,692,787,0
19693,692,1074,0
19694,692,227,0
19695,692,563,0
19696,692,1190,0
19697,692,155,0
19698,692,442,0
19699,692,482,0
19700,692,630,0
19701,692,1001,0
19702,692,553,0
19703,692,1032,0
19704,692,1000,0
19705,692,721,0
19706,692,1006,0
19707,692,156,0
19708,692,1125,0
19709,692,384,0
19710,692,915,0
19711,692,129,0
19712,692,1142,0
19713,692,741,0
19714,692,197,0
19715,692,739,0
19716,692,430,0
19717,692,464,0
19718,692,832,0
19719,692,659,0
19720,692,766,0
19721,692,587,0
19722,692,357,0
19723,692,536,0
19724,692,503,0
19725,692,400,0
19726,692,1186,0
19727,692,584,0
19728,692,567,0
19729,692,372,0
19730,692,668,0
19731,692,1010,0
19732,692,9,0
19733,692,635,0
19734,692,911,0
19735,692,608,0
19736,692,963,0
19737,692,1181,0
19738,692,850,0
19739,692,756,0
19740,692,880,0
19741,692,320,0
19742,692,11,0
19743,692,892,0
19744,692,151,0
19745,692,646,0
19746,692,743,0
19747,692,326,0
19748,692,207,0
19749,692,1169,0
19750,692,456,0
19751,692,38,0
19752,692,621,0
19753,692,376,0
19754,692,480,0
19755,692,290,0
19756,692,1150,0
19757,692,714,0
19758,692,860,0
19759,692,638,0
19760,692,888,0
19761,692,573,0
19762,692,569,0
19763,692,658,0
19764,692,1007,0
19765,692,237,0
19766,692,451,0
19767,692,223,0
19768,692,1041,0
19769,692,385,0
19770,692,1026,0
19771,692,869,0
19772,692,1017,0
19773,692,531,0
19774,692,1119,0
19775,692,981,0
19776,692,929,0
19777,692,575,0
19778,692,282,0
19779,692,189,0
19780,692,170,0
19781,692,327,0
19782,692,120,0
19783,692,534,0
19784,692,19,0
19785,692,774,0
19786,692,757,0
19787,692,959,0
19788,692,818,0
19789,692,572,0
19790,692,1091,0
19791,692,1097,0
19792,692,87,0
19793,692,405,0
19794,692,453,0
19795,692,429,0
19796,692,484,0
19797,692,477,0
19798,692,1080,0
19799,692,989,0
19800,692,964,0
19801,692,444,0
19802,692,366,0
19803,692,776,0
19804,692,1128,0
19805,692,310,0
19806,692,68,0
19807,692,49,0
19808,692,309,0
19809,692,946,0
19810,692,493,0
19811,692,18,0
19812,692,786,0
19813,692,495,0
19814,692,1088,0
19815,692,772,0
19816,692,59,0
19817,692,302,0
19818,692,67,0
19819,692,221,0
19820,692,605,0
19821,692,1107,0
19822,692,216,0
19823,692,897,0
19824,692,967,0
19825,692,1154,0
19826,692,935,0
19827,692,643,0
19828,692,1018,0
19829,692,251,0
19830,692,121,0
19831,692,1153,0
19832,692,700,0
19833,692,374,0
19834,692,864,0
19835,692,281,0
19836,692,270,0
19837,692,712,0
19838,692,294,0
19839,692,1194,0
19840,692,822,0
19841,692,945,0
19842,692,548,0
19843,692,836,0
19844,692,815,0
19845,692,841,0
19846,692,1028,0
19847,692,41,0
19848,692,502,0
19849,692,288,0
19850,692,1012,0
19851,692,526,0
19852,692,169,0
19853,692,289,0
19854,692,81,0
19855,692,581,0
19856,692,1081,0
19857,692,200,0
19858,692,823,0
19859,692,576,0
19860,692,463,0
19861,692,698,0
19862,692,691,0
19863,692,599,0
19864,692,904,0
19865,692,971,0
19866,692,890,0
19867,692,592,0
19868,692,718,0
19869,692,468,0
19870,692,614,0
19871,692,827,0
19872,692,527,0
19873,692,632,0
19874,692,994,0
19875,692,966,0
19876,692,781,0
19877,692,706,0
19878,692,908,0
19879,692,48,0
19880,692,445,0
19881,692,835,0
19882,692,278,0
19883,692,922,0
19884,692,34,0
19885,692,54,0
19886,692,253,0
19887,692,104,0
19888,692,470,0
19889,692,778,0
19890,692,1116,0
19891,692,1102,0
19892,692,949,0
19893,692,520,0
19894,692,146,0
19895,692,147,0
19896,692,1053,0
19897,692,114,0
19898,692,602,0
19899,692,820,0
19900,692,1008,0
19901,692,346,0
19902,692,491,0
19903,692,243,0
19904,692,1027,0
19905,692,231,0
19906,692,377,0
19907,692,979,0
19908,692,537,0
19909,692,214,0
19910,692,39,0
19911,692,988,0
19912,692,304,0
19913,692,177,0
19914,692,761,0
19915,692,693,0
19916,692,1078,0
19917,692,386,0
19918,692,394,0
19919,692,1058,0
19920,692,118,0
19921,692,65,0
19922,692,164,0
19923,692,546,0
19924,692,432,0
19925,692,1122,0
19926,692,566,0
19927,692,323,0
19928,692,1092,0
19929,692,190,0
19930,692,997,0
19931,692,83,0
19932,692,912,0
19933,692,494,0
19934,692,1054,0
19935,692,236,0
19936,692,317,0
19937,692,622,0
19938,692,1147,0
19939,692,578,0
19940,692,1003,0
19941,692,73,0
19942,692,740,0
19943,692,181,0
19944,692,628,0
19945,692,824,0
19946,692,561,0
19947,692,1055,0
19948,692,671,0
19949,692,66,0
19950,692,98,0
19951,692,88,0
19952,692,22,0
19953,692,455,0
19954,692,272,0
19955,692,369,0
19956,692,866,0
19957,692,770,0
19958,692,649,0
19959,692,15,0
19960,692,343,0
19961,692,1144,0
19962,692,279,0
19963,692,1127,0
19964,692,926,0
19965,692,1052,0
19966,692,676,0
19967,692,1129,0
19968,692,184,0
19969,692,292,0
19970,692,388,0
19971,692,3,0
19972,692,1051,0
19973,692,751,0
19974,692,483,0
19975,692,705,0
19976,692,1013,0
19977,692,298,0
19978,692,433,0
19979,692,878,0
19980,692,469,0
19981,692,110,0
19982,692,1034,0
19983,692,902,0
19984,692,157,0
19985,692,233,0
19986,692,51,0
19987,692,1166,0
19988,692,383,0
19989,692,438,0
19990,692,315,0
19991,692,899,0
19992,692,260,0
19993,692,1082,0
19994,692,392,0
19995,692,111,0
19996,692,1164,0
19997,692,1020,0
19998,692,919,0
19999,692,428,0
20000,692,923,0
20001,692,538,0
20002,692,212,0
20003,692,416,0
20004,692,802,0
20005,692,313,0
20006,692,108,0
20007,692,1,0
20008,692,669,0
20009,692,97,0
20010,692,1148,0
20011,692,640,0
20012,692,1177,0
20013,692,1031,0
20014,692,1033,0
20015,692,504,0
20016,692,297,0
20017,692,564,0
20018,692,1196,0
20019,692,1030,0
20020,692,375,0
20021,692,943,0
20022,692,682,0
20023,692,285,0
20024,692,1106,0
20025,692,1005,0
20026,692,283,0
20027,692,291,0
20028,692,1039,0
20029,692,810,0
20030,692,940,0
20031,692,356,0
20032,692,539,0
20033,692,620,0
20034,692,199,0
20035,692,801,0
20036,692,149,0
20037,692,686,0
20038,692,1029,0
20039,692,886,0
20040,692,363,0
20041,692,747,0
20042,692,262,0
20043,692,89,0
20044,692,334,0
20045,692,382,0
20046,692,25,0
20047,692,655,0
20048,692,224,0
20049,692,391,0
20050,692,974,0
20051,692,265,0
20052,692,798,0
20053,692,44,0
20054,692,115,0
20055,692,1024,0
20056,692,812,0
20057,692,1124,0
20058,692,1076,0
20059,692,972,0
20060,692,939,0
20061,692,775,0
20062,692,478,0
20063,692,458,0
20064,692,465,0
20065,692,427,0
20066,692,993,0
20067,692,14,0
20068,692,1016,0
20069,692,117,0
20070,692,1004,0
20071,692,636,0
20072,692,299,0
20073,692,769,0
20074,692,1056,0
20075,692,762,0
20076,692,303,0
20077,692,968,0
20078,692,1187,0
20079,692,577,0
20080,692,1113,0
20081,692,296,0
20082,692,629,0
20083,692,466,0
20084,692,547,0
20085,692,1060,0
20086,692,269,0
20087,692,52,0
20088,692,1036,0
20089,692,1131,0
20090,692,316,0
20091,692,684,0
20092,692,1014,0
20093,692,173,0
20094,692,589,0
20095,692,1157,0
20096,692,593,0
20097,692,586,0
20098,692,984,0
20099,692,55,0
20100,692,528,0
20101,692,726,0
20102,692,814,0
20103,692,697,0
20104,692,57,0
20105,692,590,0
20106,692,141,0
20107,692,585,0
20108,692,1161,0
20109,692,1168,0
20110,692,107,0
20111,692,71,0
20112,692,995,0
20113,692,521,0
20114,692,976,0
20115,692,687,0
20116,692,443,0
20117,692,80,0
20118,692,540,0
20119,692,353,0
20120,692,975,0
20121,692,139,0
20122,692,648,0
20123,692,364,0
20124,692,238,0
20125,692,1015,0
20126,692,1065,0
20127,692,906,0
20128,692,980,0
20129,692,833,0
20130,692,328,0
20131,692,737,0
20132,692,246,0
20133,692,1185,0
20134,692,927,0
20135,692,597,0
20136,692,1086,0
20137,692,462,0
20138,692,1075,0
20139,692,228,0
20140,692,314,0
20141,692,870,0
20142,692,813,0
20143,692,103,0
20144,692,596,0
20145,692,1050,0
20146,692,331,0
20147,692,637,0
20148,692,256,0
20149,692,689,0
20150,692,831,0
20151,692,56,0
20152,692,259,0
20153,692,306,0
20154,692,688,0
20155,692,615,0
20156,692,887,0
20157,692,846,0
20158,692,852,0
20159,692,1062,0
20160,692,760,0
20161,692,4,0
20162,692,84,0
20163,692,203,0
20164,692,571,0
20165,692,795,0
20166,692,192,0
20167,692,148,0
20168,692,1130,0
20169,692,1115,0
20170,692,1173,0
20171,692,699,0
20172,692,1175,0
20173,692,913,0
20174,692,1120,0
20175,692,10,0
20176,692,952,0
20177,692,186,0
20178,692,826,0
20179,692,529,0
20180,692,399,0
20181,692,371,0
20182,692,738,0
20183,692,338,0
20184,692,134,0
20185,692,1077,0
20186,692,764,0
20187,692,45,0
20188,692,612,0
20189,692,215,0
20190,692,874,0
20191,692,954,0
20192,692,1042,0
20193,692,999,0
20194,692,424,0
20195,692,1176,0
20196,692,515,0
20197,692,623,0
20198,692,126,0
20199,692,337,0
20200,692,50,0
20201,692,362,0
20202,692,206,0
20203,692,358,0
20204,692,719,0
20205,692,1079,0
20206,692,410,0
20207,692,1151,0
20208,692,351,0
20209,692,872,0
20210,692,568,0
20211,692,403,0
20212,692,407,0
20213,692,1165,0
20214,692,381,0
20215,692,744,0
20216,692,518,0
20217,692,1123,0
20218,692,131,0
20219,692,839,0
20220,692,557,0
20221,692,417,0
20222,692,7,0
20223,692,280,0
20224,692,817,0
20225,692,72,0
20226,692,1135,0
20227,692,742,0
20228,692,998,0
20229,692,807,0
20230,692,12,0
20231,692,481,0
20232,692,789,0
20233,692,501,0
20234,692,308,0
20235,692,865,0
20236,692,1064,0
20237,692,333,0
20238,692,724,0
20239,692,106,0
20240,692,512,0
20241,692,631,0
20242,692,99,0
20243,692,122,0
20244,692,179,0
20245,692,1071,0
20246,692,617,0
20247,692,950,0
20248,692,457,0
20249,692,208,0
20250,692,387,0
20251,692,473,0
20252,692,704,0
20253,692,670,0
20254,692,941,0
20255,692,550,0
20256,692,542,0
20257,692,1098,0
20258,692,1090,0
20259,712,1202,0
20260,712,1182,0
20261,712,31,0
20262,712,1157,0
20263,712,189,0
20264,712,395,0
20265,712,77,0
20266,712,1168,0
20267,712,606,0
20268,712,929,0
20269,712,40,0
20270,712,281,0
20271,712,756,0
20272,712,528,0
20273,712,487,0
20274,712,466,0
20275,712,87,0
20276,712,672,0
20277,712,945,0
20278,712,259,0
20279,712,275,0
20280,712,689,0
20281,712,892,0
20282,712,690,0
20283,712,442,0
20284,712,1156,0
20285,712,1064,0
20286,712,921,0
20287,712,329,0
20288,712,655,0
20289,712,321,0
20290,712,868,0
20291,712,786,0
20292,712,497,0
20293,712,546,0
20294,712,914,0
20295,712,457,0
20296,712,785,0
20297,712,232,0
20298,712,505,0
20299,712,406,0
20300,712,566,0
20301,712,426,0
20302,712,766,0
20303,712,1172,0
20304,712,75,0
20305,712,948,0
20306,712,33,0
20307,712,508,0
20308,712,377,0
20309,712,814,0
20310,712,737,0
20311,712,615,0
20312,712,271,0
20313,712,118,0
20314,712,65,0
20315,712,411,0
20316,712,510,0
20317,712,441,0
20318,712,900,0
20319,712,208,0
20320,712,86,0
20321,712,494,0
20322,712,687,0
20323,712,639,0
20324,712,901,0
20325,712,616,0
20326,712,621,0
20327,712,1161,0
20328,712,361,0
20329,712,865,0
20330,712,66,0
20331,712,666,0
20332,712,113,0
20333,712,342,0
20334,712,671,0
20335,712,405,0
20336,712,1095,0
20337,712,74,0
20338,712,557,0
20339,712,1082,0
20340,712,225,0
20341,712,404,0
20342,712,808,0
20343,712,1023,0
20344,712,301,0
20345,712,988,0
20346,712,326,0
20347,712,153,0
20348,712,688,0
20349,712,1009,0
20350,712,455,0
20351,712,177,0
20352,712,392,0
20353,712,627,0
20354,712,26,0
20355,712,212,0
20356,712,925,0
20357,712,576,0
20358,712,971,0
20359,712,69,0
20360,712,183,0
20361,712,24,0
20362,712,745,0
20363,712,192,0
20364,712,53,0
20365,712,838,0
20366,712,245,0
20367,712,847,0
20368,712,969,0
20369,712,1052,0
20370,712,614,0
20371,712,1108,0
20372,712,1192,0
20373,712,798,0
20374,712,675,0
20375,712,1176,0
20376,712,454,0
20377,712,180,0
20378,712,538,0
20379,712,217,0
20380,712,601,0
20381,712,529,0
20382,712,459,0
20383,712,150,0
20384,712,396,0
20385,712,637,0
20386,712,166,0
20387,712,750,0
20388,712,543,0
20389,712,439,0
20390,712,844,0
20391,712,331,0
20392,712,365,0
20393,712,1136,0
20394,712,682,0
20395,712,1058,0
20396,712,725,0
20397,712,1117,0
20398,712,226,0
20399,712,198,0
20400,712,452,0
20401,712,1145,0
20402,712,522,0
20403,712,976,0
20404,712,678,0
20405,712,1150,0
20406,712,460,0
20407,712,665,0
20408,712,809,0
20409,712,388,0
20410,712,93,0
20411,712,1191,0
20412,712,810,0
20413,712,264,0
20414,712,462,0
20415,712,353,0
20416,712,112,0
20417,712,270,0
20418,712,283,0
20419,712,887,0
20420,712,250,0
20421,712,22,0
20422,712,833,0
20423,712,740,0
20424,712,1003,0
20425,712,19,0
20426,712,1073,0
20427,712,773,0
20428,712,996,0
20429,712,894,0
20430,712,220,0
20431,712,568,0
20432,712,398,0
20433,712,409,0
20434,712,70,0
20435,712,893,0
20436,712,866,0
20437,712,176,0
20438,712,1000,0
20439,712,125,0
20440,712,334,0
20441,712,955,0
20442,712,122,0
20443,712,702,0
20444,712,1138,0
20445,712,167,0
20446,712,585,0
20447,712,384,0
20448,712,1170,0
20449,712,899,0
20450,712,769,0
20451,712,849,0
20452,712,791,0
20453,712,902,0
20454,712,521,0
20455,712,884,0
20456,712,600,0
20457,712,676,0
20458,712,958,0
20459,712,842,0
20460,712,82,0
20461,712,985,0
20462,712,1185,0
20463,712,102,0
20464,712,698,0
20465,712,628,0
20466,712,142,0
20467,712,402,0
20468,712,456,0
20469,712,1029,0
20470,712,527,0
20471,712,936,0
20472,712,274,0
20473,712,789,0
20474,712,713,0
20475,712,358,0
20476,712,580,0
20477,712,313,0
20478,712,1100,0
20479,712,1174,0
20480,712,339,0
20481,712,739,0
20482,712,875,0
20483,712,668,0
20484,712,1199,0
20485,712,1137,0
20486,712,658,0
20487,712,610,0
20488,712,407,0
20489,712,1183,0
20490,712,141,0
20491,712,46,0
20492,712,1131,0
20493,712,1165,0
20494,712,210,0
20495,712,276,0
20496,712,626,0
20497,712,711,0
20498,712,1028,0
20499,712,148,0
20500,712,159,0
20501,712,1077,0
20502,712,309,0
20503,712,1051,0
20504,712,867,0
20505,712,57,0
20506,712,1079,0
20507,712,79,0
20508,712,835,0
20509,712,1203,0
20510,712,1177,0
20511,712,586,0
20512,712,670,0
20513,712,227,0
20514,712,853,0
20515,712,650,0
20516,712,549,0
20517,712,489,0
20518,712,132,0
20519,712,133,0
20520,712,1152,0
20521,712,870,0
20522,712,654,0
20523,712,196,0
20524,712,1197,0
20525,712,954,0
20526,712,578,0
20527,712,306,0
20528,712,532,0
20529,712,1194,0
20530,712,440,0
20531,712,1054,0
20532,712,695,0
20533,712,514,0
20534,712,710,0
20535,712,979,0
20536,712,648,0
20537,712,171,0
20538,712,435,0
20539,712,759,0
20540,712,420,0
20541,712,28,0
20542,712,949,0
20543,712,957,0
20544,712,197,0
20545,712,697,0
20546,712,1071,0
20547,712,770,0
20548,712,449,0
20549,712,391,0
20550,712,1047,0
20551,712,1059,0
20552,712,960,0
20553,712,613,0
20554,712,418,0
20555,712,909,0
20556,712,293,0
20557,712,886,0
20558,712,222,0
20559,712,130,0
20560,712,792,0
20561,712,1094,0
20562,712,294,0
20563,712,381,0
20564,712,1132,0
20565,712,263,0
20566,712,488,0
20567,712,315,0
20568,712,443,0
20569,712,876,0
20570,712,747,0
20571,712,738,0
20572,712,692,0
20573,712,950,0
20574,712,289,0
20575,712,548,0
20576,712,525,0
20577,712,1038,0
20578,712,501,0
20579,712,137,0
20580,712,524,0
20581,712,990,0
20582,712,383,0
20583,712,783,0
20584,712,59,0
20585,712,310,0
20586,712,1133,0
20587,712,1043,0
20588,712,512,0
20589,712,4,0
20590,712,561,0
20591,712,731,0
20592,712,797,0
20593,712,1014,0
20594,712,777,0
20595,712,115,0
20596,712,471,0
20597,712,1175,0
20598,712,413,0
20599,712,845,0
20600,712,574,0
20601,712,634,0
20602,712,1103,0
20603,712,389,0
20604,712,974,0
20605,712,504,0
20606,712,1158,0
20607,712,565,0
20608,712,801,0
20609,712,286,0
20610,712,813,0
20611,712,1017,0
20612,712,240,0
20613,712,905,0
20614,712,507,0
20615,712,327,0
20616,712,515,0
20617,712,47,0
20618,712,429,0
20619,712,722,0
20620,712,595,0
20621,712,705,0
20622,712,1022,0
20623,712,1159,0
20624,712,930,0
20625,712,1107,0
20626,712,1050,0
20627,712,856,0
20628,712,6,0
20629,712,290,0
20630,712,1146,0
20631,712,25,0
20632,712,784,0
20633,712,362,0
20634,712,480,0
20635,712,704,0
20636,712,346,0
20637,712,509,0
20638,712,1034,0
20639,712,1109,0
20640,712,962,0
20641,712,486,0
20642,712,656,0
20643,712,463,0
20644,712,14,0
20645,712,1154,0
20646,712,753,0
20647,712,911,0
20648,712,239,0
20649,712,121,0
20650,712,1120,0
20651,712,437,0
20652,712,1163,0
20653,712,97,0
20654,712,252,0
20655,712,472,0
20656,712,727,0
20657,712,1012,0
20658,712,376,0
20659,712,219,0
20660,712,1001,0
20661,712,551,0
20662,712,881,0
20663,712,1063,0
20664,712,841,0
20665,712,48,0
20666,712,1081,0
20667,712,937,0
20668,712,428,0
20669,712,951,0
20670,712,1125,0
20671,712,64,0
20672,712,359,0
20673,712,623,0
20674,712,762,0
20675,712,458,0
20676,712,94,0
20677,712,368,0
20678,712,103,0
20679,712,946,0
20680,712,474,0
20681,712,636,0
20682,712,96,0
20683,712,235,0
20684,712,1181,0
20685,712,1148,0
20686,712,432,0
20687,712,1057,0
20688,712,719,0
20689,712,880,0
20690,712,308,0
20691,712,83,0
20692,712,878,0
20693,712,127,0
20694,712,355,0
20695,712,564,0
20696,712,1200,0
20697,712,325,0
20698,712,1089,0
20699,712,139,0
20700,712,1149,0
20701,712,559,0
20702,712,545,0
20703,712,827,0
20704,712,338,0
20705,712,933,0
20706,712,620,0
20707,712,105,0
20708,712,733,0
20709,712,662,0
20710,712,906,0
20711,712,1084,0
20712,712,243,0
20713,712,726,0
20714,712,108,0
20715,712,729,0
20716,712,386,0
20717,712,262,0
20718,712,1189,0
20719,712,372,0
20720,712,394,0
20721,712,21,0
20722,712,734,0
20723,712,493,0
20724,712,520,0
20725,712,119,0
20726,712,1,0
20727,712,917,0
20728,712,319,0
20729,712,1072,0
20730,712,399,0
20731,712,241,0
20732,712,50,0
20733,712,1067,0
20734,712,1121,0
20735,712,609,0
20736,712,537,0
20737,712,612,0
20738,712,503,0
20739,712,151,0
20740,712,147,0
20741,712,922,0
20742,712,447,0
20743,712,163,0
20744,712,999,0
20745,712,649,0
20746,712,1024,0
20747,712,1002,0
20748,712,1005,0
20749,712,536,0
20750,712,571,0
20751,712,1186,0
20752,712,560,0
20753,712,714,0
20754,712,873,0
20755,712,379,0
20756,712,354,0
20757,712,607,0
20758,712,830,0
20759,712,1068,0
20760,712,554,0
20761,712,244,0
20762,712,465,0
20763,712,1178,0
20764,712,1037,0
20765,712,667,0
20766,712,1065,0
20767,712,2,0
20768,712,249,0
20769,712,1140,0
20770,712,397,0
20771,712,387,0
20772,712,980,0
20773,712,587,0
20774,712,415,0
20775,712,374,0
20776,712,683,0
20777,712,776,0
20778,712,199,0
20779,712,767,0
20780,712,1106,0
20781,712,303,0
20782,712,468,0
20783,712,618,0
20784,712,237,0
20785,712,140,0
20786,712,513,0
20787,712,1187,0
20788,712,12,0
20789,712,519,0
20790,712,186,0
20791,712,117,0
20792,712,1040,0
20793,712,1061,0
20794,712,965,0
20795,712,1006,0
20796,712,572,0
20797,712,218,0
20798,712,317,0
20799,712,135,0
20800,712,436,0
20801,712,292,0
20802,712,987,0
20803,712,18,0
20804,712,131,0
20805,712,855,0
20806,712,282,0
20807,712,1190,0
20808,712,693,0
20809,712,805,0
20810,712,194,0
20811,712,393,0
20812,712,506,0
20813,712,124,0
20814,712,110,0
20815,712,581,0
20816,712,182,0
20817,712,499,0
20818,712,1070,0
20819,712,350,0
20820,712,972,0
20821,712,234,0
20822,712,544,0
20823,712,328,0
20824,712,345,0
20825,712,203,0
20826,712,285,0
20827,712,1167,0
20828,712,164,0
20829,712,861,0
20830,712,768,0
20831,712,644,0
20832,712,1093,0
20833,712,1135,0
20834,712,1173,0
20835,712,1122,0
20836,712,498,0
20837,712,464,0
20838,712,859,0
20839,712,221,0
20840,712,619,0
20841,712,796,0
20842,712,417,0
20843,715,703,0
20844,715,162,0
20845,715,1031,0
20846,715,93,0
20847,715,749,0
20848,715,906,0
20849,715,597,0
20850,715,1065,0
20851,715,974,0
20852,715,468,0
20853,715,1059,0
20854,715,340,0
20855,715,72,0
20856,715,55,0
20857,715,677,0
20858,715,356,0
20859,715,18,0
20860,715,28,0
20861,715,145,0
20862,715,346,0
20863,715,581,0
20864,715,931,0
20865,715,288,0
20866,715,1056,0
20867,715,734,0
20868,715,590,0
20869,715,195,0
20870,715,138,0
20871,715,585,0
20872,715,568,0
20873,715,399,0
20874,715,567,0
20875,715,213,0
20876,715,1168,0
20877,715,654,0
20878,715,887,0
20879,715,727,0
20880,715,701,0
20881,715,298,0
20882,715,395,0
20883,715,449,0
20884,715,48,0
20885,715,190,0
20886,715,1027,0
20887,715,575,0
20888,715,437,0
20889,715,1055,0
20890,715,236,0
20891,715,1179,0
20892,715,768,0
20893,715,956,0
20894,715,374,0
20895,715,42,0
20896,715,967,0
20897,715,86,0
20898,715,1086,0
20899,715,1017,0
20900,715,888,0
20901,715,627,0
20902,715,835,0
20903,715,972,0
20904,715,640,0
20905,715,1137,0
20906,715,411,0
20907,715,993,0
20908,715,126,0
20909,715,24,0
20910,715,525,0
20911,715,357,0
20912,715,249,0
20913,715,453,0
20914,715,915,0
20915,715,66,0
20916,715,902,0
20917,715,1042,0
20918,715,419,0
20919,715,418,0
20920,715,475,0
20921,716,1065,0
20922,716,453,0
20923,716,693,0
20924,716,262,0
20925,716,931,0
20926,716,323,0
20927,716,485,0
20928,716,1055,0
20929,716,1168,0
20930,716,727,0
20931,716,236,0
20932,716,436,0
20933,716,346,0
20934,716,109,0
20935,716,176,0
20936,716,452,0
20937,716,606,0
20938,716,543,0
20939,716,906,0
20940,716,734,0
20941,716,399,0
20942,716,749,0
20943,716,215,0
20944,716,985,0
20945,716,195,0
20946,716,1059,0
20947,716,395,0
20948,716,340,0
20949,716,995,0
20950,716,868,0
20951,716,411,0
20952,716,617,0
20953,716,552,0
20954,716,418,0
20955,716,218,0
20956,716,1114,0
20957,716,213,0
20958,716,1094,0
20959,716,356,0
20960,716,139,0
20961,716,1068,0
20962,716,681,0
20963,716,1157,0
20964,716,619,0
20965,716,382,0
20966,716,728,0
20967,716,1161,0
20968,716,993,0
20969,716,18,0
20970,716,163,0
20971,716,967,0
20972,716,998,0
20973,716,48,0
20974,716,237,0
20975,716,110,0
20976,716,449,0
20977,716,525,0
20978,716,72,0
20979,716,550,0
20980,716,581,0
20981,716,978,0
20982,716,774,0
20983,716,202,0
20984,716,384,0
20985,716,190,0
20986,716,754,0
20987,716,371,0
20988,716,999,0
20989,716,476,0
20990,716,306,0
20991,716,972,0
20992,716,569,0
20993,716,42,0
20994,716,1020,0
20995,716,627,0
20996,716,654,0
20997,716,348,0
20998,716,881,0
20999,716,80,0
21000,716,567,0
21001,716,974,0
21002,716,915,0
21003,716,358,0
21004,716,93,0
21005,716,913,0
21006,769,553,0
21007,769,866,0
21008,769,863,0
21009,769,841,0
21010,769,276,0
21011,769,44,0
21012,769,437,0
21013,769,20,0
21014,769,15,0
21015,769,990,0
21016,769,651,0
21017,769,268,0
21018,769,55,0
21019,769,374,0
21020,769,222,0
21021,769,573,0
21022,769,131,0
21023,769,961,0
21024,769,813,0
21025,769,1003,0
21026,769,812,0
21027,769,195,0
21028,769,448,0
21029,769,808,0
21030,769,163,0
21031,769,401,0
21032,769,576,0
21033,769,944,0
21034,769,443,0
21035,769,256,0
21036,769,718,0
21037,769,590,0
21038,769,1045,0
21039,769,69,0
21040,769,108,0
21041,769,409,0
21042,769,730,0
21043,769,1043,0
21044,769,630,0
21045,769,987,0
21046,769,595,0
21047,769,89,0
21048,769,404,0
21049,769,895,0
21050,769,137,0
21051,769,665,0
21052,769,1020,0
21053,769,306,0
21054,769,181,0
21055,769,1183,0
21056,769,214,0
21057,769,842,0
21058,769,817,0
21059,769,691,0
21060,769,427,0
21061,769,190,0
21062,769,832,0
21063,769,925,0
21064,769,1103,0
21065,769,247,0
21066,769,356,0
21067,769,710,0
21068,769,411,0
21069,769,233,0
21070,769,1082,0
21071,769,318,0
21072,769,724,0
21073,769,1029,0
21074,769,533,0
21075,769,466,0
21076,769,564,0
21077,769,527,0
21078,769,27,0
21079,769,657,0
21080,769,1155,0
21081,769,714,0
21082,769,210,0
21083,769,237,0
21084,769,166,0
21085,769,264,0
21086,769,249,0
21087,769,135,0
21088,769,1179,0
21089,769,75,0
21090,769,1132,0
21091,769,1180,0
21092,769,176,0
21093,769,345,0
21094,769,1042,0
21095,769,6,0
21096,769,910,0
21097,769,63,0
21098,769,1134,0
21099,769,314,0
21100,769,22,0
21101,769,492,0
21102,769,344,0
21103,769,146,0
21104,769,845,0
21105,769,907,0
21106,769,704,0
21107,769,1114,0
21108,769,1185,0
21109,769,771,0
21110,769,637,0
21111,769,301,0
21112,769,593,0
21113,769,893,0
21114,769,457,0
21115,769,288,0
21116,769,164,0
21117,769,1081,0
21118,769,340,0
21119,769,12,0
21120,769,1086,0
21121,769,688,0
21122,769,1121,0
21123,769,18,0
21124,769,561,0
21125,769,1111,0
21126,769,1135,0
21127,769,517,0
21128,769,538,0
21129,769,959,0
21130,769,1157,0
21131,769,979,0
21132,769,874,0
21133,769,568,0
21134,769,611,0
21135,769,464,0
21136,769,753,0
21137,769,338,0
21138,769,903,0
21139,769,1050,0
21140,769,585,0
21141,769,56,0
21142,769,171,0
21143,769,1113,0
21144,769,383,0
21145,769,1159,0
21146,769,49,0
21147,769,292,0
21148,769,407,0
21149,769,1084,0
21150,769,697,0
21151,769,1101,0
21152,769,431,0
21153,769,699,0
21154,769,565,0
21155,769,361,0
21156,769,34,0
21157,769,463,0
21158,769,257,0
21159,769,793,0
21160,769,349,0
21161,769,192,0
21162,769,660,0
21163,769,913,0
21164,769,353,0
21165,769,939,0
21166,769,610,0
21167,769,360,0
21168,769,875,0
21169,769,922,0
21170,769,1129,0
21171,769,867,0
21172,769,236,0
21173,769,449,0
21174,769,1023,0
21175,769,183,0
21176,769,1141,0
21177,769,346,0
21178,769,1182,0
21179,769,623,0
21180,769,966,0
21181,769,797,0
21182,769,263,0
21183,769,1181,0
21184,769,1173,0
21185,769,1080,0
21186,769,1164,0
21187,769,1085,0
21188,769,3,0
21189,769,654,0
21190,769,473,0
21191,769,1,0
21192,769,971,0
21193,769,713,0
21194,769,673,0
21195,769,262,0
21196,769,967,0
21197,769,915,0
21198,769,510,0
21199,769,373,0
21200,769,545,0
21201,769,1078,0
21202,769,1068,0
21203,769,726,0
21204,769,228,0
21205,769,1000,0
21206,769,425,0
21207,769,689,0
21208,769,495,0
21209,769,540,0
21210,769,787,0
21211,769,1007,0
21212,769,326,0
21213,769,250,0
21214,769,36,0
21215,769,91,0
21216,769,711,0
21217,769,393,0
21218,769,208,0
21219,769,1037,0
21220,769,834,0
21221,769,281,0
21222,769,809,0
21223,769,389,0
21224,769,729,0
21225,769,829,0
21226,769,1091,0
21227,769,993,0
21228,769,873,0
21229,769,296,0
21230,769,235,0
21231,769,308,0
21232,769,189,0
21233,769,289,0
21234,769,1148,0
21235,769,575,0
21236,769,151,0
21237,769,775,0
21238,769,147,0
21239,769,156,0
21240,769,776,0
21241,769,123,0
21242,769,945,0
21243,769,1124,0
21244,769,1142,0
21245,769,690,0
21246,769,175,0
21247,769,947,0
21248,769,1175,0
21249,769,770,0
21250,769,919,0
21251,769,385,0
21252,769,1024,0
21253,769,640,0
21254,769,261,0
21255,769,440,0
21256,769,72,0
21257,769,916,0
21258,769,833,0
21259,769,876,0
21260,769,868,0
21261,769,271,0
21262,769,647,0
21263,769,211,0
21264,769,526,0
21265,769,897,0
21266,769,354,0
21267,769,820,0
21268,769,965,0
21269,769,766,0
21270,769,684,0
21271,769,367,0
21272,769,978,0
21273,769,739,0
21274,769,589,0
21275,769,110,0
21276,769,698,0
21277,769,989,0
21278,769,588,0
21279,769,128,0
21280,769,899,0
21281,769,1079,0
21282,769,67,0
21283,769,957,0
21284,769,1099,0
21285,769,483,0
21286,769,997,0
21287,769,1102,0
21288,769,200,0
21289,769,908,0
21290,769,943,0
21291,769,406,0
21292,769,1154,0
21293,769,535,0
21294,769,323,0
21295,769,712,0
21296,769,66,0
21297,769,155,0
21298,769,764,0
21299,769,105,0
21300,769,682,0
21301,769,48,0
21302,769,918,0
21303,769,348,0
21304,769,282,0
21305,769,621,0
21306,769,853,0
21307,769,291,0
21308,769,64,0
21309,769,572,0
21310,769,627,0
21311,769,772,0
21312,769,413,0
21313,769,511,0
21314,769,384,0
21315,769,1184,0
21316,769,86,0
21317,769,10,0
21318,769,968,0
21319,769,1186,0
21320,769,824,0
21321,769,671,0
21322,769,794,0
21323,769,1153,0
21324,769,267,0
21325,769,779,0
21326,769,202,0
21327,769,226,0
21328,769,140,0
21329,769,358,0
21330,769,615,0
21331,769,1195,0
21332,769,122,0
21333,769,4,0
21334,769,1172,0
21335,769,103,0
21336,769,357,0
21337,769,501,0
21338,769,219,0
21339,769,969,0
21340,769,479,0
21341,769,536,0
21342,769,1168,0
21343,769,865,0
21344,769,933,0
21345,769,39,0
21346,769,1199,0
21347,769,746,0
21348,769,857,0
21349,769,499,0
21350,769,139,0
21351,769,790,0
21352,769,1192,0
21353,769,619,0
21354,769,477,0
21355,769,1025,0
21356,769,205,0
21357,769,505,0
21358,769,390,0
21359,769,484,0
21360,769,402,0
21361,769,1108,0
21362,769,972,0
21363,769,686,0
21364,769,130,0
21365,769,703,0
21366,769,860,0
21367,769,51,0
21368,769,182,0
21369,769,248,0
21370,769,160,0
21371,769,1039,0
21372,769,1147,0
21373,769,581,0
21374,769,1149,0
21375,769,642,0
21376,769,583,0
21377,769,311,0
21378,769,904,0
21379,769,810,0
21380,769,120,0
21381,769,203,0
21382,769,387,0
21383,769,631,0
21384,769,399,0
21385,769,732,0
21386,769,412,0
21387,769,622,0
21388,769,170,0
21389,769,525,0
21390,769,930,0
21391,769,435,0
21392,769,450,0
21393,769,674,0
21394,769,1065,0
21395,769,550,0
21396,769,93,0
21397,769,563,0
21398,769,1191,0
21399,769,104,0
21400,769,807,0
21401,769,546,0
21402,769,1196,0
21403,769,750,0
21404,769,169,0
21405,769,531,0
21406,769,530,0
21407,769,313,0
21408,769,216,0
21409,769,702,0
21410,769,1036,0
21411,769,667,0
21412,769,94,0
21413,769,708,0
21414,769,715,0
21415,769,469,0
21416,769,1158,0
21417,769,597,0
21418,769,1013,0
21419,769,100,0
21420,769,485,0
21421,769,955,0
21422,769,405,0
21423,769,1060,0
21424,769,722,0
21425,769,143,0
21426,769,419,0
21427,769,1088,0
21428,769,802,0
21429,769,902,0
21430,769,1070,0
21431,769,395,0
21432,769,1052,0
21433,769,604,0
21434,769,892,0
21435,769,1202,0
21436,769,80,0
21437,769,1150,0
21438,769,470,0
21439,769,592,0
21440,769,370,0
21441,769,194,0
21442,769,1090,0
21443,769,303,0
21444,769,1137,0
21445,769,320,0
21446,769,458,0
21447,769,74,0
21448,769,786,0
21449,769,912,0
21450,769,929,0
21451,769,243,0
21452,769,571,0
21453,769,1038,0
21454,769,521,0
21455,769,901,0
21456,769,327,0
21457,769,153,0
21458,769,455,0
21459,769,115,0
21460,769,1076,0
21461,769,433,0
21462,769,1027,0
21463,769,453,0
21464,769,1122,0
21465,769,1031,0
21466,769,696,0
21467,769,422,0
21468,769,434,0
21469,769,1009,0
21470,769,887,0
21471,769,81,0
21472,769,1095,0
21473,769,33,0
21474,769,994,0
21475,769,45,0
21476,769,745,0
21477,769,462,0
21478,769,468,0
21479,769,476,0
21480,769,491,0
21481,769,423,0
21482,769,768,0
21483,769,223,0
21484,769,879,0
21485,769,186,0
21486,769,738,0
21487,769,438,0
21488,769,92,0
21489,769,543,0
21490,769,286,0
21491,769,319,0
21492,769,452,0
21493,769,1032,0
21494,769,537,0
21495,778,1004,0
21496,778,353,0
21497,778,951,0
21498,778,987,0
21499,778,91,0
21500,778,149,0
21501,778,245,0
21502,778,444,0
21503,778,1167,0
21504,778,516,0
21505,778,545,0
21506,778,231,0
21507,778,1190,0
21508,778,159,0
21509,778,998,0
21510,778,461,0
21511,778,974,0
21512,778,1039,0
21513,778,839,0
21514,778,1203,0
21515,778,695,0
21516,778,440,0
21517,778,986,0
21518,778,841,0
21519,778,243,0
21520,778,1065,0
21521,778,589,0
21522,778,1123,0
21523,778,524,0
21524,778,112,0
21525,778,940,0
21526,778,311,0
21527,778,1082,0
21528,778,416,0
21529,778,270,0
21530,778,299,0
21531,778,260,0
21532,778,458,0
21533,778,1200,0
21534,778,835,0
21535,778,341,0
21536,778,553,0
21537,778,1016,0
21538,778,975,0
21539,778,679,0
21540,778,525,0
21541,778,530,0
21542,778,1193,0
21543,778,693,0
21544,778,1175,0
21545,778,439,0
21546,778,84,0
21547,778,862,0
21548,778,788,0
21549,778,11,0
21550,778,384,0
21551,778,0,0
21552,778,782,0
21553,778,668,0
21554,778,585,0
21555,778,329,0
21556,778,618,0
21557,778,309,0
21558,778,1079,0
21559,778,1029,0
21560,778,989,0
21561,778,429,0
21562,778,1113,0
21563,778,824,0
21564,778,1070,0
21565,778,6,0
21566,778,1105,0
21567,778,275,0
21568,778,201,0
21569,778,1098,0
21570,778,647,0
21571,778,565,0
21572,778,237,0
21573,778,394,0
21574,778,584,0
21575,778,710,0
21576,778,622,0
21577,778,594,0
21578,778,195,0
21579,778,1085,0
21580,778,601,0
21581,778,121,0
21582,778,534,0
21583,778,281,0
21584,778,53,0
21585,778,764,0
21586,778,747,0
21587,778,326,0
21588,778,819,0
21589,778,571,0
21590,778,95,0
21591,778,238,0
21592,778,663,0
21593,778,658,0
21594,778,266,0
21595,778,164,0
21596,778,1138,0
21597,778,214,0
21598,778,990,0
21599,778,887,0
21600,778,984,0
21601,778,177,0
21602,778,995,0
21603,778,746,0
21604,778,705,0
21605,778,977,0
21606,778,917,0
21607,778,605,0
21608,778,676,0
21609,778,146,0
21610,778,769,0
21611,778,499,0
21612,778,729,0
21613,778,163,0
21614,778,288,0
21615,778,696,0
21616,778,212,0
21617,778,1192,0
21618,778,62,0
21619,778,712,0
21620,778,513,0
21621,778,549,0
21622,778,407,0
21623,778,313,0
21624,778,171,0
21625,778,203,0
21626,778,954,0
21627,778,540,0
21628,778,825,0
21629,778,971,0
21630,778,55,0
21631,778,1007,0
21632,778,554,0
21633,778,864,0
21634,778,1078,0
21635,778,2,0
21636,778,267,0
21637,778,1115,0
21638,778,477,0
21639,778,419,0
21640,778,1096,0
21641,778,1090,0
21642,778,512,0
21643,778,471,0
21644,778,943,0
21645,778,1055,0
21646,778,928,0
21647,778,222,0
21648,778,599,0
21649,778,256,0
21650,778,630,0
21651,778,478,0
21652,778,401,0
21653,778,192,0
21654,778,853,0
21655,778,289,0
21656,778,617,0
21657,778,1145,0
21658,778,572,0
21659,778,328,0
21660,778,666,0
21661,778,648,0
21662,778,646,0
21663,778,145,0
21664,778,83,0
21665,778,548,0
21666,778,102,0
21667,778,1030,0
21668,778,677,0
21669,778,23,0
21670,778,750,0
21671,778,1147,0
21672,778,116,0
21673,778,697,0
21674,778,968,0
21675,778,913,0
21676,778,1187,0
21677,778,479,0
21678,778,370,0
21679,778,442,0
21680,778,523,0
21681,778,942,0
21682,778,1188,0
21683,778,614,0
21684,778,938,0
21685,778,75,0
21686,778,381,0
21687,778,72,0
21688,778,1157,0
21689,778,74,0
21690,778,255,0
21691,778,456,0
21692,778,798,0
21693,778,430,0
21694,778,377,0
21695,778,727,0
21696,778,262,0
21697,778,357,0
21698,778,108,0
21699,778,714,0
21700,778,1024,0
21701,778,224,0
21702,778,183,0
21703,778,314,0
21704,778,204,0
21705,778,35,0
21706,778,751,0
21707,778,1155,0
21708,778,527,0
21709,778,731,0
21710,778,716,0
21711,778,1060,0
21712,778,422,0
21713,778,287,0
21714,778,818,0
21715,778,664,0
21716,778,330,0
21717,778,253,0
21718,778,660,0
21719,778,586,0
21720,778,1094,0
21721,778,336,0
21722,778,1058,0
21723,778,143,0
21724,778,130,0
21725,778,251,0
21726,778,1112,0
21727,778,393,0
21728,778,1159,0
21729,778,406,0
21730,778,973,0
21731,778,924,0
21732,778,306,0
21733,778,285,0
21734,778,47,0
21735,778,985,0
21736,778,1194,0
21737,778,680,0
21738,778,780,0
21739,778,129,0
21740,778,369,0
21741,778,139,0
21742,778,434,0
21743,778,248,0
21744,778,375,0
21745,778,427,0
21746,778,438,0
21747,778,423,0
21748,778,932,0
21749,778,392,0
21750,778,202,0
21751,778,1135,0
21752,778,867,0
21753,778,263,0
21754,778,562,0
21755,778,166,0
21756,778,656,0
21757,778,491,0
21758,778,465,0
21759,778,1014,0
21760,778,151,0
21761,778,570,0
21762,778,723,0
21763,778,207,0
21764,778,300,0
21765,778,424,0
21766,778,199,0
21767,778,265,0
21768,778,319,0
21769,778,252,0
21770,778,24,0
21771,778,711,0
21772,778,1132,0
21773,778,1056,0
21774,778,142,0
21775,778,873,0
21776,778,449,0
21777,778,337,0
21778,778,1053,0
21779,778,637,0
21780,778,528,0
21781,778,9,0
21782,778,600,0
21783,778,639,0
21784,778,685,0
21785,778,1054,0
21786,778,1130,0
21787,778,457,0
21788,778,578,0
21789,778,1110,0
21790,778,1042,0
21791,778,291,0
21792,778,433,0
21793,778,577,0
21794,778,814,0
21795,778,931,0
21796,778,1050,0
21797,778,877,0
21798,778,669,0
21799,778,382,0
21800,778,276,0
21801,778,631,0
21802,778,785,0
21803,778,123,0
21804,778,806,0
21805,778,567,0
21806,778,921,0
21807,778,644,0
21808,778,182,0
21809,778,916,0
21810,778,69,0
21811,778,1169,0
21812,778,409,0
21813,778,886,0
21814,778,432,0
21815,778,884,0
21816,778,463,0
21817,778,197,0
21818,778,707,0
21819,778,315,0
21820,778,872,0
21821,778,909,0
21822,778,220,0
21823,778,781,0
21824,778,595,0
21825,778,591,0
21826,778,475,0
21827,778,1119,0
21828,778,629,0
21829,778,446,0
21830,778,1092,0
21831,778,869,0
21832,778,327,0
21833,778,297,0
21834,778,1067,0
21835,778,405,0
21836,778,148,0
21837,778,1010,0
21838,778,752,0
21839,778,1197,0
21840,778,551,0
21841,778,187,0
21842,778,1041,0
21843,778,261,0
21844,778,854,0
21845,778,169,0
21846,778,367,0
21847,778,41,0
21848,778,792,0
21849,778,852,0
21850,778,701,0
21851,778,992,0
21852,778,155,0
21853,778,817,0
21854,778,1040,0
21855,778,706,0
21856,778,76,0
21857,778,683,0
21858,778,325,0
21859,778,28,0
21860,778,692,0
21861,778,191,0
21862,778,271,0
21863,778,364,0
21864,778,803,0
21865,778,342,0
21866,778,50,0
21867,778,979,0
21868,778,435,0
21869,778,140,0
21870,778,946,0
21871,778,1114,0
21872,778,552,0
21873,778,12,0
21874,778,395,0
21875,778,1129,0
21876,778,496,0
21877,778,761,0
21878,778,1163,0
21879,778,1189,0
21880,778,397,0
21881,778,216,0
21882,778,389,0
21883,778,699,0
21884,778,340,0
21885,778,1161,0
21886,778,18,0
21887,778,254,0
21888,778,257,0
21889,778,555,0
21890,778,922,0
21891,778,349,0
21892,778,1179,0
21893,778,388,0
21894,778,110,0
21895,778,907,0
21896,778,790,0
21897,778,1027,0
21898,778,566,0
21899,778,628,0
21900,778,799,0
21901,778,1081,0
21902,778,848,0
21903,778,662,0
21904,778,417,0
21905,778,596,0
21906,778,625,0
21907,778,1134,0
21908,778,1072,0
21909,778,821,0
21910,778,345,0
21911,778,236,0
21912,778,410,0
21913,778,972,0
21914,778,190,0
21915,778,209,0
21916,778,694,0
21917,778,500,0
21918,778,1149,0
21919,778,866,0
21920,778,590,0
21921,778,1202,0
21922,778,687,0
21923,778,502,0
21924,778,759,0
21925,778,1116,0
21926,778,807,0
21927,778,888,0
21928,778,801,0
21929,778,460,0
21930,778,16,0
21931,778,881,0
21932,778,674,0
21933,778,125,0
21934,778,93,0
21935,778,233,0
21936,778,235,0
21937,778,82,0
21938,778,89,0
21939,778,161,0
21940,778,462,0
21941,778,815,0
21942,778,268,0
21943,778,205,0
21944,778,538,0
21945,778,492,0
21946,778,81,0
21947,778,588,0
21948,778,504,0
21949,778,587,0
21950,778,860,0
21951,778,218,0
21952,778,1156,0
21953,778,967,0
21954,778,78,0
21955,778,162,0
21956,778,331,0
21957,778,541,0
21958,778,667,0
21959,778,1131,0
21960,778,661,0
21961,778,904,0
21962,778,1126,0
21963,778,802,0
21964,778,485,0
21965,778,230,0
21966,778,675,0
21967,778,1160,0
21968,778,574,0
21969,778,581,0
21970,778,651,0
21971,778,1186,0
21972,778,368,0
21973,778,58,0
21974,778,293,0
21975,778,467,0
21976,778,624,0
21977,778,484,0
21978,778,899,0
21979,778,784,0
21980,778,371,0
21981,778,1087,0
21982,778,719,0
21983,778,1139,0
21984,778,104,0
21985,778,518,0
21986,778,698,0
21987,778,742,0
21988,778,537,0
21989,778,308,0
21990,778,737,0
21991,778,603,0
21992,778,1120,0
21993,778,927,0
21994,778,1036,0
21995,778,1091,0
21996,778,131,0
21997,778,305,0
21998,778,247,0
21999,778,983,0
22000,778,950,0
22001,778,634,0
22002,778,59,0
22003,778,1047,0
22004,778,175,0
22005,778,57,0
22006,778,609,0
22007,778,1017,0
22008,778,489,0
22009,778,180,0
22010,778,3,0
22011,778,515,0
22012,778,1178,0
22013,778,1158,0
22014,778,1012,0
22015,778,335,0
22016,778,280,0
22017,778,320,0
22018,778,198,0
22019,778,619,0
22020,778,857,0
22021,778,225,0
22022,778,1076,0
22023,778,725,0
22024,778,111,0
22025,778,550,0
22026,778,160,0
22027,778,318,0
22028,778,847,0
22029,778,845,0
22030,778,428,0
22031,778,46,0
22032,778,1011,0
22033,778,1195,0
22034,778,1088,0
22035,778,316,0
22036,778,976,0
22037,778,29,0
22038,778,1043,0
22039,778,1097,0
22040,778,338,0
22041,778,66,0
22042,778,533,0
22043,778,926,0
22044,778,451,0
22045,778,756,0
22046,778,749,0
22047,778,37,0
22048,778,1046,0
22049,778,1068,0
22050,778,947,0
22051,778,912,0
22052,778,193,0
22053,778,766,0
22054,778,5,0
22055,778,557,0
22056,778,770,0
22057,778,1003,0
22058,778,181,0
22059,778,1168,0
22060,778,390,0
22061,778,690,0
22062,778,1015,0
22063,778,60,0
22064,778,359,0
22065,778,1022,0
22066,778,1095,0
22067,778,374,0
22068,778,1052,0
22069,778,7,0
22070,778,856,0
22071,778,1001,0
22072,778,959,0
22073,778,1199,0
22074,778,1125,0
22075,778,598,0
22076,778,36,0
22077,778,229,0
22078,778,652,0
22079,778,688,0
22080,778,196,0
22081,778,10,0
22082,778,106,0
22083,778,1059,0
22084,778,51,0
22085,778,232,0
22086,778,830,0
22087,778,443,0
22088,778,602,0
22089,778,564,0
22090,778,363,0
22091,778,653,0
22092,778,508,0
22093,778,488,0
22094,778,352,0
22095,778,412,0
22096,778,1018,0
22097,778,606,0
22098,778,859,0
22099,778,768,0
22100,778,755,0
22101,778,355,0
22102,778,194,0
22103,778,805,0
22104,778,728,0
22105,778,546,0
22106,778,115,0
22107,778,999,0
22108,778,861,0
22109,778,114,0
22110,778,483,0
22111,778,431,0
22112,778,346,0
22113,778,383,0
22114,778,1111,0
22115,778,842,0
22116,778,569,0
22117,778,744,0
22118,778,80,0
22119,778,298,0
22120,778,290,0
22121,778,215,0
22122,778,25,0
22123,778,249,0
22124,778,211,0
22125,778,1086,0
22126,778,520,0
22127,778,385,0
22128,778,734,0
22129,778,1089,0
22130,778,953,0
22131,778,1174,0
22132,778,743,0
22133,778,156,0
22134,778,539,0
22135,778,301,0
22136,778,468,0
22137,804,422,0
22138,804,66,0
22139,804,1154,0
22140,804,884,0
22141,804,93,0
22142,804,844,0
22143,804,192,0
22144,804,23,0
22145,804,631,0
22146,804,763,0
22147,804,821,0
22148,804,906,0
22149,804,266,0
22150,804,1010,0
22151,804,881,0
22152,804,581,0
22153,804,1028,0
22154,804,449,0
22155,804,913,0
22156,804,51,0
22157,804,119,0
22158,804,114,0
22159,804,608,0
22160,804,368,0
22161,804,180,0
22162,804,919,0
22163,804,86,0
22164,804,147,0
22165,804,292,0
22166,804,732,0
22167,804,191,0
22168,804,156,0
22169,804,489,0
22170,804,468,0
22171,804,969,0
22172,804,202,0
22173,804,1126,0
22174,804,697,0
22175,804,654,0
22176,804,48,0
22177,804,351,0
22178,804,487,0
22179,804,18,0
22180,804,865,0
22181,804,938,0
22182,804,1164,0
22183,804,250,0
22184,804,298,0
22185,804,340,0
22186,804,323,0
22187,804,607,0
22188,804,244,0
22189,804,537,0
22190,804,568,0
22191,804,251,0
22192,804,527,0
22193,804,747,0
22194,804,1114,0
22195,804,915,0
22196,804,462,0
22197,804,148,0
22198,804,550,0
22199,804,346,0
22200,804,1003,0
22201,804,636,0
22202,804,286,0
22203,804,1083,0
22204,804,344,0
22205,804,869,0
22206,804,727,0
22207,804,650,0
22208,804,997,0
22209,804,795,0
22210,804,637,0
22211,804,606,0
22212,804,1086,0
22213,804,930,0
22214,804,1149,0
22215,804,955,0
22216,804,225,0
22217,804,982,0
22218,804,1192,0
22219,804,995,0
22220,804,659,0
22221,804,231,0
22222,804,640,0
22223,804,1084,0
22224,804,868,0
22225,804,1055,0
22226,804,188,0
22227,804,702,0
22228,804,476,0
22229,804,146,0
22230,804,1137,0
22231,804,952,0
22232,804,928,0
22233,804,592,0
22234,804,956,0
22235,804,145,0
22236,804,667,0
22237,804,622,0
22238,804,945,0
22239,804,488,0
22240,804,793,0
22241,804,816,0
22242,804,485,0
22243,804,873,0
22244,804,588,0
22245,804,195,0
22246,804,566,0
22247,804,902,0
22248,804,162,0
22249,804,739,0
22250,804,38,0
22251,804,530,0
22252,804,291,0
22253,804,213,0
22254,804,45,0
22255,804,1184,0
22256,804,421,0
22257,804,981,0
22258,804,615,0
22259,804,887,0
22260,804,111,0
22261,804,835,0
22262,804,610,0
22263,804,1121,0
22264,804,571,0
22265,804,630,0
22266,804,985,0
22267,804,236,0
22268,804,8,0
22269,804,110,0
22270,804,186,0
22271,804,1011,0
22272,804,163,0
22273,804,621,0
22274,804,723,0
22275,804,470,0
22276,804,692,0
22277,804,200,0
22278,804,436,0
22279,804,619,0
22280,804,970,0
22281,804,1118,0
22282,804,395,0
22283,804,754,0
22284,804,32,0
22285,804,358,0
22286,804,420,0
22287,804,71,0
22288,804,1074,0
22289,804,921,0
22290,804,311,0
22291,804,1106,0
22292,804,116,0
22293,804,769,0
22294,804,575,0
22295,804,569,0
22296,804,701,0
22297,804,126,0
22298,804,374,0
22299,804,1031,0
22300,804,965,0
22301,804,216,0
22302,804,988,0
22303,804,728,0
22304,804,475,0
22305,804,1,0
22306,804,275,0
22307,804,940,0
22308,804,975,0
22309,804,796,0
22310,804,324,0
22311,804,935,0
22312,804,978,0
22313,804,1141,0
22314,804,696,0
22315,804,271,0
22316,804,724,0
22317,804,841,0
22318,804,373,0
22319,804,262,0
22320,804,270,0
22321,804,265,0
22322,804,839,0
22323,804,710,0
22324,804,904,0
22325,804,203,0
22326,804,993,0
22327,804,4,0
22328,804,218,0
22329,804,384,0
22330,804,974,0
22331,804,27,0
22332,804,819,0
22333,804,967,0
22334,804,888,0
22335,804,1065,0
22336,804,490,0
22337,804,108,0
22338,804,237,0
22339,804,184,0
22340,804,1157,0
22341,804,959,0
22342,804,385,0
22343,804,847,0
22344,804,573,0
22345,804,491,0
22346,804,669,0
22347,804,371,0
22348,804,483,0
22349,804,399,0
22350,804,1059,0
22351,804,741,0
22352,804,176,0
22353,804,1185,0
22354,804,594,0
22355,804,742,0
22356,804,386,0
22357,804,547,0
22358,804,282,0
22359,804,517,0
22360,804,382,0
22361,804,833,0
22362,804,306,0
22363,804,139,0
22364,804,1110,0
22365,804,789,0
22366,804,734,0
22367,804,437,0
22368,804,94,0
22369,804,931,0
22370,804,80,0
22371,804,1181,0
22372,804,357,0
22373,804,1179,0
22374,804,972,0
22375,804,627,0
22376,804,360,0
22377,804,703,0
22378,804,362,0
22379,804,854,0
22380,804,494,0
22381,804,215,0
22382,804,597,0
22383,804,689,0
22384,834,530,0
22385,834,558,0
22386,834,1059,0
22387,834,261,0
22388,834,1101,0
22389,834,1081,0
22390,834,270,0
22391,834,225,0
22392,834,615,0
22393,834,796,0
22394,834,707,0
22395,834,1164,0
22396,834,1154,0
22397,834,1126,0
22398,834,522,0
22399,834,175,0
22400,834,444,0
22401,834,105,0
22402,834,654,0
22403,834,539,0
22404,834,1135,0
22405,834,226,0
22406,834,1012,0
22407,834,665,0
22408,834,194,0
22409,834,87,0
22410,834,513,0
22411,834,576,0
22412,834,1113,0
22413,834,358,0
22414,834,421,0
22415,834,912,0
22416,834,147,0
22417,834,819,0
22418,834,864,0
22419,834,761,0
22420,834,364,0
22421,834,1073,0
22422,834,852,0
22423,834,830,0
22424,834,99,0
22425,834,422,0
22426,834,632,0
22427,834,149,0
22428,834,817,0
22429,834,407,0
22430,834,1153,0
22431,834,1077,0
22432,834,651,0
22433,834,622,0
22434,834,255,0
22435,834,200,0
22436,834,774,0
22437,834,710,0
22438,834,619,0
22439,834,1063,0
22440,834,271,0
22441,834,660,0
22442,834,492,0
22443,834,599,0
22444,834,427,0
22445,834,106,0
22446,834,94,0
22447,834,91,0
22448,834,367,0
22449,834,325,0
22450,834,306,0
22451,834,347,0
22452,834,20,0
22453,834,1199,0
22454,834,551,0
22455,834,1034,0
22456,834,343,0
22457,834,516,0
22458,834,250,0
22459,834,572,0
22460,834,86,0
22461,834,975,0
22462,834,525,0
22463,834,313,0
22464,834,841,0
22465,834,933,0
22466,834,659,0
22467,834,323,0
22468,834,145,0
22469,834,291,0
22470,834,488,0
22471,834,365,0
22472,834,542,0
22473,834,489,0
22474,834,795,0
22475,834,8,0
22476,834,140,0
22477,834,320,0
22478,834,937,0
22479,834,19,0
22480,834,678,0
22481,834,395,0
22482,834,700,0
22483,834,453,0
22484,834,373,0
22485,834,1078,0
22486,834,793,0
22487,834,28,0
22488,834,567,0
22489,834,1149,0
22490,834,873,0
22491,834,916,0
22492,834,312,0
22493,834,18,0
22494,834,902,0
22495,834,439,0
22496,834,781,0
22497,834,964,0
22498,834,606,0
22499,834,196,0
22500,834,787,0
22501,834,899,0
22502,834,597,0
22503,834,701,0
22504,834,813,0
22505,834,213,0
22506,834,357,0
22507,834,940,0
22508,834,862,0
22509,834,109,0
22510,834,104,0
22511,834,1195,0
22512,834,480,0
22513,834,947,0
22514,834,568,0
22515,834,917,0
22516,834,406,0
22517,834,329,0
22518,834,189,0
22519,834,212,0
22520,834,726,0
22521,834,314,0
22522,834,195,0
22523,834,906,0
22524,834,89,0
22525,834,139,0
22526,834,240,0
22527,834,253,0
22528,834,452,0
22529,834,434,0
22530,834,158,0
22531,834,770,0
22532,834,861,0
22533,834,1091,0
22534,834,301,0
22535,834,854,0
22536,834,110,0
22537,834,1124,0
22538,834,74,0
22539,834,376,0
22540,834,392,0
22541,834,1138,0
22542,834,1027,0
22543,834,122,0
22544,834,556,0
22545,834,1186,0
22546,834,918,0
22547,834,1181,0
22548,834,48,0
22549,834,777,0
22550,834,1187,0
22551,834,443,0
22552,834,1024,0
22553,834,689,0
22554,834,220,0
22555,834,905,0
22556,834,1007,0
22557,834,1112,0
22558,834,671,0
22559,834,526,0
22560,834,923,0
22561,834,924,0
22562,834,449,0
22563,834,1151,0
22564,834,244,0
22565,834,633,0
22566,834,775,0
22567,834,1036,0
22568,834,1115,0
22569,834,13,0
22570,834,942,0
22571,834,668,0
22572,834,801,0
22573,834,974,0
22574,834,757,0
22575,834,1044,0
22576,834,440,0
22577,834,1141,0
22578,834,31,0
22579,834,162,0
22580,834,772,0
22581,834,360,0
22582,834,136,0
22583,834,758,0
22584,834,629,0
22585,834,506,0
22586,834,719,0
22587,834,254,0
22588,834,349,0
22589,834,190,0
22590,834,1193,0
22591,834,45,0
22592,834,751,0
22593,834,807,0
22594,834,1120,0
22595,834,557,0
22596,834,169,0
22597,834,872,0
22598,834,981,0
22599,834,592,0
22600,834,680,0
22601,834,281,0
22602,834,588,0
22603,834,346,0
22604,834,164,0
22605,834,1025,0
22606,834,303,0
22607,834,276,0
22608,834,960,0
22609,834,267,0
22610,834,1083,0
22611,834,1189,0
22612,834,485,0
22613,834,741,0
22614,834,222,0
22615,834,507,0
22616,834,579,0
22617,834,945,0
22618,834,652,0
22619,834,715,0
22620,834,734,0
22621,834,742,0
22622,834,1029,0
22623,834,1132,0
22624,834,3,0
22625,834,316,0
22626,834,1060,0
22627,834,479,0
22628,834,78,0
22629,834,251,0
22630,834,1103,0
22631,834,555,0
22632,834,533,0
22633,834,1,0
22634,834,368,0
22635,834,730,0
22636,834,848,0
22637,834,976,0
22638,834,1087,0
22639,834,535,0
22640,834,1192,0
22641,834,293,0
22642,834,116,0
22643,834,708,0
22644,834,17,0
22645,834,724,0
22646,834,227,0
22647,834,890,0
22648,834,187,0
22649,834,870,0
22650,834,156,0
22651,834,944,0
22652,834,889,0
22653,834,1047,0
22654,834,821,0
22655,834,53,0
22656,834,727,0
22657,834,372,0
22658,834,475,0
22659,834,35,0
22660,834,93,0
22661,834,359,0
22662,834,694,0
22663,834,803,0
22664,834,1094,0
22665,834,921,0
22666,834,842,0
22667,834,495,0
22668,834,1028,0
22669,834,518,0
22670,834,298,0
22671,834,224,0
22672,834,855,0
22673,834,850,0
22674,834,55,0
22675,834,1128,0
22676,834,544,0
22677,834,548,0
22678,834,667,0
22679,834,538,0
22680,834,609,0
22681,834,205,0
22682,834,703,0
22683,834,822,0
22684,834,987,0
22685,834,423,0
22686,834,998,0
22687,834,362,0
22688,834,1178,0
22689,834,159,0
22690,834,832,0
22691,834,119,0
22692,834,1038,0
22693,834,616,0
22694,834,993,0
22695,834,1018,0
22696,834,650,0
22697,834,600,0
22698,834,909,0
22699,834,1200,0
22700,834,1079,0
22701,834,418,0
22702,834,653,0
22703,834,332,0
22704,834,128,0
22705,834,458,0
22706,834,988,0
22707,834,457,0
22708,834,1035,0
22709,834,192,0
22710,834,728,0
22711,834,637,0
22712,834,413,0
22713,834,749,0
22714,834,394,0
22715,834,954,0
22716,834,411,0
22717,834,1161,0
22718,834,898,0
22719,834,540,0
22720,834,1155,0
22721,834,913,0
22722,834,98,0
22723,834,623,0
22724,834,426,0
22725,834,134,0
22726,834,1052,0
22727,834,181,0
22728,834,257,0
22729,834,690,0
22730,834,236,0
22731,834,887,0
22732,834,1180,0
22733,834,383,0
22734,834,1009,0
22735,834,76,0
22736,834,1133,0
22737,834,487,0
22738,834,404,0
22739,834,436,0
22740,834,517,0
22741,834,374,0
22742,834,1084,0
22743,834,973,0
22744,834,1037,0
22745,834,754,0
22746,834,401,0
22747,834,460,0
22748,834,233,0
22749,834,867,0
22750,834,210,0
22751,834,878,0
22752,834,146,0
22753,834,382,0
22754,834,259,0
22755,834,771,0
22756,834,4,0
22757,834,692,0
22758,834,1102,0
22759,834,339,0
22760,834,206,0
22761,834,691,0
22762,834,1107,0
22763,834,1157,0
22764,834,527,0
22765,834,1043,0
22766,834,504,0
22767,834,417,0
22768,834,693,0
22769,834,308,0
22770,834,1098,0
22771,834,908,0
22772,834,946,0
22773,834,915,0
22774,834,768,0
22775,834,0,0
22776,834,310,0
22777,834,451,0
22778,834,1023,0
22779,834,135,0
22780,834,537,0
22781,834,166,0
22782,834,1202,0
22783,834,1134,0
22784,834,1110,0
22785,834,132,0
22786,834,610,0
22787,834,184,0
22788,834,545,0
22789,834,642,0
22790,834,24,0
22791,834,72,0
22792,834,1125,0
22793,834,474,0
22794,834,835,0
22795,834,932,0
22796,834,396,0
22797,834,338,0
22798,834,393,0
22799,834,739,0
22800,834,618,0
22801,834,759,0
22802,834,143,0
22803,834,617,0
22804,834,1067,0
22805,834,911,0
22806,834,1068,0
22807,834,1020,0
22808,834,884,0
22809,834,14,0
22810,834,829,0
22811,834,1033,0
22812,834,71,0
22813,834,826,0
22814,834,876,0
22815,834,183,0
22816,834,252,0
22817,834,1050,0
22818,834,634,0
22819,834,550,0
22820,834,792,0
22821,834,1131,0
22822,834,1140,0
22823,834,1203,0
22824,834,59,0
22825,834,1123,0
22826,834,387,0
22827,834,628,0
22828,834,820,0
22829,834,131,0
22830,834,243,0
22831,834,188,0
22832,834,450,0
22833,834,646,0
22834,834,400,0
22835,834,26,0
22836,834,85,0
22837,834,589,0
22838,834,713,0
22839,834,1099,0
22840,834,219,0
22841,834,152,0
22842,834,874,0
22843,834,214,0
22844,834,658,0
22845,834,812,0
22846,834,315,0
22847,834,170,0
22848,834,702,0
22849,834,472,0
22850,834,371,0
22851,834,1196,0
22852,834,571,0
22853,834,161,0
22854,834,77,0
22855,834,978,0
22856,834,151,0
22857,834,621,0
22858,834,223,0
22859,834,583,0
22860,840,35,0
22861,840,139,0
22862,840,291,0
22863,840,538,0
22864,840,397,0
22865,840,933,0
22866,840,562,0
22867,840,815,0
22868,840,610,0
22869,840,227,0
22870,840,863,0
22871,840,1145,0
22872,840,1152,0
22873,840,659,0
22874,840,1155,0
22875,840,630,0
22876,840,910,0
22877,840,694,0
22878,840,430,0
22879,840,409,0
22880,840,768,0
22881,840,267,0
22882,840,308,0
22883,840,1042,0
22884,840,525,0
22885,840,119,0
22886,840,237,0
22887,840,822,0
22888,840,657,0
22889,840,434,0
22890,840,490,0
22891,840,999,0
22892,840,1136,0
22893,840,667,0
22894,840,727,0
22895,840,851,0
22896,840,392,0
22897,840,888,0
22898,840,431,0
22899,840,10,0
22900,840,615,0
22901,840,364,0
22902,840,730,0
22903,840,492,0
22904,840,329,0
22905,840,22,0
22906,840,103,0
22907,840,701,0
22908,840,620,0
22909,840,635,0
22910,840,162,0
22911,840,846,0
22912,840,784,0
22913,840,220,0
22914,840,1112,0
22915,840,1185,0
22916,840,486,0
22917,840,1131,0
22918,840,595,0
22919,840,867,0
22920,840,416,0
22921,840,1043,0
22922,840,1143,0
22923,840,1009,0
22924,840,711,0
22925,840,252,0
22926,840,187,0
22927,840,748,0
22928,840,920,0
22929,840,253,0
22930,840,978,0
22931,840,943,0
22932,840,478,0
22933,840,313,0
22934,840,793,0
22935,840,42,0
22936,840,646,0
22937,840,345,0
22938,840,1090,0
22939,840,745,0
22940,840,106,0
22941,840,205,0
22942,840,1038,0
22943,840,728,0
22944,840,114,0
22945,840,248,0
22946,840,245,0
22947,840,772,0
22948,840,900,0
22949,840,171,0
22950,840,327,0
22951,840,452,0
22952,840,594,0
22953,840,853,0
22954,840,203,0
22955,840,970,0
22956,840,919,0
22957,840,2,0
22958,840,64,0
22959,840,0,0
22960,840,1085,0
22961,840,588,0
22962,840,624,0
22963,840,875,0
22964,840,346,0
22965,840,343,0
22966,840,744,0
22967,840,347,0
22968,840,148,0
22969,840,258,0
22970,840,256,0
22971,840,484,0
22972,840,1107,0
22973,840,202,0
22974,840,1080,0
22975,840,557,0
22976,840,671,0
22977,840,1110,0
22978,840,300,0
22979,840,564,0
22980,840,1201,0
22981,840,751,0
22982,840,480,0
22983,840,404,0
22984,840,803,0
22985,840,218,0
22986,840,1120,0
22987,840,662,0
22988,840,424,0
22989,840,414,0
22990,840,566,0
22991,840,906,0
22992,840,914,0
22993,840,198,0
22994,840,234,0
22995,840,740,0
22996,840,243,0
22997,840,988,0
22998,840,458,0
22999,840,312,0
23000,840,136,0
23001,840,51,0
23002,840,77,0
23003,840,107,0
23004,840,326,0
23005,840,605,0
23006,840,340,0
23007,840,810,0
23008,840,133,0
23009,840,214,0
23010,840,436,0
23011,840,447,0
23012,840,1162,0
23013,840,1193,0
23014,840,54,0
23015,840,1066,0
23016,840,316,0
23017,840,611,0
23018,840,451,0
23019,840,762,0
23020,840,865,0
23021,840,807,0
23022,840,443,0
23023,840,40,0
23024,840,577,0
23025,840,639,0
23026,840,418,0
23027,840,506,0
23028,840,930,0
23029,840,1026,0
23030,840,972,0
23031,840,200,0
23032,840,72,0
23033,840,446,0
23034,840,191,0
23035,840,965,0
23036,840,1169,0
23037,840,1203,0
23038,840,155,0
23039,840,944,0
23040,840,295,0
23041,840,1079,0
23042,840,275,0
23043,840,410,0
23044,840,456,0
23045,840,774,0
23046,840,373,0
23047,840,958,0
23048,840,1030,0
23049,840,131,0
23050,840,208,0
23051,840,219,0
23052,840,152,0
23053,840,1113,0
23054,840,181,0
23055,840,567,0
23056,840,916,0
23057,840,1099,0
23058,840,1022,0
23059,840,128,0
23060,840,749,0
23061,840,940,0
23062,840,145,0
23063,840,967,0
23064,840,1056,0
23065,840,616,0
23066,840,689,0
23067,840,428,0
23068,840,632,0
23069,840,251,0
23070,840,307,0
23071,840,1175,0
23072,840,147,0
23073,840,215,0
23074,840,92,0
23075,840,115,0
23076,840,1041,0
23077,840,319,0
23078,840,411,0
23079,840,1192,0
23080,840,619,0
23081,840,1179,0
23082,840,24,0
23083,840,606,0
23084,840,746,0
23085,840,354,0
23086,840,1135,0
23087,840,998,0
23088,840,226,0
23089,840,776,0
23090,840,190,0
23091,840,568,0
23092,840,1151,0
23093,840,644,0
23094,840,985,0
23095,840,41,0
23096,840,420,0
23097,840,614,0
23098,840,66,0
23099,840,1015,0
23100,840,870,0
23101,840,590,0
23102,840,101,0
23103,840,938,0
23104,840,882,0
23105,840,676,0
23106,840,1161,0
23107,840,517,0
23108,840,1082,0
23109,840,126,0
23110,840,1094,0
23111,840,1044,0
23112,840,240,0
23113,840,537,0
23114,840,137,0
23115,840,627,0
23116,840,742,0
23117,840,268,0
23118,840,244,0
23119,840,49,0
23120,840,1050,0
23121,840,896,0
23122,840,693,0
23123,840,864,0
23124,840,1075,0
23125,840,860,0
23126,840,421,0
23127,840,493,0
23128,840,168,0
23129,840,159,0
23130,840,631,0
23131,840,270,0
23132,840,757,0
23133,840,1065,0
23134,840,400,0
23135,840,86,0
23136,840,113,0
23137,840,589,0
23138,840,470,0
23139,840,222,0
23140,840,1189,0
23141,840,705,0
23142,840,886,0
23143,840,1195,0
23144,840,1122,0
23145,840,512,0
23146,840,104,0
23147,840,1178,0
23148,840,854,0
23149,840,549,0
23150,840,236,0
23151,840,262,0
23152,840,617,0
23153,840,111,0
23154,840,725,0
23155,840,387,0
23156,840,1184,0
23157,840,110,0
23158,840,1121,0
23159,840,724,0
23160,840,377,0
23161,840,80,0
23162,840,547,0
23163,840,463,0
23164,840,324,0
23165,840,703,0
23166,840,508,0
23167,840,761,0
23168,840,816,0
23169,840,382,0
23170,840,94,0
23171,840,699,0
23172,840,1029,0
23173,840,1024,0
23174,840,163,0
23175,840,868,0
23176,840,592,0
23177,840,966,0
23178,840,97,0
23179,840,474,0
23180,840,668,0
23181,840,974,0
23182,840,437,0
23183,840,1055,0
23184,840,38,0
23185,840,18,0
23186,840,750,0
23187,840,575,0
23188,840,686,0
23189,840,213,0
23190,840,419,0
23191,843,156,0
23192,843,668,0
23193,843,1027,0
23194,843,485,0
23195,843,109,0
23196,843,467,0
23197,843,1019,0
23198,843,849,0
23199,843,1005,0
23200,843,349,0
23201,843,592,0
23202,843,903,0
23203,843,422,0
23204,843,194,0
23205,843,602,0
23206,843,537,0
23207,843,801,0
23208,843,1003,0
23209,843,820,0
23210,843,357,0
23211,843,535,0
23212,843,675,0
23213,843,793,0
23214,843,546,0
23215,843,536,0
23216,843,765,0
23217,843,1195,0
23218,843,1086,0
23219,843,528,0
23220,843,750,0
23221,843,648,0
23222,843,299,0
23223,843,1087,0
23224,843,877,0
23225,843,961,0
23226,843,69,0
23227,843,92,0
23228,843,568,0
23229,843,166,0
23230,843,238,0
23231,843,267,0
23232,843,230,0
23233,843,1149,0
23234,843,205,0
23235,843,923,0
23236,843,1194,0
23237,843,834,0
23238,843,1026,0
23239,843,973,0
23240,843,691,0
23241,843,279,0
23242,843,184,0
23243,843,512,0
23244,843,948,0
23245,843,296,0
23246,843,374,0
23247,843,39,0
23248,843,666,0
23249,843,1148,0
23250,843,316,0
23251,843,256,0
23252,843,401,0
23253,843,141,0
23254,843,773,0
23255,843,780,0
23256,843,519,0
23257,843,270,0
23258,843,466,0
23259,843,624,0
23260,843,323,0
23261,843,944,0
23262,843,1002,0
23263,843,210,0
23264,843,59,0
23265,843,975,0
23266,843,350,0
23267,843,1138,0
23268,843,1181,0
23269,843,1001,0
23270,843,520,0
23271,843,1016,0
23272,843,656,0
23273,843,138,0
23274,843,1153,0
23275,843,174,0
23276,843,541,0
23277,843,386,0
23278,843,814,0
23279,843,593,0
23280,843,905,0
23281,843,824,0
23282,843,245,0
23283,843,795,0
23284,843,494,0
23285,843,246,0
23286,843,778,0
23287,843,779,0
23288,843,173,0
23289,843,133,0
23290,843,284,0
23291,843,1131,0
23292,843,18,0
23293,843,424,0
23294,843,410,0
23295,843,815,0
23296,843,1090,0
23297,843,770,0
23298,843,282,0
23299,843,27,0
23300,843,1140,0
23301,843,711,0
23302,843,590,0
23303,843,1018,0
23304,843,307,0
23305,843,454,0
23306,843,526,0
23307,843,764,0
23308,843,955,0
23309,843,808,0
23310,843,1132,0
23311,843,495,0
23312,843,274,0
23313,843,226,0
23314,843,434,0
23315,843,491,0
23316,843,14,0
23317,843,248,0
23318,843,529,0
23319,843,962,0
23320,843,153,0
23321,843,596,0
23322,843,998,0
23323,843,1028,0
23324,843,269,0
23325,843,150,0
23326,843,169,0
23327,843,378,0
23328,843,110,0
23329,843,677,0
23330,843,277,0
23331,843,678,0
23332,843,444,0
23333,843,813,0
23334,843,122,0
23335,843,746,0
23336,843,710,0
23337,843,1163,0
23338,843,15,0
23339,843,1150,0
23340,843,580,0
23341,843,1099,0
23342,843,941,0
23343,843,848,0
23344,843,419,0
23345,843,1182,0
23346,843,354,0
23347,843,339,0
23348,843,1130,0
23349,843,1203,0
23350,843,1185,0
23351,843,31,0
23352,843,862,0
23353,843,547,0
23354,843,1022,0
23355,843,308,0
23356,843,992,0
23357,843,128,0
23358,843,809,0
23359,843,329,0
23360,843,1147,0
23361,843,567,0
23362,843,407,0
23363,843,415,0
23364,843,769,0
23365,843,359,0
23366,843,362,0
23367,843,334,0
23368,843,564,0
23369,843,394,0
23370,843,869,0
23371,843,641,0
23372,843,781,0
23373,843,416,0
23374,843,774,0
23375,843,1129,0
23376,843,965,0
23377,843,1123,0
23378,843,492,0
23379,843,1120,0
23380,843,1114,0
23381,843,799,0
23382,843,984,0
23383,843,472,0
23384,843,699,0
23385,843,895,0
23386,843,1067,0
23387,843,1,0
23388,843,37,0
23389,843,543,0
23390,843,201,0
23391,843,516,0
23392,843,549,0
23393,843,380,0
23394,843,884,0
23395,843,867,0
23396,843,937,0
23397,843,383,0
23398,843,990,0
23399,843,460,0
23400,843,1048,0
23401,843,687,0
23402,843,517,0
23403,843,983,0
23404,843,220,0
23405,843,216,0
23406,843,384,0
23407,843,366,0
23408,843,446,0
23409,843,1176,0
23410,843,135,0
23411,843,1071,0
23412,843,899,0
23413,843,145,0
23414,843,786,0
23415,843,1121,0
23416,843,785,0
23417,843,1007,0
23418,843,674,0
23419,843,616,0
23420,843,1097,0
23421,843,508,0
23422,843,322,0
23423,843,1180,0
23424,843,507,0
23425,843,575,0
23426,843,239,0
23427,843,916,0
23428,843,853,0
23429,843,706,0
23430,843,578,0
23431,843,787,0
23432,843,509,0
23433,843,828,0
23434,843,287,0
23435,843,266,0
23436,843,229,0
23437,843,911,0
23438,843,227,0
23439,843,852,0
23440,843,1064,0
23441,843,461,0
23442,843,106,0
23443,843,1063,0
23444,843,1187,0
23445,843,84,0
23446,843,1012,0
23447,843,945,0
23448,843,447,0
23449,843,301,0
23450,843,997,0
23451,843,924,0
23452,843,504,0
23453,843,137,0
23454,843,273,0
23455,843,716,0
23456,843,930,0
23457,843,168,0
23458,843,1035,0
23459,843,634,0
23460,843,545,0
23461,843,685,0
23462,843,33,0
23463,843,368,0
23464,843,1198,0
23465,843,343,0
23466,843,1107,0
23467,843,1017,0
23468,843,904,0
23469,843,977,0
23470,843,601,0
23471,843,297,0
23472,843,551,0
23473,843,90,0
23474,843,692,0
23475,843,915,0
23476,843,396,0
23477,843,344,0
23478,843,573,0
23479,843,1116,0
23480,843,456,0
23481,843,333,0
23482,843,858,0
23483,843,667,0
23484,843,232,0
23485,843,987,0
23486,843,919,0
23487,843,430,0
23488,843,280,0
23489,843,981,0
23490,843,471,0
23491,843,211,0
23492,843,86,0
23493,843,130,0
23494,843,1065,0
23495,843,792,0
23496,843,613,0
23497,843,477,0
23498,843,214,0
23499,843,1051,0
23500,843,566,0
23501,843,253,0
23502,843,914,0
23503,843,524,0
23504,843,653,0
23505,843,548,0
23506,843,906,0
23507,843,521,0
23508,843,32,0
23509,843,82,0
23510,843,1158,0
23511,843,698,0
23512,843,582,0
23513,843,1080,0
23514,843,637,0
23515,843,756,0
23516,843,116,0
23517,843,556,0
23518,843,833,0
23519,843,1145,0
23520,843,870,0
23521,843,490,0
23522,843,225,0
23523,843,1108,0
23524,843,927,0
23525,843,235,0
23526,843,337,0
23527,843,1200,0
23528,843,581,0
23529,843,272,0
23530,843,342,0
23531,843,1110,0
23532,843,646,0
23533,843,912,0
23534,843,805,0
23535,843,1193,0
23536,843,406,0
23537,843,777,0
23538,843,771,0
23539,843,387,0
23540,843,292,0
23541,843,200,0
23542,843,1199,0
23543,843,936,0
23544,843,585,0
23545,843,917,0
23546,843,639,0
23547,843,118,0
23548,843,140,0
23549,843,67,0
23550,843,744,0
23551,843,701,0
23552,843,234,0
23553,843,25,0
23554,843,436,0
23555,843,1068,0
23556,843,1188,0
23557,843,464,0
23558,843,995,0
23559,843,1052,0
23560,843,651,0
23561,843,215,0
23562,843,259,0
23563,843,54,0
23564,843,23,0
23565,843,244,0
23566,843,1033,0
23567,843,827,0
23568,843,788,0
23569,843,922,0
23570,843,776,0
23571,843,218,0
23572,843,104,0
23573,843,1039,0
23574,843,670,0
23575,843,896,0
23576,843,198,0
23577,843,660,0
23578,843,75,0
23579,843,878,0
23580,843,423,0
23581,843,555,0
23582,843,404,0
23583,843,740,0
23584,843,707,0
23585,843,608,0
23586,843,954,0
23587,843,857,0
23588,843,1173,0
23589,843,897,0
23590,843,186,0
23591,843,902,0
23592,843,208,0
23593,843,846,0
23594,843,607,0
23595,843,730,0
23596,843,1020,0
23597,843,258,0
23598,843,328,0
23599,843,825,0
23600,843,340,0
23601,843,1061,0
23602,843,767,0
23603,843,689,0
23604,843,544,0
23605,843,989,0
23606,843,1197,0
23607,843,690,0
23608,843,931,0
23609,843,247,0
23610,843,940,0
23611,843,209,0
23612,843,538,0
23613,843,1031,0
23614,843,1098,0
23615,843,569,0
23616,843,338,0
23617,843,1009,0
23618,843,365,0
23619,843,379,0
23620,843,976,0
23621,843,890,0
23622,843,21,0
23623,843,30,0
23624,843,1041,0
23625,843,835,0
23626,843,1186,0
23627,843,893,0
23628,843,243,0
23629,843,414,0
23630,843,187,0
23631,843,87,0
23632,843,603,0
23633,843,206,0
23634,843,831,0
23635,843,427,0
23636,843,377,0
23637,843,134,0
23638,843,149,0
23639,843,335,0
23640,843,474,0
23641,843,1113,0
23642,843,388,0
23643,843,325,0
23644,843,402,0
23645,843,757,0
23646,843,972,0
23647,843,358,0
23648,843,1096,0
23649,843,1106,0
23650,843,943,0
23651,843,722,0
23652,843,727,0
23653,843,3,0
23654,843,312,0
23655,843,682,0
23656,843,107,0
23657,843,587,0
23658,843,43,0
23659,843,1175,0
23660,843,806,0
23661,843,97,0
23662,843,956,0
23663,843,605,0
23664,843,802,0
23665,843,35,0
23666,843,1079,0
23667,843,980,0
23668,843,633,0
23669,843,255,0
23670,843,480,0
23671,843,129,0
23672,843,473,0
23673,843,1101,0
23674,843,318,0
23675,843,1160,0
23676,843,262,0
23677,843,429,0
23678,843,179,0
23679,843,20,0
23680,843,1161,0
23681,843,1037,0
23682,843,231,0
23683,843,938,0
23684,843,120,0
23685,843,664,0
23686,843,826,0
23687,843,1165,0
23688,843,385,0
23689,843,669,0
23690,843,822,0
23691,843,1058,0
23692,843,268,0
23693,843,715,0
23694,843,723,0
23695,843,411,0
23696,843,408,0
23697,843,967,0
23698,843,503,0
23699,843,393,0
23700,843,483,0
23701,843,957,0
23702,843,304,0
23703,843,457,0
23704,843,892,0
23705,843,522,0
23706,843,553,0
23707,843,17,0
23708,843,148,0
23709,843,1073,0
23710,843,768,0
23711,843,68,0
23712,843,263,0
23713,843,684,0
23714,843,762,0
23715,843,212,0
23716,843,81,0
23717,843,348,0
23718,843,681,0
23719,843,1196,0
23720,843,448,0
23721,843,392,0
23722,843,1092,0
23723,843,152,0
23724,843,860,0
23725,843,361,0
23726,843,103,0
23727,843,735,0
23728,843,127,0
23729,843,1085,0
23730,843,123,0
23731,843,50,0
23732,843,159,0
23733,843,314,0
23734,843,864,0
23735,843,1159,0
23736,843,737,0
23737,843,1136,0
23738,843,515,0
23739,843,462,0
23740,843,204,0
23741,843,952,0
23742,843,745,0
23743,843,1122,0
23744,843,412,0
23745,843,708,0
23746,843,144,0
23747,843,72,0
23748,843,469,0
23749,843,898,0
23750,843,4,0
23751,843,760,0
23752,843,1036,0
23753,843,821,0
23754,843,1118,0
23755,843,1146,0
23756,843,743,0
23757,843,397,0
23758,843,162,0
23759,843,610,0
23760,843,693,0
23761,843,22,0
23762,843,121,0
23763,843,609,0
23764,843,702,0
23765,843,1010,0
23766,843,761,0
23767,843,791,0
23768,843,285,0
23769,843,1076,0
23770,843,960,0
23771,843,1057,0
23772,843,570,0
23773,843,724,0
23774,843,233,0
23775,843,240,0
23776,843,772,0
23777,843,409,0
23778,843,278,0
23779,843,76,0
23780,843,749,0
23781,843,295,0
23782,843,413,0
23783,843,332,0
23784,843,540,0
23785,843,196,0
23786,843,40,0
23787,843,680,0
23788,843,565,0
23789,843,872,0
23790,843,921,0
23791,843,496,0
23792,843,136,0
23793,843,48,0
23794,843,823,0
23795,843,192,0
23796,843,455,0
23797,843,1125,0
23798,843,151,0
23799,843,741,0
23800,843,1084,0
23801,843,381,0
23802,843,117,0
23803,843,438,0
23804,843,855,0
23805,843,363,0
23806,843,147,0
23807,843,964,0
23808,843,1174,0
23809,843,1008,0
23810,843,1100,0
23811,843,265,0
23812,843,1094,0
23813,843,625,0
23814,843,557,0
23815,843,224,0
23816,843,126,0
23817,843,207,0
23818,843,26,0
23819,843,319,0
23820,843,1040,0
23821,843,475,0
23822,843,199,0
23823,843,736,0
23824,843,139,0
23825,843,783,0
23826,843,729,0
23827,843,367,0
23828,843,663,0
23829,843,739,0
23830,843,294,0
23831,843,807,0
23832,843,500,0
23833,843,53,0
23834,843,306,0
23835,843,1024,0
23836,843,1134,0
23837,843,790,0
23838,843,606,0
23839,843,933,0
23840,843,558,0
23841,843,222,0
23842,843,1023,0
23843,843,588,0
23844,843,662,0
23845,843,360,0
23846,843,191,0
23847,843,499,0
23848,843,838,0
23849,843,888,0
23850,843,57,0
23851,843,879,0
23852,843,659,0
23853,843,493,0
23854,843,1102,0
23855,843,80,0
23856,843,705,0
23857,843,599,0
23858,843,577,0
23859,843,604,0
23860,843,183,0
23861,843,260,0
23862,843,531,0
23863,843,527,0
23864,843,619,0
23865,843,45,0
23866,843,994,0
23867,843,873,0
23868,843,60,0
23869,843,842,0
23870,843,561,0
23871,843,311,0
23872,843,713,0
23873,843,221,0
23874,843,1169,0
23875,843,1117,0
23876,843,89,0
23877,843,257,0
23878,843,281,0
23879,843,650,0
23880,843,6,0
23881,843,34,0
23882,843,819,0
23883,843,1032,0
23884,843,347,0
23885,843,571,0
23886,843,900,0
23887,843,501,0
23888,843,993,0
23889,843,584,0
23890,843,1111,0
23891,843,1013,0
23892,843,598,0
23893,843,1034,0
23894,843,725,0
23895,843,47,0
23896,843,1042,0
23897,843,910,0
23898,843,313,0
23899,843,375,0
23900,843,10,0
23901,843,305,0
23902,843,1047,0
23903,843,94,0
23904,843,213,0
23905,843,949,0
23906,843,971,0
23907,843,1104,0
23908,843,672,0
23909,843,734,0
23910,843,974,0
23911,843,1151,0
23912,843,1055,0
23913,843,479,0
23914,843,458,0
23915,843,326,0
23916,843,85,0
23917,843,264,0
23918,843,463,0
23919,843,1025,0
23920,843,426,0
23921,843,784,0
23922,843,830,0
23923,843,1112,0
23924,843,356,0
23925,843,719,0
23926,843,1133,0
23927,843,1000,0
23928,843,986,0
23929,843,583,0
23930,843,889,0
23931,843,1156,0
23932,843,405,0
23933,843,64,0
23934,843,697,0
23935,843,320,0
23936,843,1011,0
23937,843,732,0
23938,843,498,0
23939,843,1119,0
23940,843,1184,0
23941,843,876,0
23942,843,966,0
23943,843,700,0
23944,843,112,0
23945,843,999,0
23946,843,28,0
23947,843,1201,0
23948,843,991,0
23949,843,586,0
23950,843,574,0
23951,843,12,0
23952,843,579,0
23953,843,982,0
23954,843,7,0
23955,843,1103,0
23956,843,52,0
23957,843,146,0
23958,843,345,0
23959,843,1178,0
23960,843,514,0
23961,843,979,0
23962,843,1093,0
23963,843,865,0
23964,843,1056,0
23965,843,1095,0
23966,843,172,0
23967,843,589,0
23968,843,302,0
23969,843,418,0
23970,843,77,0
23971,843,61,0
23972,843,970,0
23973,843,465,0
23974,843,108,0
23975,843,1054,0
23976,843,113,0
23977,843,99,0
23978,843,909,0
23979,843,36,0
23980,843,1050,0
23981,843,303,0
23982,843,559,0
23983,843,726,0
23984,843,1190,0
23985,843,655,0
23986,843,1091,0
23987,843,91,0
23988,843,644,0
23989,843,642,0
23990,919,1023,0
23991,919,1159,0
23992,919,336,0
23993,919,297,0
23994,919,415,0
23995,919,123,0
23996,919,84,0
23997,919,106,0
23998,919,1095,0
23999,919,239,0
24000,919,785,0
24001,919,502,0
24002,919,163,0
24003,919,1058,0
24004,919,857,0
24005,919,654,0
24006,919,1012,0
24007,919,413,0
24008,919,1086,0
24009,919,567,0
24010,919,1153,0
24011,919,228,0
24012,919,708,0
24013,919,635,0
24014,919,340,0
24015,919,897,0
24016,919,86,0
24017,919,215,0
24018,919,153,0
24019,919,1118,0
24020,919,614,0
24021,919,775,0
24022,919,949,0
24023,919,1080,0
24024,919,1111,0
24025,919,565,0
24026,919,100,0
24027,919,677,0
24028,919,1154,0
24029,919,728,0
24030,919,113,0
24031,919,925,0
24032,919,1048,0
24033,919,368,0
24034,919,1173,0
24035,919,492,0
24036,919,7,0
24037,919,327,0
24038,919,140,0
24039,919,483,0
24040,919,279,0
24041,919,421,0
24042,919,1046,0
24043,919,277,0
24044,919,1148,0
24045,919,446,0
24046,919,349,0
24047,919,1047,0
24048,919,417,0
24049,919,1096,0
24050,919,864,0
24051,919,236,0
24052,919,118,0
24053,919,217,0
24054,919,1175,0
24055,919,420,0
24056,919,310,0
24057,919,764,0
24058,919,63,0
24059,919,243,0
24060,919,1106,0
24061,919,1070,0
24062,919,600,0
24063,919,342,0
24064,919,681,0
24065,919,944,0
24066,919,868,0
24067,919,148,0
24068,919,706,0
24069,919,253,0
24070,919,712,0
24071,919,554,0
24072,919,1170,0
24073,919,788,0
24074,919,1052,0
24075,919,695,0
24076,919,93,0
24077,919,907,0
24078,919,250,0
24079,919,416,0
24080,919,930,0
24081,919,53,0
24082,919,583,0
24083,919,624,0
24084,919,473,0
24085,919,861,0
24086,919,752,0
24087,919,698,0
24088,919,697,0
24089,919,660,0
24090,919,240,0
24091,919,656,0
24092,919,613,0
24093,919,1043,0
24094,919,664,0
24095,919,727,0
24096,919,1143,0
24097,919,892,0
24098,919,617,0
24099,919,166,0
24100,919,1110,0
24101,919,1180,0
24102,919,648,0
24103,919,1194,0
24104,919,1140,0
24105,919,1132,0
24106,919,18,0
24107,919,707,0
24108,919,141,0
24109,919,499,0
24110,919,489,0
24111,919,516,0
24112,919,90,0
24113,919,1177,0
24114,919,1001,0
24115,919,1178,0
24116,919,1031,0
24117,919,830,0
24118,919,658,0
24119,919,817,0
24120,919,359,0
24121,919,673,0
24122,919,264,0
24123,919,284,0
24124,919,457,0
24125,919,863,0
24126,919,162,0
24127,919,38,0
24128,919,1195,0
24129,919,497,0
24130,919,287,0
24131,919,348,0
24132,919,16,0
24133,919,411,0
24134,919,425,0
24135,919,678,0
24136,919,704,0
24137,919,1181,0
24138,919,755,0
24139,919,627,0
24140,919,278,0
24141,919,317,0
24142,919,530,0
24143,919,715,0
24144,919,34,0
24145,919,1176,0
24146,919,839,0
24147,919,5,0
24148,919,962,0
24149,919,184,0
24150,919,477,0
24151,919,581,0
24152,919,13,0
24153,919,822,0
24154,919,114,0
24155,919,1005,0
24156,919,478,0
24157,919,388,0
24158,919,1045,0
24159,919,190,0
24160,919,974,0
24161,919,965,0
24162,919,495,0
24163,919,59,0
24164,919,434,0
24165,919,691,0
24166,919,6,0
24167,919,57,0
24168,919,422,0
24169,919,601,0
24170,919,1161,0
24171,919,267,0
24172,919,402,0
24173,919,356,0
24174,919,606,0
24175,919,381,0
24176,919,512,0
24177,919,498,0
24178,919,718,0
24179,919,875,0
24180,919,547,0
24181,919,341,0
24182,919,753,0
24183,919,1037,0
24184,919,1189,0
24185,919,670,0
24186,919,988,0
24187,919,149,0
24188,919,436,0
24189,919,895,0
24190,919,765,0
24191,919,1104,0
24192,919,488,0
24193,919,300,0
24194,919,55,0
24195,919,321,0
24196,919,942,0
24197,919,522,0
24198,919,761,0
24199,919,301,0
24200,919,529,0
24201,919,375,0
24202,919,77,0
24203,919,985,0
24204,919,79,0
24205,919,515,0
24206,919,594,0
24207,919,928,0
24208,919,447,0
24209,919,1049,0
24210,919,748,0
24211,919,1136,0
24212,919,829,0
24213,919,14,0
24214,919,1084,0
24215,919,408,0
24216,919,669,0
24217,919,595,0
24218,919,191,0
24219,919,1193,0
24220,919,404,0
24221,919,60,0
24222,919,120,0
24223,919,934,0
24224,919,262,0
24225,919,1113,0
24226,919,1190,0
24227,919,688,0
24228,919,915,0
24229,919,19,0
24230,919,568,0
24231,919,135,0
24232,919,274,0
24233,919,69,0
24234,919,97,0
24235,919,469,0
24236,919,1056,0
24237,919,1030,0
24238,919,694,0
24239,919,849,0
24240,919,350,0
24241,919,639,0
24242,919,593,0
24243,919,75,0
24244,919,1102,0
24245,919,628,0
24246,919,906,0
24247,919,431,0
24248,919,291,0
24249,919,550,0
24250,919,199,0
24251,919,679,0
24252,919,538,0
24253,919,768,0
24254,919,208,0
24255,919,285,0
24256,919,700,0
24257,919,693,0
24258,919,557,0
24259,919,1197,0
24260,919,270,0
24261,919,214,0
24262,919,465,0
24263,919,399,0
24264,919,514,0
24265,919,72,0
24266,919,209,0
24267,919,373,0
24268,919,220,0
24269,919,385,0
24270,919,534,0
24271,919,662,0
24272,919,65,0
24273,919,108,0
24274,919,43,0
24275,919,146,0
24276,919,513,0
24277,919,48,0
24278,919,330,0
24279,919,893,0
24280,919,646,0
24281,919,776,0
24282,919,828,0
24283,919,964,0
24284,919,129,0
24285,919,185,0
24286,919,11,0
24287,919,99,0
24288,919,459,0
24289,919,808,0
24290,919,482,0
24291,919,369,0
24292,919,668,0
24293,919,394,0
24294,919,827,0
24295,919,798,0
24296,919,665,0
24297,919,87,0
24298,919,293,0
24299,919,618,0
24300,919,638,0
24301,919,963,0
24302,919,1026,0
24303,919,331,0
24304,919,391,0
24305,919,1115,0
24306,919,1157,0
24307,919,333,0
24308,919,804,0
24309,919,501,0
24310,919,548,0
24311,919,894,0
24312,919,339,0
24313,919,461,0
24314,919,379,0
24315,919,213,0
24316,919,246,0
24317,919,795,0
24318,919,252,0
24319,919,363,0
24320,919,344,0
24321,919,481,0
24322,919,1069,0
24323,919,831,0
24324,919,759,0
24325,919,1054,0
24326,919,139,0
24327,919,1019,0
24328,919,1174,0
24329,919,443,0
24330,919,328,0
24331,919,1125,0
24332,919,720,0
24333,919,308,0
24334,919,519,0
24335,919,661,0
24336,919,268,0
24337,919,931,0
24338,919,575,0
24339,919,986,0
24340,919,1187,0
24341,919,386,0
24342,919,797,0
24343,919,346,0
24344,919,1053,0
24345,919,8,0
24346,919,1074,0
24347,919,1055,0
24348,919,975,0
24349,919,1137,0
24350,919,579,0
24351,919,689,0
24352,919,912,0
24353,919,503,0
24354,919,1146,0
24355,919,976,0
24356,919,848,0
24357,919,452,0
24358,919,682,0
24359,919,723,0
24360,919,1006,0
24361,919,953,0
24362,919,343,0
24363,919,940,0
24364,919,1152,0
24365,919,325,0
24366,919,989,0
24367,919,0,0
24368,919,470,0
24369,919,696,0
24370,919,484,0
24371,919,1090,0
24372,919,227,0
24373,919,650,0
24374,919,1063,0
24375,919,1179,0
24376,919,553,0
24377,919,605,0
24378,919,54,0
24379,919,224,0
24380,919,961,0
24381,919,247,0
24382,919,971,0
24383,919,569,0
24384,919,397,0
24385,919,586,0
24386,919,171,0
24387,919,88,0
24388,919,180,0
24389,919,160,0
24390,919,854,0
24391,919,194,0
24392,919,1185,0
24393,919,1094,0
24394,919,1036,0
24395,919,1127,0
24396,919,318,0
24397,919,980,0
24398,919,9,0
24399,919,539,0
24400,919,729,0
24401,919,825,0
24402,919,889,0
24403,919,248,0
24404,919,675,0
24405,919,276,0
24406,919,763,0
24407,919,884,0
24408,919,571,0
24409,919,651,0
24410,919,203,0
24411,919,558,0
24412,919,865,0
24413,919,837,0
24414,919,12,0
24415,919,810,0
24416,919,916,0
24417,919,474,0
24418,919,1158,0
24419,919,352,0
24420,919,200,0
24421,919,303,0
24422,919,313,0
24423,919,850,0
24424,919,1192,0
24425,919,901,0
24426,919,855,0
24427,919,1200,0
24428,919,867,0
24429,919,572,0
24430,919,92,0
24431,919,1050,0
24432,919,876,0
24433,919,288,0
24434,919,885,0
24435,919,158,0
24436,919,717,0
24437,919,790,0
24438,919,382,0
24439,919,1071,0
24440,919,1165,0
24441,919,1066,0
24442,919,393,0
24443,919,793,0
24444,919,546,0
24445,919,909,0
24446,919,874,0
24447,919,632,0
24448,919,684,0
24449,919,460,0
24450,919,726,0
24451,919,1042,0
24452,919,629,0
24453,919,997,0
24454,919,710,0
24455,919,1057,0
24456,919,814,0
24457,919,272,0
24458,919,449,0
24459,919,355,0
24460,919,371,0
24461,919,1085,0
24462,919,609,0
24463,919,212,0
24464,919,244,0
24465,919,423,0
24466,919,439,0
24467,919,1015,0
24468,919,608,0
24469,919,295,0
24470,919,193,0
24471,919,610,0
24472,919,91,0
24473,919,903,0
24474,919,450,0
24475,919,805,0
24476,919,1025,0
24477,919,824,0
24478,919,500,0
24479,919,144,0
24480,919,115,0
24481,919,338,0
24482,919,345,0
24483,919,323,0
24484,919,576,0
24485,919,995,0
24486,919,4,0
24487,919,176,0
24488,919,1103,0
24489,919,116,0
24490,919,1018,0
24491,919,445,0
24492,919,475,0
24493,919,187,0
24494,919,17,0
24495,919,145,0
24496,919,653,0
24497,919,454,0
24498,919,324,0
24499,919,183,0
24500,919,143,0
24501,919,731,0
24502,919,130,0
24503,919,527,0
24504,919,1126,0
24505,919,31,0
24506,919,750,0
24507,919,98,0
24508,919,993,0
24509,919,521,0
24510,919,779,0
24511,919,494,0
24512,919,186,0
24513,919,256,0
24514,919,1021,0
24515,919,1076,0
24516,919,361,0
24517,919,687,0
24518,919,155,0
24519,919,511,0
24520,919,1060,0
24521,919,1162,0
24522,919,490,0
24523,919,44,0
24524,919,789,0
24525,919,642,0
24526,919,15,0
24527,919,418,0
24528,919,407,0
24529,919,792,0
24530,919,701,0
24531,919,109,0
24532,919,733,0
24533,919,1117,0
24534,919,479,0
24535,919,222,0
24536,919,1007,0
24537,919,960,0
24538,919,1123,0
24539,919,659,0
24540,919,705,0
24541,919,552,0
24542,919,760,0
24543,919,204,0
24544,919,400,0
24545,919,472,0
24546,919,786,0
24547,919,598,0
24548,919,1133,0
24549,919,164,0
24550,919,620,0
24551,919,891,0
24552,919,238,0
24553,919,362,0
24554,919,81,0
24555,919,1119,0
24556,919,615,0
24557,919,772,0
24558,919,685,0
24559,919,841,0
24560,919,947,0
24561,919,631,0
24562,919,211,0
24563,919,957,0
24564,919,905,0
24565,919,878,0
24566,919,787,0
24567,919,559,0
24568,919,1075,0
24569,919,302,0
24570,919,526,0
24571,919,1051,0
24572,919,862,0
24573,919,52,0
24574,919,1022,0
24575,919,426,0
24576,919,154,0
24577,919,641,0
24578,919,395,0
24579,919,749,0
24580,919,524,0
24581,919,78,0
24582,919,376,0
24583,919,27,0
24584,919,935,0
24585,919,197,0
24586,919,365,0
24587,919,782,0
24588,919,358,0
24589,919,261,0
24590,919,992,0
24591,919,917,0
24592,919,840,0
24593,919,1184,0
24594,919,117,0
24595,919,505,0
24596,919,136,0
24597,919,832,0
24598,919,578,0
24599,944,529,0
24600,944,219,0
24601,944,586,0
24602,944,490,0
24603,944,963,0
24604,944,606,0
24605,944,1057,0
24606,944,97,0
24607,944,1028,0
24608,944,856,0
24609,944,262,0
24610,944,717,0
24611,944,447,0
24612,944,847,0
24613,944,806,0
24614,944,861,0
24615,944,903,0
24616,944,303,0
24617,944,558,0
24618,944,958,0
24619,944,1121,0
24620,944,386,0
24621,944,1143,0
24622,944,187,0
24623,944,315,0
24624,944,129,0
24625,944,1106,0
24626,944,662,0
24627,944,177,0
24628,944,415,0
24629,944,1176,0
24630,944,1184,0
24631,944,540,0
24632,944,1109,0
24633,944,48,0
24634,944,270,0
24635,944,1101,0
24636,944,1162,0
24637,944,331,0
24638,944,956,0
24639,944,541,0
24640,944,175,0
24641,944,56,0
24642,944,378,0
24643,944,880,0
24644,944,1093,0
24645,944,1073,0
24646,944,658,0
24647,944,596,0
24648,944,985,0
24649,944,1163,0
24650,944,453,0
24651,944,928,0
24652,944,123,0
24653,944,379,0
24654,944,923,0
24655,944,340,0
24656,944,589,0
24657,944,1183,0
24658,944,1077,0
24659,944,573,0
24660,944,878,0
24661,944,669,0
24662,944,719,0
24663,944,84,0
24664,944,741,0
24665,944,492,0
24666,944,598,0
24667,944,1059,0
24668,944,961,0
24669,944,696,0
24670,944,50,0
24671,944,775,0
24672,944,943,0
24673,944,804,0
24674,944,59,0
24675,944,565,0
24676,944,617,0
24677,944,510,0
24678,944,419,0
24679,944,478,0
24680,944,699,0
24681,944,652,0
24682,944,320,0
24683,944,1058,0
24684,944,75,0
24685,944,374,0
24686,944,153,0
24687,944,768,0
24688,944,989,0
24689,944,793,0
24690,944,800,0
24691,944,760,0
24692,944,404,0
24693,944,263,0
24694,944,926,0
24695,944,160,0
24696,944,239,0
24697,944,221,0
24698,944,500,0
24699,944,769,0
24700,944,214,0
24701,944,172,0
24702,944,967,0
24703,944,459,0
24704,944,292,0
24705,944,451,0
24706,944,991,0
24707,944,740,0
24708,944,982,0
24709,944,988,0
24710,944,511,0
24711,944,833,0
24712,944,745,0
24713,944,106,0
24714,944,727,0
24715,944,1125,0
24716,944,1115,0
24717,944,763,0
24718,944,807,0
24719,944,738,0
24720,944,1094,0
24721,944,628,0
24722,944,1171,0
24723,944,57,0
24724,944,690,0
24725,944,134,0
24726,944,725,0
24727,944,364,0
24728,944,422,0
24729,944,889,0
24730,944,1031,0
24731,944,756,0
24732,944,857,0
24733,944,133,0
24734,944,88,0
24735,944,817,0
24736,944,898,0
24737,944,1141,0
24738,944,246,0
24739,944,211,0
24740,944,845,0
24741,944,449,0
24742,944,1067,0
24743,944,411,0
24744,944,1110,0
24745,944,994,0
24746,944,125,0
24747,944,1076,0
24748,944,481,0
24749,944,356,0
24750,944,977,0
24751,944,336,0
24752,944,217,0
24753,944,691,0
24754,944,749,0
24755,944,824,0
24756,944,313,0
24757,944,610,0
24758,944,30,0
24759,944,739,0
24760,944,1060,0
24761,944,427,0
24762,944,860,0
24763,944,86,0
24764,944,904,0
24765,944,420,0
24766,944,380,0
24767,944,1151,0
24768,944,1192,0
24769,944,1150,0
24770,944,318,0
24771,944,664,0
24772,944,305,0
24773,944,333,0
24774,944,891,0
24775,944,1169,0
24776,944,300,0
24777,944,1018,0
24778,944,1194,0
24779,944,726,0
24780,944,19,0
24781,944,520,0
24782,944,1041,0
24783,944,870,0
24784,944,568,0
24785,944,100,0
24786,944,464,0
24787,944,1160,0
24788,944,767,0
24789,944,638,0
24790,944,1148,0
24791,944,641,0
24792,944,247,0
24793,944,67,0
24794,944,446,0
24795,944,455,0
24796,944,829,0
24797,944,900,0
24798,944,1017,0
24799,944,1085,0
24800,944,639,0
24801,944,626,0
24802,944,489,0
24803,944,1011,0
24804,944,61,0
24805,944,667,0
24806,944,883,0
24807,944,677,0
24808,944,927,0
24809,944,708,0
24810,944,399,0
24811,944,676,0
24812,944,505,0
24813,944,1045,0
24814,944,192,0
24815,944,576,0
24816,944,1114,0
24817,944,23,0
24818,944,269,0
24819,944,474,0
24820,944,373,0
24821,944,235,0
24822,944,675,0
24823,944,180,0
24824,944,1025,0
24825,944,694,0
24826,944,777,0
24827,944,231,0
24828,944,1177,0
24829,944,392,0
24830,944,280,0
24831,944,914,0
24832,944,758,0
24833,944,640,0
24834,944,875,0
24835,944,672,0
24836,944,463,0
24837,944,1033,0
24838,944,448,0
24839,944,657,0
24840,944,653,0
24841,944,440,0
24842,944,338,0
24843,944,360,0
24844,944,1127,0
24845,944,899,0
24846,944,1154,0
24847,944,556,0
24848,944,389,0
24849,944,509,0
24850,944,896,0
24851,944,220,0
24852,944,780,0
24853,944,570,0
24854,944,83,0
24855,944,705,0
24856,944,382,0
24857,944,202,0
24858,944,997,0
24859,944,618,0
24860,944,787,0
24861,944,1063,0
24862,944,797,0
24863,944,298,0
24864,944,282,0
24865,944,1196,0
24866,944,830,0
24867,944,316,0
24868,944,403,0
24869,944,1022,0
24870,944,802,0
24871,944,583,0
24872,944,716,0
24873,944,743,0
24874,944,612,0
24875,944,152,0
24876,944,587,0
24877,944,792,0
24878,944,302,0
24879,944,805,0
24880,944,365,0
24881,944,1149,0
24882,944,718,0
24883,944,947,0
24884,944,1173,0
24885,944,1040,0
24886,944,1027,0
24887,944,49,0
24888,944,954,0
24889,944,272,0
24890,944,486,0
24891,944,622,0
24892,944,204,0
24893,944,6,0
24894,944,888,0
24895,944,1119,0
24896,944,95,0
24897,944,572,0
24898,944,1182,0
24899,944,400,0
24900,944,884,0
24901,944,199,0
24902,944,557,0
24903,944,283,0
24904,944,604,0
24905,944,479,0
24906,944,1118,0
24907,944,260,0
24908,944,762,0
24909,944,467,0
24910,944,210,0
24911,944,371,0
24912,944,408,0
24913,944,872,0
24914,944,799,0
24915,944,1084,0
24916,944,659,0
24917,944,39,0
24918,944,7,0
24919,944,735,0
24920,944,759,0
24921,944,405,0
24922,944,496,0
24923,944,577,0
24924,944,66,0
24925,944,715,0
24926,944,729,0
24927,944,430,0
24928,944,779,0
24929,944,381,0
24930,944,752,0
24931,944,548,0
24932,944,1120,0
24933,944,700,0
24934,944,1138,0
24935,944,654,0
24936,944,1016,0
24937,944,1140,0
24938,944,291,0
24939,944,524,0
24940,944,428,0
24941,944,1178,0
24942,944,254,0
24943,944,979,0
24944,944,902,0
24945,944,1009,0
24946,944,942,0
24947,944,327,0
24948,944,1,0
24949,944,512,0
24950,944,1042,0
24951,944,58,0
24952,944,132,0
24953,944,241,0
24954,944,1181,0
24955,944,1158,0
24956,944,126,0
24957,944,1112,0
24958,944,503,0
24959,944,90,0
24960,944,543,0
24961,944,431,0
24962,944,544,0
24963,944,892,0
24964,944,314,0
24965,944,695,0
24966,944,339,0
24967,944,615,0
24968,944,688,0
24969,944,353,0
24970,944,226,0
24971,944,181,0
24972,944,513,0
24973,944,1180,0
24974,944,1068,0
24975,944,816,0
24976,944,161,0
24977,944,135,0
24978,944,755,0
24979,944,442,0
24980,944,1168,0
24981,944,876,0
24982,944,372,0
24983,944,230,0
24984,944,941,0
24985,944,460,0
24986,944,663,0
24987,944,964,0
24988,944,812,0
24989,944,1107,0
24990,944,1203,0
24991,944,355,0
24992,944,334,0
24993,944,414,0
24994,944,276,0
24995,944,893,0
24996,944,232,0
24997,944,921,0
24998,944,434,0
24999,944,933,0
25000,944,258,0
25001,944,1008,0
25002,944,65,0
25003,944,790,0
25004,944,1156,0
25005,944,167,0
25006,944,416,0
25007,944,343,0
25008,944,518,0
25009,944,77,0
25010,944,868,0
25011,944,837,0
25012,944,240,0
25013,944,109,0
25014,944,796,0
25015,944,473,0
25016,944,128,0
25017,944,911,0
25018,944,1142,0
25019,944,21,0
25020,944,341,0
25021,944,222,0
25022,944,712,0
25023,944,693,0
25024,944,848,0
25025,944,268,0
25026,944,476,0
25027,944,786,0
25028,944,1026,0
25029,944,785,0
25030,944,953,0
25031,944,150,0
25032,944,602,0
25033,944,605,0
25034,944,722,0
25035,944,975,0
25036,944,778,0
25037,944,32,0
25038,944,1065,0
25039,944,250,0
25040,944,683,0
25041,944,15,0
25042,944,108,0
25043,944,607,0
25044,944,193,0
25045,944,670,0
25046,944,156,0
25047,944,328,0
25048,944,1078,0
25049,944,169,0
25050,944,326,0
25051,944,393,0
25052,944,288,0
25053,944,1035,0
25054,944,215,0
25055,944,111,0
25056,944,196,0
25057,944,289,0
25058,944,72,0
25059,944,93,0
25060,944,508,0
25061,944,1013,0
25062,944,114,0
25063,944,349,0
25064,944,525,0
25065,944,599,0
25066,944,81,0
25067,944,538,0
25068,944,534,0
25069,944,584,0
25070,944,1024,0
25071,944,350,0
25072,944,770,0
25073,944,732,0
25074,944,671,0
25075,944,429,0
25076,944,734,0
25077,944,278,0
25078,944,965,0
25079,944,24,0
25080,944,1135,0
25081,944,843,0
25082,944,781,0
25083,944,619,0
25084,944,519,0
25085,944,1128,0
25086,944,751,0
25087,944,625,0
25088,944,332,0
25089,944,1020,0
25090,944,296,0
25091,944,41,0
25092,944,495,0
25093,944,164,0
25094,944,264,0
25095,944,574,0
25096,944,273,0
25097,944,295,0
25098,944,140,0
25099,944,1019,0
25100,944,207,0
25101,944,1014,0
25102,944,43,0
25103,944,1100,0
25104,944,1046,0
25105,944,910,0
25106,944,682,0
25107,944,1096,0
25108,944,1179,0
25109,944,827,0
25110,944,186,0
25111,944,319,0
25112,944,348,0
25113,944,1070,0
25114,944,1006,0
25115,944,265,0
25116,944,188,0
25117,944,924,0
25118,944,29,0
25119,944,144,0
25120,944,209,0
25121,944,176,0
25122,944,1136,0
25123,944,1004,0
25124,944,1037,0
25125,944,1047,0
25126,944,457,0
25127,944,901,0
25128,944,437,0
25129,944,757,0
25130,944,1032,0
25131,944,846,0
25132,944,874,0
25133,944,127,0
25134,944,1092,0
25135,944,836,0
25136,944,621,0
25137,944,117,0
25138,944,200,0
25139,944,1062,0
25140,944,1103,0
25141,944,25,0
25142,944,47,0
25143,944,8,0
25144,944,233,0
25145,944,143,0
25146,944,471,0
25147,944,1023,0
25148,944,603,0
25149,944,401,0
25150,944,562,0
25151,944,613,0
25152,944,1175,0
25153,944,661,0
25154,944,166,0
25155,944,308,0
25156,944,566,0
25157,944,299,0
25158,944,266,0
25159,944,1005,0
25160,944,1164,0
25161,944,52,0
25162,944,396,0
25163,944,409,0
25164,944,545,0
25165,944,866,0
25166,944,1126,0
25167,944,855,0
25168,944,344,0
25169,944,614,0
25170,944,20,0
25171,944,822,0
25172,944,853,0
25173,944,724,0
25174,944,808,0
25175,944,627,0
25176,944,3,0
25177,944,1144,0
25178,944,96,0
25179,944,1080,0
25180,944,737,0
25181,944,1165,0
25182,944,1007,0
25183,944,301,0
25184,944,731,0
25185,944,501,0
25186,944,791,0
25187,944,251,0
25188,944,203,0
25189,944,138,0
25190,944,275,0
25191,944,976,0
25192,944,195,0
25193,944,426,0
25194,944,383,0
25195,944,357,0
25196,944,608,0
25197,944,279,0
25198,944,582,0
25199,944,189,0
25200,944,1185,0
25201,944,995,0
25202,944,85,0
25203,944,660,0
25204,944,772,0
25205,944,864,0
25206,944,723,0
25207,944,391,0
25208,944,1003,0
25209,944,809,0
25210,944,747,0
25211,944,1111,0
25212,944,1188,0
25213,944,784,0
25214,944,1200,0
25215,944,949,0
25216,944,1061,0
25217,944,937,0
25218,944,815,0
25219,944,935,0
25220,944,488,0
25221,944,871,0
25222,944,968,0
25223,944,753,0
25224,944,470,0
25225,944,287,0
25226,944,1087,0
25227,944,907,0
25228,944,441,0
25229,944,644,0
25230,944,1054,0
25231,944,542,0
25232,944,1050,0
25233,944,673,0
25234,944,101,0
25235,944,754,0
25236,944,560,0
25237,944,1052,0
25238,944,1098,0
25239,944,498,0
25240,944,330,0
25241,944,1034,0
25242,944,879,0
25243,944,477,0
25244,944,630,0
25245,944,532,0
25246,944,462,0
25247,944,684,0
25248,944,267,0
25249,944,1122,0
25250,944,78,0
25251,944,277,0
25252,944,450,0
25253,944,1030,0
25254,944,1139,0
25255,944,17,0
25256,944,27,0
25257,944,730,0
25258,944,425,0
25259,944,436,0
25260,944,1130,0
25261,944,885,0
25262,944,882,0
25263,944,873,0
25264,944,1056,0
25265,944,925,0
25266,944,157,0
25267,944,633,0
25268,944,634,0
25269,944,1039,0
25270,944,1166,0
25271,944,11,0
25272,944,1010,0
25273,944,517,0
25274,944,185,0
25275,944,18,0
25276,944,535,0
25277,944,922,0
25278,944,165,0
25279,944,711,0
25280,944,714,0
25281,944,1021,0
25282,944,201,0
25283,944,80,0
25284,944,840,0
25285,944,506,0
25286,944,952,0
25287,944,271,0
25288,944,631,0
25289,944,990,0
25290,944,120,0
25291,944,76,0
25292,944,121,0
25293,944,974,0
25294,944,687,0
25295,944,445,0
25296,944,307,0
25297,944,484,0
25298,944,862,0
25299,944,1131,0
25300,944,1086,0
25301,944,782,0
25302,944,761,0
25303,944,710,0
25304,944,704,0
25305,944,1137,0
25306,944,803,0
25307,944,487,0
25308,944,620,0
25309,944,406,0
25310,944,917,0
25311,944,1079,0
25312,944,256,0
25313,944,1074,0
25314,944,776,0
25315,944,818,0
25316,944,368,0
25317,944,118,0
25318,944,413,0
25319,944,62,0
25320,944,147,0
25321,944,983,0
25322,944,395,0
25323,944,1066,0
25324,944,245,0
25325,944,957,0
25326,944,182,0
25327,944,504,0
25328,944,764,0
25329,944,468,0
25330,944,709,0
25331,944,945,0
25332,944,110,0
25333,944,438,0
25334,944,1159,0
25335,944,593,0
25336,944,869,0
25337,944,680,0
25338,944,959,0
25339,944,886,0
25340,944,223,0
25341,944,890,0
25342,944,1116,0
25343,944,73,0
25344,944,325,0
25345,944,257,0
25346,944,555,0
25347,944,13,0
25348,944,1075,0
25349,944,105,0
25350,944,569,0
25351,944,402,0
25352,944,171,0
25353,944,354,0
25354,944,31,0
25355,944,811,0
25356,944,679,0
25357,944,227,0
25358,944,841,0
25359,944,624,0
25360,944,553,0
25361,944,733,0
25362,944,908,0
25363,944,578,0
25364,944,124,0
25365,944,987,0
25366,944,692,0
25367,944,623,0
25368,944,575,0
25369,944,1193,0
25370,944,1090,0
25371,944,939,0
25372,944,515,0
25373,944,646,0
25374,944,198,0
25375,944,1044,0
25376,944,980,0
25377,944,783,0
25378,944,1082,0
25379,944,362,0
25380,944,205,0
25381,944,742,0
25382,944,1038,0
25383,944,136,0
25384,944,798,0
25385,944,552,0
25386,944,213,0
25387,944,91,0
25388,944,376,0
25389,944,112,0
25390,944,1105,0
25391,944,1036,0
25392,944,998,0
25393,944,28,0
25394,944,674,0
25395,944,347,0
25396,944,1174,0
25397,944,1029,0
25398,944,849,0
25399,944,656,0
25400,944,1000,0
25401,944,113,0
25402,962,842,0
25403,962,32,0
25404,962,731,0
25405,962,627,0
25406,962,1,0
25407,962,606,0
25408,962,880,0
25409,962,1013,0
25410,962,494,0
25411,962,929,0
25412,962,921,0
25413,962,218,0
25414,962,697,0
25415,962,24,0
25416,962,489,0
25417,962,1149,0
25418,962,42,0
25419,962,769,0
25420,962,956,0
25421,962,646,0
25422,962,1189,0
25423,962,592,0
25424,962,262,0
25425,962,742,0
25426,962,337,0
25427,962,605,0
25428,962,846,0
25429,962,288,0
25430,962,147,0
25431,962,407,0
25432,962,594,0
25433,962,906,0
25434,962,208,0
25435,962,145,0
25436,962,382,0
25437,962,190,0
25438,962,67,0
25439,962,984,0
25440,962,234,0
25441,962,104,0
25442,962,411,0
25443,962,108,0
25444,962,306,0
25445,962,1094,0
25446,962,473,0
25447,962,97,0
25448,962,487,0
25449,962,768,0
25450,962,237,0
25451,962,568,0
25452,962,753,0
25453,962,1034,0
25454,962,740,0
25455,962,638,0
25456,962,671,0
25457,962,860,0
25458,962,358,0
25459,962,1020,0
25460,962,480,0
25461,962,623,0
25462,962,525,0
25463,962,196,0
25464,962,807,0
25465,962,79,0
25466,962,449,0
25467,962,1137,0
25468,962,436,0
25469,962,967,0
25470,962,171,0
25471,962,1028,0
25472,962,680,0
25473,962,236,0
25474,962,224,0
25475,962,219,0
25476,962,264,0
25477,962,993,0
25478,962,654,0
25479,962,716,0
25480,962,728,0
25481,962,537,0
25482,962,418,0
25483,962,693,0
25484,962,865,0
25485,962,450,0
25486,962,452,0
25487,962,110,0
25488,962,66,0
25489,962,1065,0
25490,962,1063,0
25491,962,1135,0
25492,962,438,0
25493,962,925,0
25494,962,313,0
25495,986,86,0
25496,986,985,0
25497,986,525,0
25498,986,1020,0
25499,986,1168,0
25500,986,1137,0
25501,986,418,0
25502,986,627,0
25503,986,138,0
25504,986,374,0
25505,986,865,0
25506,986,728,0
25507,986,606,0
25508,986,1065,0
25509,986,213,0
25510,986,1013,0
25511,986,366,0
25512,986,449,0
25513,986,171,0
25514,986,163,0
25515,986,1161,0
25516,986,590,0
25517,986,48,0
25518,986,237,0
25519,986,72,0
25520,986,219,0
25521,986,411,0
25522,986,24,0
25523,986,190,0
25524,986,386,0
25525,986,693,0
25526,986,543,0
25527,986,1179,0
25528,986,768,0
25529,986,436,0
25530,986,147,0
25531,986,623,0
25532,986,538,0
25533,986,793,0
25534,986,10,0
25535,986,671,0
25536,986,456,0
25537,1006,133,0
25538,1006,1110,0
25539,1006,747,0
25540,1006,360,0
25541,1006,337,0
25542,1006,893,0
25543,1006,1117,0
25544,1006,248,0
25545,1006,749,0
25546,1006,91,0
25547,1006,751,0
25548,1006,691,0
25549,1006,862,0
25550,1006,657,0
25551,1006,500,0
25552,1006,130,0
25553,1006,1054,0
25554,1006,462,0
25555,1006,503,0
25556,1006,477,0
25557,1006,936,0
25558,1006,1013,0
25559,1006,512,0
25560,1006,347,0
25561,1006,1128,0
25562,1006,880,0
25563,1006,378,0
25564,1006,526,0
25565,1006,1149,0
25566,1006,1085,0
25567,1006,923,0
25568,1006,1150,0
25569,1006,788,0
25570,1006,530,0
25571,1006,239,0
25572,1006,475,0
25573,1006,187,0
25574,1006,139,0
25575,1006,861,0
25576,1006,189,0
25577,1006,570,0
25578,1006,775,0
25579,1006,856,0
25580,1006,793,0
25581,1006,633,0
25582,1006,907,0
25583,1006,52,0
25584,1006,50,0
25585,1006,600,0
25586,1006,88,0
25587,1006,844,0
25588,1006,498,0
25589,1006,314,0
25590,1006,238,0
25591,1006,382,0
25592,1006,1126,0
25593,1006,1067,0
25594,1006,184,0
25595,1006,963,0
25596,1006,45,0
25597,1006,58,0
25598,1006,1027,0
25599,1006,774,0
25600,1006,179,0
25601,1006,15,0
25602,1006,1104,0
25603,1006,884,0
25604,1006,13,0
25605,1006,813,0
25606,1006,1093,0
25607,1006,806,0
25608,1006,1136,0
25609,1006,1120,0
25610,1006,1080,0
25611,1006,87,0
25612,1006,583,0
25613,1006,704,0
25614,1006,324,0
25615,1006,436,0
25616,1006,1137,0
25617,1006,1177,0
25618,1006,703,0
25619,1006,1021,0
25620,1006,476,0
25621,1006,567,0
25622,1006,1181,0
25623,1006,579,0
25624,1006,458,0
25625,1006,797,0
25626,1006,1203,0
25627,1006,30,0
25628,1006,726,0
25629,1006,1175,0
25630,1006,802,0
25631,1006,9,0
25632,1006,505,0
25633,1006,944,0
25634,1006,572,0
25635,1006,1172,0
25636,1006,339,0
25637,1006,602,0
25638,1006,872,0
25639,1006,658,0
25640,1006,210,0
25641,1006,1012,0
25642,1006,596,0
25643,1006,1064,0
25644,1006,103,0
25645,1006,430,0
25646,1006,835,0
25647,1006,672,0
25648,1006,998,0
25649,1006,946,0
25650,1006,533,0
25651,1006,54,0
25652,1006,444,0
25653,1006,1029,0
25654,1006,1189,0
25655,1006,6,0
25656,1006,167,0
25657,1006,908,0
25658,1006,653,0
25659,1006,694,0
25660,1006,1184,0
25661,1006,968,0
25662,1006,343,0
25663,1006,1052,0
25664,1006,836,0
25665,1006,482,0
25666,1006,316,0
25667,1006,1009,0
25668,1006,367,0
25669,1006,1159,0
25670,1006,269,0
25671,1006,24,0
25672,1006,1153,0
25673,1006,1030,0
25674,1006,852,0
25675,1006,536,0
25676,1006,1003,0
25677,1006,445,0
25678,1006,850,0
25679,1006,481,0
25680,1006,537,0
25681,1006,701,0
25682,1006,794,0
25683,1006,634,0
25684,1006,639,0
25685,1006,230,0
25686,1006,1195,0
25687,1006,545,0
25688,1006,705,0
25689,1006,136,0
25690,1006,573,0
25691,1006,838,0
25692,1006,777,0
25693,1006,17,0
25694,1006,524,0
25695,1006,950,0
25696,1006,457,0
25697,1006,837,0
25698,1006,1124,0
25699,1006,111,0
25700,1006,980,0
25701,1006,864,0
25702,1006,208,0
25703,1006,261,0
25704,1006,917,0
25705,1006,508,0
25706,1006,511,0
25707,1006,560,0
25708,1006,1042,0
25709,1006,1063,0
25710,1006,249,0
25711,1006,428,0
25712,1006,791,0
25713,1006,616,0
25714,1006,463,0
25715,1006,826,0
25716,1006,989,0
25717,1006,595,0
25718,1006,229,0
25719,1006,391,0
25720,1006,71,0
25721,1006,31,0
25722,1006,973,0
25723,1006,1057,0
25724,1006,1056,0
25725,1006,594,0
25726,1006,312,0
25727,1006,492,0
25728,1006,959,0
25729,1006,1182,0
25730,1006,858,0
25731,1006,640,0
25732,1006,448,0
25733,1006,660,0
25734,1006,403,0
25735,1006,372,0
25736,1006,685,0
25737,1006,305,0
25738,1006,543,0
25739,1006,927,0
25740,1006,951,0
25741,1006,47,0
25742,1006,1005,0
25743,1006,260,0
25744,1006,831,0
25745,1006,918,0
25746,1006,982,0
25747,1006,468,0
25748,1006,790,0
25749,1006,1018,0
25750,1006,358,0
25751,1006,1097,0
25752,1006,2,0
25753,1006,1071,0
25754,1006,874,0
25755,1006,89,0
25756,1006,1073,0
25757,1006,165,0
25758,1006,134,0
25759,1006,109,0
25760,1006,1043,0
25761,1006,1084,0
25762,1006,568,0
25763,1006,883,0
25764,1006,379,0
25765,1006,1115,0
25766,1006,601,0
25767,1006,318,0
25768,1006,820,0
25769,1006,847,0
25770,1006,1047,0
25771,1006,607,0
25772,1006,678,0
25773,1006,1072,0
25774,1006,609,0
25775,1006,354,0
25776,1006,1133,0
25777,1006,809,0
25778,1006,741,0
25779,1006,692,0
25780,1006,577,0
25781,1006,535,0
25782,1006,755,0
25783,1006,422,0
25784,1006,302,0
25785,1006,199,0
25786,1006,664,0
25787,1006,426,0
25788,1006,419,0
25789,1006,328,0
25790,1006,521,0
25791,1006,628,0
25792,1006,565,0
25793,1006,1143,0
25794,1006,440,0
25795,1006,362,0
25796,1006,931,0
25797,1006,915,0
25798,1006,149,0
25799,1006,710,0
25800,1006,531,0
25801,1006,525,0
25802,1006,162,0
25803,1006,56,0
25804,1006,789,0
25805,1006,1161,0
25806,1006,781,0
25807,1006,663,0
25808,1006,412,0
25809,1006,217,0
25810,1006,470,0
25811,1006,890,0
25812,1006,211,0
25813,1006,154,0
25814,1006,985,0
25815,1006,283,0
25816,1006,810,0
25817,1006,100,0
25818,1006,1174,0
25819,1006,188,0
25820,1006,1168,0
25821,1006,247,0
25822,1006,591,0
25823,1006,233,0
25824,1006,655,0
25825,1006,399,0
25826,1006,1033,0
25827,1006,801,0
25828,1006,702,0
25829,1006,766,0
25830,1006,734,0
25831,1006,1173,0
25832,1006,1167,0
25833,1006,98,0
25834,1006,287,0
25835,1006,528,0
25836,1006,1075,0
25837,1006,270,0
25838,1006,1144,0
25839,1006,578,0
25840,1006,101,0
25841,1006,220,0
25842,1006,914,0
25843,1006,879,0
25844,1006,127,0
25845,1006,955,0
25846,1006,417,0
25847,1006,722,0
25848,1006,84,0
25849,1006,484,0
25850,1006,518,0
25851,1006,1017,0
25852,1006,665,0
25853,1006,388,0
25854,1006,958,0
25855,1006,902,0
25856,1006,257,0
25857,1006,409,0
25858,1006,147,0
25859,1006,25,0
25860,1006,972,0
25861,1006,330,0
25862,1006,77,0
25863,1006,1102,0
25864,1006,377,0
25865,1006,1066,0
25866,1006,1123,0
25867,1006,439,0
25868,1006,513,0
25869,1006,756,0
25870,1006,1197,0
25871,1006,926,0
25872,1006,977,0
25873,1006,10,0
25874,1006,114,0
25875,1006,78,0
25876,1006,366,0
25877,1006,1074,0
25878,1006,1190,0
25879,1006,603,0
25880,1006,888,0
25881,1006,320,0
25882,1006,161,0
25883,1006,182,0
25884,1006,892,0
25885,1006,124,0
25886,1006,106,0
25887,1006,1139,0
25888,1006,1040,0
25889,1006,236,0
25890,1006,1125,0
25891,1006,474,0
25892,1006,1016,0
25893,1006,105,0
25894,1006,504,0
25895,1006,509,0
25896,1006,556,0
25897,1006,218,0
25898,1006,434,0
25899,1006,895,0
25900,1006,815,0
25901,1006,496,0
25902,1006,795,0
25903,1006,796,0
25904,1006,860,0
25905,1006,55,0
25906,1006,200,0
25907,1006,851,0
25908,1006,1129,0
25909,1006,520,0
25910,1006,707,0
25911,1006,341,0
25912,1006,122,0
25913,1006,731,0
25914,1006,818,0
25915,1006,903,0
25916,1006,3,0
25917,1006,1079,0
25918,1006,772,0
25919,1006,716,0
25920,1006,423,0
25921,1006,626,0
25922,1006,75,0
25923,1006,978,0
25924,1006,433,0
25925,1006,141,0
25926,1006,1089,0
25927,1006,697,0
25928,1006,160,0
25929,1006,295,0
25930,1006,443,0
25931,1006,1083,0
25932,1006,219,0
25933,1006,1091,0
25934,1006,563,0
25935,1006,48,0
25936,1006,662,0
25937,1006,146,0
25938,1006,631,0
25939,1006,589,0
25940,1006,104,0
25941,1006,355,0
25942,1006,695,0
25943,1006,483,0
25944,1006,453,0
25945,1006,278,0
25946,1006,180,0
25947,1006,529,0
25948,1006,138,0
25949,1006,137,0
25950,1006,486,0
25951,1006,120,0
25952,1006,4,0
25953,1006,937,0
25954,1006,96,0
25955,1006,966,0
25956,1006,612,0
25957,1006,499,0
25958,1006,1082,0
25959,1006,881,0
25960,1006,365,0
25961,1006,708,0
25962,1006,335,0
25963,1006,310,0
25964,1006,965,0
25965,1006,517,0
25966,1006,441,0
25967,1006,80,0
25968,1006,99,0
25969,1006,215,0
25970,1006,116,0
25971,1006,479,0
25972,1006,286,0
25973,1006,1086,0
25974,1006,245,0
25975,1006,61,0
25976,1006,920,0
25977,1006,1098,0
25978,1006,1049,0
25979,1006,554,0
25980,1006,126,0
25981,1006,292,0
25982,1006,1,0
25983,1006,242,0
25984,1006,744,0
25985,1006,60,0
25986,1006,92,0
25987,1006,135,0
25988,1006,250,0
25989,1006,1198,0
25990,1006,1192,0
25991,1006,782,0
25992,1006,666,0
25993,1006,878,0
25994,1006,14,0
25995,1006,63,0
25996,1006,331,0
25997,1006,668,0
25998,1006,724,0
25999,1006,542,0
26000,1006,18,0
26001,1006,255,0
26002,1006,900,0
26003,1006,1068,0
26004,1006,1186,0
26005,1006,387,0
26006,1006,1002,0
26007,1006,1004,0
26008,1006,259,0
26009,1006,1001,0
26010,1006,1026,0
26011,1006,969,0
26012,1006,86,0
26013,1006,294,0
26014,1006,501,0
26015,1006,912,0
26016,1006,390,0
26017,1006,73,0
26018,1006,1116,0
26019,1006,502,0
26020,1006,575,0
26021,1006,625,0
26022,1006,336,0
26023,1006,804,0
26024,1006,713,0
26025,1006,364,0
26026,1006,819,0
26027,1006,183,0
26028,1006,1101,0
26029,1006,201,0
26030,1006,280,0
26031,1006,1154,0
26032,1006,76,0
26033,1006,827,0
26034,1006,585,0
26035,1006,1179,0
26036,1006,995,0
26037,1006,680,0
26038,1006,425,0
26039,1006,256,0
26040,1006,263,0
26041,1006,877,0
26042,1006,679,0
26043,1006,581,0
26044,1006,315,0
26045,1006,833,0
26046,1006,645,0
26047,1006,824,0
26048,1006,1081,0
26049,1006,687,0
26050,1006,53,0
26051,1006,825,0
26052,1006,97,0
26053,1006,191,0
26054,1006,254,0
26055,1006,875,0
26056,1006,446,0
26057,1006,641,0
26058,1006,887,0
26059,1006,26,0
26060,1006,644,0
26061,1006,416,0
26062,1006,642,0
26063,1006,326,0
26064,1006,868,0
26065,1006,461,0
26066,1006,519,0
26067,1006,690,0
26068,1006,986,0
26069,1006,669,0
26070,1006,357,0
26071,1006,432,0
26072,1006,742,0
26073,1006,849,0
26074,1006,273,0
26075,1006,538,0
26076,1006,329,0
26077,1006,196,0
26078,1006,608,0
26079,1006,949,0
26080,1006,37,0
26081,1006,671,0
26082,1006,514,0
26083,1006,1105,0
26084,1006,580,0
26085,1006,576,0
26086,1006,953,0
26087,1006,732,0
26088,1006,313,0
26089,1006,921,0
26090,1006,928,0
26091,1006,975,0
26092,1006,922,0
26093,1006,590,0
26094,1006,449,0
26095,1006,987,0
26096,1006,1069,0
26097,1006,460,0
26098,1006,729,0
26099,1006,306,0
26100,1006,1059,0
26101,1006,1112,0
26102,1006,753,0
26103,1006,393,0
26104,1006,759,0
26105,1006,1044,0
26106,1006,929,0
26107,1006,487,0
26108,1006,967,0
26109,1006,712,0
26110,1006,859,0
26111,1006,930,0
26112,1006,69,0
26113,1006,223,0
26114,1006,1165,0
26115,1006,469,0
26116,1006,1088,0
26117,1006,265,0
26118,1006,779,0
26119,1006,817,0
26120,1006,882,0
26121,1006,459,0
26122,1006,397,0
26123,1006,8,0
26124,1006,916,0
26125,1006,870,0
26126,1006,173,0
26127,1006,411,0
26128,1006,195,0
26129,1006,264,0
26130,1006,237,0
26131,1006,761,0
26132,1006,107,0
26133,1006,654,0
26134,1006,85,0
26135,1006,293,0
26136,1006,212,0
26137,1006,5,0
26138,1006,715,0
26139,1006,157,0
26140,1006,181,0
26141,1006,228,0
26142,1006,516,0
26143,1006,373,0
26144,1006,962,0
26145,1006,588,0
26146,1006,743,0
26147,1006,1178,0
26148,1006,125,0
26149,1006,683,0
26150,1006,622,0
26151,1006,1158,0
26152,1006,700,0
26153,1006,557,0
26154,1006,711,0
26155,1006,303,0
26156,1006,911,0
26157,1006,370,0
26158,1006,348,0
26159,1006,1076,0
26160,1006,792,0
26161,1006,1025,0
26162,1006,699,0
26163,1006,506,0
26164,1006,363,0
26165,1006,1037,0
26166,1006,735,0
26167,1006,960,0
26168,1006,1160,0
26169,1006,308,0
26170,1006,845,0
26171,1006,993,0
26172,1006,414,0
26173,1006,718,0
26174,1006,1096,0
26175,1006,1028,0
26176,1006,1000,0
26177,1006,1060,0
26178,1006,455,0
26179,1006,59,0
26180,1006,327,0
26181,1006,1176,0
26182,1006,803,0
26183,1006,1092,0
26184,1006,1062,0
26185,1006,464,0
26186,1006,740,0
26187,1006,865,0
26188,1006,454,0
26189,1006,992,0
26190,1006,1191,0
26191,1006,309,0
26192,1006,1010,0
26193,1006,971,0
26194,1006,185,0
26195,1006,1107,0
26196,1006,780,0
26197,1006,371,0
26198,1006,1015,0
26199,1006,1141,0
26200,1006,251,0
26201,1006,952,0
26202,1006,1138,0
26203,1006,627,0
26204,1006,93,0
26205,1006,193,0
26206,1006,558,0
26207,1006,389,0
26208,1006,592,0
26209,1006,374,0
26210,1006,401,0
26211,1006,494,0
26212,1006,933,0
26213,1006,610,0
26214,1006,224,0
26215,1006,226,0
26216,1006,546,0
26217,1006,1065,0
26218,1006,1202,0
26219,1006,733,0
26220,1006,510,0
26221,1006,225,0
26222,1006,119,0
26223,1006,112,0
26224,1006,894,0
26225,1006,832,0
26226,1006,830,0
26227,1006,72,0
26228,1006,784,0
26229,1006,957,0
26230,1006,317,0
26231,1006,1140,0
26232,1006,935,0
26233,1006,976,0
26234,1006,231,0
26235,1006,95,0
26236,1006,621,0
26237,1006,404,0
26238,1006,869,0
26239,1006,405,0
26240,1006,730,0
26241,1006,11,0
26242,1006,349,0
26243,1006,689,0
26244,1006,746,0
26245,1006,984,0
26246,1006,805,0
26247,1006,351,0
26248,1006,190,0
26249,1006,437,0
26250,1006,232,0
26251,1006,40,0
26252,1006,770,0
26253,1006,909,0
26254,1006,170,0
26255,1006,1152,0
26256,1006,1051,0
26257,1006,424,0
26258,1006,83,0
26259,1006,1132,0
26260,1006,74,0
26261,1006,142,0
26262,1006,163,0
26263,1006,1038,0
26264,1006,307,0
26265,1006,271,0
26266,1006,723,0
26267,1006,279,0
26268,1006,20,0
26269,1006,1058,0
26270,1006,321,0
26271,1006,1145,0
26272,1006,241,0
26273,1006,738,0
26274,1006,1100,0
26275,1006,898,0
26276,1006,720,0
26277,1006,21,0
26278,1006,682,0
26279,1006,614,0
26280,1006,1053,0
26281,1006,431,0
26282,1006,1155,0
26283,1006,1156,0
26284,1006,398,0
26285,1006,584,0
26286,1006,1170,0
26287,1006,67,0
26288,1006,300,0
26289,1006,629,0
26290,1006,385,0
26291,1006,1127,0
26292,1006,495,0
26293,1006,380,0
26294,1006,540,0
26295,1006,291,0
26296,1006,1014,0
26297,1006,490,0
26298,1006,156,0
26299,1006,421,0
26300,1006,0,0
26301,1006,16,0
26302,1006,848,0
26303,1006,648,0
26304,1006,252,0
26305,1006,41,0
26306,1006,990,0
26307,1006,673,0
26308,1006,737,0
26309,1006,121,0
26310,1006,693,0
26311,1006,522,0
26312,1006,991,0
26313,1006,298,0
26314,1006,799,0
26315,1006,1147,0
26316,1006,285,0
26317,1006,897,0
26318,1006,1151,0
26319,1006,760,0
26320,1006,717,0
26321,1006,808,0
26322,1006,82,0
26323,1006,1135,0
26324,1006,681,0
26325,1006,855,0
26326,1006,209,0
26327,1006,821,0
26328,1006,1034,0
26329,1006,178,0
26330,1006,778,0
26331,1006,853,0
26332,1006,569,0
26333,1006,1201,0
26334,1006,400,0
26335,1006,145,0
26336,1006,727,0
26337,1006,322,0
26338,1064,307,0
26339,1064,382,0
26340,1064,18,0
26341,1064,356,0
26342,1064,553,0
26343,1064,86,0
26344,1064,138,0
26345,1064,1055,0
26346,1064,1068,0
26347,1064,568,0
26348,1064,395,0
26349,1064,371,0
26350,1064,231,0
26351,1064,567,0
26352,1064,456,0
26353,1064,985,0
26354,1064,237,0
26355,1064,1094,0
26356,1064,80,0
26357,1064,525,0
26358,1064,126,0
26359,1064,1090,0
26360,1064,485,0
26361,1064,1058,0
26362,1064,190,0
26363,1064,218,0
26364,1064,940,0
26365,1064,970,0
26366,1064,384,0
26367,1064,1114,0
26368,1064,251,0
26369,1064,906,0
26370,1064,606,0
26371,1064,646,0
26372,1064,232,0
26373,1064,693,0
26374,1064,1179,0
26375,1064,213,0
26376,1064,348,0
26377,1064,739,0
26378,1064,547,0
26379,1064,1161,0
26380,1064,842,0
26381,1064,63,0
26382,1064,236,0
26383,1064,749,0
26384,1064,449,0
26385,1064,40,0
26386,1064,1026,0
26387,1064,999,0
26388,1064,835,0
26389,1064,483,0
26390,1064,32,0
26391,1064,1106,0
26392,1064,196,0
26393,1064,631,0
26394,1064,974,0
26395,1064,742,0
26396,1064,694,0
26397,1064,106,0
26398,1064,728,0
26399,1064,680,0
26400,1064,902,0
26401,1064,110,0
26402,1064,1020,0
26403,1064,543,0
26404,1064,627,0
26405,1064,654,0
26406,1064,385,0
26407,1064,731,0
26408,1064,537,0
26409,1064,1027,0
26410,1064,175,0
26411,1064,667,0
26412,1064,617,0
26413,1064,351,0
26414,1064,176,0
26415,1064,1065,0
26416,1064,769,0
26417,1064,592,0
26418,1064,703,0
26419,1064,550,0
26420,1064,288,0
26421,1064,701,0
26422,1064,1141,0
26423,1064,346,0
26424,1064,128,0
26425,1064,48,0
26426,1064,768,0
26427,1064,573,0
26428,1064,952,0
26429,1064,1017,0
26430,1064,1202,0
26431,1143,623,0
26432,1143,1028,0
26433,1143,543,0
26434,1143,176,0
26435,1143,10,0
26436,1143,895,0
26437,1143,1038,0
26438,1143,386,0
26439,1143,1114,0
26440,1143,1036,0
26441,1143,395,0
26442,1143,237,0
26443,1143,384,0
26444,1143,382,0
26445,1143,525,0
26446,1143,79,0
26447,1143,729,0
26448,1143,1055,0
26449,1143,984,0
26450,1143,581,0
26451,1143,1022,0
26452,1143,606,0
26453,1143,208,0
26454,1143,654,0
26455,1143,18,0
26456,1143,122,0
26457,1143,999,0
26458,1143,671,0
26459,1143,842,0
26460,1143,1068,0
26461,1143,561,0
26462,1143,865,0
26463,1143,374,0
26464,1143,48,0
26465,1143,110,0
26466,1143,262,0
26467,1143,1065,0
26468,1143,972,0
26469,1143,753,0
26470,1143,473,0
26471,1143,846,0
26472,1143,148,0
26473,1143,1029,0
26474,1143,1113,0
26475,1143,1154,0
26476,1143,515,0
26477,1143,466,0
26478,1143,218,0
26479,1143,440,0
26480,1143,67,0
26481,1143,436,0
26482,1143,8,0
26483,1143,906,0
26484,1143,40,0
26485,1143,1020,0
26486,1143,1027,0
26487,1143,690,0
26488,1143,1031,0
26489,1143,974,0
26490,1143,383,0
26491,1143,985,0
26492,1143,487,0
26493,1143,306,0
26494,1143,881,0
26495,1143,550,0
26496,1143,66,0
26497,1143,930,0
26498,1143,358,0
26499,1143,236,0
26500,1143,249,0
26501,1143,910,0
26502,1143,709,0
26503,1143,969,0
26504,1143,456,0
26505,1143,810,0
26506,1143,1179,0
26507,1143,213,0
26508,1143,880,0
26509,1143,190,0
26510,1143,882,0
26511,1143,728,0
26512,1143,1161,0
26513,1143,568,0
26514,1143,411,0
26515,1143,449,0
26516,1143,159,0
26517,1143,1168,0
26518,1143,764,0
26519,1143,1094,0
26520,1143,693,0
26521,1143,1175,0
26522,1143,768,0
26523,1143,1137,0
26524,1143,468,0
26525,1143,993,0
26526,1143,1157,0
26527,1143,86,0
26528,1162,24,0
26529,1162,110,0
26530,1162,910,0
26531,1162,236,0
26532,1162,728,0
26533,1162,1020,0
26534,1162,395,0
26535,1162,218,0
26536,1162,1029,0
26537,1162,1065,0
26538,1162,566,0
26539,1162,525,0
26540,1162,436,0
26541,1162,1137,0
26542,1162,32,0
26543,1162,18,0
26544,1162,411,0
26545,1162,993,0
26546,1162,122,0
26547,1162,985,0
26548,1162,147,0
26549,1162,1094,0
26550,1162,399,0
26551,1162,543,0
26552,1162,86,0
26553,1162,972,0
26554,1162,865,0
26555,1162,237,0
26556,1162,749,0
26557,1162,980,0
26558,1162,494,0
26559,1162,1055,0
26560,1162,1027,0
26561,1162,418,0
26562,1162,654,0
26563,1162,1068,0
26564,1162,1161,0
