,TF,Target,Label
0,65,586,1
1,65,180,1
2,65,221,1
3,65,322,1
4,65,566,1
5,65,472,1
6,65,244,1
7,65,387,1
8,65,531,1
9,65,799,1
10,65,351,1
11,65,399,1
12,65,20,1
13,65,419,1
14,65,547,1
15,65,679,1
16,65,282,1
17,65,327,1
18,65,303,1
19,65,156,1
20,65,179,1
21,65,304,1
22,65,434,1
23,65,790,1
24,65,53,1
25,65,442,1
26,65,56,1
27,65,169,1
28,65,771,1
29,65,746,1
30,65,490,1
31,65,674,1
32,65,638,1
33,65,388,1
34,65,529,1
35,65,354,1
36,65,383,1
37,65,331,1
38,65,779,1
39,65,800,1
40,65,199,1
41,161,589,1
42,161,170,1
43,161,770,1
44,161,557,1
45,161,286,1
46,161,423,1
47,161,397,1
48,161,215,1
49,161,561,1
50,161,394,1
51,161,630,1
52,161,453,1
53,161,374,1
54,161,583,1
55,161,788,1
56,161,612,1
57,161,248,1
58,161,553,1
59,161,666,1
60,161,482,1
61,161,129,1
62,161,709,1
63,161,87,1
64,161,253,1
65,161,668,1
66,161,802,1
67,161,577,1
68,161,221,1
69,161,767,1
70,161,275,1
71,161,499,1
72,161,282,1
73,161,368,1
74,161,336,1
75,161,312,1
76,161,740,1
77,161,367,1
78,161,73,1
79,161,333,1
80,161,550,1
81,161,502,1
82,161,48,1
83,161,704,1
84,161,179,1
85,161,613,1
86,161,625,1
87,161,28,1
88,161,466,1
89,161,4,1
90,167,92,1
91,167,738,1
92,167,786,1
93,167,304,1
94,167,129,1
95,167,49,1
96,167,754,1
97,167,366,1
98,167,402,1
99,167,655,1
100,167,734,1
101,167,241,1
102,167,702,1
103,167,743,1
104,167,679,1
105,167,529,1
106,167,628,1
107,167,599,1
108,167,337,1
109,167,518,1
110,167,447,1
111,167,69,1
112,167,8,1
113,167,349,1
114,167,268,1
115,167,549,1
116,167,309,1
117,167,448,1
118,167,556,1
119,167,725,1
120,167,355,1
121,167,371,1
122,167,240,1
123,167,165,1
124,167,681,1
125,167,438,1
126,167,113,1
127,167,318,1
128,167,311,1
129,167,789,1
130,167,115,1
131,167,526,1
132,167,181,1
133,167,691,1
134,167,698,1
135,168,22,1
136,168,608,1
137,222,241,1
138,222,273,1
139,222,588,1
140,222,568,1
141,222,503,1
142,222,390,1
143,222,638,1
144,222,231,1
145,222,377,1
146,222,690,1
147,222,736,1
148,222,789,1
149,222,329,1
150,222,169,1
151,222,434,1
152,222,159,1
153,222,659,1
154,222,644,1
155,222,99,1
156,222,800,1
157,222,533,1
158,222,516,1
159,222,731,1
160,222,441,1
161,222,570,1
162,222,199,1
163,222,180,1
164,222,246,1
165,222,593,1
166,222,490,1
167,222,788,1
168,222,465,1
169,222,333,1
170,222,492,1
171,222,566,1
172,222,444,1
173,222,722,1
174,222,192,1
175,222,612,1
176,222,34,1
177,222,739,1
178,222,654,1
179,222,561,1
180,222,354,1
181,222,608,1
182,222,529,1
183,222,437,1
184,222,77,1
185,222,650,1
186,222,269,1
187,222,532,1
188,222,738,1
189,222,678,1
190,222,458,1
191,222,520,1
192,222,728,1
193,446,743,1
194,446,702,1
195,446,29,1
196,446,679,1
197,446,438,1
198,492,161,1
199,492,603,1
200,492,481,1
201,492,760,1
202,492,65,1
203,492,127,1
204,492,613,1
205,492,217,1
206,492,714,1
207,492,743,1
208,492,622,1
209,492,399,1
210,492,282,1
211,492,58,1
212,492,813,1
213,492,314,1
214,492,283,1
215,492,186,1
216,492,142,1
217,492,738,1
218,492,819,1
219,492,269,1
220,492,761,1
221,492,233,1
222,492,259,1
223,492,28,1
224,492,759,1
225,492,638,1
226,492,388,1
227,515,27,1
228,515,649,1
229,520,406,1
230,520,743,1
231,520,349,1
232,520,304,1
233,520,81,1
234,520,82,1
235,520,3,1
236,520,206,1
237,520,612,1
238,520,614,1
239,520,295,1
240,520,299,1
241,520,129,1
242,520,559,1
243,520,443,1
244,520,357,1
245,520,157,1
246,520,158,1
247,520,632,1
248,520,280,1
249,520,273,1
250,520,603,1
251,520,318,1
252,520,398,1
253,520,771,1
254,520,470,1
255,520,691,1
256,520,86,1
257,520,580,1
258,520,4,1
259,520,399,1
260,520,122,1
261,520,118,1
262,520,762,1
263,520,127,1
264,520,591,1
265,520,186,1
266,520,394,1
267,520,817,1
268,520,249,1
269,520,42,1
270,520,578,1
271,520,563,1
272,520,23,1
273,520,638,1
274,520,262,1
275,520,695,1
276,520,792,1
277,520,455,1
278,520,446,1
279,520,728,1
280,520,187,1
281,520,431,1
282,520,202,1
283,520,80,1
284,520,87,1
285,520,741,1
286,520,793,1
287,520,664,1
288,520,670,1
289,520,643,1
290,520,221,1
291,520,438,1
292,520,518,1
293,520,606,1
294,520,539,1
295,520,482,1
296,520,540,1
297,520,376,1
298,520,790,1
299,520,159,1
300,520,523,1
301,520,582,1
302,520,711,1
303,520,505,1
304,520,141,1
305,520,731,1
306,520,0,1
307,520,600,1
308,521,29,1
309,560,535,1
310,560,570,1
311,560,22,1
312,560,0,1
313,560,282,1
314,560,399,1
315,560,553,1
316,560,352,1
317,560,84,1
318,560,743,1
319,560,495,1
320,560,52,1
321,560,460,1
322,560,528,1
323,560,723,1
324,560,60,1
325,560,613,1
326,560,32,1
327,560,453,1
328,560,318,1
329,560,398,1
330,560,185,1
331,560,187,1
332,560,571,1
333,560,565,1
334,560,434,1
335,560,738,1
336,560,269,1
337,560,674,1
338,560,523,1
339,560,15,1
340,560,82,1
341,560,129,1
342,560,299,1
343,560,649,1
344,560,119,1
345,560,692,1
346,597,442,1
347,597,147,1
348,597,368,1
349,597,640,1
350,597,410,1
351,597,603,1
352,597,670,1
353,597,318,1
354,597,203,1
355,597,280,1
356,597,192,1
357,597,484,1
358,597,220,1
359,597,144,1
360,597,652,1
361,597,255,1
362,597,241,1
363,597,448,1
364,619,215,1
365,619,718,1
366,619,131,1
367,619,280,1
368,619,550,1
369,619,743,1
370,619,577,1
371,619,434,1
372,619,492,1
373,619,133,1
374,619,788,1
375,619,482,1
376,619,314,1
377,619,802,1
378,619,149,1
379,619,99,1
380,619,614,1
381,619,810,1
382,619,684,1
383,619,105,1
384,619,397,1
385,619,283,1
386,619,43,1
387,619,28,1
388,619,466,1
389,619,355,1
390,619,728,1
391,619,53,1
392,619,269,1
393,619,490,1
394,619,625,1
395,619,441,1
396,619,706,1
397,619,237,1
398,619,82,1
399,619,464,1
400,619,630,1
401,619,559,1
402,619,691,1
403,619,557,1
404,619,453,1
405,619,651,1
406,619,723,1
407,619,446,1
408,619,386,1
409,619,740,1
410,619,561,1
411,620,676,1
412,620,585,1
413,620,643,1
414,620,723,1
415,630,726,1
416,664,41,1
417,664,357,1
418,719,274,1
419,719,370,1
420,719,141,1
421,719,734,1
422,719,87,1
423,719,644,1
424,719,326,1
425,719,791,1
426,719,194,1
427,719,66,1
428,719,750,1
429,719,582,1
430,719,630,1
431,719,311,1
432,719,416,1
433,719,612,1
434,719,305,1
435,719,209,1
436,719,291,1
437,719,776,1
438,719,603,1
439,719,746,1
440,719,567,1
441,719,263,1
442,719,412,1
443,719,371,1
444,719,2,1
445,719,721,1
446,719,181,1
447,719,177,1
448,719,738,1
449,719,51,1
450,719,171,1
451,719,594,1
452,719,228,1
453,719,28,1
454,719,677,1
455,719,254,1
456,719,52,1
457,719,321,1
458,719,664,1
459,719,472,1
460,719,701,1
461,719,702,1
462,719,332,1
463,719,653,1
464,719,55,1
465,719,238,1
466,719,69,1
467,719,59,1
468,719,221,1
469,719,538,1
470,719,387,1
471,719,551,1
472,719,451,1
473,719,785,1
474,719,490,1
475,719,287,1
476,719,150,1
477,719,692,1
478,719,442,1
479,719,647,1
480,719,275,1
481,719,770,1
482,719,41,1
483,719,521,1
484,719,62,1
485,719,346,1
486,719,163,1
487,719,729,1
488,719,627,1
489,719,491,1
490,719,568,1
491,719,344,1
492,719,29,1
493,719,557,1
494,719,655,1
495,719,230,1
496,719,139,1
497,65,559,0
498,65,577,0
499,65,704,0
500,65,347,0
501,65,242,0
502,65,296,0
503,65,106,0
504,65,254,0
505,65,159,0
506,65,483,0
507,65,293,0
508,65,807,0
509,65,760,0
510,65,246,0
511,65,162,0
512,65,632,0
513,65,804,0
514,65,48,0
515,65,692,0
516,65,94,0
517,65,718,0
518,65,284,0
519,65,288,0
520,65,145,0
521,65,515,0
522,65,198,0
523,65,290,0
524,65,714,0
525,65,772,0
526,65,768,0
527,65,711,0
528,65,366,0
529,65,469,0
530,65,281,0
531,65,98,0
532,65,273,0
533,65,449,0
534,65,603,0
535,65,475,0
536,65,283,0
537,65,14,0
538,65,535,0
539,65,470,0
540,65,314,0
541,65,74,0
542,65,240,0
543,65,188,0
544,65,803,0
545,65,520,0
546,65,427,0
547,65,81,0
548,65,420,0
549,65,92,0
550,65,324,0
551,65,479,0
552,65,516,0
553,65,423,0
554,65,487,0
555,65,355,0
556,65,645,0
557,65,234,0
558,65,412,0
559,65,275,0
560,65,228,0
561,65,339,0
562,65,382,0
563,65,619,0
564,65,173,0
565,65,688,0
566,65,464,0
567,65,278,0
568,65,519,0
569,65,90,0
570,65,229,0
571,65,225,0
572,65,100,0
573,65,381,0
574,65,437,0
575,65,765,0
576,65,495,0
577,65,178,0
578,65,596,0
579,65,700,0
580,65,133,0
581,65,703,0
582,65,600,0
583,65,285,0
584,65,499,0
585,65,502,0
586,65,659,0
587,65,252,0
588,65,55,0
589,65,690,0
590,65,219,0
591,65,513,0
592,65,251,0
593,65,579,0
594,65,555,0
595,65,523,0
596,65,299,0
597,65,356,0
598,65,466,0
599,65,781,0
600,65,614,0
601,65,590,0
602,65,35,0
603,65,787,0
604,65,182,0
605,65,817,0
606,65,477,0
607,65,682,0
608,65,712,0
609,65,157,0
610,65,138,0
611,65,715,0
612,65,635,0
613,65,190,0
614,65,491,0
615,65,42,0
616,65,820,0
617,65,397,0
618,65,263,0
619,65,517,0
620,65,656,0
621,65,594,0
622,65,710,0
623,65,747,0
624,65,336,0
625,65,89,0
626,65,500,0
627,65,150,0
628,65,207,0
629,65,49,0
630,65,554,0
631,65,528,0
632,65,269,0
633,65,358,0
634,65,776,0
635,65,508,0
636,65,151,0
637,65,678,0
638,65,416,0
639,65,740,0
640,65,378,0
641,65,328,0
642,65,435,0
643,65,661,0
644,65,131,0
645,65,165,0
646,65,279,0
647,65,673,0
648,65,641,0
649,65,550,0
650,65,621,0
651,65,32,0
652,65,9,0
653,65,407,0
654,65,811,0
655,65,346,0
656,65,766,0
657,65,249,0
658,65,212,0
659,65,521,0
660,65,217,0
661,65,433,0
662,65,226,0
663,65,689,0
664,65,426,0
665,65,132,0
666,65,58,0
667,65,534,0
668,65,705,0
669,65,606,0
670,65,104,0
671,65,662,0
672,65,43,0
673,65,505,0
674,65,310,0
675,65,265,0
676,65,530,0
677,65,431,0
678,65,68,0
679,65,595,0
680,65,481,0
681,65,302,0
682,65,134,0
683,65,253,0
684,65,79,0
685,65,87,0
686,65,19,0
687,65,111,0
688,65,259,0
689,65,4,0
690,65,551,0
691,65,27,0
692,65,203,0
693,65,556,0
694,65,272,0
695,65,301,0
696,65,184,0
697,65,739,0
698,65,248,0
699,65,436,0
700,65,763,0
701,65,727,0
702,65,569,0
703,65,28,0
704,65,440,0
705,65,47,0
706,65,612,0
707,65,572,0
708,65,707,0
709,65,262,0
710,65,389,0
711,65,561,0
712,65,764,0
713,65,201,0
714,65,564,0
715,65,664,0
716,65,398,0
717,65,640,0
718,65,141,0
719,65,362,0
720,65,71,0
721,65,317,0
722,65,506,0
723,65,446,0
724,65,97,0
725,65,589,0
726,65,695,0
727,65,540,0
728,65,344,0
729,65,181,0
730,65,112,0
731,65,780,0
732,65,319,0
733,65,723,0
734,65,769,0
735,65,571,0
736,65,38,0
737,65,368,0
738,65,657,0
739,65,64,0
740,65,235,0
741,65,805,0
742,65,626,0
743,65,784,0
744,65,514,0
745,65,669,0
746,65,526,0
747,65,430,0
748,65,507,0
749,65,511,0
750,65,294,0
751,65,583,0
752,65,484,0
753,65,573,0
754,65,332,0
755,65,393,0
756,65,247,0
757,65,120,0
758,65,11,0
759,65,204,0
760,65,582,0
761,65,167,0
762,65,377,0
763,65,105,0
764,65,731,0
765,65,533,0
766,65,216,0
767,65,414,0
768,65,75,0
769,65,349,0
770,65,60,0
771,65,676,0
772,65,379,0
773,65,309,0
774,65,736,0
775,65,210,0
776,65,54,0
777,65,818,0
778,65,364,0
779,65,636,0
780,65,639,0
781,65,675,0
782,65,653,0
783,65,429,0
784,65,10,0
785,65,671,0
786,65,615,0
787,65,403,0
788,65,83,0
789,65,644,0
790,65,340,0
791,65,754,0
792,65,509,0
793,65,361,0
794,65,125,0
795,65,96,0
796,65,146,0
797,65,326,0
798,65,543,0
799,65,82,0
800,65,565,0
801,65,287,0
802,65,267,0
803,65,385,0
804,65,585,0
805,65,29,0
806,65,439,0
807,65,525,0
808,65,570,0
809,65,400,0
810,65,22,0
811,65,208,0
812,65,26,0
813,65,544,0
814,65,392,0
815,65,458,0
816,65,468,0
817,65,814,0
818,65,813,0
819,65,158,0
820,65,337,0
821,65,721,0
822,65,289,0
823,65,166,0
824,65,667,0
825,65,118,0
826,65,801,0
827,65,153,0
828,65,752,0
829,65,467,0
830,65,3,0
831,65,260,0
832,65,607,0
833,65,459,0
834,65,311,0
835,65,793,0
836,65,8,0
837,65,396,0
838,65,172,0
839,65,84,0
840,65,557,0
841,65,452,0
842,65,489,0
843,65,286,0
844,65,422,0
845,65,5,0
846,65,108,0
847,65,402,0
848,65,130,0
849,65,629,0
850,65,750,0
851,65,605,0
852,65,266,0
853,65,761,0
854,65,457,0
855,65,789,0
856,65,418,0
857,65,744,0
858,65,646,0
859,65,57,0
860,65,2,0
861,65,380,0
862,65,174,0
863,65,698,0
864,65,155,0
865,65,375,0
866,65,783,0
867,65,277,0
868,65,501,0
869,65,655,0
870,65,608,0
871,65,725,0
872,65,270,0
873,65,767,0
874,65,687,0
875,65,611,0
876,65,391,0
877,65,681,0
878,65,223,0
879,65,312,0
880,65,558,0
881,65,602,0
882,65,214,0
883,65,686,0
884,65,369,0
885,65,139,0
886,65,762,0
887,65,152,0
888,65,796,0
889,65,318,0
890,65,532,0
891,65,518,0
892,65,305,0
893,65,759,0
894,65,342,0
895,65,359,0
896,65,729,0
897,65,527,0
898,65,680,0
899,65,631,0
900,65,493,0
901,65,670,0
902,65,810,0
903,65,620,0
904,65,300,0
905,65,454,0
906,65,191,0
907,65,482,0
908,65,797,0
909,65,708,0
910,65,93,0
911,65,140,0
912,65,498,0
913,65,367,0
914,65,672,0
915,65,633,0
916,65,722,0
917,65,250,0
918,65,413,0
919,65,77,0
920,65,160,0
921,65,101,0
922,65,51,0
923,65,401,0
924,65,503,0
925,65,552,0
926,65,567,0
927,65,786,0
928,65,95,0
929,65,25,0
930,65,320,0
931,65,230,0
932,65,117,0
933,65,465,0
934,65,274,0
935,65,584,0
936,65,316,0
937,65,617,0
938,65,200,0
939,65,536,0
940,65,713,0
941,65,488,0
942,65,578,0
943,65,206,0
944,65,298,0
945,65,239,0
946,65,193,0
947,65,451,0
948,65,7,0
949,65,478,0
950,65,486,0
951,65,86,0
952,65,313,0
953,65,539,0
954,65,616,0
955,65,66,0
956,65,189,0
957,65,39,0
958,65,541,0
959,65,114,0
960,65,634,0
961,65,755,0
962,65,115,0
963,65,441,0
964,65,627,0
965,65,756,0
966,65,719,0
967,65,460,0
968,65,325,0
969,65,463,0
970,65,685,0
971,65,373,0
972,65,575,0
973,65,625,0
974,65,232,0
975,65,12,0
976,65,630,0
977,65,733,0
978,65,443,0
979,65,758,0
980,65,255,0
981,65,41,0
982,65,175,0
983,65,161,0
984,65,757,0
985,65,126,0
986,65,137,0
987,65,371,0
988,65,238,0
989,65,794,0
990,65,613,0
991,65,623,0
992,65,370,0
993,65,348,0
994,65,121,0
995,65,372,0
996,65,409,0
997,65,257,0
998,65,628,0
999,65,195,0
1000,65,785,0
1001,65,601,0
1002,65,724,0
1003,65,775,0
1004,161,309,0
1005,161,223,0
1006,161,95,0
1007,161,629,0
1008,161,369,0
1009,161,811,0
1010,161,319,0
1011,161,734,0
1012,161,146,0
1013,161,735,0
1014,161,616,0
1015,161,288,0
1016,161,552,0
1017,161,656,0
1018,161,484,0
1019,161,213,0
1020,161,174,0
1021,161,203,0
1022,161,152,0
1023,161,230,0
1024,161,72,0
1025,161,596,0
1026,161,420,0
1027,161,231,0
1028,161,690,0
1029,161,558,0
1030,161,214,0
1031,161,284,0
1032,161,229,0
1033,161,512,0
1034,161,204,0
1035,161,43,0
1036,161,724,0
1037,161,328,0
1038,161,479,0
1039,161,210,0
1040,161,7,0
1041,161,808,0
1042,161,465,0
1043,161,125,0
1044,161,40,0
1045,161,209,0
1046,161,196,0
1047,161,677,0
1048,161,305,0
1049,161,393,0
1050,161,791,0
1051,161,655,0
1052,161,559,0
1053,161,285,0
1054,161,238,0
1055,161,264,0
1056,161,651,0
1057,161,546,0
1058,161,760,0
1059,161,533,0
1060,161,335,0
1061,161,497,0
1062,161,307,0
1063,161,513,0
1064,161,293,0
1065,161,635,0
1066,161,377,0
1067,161,212,0
1068,161,676,0
1069,161,49,0
1070,161,446,0
1071,161,220,0
1072,161,228,0
1073,161,42,0
1074,161,449,0
1075,161,439,0
1076,161,376,0
1077,161,462,0
1078,161,608,0
1079,161,580,0
1080,161,424,0
1081,161,669,0
1082,161,249,0
1083,161,566,0
1084,161,353,0
1085,161,754,0
1086,161,36,0
1087,161,756,0
1088,161,344,0
1089,161,116,0
1090,161,500,0
1091,161,292,0
1092,161,693,0
1093,161,627,0
1094,161,117,0
1095,161,18,0
1096,161,746,0
1097,161,743,0
1098,161,252,0
1099,161,361,0
1100,161,137,0
1101,161,150,0
1102,161,438,0
1103,161,187,0
1104,161,681,0
1105,161,409,0
1106,161,340,0
1107,161,219,0
1108,161,294,0
1109,161,261,0
1110,161,189,0
1111,161,338,0
1112,161,224,0
1113,161,710,0
1114,161,468,0
1115,161,711,0
1116,161,594,0
1117,161,138,0
1118,161,255,0
1119,161,763,0
1120,161,491,0
1121,161,748,0
1122,161,269,0
1123,161,532,0
1124,161,391,0
1125,161,159,0
1126,161,751,0
1127,161,383,0
1128,161,351,0
1129,161,289,0
1130,161,801,0
1131,161,588,0
1132,161,172,0
1133,161,771,0
1134,161,644,0
1135,161,581,0
1136,161,207,0
1137,161,414,0
1138,161,183,0
1139,161,235,0
1140,161,299,0
1141,161,164,0
1142,161,761,0
1143,161,554,0
1144,161,163,0
1145,161,100,0
1146,161,350,0
1147,161,607,0
1148,161,142,0
1149,161,730,0
1150,161,518,0
1151,161,478,0
1152,161,426,0
1153,161,326,0
1154,161,295,0
1155,161,673,0
1156,161,814,0
1157,161,725,0
1158,161,82,0
1159,161,153,0
1160,161,205,0
1161,161,620,0
1162,161,469,0
1163,161,727,0
1164,161,356,0
1165,161,303,0
1166,161,65,0
1167,161,378,0
1168,161,647,0
1169,161,84,0
1170,161,11,0
1171,161,510,0
1172,161,628,0
1173,161,575,0
1174,161,511,0
1175,161,702,0
1176,161,797,0
1177,161,151,0
1178,161,341,0
1179,161,132,0
1180,161,81,0
1181,161,254,0
1182,161,118,0
1183,161,276,0
1184,161,598,0
1185,161,448,0
1186,161,504,0
1187,161,481,0
1188,161,593,0
1189,161,398,0
1190,161,346,0
1191,161,347,0
1192,161,634,0
1193,161,59,0
1194,161,96,0
1195,161,166,0
1196,161,662,0
1197,161,225,0
1198,161,157,0
1199,161,459,0
1200,161,757,0
1201,161,83,0
1202,161,432,0
1203,161,571,0
1204,161,568,0
1205,161,520,0
1206,161,739,0
1207,161,618,0
1208,161,13,0
1209,161,363,0
1210,161,774,0
1211,161,400,0
1212,161,753,0
1213,161,297,0
1214,161,473,0
1215,161,663,0
1216,161,537,0
1217,161,475,0
1218,161,631,0
1219,161,300,0
1220,161,154,0
1221,161,458,0
1222,161,403,0
1223,161,233,0
1224,161,773,0
1225,161,91,0
1226,161,184,0
1227,161,777,0
1228,161,33,0
1229,161,58,0
1230,161,429,0
1231,161,169,0
1232,161,490,0
1233,161,358,0
1234,161,619,0
1235,161,495,0
1236,161,256,0
1237,161,807,0
1238,161,493,0
1239,161,776,0
1240,161,488,0
1241,161,145,0
1242,161,155,0
1243,161,195,0
1244,161,110,0
1245,161,227,0
1246,161,442,0
1247,161,324,0
1248,161,671,0
1249,161,750,0
1250,161,39,0
1251,161,27,0
1252,161,193,0
1253,161,516,0
1254,161,674,0
1255,161,9,0
1256,161,47,0
1257,161,5,0
1258,161,246,0
1259,161,306,0
1260,161,401,0
1261,161,88,0
1262,161,281,0
1263,161,38,0
1264,161,653,0
1265,161,186,0
1266,161,337,0
1267,161,316,0
1268,161,32,0
1269,161,700,0
1270,161,452,0
1271,161,509,0
1272,161,752,0
1273,161,156,0
1274,161,470,0
1275,161,815,0
1276,161,670,0
1277,161,809,0
1278,161,661,0
1279,161,107,0
1280,161,323,0
1281,161,648,0
1282,161,741,0
1283,161,315,0
1284,161,382,0
1285,161,342,0
1286,161,543,0
1287,161,560,0
1288,161,162,0
1289,161,410,0
1290,161,528,0
1291,161,280,0
1292,161,23,0
1293,161,8,0
1294,161,621,0
1295,161,747,0
1296,161,130,0
1297,161,359,0
1298,161,208,0
1299,161,63,0
1300,161,419,0
1301,161,570,0
1302,161,392,0
1303,161,736,0
1304,161,242,0
1305,161,531,0
1306,161,139,0
1307,161,92,0
1308,161,69,0
1309,161,574,0
1310,161,375,0
1311,161,422,0
1312,161,35,0
1313,161,30,0
1314,161,685,0
1315,161,270,0
1316,161,21,0
1317,161,715,0
1318,161,695,0
1319,161,506,0
1320,161,637,0
1321,161,696,0
1322,161,240,0
1323,161,701,0
1324,161,733,0
1325,161,395,0
1326,161,373,0
1327,161,258,0
1328,161,379,0
1329,161,0,0
1330,161,206,0
1331,161,147,0
1332,161,441,0
1333,161,41,0
1334,161,181,0
1335,161,523,0
1336,161,698,0
1337,161,60,0
1338,161,792,0
1339,161,327,0
1340,161,101,0
1341,161,103,0
1342,161,411,0
1343,161,135,0
1344,161,605,0
1345,161,176,0
1346,161,611,0
1347,161,329,0
1348,161,480,0
1349,161,521,0
1350,161,22,0
1351,161,657,0
1352,161,549,0
1353,161,134,0
1354,161,503,0
1355,161,683,0
1356,161,697,0
1357,161,604,0
1358,161,265,0
1359,161,617,0
1360,161,784,0
1361,161,76,0
1362,161,321,0
1363,161,352,0
1364,161,654,0
1365,161,812,0
1366,161,79,0
1367,161,595,0
1368,161,639,0
1369,161,501,0
1370,161,381,0
1371,161,548,0
1372,161,579,0
1373,161,273,0
1374,161,175,0
1375,161,251,0
1376,161,274,0
1377,161,527,0
1378,161,317,0
1379,161,389,0
1380,161,407,0
1381,161,413,0
1382,161,304,0
1383,161,173,0
1384,161,444,0
1385,161,803,0
1386,161,567,0
1387,161,572,0
1388,161,430,0
1389,161,112,0
1390,161,562,0
1391,161,61,0
1392,161,762,0
1393,161,417,0
1394,161,721,0
1395,161,716,0
1396,161,334,0
1397,161,78,0
1398,161,602,0
1399,161,779,0
1400,161,769,0
1401,161,16,0
1402,161,421,0
1403,161,402,0
1404,161,25,0
1405,161,450,0
1406,161,538,0
1407,161,1,0
1408,161,385,0
1409,161,428,0
1410,161,765,0
1411,161,487,0
1412,161,660,0
1413,161,636,0
1414,161,494,0
1415,161,517,0
1416,161,325,0
1417,161,67,0
1418,161,477,0
1419,161,388,0
1420,161,143,0
1421,161,259,0
1422,161,211,0
1423,161,431,0
1424,161,322,0
1425,161,301,0
1426,161,615,0
1427,161,600,0
1428,161,318,0
1429,161,467,0
1430,161,111,0
1431,161,708,0
1432,161,182,0
1433,161,587,0
1434,161,632,0
1435,161,68,0
1436,161,454,0
1437,161,108,0
1438,161,633,0
1439,161,582,0
1440,161,412,0
1441,161,744,0
1442,161,366,0
1443,161,127,0
1444,161,302,0
1445,161,778,0
1446,161,508,0
1447,161,418,0
1448,161,62,0
1449,161,694,0
1450,161,122,0
1451,161,798,0
1452,161,650,0
1453,161,722,0
1454,161,525,0
1455,161,165,0
1456,161,349,0
1457,161,267,0
1458,161,544,0
1459,161,819,0
1460,161,489,0
1461,161,14,0
1462,161,399,0
1463,161,26,0
1464,161,623,0
1465,161,216,0
1466,161,262,0
1467,161,52,0
1468,161,658,0
1469,161,689,0
1470,161,775,0
1471,161,569,0
1472,161,818,0
1473,161,486,0
1474,161,646,0
1475,161,515,0
1476,161,149,0
1477,161,706,0
1478,161,786,0
1479,161,460,0
1480,161,714,0
1481,161,820,0
1482,161,772,0
1483,161,564,0
1484,161,77,0
1485,161,524,0
1486,161,519,0
1487,161,121,0
1488,161,463,0
1489,161,158,0
1490,161,384,0
1491,161,217,0
1492,161,445,0
1493,161,749,0
1494,161,472,0
1495,161,260,0
1496,161,332,0
1497,161,679,0
1498,161,783,0
1499,161,790,0
1500,161,624,0
1501,161,622,0
1502,161,296,0
1503,167,132,0
1504,167,607,0
1505,167,30,0
1506,167,229,0
1507,167,197,0
1508,167,566,0
1509,167,183,0
1510,167,357,0
1511,167,809,0
1512,167,673,0
1513,167,551,0
1514,167,503,0
1515,167,325,0
1516,167,217,0
1517,167,570,0
1518,167,577,0
1519,167,80,0
1520,167,332,0
1521,167,519,0
1522,167,649,0
1523,167,500,0
1524,167,422,0
1525,167,137,0
1526,167,343,0
1527,167,807,0
1528,167,616,0
1529,167,294,0
1530,167,462,0
1531,167,408,0
1532,167,540,0
1533,167,372,0
1534,167,209,0
1535,167,201,0
1536,167,153,0
1537,167,559,0
1538,167,700,0
1539,167,490,0
1540,167,4,0
1541,167,173,0
1542,167,421,0
1543,167,150,0
1544,167,310,0
1545,167,645,0
1546,167,281,0
1547,167,140,0
1548,167,626,0
1549,167,466,0
1550,167,277,0
1551,167,755,0
1552,167,682,0
1553,167,145,0
1554,167,358,0
1555,167,533,0
1556,167,740,0
1557,167,131,0
1558,167,429,0
1559,167,328,0
1560,167,230,0
1561,167,688,0
1562,167,768,0
1563,167,517,0
1564,167,641,0
1565,167,85,0
1566,167,206,0
1567,167,600,0
1568,167,272,0
1569,167,541,0
1570,167,378,0
1571,167,576,0
1572,167,515,0
1573,167,620,0
1574,167,15,0
1575,167,426,0
1576,167,618,0
1577,167,352,0
1578,167,42,0
1579,167,760,0
1580,167,460,0
1581,167,356,0
1582,167,16,0
1583,167,99,0
1584,167,320,0
1585,167,535,0
1586,167,718,0
1587,167,711,0
1588,167,720,0
1589,167,485,0
1590,167,596,0
1591,167,12,0
1592,167,39,0
1593,167,572,0
1594,167,386,0
1595,167,639,0
1596,167,284,0
1597,167,631,0
1598,167,492,0
1599,167,793,0
1600,167,32,0
1601,167,818,0
1602,167,820,0
1603,167,338,0
1604,167,727,0
1605,167,116,0
1606,167,473,0
1607,167,557,0
1608,167,591,0
1609,167,283,0
1610,167,584,0
1611,167,747,0
1612,167,409,0
1613,167,298,0
1614,167,385,0
1615,167,73,0
1616,167,184,0
1617,167,509,0
1618,167,431,0
1619,167,37,0
1620,167,323,0
1621,167,543,0
1622,167,263,0
1623,167,437,0
1624,167,187,0
1625,167,162,0
1626,167,468,0
1627,167,257,0
1628,167,799,0
1629,167,739,0
1630,167,676,0
1631,167,122,0
1632,167,59,0
1633,167,568,0
1634,167,665,0
1635,167,180,0
1636,167,58,0
1637,167,423,0
1638,167,716,0
1639,167,75,0
1640,167,451,0
1641,167,484,0
1642,167,597,0
1643,167,6,0
1644,167,258,0
1645,167,506,0
1646,167,52,0
1647,167,262,0
1648,167,68,0
1649,167,442,0
1650,167,303,0
1651,167,22,0
1652,167,218,0
1653,167,476,0
1654,167,689,0
1655,167,164,0
1656,167,571,0
1657,167,534,0
1658,167,678,0
1659,167,749,0
1660,167,694,0
1661,167,329,0
1662,167,78,0
1663,167,134,0
1664,167,762,0
1665,167,103,0
1666,167,242,0
1667,167,783,0
1668,167,44,0
1669,167,433,0
1670,167,585,0
1671,167,123,0
1672,167,274,0
1673,167,142,0
1674,167,766,0
1675,167,687,0
1676,167,471,0
1677,167,654,0
1678,167,360,0
1679,167,589,0
1680,167,97,0
1681,167,373,0
1682,167,289,0
1683,167,481,0
1684,167,405,0
1685,167,127,0
1686,167,203,0
1687,167,614,0
1688,167,744,0
1689,167,384,0
1690,167,363,0
1691,167,411,0
1692,167,531,0
1693,167,816,0
1694,167,450,0
1695,167,154,0
1696,167,706,0
1697,167,313,0
1698,167,219,0
1699,167,5,0
1700,167,261,0
1701,167,124,0
1702,167,714,0
1703,167,252,0
1704,167,528,0
1705,167,205,0
1706,167,798,0
1707,167,612,0
1708,167,3,0
1709,167,745,0
1710,167,67,0
1711,167,461,0
1712,167,369,0
1713,167,775,0
1714,167,231,0
1715,167,669,0
1716,167,458,0
1717,167,308,0
1718,167,469,0
1719,167,36,0
1720,167,592,0
1721,167,765,0
1722,167,493,0
1723,167,748,0
1724,167,404,0
1725,167,392,0
1726,167,648,0
1727,167,782,0
1728,167,428,0
1729,167,686,0
1730,167,710,0
1731,167,643,0
1732,167,341,0
1733,167,595,0
1734,167,495,0
1735,167,255,0
1736,167,111,0
1737,167,425,0
1738,167,757,0
1739,167,496,0
1740,167,178,0
1741,167,265,0
1742,167,224,0
1743,167,19,0
1744,167,305,0
1745,167,634,0
1746,167,759,0
1747,167,412,0
1748,167,456,0
1749,167,524,0
1750,167,390,0
1751,167,188,0
1752,167,699,0
1753,167,319,0
1754,167,401,0
1755,167,494,0
1756,167,513,0
1757,167,314,0
1758,167,435,0
1759,167,163,0
1760,167,552,0
1761,167,300,0
1762,167,439,0
1763,167,594,0
1764,167,114,0
1765,167,380,0
1766,167,704,0
1767,167,292,0
1768,167,247,0
1769,167,574,0
1770,167,168,0
1771,167,684,0
1772,167,57,0
1773,167,520,0
1774,167,186,0
1775,167,317,0
1776,167,588,0
1777,167,191,0
1778,167,652,0
1779,167,671,0
1780,167,817,0
1781,167,730,0
1782,167,445,0
1783,167,399,0
1784,167,737,0
1785,167,267,0
1786,167,750,0
1787,167,573,0
1788,167,794,0
1789,167,307,0
1790,167,538,0
1791,167,611,0
1792,167,128,0
1793,167,54,0
1794,167,46,0
1795,167,109,0
1796,167,638,0
1797,167,190,0
1798,167,516,0
1799,167,514,0
1800,167,587,0
1801,167,569,0
1802,167,254,0
1803,167,763,0
1804,167,212,0
1805,167,604,0
1806,167,814,0
1807,167,449,0
1808,167,491,0
1809,167,593,0
1810,167,226,0
1811,167,55,0
1812,167,74,0
1813,167,147,0
1814,167,692,0
1815,167,152,0
1816,167,70,0
1817,167,362,0
1818,167,790,0
1819,167,674,0
1820,167,769,0
1821,167,222,0
1822,167,200,0
1823,167,465,0
1824,167,239,0
1825,167,90,0
1826,167,207,0
1827,167,236,0
1828,167,796,0
1829,167,264,0
1830,167,84,0
1831,167,282,0
1832,167,11,0
1833,167,94,0
1834,167,813,0
1835,167,410,0
1836,167,605,0
1837,167,452,0
1838,167,344,0
1839,167,806,0
1840,167,619,0
1841,167,23,0
1842,167,615,0
1843,167,742,0
1844,167,443,0
1845,167,741,0
1846,167,396,0
1847,167,250,0
1848,167,72,0
1849,167,715,0
1850,167,117,0
1851,167,478,0
1852,167,251,0
1853,167,256,0
1854,167,83,0
1855,167,523,0
1856,167,417,0
1857,167,444,0
1858,167,376,0
1859,167,151,0
1860,167,803,0
1861,167,316,0
1862,167,731,0
1863,167,269,0
1864,167,632,0
1865,167,347,0
1866,167,260,0
1867,167,379,0
1868,167,342,0
1869,167,446,0
1870,167,753,0
1871,167,562,0
1872,167,424,0
1873,167,110,0
1874,167,275,0
1875,167,703,0
1876,167,367,0
1877,167,598,0
1878,167,119,0
1879,167,475,0
1880,167,177,0
1881,167,238,0
1882,167,432,0
1883,167,624,0
1884,167,680,0
1885,167,71,0
1886,167,82,0
1887,167,651,0
1888,167,441,0
1889,167,646,0
1890,167,656,0
1891,167,811,0
1892,167,89,0
1893,167,505,0
1894,167,470,0
1895,167,223,0
1896,167,781,0
1897,167,746,0
1898,167,420,0
1899,167,487,0
1900,167,56,0
1901,167,143,0
1902,167,527,0
1903,167,271,0
1904,167,87,0
1905,167,361,0
1906,167,160,0
1907,167,544,0
1908,167,499,0
1909,167,204,0
1910,167,374,0
1911,167,104,0
1912,167,670,0
1913,167,617,0
1914,167,697,0
1915,167,664,0
1916,167,270,0
1917,167,259,0
1918,167,340,0
1919,167,176,0
1920,167,47,0
1921,167,802,0
1922,167,62,0
1923,167,751,0
1924,167,51,0
1925,167,525,0
1926,167,497,0
1927,167,579,0
1928,167,563,0
1929,167,415,0
1930,167,819,0
1931,167,550,0
1932,167,721,0
1933,167,792,0
1934,167,455,0
1935,167,800,0
1936,167,808,0
1937,167,249,0
1938,167,695,0
1939,167,728,0
1940,167,479,0
1941,167,575,0
1942,167,779,0
1943,167,477,0
1944,167,35,0
1945,167,545,0
1946,167,693,0
1947,167,705,0
1948,167,583,0
1949,167,322,0
1950,167,454,0
1951,167,235,0
1952,167,169,0
1953,167,232,0
1954,167,690,0
1955,167,126,0
1956,167,776,0
1957,167,815,0
1958,167,336,0
1959,167,77,0
1960,167,166,0
1961,167,312,0
1962,167,48,0
1963,167,606,0
1964,167,157,0
1965,167,713,0
1966,167,335,0
1967,167,170,0
1968,167,430,0
1969,167,276,0
1970,167,403,0
1971,167,280,0
1972,167,156,0
1973,167,400,0
1974,167,228,0
1975,167,391,0
1976,167,0,0
1977,167,722,0
1978,167,327,0
1979,167,21,0
1980,167,221,0
1981,167,419,0
1982,167,701,0
1983,167,25,0
1984,167,761,0
1985,167,764,0
1986,167,95,0
1987,167,210,0
1988,167,174,0
1989,167,189,0
1990,167,199,0
1991,167,732,0
1992,167,155,0
1993,167,644,0
1994,167,202,0
1995,167,558,0
1996,167,560,0
1997,167,675,0
1998,167,590,0
1999,167,609,0
2000,167,144,0
2001,167,2,0
2002,167,586,0
2003,167,625,0
2004,167,659,0
2005,167,102,0
2006,168,237,0
2007,168,561,0
2008,168,520,0
2009,168,498,0
2010,168,16,0
2011,168,767,0
2012,168,277,0
2013,168,248,0
2014,168,69,0
2015,168,564,0
2016,168,614,0
2017,168,39,0
2018,168,271,0
2019,168,53,0
2020,168,570,0
2021,168,122,0
2022,168,620,0
2023,168,704,0
2024,168,484,0
2025,168,0,0
2026,168,440,0
2027,168,383,0
2028,168,1,0
2029,168,688,0
2030,168,641,0
2031,168,622,0
2032,168,660,0
2033,168,244,0
2034,168,522,0
2035,168,247,0
2036,168,581,0
2037,168,820,0
2038,168,202,0
2039,168,405,0
2040,168,303,0
2041,168,631,0
2042,168,330,0
2043,168,458,0
2044,168,170,0
2045,168,60,0
2046,168,317,0
2047,168,283,0
2048,168,434,0
2049,168,715,0
2050,168,791,0
2051,168,131,0
2052,168,152,0
2053,168,521,0
2054,168,421,0
2055,168,615,0
2056,168,315,0
2057,168,661,0
2058,168,485,0
2059,168,678,0
2060,168,159,0
2061,168,604,0
2062,168,489,0
2063,168,653,0
2064,168,523,0
2065,168,591,0
2066,168,197,0
2067,168,541,0
2068,168,348,0
2069,168,468,0
2070,168,108,0
2071,168,420,0
2072,168,471,0
2073,168,806,0
2074,168,424,0
2075,168,781,0
2076,168,514,0
2077,168,88,0
2078,168,3,0
2079,168,644,0
2080,168,351,0
2081,168,679,0
2082,168,404,0
2083,168,438,0
2084,168,90,0
2085,168,598,0
2086,168,635,0
2087,168,64,0
2088,168,519,0
2089,168,706,0
2090,168,74,0
2091,168,366,0
2092,168,560,0
2093,168,613,0
2094,168,566,0
2095,168,702,0
2096,168,516,0
2097,168,427,0
2098,168,727,0
2099,168,778,0
2100,168,762,0
2101,168,750,0
2102,168,772,0
2103,168,143,0
2104,168,675,0
2105,168,287,0
2106,168,206,0
2107,168,105,0
2108,168,755,0
2109,168,695,0
2110,168,243,0
2111,168,754,0
2112,168,779,0
2113,168,368,0
2114,168,80,0
2115,168,139,0
2116,168,106,0
2117,168,763,0
2118,168,9,0
2119,168,557,0
2120,168,162,0
2121,168,612,0
2122,168,310,0
2123,168,296,0
2124,168,272,0
2125,168,33,0
2126,168,633,0
2127,168,812,0
2128,168,104,0
2129,168,266,0
2130,168,415,0
2131,168,577,0
2132,168,245,0
2133,168,395,0
2134,168,161,0
2135,168,157,0
2136,168,135,0
2137,168,662,0
2138,168,35,0
2139,168,621,0
2140,168,483,0
2141,168,818,0
2142,168,578,0
2143,168,664,0
2144,168,670,0
2145,168,242,0
2146,168,127,0
2147,168,576,0
2148,168,324,0
2149,168,510,0
2150,168,748,0
2151,168,721,0
2152,168,811,0
2153,168,231,0
2154,168,448,0
2155,168,203,0
2156,168,558,0
2157,168,183,0
2158,168,227,0
2159,168,349,0
2160,168,513,0
2161,168,387,0
2162,168,530,0
2163,168,120,0
2164,168,435,0
2165,168,714,0
2166,168,14,0
2167,168,481,0
2168,168,467,0
2169,168,647,0
2170,168,623,0
2171,168,690,0
2172,168,805,0
2173,168,382,0
2174,168,627,0
2175,168,34,0
2176,168,391,0
2177,168,199,0
2178,168,269,0
2179,168,191,0
2180,168,466,0
2181,168,216,0
2182,168,426,0
2183,168,540,0
2184,168,166,0
2185,168,75,0
2186,168,29,0
2187,168,251,0
2188,168,11,0
2189,168,222,0
2190,168,814,0
2191,168,632,0
2192,168,86,0
2193,168,164,0
2194,168,79,0
2195,168,584,0
2196,168,515,0
2197,168,219,0
2198,168,746,0
2199,168,68,0
2200,168,311,0
2201,168,605,0
2202,168,257,0
2203,168,188,0
2204,168,174,0
2205,168,378,0
2206,168,239,0
2207,168,431,0
2208,168,178,0
2209,168,210,0
2210,168,155,0
2211,168,385,0
2212,168,738,0
2213,168,398,0
2214,168,27,0
2215,168,147,0
2216,168,817,0
2217,168,267,0
2218,168,443,0
2219,168,756,0
2220,168,787,0
2221,168,768,0
2222,168,352,0
2223,168,495,0
2224,168,585,0
2225,168,580,0
2226,168,500,0
2227,168,10,0
2228,168,507,0
2229,168,649,0
2230,168,582,0
2231,168,730,0
2232,168,802,0
2233,168,43,0
2234,168,408,0
2235,168,26,0
2236,168,49,0
2237,168,439,0
2238,168,535,0
2239,168,331,0
2240,168,494,0
2241,168,361,0
2242,168,428,0
2243,168,389,0
2244,168,567,0
2245,168,85,0
2246,168,579,0
2247,168,304,0
2248,168,671,0
2249,168,156,0
2250,168,262,0
2251,168,659,0
2252,168,793,0
2253,168,308,0
2254,168,102,0
2255,168,209,0
2256,168,223,0
2257,168,501,0
2258,168,285,0
2259,168,741,0
2260,168,145,0
2261,168,270,0
2262,168,464,0
2263,168,684,0
2264,168,461,0
2265,168,76,0
2266,168,258,0
2267,168,645,0
2268,168,175,0
2269,168,418,0
2270,168,639,0
2271,168,486,0
2272,168,425,0
2273,168,295,0
2274,168,550,0
2275,168,703,0
2276,168,683,0
2277,168,708,0
2278,168,119,0
2279,168,626,0
2280,168,318,0
2281,168,717,0
2282,168,546,0
2283,168,138,0
2284,168,254,0
2285,168,764,0
2286,168,771,0
2287,168,701,0
2288,168,109,0
2289,168,587,0
2290,168,334,0
2291,168,48,0
2292,168,596,0
2293,168,810,0
2294,168,499,0
2295,168,609,0
2296,168,453,0
2297,168,133,0
2298,168,146,0
2299,168,116,0
2300,168,291,0
2301,168,259,0
2302,168,589,0
2303,168,527,0
2304,168,253,0
2305,168,55,0
2306,168,445,0
2307,168,56,0
2308,168,518,0
2309,168,339,0
2310,168,302,0
2311,168,134,0
2312,168,595,0
2313,168,345,0
2314,168,637,0
2315,168,784,0
2316,168,607,0
2317,168,657,0
2318,168,225,0
2319,168,8,0
2320,168,665,0
2321,168,545,0
2322,168,142,0
2323,168,465,0
2324,168,359,0
2325,168,326,0
2326,168,187,0
2327,168,232,0
2328,168,113,0
2329,168,600,0
2330,168,110,0
2331,168,397,0
2332,168,19,0
2333,168,601,0
2334,168,94,0
2335,168,6,0
2336,168,265,0
2337,168,321,0
2338,168,517,0
2339,168,429,0
2340,168,563,0
2341,168,733,0
2342,168,364,0
2343,168,372,0
2344,168,165,0
2345,168,732,0
2346,168,307,0
2347,168,536,0
2348,168,87,0
2349,168,749,0
2350,168,190,0
2351,168,189,0
2352,168,346,0
2353,168,474,0
2354,168,505,0
2355,168,766,0
2356,168,275,0
2357,168,799,0
2358,168,807,0
2359,168,229,0
2360,168,423,0
2361,168,475,0
2362,168,13,0
2363,168,477,0
2364,168,785,0
2365,168,44,0
2366,168,393,0
2367,168,729,0
2368,168,36,0
2369,168,773,0
2370,168,537,0
2371,168,256,0
2372,168,761,0
2373,168,73,0
2374,168,204,0
2375,168,803,0
2376,168,176,0
2377,168,643,0
2378,168,238,0
2379,168,555,0
2380,168,696,0
2381,168,437,0
2382,168,655,0
2383,168,534,0
2384,168,41,0
2385,168,137,0
2386,168,198,0
2387,168,128,0
2388,168,99,0
2389,168,299,0
2390,168,673,0
2391,168,150,0
2392,168,335,0
2393,168,278,0
2394,168,83,0
2395,168,479,0
2396,168,294,0
2397,168,630,0
2398,168,263,0
2399,168,268,0
2400,168,551,0
2401,168,774,0
2402,168,179,0
2403,168,25,0
2404,168,71,0
2405,168,758,0
2406,168,50,0
2407,168,255,0
2408,168,51,0
2409,168,765,0
2410,168,753,0
2411,168,353,0
2412,168,737,0
2413,168,472,0
2414,168,233,0
2415,168,770,0
2416,168,797,0
2417,168,149,0
2418,168,264,0
2419,168,573,0
2420,168,728,0
2421,168,650,0
2422,168,309,0
2423,168,511,0
2424,168,235,0
2425,168,228,0
2426,168,121,0
2427,168,606,0
2428,168,672,0
2429,168,57,0
2430,168,394,0
2431,168,181,0
2432,168,736,0
2433,168,12,0
2434,168,801,0
2435,168,790,0
2436,168,512,0
2437,168,241,0
2438,168,648,0
2439,168,406,0
2440,168,194,0
2441,168,273,0
2442,168,301,0
2443,168,342,0
2444,168,559,0
2445,168,416,0
2446,168,81,0
2447,168,459,0
2448,168,709,0
2449,168,192,0
2450,168,221,0
2451,168,163,0
2452,168,212,0
2453,168,17,0
2454,168,542,0
2455,168,616,0
2456,168,543,0
2457,168,363,0
2458,168,298,0
2459,168,286,0
2460,168,373,0
2461,168,642,0
2462,168,407,0
2463,168,392,0
2464,168,276,0
2465,168,171,0
2466,168,45,0
2467,168,586,0
2468,168,533,0
2469,168,58,0
2470,168,720,0
2471,168,457,0
2472,168,376,0
2473,168,31,0
2474,168,93,0
2475,168,160,0
2476,168,658,0
2477,168,313,0
2478,168,617,0
2479,168,185,0
2480,168,629,0
2481,168,815,0
2482,168,562,0
2483,168,419,0
2484,168,422,0
2485,168,777,0
2486,168,40,0
2487,168,636,0
2488,168,20,0
2489,168,795,0
2490,168,430,0
2491,168,689,0
2492,168,744,0
2493,168,503,0
2494,168,158,0
2495,168,681,0
2496,168,446,0
2497,168,100,0
2498,168,552,0
2499,168,195,0
2500,168,482,0
2501,168,173,0
2502,168,112,0
2503,168,454,0
2504,168,590,0
2505,168,333,0
2506,168,89,0
2507,168,184,0
2508,168,556,0
2509,168,734,0
2510,168,417,0
2511,168,377,0
2512,168,654,0
2513,168,782,0
2514,168,412,0
2515,168,487,0
2516,168,214,0
2517,168,98,0
2518,168,358,0
2519,168,597,0
2520,168,207,0
2521,168,496,0
2522,168,792,0
2523,168,282,0
2524,168,725,0
2525,168,668,0
2526,168,796,0
2527,168,625,0
2528,168,719,0
2529,168,539,0
2530,168,572,0
2531,168,288,0
2532,168,305,0
2533,168,97,0
2534,168,172,0
2535,168,306,0
2536,168,141,0
2537,168,490,0
2538,168,402,0
2539,168,469,0
2540,168,456,0
2541,168,680,0
2542,168,240,0
2543,168,548,0
2544,168,124,0
2545,168,42,0
2546,168,463,0
2547,168,312,0
2548,168,506,0
2549,168,193,0
2550,168,646,0
2551,168,722,0
2552,222,454,0
2553,222,86,0
2554,222,108,0
2555,222,682,0
2556,222,627,0
2557,222,642,0
2558,222,795,0
2559,222,202,0
2560,222,436,0
2561,222,321,0
2562,222,743,0
2563,222,35,0
2564,222,338,0
2565,222,709,0
2566,222,761,0
2567,222,20,0
2568,222,538,0
2569,222,442,0
2570,222,425,0
2571,222,208,0
2572,222,661,0
2573,222,563,0
2574,222,658,0
2575,222,426,0
2576,222,637,0
2577,222,805,0
2578,222,196,0
2579,222,32,0
2580,222,480,0
2581,222,341,0
2582,222,567,0
2583,222,384,0
2584,222,440,0
2585,222,151,0
2586,222,289,0
2587,222,132,0
2588,222,763,0
2589,222,116,0
2590,222,715,0
2591,222,316,0
2592,222,237,0
2593,222,28,0
2594,222,727,0
2595,222,249,0
2596,222,547,0
2597,222,228,0
2598,222,617,0
2599,222,498,0
2600,222,571,0
2601,222,457,0
2602,222,197,0
2603,222,92,0
2604,222,172,0
2605,222,450,0
2606,222,229,0
2607,222,536,0
2608,222,204,0
2609,222,189,0
2610,222,410,0
2611,222,712,0
2612,222,747,0
2613,222,286,0
2614,222,792,0
2615,222,75,0
2616,222,749,0
2617,222,540,0
2618,222,702,0
2619,222,453,0
2620,222,191,0
2621,222,818,0
2622,222,717,0
2623,222,62,0
2624,222,213,0
2625,222,625,0
2626,222,705,0
2627,222,332,0
2628,222,537,0
2629,222,124,0
2630,222,732,0
2631,222,134,0
2632,222,0,0
2633,222,207,0
2634,222,631,0
2635,222,176,0
2636,222,194,0
2637,222,331,0
2638,222,326,0
2639,222,545,0
2640,222,359,0
2641,222,406,0
2642,222,714,0
2643,222,27,0
2644,222,51,0
2645,222,88,0
2646,222,214,0
2647,222,7,0
2648,222,409,0
2649,222,472,0
2650,222,73,0
2651,222,526,0
2652,222,177,0
2653,222,210,0
2654,222,29,0
2655,222,799,0
2656,222,491,0
2657,222,243,0
2658,222,335,0
2659,222,239,0
2660,222,219,0
2661,222,413,0
2662,222,279,0
2663,222,93,0
2664,222,136,0
2665,222,24,0
2666,222,773,0
2667,222,665,0
2668,222,510,0
2669,222,356,0
2670,222,796,0
2671,222,121,0
2672,222,803,0
2673,222,505,0
2674,222,256,0
2675,222,776,0
2676,222,179,0
2677,222,396,0
2678,222,113,0
2679,222,783,0
2680,222,33,0
2681,222,581,0
2682,222,565,0
2683,222,591,0
2684,222,171,0
2685,222,70,0
2686,222,304,0
2687,222,624,0
2688,222,598,0
2689,222,337,0
2690,222,225,0
2691,222,699,0
2692,222,128,0
2693,222,733,0
2694,222,730,0
2695,222,152,0
2696,222,348,0
2697,222,596,0
2698,222,287,0
2699,222,809,0
2700,222,369,0
2701,222,564,0
2702,222,500,0
2703,222,148,0
2704,222,467,0
2705,222,250,0
2706,222,488,0
2707,222,31,0
2708,222,107,0
2709,222,750,0
2710,222,634,0
2711,222,360,0
2712,222,83,0
2713,222,569,0
2714,222,11,0
2715,222,218,0
2716,222,603,0
2717,222,808,0
2718,222,276,0
2719,222,342,0
2720,222,482,0
2721,222,666,0
2722,222,751,0
2723,222,495,0
2724,222,118,0
2725,222,378,0
2726,222,164,0
2727,222,553,0
2728,222,193,0
2729,222,139,0
2730,222,262,0
2731,222,60,0
2732,222,646,0
2733,222,798,0
2734,222,675,0
2735,222,351,0
2736,222,622,0
2737,222,67,0
2738,222,762,0
2739,222,309,0
2740,222,585,0
2741,222,388,0
2742,222,524,0
2743,222,271,0
2744,222,663,0
2745,222,559,0
2746,222,230,0
2747,222,527,0
2748,222,277,0
2749,222,621,0
2750,222,583,0
2751,222,439,0
2752,222,22,0
2753,222,374,0
2754,222,294,0
2755,222,713,0
2756,222,252,0
2757,222,616,0
2758,222,156,0
2759,222,91,0
2760,222,280,0
2761,222,266,0
2762,222,461,0
2763,222,376,0
2764,222,37,0
2765,222,302,0
2766,222,183,0
2767,222,431,0
2768,222,647,0
2769,222,415,0
2770,222,201,0
2771,222,774,0
2772,222,339,0
2773,222,147,0
2774,222,706,0
2775,222,515,0
2776,222,501,0
2777,222,539,0
2778,222,126,0
2779,222,542,0
2780,222,671,0
2781,222,451,0
2782,222,387,0
2783,222,752,0
2784,222,726,0
2785,222,40,0
2786,222,674,0
2787,222,398,0
2788,222,299,0
2789,222,535,0
2790,222,554,0
2791,222,546,0
2792,222,140,0
2793,222,549,0
2794,222,544,0
2795,222,479,0
2796,222,448,0
2797,222,611,0
2798,222,385,0
2799,222,653,0
2800,222,707,0
2801,222,17,0
2802,222,89,0
2803,222,138,0
2804,222,14,0
2805,222,528,0
2806,222,756,0
2807,222,120,0
2808,222,576,0
2809,222,474,0
2810,222,90,0
2811,222,382,0
2812,222,721,0
2813,222,816,0
2814,222,155,0
2815,222,44,0
2816,222,684,0
2817,222,2,0
2818,222,668,0
2819,222,41,0
2820,222,381,0
2821,222,10,0
2822,222,137,0
2823,222,628,0
2824,222,602,0
2825,222,573,0
2826,222,780,0
2827,222,245,0
2828,222,46,0
2829,222,49,0
2830,222,428,0
2831,222,149,0
2832,222,53,0
2833,222,580,0
2834,222,393,0
2835,222,375,0
2836,222,101,0
2837,222,56,0
2838,222,745,0
2839,222,292,0
2840,222,267,0
2841,222,703,0
2842,222,489,0
2843,222,79,0
2844,222,115,0
2845,222,692,0
2846,222,697,0
2847,222,427,0
2848,222,438,0
2849,222,417,0
2850,222,416,0
2851,222,806,0
2852,222,50,0
2853,222,54,0
2854,222,700,0
2855,222,629,0
2856,222,784,0
2857,222,645,0
2858,222,161,0
2859,222,513,0
2860,222,597,0
2861,222,19,0
2862,222,552,0
2863,222,47,0
2864,222,104,0
2865,222,310,0
2866,222,119,0
2867,222,514,0
2868,222,223,0
2869,222,206,0
2870,222,423,0
2871,222,652,0
2872,222,420,0
2873,222,619,0
2874,222,430,0
2875,222,582,0
2876,222,452,0
2877,222,779,0
2878,222,584,0
2879,222,404,0
2880,222,372,0
2881,222,325,0
2882,222,391,0
2883,222,220,0
2884,222,424,0
2885,222,683,0
2886,222,15,0
2887,222,111,0
2888,222,771,0
2889,222,283,0
2890,222,680,0
2891,222,748,0
2892,222,511,0
2893,222,518,0
2894,222,471,0
2895,222,69,0
2896,222,620,0
2897,222,363,0
2898,222,764,0
2899,222,265,0
2900,222,336,0
2901,222,494,0
2902,222,817,0
2903,222,281,0
2904,222,215,0
2905,222,234,0
2906,222,131,0
2907,222,63,0
2908,222,574,0
2909,222,240,0
2910,222,112,0
2911,222,362,0
2912,222,173,0
2913,222,604,0
2914,222,478,0
2915,222,200,0
2916,222,594,0
2917,222,555,0
2918,222,769,0
2919,222,6,0
2920,222,399,0
2921,222,463,0
2922,222,737,0
2923,222,66,0
2924,222,102,0
2925,222,418,0
2926,222,507,0
2927,222,195,0
2928,222,600,0
2929,222,168,0
2930,222,765,0
2931,222,687,0
2932,222,807,0
2933,222,355,0
2934,222,551,0
2935,222,285,0
2936,222,667,0
2937,222,693,0
2938,222,662,0
2939,222,449,0
2940,222,711,0
2941,222,676,0
2942,222,105,0
2943,222,247,0
2944,222,344,0
2945,222,322,0
2946,222,217,0
2947,222,298,0
2948,222,114,0
2949,222,74,0
2950,222,648,0
2951,222,18,0
2952,222,64,0
2953,222,673,0
2954,222,55,0
2955,222,813,0
2956,222,685,0
2957,222,8,0
2958,222,606,0
2959,222,236,0
2960,222,623,0
2961,222,71,0
2962,222,701,0
2963,222,162,0
2964,222,165,0
2965,222,127,0
2966,222,26,0
2967,222,766,0
2968,222,380,0
2969,222,630,0
2970,222,68,0
2971,222,698,0
2972,222,508,0
2973,222,307,0
2974,222,790,0
2975,222,502,0
2976,222,455,0
2977,222,130,0
2978,222,181,0
2979,222,815,0
2980,222,144,0
2981,222,82,0
2982,222,718,0
2983,222,317,0
2984,222,723,0
2985,222,198,0
2986,222,297,0
2987,222,791,0
2988,222,3,0
2989,222,579,0
2990,222,460,0
2991,222,367,0
2992,222,613,0
2993,222,98,0
2994,222,753,0
2995,222,278,0
2996,222,819,0
2997,222,224,0
2998,222,103,0
2999,222,677,0
3000,222,607,0
3001,222,36,0
3002,222,614,0
3003,222,170,0
3004,222,688,0
3005,222,205,0
3006,222,686,0
3007,222,95,0
3008,222,5,0
3009,222,311,0
3010,222,143,0
3011,222,13,0
3012,222,649,0
3013,222,274,0
3014,222,477,0
3015,222,402,0
3016,222,145,0
3017,222,421,0
3018,222,522,0
3019,222,328,0
3020,222,320,0
3021,222,636,0
3022,222,110,0
3023,222,251,0
3024,222,334,0
3025,222,397,0
3026,222,475,0
3027,222,681,0
3028,222,725,0
3029,222,804,0
3030,222,592,0
3031,222,587,0
3032,222,432,0
3033,222,122,0
3034,222,185,0
3035,222,487,0
3036,222,560,0
3037,222,485,0
3038,222,308,0
3039,222,443,0
3040,222,150,0
3041,222,190,0
3042,222,759,0
3043,222,59,0
3044,349,503,0
3045,349,376,0
3046,349,623,0
3047,349,731,0
3048,349,817,0
3049,349,193,0
3050,349,791,0
3051,349,136,0
3052,349,157,0
3053,349,2,0
3054,349,337,0
3055,349,98,0
3056,349,805,0
3057,349,125,0
3058,349,263,0
3059,349,13,0
3060,349,801,0
3061,349,454,0
3062,349,471,0
3063,349,218,0
3064,349,283,0
3065,349,729,0
3066,349,69,0
3067,349,284,0
3068,349,49,0
3069,349,793,0
3070,349,233,0
3071,349,28,0
3072,349,362,0
3073,349,606,0
3074,349,673,0
3075,349,479,0
3076,349,542,0
3077,349,103,0
3078,349,86,0
3079,349,574,0
3080,349,452,0
3081,349,656,0
3082,349,220,0
3083,349,776,0
3084,349,522,0
3085,349,134,0
3086,349,666,0
3087,349,78,0
3088,349,76,0
3089,349,683,0
3090,349,577,0
3091,349,242,0
3092,349,81,0
3093,349,173,0
3094,349,64,0
3095,349,708,0
3096,349,301,0
3097,349,308,0
3098,349,748,0
3099,349,439,0
3100,349,740,0
3101,349,555,0
3102,349,239,0
3103,349,559,0
3104,349,583,0
3105,349,211,0
3106,349,799,0
3107,349,568,0
3108,349,474,0
3109,349,123,0
3110,349,336,0
3111,349,492,0
3112,349,115,0
3113,349,478,0
3114,349,546,0
3115,349,753,0
3116,349,716,0
3117,349,506,0
3118,349,780,0
3119,349,443,0
3120,349,318,0
3121,349,6,0
3122,349,638,0
3123,349,405,0
3124,349,87,0
3125,349,422,0
3126,349,32,0
3127,349,397,0
3128,349,47,0
3129,349,144,0
3130,349,240,0
3131,349,191,0
3132,349,692,0
3133,349,156,0
3134,349,572,0
3135,349,449,0
3136,349,73,0
3137,349,815,0
3138,349,21,0
3139,349,779,0
3140,349,348,0
3141,349,540,0
3142,349,26,0
3143,349,8,0
3144,349,94,0
3145,349,693,0
3146,349,381,0
3147,349,742,0
3148,349,620,0
3149,349,327,0
3150,349,622,0
3151,349,687,0
3152,349,725,0
3153,349,609,0
3154,349,230,0
3155,349,162,0
3156,349,722,0
3157,349,417,0
3158,349,747,0
3159,349,345,0
3160,349,667,0
3161,349,576,0
3162,349,83,0
3163,349,273,0
3164,349,644,0
3165,349,741,0
3166,349,164,0
3167,349,192,0
3168,349,359,0
3169,349,617,0
3170,349,16,0
3171,349,593,0
3172,349,626,0
3173,349,528,0
3174,349,560,0
3175,349,436,0
3176,349,613,0
3177,349,187,0
3178,349,702,0
3179,349,543,0
3180,349,467,0
3181,349,117,0
3182,349,720,0
3183,349,231,0
3184,349,657,0
3185,349,395,0
3186,349,277,0
3187,349,715,0
3188,349,483,0
3189,349,204,0
3190,349,450,0
3191,349,532,0
3192,349,686,0
3193,349,792,0
3194,349,485,0
3195,349,810,0
3196,349,433,0
3197,349,205,0
3198,349,119,0
3199,349,298,0
3200,349,677,0
3201,349,796,0
3202,349,635,0
3203,349,396,0
3204,349,148,0
3205,349,778,0
3206,349,607,0
3207,349,326,0
3208,349,487,0
3209,349,63,0
3210,349,615,0
3211,349,738,0
3212,349,706,0
3213,349,72,0
3214,349,460,0
3215,349,317,0
3216,349,15,0
3217,349,237,0
3218,349,820,0
3219,349,519,0
3220,349,645,0
3221,349,763,0
3222,349,130,0
3223,349,77,0
3224,349,305,0
3225,349,646,0
3226,349,447,0
3227,349,743,0
3228,349,525,0
3229,349,650,0
3230,349,329,0
3231,349,333,0
3232,349,172,0
3233,349,807,0
3234,349,803,0
3235,349,580,0
3236,349,360,0
3237,349,493,0
3238,349,537,0
3239,349,331,0
3240,349,287,0
3241,349,432,0
3242,349,696,0
3243,349,676,0
3244,349,442,0
3245,349,223,0
3246,349,120,0
3247,349,655,0
3248,349,323,0
3249,349,101,0
3250,349,57,0
3251,349,755,0
3252,349,292,0
3253,349,394,0
3254,349,90,0
3255,349,118,0
3256,349,629,0
3257,349,361,0
3258,349,200,0
3259,349,412,0
3260,349,369,0
3261,349,737,0
3262,349,429,0
3263,349,3,0
3264,349,19,0
3265,349,270,0
3266,349,491,0
3267,349,579,0
3268,349,551,0
3269,349,195,0
3270,349,582,0
3271,349,795,0
3272,349,526,0
3273,349,250,0
3274,349,307,0
3275,349,375,0
3276,349,246,0
3277,349,659,0
3278,349,714,0
3279,349,100,0
3280,349,530,0
3281,349,203,0
3282,349,259,0
3283,349,814,0
3284,349,539,0
3285,349,764,0
3286,349,155,0
3287,349,591,0
3288,349,291,0
3289,349,455,0
3290,349,586,0
3291,349,146,0
3292,349,409,0
3293,349,557,0
3294,349,675,0
3295,349,289,0
3296,349,309,0
3297,349,475,0
3298,349,808,0
3299,349,598,0
3300,349,254,0
3301,349,608,0
3302,349,767,0
3303,349,507,0
3304,349,35,0
3305,349,691,0
3306,349,153,0
3307,349,391,0
3308,349,61,0
3309,349,488,0
3310,349,304,0
3311,349,556,0
3312,349,641,0
3313,349,354,0
3314,349,124,0
3315,349,330,0
3316,349,188,0
3317,349,406,0
3318,349,253,0
3319,349,225,0
3320,349,423,0
3321,349,428,0
3322,349,174,0
3323,349,425,0
3324,349,463,0
3325,349,631,0
3326,349,819,0
3327,349,256,0
3328,349,636,0
3329,349,445,0
3330,349,797,0
3331,349,441,0
3332,349,89,0
3333,349,299,0
3334,349,168,0
3335,349,567,0
3336,349,758,0
3337,349,414,0
3338,349,311,0
3339,349,569,0
3340,349,39,0
3341,349,668,0
3342,349,562,0
3343,349,549,0
3344,349,661,0
3345,349,806,0
3346,349,392,0
3347,349,268,0
3348,349,554,0
3349,349,453,0
3350,349,185,0
3351,349,110,0
3352,349,627,0
3353,349,440,0
3354,349,388,0
3355,349,664,0
3356,349,446,0
3357,349,379,0
3358,349,545,0
3359,349,633,0
3360,349,288,0
3361,349,286,0
3362,349,662,0
3363,349,228,0
3364,349,643,0
3365,349,413,0
3366,349,150,0
3367,349,79,0
3368,349,762,0
3369,349,356,0
3370,349,36,0
3371,349,365,0
3372,349,500,0
3373,349,322,0
3374,349,760,0
3375,349,353,0
3376,349,208,0
3377,349,37,0
3378,349,137,0
3379,349,65,0
3380,349,751,0
3381,349,769,0
3382,349,71,0
3383,349,60,0
3384,349,128,0
3385,349,106,0
3386,349,700,0
3387,349,385,0
3388,349,589,0
3389,349,785,0
3390,349,38,0
3391,349,265,0
3392,349,786,0
3393,349,30,0
3394,349,469,0
3395,349,682,0
3396,349,151,0
3397,349,105,0
3398,349,759,0
3399,349,480,0
3400,349,325,0
3401,349,610,0
3402,349,251,0
3403,349,357,0
3404,349,734,0
3405,349,217,0
3406,349,295,0
3407,349,42,0
3408,349,55,0
3409,349,372,0
3410,349,175,0
3411,349,158,0
3412,349,88,0
3413,349,571,0
3414,349,788,0
3415,349,616,0
3416,349,258,0
3417,349,214,0
3418,349,652,0
3419,349,328,0
3420,349,229,0
3421,349,178,0
3422,349,782,0
3423,349,196,0
3424,349,267,0
3425,349,575,0
3426,349,501,0
3427,349,274,0
3428,349,201,0
3429,349,534,0
3430,349,393,0
3431,349,282,0
3432,349,601,0
3433,349,624,0
3434,349,179,0
3435,349,147,0
3436,349,434,0
3437,349,603,0
3438,349,416,0
3439,349,513,0
3440,349,458,0
3441,349,341,0
3442,349,401,0
3443,349,472,0
3444,349,648,0
3445,349,649,0
3446,349,564,0
3447,349,279,0
3448,349,272,0
3449,349,182,0
3450,349,70,0
3451,349,489,0
3452,349,4,0
3453,349,465,0
3454,349,302,0
3455,349,127,0
3456,349,197,0
3457,349,497,0
3458,349,215,0
3459,349,634,0
3460,349,783,0
3461,349,757,0
3462,349,160,0
3463,349,663,0
3464,349,502,0
3465,349,611,0
3466,349,410,0
3467,349,213,0
3468,349,456,0
3469,349,91,0
3470,349,511,0
3471,349,596,0
3472,349,141,0
3473,349,280,0
3474,349,269,0
3475,349,573,0
3476,349,723,0
3477,349,7,0
3478,349,181,0
3479,349,121,0
3480,349,653,0
3481,349,67,0
3482,349,547,0
3483,349,154,0
3484,349,811,0
3485,349,470,0
3486,349,527,0
3487,349,75,0
3488,349,640,0
3489,349,97,0
3490,349,373,0
3491,349,587,0
3492,349,486,0
3493,349,142,0
3494,349,711,0
3495,349,346,0
3496,349,750,0
3497,349,672,0
3498,349,352,0
3499,349,131,0
3500,349,660,0
3501,349,31,0
3502,349,43,0
3503,349,377,0
3504,349,745,0
3505,349,512,0
3506,349,618,0
3507,349,651,0
3508,349,647,0
3509,349,496,0
3510,349,138,0
3511,349,461,0
3512,349,241,0
3513,349,744,0
3514,349,756,0
3515,349,209,0
3516,349,113,0
3517,349,538,0
3518,349,581,0
3519,349,177,0
3520,349,398,0
3521,349,33,0
3522,349,186,0
3523,349,771,0
3524,349,312,0
3525,349,260,0
3526,349,761,0
3527,349,143,0
3528,349,614,0
3529,349,366,0
3530,349,431,0
3531,349,619,0
3532,349,335,0
3533,349,735,0
3534,349,816,0
3535,349,166,0
3536,349,516,0
3537,349,234,0
3538,349,746,0
3539,349,194,0
3540,349,712,0
3541,349,790,0
3542,349,800,0
3543,349,784,0
3544,349,126,0
3545,349,813,0
3546,349,149,0
3547,349,321,0
3548,349,350,0
3549,349,775,0
3550,349,415,0
3551,349,444,0
3552,349,249,0
3553,349,198,0
3554,349,399,0
3555,349,777,0
3556,349,459,0
3557,349,536,0
3558,349,558,0
3559,349,116,0
3560,349,85,0
3561,349,421,0
3562,349,297,0
3563,349,122,0
3564,349,678,0
3565,349,189,0
3566,349,171,0
3567,349,139,0
3568,349,264,0
3569,349,66,0
3570,349,464,0
3571,349,680,0
3572,349,219,0
3573,349,180,0
3574,349,520,0
3575,349,167,0
3576,349,705,0
3577,349,62,0
3578,349,275,0
3579,349,374,0
3580,349,515,0
3581,349,159,0
3582,349,389,0
3583,349,766,0
3584,349,477,0
3585,349,690,0
3586,349,340,0
3587,349,590,0
3588,349,176,0
3589,349,726,0
3590,349,602,0
3591,349,697,0
3592,446,561,0
3593,446,120,0
3594,446,191,0
3595,446,250,0
3596,446,160,0
3597,446,641,0
3598,446,815,0
3599,446,117,0
3600,446,658,0
3601,446,200,0
3602,446,144,0
3603,446,318,0
3604,446,180,0
3605,446,14,0
3606,446,2,0
3607,446,541,0
3608,446,777,0
3609,446,100,0
3610,446,157,0
3611,446,509,0
3612,446,331,0
3613,446,748,0
3614,446,112,0
3615,446,339,0
3616,446,265,0
3617,446,207,0
3618,446,707,0
3619,446,588,0
3620,446,284,0
3621,446,609,0
3622,446,698,0
3623,446,163,0
3624,446,468,0
3625,446,127,0
3626,446,514,0
3627,446,424,0
3628,446,0,0
3629,446,696,0
3630,446,56,0
3631,446,761,0
3632,446,201,0
3633,446,450,0
3634,446,519,0
3635,446,715,0
3636,446,738,0
3637,446,612,0
3638,446,198,0
3639,446,627,0
3640,446,204,0
3641,446,678,0
3642,446,512,0
3643,446,581,0
3644,446,290,0
3645,446,555,0
3646,446,336,0
3647,446,462,0
3648,446,492,0
3649,446,510,0
3650,446,616,0
3651,446,671,0
3652,446,454,0
3653,446,337,0
3654,446,582,0
3655,446,765,0
3656,446,575,0
3657,446,72,0
3658,446,459,0
3659,446,236,0
3660,446,210,0
3661,446,405,0
3662,446,542,0
3663,446,373,0
3664,446,516,0
3665,446,496,0
3666,446,648,0
3667,446,453,0
3668,446,36,0
3669,446,166,0
3670,446,587,0
3671,446,407,0
3672,446,43,0
3673,446,599,0
3674,446,249,0
3675,446,375,0
3676,446,196,0
3677,446,385,0
3678,446,25,0
3679,446,469,0
3680,446,206,0
3681,446,40,0
3682,446,637,0
3683,446,630,0
3684,446,303,0
3685,446,691,0
3686,446,709,0
3687,446,383,0
3688,446,239,0
3689,446,784,0
3690,446,116,0
3691,446,741,0
3692,446,221,0
3693,446,268,0
3694,446,596,0
3695,446,416,0
3696,446,593,0
3697,446,21,0
3698,446,312,0
3699,446,195,0
3700,446,759,0
3701,446,560,0
3702,446,486,0
3703,446,106,0
3704,446,226,0
3705,446,517,0
3706,446,225,0
3707,446,568,0
3708,446,53,0
3709,446,404,0
3710,446,527,0
3711,446,418,0
3712,446,126,0
3713,446,437,0
3714,446,306,0
3715,446,81,0
3716,446,46,0
3717,446,119,0
3718,446,296,0
3719,446,137,0
3720,446,753,0
3721,446,75,0
3722,446,376,0
3723,446,476,0
3724,446,281,0
3725,446,288,0
3726,446,31,0
3727,446,350,0
3728,446,666,0
3729,446,732,0
3730,446,20,0
3731,446,661,0
3732,446,38,0
3733,446,233,0
3734,446,529,0
3735,446,280,0
3736,446,651,0
3737,446,321,0
3738,446,23,0
3739,446,314,0
3740,446,758,0
3741,446,605,0
3742,446,335,0
3743,446,34,0
3744,446,334,0
3745,446,447,0
3746,446,395,0
3747,446,330,0
3748,446,786,0
3749,446,813,0
3750,446,80,0
3751,446,394,0
3752,446,457,0
3753,446,703,0
3754,446,153,0
3755,446,15,0
3756,446,343,0
3757,446,667,0
3758,446,794,0
3759,446,456,0
3760,446,731,0
3761,446,58,0
3762,446,89,0
3763,446,308,0
3764,446,412,0
3765,446,791,0
3766,446,420,0
3767,446,105,0
3768,446,172,0
3769,446,261,0
3770,446,396,0
3771,446,315,0
3772,446,502,0
3773,446,294,0
3774,446,115,0
3775,446,317,0
3776,446,259,0
3777,446,665,0
3778,446,613,0
3779,446,256,0
3780,446,595,0
3781,446,778,0
3782,446,807,0
3783,446,74,0
3784,446,357,0
3785,446,246,0
3786,446,98,0
3787,446,6,0
3788,446,674,0
3789,446,785,0
3790,446,640,0
3791,446,44,0
3792,446,149,0
3793,446,310,0
3794,446,570,0
3795,446,700,0
3796,446,685,0
3797,446,82,0
3798,446,597,0
3799,446,298,0
3800,446,721,0
3801,446,607,0
3802,446,445,0
3803,446,377,0
3804,446,122,0
3805,446,552,0
3806,446,162,0
3807,446,697,0
3808,446,365,0
3809,446,645,0
3810,446,458,0
3811,446,551,0
3812,446,181,0
3813,446,319,0
3814,446,734,0
3815,446,392,0
3816,446,755,0
3817,446,493,0
3818,446,409,0
3819,446,185,0
3820,446,705,0
3821,446,398,0
3822,446,474,0
3823,446,66,0
3824,446,190,0
3825,446,783,0
3826,446,133,0
3827,446,254,0
3828,446,277,0
3829,446,364,0
3830,446,439,0
3831,446,5,0
3832,446,749,0
3833,446,443,0
3834,446,643,0
3835,446,742,0
3836,446,739,0
3837,446,647,0
3838,446,480,0
3839,446,478,0
3840,446,757,0
3841,446,528,0
3842,446,677,0
3843,446,345,0
3844,446,586,0
3845,446,42,0
3846,446,451,0
3847,446,216,0
3848,446,657,0
3849,446,413,0
3850,446,355,0
3851,446,764,0
3852,446,118,0
3853,446,619,0
3854,446,712,0
3855,446,243,0
3856,446,505,0
3857,446,165,0
3858,446,406,0
3859,446,57,0
3860,446,699,0
3861,446,583,0
3862,446,353,0
3863,446,211,0
3864,446,260,0
3865,446,673,0
3866,446,320,0
3867,446,471,0
3868,446,197,0
3869,446,706,0
3870,446,556,0
3871,446,571,0
3872,446,449,0
3873,446,488,0
3874,446,639,0
3875,446,175,0
3876,446,624,0
3877,446,363,0
3878,446,689,0
3879,446,421,0
3880,446,213,0
3881,446,799,0
3882,446,717,0
3883,446,754,0
3884,446,173,0
3885,446,208,0
3886,446,484,0
3887,446,543,0
3888,446,589,0
3889,446,520,0
3890,446,283,0
3891,446,255,0
3892,446,751,0
3893,446,374,0
3894,446,636,0
3895,446,692,0
3896,446,114,0
3897,446,540,0
3898,446,487,0
3899,446,401,0
3900,446,442,0
3901,446,423,0
3902,446,379,0
3903,446,326,0
3904,446,615,0
3905,446,77,0
3906,446,425,0
3907,446,427,0
3908,446,497,0
3909,446,189,0
3910,446,485,0
3911,446,65,0
3912,446,188,0
3913,446,550,0
3914,446,273,0
3915,446,711,0
3916,446,606,0
3917,446,602,0
3918,446,788,0
3919,446,537,0
3920,446,800,0
3921,446,622,0
3922,446,164,0
3923,446,96,0
3924,446,494,0
3925,446,490,0
3926,446,338,0
3927,446,766,0
3928,446,664,0
3929,446,381,0
3930,446,482,0
3931,446,10,0
3932,446,400,0
3933,446,332,0
3934,446,704,0
3935,446,55,0
3936,446,231,0
3937,446,746,0
3938,446,603,0
3939,446,79,0
3940,446,88,0
3941,446,513,0
3942,446,719,0
3943,446,408,0
3944,446,399,0
3945,446,433,0
3946,446,54,0
3947,446,795,0
3948,446,83,0
3949,446,393,0
3950,446,128,0
3951,446,431,0
3952,446,178,0
3953,446,744,0
3954,446,508,0
3955,446,654,0
3956,446,86,0
3957,446,282,0
3958,446,24,0
3959,446,629,0
3960,446,28,0
3961,446,237,0
3962,446,203,0
3963,446,563,0
3964,446,154,0
3965,446,187,0
3966,446,174,0
3967,446,295,0
3968,446,769,0
3969,446,681,0
3970,446,228,0
3971,446,78,0
3972,446,798,0
3973,446,52,0
3974,446,414,0
3975,446,193,0
3976,446,604,0
3977,446,590,0
3978,446,601,0
3979,446,341,0
3980,446,610,0
3981,446,333,0
3982,446,266,0
3983,446,13,0
3984,446,726,0
3985,446,729,0
3986,446,67,0
3987,446,302,0
3988,446,192,0
3989,446,177,0
3990,446,269,0
3991,446,737,0
3992,446,662,0
3993,446,417,0
3994,446,111,0
3995,446,644,0
3996,446,274,0
3997,446,37,0
3998,446,524,0
3999,446,179,0
4000,446,76,0
4001,446,384,0
4002,446,573,0
4003,446,682,0
4004,446,522,0
4005,446,495,0
4006,446,653,0
4007,446,397,0
4008,446,633,0
4009,446,585,0
4010,446,108,0
4011,446,276,0
4012,446,688,0
4013,446,340,0
4014,446,793,0
4015,446,356,0
4016,446,614,0
4017,446,223,0
4018,446,745,0
4019,446,286,0
4020,446,199,0
4021,446,533,0
4022,446,693,0
4023,446,592,0
4024,446,499,0
4025,446,262,0
4026,446,143,0
4027,446,410,0
4028,446,1,0
4029,446,536,0
4030,446,483,0
4031,446,275,0
4032,446,491,0
4033,446,635,0
4034,446,801,0
4035,446,724,0
4036,446,756,0
4037,446,17,0
4038,446,436,0
4039,446,168,0
4040,446,50,0
4041,446,322,0
4042,446,135,0
4043,446,391,0
4044,446,297,0
4045,446,327,0
4046,446,51,0
4047,446,403,0
4048,446,467,0
4049,446,130,0
4050,446,328,0
4051,446,161,0
4052,446,475,0
4053,446,232,0
4054,446,481,0
4055,446,360,0
4056,446,9,0
4057,446,565,0
4058,446,577,0
4059,446,652,0
4060,446,293,0
4061,446,594,0
4062,446,32,0
4063,446,444,0
4064,446,539,0
4065,446,804,0
4066,446,623,0
4067,446,465,0
4068,446,428,0
4069,446,134,0
4070,446,558,0
4071,446,578,0
4072,446,774,0
4073,446,525,0
4074,446,701,0
4075,446,264,0
4076,446,419,0
4077,446,8,0
4078,446,291,0
4079,446,713,0
4080,446,504,0
4081,446,323,0
4082,446,253,0
4083,446,94,0
4084,446,300,0
4085,446,429,0
4086,446,35,0
4087,446,816,0
4088,446,548,0
4089,446,324,0
4090,446,60,0
4091,446,156,0
4092,446,557,0
4093,446,184,0
4094,446,388,0
4095,446,809,0
4096,446,762,0
4097,446,669,0
4098,446,728,0
4099,446,452,0
4100,446,387,0
4101,446,59,0
4102,446,574,0
4103,446,498,0
4104,446,182,0
4105,446,649,0
4106,446,97,0
4107,446,435,0
4108,446,722,0
4109,446,779,0
4110,446,531,0
4111,446,567,0
4112,446,301,0
4113,446,432,0
4114,446,70,0
4115,446,33,0
4116,446,422,0
4117,446,780,0
4118,446,103,0
4119,446,580,0
4120,446,351,0
4121,446,735,0
4122,446,12,0
4123,446,270,0
4124,446,472,0
4125,446,802,0
4126,446,26,0
4127,446,695,0
4128,446,380,0
4129,446,220,0
4130,446,773,0
4131,446,819,0
4132,446,544,0
4133,446,104,0
4134,446,650,0
4135,446,426,0
4136,492,393,0
4137,492,0,0
4138,492,160,0
4139,492,361,0
4140,492,89,0
4141,492,751,0
4142,492,803,0
4143,492,445,0
4144,492,458,0
4145,492,784,0
4146,492,594,0
4147,492,103,0
4148,492,655,0
4149,492,277,0
4150,492,411,0
4151,492,769,0
4152,492,779,0
4153,492,224,0
4154,492,324,0
4155,492,225,0
4156,492,339,0
4157,492,564,0
4158,492,775,0
4159,492,500,0
4160,492,317,0
4161,492,533,0
4162,492,697,0
4163,492,6,0
4164,492,406,0
4165,492,168,0
4166,492,101,0
4167,492,436,0
4168,492,807,0
4169,492,709,0
4170,492,539,0
4171,492,5,0
4172,492,678,0
4173,492,434,0
4174,492,216,0
4175,492,284,0
4176,492,72,0
4177,492,545,0
4178,492,644,0
4179,492,258,0
4180,492,227,0
4181,492,572,0
4182,492,309,0
4183,492,571,0
4184,492,50,0
4185,492,786,0
4186,492,356,0
4187,492,736,0
4188,492,600,0
4189,492,162,0
4190,492,154,0
4191,492,276,0
4192,492,211,0
4193,492,414,0
4194,492,711,0
4195,492,785,0
4196,492,300,0
4197,492,710,0
4198,492,281,0
4199,492,329,0
4200,492,220,0
4201,492,495,0
4202,492,302,0
4203,492,431,0
4204,492,801,0
4205,492,479,0
4206,492,146,0
4207,492,91,0
4208,492,353,0
4209,492,306,0
4210,492,179,0
4211,492,750,0
4212,492,193,0
4213,492,138,0
4214,492,392,0
4215,492,806,0
4216,492,593,0
4217,492,344,0
4218,492,153,0
4219,492,506,0
4220,492,71,0
4221,492,520,0
4222,492,804,0
4223,492,243,0
4224,492,245,0
4225,492,337,0
4226,492,383,0
4227,492,446,0
4228,492,733,0
4229,492,584,0
4230,492,753,0
4231,492,381,0
4232,492,716,0
4233,492,503,0
4234,492,645,0
4235,492,330,0
4236,492,766,0
4237,492,7,0
4238,492,566,0
4239,492,177,0
4240,492,629,0
4241,492,416,0
4242,492,135,0
4243,492,507,0
4244,492,561,0
4245,492,532,0
4246,492,273,0
4247,492,372,0
4248,492,610,0
4249,492,368,0
4250,492,184,0
4251,492,747,0
4252,492,208,0
4253,492,401,0
4254,492,517,0
4255,492,725,0
4256,492,702,0
4257,492,396,0
4258,492,55,0
4259,492,105,0
4260,492,435,0
4261,492,268,0
4262,492,432,0
4263,492,754,0
4264,492,97,0
4265,492,188,0
4266,492,488,0
4267,492,92,0
4268,492,248,0
4269,492,454,0
4270,492,498,0
4271,492,617,0
4272,492,462,0
4273,492,808,0
4274,492,790,0
4275,492,169,0
4276,492,461,0
4277,492,380,0
4278,492,252,0
4279,492,116,0
4280,492,441,0
4281,492,292,0
4282,492,175,0
4283,492,601,0
4284,492,589,0
4285,492,780,0
4286,492,390,0
4287,492,767,0
4288,492,459,0
4289,492,320,0
4290,492,52,0
4291,492,419,0
4292,492,447,0
4293,492,818,0
4294,492,723,0
4295,492,460,0
4296,492,524,0
4297,492,442,0
4298,492,579,0
4299,492,737,0
4300,492,297,0
4301,492,609,0
4302,492,794,0
4303,492,598,0
4304,492,496,0
4305,492,515,0
4306,492,190,0
4307,492,85,0
4308,492,687,0
4309,492,114,0
4310,492,676,0
4311,492,526,0
4312,492,88,0
4313,492,791,0
4314,492,484,0
4315,492,665,0
4316,492,370,0
4317,492,522,0
4318,492,688,0
4319,492,712,0
4320,492,112,0
4321,492,698,0
4322,492,287,0
4323,492,296,0
4324,492,375,0
4325,492,148,0
4326,492,152,0
4327,492,327,0
4328,492,286,0
4329,492,328,0
4330,492,440,0
4331,492,408,0
4332,492,263,0
4333,492,717,0
4334,492,342,0
4335,492,365,0
4336,492,308,0
4337,492,389,0
4338,492,795,0
4339,492,547,0
4340,492,546,0
4341,492,334,0
4342,492,588,0
4343,492,659,0
4344,492,502,0
4345,492,362,0
4346,492,240,0
4347,492,155,0
4348,492,63,0
4349,492,305,0
4350,492,304,0
4351,492,75,0
4352,492,229,0
4353,492,315,0
4354,492,671,0
4355,492,704,0
4356,492,340,0
4357,492,47,0
4358,492,42,0
4359,492,744,0
4360,492,176,0
4361,492,457,0
4362,492,611,0
4363,492,531,0
4364,492,18,0
4365,492,166,0
4366,492,119,0
4367,492,640,0
4368,492,706,0
4369,492,312,0
4370,492,672,0
4371,492,192,0
4372,492,805,0
4373,492,215,0
4374,492,207,0
4375,492,228,0
4376,492,632,0
4377,492,197,0
4378,492,587,0
4379,492,699,0
4380,492,191,0
4381,492,222,0
4382,492,438,0
4383,492,182,0
4384,492,713,0
4385,492,721,0
4386,492,136,0
4387,492,491,0
4388,492,487,0
4389,492,648,0
4390,492,239,0
4391,492,470,0
4392,492,464,0
4393,492,350,0
4394,492,122,0
4395,492,514,0
4396,492,407,0
4397,492,250,0
4398,492,156,0
4399,492,303,0
4400,492,573,0
4401,492,405,0
4402,492,352,0
4403,492,692,0
4404,492,618,0
4405,492,264,0
4406,492,121,0
4407,492,267,0
4408,492,471,0
4409,492,724,0
4410,492,246,0
4411,492,596,0
4412,492,16,0
4413,492,398,0
4414,492,131,0
4415,492,279,0
4416,492,456,0
4417,492,748,0
4418,492,608,0
4419,492,783,0
4420,492,24,0
4421,492,755,0
4422,492,45,0
4423,492,555,0
4424,492,48,0
4425,492,236,0
4426,492,511,0
4427,492,525,0
4428,492,98,0
4429,492,247,0
4430,492,137,0
4431,492,19,0
4432,492,626,0
4433,492,35,0
4434,492,14,0
4435,492,94,0
4436,492,387,0
4437,492,183,0
4438,492,43,0
4439,492,79,0
4440,492,469,0
4441,492,385,0
4442,492,201,0
4443,492,147,0
4444,492,384,0
4445,492,816,0
4446,492,663,0
4447,492,453,0
4448,492,548,0
4449,492,731,0
4450,492,73,0
4451,492,625,0
4452,492,366,0
4453,492,623,0
4454,492,774,0
4455,492,647,0
4456,492,694,0
4457,492,128,0
4458,492,619,0
4459,492,734,0
4460,492,689,0
4461,492,343,0
4462,492,463,0
4463,492,475,0
4464,492,151,0
4465,492,274,0
4466,492,634,0
4467,492,11,0
4468,492,771,0
4469,492,321,0
4470,492,117,0
4471,492,310,0
4472,492,291,0
4473,492,567,0
4474,492,449,0
4475,492,519,0
4476,492,660,0
4477,492,451,0
4478,492,256,0
4479,492,1,0
4480,492,165,0
4481,492,428,0
4482,492,635,0
4483,492,108,0
4484,492,557,0
4485,492,809,0
4486,492,529,0
4487,492,513,0
4488,492,684,0
4489,492,420,0
4490,492,776,0
4491,492,685,0
4492,492,455,0
4493,492,238,0
4494,492,633,0
4495,492,144,0
4496,492,338,0
4497,492,251,0
4498,492,214,0
4499,492,483,0
4500,492,313,0
4501,492,106,0
4502,492,425,0
4503,492,530,0
4504,492,21,0
4505,492,413,0
4506,492,260,0
4507,492,621,0
4508,492,202,0
4509,492,720,0
4510,492,551,0
4511,492,141,0
4512,492,139,0
4513,492,536,0
4514,492,109,0
4515,492,656,0
4516,492,643,0
4517,492,642,0
4518,492,756,0
4519,492,199,0
4520,492,770,0
4521,492,187,0
4522,492,510,0
4523,492,559,0
4524,492,61,0
4525,492,772,0
4526,492,203,0
4527,492,301,0
4528,492,80,0
4529,492,189,0
4530,492,159,0
4531,492,60,0
4532,492,25,0
4533,492,133,0
4534,492,708,0
4535,492,93,0
4536,492,568,0
4537,492,424,0
4538,492,521,0
4539,492,38,0
4540,492,726,0
4541,492,198,0
4542,492,33,0
4543,492,657,0
4544,492,630,0
4545,492,565,0
4546,492,677,0
4547,492,740,0
4548,492,540,0
4549,492,788,0
4550,492,271,0
4551,492,87,0
4552,492,563,0
4553,492,749,0
4554,492,691,0
4555,492,423,0
4556,492,793,0
4557,492,134,0
4558,492,739,0
4559,492,796,0
4560,492,275,0
4561,492,673,0
4562,492,426,0
4563,492,585,0
4564,492,56,0
4565,492,226,0
4566,492,606,0
4567,492,732,0
4568,492,235,0
4569,492,682,0
4570,492,486,0
4571,492,266,0
4572,492,641,0
4573,492,115,0
4574,492,722,0
4575,492,322,0
4576,492,397,0
4577,492,745,0
4578,492,181,0
4579,492,349,0
4580,492,364,0
4581,492,541,0
4582,492,69,0
4583,492,664,0
4584,492,59,0
4585,492,373,0
4586,492,3,0
4587,492,294,0
4588,492,604,0
4589,492,802,0
4590,492,798,0
4591,492,378,0
4592,492,549,0
4593,492,205,0
4594,492,76,0
4595,492,810,0
4596,492,467,0
4597,492,700,0
4598,492,178,0
4599,492,51,0
4600,492,32,0
4601,492,234,0
4602,492,149,0
4603,492,358,0
4604,492,171,0
4605,492,773,0
4606,492,523,0
4607,492,627,0
4608,492,562,0
4609,492,422,0
4610,492,83,0
4611,492,489,0
4612,492,158,0
4613,492,331,0
4614,492,95,0
4615,492,111,0
4616,492,570,0
4617,492,285,0
4618,492,8,0
4619,492,789,0
4620,492,374,0
4621,492,355,0
4622,492,57,0
4623,492,172,0
4624,492,333,0
4625,492,811,0
4626,492,319,0
4627,492,757,0
4628,492,280,0
4629,492,82,0
4630,492,74,0
4631,492,602,0
4632,492,705,0
4633,492,670,0
4634,492,817,0
4635,492,534,0
4636,492,715,0
4637,492,560,0
4638,492,815,0
4639,492,730,0
4640,492,473,0
4641,492,409,0
4642,492,26,0
4643,492,382,0
4644,492,646,0
4645,492,777,0
4646,492,580,0
4647,492,12,0
4648,492,209,0
4649,492,812,0
4650,492,620,0
4651,492,140,0
4652,492,278,0
4653,492,693,0
4654,492,173,0
4655,515,806,0
4656,515,76,0
4657,515,623,0
4658,515,69,0
4659,515,324,0
4660,515,138,0
4661,515,767,0
4662,515,56,0
4663,515,224,0
4664,515,140,0
4665,515,751,0
4666,515,782,0
4667,515,814,0
4668,515,109,0
4669,515,705,0
4670,515,523,0
4671,515,50,0
4672,515,29,0
4673,515,528,0
4674,515,546,0
4675,515,113,0
4676,515,645,0
4677,515,593,0
4678,515,96,0
4679,515,472,0
4680,515,495,0
4681,515,58,0
4682,515,483,0
4683,515,693,0
4684,515,124,0
4685,515,401,0
4686,515,253,0
4687,515,803,0
4688,515,405,0
4689,515,438,0
4690,515,684,0
4691,515,131,0
4692,515,466,0
4693,515,607,0
4694,515,398,0
4695,515,624,0
4696,515,269,0
4697,515,720,0
4698,515,485,0
4699,515,149,0
4700,515,332,0
4701,515,568,0
4702,515,194,0
4703,515,88,0
4704,515,191,0
4705,515,67,0
4706,515,417,0
4707,515,692,0
4708,515,212,0
4709,515,785,0
4710,515,271,0
4711,515,43,0
4712,515,101,0
4713,515,597,0
4714,515,186,0
4715,515,160,0
4716,515,652,0
4717,515,57,0
4718,515,209,0
4719,515,642,0
4720,515,479,0
4721,515,817,0
4722,515,361,0
4723,515,97,0
4724,515,527,0
4725,515,70,0
4726,515,686,0
4727,515,197,0
4728,515,542,0
4729,515,320,0
4730,515,237,0
4731,515,581,0
4732,515,146,0
4733,515,288,0
4734,515,453,0
4735,515,73,0
4736,515,703,0
4737,515,616,0
4738,515,590,0
4739,515,262,0
4740,515,475,0
4741,515,723,0
4742,515,696,0
4743,515,153,0
4744,515,41,0
4745,515,281,0
4746,515,406,0
4747,515,455,0
4748,515,657,0
4749,515,440,0
4750,515,718,0
4751,515,473,0
4752,515,443,0
4753,515,498,0
4754,515,348,0
4755,515,801,0
4756,515,302,0
4757,515,653,0
4758,515,499,0
4759,515,729,0
4760,515,123,0
4761,515,245,0
4762,515,391,0
4763,515,636,0
4764,515,450,0
4765,515,773,0
4766,515,646,0
4767,515,711,0
4768,515,178,0
4769,515,62,0
4770,515,530,0
4771,515,355,0
4772,515,458,0
4773,515,427,0
4774,515,477,0
4775,515,457,0
4776,515,625,0
4777,515,211,0
4778,515,12,0
4779,515,134,0
4780,515,374,0
4781,515,393,0
4782,515,268,0
4783,515,71,0
4784,515,185,0
4785,515,45,0
4786,515,300,0
4787,515,130,0
4788,515,758,0
4789,515,382,0
4790,515,301,0
4791,515,166,0
4792,515,299,0
4793,515,507,0
4794,515,504,0
4795,515,289,0
4796,515,410,0
4797,515,774,0
4798,515,104,0
4799,515,290,0
4800,515,661,0
4801,515,154,0
4802,515,172,0
4803,515,676,0
4804,515,238,0
4805,515,366,0
4806,515,738,0
4807,515,762,0
4808,515,47,0
4809,515,312,0
4810,515,631,0
4811,515,226,0
4812,515,572,0
4813,515,790,0
4814,515,157,0
4815,515,282,0
4816,515,13,0
4817,515,33,0
4818,515,763,0
4819,515,452,0
4820,515,351,0
4821,515,772,0
4822,515,699,0
4823,515,429,0
4824,515,725,0
4825,515,491,0
4826,515,784,0
4827,515,792,0
4828,515,486,0
4829,515,42,0
4830,515,24,0
4831,515,421,0
4832,515,776,0
4833,515,536,0
4834,515,120,0
4835,515,748,0
4836,515,272,0
4837,515,680,0
4838,515,518,0
4839,515,612,0
4840,515,144,0
4841,515,341,0
4842,515,660,0
4843,515,187,0
4844,515,506,0
4845,515,629,0
4846,515,641,0
4847,515,800,0
4848,515,415,0
4849,515,247,0
4850,515,30,0
4851,515,126,0
4852,515,414,0
4853,515,52,0
4854,515,710,0
4855,515,117,0
4856,515,783,0
4857,515,188,0
4858,515,446,0
4859,515,456,0
4860,515,712,0
4861,515,775,0
4862,515,656,0
4863,515,32,0
4864,515,788,0
4865,515,601,0
4866,515,102,0
4867,515,79,0
4868,515,173,0
4869,515,602,0
4870,515,248,0
4871,515,727,0
4872,515,275,0
4873,515,741,0
4874,515,588,0
4875,515,53,0
4876,515,159,0
4877,515,599,0
4878,515,540,0
4879,515,403,0
4880,515,481,0
4881,515,425,0
4882,515,511,0
4883,515,513,0
4884,515,674,0
4885,515,370,0
4886,515,244,0
4887,515,424,0
4888,515,423,0
4889,515,760,0
4890,515,812,0
4891,515,671,0
4892,515,411,0
4893,515,526,0
4894,515,132,0
4895,515,65,0
4896,515,360,0
4897,515,223,0
4898,515,220,0
4899,515,14,0
4900,515,780,0
4901,515,510,0
4902,515,604,0
4903,515,327,0
4904,515,487,0
4905,515,408,0
4906,515,266,0
4907,515,777,0
4908,515,274,0
4909,515,465,0
4910,515,655,0
4911,515,193,0
4912,515,665,0
4913,515,400,0
4914,515,576,0
4915,515,336,0
4916,515,145,0
4917,515,60,0
4918,515,195,0
4919,515,708,0
4920,515,353,0
4921,515,622,0
4922,515,252,0
4923,515,227,0
4924,515,75,0
4925,515,737,0
4926,515,611,0
4927,515,129,0
4928,515,10,0
4929,515,38,0
4930,515,261,0
4931,515,508,0
4932,515,744,0
4933,515,615,0
4934,515,115,0
4935,515,464,0
4936,515,778,0
4937,515,769,0
4938,515,340,0
4939,515,690,0
4940,515,323,0
4941,515,92,0
4942,515,658,0
4943,515,589,0
4944,515,46,0
4945,515,307,0
4946,515,496,0
4947,515,339,0
4948,515,114,0
4949,515,142,0
4950,515,575,0
4951,515,225,0
4952,515,330,0
4953,515,449,0
4954,515,448,0
4955,515,585,0
4956,515,319,0
4957,515,322,0
4958,515,267,0
4959,515,359,0
4960,515,796,0
4961,515,106,0
4962,515,538,0
4963,515,311,0
4964,515,768,0
4965,515,594,0
4966,515,545,0
4967,515,619,0
4968,515,294,0
4969,515,675,0
4970,515,298,0
4971,515,688,0
4972,515,19,0
4973,515,365,0
4974,515,687,0
4975,515,217,0
4976,515,460,0
4977,515,372,0
4978,515,228,0
4979,515,354,0
4980,515,122,0
4981,515,755,0
4982,515,482,0
4983,515,638,0
4984,515,752,0
4985,515,240,0
4986,515,369,0
4987,515,107,0
4988,515,765,0
4989,515,36,0
4990,515,55,0
4991,515,116,0
4992,515,786,0
4993,515,127,0
4994,515,205,0
4995,515,210,0
4996,515,297,0
4997,515,265,0
4998,515,48,0
4999,515,329,0
5000,515,207,0
5001,515,80,0
5002,515,177,0
5003,515,295,0
5004,515,49,0
5005,515,468,0
5006,515,779,0
5007,515,706,0
5008,515,489,0
5009,515,802,0
5010,515,28,0
5011,515,535,0
5012,515,306,0
5013,515,135,0
5014,515,407,0
5015,515,573,0
5016,515,242,0
5017,515,514,0
5018,515,640,0
5019,515,259,0
5020,515,677,0
5021,515,184,0
5022,515,544,0
5023,515,98,0
5024,515,5,0
5025,515,698,0
5026,515,614,0
5027,515,732,0
5028,515,630,0
5029,515,554,0
5030,515,730,0
5031,515,221,0
5032,515,662,0
5033,515,600,0
5034,515,531,0
5035,515,15,0
5036,515,766,0
5037,515,728,0
5038,515,233,0
5039,515,644,0
5040,515,620,0
5041,515,119,0
5042,515,310,0
5043,515,603,0
5044,515,490,0
5045,515,605,0
5046,515,529,0
5047,515,21,0
5048,515,239,0
5049,515,345,0
5050,515,218,0
5051,515,192,0
5052,515,420,0
5053,515,579,0
5054,515,459,0
5055,515,285,0
5056,515,105,0
5057,515,216,0
5058,515,16,0
5059,515,516,0
5060,515,206,0
5061,515,171,0
5062,515,713,0
5063,515,431,0
5064,515,583,0
5065,515,749,0
5066,515,357,0
5067,515,180,0
5068,515,4,0
5069,515,270,0
5070,515,399,0
5071,515,654,0
5072,515,231,0
5073,515,463,0
5074,515,377,0
5075,515,621,0
5076,515,243,0
5077,515,383,0
5078,515,208,0
5079,515,740,0
5080,515,64,0
5081,515,525,0
5082,515,771,0
5083,515,89,0
5084,515,682,0
5085,515,454,0
5086,515,471,0
5087,515,683,0
5088,515,304,0
5089,515,651,0
5090,515,761,0
5091,515,255,0
5092,515,559,0
5093,515,628,0
5094,515,74,0
5095,515,428,0
5096,515,151,0
5097,515,326,0
5098,515,432,0
5099,515,461,0
5100,515,512,0
5101,515,816,0
5102,515,551,0
5103,515,747,0
5104,515,637,0
5105,515,666,0
5106,515,502,0
5107,515,500,0
5108,515,258,0
5109,515,811,0
5110,515,181,0
5111,515,560,0
5112,515,439,0
5113,515,163,0
5114,515,444,0
5115,515,147,0
5116,515,170,0
5117,515,343,0
5118,515,108,0
5119,515,264,0
5120,515,584,0
5121,515,68,0
5122,515,435,0
5123,515,451,0
5124,515,566,0
5125,515,580,0
5126,515,190,0
5127,515,434,0
5128,515,368,0
5129,515,592,0
5130,515,235,0
5131,515,633,0
5132,515,292,0
5133,515,770,0
5134,515,249,0
5135,515,695,0
5136,515,303,0
5137,515,591,0
5138,515,553,0
5139,515,734,0
5140,515,469,0
5141,515,384,0
5142,515,25,0
5143,515,375,0
5144,515,273,0
5145,515,447,0
5146,515,373,0
5147,515,746,0
5148,515,347,0
5149,515,17,0
5150,515,781,0
5151,515,691,0
5152,515,397,0
5153,515,791,0
5154,515,743,0
5155,515,204,0
5156,515,470,0
5157,515,668,0
5158,515,189,0
5159,515,815,0
5160,515,378,0
5161,515,305,0
5162,515,709,0
5163,515,462,0
5164,515,701,0
5165,515,291,0
5166,515,503,0
5167,515,316,0
5168,515,256,0
5169,515,442,0
5170,515,745,0
5171,515,18,0
5172,515,155,0
5173,515,569,0
5174,515,742,0
5175,515,537,0
5176,515,103,0
5177,515,819,0
5178,515,364,0
5179,515,90,0
5180,515,797,0
5181,515,148,0
5182,515,596,0
5183,515,532,0
5184,515,141,0
5185,515,754,0
5186,515,577,0
5187,515,437,0
5188,515,497,0
5189,515,263,0
5190,515,296,0
5191,515,222,0
5192,515,524,0
5193,515,250,0
5194,515,556,0
5195,515,409,0
5196,515,548,0
5197,515,422,0
5198,515,613,0
5199,515,346,0
5200,515,478,0
5201,520,682,0
5202,520,635,0
5203,520,667,0
5204,520,800,0
5205,520,199,0
5206,520,230,0
5207,520,150,0
5208,520,400,0
5209,520,289,0
5210,520,238,0
5211,520,639,0
5212,520,75,0
5213,520,194,0
5214,520,421,0
5215,520,309,0
5216,520,566,0
5217,520,296,0
5218,520,215,0
5219,520,676,0
5220,520,735,0
5221,520,649,0
5222,520,494,0
5223,520,654,0
5224,520,181,0
5225,520,480,0
5226,520,107,0
5227,520,811,0
5228,520,115,0
5229,520,352,0
5230,520,94,0
5231,520,426,0
5232,520,365,0
5233,520,613,0
5234,520,293,0
5235,520,487,0
5236,520,240,0
5237,520,160,0
5238,520,58,0
5239,520,29,0
5240,520,753,0
5241,520,328,0
5242,520,263,0
5243,520,491,0
5244,520,259,0
5245,520,531,0
5246,520,462,0
5247,520,755,0
5248,520,248,0
5249,520,320,0
5250,520,472,0
5251,520,634,0
5252,520,794,0
5253,520,781,0
5254,520,281,0
5255,520,79,0
5256,520,155,0
5257,520,422,0
5258,520,618,0
5259,520,288,0
5260,520,772,0
5261,520,397,0
5262,520,311,0
5263,520,412,0
5264,520,758,0
5265,520,658,0
5266,520,219,0
5267,520,730,0
5268,520,739,0
5269,520,628,0
5270,520,717,0
5271,520,439,0
5272,520,214,0
5273,520,557,0
5274,520,816,0
5275,520,414,0
5276,520,139,0
5277,520,142,0
5278,520,419,0
5279,520,396,0
5280,520,242,0
5281,520,581,0
5282,520,316,0
5283,520,791,0
5284,520,479,0
5285,520,195,0
5286,520,589,0
5287,520,25,0
5288,520,132,0
5289,520,88,0
5290,520,815,0
5291,520,147,0
5292,520,464,0
5293,520,298,0
5294,520,668,0
5295,520,644,0
5296,520,592,0
5297,520,209,0
5298,520,391,0
5299,520,131,0
5300,520,48,0
5301,520,535,0
5302,520,750,0
5303,520,334,0
5304,520,91,0
5305,520,507,0
5306,520,12,0
5307,520,782,0
5308,520,483,0
5309,520,805,0
5310,520,257,0
5311,520,530,0
5312,520,166,0
5313,520,435,0
5314,520,366,0
5315,520,702,0
5316,520,511,0
5317,520,5,0
5318,520,125,0
5319,520,611,0
5320,520,408,0
5321,520,11,0
5322,520,709,0
5323,520,38,0
5324,520,449,0
5325,520,633,0
5326,520,108,0
5327,520,795,0
5328,520,78,0
5329,520,703,0
5330,520,337,0
5331,520,373,0
5332,520,733,0
5333,520,375,0
5334,520,616,0
5335,520,315,0
5336,520,106,0
5337,520,175,0
5338,520,30,0
5339,520,434,0
5340,520,722,0
5341,520,126,0
5342,520,777,0
5343,520,572,0
5344,520,574,0
5345,520,789,0
5346,520,440,0
5347,520,341,0
5348,520,19,0
5349,520,637,0
5350,520,615,0
5351,520,16,0
5352,520,22,0
5353,520,153,0
5354,520,270,0
5355,520,35,0
5356,520,553,0
5357,520,207,0
5358,520,213,0
5359,520,537,0
5360,520,588,0
5361,520,776,0
5362,520,813,0
5363,520,177,0
5364,520,245,0
5365,520,415,0
5366,520,378,0
5367,520,143,0
5368,520,626,0
5369,520,552,0
5370,520,665,0
5371,520,32,0
5372,520,459,0
5373,520,40,0
5374,520,499,0
5375,520,227,0
5376,520,692,0
5377,520,62,0
5378,520,659,0
5379,520,528,0
5380,520,508,0
5381,520,477,0
5382,520,137,0
5383,520,787,0
5384,520,236,0
5385,520,573,0
5386,520,134,0
5387,520,773,0
5388,520,680,0
5389,520,560,0
5390,520,536,0
5391,520,367,0
5392,520,377,0
5393,520,250,0
5394,520,493,0
5395,520,354,0
5396,520,220,0
5397,520,694,0
5398,520,404,0
5399,520,734,0
5400,520,453,0
5401,520,246,0
5402,520,402,0
5403,520,89,0
5404,520,13,0
5405,520,533,0
5406,520,93,0
5407,520,546,0
5408,520,517,0
5409,520,372,0
5410,520,424,0
5411,520,339,0
5412,520,492,0
5413,520,329,0
5414,520,534,0
5415,520,681,0
5416,520,769,0
5417,520,283,0
5418,520,192,0
5419,520,476,0
5420,520,111,0
5421,520,429,0
5422,520,305,0
5423,520,490,0
5424,520,558,0
5425,520,193,0
5426,520,34,0
5427,520,621,0
5428,520,463,0
5429,520,689,0
5430,520,796,0
5431,520,133,0
5432,520,128,0
5433,520,176,0
5434,520,597,0
5435,520,15,0
5436,520,432,0
5437,520,361,0
5438,520,497,0
5439,520,651,0
5440,520,801,0
5441,520,669,0
5442,520,697,0
5443,520,562,0
5444,520,522,0
5445,520,343,0
5446,520,543,0
5447,520,646,0
5448,520,171,0
5449,520,284,0
5450,520,117,0
5451,520,380,0
5452,520,324,0
5453,520,526,0
5454,520,83,0
5455,520,7,0
5456,520,671,0
5457,520,503,0
5458,520,661,0
5459,520,806,0
5460,520,642,0
5461,520,726,0
5462,520,590,0
5463,520,251,0
5464,520,538,0
5465,520,454,0
5466,520,351,0
5467,520,53,0
5468,520,200,0
5469,520,544,0
5470,520,509,0
5471,520,162,0
5472,520,506,0
5473,520,287,0
5474,520,693,0
5475,520,674,0
5476,520,286,0
5477,520,786,0
5478,520,457,0
5479,520,700,0
5480,520,605,0
5481,520,759,0
5482,520,701,0
5483,520,1,0
5484,520,138,0
5485,520,601,0
5486,520,478,0
5487,520,65,0
5488,520,356,0
5489,520,360,0
5490,520,371,0
5491,520,441,0
5492,520,744,0
5493,520,385,0
5494,520,705,0
5495,520,56,0
5496,520,66,0
5497,520,698,0
5498,520,383,0
5499,520,276,0
5500,520,785,0
5501,520,622,0
5502,520,234,0
5503,520,190,0
5504,520,747,0
5505,520,355,0
5506,520,653,0
5507,520,275,0
5508,520,212,0
5509,520,332,0
5510,520,279,0
5511,520,820,0
5512,520,679,0
5513,520,359,0
5514,520,436,0
5515,520,109,0
5516,520,473,0
5517,520,569,0
5518,520,326,0
5519,520,485,0
5520,520,71,0
5521,520,748,0
5522,520,685,0
5523,520,450,0
5524,520,802,0
5525,520,779,0
5526,520,191,0
5527,520,28,0
5528,520,303,0
5529,520,345,0
5530,520,381,0
5531,520,272,0
5532,520,55,0
5533,520,803,0
5534,520,617,0
5535,520,167,0
5536,520,90,0
5537,520,655,0
5538,520,335,0
5539,520,576,0
5540,520,586,0
5541,520,60,0
5542,520,475,0
5543,520,778,0
5544,520,599,0
5545,520,136,0
5546,520,471,0
5547,520,486,0
5548,520,327,0
5549,520,180,0
5550,520,44,0
5551,520,684,0
5552,520,575,0
5553,520,683,0
5554,520,237,0
5555,520,85,0
5556,520,52,0
5557,520,278,0
5558,520,144,0
5559,520,26,0
5560,520,156,0
5561,520,353,0
5562,520,105,0
5563,520,407,0
5564,520,67,0
5565,520,460,0
5566,520,368,0
5567,520,469,0
5568,520,768,0
5569,520,33,0
5570,520,583,0
5571,520,754,0
5572,520,49,0
5573,520,76,0
5574,520,556,0
5575,520,317,0
5576,520,172,0
5577,520,50,0
5578,520,663,0
5579,520,146,0
5580,520,123,0
5581,520,587,0
5582,520,521,0
5583,520,549,0
5584,520,515,0
5585,520,97,0
5586,520,10,0
5587,520,767,0
5588,520,182,0
5589,520,100,0
5590,520,231,0
5591,520,504,0
5592,520,306,0
5593,520,285,0
5594,520,170,0
5595,520,757,0
5596,520,154,0
5597,520,211,0
5598,520,103,0
5599,520,525,0
5600,520,645,0
5601,520,554,0
5602,520,224,0
5603,520,330,0
5604,520,465,0
5605,520,2,0
5606,520,204,0
5607,520,788,0
5608,520,232,0
5609,520,765,0
5610,520,774,0
5611,520,47,0
5612,520,428,0
5613,520,161,0
5614,520,568,0
5615,520,542,0
5616,520,208,0
5617,520,458,0
5618,520,571,0
5619,520,527,0
5620,520,766,0
5621,520,301,0
5622,520,604,0
5623,520,541,0
5624,520,715,0
5625,520,809,0
5626,520,145,0
5627,520,120,0
5628,520,818,0
5629,520,27,0
5630,520,496,0
5631,520,92,0
5632,520,567,0
5633,520,519,0
5634,520,721,0
5635,520,18,0
5636,520,239,0
5637,520,752,0
5638,520,384,0
5639,520,164,0
5640,520,98,0
5641,520,742,0
5642,520,607,0
5643,520,363,0
5644,520,775,0
5645,520,595,0
5646,520,749,0
5647,520,498,0
5648,520,165,0
5649,520,656,0
5650,520,218,0
5651,520,216,0
5652,520,561,0
5653,520,255,0
5654,520,189,0
5655,520,403,0
5656,520,290,0
5657,520,196,0
5658,520,713,0
5659,520,36,0
5660,520,808,0
5661,520,585,0
5662,520,447,0
5663,520,647,0
5664,520,756,0
5665,520,253,0
5666,520,727,0
5667,520,113,0
5668,520,448,0
5669,520,21,0
5670,520,252,0
5671,521,341,0
5672,521,720,0
5673,521,665,0
5674,521,532,0
5675,521,621,0
5676,521,653,0
5677,521,372,0
5678,521,636,0
5679,521,739,0
5680,521,290,0
5681,521,189,0
5682,521,96,0
5683,521,610,0
5684,521,329,0
5685,521,527,0
5686,521,228,0
5687,521,601,0
5688,521,249,0
5689,521,90,0
5690,521,286,0
5691,521,24,0
5692,521,160,0
5693,521,672,0
5694,521,330,0
5695,521,609,0
5696,521,669,0
5697,521,589,0
5698,521,710,0
5699,521,453,0
5700,521,773,0
5701,521,543,0
5702,521,537,0
5703,521,628,0
5704,521,48,0
5705,521,318,0
5706,521,188,0
5707,521,427,0
5708,521,244,0
5709,521,482,0
5710,521,420,0
5711,521,576,0
5712,521,447,0
5713,521,701,0
5714,521,754,0
5715,521,666,0
5716,521,148,0
5717,521,379,0
5718,521,446,0
5719,521,233,0
5720,521,309,0
5721,521,384,0
5722,521,326,0
5723,521,570,0
5724,521,155,0
5725,521,721,0
5726,521,354,0
5727,521,733,0
5728,521,519,0
5729,521,625,0
5730,521,746,0
5731,521,472,0
5732,521,367,0
5733,521,13,0
5734,521,731,0
5735,521,545,0
5736,521,260,0
5737,521,335,0
5738,521,571,0
5739,521,4,0
5740,521,633,0
5741,521,791,0
5742,521,745,0
5743,521,805,0
5744,521,368,0
5745,521,728,0
5746,521,124,0
5747,521,612,0
5748,521,196,0
5749,521,816,0
5750,521,146,0
5751,521,230,0
5752,521,623,0
5753,521,520,0
5754,521,737,0
5755,521,613,0
5756,521,221,0
5757,521,598,0
5758,521,256,0
5759,521,608,0
5760,521,469,0
5761,521,585,0
5762,521,591,0
5763,521,257,0
5764,521,119,0
5765,521,713,0
5766,521,470,0
5767,521,265,0
5768,521,614,0
5769,521,385,0
5770,521,97,0
5771,521,414,0
5772,521,679,0
5773,521,59,0
5774,521,391,0
5775,521,1,0
5776,521,631,0
5777,521,143,0
5778,521,432,0
5779,521,580,0
5780,521,771,0
5781,521,620,0
5782,521,361,0
5783,521,413,0
5784,521,590,0
5785,521,288,0
5786,521,7,0
5787,521,552,0
5788,521,635,0
5789,521,115,0
5790,521,553,0
5791,521,37,0
5792,521,656,0
5793,521,275,0
5794,521,213,0
5795,521,298,0
5796,521,93,0
5797,521,455,0
5798,521,795,0
5799,521,777,0
5800,521,783,0
5801,521,618,0
5802,521,172,0
5803,521,616,0
5804,521,588,0
5805,521,642,0
5806,521,459,0
5807,521,344,0
5808,521,240,0
5809,521,607,0
5810,521,311,0
5811,521,786,0
5812,521,697,0
5813,521,86,0
5814,521,215,0
5815,521,508,0
5816,521,122,0
5817,521,357,0
5818,521,488,0
5819,521,117,0
5820,521,582,0
5821,521,225,0
5822,521,362,0
5823,521,781,0
5824,521,324,0
5825,521,39,0
5826,521,637,0
5827,521,442,0
5828,521,246,0
5829,521,130,0
5830,521,6,0
5831,521,185,0
5832,521,26,0
5833,521,99,0
5834,521,726,0
5835,521,218,0
5836,521,383,0
5837,521,735,0
5838,521,483,0
5839,521,605,0
5840,521,595,0
5841,521,193,0
5842,521,289,0
5843,521,202,0
5844,521,378,0
5845,521,301,0
5846,521,804,0
5847,521,156,0
5848,521,440,0
5849,521,496,0
5850,521,725,0
5851,521,162,0
5852,521,667,0
5853,521,538,0
5854,521,346,0
5855,521,457,0
5856,521,410,0
5857,521,536,0
5858,521,118,0
5859,521,251,0
5860,521,144,0
5861,521,673,0
5862,521,594,0
5863,521,76,0
5864,521,175,0
5865,521,277,0
5866,521,602,0
5867,521,382,0
5868,521,431,0
5869,521,171,0
5870,521,419,0
5871,521,141,0
5872,521,583,0
5873,521,523,0
5874,521,422,0
5875,521,101,0
5876,521,331,0
5877,521,769,0
5878,521,219,0
5879,521,778,0
5880,521,84,0
5881,521,768,0
5882,521,559,0
5883,521,51,0
5884,521,239,0
5885,521,364,0
5886,521,242,0
5887,521,186,0
5888,521,396,0
5889,521,516,0
5890,521,75,0
5891,521,485,0
5892,521,445,0
5893,521,285,0
5894,521,659,0
5895,521,441,0
5896,521,706,0
5897,521,744,0
5898,521,738,0
5899,521,654,0
5900,521,77,0
5901,521,622,0
5902,521,33,0
5903,521,490,0
5904,521,634,0
5905,521,478,0
5906,521,412,0
5907,521,199,0
5908,521,131,0
5909,521,11,0
5910,521,102,0
5911,521,811,0
5912,521,73,0
5913,521,306,0
5914,521,650,0
5915,521,533,0
5916,521,136,0
5917,521,211,0
5918,521,715,0
5919,521,80,0
5920,521,158,0
5921,521,655,0
5922,521,686,0
5923,521,742,0
5924,521,554,0
5925,521,397,0
5926,521,259,0
5927,521,209,0
5928,521,262,0
5929,521,797,0
5930,521,62,0
5931,521,194,0
5932,521,333,0
5933,521,740,0
5934,521,683,0
5935,521,56,0
5936,521,314,0
5937,521,267,0
5938,521,253,0
5939,521,192,0
5940,521,299,0
5941,521,376,0
5942,521,321,0
5943,521,491,0
5944,521,197,0
5945,521,562,0
5946,521,639,0
5947,521,567,0
5948,521,484,0
5949,521,424,0
5950,521,429,0
5951,521,492,0
5952,521,295,0
5953,521,375,0
5954,521,819,0
5955,521,802,0
5956,521,355,0
5957,521,556,0
5958,521,393,0
5959,521,663,0
5960,521,806,0
5961,521,179,0
5962,521,2,0
5963,521,418,0
5964,521,435,0
5965,521,283,0
5966,521,10,0
5967,521,761,0
5968,521,94,0
5969,521,294,0
5970,521,157,0
5971,521,154,0
5972,521,548,0
5973,521,220,0
5974,521,415,0
5975,521,201,0
5976,521,58,0
5977,521,272,0
5978,521,454,0
5979,521,112,0
5980,521,264,0
5981,521,563,0
5982,521,428,0
5983,521,350,0
5984,521,569,0
5985,521,22,0
5986,521,798,0
5987,521,359,0
5988,521,149,0
5989,521,398,0
5990,521,181,0
5991,521,644,0
5992,521,810,0
5993,521,531,0
5994,521,165,0
5995,521,279,0
5996,521,747,0
5997,521,269,0
5998,521,547,0
5999,521,464,0
6000,521,352,0
6001,521,774,0
6002,521,150,0
6003,521,238,0
6004,521,463,0
6005,521,274,0
6006,521,448,0
6007,521,801,0
6008,521,123,0
6009,521,426,0
6010,521,226,0
6011,521,784,0
6012,521,467,0
6013,521,263,0
6014,521,425,0
6015,521,514,0
6016,521,152,0
6017,521,724,0
6018,521,167,0
6019,521,566,0
6020,521,407,0
6021,521,702,0
6022,521,676,0
6023,521,261,0
6024,521,789,0
6025,521,624,0
6026,521,477,0
6027,521,758,0
6028,521,207,0
6029,521,15,0
6030,521,578,0
6031,521,660,0
6032,521,600,0
6033,521,163,0
6034,521,687,0
6035,521,103,0
6036,521,307,0
6037,521,30,0
6038,521,417,0
6039,521,800,0
6040,521,3,0
6041,521,395,0
6042,521,691,0
6043,521,481,0
6044,521,223,0
6045,521,794,0
6046,521,526,0
6047,521,434,0
6048,521,164,0
6049,521,45,0
6050,521,137,0
6051,521,606,0
6052,521,652,0
6053,521,416,0
6054,521,21,0
6055,521,512,0
6056,521,684,0
6057,521,694,0
6058,521,461,0
6059,521,657,0
6060,521,468,0
6061,521,254,0
6062,521,28,0
6063,521,182,0
6064,521,81,0
6065,521,730,0
6066,521,198,0
6067,521,689,0
6068,521,281,0
6069,521,709,0
6070,521,400,0
6071,521,43,0
6072,521,542,0
6073,521,513,0
6074,521,304,0
6075,521,714,0
6076,521,403,0
6077,521,406,0
6078,521,411,0
6079,521,360,0
6080,521,356,0
6081,521,66,0
6082,521,322,0
6083,521,723,0
6084,521,753,0
6085,521,511,0
6086,521,780,0
6087,521,627,0
6088,521,17,0
6089,521,762,0
6090,521,128,0
6091,521,31,0
6092,521,64,0
6093,521,109,0
6094,521,363,0
6095,521,471,0
6096,521,668,0
6097,521,501,0
6098,521,349,0
6099,521,54,0
6100,521,316,0
6101,521,680,0
6102,521,743,0
6103,521,787,0
6104,521,539,0
6105,521,366,0
6106,521,465,0
6107,521,208,0
6108,521,504,0
6109,521,373,0
6110,521,430,0
6111,521,572,0
6112,521,522,0
6113,521,20,0
6114,521,273,0
6115,521,734,0
6116,521,741,0
6117,521,320,0
6118,521,271,0
6119,521,292,0
6120,521,451,0
6121,521,176,0
6122,521,670,0
6123,521,792,0
6124,521,27,0
6125,521,452,0
6126,521,222,0
6127,521,799,0
6128,521,338,0
6129,521,716,0
6130,521,174,0
6131,521,755,0
6132,521,296,0
6133,521,312,0
6134,521,651,0
6135,521,139,0
6136,521,258,0
6137,521,718,0
6138,521,776,0
6139,521,528,0
6140,521,104,0
6141,521,237,0
6142,521,173,0
6143,521,505,0
6144,521,638,0
6145,521,35,0
6146,521,729,0
6147,521,317,0
6148,521,8,0
6149,521,348,0
6150,521,510,0
6151,521,658,0
6152,521,161,0
6153,521,517,0
6154,521,369,0
6155,521,433,0
6156,521,790,0
6157,521,770,0
6158,521,596,0
6159,521,626,0
6160,521,133,0
6161,521,813,0
6162,521,187,0
6163,521,381,0
6164,521,71,0
6165,521,214,0
6166,521,493,0
6167,521,599,0
6168,521,444,0
6169,521,23,0
6170,521,421,0
6171,521,291,0
6172,521,574,0
6173,521,36,0
6174,521,78,0
6175,521,232,0
6176,521,439,0
6177,521,270,0
6178,521,107,0
6179,521,234,0
6180,521,41,0
6181,521,466,0
6182,521,358,0
6183,521,579,0
6184,521,386,0
6185,521,184,0
6186,521,351,0
6187,521,549,0
6188,521,503,0
6189,521,480,0
6190,521,558,0
6191,521,135,0
6192,521,72,0
6193,521,210,0
6194,521,546,0
6195,521,815,0
6196,521,16,0
6197,521,443,0
6198,521,243,0
6199,521,586,0
6200,521,611,0
6201,521,812,0
6202,521,46,0
6203,521,339,0
6204,521,677,0
6205,521,392,0
6206,521,327,0
6207,521,775,0
6208,521,615,0
6209,521,389,0
6210,521,170,0
6211,521,661,0
6212,521,641,0
6213,521,191,0
6214,521,284,0
6215,521,722,0
6216,521,509,0
6217,521,682,0
6218,521,518,0
6219,560,817,0
6220,560,573,0
6221,560,218,0
6222,560,616,0
6223,560,731,0
6224,560,183,0
6225,560,184,0
6226,560,435,0
6227,560,26,0
6228,560,388,0
6229,560,339,0
6230,560,767,0
6231,560,61,0
6232,560,243,0
6233,560,259,0
6234,560,606,0
6235,560,145,0
6236,560,788,0
6237,560,88,0
6238,560,711,0
6239,560,810,0
6240,560,577,0
6241,560,445,0
6242,560,513,0
6243,560,174,0
6244,560,245,0
6245,560,284,0
6246,560,774,0
6247,560,703,0
6248,560,414,0
6249,560,256,0
6250,560,457,0
6251,560,371,0
6252,560,641,0
6253,560,803,0
6254,560,300,0
6255,560,491,0
6256,560,241,0
6257,560,69,0
6258,560,345,0
6259,560,16,0
6260,560,273,0
6261,560,14,0
6262,560,595,0
6263,560,261,0
6264,560,487,0
6265,560,581,0
6266,560,508,0
6267,560,740,0
6268,560,685,0
6269,560,762,0
6270,560,157,0
6271,560,317,0
6272,560,639,0
6273,560,18,0
6274,560,407,0
6275,560,237,0
6276,560,289,0
6277,560,176,0
6278,560,673,0
6279,560,68,0
6280,560,301,0
6281,560,102,0
6282,560,111,0
6283,560,747,0
6284,560,403,0
6285,560,310,0
6286,560,64,0
6287,560,203,0
6288,560,45,0
6289,560,25,0
6290,560,753,0
6291,560,708,0
6292,560,304,0
6293,560,287,0
6294,560,593,0
6295,560,695,0
6296,560,578,0
6297,560,812,0
6298,560,117,0
6299,560,207,0
6300,560,626,0
6301,560,775,0
6302,560,254,0
6303,560,818,0
6304,560,492,0
6305,560,65,0
6306,560,163,0
6307,560,645,0
6308,560,37,0
6309,560,547,0
6310,560,6,0
6311,560,138,0
6312,560,428,0
6313,560,716,0
6314,560,551,0
6315,560,681,0
6316,560,583,0
6317,560,628,0
6318,560,646,0
6319,560,96,0
6320,560,669,0
6321,560,653,0
6322,560,215,0
6323,560,56,0
6324,560,561,0
6325,560,275,0
6326,560,785,0
6327,560,223,0
6328,560,718,0
6329,560,10,0
6330,560,210,0
6331,560,211,0
6332,560,558,0
6333,560,47,0
6334,560,637,0
6335,560,54,0
6336,560,106,0
6337,560,789,0
6338,560,370,0
6339,560,730,0
6340,560,735,0
6341,560,152,0
6342,560,709,0
6343,560,749,0
6344,560,642,0
6345,560,357,0
6346,560,178,0
6347,560,478,0
6348,560,470,0
6349,560,191,0
6350,560,668,0
6351,560,46,0
6352,560,160,0
6353,560,745,0
6354,560,814,0
6355,560,406,0
6356,560,50,0
6357,560,393,0
6358,560,268,0
6359,560,239,0
6360,560,744,0
6361,560,790,0
6362,560,27,0
6363,560,694,0
6364,560,438,0
6365,560,281,0
6366,560,326,0
6367,560,387,0
6368,560,270,0
6369,560,90,0
6370,560,701,0
6371,560,167,0
6372,560,385,0
6373,560,569,0
6374,560,654,0
6375,560,70,0
6376,560,133,0
6377,560,766,0
6378,560,120,0
6379,560,599,0
6380,560,807,0
6381,560,272,0
6382,560,533,0
6383,560,448,0
6384,560,377,0
6385,560,76,0
6386,560,24,0
6387,560,546,0
6388,560,805,0
6389,560,489,0
6390,560,761,0
6391,560,481,0
6392,560,151,0
6393,560,236,0
6394,560,813,0
6395,560,85,0
6396,560,135,0
6397,560,397,0
6398,560,497,0
6399,560,353,0
6400,560,507,0
6401,560,430,0
6402,560,57,0
6403,560,17,0
6404,560,136,0
6405,560,249,0
6406,560,181,0
6407,560,20,0
6408,560,208,0
6409,560,257,0
6410,560,679,0
6411,560,665,0
6412,560,312,0
6413,560,159,0
6414,560,42,0
6415,560,432,0
6416,560,588,0
6417,560,739,0
6418,560,94,0
6419,560,394,0
6420,560,333,0
6421,560,671,0
6422,560,92,0
6423,560,485,0
6424,560,636,0
6425,560,754,0
6426,560,231,0
6427,560,233,0
6428,560,607,0
6429,560,298,0
6430,560,704,0
6431,560,684,0
6432,560,334,0
6433,560,633,0
6434,560,248,0
6435,560,518,0
6436,560,620,0
6437,560,368,0
6438,560,640,0
6439,560,793,0
6440,560,338,0
6441,560,188,0
6442,560,164,0
6443,560,19,0
6444,560,605,0
6445,560,791,0
6446,560,686,0
6447,560,79,0
6448,560,782,0
6449,560,220,0
6450,560,719,0
6451,560,475,0
6452,560,746,0
6453,560,552,0
6454,560,697,0
6455,560,498,0
6456,560,550,0
6457,560,619,0
6458,560,737,0
6459,560,67,0
6460,560,294,0
6461,560,520,0
6462,560,427,0
6463,560,277,0
6464,560,413,0
6465,560,55,0
6466,560,699,0
6467,560,296,0
6468,560,609,0
6469,560,146,0
6470,560,115,0
6471,560,452,0
6472,560,437,0
6473,560,290,0
6474,560,755,0
6475,560,112,0
6476,560,687,0
6477,560,426,0
6478,560,322,0
6479,560,538,0
6480,560,28,0
6481,560,514,0
6482,560,295,0
6483,560,713,0
6484,560,500,0
6485,560,395,0
6486,560,297,0
6487,560,635,0
6488,560,476,0
6489,560,585,0
6490,560,198,0
6491,560,758,0
6492,560,443,0
6493,560,597,0
6494,560,242,0
6495,560,488,0
6496,560,29,0
6497,560,343,0
6498,560,346,0
6499,560,801,0
6500,560,362,0
6501,560,503,0
6502,560,664,0
6503,560,59,0
6504,560,107,0
6505,560,779,0
6506,560,36,0
6507,560,75,0
6508,560,554,0
6509,560,480,0
6510,560,549,0
6511,560,794,0
6512,560,348,0
6513,560,137,0
6514,560,246,0
6515,560,229,0
6516,560,53,0
6517,560,221,0
6518,560,1,0
6519,560,647,0
6520,560,252,0
6521,560,217,0
6522,560,490,0
6523,560,23,0
6524,560,169,0
6525,560,672,0
6526,560,214,0
6527,560,659,0
6528,560,563,0
6529,560,463,0
6530,560,306,0
6531,560,110,0
6532,560,194,0
6533,560,392,0
6534,560,725,0
6535,560,611,0
6536,560,366,0
6537,560,66,0
6538,560,800,0
6539,560,493,0
6540,560,409,0
6541,560,778,0
6542,560,501,0
6543,560,205,0
6544,560,615,0
6545,560,80,0
6546,560,536,0
6547,560,21,0
6548,560,95,0
6549,560,77,0
6550,560,313,0
6551,560,780,0
6552,560,342,0
6553,560,416,0
6554,560,411,0
6555,560,522,0
6556,560,499,0
6557,560,224,0
6558,560,381,0
6559,560,715,0
6560,560,305,0
6561,560,251,0
6562,560,332,0
6563,560,113,0
6564,560,483,0
6565,560,751,0
6566,560,286,0
6567,560,404,0
6568,560,41,0
6569,560,667,0
6570,560,265,0
6571,560,213,0
6572,560,795,0
6573,560,494,0
6574,560,690,0
6575,560,7,0
6576,560,592,0
6577,560,302,0
6578,560,705,0
6579,560,526,0
6580,560,71,0
6581,560,170,0
6582,560,279,0
6583,560,292,0
6584,560,600,0
6585,560,555,0
6586,560,612,0
6587,560,250,0
6588,560,724,0
6589,560,122,0
6590,560,543,0
6591,560,189,0
6592,560,591,0
6593,560,772,0
6594,560,402,0
6595,560,540,0
6596,560,734,0
6597,560,417,0
6598,560,379,0
6599,560,582,0
6600,560,516,0
6601,560,153,0
6602,560,799,0
6603,560,567,0
6604,560,97,0
6605,560,756,0
6606,560,422,0
6607,560,505,0
6608,560,74,0
6609,560,234,0
6610,560,786,0
6611,560,439,0
6612,560,455,0
6613,560,43,0
6614,560,372,0
6615,560,171,0
6616,560,741,0
6617,560,412,0
6618,560,101,0
6619,560,651,0
6620,560,328,0
6621,560,162,0
6622,560,143,0
6623,560,618,0
6624,560,765,0
6625,560,621,0
6626,560,511,0
6627,560,128,0
6628,560,666,0
6629,560,89,0
6630,560,12,0
6631,560,683,0
6632,560,420,0
6633,560,11,0
6634,560,63,0
6635,560,698,0
6636,560,781,0
6637,560,722,0
6638,560,712,0
6639,560,461,0
6640,560,206,0
6641,560,303,0
6642,560,624,0
6643,560,48,0
6644,560,9,0
6645,560,192,0
6646,560,354,0
6647,560,81,0
6648,560,441,0
6649,560,139,0
6650,560,589,0
6651,560,677,0
6652,560,204,0
6653,560,517,0
6654,560,532,0
6655,560,324,0
6656,560,244,0
6657,560,537,0
6658,560,632,0
6659,560,118,0
6660,560,193,0
6661,560,576,0
6662,560,212,0
6663,560,327,0
6664,560,356,0
6665,560,784,0
6666,560,391,0
6667,560,142,0
6668,560,504,0
6669,560,405,0
6670,560,539,0
6671,560,58,0
6672,560,5,0
6673,560,771,0
6674,560,720,0
6675,560,93,0
6676,560,660,0
6677,560,534,0
6678,560,608,0
6679,560,350,0
6680,560,542,0
6681,560,700,0
6682,560,331,0
6683,560,408,0
6684,560,541,0
6685,560,596,0
6686,560,477,0
6687,560,2,0
6688,560,469,0
6689,560,349,0
6690,560,365,0
6691,560,502,0
6692,560,575,0
6693,560,802,0
6694,560,680,0
6695,560,314,0
6696,560,253,0
6697,560,707,0
6698,560,702,0
6699,560,360,0
6700,560,691,0
6701,560,280,0
6702,560,330,0
6703,560,267,0
6704,560,285,0
6705,560,652,0
6706,560,682,0
6707,560,355,0
6708,560,548,0
6709,560,630,0
6710,560,31,0
6711,560,529,0
6712,560,809,0
6713,560,623,0
6714,560,335,0
6715,560,451,0
6716,560,564,0
6717,560,351,0
6718,560,247,0
6719,560,108,0
6720,560,446,0
6721,560,186,0
6722,560,777,0
6723,560,219,0
6724,560,103,0
6725,560,617,0
6726,560,459,0
6727,560,172,0
6728,560,87,0
6729,560,230,0
6730,597,199,0
6731,597,217,0
6732,597,528,0
6733,597,748,0
6734,597,497,0
6735,597,110,0
6736,597,289,0
6737,597,612,0
6738,597,349,0
6739,597,773,0
6740,597,163,0
6741,597,333,0
6742,597,596,0
6743,597,22,0
6744,597,768,0
6745,597,230,0
6746,597,201,0
6747,597,28,0
6748,597,524,0
6749,597,591,0
6750,597,321,0
6751,597,541,0
6752,597,133,0
6753,597,560,0
6754,597,739,0
6755,597,742,0
6756,597,347,0
6757,597,733,0
6758,597,385,0
6759,597,99,0
6760,597,613,0
6761,597,122,0
6762,597,17,0
6763,597,109,0
6764,597,382,0
6765,597,326,0
6766,597,124,0
6767,597,243,0
6768,597,519,0
6769,597,427,0
6770,597,709,0
6771,597,293,0
6772,597,418,0
6773,597,13,0
6774,597,390,0
6775,597,95,0
6776,597,275,0
6777,597,85,0
6778,597,740,0
6779,597,113,0
6780,597,174,0
6781,597,334,0
6782,597,687,0
6783,597,125,0
6784,597,132,0
6785,597,678,0
6786,597,254,0
6787,597,119,0
6788,597,720,0
6789,597,532,0
6790,597,87,0
6791,597,542,0
6792,597,774,0
6793,597,775,0
6794,597,546,0
6795,597,261,0
6796,597,512,0
6797,597,444,0
6798,597,573,0
6799,597,715,0
6800,597,660,0
6801,597,792,0
6802,597,194,0
6803,597,71,0
6804,597,547,0
6805,597,328,0
6806,597,551,0
6807,597,283,0
6808,597,297,0
6809,597,567,0
6810,597,337,0
6811,597,581,0
6812,597,121,0
6813,597,572,0
6814,597,405,0
6815,597,300,0
6816,597,475,0
6817,597,127,0
6818,597,458,0
6819,597,430,0
6820,597,136,0
6821,597,100,0
6822,597,265,0
6823,597,48,0
6824,597,600,0
6825,597,251,0
6826,597,140,0
6827,597,641,0
6828,597,177,0
6829,597,717,0
6830,597,378,0
6831,597,373,0
6832,597,319,0
6833,597,480,0
6834,597,53,0
6835,597,649,0
6836,597,200,0
6837,597,91,0
6838,597,676,0
6839,597,166,0
6840,597,440,0
6841,597,623,0
6842,597,172,0
6843,597,794,0
6844,597,719,0
6845,597,797,0
6846,597,539,0
6847,597,422,0
6848,597,757,0
6849,597,755,0
6850,597,561,0
6851,597,683,0
6852,597,355,0
6853,597,105,0
6854,597,624,0
6855,597,114,0
6856,597,552,0
6857,597,301,0
6858,597,388,0
6859,597,156,0
6860,597,808,0
6861,597,433,0
6862,597,438,0
6863,597,344,0
6864,597,310,0
6865,597,286,0
6866,597,482,0
6867,597,566,0
6868,597,306,0
6869,597,317,0
6870,597,362,0
6871,597,533,0
6872,597,501,0
6873,597,253,0
6874,597,428,0
6875,597,167,0
6876,597,96,0
6877,597,387,0
6878,597,43,0
6879,597,477,0
6880,597,435,0
6881,597,538,0
6882,597,305,0
6883,597,673,0
6884,597,807,0
6885,597,555,0
6886,597,803,0
6887,597,467,0
6888,597,57,0
6889,597,810,0
6890,597,277,0
6891,597,419,0
6892,597,139,0
6893,597,221,0
6894,597,809,0
6895,597,250,0
6896,597,523,0
6897,597,589,0
6898,597,187,0
6899,597,5,0
6900,597,270,0
6901,597,636,0
6902,597,800,0
6903,597,157,0
6904,597,646,0
6905,597,605,0
6906,597,193,0
6907,597,730,0
6908,597,393,0
6909,597,323,0
6910,597,781,0
6911,597,634,0
6912,597,633,0
6913,597,56,0
6914,597,164,0
6915,597,206,0
6916,597,288,0
6917,597,145,0
6918,597,474,0
6919,597,468,0
6920,597,455,0
6921,597,592,0
6922,597,765,0
6923,597,24,0
6924,597,526,0
6925,597,338,0
6926,597,616,0
6927,597,225,0
6928,597,19,0
6929,597,619,0
6930,597,609,0
6931,597,574,0
6932,597,517,0
6933,597,697,0
6934,597,675,0
6935,597,530,0
6936,597,273,0
6937,597,460,0
6938,597,82,0
6939,597,181,0
6940,597,707,0
6941,597,208,0
6942,597,563,0
6943,597,153,0
6944,597,340,0
6945,597,780,0
6946,597,394,0
6947,597,611,0
6948,597,728,0
6949,597,353,0
6950,597,485,0
6951,597,102,0
6952,597,101,0
6953,597,41,0
6954,597,682,0
6955,597,97,0
6956,597,315,0
6957,597,691,0
6958,597,785,0
6959,597,595,0
6960,597,366,0
6961,597,212,0
6962,597,791,0
6963,597,502,0
6964,597,287,0
6965,597,750,0
6966,597,160,0
6967,597,562,0
6968,597,736,0
6969,597,705,0
6970,597,593,0
6971,597,505,0
6972,597,165,0
6973,597,714,0
6974,597,271,0
6975,597,14,0
6976,597,631,0
6977,597,529,0
6978,597,218,0
6979,597,52,0
6980,597,314,0
6981,597,725,0
6982,597,16,0
6983,597,518,0
6984,597,327,0
6985,597,424,0
6986,597,483,0
6987,597,176,0
6988,597,601,0
6989,597,685,0
6990,597,628,0
6991,597,356,0
6992,597,44,0
6993,597,657,0
6994,597,671,0
6995,597,282,0
6996,597,487,0
6997,597,729,0
6998,597,198,0
6999,597,789,0
7000,597,118,0
7001,597,263,0
7002,597,295,0
7003,597,252,0
7004,597,429,0
7005,597,495,0
7006,597,726,0
7007,597,525,0
7008,597,668,0
7009,597,639,0
7010,597,182,0
7011,597,130,0
7012,597,408,0
7013,597,722,0
7014,597,307,0
7015,597,92,0
7016,597,711,0
7017,597,544,0
7018,597,690,0
7019,597,54,0
7020,597,454,0
7021,597,443,0
7022,597,465,0
7023,597,304,0
7024,597,291,0
7025,597,698,0
7026,597,818,0
7027,597,621,0
7028,597,723,0
7029,597,26,0
7030,597,486,0
7031,597,746,0
7032,597,516,0
7033,597,632,0
7034,597,760,0
7035,597,761,0
7036,597,622,0
7037,597,500,0
7038,597,256,0
7039,597,413,0
7040,597,352,0
7041,597,303,0
7042,597,111,0
7043,597,665,0
7044,597,696,0
7045,597,398,0
7046,597,64,0
7047,597,6,0
7048,597,336,0
7049,597,345,0
7050,597,650,0
7051,597,38,0
7052,597,51,0
7053,597,247,0
7054,597,580,0
7055,597,708,0
7056,597,1,0
7057,597,738,0
7058,597,106,0
7059,597,407,0
7060,597,107,0
7061,597,575,0
7062,597,260,0
7063,597,815,0
7064,597,610,0
7065,597,492,0
7066,597,266,0
7067,597,242,0
7068,597,138,0
7069,597,432,0
7070,597,712,0
7071,597,296,0
7072,597,763,0
7073,597,731,0
7074,597,508,0
7075,597,777,0
7076,597,343,0
7077,597,445,0
7078,597,568,0
7079,597,146,0
7080,597,59,0
7081,597,692,0
7082,597,386,0
7083,597,246,0
7084,597,404,0
7085,597,281,0
7086,597,126,0
7087,597,103,0
7088,597,30,0
7089,597,236,0
7090,597,79,0
7091,597,50,0
7092,597,661,0
7093,597,618,0
7094,597,635,0
7095,597,449,0
7096,597,695,0
7097,597,2,0
7098,597,33,0
7099,597,540,0
7100,597,787,0
7101,597,202,0
7102,597,150,0
7103,597,35,0
7104,597,784,0
7105,597,257,0
7106,597,209,0
7107,597,364,0
7108,597,31,0
7109,597,437,0
7110,597,381,0
7111,597,515,0
7112,597,476,0
7113,597,602,0
7114,597,108,0
7115,597,37,0
7116,597,298,0
7117,597,278,0
7118,597,320,0
7119,597,210,0
7120,597,558,0
7121,597,473,0
7122,597,339,0
7123,597,116,0
7124,597,664,0
7125,597,463,0
7126,597,677,0
7127,597,788,0
7128,597,90,0
7129,597,332,0
7130,597,63,0
7131,597,269,0
7132,597,767,0
7133,597,406,0
7134,597,161,0
7135,597,478,0
7136,597,716,0
7137,597,496,0
7138,597,235,0
7139,597,431,0
7140,597,798,0
7141,597,374,0
7142,597,279,0
7143,597,629,0
7144,597,667,0
7145,597,820,0
7146,597,151,0
7147,597,302,0
7148,597,617,0
7149,597,375,0
7150,597,534,0
7151,597,758,0
7152,597,224,0
7153,597,316,0
7154,597,491,0
7155,597,395,0
7156,597,4,0
7157,597,169,0
7158,597,446,0
7159,597,672,0
7160,597,527,0
7161,597,401,0
7162,597,579,0
7163,597,470,0
7164,597,813,0
7165,597,311,0
7166,597,267,0
7167,597,689,0
7168,597,372,0
7169,597,499,0
7170,597,400,0
7171,597,759,0
7172,597,643,0
7173,597,421,0
7174,597,249,0
7175,597,462,0
7176,597,402,0
7177,597,679,0
7178,597,615,0
7179,597,66,0
7180,597,112,0
7181,597,586,0
7182,597,143,0
7183,597,511,0
7184,597,205,0
7185,597,179,0
7186,597,700,0
7187,597,309,0
7188,597,134,0
7189,597,233,0
7190,597,376,0
7191,597,647,0
7192,597,120,0
7193,597,188,0
7194,597,456,0
7195,597,21,0
7196,597,377,0
7197,597,369,0
7198,597,724,0
7199,597,365,0
7200,597,585,0
7201,597,587,0
7202,597,312,0
7203,597,20,0
7204,597,171,0
7205,597,721,0
7206,597,76,0
7207,597,215,0
7208,597,137,0
7209,597,801,0
7210,597,732,0
7211,597,77,0
7212,597,262,0
7213,597,185,0
7214,597,577,0
7215,597,104,0
7216,597,117,0
7217,597,507,0
7218,597,599,0
7219,597,607,0
7220,597,211,0
7221,597,47,0
7222,597,805,0
7223,597,493,0
7224,597,414,0
7225,597,802,0
7226,597,520,0
7227,597,584,0
7228,597,488,0
7229,597,537,0
7230,597,662,0
7231,597,531,0
7232,597,58,0
7233,597,630,0
7234,597,457,0
7235,597,535,0
7236,597,545,0
7237,597,814,0
7238,597,359,0
7239,597,361,0
7240,597,12,0
7241,597,503,0
7242,597,222,0
7243,597,793,0
7244,597,710,0
7245,597,83,0
7246,597,196,0
7247,597,686,0
7248,597,158,0
7249,597,441,0
7250,597,25,0
7251,597,65,0
7252,597,148,0
7253,597,770,0
7254,597,173,0
7255,597,536,0
7256,597,604,0
7257,597,415,0
7258,597,69,0
7259,597,231,0
7260,597,399,0
7261,613,139,0
7262,613,299,0
7263,613,247,0
7264,613,609,0
7265,613,223,0
7266,613,293,0
7267,613,757,0
7268,613,230,0
7269,613,55,0
7270,613,428,0
7271,613,327,0
7272,613,200,0
7273,613,160,0
7274,613,338,0
7275,613,472,0
7276,613,625,0
7277,613,369,0
7278,613,243,0
7279,613,226,0
7280,613,65,0
7281,613,194,0
7282,613,412,0
7283,613,436,0
7284,613,94,0
7285,613,492,0
7286,613,210,0
7287,613,449,0
7288,613,172,0
7289,613,463,0
7290,613,81,0
7291,613,812,0
7292,613,32,0
7293,613,296,0
7294,613,452,0
7295,613,201,0
7296,613,33,0
7297,613,316,0
7298,613,707,0
7299,613,29,0
7300,613,514,0
7301,613,509,0
7302,613,429,0
7303,613,380,0
7304,613,525,0
7305,613,667,0
7306,613,102,0
7307,613,551,0
7308,613,130,0
7309,613,7,0
7310,613,3,0
7311,613,255,0
7312,613,501,0
7313,613,305,0
7314,613,112,0
7315,613,695,0
7316,613,454,0
7317,613,258,0
7318,613,497,0
7319,613,373,0
7320,613,241,0
7321,613,277,0
7322,613,40,0
7323,613,681,0
7324,613,262,0
7325,613,205,0
7326,613,467,0
7327,613,278,0
7328,613,6,0
7329,613,581,0
7330,613,461,0
7331,613,671,0
7332,613,608,0
7333,613,665,0
7334,613,734,0
7335,613,549,0
7336,613,520,0
7337,613,456,0
7338,613,336,0
7339,613,257,0
7340,613,75,0
7341,613,742,0
7342,613,687,0
7343,613,114,0
7344,613,350,0
7345,613,345,0
7346,613,294,0
7347,613,668,0
7348,613,406,0
7349,613,357,0
7350,613,727,0
7351,613,632,0
7352,613,59,0
7353,613,541,0
7354,613,684,0
7355,613,596,0
7356,613,137,0
7357,613,216,0
7358,613,453,0
7359,613,815,0
7360,613,558,0
7361,613,481,0
7362,613,670,0
7363,613,228,0
7364,613,603,0
7365,613,185,0
7366,613,249,0
7367,613,810,0
7368,613,96,0
7369,613,654,0
7370,613,545,0
7371,613,157,0
7372,613,11,0
7373,613,430,0
7374,613,323,0
7375,613,39,0
7376,613,499,0
7377,613,118,0
7378,613,82,0
7379,613,189,0
7380,613,16,0
7381,613,56,0
7382,613,391,0
7383,613,95,0
7384,613,475,0
7385,613,100,0
7386,613,508,0
7387,613,235,0
7388,613,238,0
7389,613,367,0
7390,613,458,0
7391,613,500,0
7392,613,184,0
7393,613,334,0
7394,613,723,0
7395,613,308,0
7396,613,555,0
7397,613,554,0
7398,613,203,0
7399,613,601,0
7400,613,344,0
7401,613,685,0
7402,613,590,0
7403,613,125,0
7404,613,771,0
7405,613,575,0
7406,613,477,0
7407,613,637,0
7408,613,612,0
7409,613,98,0
7410,613,423,0
7411,613,696,0
7412,613,565,0
7413,613,505,0
7414,613,710,0
7415,613,736,0
7416,613,159,0
7417,613,504,0
7418,613,659,0
7419,613,783,0
7420,613,618,0
7421,613,269,0
7422,613,51,0
7423,613,337,0
7424,613,145,0
7425,613,677,0
7426,613,756,0
7427,613,225,0
7428,613,796,0
7429,613,431,0
7430,613,397,0
7431,613,424,0
7432,613,511,0
7433,613,786,0
7434,613,167,0
7435,613,797,0
7436,613,792,0
7437,613,376,0
7438,613,101,0
7439,613,106,0
7440,613,642,0
7441,613,387,0
7442,613,459,0
7443,613,148,0
7444,613,791,0
7445,613,340,0
7446,613,498,0
7447,613,661,0
7448,613,8,0
7449,613,604,0
7450,613,631,0
7451,613,234,0
7452,613,515,0
7453,613,686,0
7454,613,236,0
7455,613,232,0
7456,613,624,0
7457,613,69,0
7458,613,127,0
7459,613,213,0
7460,613,634,0
7461,613,77,0
7462,613,521,0
7463,613,121,0
7464,613,281,0
7465,613,291,0
7466,613,506,0
7467,613,731,0
7468,613,507,0
7469,613,643,0
7470,613,747,0
7471,613,364,0
7472,613,41,0
7473,613,438,0
7474,613,57,0
7475,613,434,0
7476,613,248,0
7477,613,289,0
7478,613,302,0
7479,613,267,0
7480,613,34,0
7481,613,737,0
7482,613,182,0
7483,613,144,0
7484,613,115,0
7485,613,414,0
7486,613,733,0
7487,613,787,0
7488,613,648,0
7489,613,300,0
7490,613,641,0
7491,613,745,0
7492,613,158,0
7493,613,151,0
7494,613,132,0
7495,613,421,0
7496,613,142,0
7497,613,372,0
7498,613,274,0
7499,613,45,0
7500,613,117,0
7501,613,10,0
7502,613,817,0
7503,613,610,0
7504,613,716,0
7505,613,441,0
7506,613,261,0
7507,613,543,0
7508,613,35,0
7509,613,242,0
7510,613,220,0
7511,613,563,0
7512,613,711,0
7513,613,559,0
7514,613,752,0
7515,613,276,0
7516,613,784,0
7517,613,790,0
7518,613,588,0
7519,613,343,0
7520,613,20,0
7521,613,614,0
7522,613,18,0
7523,613,252,0
7524,613,319,0
7525,613,359,0
7526,613,290,0
7527,613,13,0
7528,613,17,0
7529,613,496,0
7530,613,700,0
7531,613,574,0
7532,613,97,0
7533,613,570,0
7534,613,689,0
7535,613,502,0
7536,613,494,0
7537,613,89,0
7538,613,173,0
7539,613,513,0
7540,613,196,0
7541,613,202,0
7542,613,354,0
7543,613,224,0
7544,613,388,0
7545,613,816,0
7546,613,85,0
7547,613,650,0
7548,613,53,0
7549,613,175,0
7550,613,180,0
7551,613,282,0
7552,613,493,0
7553,613,766,0
7554,613,682,0
7555,613,330,0
7556,613,564,0
7557,613,781,0
7558,613,762,0
7559,613,126,0
7560,613,54,0
7561,613,785,0
7562,613,166,0
7563,613,646,0
7564,613,214,0
7565,613,419,0
7566,613,407,0
7567,613,566,0
7568,613,370,0
7569,613,703,0
7570,613,285,0
7571,613,805,0
7572,613,679,0
7573,613,526,0
7574,613,548,0
7575,613,246,0
7576,613,735,0
7577,613,382,0
7578,613,131,0
7579,613,251,0
7580,613,417,0
7581,613,760,0
7582,613,275,0
7583,613,722,0
7584,613,724,0
7585,613,385,0
7586,613,552,0
7587,613,84,0
7588,613,630,0
7589,613,63,0
7590,613,78,0
7591,613,779,0
7592,613,413,0
7593,613,606,0
7594,613,627,0
7595,613,128,0
7596,613,284,0
7597,613,188,0
7598,613,411,0
7599,613,699,0
7600,613,195,0
7601,613,222,0
7602,613,197,0
7603,613,322,0
7604,613,533,0
7605,613,83,0
7606,613,714,0
7607,613,698,0
7608,613,108,0
7609,613,820,0
7610,613,328,0
7611,613,309,0
7612,613,754,0
7613,613,629,0
7614,613,774,0
7615,613,79,0
7616,613,587,0
7617,613,611,0
7618,613,4,0
7619,613,692,0
7620,613,584,0
7621,613,446,0
7622,613,415,0
7623,613,404,0
7624,613,814,0
7625,613,24,0
7626,613,150,0
7627,613,72,0
7628,613,377,0
7629,613,80,0
7630,613,580,0
7631,613,311,0
7632,613,174,0
7633,613,518,0
7634,613,244,0
7635,613,27,0
7636,613,270,0
7637,613,427,0
7638,613,488,0
7639,613,383,0
7640,613,657,0
7641,613,527,0
7642,613,48,0
7643,613,379,0
7644,613,483,0
7645,613,393,0
7646,613,304,0
7647,613,503,0
7648,613,674,0
7649,613,717,0
7650,613,726,0
7651,613,775,0
7652,613,647,0
7653,613,569,0
7654,613,331,0
7655,613,599,0
7656,613,468,0
7657,613,122,0
7658,613,147,0
7659,613,221,0
7660,613,358,0
7661,613,313,0
7662,613,772,0
7663,613,768,0
7664,613,748,0
7665,613,52,0
7666,613,806,0
7667,613,22,0
7668,613,260,0
7669,613,482,0
7670,613,666,0
7671,613,162,0
7672,613,765,0
7673,613,597,0
7674,613,62,0
7675,613,365,0
7676,613,28,0
7677,613,809,0
7678,613,134,0
7679,613,573,0
7680,613,664,0
7681,613,403,0
7682,613,93,0
7683,613,138,0
7684,613,66,0
7685,613,568,0
7686,613,451,0
7687,613,547,0
7688,613,386,0
7689,613,233,0
7690,613,314,0
7691,613,644,0
7692,613,179,0
7693,613,474,0
7694,613,76,0
7695,613,578,0
7696,613,522,0
7697,613,622,0
7698,613,767,0
7699,613,537,0
7700,613,240,0
7701,613,680,0
7702,613,207,0
7703,613,360,0
7704,613,567,0
7705,613,209,0
7706,613,445,0
7707,613,50,0
7708,613,491,0
7709,613,199,0
7710,613,763,0
7711,613,473,0
7712,613,219,0
7713,613,149,0
7714,613,286,0
7715,613,576,0
7716,613,550,0
7717,613,395,0
7718,613,303,0
7719,613,721,0
7720,613,471,0
7721,613,135,0
7722,613,204,0
7723,613,651,0
7724,613,433,0
7725,613,464,0
7726,613,788,0
7727,613,212,0
7728,613,91,0
7729,613,416,0
7730,613,306,0
7731,613,753,0
7732,613,546,0
7733,613,638,0
7734,613,152,0
7735,613,116,0
7736,613,265,0
7737,613,489,0
7738,613,12,0
7739,613,362,0
7740,613,439,0
7741,613,455,0
7742,613,237,0
7743,613,480,0
7744,613,633,0
7745,613,71,0
7746,613,616,0
7747,613,465,0
7748,613,15,0
7749,613,178,0
7750,613,577,0
7751,613,25,0
7752,613,61,0
7753,613,381,0
7754,613,795,0
7755,613,239,0
7756,613,43,0
7757,613,761,0
7758,613,517,0
7759,613,190,0
7760,613,697,0
7761,613,448,0
7762,613,31,0
7763,613,58,0
7764,613,582,0
7765,613,133,0
7766,613,579,0
7767,613,14,0
7768,613,649,0
7769,613,437,0
7770,613,571,0
7771,613,287,0
7772,613,535,0
7773,613,730,0
7774,613,706,0
7775,613,426,0
7776,613,435,0
7777,613,617,0
7778,613,297,0
7779,613,457,0
7780,613,539,0
7781,613,348,0
7782,613,470,0
7783,613,90,0
7784,613,325,0
7785,613,534,0
7786,613,460,0
7787,613,725,0
7788,613,153,0
7789,613,600,0
7790,613,704,0
7791,613,215,0
7792,613,739,0
7793,613,425,0
7794,613,729,0
7795,613,755,0
7796,613,9,0
7797,613,341,0
7798,613,621,0
7799,613,708,0
7800,613,5,0
7801,613,191,0
7802,613,818,0
7803,613,105,0
7804,613,639,0
7805,613,394,0
7806,613,44,0
7807,613,746,0
7808,613,589,0
7809,619,545,0
7810,619,90,0
7811,619,126,0
7812,619,56,0
7813,619,539,0
7814,619,79,0
7815,619,527,0
7816,619,675,0
7817,619,128,0
7818,619,315,0
7819,619,103,0
7820,619,45,0
7821,619,383,0
7822,619,387,0
7823,619,262,0
7824,619,257,0
7825,619,516,0
7826,619,202,0
7827,619,602,0
7828,619,319,0
7829,619,100,0
7830,619,404,0
7831,619,486,0
7832,619,409,0
7833,619,190,0
7834,619,41,0
7835,619,392,0
7836,619,800,0
7837,619,19,0
7838,619,579,0
7839,619,720,0
7840,619,762,0
7841,619,349,0
7842,619,626,0
7843,619,505,0
7844,619,306,0
7845,619,297,0
7846,619,147,0
7847,619,343,0
7848,619,44,0
7849,619,573,0
7850,619,705,0
7851,619,581,0
7852,619,558,0
7853,619,402,0
7854,619,455,0
7855,619,707,0
7856,619,779,0
7857,619,719,0
7858,619,388,0
7859,619,289,0
7860,619,796,0
7861,619,814,0
7862,619,566,0
7863,619,770,0
7864,619,69,0
7865,619,440,0
7866,619,616,0
7867,619,596,0
7868,619,410,0
7869,619,594,0
7870,619,205,0
7871,619,514,0
7872,619,782,0
7873,619,302,0
7874,619,778,0
7875,619,308,0
7876,619,177,0
7877,619,624,0
7878,619,791,0
7879,619,672,0
7880,619,576,0
7881,619,158,0
7882,619,305,0
7883,619,645,0
7884,619,685,0
7885,619,748,0
7886,619,425,0
7887,619,702,0
7888,619,754,0
7889,619,637,0
7890,619,169,0
7891,619,231,0
7892,619,115,0
7893,619,389,0
7894,619,508,0
7895,619,288,0
7896,619,206,0
7897,619,207,0
7898,619,381,0
7899,619,70,0
7900,619,530,0
7901,619,58,0
7902,619,277,0
7903,619,443,0
7904,619,379,0
7905,619,350,0
7906,619,166,0
7907,619,170,0
7908,619,258,0
7909,619,628,0
7910,619,724,0
7911,619,287,0
7912,619,268,0
7913,619,129,0
7914,619,552,0
7915,619,592,0
7916,619,227,0
7917,619,281,0
7918,619,664,0
7919,619,517,0
7920,619,427,0
7921,619,480,0
7922,619,816,0
7923,619,1,0
7924,619,123,0
7925,619,477,0
7926,619,252,0
7927,619,194,0
7928,619,74,0
7929,619,495,0
7930,619,106,0
7931,619,47,0
7932,619,384,0
7933,619,775,0
7934,619,24,0
7935,619,764,0
7936,619,570,0
7937,619,382,0
7938,619,211,0
7939,619,507,0
7940,619,61,0
7941,619,65,0
7942,619,784,0
7943,619,340,0
7944,619,610,0
7945,619,484,0
7946,619,510,0
7947,619,251,0
7948,619,497,0
7949,619,618,0
7950,619,807,0
7951,619,629,0
7952,619,537,0
7953,619,766,0
7954,619,447,0
7955,619,491,0
7956,619,276,0
7957,619,247,0
7958,619,184,0
7959,619,726,0
7960,619,639,0
7961,619,165,0
7962,619,172,0
7963,619,412,0
7964,619,265,0
7965,619,67,0
7966,619,640,0
7967,619,329,0
7968,619,293,0
7969,619,125,0
7970,619,615,0
7971,619,688,0
7972,619,236,0
7973,619,499,0
7974,619,812,0
7975,619,454,0
7976,619,339,0
7977,619,548,0
7978,619,433,0
7979,619,164,0
7980,619,541,0
7981,619,604,0
7982,619,230,0
7983,619,181,0
7984,619,304,0
7985,619,89,0
7986,619,489,0
7987,619,229,0
7988,619,708,0
7989,619,423,0
7990,619,38,0
7991,619,809,0
7992,619,192,0
7993,619,421,0
7994,619,650,0
7995,619,318,0
7996,619,673,0
7997,619,116,0
7998,619,195,0
7999,619,197,0
8000,619,77,0
8001,619,627,0
8002,619,739,0
8003,619,245,0
8004,619,483,0
8005,619,107,0
8006,619,774,0
8007,619,20,0
8008,619,222,0
8009,619,371,0
8010,619,218,0
8011,619,150,0
8012,619,152,0
8013,619,401,0
8014,619,365,0
8015,619,736,0
8016,619,574,0
8017,619,636,0
8018,619,140,0
8019,619,52,0
8020,619,432,0
8021,619,400,0
8022,619,217,0
8023,619,312,0
8024,619,521,0
8025,619,601,0
8026,619,569,0
8027,619,471,0
8028,619,584,0
8029,619,589,0
8030,619,445,0
8031,619,506,0
8032,619,42,0
8033,619,771,0
8034,619,143,0
8035,619,503,0
8036,619,438,0
8037,619,250,0
8038,619,544,0
8039,619,261,0
8040,619,649,0
8041,619,721,0
8042,619,37,0
8043,619,46,0
8044,619,395,0
8045,619,14,0
8046,619,8,0
8047,619,407,0
8048,619,479,0
8049,619,755,0
8050,619,642,0
8051,619,713,0
8052,619,130,0
8053,619,36,0
8054,619,411,0
8055,619,22,0
8056,619,669,0
8057,619,5,0
8058,619,671,0
8059,619,398,0
8060,619,568,0
8061,619,663,0
8062,619,354,0
8063,619,451,0
8064,619,529,0
8065,619,419,0
8066,619,273,0
8067,619,415,0
8068,619,487,0
8069,619,753,0
8070,619,385,0
8071,619,136,0
8072,619,114,0
8073,619,300,0
8074,619,765,0
8075,619,776,0
8076,619,590,0
8077,619,120,0
8078,619,501,0
8079,619,611,0
8080,619,59,0
8081,619,750,0
8082,619,221,0
8083,619,709,0
8084,619,134,0
8085,619,160,0
8086,619,366,0
8087,619,783,0
8088,619,71,0
8089,619,617,0
8090,619,337,0
8091,619,431,0
8092,619,416,0
8093,619,219,0
8094,619,586,0
8095,619,599,0
8096,619,731,0
8097,619,478,0
8098,619,473,0
8099,619,632,0
8100,619,817,0
8101,619,498,0
8102,619,493,0
8103,619,235,0
8104,619,542,0
8105,619,186,0
8106,619,716,0
8107,619,31,0
8108,619,30,0
8109,619,176,0
8110,619,801,0
8111,619,756,0
8112,619,620,0
8113,619,342,0
8114,619,635,0
8115,619,653,0
8116,619,690,0
8117,619,805,0
8118,619,674,0
8119,619,751,0
8120,619,797,0
8121,619,96,0
8122,619,667,0
8123,619,733,0
8124,619,322,0
8125,619,320,0
8126,619,358,0
8127,619,513,0
8128,619,216,0
8129,619,199,0
8130,619,135,0
8131,619,203,0
8132,619,588,0
8133,619,62,0
8134,619,13,0
8135,619,555,0
8136,619,587,0
8137,619,777,0
8138,619,9,0
8139,619,578,0
8140,619,356,0
8141,619,698,0
8142,619,819,0
8143,619,710,0
8144,619,311,0
8145,619,647,0
8146,619,113,0
8147,619,372,0
8148,619,35,0
8149,619,595,0
8150,619,238,0
8151,619,789,0
8152,619,156,0
8153,619,406,0
8154,619,0,0
8155,619,562,0
8156,619,307,0
8157,619,729,0
8158,619,605,0
8159,619,255,0
8160,619,282,0
8161,619,325,0
8162,619,78,0
8163,619,278,0
8164,619,722,0
8165,619,104,0
8166,619,459,0
8167,619,591,0
8168,619,183,0
8169,619,745,0
8170,619,189,0
8171,619,178,0
8172,619,17,0
8173,619,145,0
8174,619,551,0
8175,619,179,0
8176,619,692,0
8177,619,603,0
8178,619,408,0
8179,619,253,0
8180,619,564,0
8181,619,757,0
8182,619,509,0
8183,619,500,0
8184,619,785,0
8185,619,795,0
8186,619,393,0
8187,619,244,0
8188,619,686,0
8189,619,470,0
8190,619,368,0
8191,619,787,0
8192,619,316,0
8193,619,659,0
8194,619,683,0
8195,619,163,0
8196,619,223,0
8197,619,429,0
8198,619,725,0
8199,619,597,0
8200,619,272,0
8201,619,622,0
8202,619,153,0
8203,619,142,0
8204,619,260,0
8205,619,324,0
8206,619,246,0
8207,619,430,0
8208,619,638,0
8209,619,270,0
8210,619,180,0
8211,619,737,0
8212,619,426,0
8213,619,563,0
8214,619,144,0
8215,619,658,0
8216,619,208,0
8217,619,598,0
8218,619,76,0
8219,619,657,0
8220,619,417,0
8221,619,3,0
8222,619,475,0
8223,619,157,0
8224,619,808,0
8225,619,761,0
8226,619,767,0
8227,619,101,0
8228,619,285,0
8229,619,399,0
8230,619,27,0
8231,619,332,0
8232,619,264,0
8233,619,148,0
8234,619,117,0
8235,619,531,0
8236,619,284,0
8237,619,98,0
8238,619,91,0
8239,619,488,0
8240,619,378,0
8241,619,351,0
8242,619,171,0
8243,619,481,0
8244,619,380,0
8245,619,279,0
8246,619,118,0
8247,619,512,0
8248,619,141,0
8249,619,390,0
8250,619,66,0
8251,619,643,0
8252,619,81,0
8253,619,243,0
8254,619,254,0
8255,619,799,0
8256,619,727,0
8257,619,274,0
8258,619,696,0
8259,619,661,0
8260,619,792,0
8261,619,88,0
8262,619,535,0
8263,619,159,0
8264,619,694,0
8265,619,241,0
8266,619,124,0
8267,619,572,0
8268,619,540,0
8269,619,228,0
8270,619,405,0
8271,619,193,0
8272,619,213,0
8273,619,286,0
8274,619,369,0
8275,619,678,0
8276,619,717,0
8277,619,699,0
8278,619,209,0
8279,619,609,0
8280,619,533,0
8281,619,333,0
8282,619,338,0
8283,619,362,0
8284,619,290,0
8285,619,687,0
8286,619,168,0
8287,619,680,0
8288,619,528,0
8289,619,523,0
8290,619,97,0
8291,619,496,0
8292,619,532,0
8293,619,712,0
8294,619,623,0
8295,619,188,0
8296,619,259,0
8297,619,641,0
8298,619,437,0
8299,619,682,0
8300,619,732,0
8301,619,40,0
8302,619,360,0
8303,619,139,0
8304,619,442,0
8305,619,458,0
8306,619,39,0
8307,619,768,0
8308,619,422,0
8309,619,526,0
8310,620,816,0
8311,620,809,0
8312,620,671,0
8313,620,625,0
8314,620,121,0
8315,620,26,0
8316,620,214,0
8317,620,161,0
8318,620,771,0
8319,620,650,0
8320,620,768,0
8321,620,293,0
8322,620,179,0
8323,620,372,0
8324,620,531,0
8325,620,322,0
8326,620,391,0
8327,620,371,0
8328,620,300,0
8329,620,97,0
8330,620,503,0
8331,620,600,0
8332,620,338,0
8333,620,92,0
8334,620,80,0
8335,620,116,0
8336,620,453,0
8337,620,435,0
8338,620,429,0
8339,620,45,0
8340,620,12,0
8341,620,21,0
8342,620,720,0
8343,620,32,0
8344,620,523,0
8345,620,173,0
8346,620,135,0
8347,620,764,0
8348,620,110,0
8349,620,642,0
8350,620,508,0
8351,620,520,0
8352,620,243,0
8353,620,512,0
8354,620,246,0
8355,620,403,0
8356,620,345,0
8357,620,727,0
8358,620,524,0
8359,620,687,0
8360,620,149,0
8361,620,713,0
8362,620,227,0
8363,620,409,0
8364,620,507,0
8365,620,402,0
8366,620,367,0
8367,620,817,0
8368,620,474,0
8369,620,20,0
8370,620,796,0
8371,620,319,0
8372,620,784,0
8373,620,486,0
8374,620,452,0
8375,620,152,0
8376,620,304,0
8377,620,380,0
8378,620,495,0
8379,620,804,0
8380,620,551,0
8381,620,38,0
8382,620,19,0
8383,620,710,0
8384,620,721,0
8385,620,818,0
8386,620,540,0
8387,620,679,0
8388,620,311,0
8389,620,589,0
8390,620,75,0
8391,620,648,0
8392,620,298,0
8393,620,218,0
8394,620,2,0
8395,620,753,0
8396,620,561,0
8397,620,567,0
8398,620,309,0
8399,620,337,0
8400,620,569,0
8401,620,438,0
8402,620,673,0
8403,620,463,0
8404,620,147,0
8405,620,576,0
8406,620,346,0
8407,620,638,0
8408,620,490,0
8409,620,416,0
8410,620,420,0
8411,620,460,0
8412,620,296,0
8413,620,397,0
8414,620,793,0
8415,620,792,0
8416,620,729,0
8417,620,177,0
8418,620,632,0
8419,620,124,0
8420,620,430,0
8421,620,165,0
8422,620,382,0
8423,620,736,0
8424,620,633,0
8425,620,86,0
8426,620,652,0
8427,620,717,0
8428,620,379,0
8429,620,185,0
8430,620,361,0
8431,620,707,0
8432,620,207,0
8433,620,237,0
8434,620,462,0
8435,620,791,0
8436,620,191,0
8437,620,441,0
8438,620,795,0
8439,620,234,0
8440,620,141,0
8441,620,470,0
8442,620,404,0
8443,620,735,0
8444,620,145,0
8445,620,280,0
8446,620,813,0
8447,620,233,0
8448,620,700,0
8449,620,426,0
8450,620,46,0
8451,620,376,0
8452,620,682,0
8453,620,69,0
8454,620,564,0
8455,620,76,0
8456,620,502,0
8457,620,158,0
8458,620,144,0
8459,620,11,0
8460,620,550,0
8461,620,369,0
8462,620,283,0
8463,620,570,0
8464,620,510,0
8465,620,669,0
8466,620,137,0
8467,620,171,0
8468,620,113,0
8469,620,186,0
8470,620,373,0
8471,620,388,0
8472,620,275,0
8473,620,810,0
8474,620,708,0
8475,620,772,0
8476,620,623,0
8477,620,194,0
8478,620,759,0
8479,620,374,0
8480,620,267,0
8481,620,334,0
8482,620,602,0
8483,620,64,0
8484,620,302,0
8485,620,123,0
8486,620,698,0
8487,620,405,0
8488,620,575,0
8489,620,331,0
8490,620,783,0
8491,620,117,0
8492,620,581,0
8493,620,450,0
8494,620,800,0
8495,620,447,0
8496,620,257,0
8497,620,517,0
8498,620,385,0
8499,620,242,0
8500,620,258,0
8501,620,584,0
8502,620,588,0
8503,620,169,0
8504,620,333,0
8505,620,401,0
8506,620,155,0
8507,620,151,0
8508,620,312,0
8509,620,17,0
8510,620,423,0
8511,620,24,0
8512,620,637,0
8513,620,244,0
8514,620,478,0
8515,620,78,0
8516,620,15,0
8517,620,741,0
8518,620,534,0
8519,620,788,0
8520,620,601,0
8521,620,3,0
8522,620,126,0
8523,620,566,0
8524,620,680,0
8525,620,36,0
8526,620,591,0
8527,620,215,0
8528,620,47,0
8529,620,231,0
8530,620,387,0
8531,620,95,0
8532,620,820,0
8533,620,146,0
8534,620,84,0
8535,620,295,0
8536,620,228,0
8537,620,413,0
8538,620,265,0
8539,620,494,0
8540,620,685,0
8541,620,468,0
8542,620,366,0
8543,620,663,0
8544,620,93,0
8545,620,621,0
8546,620,29,0
8547,620,216,0
8548,620,223,0
8549,620,263,0
8550,620,384,0
8551,620,530,0
8552,620,330,0
8553,620,316,0
8554,620,4,0
8555,620,57,0
8556,620,819,0
8557,620,354,0
8558,620,358,0
8559,620,674,0
8560,620,105,0
8561,620,1,0
8562,620,645,0
8563,620,750,0
8564,620,251,0
8565,620,22,0
8566,620,432,0
8567,620,653,0
8568,620,321,0
8569,620,641,0
8570,620,749,0
8571,620,96,0
8572,620,767,0
8573,620,167,0
8574,620,342,0
8575,620,51,0
8576,620,107,0
8577,620,359,0
8578,620,328,0
8579,620,375,0
8580,620,668,0
8581,620,239,0
8582,620,443,0
8583,620,577,0
8584,620,798,0
8585,620,445,0
8586,620,419,0
8587,620,498,0
8588,620,464,0
8589,620,200,0
8590,620,154,0
8591,620,477,0
8592,620,10,0
8593,620,546,0
8594,620,168,0
8595,620,482,0
8596,620,301,0
8597,620,491,0
8598,620,324,0
8599,620,501,0
8600,620,52,0
8601,620,102,0
8602,620,72,0
8603,620,377,0
8604,620,318,0
8605,620,74,0
8606,620,395,0
8607,620,702,0
8608,620,499,0
8609,620,489,0
8610,620,500,0
8611,620,129,0
8612,620,690,0
8613,620,108,0
8614,620,703,0
8615,620,436,0
8616,620,571,0
8617,620,716,0
8618,620,681,0
8619,620,122,0
8620,620,630,0
8621,620,255,0
8622,620,53,0
8623,620,134,0
8624,620,39,0
8625,620,6,0
8626,620,543,0
8627,620,742,0
8628,620,695,0
8629,620,654,0
8630,620,176,0
8631,620,335,0
8632,620,259,0
8633,620,778,0
8634,620,229,0
8635,620,13,0
8636,620,808,0
8637,620,8,0
8638,620,34,0
8639,620,213,0
8640,620,484,0
8641,620,272,0
8642,620,217,0
8643,620,536,0
8644,620,607,0
8645,620,16,0
8646,620,619,0
8647,620,455,0
8648,620,797,0
8649,620,230,0
8650,620,434,0
8651,620,70,0
8652,620,178,0
8653,620,181,0
8654,620,253,0
8655,620,664,0
8656,620,164,0
8657,620,68,0
8658,620,634,0
8659,620,449,0
8660,620,59,0
8661,620,266,0
8662,620,725,0
8663,620,787,0
8664,620,414,0
8665,620,557,0
8666,620,554,0
8667,620,241,0
8668,620,350,0
8669,620,528,0
8670,620,400,0
8671,620,99,0
8672,620,182,0
8673,620,636,0
8674,620,748,0
8675,620,157,0
8676,620,363,0
8677,620,203,0
8678,620,657,0
8679,620,35,0
8680,620,238,0
8681,620,399,0
8682,620,270,0
8683,620,649,0
8684,620,596,0
8685,620,193,0
8686,620,428,0
8687,620,418,0
8688,620,627,0
8689,620,744,0
8690,620,67,0
8691,620,172,0
8692,620,599,0
8693,620,422,0
8694,620,686,0
8695,620,509,0
8696,620,201,0
8697,620,779,0
8698,620,118,0
8699,620,785,0
8700,620,761,0
8701,620,574,0
8702,620,50,0
8703,620,814,0
8704,620,777,0
8705,620,718,0
8706,620,745,0
8707,620,556,0
8708,620,760,0
8709,620,85,0
8710,620,553,0
8711,620,313,0
8712,620,689,0
8713,620,483,0
8714,620,782,0
8715,620,529,0
8716,620,715,0
8717,620,127,0
8718,620,541,0
8719,620,675,0
8720,620,299,0
8721,620,40,0
8722,620,390,0
8723,620,628,0
8724,620,658,0
8725,620,170,0
8726,620,726,0
8727,620,252,0
8728,620,525,0
8729,620,479,0
8730,620,730,0
8731,620,365,0
8732,620,25,0
8733,620,205,0
8734,620,789,0
8735,620,410,0
8736,620,294,0
8737,620,518,0
8738,620,559,0
8739,620,472,0
8740,620,106,0
8741,620,631,0
8742,620,552,0
8743,620,349,0
8744,620,806,0
8745,620,505,0
8746,620,320,0
8747,620,587,0
8748,620,392,0
8749,620,446,0
8750,620,37,0
8751,620,624,0
8752,620,289,0
8753,620,458,0
8754,620,58,0
8755,620,801,0
8756,620,425,0
8757,620,662,0
8758,620,202,0
8759,620,622,0
8760,620,614,0
8761,620,101,0
8762,620,605,0
8763,620,415,0
8764,620,314,0
8765,620,565,0
8766,620,339,0
8767,620,199,0
8768,620,714,0
8769,620,73,0
8770,620,709,0
8771,620,91,0
8772,620,347,0
8773,620,42,0
8774,620,555,0
8775,620,232,0
8776,620,542,0
8777,620,770,0
8778,620,276,0
8779,620,476,0
8780,620,240,0
8781,620,701,0
8782,620,82,0
8783,620,504,0
8784,620,711,0
8785,620,386,0
8786,620,746,0
8787,620,427,0
8788,620,417,0
8789,620,597,0
8790,620,629,0
8791,620,433,0
8792,620,221,0
8793,620,190,0
8794,620,609,0
8795,620,291,0
8796,620,693,0
8797,620,139,0
8798,620,691,0
8799,620,159,0
8800,620,467,0
8801,620,125,0
8802,620,465,0
8803,620,247,0
8804,620,666,0
8805,620,41,0
8806,620,383,0
8807,620,781,0
8808,620,780,0
8809,620,644,0
8810,620,174,0
8811,620,268,0
8812,620,712,0
8813,620,593,0
8814,620,112,0
8815,620,188,0
8816,620,389,0
8817,620,469,0
8818,620,683,0
8819,620,751,0
8820,620,522,0
8821,620,274,0
8822,620,344,0
8823,620,762,0
8824,620,220,0
8825,620,457,0
8826,620,288,0
8827,620,327,0
8828,620,766,0
8829,620,100,0
8830,620,548,0
8831,620,71,0
8832,620,563,0
8833,620,33,0
8834,620,411,0
8835,620,684,0
8836,620,515,0
8837,620,805,0
8838,620,340,0
8839,620,103,0
8840,620,471,0
8841,620,487,0
8842,620,572,0
8843,620,769,0
8844,620,111,0
8845,620,269,0
8846,620,568,0
8847,620,775,0
8848,620,678,0
8849,620,558,0
8850,620,261,0
8851,620,336,0
8852,620,439,0
8853,620,0,0
8854,630,191,0
8855,630,661,0
8856,630,680,0
8857,630,111,0
8858,630,194,0
8859,630,598,0
8860,630,688,0
8861,630,621,0
8862,630,96,0
8863,630,273,0
8864,630,345,0
8865,630,798,0
8866,630,802,0
8867,630,143,0
8868,630,521,0
8869,630,305,0
8870,630,136,0
8871,630,108,0
8872,630,286,0
8873,630,77,0
8874,630,364,0
8875,630,341,0
8876,630,498,0
8877,630,437,0
8878,630,508,0
8879,630,135,0
8880,630,421,0
8881,630,477,0
8882,630,596,0
8883,630,647,0
8884,630,26,0
8885,630,752,0
8886,630,179,0
8887,630,55,0
8888,630,542,0
8889,630,14,0
8890,630,123,0
8891,630,535,0
8892,630,339,0
8893,630,80,0
8894,630,198,0
8895,630,646,0
8896,630,106,0
8897,630,183,0
8898,630,330,0
8899,630,602,0
8900,630,478,0
8901,630,91,0
8902,630,133,0
8903,630,174,0
8904,630,590,0
8905,630,483,0
8906,630,109,0
8907,630,710,0
8908,630,543,0
8909,630,350,0
8910,630,129,0
8911,630,741,0
8912,630,62,0
8913,630,610,0
8914,630,762,0
8915,630,496,0
8916,630,382,0
8917,630,379,0
8918,630,609,0
8919,630,349,0
8920,630,684,0
8921,630,599,0
8922,630,65,0
8923,630,620,0
8924,630,528,0
8925,630,582,0
8926,630,351,0
8927,630,764,0
8928,630,12,0
8929,630,60,0
8930,630,619,0
8931,630,290,0
8932,630,588,0
8933,630,461,0
8934,630,148,0
8935,630,251,0
8936,630,815,0
8937,630,232,0
8938,630,678,0
8939,630,190,0
8940,630,624,0
8941,630,665,0
8942,630,502,0
8943,630,76,0
8944,630,118,0
8945,630,675,0
8946,630,628,0
8947,630,439,0
8948,630,561,0
8949,630,706,0
8950,630,110,0
8951,630,258,0
8952,630,474,0
8953,630,707,0
8954,630,132,0
8955,630,800,0
8956,630,559,0
8957,630,16,0
8958,630,178,0
8959,630,395,0
8960,630,747,0
8961,630,279,0
8962,630,297,0
8963,630,384,0
8964,630,713,0
8965,630,238,0
8966,630,648,0
8967,630,278,0
8968,630,274,0
8969,630,355,0
8970,630,69,0
8971,630,21,0
8972,630,791,0
8973,630,424,0
8974,630,90,0
8975,630,22,0
8976,630,289,0
8977,630,391,0
8978,630,163,0
8979,630,397,0
8980,630,662,0
8981,630,563,0
8982,630,162,0
8983,630,326,0
8984,630,354,0
8985,630,293,0
8986,630,755,0
8987,630,640,0
8988,630,298,0
8989,630,485,0
8990,630,8,0
8991,630,575,0
8992,630,410,0
8993,630,146,0
8994,630,294,0
8995,630,643,0
8996,630,526,0
8997,630,770,0
8998,630,261,0
8999,630,549,0
9000,630,7,0
9001,630,24,0
9002,630,265,0
9003,630,623,0
9004,630,79,0
9005,630,517,0
9006,630,792,0
9007,630,320,0
9008,630,30,0
9009,630,211,0
9010,630,611,0
9011,630,116,0
9012,630,667,0
9013,630,450,0
9014,630,768,0
9015,630,158,0
9016,630,313,0
9017,630,99,0
9018,630,780,0
9019,630,361,0
9020,630,473,0
9021,630,359,0
9022,630,271,0
9023,630,666,0
9024,630,250,0
9025,630,814,0
9026,630,333,0
9027,630,541,0
9028,630,72,0
9029,630,625,0
9030,630,435,0
9031,630,164,0
9032,630,519,0
9033,630,413,0
9034,630,312,0
9035,630,241,0
9036,630,622,0
9037,630,731,0
9038,630,775,0
9039,630,459,0
9040,630,449,0
9041,630,434,0
9042,630,740,0
9043,630,319,0
9044,630,102,0
9045,630,819,0
9046,630,447,0
9047,630,149,0
9048,630,43,0
9049,630,481,0
9050,630,385,0
9051,630,332,0
9052,630,323,0
9053,630,362,0
9054,630,604,0
9055,630,737,0
9056,630,560,0
9057,630,436,0
9058,630,670,0
9059,630,97,0
9060,630,196,0
9061,630,580,0
9062,630,431,0
9063,630,50,0
9064,630,595,0
9065,630,681,0
9066,630,223,0
9067,630,689,0
9068,630,346,0
9069,630,282,0
9070,630,336,0
9071,630,157,0
9072,630,398,0
9073,630,276,0
9074,630,383,0
9075,630,472,0
9076,630,209,0
9077,630,284,0
9078,630,638,0
9079,630,492,0
9080,630,98,0
9081,630,657,0
9082,630,363,0
9083,630,67,0
9084,630,101,0
9085,630,813,0
9086,630,714,0
9087,630,41,0
9088,630,570,0
9089,630,676,0
9090,630,732,0
9091,630,787,0
9092,630,511,0
9093,630,810,0
9094,630,699,0
9095,630,412,0
9096,630,42,0
9097,630,626,0
9098,630,513,0
9099,630,462,0
9100,630,571,0
9101,630,589,0
9102,630,392,0
9103,630,253,0
9104,630,616,0
9105,630,262,0
9106,630,53,0
9107,630,343,0
9108,630,772,0
9109,630,247,0
9110,630,767,0
9111,630,172,0
9112,630,317,0
9113,630,660,0
9114,630,18,0
9115,630,337,0
9116,630,505,0
9117,630,81,0
9118,630,280,0
9119,630,54,0
9120,630,6,0
9121,630,316,0
9122,630,443,0
9123,630,82,0
9124,630,192,0
9125,630,656,0
9126,630,182,0
9127,630,155,0
9128,630,145,0
9129,630,322,0
9130,630,216,0
9131,630,368,0
9132,630,441,0
9133,630,761,0
9134,630,35,0
9135,630,495,0
9136,630,17,0
9137,630,203,0
9138,630,614,0
9139,630,673,0
9140,630,668,0
9141,630,348,0
9142,630,534,0
9143,630,759,0
9144,630,38,0
9145,630,605,0
9146,630,427,0
9147,630,85,0
9148,630,805,0
9149,630,376,0
9150,630,177,0
9151,630,248,0
9152,630,215,0
9153,630,10,0
9154,630,721,0
9155,630,556,0
9156,630,378,0
9157,630,716,0
9158,630,433,0
9159,630,272,0
9160,630,655,0
9161,630,527,0
9162,630,587,0
9163,630,381,0
9164,630,790,0
9165,630,115,0
9166,630,219,0
9167,630,717,0
9168,630,175,0
9169,630,432,0
9170,630,369,0
9171,630,288,0
9172,630,758,0
9173,630,327,0
9174,630,818,0
9175,630,306,0
9176,630,117,0
9177,630,451,0
9178,630,507,0
9179,630,220,0
9180,630,429,0
9181,630,92,0
9182,630,467,0
9183,630,113,0
9184,630,516,0
9185,630,160,0
9186,630,466,0
9187,630,456,0
9188,630,104,0
9189,630,458,0
9190,630,700,0
9191,630,754,0
9192,630,445,0
9193,630,593,0
9194,630,185,0
9195,630,649,0
9196,630,465,0
9197,630,484,0
9198,630,697,0
9199,630,409,0
9200,630,314,0
9201,630,154,0
9202,630,760,0
9203,630,140,0
9204,630,629,0
9205,630,259,0
9206,630,100,0
9207,630,562,0
9208,630,153,0
9209,630,691,0
9210,630,546,0
9211,630,358,0
9212,630,64,0
9213,630,245,0
9214,630,270,0
9215,630,796,0
9216,630,268,0
9217,630,753,0
9218,630,718,0
9219,630,68,0
9220,630,95,0
9221,630,592,0
9222,630,757,0
9223,630,407,0
9224,630,793,0
9225,630,4,0
9226,630,520,0
9227,630,239,0
9228,630,399,0
9229,630,531,0
9230,630,112,0
9231,630,335,0
9232,630,677,0
9233,630,71,0
9234,630,227,0
9235,630,89,0
9236,630,725,0
9237,630,652,0
9238,630,218,0
9239,630,128,0
9240,630,15,0
9241,630,422,0
9242,630,637,0
9243,630,601,0
9244,630,750,0
9245,630,120,0
9246,630,367,0
9247,630,487,0
9248,630,37,0
9249,630,736,0
9250,630,423,0
9251,630,315,0
9252,630,224,0
9253,630,641,0
9254,630,454,0
9255,630,572,0
9256,630,137,0
9257,630,745,0
9258,630,229,0
9259,630,277,0
9260,630,428,0
9261,630,187,0
9262,630,20,0
9263,630,664,0
9264,630,121,0
9265,630,708,0
9266,630,634,0
9267,630,785,0
9268,630,578,0
9269,630,63,0
9270,630,353,0
9271,630,233,0
9272,630,400,0
9273,630,712,0
9274,630,23,0
9275,630,788,0
9276,630,547,0
9277,630,789,0
9278,630,769,0
9279,630,475,0
9280,630,222,0
9281,630,455,0
9282,630,438,0
9283,630,594,0
9284,630,300,0
9285,630,61,0
9286,630,687,0
9287,630,1,0
9288,630,766,0
9289,630,5,0
9290,630,695,0
9291,630,246,0
9292,630,553,0
9293,630,254,0
9294,630,25,0
9295,630,328,0
9296,630,375,0
9297,630,446,0
9298,630,87,0
9299,630,75,0
9300,630,131,0
9301,630,39,0
9302,630,352,0
9303,630,396,0
9304,630,125,0
9305,630,210,0
9306,630,783,0
9307,630,347,0
9308,630,679,0
9309,630,698,0
9310,630,114,0
9311,630,390,0
9312,630,226,0
9313,630,645,0
9314,630,208,0
9315,630,816,0
9316,630,468,0
9317,630,482,0
9318,630,476,0
9319,630,193,0
9320,630,29,0
9321,630,180,0
9322,630,550,0
9323,630,408,0
9324,630,331,0
9325,630,142,0
9326,630,33,0
9327,630,607,0
9328,630,295,0
9329,630,84,0
9330,630,650,0
9331,630,557,0
9332,630,401,0
9333,630,782,0
9334,630,47,0
9335,630,497,0
9336,630,304,0
9337,630,144,0
9338,630,380,0
9339,630,321,0
9340,630,440,0
9341,630,672,0
9342,630,544,0
9343,630,176,0
9344,630,302,0
9345,630,83,0
9346,630,723,0
9347,630,734,0
9348,630,765,0
9349,630,715,0
9350,630,567,0
9351,630,735,0
9352,630,500,0
9353,630,756,0
9354,630,671,0
9355,630,551,0
9356,630,774,0
9357,630,576,0
9358,630,809,0
9359,630,169,0
9360,630,275,0
9361,630,307,0
9362,630,267,0
9363,630,574,0
9364,630,264,0
9365,630,283,0
9366,630,779,0
9367,630,134,0
9368,630,659,0
9369,630,469,0
9370,630,291,0
9371,630,569,0
9372,630,281,0
9373,630,548,0
9374,630,269,0
9375,630,448,0
9376,630,186,0
9377,630,151,0
9378,630,674,0
9379,630,299,0
9380,630,701,0
9381,630,228,0
9382,630,499,0
9383,630,406,0
9384,630,357,0
9385,630,365,0
9386,630,597,0
9387,630,778,0
9388,630,744,0
9389,630,119,0
9390,630,733,0
9391,630,690,0
9392,630,88,0
9393,630,522,0
9394,630,583,0
9395,630,127,0
9396,630,682,0
9397,630,581,0
9398,630,644,0
9399,630,565,0
9400,630,230,0
9401,630,249,0
9402,664,411,0
9403,664,10,0
9404,664,626,0
9405,664,431,0
9406,664,716,0
9407,664,778,0
9408,664,133,0
9409,664,522,0
9410,664,87,0
9411,664,696,0
9412,664,548,0
9413,664,216,0
9414,664,394,0
9415,664,656,0
9416,664,155,0
9417,664,585,0
9418,664,717,0
9419,664,735,0
9420,664,8,0
9421,664,450,0
9422,664,433,0
9423,664,267,0
9424,664,725,0
9425,664,579,0
9426,664,256,0
9427,664,615,0
9428,664,371,0
9429,664,593,0
9430,664,759,0
9431,664,584,0
9432,664,786,0
9433,664,487,0
9434,664,517,0
9435,664,812,0
9436,664,183,0
9437,664,621,0
9438,664,348,0
9439,664,350,0
9440,664,750,0
9441,664,49,0
9442,664,352,0
9443,664,77,0
9444,664,655,0
9445,664,650,0
9446,664,218,0
9447,664,129,0
9448,664,386,0
9449,664,540,0
9450,664,414,0
9451,664,137,0
9452,664,420,0
9453,664,809,0
9454,664,238,0
9455,664,745,0
9456,664,114,0
9457,664,817,0
9458,664,22,0
9459,664,541,0
9460,664,401,0
9461,664,816,0
9462,664,288,0
9463,664,214,0
9464,664,702,0
9465,664,516,0
9466,664,529,0
9467,664,536,0
9468,664,549,0
9469,664,556,0
9470,664,440,0
9471,664,647,0
9472,664,790,0
9473,664,475,0
9474,664,741,0
9475,664,138,0
9476,664,637,0
9477,664,176,0
9478,664,103,0
9479,664,237,0
9480,664,775,0
9481,664,429,0
9482,664,334,0
9483,664,65,0
9484,664,515,0
9485,664,300,0
9486,664,194,0
9487,664,208,0
9488,664,591,0
9489,664,268,0
9490,664,601,0
9491,664,345,0
9492,664,207,0
9493,664,266,0
9494,664,232,0
9495,664,110,0
9496,664,299,0
9497,664,15,0
9498,664,512,0
9499,664,710,0
9500,664,502,0
9501,664,396,0
9502,664,356,0
9503,664,354,0
9504,664,460,0
9505,664,121,0
9506,664,641,0
9507,664,485,0
9508,664,280,0
9509,664,98,0
9510,664,459,0
9511,664,209,0
9512,664,726,0
9513,664,783,0
9514,664,587,0
9515,664,723,0
9516,664,618,0
9517,664,290,0
9518,664,580,0
9519,664,80,0
9520,664,421,0
9521,664,501,0
9522,664,794,0
9523,664,466,0
9524,664,530,0
9525,664,381,0
9526,664,88,0
9527,664,247,0
9528,664,66,0
9529,664,592,0
9530,664,521,0
9531,664,802,0
9532,664,275,0
9533,664,261,0
9534,664,525,0
9535,664,259,0
9536,664,666,0
9537,664,494,0
9538,664,353,0
9539,664,473,0
9540,664,165,0
9541,664,229,0
9542,664,752,0
9543,664,565,0
9544,664,685,0
9545,664,599,0
9546,664,52,0
9547,664,673,0
9548,664,564,0
9549,664,586,0
9550,664,274,0
9551,664,498,0
9552,664,662,0
9553,664,495,0
9554,664,635,0
9555,664,34,0
9556,664,659,0
9557,664,263,0
9558,664,307,0
9559,664,150,0
9560,664,477,0
9561,664,181,0
9562,664,342,0
9563,664,198,0
9564,664,388,0
9565,664,305,0
9566,664,412,0
9567,664,596,0
9568,664,706,0
9569,664,555,0
9570,664,616,0
9571,664,306,0
9572,664,519,0
9573,664,557,0
9574,664,497,0
9575,664,810,0
9576,664,624,0
9577,664,62,0
9578,664,575,0
9579,664,782,0
9580,664,660,0
9581,664,815,0
9582,664,60,0
9583,664,630,0
9584,664,562,0
9585,664,141,0
9586,664,572,0
9587,664,405,0
9588,664,186,0
9589,664,523,0
9590,664,796,0
9591,664,780,0
9592,664,324,0
9593,664,197,0
9594,664,76,0
9595,664,588,0
9596,664,589,0
9597,664,174,0
9598,664,320,0
9599,664,311,0
9600,664,671,0
9601,664,222,0
9602,664,777,0
9603,664,302,0
9604,664,410,0
9605,664,766,0
9606,664,645,0
9607,664,738,0
9608,664,739,0
9609,664,709,0
9610,664,397,0
9611,664,764,0
9612,664,301,0
9613,664,111,0
9614,664,623,0
9615,664,590,0
9616,664,582,0
9617,664,627,0
9618,664,89,0
9619,664,30,0
9620,664,695,0
9621,664,820,0
9622,664,90,0
9623,664,262,0
9624,664,108,0
9625,664,323,0
9626,664,818,0
9627,664,67,0
9628,664,511,0
9629,664,728,0
9630,664,746,0
9631,664,568,0
9632,664,362,0
9633,664,46,0
9634,664,151,0
9635,664,493,0
9636,664,182,0
9637,664,444,0
9638,664,648,0
9639,664,329,0
9640,664,789,0
9641,664,228,0
9642,664,239,0
9643,664,215,0
9644,664,373,0
9645,664,776,0
9646,664,531,0
9647,664,678,0
9648,664,37,0
9649,664,200,0
9650,664,526,0
9651,664,692,0
9652,664,122,0
9653,664,416,0
9654,664,12,0
9655,664,26,0
9656,664,250,0
9657,664,395,0
9658,664,24,0
9659,664,240,0
9660,664,7,0
9661,664,335,0
9662,664,63,0
9663,664,452,0
9664,664,819,0
9665,664,44,0
9666,664,432,0
9667,664,426,0
9668,664,81,0
9669,664,654,0
9670,664,113,0
9671,664,382,0
9672,664,286,0
9673,664,282,0
9674,664,83,0
9675,664,139,0
9676,664,53,0
9677,664,50,0
9678,664,294,0
9679,664,747,0
9680,664,693,0
9681,664,152,0
9682,664,430,0
9683,664,672,0
9684,664,162,0
9685,664,175,0
9686,664,100,0
9687,664,107,0
9688,664,742,0
9689,664,503,0
9690,664,279,0
9691,664,400,0
9692,664,206,0
9693,664,743,0
9694,664,21,0
9695,664,486,0
9696,664,469,0
9697,664,187,0
9698,664,788,0
9699,664,173,0
9700,664,652,0
9701,664,451,0
9702,664,704,0
9703,664,441,0
9704,664,202,0
9705,664,144,0
9706,664,199,0
9707,664,97,0
9708,664,153,0
9709,664,527,0
9710,664,737,0
9711,664,271,0
9712,664,375,0
9713,664,393,0
9714,664,756,0
9715,664,201,0
9716,664,602,0
9717,664,406,0
9718,664,293,0
9719,664,95,0
9720,664,154,0
9721,664,446,0
9722,664,553,0
9723,664,58,0
9724,664,102,0
9725,664,115,0
9726,664,39,0
9727,664,125,0
9728,664,369,0
9729,664,561,0
9730,664,760,0
9731,664,634,0
9732,664,258,0
9733,664,365,0
9734,664,461,0
9735,664,633,0
9736,664,212,0
9737,664,675,0
9738,664,82,0
9739,664,219,0
9740,664,149,0
9741,664,390,0
9742,664,171,0
9743,664,376,0
9744,664,620,0
9745,664,132,0
9746,664,646,0
9747,664,359,0
9748,664,574,0
9749,664,332,0
9750,664,285,0
9751,664,434,0
9752,664,508,0
9753,664,657,0
9754,664,188,0
9755,664,801,0
9756,664,700,0
9757,664,528,0
9758,664,128,0
9759,664,669,0
9760,664,61,0
9761,664,398,0
9762,664,78,0
9763,664,442,0
9764,664,292,0
9765,664,407,0
9766,664,124,0
9767,664,724,0
9768,664,408,0
9769,664,384,0
9770,664,505,0
9771,664,560,0
9772,664,242,0
9773,664,126,0
9774,664,631,0
9775,664,281,0
9776,664,14,0
9777,664,338,0
9778,664,800,0
9779,664,649,0
9780,664,336,0
9781,664,17,0
9782,664,223,0
9783,664,221,0
9784,664,417,0
9785,664,75,0
9786,664,119,0
9787,664,813,0
9788,664,38,0
9789,664,147,0
9790,664,642,0
9791,664,611,0
9792,664,377,0
9793,664,547,0
9794,664,312,0
9795,664,177,0
9796,664,185,0
9797,664,437,0
9798,664,456,0
9799,664,70,0
9800,664,243,0
9801,664,665,0
9802,664,367,0
9803,664,658,0
9804,664,158,0
9805,664,684,0
9806,664,427,0
9807,664,537,0
9808,664,47,0
9809,664,636,0
9810,664,732,0
9811,664,241,0
9812,664,269,0
9813,664,272,0
9814,664,500,0
9815,664,576,0
9816,664,639,0
9817,664,683,0
9818,664,571,0
9819,664,148,0
9820,664,727,0
9821,664,608,0
9822,664,670,0
9823,664,409,0
9824,664,720,0
9825,664,36,0
9826,664,226,0
9827,664,246,0
9828,664,612,0
9829,664,714,0
9830,664,85,0
9831,664,423,0
9832,664,425,0
9833,664,213,0
9834,664,161,0
9835,664,361,0
9836,664,140,0
9837,664,443,0
9838,664,227,0
9839,664,291,0
9840,664,504,0
9841,664,491,0
9842,664,156,0
9843,664,73,0
9844,664,374,0
9845,664,496,0
9846,664,318,0
9847,664,167,0
9848,664,474,0
9849,664,661,0
9850,664,230,0
9851,664,40,0
9852,664,740,0
9853,664,644,0
9854,664,349,0
9855,664,296,0
9856,664,428,0
9857,664,136,0
9858,664,455,0
9859,664,287,0
9860,664,701,0
9861,664,54,0
9862,664,94,0
9863,664,364,0
9864,664,708,0
9865,664,166,0
9866,664,29,0
9867,664,753,0
9868,664,304,0
9869,664,751,0
9870,664,399,0
9871,664,317,0
9872,664,578,0
9873,664,45,0
9874,664,668,0
9875,664,534,0
9876,664,252,0
9877,664,551,0
9878,664,499,0
9879,664,653,0
9880,664,253,0
9881,664,225,0
9882,664,581,0
9883,664,277,0
9884,664,142,0
9885,664,681,0
9886,664,679,0
9887,664,270,0
9888,664,667,0
9889,664,597,0
9890,664,84,0
9891,664,744,0
9892,664,99,0
9893,664,598,0
9894,664,341,0
9895,664,470,0
9896,664,5,0
9897,664,492,0
9898,664,610,0
9899,664,713,0
9900,664,134,0
9901,664,337,0
9902,664,248,0
9903,664,535,0
9904,664,9,0
9905,664,16,0
9906,664,234,0
9907,664,35,0
9908,664,321,0
9909,664,184,0
9910,664,193,0
9911,664,251,0
9912,664,463,0
9913,664,404,0
9914,664,808,0
9915,664,755,0
9916,664,479,0
9917,664,772,0
9918,664,594,0
9919,664,101,0
9920,664,481,0
9921,664,543,0
9922,664,203,0
9923,664,577,0
9924,664,273,0
9925,664,68,0
9926,664,640,0
9927,664,86,0
9928,664,372,0
9929,664,191,0
9930,664,112,0
9931,664,436,0
9932,664,453,0
9933,664,554,0
9934,664,799,0
9935,664,538,0
9936,664,628,0
9937,664,32,0
9938,664,235,0
9939,664,295,0
9940,664,104,0
9941,664,422,0
9942,664,583,0
9943,664,145,0
9944,664,327,0
9945,664,236,0
9946,664,224,0
9947,664,715,0
9948,664,457,0
9949,719,591,0
9950,719,623,0
9951,719,440,0
9952,719,503,0
9953,719,135,0
9954,719,34,0
9955,719,205,0
9956,719,191,0
9957,719,363,0
9958,719,348,0
9959,719,197,0
9960,719,120,0
9961,719,410,0
9962,719,648,0
9963,719,704,0
9964,719,715,0
9965,719,802,0
9966,719,178,0
9967,719,613,0
9968,719,213,0
9969,719,296,0
9970,719,806,0
9971,719,349,0
9972,719,358,0
9973,719,293,0
9974,719,160,0
9975,719,403,0
9976,719,307,0
9977,719,765,0
9978,719,80,0
9979,719,761,0
9980,719,787,0
9981,719,103,0
9982,719,118,0
9983,719,657,0
9984,719,617,0
9985,719,133,0
9986,719,207,0
9987,719,525,0
9988,719,339,0
9989,719,22,0
9990,719,49,0
9991,719,409,0
9992,719,620,0
9993,719,193,0
9994,719,257,0
9995,719,604,0
9996,719,446,0
9997,719,588,0
9998,719,368,0
9999,719,58,0
10000,719,60,0
10001,719,483,0
10002,719,676,0
10003,719,249,0
10004,719,496,0
10005,719,562,0
10006,719,795,0
10007,719,754,0
10008,719,716,0
10009,719,236,0
10010,719,798,0
10011,719,495,0
10012,719,108,0
10013,719,393,0
10014,719,745,0
10015,719,450,0
10016,719,380,0
10017,719,27,0
10018,719,25,0
10019,719,134,0
10020,719,448,0
10021,719,651,0
10022,719,810,0
10023,719,24,0
10024,719,570,0
10025,719,155,0
10026,719,742,0
10027,719,650,0
10028,719,445,0
10029,719,342,0
10030,719,74,0
10031,719,113,0
10032,719,153,0
10033,719,506,0
10034,719,553,0
10035,719,595,0
10036,719,559,0
10037,719,5,0
10038,719,301,0
10039,719,436,0
10040,719,47,0
10041,719,396,0
10042,719,144,0
10043,719,77,0
10044,719,166,0
10045,719,385,0
10046,719,678,0
10047,719,544,0
10048,719,262,0
10049,719,466,0
10050,719,488,0
10051,719,768,0
10052,719,687,0
10053,719,578,0
10054,719,319,0
10055,719,438,0
10056,719,354,0
10057,719,151,0
10058,719,64,0
10059,719,303,0
10060,719,32,0
10061,719,581,0
10062,719,286,0
10063,719,399,0
10064,719,740,0
10065,719,792,0
10066,719,699,0
10067,719,6,0
10068,719,778,0
10069,719,394,0
10070,719,817,0
10071,719,546,0
10072,719,37,0
10073,719,408,0
10074,719,320,0
10075,719,660,0
10076,719,790,0
10077,719,220,0
10078,719,382,0
10079,719,752,0
10080,719,379,0
10081,719,223,0
10082,719,187,0
10083,719,534,0
10084,719,199,0
10085,719,662,0
10086,719,474,0
10087,719,72,0
10088,719,292,0
10089,719,599,0
10090,719,143,0
10091,719,689,0
10092,719,79,0
10093,719,639,0
10094,719,713,0
10095,719,772,0
10096,719,11,0
10097,719,587,0
10098,719,464,0
10099,719,104,0
10100,719,65,0
10101,719,402,0
10102,719,364,0
10103,719,511,0
10104,719,565,0
10105,719,482,0
10106,719,679,0
10107,719,355,0
10108,719,762,0
10109,719,749,0
10110,719,675,0
10111,719,372,0
10112,719,585,0
10113,719,369,0
10114,719,200,0
10115,719,172,0
10116,719,76,0
10117,719,190,0
10118,719,804,0
10119,719,523,0
10120,719,75,0
10121,719,39,0
10122,719,735,0
10123,719,81,0
10124,719,264,0
10125,719,706,0
10126,719,360,0
10127,719,705,0
10128,719,779,0
10129,719,345,0
10130,719,378,0
10131,719,302,0
10132,719,671,0
10133,719,110,0
10134,719,386,0
10135,719,384,0
10136,719,606,0
10137,719,111,0
10138,719,102,0
10139,719,63,0
10140,719,759,0
10141,719,325,0
10142,719,545,0
10143,719,93,0
10144,719,212,0
10145,719,298,0
10146,719,512,0
10147,719,159,0
10148,719,20,0
10149,719,461,0
10150,719,244,0
10151,719,206,0
10152,719,686,0
10153,719,68,0
10154,719,214,0
10155,719,140,0
10156,719,19,0
10157,719,297,0
10158,719,352,0
10159,719,456,0
10160,719,188,0
10161,719,571,0
10162,719,276,0
10163,719,322,0
10164,719,142,0
10165,719,86,0
10166,719,670,0
10167,719,531,0
10168,719,405,0
10169,719,359,0
10170,719,279,0
10171,719,638,0
10172,719,94,0
10173,719,270,0
10174,719,590,0
10175,719,510,0
10176,719,82,0
10177,719,645,0
10178,719,217,0
10179,719,299,0
10180,719,431,0
10181,719,407,0
10182,719,250,0
10183,719,690,0
10184,719,814,0
10185,719,480,0
10186,719,669,0
10187,719,769,0
10188,719,504,0
10189,719,334,0
10190,719,46,0
10191,719,173,0
10192,719,554,0
10193,719,351,0
10194,719,376,0
10195,719,691,0
10196,719,0,0
10197,719,70,0
10198,719,278,0
10199,719,720,0
10200,719,475,0
10201,719,4,0
10202,719,397,0
10203,719,357,0
10204,719,417,0
10205,719,805,0
10206,719,71,0
10207,719,652,0
10208,719,115,0
10209,719,176,0
10210,719,547,0
10211,719,580,0
10212,719,222,0
10213,719,367,0
10214,719,38,0
10215,719,233,0
10216,719,422,0
10217,719,514,0
10218,719,158,0
10219,719,800,0
10220,719,196,0
10221,719,771,0
10222,719,530,0
10223,719,476,0
10224,719,53,0
10225,719,277,0
10226,719,245,0
10227,719,486,0
10228,719,253,0
10229,719,710,0
10230,719,185,0
10231,719,760,0
10232,719,341,0
10233,719,737,0
10234,719,616,0
10235,719,640,0
10236,719,529,0
10237,719,485,0
10238,719,596,0
10239,719,48,0
10240,719,619,0
10241,719,564,0
10242,719,455,0
10243,719,98,0
10244,719,758,0
10245,719,494,0
10246,719,308,0
10247,719,162,0
10248,719,520,0
10249,719,353,0
10250,719,818,0
10251,719,700,0
10252,719,626,0
10253,719,753,0
10254,719,712,0
10255,719,667,0
10256,719,682,0
10257,719,268,0
10258,719,13,0
10259,719,174,0
10260,719,201,0
10261,719,18,0
10262,719,516,0
10263,719,731,0
10264,719,763,0
10265,719,659,0
10266,719,724,0
10267,719,646,0
10268,719,343,0
10269,719,556,0
10270,719,794,0
10271,719,452,0
10272,719,727,0
10273,719,375,0
10274,719,807,0
10275,719,390,0
10276,719,674,0
10277,719,722,0
10278,719,535,0
10279,719,583,0
10280,719,600,0
10281,719,421,0
10282,719,532,0
10283,719,232,0
10284,719,229,0
10285,719,695,0
10286,719,149,0
10287,719,433,0
10288,719,631,0
10289,719,333,0
10290,719,189,0
10291,719,156,0
10292,719,811,0
10293,719,783,0
10294,719,107,0
10295,719,329,0
10296,719,186,0
10297,719,576,0
10298,719,550,0
10299,719,313,0
10300,719,584,0
10301,719,122,0
10302,719,267,0
10303,719,12,0
10304,719,295,0
10305,719,227,0
10306,719,272,0
10307,719,210,0
10308,719,460,0
10309,719,316,0
10310,719,289,0
10311,719,168,0
10312,719,784,0
10313,719,447,0
10314,719,128,0
10315,719,30,0
10316,719,524,0
10317,719,106,0
10318,719,654,0
10319,719,536,0
10320,719,362,0
10321,719,323,0
10322,719,167,0
10323,719,711,0
10324,719,718,0
10325,719,271,0
10326,719,673,0
10327,719,147,0
10328,719,555,0
10329,719,400,0
10330,719,114,0
10331,719,773,0
10332,719,515,0
10333,719,127,0
10334,719,170,0
10335,719,459,0
10336,719,681,0
10337,719,130,0
10338,719,439,0
10339,719,656,0
10340,719,420,0
10341,719,17,0
10342,719,427,0
10343,719,477,0
10344,719,444,0
10345,719,775,0
10346,719,331,0
10347,719,801,0
10348,719,796,0
10349,719,45,0
10350,719,318,0
10351,719,755,0
10352,719,780,0
10353,719,1,0
10354,719,786,0
10355,719,425,0
10356,719,432,0
10357,719,812,0
10358,719,161,0
10359,719,203,0
10360,719,635,0
10361,719,137,0
10362,719,154,0
10363,719,89,0
10364,719,164,0
10365,719,502,0
10366,719,549,0
10367,719,643,0
10368,719,741,0
10369,719,216,0
10370,719,558,0
10371,719,458,0
10372,719,365,0
10373,719,310,0
10374,719,688,0
10375,719,126,0
10376,719,285,0
10377,719,813,0
10378,719,117,0
10379,719,430,0
10380,719,634,0
10381,719,57,0
10382,719,468,0
10383,719,54,0
10384,719,809,0
10385,719,136,0
10386,719,636,0
10387,719,300,0
10388,719,454,0
10389,719,392,0
10390,719,518,0
10391,719,7,0
10392,719,717,0
10393,719,537,0
10394,719,572,0
10395,719,819,0
10396,719,157,0
10397,719,180,0
10398,719,251,0
10399,719,73,0
10400,719,680,0
10401,719,628,0
10402,719,35,0
10403,719,256,0
10404,719,273,0
10405,719,406,0
10406,719,361,0
10407,719,563,0
10408,719,607,0
10409,719,528,0
10410,719,709,0
10411,719,192,0
10412,719,500,0
10413,719,608,0
10414,719,808,0
10415,719,105,0
10416,719,748,0
10417,719,560,0
10418,719,269,0
10419,728,276,0
10420,728,229,0
10421,728,794,0
10422,728,32,0
10423,728,122,0
10424,728,80,0
10425,728,146,0
10426,728,646,0
10427,728,625,0
10428,728,616,0
10429,728,143,0
10430,728,125,0
10431,728,264,0
10432,728,79,0
10433,728,88,0
10434,728,145,0
10435,728,767,0
10436,728,781,0
10437,728,626,0
10438,728,238,0
10439,728,96,0
10440,728,602,0
10441,728,151,0
10442,728,40,0
10443,728,255,0
10444,728,246,0
10445,728,387,0
10446,728,329,0
10447,728,29,0
10448,728,575,0
10449,728,248,0
10450,728,505,0
10451,728,499,0
10452,728,681,0
10453,728,557,0
10454,728,689,0
10455,728,812,0
10456,728,330,0
10457,728,340,0
10458,728,118,0
10459,728,678,0
10460,728,296,0
10461,728,406,0
10462,728,507,0
10463,728,506,0
10464,728,772,0
10465,728,596,0
10466,728,361,0
10467,728,153,0
10468,728,515,0
10469,728,570,0
10470,728,212,0
10471,728,293,0
10472,728,648,0
10473,728,272,0
10474,728,635,0
10475,728,292,0
10476,728,389,0
10477,728,656,0
10478,728,189,0
10479,728,159,0
10480,728,198,0
10481,728,6,0
10482,728,739,0
10483,728,733,0
10484,728,776,0
10485,728,818,0
10486,728,95,0
10487,728,375,0
10488,728,477,0
10489,728,245,0
10490,728,45,0
10491,728,711,0
10492,728,394,0
10493,728,191,0
10494,728,201,0
10495,728,23,0
10496,728,650,0
10497,728,473,0
10498,728,224,0
10499,728,657,0
10500,728,33,0
10501,728,481,0
10502,728,633,0
10503,728,11,0
10504,728,817,0
10505,728,530,0
10506,728,19,0
10507,728,449,0
10508,728,660,0
10509,728,474,0
10510,728,1,0
10511,728,81,0
10512,728,491,0
10513,728,588,0
10514,728,600,0
10515,728,37,0
10516,728,225,0
10517,728,569,0
10518,728,208,0
10519,728,665,0
10520,728,230,0
10521,728,639,0
10522,728,281,0
10523,728,548,0
10524,728,655,0
10525,728,321,0
10526,728,468,0
10527,728,718,0
10528,728,567,0
10529,728,475,0
10530,728,788,0
10531,728,107,0
10532,728,612,0
10533,728,504,0
10534,728,783,0
10535,728,448,0
10536,728,417,0
10537,728,595,0
10538,728,105,0
10539,728,64,0
10540,728,740,0
10541,728,192,0
10542,728,26,0
10543,728,668,0
10544,728,58,0
10545,728,736,0
10546,728,604,0
10547,728,187,0
10548,728,306,0
10549,728,316,0
10550,728,670,0
10551,728,190,0
10552,728,265,0
10553,728,721,0
10554,728,811,0
10555,728,310,0
10556,728,228,0
10557,728,73,0
10558,728,667,0
10559,728,331,0
10560,728,546,0
10561,728,66,0
10562,728,47,0
10563,728,102,0
10564,728,620,0
10565,728,90,0
10566,728,16,0
10567,728,253,0
10568,728,816,0
10569,728,54,0
10570,728,342,0
10571,728,227,0
10572,728,674,0
10573,728,450,0
10574,728,210,0
10575,728,437,0
10576,728,705,0
10577,728,799,0
10578,728,55,0
10579,728,748,0
10580,728,259,0
10581,728,653,0
10582,728,123,0
10583,728,422,0
10584,728,669,0
10585,728,360,0
10586,728,236,0
10587,728,461,0
10588,728,97,0
10589,728,547,0
10590,728,338,0
10591,728,318,0
10592,728,514,0
10593,728,576,0
10594,728,396,0
10595,728,156,0
10596,728,244,0
10597,728,563,0
10598,728,98,0
10599,728,421,0
10600,728,62,0
10601,728,252,0
10602,728,778,0
10603,728,490,0
10604,728,763,0
10605,728,370,0
10606,728,618,0
10607,728,675,0
10608,728,373,0
10609,728,574,0
10610,728,715,0
10611,728,768,0
10612,728,397,0
10613,728,289,0
10614,728,520,0
10615,728,115,0
10616,728,12,0
10617,728,671,0
10618,728,202,0
10619,728,554,0
10620,728,412,0
10621,728,698,0
10622,728,348,0
10623,728,465,0
10624,728,31,0
10625,728,391,0
10626,728,288,0
10627,728,543,0
10628,728,800,0
10629,728,350,0
10630,728,137,0
10631,728,133,0
10632,728,369,0
10633,728,582,0
10634,728,282,0
10635,728,502,0
10636,728,384,0
10637,728,341,0
10638,728,693,0
10639,728,290,0
10640,728,74,0
10641,728,48,0
10642,728,439,0
10643,728,565,0
10644,728,112,0
10645,728,386,0
10646,728,403,0
10647,728,195,0
10648,728,393,0
10649,728,77,0
10650,728,708,0
10651,728,5,0
10652,728,631,0
10653,728,762,0
10654,728,0,0
10655,728,274,0
10656,728,532,0
10657,728,113,0
10658,728,256,0
10659,728,436,0
10660,728,117,0
10661,728,673,0
10662,728,199,0
10663,728,364,0
10664,728,820,0
10665,728,294,0
10666,728,603,0
10667,728,28,0
10668,728,564,0
10669,728,599,0
10670,728,577,0
10671,728,44,0
10672,728,801,0
10673,728,34,0
10674,728,707,0
10675,728,488,0
10676,728,716,0
10677,728,544,0
10678,728,808,0
10679,728,810,0
10680,728,185,0
10681,728,302,0
10682,728,712,0
10683,728,170,0
10684,728,677,0
10685,728,726,0
10686,728,142,0
10687,728,754,0
10688,728,240,0
10689,728,383,0
10690,728,179,0
10691,728,511,0
10692,728,307,0
10693,728,215,0
10694,728,157,0
10695,728,49,0
10696,728,371,0
10697,728,101,0
10698,728,366,0
10699,728,433,0
10700,728,493,0
10701,728,297,0
10702,728,555,0
10703,728,418,0
10704,728,432,0
10705,728,664,0
10706,728,24,0
10707,728,104,0
10708,728,607,0
10709,728,463,0
10710,728,75,0
10711,728,194,0
10712,728,354,0
10713,728,469,0
10714,728,661,0
10715,728,696,0
10716,728,216,0
10717,728,365,0
10718,728,528,0
10719,728,525,0
10720,728,489,0
10721,728,304,0
10722,728,379,0
10723,728,204,0
10724,728,484,0
10725,728,168,0
10726,728,765,0
10727,728,757,0
10728,728,127,0
10729,728,261,0
10730,728,322,0
10731,728,150,0
10732,728,52,0
10733,728,232,0
10734,728,346,0
10735,728,285,0
10736,728,787,0
10737,728,382,0
10738,728,802,0
10739,728,459,0
10740,728,147,0
10741,728,685,0
10742,728,7,0
10743,728,160,0
10744,728,41,0
10745,728,200,0
10746,728,351,0
10747,728,219,0
10748,728,343,0
10749,728,14,0
10750,728,130,0
10751,728,65,0
10752,728,686,0
10753,728,627,0
10754,728,2,0
10755,728,797,0
10756,728,731,0
10757,728,166,0
10758,728,545,0
10759,728,714,0
10760,728,392,0
10761,728,630,0
10762,728,398,0
10763,728,533,0
10764,728,509,0
10765,728,319,0
10766,728,651,0
10767,728,756,0
10768,728,447,0
10769,728,43,0
10770,728,523,0
10771,728,336,0
10772,728,381,0
10773,728,643,0
10774,728,247,0
10775,728,242,0
10776,728,694,0
10777,728,636,0
10778,728,345,0
10779,728,149,0
10780,728,758,0
10781,728,120,0
10782,728,235,0
10783,728,94,0
10784,728,71,0
10785,728,804,0
10786,728,517,0
10787,728,747,0
10788,728,766,0
10789,728,241,0
10790,728,662,0
10791,728,67,0
10792,728,262,0
10793,728,243,0
10794,728,455,0
10795,728,140,0
10796,728,482,0
10797,728,237,0
10798,728,193,0
10799,728,807,0
10800,728,691,0
10801,728,60,0
10802,728,571,0
10803,728,405,0
10804,728,687,0
10805,728,647,0
10806,728,560,0
10807,728,39,0
10808,728,279,0
10809,728,15,0
10810,728,819,0
10811,728,367,0
10812,728,258,0
10813,728,84,0
10814,728,589,0
10815,728,223,0
10816,728,404,0
10817,728,519,0
10818,728,121,0
10819,728,420,0
10820,728,131,0
10821,728,579,0
10822,728,701,0
10823,728,251,0
10824,728,126,0
10825,728,323,0
10826,728,177,0
10827,728,155,0
10828,728,813,0
10829,728,608,0
10830,728,299,0
10831,728,592,0
10832,728,442,0
10833,728,722,0
10834,728,572,0
10835,728,594,0
10836,728,535,0
10837,728,587,0
10838,728,209,0
10839,728,551,0
10840,728,498,0
10841,728,640,0
10842,728,729,0
10843,728,471,0
10844,728,175,0
10845,728,610,0
10846,728,68,0
10847,728,573,0
10848,728,254,0
10849,728,3,0
10850,728,676,0
10851,728,76,0
10852,728,688,0
10853,728,609,0
10854,728,409,0
10855,728,597,0
10856,728,400,0
10857,728,416,0
10858,728,578,0
10859,728,452,0
10860,728,751,0
10861,728,738,0
10862,728,518,0
10863,728,590,0
10864,728,13,0
10865,728,85,0
10866,728,222,0
10867,728,632,0
10868,728,298,0
10869,728,581,0
10870,728,327,0
10871,728,10,0
10872,728,234,0
10873,728,741,0
10874,728,180,0
10875,728,536,0
10876,728,362,0
10877,728,654,0
10878,728,106,0
10879,728,312,0
10880,728,411,0
10881,728,36,0
10882,728,50,0
10883,728,176,0
10884,728,86,0
10885,728,814,0
10886,728,213,0
10887,728,124,0
10888,728,435,0
10889,728,109,0
10890,728,89,0
10891,728,308,0
10892,728,760,0
10893,728,93,0
10894,728,457,0
10895,728,119,0
10896,728,649,0
10897,728,295,0
10898,728,82,0
10899,728,425,0
10900,728,454,0
10901,728,144,0
10902,728,501,0
10903,728,628,0
10904,728,440,0
10905,728,719,0
10906,728,108,0
10907,728,542,0
10908,728,429,0
10909,728,320,0
10910,728,642,0
10911,728,427,0
10912,728,584,0
10913,728,809,0
10914,728,35,0
10915,728,793,0
10916,728,558,0
10917,728,764,0
10918,728,139,0
10919,728,713,0
10920,728,583,0
10921,728,57,0
10922,728,682,0
10923,728,218,0
10924,728,795,0
10925,728,613,0
10926,728,585,0
10927,728,805,0
10928,728,510,0
10929,728,148,0
10930,728,441,0
10931,728,161,0
10932,728,390,0
10933,728,559,0
10934,728,22,0
10935,728,621,0
10936,728,410,0
10937,728,141,0
10938,728,753,0
10939,728,486,0
10940,728,110,0
10941,728,526,0
10942,728,622,0
10943,728,51,0
10944,728,103,0
10945,728,568,0
10946,728,466,0
10947,728,464,0
10948,728,132,0
10949,728,634,0
10950,728,401,0
10951,728,458,0
10952,728,317,0
10953,728,358,0
10954,728,745,0
10955,728,641,0
10956,728,128,0
10957,728,25,0
10958,728,164,0
10959,728,446,0
10960,728,324,0
10961,728,186,0
10962,728,163,0
10963,728,702,0
10964,728,395,0
10965,728,445,0
10966,728,9,0
